Campaign,Ad_group,Search_term,Network,Impressions,Clicks,Cost,Conversions
Search | Poliweglan | Pl,szklarnie z poliwęglanu [exact],szklarnia z poliwęglanu,SEARCH,1644,94,52.94,5.0
Search | Poliweglan | Pl,wymiary | poliwęglan 3х4,szklarnie z poliwęglanu,SEARCH,683,64,37.96,2.5
Search | Poliweglan | Pl,mala szklarnia z poliweglanu,profimet szklarnie,SEARCH,114,51,84.1,3.5
Search | Poliweglan | Pl,szklarnie z poliwęglanu [phrase],profimet szklarnie,SEARCH,111,47,53.42,2.0
Search | Poliweglan | Pl,tunele z poliwęglanu,tunele z poliwęglanu,SEARCH,258,40,24.05,2.5
Search | Poliweglan | Pl,wymiary | poliwęglan 3х6,szklarnia z poliwęglanu 3x6 promocja,SEARCH,197,29,14.06,0.0
Search | Poliweglan | Pl,szklarnie z poliwęglanu [phrase],profimet,SEARCH,95,21,18.7,2.0
Search | Poliweglan | Pl,szklarnie z poliwęglanu [phrase],profimet szklarnie z poliwęglanu,SEARCH,28,19,24.93,0.0
Search | Poliweglan | Pl,wymiary | poliwęglan 4х6,szklarnie z poliwęglanu,SEARCH,151,18,12.39,0.0
Search | Poliweglan | Pl,wymiary | poliwęglan 3х6,szklarnia z poliwęglanu 3x6,SEARCH,220,18,8.51,0.33
Search | Poliweglan | Pl,wymiary | poliwęglan 3х4,szklarnia z poliwęglanu 3x4,SEARCH,200,17,9.72,0.0
Search | Poliweglan | Pl,tunele z poliwęglanu,tunele ogrodowe z poliwęglanu,SEARCH,85,17,8.52,0.0
Search | Poliweglan | Pl,wymiary | poliwęglan 3х4,tunel ogrodowy,SEARCH,540,15,3.54,0.0
Search | Poliweglan | Pl,wymiary | poliwęglan 3х4,szklarnia z poliwęglanu 3x4 producent,SEARCH,110,15,10.66,0.0
Search | Poliweglan | Pl,szklarnie z poliwęglanu [phrase],szklarnie z poliweglanu,SEARCH,43,13,10.51,2.0
Search | Poliweglan | Pl,wymiary | poliwęglan 3х4,szklarnie z poliwęglanu 3x4,SEARCH,95,13,6.6,0.0
Search | Poliweglan | Pl,wymiary | poliwęglan 3х6,szklarnia z poliwęglanu 3x6 producent,SEARCH,98,13,6.1,0.0
Search | Poliweglan | Pl,tunele z poliwęglanu,tunel ogrodowy z poliwęglanu,SEARCH,85,12,9.36,0.0
Search | Poliweglan | Pl,wymiary | poliwęglan 3х4,szklarnia z poliwęglanu 3x4 6mm,SEARCH,68,11,6.45,1.0
Search | Poliweglan | Pl,szklarnie z poliwęglanu [phrase],szklarnie ogrodowe z poliwęglanu,SEARCH,68,11,7.31,0.0
Search | Poliweglan | Pl,wymiary | poliwęglan 3х6,szklarnie z poliwęglanu 3x6,SEARCH,96,11,6.11,0.0
Search | Poliweglan | Pl,wymiary | poliwęglan 3х4,tunel z poliwęglanu 3x4,SEARCH,84,10,4.38,0.0
Search | Poliweglan | Pl,tunele z poliwęglanu,tunel z poliwęglanu,SEARCH,124,10,5.76,0.0
Search | Poliweglan | Pl,wymiary | poliwęglan 4х6,szklarnia z poliwęglanu 4x6,SEARCH,56,10,5.36,0.0
Search | Poliweglan | Pl,mala szklarnia z poliweglanu,profimet,SEARCH,40,10,10.4,0.0
Search | Poliweglan | Pl,wymiary | poliwęglan 3х4,tunel ogrodowy z poliwęglanu,SEARCH,76,10,4.76,0.0
Search | Poliweglan | Pl,wymiary | poliwęglan 2х4,szklarnia z poliwęglanu 2x4,SEARCH,101,9,5.76,0.0
Search | Poliweglan | Pl,wymiary | poliwęglan 2х4,tunel z poliwęglanu 2x4,SEARCH,50,9,3.59,0.0
Search | Poliweglan | Pl,wymiary | poliwęglan 4х6,profimet,SEARCH,17,9,9.86,0.0
Search | Poliweglan | Pl,szklarnie z poliwęglanu [phrase],szklarnie poliwęglanowe,SEARCH,32,7,6.01,0.0
Search | Poliweglan | Pl,mala szklarnia z poliweglanu,mocna szklarnia pl,SEARCH,12,7,4.79,0.0
Search | Poliweglan | Pl,wymiary | poliwęglan 3х6,tunel ogrodowy z poliwęglanu 3x6,SEARCH,18,7,2.32,0.0
Search | Poliweglan | Pl,wymiary | poliwęglan 3х6,tunele z poliwęglanu 3x6,SEARCH,30,7,4.38,0.5
Search | Poliweglan | Pl,wymiary | poliwęglan 3х6,tunel z poliwęglanu 3x6,SEARCH,55,7,1.89,0.0
Search | Poliweglan | Pl,wymiary | poliwęglan 3х6,szklarnia poliwęglan 3x6,SEARCH,84,7,3.52,0.0
Search | Poliweglan | Pl,szklarnie z poliwęglanu producent,profimet szklarnie z poliwęglanu,SEARCH,8,7,5.92,1.0
Search | Poliweglan | Pl,wymiary | poliwęglan 3х6,tunel z poliwęglanu 3x6m,SEARCH,82,6,3.3,0.0
Search | Poliweglan | Pl,wymiary | poliwęglan 3х6,szklarnia z poliwęglanu 3x6 producent 6mm,SEARCH,50,6,3.61,0.0
Search | Poliweglan | Pl,wymiary | poliwęglan 4х8,szklarnia z poliwęglanu 4x8,SEARCH,36,6,2.71,0.0
Search | Poliweglan | Pl,wymiary | poliwęglan 3х6,szklarnia z poliwęglanu 3x6 wyprzedaż,SEARCH,35,6,3.07,0.0
Search | Poliweglan | Pl,wymiary | poliwęglan 3х4,szklarnia z poliwęglanu 3x4 polski producent,SEARCH,26,6,4.42,0.0
Search | Poliweglan | Pl,szklarnie z poliwęglanu [phrase],szklarnia z poliwęglanu wyprzedaż,SEARCH,60,6,1.88,0.0
Search | Poliweglan | Pl,wymiary | poliwęglan 3х4,producent szklarni z poliwęglanu,SEARCH,12,5,7.44,0.0
Search | Poliweglan | Pl,namioty z poliwęglanu,namioty z poliwęglanu,SEARCH,46,5,1.85,0.0
Search | Poliweglan | Pl,szklarnie z poliwęglanu [phrase],szklarnia poliwęglan,SEARCH,27,5,2.06,0.0
Search | Poliweglan | Pl,wymiary | poliwęglan 3х4,tunel ogrodowy 3x4,SEARCH,69,5,1.6,0.0
Search | Poliweglan | Pl,wymiary | poliwęglan 3х4,tunele z poliwęglanu 3 x 4,SEARCH,34,5,3.07,0.0
Search | Poliweglan | Pl,szklarnie z poliwęglanu [phrase],szklarnia z poliwęglanu profimet,SEARCH,9,5,3.0,2.0
Search | Poliweglan | Pl,wymiary | poliwęglan 3х6,namiot z poliwęglanu 3x6,SEARCH,44,5,1.39,0.0
Search | Poliweglan | Pl,szklarnie z poliwęglanu [phrase],profi met,SEARCH,13,5,7.32,0.0
Search | Poliweglan | Pl,wymiary | poliwęglan 3х4,tunel ogrodowy z poliwęglanu 3x4,SEARCH,20,5,1.73,0.0
Search | Poliweglan | Pl,wymiary | poliwęglan 3х4,szklarnia z poliwęglanu 3x4 mocna,SEARCH,27,5,2.66,0.0
Search | Poliweglan | Pl,wymiary | poliwęglan 3х4,tunel ogrodowy wyprzedaż,SEARCH,53,5,0.96,0.0
Search | Poliweglan | Pl,wymiary | poliwęglan 3х4,tunel z poliwęglanu 3 x 4,SEARCH,12,5,2.4,0.0
Search | Poliweglan | Pl,wymiary | poliwęglan 3х4,tunel z poliwęglanu,SEARCH,76,5,1.69,0.0
Search | Poliweglan | Pl,szklarnie z poliwęglanu [phrase],szklarnia ogrodowa,SEARCH,118,4,1.51,0.0
Search | Poliweglan | Pl,szklarnie z poliwęglanu [exact],szklarnia z poliwęglanu,SEARCH_PARTNERS,161,4,0.18,0.0
Search | Poliweglan | Pl,szklarnie z poliwęglanu [phrase],szklarnia z poliwęglanu mocna,SEARCH,3,4,2.74,0.0
Search | Poliweglan | Pl,tunele z poliwęglanu,tunele ogrodnicze z poliwęglanu,SEARCH,20,4,6.84,1.0
Search | Poliweglan | Pl,szklarnie z poliwęglanu [phrase],szklarnie profimet,SEARCH,12,4,2.77,2.5
Search | Poliweglan | Pl,wymiary | poliwęglan 3х6,tunel poliwęglan 3x6,SEARCH,30,4,0.86,0.0
Search | Poliweglan | Pl,wymiary | poliwęglan 3х4,mocna szklarnia z poliwęglanu,SEARCH,16,4,2.62,0.0
Search | Poliweglan | Pl,mala szklarnia z poliweglanu,mocnaszklarnia,SEARCH,10,4,1.36,0.0
Search | Poliweglan | Pl,wymiary | poliwęglan 3х6,szklarnia 3x6,SEARCH,39,4,1.23,0.0
Search | Poliweglan | Pl,namioty z poliwęglanu,namiot ogrodowy z poliwęglanu,SEARCH,38,4,2.95,0.0
Search | Poliweglan | Pl,mala szklarnia z poliweglanu,profimet szklarnie z poliwęglanu,SEARCH,2,4,2.28,0.0
Search | Poliweglan | Pl,szklarnie z poliwęglanu [phrase],szklarnia ogrodowa z poliwęglanu,SEARCH,34,4,1.53,0.0
Search | Poliweglan | Pl,wymiary | poliwęglan 4х8,tunel z poliwęglanu 4x8,SEARCH,33,4,1.46,0.0
Search | Poliweglan | Pl,szklarnie z poliwęglanu [phrase],profimet producent szklarni ogrodowych z poliwęglanu,SEARCH,15,4,5.58,0.0
Search | Poliweglan | Pl,szklarnie z poliwęglanu [phrase],szklarnia poliwęglan 6mm,SEARCH,4,3,1.32,0.0
Search | Poliweglan | Pl,wymiary | poliwęglan 4х6,szklarnia poliwęglan 4x6,SEARCH,8,3,1.51,0.0
Search | Poliweglan | Pl,wymiary | poliwęglan 3х4,szklarnia poliwęglan 3x4,SEARCH,25,3,0.71,0.0
Search | Poliweglan | Pl,wymiary | poliwęglan 3х4,szklarnia ogrodowa,SEARCH,155,3,1.67,0.0
Search | Poliweglan | Pl,wymiary | poliwęglan 3х6,tunel z poliwęglanu 3 x 6,SEARCH,13,3,1.36,0.0
Search | Poliweglan | Pl,szklarnie z poliwęglanu [phrase],profi met szklarnie,SEARCH,12,3,3.38,0.0
Search | Poliweglan | Pl,tunele z poliwęglanu,tunel z poliwęglanu podkarpackie,SEARCH,11,3,2.52,0.0
Search | Poliweglan | Pl,wymiary | poliwęglan 3х4,namiot z poliwęglanu 3x4,SEARCH,17,3,1.33,0.0
Search | Poliweglan | Pl,mala szklarnia z poliweglanu,polski producent szklarni,SEARCH,6,3,1.32,0.0
Search | Poliweglan | Pl,szklarnie z poliwęglanu [phrase],polskie szklarnie z poliwęglanu,SEARCH,14,3,0.93,0.0
Search | Poliweglan | Pl,wymiary | poliwęglan 3х6,szklarnia z poliweglanu 3x6,SEARCH,30,3,1.87,0.0
Search | Poliweglan | Pl,szklarnie z poliwęglanu [phrase],mocne szklarnie z poliwęglanu,SEARCH,16,3,2.68,0.0
Search | Poliweglan | Pl,wymiary | poliwęglan 3х4,mocne szklarnie z poliwęglanu,SEARCH,11,3,2.36,0.0
Search | Poliweglan | Pl,szklarnie z poliwęglanu [phrase],najlepsze szklarnie z poliwęglanu,SEARCH,13,3,1.21,0.0
Search | Poliweglan | Pl,namioty z poliwęglanu,namiot na pomidory z poliwęglanu,SEARCH,3,3,0.69,0.0
Search | Poliweglan | Pl,wymiary | poliwęglan 3х4,tunel poliwęglan 3x4,SEARCH,26,3,1.43,0.0
Search | Poliweglan | Pl,mala szklarnia z poliweglanu,małe szklarnie z poliwęglanu,SEARCH,11,3,1.08,0.0
Search | Poliweglan | Pl,wymiary | poliwęglan 3х6,szklarnia z poliwęglanu 3x6 6mm,SEARCH,22,3,1.7,0.0
Search | Poliweglan | Pl,mala szklarnia z poliweglanu,mocna szklarnia,SEARCH,17,3,1.04,0.0
Search | Poliweglan | Pl,szklarnie z poliwęglanu [phrase],szklarnia profimet,SEARCH,6,3,3.04,0.0
Search | Poliweglan | Pl,szklarnie z poliwęglanu [phrase],mocna szklarnia z poliwęglanu,SEARCH,26,3,0.54,0.0
Search | Poliweglan | Pl,mala szklarnia z poliweglanu,mocnaszklarnia pl,SEARCH,10,3,3.04,0.0
Search | Poliweglan | Pl,mala szklarnia z poliweglanu,szklarnia producent,SEARCH,8,3,0.88,0.0
Search | Poliweglan | Pl,szklarnie z poliwęglanu [phrase],szklarnie ogrodowe,SEARCH,28,3,1.48,0.0
Search | Poliweglan | Pl,szklarnie z poliwęglanu [phrase],szklarnie z poliwęglanu 6 mm,SEARCH,3,3,2.7,0.0
Search | Poliweglan | Pl,wymiary | poliwęglan 4х6,szklarnie z poliwęglanu 4x6,SEARCH,16,3,1.15,0.0
Search | Poliweglan | Pl,szklarnie z poliwęglanu [phrase],szklarnia z poliwęglanu na wymiar,SEARCH,18,3,2.03,0.0
Search | Poliweglan | Pl,wymiary | poliwęglan 3х4,szklarnie z poliwęglanu 3 x 4,SEARCH,8,3,1.27,0.0
Search | Poliweglan | Pl,wymiary | poliwęglan 2 5х4,szklarnie z poliwęglanu 2 5x4,SEARCH,6,3,0.85,0.0
Search | Poliweglan | Pl,wymiary | poliwęglan 3х4,tunele ogrodnicze,SEARCH,17,3,1.07,0.0
Search | Poliweglan | Pl,wymiary | poliwęglan 3х4,tunele ogrodowe,SEARCH,74,3,0.7,0.0
Search | Poliweglan | Pl,tunele z poliwęglanu,tunele poliwęglanowe,SEARCH,29,3,1.35,0.0
Search | Poliweglan | Pl,wymiary | poliwęglan 3х4,szklarnia z poliwęglanu 3 x 4,SEARCH,25,2,0.5,0.0
Search | Poliweglan | Pl,wymiary | poliwęglan 4х8,szklarnie z poliwęglanu 4x8,SEARCH,11,2,0.81,0.0
Search | Poliweglan | Pl,wymiary | poliwęglan 3х4,szklarnia z poliwęglanu 3x4 producent profimet,SEARCH,1,2,1.5,0.0
Search | Poliweglan | Pl,wymiary | poliwęglan 4х6,poliwęglan,SEARCH,30,2,2.67,0.0
Search | Poliweglan | Pl,wymiary | poliwęglan 3х4,tunel ogrodowy poliwęglan 3x4,SEARCH,5,2,1.24,0.0
Search | Poliweglan | Pl,wymiary | poliwęglan 3х4,w m l szklarnie,SEARCH,8,2,4.33,1.0
Search | Poliweglan | Pl,szklarnie z poliwęglanu [phrase],kupię szklarnie z poliwęglanu,SEARCH,4,2,0.82,0.0
Search | Poliweglan | Pl,szklarnie z poliwęglanu [phrase],szklarnia z poliwęglanu 3 x 8,SEARCH,6,2,1.77,1.0
Search | Poliweglan | Pl,szklarnie z poliwęglanu [phrase],szklarnie poliwęglanowe 6mm,SEARCH,8,2,2.43,0.0
Search | Poliweglan | Pl,wymiary | poliwęglan 3х6,szklarnie poliwęglanowe 3x6,SEARCH,7,2,1.09,0.0
Search | Poliweglan | Pl,wymiary | poliwęglan 3х6,szklarnia z poliwęglanu 3 x 6,SEARCH,17,2,1.39,0.0
Search | Poliweglan | Pl,wymiary | poliwęglan 4х6,poligreen,SEARCH,27,2,1.81,0.0
Search | Poliweglan | Pl,tunele z poliwęglanu,tunel ogrodniczy z poliwęglanu,SEARCH,10,2,1.3,0.0
Search | Poliweglan | Pl,szklarnie z poliwęglanu [phrase],szklarnie poliwęglan,SEARCH,3,2,1.46,0.0
Search | Poliweglan | Pl,szklarnie z poliwęglanu [phrase],polecane szklarnie z poliwęglanu,SEARCH,4,2,1.27,0.0
Search | Poliweglan | Pl,tunele z poliwęglanu,poliwęglanowy tunel,SEARCH,4,2,1.51,0.0
Search | Poliweglan | Pl,szklarnie z poliwęglanu [phrase],szklarnia z poliwęglanu białystok,SEARCH,6,2,1.78,0.0
Search | Poliweglan | Pl,wymiary | poliwęglan 3х4,tunel ogrodowy ceny,SEARCH,2,2,0.38,0.0
Search | Poliweglan | Pl,szklarnie z poliwęglanu [phrase],szklarnia z poliwęglanu 6mm,SEARCH,19,2,1.61,0.0
Search | Poliweglan | Pl,szklarnie z poliwęglanu [phrase],szklarnie poliuretanowe,SEARCH,6,2,1.53,0.0
Search | Poliweglan | Pl,szklarnie z poliwęglanu [phrase],szklarnie z poliwęglanu promocje,SEARCH,3,2,0.6,0.0
Search | Poliweglan | Pl,wymiary | poliwęglan 3х4,szklarnie modułowe zambrów,SEARCH,4,2,2.95,0.0
Search | Poliweglan | Pl,szklarnie z poliwęglanu [phrase],szklarnia z poliwęglanu 6 mm,SEARCH,6,2,0.66,0.0
Search | Poliweglan | Pl,szklarnie z poliwęglanu [phrase],szklarnie z poliwęglanu wrocław,SEARCH,5,2,1.28,0.0
Search | Poliweglan | Pl,szklarnie z poliwęglanu [phrase],szklarnie z poliwęglanu polski producent,SEARCH,13,2,1.02,0.0
Search | Poliweglan | Pl,wymiary | poliwęglan 3х4,szklarnie 3 x 4,SEARCH,2,2,0.88,0.0
Search | Poliweglan | Pl,mala szklarnia z poliweglanu,szklarnie,SEARCH,30,2,0.94,0.0
Search | Poliweglan | Pl,wymiary | poliwęglan 4х6,tunel ogrodowy z poliwęglanu 4x6,SEARCH,8,2,1.33,0.0
Search | Poliweglan | Pl,wymiary | poliwęglan 4х6,szklarnia z poliwęglanu 4x6 producent,SEARCH,12,2,0.76,0.0
Search | Poliweglan | Pl,szklarnie z poliwęglanu [phrase],szklarnia z poliwęglanu 4x4,SEARCH,9,2,1.44,0.0
Search | Poliweglan | Pl,szklarnie z poliwęglanu [phrase],szklarnia z poliwęglanu 4x2 5,SEARCH,4,2,1.32,0.0
Search | Poliweglan | Pl,wymiary | poliwęglan 3х4,tunel na pomidory z poliwęglanu,SEARCH,6,2,0.66,0.0
Search | Poliweglan | Pl,wymiary | poliwęglan 2х4,szklarnia z poliwęglanu 2 x 4,SEARCH,9,2,0.44,0.0
Search | Poliweglan | Pl,szklarnie z poliwęglanu [phrase],szklarnia z poliwęglanu 2 5x4,SEARCH,13,2,1.67,0.0
Search | Poliweglan | Pl,wymiary | poliwęglan 3х4,szklarnia z poliwęglanu 2 5x4,SEARCH,2,2,0.57,0.0
Search | Poliweglan | Pl,szklarnie z poliwęglanu [phrase],szklarnia z poliweglanu 6mm,SEARCH,5,2,1.15,0.0
Search | Poliweglan | Pl,wymiary | poliwęglan 3х4,szklarnia z poliweglanu 3x4,SEARCH,20,2,1.0,0.0
Search | Poliweglan | Pl,szklarnie z poliwęglanu [phrase],najtańsze szklarnie z poliwęglanu,SEARCH,6,2,1.55,0.0
Search | Poliweglan | Pl,tunele z poliwęglanu,tunel poliwęglanowy,SEARCH,23,2,1.13,0.0
Search | Poliweglan | Pl,wymiary | poliwęglan 3х4,tunel poliwęglan,SEARCH,26,2,2.01,0.0
Search | Poliweglan | Pl,tunele z poliwęglanu,tunel poliweglanowy,SEARCH,7,2,1.01,0.0
Search | Poliweglan | Pl,namioty z poliwęglanu,namiot ogrodniczy z poliwęglanu,SEARCH,7,2,0.44,0.0
Search | Poliweglan | Pl,wymiary | poliwęglan 2х4,szklarnia poliwęglan 2x4,SEARCH,12,2,0.71,0.0
Search | Poliweglan | Pl,wymiary | poliwęglan 4х6,szklarnia poliweglan,SEARCH,5,2,1.04,0.0
Search | Poliweglan | Pl,wymiary | poliwęglan 4х6,szklarnia ogrodowa z poliwęglanu,SEARCH,7,2,0.48,0.0
Search | Poliweglan | Pl,wymiary | poliwęglan 3х4,szklarnia ogrodowa z fundamentem,SEARCH,5,2,1.64,0.0
Search | Poliweglan | Pl,wymiary | poliwęglan 3х4,szklarnia ogrodowa 3 x 4 m,SEARCH,5,2,0.42,0.0
Search | Poliweglan | Pl,szklarnie z poliwęglanu [phrase],szklarnia 6x3 poliwęglan,SEARCH,3,2,1.39,0.0
Search | Poliweglan | Pl,wymiary | poliwęglan 4х6,szklarnia 4x6,SEARCH,14,2,0.96,0.0
Search | Poliweglan | Pl,wymiary | poliwęglan 3х4,szklarnia 4x4,SEARCH,4,2,0.6,0.0
Search | Poliweglan | Pl,wymiary | poliwęglan 3х6,szklarnia 3x6 poliwęglan 6mm,SEARCH,18,2,1.08,0.0
Search | Poliweglan | Pl,wymiary | poliwęglan 3х4,szklarnia 3x4,SEARCH,57,2,3.79,0.0
Search | Poliweglan | Pl,wymiary | poliwęglan 3х4,szklarnia,SEARCH,157,2,0.79,0.0
Search | Poliweglan | Pl,mala szklarnia z poliweglanu,sp z o o profimet,SEARCH,4,2,0.87,0.0
Search | Poliweglan | Pl,namioty z poliwęglanu,tunel z poliwęglanu,SEARCH,19,2,1.06,0.0
Search | Poliweglan | Pl,wymiary | poliwęglan 3х4,tunel z poliweglanu,SEARCH,16,2,3.77,0.0
Search | Poliweglan | Pl,wymiary | poliwęglan 3х4,tunel warzywny z poliwęglanu,SEARCH,5,2,0.28,0.0
Search | Poliweglan | Pl,namioty z poliwęglanu,namiot z poliwęglanu,SEARCH,36,2,1.28,0.0
Search | Poliweglan | Pl,wymiary | poliwęglan 4х6,profimet szklarnie,SEARCH,8,2,2.01,0.0
Search | Poliweglan | Pl,wymiary | poliwęglan 3х4,profimet szklarnie,SEARCH,9,2,2.53,0.0
Search | Poliweglan | Pl,wymiary | poliwęglan 4х6,tunel z poliwęglanu 4x6,SEARCH,15,2,0.66,0.0
Search | Poliweglan | Pl,tunele z poliwęglanu,tunel z poliwęglanu 4x12,SEARCH,3,2,0.74,0.0
Search | Poliweglan | Pl,wymiary | poliwęglan 3х4,tunel z poliwęglanu 3x4 cena,SEARCH,4,2,0.62,0.0
Search | Poliweglan | Pl,mala szklarnia z poliweglanu,profi met,SEARCH,6,2,2.08,0.0
Search | Poliweglan | Pl,tunele z poliwęglanu,polskie tunele z poliwęglanu,SEARCH,3,2,2.4,0.0
Search | Poliweglan | Pl,szklarnie z poliwęglanu [phrase],polski producent szklarni z poliwęglanu,SEARCH,7,2,1.06,0.0
Search | Poliweglan | Pl,wymiary | poliwęglan 3х4,polski producent szklarni ogrodowych,SEARCH,4,2,1.34,0.0
Search | Poliweglan | Pl,wymiary | poliwęglan 3х4,szklarnie poliwęglan,SEARCH,3,1,0.28,0.0
Search | Poliweglan | Pl,szklarnie z poliwęglanu [phrase],szklarnie poliweglan,SEARCH,5,1,0.71,0.0
Search | Poliweglan | Pl,wymiary | poliwęglan 3х4,szklarnie poliweglan,SEARCH,4,1,0.46,0.0
Search | Poliweglan | Pl,wymiary | poliwęglan 3х4,szklarnie z poliwęglanu promocje,SEARCH,2,1,0.47,0.0
Search | Poliweglan | Pl,szklarnie z poliwęglanu [phrase],szklarnie z poliwęglanu profimet,SEARCH,1,1,1.49,0.0
Search | Poliweglan | Pl,szklarnie z poliwęglanu [phrase],szklarnie z poliwęglanu pomorskie,SEARCH,1,1,0.52,0.0
Search | Poliweglan | Pl,szklarnie z poliwęglanu [phrase],szklarnie z poliwęglanu podkarpackie,SEARCH,6,1,0.36,0.0
Search | Poliweglan | Pl,szklarnie z poliwęglanu producent,szklarnie z poliwęglanu na wymiar,SEARCH,2,1,1.18,0.0
Search | Poliweglan | Pl,szklarnie z poliwęglanu [phrase],szklarnie z poliwęglanu lublin,SEARCH,2,1,0.53,0.0
Search | Poliweglan | Pl,szklarnie z poliwęglanu [phrase],szklarnie z poliwęglanu gdańsk,SEARCH,1,1,0.55,0.0
Search | Poliweglan | Pl,mala szklarnia z poliweglanu,szklarnie z poliwęglanu cena,SEARCH,5,1,2.06,0.0
Search | Poliweglan | Pl,szklarnie z poliwęglanu [phrase],szklarnie z poliwęglanu cena,SEARCH,3,1,0.45,0.0
Search | Poliweglan | Pl,szklarnie z poliwęglanu [phrase],szklarnie z poliwęglanu białystok,SEARCH,11,1,0.8,0.0
Search | Poliweglan | Pl,wymiary | poliwęglan 3х4,szklarnie z poliwęglanu białystok,SEARCH,5,1,2.16,0.0
Search | Poliweglan | Pl,wymiary | poliwęglan 3х4,szklarnie online,SEARCH,8,1,0.53,0.0
Search | Poliweglan | Pl,wymiary | poliwęglan 4х6,maksim zhuk,SEARCH,2,1,1.73,0.0
Search | Poliweglan | Pl,wymiary | poliwęglan 3х4,szklarnie ogrodowe szczecin,SEARCH,7,1,0.55,0.0
Search | Poliweglan | Pl,mala szklarnia z poliweglanu,szklarnie ogrodowe male,SEARCH,2,1,0.22,0.0
Search | Poliweglan | Pl,mala szklarnia z poliweglanu,szklarnie ogrodowe cena,SEARCH,1,1,0.28,0.0
Search | Poliweglan | Pl,mala szklarnia z poliweglanu,szklarnie ogrodowe,SEARCH,13,1,2.82,0.0
Search | Poliweglan | Pl,wymiary | poliwęglan 3х4,szklarnie ogrodowe,SEARCH,40,1,0.26,0.0
Search | Poliweglan | Pl,mala szklarnia z poliweglanu,szklarnie na wymiar,SEARCH,1,1,1.43,0.0
Search | Poliweglan | Pl,mala szklarnia z poliweglanu,szklarnie małe,SEARCH,2,1,0.48,0.0
Search | Poliweglan | Pl,wymiary | poliwęglan 3х4,szklarnie do ogrodu,SEARCH,1,1,0.11,0.0
Search | Poliweglan | Pl,wymiary | poliwęglan 4х6,szklarnie,SEARCH,45,1,0.51,0.0
Search | Poliweglan | Pl,wymiary | poliwęglan 3х4,szklarnie,SEARCH,60,1,1.92,0.0
Search | Poliweglan | Pl,mala szklarnia z poliweglanu,mam szklarnie pl,SEARCH,12,1,0.75,0.0
Search | Poliweglan | Pl,szklarnie z poliwęglanu [phrase],szklarnia z poliwęglanu z fundamentem,SEARCH,10,1,0.14,0.0
Search | Poliweglan | Pl,mala szklarnia z poliweglanu,szklarnia z poliwęglanu wyprzedaż,SEARCH,7,1,0.34,0.0
Search | Poliweglan | Pl,szklarnie z poliwęglanu [phrase],szklarnia z poliwęglanu promocja,SEARCH,12,1,0.47,0.0
Search | Poliweglan | Pl,szklarnie z poliwęglanu [phrase],szklarnia z poliwęglanu producent,SEARCH,6,1,0.42,0.0
Search | Poliweglan | Pl,wymiary | poliwęglan 3х4,szklarnia z poliwęglanu podkarpackie,SEARCH,1,1,0.73,0.0
Search | Poliweglan | Pl,szklarnie z poliwęglanu [phrase],szklarnia z poliwęglanu ogrodowa,SEARCH,2,1,0.41,0.0
Search | Poliweglan | Pl,wymiary | poliwęglan 3х4,szklarnia z poliwęglanu ogrodowa,SEARCH,1,1,0.41,0.0
Search | Poliweglan | Pl,wymiary | poliwęglan 3х4,szklarnia z poliwęglanu mocna,SEARCH,4,1,0.77,0.0
Search | Poliweglan | Pl,szklarnie z poliwęglanu [phrase],szklarnia z poliwęglanu 8 mm,SEARCH,24,1,0.67,0.0
Search | Poliweglan | Pl,mala szklarnia z poliweglanu,mała szklarnia ogrodowa,SEARCH,30,1,0.67,0.0
Search | Poliweglan | Pl,szklarnie z poliwęglanu [phrase],szklarnia z poliwęglanu 5x3,SEARCH,7,1,0.69,0.0
Search | Poliweglan | Pl,wymiary | poliwęglan 4х6,szklarnia z poliwęglanu 4 x 6,SEARCH,4,1,0.23,0.0
Search | Poliweglan | Pl,szklarnie z poliwęglanu [phrase],szklarnia z poliwęglanu 3x8 producent,SEARCH,4,1,0.67,0.0
Search | Poliweglan | Pl,wymiary | poliwęglan 3х4,szklarnia z poliwęglanu 3x8 6mm,SEARCH,1,1,0.71,0.0
Search | Poliweglan | Pl,wymiary | poliwęglan 3х8,szklarnia z poliwęglanu 3x8,SEARCH,5,1,0.23,0.0
Search | Poliweglan | Pl,wymiary | poliwęglan 3х6,szklarnia z poliwęglanu 3x6m,SEARCH,2,1,0.44,0.0
Search | Poliweglan | Pl,wymiary | poliwęglan 3х4,firma profimet,SEARCH,4,1,2.89,0.0
Search | Poliweglan | Pl,wymiary | poliwęglan 3х4,tunel ogrodniczy z poliwęglanu,SEARCH,5,1,0.99,0.0
Search | Poliweglan | Pl,wymiary | poliwęglan 3х4,tunel na warzywa z poliwęglanu,SEARCH,7,1,0.51,0.0
Search | Poliweglan | Pl,wymiary | poliwęglan 3х4,tunel na warzywa,SEARCH,32,1,0.11,0.0
Search | Poliweglan | Pl,wymiary | poliwęglan 3х4,tunel na działkę,SEARCH,6,1,0.34,0.0
Search | Poliweglan | Pl,wymiary | poliwęglan 3х4,tunel do warzyw,SEARCH,4,1,0.1,0.0
Search | Poliweglan | Pl,wymiary | poliwęglan 3х6,tunel 3x6 z poliwęglanu,SEARCH,16,1,0.19,0.0
Search | Poliweglan | Pl,wymiary | poliwęglan 3х4,tunel 3 x 2,SEARCH,1,1,0.26,0.0
Search | Poliweglan | Pl,szklarnie z poliwęglanu [phrase],tania szklarnia z poliwęglanu,SEARCH,2,1,2.08,0.0
Search | Poliweglan | Pl,wymiary | poliwęglan 3х4,szklarnię z poliwęglanu 3x4,SEARCH,3,1,0.67,0.0
Search | Poliweglan | Pl,szklarnie z poliwęglanu [phrase],szklarnie z poliwęglanu warszawa,SEARCH,6,1,0.27,0.0
Search | Poliweglan | Pl,wymiary | poliwęglan 3х4,szklarnia z poliwęglanu 3x6 promocja,SEARCH,1,1,0.08,0.0
Search | Poliweglan | Pl,szklarnie z poliwęglanu [phrase],szklarnia z poliwęglanu 3x6 producent profimet,SEARCH,7,1,0.85,0.0
Search | Poliweglan | Pl,szklarnie z poliwęglanu [phrase],szklarnia z poliwęglanu 3x6 producent,SEARCH,6,1,0.3,0.0
Search | Poliweglan | Pl,wymiary | poliwęglan 3х6,szklarnia z poliwęglanu 3x6 cena,SEARCH,16,1,0.47,0.0
Search | Poliweglan | Pl,wymiary | poliwęglan 3х6,szklarnia z poliwęglanu 3x6 6mm,SEARCH_PARTNERS,1,1,0.05,0.0
Search | Poliweglan | Pl,wymiary | poliwęglan 4х6,szklarnia z poliwęglanu 3x6,SEARCH,2,1,0.38,0.0
Search | Poliweglan | Pl,wymiary | poliwęglan 3х4,szklarnia z poliwęglanu 3x4 z fundamentem,SEARCH,29,1,0.32,0.0
Search | Poliweglan | Pl,szklarnie z poliwęglanu [phrase],szklarnia z poliwęglanu 3x4 profimet,SEARCH,1,1,1.44,0.0
Search | Poliweglan | Pl,wymiary | poliwęglan 3х4,szklarnia z poliwęglanu 3x4 cena,SEARCH,7,1,1.92,0.0
Search | Poliweglan | Pl,wymiary | poliwęglan 4х6,mocna szklarnia pl,SEARCH,1,1,0.75,0.0
Search | Poliweglan | Pl,wymiary | poliwęglan 3х4,mocna szklarnia,SEARCH,8,1,0.3,0.0
Search | Poliweglan | Pl,wymiary | poliwęglan 3х4,mega agronom szklarnie,SEARCH,3,1,0.6,0.0
Search | Poliweglan | Pl,tunele z poliwęglanu,mały tunel z poliwęglanu,SEARCH,2,1,0.17,0.0
Search | Poliweglan | Pl,wymiary | poliwęglan 4х6,szklarnia z poliwęglanu 3x10,SEARCH,2,1,1.09,0.0
Search | Poliweglan | Pl,mala szklarnia z poliweglanu,szklarnia z poliwęglanu 3 x 8,SEARCH,1,1,1.48,0.0
Search | Poliweglan | Pl,wymiary | poliwęglan 3х4,szklarnia z poliwęglanu 3 x 4 m,SEARCH,6,1,0.54,0.0
Search | Poliweglan | Pl,wymiary | poliwęglan 4х6,duzy tunel ogrodowy,SEARCH,2,1,0.15,0.0
Search | Poliweglan | Pl,mala szklarnia z poliweglanu,cultivo,SEARCH,54,1,0.65,0.0
Search | Poliweglan | Pl,tunele z poliwęglanu,tunel ogrodowy z poliweglanu,SEARCH,3,1,0.23,0.0
Search | Poliweglan | Pl,wymiary | poliwęglan 3х4,tunel ogrodowy producent,SEARCH,1,1,0.72,0.0
Search | Poliweglan | Pl,tunele z poliwęglanu,tunel ogrodowy poliwęglan,SEARCH,4,1,0.39,0.0
Search | Poliweglan | Pl,wymiary | poliwęglan 3х4,tunel ogrodowy mocny,SEARCH,7,1,0.15,0.0
Search | Poliweglan | Pl,tunele z poliwęglanu,tunel ogrodowy 3x6 poliwęglan,SEARCH,2,1,0.74,0.0
Search | Poliweglan | Pl,wymiary | poliwęglan 3х6,tunel ogrodowy 3x6 poliwęglan,SEARCH,4,1,0.1,0.0
Search | Poliweglan | Pl,szklarnie z poliwęglanu [phrase],szklarnia z poliwęglanu 3 5x4,SEARCH,5,1,0.26,0.0
Search | Poliweglan | Pl,wymiary | poliwęglan 2х4,szklarnia z poliwęglanu 2x4 6mm,SEARCH,2,1,0.64,0.0
Search | Poliweglan | Pl,wymiary | poliwęglan 3х4,mocne szklarnie,SEARCH,5,1,0.4,0.0
Search | Poliweglan | Pl,wymiary | poliwęglan 4х6,agroszklarnia pl,SEARCH,1,1,0.21,0.0
Search | Poliweglan | Pl,wymiary | poliwęglan 4х6,agroszklarnia,SEARCH,8,1,0.49,0.0
Search | Poliweglan | Pl,szklarnie z poliwęglanu [phrase],tunel z poliwęglanu profimet,SEARCH,3,1,1.45,0.0
Search | Poliweglan | Pl,szklarnie z poliwęglanu [phrase],szklarnia z poliwęglanu 2 3,SEARCH,1,1,0.62,0.0
Search | Poliweglan | Pl,szklarnie z poliwęglanu [phrase],szklarnia z poliwęglanu 10mm,SEARCH,5,1,0.95,0.0
Search | Poliweglan | Pl,szklarnie z poliwęglanu [phrase],szklarnia z poliwęglanu 10 m,SEARCH,1,1,0.75,0.0
Search | Poliweglan | Pl,wymiary | poliwęglan 3х4,wm group szklarnie,SEARCH,1,1,1.12,0.0
Search | Poliweglan | Pl,tunele z poliwęglanu,tunele z poliweglanu,SEARCH,10,1,0.5,0.0
Search | Poliweglan | Pl,wymiary | poliwęglan 2х4,szklarnia z poliweglanu 2x4,SEARCH,3,1,0.31,0.0
Search | Poliweglan | Pl,wymiary | poliwęglan 4х6,modna szklarnia pl,SEARCH,6,1,0.34,0.0
Search | Poliweglan | Pl,wymiary | poliwęglan 3х4,modna szklarnia pl,SEARCH,7,1,0.21,0.0
Search | Poliweglan | Pl,szklarnie z poliwęglanu [phrase],szklarnia z poliweglanu,SEARCH,30,1,0.47,0.0
Search | Poliweglan | Pl,wymiary | poliwęglan 3х4,szklarnia z poliweglanu,SEARCH,29,1,0.15,0.0
Search | Poliweglan | Pl,wymiary | poliwęglan 3х4,szklarnia z montazem,SEARCH,2,1,0.19,0.0
Search | Poliweglan | Pl,mala szklarnia z poliweglanu,szklarnia z fundamentem,SEARCH,2,1,0.22,0.0
Search | Poliweglan | Pl,wymiary | poliwęglan 3х4,szklarnia tunelowa z poliwęglanu,SEARCH,2,1,0.14,0.0
Search | Poliweglan | Pl,wymiary | poliwęglan 4х6,szklarnia przydomowa,SEARCH,2,1,0.24,0.0
Search | Poliweglan | Pl,mala szklarnia z poliweglanu,szklarnia profimet mocna opinię,SEARCH,4,1,0.74,0.0
Search | Poliweglan | Pl,szklarnie z poliwęglanu [phrase],szklarnia profimet mocna opinię,SEARCH,1,1,0.31,0.0
Search | Poliweglan | Pl,wymiary | poliwęglan 3х4,namiot na pomidory z poliwęglanu,SEARCH,2,1,0.1,0.0
Search | Poliweglan | Pl,wymiary | poliwęglan 4х6,tunele ogrodowe,SEARCH,16,1,0.34,0.0
Search | Poliweglan | Pl,mala szklarnia z poliweglanu,szklarnia profimet,SEARCH,3,1,1.21,0.0
Search | Poliweglan | Pl,mala szklarnia z poliweglanu,szklarnia profimed,SEARCH,4,1,0.26,0.0
Search | Poliweglan | Pl,szklarnie z poliwęglanu [phrase],szklarnia profimed,SEARCH,1,1,0.54,0.0
Search | Poliweglan | Pl,mala szklarnia z poliweglanu,szklarnia pomorskie,SEARCH,1,1,0.23,0.0
Search | Poliweglan | Pl,wymiary | poliwęglan 4х6,szklarnia poliwęglanu,SEARCH,2,1,0.41,0.0
Search | Poliweglan | Pl,szklarnie z poliwęglanu [phrase],szklarnia poliwęglanu,SEARCH,2,1,0.24,0.0
Search | Poliweglan | Pl,szklarnie z poliwęglanu [phrase],szklarnia poliwęglanowa,SEARCH_PARTNERS,2,1,0.06,0.0
Search | Poliweglan | Pl,szklarnie z poliwęglanu [phrase],szklarnia poliwęglanowa,SEARCH,11,1,0.42,0.0
Search | Poliweglan | Pl,szklarnie z poliwęglanu [phrase],szklarnia poliwęglan na wymiar,SEARCH,2,1,0.79,0.0
Search | Poliweglan | Pl,szklarnie z poliwęglanu [phrase],tunel szklarnia z poliwęglanu,SEARCH,1,1,0.3,0.0
Search | Poliweglan | Pl,wymiary | poliwęglan 3х4,covertech szklarnie,SEARCH,1,1,0.53,0.0
Search | Poliweglan | Pl,cieplarnie z poliwęglanu,cieplarnie poliwęglanowe,SEARCH,2,1,0.88,0.0
Search | Poliweglan | Pl,szklarnie z poliwęglanu [phrase],cieplarnia z poliweglanu,SEARCH,3,1,3.43,0.0
Search | Poliweglan | Pl,wymiary | poliwęglan 3х6,tunel poliwęglanowy 3x6,SEARCH,6,1,0.5,0.0
Search | Poliweglan | Pl,szklarnie z poliwęglanu [phrase],polska szklarnia z poliwęglanu,SEARCH,7,1,0.66,0.0
Search | Poliweglan | Pl,wymiary | poliwęglan 4х8,tunel poliwęglan 4x8,SEARCH,3,1,0.13,0.0
Search | Poliweglan | Pl,tunele z poliwęglanu,tunel poliwęglan 4x6,SEARCH,2,1,0.45,0.0
Search | Poliweglan | Pl,tunele z poliwęglanu,tunel poliwęglan,SEARCH,64,1,0.68,0.0
Search | Poliweglan | Pl,wymiary | poliwęglan 4х6,polska szklarnia eu,SEARCH,4,1,0.59,0.0
Search | Poliweglan | Pl,wymiary | poliwęglan 3х4,tunel poliweglanowy 3x4,SEARCH,3,1,0.89,0.0
Search | Poliweglan | Pl,wymiary | poliwęglan 4х6,poligreen pl,SEARCH,4,1,0.45,0.0
Search | Poliweglan | Pl,wymiary | poliwęglan 2х4,tunel poliweglan 2x4,SEARCH,2,1,0.38,0.0
Search | Poliweglan | Pl,tunele z poliwęglanu,tunel poliweglan,SEARCH,12,1,0.79,0.0
Search | Poliweglan | Pl,wymiary | poliwęglan 3х4,poligreen,SEARCH,15,1,0.65,0.0
Search | Poliweglan | Pl,wymiary | poliwęglan 3х4,namiot ogrodniczy,SEARCH,8,1,0.16,0.0
Search | Poliweglan | Pl,wymiary | poliwęglan 4х8,szklarnia poliwęglan 4x8,SEARCH,6,1,0.24,0.0
Search | Poliweglan | Pl,szklarnie z poliwęglanu [phrase],szklarnia poliwęglan 3x4,SEARCH,1,1,0.77,0.0
Search | Poliweglan | Pl,wymiary | poliwęglan 3х6,szklarnia poliwęglan 3 x 6,SEARCH,2,1,0.34,0.0
Search | Poliweglan | Pl,szklarnie z poliwęglanu [phrase],poli szklarnia pl,SEARCH,5,1,0.44,0.0
Search | Poliweglan | Pl,szklarnie z poliwęglanu [phrase],poliwęglanowa szklarnia,SEARCH,1,1,0.31,0.0
Search | Poliweglan | Pl,szklarnie z poliwęglanu [phrase],szklarnia poliweglan,SEARCH,11,1,0.62,0.0
Search | Poliweglan | Pl,wymiary | poliwęglan 3х6,szklarnia ogrodowa z poliwęglanu 3x6,SEARCH,9,1,0.2,0.0
Search | Poliweglan | Pl,wymiary | poliwęglan 4х6,poliwęglan szówsko,SEARCH,5,1,0.31,0.0
Search | Poliweglan | Pl,wymiary | poliwęglan 3х4,poliwęglan szklarnie,SEARCH,1,1,1.42,0.0
Search | Poliweglan | Pl,wymiary | poliwęglan 2х4,szklarnia ogrodowa 4x2,SEARCH,8,1,0.23,0.0
Search | Poliweglan | Pl,wymiary | poliwęglan 3х6,szklarnia ogrodowa 3x6,SEARCH,6,1,0.52,0.0
Search | Poliweglan | Pl,wymiary | poliwęglan 3х4,szklarnia ogrodowa 3x4 z poliwęglanu solid mocna,SEARCH,57,1,0.14,0.0
Search | Poliweglan | Pl,wymiary | poliwęglan 3х4,producent szklarni śląsk,SEARCH,2,1,0.54,0.0
Search | Poliweglan | Pl,mala szklarnia z poliweglanu,szklarnia na pomidory,SEARCH,1,1,0.21,0.0
Search | Poliweglan | Pl,wymiary | poliwęglan 4х6,poliweglan szklarnia,SEARCH,1,1,0.43,0.0
Search | Poliweglan | Pl,szklarnie z poliwęglanu [phrase],poliweglan szklarnia,SEARCH,4,1,0.67,0.0
Search | Poliweglan | Pl,wymiary | poliwęglan 3х4,poliweglan szklarnia,SEARCH,1,1,0.51,0.0
Search | Poliweglan | Pl,wymiary | poliwęglan 2х4,szklarnia 4x2,SEARCH,9,1,0.41,0.0
Search | Poliweglan | Pl,mala szklarnia z poliweglanu,poligreen zhuk sp k,SEARCH,5,1,0.25,0.0
Search | Poliweglan | Pl,wymiary | poliwęglan 3х6,szklarnia 3x6 poliwęglan,SEARCH,13,1,0.86,0.0
Search | Poliweglan | Pl,wymiary | poliwęglan 3х6,szklarnie z poliwęglanu 3 x 6,SEARCH,4,1,0.36,0.0
Search | Poliweglan | Pl,tunele z poliwęglanu,namiot poliwęglanowy,SEARCH,3,1,0.16,0.0
Search | Poliweglan | Pl,wymiary | poliwęglan 3х4,szklarnia 3 na 4,SEARCH,4,1,0.52,0.0
Search | Poliweglan | Pl,wymiary | poliwęglan 4х6,szklarnia 3 5,SEARCH,1,1,0.22,0.0
Search | Poliweglan | Pl,wymiary | poliwęglan 3х4,szklarnia 3 4,SEARCH,2,1,0.36,0.0
Search | Poliweglan | Pl,mala szklarnia z poliweglanu,szklarnia 2x6,SEARCH,2,1,0.54,0.0
Search | Poliweglan | Pl,wymiary | poliwęglan 2х4,szklarnia 2x4,SEARCH,19,1,0.34,0.0
Search | Poliweglan | Pl,mala szklarnia z poliweglanu,szklarnia,SEARCH,30,1,0.77,0.0
Search | Poliweglan | Pl,wymiary | poliwęglan 3х4,ile kosztuje tunel ogrodowy,SEARCH,1,1,0.12,0.0
Search | Poliweglan | Pl,mala szklarnia z poliweglanu,szklarenki,SEARCH,3,1,0.18,0.0
Search | Poliweglan | Pl,wymiary | poliwęglan 3х4,szklarenka,SEARCH,1,1,0.09,0.0
Search | Poliweglan | Pl,wymiary | poliwęglan 3х6,ile kosztuje szklarnia z poliwęglanu 3 x 6,SEARCH,3,1,0.77,0.0
Search | Poliweglan | Pl,wymiary | poliwęglan 3х4,przydomowe szklarnie,SEARCH,3,1,0.27,0.0
Search | Poliweglan | Pl,wymiary | poliwęglan 4х6,przedłużenie szklarni z poliwęglanu,SEARCH,1,1,0.22,0.0
Search | Poliweglan | Pl,wymiary | poliwęglan 3х4,przedłużenie szklarni z poliwęglanu,SEARCH,3,1,1.62,0.0
Search | Poliweglan | Pl,szklarnie z poliwęglanu [phrase],profimetpl,SEARCH,3,1,0.18,0.0
Search | Poliweglan | Pl,wymiary | poliwęglan 3х4,tunel z poliwęglanu 3x4 6mm,SEARCH,6,1,2.15,0.0
Search | Poliweglan | Pl,mala szklarnia z poliweglanu,cieplarnia pl,SEARCH,8,1,1.81,0.0
Search | Poliweglan | Pl,wymiary | poliwęglan 3х4,cieplarnia ogrodowa,SEARCH,11,1,0.31,0.0
Search | Poliweglan | Pl,wymiary | poliwęglan 4х6,ile kosztuje szklarnia z poliwęglanu,SEARCH,3,1,0.51,0.0
Search | Poliweglan | Pl,wymiary | poliwęglan 3х6,tunel z poliweglanu 3x6,SEARCH,5,1,0.5,0.0
Search | Poliweglan | Pl,tunele z poliwęglanu,tunel z poliweglanu,SEARCH,22,1,0.31,0.0
Search | Poliweglan | Pl,mala szklarnia z poliweglanu,grindi szklarnia,SEARCH,1,1,0.69,0.0
Search | Poliweglan | Pl,tunele z poliwęglanu,tunel warzywny z poliwęglanu,SEARCH,1,1,0.32,0.0
Search | Poliweglan | Pl,mala szklarnia z poliweglanu,greenhouse szklarnie,SEARCH,2,1,0.35,0.0
Search | Poliweglan | Pl,wymiary | poliwęglan 3х4,tunel warzywny,SEARCH,10,1,0.15,0.0
Search | Poliweglan | Pl,wymiary | poliwęglan 3х4,profimet warszawa,SEARCH_PARTNERS,1,1,0.44,0.0
Search | Poliweglan | Pl,mala szklarnia z poliweglanu,profimet szklarnie kontakt,SEARCH,9,1,1.43,0.0
Search | Poliweglan | Pl,wymiary | poliwęglan 3х4,namioty ogrodnicze,SEARCH,11,1,0.24,0.0
Search | Poliweglan | Pl,wymiary | poliwęglan 4х6,namiot z poliwęglanu,SEARCH,2,1,0.17,0.0
Search | Poliweglan | Pl,tunele z poliwęglanu,namiot z poliwęglanu,SEARCH,6,1,0.19,0.0
Search | Poliweglan | Pl,wymiary | poliwęglan 3х4,greenhouse szklarnie,SEARCH,2,1,0.74,0.0
Search | Poliweglan | Pl,namioty z poliwęglanu,namiot z poliweglanu,SEARCH,14,1,0.27,0.0
Search | Poliweglan | Pl,namioty z poliwęglanu,namiot warzywny z poliwęglanu,SEARCH,8,1,0.48,0.0
Search | Poliweglan | Pl,wymiary | poliwęglan 2х4,profimet szklarnie kontakt,SEARCH,1,1,2.91,0.0
Search | Poliweglan | Pl,wymiary | poliwęglan 3х4,profimet szklarnie kontakt,SEARCH,5,1,6.41,0.0
Search | Poliweglan | Pl,wymiary | poliwęglan 2х4,profimet szklarnie,SEARCH,3,1,1.73,0.0
Search | Poliweglan | Pl,wymiary | poliwęglan 2х4,szklarnie z poliwęglanu 2x4,SEARCH,6,1,0.24,0.0
Search | Poliweglan | Pl,mala szklarnia z poliweglanu,szklarnie wrocław,SEARCH,2,1,0.25,0.0
Search | Poliweglan | Pl,szklarnie z poliwęglanu [phrase],profimet szklarnia,SEARCH,2,1,3.85,0.0
Search | Poliweglan | Pl,szklarnie z poliwęglanu [phrase],profimet pl szklarnie,SEARCH,2,1,2.05,0.0
Search | Poliweglan | Pl,mala szklarnia z poliweglanu,profimet pl,SEARCH,2,1,1.46,0.0
Search | Poliweglan | Pl,namioty z poliwęglanu,namioty poliwęglanowe,SEARCH,6,1,0.36,0.0
Search | Poliweglan | Pl,namioty z poliwęglanu,namioty ogrodowe z poliweglanu,SEARCH,4,1,0.49,0.0
Search | Poliweglan | Pl,wymiary | poliwęglan 4х6,profi met szklarnie,SEARCH,2,1,0.54,0.0
Search | Poliweglan | Pl,tunele z poliwęglanu,tunel z poliwęglanu profimet,SEARCH,1,1,0.54,0.0
Search | Poliweglan | Pl,szklarnie z poliwęglanu [phrase],producent szklarni z poliwęglanu małopolska,SEARCH,3,1,1.19,0.0
Search | Poliweglan | Pl,wymiary | poliwęglan 3х4,szklarnie wrocław,SEARCH,4,1,1.06,0.0
Search | Poliweglan | Pl,mala szklarnia z poliweglanu,alistan shop,SEARCH,6,1,0.56,0.0
Search | Poliweglan | Pl,wymiary | poliwęglan 4х6,alistan shop,SEARCH,2,1,0.32,0.0
Search | Poliweglan | Pl,szklarnie z poliwęglanu [phrase],tunel z poliwęglanu 4x6,SEARCH,6,1,0.1,0.0
Search | Poliweglan | Pl,szklarnie z poliwęglanu [phrase],jakiej firmy szklarnia z poliwęglanu,SEARCH,12,1,0.38,0.0
Search | Poliweglan | Pl,szklarnie z poliwęglanu [phrase],tunel z poliwęglanu 4x12,SEARCH,1,1,0.82,0.0
Search | Poliweglan | Pl,tunele z poliwęglanu,tunel z poliwęglanu 4x10,SEARCH,12,1,0.49,0.0
Search | Poliweglan | Pl,wymiary | poliwęglan 3х8,tunel z poliwęglanu 3x8,SEARCH,24,1,0.42,0.0
Search | Poliweglan | Pl,wymiary | poliwęglan 3х6,tunel z poliwęglanu 3x6 6mm,SEARCH,2,1,1.01,0.0
Search | Poliweglan | Pl,wymiary | poliwęglan 3х4,jakie szklarnie polecacie,SEARCH,3,1,0.32,0.0
Search | Poliweglan | Pl,wymiary | poliwęglan 4х6,szklarnie poznań,SEARCH,2,1,0.59,0.0
Search | Poliweglan | Pl,wymiary | poliwęglan 4х6,profi met,SEARCH,5,1,3.52,1.0
Search | Poliweglan | Pl,wymiary | poliwęglan 3х4,profi met,SEARCH,6,1,0.08,0.0
Search | Poliweglan | Pl,tunele z poliwęglanu,producent tuneli ogrodowych z poliwęglanu,SEARCH,3,1,1.14,0.0
Search | Poliweglan | Pl,mala szklarnia z poliweglanu,1 kup pl,SEARCH,4,1,0.77,0.0
Search | Poliweglan | Pl,wymiary | poliwęglan 3х4,agroszklarnia,SEARCH,5,1,0.61,1.0
Search | Poliweglan | Pl,szklarnie z poliwęglanu [phrase],producent szklarni ogrodowych z poliwęglanu,SEARCH,2,1,2.01,0.0
Search | Poliweglan | Pl,wymiary | poliwęglan 3х4,producent szklarni,SEARCH,3,1,1.26,0.0
Search | Poliweglan | Pl,szklarnie z poliwęglanu [phrase],szklarnie poliwęglanu,SEARCH,2,1,0.57,0.0
Search | Poliweglan | Pl,mala szklarnia z poliweglanu,polskie szklarnie,SEARCH,8,1,0.24,0.0
Search | Poliweglan | Pl,mala szklarnia z poliweglanu,szklarnie poliwęglanowe,SEARCH,6,1,4.96,0.0
Search | Poliweglan | Pl,wymiary | poliwęglan 3х4,szklarnie poliwęglanowe,SEARCH,18,1,0.31,0.0
Search | Poliweglan | Pl,wymiary | poliwęglan 4х6,z poliwęglanu,SEARCH,9,1,0.7,0.0
Search | Poliweglan | Pl,wymiary | poliwęglan 3х4,z poliwęglanu,SEARCH,12,1,0.24,0.0
Search | Poliweglan | Pl,wymiary | poliwęglan 3х4,wyprzedaż tuneli ogrodowych,SEARCH,2,1,0.08,0.0
Search | Poliweglan | Pl,mala szklarnia z poliweglanu,agro szklarnia,SEARCH,4,1,0.22,0.0
Search | Poliweglan | Pl,wymiary | poliwęglan 4х6,agro szklarnia,SEARCH,3,1,0.2,0.0
Search | Poliweglan | Pl,mala szklarnia z poliweglanu,agrinker szklarnia,SEARCH,3,1,0.47,0.0
Search | Poliweglan | Pl,mala szklarnia z poliweglanu,1kup pl,SEARCH,1,1,1.01,0.0
Search | Poliweglan | Pl,wymiary | poliwęglan 4х6,1 szklarnia pl,SEARCH,3,1,0.64,0.0
Search | Poliweglan | Pl,wymiary | poliwęglan 4х6,alistan agro,SEARCH,20,1,0.78,0.0
Search | Poliweglan | Pl,mala szklarnia z poliweglanu,www szklarnia pro,SEARCH,1,0,0.0,0.0
Search | Poliweglan | Pl,wymiary | poliwęglan 3х4,1 kup pl,SEARCH,3,0,0.0,0.0
Search | Poliweglan | Pl,wymiary | poliwęglan 4х6,1 kup pl,SEARCH,4,0,0.0,0.0
Search | Poliweglan | Pl,mala szklarnia z poliweglanu,1 szklarnia pl,SEARCH,2,0,0.0,0.0
Search | Poliweglan | Pl,wymiary | poliwęglan 3х4,agrinker,SEARCH,2,0,0.0,0.0
Search | Poliweglan | Pl,mala szklarnia z poliweglanu,agrinker,SEARCH_PARTNERS,3,0,0.0,0.0
Search | Poliweglan | Pl,wymiary | poliwęglan 4х6,agro szklarnia pl,SEARCH,2,0,0.0,0.0
Search | Poliweglan | Pl,wymiary | poliwęglan 3х4,alistan agro poliwęglan,SEARCH,3,0,0.0,0.0
Search | Poliweglan | Pl,mala szklarnia z poliweglanu,alistan agro,SEARCH,15,0,0.0,0.0
Search | Poliweglan | Pl,wymiary | poliwęglan 3х4,alistan agro,SEARCH,5,0,0.0,0.0
Search | Poliweglan | Pl,mala szklarnia z poliweglanu,alistan,SEARCH,4,0,0.0,0.0
Search | Poliweglan | Pl,wymiary | poliwęglan 4х6,alistan,SEARCH,2,0,0.0,0.0
Search | Poliweglan | Pl,mala szklarnia z poliweglanu,agroszklarnia pl,SEARCH,2,0,0.0,0.0
Search | Poliweglan | Pl,wymiary | poliwęglan 2х4,agroszklarnia pl,SEARCH,1,0,0.0,0.0
Search | Poliweglan | Pl,wymiary | poliwęglan 3х4,agroszklarnia pl,SEARCH,1,0,0.0,0.0
Search | Poliweglan | Pl,mala szklarnia z poliweglanu,agroszklarnia,SEARCH_PARTNERS,1,0,0.0,0.0
Search | Poliweglan | Pl,mala szklarnia z poliweglanu,agroszklarnia,SEARCH,9,0,0.0,0.0
Search | Poliweglan | Pl,mala szklarnia z poliweglanu,agrosur,SEARCH,3,0,0.0,0.0
Search | Poliweglan | Pl,wymiary | poliwęglan 3х4,wesoły ogrodnik,SEARCH,1,0,0.0,0.0
Search | Poliweglan | Pl,mala szklarnia z poliweglanu,wesoly rolnik,SEARCH,4,0,0.0,0.0
Search | Poliweglan | Pl,wymiary | poliwęglan 4х6,wesoly rolnik,SEARCH,7,0,0.0,0.0
Search | Poliweglan | Pl,wymiary | poliwęglan 3х4,wesoly rolnik,SEARCH,10,0,0.0,0.0
Search | Poliweglan | Pl,mala szklarnia z poliweglanu,wdk tunnels,SEARCH,2,0,0.0,0.0
Search | Poliweglan | Pl,wymiary | poliwęglan 4х6,poliweglan,SEARCH_PARTNERS,1,0,0.0,0.0
Search | Poliweglan | Pl,wymiary | poliwęglan 2х4,poliweglan,SEARCH,2,0,0.0,0.0
Search | Poliweglan | Pl,wymiary | poliwęglan 4х6,poliweglan,SEARCH,1,0,0.0,0.0
Search | Poliweglan | Pl,wymiary | poliwęglan 4х6,poliszklarnie,SEARCH,2,0,0.0,0.0
Search | Poliweglan | Pl,szklarnie z poliwęglanu [phrase],poliszklarnie,SEARCH,5,0,0.0,0.0
Search | Poliweglan | Pl,mala szklarnia z poliweglanu,poligren,SEARCH,3,0,0.0,0.0
Search | Poliweglan | Pl,mala szklarnia z poliweglanu,poligreen zhuk spółka komandytowa,SEARCH,6,0,0.0,0.0
Search | Poliweglan | Pl,wymiary | poliwęglan 4х6,poligreen zhuk sp k,SEARCH,2,0,0.0,0.0
Search | Poliweglan | Pl,wymiary | poliwęglan 3х4,poligreen zhuk sp k,SEARCH,2,0,0.0,0.0
Search | Poliweglan | Pl,wymiary | poliwęglan 4х6,poligreen zhuk,SEARCH,2,0,0.0,0.0
Search | Poliweglan | Pl,szklarnie z poliwęglanu [phrase],poligreen szklarnie,SEARCH,14,0,0.0,0.0
Search | Poliweglan | Pl,wymiary | poliwęglan 3х4,poligreen szklarnie,SEARCH,6,0,0.0,0.0
Search | Poliweglan | Pl,mala szklarnia z poliweglanu,poligreen poliwęglan,SEARCH,1,0,0.0,0.0
Search | Poliweglan | Pl,wymiary | poliwęglan 4х6,poligreen poliwęglan,SEARCH,3,0,0.0,0.0
Search | Poliweglan | Pl,mala szklarnia z poliweglanu,poligreen pl,SEARCH,4,0,0.0,0.0
Search | Poliweglan | Pl,wymiary | poliwęglan 2х4,poligreen pl,SEARCH,1,0,0.0,0.0
Search | Poliweglan | Pl,wymiary | poliwęglan 3х4,poliwęglan na tunele,SEARCH,2,0,0.0,0.0
Search | Poliweglan | Pl,wymiary | poliwęglan 2х4,poliwęglan komórkowy,SEARCH_PARTNERS,1,0,0.0,0.0
Search | Poliweglan | Pl,wymiary | poliwęglan 2х4,poliwęglan jarosław,SEARCH,3,0,0.0,0.0
Search | Poliweglan | Pl,wymiary | poliwęglan 3х4,poliwęglan jarosław,SEARCH,1,0,0.0,0.0
Search | Poliweglan | Pl,wymiary | poliwęglan 4х6,poliwęglan gdzie kupić,SEARCH,1,0,0.0,0.0
Search | Poliweglan | Pl,wymiary | poliwęglan 2х4,poliwęglan cena,SEARCH,1,0,0.0,0.0
Search | Poliweglan | Pl,wymiary | poliwęglan 4х6,poliwęglan 4mm,SEARCH,1,0,0.0,0.0
Search | Poliweglan | Pl,wymiary | poliwęglan 4х6,poliwęglan 4,SEARCH,1,0,0.0,0.0
Search | Poliweglan | Pl,wymiary | poliwęglan 4х6,poliwęglan 3x6,SEARCH,1,0,0.0,0.0
Search | Poliweglan | Pl,wymiary | poliwęglan 3х4,poliwęglan 3x4,SEARCH,1,0,0.0,0.0
Search | Poliweglan | Pl,wymiary | poliwęglan 2х4,poliwęglan,SEARCH_PARTNERS,1,0,0.0,0.0
Search | Poliweglan | Pl,wymiary | poliwęglan 4х6,poliwęglan,SEARCH_PARTNERS,1,0,0.0,0.0
Search | Poliweglan | Pl,wymiary | poliwęglan 2х4,poliwęglan,SEARCH,11,0,0.0,0.0
Search | Poliweglan | Pl,wymiary | poliwęglan 3х4,poliwęglan,SEARCH,18,0,0.0,0.0
Search | Poliweglan | Pl,wymiary | poliwęglan 3х4,poliweglanowy tunel,SEARCH,3,0,0.0,0.0
Search | Poliweglan | Pl,wymiary | poliwęglan 2х4,poliweglan,SEARCH_PARTNERS,2,0,0.0,0.0
Search | Poliweglan | Pl,wymiary | poliwęglan 4х6,poliwęglanowe,SEARCH,1,0,0.0,0.0
Search | Poliweglan | Pl,tunele z poliwęglanu,poliwęglan tunel,SEARCH,1,0,0.0,0.0
Search | Poliweglan | Pl,wymiary | poliwęglan 3х4,poliwęglan tunel,SEARCH,3,0,0.0,0.0
Search | Poliweglan | Pl,wymiary | poliwęglan 4х6,poliwęglan szklarniowy,SEARCH,2,0,0.0,0.0
Search | Poliweglan | Pl,szklarnie z poliwęglanu [phrase],poliwęglan szklarniowy,SEARCH,1,0,0.0,0.0
Search | Poliweglan | Pl,wymiary | poliwęglan 3х4,poliwęglan szklarniowy,SEARCH,1,0,0.0,0.0
Search | Poliweglan | Pl,szklarnie z poliwęglanu [phrase],poliwęglan szklarnie ogrodowe,SEARCH,3,0,0.0,0.0
Search | Poliweglan | Pl,wymiary | poliwęglan 3х4,poliwęglan szklarnie ogrodowe,SEARCH,1,0,0.0,0.0
Search | Poliweglan | Pl,wymiary | poliwęglan 4х6,poliwęglan szklarnie,SEARCH,1,0,0.0,0.0
Search | Poliweglan | Pl,szklarnie z poliwęglanu [phrase],poliwęglan szklarnie,SEARCH,2,0,0.0,0.0
Search | Poliweglan | Pl,wymiary | poliwęglan 3х6,poliwęglan szklarnia 3x6,SEARCH,1,0,0.0,0.0
Search | Poliweglan | Pl,wymiary | poliwęglan 2х4,poliwęglan szklarnia,SEARCH,2,0,0.0,0.0
Search | Poliweglan | Pl,wymiary | poliwęglan 4х6,poliwęglan szklarnia,SEARCH,3,0,0.0,0.0
Search | Poliweglan | Pl,szklarnie z poliwęglanu [phrase],poliwęglan szklarnia,SEARCH,2,0,0.0,0.0
Search | Poliweglan | Pl,wymiary | poliwęglan 3х4,poliwęglan szklarnia,SEARCH,2,0,0.0,0.0
Search | Poliweglan | Pl,namioty z poliwęglanu,poliwęglan namiot,SEARCH,1,0,0.0,0.0
Search | Poliweglan | Pl,wymiary | poliwęglan 3х4,poli szklarnia pl,SEARCH,4,0,0.0,0.0
Search | Poliweglan | Pl,wymiary | poliwęglan 4х6,poli szklarnia,SEARCH,1,0,0.0,0.0
Search | Poliweglan | Pl,szklarnie z poliwęglanu [phrase],poli szklarnia,SEARCH,7,0,0.0,0.0
Search | Poliweglan | Pl,wymiary | poliwęglan 3х4,poli szklarnia,SEARCH,1,0,0.0,0.0
Search | Poliweglan | Pl,mala szklarnia z poliweglanu,poli pro,SEARCH,1,0,0.0,0.0
Search | Poliweglan | Pl,mala szklarnia z poliweglanu,poli green,SEARCH,5,0,0.0,0.0
Search | Poliweglan | Pl,wymiary | poliwęglan 2х4,poli green,SEARCH,2,0,0.0,0.0
Search | Poliweglan | Pl,wymiary | poliwęglan 4х6,poli green,SEARCH,3,0,0.0,0.0
Search | Poliweglan | Pl,wymiary | poliwęglan 3х4,poli green,SEARCH,1,0,0.0,0.0
Search | Poliweglan | Pl,wymiary | poliwęglan 4х6,poliwęglany,SEARCH,2,0,0.0,0.0
Search | Poliweglan | Pl,wymiary | poliwęglan 2х4,poliwęglanu,SEARCH,1,0,0.0,0.0
Search | Poliweglan | Pl,wymiary | poliwęglan 4х6,poliwęglanu,SEARCH,1,0,0.0,0.0
Search | Poliweglan | Pl,wymiary | poliwęglan 3х4,poliwęglanu,SEARCH,1,0,0.0,0.0
Search | Poliweglan | Pl,wymiary | poliwęglan 3х4,poliwęglanowy tunel,SEARCH,1,0,0.0,0.0
Search | Poliweglan | Pl,wymiary | poliwęglan 4х6,poliwęglanowy,SEARCH,2,0,0.0,0.0
Search | Poliweglan | Pl,wymiary | poliwęglan 2х4,poliwęglanowe,SEARCH,1,0,0.0,0.0
Search | Poliweglan | Pl,mala szklarnia z poliweglanu,polski producent szklarni ogrodowych,SEARCH,1,0,0.0,0.0
Search | Poliweglan | Pl,wymiary | poliwęglan 2х4,polski producent szklarni,SEARCH,1,0,0.0,0.0
Search | Poliweglan | Pl,wymiary | poliwęglan 4х6,polski producent szklarni,SEARCH,1,0,0.0,0.0
Search | Poliweglan | Pl,wymiary | poliwęglan 3х4,polski producent szklarni,SEARCH,1,0,0.0,0.0
Search | Poliweglan | Pl,mala szklarnia z poliweglanu,polskaszklarnia eu,SEARCH,1,0,0.0,0.0
Search | Poliweglan | Pl,mala szklarnia z poliweglanu,polska szklarnia z poliwęglanu,SEARCH,2,0,0.0,0.0
Search | Poliweglan | Pl,wymiary | poliwęglan 3х4,polska szklarnia z poliwęglanu,SEARCH,1,0,0.0,0.0
Search | Poliweglan | Pl,mala szklarnia z poliweglanu,polska szklarnia eu,SEARCH,7,0,0.0,0.0
Search | Poliweglan | Pl,wymiary | poliwęglan 3х4,polska szklarnia eu,SEARCH,1,0,0.0,0.0
Search | Poliweglan | Pl,mala szklarnia z poliweglanu,polska szklarnia,SEARCH,4,0,0.0,0.0
Search | Poliweglan | Pl,wymiary | poliwęglan 4х6,polska szklarnia,SEARCH,11,0,0.0,0.0
Search | Poliweglan | Pl,wymiary | poliwęglan 3х4,polska szklarnia,SEARCH,2,0,0.0,0.0
Search | Poliweglan | Pl,wymiary | poliwęglan 3х4,polscy producenci szklarni z poliwęglanu,SEARCH,1,0,0.0,0.0
Search | Poliweglan | Pl,wymiary | poliwęglan 2х4,poliwęglany,SEARCH,2,0,0.0,0.0
Search | Poliweglan | Pl,mala szklarnia z poliweglanu,poligreen,SEARCH,13,0,0.0,0.0
Search | Poliweglan | Pl,wymiary | poliwęglan 2х4,poligreen,SEARCH,6,0,0.0,0.0
Search | Poliweglan | Pl,wymiary | poliwęglan 4х6,producent szklarni,SEARCH,1,0,0.0,0.0
Search | Poliweglan | Pl,wymiary | poliwęglan 2х4,producent poliwęglanu,SEARCH,3,0,0.0,0.0
Search | Poliweglan | Pl,szklarnie z poliwęglanu [phrase],producenci szklarni z poliwęglanu,SEARCH,4,0,0.0,0.0
Search | Poliweglan | Pl,mala szklarnia z poliweglanu,producenci szklarni,SEARCH,2,0,0.0,0.0
Search | Poliweglan | Pl,mala szklarnia z poliweglanu,pomidory szklarnia,SEARCH_PARTNERS,1,0,0.0,0.0
Search | Poliweglan | Pl,wymiary | poliwęglan 4х6,pomidor premium,SEARCH,1,0,0.0,0.0
Search | Poliweglan | Pl,wymiary | poliwęglan 3х4,pomidor premium,SEARCH,2,0,0.0,0.0
Search | Poliweglan | Pl,wymiary | poliwęglan 3х4,polypiu poland,SEARCH,1,0,0.0,0.0
Search | Poliweglan | Pl,wymiary | poliwęglan 3х4,polskie tunele,SEARCH,1,0,0.0,0.0
Search | Poliweglan | Pl,mala szklarnia z poliweglanu,polskie szklarnie z poliwęglanu,SEARCH,1,0,0.0,0.0
Search | Poliweglan | Pl,wymiary | poliwęglan 4х6,polskie szklarnie z poliwęglanu,SEARCH,1,0,0.0,0.0
Search | Poliweglan | Pl,szklarnie z poliwęglanu producent,polskie szklarnie z poliwęglanu,SEARCH,1,0,0.0,0.0
Search | Poliweglan | Pl,wymiary | poliwęglan 3х4,polskie szklarnie z poliwęglanu,SEARCH,1,0,0.0,0.0
Search | Poliweglan | Pl,mala szklarnia z poliweglanu,polskie szklarnie ogrodowe,SEARCH,1,0,0.0,0.0
Search | Poliweglan | Pl,wymiary | poliwęglan 4х6,polskie szklarnie ogrodowe,SEARCH,1,0,0.0,0.0
Search | Poliweglan | Pl,wymiary | poliwęglan 3х4,polski producent szklarni z poliwęglanu,SEARCH,2,0,0.0,0.0
Search | Poliweglan | Pl,mala szklarnia z poliweglanu,oteko szklarnia,SEARCH,3,0,0.0,0.0
Search | Poliweglan | Pl,wymiary | poliwęglan 3х4,oteko poliwęglan,SEARCH,4,0,0.0,0.0
Search | Poliweglan | Pl,mala szklarnia z poliweglanu,oteko,SEARCH,2,0,0.0,0.0
Search | Poliweglan | Pl,wymiary | poliwęglan 3х4,oteko,SEARCH,7,0,0.0,0.0
Search | Poliweglan | Pl,wymiary | poliwęglan 3х4,okrągła szklarnia,SEARCH_PARTNERS,1,0,0.0,0.0
Search | Poliweglan | Pl,mala szklarnia z poliweglanu,okragla szklarnia ogrodowa,SEARCH,1,0,0.0,0.0
Search | Poliweglan | Pl,wymiary | poliwęglan 4х6,okragla szklarnia ogrodowa,SEARCH,1,0,0.0,0.0
Search | Poliweglan | Pl,wymiary | poliwęglan 3х4,ogrodowy tunelowy,SEARCH,2,0,0.0,0.0
Search | Poliweglan | Pl,wymiary | poliwęglan 3х4,ogrodowy tunel,SEARCH,1,0,0.0,0.0
Search | Poliweglan | Pl,mala szklarnia z poliweglanu,ogrodowe szklarnie,SEARCH,1,0,0.0,0.0
Search | Poliweglan | Pl,wymiary | poliwęglan 3х4,producent szklarni z poliwęglanu małopolska,SEARCH,1,0,0.0,0.0
Search | Poliweglan | Pl,szklarnie z poliwęglanu [phrase],producent szklarni z poliwęglanu,SEARCH,6,0,0.0,0.0
Search | Poliweglan | Pl,mala szklarnia z poliweglanu,producent szklarni pomorskie,SEARCH,2,0,0.0,0.0
Search | Poliweglan | Pl,mala szklarnia z poliweglanu,producent szklarni ogrodowych,SEARCH,7,0,0.0,0.0
Search | Poliweglan | Pl,wymiary | poliwęglan 3х4,producent szklarni ogrodowych,SEARCH,7,0,0.0,0.0
Search | Poliweglan | Pl,mala szklarnia z poliweglanu,producent szklarni,SEARCH,3,0,0.0,0.0
Search | Poliweglan | Pl,wymiary | poliwęglan 3х4,namioty pod warzywa,SEARCH,1,0,0.0,0.0
Search | Poliweglan | Pl,wymiary | poliwęglan 4х6,namioty pod pomidory,SEARCH,1,0,0.0,0.0
Search | Poliweglan | Pl,namioty z poliwęglanu,namioty ogrodowe z poliwęglanu,SEARCH,9,0,0.0,0.0
Search | Poliweglan | Pl,wymiary | poliwęglan 3х4,namioty ogrodowe z poliweglanu,SEARCH,2,0,0.0,0.0
Search | Poliweglan | Pl,mala szklarnia z poliweglanu,namioty ogrodowe szklarnie,SEARCH,1,0,0.0,0.0
Search | Poliweglan | Pl,szklarnie z poliwęglanu [phrase],profimet,SEARCH_PARTNERS,1,0,0.0,0.0
Search | Poliweglan | Pl,mala szklarnia z poliweglanu,profi met szklarnie,SEARCH,1,0,0.0,0.0
Search | Poliweglan | Pl,wymiary | poliwęglan 3х4,profi met szklarnie,SEARCH,1,0,0.0,0.0
Search | Poliweglan | Pl,tunele z poliwęglanu,producent tuneli z poliwęglanu,SEARCH,2,0,0.0,0.0
Search | Poliweglan | Pl,namioty z poliwęglanu,producent tuneli ogrodowych z poliwęglanu,SEARCH,1,0,0.0,0.0
Search | Poliweglan | Pl,wymiary | poliwęglan 3х4,polecane szklarnie z poliwęglanu,SEARCH,1,0,0.0,0.0
Search | Poliweglan | Pl,mala szklarnia z poliweglanu,plantimax,SEARCH,1,0,0.0,0.0
Search | Poliweglan | Pl,wymiary | poliwęglan 3х4,placarb,SEARCH,2,0,0.0,0.0
Search | Poliweglan | Pl,mala szklarnia z poliweglanu,pewna szklarnia,SEARCH,2,0,0.0,0.0
Search | Poliweglan | Pl,wymiary | poliwęglan 4х6,pewna szklarnia,SEARCH,1,0,0.0,0.0
Search | Poliweglan | Pl,mala szklarnia z poliweglanu,partner 3m,SEARCH,2,0,0.0,0.0
Search | Poliweglan | Pl,wymiary | poliwęglan 3х4,namiot z poliwęglanu,SEARCH,13,0,0.0,0.0
Search | Poliweglan | Pl,wymiary | poliwęglan 2х4,namiot z poliweglanu,SEARCH,1,0,0.0,0.0
Search | Poliweglan | Pl,tunele z poliwęglanu,namiot warzywny z poliwęglanu,SEARCH,4,0,0.0,0.0
Search | Poliweglan | Pl,szklarnie z poliwęglanu [phrase],profimet szklarnia,SEARCH_PARTNERS,1,0,0.0,0.0
Search | Poliweglan | Pl,mala szklarnia z poliweglanu,profimet szklarnia,SEARCH,4,0,0.0,0.0
Search | Poliweglan | Pl,wymiary | poliwęglan 3х4,profimet szklarnia,SEARCH,2,0,0.0,0.0
Search | Poliweglan | Pl,mala szklarnia z poliweglanu,profimet poznań,SEARCH,1,0,0.0,0.0
Search | Poliweglan | Pl,szklarnie z poliwęglanu [phrase],profimet poznań,SEARCH,1,0,0.0,0.0
Search | Poliweglan | Pl,wymiary | poliwęglan 3х4,ogrodowe szklarnie,SEARCH,2,0,0.0,0.0
Search | Poliweglan | Pl,mala szklarnia z poliweglanu,nowaszklarnia,SEARCH,2,0,0.0,0.0
Search | Poliweglan | Pl,wymiary | poliwęglan 4х6,nowaszklarnia,SEARCH,20,0,0.0,0.0
Search | Poliweglan | Pl,szklarnie z poliwęglanu [phrase],nowaszklarnia,SEARCH,4,0,0.0,0.0
Search | Poliweglan | Pl,wymiary | poliwęglan 3х4,nowaszklarnia,SEARCH,8,0,0.0,0.0
Search | Poliweglan | Pl,wymiary | poliwęglan 3х4,nasze szklarnie,SEARCH,1,0,0.0,0.0
Search | Poliweglan | Pl,mala szklarnia z poliweglanu,namioty szklarnie ogrodowe,SEARCH,2,0,0.0,0.0
Search | Poliweglan | Pl,wymiary | poliwęglan 3х4,namioty szklarnie,SEARCH,1,0,0.0,0.0
Search | Poliweglan | Pl,wymiary | poliwęglan 4х6,przydomowa szklarnia,SEARCH,1,0,0.0,0.0
Search | Poliweglan | Pl,mala szklarnia z poliweglanu,przedłużenie szklarni z poliwęglanu,SEARCH,1,0,0.0,0.0
Search | Poliweglan | Pl,mala szklarnia z poliweglanu,profit plast,SEARCH,1,0,0.0,0.0
Search | Poliweglan | Pl,wymiary | poliwęglan 3х4,profit plast,SEARCH,1,0,0.0,0.0
Search | Poliweglan | Pl,wymiary | poliwęglan 4х6,profimetpl,SEARCH,1,0,0.0,0.0
Search | Poliweglan | Pl,mala szklarnia z poliweglanu,profimet warszawa,SEARCH_PARTNERS,1,0,0.0,0.0
Search | Poliweglan | Pl,wymiary | poliwęglan 2х4,profimet warszawa,SEARCH,1,0,0.0,0.0
Search | Poliweglan | Pl,wymiary | poliwęglan 4х6,profimet warszawa,SEARCH,1,0,0.0,0.0
Search | Poliweglan | Pl,wymiary | poliwęglan 3х4,profimet warszawa,SEARCH,3,0,0.0,0.0
Search | Poliweglan | Pl,szklarnie z poliwęglanu [phrase],profimet szklarnię z poliweglanu,SEARCH,4,0,0.0,0.0
Search | Poliweglan | Pl,wymiary | poliwęglan 3х4,profimet szklarnie z poliwęglanu,SEARCH,1,0,0.0,0.0
Search | Poliweglan | Pl,wymiary | poliwęglan 3х4,namioty ogrodowe na warzywa,SEARCH,3,0,0.0,0.0
Search | Poliweglan | Pl,namioty z poliwęglanu,namioty ogrodnicze z poliwęglanu,SEARCH,2,0,0.0,0.0
Search | Poliweglan | Pl,szklarnie z poliwęglanu [phrase],namiot z poliwęglanu 3x6,SEARCH,1,0,0.0,0.0
Search | Poliweglan | Pl,namioty z poliwęglanu,namiot z poliwęglanu 3x6,SEARCH,1,0,0.0,0.0
Search | Poliweglan | Pl,wymiary | poliwęglan 2х4,namiot z poliwęglanu,SEARCH,1,0,0.0,0.0
Search | Poliweglan | Pl,wymiary | poliwęglan 3х4,solidne szklarnie,SEARCH,1,0,0.0,0.0
Search | Poliweglan | Pl,mala szklarnia z poliweglanu,solidna szklarnia ogrodowa,SEARCH,1,0,0.0,0.0
Search | Poliweglan | Pl,wymiary | poliwęglan 3х4,solidna szklarnia,SEARCH,2,0,0.0,0.0
Search | Poliweglan | Pl,szklarnie z poliwęglanu [phrase],skladanie szklarni poliweglan,SEARCH_PARTNERS,2,0,0.0,0.0
Search | Poliweglan | Pl,wymiary | poliwęglan 3х4,skladanie szklarni poliweglan,SEARCH_PARTNERS,1,0,0.0,0.0
Search | Poliweglan | Pl,mala szklarnia z poliweglanu,sensorie,SEARCH,1,0,0.0,0.0
Search | Poliweglan | Pl,mala szklarnia z poliweglanu,s2020 pl,SEARCH,3,0,0.0,0.0
Search | Poliweglan | Pl,mala szklarnia z poliweglanu,rozsadnik z poliwęglanu,SEARCH,1,0,0.0,0.0
Search | Poliweglan | Pl,wymiary | poliwęglan 3х4,rozsadnik z poliwęglanu,SEARCH,1,0,0.0,0.0
Search | Poliweglan | Pl,wymiary | poliwęglan 3х4,rozsadnik poliwęglanowy,SEARCH,1,0,0.0,0.0
Search | Poliweglan | Pl,wymiary | poliwęglan 4х6,rolnik szklarnia,SEARCH,1,0,0.0,0.0
Search | Poliweglan | Pl,wymiary | poliwęglan 4х6,rol market,SEARCH,2,0,0.0,0.0
Search | Poliweglan | Pl,mala szklarnia z poliweglanu,przydomowe szklarnie ogrodowe,SEARCH,1,0,0.0,0.0
Search | Poliweglan | Pl,wymiary | poliwęglan 4х6,przydomowe szklarnie,SEARCH,1,0,0.0,0.0
Search | Poliweglan | Pl,wymiary | poliwęglan 4х6,przydomowa szklarnia z poliwęglanu,SEARCH,1,0,0.0,0.0
Search | Poliweglan | Pl,mala szklarnia z poliweglanu,przydomowa szklarnia,SEARCH,1,0,0.0,0.0
Search | Poliweglan | Pl,wymiary | poliwęglan 4х6,szklarnia,SEARCH,73,0,0.0,0.0
Search | Poliweglan | Pl,wymiary | poliwęglan 3х6,szklarni z poliwęglanu 3x6,SEARCH,3,0,0.0,0.0
Search | Poliweglan | Pl,mala szklarnia z poliweglanu,szklarni z poliwęglanu,SEARCH,1,0,0.0,0.0
Search | Poliweglan | Pl,wymiary | poliwęglan 4х6,szklarni z poliwęglanu,SEARCH,1,0,0.0,0.0
Search | Poliweglan | Pl,szklarnie z poliwęglanu [phrase],szklarni z poliwęglanu,SEARCH,2,0,0.0,0.0
Search | Poliweglan | Pl,cieplarnie z poliwęglanu,szklarni z poliwęglanu,SEARCH,1,0,0.0,0.0
Search | Poliweglan | Pl,wymiary | poliwęglan 3х4,szklarni z poliwęglanu,SEARCH,4,0,0.0,0.0
Search | Poliweglan | Pl,mala szklarnia z poliweglanu,szklarni,SEARCH_PARTNERS,1,0,0.0,0.0
Search | Poliweglan | Pl,wymiary | poliwęglan 4х6,szklarni,SEARCH,2,0,0.0,0.0
Search | Poliweglan | Pl,wymiary | poliwęglan 3х4,szklarni,SEARCH,3,0,0.0,0.0
Search | Poliweglan | Pl,szklarnie z poliwęglanu [phrase],szklarn8a z poliweglanu,SEARCH,4,0,0.0,0.0
Search | Poliweglan | Pl,wymiary | poliwęglan 3х4,szklarn8a z poliweglanu,SEARCH,1,0,0.0,0.0
Search | Poliweglan | Pl,mala szklarnia z poliweglanu,sprzedam szklarnie z poliwęglanu,SEARCH,3,0,0.0,0.0
Search | Poliweglan | Pl,szklarnie z poliwęglanu [phrase],sprzedam szklarnie z poliwęglanu,SEARCH,2,0,0.0,0.0
Search | Poliweglan | Pl,wymiary | poliwęglan 3х4,sprzedam szklarnie z poliwęglanu,SEARCH,1,0,0.0,0.0
Search | Poliweglan | Pl,mala szklarnia z poliweglanu,sprzedam szklarnie,SEARCH,1,0,0.0,0.0
Search | Poliweglan | Pl,wymiary | poliwęglan 3х4,szklarnia 2 x 4,SEARCH,1,0,0.0,0.0
Search | Poliweglan | Pl,mala szklarnia z poliweglanu,szklarnia 2 x 2,SEARCH,1,0,0.0,0.0
Search | Poliweglan | Pl,wymiary | poliwęglan 2х4,szklarnia 2 na 4,SEARCH,1,0,0.0,0.0
Search | Poliweglan | Pl,mala szklarnia z poliweglanu,szklarnia 2 na 3,SEARCH,1,0,0.0,0.0
Search | Poliweglan | Pl,wymiary | poliwęglan 2х4,szklarnia 2 5x4,SEARCH_PARTNERS,1,0,0.0,0.0
Search | Poliweglan | Pl,mala szklarnia z poliweglanu,szklarnia 2 5x4,SEARCH,2,0,0.0,0.0
Search | Poliweglan | Pl,wymiary | poliwęglan 2х4,szklarnia 2 5x4,SEARCH,1,0,0.0,0.0
Search | Poliweglan | Pl,wymiary | poliwęglan 3х4,szklarnia 2 5x4,SEARCH,3,0,0.0,0.0
Search | Poliweglan | Pl,mala szklarnia z poliweglanu,szklarnia 2 3,SEARCH,4,0,0.0,0.0
Search | Poliweglan | Pl,mala szklarnia z poliweglanu,szklarnia 2,SEARCH,1,0,0.0,0.0
Search | Poliweglan | Pl,wymiary | poliwęglan 3х4,szklarnia 18m2,SEARCH,1,0,0.0,0.0
Search | Poliweglan | Pl,mala szklarnia z poliweglanu,szklarnia 10x5,SEARCH,1,0,0.0,0.0
Search | Poliweglan | Pl,mala szklarnia z poliweglanu,szklarnia,SEARCH_PARTNERS,4,0,0.0,0.0
Search | Poliweglan | Pl,wymiary | poliwęglan 4х6,szklarnia,SEARCH_PARTNERS,4,0,0.0,0.0
Search | Poliweglan | Pl,wymiary | poliwęglan 3х4,szklarnia,SEARCH_PARTNERS,3,0,0.0,0.0
Search | Poliweglan | Pl,wymiary | poliwęglan 2х4,szklarnia,SEARCH,7,0,0.0,0.0
Search | Poliweglan | Pl,mala szklarnia z poliweglanu,szklarnia 2x4,SEARCH,2,0,0.0,0.0
Search | Poliweglan | Pl,mala szklarnia z poliweglanu,szklarnia 2x3m,SEARCH,2,0,0.0,0.0
Search | Poliweglan | Pl,wymiary | poliwęglan 3х4,szklarnia 2x3m,SEARCH,1,0,0.0,0.0
Search | Poliweglan | Pl,mala szklarnia z poliweglanu,szklarnia 2x2 5,SEARCH,10,0,0.0,0.0
Search | Poliweglan | Pl,wymiary | poliwęglan 3х4,szklarnia 250x400,SEARCH,1,0,0.0,0.0
Search | Poliweglan | Pl,wymiary | poliwęglan 4х6,szklarnia 20m2,SEARCH,1,0,0.0,0.0
Search | Poliweglan | Pl,mala szklarnia z poliweglanu,szklarnia 2.5 x5,SEARCH,2,0,0.0,0.0
Search | Poliweglan | Pl,wymiary | poliwęglan 3х4,szklarnia 2.5 x5,SEARCH,2,0,0.0,0.0
Search | Poliweglan | Pl,mala szklarnia z poliweglanu,szklarnia 2.5 x4,SEARCH,1,0,0.0,0.0
Search | Poliweglan | Pl,wymiary | poliwęglan 2х4,szklarnia 2.5 x4,SEARCH,1,0,0.0,0.0
Search | Poliweglan | Pl,wymiary | poliwęglan 3х4,szklarnia 2.5 x4,SEARCH,2,0,0.0,0.0
Search | Poliweglan | Pl,wymiary | poliwęglan 3х4,szklarnia 2.5 x3 5,SEARCH,1,0,0.0,0.0
Search | Poliweglan | Pl,mala szklarnia z poliweglanu,szklarnia 2.5 x3,SEARCH,1,0,0.0,0.0
Search | Poliweglan | Pl,wymiary | poliwęglan 4х6,szklarnia 2.5 x3,SEARCH,1,0,0.0,0.0
Search | Poliweglan | Pl,wymiary | poliwęglan 3х4,szklarnia 2.5 x3,SEARCH,2,0,0.0,0.0
Search | Poliweglan | Pl,wymiary | poliwęglan 2х4,szklarnia 2 x 4,SEARCH,4,0,0.0,0.0
Search | Poliweglan | Pl,wymiary | poliwęglan 4х6,szklarnia 3.5 x6,SEARCH,1,0,0.0,0.0
Search | Poliweglan | Pl,szklarnie z poliwęglanu [phrase],szklarnia 3.5 x6,SEARCH,1,0,0.0,0.0
Search | Poliweglan | Pl,wymiary | poliwęglan 3х4,szklarnia 3.5 x6,SEARCH,1,0,0.0,0.0
Search | Poliweglan | Pl,wymiary | poliwęglan 3х4,szklarnia 3 x 6 m,SEARCH,1,0,0.0,0.0
Search | Poliweglan | Pl,wymiary | poliwęglan 3х6,szklarnia 3 x 6,SEARCH,7,0,0.0,0.0
Search | Poliweglan | Pl,wymiary | poliwęglan 3х4,szklarnia 3 x 4 m,SEARCH,1,0,0.0,0.0
Search | Poliweglan | Pl,wymiary | poliwęglan 3х4,szklarnia 3 x 4,SEARCH,6,0,0.0,0.0
Search | Poliweglan | Pl,mala szklarnia z poliweglanu,szklarnia 3 x 2,SEARCH,3,0,0.0,0.0
Search | Poliweglan | Pl,wymiary | poliwęglan 3х6,szklarnia 3 na 6,SEARCH,3,0,0.0,0.0
Search | Poliweglan | Pl,mala szklarnia z poliweglanu,szklarnia 3 na 2,SEARCH,1,0,0.0,0.0
Search | Poliweglan | Pl,wymiary | poliwęglan 3х4,szklarnia 3 5,SEARCH,1,0,0.0,0.0
Search | Poliweglan | Pl,mala szklarnia z poliweglanu,szklarnia 3 2,SEARCH,3,0,0.0,0.0
Search | Poliweglan | Pl,wymiary | poliwęglan 3х4,szklarnia 3 2,SEARCH,2,0,0.0,0.0
Search | Poliweglan | Pl,wymiary | poliwęglan 3х4,szklarnia 2x6,SEARCH,2,0,0.0,0.0
Search | Poliweglan | Pl,wymiary | poliwęglan 2х4,szklarnia 2x4m,SEARCH,3,0,0.0,0.0
Search | Poliweglan | Pl,wymiary | poliwęglan 2х4,szklarnia 2x4 poliwęglan,SEARCH,1,0,0.0,0.0
Search | Poliweglan | Pl,wymiary | poliwęglan 3х4,namiot warzywny,SEARCH,5,0,0.0,0.0
Search | Poliweglan | Pl,wymiary | poliwęglan 3х4,namiot tunel ogrodowy,SEARCH,1,0,0.0,0.0
Search | Poliweglan | Pl,mala szklarnia z poliweglanu,namiot szklarniowy,SEARCH,1,0,0.0,0.0
Search | Poliweglan | Pl,wymiary | poliwęglan 4х6,namiot szklarniowy,SEARCH,3,0,0.0,0.0
Search | Poliweglan | Pl,wymiary | poliwęglan 3х4,namiot szklarniowy,SEARCH,13,0,0.0,0.0
Search | Poliweglan | Pl,wymiary | poliwęglan 3х4,namiot szklarnia z poliwęglanu,SEARCH,1,0,0.0,0.0
Search | Poliweglan | Pl,wymiary | poliwęglan 4х6,namiot szklarnia 3x6,SEARCH,3,0,0.0,0.0
Search | Poliweglan | Pl,wymiary | poliwęglan 3х4,namiot szklarnia 3x6,SEARCH,1,0,0.0,0.0
Search | Poliweglan | Pl,wymiary | poliwęglan 2х4,namiot szklarnia,SEARCH,1,0,0.0,0.0
Search | Poliweglan | Pl,wymiary | poliwęglan 4х6,namiot szklarnia,SEARCH,7,0,0.0,0.0
Search | Poliweglan | Pl,wymiary | poliwęglan 3х4,namiot szklarnia,SEARCH,13,0,0.0,0.0
Search | Poliweglan | Pl,wymiary | poliwęglan 4х6,namiot poliwęglanowy,SEARCH,2,0,0.0,0.0
Search | Poliweglan | Pl,namioty z poliwęglanu,namiot poliwęglanowy,SEARCH,5,0,0.0,0.0
Search | Poliweglan | Pl,wymiary | poliwęglan 3х4,namiot poliwęglanowy,SEARCH,2,0,0.0,0.0
Search | Poliweglan | Pl,wymiary | poliwęglan 3х4,szklarnia 30m2,SEARCH_PARTNERS,1,0,0.0,0.0
Search | Poliweglan | Pl,wymiary | poliwęglan 3х4,szklarnia 300x200x200,SEARCH,1,0,0.0,0.0
Search | Poliweglan | Pl,wymiary | poliwęglan 3х6,szklarnia 3x6m,SEARCH,2,0,0.0,0.0
Search | Poliweglan | Pl,wymiary | poliwęglan 3х6,szklarnia 3x6 z poliwęglanu,SEARCH,1,0,0.0,0.0
Search | Poliweglan | Pl,szklarnie z poliwęglanu [phrase],szklarnia 3x6 poliwęglan 6mm,SEARCH,1,0,0.0,0.0
Search | Poliweglan | Pl,szklarnie z poliwęglanu [phrase],szklarnia 3x6 poliwęglan,SEARCH,1,0,0.0,0.0
Search | Poliweglan | Pl,wymiary | poliwęglan 3х6,szklarnia 3x6 6mm,SEARCH,3,0,0.0,0.0
Search | Poliweglan | Pl,wymiary | poliwęglan 3х6,szklarnia 3x6,SEARCH_PARTNERS,2,0,0.0,0.0
Search | Poliweglan | Pl,wymiary | poliwęglan 3х4,szklarnia 3x4m,SEARCH,1,0,0.0,0.0
Search | Poliweglan | Pl,wymiary | poliwęglan 3х4,szklarnia 3x4 poliweglan,SEARCH,11,0,0.0,0.0
Search | Poliweglan | Pl,wymiary | poliwęglan 3х4,szklarnia 3x4 5,SEARCH,1,0,0.0,0.0
Search | Poliweglan | Pl,mala szklarnia z poliweglanu,szklarnia 3x2,SEARCH,6,0,0.0,0.0
Search | Poliweglan | Pl,wymiary | poliwęglan 4х6,szklarnia 3x2,SEARCH,2,0,0.0,0.0
Search | Poliweglan | Pl,wymiary | poliwęglan 3х4,szklarnia 3x2,SEARCH,5,0,0.0,0.0
Search | Poliweglan | Pl,mala szklarnia z poliweglanu,szklarnia 3x10,SEARCH,1,0,0.0,0.0
Search | Poliweglan | Pl,wymiary | poliwęglan 3х4,szklarnia 3m,SEARCH,1,0,0.0,0.0
Search | Poliweglan | Pl,mala szklarnia z poliweglanu,szklarnia 30m2,SEARCH_PARTNERS,1,0,0.0,0.0
Search | Poliweglan | Pl,wymiary | poliwęglan 3х4,namiot warzywny z poliwęglanu,SEARCH,1,0,0.0,0.0
Search | Poliweglan | Pl,wymiary | poliwęglan 4х6,szklarnia 4x6m,SEARCH,1,0,0.0,0.0
Search | Poliweglan | Pl,wymiary | poliwęglan 4х6,szklarnia 4x6 poliwęglan,SEARCH,16,0,0.0,0.0
Search | Poliweglan | Pl,wymiary | poliwęglan 3х4,szklarnia 4x6,SEARCH,3,0,0.0,0.0
Search | Poliweglan | Pl,wymiary | poliwęglan 4х6,szklarnia 4x4,SEARCH,1,0,0.0,0.0
Search | Poliweglan | Pl,mala szklarnia z poliweglanu,szklarnia 4x2 5,SEARCH,1,0,0.0,0.0
Search | Poliweglan | Pl,mala szklarnia z poliweglanu,szklarnia 4x12,SEARCH,2,0,0.0,0.0
Search | Poliweglan | Pl,szklarnie z poliwęglanu [phrase],szklarnia 4x10,SEARCH,3,0,0.0,0.0
Search | Poliweglan | Pl,wymiary | poliwęglan 3х4,szklarnia 4m,SEARCH,1,0,0.0,0.0
Search | Poliweglan | Pl,wymiary | poliwęglan 4х6,szklarnia 4 x 6,SEARCH,2,0,0.0,0.0
Search | Poliweglan | Pl,wymiary | poliwęglan 3х4,szklarnia 4 x 6,SEARCH,1,0,0.0,0.0
Search | Poliweglan | Pl,wymiary | poliwęglan 2х4,szklarnia 4 m,SEARCH,1,0,0.0,0.0
Search | Poliweglan | Pl,wymiary | poliwęglan 4х6,szklarnia 3x9,SEARCH,2,0,0.0,0.0
Search | Poliweglan | Pl,wymiary | poliwęglan 3х4,szklarnia 3x9,SEARCH,1,0,0.0,0.0
Search | Poliweglan | Pl,szklarnie z poliwęglanu [phrase],szklarnia 3x8 poliwęglan,SEARCH,4,0,0.0,0.0
Search | Poliweglan | Pl,szklarnie z poliwęglanu [phrase],szklarnia 3x8 6mm,SEARCH,3,0,0.0,0.0
Search | Poliweglan | Pl,wymiary | poliwęglan 3х4,szklarnia 3x8,SEARCH,2,0,0.0,0.0
Search | Poliweglan | Pl,mala szklarnia z poliweglanu,szklarnia brico,SEARCH,1,0,0.0,0.0
Search | Poliweglan | Pl,wymiary | poliwęglan 3х4,szklarnia białystok,SEARCH,1,0,0.0,0.0
Search | Poliweglan | Pl,mala szklarnia z poliweglanu,szklarnia bass polska,SEARCH,2,0,0.0,0.0
Search | Poliweglan | Pl,wymiary | poliwęglan 4х6,szklarnia agrinker,SEARCH,1,0,0.0,0.0
Search | Poliweglan | Pl,wymiary | poliwęglan 4х6,szklarnia 6x3,SEARCH,10,0,0.0,0.0
Search | Poliweglan | Pl,wymiary | poliwęglan 3х4,szklarnia 6x3,SEARCH,3,0,0.0,0.0
Search | Poliweglan | Pl,wymiary | poliwęglan 4х6,szklarnia 6m,SEARCH,1,0,0.0,0.0
Search | Poliweglan | Pl,wymiary | poliwęglan 4х6,szklarnia 5x4,SEARCH,1,0,0.0,0.0
Search | Poliweglan | Pl,wymiary | poliwęglan 3х4,szklarnia 5x4,SEARCH,1,0,0.0,0.0
Search | Poliweglan | Pl,mala szklarnia z poliweglanu,szklarnia 5x3,SEARCH,1,0,0.0,0.0
Search | Poliweglan | Pl,wymiary | poliwęglan 4х6,szklarnia 5x3,SEARCH,2,0,0.0,0.0
Search | Poliweglan | Pl,wymiary | poliwęglan 3х4,szklarnia 5x3,SEARCH,2,0,0.0,0.0
Search | Poliweglan | Pl,mala szklarnia z poliweglanu,szklarnia 4x8,SEARCH,4,0,0.0,0.0
Search | Poliweglan | Pl,wymiary | poliwęglan 4х6,szklarnia 4x8,SEARCH,3,0,0.0,0.0
Search | Poliweglan | Pl,wymiary | poliwęglan 3х4,szklarnia 4x8,SEARCH,5,0,0.0,0.0
Search | Poliweglan | Pl,mala szklarnia z poliweglanu,szklarnia 4x6m,SEARCH,1,0,0.0,0.0
Search | Poliweglan | Pl,wymiary | poliwęglan 3х4,szklarnia duża,SEARCH,2,0,0.0,0.0
Search | Poliweglan | Pl,wymiary | poliwęglan 4х6,szklarnia duza,SEARCH,1,0,0.0,0.0
Search | Poliweglan | Pl,wymiary | poliwęglan 3х4,szklarnia duza,SEARCH,1,0,0.0,0.0
Search | Poliweglan | Pl,wymiary | poliwęglan 3х4,szklarnia domowa,SEARCH_PARTNERS,1,0,0.0,0.0
Search | Poliweglan | Pl,wymiary | poliwęglan 3х4,szklarnia domowa,SEARCH,2,0,0.0,0.0
Search | Poliweglan | Pl,wymiary | poliwęglan 4х6,szklarnia do warzyw,SEARCH,1,0,0.0,0.0
Search | Poliweglan | Pl,mala szklarnia z poliweglanu,szklarnia do rozsady,SEARCH,1,0,0.0,0.0
Search | Poliweglan | Pl,wymiary | poliwęglan 2х4,szklarnia do pomidorów,SEARCH,1,0,0.0,0.0
Search | Poliweglan | Pl,mala szklarnia z poliweglanu,szklarnia do ogrodu,SEARCH,1,0,0.0,0.0
Search | Poliweglan | Pl,szklarnie z poliwęglanu [phrase],szklarnia do ogrodu,SEARCH,1,0,0.0,0.0
Search | Poliweglan | Pl,mala szklarnia z poliweglanu,szklarnia do domu,SEARCH,1,0,0.0,0.0
Search | Poliweglan | Pl,wymiary | poliwęglan 3х4,szklarnia cena,SEARCH,1,0,0.0,0.0
Search | Poliweglan | Pl,wymiary | poliwęglan 3х4,szklarnia całoroczna,SEARCH_PARTNERS,4,0,0.0,0.0
Search | Poliweglan | Pl,wymiary | poliwęglan 4х6,szklarnia całoroczna,SEARCH,1,0,0.0,0.0
Search | Poliweglan | Pl,wymiary | poliwęglan 3х4,szklarnia całoroczna,SEARCH,1,0,0.0,0.0
Search | Poliweglan | Pl,mala szklarnia z poliweglanu,szklarnia caloroczna,SEARCH,1,0,0.0,0.0
Search | Poliweglan | Pl,mala szklarnia z poliweglanu,szklarnia mała,SEARCH,1,0,0.0,0.0
Search | Poliweglan | Pl,wymiary | poliwęglan 3х4,szklarnia mała,SEARCH,1,0,0.0,0.0
Search | Poliweglan | Pl,mala szklarnia z poliweglanu,szklarnia mala,SEARCH,3,0,0.0,0.0
Search | Poliweglan | Pl,szklarnie z poliwęglanu [phrase],szklarnia lux,SEARCH,1,0,0.0,0.0
Search | Poliweglan | Pl,mala szklarnia z poliweglanu,szklarnia kujawsko pomorskie,SEARCH,1,0,0.0,0.0
Search | Poliweglan | Pl,szklarnie z poliwęglanu [phrase],szklarnia kropla,SEARCH,1,0,0.0,0.0
Search | Poliweglan | Pl,mala szklarnia z poliweglanu,szklarnia kopułowa,SEARCH_PARTNERS,1,0,0.0,0.0
Search | Poliweglan | Pl,wymiary | poliwęglan 3х4,szklarnia ile kosztuje,SEARCH,1,0,0.0,0.0
Search | Poliweglan | Pl,wymiary | poliwęglan 4х6,szklarnia icon 6,SEARCH,2,0,0.0,0.0
Search | Poliweglan | Pl,mala szklarnia z poliweglanu,szklarnia hestia,SEARCH,1,0,0.0,0.0
Search | Poliweglan | Pl,wymiary | poliwęglan 4х6,szklarnia hestia,SEARCH,3,0,0.0,0.0
Search | Poliweglan | Pl,szklarnie z poliwęglanu [phrase],szklarnia hestia,SEARCH,1,0,0.0,0.0
Search | Poliweglan | Pl,szklarnie z poliwęglanu [phrase],szklarnia gt mocna,SEARCH,7,0,0.0,0.0
Search | Poliweglan | Pl,wymiary | poliwęglan 3х4,szklarnia gt mocna,SEARCH,4,0,0.0,0.0
Search | Poliweglan | Pl,mala szklarnia z poliweglanu,szklarnia gaudi,SEARCH,2,0,0.0,0.0
Search | Poliweglan | Pl,mala szklarnia z poliweglanu,szklarnia fermer,SEARCH,1,0,0.0,0.0
Search | Poliweglan | Pl,wymiary | poliwęglan 4х6,szklarnia na warzywa,SEARCH,1,0,0.0,0.0
Search | Poliweglan | Pl,wymiary | poliwęglan 3х4,szklarnia na warzywa,SEARCH,1,0,0.0,0.0
Search | Poliweglan | Pl,mala szklarnia z poliweglanu,szklarnia na pomidory z poliwęglanu,SEARCH,1,0,0.0,0.0
Search | Poliweglan | Pl,szklarnie z poliwęglanu [phrase],szklarnia na pomidory z poliwęglanu,SEARCH,1,0,0.0,0.0
Search | Poliweglan | Pl,wymiary | poliwęglan 3х4,szklarnia na pomidory z poliwęglanu,SEARCH,1,0,0.0,0.0
Search | Poliweglan | Pl,wymiary | poliwęglan 4х6,szklarnia na pomidory,SEARCH,2,0,0.0,0.0
Search | Poliweglan | Pl,wymiary | poliwęglan 3х4,szklarnia na pomidory,SEARCH,3,0,0.0,0.0
Search | Poliweglan | Pl,mala szklarnia z poliweglanu,szklarnia na ogród,SEARCH,1,0,0.0,0.0
Search | Poliweglan | Pl,mala szklarnia z poliweglanu,szklarnia na fundamencie,SEARCH_PARTNERS,1,0,0.0,0.0
Search | Poliweglan | Pl,wymiary | poliwęglan 3х4,szklarnia na działkę,SEARCH,1,0,0.0,0.0
Search | Poliweglan | Pl,szklarnie z poliwęglanu [phrase],szklarnia mocna lux,SEARCH,3,0,0.0,0.0
Search | Poliweglan | Pl,wymiary | poliwęglan 3х4,szklarnia mocna lux,SEARCH,5,0,0.0,0.0
Search | Poliweglan | Pl,szklarnie z poliwęglanu [phrase],szklarnia mała z poliwęglanu,SEARCH,1,0,0.0,0.0
Search | Poliweglan | Pl,mala szklarnia z poliweglanu,szklarnia mała ogrodowa,SEARCH,2,0,0.0,0.0
Search | Poliweglan | Pl,wymiary | poliwęglan 3х4,szklarnia mała ogrodowa,SEARCH,1,0,0.0,0.0
Search | Poliweglan | Pl,wymiary | poliwęglan 3х4,szklarnia mała na pomidory,SEARCH,1,0,0.0,0.0
Search | Poliweglan | Pl,wymiary | poliwęglan 3х4,szklarnia ogrodowa,SEARCH_PARTNERS,1,0,0.0,0.0
Search | Poliweglan | Pl,mala szklarnia z poliweglanu,szklarnia ogrodowa,SEARCH,14,0,0.0,0.0
Search | Poliweglan | Pl,wymiary | poliwęglan 2х4,szklarnia ogrodowa,SEARCH,2,0,0.0,0.0
Search | Poliweglan | Pl,wymiary | poliwęglan 4х6,szklarnia ogrodowa,SEARCH,45,0,0.0,0.0
Search | Poliweglan | Pl,wymiary | poliwęglan 3х4,szklarnia ogorek premium plus,SEARCH,1,0,0.0,0.0
Search | Poliweglan | Pl,wymiary | poliwęglan 3х4,szklarnia ocieplana,SEARCH,1,0,0.0,0.0
Search | Poliweglan | Pl,wymiary | poliwęglan 3х4,szklarnia nowoczesna,SEARCH,1,0,0.0,0.0
Search | Poliweglan | Pl,mala szklarnia z poliweglanu,szklarnia namiot,SEARCH,1,0,0.0,0.0
Search | Poliweglan | Pl,wymiary | poliwęglan 4х6,szklarnia namiot,SEARCH,1,0,0.0,0.0
Search | Poliweglan | Pl,wymiary | poliwęglan 3х4,szklarnia namiot,SEARCH,7,0,0.0,0.0
Search | Poliweglan | Pl,mala szklarnia z poliweglanu,szklarnia nad basenem,SEARCH_PARTNERS,2,0,0.0,0.0
Search | Poliweglan | Pl,mala szklarnia z poliweglanu,szklarnia na zamówienie,SEARCH,1,0,0.0,0.0
Search | Poliweglan | Pl,wymiary | poliwęglan 3х4,szklarnia na zamówienie,SEARCH,1,0,0.0,0.0
Search | Poliweglan | Pl,mala szklarnia z poliweglanu,szklarnia na wymiar,SEARCH,4,0,0.0,0.0
Search | Poliweglan | Pl,wymiary | poliwęglan 3х4,szklarnia na wymiar,SEARCH,1,0,0.0,0.0
Search | Poliweglan | Pl,mala szklarnia z poliweglanu,szklarnia na warzywa,SEARCH,1,0,0.0,0.0
Search | Poliweglan | Pl,wymiary | poliwęglan 3х4,szklarnia ogrodowa 3x4,SEARCH,7,0,0.0,0.0
Search | Poliweglan | Pl,mala szklarnia z poliweglanu,szklarnia ogrodowa 3x2,SEARCH,1,0,0.0,0.0
Search | Poliweglan | Pl,wymiary | poliwęglan 3х4,szklarnia ogrodowa 3x2,SEARCH,1,0,0.0,0.0
Search | Poliweglan | Pl,wymiary | poliwęglan 3х4,szklarnia ogrodowa 3 x 4,SEARCH,1,0,0.0,0.0
Search | Poliweglan | Pl,mala szklarnia z poliweglanu,szklarnia ogrodowa 2x6,SEARCH,1,0,0.0,0.0
Search | Poliweglan | Pl,wymiary | poliwęglan 3х4,szklarnia ogrodowa 2x6,SEARCH,4,0,0.0,0.0
Search | Poliweglan | Pl,wymiary | poliwęglan 2х4,szklarnia ogrodowa 2x4,SEARCH,7,0,0.0,0.0
Search | Poliweglan | Pl,mala szklarnia z poliweglanu,szklarnia ogrodowa 2x3m,SEARCH,1,0,0.0,0.0
Search | Poliweglan | Pl,mala szklarnia z poliweglanu,szklarnia ogrodowa 2x2 5,SEARCH,1,0,0.0,0.0
Search | Poliweglan | Pl,mala szklarnia z poliweglanu,szklarnia ogrodowa 2x2,SEARCH,2,0,0.0,0.0
Search | Poliweglan | Pl,wymiary | poliwęglan 2х4,szklarnia ogrodowa 2.5 x4,SEARCH,1,0,0.0,0.0
Search | Poliweglan | Pl,wymiary | poliwęglan 3х4,szklarnia ogrodowa 2.5 x4,SEARCH,2,0,0.0,0.0
Search | Poliweglan | Pl,mala szklarnia z poliweglanu,szklarnia ogrodowa 2.5 x3,SEARCH,1,0,0.0,0.0
Search | Poliweglan | Pl,wymiary | poliwęglan 2х4,szklarnia ogrodowa 2 5x4m,SEARCH,1,0,0.0,0.0
Search | Poliweglan | Pl,mala szklarnia z poliweglanu,szklarnia ogrodowa 15m2,SEARCH,1,0,0.0,0.0
Search | Poliweglan | Pl,szklarnie z poliwęglanu [phrase],szklarnia ogrodowa,SEARCH_PARTNERS,2,0,0.0,0.0
Search | Poliweglan | Pl,mala szklarnia z poliweglanu,szklarnia ogrodowa mocna,SEARCH,2,0,0.0,0.0
Search | Poliweglan | Pl,wymiary | poliwęglan 3х4,szklarnia ogrodowa mocna,SEARCH,4,0,0.0,0.0
Search | Poliweglan | Pl,mala szklarnia z poliweglanu,szklarnia ogrodowa mała,SEARCH,4,0,0.0,0.0
Search | Poliweglan | Pl,mala szklarnia z poliweglanu,szklarnia ogrodowa duża,SEARCH,1,0,0.0,0.0
Search | Poliweglan | Pl,mala szklarnia z poliweglanu,szklarnia ogrodowa duza,SEARCH,1,0,0.0,0.0
Search | Poliweglan | Pl,wymiary | poliwęglan 4х6,szklarnia ogrodowa 6x3,SEARCH,1,0,0.0,0.0
Search | Poliweglan | Pl,mala szklarnia z poliweglanu,szklarnia ogrodowa 5x3,SEARCH,1,0,0.0,0.0
Search | Poliweglan | Pl,wymiary | poliwęglan 3х4,szklarnia ogrodowa 5x3,SEARCH,1,0,0.0,0.0
Search | Poliweglan | Pl,wymiary | poliwęglan 4х6,szklarnia ogrodowa 4x6,SEARCH,5,0,0.0,0.0
Search | Poliweglan | Pl,wymiary | poliwęglan 3х4,szklarnia ogrodowa 4x6,SEARCH,2,0,0.0,0.0
Search | Poliweglan | Pl,wymiary | poliwęglan 3х4,szklarnia ogrodowa 4x4,SEARCH,2,0,0.0,0.0
Search | Poliweglan | Pl,wymiary | poliwęglan 3х4,szklarnia ogrodowa 3x8,SEARCH,1,0,0.0,0.0
Search | Poliweglan | Pl,wymiary | poliwęglan 3х6,szklarnia ogrodowa 3x6m,SEARCH,1,0,0.0,0.0
Search | Poliweglan | Pl,wymiary | poliwęglan 3х4,szklarnia ogrodowa 3x6,SEARCH,1,0,0.0,0.0
Search | Poliweglan | Pl,szklarnie z poliwęglanu [phrase],szklarnia ogrodowa 3x4 z poliwęglanu solid mocna,SEARCH,1,0,0.0,0.0
Search | Poliweglan | Pl,wymiary | poliwęglan 3х4,szklarnia ogrodowa 3x4 z poliwęglanu,SEARCH,2,0,0.0,0.0
Search | Poliweglan | Pl,wymiary | poliwęglan 3х4,namiot poliweglan 3x6,SEARCH,1,0,0.0,0.0
Search | Poliweglan | Pl,wymiary | poliwęglan 3х6,namiot poliweglan 3x6,SEARCH,4,0,0.0,0.0
Search | Poliweglan | Pl,wymiary | poliwęglan 3х4,namiot poliweglan 3x4,SEARCH,2,0,0.0,0.0
Search | Poliweglan | Pl,namioty z poliwęglanu,namiot poliweglan,SEARCH,6,0,0.0,0.0
Search | Poliweglan | Pl,wymiary | poliwęglan 3х4,namiot poliweglan,SEARCH,1,0,0.0,0.0
Search | Poliweglan | Pl,wymiary | poliwęglan 3х4,namiot pod warzywa,SEARCH,4,0,0.0,0.0
Search | Poliweglan | Pl,wymiary | poliwęglan 3х4,namiot pod pomidory,SEARCH,4,0,0.0,0.0
Search | Poliweglan | Pl,wymiary | poliwęglan 4х6,namiot ogrodowy z poliwęglanu,SEARCH,1,0,0.0,0.0
Search | Poliweglan | Pl,tunele z poliwęglanu,namiot ogrodowy z poliwęglanu,SEARCH,1,0,0.0,0.0
Search | Poliweglan | Pl,wymiary | poliwęglan 3х4,namiot ogrodowy z poliwęglanu,SEARCH,3,0,0.0,0.0
Search | Poliweglan | Pl,namioty z poliwęglanu,namiot ogrodowy z poliweglanu,SEARCH,2,0,0.0,0.0
Search | Poliweglan | Pl,mala szklarnia z poliweglanu,namiot ogrodowy szklarnia,SEARCH,1,0,0.0,0.0
Search | Poliweglan | Pl,wymiary | poliwęglan 4х6,namiot ogrodowy szklarnia,SEARCH,2,0,0.0,0.0
Search | Poliweglan | Pl,wymiary | poliwęglan 3х4,namiot ogrodowy szklarnia,SEARCH,2,0,0.0,0.0
Search | Poliweglan | Pl,szklarnie z poliwęglanu [phrase],szklarnia ogrodowa plastikowa,SEARCH,2,0,0.0,0.0
Search | Poliweglan | Pl,mala szklarnia z poliweglanu,szklarnia ogrodowa mocna,SEARCH_PARTNERS,2,0,0.0,0.0
Search | Poliweglan | Pl,wymiary | poliwęglan 3х4,szklarnia ogrodowa z poliwęglanu,SEARCH,18,0,0.0,0.0
Search | Poliweglan | Pl,szklarnie z poliwęglanu [phrase],szklarnia ogrodowa z poliweglanu,SEARCH,1,0,0.0,0.0
Search | Poliweglan | Pl,mala szklarnia z poliweglanu,szklarnia ogrodowa wyprzedaż,SEARCH,6,0,0.0,0.0
Search | Poliweglan | Pl,wymiary | poliwęglan 2х4,szklarnia ogrodowa wyprzedaż,SEARCH,1,0,0.0,0.0
Search | Poliweglan | Pl,wymiary | poliwęglan 3х4,szklarnia ogrodowa wyprzedaż,SEARCH,4,0,0.0,0.0
Search | Poliweglan | Pl,wymiary | poliwęglan 2х4,szklarnia ogrodowa szczecin,SEARCH,1,0,0.0,0.0
Search | Poliweglan | Pl,wymiary | poliwęglan 4х6,szklarnia ogrodowa pomidor premium poliwęglan 210x271,SEARCH,1,0,0.0,0.0
Search | Poliweglan | Pl,szklarnie z poliwęglanu [phrase],szklarnia ogrodowa pomidor premium poliwęglan 210x271,SEARCH,2,0,0.0,0.0
Search | Poliweglan | Pl,wymiary | poliwęglan 3х4,szklarnia ogrodowa polska,SEARCH,1,0,0.0,0.0
Search | Poliweglan | Pl,szklarnie z poliwęglanu [phrase],szklarnia ogrodowa poliwęglan 6mm,SEARCH,2,0,0.0,0.0
Search | Poliweglan | Pl,wymiary | poliwęglan 3х6,szklarnia ogrodowa poliwęglan 3x6,SEARCH,1,0,0.0,0.0
Search | Poliweglan | Pl,mala szklarnia z poliweglanu,szklarnia ogrodowa poliwęglan,SEARCH,1,0,0.0,0.0
Search | Poliweglan | Pl,szklarnie z poliwęglanu [phrase],szklarnia ogrodowa poliwęglan,SEARCH,1,0,0.0,0.0
Search | Poliweglan | Pl,wymiary | poliwęglan 3х4,szklarnia ogrodowa poliwęglan,SEARCH,2,0,0.0,0.0
Search | Poliweglan | Pl,szklarnie z poliwęglanu [phrase],szklarnia ogrodowa poliweglan,SEARCH,5,0,0.0,0.0
Search | Poliweglan | Pl,namioty z poliwęglanu,namiot poliweglan 3x6,SEARCH,3,0,0.0,0.0
Search | Poliweglan | Pl,wymiary | poliwęglan 3х4,szklarnia poliweglan 3x4,SEARCH,3,0,0.0,0.0
Search | Poliweglan | Pl,mala szklarnia z poliweglanu,szklarnia poliweglan,SEARCH,1,0,0.0,0.0
Search | Poliweglan | Pl,wymiary | poliwęglan 3х4,szklarnia poliweglan,SEARCH,2,0,0.0,0.0
Search | Poliweglan | Pl,szklarnie z poliwęglanu [phrase],szklarnia poli,SEARCH,1,0,0.0,0.0
Search | Poliweglan | Pl,wymiary | poliwęglan 3х4,szklarnia poli,SEARCH,1,0,0.0,0.0
Search | Poliweglan | Pl,mala szklarnia z poliweglanu,szklarnia podziemna,SEARCH_PARTNERS,1,0,0.0,0.0
Search | Poliweglan | Pl,wymiary | poliwęglan 4х6,szklarnia plus,SEARCH,2,0,0.0,0.0
Search | Poliweglan | Pl,mala szklarnia z poliweglanu,szklarnia pl,SEARCH,3,0,0.0,0.0
Search | Poliweglan | Pl,wymiary | poliwęglan 4х6,szklarnia pl,SEARCH,8,0,0.0,0.0
Search | Poliweglan | Pl,wymiary | poliwęglan 3х4,szklarnia pl,SEARCH,2,0,0.0,0.0
Search | Poliweglan | Pl,wymiary | poliwęglan 4х6,szklarnia ogórek,SEARCH,1,0,0.0,0.0
Search | Poliweglan | Pl,szklarnie z poliwęglanu [phrase],szklarnia ogrodowa z poliwęglanu 6mm,SEARCH,2,0,0.0,0.0
Search | Poliweglan | Pl,wymiary | poliwęglan 3х4,szklarnia ogrodowa z poliwęglanu 3x4,SEARCH,11,0,0.0,0.0
Search | Poliweglan | Pl,wymiary | poliwęglan 2х4,szklarnia ogrodowa z poliwęglanu 2x4,SEARCH,1,0,0.0,0.0
Search | Poliweglan | Pl,mala szklarnia z poliweglanu,szklarnia ogrodowa z poliwęglanu,SEARCH,1,0,0.0,0.0
Search | Poliweglan | Pl,szklarnie z poliwęglanu [exact],szklarnia ogrodowa z poliwęglanu,SEARCH,11,0,0.0,0.0
Search | Poliweglan | Pl,szklarnie z poliwęglanu [phrase],szklarnia poliwęglan 2.5 x4,SEARCH,2,0,0.0,0.0
Search | Poliweglan | Pl,wymiary | poliwęglan 3х4,szklarnia poliwęglan 2.5 x4,SEARCH,1,0,0.0,0.0
Search | Poliweglan | Pl,wymiary | poliwęglan 3х4,szklarnia poliwęglan 2 5x4,SEARCH,1,0,0.0,0.0
Search | Poliweglan | Pl,szklarnie z poliwęglanu [phrase],szklarnia poliwęglan 10mm,SEARCH,1,0,0.0,0.0
Search | Poliweglan | Pl,mala szklarnia z poliweglanu,szklarnia poliwęglan,SEARCH,1,0,0.0,0.0
Search | Poliweglan | Pl,wymiary | poliwęglan 2х4,szklarnia poliwęglan,SEARCH,1,0,0.0,0.0
Search | Poliweglan | Pl,wymiary | poliwęglan 4х6,szklarnia poliwęglan,SEARCH,21,0,0.0,0.0
Search | Poliweglan | Pl,wymiary | poliwęglan 3х4,szklarnia poliwęglan,SEARCH,16,0,0.0,0.0
Search | Poliweglan | Pl,wymiary | poliwęglan 3х4,szklarnia poliweglowa,SEARCH,1,0,0.0,0.0
Search | Poliweglan | Pl,wymiary | poliwęglan 4х6,szklarnia poliweglanowa,SEARCH,2,0,0.0,0.0
Search | Poliweglan | Pl,szklarnie z poliwęglanu [phrase],szklarnia poliweglanowa,SEARCH,5,0,0.0,0.0
Search | Poliweglan | Pl,wymiary | poliwęglan 3х4,szklarnia poliweglanowa,SEARCH,1,0,0.0,0.0
Search | Poliweglan | Pl,szklarnie z poliwęglanu [phrase],szklarnia poliweglan 6mm,SEARCH,3,0,0.0,0.0
Search | Poliweglan | Pl,wymiary | poliwęglan 3х4,szklarnia poliweglan 6mm,SEARCH,2,0,0.0,0.0
Search | Poliweglan | Pl,szklarnie z poliwęglanu [phrase],szklarnia poliweglan 6 mm,SEARCH,2,0,0.0,0.0
Search | Poliweglan | Pl,wymiary | poliwęglan 3х6,szklarnia poliweglan 3x6,SEARCH,4,0,0.0,0.0
Search | Poliweglan | Pl,szklarnie z poliwęglanu [phrase],szklarnia poliwęglan 4x8,SEARCH,6,0,0.0,0.0
Search | Poliweglan | Pl,mala szklarnia z poliweglanu,szklarnia poliwęglan 3x8,SEARCH,1,0,0.0,0.0
Search | Poliweglan | Pl,wymiary | poliwęglan 3х8,szklarnia poliwęglan 3x8,SEARCH,1,0,0.0,0.0
Search | Poliweglan | Pl,wymiary | poliwęglan 3х6,szklarnia poliwęglan 3x6 6mm,SEARCH,2,0,0.0,0.0
Search | Poliweglan | Pl,wymiary | poliwęglan 3х6,szklarnia poliwęglan 3x6,SEARCH_PARTNERS,1,0,0.0,0.0
Search | Poliweglan | Pl,wymiary | poliwęglan 4х6,szklarnia poliwęglan 3x6,SEARCH,1,0,0.0,0.0
Search | Poliweglan | Pl,szklarnie z poliwęglanu [phrase],szklarnia poliwęglan 3x4 6mm,SEARCH,2,0,0.0,0.0
Search | Poliweglan | Pl,wymiary | poliwęglan 3х4,szklarnia poliwęglan 3x4 6mm,SEARCH,3,0,0.0,0.0
Search | Poliweglan | Pl,wymiary | poliwęglan 3х4,szklarnia poliwęglan 3x4,SEARCH_PARTNERS,1,0,0.0,0.0
Search | Poliweglan | Pl,wymiary | poliwęglan 3х4,szklarnia poliwęglan 3x2,SEARCH,1,0,0.0,0.0
Search | Poliweglan | Pl,szklarnie z poliwęglanu [phrase],szklarnia poliwęglan 3x10,SEARCH,1,0,0.0,0.0
Search | Poliweglan | Pl,wymiary | poliwęglan 4х6,szklarnia poliwęglan 3 x 6,SEARCH,2,0,0.0,0.0
Search | Poliweglan | Pl,szklarnie z poliwęglanu [phrase],szklarnia poliwęglan 3 x 6,SEARCH,1,0,0.0,0.0
Search | Poliweglan | Pl,mala szklarnia z poliweglanu,szklarnia poliwęglan 2x2,SEARCH,3,0,0.0,0.0
Search | Poliweglan | Pl,szklarnie z poliwęglanu [phrase],szklarnia poliwęglan 2x2,SEARCH,1,0,0.0,0.0
Search | Poliweglan | Pl,wymiary | poliwęglan 2х4,szklarnia poliwęglan 2.5 x4,SEARCH,1,0,0.0,0.0
Search | Poliweglan | Pl,wymiary | poliwęglan 3х4,namiot ogrodowy pod warzywa,SEARCH,5,0,0.0,0.0
Search | Poliweglan | Pl,wymiary | poliwęglan 3х4,namiot ogrodowy na warzywa,SEARCH,9,0,0.0,0.0
Search | Poliweglan | Pl,wymiary | poliwęglan 4х6,namiot ogrodowy na pomidory,SEARCH,1,0,0.0,0.0
Search | Poliweglan | Pl,wymiary | poliwęglan 3х4,namiot ogrodowy na pomidory,SEARCH,1,0,0.0,0.0
Search | Poliweglan | Pl,wymiary | poliwęglan 3х4,namiot ogrodowy do warzyw,SEARCH,3,0,0.0,0.0
Search | Poliweglan | Pl,namioty z poliwęglanu,namiot ogrodowy 3x6 z poliwęglanu,SEARCH,6,0,0.0,0.0
Search | Poliweglan | Pl,namioty z poliwęglanu,namiot ogrodowy 3x4 z poliwęglanu,SEARCH,1,0,0.0,0.0
Search | Poliweglan | Pl,wymiary | poliwęglan 3х4,namiot ogrodniczy z poliwęglanu,SEARCH,1,0,0.0,0.0
Search | Poliweglan | Pl,wymiary | poliwęglan 4х6,namiot ogrodniczy 3x6,SEARCH,1,0,0.0,0.0
Search | Poliweglan | Pl,wymiary | poliwęglan 3х4,namiot ogrodniczy 3x6,SEARCH,1,0,0.0,0.0
Search | Poliweglan | Pl,wymiary | poliwęglan 4х6,namiot na warzywa z poliwęglanu,SEARCH,3,0,0.0,0.0
Search | Poliweglan | Pl,tunele z poliwęglanu,namiot na warzywa z poliwęglanu,SEARCH,5,0,0.0,0.0
Search | Poliweglan | Pl,namioty z poliwęglanu,namiot na warzywa z poliwęglanu,SEARCH,2,0,0.0,0.0
Search | Poliweglan | Pl,szklarnie z poliwęglanu [phrase],szklarnia poliwęglan 6 mm,SEARCH,3,0,0.0,0.0
Search | Poliweglan | Pl,wymiary | poliwęglan 3х4,szklarnia poliwęglan 6 mm,SEARCH,3,0,0.0,0.0
Search | Poliweglan | Pl,wymiary | poliwęglan 4х6,szklarnia poliwęglan 4x8,SEARCH,2,0,0.0,0.0
Search | Poliweglan | Pl,wymiary | poliwęglan 4х6,szklarnia pomidor,SEARCH,1,0,0.0,0.0
Search | Poliweglan | Pl,szklarnie z poliwęglanu [phrase],szklarnia pomidor,SEARCH,1,0,0.0,0.0
Search | Poliweglan | Pl,wymiary | poliwęglan 3х4,szklarnia pomidor,SEARCH,1,0,0.0,0.0
Search | Poliweglan | Pl,wymiary | poliwęglan 3х4,szklarnia polski producent,SEARCH,1,0,0.0,0.0
Search | Poliweglan | Pl,wymiary | poliwęglan 4х6,szklarnia polska,SEARCH,2,0,0.0,0.0
Search | Poliweglan | Pl,wymiary | poliwęglan 3х4,szklarnia poliwęglanu,SEARCH,5,0,0.0,0.0
Search | Poliweglan | Pl,wymiary | poliwęglan 3х4,szklarnia poliwęglanowa 3x4 m,SEARCH,1,0,0.0,0.0
Search | Poliweglan | Pl,wymiary | poliwęglan 3х4,szklarnia poliwęglanowa 3x4,SEARCH,2,0,0.0,0.0
Search | Poliweglan | Pl,wymiary | poliwęglan 3х6,szklarnia poliwęglanowa 3 x 6,SEARCH,8,0,0.0,0.0
Search | Poliweglan | Pl,wymiary | poliwęglan 2х4,szklarnia poliwęglanowa,SEARCH,1,0,0.0,0.0
Search | Poliweglan | Pl,wymiary | poliwęglan 4х6,szklarnia poliwęglanowa,SEARCH,5,0,0.0,0.0
Search | Poliweglan | Pl,wymiary | poliwęglan 3х4,szklarnia poliwęglanowa,SEARCH,10,0,0.0,0.0
Search | Poliweglan | Pl,szklarnie z poliwęglanu [phrase],szklarnia poliwęglan wyprzedaż,SEARCH,1,0,0.0,0.0
Search | Poliweglan | Pl,mala szklarnia z poliweglanu,szklarnia poliwęglan na wymiar,SEARCH,1,0,0.0,0.0
Search | Poliweglan | Pl,wymiary | poliwęglan 4х6,szklarnia poliwęglan 6x3,SEARCH,2,0,0.0,0.0
Search | Poliweglan | Pl,namioty z poliwęglanu,namiot ogrodowy poliwęglan,SEARCH,4,0,0.0,0.0
Search | Poliweglan | Pl,wymiary | poliwęglan 3х4,namiot na warzywa 3x6,SEARCH,2,0,0.0,0.0
Search | Poliweglan | Pl,wymiary | poliwęglan 4х6,namiot na warzywa,SEARCH,4,0,0.0,0.0
Search | Poliweglan | Pl,wymiary | poliwęglan 3х4,namiot na warzywa,SEARCH,12,0,0.0,0.0
Search | Poliweglan | Pl,wymiary | poliwęglan 4х6,namiot na pomidory z poliwęglanu,SEARCH,1,0,0.0,0.0
Search | Poliweglan | Pl,tunele z poliwęglanu,namiot na pomidory z poliwęglanu,SEARCH,3,0,0.0,0.0
Search | Poliweglan | Pl,wymiary | poliwęglan 3х4,namiot na pomidory 3x4,SEARCH,8,0,0.0,0.0
Search | Poliweglan | Pl,wymiary | poliwęglan 4х6,namiot na pomidory,SEARCH,1,0,0.0,0.0
Search | Poliweglan | Pl,wymiary | poliwęglan 3х4,namiot na pomidory,SEARCH,12,0,0.0,0.0
Search | Poliweglan | Pl,wymiary | poliwęglan 3х4,namiot do pomidorów,SEARCH,2,0,0.0,0.0
Search | Poliweglan | Pl,wymiary | poliwęglan 3х4,namiot cieplarniany,SEARCH,1,0,0.0,0.0
Search | Poliweglan | Pl,wymiary | poliwęglan 4х6,najtańsze szklarnie z poliwęglanu,SEARCH,1,0,0.0,0.0
Search | Poliweglan | Pl,szklarnie z poliwęglanu [phrase],szklarnia profimet mocna,SEARCH,2,0,0.0,0.0
Search | Poliweglan | Pl,szklarnie z poliwęglanu [phrase],szklarnia profimet,SEARCH_PARTNERS,2,0,0.0,0.0
Search | Poliweglan | Pl,wymiary | poliwęglan 3х4,szklarnia producent,SEARCH,6,0,0.0,0.0
Search | Poliweglan | Pl,wymiary | poliwęglan 3х4,szklarnia pomidor premium plus,SEARCH,1,0,0.0,0.0
Search | Poliweglan | Pl,mala szklarnia z poliweglanu,szklarnia pomidor,SEARCH_PARTNERS,1,0,0.0,0.0
Search | Poliweglan | Pl,wymiary | poliwęglan 4х6,szklarnia tunel,SEARCH,5,0,0.0,0.0
Search | Poliweglan | Pl,wymiary | poliwęglan 3х4,szklarnia tunel,SEARCH,7,0,0.0,0.0
Search | Poliweglan | Pl,mala szklarnia z poliweglanu,szklarnia tanio,SEARCH,1,0,0.0,0.0
Search | Poliweglan | Pl,mala szklarnia z poliweglanu,szklarnia sprzedam,SEARCH,1,0,0.0,0.0
Search | Poliweglan | Pl,wymiary | poliwęglan 4х6,szklarnia sklep,SEARCH,1,0,0.0,0.0
Search | Poliweglan | Pl,mala szklarnia z poliweglanu,szklarnia rozowa,SEARCH,1,0,0.0,0.0
Search | Poliweglan | Pl,mala szklarnia z poliweglanu,szklarnia rolnicza,SEARCH,1,0,0.0,0.0
Search | Poliweglan | Pl,wymiary | poliwęglan 3х4,szklarnia retro,SEARCH_PARTNERS,1,0,0.0,0.0
Search | Poliweglan | Pl,wymiary | poliwęglan 4х6,szklarnia półokrągła,SEARCH,2,0,0.0,0.0
Search | Poliweglan | Pl,mala szklarnia z poliweglanu,szklarnia przydomowa,SEARCH_PARTNERS,1,0,0.0,0.0
Search | Poliweglan | Pl,wymiary | poliwęglan 2х4,szklarnia przydomowa,SEARCH_PARTNERS,1,0,0.0,0.0
Search | Poliweglan | Pl,mala szklarnia z poliweglanu,szklarnia przydomowa,SEARCH,1,0,0.0,0.0
Search | Poliweglan | Pl,wymiary | poliwęglan 3х4,szklarnia przydomowa,SEARCH,8,0,0.0,0.0
Search | Poliweglan | Pl,wymiary | poliwęglan 3х4,szklarnia promocja,SEARCH,2,0,0.0,0.0
Search | Poliweglan | Pl,wymiary | poliwęglan 3х4,namiot na warzywa z poliwęglanu,SEARCH,2,0,0.0,0.0
Search | Poliweglan | Pl,wymiary | poliwęglan 4х6,namiot na warzywa 3x6,SEARCH,1,0,0.0,0.0
Search | Poliweglan | Pl,mala szklarnia z poliweglanu,szklarnia wyprzedaż,SEARCH,1,0,0.0,0.0
Search | Poliweglan | Pl,wymiary | poliwęglan 3х4,szklarnia wyprzedaż,SEARCH,1,0,0.0,0.0
Search | Poliweglan | Pl,mala szklarnia z poliweglanu,szklarnia w środku,SEARCH_PARTNERS,1,0,0.0,0.0
Search | Poliweglan | Pl,mala szklarnia z poliweglanu,szklarnia w domu,SEARCH_PARTNERS,2,0,0.0,0.0
Search | Poliweglan | Pl,mala szklarnia z poliweglanu,szklarnia vintage,SEARCH,1,0,0.0,0.0
Search | Poliweglan | Pl,wymiary | poliwęglan 3х4,szklarnia victoria deluxe,SEARCH,1,0,0.0,0.0
Search | Poliweglan | Pl,mala szklarnia z poliweglanu,szklarnia victoria,SEARCH,1,0,0.0,0.0
Search | Poliweglan | Pl,mala szklarnia z poliweglanu,szklarnia verbena,SEARCH_PARTNERS,1,0,0.0,0.0
Search | Poliweglan | Pl,mala szklarnia z poliweglanu,szklarnia verbena,SEARCH,2,0,0.0,0.0
Search | Poliweglan | Pl,wymiary | poliwęglan 4х6,szklarnia verbena,SEARCH,1,0,0.0,0.0
Search | Poliweglan | Pl,szklarnie z poliwęglanu [phrase],szklarnia verbena,SEARCH,2,0,0.0,0.0
Search | Poliweglan | Pl,wymiary | poliwęglan 3х4,szklarnia verbena,SEARCH,1,0,0.0,0.0
Search | Poliweglan | Pl,szklarnie z poliwęglanu [phrase],szklarnia tunelowa z poliwęglanu,SEARCH,2,0,0.0,0.0
Search | Poliweglan | Pl,szklarnie z poliwęglanu [phrase],szklarnia tunel z poliwęglanu,SEARCH,3,0,0.0,0.0
Search | Poliweglan | Pl,wymiary | poliwęglan 3х4,szklarnia tunel poliwęglan,SEARCH,1,0,0.0,0.0
Search | Poliweglan | Pl,szklarnie z poliwęglanu [phrase],szklarnia tunel ogrodowa z poliwęglanu,SEARCH,2,0,0.0,0.0
Search | Poliweglan | Pl,mala szklarnia z poliweglanu,moja szklarnia ogrodowa,SEARCH,13,0,0.0,0.0
Search | Poliweglan | Pl,mala szklarnia z poliweglanu,moja szklarnia,SEARCH,1,0,0.0,0.0
Search | Poliweglan | Pl,wymiary | poliwęglan 4х6,moja szklarnia,SEARCH,1,0,0.0,0.0
Search | Poliweglan | Pl,mala szklarnia z poliweglanu,modna szklarnia pl,SEARCH,1,0,0.0,0.0
Search | Poliweglan | Pl,szklarnie z poliwęglanu [phrase],modna szklarnia pl,SEARCH,1,0,0.0,0.0
Search | Poliweglan | Pl,mala szklarnia z poliweglanu,modna szklarnia,SEARCH,2,0,0.0,0.0
Search | Poliweglan | Pl,szklarnie z poliwęglanu [phrase],szklarnia z poliweglanu,SEARCH_PARTNERS,4,0,0.0,0.0
Search | Poliweglan | Pl,mala szklarnia z poliweglanu,szklarnia z poliweglanu,SEARCH,16,0,0.0,0.0
Search | Poliweglan | Pl,wymiary | poliwęglan 4х6,szklarnia z poliweglanu,SEARCH,17,0,0.0,0.0
Search | Poliweglan | Pl,mala szklarnia z poliweglanu,szklarnia z palet,SEARCH_PARTNERS,1,0,0.0,0.0
Search | Poliweglan | Pl,wymiary | poliwęglan 4х6,szklarnia z montazem,SEARCH,7,0,0.0,0.0
Search | Poliweglan | Pl,mala szklarnia z poliweglanu,szklarnia z litego poliweglanu,SEARCH_PARTNERS,1,0,0.0,0.0
Search | Poliweglan | Pl,szklarnie z poliwęglanu [phrase],szklarnia z litego poliweglanu,SEARCH_PARTNERS,2,0,0.0,0.0
Search | Poliweglan | Pl,szklarnie z poliwęglanu [phrase],szklarnia z litego poliweglanu,SEARCH,2,0,0.0,0.0
Search | Poliweglan | Pl,mala szklarnia z poliweglanu,szklarnia z bocznym wejściem,SEARCH,1,0,0.0,0.0
Search | Poliweglan | Pl,wymiary | poliwęglan 4х6,szklarnia z,SEARCH,2,0,0.0,0.0
Search | Poliweglan | Pl,wymiary | poliwęglan 2х4,szklarnia z poliwęglanu 2 5x4,SEARCH,3,0,0.0,0.0
Search | Poliweglan | Pl,szklarnie z poliwęglanu [phrase],szklarnia z poliwęglanu 2 5 x4,SEARCH,2,0,0.0,0.0
Search | Poliweglan | Pl,szklarnie z poliwęglanu [phrase],szklarnia z poliwęglanu 2 4x4,SEARCH,2,0,0.0,0.0
Search | Poliweglan | Pl,wymiary | poliwęglan 4х6,szklarnia z poliwęglan,SEARCH,1,0,0.0,0.0
Search | Poliweglan | Pl,szklarnie z poliwęglanu [phrase],szklarnia z poliwęglan,SEARCH,1,0,0.0,0.0
Search | Poliweglan | Pl,wymiary | poliwęglan 3х4,szklarnia z poliweglanu 6mm,SEARCH,1,0,0.0,0.0
Search | Poliweglan | Pl,szklarnie z poliwęglanu [phrase],szklarnia z poliweglanu 3x8,SEARCH,9,0,0.0,0.0
Search | Poliweglan | Pl,wymiary | poliwęglan 3х4,szklarnia z poliweglanu 3x8,SEARCH,1,0,0.0,0.0
Search | Poliweglan | Pl,mala szklarnia z poliweglanu,szklarnia z poliweglanu,SEARCH_PARTNERS,1,0,0.0,0.0
Search | Poliweglan | Pl,szklarnie z poliwęglanu [phrase],najtańsza szklarnia z poliwęglanu,SEARCH,4,0,0.0,0.0
Search | Poliweglan | Pl,wymiary | poliwęglan 3х4,najlepsze szklarnie z poliwęglanu,SEARCH,8,0,0.0,0.0
Search | Poliweglan | Pl,szklarnie z poliwęglanu [phrase],najlepsza szklarnia z poliwęglanu,SEARCH,1,0,0.0,0.0
Search | Poliweglan | Pl,mala szklarnia z poliweglanu,multiszklarnia pl,SEARCH,2,0,0.0,0.0
Search | Poliweglan | Pl,wymiary | poliwęglan 3х4,multi szklarnia,SEARCH,1,0,0.0,0.0
Search | Poliweglan | Pl,wymiary | poliwęglan 4х6,montowanie szklarni z poliwęglanu,SEARCH,1,0,0.0,0.0
Search | Poliweglan | Pl,wymiary | poliwęglan 3х4,montowanie szklarni z poliwęglanu,SEARCH,1,0,0.0,0.0
Search | Poliweglan | Pl,wymiary | poliwęglan 3х4,mocne szklarnie,SEARCH_PARTNERS,1,0,0.0,0.0
Search | Poliweglan | Pl,mala szklarnia z poliweglanu,mocne szklarnie,SEARCH,5,0,0.0,0.0
Search | Poliweglan | Pl,wymiary | poliwęglan 4х6,mocne szklarnie,SEARCH,1,0,0.0,0.0
Search | Poliweglan | Pl,wymiary | poliwęglan 4х6,mocna szklarnia z poliwęglanu,SEARCH,2,0,0.0,0.0
Search | Poliweglan | Pl,szklarnie z poliwęglanu [exact],mocna szklarnia z poliwęglanu,SEARCH,2,0,0.0,0.0
Search | Poliweglan | Pl,mala szklarnia z poliweglanu,szklarnia z poliwęglanu 250 x 190 x 205 cm,SEARCH,1,0,0.0,0.0
Search | Poliweglan | Pl,szklarnie z poliwęglanu [phrase],szklarnia z poliwęglanu 250 x 190 x 205 cm,SEARCH,1,0,0.0,0.0
Search | Poliweglan | Pl,szklarnie z poliwęglanu [phrase],szklarnia z poliwęglanu 2.5 x5,SEARCH,1,0,0.0,0.0
Search | Poliweglan | Pl,mala szklarnia z poliweglanu,szklarnia z poliwęglanu 2.5 x4,SEARCH,2,0,0.0,0.0
Search | Poliweglan | Pl,wymiary | poliwęglan 2х4,szklarnia z poliwęglanu 2.5 x4,SEARCH,1,0,0.0,0.0
Search | Poliweglan | Pl,szklarnie z poliwęglanu [phrase],szklarnia z poliwęglanu 2.5 x4,SEARCH,6,0,0.0,0.0
Search | Poliweglan | Pl,wymiary | poliwęglan 3х4,szklarnia z poliwęglanu 2.5 x4,SEARCH,1,0,0.0,0.0
Search | Poliweglan | Pl,szklarnie z poliwęglanu [phrase],szklarnia z poliwęglanu 2.5 x3,SEARCH,3,0,0.0,0.0
Search | Poliweglan | Pl,wymiary | poliwęglan 3х4,szklarnia z poliwęglanu 2 x 2,SEARCH,1,0,0.0,0.0
Search | Poliweglan | Pl,mala szklarnia z poliweglanu,szklarnia z poliwęglanu 2 5x4,SEARCH,4,0,0.0,0.0
Search | Poliweglan | Pl,wymiary | poliwęglan 2 5х4,szklarnia z poliwęglanu 2 5x4,SEARCH,1,0,0.0,0.0
Search | Poliweglan | Pl,wymiary | poliwęglan 4х6,merkury market szklarnia,SEARCH,1,0,0.0,0.0
Search | Poliweglan | Pl,mala szklarnia z poliweglanu,mega agronom szklarnie,SEARCH,1,0,0.0,0.0
Search | Poliweglan | Pl,wymiary | poliwęglan 3х4,mały tunel ogrodowy,SEARCH,1,0,0.0,0.0
Search | Poliweglan | Pl,mala szklarnia z poliweglanu,małe tunele z poliwęglanu,SEARCH,2,0,0.0,0.0
Search | Poliweglan | Pl,tunele z poliwęglanu,małe tunele z poliwęglanu,SEARCH,3,0,0.0,0.0
Search | Poliweglan | Pl,szklarnie z poliwęglanu [phrase],szklarnia z poliwęglanu 3x10,SEARCH,6,0,0.0,0.0
Search | Poliweglan | Pl,wymiary | poliwęglan 3х4,szklarnia z poliwęglanu 3x10,SEARCH,1,0,0.0,0.0
Search | Poliweglan | Pl,wymiary | poliwęglan 3х6,szklarnia z poliwęglanu 3 x 6 m,SEARCH,2,0,0.0,0.0
Search | Poliweglan | Pl,szklarnie z poliwęglanu [phrase],szklarnia z poliwęglanu 2x6,SEARCH,3,0,0.0,0.0
Search | Poliweglan | Pl,szklarnie z poliwęglanu [phrase],szklarnia z poliwęglanu 2x4 6mm,SEARCH,1,0,0.0,0.0
Search | Poliweglan | Pl,mala szklarnia z poliweglanu,szklarnia z poliwęglanu 2x2 5,SEARCH,3,0,0.0,0.0
Search | Poliweglan | Pl,mala szklarnia z poliweglanu,szklarnia z poliwęglanu 2x2,SEARCH,6,0,0.0,0.0
Search | Poliweglan | Pl,wymiary | poliwęglan 2х4,modna szklarnia,SEARCH,1,0,0.0,0.0
Search | Poliweglan | Pl,wymiary | poliwęglan 3х4,modna szklarnia,SEARCH,11,0,0.0,0.0
Search | Poliweglan | Pl,wymiary | poliwęglan 3х4,mocny tunel ogrodowy,SEARCH,2,0,0.0,0.0
Search | Poliweglan | Pl,mala szklarnia z poliweglanu,mocne szklarnie pl,SEARCH,5,0,0.0,0.0
Search | Poliweglan | Pl,szklarnie z poliwęglanu [phrase],szklarnia z poliwęglanu 3x6,SEARCH,4,0,0.0,0.0
Search | Poliweglan | Pl,mala szklarnia z poliweglanu,szklarnia z poliwęglanu 3x4 profimet,SEARCH,1,0,0.0,0.0
Search | Poliweglan | Pl,szklarnie z poliwęglanu [phrase],szklarnia z poliwęglanu 3x4 producent,SEARCH,2,0,0.0,0.0
Search | Poliweglan | Pl,wymiary | poliwęglan 3х4,szklarnia z poliwęglanu 3x4 6mm,SEARCH_PARTNERS,2,0,0.0,0.0
Search | Poliweglan | Pl,szklarnie z poliwęglanu [phrase],szklarnia z poliwęglanu 3x4 6mm,SEARCH,10,0,0.0,0.0
Search | Poliweglan | Pl,szklarnie z poliwęglanu [phrase],szklarnia z poliwęglanu 3x4 5,SEARCH,1,0,0.0,0.0
Search | Poliweglan | Pl,wymiary | poliwęglan 3х4,szklarnia z poliwęglanu 3x4 5,SEARCH,2,0,0.0,0.0
Search | Poliweglan | Pl,mala szklarnia z poliweglanu,szklarnia z poliwęglanu 3x2,SEARCH,18,0,0.0,0.0
Search | Poliweglan | Pl,szklarnie z poliwęglanu [phrase],szklarnia z poliwęglanu 3x2,SEARCH,1,0,0.0,0.0
Search | Poliweglan | Pl,szklarnie z poliwęglanu [phrase],szklarnia z poliwęglanu 3x12,SEARCH,2,0,0.0,0.0
Search | Poliweglan | Pl,wymiary | poliwęglan 3х4,szklarnia z poliwęglanu 3x12,SEARCH,2,0,0.0,0.0
Search | Poliweglan | Pl,wymiary | poliwęglan 3х4,mocna szklarnia pl,SEARCH,3,0,0.0,0.0
Search | Poliweglan | Pl,wymiary | poliwęglan 3х4,mocna szklarnia ogrodowa,SEARCH,2,0,0.0,0.0
Search | Poliweglan | Pl,mala szklarnia z poliweglanu,mocna szklarnia,SEARCH_PARTNERS,1,0,0.0,0.0
Search | Poliweglan | Pl,wymiary | poliwęglan 4х6,mocna szklarnia,SEARCH,4,0,0.0,0.0
Search | Poliweglan | Pl,mala szklarnia z poliweglanu,merkury market szklarnia,SEARCH,1,0,0.0,0.0
Search | Poliweglan | Pl,mala szklarnia z poliweglanu,małe szklarnie przydomowe,SEARCH,1,0,0.0,0.0
Search | Poliweglan | Pl,wymiary | poliwęglan 3х4,małe szklarnie przydomowe,SEARCH,1,0,0.0,0.0
Search | Poliweglan | Pl,mala szklarnia z poliweglanu,małe szklarnie poliwęglanowe,SEARCH,1,0,0.0,0.0
Search | Poliweglan | Pl,szklarnie z poliwęglanu [phrase],małe szklarnie poliwęglanowe,SEARCH,1,0,0.0,0.0
Search | Poliweglan | Pl,mala szklarnia z poliweglanu,małe szklarnie ogrodowe z poliwęglanu,SEARCH,3,0,0.0,0.0
Search | Poliweglan | Pl,mala szklarnia z poliweglanu,małe szklarnie ogrodowe ceny,SEARCH,1,0,0.0,0.0
Search | Poliweglan | Pl,wymiary | poliwęglan 4х6,małe szklarnie ogrodowe ceny,SEARCH,1,0,0.0,0.0
Search | Poliweglan | Pl,mala szklarnia z poliweglanu,małe szklarnie ogrodowe,SEARCH,4,0,0.0,0.0
Search | Poliweglan | Pl,wymiary | poliwęglan 4х6,małe szklarnie ogrodowe,SEARCH,1,0,0.0,0.0
Search | Poliweglan | Pl,wymiary | poliwęglan 3х4,małe szklarnie ogrodowe,SEARCH,3,0,0.0,0.0
Search | Poliweglan | Pl,wymiary | poliwęglan 3х4,małe szklarnie na pomidory,SEARCH,1,0,0.0,0.0
Search | Poliweglan | Pl,wymiary | poliwęglan 3х4,szklarnia z poliwęglanu 3x6 producent,SEARCH,2,0,0.0,0.0
Search | Poliweglan | Pl,wymiary | poliwęglan 4х6,szklarnia z poliwęglanu 3x6 cena,SEARCH,1,0,0.0,0.0
Search | Poliweglan | Pl,szklarnie z poliwęglanu [phrase],szklarnia z poliwęglanu 3x6 6mm,SEARCH,2,0,0.0,0.0
Search | Poliweglan | Pl,wymiary | poliwęglan 3х6,szklarnia z poliwęglanu 3x6 6 mm,SEARCH,11,0,0.0,0.0
Search | Poliweglan | Pl,wymiary | poliwęglan 3х6,szklarnia z poliwęglanu 3x6,SEARCH_PARTNERS,1,0,0.0,0.0
Search | Poliweglan | Pl,szklarnie z poliwęglanu [phrase],szklarnia z poliwęglanu 3x8,SEARCH,12,0,0.0,0.0
Search | Poliweglan | Pl,wymiary | poliwęglan 3х4,szklarnia z poliwęglanu 3x8,SEARCH,4,0,0.0,0.0
Search | Poliweglan | Pl,wymiary | poliwęglan 3х6,szklarnia z poliwęglanu 3x6m producent,SEARCH,3,0,0.0,0.0
Search | Poliweglan | Pl,szklarnie z poliwęglanu [phrase],szklarnia z poliwęglanu 3x6 z fundamentem,SEARCH,1,0,0.0,0.0
Search | Poliweglan | Pl,wymiary | poliwęglan 3х6,szklarnia z poliwęglanu 3x6 z fundamentem,SEARCH,8,0,0.0,0.0
Search | Poliweglan | Pl,wymiary | poliwęglan 4х6,szklarnia z poliwęglanu 3x6 promocja,SEARCH,2,0,0.0,0.0
Search | Poliweglan | Pl,szklarnie z poliwęglanu [phrase],szklarnia z poliwęglanu 3x6 promocja,SEARCH,3,0,0.0,0.0
Search | Poliweglan | Pl,szklarnie z poliwęglanu [phrase],szklarnia z poliwęglanu 3x6 profimet,SEARCH,2,0,0.0,0.0
Search | Poliweglan | Pl,wymiary | poliwęglan 3х6,szklarnia z poliwęglanu 3x6 producent profimet,SEARCH,2,0,0.0,0.0
Search | Poliweglan | Pl,szklarnie z poliwęglanu [phrase],szklarnia z poliwęglanu 3x6 producent 6mm,SEARCH,1,0,0.0,0.0
Search | Poliweglan | Pl,wymiary | poliwęglan 3х4,szklarnia z poliwęglanu 3x6 producent 6mm,SEARCH,1,0,0.0,0.0
Search | Poliweglan | Pl,wymiary | poliwęglan 4х6,szklarnia z poliwęglanu 3x6 producent,SEARCH,1,0,0.0,0.0
Search | Poliweglan | Pl,mala szklarnia z poliweglanu,małe tunele ogrodowe,SEARCH,1,0,0.0,0.0
Search | Poliweglan | Pl,wymiary | poliwęglan 3х4,małe tunele ogrodowe,SEARCH,1,0,0.0,0.0
Search | Poliweglan | Pl,wymiary | poliwęglan 3х4,małe tunele,SEARCH,2,0,0.0,0.0
Search | Poliweglan | Pl,szklarnie z poliwęglanu [phrase],małe szklarnie z poliwęglanu,SEARCH,2,0,0.0,0.0
Search | Poliweglan | Pl,mala szklarnia z poliweglanu,szklarnia z poliwęglanu 4x4,SEARCH,1,0,0.0,0.0
Search | Poliweglan | Pl,wymiary | poliwęglan 3х4,szklarnia z poliwęglanu 4x4,SEARCH,2,0,0.0,0.0
Search | Poliweglan | Pl,wymiary | poliwęglan 2х4,szklarnia z poliwęglanu 4x2 5,SEARCH,1,0,0.0,0.0
Search | Poliweglan | Pl,wymiary | poliwęglan 2х4,szklarnia z poliwęglanu 4x2,SEARCH,9,0,0.0,0.0
Search | Poliweglan | Pl,wymiary | poliwęglan 4х6,szklarnia z poliwęglanu 4x12,SEARCH,1,0,0.0,0.0
Search | Poliweglan | Pl,szklarnie z poliwęglanu [phrase],szklarnia z poliwęglanu 4x12,SEARCH,5,0,0.0,0.0
Search | Poliweglan | Pl,wymiary | poliwęglan 4х6,szklarnia z poliwęglanu 4x10,SEARCH,1,0,0.0,0.0
Search | Poliweglan | Pl,szklarnie z poliwęglanu [phrase],szklarnia z poliwęglanu 4x10,SEARCH,11,0,0.0,0.0
Search | Poliweglan | Pl,wymiary | poliwęglan 3х4,szklarnia z poliwęglanu 4x10,SEARCH,3,0,0.0,0.0
Search | Poliweglan | Pl,wymiary | poliwęglan 4х8,szklarnia z poliwęglanu 4 x 8,SEARCH,2,0,0.0,0.0
Search | Poliweglan | Pl,szklarnie z poliwęglanu [phrase],szklarnia z poliwęglanu 4 x 6,SEARCH,1,0,0.0,0.0
Search | Poliweglan | Pl,wymiary | poliwęglan 3х4,szklarnia z poliwęglanu 4 x 6,SEARCH,2,0,0.0,0.0
Search | Poliweglan | Pl,mala szklarnia z poliweglanu,szklarnia z poliwęglanu 3x8 producent,SEARCH,1,0,0.0,0.0
Search | Poliweglan | Pl,wymiary | poliwęglan 3х4,szklarnia z poliwęglanu 3x8 producent,SEARCH,1,0,0.0,0.0
Search | Poliweglan | Pl,szklarnie z poliwęglanu [phrase],szklarnia z poliwęglanu 3x8 6mm,SEARCH,4,0,0.0,0.0
Search | Poliweglan | Pl,wymiary | poliwęglan 4х6,szklarnia z poliwęglanu 3x8,SEARCH,1,0,0.0,0.0
Search | Poliweglan | Pl,mala szklarnia z poliweglanu,małe przydomowe szklarnie,SEARCH,3,0,0.0,0.0
Search | Poliweglan | Pl,mala szklarnia z poliweglanu,mała szklarnia z poliwęglanu,SEARCH_PARTNERS,1,0,0.0,0.0
Search | Poliweglan | Pl,mala szklarnia z poliweglanu,mała szklarnia z poliwęglanu,SEARCH,2,0,0.0,0.0
Search | Poliweglan | Pl,szklarnie z poliwęglanu [phrase],mała szklarnia z poliwęglanu,SEARCH,1,0,0.0,0.0
Search | Poliweglan | Pl,wymiary | poliwęglan 3х4,mała szklarnia z poliwęglanu,SEARCH,1,0,0.0,0.0
Search | Poliweglan | Pl,mala szklarnia z poliweglanu,mała szklarnia ogrodowa z poliwęglanu,SEARCH,6,0,0.0,0.0
Search | Poliweglan | Pl,mala szklarnia z poliweglanu,mała szklarnia ogrodowa na pomidory,SEARCH,1,0,0.0,0.0
Search | Poliweglan | Pl,mala szklarnia z poliweglanu,mała szklarnia ogrodowa,SEARCH_PARTNERS,1,0,0.0,0.0
Search | Poliweglan | Pl,wymiary | poliwęglan 2х4,mała szklarnia ogrodowa,SEARCH,2,0,0.0,0.0
Search | Poliweglan | Pl,wymiary | poliwęglan 4х6,mała szklarnia ogrodowa,SEARCH,1,0,0.0,0.0
Search | Poliweglan | Pl,wymiary | poliwęglan 3х4,mała szklarnia ogrodowa,SEARCH,5,0,0.0,0.0
Search | Poliweglan | Pl,mala szklarnia z poliweglanu,mała szklarnia na pomidory,SEARCH,1,0,0.0,0.0
Search | Poliweglan | Pl,wymiary | poliwęglan 3х4,szklarnia z poliwęglanu 5x3,SEARCH,1,0,0.0,0.0
Search | Poliweglan | Pl,wymiary | poliwęglan 4х6,szklarnia z poliwęglanu 4x6,SEARCH_PARTNERS,1,0,0.0,0.0
Search | Poliweglan | Pl,szklarnie z poliwęglanu [phrase],szklarnia z poliwęglanu 4x6,SEARCH,5,0,0.0,0.0
Search | Poliweglan | Pl,wymiary | poliwęglan 3х4,szklarnia z poliwęglanu 4x6,SEARCH,1,0,0.0,0.0
Search | Poliweglan | Pl,wymiary | poliwęglan 3х4,szklarnia z poliwęglanu gaudi,SEARCH,1,0,0.0,0.0
Search | Poliweglan | Pl,wymiary | poliwęglan 4х6,szklarnia z poliwęglanu duża,SEARCH,1,0,0.0,0.0
Search | Poliweglan | Pl,szklarnie z poliwęglanu [phrase],szklarnia z poliwęglanu duża,SEARCH,3,0,0.0,0.0
Search | Poliweglan | Pl,mala szklarnia z poliweglanu,szklarnia z poliwęglanu cena,SEARCH,1,0,0.0,0.0
Search | Poliweglan | Pl,wymiary | poliwęglan 3х4,szklarnia z poliwęglanu cena,SEARCH,3,0,0.0,0.0
Search | Poliweglan | Pl,wymiary | poliwęglan 3х4,szklarnia z poliwęglanu 8x3,SEARCH,1,0,0.0,0.0
Search | Poliweglan | Pl,wymiary | poliwęglan 3х4,szklarnia z poliwęglanu 8 mm,SEARCH,5,0,0.0,0.0
Search | Poliweglan | Pl,wymiary | poliwęglan 4х6,szklarnia z poliwęglanu 6x3,SEARCH,3,0,0.0,0.0
Search | Poliweglan | Pl,szklarnie z poliwęglanu [phrase],szklarnia z poliwęglanu 6x3,SEARCH,4,0,0.0,0.0
Search | Poliweglan | Pl,wymiary | poliwęglan 3х6,szklarnia z poliwęglanu 6mm 3x6,SEARCH,4,0,0.0,0.0
Search | Poliweglan | Pl,wymiary | poliwęglan 3х4,szklarnia z poliwęglanu 6mm,SEARCH,3,0,0.0,0.0
Search | Poliweglan | Pl,wymiary | poliwęglan 3х4,szklarnia z poliwęglanu 6 mm,SEARCH,2,0,0.0,0.0
Search | Poliweglan | Pl,mala szklarnia z poliweglanu,szklarnia z poliwęglanu 5x3,SEARCH,1,0,0.0,0.0
Search | Poliweglan | Pl,mala szklarnia z poliweglanu,małe szklarnie,SEARCH_PARTNERS,3,0,0.0,0.0
Search | Poliweglan | Pl,mala szklarnia z poliweglanu,małe szklarnie,SEARCH,9,0,0.0,0.0
Search | Poliweglan | Pl,wymiary | poliwęglan 3х4,małe szklarnie,SEARCH,2,0,0.0,0.0
Search | Poliweglan | Pl,szklarnie z poliwęglanu [phrase],szklarnia z poliwęglanu tanio,SEARCH,1,0,0.0,0.0
Search | Poliweglan | Pl,wymiary | poliwęglan 3х4,szklarnia z poliwęglanu promocja,SEARCH,3,0,0.0,0.0
Search | Poliweglan | Pl,mala szklarnia z poliweglanu,szklarnia z poliwęglanu profimet mocna,SEARCH,1,0,0.0,0.0
Search | Poliweglan | Pl,szklarnie z poliwęglanu [phrase],szklarnia z poliwęglanu profimet mocna,SEARCH,7,0,0.0,0.0
Search | Poliweglan | Pl,szklarnie z poliwęglanu [phrase],szklarnia z poliwęglanu polski producent,SEARCH,19,0,0.0,0.0
Search | Poliweglan | Pl,szklarnie z poliwęglanu [phrase],szklarnia z poliwęglanu podkarpackie,SEARCH,1,0,0.0,0.0
Search | Poliweglan | Pl,mala szklarnia z poliweglanu,szklarnia z poliwęglanu okrągła,SEARCH,1,0,0.0,0.0
Search | Poliweglan | Pl,wymiary | poliwęglan 4х6,szklarnia z poliwęglanu na wymiar,SEARCH,1,0,0.0,0.0
Search | Poliweglan | Pl,szklarnie z poliwęglanu [phrase],szklarnia z poliwęglanu na raty,SEARCH,4,0,0.0,0.0
Search | Poliweglan | Pl,mala szklarnia z poliweglanu,szklarnia z poliwęglanu mała,SEARCH,3,0,0.0,0.0
Search | Poliweglan | Pl,szklarnie z poliwęglanu [phrase],szklarnia z poliwęglanu komorowego,SEARCH,5,0,0.0,0.0
Search | Poliweglan | Pl,wymiary | poliwęglan 3х4,szklarnia z poliwęglanu komorowego,SEARCH,2,0,0.0,0.0
Search | Poliweglan | Pl,mala szklarnia z poliweglanu,szklarnia z poliwęglanu jaką wybrać,SEARCH,1,0,0.0,0.0
Search | Poliweglan | Pl,szklarnie z poliwęglanu [phrase],szklarnia z poliwęglanu jaką wybrać,SEARCH,2,0,0.0,0.0
Search | Poliweglan | Pl,wymiary | poliwęglan 3х4,szklarnia z poliwęglanu jaką wybrać,SEARCH,1,0,0.0,0.0
Search | Poliweglan | Pl,wymiary | poliwęglan 4х6,szklarnia z poliwęglanu gaudi,SEARCH,1,0,0.0,0.0
Search | Poliweglan | Pl,szklarnie z poliwęglanu [phrase],szklarnia z tworzywa sztucznego,SEARCH,4,0,0.0,0.0
Search | Poliweglan | Pl,wymiary | poliwęglan 4х6,szklarnia z rynnami,SEARCH,1,0,0.0,0.0
Search | Poliweglan | Pl,wymiary | poliwęglan 3х4,szklarnia z rynnami,SEARCH,1,0,0.0,0.0
Search | Poliweglan | Pl,mala szklarnia z poliweglanu,szklarnia z rozsada,SEARCH,1,0,0.0,0.0
Search | Poliweglan | Pl,wymiary | poliwęglan 4х6,szklarnia z rozsada,SEARCH,1,0,0.0,0.0
Search | Poliweglan | Pl,wymiary | poliwęglan 4х6,szklarnia z płyt poliwęglanowych,SEARCH,2,0,0.0,0.0
Search | Poliweglan | Pl,wymiary | poliwęglan 4х6,szklarnia z profili aluminiowych,SEARCH,1,0,0.0,0.0
Search | Poliweglan | Pl,wymiary | poliwęglan 3х4,szklarnia z profili aluminiowych,SEARCH,1,0,0.0,0.0
Search | Poliweglan | Pl,szklarnie z poliwęglanu [phrase],szklarnia z poliwęglanu śląskie,SEARCH,2,0,0.0,0.0
Search | Poliweglan | Pl,szklarnie z poliwęglanu [phrase],szklarnia z poliwęglanu z rynnami,SEARCH,2,0,0.0,0.0
Search | Poliweglan | Pl,wymiary | poliwęglan 3х4,szklarnia z poliwęglanu z rynnami,SEARCH,1,0,0.0,0.0
Search | Poliweglan | Pl,wymiary | poliwęglan 3х4,szklarnia z poliwęglanu z fundamentem,SEARCH,1,0,0.0,0.0
Search | Poliweglan | Pl,wymiary | poliwęglan 4х6,szklarnia z poliwęglanu wyprzedaż,SEARCH,6,0,0.0,0.0
Search | Poliweglan | Pl,wymiary | poliwęglan 3х4,szklarnia z poliwęglanu wyprzedaż,SEARCH,20,0,0.0,0.0
Search | Poliweglan | Pl,szklarnie z poliwęglanu [phrase],szklarnia z poliwęglanu tunel,SEARCH,1,0,0.0,0.0
Search | Poliweglan | Pl,wymiary | poliwęglan 3х4,szklarnia z poliwęglanu tunel,SEARCH,1,0,0.0,0.0
Search | Poliweglan | Pl,mala szklarnia z poliweglanu,mała szklarnia,SEARCH,27,0,0.0,0.0
Search | Poliweglan | Pl,mala szklarnia z poliweglanu,manieczki szklarnia,SEARCH_PARTNERS,1,0,0.0,0.0
Search | Poliweglan | Pl,wymiary | poliwęglan 2х4,mam szklarnie pl,SEARCH,1,0,0.0,0.0
Search | Poliweglan | Pl,wymiary | poliwęglan 4х6,mam szklarnie pl,SEARCH,5,0,0.0,0.0
Search | Poliweglan | Pl,wymiary | poliwęglan 3х4,mam szklarnie pl,SEARCH,3,0,0.0,0.0
Search | Poliweglan | Pl,mala szklarnia z poliweglanu,mam szklarnie,SEARCH,7,0,0.0,0.0
Search | Poliweglan | Pl,wymiary | poliwęglan 4х6,mam szklarnie,SEARCH,2,0,0.0,0.0
Search | Poliweglan | Pl,wymiary | poliwęglan 3х4,mam szklarnie,SEARCH,1,0,0.0,0.0
Search | Poliweglan | Pl,wymiary | poliwęglan 3х4,maly namiot na warzywa,SEARCH,1,0,0.0,0.0
Search | Poliweglan | Pl,mala szklarnia z poliweglanu,male tunele ogrodowe,SEARCH,2,0,0.0,0.0
Search | Poliweglan | Pl,mala szklarnia z poliweglanu,male szklarnie ogrodowe,SEARCH,1,0,0.0,0.0
Search | Poliweglan | Pl,mala szklarnia z poliweglanu,male szklarnie,SEARCH,10,0,0.0,0.0
Search | Poliweglan | Pl,mala szklarnia z poliweglanu,mala szklarnia z poliweglanu,SEARCH,11,0,0.0,0.0
Search | Poliweglan | Pl,mala szklarnia z poliweglanu,szklarnia zimowa,SEARCH,1,0,0.0,0.0
Search | Poliweglan | Pl,wymiary | poliwęglan 4х6,szklarnia zimowa,SEARCH,1,0,0.0,0.0
Search | Poliweglan | Pl,wymiary | poliwęglan 3х4,szklarnia zimowa,SEARCH,3,0,0.0,0.0
Search | Poliweglan | Pl,wymiary | poliwęglan 3х4,szklarnie całoroczne,SEARCH,2,0,0.0,0.0
Search | Poliweglan | Pl,mala szklarnia z poliweglanu,szklarnie białystok,SEARCH,1,0,0.0,0.0
Search | Poliweglan | Pl,wymiary | poliwęglan 3х4,szklarnie białystok,SEARCH,4,0,0.0,0.0
Search | Poliweglan | Pl,mala szklarnia z poliweglanu,szklarnie bialystok,SEARCH,1,0,0.0,0.0
Search | Poliweglan | Pl,wymiary | poliwęglan 3х4,szklarnie 3x4,SEARCH_PARTNERS,1,0,0.0,0.0
Search | Poliweglan | Pl,wymiary | poliwęglan 4х6,szklarnie 3 x 6,SEARCH,1,0,0.0,0.0
Search | Poliweglan | Pl,mala szklarnia z poliweglanu,szklarnie,SEARCH_PARTNERS,5,0,0.0,0.0
Search | Poliweglan | Pl,wymiary | poliwęglan 4х6,szklarnie,SEARCH_PARTNERS,1,0,0.0,0.0
Search | Poliweglan | Pl,wymiary | poliwęglan 3х4,szklarnie,SEARCH_PARTNERS,1,0,0.0,0.0
Search | Poliweglan | Pl,wymiary | poliwęglan 2х4,szklarnie,SEARCH,1,0,0.0,0.0
Search | Poliweglan | Pl,mala szklarnia z poliweglanu,szklarnia łódź,SEARCH,1,0,0.0,0.0
Search | Poliweglan | Pl,wymiary | poliwęglan 4х6,szklarnia łukowa z poliwęglanu,SEARCH,1,0,0.0,0.0
Search | Poliweglan | Pl,szklarnie z poliwęglanu [phrase],szklarnia łukowa z poliwęglanu,SEARCH,1,0,0.0,0.0
Search | Poliweglan | Pl,wymiary | poliwęglan 3х4,szklarnia zimowa,SEARCH_PARTNERS,1,0,0.0,0.0
Search | Poliweglan | Pl,wymiary | poliwęglan 3х4,mała szklarnia na pomidory,SEARCH,1,0,0.0,0.0
Search | Poliweglan | Pl,mala szklarnia z poliweglanu,mała szklarnia,SEARCH_PARTNERS,2,0,0.0,0.0
Search | Poliweglan | Pl,mala szklarnia z poliweglanu,szklarnie na zamówienie,SEARCH,2,0,0.0,0.0
Search | Poliweglan | Pl,wymiary | poliwęglan 3х4,szklarnie na wymiar,SEARCH,2,0,0.0,0.0
Search | Poliweglan | Pl,wymiary | poliwęglan 3х4,szklarnie na pomidory,SEARCH,1,0,0.0,0.0
Search | Poliweglan | Pl,szklarnie z poliwęglanu [phrase],szklarnie na działkę,SEARCH,1,0,0.0,0.0
Search | Poliweglan | Pl,mala szklarnia z poliweglanu,szklarnie modułowe zambrów,SEARCH,2,0,0.0,0.0
Search | Poliweglan | Pl,wymiary | poliwęglan 4х6,szklarnie modułowe zambrów,SEARCH,4,0,0.0,0.0
Search | Poliweglan | Pl,wymiary | poliwęglan 3х4,szklarnie i tunele ogrodowe,SEARCH,1,0,0.0,0.0
Search | Poliweglan | Pl,mala szklarnia z poliweglanu,szklarnie helenów,SEARCH,1,0,0.0,0.0
Search | Poliweglan | Pl,wymiary | poliwęglan 3х4,szklarnie helenów,SEARCH,1,0,0.0,0.0
Search | Poliweglan | Pl,mala szklarnia z poliweglanu,szklarnie green house,SEARCH,1,0,0.0,0.0
Search | Poliweglan | Pl,wymiary | poliwęglan 3х4,szklarnie green house,SEARCH,1,0,0.0,0.0
Search | Poliweglan | Pl,wymiary | poliwęglan 3х4,szklarnie gotowe,SEARCH,1,0,0.0,0.0
Search | Poliweglan | Pl,mala szklarnia z poliweglanu,szklarnie do ogrodu,SEARCH,1,0,0.0,0.0
Search | Poliweglan | Pl,szklarnie z poliwęglanu [phrase],szklarnie do ogrodu,SEARCH,1,0,0.0,0.0
Search | Poliweglan | Pl,wymiary | poliwęglan 3х4,szklarnie ceny,SEARCH,1,0,0.0,0.0
Search | Poliweglan | Pl,wymiary | poliwęglan 3х4,szklarnie cena,SEARCH,1,0,0.0,0.0
Search | Poliweglan | Pl,wymiary | poliwęglan 3х4,szklarnie ogrodowe wyprzedaż,SEARCH,29,0,0.0,0.0
Search | Poliweglan | Pl,mala szklarnia z poliweglanu,szklarnie ogrodowe szczecin,SEARCH,1,0,0.0,0.0
Search | Poliweglan | Pl,wymiary | poliwęglan 4х6,szklarnie ogrodowe rzeszow,SEARCH,1,0,0.0,0.0
Search | Poliweglan | Pl,wymiary | poliwęglan 3х4,szklarnie ogrodowe rzeszow,SEARCH,1,0,0.0,0.0
Search | Poliweglan | Pl,szklarnie z poliwęglanu [phrase],szklarnie ogrodowe poliwęglanowe,SEARCH,1,0,0.0,0.0
Search | Poliweglan | Pl,mala szklarnia z poliweglanu,szklarnie ogrodowe małe,SEARCH,1,0,0.0,0.0
Search | Poliweglan | Pl,wymiary | poliwęglan 3х4,szklarnie ogrodowe duże,SEARCH,1,0,0.0,0.0
Search | Poliweglan | Pl,mala szklarnia z poliweglanu,szklarnie ogrodowe ceny,SEARCH,1,0,0.0,0.0
Search | Poliweglan | Pl,wymiary | poliwęglan 4х6,szklarnie ogrodowe cena,SEARCH,2,0,0.0,0.0
Search | Poliweglan | Pl,wymiary | poliwęglan 3х6,szklarnie ogrodowe 3x6,SEARCH,4,0,0.0,0.0
Search | Poliweglan | Pl,wymiary | poliwęglan 3х4,szklarnie ogrodowe 3x4,SEARCH,2,0,0.0,0.0
Search | Poliweglan | Pl,szklarnie z poliwęglanu [phrase],szklarnie ogrodowe,SEARCH_PARTNERS,3,0,0.0,0.0
Search | Poliweglan | Pl,wymiary | poliwęglan 3х4,szklarnie ogrodowe,SEARCH_PARTNERS,2,0,0.0,0.0
Search | Poliweglan | Pl,wymiary | poliwęglan 4х6,szklarnie ogrodowe,SEARCH,10,0,0.0,0.0
Search | Poliweglan | Pl,mala szklarnia z poliweglanu,szklarnie namioty ogrodowe,SEARCH,1,0,0.0,0.0
Search | Poliweglan | Pl,wymiary | poliwęglan 3х4,szklarnie namioty ogrodowe,SEARCH,1,0,0.0,0.0
Search | Poliweglan | Pl,wymiary | poliwęglan 3х4,lanit plast,SEARCH,1,0,0.0,0.0
Search | Poliweglan | Pl,mala szklarnia z poliweglanu,lams laurus,SEARCH,1,0,0.0,0.0
Search | Poliweglan | Pl,mala szklarnia z poliweglanu,kupszklarnie,SEARCH,1,0,0.0,0.0
Search | Poliweglan | Pl,wymiary | poliwęglan 3х4,kupię tunel ogrodowy,SEARCH,3,0,0.0,0.0
Search | Poliweglan | Pl,wymiary | poliwęglan 4х6,kupię szklarnie z poliwęglanu,SEARCH,1,0,0.0,0.0
Search | Poliweglan | Pl,wymiary | poliwęglan 3х4,kupię szklarnie z poliwęglanu,SEARCH,2,0,0.0,0.0
Search | Poliweglan | Pl,mala szklarnia z poliweglanu,krostrade,SEARCH,1,0,0.0,0.0
Search | Poliweglan | Pl,wymiary | poliwęglan 4х6,krosagro,SEARCH,1,0,0.0,0.0
Search | Poliweglan | Pl,wymiary | poliwęglan 3х4,krosagro,SEARCH,1,0,0.0,0.0
Search | Poliweglan | Pl,wymiary | poliwęglan 2х4,konstrukcje tunelowe,SEARCH,1,0,0.0,0.0
Search | Poliweglan | Pl,mala szklarnia z poliweglanu,klasika slim,SEARCH,1,0,0.0,0.0
Search | Poliweglan | Pl,wymiary | poliwęglan 4х6,klasika,SEARCH,1,0,0.0,0.0
Search | Poliweglan | Pl,wymiary | poliwęglan 3х4,szklarnie ogrodowe z montazem,SEARCH,2,0,0.0,0.0
Search | Poliweglan | Pl,mala szklarnia z poliweglanu,szklarnie ogrodowe wyprzedaż,SEARCH,40,0,0.0,0.0
Search | Poliweglan | Pl,wymiary | poliwęglan 2х4,szklarnie ogrodowe wyprzedaż,SEARCH,2,0,0.0,0.0
Search | Poliweglan | Pl,wymiary | poliwęglan 4х6,szklarnie ogrodowe wyprzedaż,SEARCH,11,0,0.0,0.0
Search | Poliweglan | Pl,wymiary | poliwęglan 4х6,szklarnie poliweglan,SEARCH,1,0,0.0,0.0
Search | Poliweglan | Pl,wymiary | poliwęglan 3х4,szklarnie poliuretanowe,SEARCH,1,0,0.0,0.0
Search | Poliweglan | Pl,mala szklarnia z poliweglanu,szklarnie podkarpackie,SEARCH,2,0,0.0,0.0
Search | Poliweglan | Pl,wymiary | poliwęglan 2х4,szklarnie pod pomidory,SEARCH,1,0,0.0,0.0
Search | Poliweglan | Pl,wymiary | poliwęglan 4х6,szklarnie plastikowe,SEARCH,2,0,0.0,0.0
Search | Poliweglan | Pl,szklarnie z poliwęglanu [phrase],szklarnie plastikowe,SEARCH,2,0,0.0,0.0
Search | Poliweglan | Pl,wymiary | poliwęglan 3х4,szklarnie plastikowe,SEARCH,1,0,0.0,0.0
Search | Poliweglan | Pl,mala szklarnia z poliweglanu,szklarnie online pl,SEARCH,2,0,0.0,0.0
Search | Poliweglan | Pl,wymiary | poliwęglan 3х4,szklarnie online pl,SEARCH,1,0,0.0,0.0
Search | Poliweglan | Pl,mala szklarnia z poliweglanu,szklarnie online,SEARCH,1,0,0.0,0.0
Search | Poliweglan | Pl,wymiary | poliwęglan 4х6,szklarnie online,SEARCH,4,0,0.0,0.0
Search | Poliweglan | Pl,szklarnie z poliwęglanu producent,szklarnie ogrodowe z poliwęglanu producent,SEARCH,1,0,0.0,0.0
Search | Poliweglan | Pl,wymiary | poliwęglan 3х6,szklarnie ogrodowe z poliwęglanu 3x6,SEARCH,4,0,0.0,0.0
Search | Poliweglan | Pl,wymiary | poliwęglan 3х4,szklarnie ogrodowe z poliwęglanu 3x4,SEARCH,1,0,0.0,0.0
Search | Poliweglan | Pl,wymiary | poliwęglan 3х4,mala szklarnia do ogrodu,SEARCH,1,0,0.0,0.0
Search | Poliweglan | Pl,mala szklarnia z poliweglanu,maksim zhuk,SEARCH,1,0,0.0,0.0
Search | Poliweglan | Pl,szklarnie z poliwęglanu [phrase],szklarnie przydomowe z poliwęglanu,SEARCH,2,0,0.0,0.0
Search | Poliweglan | Pl,mala szklarnia z poliweglanu,szklarnie przydomowe,SEARCH,2,0,0.0,0.0
Search | Poliweglan | Pl,wymiary | poliwęglan 4х6,szklarnie przydomowe,SEARCH,1,0,0.0,0.0
Search | Poliweglan | Pl,wymiary | poliwęglan 3х4,szklarnie przydomowe,SEARCH,4,0,0.0,0.0
Search | Poliweglan | Pl,mala szklarnia z poliweglanu,szklarnie producent polski,SEARCH,1,0,0.0,0.0
Search | Poliweglan | Pl,mala szklarnia z poliweglanu,szklarnie producent,SEARCH,1,0,0.0,0.0
Search | Poliweglan | Pl,mala szklarnia z poliweglanu,szklarnie polski producent,SEARCH,1,0,0.0,0.0
Search | Poliweglan | Pl,wymiary | poliwęglan 3х4,szklarnie poliwęglanu,SEARCH,1,0,0.0,0.0
Search | Poliweglan | Pl,szklarnie z poliwęglanu producent,szklarnie poliwęglanowe producent,SEARCH,2,0,0.0,0.0
Search | Poliweglan | Pl,wymiary | poliwęglan 4х6,szklarnie poliwęglanowe cena,SEARCH,2,0,0.0,0.0
Search | Poliweglan | Pl,wymiary | poliwęglan 3х4,szklarnie poliwęglanowe 6mm,SEARCH,4,0,0.0,0.0
Search | Poliweglan | Pl,wymiary | poliwęglan 4х6,szklarnie poliwęglanowe,SEARCH,5,0,0.0,0.0
Search | Poliweglan | Pl,wymiary | poliwęglan 4х6,szklarnie poliwęglan,SEARCH,1,0,0.0,0.0
Search | Poliweglan | Pl,szklarnie z poliwęglanu [phrase],szklarnie poliweglanowe producent,SEARCH,3,0,0.0,0.0
Search | Poliweglan | Pl,szklarnie z poliwęglanu [exact],szklarnie poliweglanowe,SEARCH,7,0,0.0,0.0
Search | Poliweglan | Pl,szklarnie z poliwęglanu [phrase],szklarnie poliweglan,SEARCH_PARTNERS,1,0,0.0,0.0
Search | Poliweglan | Pl,szklarnie z poliwęglanu [phrase],jupi skowrońska justyna sauny ogrodowe szklarnie z poliwęglanu,SEARCH,4,0,0.0,0.0
Search | Poliweglan | Pl,wymiary | poliwęglan 3х4,jaką szklarnię wybrać,SEARCH,3,0,0.0,0.0
Search | Poliweglan | Pl,szklarnie z poliwęglanu [phrase],jaką szklarnie z poliwęglanu wybrać,SEARCH,4,0,0.0,0.0
Search | Poliweglan | Pl,wymiary | poliwęglan 3х4,jaką szklarnie z poliwęglanu wybrać,SEARCH,2,0,0.0,0.0
Search | Poliweglan | Pl,wymiary | poliwęglan 3х4,jakiej firmy szklarnia z poliwęglanu,SEARCH,10,0,0.0,0.0
Search | Poliweglan | Pl,tunele z poliwęglanu,jaki tunel z poliwęglanu,SEARCH,1,0,0.0,0.0
Search | Poliweglan | Pl,wymiary | poliwęglan 3х4,jaki tunel z poliwęglanu,SEARCH,1,0,0.0,0.0
Search | Poliweglan | Pl,wymiary | poliwęglan 3х4,jaki tunel na pomidory,SEARCH,1,0,0.0,0.0
Search | Poliweglan | Pl,mala szklarnia z poliweglanu,inspekta ogrodowe,SEARCH,2,0,0.0,0.0
Search | Poliweglan | Pl,wymiary | poliwęglan 3х4,infouprawa szklarnia,SEARCH_PARTNERS,1,0,0.0,0.0
Search | Poliweglan | Pl,wymiary | poliwęglan 4х6,ile wytrzymuje szklarnia z poliwęglanu,SEARCH,1,0,0.0,0.0
Search | Poliweglan | Pl,wymiary | poliwęglan 3х4,ile wytrzymuje szklarnia z poliwęglanu,SEARCH,1,0,0.0,0.0
Search | Poliweglan | Pl,szklarnie z poliwęglanu [phrase],ile wytrzymuje poliwęglan na szklarni,SEARCH,2,0,0.0,0.0
Search | Poliweglan | Pl,wymiary | poliwęglan 4х6,szklarnie tunele,SEARCH,1,0,0.0,0.0
Search | Poliweglan | Pl,wymiary | poliwęglan 3х4,szklarnie sprzedam,SEARCH,2,0,0.0,0.0
Search | Poliweglan | Pl,mala szklarnia z poliweglanu,szklarnie rzeszów,SEARCH,1,0,0.0,0.0
Search | Poliweglan | Pl,wymiary | poliwęglan 4х6,ile kosztuje tunel ogrodowy,SEARCH,1,0,0.0,0.0
Search | Poliweglan | Pl,wymiary | poliwęglan 3х4,ile kosztuje szklarnia z poliwęglanu,SEARCH,3,0,0.0,0.0
Search | Poliweglan | Pl,mala szklarnia z poliweglanu,ile kosztuje mała szklarnia,SEARCH,2,0,0.0,0.0
Search | Poliweglan | Pl,mala szklarnia z poliweglanu,gęstość poliwęglanu,SEARCH,1,0,0.0,0.0
Search | Poliweglan | Pl,wymiary | poliwęglan 3х4,greenhouse for sale,SEARCH_PARTNERS,2,0,0.0,0.0
Search | Poliweglan | Pl,wymiary | poliwęglan 3х4,greenhouse,SEARCH_PARTNERS,2,0,0.0,0.0
Search | Poliweglan | Pl,wymiary | poliwęglan 2х4,szklarnie z poliwęglanu,SEARCH_PARTNERS,1,0,0.0,0.0
Search | Poliweglan | Pl,wymiary | poliwęglan 3х4,szklarnie z poliwęglanu,SEARCH_PARTNERS,2,0,0.0,0.0
Search | Poliweglan | Pl,wymiary | poliwęglan 2х4,szklarnie z poliwęglanu,SEARCH,9,0,0.0,0.0
Search | Poliweglan | Pl,szklarnie z poliwęglanu [exact],szklarnie z poliwęglanu,SEARCH,4,0,0.0,0.0
Search | Poliweglan | Pl,mala szklarnia z poliweglanu,szklarnie wyprzedaż,SEARCH,1,0,0.0,0.0
Search | Poliweglan | Pl,wymiary | poliwęglan 3х4,szklarnie wyprzedaż,SEARCH,1,0,0.0,0.0
Search | Poliweglan | Pl,mala szklarnia z poliweglanu,szklarnie tutaj pl,SEARCH,1,0,0.0,0.0
Search | Poliweglan | Pl,wymiary | poliwęglan 4х6,szklarnie tutaj pl,SEARCH,2,0,0.0,0.0
Search | Poliweglan | Pl,wymiary | poliwęglan 3х4,szklarnie tunelowe,SEARCH,1,0,0.0,0.0
Search | Poliweglan | Pl,wymiary | poliwęglan 3х4,klasika,SEARCH,1,0,0.0,0.0
Search | Poliweglan | Pl,wymiary | poliwęglan 3х4,szklarnie z poliwęglanu podkarpackie,SEARCH,1,0,0.0,0.0
Search | Poliweglan | Pl,wymiary | poliwęglan 3х4,szklarnie z poliwęglanu na wymiar,SEARCH,1,0,0.0,0.0
Search | Poliweglan | Pl,wymiary | poliwęglan 4х6,szklarnie z poliwęglanu ceny,SEARCH,1,0,0.0,0.0
Search | Poliweglan | Pl,wymiary | poliwęglan 4х6,szklarnie z poliwęglanu cena,SEARCH,1,0,0.0,0.0
Search | Poliweglan | Pl,wymiary | poliwęglan 3х4,szklarnie z poliwęglanu cena,SEARCH,3,0,0.0,0.0
Search | Poliweglan | Pl,wymiary | poliwęglan 3х4,szklarnie z poliwęglanu braniewo,SEARCH,1,0,0.0,0.0
Search | Poliweglan | Pl,wymiary | poliwęglan 2х4,szklarnie z poliwęglanu białystok,SEARCH,1,0,0.0,0.0
Search | Poliweglan | Pl,szklarnie z poliwęglanu [phrase],szklarnie z poliwęglanu 6mm,SEARCH,1,0,0.0,0.0
Search | Poliweglan | Pl,wymiary | poliwęglan 3х4,szklarnie z poliwęglanu 6 mm,SEARCH,1,0,0.0,0.0
Search | Poliweglan | Pl,wymiary | poliwęglan 3х6,szklarnie z poliwęglanu 6 mm,SEARCH,1,0,0.0,0.0
Search | Poliweglan | Pl,wymiary | poliwęglan 3х8,szklarnie z poliwęglanu 3x8,SEARCH,3,0,0.0,0.0
Search | Poliweglan | Pl,wymiary | poliwęglan 3х4,szklarnie z poliwęglanu 3x4,SEARCH_PARTNERS,2,0,0.0,0.0
Search | Poliweglan | Pl,wymiary | poliwęglan 3х4,ile wytrzymuje poliwęglan na szklarni,SEARCH,1,0,0.0,0.0
Search | Poliweglan | Pl,szklarnie z poliwęglanu [phrase],ile wytrzyma szklarnia z poliwęglanu,SEARCH,4,0,0.0,0.0
Search | Poliweglan | Pl,wymiary | poliwęglan 3х4,ile kosztują szklarnie z poliwęglanu,SEARCH,1,0,0.0,0.0
Search | Poliweglan | Pl,wymiary | poliwęglan 4х6,ile kosztuje tunel z poliwęglanu,SEARCH,1,0,0.0,0.0
Search | Poliweglan | Pl,mala szklarnia z poliweglanu,green house szklarnia,SEARCH,1,0,0.0,0.0
Search | Poliweglan | Pl,mala szklarnia z poliweglanu,gotowe szklarnie ogrodowe,SEARCH,1,0,0.0,0.0
Search | Poliweglan | Pl,wymiary | poliwęglan 3х4,gotowe szklarnie ogrodowe,SEARCH,1,0,0.0,0.0
Search | Poliweglan | Pl,mala szklarnia z poliweglanu,gotowe szklarnie,SEARCH,1,0,0.0,0.0
Search | Poliweglan | Pl,wymiary | poliwęglan 4х6,gotowe szklarnie,SEARCH,1,0,0.0,0.0
Search | Poliweglan | Pl,wymiary | poliwęglan 3х4,gotowe szklarnie,SEARCH,1,0,0.0,0.0
Search | Poliweglan | Pl,wymiary | poliwęglan 4х6,gotowa szklarnia ogrodowa,SEARCH,1,0,0.0,0.0
Search | Poliweglan | Pl,wymiary | poliwęglan 3х4,gotowa szklarnia ogrodowa,SEARCH,1,0,0.0,0.0
Search | Poliweglan | Pl,wymiary | poliwęglan 4х6,gotowa szklarnia,SEARCH_PARTNERS,1,0,0.0,0.0
Search | Poliweglan | Pl,wymiary | poliwęglan 3х4,gotowa szklarnia,SEARCH,1,0,0.0,0.0
Search | Poliweglan | Pl,szklarnie z poliwęglanu [phrase],gdzie kupic szklarnie z poliwęglanu,SEARCH,1,0,0.0,0.0
Search | Poliweglan | Pl,wymiary | poliwęglan 3х4,gdzie kupic szklarnie z poliwęglanu,SEARCH,1,0,0.0,0.0
Search | Poliweglan | Pl,wymiary | poliwęglan 3х4,szklarnie z poliwęglanu pomorskie,SEARCH,1,0,0.0,0.0
Search | Poliweglan | Pl,szklarnie z poliwęglanu producent,szklarnie z poliwęglanu polski producent,SEARCH,1,0,0.0,0.0
Search | Poliweglan | Pl,wymiary | poliwęglan 3х4,szklarnie z poliwęglanu polski producent,SEARCH,3,0,0.0,0.0
Search | Poliweglan | Pl,wymiary | poliwęglan 4х6,szklarnie z poliwęglanu podkarpackie,SEARCH,1,0,0.0,0.0
Search | Poliweglan | Pl,wymiary | poliwęglan 3х4,szklarnie łódź,SEARCH,3,0,0.0,0.0
Search | Poliweglan | Pl,wymiary | poliwęglan 4х6,szklarnie zielonych marzeń,SEARCH,2,0,0.0,0.0
Search | Poliweglan | Pl,wymiary | poliwęglan 3х4,szklarnie zambrów,SEARCH,2,0,0.0,0.0
Search | Poliweglan | Pl,mala szklarnia z poliweglanu,szklarnie zachodniopomorskie,SEARCH,2,0,0.0,0.0
Search | Poliweglan | Pl,szklarnie z poliwęglanu [phrase],szklarnie z poliwęglanu śląskie,SEARCH,5,0,0.0,0.0
Search | Poliweglan | Pl,szklarnie z poliwęglanu [phrase],szklarnie z poliwęglanu z fundamentem,SEARCH,2,0,0.0,0.0
Search | Poliweglan | Pl,szklarnie z poliwęglanu [phrase],szklarnie z poliwęglanu wyprzedaż,SEARCH,2,0,0.0,0.0
Search | Poliweglan | Pl,wymiary | poliwęglan 3х4,szklarnie z poliwęglanu wrocław,SEARCH,1,0,0.0,0.0
Search | Poliweglan | Pl,mala szklarnia z poliweglanu,szklarnie z poliwęglanu warszawa,SEARCH,1,0,0.0,0.0
Search | Poliweglan | Pl,szklarnie z poliwęglanu producent,szklarnie z poliwęglanu profimet,SEARCH,1,0,0.0,0.0
Search | Poliweglan | Pl,szklarnie z poliwęglanu producent,szklarnie z poliwęglanu producent,SEARCH,4,0,0.0,0.0
Search | Poliweglan | Pl,wymiary | poliwęglan 3х4,szklarnie z poliwęglanu poznań,SEARCH,1,0,0.0,0.0
Search | Poliweglan | Pl,mala szklarnia z poliweglanu,greenhouse,SEARCH,3,0,0.0,0.0
Search | Poliweglan | Pl,mala szklarnia z poliweglanu,green protect,SEARCH,1,0,0.0,0.0
Search | Poliweglan | Pl,mala szklarnia z poliweglanu,green house szklarnie,SEARCH,1,0,0.0,0.0
Search | Poliweglan | Pl,wymiary | poliwęglan 4х6,green house szklarnie,SEARCH,1,0,0.0,0.0
Search | Poliweglan | Pl,wymiary | poliwęglan 2х4,tunel 2.5 x4,SEARCH,1,0,0.0,0.0
Search | Poliweglan | Pl,wymiary | poliwęglan 2х4,tunel 2 5x4,SEARCH,4,0,0.0,0.0
Search | Poliweglan | Pl,wymiary | poliwęglan 3х4,tunel 12x4,SEARCH,1,0,0.0,0.0
Search | Poliweglan | Pl,wymiary | poliwęglan 3х4,tomato greenhouse,SEARCH_PARTNERS,1,0,0.0,0.0
Search | Poliweglan | Pl,mala szklarnia z poliweglanu,tig szklarnie,SEARCH,1,0,0.0,0.0
Search | Poliweglan | Pl,wymiary | poliwęglan 4х6,tig szklarnie,SEARCH,2,0,0.0,0.0
Search | Poliweglan | Pl,wymiary | poliwęglan 3х4,tig szklarnie,SEARCH,1,0,0.0,0.0
Search | Poliweglan | Pl,mala szklarnia z poliweglanu,tig pl szklarnie,SEARCH,1,0,0.0,0.0
Search | Poliweglan | Pl,wymiary | poliwęglan 4х6,tanie tunele ogrodowe,SEARCH,1,0,0.0,0.0
Search | Poliweglan | Pl,mala szklarnia z poliweglanu,tanie szklarnie z poliwęglanu,SEARCH,4,0,0.0,0.0
Search | Poliweglan | Pl,szklarnie z poliwęglanu [phrase],tanie szklarnie z poliwęglanu,SEARCH,4,0,0.0,0.0
Search | Poliweglan | Pl,wymiary | poliwęglan 3х4,tanie szklarnie z poliwęglanu,SEARCH,2,0,0.0,0.0
Search | Poliweglan | Pl,mala szklarnia z poliweglanu,tanie szklarnie ogrodowe,SEARCH,2,0,0.0,0.0
Search | Poliweglan | Pl,wymiary | poliwęglan 3х4,tanie szklarnie ogrodowe,SEARCH,1,0,0.0,0.0
Search | Poliweglan | Pl,wymiary | poliwęglan 3х4,tania szklarnia z poliwęglanu,SEARCH,1,0,0.0,0.0
Search | Poliweglan | Pl,mala szklarnia z poliweglanu,tania szklarnia ogrodowa,SEARCH,1,0,0.0,0.0
Search | Poliweglan | Pl,wymiary | poliwęglan 4х6,tunel 4x8,SEARCH,1,0,0.0,0.0
Search | Poliweglan | Pl,wymiary | poliwęglan 3х4,tunel 4x8,SEARCH,3,0,0.0,0.0
Search | Poliweglan | Pl,mala szklarnia z poliweglanu,tunel 4x6,SEARCH,2,0,0.0,0.0
Search | Poliweglan | Pl,wymiary | poliwęglan 4х6,tunel 4x6,SEARCH,3,0,0.0,0.0
Search | Poliweglan | Pl,wymiary | poliwęglan 3х4,tunel 4x6,SEARCH,5,0,0.0,0.0
Search | Poliweglan | Pl,wymiary | poliwęglan 3х4,tunel 4x10,SEARCH,2,0,0.0,0.0
Search | Poliweglan | Pl,wymiary | poliwęglan 3х4,tunel 3x8,SEARCH,3,0,0.0,0.0
Search | Poliweglan | Pl,tunele z poliwęglanu,tunel 3x6 z poliwęglanu,SEARCH,1,0,0.0,0.0
Search | Poliweglan | Pl,wymiary | poliwęglan 3х4,tunel 3x6 z drzwiami,SEARCH,1,0,0.0,0.0
Search | Poliweglan | Pl,wymiary | poliwęglan 4х6,tunel 3x6,SEARCH,5,0,0.0,0.0
Search | Poliweglan | Pl,wymiary | poliwęglan 3х4,tunel 3x6,SEARCH,1,0,0.0,0.0
Search | Poliweglan | Pl,wymiary | poliwęglan 3х4,tunel 3x4 5,SEARCH,2,0,0.0,0.0
Search | Poliweglan | Pl,wymiary | poliwęglan 3х4,tunel 3x4,SEARCH,7,0,0.0,0.0
Search | Poliweglan | Pl,wymiary | poliwęglan 3х4,tunel 3 x 6,SEARCH,2,0,0.0,0.0
Search | Poliweglan | Pl,wymiary | poliwęglan 3х4,tunel 3 x 4,SEARCH,1,0,0.0,0.0
Search | Poliweglan | Pl,wymiary | poliwęglan 2х4,tunel 2x4,SEARCH,2,0,0.0,0.0
Search | Poliweglan | Pl,tunele z poliwęglanu,tunel na pomidory z poliwęglanu,SEARCH,6,0,0.0,0.0
Search | Poliweglan | Pl,wymiary | poliwęglan 3х4,tunel na pomidory,SEARCH_PARTNERS,2,0,0.0,0.0
Search | Poliweglan | Pl,mala szklarnia z poliweglanu,tunel na pomidory,SEARCH,1,0,0.0,0.0
Search | Poliweglan | Pl,wymiary | poliwęglan 2х4,tunel na pomidory,SEARCH,1,0,0.0,0.0
Search | Poliweglan | Pl,wymiary | poliwęglan 4х6,tunel na pomidory,SEARCH,2,0,0.0,0.0
Search | Poliweglan | Pl,wymiary | poliwęglan 3х4,tunel na pomidory,SEARCH,21,0,0.0,0.0
Search | Poliweglan | Pl,wymiary | poliwęglan 3х4,tunel na jarzyny,SEARCH,3,0,0.0,0.0
Search | Poliweglan | Pl,wymiary | poliwęglan 3х4,tunel gospodarczy,SEARCH,1,0,0.0,0.0
Search | Poliweglan | Pl,tunele z poliwęglanu,tunel do warzyw z poliwęglanu,SEARCH,1,0,0.0,0.0
Search | Poliweglan | Pl,wymiary | poliwęglan 3х4,tunel do pomidorów,SEARCH,2,0,0.0,0.0
Search | Poliweglan | Pl,wymiary | poliwęglan 3х4,tunel do ogrodu,SEARCH,1,0,0.0,0.0
Search | Poliweglan | Pl,wymiary | poliwęglan 3х4,tunel całoroczny,SEARCH,1,0,0.0,0.0
Search | Poliweglan | Pl,wymiary | poliwęglan 3х4,tunel 8x3,SEARCH,1,0,0.0,0.0
Search | Poliweglan | Pl,wymiary | poliwęglan 4х6,tunel 6x3,SEARCH,2,0,0.0,0.0
Search | Poliweglan | Pl,wymiary | poliwęglan 3х4,tunel 6x3,SEARCH,3,0,0.0,0.0
Search | Poliweglan | Pl,wymiary | poliwęglan 3х4,tunel 5x3,SEARCH,2,0,0.0,0.0
Search | Poliweglan | Pl,wymiary | poliwęglan 2х4,tunel ogrodowy 2x4 5,SEARCH,3,0,0.0,0.0
Search | Poliweglan | Pl,wymiary | poliwęglan 2х4,tunel ogrodowy 2x4,SEARCH,16,0,0.0,0.0
Search | Poliweglan | Pl,wymiary | poliwęglan 3х4,tunel ogrodowy 2.5 x 4,SEARCH,2,0,0.0,0.0
Search | Poliweglan | Pl,wymiary | poliwęglan 2х4,tunel ogrodowy 2 5x4,SEARCH,2,0,0.0,0.0
Search | Poliweglan | Pl,mala szklarnia z poliweglanu,tunel ogrodowy 2 3,SEARCH,1,0,0.0,0.0
Search | Poliweglan | Pl,wymiary | poliwęglan 3х4,tunel ogrodowy 120x80,SEARCH,2,0,0.0,0.0
Search | Poliweglan | Pl,wymiary | poliwęglan 2х4,tunel ogrodowy,SEARCH,3,0,0.0,0.0
Search | Poliweglan | Pl,wymiary | poliwęglan 4х6,tunel ogrodowy,SEARCH,87,0,0.0,0.0
Search | Poliweglan | Pl,wymiary | poliwęglan 3х4,tunel ogrodowa,SEARCH,1,0,0.0,0.0
Search | Poliweglan | Pl,szklarnie z poliwęglanu [phrase],tunel ogrodniczy z poliwęglanu,SEARCH,2,0,0.0,0.0
Search | Poliweglan | Pl,wymiary | poliwęglan 3х4,tunel ogrodniczy cena,SEARCH,2,0,0.0,0.0
Search | Poliweglan | Pl,wymiary | poliwęglan 4х6,tunel ogrodniczy,SEARCH,5,0,0.0,0.0
Search | Poliweglan | Pl,wymiary | poliwęglan 3х4,tunel ogrodniczy,SEARCH,16,0,0.0,0.0
Search | Poliweglan | Pl,tunele z poliwęglanu,tunel na warzywa z poliwęglanu,SEARCH,5,0,0.0,0.0
Search | Poliweglan | Pl,wymiary | poliwęglan 4х6,tunel na warzywa,SEARCH,4,0,0.0,0.0
Search | Poliweglan | Pl,wymiary | poliwęglan 3х4,tunel na rozsady,SEARCH_PARTNERS,1,0,0.0,0.0
Search | Poliweglan | Pl,wymiary | poliwęglan 2х4,gardena szklarnia,SEARCH,1,0,0.0,0.0
Search | Poliweglan | Pl,wymiary | poliwęglan 3х4,foljaki,SEARCH,2,0,0.0,0.0
Search | Poliweglan | Pl,mala szklarnia z poliweglanu,firma farmer,SEARCH,2,0,0.0,0.0
Search | Poliweglan | Pl,mala szklarnia z poliweglanu,febe store,SEARCH,1,0,0.0,0.0
Search | Poliweglan | Pl,wymiary | poliwęglan 3х4,febe store,SEARCH,5,0,0.0,0.0
Search | Poliweglan | Pl,mala szklarnia z poliweglanu,farmer tunele,SEARCH,6,0,0.0,0.0
Search | Poliweglan | Pl,wymiary | poliwęglan 4х6,farmer tunele,SEARCH,6,0,0.0,0.0
Search | Poliweglan | Pl,wymiary | poliwęglan 3х4,farmer tunele,SEARCH,7,0,0.0,0.0
Search | Poliweglan | Pl,wymiary | poliwęglan 4х6,eveks,SEARCH,1,0,0.0,0.0
Search | Poliweglan | Pl,mala szklarnia z poliweglanu,eurotradeline,SEARCH,5,0,0.0,0.0
Search | Poliweglan | Pl,wymiary | poliwęglan 3х4,etl_szklarniapl,SEARCH,2,0,0.0,0.0
Search | Poliweglan | Pl,mala szklarnia z poliweglanu,etl group pl,SEARCH,1,0,0.0,0.0
Search | Poliweglan | Pl,mala szklarnia z poliweglanu,etl group,SEARCH,3,0,0.0,0.0
Search | Poliweglan | Pl,wymiary | poliwęglan 4х6,etl group,SEARCH,6,0,0.0,0.0
Search | Poliweglan | Pl,wymiary | poliwęglan 2х4,tunel ogrodowy 2x6,SEARCH,1,0,0.0,0.0
Search | Poliweglan | Pl,wymiary | poliwęglan 3х4,tunel ogrodowy 2x6,SEARCH,1,0,0.0,0.0
Search | Poliweglan | Pl,wymiary | poliwęglan 3х4,tunel ogrodowy 4x6,SEARCH,1,0,0.0,0.0
Search | Poliweglan | Pl,wymiary | poliwęglan 2х4,tunel ogrodowy 4x2 5,SEARCH,3,0,0.0,0.0
Search | Poliweglan | Pl,wymiary | poliwęglan 4х6,tunel ogrodowy 4x2 5,SEARCH,1,0,0.0,0.0
Search | Poliweglan | Pl,wymiary | poliwęglan 3х4,tunel ogrodowy 4x2 5,SEARCH,2,0,0.0,0.0
Search | Poliweglan | Pl,wymiary | poliwęglan 2х4,tunel ogrodowy 4x2,SEARCH,2,0,0.0,0.0
Search | Poliweglan | Pl,wymiary | poliwęglan 3х4,tunel ogrodowy 4 x 2 5,SEARCH,1,0,0.0,0.0
Search | Poliweglan | Pl,wymiary | poliwęglan 3х6,tunel ogrodowy 3x6 z poliwęglanu,SEARCH,1,0,0.0,0.0
Search | Poliweglan | Pl,mala szklarnia z poliweglanu,tunel ogrodowy 3x6 z drzwiami,SEARCH,1,0,0.0,0.0
Search | Poliweglan | Pl,wymiary | poliwęglan 4х6,tunel ogrodowy 3x6,SEARCH,50,0,0.0,0.0
Search | Poliweglan | Pl,wymiary | poliwęglan 3х4,tunel ogrodowy 3x6,SEARCH,36,0,0.0,0.0
Search | Poliweglan | Pl,wymiary | poliwęglan 3х4,tunel ogrodowy 3x4 z drzwiami,SEARCH,1,0,0.0,0.0
Search | Poliweglan | Pl,wymiary | poliwęglan 3х4,tunel ogrodowy 3x4 5,SEARCH,4,0,0.0,0.0
Search | Poliweglan | Pl,wymiary | poliwęglan 3х4,tunel ogrodowy 3x2,SEARCH,1,0,0.0,0.0
Search | Poliweglan | Pl,wymiary | poliwęglan 3х4,tunel ogrodowy 3 x 6,SEARCH,2,0,0.0,0.0
Search | Poliweglan | Pl,wymiary | poliwęglan 3х4,tunel ogrodowy 3 x 4,SEARCH,2,0,0.0,0.0
Search | Poliweglan | Pl,mala szklarnia z poliweglanu,gardenvit,SEARCH,1,0,0.0,0.0
Search | Poliweglan | Pl,namioty z poliwęglanu,tunel ogrodowy poliwęglan,SEARCH,1,0,0.0,0.0
Search | Poliweglan | Pl,wymiary | poliwęglan 3х4,tunel ogrodowy poliwęglan,SEARCH,5,0,0.0,0.0
Search | Poliweglan | Pl,wymiary | poliwęglan 3х4,tunel ogrodowy na warzywa,SEARCH,1,0,0.0,0.0
Search | Poliweglan | Pl,wymiary | poliwęglan 4х6,tunel ogrodowy mocny,SEARCH,3,0,0.0,0.0
Search | Poliweglan | Pl,wymiary | poliwęglan 3х4,tunel ogrodowy merkury market,SEARCH,1,0,0.0,0.0
Search | Poliweglan | Pl,wymiary | poliwęglan 3х4,tunel ogrodowy cultivo,SEARCH,1,0,0.0,0.0
Search | Poliweglan | Pl,wymiary | poliwęglan 3х4,tunel ogrodowy brico,SEARCH,1,0,0.0,0.0
Search | Poliweglan | Pl,wymiary | poliwęglan 3х4,tunel ogrodowy aurea,SEARCH,1,0,0.0,0.0
Search | Poliweglan | Pl,wymiary | poliwęglan 3х4,tunel ogrodowy 8x3,SEARCH,3,0,0.0,0.0
Search | Poliweglan | Pl,wymiary | poliwęglan 4х6,tunel ogrodowy 6x3,SEARCH,4,0,0.0,0.0
Search | Poliweglan | Pl,wymiary | poliwęglan 3х4,tunel ogrodowy 6x3,SEARCH,6,0,0.0,0.0
Search | Poliweglan | Pl,wymiary | poliwęglan 3х4,tunel ogrodowy 6m2,SEARCH,1,0,0.0,0.0
Search | Poliweglan | Pl,mala szklarnia z poliweglanu,tunel ogrodowy 5x3,SEARCH,1,0,0.0,0.0
Search | Poliweglan | Pl,wymiary | poliwęglan 3х4,tunel ogrodowy 5x3,SEARCH,2,0,0.0,0.0
Search | Poliweglan | Pl,wymiary | poliwęglan 3х4,tunel ogrodowy 4x8,SEARCH,4,0,0.0,0.0
Search | Poliweglan | Pl,wymiary | poliwęglan 4х6,tunel ogrodowy 4x6,SEARCH,7,0,0.0,0.0
Search | Poliweglan | Pl,wymiary | poliwęglan 3х4,duża szklarnia ogrodowa,SEARCH,1,0,0.0,0.0
Search | Poliweglan | Pl,wymiary | poliwęglan 3х4,duża szklarnia,SEARCH,1,0,0.0,0.0
Search | Poliweglan | Pl,mala szklarnia z poliweglanu,duze szklarnie,SEARCH_PARTNERS,1,0,0.0,0.0
Search | Poliweglan | Pl,mala szklarnia z poliweglanu,domowa szklarnia na warzywa,SEARCH,1,0,0.0,0.0
Search | Poliweglan | Pl,wymiary | poliwęglan 3х4,domowa szklarnia na warzywa,SEARCH,1,0,0.0,0.0
Search | Poliweglan | Pl,mala szklarnia z poliweglanu,czyste pole szklarnie,SEARCH,4,0,0.0,0.0
Search | Poliweglan | Pl,mala szklarnia z poliweglanu,cutivo,SEARCH_PARTNERS,1,0,0.0,0.0
Search | Poliweglan | Pl,mala szklarnia z poliweglanu,cultivo tm,SEARCH,2,0,0.0,0.0
Search | Poliweglan | Pl,mala szklarnia z poliweglanu,cultivo pila,SEARCH,1,0,0.0,0.0
Search | Poliweglan | Pl,wymiary | poliwęglan 4х6,cultivo,SEARCH,14,0,0.0,0.0
Search | Poliweglan | Pl,szklarnie z poliwęglanu [phrase],tunel ogrodowy z poliwęglanu,SEARCH,10,0,0.0,0.0
Search | Poliweglan | Pl,namioty z poliwęglanu,tunel ogrodowy z poliwęglanu,SEARCH,4,0,0.0,0.0
Search | Poliweglan | Pl,wymiary | poliwęglan 3х4,tunel ogrodowy z poliweglanu,SEARCH,2,0,0.0,0.0
Search | Poliweglan | Pl,wymiary | poliwęglan 3х4,tunel ogrodowy z drzwiami,SEARCH,1,0,0.0,0.0
Search | Poliweglan | Pl,wymiary | poliwęglan 3х4,tunel ogrodowy wysoki,SEARCH,1,0,0.0,0.0
Search | Poliweglan | Pl,wymiary | poliwęglan 4х6,tunel ogrodowy wyprzedaż,SEARCH,4,0,0.0,0.0
Search | Poliweglan | Pl,tunele z poliwęglanu,tunel poliweglan 6x3,SEARCH,4,0,0.0,0.0
Search | Poliweglan | Pl,szklarnie z poliwęglanu [phrase],tunel poliweglan 6x3,SEARCH,1,0,0.0,0.0
Search | Poliweglan | Pl,tunele z poliwęglanu,tunel poliweglan 2x4,SEARCH,1,0,0.0,0.0
Search | Poliweglan | Pl,wymiary | poliwęglan 3х4,tunel poliweglan,SEARCH,6,0,0.0,0.0
Search | Poliweglan | Pl,wymiary | poliwęglan 3х4,tunel pod warzywa,SEARCH,1,0,0.0,0.0
Search | Poliweglan | Pl,wymiary | poliwęglan 3х4,tunel pod pomidory,SEARCH,3,0,0.0,0.0
Search | Poliweglan | Pl,wymiary | poliwęglan 3х4,tunel ogrodowy ze stelażem,SEARCH,6,0,0.0,0.0
Search | Poliweglan | Pl,tunele z poliwęglanu,tunel ogrodowy z poliwęglanu 4x6,SEARCH,1,0,0.0,0.0
Search | Poliweglan | Pl,wymiary | poliwęglan 2х4,tunel ogrodowy z poliwęglanu 2x4,SEARCH,3,0,0.0,0.0
Search | Poliweglan | Pl,tunele z poliwęglanu,tunel ogrodowy z poliwęglanu 2x4,SEARCH,3,0,0.0,0.0
Search | Poliweglan | Pl,wymiary | poliwęglan 3х4,tunel ogrodowy z poliwęglanu 2x4,SEARCH,1,0,0.0,0.0
Search | Poliweglan | Pl,mala szklarnia z poliweglanu,tunel ogrodowy z poliwęglanu,SEARCH,1,0,0.0,0.0
Search | Poliweglan | Pl,mala szklarnia z poliweglanu,ekotunele pl,SEARCH,1,0,0.0,0.0
Search | Poliweglan | Pl,mala szklarnia z poliweglanu,ekotunele,SEARCH,1,0,0.0,0.0
Search | Poliweglan | Pl,wymiary | poliwęglan 4х6,duża szklarnia z poliwęglanu,SEARCH,1,0,0.0,0.0
Search | Poliweglan | Pl,szklarnie z poliwęglanu [phrase],duża szklarnia z poliwęglanu,SEARCH,5,0,0.0,0.0
Search | Poliweglan | Pl,wymiary | poliwęglan 3х4,tunel poliwęglanu,SEARCH,1,0,0.0,0.0
Search | Poliweglan | Pl,wymiary | poliwęglan 3х4,tunel poliwęglanowy,SEARCH,27,0,0.0,0.0
Search | Poliweglan | Pl,wymiary | poliwęglan 2х4,tunel poliwęglan 4x8,SEARCH,1,0,0.0,0.0
Search | Poliweglan | Pl,wymiary | poliwęglan 4х6,tunel poliwęglan 4x8,SEARCH,5,0,0.0,0.0
Search | Poliweglan | Pl,szklarnie z poliwęglanu [phrase],tunel poliwęglan 4x8,SEARCH,3,0,0.0,0.0
Search | Poliweglan | Pl,mala szklarnia z poliweglanu,tunel poliwęglan 4x6,SEARCH,1,0,0.0,0.0
Search | Poliweglan | Pl,szklarnie z poliwęglanu [phrase],tunel poliwęglan 4x6,SEARCH,3,0,0.0,0.0
Search | Poliweglan | Pl,szklarnie z poliwęglanu [phrase],tunel poliwęglan 3x8,SEARCH,1,0,0.0,0.0
Search | Poliweglan | Pl,wymiary | poliwęglan 3х8,tunel poliwęglan 3x8,SEARCH,6,0,0.0,0.0
Search | Poliweglan | Pl,wymiary | poliwęglan 3х4,tunel poliwęglan 3x6 6mm,SEARCH,1,0,0.0,0.0
Search | Poliweglan | Pl,wymiary | poliwęglan 3х6,tunel poliwęglan 3x6 6mm,SEARCH,3,0,0.0,0.0
Search | Poliweglan | Pl,szklarnie z poliwęglanu [phrase],tunel poliwęglan,SEARCH,2,0,0.0,0.0
Search | Poliweglan | Pl,namioty z poliwęglanu,tunel poliwęglan,SEARCH,3,0,0.0,0.0
Search | Poliweglan | Pl,tunele z poliwęglanu,tunel poliweglanowy,SEARCH_PARTNERS,2,0,0.0,0.0
Search | Poliweglan | Pl,wymiary | poliwęglan 3х4,tunel poliweglanowy,SEARCH,1,0,0.0,0.0
Search | Poliweglan | Pl,wymiary | poliwęglan 4х6,tunel poliweglan 6x3,SEARCH,2,0,0.0,0.0
Search | Poliweglan | Pl,cieplarnie z poliwęglanu,cieplarnie z poliwęglanu,SEARCH,8,0,0.0,0.0
Search | Poliweglan | Pl,wymiary | poliwęglan 3х4,cieplarnie ogrodowe,SEARCH,1,0,0.0,0.0
Search | Poliweglan | Pl,mala szklarnia z poliweglanu,cieplarnie com,SEARCH,1,0,0.0,0.0
Search | Poliweglan | Pl,wymiary | poliwęglan 4х6,cieplarnie com,SEARCH,1,0,0.0,0.0
Search | Poliweglan | Pl,wymiary | poliwęglan 4х6,cieplarnie,SEARCH,2,0,0.0,0.0
Search | Poliweglan | Pl,wymiary | poliwęglan 3х4,cieplarnie,SEARCH,5,0,0.0,0.0
Search | Poliweglan | Pl,wymiary | poliwęglan 3х4,cieplarnia z poliwęglanu cena,SEARCH,1,0,0.0,0.0
Search | Poliweglan | Pl,mala szklarnia z poliweglanu,cieplarnia z poliwęglanu,SEARCH,1,0,0.0,0.0
Search | Poliweglan | Pl,wymiary | poliwęglan 4х6,cieplarnia z poliwęglanu,SEARCH,2,0,0.0,0.0
Search | Poliweglan | Pl,tunele z poliwęglanu,cieplarnia z poliwęglanu,SEARCH,7,0,0.0,0.0
Search | Poliweglan | Pl,szklarnie z poliwęglanu [phrase],cieplarnia z poliwęglanu,SEARCH,8,0,0.0,0.0
Search | Poliweglan | Pl,wymiary | poliwęglan 3х4,cieplarnia z poliwęglanu,SEARCH,10,0,0.0,0.0
Search | Poliweglan | Pl,wymiary | poliwęglan 3х4,tunel szklarnia,SEARCH,7,0,0.0,0.0
Search | Poliweglan | Pl,mala szklarnia z poliweglanu,tunel sunny,SEARCH,1,0,0.0,0.0
Search | Poliweglan | Pl,wymiary | poliwęglan 3х4,tunel przydomowy,SEARCH,1,0,0.0,0.0
Search | Poliweglan | Pl,wymiary | poliwęglan 3х6,tunel poliwęglanu 3x6,SEARCH,1,0,0.0,0.0
Search | Poliweglan | Pl,tunele z poliwęglanu,tunel z poliwęglanu,SEARCH_PARTNERS,3,0,0.0,0.0
Search | Poliweglan | Pl,mala szklarnia z poliweglanu,tunel z poliwęglanu,SEARCH,1,0,0.0,0.0
Search | Poliweglan | Pl,szklarnie z poliwęglanu [phrase],tunel z poliwęglanu,SEARCH,6,0,0.0,0.0
Search | Poliweglan | Pl,wymiary | poliwęglan 4х6,tunel z poliweglanu 4x6,SEARCH,4,0,0.0,0.0
Search | Poliweglan | Pl,wymiary | poliwęglan 3х4,tunel z poliweglanu 3x4,SEARCH,2,0,0.0,0.0
Search | Poliweglan | Pl,szklarnie z poliwęglanu [phrase],tunel z poliweglanu,SEARCH,5,0,0.0,0.0
Search | Poliweglan | Pl,wymiary | poliwęglan 3х4,tunel z foli,SEARCH,1,0,0.0,0.0
Search | Poliweglan | Pl,wymiary | poliwęglan 3х4,tunel z,SEARCH,1,0,0.0,0.0
Search | Poliweglan | Pl,wymiary | poliwęglan 4х6,tunel warzywa,SEARCH,1,0,0.0,0.0
Search | Poliweglan | Pl,tunele z poliwęglanu,tunel szklarniowy z poliwęglanu,SEARCH,2,0,0.0,0.0
Search | Poliweglan | Pl,wymiary | poliwęglan 3х4,tunel szklarniowy,SEARCH,9,0,0.0,0.0
Search | Poliweglan | Pl,wymiary | poliwęglan 4х6,tunel szklarnia z poliwęglanu,SEARCH,1,0,0.0,0.0
Search | Poliweglan | Pl,szklarnie z poliwęglanu [exact],tunel szklarnia z poliwęglanu,SEARCH,1,0,0.0,0.0
Search | Poliweglan | Pl,wymiary | poliwęglan 3х4,tunel szklarnia z poliwęglanu,SEARCH,3,0,0.0,0.0
Search | Poliweglan | Pl,wymiary | poliwęglan 4х6,tunel szklarnia,SEARCH,3,0,0.0,0.0
Search | Poliweglan | Pl,wymiary | poliwęglan 3х4,cultivo,SEARCH,22,0,0.0,0.0
Search | Poliweglan | Pl,wymiary | poliwęglan 3х4,cieplarnia pl,SEARCH,3,0,0.0,0.0
Search | Poliweglan | Pl,wymiary | poliwęglan 4х6,cieplarnia ogrodowa z poliwęglanu,SEARCH,1,0,0.0,0.0
Search | Poliweglan | Pl,tunele z poliwęglanu,cieplarnia ogrodowa z poliwęglanu,SEARCH,2,0,0.0,0.0
Search | Poliweglan | Pl,szklarnie z poliwęglanu [phrase],cieplarnia ogrodowa z poliwęglanu,SEARCH,2,0,0.0,0.0
Search | Poliweglan | Pl,wymiary | poliwęglan 3х4,cieplarnia ogrodowa z poliwęglanu,SEARCH,5,0,0.0,0.0
Search | Poliweglan | Pl,wymiary | poliwęglan 3х4,cieplarnia,SEARCH_PARTNERS,1,0,0.0,0.0
Search | Poliweglan | Pl,mala szklarnia z poliweglanu,cieplarnia,SEARCH,10,0,0.0,0.0
Search | Poliweglan | Pl,mala szklarnia z poliweglanu,cieplarki z poliwęglanu,SEARCH,2,0,0.0,0.0
Search | Poliweglan | Pl,tunele z poliwęglanu,cieplarki z poliwęglanu,SEARCH,3,0,0.0,0.0
Search | Poliweglan | Pl,wymiary | poliwęglan 3х4,cieplarki z poliwęglanu,SEARCH,3,0,0.0,0.0
Search | Poliweglan | Pl,wymiary | poliwęglan 3х4,tunel z poliwęglanu 2x4,SEARCH,1,0,0.0,0.0
Search | Poliweglan | Pl,mala szklarnia z poliweglanu,tunel z poliwęglanu 2x2,SEARCH,1,0,0.0,0.0
Search | Poliweglan | Pl,tunele z poliwęglanu,tunel z poliwęglanu 2x2,SEARCH,2,0,0.0,0.0
Search | Poliweglan | Pl,wymiary | poliwęglan 2х4,tunel z poliwęglanu 2.5 x4,SEARCH,4,0,0.0,0.0
Search | Poliweglan | Pl,tunele z poliwęglanu,tunel z poliwęglanu 2.5 x4,SEARCH,2,0,0.0,0.0
Search | Poliweglan | Pl,szklarnie z poliwęglanu [phrase],tunel z poliwęglanu 2.5 x4,SEARCH,2,0,0.0,0.0
Search | Poliweglan | Pl,wymiary | poliwęglan 3х6,tunel z poliwęglanu 3x6m cena,SEARCH,2,0,0.0,0.0
Search | Poliweglan | Pl,wymiary | poliwęglan 4х6,tunel z poliwęglanu 3x6m,SEARCH,1,0,0.0,0.0
Search | Poliweglan | Pl,szklarnie z poliwęglanu [phrase],tunel z poliwęglanu 3x6m,SEARCH,1,0,0.0,0.0
Search | Poliweglan | Pl,wymiary | poliwęglan 3х6,tunel z poliwęglanu 3x6 producent,SEARCH,5,0,0.0,0.0
Search | Poliweglan | Pl,wymiary | poliwęglan 3х6,tunel z poliwęglanu 3x6 cena,SEARCH,2,0,0.0,0.0
Search | Poliweglan | Pl,wymiary | poliwęglan 3х4,tunel z poliwęglanu 3x4 producent,SEARCH,2,0,0.0,0.0
Search | Poliweglan | Pl,wymiary | poliwęglan 4х6,tunel z poliwęglanu 3x4,SEARCH,1,0,0.0,0.0
Search | Poliweglan | Pl,tunele z poliwęglanu,tunel z poliwęglanu 3x4,SEARCH,1,0,0.0,0.0
Search | Poliweglan | Pl,mala szklarnia z poliweglanu,tunel z poliwęglanu 3x10,SEARCH,1,0,0.0,0.0
Search | Poliweglan | Pl,szklarnie z poliwęglanu [phrase],tunel z poliwęglanu 3x10,SEARCH,1,0,0.0,0.0
Search | Poliweglan | Pl,wymiary | poliwęglan 3х4,tunel z poliwęglanu 3x10,SEARCH,1,0,0.0,0.0
Search | Poliweglan | Pl,tunele z poliwęglanu,tunel z poliwęglanu 2x6,SEARCH,3,0,0.0,0.0
Search | Poliweglan | Pl,mala szklarnia z poliweglanu,cieplarnia poliwęglanowa,SEARCH,1,0,0.0,0.0
Search | Poliweglan | Pl,wymiary | poliwęglan 2х4,cieplarnia pl,SEARCH,3,0,0.0,0.0
Search | Poliweglan | Pl,wymiary | poliwęglan 4х6,cieplarnia pl,SEARCH,11,0,0.0,0.0
Search | Poliweglan | Pl,szklarnie z poliwęglanu [phrase],cieplarnia pl,SEARCH,3,0,0.0,0.0
Search | Poliweglan | Pl,mala szklarnia z poliweglanu,botanika szklarnia,SEARCH,1,0,0.0,0.0
Search | Poliweglan | Pl,wymiary | poliwęglan 3х4,botanika szklarnia,SEARCH,1,0,0.0,0.0
Search | Poliweglan | Pl,mala szklarnia z poliweglanu,bloomcabin,SEARCH,1,0,0.0,0.0
Search | Poliweglan | Pl,wymiary | poliwęglan 4х6,bloom cabin,SEARCH,1,0,0.0,0.0
Search | Poliweglan | Pl,mala szklarnia z poliweglanu,bartex tunele,SEARCH,2,0,0.0,0.0
Search | Poliweglan | Pl,szklarnie z poliwęglanu [phrase],antiga producent szklarni z poliweglanu,SEARCH,3,0,0.0,0.0
Search | Poliweglan | Pl,wymiary | poliwęglan 3х4,alistan agro szówsko,SEARCH,1,0,0.0,0.0
Search | Poliweglan | Pl,mala szklarnia z poliweglanu,alistan agro sp z o o,SEARCH,11,0,0.0,0.0
Search | Poliweglan | Pl,mala szklarnia z poliweglanu,alistan agro poliwęglan,SEARCH,1,0,0.0,0.0
Search | Poliweglan | Pl,wymiary | poliwęglan 3х4,tunel z poliwęglanu 4x6,SEARCH,2,0,0.0,0.0
Search | Poliweglan | Pl,namioty z poliwęglanu,tunel z poliwęglanu 4x12,SEARCH,1,0,0.0,0.0
Search | Poliweglan | Pl,wymiary | poliwęglan 3х4,tunel z poliwęglanu 4x12,SEARCH,1,0,0.0,0.0
Search | Poliweglan | Pl,szklarnie z poliwęglanu [phrase],tunel z poliwęglanu 4x10,SEARCH,8,0,0.0,0.0
Search | Poliweglan | Pl,mala szklarnia z poliweglanu,tunel z poliwęglanu 3x8,SEARCH,2,0,0.0,0.0
Search | Poliweglan | Pl,tunele z poliwęglanu,tunel z poliwęglanu 3x8,SEARCH,4,0,0.0,0.0
Search | Poliweglan | Pl,wymiary | poliwęglan 3х4,tunel z poliwęglanu 3x8,SEARCH,2,0,0.0,0.0
Search | Poliweglan | Pl,wymiary | poliwęglan 4х6,tunele do ogrodu,SEARCH,1,0,0.0,0.0
Search | Poliweglan | Pl,wymiary | poliwęglan 3х4,tunele do ogrodu,SEARCH,1,0,0.0,0.0
Search | Poliweglan | Pl,wymiary | poliwęglan 3х4,tunele cena,SEARCH,1,0,0.0,0.0
Search | Poliweglan | Pl,wymiary | poliwęglan 3х4,tunel z pomidorami,SEARCH_PARTNERS,1,0,0.0,0.0
Search | Poliweglan | Pl,tunele z poliwęglanu,tunel z poliwęglanu producent,SEARCH,2,0,0.0,0.0
Search | Poliweglan | Pl,wymiary | poliwęglan 4х6,tunel z poliwęglanu podkarpackie,SEARCH,1,0,0.0,0.0
Search | Poliweglan | Pl,wymiary | poliwęglan 4х8,tunel z poliwęglanu 4x8 cena,SEARCH,1,0,0.0,0.0
Search | Poliweglan | Pl,wymiary | poliwęglan 3х4,tunel z poliwęglanu 4x8,SEARCH,1,0,0.0,0.0
Search | Poliweglan | Pl,tunele z poliwęglanu,tunel z poliwęglanu 4x6,SEARCH_PARTNERS,2,0,0.0,0.0
Search | Poliweglan | Pl,mala szklarnia z poliweglanu,tunel z poliwęglanu 4x6,SEARCH,2,0,0.0,0.0
Search | Poliweglan | Pl,tunele z poliwęglanu,tunel z poliwęglanu 4x6,SEARCH,2,0,0.0,0.0
Search | Poliweglan | Pl,mala szklarnia z poliweglanu,ceny szklarni z poliwęglanu,SEARCH,1,0,0.0,0.0
Search | Poliweglan | Pl,mala szklarnia z poliweglanu,ceny szklarni ogrodowych,SEARCH,1,0,0.0,0.0
Search | Poliweglan | Pl,wymiary | poliwęglan 3х4,ceny szklarni,SEARCH,2,0,0.0,0.0
Search | Poliweglan | Pl,wymiary | poliwęglan 3х4,cena szklarni z poliwęglanu,SEARCH,1,0,0.0,0.0
Search | Poliweglan | Pl,wymiary | poliwęglan 3х4,canopy greenhouse,SEARCH_PARTNERS,1,0,0.0,0.0
Search | Poliweglan | Pl,tunele z poliwęglanu,tunele ogrodowe poliwęglanowe,SEARCH,4,0,0.0,0.0
Search | Poliweglan | Pl,wymiary | poliwęglan 3х4,tunele ogrodowe cena,SEARCH,1,0,0.0,0.0
Search | Poliweglan | Pl,wymiary | poliwęglan 3х4,tunele ogrodowe 3x6,SEARCH,1,0,0.0,0.0
Search | Poliweglan | Pl,wymiary | poliwęglan 3х4,tunele ogrodnicze na działkę,SEARCH,1,0,0.0,0.0
Search | Poliweglan | Pl,wymiary | poliwęglan 3х4,tunele namiotowe,SEARCH,1,0,0.0,0.0
Search | Poliweglan | Pl,wymiary | poliwęglan 4х6,tunele na warzywa,SEARCH,1,0,0.0,0.0
Search | Poliweglan | Pl,wymiary | poliwęglan 3х4,tunele na warzywa,SEARCH,6,0,0.0,0.0
Search | Poliweglan | Pl,wymiary | poliwęglan 3х4,tunele na pomidory,SEARCH,5,0,0.0,0.0
Search | Poliweglan | Pl,wymiary | poliwęglan 3х4,tunele na działkę,SEARCH,1,0,0.0,0.0
Search | Poliweglan | Pl,mala szklarnia z poliweglanu,tunele i szklarnie ogrodowe,SEARCH,2,0,0.0,0.0
Search | Poliweglan | Pl,wymiary | poliwęglan 4х6,tunele i szklarnie ogrodowe,SEARCH,4,0,0.0,0.0
Search | Poliweglan | Pl,wymiary | poliwęglan 3х4,tunele i szklarnie ogrodowe,SEARCH,12,0,0.0,0.0
Search | Poliweglan | Pl,mala szklarnia z poliweglanu,tunele hodowlane,SEARCH,1,0,0.0,0.0
Search | Poliweglan | Pl,mala szklarnia z poliweglanu,tunele farmer,SEARCH,3,0,0.0,0.0
Search | Poliweglan | Pl,wymiary | poliwęglan 3х4,tunele farmer,SEARCH,1,0,0.0,0.0
Search | Poliweglan | Pl,wymiary | poliwęglan 3х4,tunele do warzyw,SEARCH,1,0,0.0,0.0
Search | Poliweglan | Pl,wymiary | poliwęglan 3х4,wdk tunnels,SEARCH,2,0,0.0,0.0
Search | Poliweglan | Pl,wymiary | poliwęglan 4х6,warzywniak z poliwęglanu,SEARCH,1,0,0.0,0.0
Search | Poliweglan | Pl,mala szklarnia z poliweglanu,w szklarnia pl,SEARCH,1,0,0.0,0.0
Search | Poliweglan | Pl,mala szklarnia z poliweglanu,w m l szklarnie,SEARCH,5,0,0.0,0.0
Search | Poliweglan | Pl,wymiary | poliwęglan 2х4,w m l szklarnie,SEARCH,1,0,0.0,0.0
Search | Poliweglan | Pl,mala szklarnia z poliweglanu,vegi szklarnie,SEARCH,1,0,0.0,0.0
Search | Poliweglan | Pl,mala szklarnia z poliweglanu,twoja szklarnia pl,SEARCH,3,0,0.0,0.0
Search | Poliweglan | Pl,wymiary | poliwęglan 2х4,tuplex poliwęglan,SEARCH,1,0,0.0,0.0
Search | Poliweglan | Pl,wymiary | poliwęglan 3х4,tunele z poliweglanu,SEARCH,1,0,0.0,0.0
Search | Poliweglan | Pl,wymiary | poliwęglan 3х4,tunele z,SEARCH,2,0,0.0,0.0
Search | Poliweglan | Pl,wymiary | poliwęglan 3х4,tunele warzywne,SEARCH,2,0,0.0,0.0
Search | Poliweglan | Pl,mala szklarnia z poliweglanu,tunele szklarnie,SEARCH_PARTNERS,1,0,0.0,0.0
Search | Poliweglan | Pl,tunele z poliwęglanu,tunele poliwęglan,SEARCH,1,0,0.0,0.0
Search | Poliweglan | Pl,wymiary | poliwęglan 3х4,tunele pod pomidory,SEARCH_PARTNERS,2,0,0.0,0.0
Search | Poliweglan | Pl,wymiary | poliwęglan 3х4,tunele pod pomidory,SEARCH,1,0,0.0,0.0
Search | Poliweglan | Pl,wymiary | poliwęglan 3х4,tunele ogrodowe z poliwęglanu,SEARCH,1,0,0.0,0.0
Search | Poliweglan | Pl,mala szklarnia z poliweglanu,agro szklarnia pl,SEARCH,1,0,0.0,0.0
Search | Poliweglan | Pl,wymiary | poliwęglan 4х6,www szklarnia pl,SEARCH,1,0,0.0,0.0
Search | Poliweglan | Pl,mala szklarnia z poliweglanu,wml szklarnie,SEARCH,5,0,0.0,0.0
Search | Poliweglan | Pl,wymiary | poliwęglan 2х4,wml szklarnie,SEARCH,1,0,0.0,0.0
Search | Poliweglan | Pl,wymiary | poliwęglan 3х4,wml szklarnie,SEARCH,4,0,0.0,0.0
Search | Poliweglan | Pl,wymiary | poliwęglan 4х6,wm group szklarnie,SEARCH,3,0,0.0,0.0
Search | Poliweglan | Pl,wymiary | poliwęglan 4х6,wesoły rolnik pl,SEARCH,2,0,0.0,0.0
Search | Poliweglan | Pl,wymiary | poliwęglan 3х4,wesoły rolnik pl,SEARCH,1,0,0.0,0.0
Search | Poliweglan | Pl,mala szklarnia z poliweglanu,wesoły rolnik,SEARCH_PARTNERS,2,0,0.0,0.0
Search | Poliweglan | Pl,mala szklarnia z poliweglanu,wesoły rolnik,SEARCH,6,0,0.0,0.0
Search | Poliweglan | Pl,wymiary | poliwęglan 2х4,wesoły rolnik,SEARCH,1,0,0.0,0.0
Search | Poliweglan | Pl,wymiary | poliwęglan 4х6,wesoły rolnik,SEARCH,10,0,0.0,0.0
Search | Poliweglan | Pl,wymiary | poliwęglan 3х4,wesoły rolnik,SEARCH,11,0,0.0,0.0
Search | Poliweglan | Pl,wymiary | poliwęglan 2х4,wesoły ogrodnik,SEARCH,2,0,0.0,0.0
Search | Poliweglan | Pl,wymiary | poliwęglan 4х6,wesoły ogrodnik,SEARCH,1,0,0.0,0.0
Search | Poliweglan | Pl,wymiary | poliwęglan 4х6,alistan agro poliwęglan,SEARCH,4,0,0.0,0.0
Search | Poliweglan | Pl,wymiary | poliwęglan 2х4,łączenie poliwęglanu na szklarni,SEARCH,1,0,0.0,0.0
Search | Poliweglan | Pl,wymiary | poliwęglan 4х6,ładna szklarnia,SEARCH,1,0,0.0,0.0
Search | Poliweglan | Pl,wymiary | poliwęglan 3х4,zimowa szklarnia,SEARCH,1,0,0.0,0.0
Search | Poliweglan | Pl,mala szklarnia z poliweglanu,zielone szklarnie pl,SEARCH,1,0,0.0,0.0
Search | Poliweglan | Pl,wymiary | poliwęglan 3х4,zielone szklarnie pl,SEARCH,1,0,0.0,0.0
Search | Poliweglan | Pl,mala szklarnia z poliweglanu,zielone szklarnie,SEARCH,2,0,0.0,0.0
Search | Poliweglan | Pl,wymiary | poliwęglan 3х4,zielone pogotowie szklarnia,SEARCH,2,0,0.0,0.0
Search | Poliweglan | Pl,mala szklarnia z poliweglanu,z poliwęglanu szklarnia,SEARCH,1,0,0.0,0.0
Search | Poliweglan | Pl,mala szklarnia z poliweglanu,z poliwęglanu,SEARCH,3,0,0.0,0.0
Search | Poliweglan | Pl,mala szklarnia z poliweglanu,wyprzedaż szklarni ogrodowych,SEARCH,1,0,0.0,0.0
Search | Poliweglan | Pl,wymiary | poliwęglan 2х4,wyprzedaż szklarni ogrodowych,SEARCH,1,0,0.0,0.0
Search | Poliweglan | Pl,wymiary | poliwęglan 3х4,wyprzedaż szklarni ogrodowych,SEARCH,2,0,0.0,0.0
Search | Poliweglan | Pl,wymiary | poliwęglan 3х4,www szklarnie pl,SEARCH,1,0,0.0,0.0
Search | Poliweglan | Pl,wymiary | poliwęglan 3х4,agrostar szklarnie,SEARCH,2,0,0.0,0.0
Search | Poliweglan | Pl,mala szklarnia z poliweglanu,agrosklep pl szklarnie,SEARCH,1,0,0.0,0.0
Search | Poliweglan | Pl,wymiary | poliwęglan 3х4,agro tunel,SEARCH,2,0,0.0,0.0
