Date,Ad_group,Search_term,Impressions,Clicks,Cost,Conversions
2026-08-03,wymiary | poliwęglan 3х6,namiot z poliwęglanu 3x6,1,0,0.0,0.0
2026-08-03,wymiary | poliwęglan 3х6,szklarnia 3x6,2,0,0.0,0.0
2026-08-03,wymiary | poliwęglan 3х6,szklarnia ogrodowa 3x6,1,0,0.0,0.0
2026-08-03,wymiary | poliwęglan 3х6,szklarnia ogrodowa z poliwęglanu 3x6,1,0,0.0,0.0
2026-08-03,wymiary | poliwęglan 3х6,szklarnia poliweglan 6mm,1,0,0.0,0.0
2026-08-03,wymiary | poliwęglan 3х6,szklarnia poliwęglan 3x6,2,0,0.0,0.0
2026-08-03,wymiary | poliwęglan 3х6,szklarnia z poliweglanu 3x6,1,0,0.0,0.0
2026-08-03,wymiary | poliwęglan 3х6,szklarnia z poliwęglanu 3x6,35,1,0.34,0.0
2026-08-03,wymiary | poliwęglan 3х6,szklarnia z poliwęglanu 3x6 producent,5,0,0.0,0.0
2026-08-03,wymiary | poliwęglan 3х6,szklarnia z poliwęglanu 3x6 producent 6mm,1,0,0.0,0.0
2026-08-03,wymiary | poliwęglan 3х6,szklarnia z poliwęglanu 3x6 promocja,5,2,0.62,0.0
2026-08-03,wymiary | poliwęglan 3х6,szklarnia z poliwęglanu 3x6 wyprzedaż,1,0,0.0,0.0
2026-08-03,wymiary | poliwęglan 3х6,szklarnia z poliwęglanu 3x6 z fundamentem,4,1,0.21,0.0
2026-08-03,wymiary | poliwęglan 3х6,szklarnia z poliwęglanu 6mm 3x6,5,0,0.0,0.0
2026-08-03,wymiary | poliwęglan 3х6,szklarnie poliwęglanowe 3x6,1,0,0.0,0.0
2026-08-03,wymiary | poliwęglan 3х6,szklarnie z poliwęglanu 3x6,2,0,0.0,0.0
2026-08-03,wymiary | poliwęglan 3х6,tunel poliweglan 3x6,1,0,0.0,0.0
2026-08-03,wymiary | poliwęglan 3х6,tunel poliwęglan 3x6,4,1,0.28,0.0
2026-08-03,wymiary | poliwęglan 3х6,tunel z poliwęglanu 3x6,9,1,0.14,0.0
2026-08-03,wymiary | poliwęglan 3х6,tunel z poliwęglanu 3x6m,8,1,0.19,0.0
2026-08-03,wymiary | poliwęglan 3х6,tunel z poliwęglanu 3x6m cena,2,0,0.0,0.0
2026-08-03,wymiary | poliwęglan 3х6,tunele z poliwęglanu 3x6,3,2,1.36,0.0
2026-08-03,wymiary | poliwęglan 3х4,szklarnia 3x4,1,0,0.0,0.0
2026-08-03,wymiary | poliwęglan 3х4,szklarnia ogrodowa 3x4,12,1,0.05,0.0
2026-08-03,wymiary | poliwęglan 3х4,szklarnia ogrodowa 3x4 z poliwęglanu solid mocna,2,1,0.06,0.0
2026-08-03,wymiary | poliwęglan 3х4,szklarnia poliweglan 3x4,1,0,0.0,0.0
2026-08-03,wymiary | poliwęglan 3х4,szklarnia poliwęglan 3x4,1,0,0.0,0.0
2026-08-03,wymiary | poliwęglan 3х4,szklarnia z poliwęglanu 3x4,22,4,2.25,0.0
2026-08-03,wymiary | poliwęglan 3х4,szklarnia z poliwęglanu 3x4 producent,5,0,0.0,0.0
2026-08-03,wymiary | poliwęglan 3х4,szklarnie z poliwęglanu 3x4,7,0,0.0,0.0
2026-08-03,wymiary | poliwęglan 3х4,tunel z poliwęglanu 3x4,7,0,0.0,0.0
2026-08-03,wymiary | poliwęglan 3х8,szklarnia z poliwęglanu 3x8 6mm,2,1,0.28,0.0
2026-08-03,wymiary | poliwęglan 3х8,szklarnie z poliwęglanu 3x8,1,0,0.0,0.0
2026-08-03,cieplarnie z poliwęglanu,cieplarnie z poliwęglanu,2,1,0.37,0.0
2026-08-03,namioty z poliwęglanu,namiot ogrodowy z poliwęglanu,2,0,0.0,0.0
2026-08-03,namioty z poliwęglanu,namiot poliweglan 3x4,6,1,0.35,0.0
2026-08-03,szklarnie z poliwęglanu [exact],mocna szklarnia z poliwęglanu,3,0,0.0,0.0
2026-08-03,szklarnie z poliwęglanu [exact],szklarnia ogrodowa z poliwęglanu,13,1,0.3,0.0
2026-08-03,szklarnie z poliwęglanu [exact],szklarnia z poliwęglanu,74,5,2.57,0.0
2026-08-03,szklarnie z poliwęglanu [exact],szklarnie z poliwęglanu,1,0,0.0,0.0
2026-08-03,szklarnie z poliwęglanu [phrase],duża szklarnia z poliwęglanu,3,0,0.0,0.0
2026-08-03,szklarnie z poliwęglanu [phrase],ile kosztuje szklarnia z poliwęglanu,1,0,0.0,0.0
2026-08-03,szklarnie z poliwęglanu [phrase],ile kosztuje tunel z poliwęglanu,1,0,0.0,0.0
2026-08-03,szklarnie z poliwęglanu [phrase],poligreen szklarnie,1,0,0.0,0.0
2026-08-03,szklarnie z poliwęglanu [phrase],poliszklarnie,1,0,0.0,0.0
2026-08-03,szklarnie z poliwęglanu [phrase],poliweglan szklarnia,1,0,0.0,0.0
2026-08-03,szklarnie z poliwęglanu [phrase],poliwęglan szklarnie,2,0,0.0,0.0
2026-08-03,szklarnie z poliwęglanu [phrase],poliwęglan szklarniowy,1,0,0.0,0.0
2026-08-03,szklarnie z poliwęglanu [phrase],polski producent szklarni z poliwęglanu,2,1,0.48,0.0
2026-08-03,szklarnie z poliwęglanu [phrase],producent szklarni z poliwęglanu,4,1,1.39,0.0
2026-08-03,szklarnie z poliwęglanu [phrase],profimet szklarnie,14,4,1.39,0.0
2026-08-03,szklarnie z poliwęglanu [phrase],profimet szklarnie z poliwęglanu,3,3,8.37,1.0
2026-08-03,szklarnie z poliwęglanu [phrase],szklarnia 3x10,1,0,0.0,0.0
2026-08-03,szklarnie z poliwęglanu [phrase],szklarnia 4x6 poliwęglan,1,0,0.0,0.0
2026-08-03,szklarnie z poliwęglanu [phrase],szklarnia na pomidory z poliwęglanu,1,0,0.0,0.0
2026-08-03,szklarnie z poliwęglanu [phrase],szklarnia ogrodowa z poliwęglanu 2x4,1,0,0.0,0.0
2026-08-03,szklarnie z poliwęglanu [phrase],szklarnia ogrodowa z poliwęglanu 3x4,1,0,0.0,0.0
2026-08-03,szklarnie z poliwęglanu [phrase],szklarnia poliwęglan,3,0,0.0,0.0
2026-08-03,szklarnie z poliwęglanu [phrase],szklarnia poliwęglan 2x4,1,0,0.0,0.0
2026-08-03,szklarnie z poliwęglanu [phrase],szklarnia poliwęglan 3x4,1,0,0.0,0.0
2026-08-03,szklarnie z poliwęglanu [phrase],szklarnia poliwęglan 3x8,1,0,0.0,0.0
2026-08-03,szklarnie z poliwęglanu [phrase],szklarnia pomidor premium plus,2,0,0.0,0.0
2026-08-03,szklarnie z poliwęglanu [phrase],szklarnia rolnik 4m pro,1,0,0.0,0.0
2026-08-03,szklarnie z poliwęglanu [phrase],szklarnia z poliweglanu,6,0,0.0,0.0
2026-08-03,szklarnie z poliwęglanu [phrase],szklarnia z poliwęglanu 2 x 4,1,0,0.0,0.0
2026-08-03,szklarnie z poliwęglanu [phrase],szklarnia z poliwęglanu 2x4,5,0,0.0,0.0
2026-08-03,szklarnie z poliwęglanu [phrase],szklarnia z poliwęglanu 3 x 4,1,0,0.0,0.0
2026-08-03,szklarnie z poliwęglanu [phrase],szklarnia z poliwęglanu 3x4,1,0,0.0,0.0
2026-08-03,szklarnie z poliwęglanu [phrase],szklarnia z poliwęglanu 3x6 producent profimet,2,1,0.35,0.0
2026-08-03,szklarnie z poliwęglanu [phrase],szklarnia z poliwęglanu 3x6 promocja,1,0,0.0,0.0
2026-08-03,szklarnie z poliwęglanu [phrase],szklarnia z poliwęglanu 3x8,1,0,0.0,0.0
2026-08-03,szklarnie z poliwęglanu [phrase],szklarnia z poliwęglanu 3x8 6mm,2,0,0.0,0.0
2026-08-03,szklarnie z poliwęglanu [phrase],szklarnia z poliwęglanu 6mm,1,1,0.23,0.0
2026-08-03,szklarnie z poliwęglanu [phrase],szklarnia z poliwęglanu 6mm 3x6,1,0,0.0,0.0
2026-08-03,szklarnie z poliwęglanu [phrase],szklarnia z poliwęglanu wyprzedaż,3,1,0.19,0.0
2026-08-03,szklarnie z poliwęglanu [phrase],szklarnie na działkę,3,0,0.0,0.0
2026-08-03,szklarnie z poliwęglanu [phrase],szklarnie ogrodowe z poliwęglanu,2,0,0.0,0.0
2026-08-03,szklarnie z poliwęglanu [phrase],szklarnie poliweglan,1,0,0.0,0.0
2026-08-03,szklarnie z poliwęglanu [phrase],szklarnie poliwęglanowe,1,0,0.0,0.0
2026-08-03,szklarnie z poliwęglanu [phrase],szklarnie z poliwęglanu 6mm,2,1,0.78,0.0
2026-08-03,szklarnie z poliwęglanu [phrase],szklarnie z poliwęglanu rzeszów,2,0,0.0,0.0
2026-08-03,szklarnie z poliwęglanu [phrase],szklarnię z poliwęglanu 3x4,1,0,0.0,0.0
2026-08-03,szklarnie z poliwęglanu [phrase],tunel z poliweglanu,1,1,0.05,0.0
2026-08-03,szklarnie z poliwęglanu [phrase],tunel z poliwęglanu,3,1,0.46,0.0
2026-08-03,szklarnie z poliwęglanu [phrase],wm group szklarnie,2,0,0.0,0.0
2026-08-03,tunele z poliwęglanu,mały tunel z poliwęglanu,1,0,0.0,0.0
2026-08-03,tunele z poliwęglanu,namiot ogrodowy z poliwęglanu,1,0,0.0,0.0
2026-08-03,tunele z poliwęglanu,namiot poliweglan,1,0,0.0,0.0
2026-08-03,tunele z poliwęglanu,namiot z poliwęglanu,3,0,0.0,0.0
2026-08-03,tunele z poliwęglanu,namioty ogrodowe z poliwęglanu,1,0,0.0,0.0
2026-08-03,tunele z poliwęglanu,tunel na pomidory z poliwęglanu,3,1,0.17,0.0
2026-08-03,tunele z poliwęglanu,tunel na warzywa z poliwęglanu,2,1,0.18,0.0
2026-08-03,tunele z poliwęglanu,tunel ogrodowy poliwęglan,1,1,0.16,0.0
2026-08-03,tunele z poliwęglanu,tunel ogrodowy z poliwęglanu,5,0,0.0,0.0
2026-08-03,tunele z poliwęglanu,tunel poliweglan,2,0,0.0,0.0
2026-08-03,tunele z poliwęglanu,tunel poliwęglan 4x8,1,0,0.0,0.0
2026-08-03,tunele z poliwęglanu,tunel poliwęglanowy,5,2,0.7,0.0
2026-08-03,tunele z poliwęglanu,tunel szklarniowy z poliwęglanu,1,0,0.0,0.0
2026-08-03,tunele z poliwęglanu,tunel z poliwęglanu,23,2,0.67,0.0
2026-08-03,tunele z poliwęglanu,tunel z poliwęglanu 2.5 x4,2,0,0.0,0.0
2026-08-03,tunele z poliwęglanu,tunel z poliwęglanu 2x4,4,0,0.0,0.0
2026-08-03,tunele z poliwęglanu,tunel z poliwęglanu 3x8,4,1,0.78,0.0
2026-08-03,tunele z poliwęglanu,tunele ogrodowe z poliwęglanu,1,0,0.0,0.0
2026-08-03,tunele z poliwęglanu,tunele z poliwęglanu,8,2,1.18,2.0
2026-08-03,wymiary | poliwęglan 4х6,szklarnia z poliwęglanu 4x6,4,0,0.0,0.0
2026-08-03,wymiary | poliwęglan 4х6,szklarnia z poliwęglanu 4x6 producent,2,0,0.0,0.0
2026-08-03,wymiary | poliwęglan 4х8,szklarnie z poliwęglanu 4x8,1,0,0.0,0.0
2026-08-03,wymiary | poliwęglan 2 5х4,szklarnia z poliwęglanu 2 5x4,2,0,0.0,0.0
2026-08-03,mala szklarnia z poliweglanu,mała szklarnia ogrodowa z poliwęglanu,1,0,0.0,0.0
2026-08-03,mala szklarnia z poliweglanu,szklarnia mała z poliwęglanu,4,0,0.0,0.0
2026-08-04,wymiary | poliwęglan 3х6,namiot z poliwęglanu 3x6,1,0,0.0,0.0
2026-08-04,wymiary | poliwęglan 3х6,szklarnia 3 6,1,0,0.0,0.0
2026-08-04,wymiary | poliwęglan 3х6,szklarnia 3x6,3,0,0.0,0.0
2026-08-04,wymiary | poliwęglan 3х6,szklarnia ogrodowa 3x6,4,1,0.04,0.0
2026-08-04,wymiary | poliwęglan 3х6,szklarnia poliweglan 3x6,2,0,0.0,0.0
2026-08-04,wymiary | poliwęglan 3х6,szklarnia poliwęglan 3x6,6,0,0.0,0.0
2026-08-04,wymiary | poliwęglan 3х6,szklarnia z poliwęglanu 3 x 6 m,2,1,1.71,0.0
2026-08-04,wymiary | poliwęglan 3х6,szklarnia z poliwęglanu 3x6,15,1,0.66,0.0
2026-08-04,wymiary | poliwęglan 3х6,szklarnia z poliwęglanu 3x6 6mm,1,0,0.0,0.0
2026-08-04,wymiary | poliwęglan 3х6,szklarnia z poliwęglanu 3x6 producent,22,3,1.5,0.0
2026-08-04,wymiary | poliwęglan 3х6,szklarnia z poliwęglanu 3x6 producent 6mm,21,0,0.0,0.0
2026-08-04,wymiary | poliwęglan 3х6,szklarnia z poliwęglanu 3x6 promocja,5,1,0.31,0.0
2026-08-04,wymiary | poliwęglan 3х6,szklarnia z poliwęglanu 3x6 wyprzedaż,1,0,0.0,0.0
2026-08-04,wymiary | poliwęglan 3х6,szklarnie z poliwęglanu 3x6,1,0,0.0,0.0
2026-08-04,wymiary | poliwęglan 3х6,tunel ogrodowy 3x6 z poliwęglanu,2,0,0.0,0.0
2026-08-04,wymiary | poliwęglan 3х6,tunel ogrodowy z poliwęglanu 3x6,3,0,0.0,0.0
2026-08-04,wymiary | poliwęglan 3х6,tunel z poliwęglanu 3x6,11,1,0.18,0.0
2026-08-04,wymiary | poliwęglan 3х6,tunel z poliwęglanu 3x6m,3,0,0.0,0.0
2026-08-04,wymiary | poliwęglan 3х6,tunele z poliwęglanu 3x6,2,0,0.0,0.0
2026-08-04,wymiary | poliwęglan 3х4,cieplarnia ogrodowa,3,0,0.0,0.0
2026-08-04,wymiary | poliwęglan 3х4,cieplarnia z poliwęglanu,2,0,0.0,0.0
2026-08-04,wymiary | poliwęglan 3х4,cieplarnie ogrodowe,1,0,0.0,0.0
2026-08-04,wymiary | poliwęglan 3х4,najlepsze szklarnie,2,1,0.48,0.0
2026-08-04,wymiary | poliwęglan 3х4,namiot z poliwęglanu 3x4,3,0,0.0,0.0
2026-08-04,wymiary | poliwęglan 3х4,poliwęglan na tunele,1,1,0.17,0.0
2026-08-04,wymiary | poliwęglan 3х4,poliwęglan szklarnia,5,0,0.0,0.0
2026-08-04,wymiary | poliwęglan 3х4,poliwęglan szklarnie ogrodowe,1,2,1.44,0.0
2026-08-04,wymiary | poliwęglan 3х4,producenci szklarni,2,0,0.0,0.0
2026-08-04,wymiary | poliwęglan 3х4,producent szklarni,1,0,0.0,0.0
2026-08-04,wymiary | poliwęglan 3х4,solidna szklarnia,1,0,0.0,0.0
2026-08-04,wymiary | poliwęglan 3х4,szklarnia,2,0,0.0,0.0
2026-08-04,wymiary | poliwęglan 3х4,szklarnia 3 x 6,3,0,0.0,0.0
2026-08-04,wymiary | poliwęglan 3х4,szklarnia 3x4,1,0,0.0,0.0
2026-08-04,wymiary | poliwęglan 3х4,szklarnia 3x4 6mm,4,2,1.41,0.0
2026-08-04,wymiary | poliwęglan 3х4,szklarnia 3x4 poliweglan,1,0,0.0,0.0
2026-08-04,wymiary | poliwęglan 3х4,szklarnia 4x6,1,0,0.0,0.0
2026-08-04,wymiary | poliwęglan 3х4,szklarnia 6x3,2,0,0.0,0.0
2026-08-04,wymiary | poliwęglan 3х4,szklarnia całoroczna,2,0,0.0,0.0
2026-08-04,wymiary | poliwęglan 3х4,szklarnia ogrodowa,23,1,0.11,0.0
2026-08-04,wymiary | poliwęglan 3х4,szklarnia ogrodowa 3x4,9,1,0.22,0.0
2026-08-04,wymiary | poliwęglan 3х4,szklarnia ogrodowa 3x4 z poliwęglanu solid mocna,7,0,0.0,0.0
2026-08-04,wymiary | poliwęglan 3х4,szklarnia ogrodowa wyprzedaż,1,0,0.0,0.0
2026-08-04,wymiary | poliwęglan 3х4,szklarnia ogrodowa z poliwęglanu 3x4,1,0,0.0,0.0
2026-08-04,wymiary | poliwęglan 3х4,szklarnia pl,1,0,0.0,0.0
2026-08-04,wymiary | poliwęglan 3х4,szklarnia poliwęglan,3,0,0.0,0.0
2026-08-04,wymiary | poliwęglan 3х4,szklarnia poliwęglan 3x4,2,0,0.0,0.0
2026-08-04,wymiary | poliwęglan 3х4,szklarnia przydomowa,1,0,0.0,0.0
2026-08-04,wymiary | poliwęglan 3х4,szklarnia tunel,1,0,0.0,0.0
2026-08-04,wymiary | poliwęglan 3х4,szklarnia z poliwęglanu 2x4,1,0,0.0,0.0
2026-08-04,wymiary | poliwęglan 3х4,szklarnia z poliwęglanu 3x4,18,2,2.01,0.0
2026-08-04,wymiary | poliwęglan 3х4,szklarnia z poliwęglanu 3x4 6mm,2,0,0.0,0.0
2026-08-04,wymiary | poliwęglan 3х4,szklarnia z poliwęglanu 3x4 polski producent,1,0,0.0,0.0
2026-08-04,wymiary | poliwęglan 3х4,szklarnia z poliwęglanu 3x4 producent,3,0,0.0,0.0
2026-08-04,wymiary | poliwęglan 3х4,szklarnia z poliwęglanu 6mm 3x4,1,0,0.0,0.0
2026-08-04,wymiary | poliwęglan 3х4,szklarnia z poliwęglanu cena,1,0,0.0,0.0
2026-08-04,wymiary | poliwęglan 3х4,szklarnie,8,1,0.31,0.0
2026-08-04,wymiary | poliwęglan 3х4,szklarnie ogrodowe,2,0,0.0,0.0
2026-08-04,wymiary | poliwęglan 3х4,szklarnie poliwęglanowe,3,1,0.59,0.0
2026-08-04,wymiary | poliwęglan 3х4,szklarnie z poliwęglanu,45,7,5.35,0.0
2026-08-04,wymiary | poliwęglan 3х4,szklarnie z poliwęglanu 3 x 4,1,0,0.0,0.0
2026-08-04,wymiary | poliwęglan 3х4,szklarnie łódź,1,0,0.0,0.0
2026-08-04,wymiary | poliwęglan 3х4,tunel do ogrodu,2,0,0.0,0.0
2026-08-04,wymiary | poliwęglan 3х4,tunel ogrodowy,16,0,0.0,0.0
2026-08-04,wymiary | poliwęglan 3х4,tunel ogrodowy mocny,1,0,0.0,0.0
2026-08-04,wymiary | poliwęglan 3х4,tunel ogrodowy z poliwęglanu 3x4,1,1,0.17,0.0
2026-08-04,wymiary | poliwęglan 3х4,tunel poliwęglanowy,4,0,0.0,0.0
2026-08-04,wymiary | poliwęglan 3х4,tunel z poliweglanu 3x4,2,0,0.0,0.0
2026-08-04,wymiary | poliwęglan 3х4,tunel z poliwęglanu,7,2,0.47,0.0
2026-08-04,wymiary | poliwęglan 3х4,tunel z poliwęglanu 3x4,3,0,0.0,0.0
2026-08-04,wymiary | poliwęglan 3х4,tunele ogrodowe,6,1,0.48,0.0
2026-08-04,namioty z poliwęglanu,namiot poliweglan,2,0,0.0,0.0
2026-08-04,namioty z poliwęglanu,namiot z poliwęglanu,1,0,0.0,0.0
2026-08-04,namioty z poliwęglanu,namioty poliwęglanowe,1,1,0.2,0.0
2026-08-04,namioty z poliwęglanu,namioty z poliwęglanu,1,0,0.0,0.0
2026-08-04,szklarnie z poliwęglanu [exact],gotowa szklarnia z poliwęglanu,1,0,0.0,0.0
2026-08-04,szklarnie z poliwęglanu [exact],mocna szklarnia z poliwęglanu,2,1,0.31,0.0
2026-08-04,szklarnie z poliwęglanu [exact],solidna szklarnia z poliwęglanu,1,0,0.0,0.0
2026-08-04,szklarnie z poliwęglanu [exact],szklarnia ogrodowa z poliwęglanu,8,2,0.78,0.0
2026-08-04,szklarnie z poliwęglanu [exact],szklarnia z poliwęglanu,120,5,2.81,0.0
2026-08-04,szklarnie z poliwęglanu [exact],szklarnia z poliwęglanu mocna,4,1,0.66,0.0
2026-08-04,szklarnie z poliwęglanu [exact],szklarnie z poliwęglanu,2,0,0.0,0.0
2026-08-04,szklarnie z poliwęglanu [phrase],duża szklarnia z poliwęglanu,1,0,0.0,0.0
2026-08-04,szklarnie z poliwęglanu [phrase],modna szklarnia pl,1,0,0.0,0.0
2026-08-04,szklarnie z poliwęglanu [phrase],najlepsze szklarnie z poliwęglanu,1,0,0.0,0.0
2026-08-04,szklarnie z poliwęglanu [phrase],najtańsze szklarnie z poliwęglanu,2,0,0.0,0.0
2026-08-04,szklarnie z poliwęglanu [phrase],poli szklarnia pl,2,1,0.67,0.0
2026-08-04,szklarnie z poliwęglanu [phrase],poliwęglan szklarnia,2,0,0.0,0.0
2026-08-04,szklarnie z poliwęglanu [phrase],producent szklarni z poliwęglanu,6,2,1.52,0.0
2026-08-04,szklarnie z poliwęglanu [phrase],profimet,8,3,1.05,1.0
2026-08-04,szklarnie z poliwęglanu [phrase],profimet szklarnie,8,1,0.43,0.0
2026-08-04,szklarnie z poliwęglanu [phrase],przydomowa szklarnia z poliwęglanu,1,0,0.0,0.0
2026-08-04,szklarnie z poliwęglanu [phrase],szklarnia 3x8,1,0,0.0,0.0
2026-08-04,szklarnie z poliwęglanu [phrase],szklarnia ogrodowa z poliwęglanu,1,0,0.0,0.0
2026-08-04,szklarnie z poliwęglanu [phrase],szklarnia ogrodowa z poliwęglanu 3x4,2,1,0.29,0.0
2026-08-04,szklarnie z poliwęglanu [phrase],szklarnia poliweglan 6mm,1,0,0.0,0.0
2026-08-04,szklarnie z poliwęglanu [phrase],szklarnia poliwęglan,8,0,0.0,0.0
2026-08-04,szklarnie z poliwęglanu [phrase],szklarnia poliwęglan 4x6,1,0,0.0,0.0
2026-08-04,szklarnie z poliwęglanu [phrase],szklarnia poliwęglan 6mm,1,0,0.0,0.0
2026-08-04,szklarnie z poliwęglanu [phrase],szklarnia poliwęglanowa,3,1,0.94,0.0
2026-08-04,szklarnie z poliwęglanu [phrase],szklarnia poliwęglanowa 3 x 6,1,0,0.0,0.0
2026-08-04,szklarnie z poliwęglanu [phrase],szklarnia profimet mocna,1,0,0.0,0.0
2026-08-04,szklarnie z poliwęglanu [phrase],szklarnia z poliweglanu,2,0,0.0,0.0
2026-08-04,szklarnie z poliwęglanu [phrase],szklarnia z poliwęglanu 10mm,1,0,0.0,0.0
2026-08-04,szklarnie z poliwęglanu [phrase],szklarnia z poliwęglanu 2x4,1,0,0.0,0.0
2026-08-04,szklarnie z poliwęglanu [phrase],szklarnia z poliwęglanu 3x4,1,1,0.17,0.0
2026-08-04,szklarnie z poliwęglanu [phrase],szklarnia z poliwęglanu 3x8,3,1,0.13,0.0
2026-08-04,szklarnie z poliwęglanu [phrase],szklarnia z poliwęglanu 4x12,1,0,0.0,0.0
2026-08-04,szklarnie z poliwęglanu [phrase],szklarnia z poliwęglanu 6 mm,1,0,0.0,0.0
2026-08-04,szklarnie z poliwęglanu [phrase],szklarnia z poliwęglanu 6mm,1,0,0.0,0.0
2026-08-04,szklarnie z poliwęglanu [phrase],szklarnia z poliwęglanu promocja,1,0,0.0,0.0
2026-08-04,szklarnie z poliwęglanu [phrase],szklarnia z poliwęglanu przezroczystego,1,0,0.0,0.0
2026-08-04,szklarnie z poliwęglanu [phrase],szklarnia z poliwęglanu wyprzedaż,3,2,0.47,0.0
2026-08-04,szklarnie z poliwęglanu [phrase],szklarnie modułowe z poliwęglanu zambrów,2,1,2.08,0.0
2026-08-04,szklarnie z poliwęglanu [phrase],szklarnie ogrodowe z poliwęglanu,2,0,0.0,0.0
2026-08-04,szklarnie z poliwęglanu [phrase],szklarnie poliwęglan,1,0,0.0,0.0
2026-08-04,szklarnie z poliwęglanu [phrase],szklarnie poliwęglanowe,2,0,0.0,0.0
2026-08-04,szklarnie z poliwęglanu [phrase],szklarnie z poliweglanu,1,0,0.0,0.0
2026-08-04,szklarnie z poliwęglanu [phrase],szklarnie z poliwęglanu śląskie,1,0,0.0,0.0
2026-08-04,szklarnie z poliwęglanu [phrase],szklarnię z poliwęglanu 3x4,1,0,0.0,0.0
2026-08-04,szklarnie z poliwęglanu [phrase],tunel ogrodowy z poliwęglanu,1,0,0.0,0.0
2026-08-04,szklarnie z poliwęglanu [phrase],tunel z poliwęglanu,2,0,0.0,0.0
2026-08-04,szklarnie z poliwęglanu [phrase],z poliwęglanu szklarnia,1,0,0.0,0.0
2026-08-04,tunele z poliwęglanu,namiot ogrodowy z poliwęglanu,1,0,0.0,0.0
2026-08-04,tunele z poliwęglanu,namiot poliwęglanowy,2,0,0.0,0.0
2026-08-04,tunele z poliwęglanu,poliweglanowy tunel,2,0,0.0,0.0
2026-08-04,tunele z poliwęglanu,tunel ogrodowy z poliwęglanu,3,0,0.0,0.0
2026-08-04,tunele z poliwęglanu,tunel poliwęglan,1,0,0.0,0.0
2026-08-04,tunele z poliwęglanu,tunel poliwęglan 4x8,1,1,0.28,0.0
2026-08-04,tunele z poliwęglanu,tunel poliwęglanowy,2,1,0.84,0.0
2026-08-04,tunele z poliwęglanu,tunel z poliwęglanu,10,0,0.0,0.0
2026-08-04,tunele z poliwęglanu,tunel z poliwęglanu 2x4,2,0,0.0,0.0
2026-08-04,tunele z poliwęglanu,tunel z poliwęglanu 3x4,1,2,0.83,0.0
2026-08-04,tunele z poliwęglanu,tunel z poliwęglanu 3x8,2,0,0.0,0.0
2026-08-04,tunele z poliwęglanu,tunele ogrodowe z poliwęglanu,1,1,0.43,0.0
2026-08-04,tunele z poliwęglanu,tunele z poliwęglanu,9,3,0.78,0.0
2026-08-04,wymiary | poliwęglan 4х6,szklarnia z poliwęglanu 4x6 producent,1,0,0.0,0.0
2026-08-04,wymiary | poliwęglan 4х8,szklarnia poliwęglan 4x8,1,0,0.0,0.0
2026-08-04,wymiary | poliwęglan 4х8,szklarnia z poliwęglanu 4x8,5,1,0.23,0.0
2026-08-04,mala szklarnia z poliweglanu,cieplarnie ogrodowe,1,0,0.0,0.0
2026-08-04,mala szklarnia z poliweglanu,małe szklarnie,1,0,0.0,0.0
2026-08-04,mala szklarnia z poliweglanu,mocne szklarnie pl,2,0,0.0,0.0
2026-08-04,mala szklarnia z poliweglanu,moja szklarnia pl,2,0,0.0,0.0
2026-08-04,mala szklarnia z poliweglanu,namiot z poliweglanu,1,0,0.0,0.0
2026-08-04,mala szklarnia z poliweglanu,poliwęglan szklarnia,1,0,0.0,0.0
2026-08-04,mala szklarnia z poliweglanu,polski producent szklarni ogrodowych,5,0,0.0,0.0
2026-08-04,mala szklarnia z poliweglanu,polytunnel,1,0,0.0,0.0
2026-08-04,mala szklarnia z poliweglanu,szklarenki,2,0,0.0,0.0
2026-08-04,mala szklarnia z poliweglanu,szklarnia,11,1,0.38,0.0
2026-08-04,mala szklarnia z poliweglanu,szklarnia 2 x 2,2,0,0.0,0.0
2026-08-04,mala szklarnia z poliweglanu,szklarnia 2x4m,1,0,0.0,0.0
2026-08-04,mala szklarnia z poliweglanu,szklarnia 3 x 6,1,0,0.0,0.0
2026-08-04,mala szklarnia z poliweglanu,szklarnia 4 x 2,1,0,0.0,0.0
2026-08-04,mala szklarnia z poliweglanu,szklarnia białystok,1,0,0.0,0.0
2026-08-04,mala szklarnia z poliweglanu,szklarnia bydgoszcz,1,0,0.0,0.0
2026-08-04,mala szklarnia z poliweglanu,szklarnia całoroczna,1,0,0.0,0.0
2026-08-04,mala szklarnia z poliweglanu,szklarnia cena,1,0,0.0,0.0
2026-08-04,mala szklarnia z poliweglanu,szklarnia na pomidory,1,0,0.0,0.0
2026-08-04,mala szklarnia z poliweglanu,szklarnia ogrodowa,27,0,0.0,0.0
2026-08-04,mala szklarnia z poliweglanu,szklarnia ogrodowa 2x2,1,0,0.0,0.0
2026-08-04,mala szklarnia z poliweglanu,szklarnia ogrodowa 4x2,1,0,0.0,0.0
2026-08-04,mala szklarnia z poliweglanu,szklarnia ogrodowa 4x2 5,2,0,0.0,0.0
2026-08-04,mala szklarnia z poliweglanu,szklarnia ogrodowa wyprzedaż,1,0,0.0,0.0
2026-08-04,mala szklarnia z poliweglanu,szklarnia pl,4,0,0.0,0.0
2026-08-04,mala szklarnia z poliweglanu,szklarnia poliwęglan,2,1,0.47,0.0
2026-08-04,mala szklarnia z poliweglanu,szklarnia z poliweglanu,1,0,0.0,0.0
2026-08-04,mala szklarnia z poliweglanu,szklarnia z poliwęglanu 2x2,3,0,0.0,0.0
2026-08-04,mala szklarnia z poliweglanu,szklarnia z poliwęglanu 2x4,1,0,0.0,0.0
2026-08-04,mala szklarnia z poliweglanu,szklarnia z poliwęglanu 3x4,1,0,0.0,0.0
2026-08-04,mala szklarnia z poliweglanu,szklarnie,9,2,0.6,0.0
2026-08-04,mala szklarnia z poliweglanu,szklarnie ogrodowe,1,0,0.0,0.0
2026-08-04,mala szklarnia z poliweglanu,szklarnie online,1,0,0.0,0.0
2026-08-04,mala szklarnia z poliweglanu,szklarnie online pl,3,0,0.0,0.0
2026-08-04,mala szklarnia z poliweglanu,szklarnie z poliwęglanu na wymiar,1,0,0.0,0.0
2026-08-04,mala szklarnia z poliweglanu,szklarnie łódź,1,0,0.0,0.0
2026-08-04,mala szklarnia z poliweglanu,tunel ogrodowy,2,0,0.0,0.0
2026-08-04,mala szklarnia z poliweglanu,zielone szklarnie pl,4,0,0.0,0.0
2026-08-05,wymiary | poliwęglan 3х6,szklarnia ogrodowa z poliwęglanu 3x6,1,0,0.0,0.0
2026-08-05,wymiary | poliwęglan 3х6,szklarnia poliwęglan 3 x 6,1,0,0.0,0.0
2026-08-05,wymiary | poliwęglan 3х6,szklarnia poliwęglan 3x6,5,0,0.0,0.0
2026-08-05,wymiary | poliwęglan 3х6,szklarnia z poliwęglanu 3x6,19,3,1.2,0.0
2026-08-05,wymiary | poliwęglan 3х6,szklarnia z poliwęglanu 3x6 producent,6,0,0.0,0.0
2026-08-05,wymiary | poliwęglan 3х6,szklarnia z poliwęglanu 3x6 producent 6mm,5,1,0.3,0.0
2026-08-05,wymiary | poliwęglan 3х6,szklarnia z poliwęglanu 3x6 promocja,6,1,0.27,0.0
2026-08-05,wymiary | poliwęglan 3х6,szklarnia z poliwęglanu 3x6 z fundamentem,1,0,0.0,0.0
2026-08-05,wymiary | poliwęglan 3х6,szklarnie ogrodowe 3x6,1,0,0.0,0.0
2026-08-05,wymiary | poliwęglan 3х6,szklarnie z poliwęglanu 3 x 6,1,0,0.0,0.0
2026-08-05,wymiary | poliwęglan 3х6,szklarnie z poliwęglanu 3x6,1,1,0.21,0.0
2026-08-05,wymiary | poliwęglan 3х6,tunel ogrodowy z poliwęglanu 3x6,2,0,0.0,0.0
2026-08-05,wymiary | poliwęglan 3х6,tunel poliweglan 3x6,3,1,0.53,0.0
2026-08-05,wymiary | poliwęglan 3х6,tunel poliwęglan 3x6,3,0,0.0,0.0
2026-08-05,wymiary | poliwęglan 3х6,tunel z poliwęglanu 3x6,8,1,0.49,0.0
2026-08-05,wymiary | poliwęglan 3х6,tunel z poliwęglanu 3x6 producent,2,0,0.0,0.0
2026-08-05,wymiary | poliwęglan 3х6,tunel z poliwęglanu 3x6m,9,0,0.0,0.0
2026-08-05,wymiary | poliwęglan 3х4,alistan agro poliwęglan,2,0,0.0,0.0
2026-08-05,wymiary | poliwęglan 3х4,cieplarnia ogrodowa,1,0,0.0,0.0
2026-08-05,wymiary | poliwęglan 3х4,cieplarnia z poliwęglanu,4,0,0.0,0.0
2026-08-05,wymiary | poliwęglan 3х4,duża szklarnia z poliwęglanu,1,0,0.0,0.0
2026-08-05,wymiary | poliwęglan 3х4,elitna szklarnia,2,0,0.0,0.0
2026-08-05,wymiary | poliwęglan 3х4,febe store,1,0,0.0,0.0
2026-08-05,wymiary | poliwęglan 3х4,jakiej firmy szklarnia z poliwęglanu,1,0,0.0,0.0
2026-08-05,wymiary | poliwęglan 3х4,lanit plast,1,0,0.0,0.0
2026-08-05,wymiary | poliwęglan 3х4,mam szklarnie pl,3,0,0.0,0.0
2026-08-05,wymiary | poliwęglan 3х4,małe szklarnie z poliwęglanu,1,0,0.0,0.0
2026-08-05,wymiary | poliwęglan 3х4,mega agronom szklarnie,2,0,0.0,0.0
2026-08-05,wymiary | poliwęglan 3х4,mocnaszklarnia pl,1,0,0.0,0.0
2026-08-05,wymiary | poliwęglan 3х4,moje szklarnie,3,0,0.0,0.0
2026-08-05,wymiary | poliwęglan 3х4,najlepsze szklarnie z poliwęglanu,1,0,0.0,0.0
2026-08-05,wymiary | poliwęglan 3х4,namiot szklarnia ogrodowa,1,0,0.0,0.0
2026-08-05,wymiary | poliwęglan 3х4,namiot szklarniowy,1,0,0.0,0.0
2026-08-05,wymiary | poliwęglan 3х4,namioty ogrodnicze,1,0,0.0,0.0
2026-08-05,wymiary | poliwęglan 3х4,poli szklarnia pl,1,0,0.0,0.0
2026-08-05,wymiary | poliwęglan 3х4,poliweglan szklarnia,1,0,0.0,0.0
2026-08-05,wymiary | poliwęglan 3х4,poliweglan tunel,1,0,0.0,0.0
2026-08-05,wymiary | poliwęglan 3х4,producent szklarni z poliwęglanu,1,0,0.0,0.0
2026-08-05,wymiary | poliwęglan 3х4,sklepy ogrodnicze toruń,1,0,0.0,0.0
2026-08-05,wymiary | poliwęglan 3х4,solidne szklarnie ogrodowe,1,0,0.0,0.0
2026-08-05,wymiary | poliwęglan 3х4,szklarnia,11,3,1.55,0.0
2026-08-05,wymiary | poliwęglan 3х4,szklarnia 3x4,1,0,0.0,0.0
2026-08-05,wymiary | poliwęglan 3х4,szklarnia 3x6m,1,0,0.0,0.0
2026-08-05,wymiary | poliwęglan 3х4,szklarnia 4,1,0,0.0,0.0
2026-08-05,wymiary | poliwęglan 3х4,szklarnia 4 x 6,2,0,0.0,0.0
2026-08-05,wymiary | poliwęglan 3х4,szklarnia 4x6,1,0,0.0,0.0
2026-08-05,wymiary | poliwęglan 3х4,szklarnia całoroczna,1,0,0.0,0.0
2026-08-05,wymiary | poliwęglan 3х4,szklarnia farmer,2,0,0.0,0.0
2026-08-05,wymiary | poliwęglan 3х4,szklarnia kropla,1,0,0.0,0.0
2026-08-05,wymiary | poliwęglan 3х4,szklarnia na działkę,1,0,0.0,0.0
2026-08-05,wymiary | poliwęglan 3х4,szklarnia ogrodowa,20,0,0.0,0.0
2026-08-05,wymiary | poliwęglan 3х4,szklarnia ogrodowa 3x4,2,0,0.0,0.0
2026-08-05,wymiary | poliwęglan 3х4,szklarnia ogrodowa 3x4 z poliwęglanu solid mocna,5,0,0.0,0.0
2026-08-05,wymiary | poliwęglan 3х4,szklarnia ogrodowa 6x3,1,0,0.0,0.0
2026-08-05,wymiary | poliwęglan 3х4,szklarnia ogrodowa mocna,1,0,0.0,0.0
2026-08-05,wymiary | poliwęglan 3х4,szklarnia pl,1,0,0.0,0.0
2026-08-05,wymiary | poliwęglan 3х4,szklarnia poliwęglan 3x4,1,0,0.0,0.0
2026-08-05,wymiary | poliwęglan 3х4,szklarnia poliwęglanowa,1,0,0.0,0.0
2026-08-05,wymiary | poliwęglan 3х4,szklarnia poliwęglanowa 3x4,1,1,0.42,0.0
2026-08-05,wymiary | poliwęglan 3х4,szklarnia tunel,1,0,0.0,0.0
2026-08-05,wymiary | poliwęglan 3х4,szklarnia z poliweglanu,3,0,0.0,0.0
2026-08-05,wymiary | poliwęglan 3х4,szklarnia z poliwęglanu 2 5x4,2,0,0.0,0.0
2026-08-05,wymiary | poliwęglan 3х4,szklarnia z poliwęglanu 2.5 x5,1,1,0.2,0.0
2026-08-05,wymiary | poliwęglan 3х4,szklarnia z poliwęglanu 3 x 4,1,0,0.0,0.0
2026-08-05,wymiary | poliwęglan 3х4,szklarnia z poliwęglanu 3x4,11,1,0.39,0.0
2026-08-05,wymiary | poliwęglan 3х4,szklarnia z poliwęglanu 3x4 mocna,1,0,0.0,0.0
2026-08-05,wymiary | poliwęglan 3х4,szklarnia z poliwęglanu 3x4 z fundamentem,2,0,0.0,0.0
2026-08-05,wymiary | poliwęglan 3х4,szklarnia z poliwęglanu 4x6,1,0,0.0,0.0
2026-08-05,wymiary | poliwęglan 3х4,szklarnia z poliwęglanu duża,1,0,0.0,0.0
2026-08-05,wymiary | poliwęglan 3х4,szklarnia z poliwęglanu wyprzedaż,1,0,0.0,0.0
2026-08-05,wymiary | poliwęglan 3х4,szklarnie,3,0,0.0,0.0
2026-08-05,wymiary | poliwęglan 3х4,szklarnie i tunele ogrodowe,5,0,0.0,0.0
2026-08-05,wymiary | poliwęglan 3х4,szklarnie ogrodowe,5,0,0.0,0.0
2026-08-05,wymiary | poliwęglan 3х4,szklarnie ogrodowe polski producent,1,0,0.0,0.0
2026-08-05,wymiary | poliwęglan 3х4,szklarnie ogrodowe rzeszów,1,0,0.0,0.0
2026-08-05,wymiary | poliwęglan 3х4,szklarnie ogrodowe wyprzedaż,3,1,0.08,0.0
2026-08-05,wymiary | poliwęglan 3х4,szklarnie online pl,1,0,0.0,0.0
2026-08-05,wymiary | poliwęglan 3х4,szklarnie poliuretanowe,2,0,0.0,0.0
2026-08-05,wymiary | poliwęglan 3х4,szklarnie poliwęglanowe,2,2,1.12,0.0
2026-08-05,wymiary | poliwęglan 3х4,szklarnie sprzedam,1,0,0.0,0.0
2026-08-05,wymiary | poliwęglan 3х4,szklarnie z poliwęglanu,24,1,0.36,0.0
2026-08-05,wymiary | poliwęglan 3х4,szklarnie z poliwęglanu 3 x 4,2,1,0.28,0.0
2026-08-05,wymiary | poliwęglan 3х4,szklarnie z poliwęglanu 3x4,5,2,0.93,0.0
2026-08-05,wymiary | poliwęglan 3х4,szklarnie z poliwęglanu rzeszów,1,0,0.0,0.0
2026-08-05,wymiary | poliwęglan 3х4,szklarnię z poliwęglanu 3x4,2,0,0.0,0.0
2026-08-05,wymiary | poliwęglan 3х4,tunel do ogrodu,1,0,0.0,0.0
2026-08-05,wymiary | poliwęglan 3х4,tunel na warzywa z poliwęglanu,1,1,0.49,0.0
2026-08-05,wymiary | poliwęglan 3х4,tunel ogrodowy,8,1,0.23,0.0
2026-08-05,wymiary | poliwęglan 3х4,tunel ogrodowy 3x4 5,2,0,0.0,0.0
2026-08-05,wymiary | poliwęglan 3х4,tunel ogrodowy 3x6,6,0,0.0,0.0
2026-08-05,wymiary | poliwęglan 3х4,tunel ogrodowy z poliwęglanu,2,1,0.21,0.0
2026-08-05,wymiary | poliwęglan 3х4,tunel poliwęglan 3x4,1,0,0.0,0.0
2026-08-05,wymiary | poliwęglan 3х4,tunel szklarnia,1,0,0.0,0.0
2026-08-05,wymiary | poliwęglan 3х4,tunel szklarniowy,1,0,0.0,0.0
2026-08-05,wymiary | poliwęglan 3х4,tunel warzywny z poliwęglanu,1,0,0.0,0.0
2026-08-05,wymiary | poliwęglan 3х4,tunel z poliweglanu,1,0,0.0,0.0
2026-08-05,wymiary | poliwęglan 3х4,tunel z poliwęglanu,7,0,0.0,0.0
2026-08-05,wymiary | poliwęglan 3х4,tunel z poliwęglanu 3x4,2,0,0.0,0.0
2026-08-05,wymiary | poliwęglan 3х4,tunel z poliwęglanu 3x4 6mm,3,1,0.12,0.0
2026-08-05,wymiary | poliwęglan 3х4,tunele ogrodowe,7,0,0.0,0.0
2026-08-05,wymiary | poliwęglan 3х4,www szklarnie pl,2,0,0.0,0.0
2026-08-05,cieplarnie z poliwęglanu,poligreen zhuk,1,0,0.0,0.0
2026-08-05,namioty z poliwęglanu,namiot ogrodowy 3x6 z poliwęglanu,1,0,0.0,0.0
2026-08-05,namioty z poliwęglanu,namiot poliweglan,2,0,0.0,0.0
2026-08-05,namioty z poliwęglanu,namioty z poliwęglanu,6,0,0.0,0.0
2026-08-05,namioty z poliwęglanu,tunel ogrodowy z poliwęglanu,1,0,0.0,0.0
2026-08-05,namioty z poliwęglanu,tunel z poliwęglanu,1,0,0.0,0.0
2026-08-05,szklarnie z poliwęglanu [exact],mocna szklarnia z poliwęglanu,3,0,0.0,0.0
2026-08-05,szklarnie z poliwęglanu [exact],solidna szklarnia z poliwęglanu,1,0,0.0,0.0
2026-08-05,szklarnie z poliwęglanu [exact],szklarnia ogrodowa z poliwęglanu,4,0,0.0,0.0
2026-08-05,szklarnie z poliwęglanu [exact],szklarnia z poliwęglanu,91,2,0.91,0.0
2026-08-05,szklarnie z poliwęglanu [phrase],duża szklarnia z poliwęglanu,2,0,0.0,0.0
2026-08-05,szklarnie z poliwęglanu [phrase],jakiej firmy szklarnia z poliwęglanu,1,0,0.0,0.0
2026-08-05,szklarnie z poliwęglanu [phrase],najlepsze szklarnie z poliwęglanu,1,0,0.0,0.0
2026-08-05,szklarnie z poliwęglanu [phrase],poli szklarnia pl,1,0,0.0,0.0
2026-08-05,szklarnie z poliwęglanu [phrase],poliwęglan szklarnie,1,0,0.0,0.0
2026-08-05,szklarnie z poliwęglanu [phrase],polski producent szklarni z poliwęglanu,3,0,0.0,0.0
2026-08-05,szklarnie z poliwęglanu [phrase],producent szklarni z poliwęglanu,2,0,0.0,0.0
2026-08-05,szklarnie z poliwęglanu [phrase],profimet,4,2,0.48,0.0
2026-08-05,szklarnie z poliwęglanu [phrase],szklarnia plastikowa,1,0,0.0,0.0
2026-08-05,szklarnie z poliwęglanu [phrase],szklarnia poliweglan,1,0,0.0,0.0
2026-08-05,szklarnie z poliwęglanu [phrase],szklarnia poliweglan 6mm,1,0,0.0,0.0
2026-08-05,szklarnie z poliwęglanu [phrase],szklarnia poliwęglan,3,0,0.0,0.0
2026-08-05,szklarnie z poliwęglanu [phrase],szklarnia poliwęglan 4x10,2,0,0.0,0.0
2026-08-05,szklarnie z poliwęglanu [phrase],szklarnia pro,2,0,0.0,0.0
2026-08-05,szklarnie z poliwęglanu [phrase],szklarnia profimet,4,1,0.06,0.0
2026-08-05,szklarnie z poliwęglanu [phrase],szklarnia z poliweglanu,1,0,0.0,0.0
2026-08-05,szklarnie z poliwęglanu [phrase],szklarnia z poliweglanu 3x8,1,0,0.0,0.0
2026-08-05,szklarnie z poliwęglanu [phrase],szklarnia z poliwęglanu 3x8,3,0,0.0,0.0
2026-08-05,szklarnie z poliwęglanu [phrase],szklarnia z poliwęglanu 4x6 producent,2,0,0.0,0.0
2026-08-05,szklarnie z poliwęglanu [phrase],szklarnia z poliwęglanu na wymiar,1,1,0.26,0.0
2026-08-05,szklarnie z poliwęglanu [phrase],szklarnia z poliwęglanu wyprzedaż,1,0,0.0,0.0
2026-08-05,szklarnie z poliwęglanu [phrase],szklarnie ogrodowe z poliwęglanu,4,0,0.0,0.0
2026-08-05,szklarnie z poliwęglanu [phrase],szklarnie poliwęglanowe,1,0,0.0,0.0
2026-08-05,szklarnie z poliwęglanu [phrase],szklarnie z poliweglanu,1,0,0.0,0.0
2026-08-05,szklarnie z poliwęglanu [phrase],tunel ogrodowy z poliwęglanu,2,1,0.65,0.0
2026-08-05,szklarnie z poliwęglanu producent,szklarnie z poliwęglanu producent,4,1,0.97,0.0
2026-08-05,tunele z poliwęglanu,namiot poliweglan,1,0,0.0,0.0
2026-08-05,tunele z poliwęglanu,namiot poliwęglanowy,1,0,0.0,0.0
2026-08-05,tunele z poliwęglanu,poliweglanowy tunel,2,0,0.0,0.0
2026-08-05,tunele z poliwęglanu,tunel na warzywa z poliwęglanu,2,0,0.0,0.0
2026-08-05,tunele z poliwęglanu,tunel ogrodowy z poliwęglanu,3,3,1.03,0.0
2026-08-05,tunele z poliwęglanu,tunel poliwęglan,1,0,0.0,0.0
2026-08-05,tunele z poliwęglanu,tunel poliwęglanowy,1,0,0.0,0.0
2026-08-05,tunele z poliwęglanu,tunel warzywny z poliwęglanu,1,0,0.0,0.0
2026-08-05,tunele z poliwęglanu,tunel z poliweglanu,1,0,0.0,0.0
2026-08-05,tunele z poliwęglanu,tunel z poliwęglanu,1,0,0.0,0.0
2026-08-05,tunele z poliwęglanu,tunel z poliwęglanu 4x6,2,1,0.41,0.0
2026-08-05,tunele z poliwęglanu,tunele poliwęglanowe,1,0,0.0,0.0
2026-08-05,tunele z poliwęglanu,tunele z poliwęglanu,11,1,0.16,0.0
2026-08-05,wymiary | poliwęglan 4х8,szklarnia poliwęglan 4x8,4,0,0.0,0.0
2026-08-05,wymiary | poliwęglan 4х8,szklarnia z poliwęglanu 4x8,1,0,0.0,0.0
2026-08-05,wymiary | poliwęglan 2х4,lanit plast,1,0,0.0,0.0
2026-08-05,wymiary | poliwęglan 2х4,mam szklarnie pl,1,0,0.0,0.0
2026-08-05,wymiary | poliwęglan 2х4,moje szklarnie,1,0,0.0,0.0
2026-08-05,wymiary | poliwęglan 2х4,szklarnia,1,0,0.0,0.0
2026-08-05,wymiary | poliwęglan 2х4,szklarnia 2 5x4,1,0,0.0,0.0
2026-08-05,wymiary | poliwęglan 2х4,szklarnia 2 x 4,2,0,0.0,0.0
2026-08-05,wymiary | poliwęglan 2х4,szklarnia 2x4,2,0,0.0,0.0
2026-08-05,wymiary | poliwęglan 2х4,szklarnia 4x2,1,0,0.0,0.0
2026-08-05,wymiary | poliwęglan 2х4,szklarnia całoroczna,1,0,0.0,0.0
2026-08-05,wymiary | poliwęglan 2х4,szklarnia na pomidory,1,0,0.0,0.0
2026-08-05,wymiary | poliwęglan 2х4,szklarnia ogrodowa z poliwęglanu 2x4,4,2,0.53,0.0
2026-08-05,wymiary | poliwęglan 2х4,szklarnia poliwęglan 2x4,2,1,0.14,0.0
2026-08-05,wymiary | poliwęglan 2х4,szklarnia z poliwęglanu 2x4,6,0,0.0,0.0
2026-08-05,wymiary | poliwęglan 2х4,szklarnie z poliwęglanu,1,0,0.0,0.0
2026-08-05,wymiary | poliwęglan 2х4,tunel ogrodowy,1,0,0.0,0.0
2026-08-05,wymiary | poliwęglan 2х4,tunel ogrodowy 4x2 5,1,0,0.0,0.0
2026-08-05,wymiary | poliwęglan 2х4,tunel z poliwęglanu,1,0,0.0,0.0
2026-08-05,mala szklarnia z poliweglanu,alistan agro poliwęglan,1,0,0.0,0.0
2026-08-05,mala szklarnia z poliweglanu,czyste pole szklarnie,3,0,0.0,0.0
2026-08-05,mala szklarnia z poliweglanu,etl group,2,0,0.0,0.0
2026-08-05,mala szklarnia z poliweglanu,mam szklarnie pl,2,0,0.0,0.0
2026-08-05,mala szklarnia z poliweglanu,mała szklarnia ogrodowa,1,0,0.0,0.0
2026-08-05,mala szklarnia z poliweglanu,małe szklarnie,2,0,0.0,0.0
2026-08-05,mala szklarnia z poliweglanu,małe szklarnie z poliwęglanu,4,2,0.52,0.0
2026-08-05,mala szklarnia z poliweglanu,mocnaszklarnia,2,1,0.31,0.0
2026-08-05,mala szklarnia z poliweglanu,mocnaszklarnia pl,3,2,0.64,0.0
2026-08-05,mala szklarnia z poliweglanu,mocne szklarnie,2,1,0.14,0.0
2026-08-05,mala szklarnia z poliweglanu,moja szklarnia ogrodowa,3,0,0.0,0.0
2026-08-05,mala szklarnia z poliweglanu,moje szklarnie,1,0,0.0,0.0
2026-08-05,mala szklarnia z poliweglanu,multi szklarnia pl,2,0,0.0,0.0
2026-08-05,mala szklarnia z poliweglanu,namiot poliweglan,2,0,0.0,0.0
2026-08-05,mala szklarnia z poliweglanu,polski producent szklarni ogrodowych,1,0,0.0,0.0
2026-08-05,mala szklarnia z poliweglanu,producent szklarni,2,1,0.3,0.0
2026-08-05,mala szklarnia z poliweglanu,szklarnia,1,0,0.0,0.0
2026-08-05,mala szklarnia z poliweglanu,szklarnia 10x4,1,0,0.0,0.0
2026-08-05,mala szklarnia z poliweglanu,szklarnia 190x190,1,0,0.0,0.0
2026-08-05,mala szklarnia z poliweglanu,szklarnia 2x6,2,0,0.0,0.0
2026-08-05,mala szklarnia z poliweglanu,szklarnia 3 2,1,0,0.0,0.0
2026-08-05,mala szklarnia z poliweglanu,szklarnia 3x6m,1,0,0.0,0.0
2026-08-05,mala szklarnia z poliweglanu,szklarnia 4 x 6,1,0,0.0,0.0
2026-08-05,mala szklarnia z poliweglanu,szklarnia całoroczna,3,0,0.0,0.0
2026-08-05,mala szklarnia z poliweglanu,szklarnia ogrodowa,1,0,0.0,0.0
2026-08-05,mala szklarnia z poliweglanu,szklarnia z poliweglanu,2,0,0.0,0.0
2026-08-05,mala szklarnia z poliweglanu,szklarnia z poliwęglanu 3x2,1,0,0.0,0.0
2026-08-05,mala szklarnia z poliweglanu,szklarnia z poliwęglanu 3x8,1,0,0.0,0.0
2026-08-05,mala szklarnia z poliweglanu,szklarnia z poliwęglanu na wymiar,1,0,0.0,0.0
2026-08-05,mala szklarnia z poliweglanu,szklarnie,1,0,0.0,0.0
2026-08-05,mala szklarnia z poliweglanu,szklarnie ogrodowe,1,0,0.0,0.0
2026-08-05,mala szklarnia z poliweglanu,szklarnie ogrodowe wyprzedaż,1,0,0.0,0.0
2026-08-05,mala szklarnia z poliweglanu,szklarnie pomorskie,2,0,0.0,0.0
2026-08-05,mala szklarnia z poliweglanu,szklarnie z poliwęglanu na wymiar,1,0,0.0,0.0
2026-08-05,mala szklarnia z poliweglanu,ultraclima,1,0,0.0,0.0
2026-08-06,wymiary | poliwęglan 3х6,szklarnia 3x6,2,0,0.0,0.0
2026-08-06,wymiary | poliwęglan 3х6,szklarnia 3x6 poliwęglan,1,0,0.0,0.0
2026-08-06,wymiary | poliwęglan 3х6,szklarnia 3x6 poliwęglan 6mm,1,0,0.0,0.0
2026-08-06,wymiary | poliwęglan 3х6,szklarnia poliwęglan 3x6,8,2,0.9,0.0
2026-08-06,wymiary | poliwęglan 3х6,szklarnia z poliwęglanu 3x6,11,4,1.96,0.0
2026-08-06,wymiary | poliwęglan 3х6,szklarnia z poliwęglanu 3x6 6mm,1,0,0.0,0.0
2026-08-06,wymiary | poliwęglan 3х6,szklarnia z poliwęglanu 3x6 producent,3,0,0.0,0.0
2026-08-06,wymiary | poliwęglan 3х6,szklarnia z poliwęglanu 3x6 producent 6mm,3,1,0.27,0.0
2026-08-06,wymiary | poliwęglan 3х6,szklarnia z poliwęglanu 3x6 promocja,16,0,0.0,0.0
2026-08-06,wymiary | poliwęglan 3х6,szklarnia z poliwęglanu 3x6 wyprzedaż,1,0,0.0,0.0
2026-08-06,wymiary | poliwęglan 3х6,szklarnia z poliwęglanu 3x6 z fundamentem,4,0,0.0,0.0
2026-08-06,wymiary | poliwęglan 3х6,szklarnia z poliwęglanu 6mm 3x6,2,0,0.0,0.0
2026-08-06,wymiary | poliwęglan 3х6,szklarnie z poliwęglanu 3x6,1,0,0.0,0.0
2026-08-06,wymiary | poliwęglan 3х6,tunel 3x6 z poliwęglanu,1,0,0.0,0.0
2026-08-06,wymiary | poliwęglan 3х6,tunel ogrodowy z poliwęglanu 3x6,2,0,0.0,0.0
2026-08-06,wymiary | poliwęglan 3х6,tunel z poliwęglanu 3 x 6,10,0,0.0,0.0
2026-08-06,wymiary | poliwęglan 3х6,tunel z poliwęglanu 3x6,8,1,0.29,0.0
2026-08-06,wymiary | poliwęglan 3х6,tunel z poliwęglanu 3x6m,2,0,0.0,0.0
2026-08-06,wymiary | poliwęglan 3х4,cieplarnia z poliwęglanu,1,0,0.0,0.0
2026-08-06,wymiary | poliwęglan 3х4,gewächshaus 3x4m polycarbonat,1,0,0.0,0.0
2026-08-06,wymiary | poliwęglan 3х4,gotowa szklarnia ogrodowa,1,0,0.0,0.0
2026-08-06,wymiary | poliwęglan 3х4,gotowe szklarnie,1,0,0.0,0.0
2026-08-06,wymiary | poliwęglan 3х4,ile kosztuje szklarnia,1,0,0.0,0.0
2026-08-06,wymiary | poliwęglan 3х4,ile kosztuje szklarnia z poliwęglanu,1,0,0.0,0.0
2026-08-06,wymiary | poliwęglan 3х4,ile kosztuje szklarnia z poliwęglanu 3 x 6,1,0,0.0,0.0
2026-08-06,wymiary | poliwęglan 3х4,jakiej firmy szklarnia z poliwęglanu,1,1,0.43,0.0
2026-08-06,wymiary | poliwęglan 3х4,mocna szklarnia,1,0,0.0,0.0
2026-08-06,wymiary | poliwęglan 3х4,najlepsze szklarnie ogrodowe,1,0,0.0,0.0
2026-08-06,wymiary | poliwęglan 3х4,namiot na warzywa,2,0,0.0,0.0
2026-08-06,wymiary | poliwęglan 3х4,namiot ogrodowy poliwęglan,1,0,0.0,0.0
2026-08-06,wymiary | poliwęglan 3х4,namiot poliweglan,1,0,0.0,0.0
2026-08-06,wymiary | poliwęglan 3х4,namiot z poliwęglanu,1,0,0.0,0.0
2026-08-06,wymiary | poliwęglan 3х4,plastikowa szklarnia,1,0,0.0,0.0
2026-08-06,wymiary | poliwęglan 3х4,poligreen szklarnie,1,0,0.0,0.0
2026-08-06,wymiary | poliwęglan 3х4,poligreen zhuk,1,0,0.0,0.0
2026-08-06,wymiary | poliwęglan 3х4,poliweglan szklarnia,1,0,0.0,0.0
2026-08-06,wymiary | poliwęglan 3х4,poliweglanowa szklarnia,1,0,0.0,0.0
2026-08-06,wymiary | poliwęglan 3х4,small portable greenhouse,1,0,0.0,0.0
2026-08-06,wymiary | poliwęglan 3х4,solidne szklarnie ogrodowe,1,0,0.0,0.0
2026-08-06,wymiary | poliwęglan 3х4,szklarnia,22,1,0.07,0.0
2026-08-06,wymiary | poliwęglan 3х4,szklarnia 3 x 4 m,1,0,0.0,0.0
2026-08-06,wymiary | poliwęglan 3х4,szklarnia 3x4,5,0,0.0,0.0
2026-08-06,wymiary | poliwęglan 3х4,szklarnia 4 x 2 5,2,0,0.0,0.0
2026-08-06,wymiary | poliwęglan 3х4,szklarnia 4x4,1,0,0.0,0.0
2026-08-06,wymiary | poliwęglan 3х4,szklarnia 5m,1,0,0.0,0.0
2026-08-06,wymiary | poliwęglan 3х4,szklarnia 5x4,1,0,0.0,0.0
2026-08-06,wymiary | poliwęglan 3х4,szklarnia na warzywa,1,0,0.0,0.0
2026-08-06,wymiary | poliwęglan 3х4,szklarnia ogrodowa,13,0,0.0,0.0
2026-08-06,wymiary | poliwęglan 3х4,szklarnia ogrodowa 3x4 z poliwęglanu solid mocna,3,2,0.67,0.0
2026-08-06,wymiary | poliwęglan 3х4,szklarnia ogrodowa 6x3,1,0,0.0,0.0
2026-08-06,wymiary | poliwęglan 3х4,szklarnia ogrodowa poliwęglan 6mm,1,0,0.0,0.0
2026-08-06,wymiary | poliwęglan 3х4,szklarnia ogrodowa z poliwęglanu,1,0,0.0,0.0
2026-08-06,wymiary | poliwęglan 3х4,szklarnia poliwęglan,1,0,0.0,0.0
2026-08-06,wymiary | poliwęglan 3х4,szklarnia poliwęglan 3 x 4,2,0,0.0,0.0
2026-08-06,wymiary | poliwęglan 3х4,szklarnia poliwęglan 3x4,2,0,0.0,0.0
2026-08-06,wymiary | poliwęglan 3х4,szklarnia poliwęglan 6mm,1,0,0.0,0.0
2026-08-06,wymiary | poliwęglan 3х4,szklarnia poliwęglanowa,2,0,0.0,0.0
2026-08-06,wymiary | poliwęglan 3х4,szklarnia tunel,2,0,0.0,0.0
2026-08-06,wymiary | poliwęglan 3х4,szklarnia tunel ogrodowy,1,0,0.0,0.0
2026-08-06,wymiary | poliwęglan 3х4,szklarnia z poliweglanu,5,0,0.0,0.0
2026-08-06,wymiary | poliwęglan 3х4,szklarnia z poliwęglanu 3x4,5,1,0.14,0.0
2026-08-06,wymiary | poliwęglan 3х4,szklarnia z poliwęglanu 3x4 mocna,1,0,0.0,0.0
2026-08-06,wymiary | poliwęglan 3х4,szklarnia z poliwęglanu 3x4 polski producent,4,0,0.0,0.0
2026-08-06,wymiary | poliwęglan 3х4,szklarnia z poliwęglanu 3x4 producent,6,2,0.88,0.0
2026-08-06,wymiary | poliwęglan 3х4,szklarnia z poliwęglanu 4 x 6,1,0,0.0,0.0
2026-08-06,wymiary | poliwęglan 3х4,szklarnia z poliwęglanu wyprzedaż,1,0,0.0,0.0
2026-08-06,wymiary | poliwęglan 3х4,szklarnia z poliwęglanu z fundamentem,1,1,0.54,0.0
2026-08-06,wymiary | poliwęglan 3х4,szklarnie,6,1,0.39,0.0
2026-08-06,wymiary | poliwęglan 3х4,szklarnie białystok,3,1,0.24,0.0
2026-08-06,wymiary | poliwęglan 3х4,szklarnie ogrodowe,4,0,0.0,0.0
2026-08-06,wymiary | poliwęglan 3х4,szklarnie ogrodowe wyprzedaż,1,0,0.0,0.0
2026-08-06,wymiary | poliwęglan 3х4,szklarnie ogrodowe z poliwęglanu 3x4,1,0,0.0,0.0
2026-08-06,wymiary | poliwęglan 3х4,szklarnie poliwęglan,1,2,0.36,0.0
2026-08-06,wymiary | poliwęglan 3х4,szklarnie poliwęglanowe,1,0,0.0,0.0
2026-08-06,wymiary | poliwęglan 3х4,szklarnie poliwęglanu,1,0,0.0,0.0
2026-08-06,wymiary | poliwęglan 3х4,szklarnie polska pl,1,0,0.0,0.0
2026-08-06,wymiary | poliwęglan 3х4,szklarnie rzeszów,4,0,0.0,0.0
2026-08-06,wymiary | poliwęglan 3х4,szklarnie z poliwęglanu,29,4,2.12,0.0
2026-08-06,wymiary | poliwęglan 3х4,szklarnie z poliwęglanu 3x4,2,0,0.0,0.0
2026-08-06,wymiary | poliwęglan 3х4,szklarnie z poliwęglanu cena,1,0,0.0,0.0
2026-08-06,wymiary | poliwęglan 3х4,szklarnie z poliwęglanu śląskie,3,0,0.0,0.0
2026-08-06,wymiary | poliwęglan 3х4,szklarnię z poliwęglanu 3x4,1,0,0.0,0.0
2026-08-06,wymiary | poliwęglan 3х4,tunel 3 x 4,2,1,0.3,0.0
2026-08-06,wymiary | poliwęglan 3х4,tunel 3x4 5,2,0,0.0,0.0
2026-08-06,wymiary | poliwęglan 3х4,tunel 4,1,0,0.0,0.0
2026-08-06,wymiary | poliwęglan 3х4,tunel do pomidorów,6,1,0.12,0.0
2026-08-06,wymiary | poliwęglan 3х4,tunel na działkę,2,0,0.0,0.0
2026-08-06,wymiary | poliwęglan 3х4,tunel na pomidory,2,0,0.0,0.0
2026-08-06,wymiary | poliwęglan 3х4,tunel na pomidory cena,1,0,0.0,0.0
2026-08-06,wymiary | poliwęglan 3х4,tunel na pomidory z poliwęglanu,2,0,0.0,0.0
2026-08-06,wymiary | poliwęglan 3х4,tunel na warzywa,5,1,0.14,0.0
2026-08-06,wymiary | poliwęglan 3х4,tunel ogrodowy,29,1,0.3,0.0
2026-08-06,wymiary | poliwęglan 3х4,tunel ogrodowy 3x4,2,0,0.0,0.0
2026-08-06,wymiary | poliwęglan 3х4,tunel ogrodowy 3x4 5,6,0,0.0,0.0
2026-08-06,wymiary | poliwęglan 3х4,tunel ogrodowy 3x6,4,0,0.0,0.0
2026-08-06,wymiary | poliwęglan 3х4,tunel ogrodowy na warzywa,1,0,0.0,0.0
2026-08-06,wymiary | poliwęglan 3х4,tunel ogrodowy poliwęglan,4,0,0.0,0.0
2026-08-06,wymiary | poliwęglan 3х4,tunel ogrodowy wyprzedaż,1,0,0.0,0.0
2026-08-06,wymiary | poliwęglan 3х4,tunel ogrodowy z poliwęglanu,7,1,0.87,0.0
2026-08-06,wymiary | poliwęglan 3х4,tunel ogrodowy z poliwęglanu 3x4,7,1,1.39,0.0
2026-08-06,wymiary | poliwęglan 3х4,tunel ogrodowy ze stelażem,1,0,0.0,0.0
2026-08-06,wymiary | poliwęglan 3х4,tunel poliweglanowy 3x4,3,0,0.0,0.0
2026-08-06,wymiary | poliwęglan 3х4,tunel poliwęglan 3x4,2,0,0.0,0.0
2026-08-06,wymiary | poliwęglan 3х4,tunel z poliwęglanu,16,2,0.42,0.0
2026-08-06,wymiary | poliwęglan 3х4,tunel z poliwęglanu 3 x 4,2,2,0.8,0.0
2026-08-06,wymiary | poliwęglan 3х4,tunele ogrodowe,6,0,0.0,0.0
2026-08-06,wymiary | poliwęglan 3х4,tunele ogrodowe producent,1,0,0.0,0.0
2026-08-06,namioty z poliwęglanu,namiot ogrodowy poliwęglan,1,0,0.0,0.0
2026-08-06,namioty z poliwęglanu,namioty poliwęglanowe,2,1,0.19,0.0
2026-08-06,namioty z poliwęglanu,tunel ogrodowy poliwęglan,3,0,0.0,0.0
2026-08-06,namioty z poliwęglanu,tunel ogrodowy z poliwęglanu,1,0,0.0,0.0
2026-08-06,szklarnie z poliwęglanu [exact],mocna szklarnia z poliwęglanu,1,0,0.0,0.0
2026-08-06,szklarnie z poliwęglanu [exact],szklarnia ogrodowa z poliwęglanu,12,0,0.0,0.0
2026-08-06,szklarnie z poliwęglanu [exact],szklarnia z poliwęglanu,98,5,1.76,0.0
2026-08-06,szklarnie z poliwęglanu [exact],szklarnie z poliwęglanu,1,0,0.0,0.0
2026-08-06,szklarnie z poliwęglanu [phrase],ile kosztuje szklarnia z poliwęglanu 3 x 6,1,0,0.0,0.0
2026-08-06,szklarnie z poliwęglanu [phrase],jakiej firmy szklarnia z poliwęglanu,1,0,0.0,0.0
2026-08-06,szklarnie z poliwęglanu [phrase],najlepsza szklarnia z poliwęglanu,1,0,0.0,0.0
2026-08-06,szklarnie z poliwęglanu [phrase],poligreen szklarnie,1,0,0.0,0.0
2026-08-06,szklarnie z poliwęglanu [phrase],producent szklarni z poliwęglanu,1,0,0.0,0.0
2026-08-06,szklarnie z poliwęglanu [phrase],profimet,6,0,0.0,0.0
2026-08-06,szklarnie z poliwęglanu [phrase],szklarnia ogrodowa poliwęglan 6mm,1,0,0.0,0.0
2026-08-06,szklarnie z poliwęglanu [phrase],szklarnia poliwęglan,1,0,0.0,0.0
2026-08-06,szklarnie z poliwęglanu [phrase],szklarnia poliwęglan 3x8,2,1,0.89,0.0
2026-08-06,szklarnie z poliwęglanu [phrase],szklarnia poliwęglan z fundamentem,1,1,0.27,0.0
2026-08-06,szklarnie z poliwęglanu [phrase],szklarnia z poliwęglanu 3x6,1,0,0.0,0.0
2026-08-06,szklarnie z poliwęglanu [phrase],szklarnia z poliwęglanu 4x10,2,1,0.45,0.0
2026-08-06,szklarnie z poliwęglanu [phrase],szklarnia z poliwęglanu 4x2 5,1,0,0.0,0.0
2026-08-06,szklarnie z poliwęglanu [phrase],szklarnia z poliwęglanu 4x6 producent,1,0,0.0,0.0
2026-08-06,szklarnie z poliwęglanu [phrase],szklarnia z poliwęglanu 6 mm,1,0,0.0,0.0
2026-08-06,szklarnie z poliwęglanu [phrase],szklarnia z poliwęglanu promocja,1,0,0.0,0.0
2026-08-06,szklarnie z poliwęglanu [phrase],szklarnia z poliwęglanu wyprzedaż,2,0,0.0,0.0
2026-08-06,szklarnie z poliwęglanu [phrase],szklarnia z poliwęglanu z fundamentem,3,0,0.0,0.0
2026-08-06,szklarnie z poliwęglanu [phrase],szklarnia z poliwęglanu śląskie,1,0,0.0,0.0
2026-08-06,szklarnie z poliwęglanu [phrase],szklarnie ogrodowe z poliwęglanu,3,0,0.0,0.0
2026-08-06,szklarnie z poliwęglanu [phrase],szklarnie plastikowe,2,0,0.0,0.0
2026-08-06,szklarnie z poliwęglanu [phrase],szklarnie z poliwęglanu polski producent,2,0,0.0,0.0
2026-08-06,szklarnie z poliwęglanu [phrase],szklarnie z poliwęglanu śląskie,4,2,2.36,0.0
2026-08-06,szklarnie z poliwęglanu [phrase],tunel ogrodowy poliwęglan,1,0,0.0,0.0
2026-08-06,szklarnie z poliwęglanu [phrase],tunel z poliwęglanu 4x10,2,0,0.0,0.0
2026-08-06,tunele z poliwęglanu,namiot poliweglan,2,0,0.0,0.0
2026-08-06,tunele z poliwęglanu,namiot z poliwęglanu,1,0,0.0,0.0
2026-08-06,tunele z poliwęglanu,tunel ogrodniczy z poliwęglanu,2,0,0.0,0.0
2026-08-06,tunele z poliwęglanu,tunel ogrodowy poliwęglan,1,0,0.0,0.0
2026-08-06,tunele z poliwęglanu,tunel ogrodowy z poliwęglanu,5,1,0.38,0.0
2026-08-06,tunele z poliwęglanu,tunel z poliweglanu,1,0,0.0,0.0
2026-08-06,tunele z poliwęglanu,tunel z poliwęglanu,12,0,0.0,0.0
2026-08-06,tunele z poliwęglanu,tunel z poliwęglanu 2.5 x4,2,0,0.0,0.0
2026-08-06,tunele z poliwęglanu,tunel z poliwęglanu 3x8,4,0,0.0,0.0
2026-08-06,tunele z poliwęglanu,tunel z poliwęglanu 4x6,1,0,0.0,0.0
2026-08-06,tunele z poliwęglanu,tunele ogrodowe z poliwęglanu,6,1,0.63,0.0
2026-08-06,tunele z poliwęglanu,tunele poliwęglanowe,12,3,1.89,0.0
2026-08-06,tunele z poliwęglanu,tunele z poliwęglanu,14,1,0.18,0.0
2026-08-06,wymiary | poliwęglan 4х6,szklarnie z poliwęglanu 4x6,1,0,0.0,0.0
2026-08-06,wymiary | poliwęglan 4х8,szklarnia z poliwęglanu 4 x 8,1,0,0.0,0.0
2026-08-06,wymiary | poliwęglan 4х8,szklarnia z poliwęglanu 4x8,4,0,0.0,0.0
2026-08-06,wymiary | poliwęglan 4х8,szklarnie z poliwęglanu 4x8,2,0,0.0,0.0
2026-08-06,wymiary | poliwęglan 4х8,tunel poliwęglan 4x8,1,0,0.0,0.0
2026-08-06,wymiary | poliwęglan 2х4,cieplarnia pl,2,0,0.0,0.0
2026-08-06,wymiary | poliwęglan 2х4,gotowa szklarnia,1,0,0.0,0.0
2026-08-06,wymiary | poliwęglan 2х4,poligreen zhuk,1,0,0.0,0.0
2026-08-06,wymiary | poliwęglan 2х4,poliwęglan szówsko,1,0,0.0,0.0
2026-08-06,wymiary | poliwęglan 2х4,szklarnia,4,0,0.0,0.0
2026-08-06,wymiary | poliwęglan 2х4,szklarnia na pomidory,1,0,0.0,0.0
2026-08-06,wymiary | poliwęglan 2х4,szklarnia na warzywa,1,0,0.0,0.0
2026-08-06,wymiary | poliwęglan 2х4,szklarnia ogrodowa 2x4,2,0,0.0,0.0
2026-08-06,wymiary | poliwęglan 2х4,szklarnia poliwęglan 2x4,1,0,0.0,0.0
2026-08-06,wymiary | poliwęglan 2х4,szklarnia z poliwęglanu 2x4,4,1,0.25,0.0
2026-08-06,wymiary | poliwęglan 2х4,szklarnie,2,0,0.0,0.0
2026-08-06,wymiary | poliwęglan 2х4,szklarnie białystok,1,0,0.0,0.0
2026-08-06,wymiary | poliwęglan 2х4,szklarnie z poliwęglanu śląskie,1,0,0.0,0.0
2026-08-06,wymiary | poliwęglan 2х4,tunel ogrodowy,2,0,0.0,0.0
2026-08-06,wymiary | poliwęglan 2х4,tunele ogrodowe producent,1,1,0.45,0.0
2026-08-06,mala szklarnia z poliweglanu,cieplarnia pl,1,0,0.0,0.0
2026-08-06,mala szklarnia z poliweglanu,etl group,3,0,0.0,0.0
2026-08-06,mala szklarnia z poliweglanu,ile kosztuje postawienie szklarni,1,0,0.0,0.0
2026-08-06,mala szklarnia z poliweglanu,mała szklarnia ogrodowa,1,0,0.0,0.0
2026-08-06,mala szklarnia z poliweglanu,mocna szklarnia,1,0,0.0,0.0
2026-08-06,mala szklarnia z poliweglanu,moje szklarnie,2,0,0.0,0.0
2026-08-06,mala szklarnia z poliweglanu,namiot na pomidory z poliwęglanu,2,0,0.0,0.0
2026-08-06,mala szklarnia z poliweglanu,poligreen pl,2,0,0.0,0.0
2026-08-06,mala szklarnia z poliweglanu,producent szklarni,2,0,0.0,0.0
2026-08-06,mala szklarnia z poliweglanu,profimet,10,2,0.54,0.0
2026-08-06,mala szklarnia z poliweglanu,profimet szklarnie,12,2,0.02,0.0
2026-08-06,mala szklarnia z poliweglanu,szklarni,1,0,0.0,0.0
2026-08-06,mala szklarnia z poliweglanu,szklarnia,3,0,0.0,0.0
2026-08-06,mala szklarnia z poliweglanu,szklarnia 10x4,2,0,0.0,0.0
2026-08-06,mala szklarnia z poliweglanu,szklarnia 2 5x4,1,0,0.0,0.0
2026-08-06,mala szklarnia z poliweglanu,szklarnia 2x2,2,0,0.0,0.0
2026-08-06,mala szklarnia z poliweglanu,szklarnia 4x4,1,0,0.0,0.0
2026-08-06,mala szklarnia z poliweglanu,szklarnia 4x8,1,0,0.0,0.0
2026-08-06,mala szklarnia z poliweglanu,szklarnia kropla,2,1,0.78,0.0
2026-08-06,mala szklarnia z poliweglanu,szklarnia mała,1,0,0.0,0.0
2026-08-06,mala szklarnia z poliweglanu,szklarnia na pomidory,1,0,0.0,0.0
2026-08-06,mala szklarnia z poliweglanu,szklarnia ogrodowa,4,0,0.0,0.0
2026-08-06,mala szklarnia z poliweglanu,szklarnia ogrodowa 3x2,1,0,0.0,0.0
2026-08-06,mala szklarnia z poliweglanu,szklarnia ogrodowa wyprzedaż,1,0,0.0,0.0
2026-08-06,mala szklarnia z poliweglanu,szklarnia poliweglan,2,0,0.0,0.0
2026-08-06,mala szklarnia z poliweglanu,szklarnia polski producent,2,2,0.51,0.0
2026-08-06,mala szklarnia z poliweglanu,szklarnia pro,2,0,0.0,0.0
2026-08-06,mala szklarnia z poliweglanu,szklarnia z poliwęglanu 2x2,1,0,0.0,0.0
2026-08-06,mala szklarnia z poliweglanu,szklarnia z poliwęglanu 3x8,1,0,0.0,0.0
2026-08-06,mala szklarnia z poliweglanu,szklarnia z poliwęglanu mała,1,1,0.2,0.0
2026-08-06,mala szklarnia z poliweglanu,szklarnia z profili aluminiowych,1,0,0.0,0.0
2026-08-06,mala szklarnia z poliweglanu,szklarnie,5,0,0.0,0.0
2026-08-06,mala szklarnia z poliweglanu,szklarnie do ogrodu,1,0,0.0,0.0
2026-08-06,mala szklarnia z poliweglanu,szklarnie male,1,0,0.0,0.0
2026-08-06,mala szklarnia z poliweglanu,szklarnie ogrodowe,1,0,0.0,0.0
2026-08-06,mala szklarnia z poliweglanu,szklarnie poliwęglanowe,1,0,0.0,0.0
2026-08-06,mala szklarnia z poliweglanu,tunel ogrodowy,1,0,0.0,0.0
2026-08-06,mala szklarnia z poliweglanu,wesoly rolnik,2,0,0.0,0.0
2026-08-07,wymiary | poliwęglan 3х6,namiot z poliwęglanu 3x6,1,0,0.0,0.0
2026-08-07,wymiary | poliwęglan 3х6,szklarnia 3x6,2,0,0.0,0.0
2026-08-07,wymiary | poliwęglan 3х6,szklarnia poliwęglan 3x6,2,0,0.0,0.0
2026-08-07,wymiary | poliwęglan 3х6,szklarnia z poliwęglanu 3x6,9,0,0.0,0.0
2026-08-07,wymiary | poliwęglan 3х6,szklarnia z poliwęglanu 3x6 6mm,2,0,0.0,0.0
2026-08-07,wymiary | poliwęglan 3х6,szklarnia z poliwęglanu 3x6 cena,1,0,0.0,0.0
2026-08-07,wymiary | poliwęglan 3х6,szklarnia z poliwęglanu 3x6 producent,7,1,0.13,0.0
2026-08-07,wymiary | poliwęglan 3х6,szklarnia z poliwęglanu 3x6 producent 6mm,8,0,0.0,0.0
2026-08-07,wymiary | poliwęglan 3х6,szklarnia z poliwęglanu 3x6 promocja,1,0,0.0,0.0
2026-08-07,wymiary | poliwęglan 3х6,szklarnia z poliwęglanu 3x6 wyprzedaż,2,0,0.0,0.0
2026-08-07,wymiary | poliwęglan 3х6,szklarnia z poliwęglanu 3x6 z fundamentem,3,0,0.0,0.0
2026-08-07,wymiary | poliwęglan 3х6,szklarnie ogrodowe 3x6,2,0,0.0,0.0
2026-08-07,wymiary | poliwęglan 3х6,szklarnie z poliwęglanu 3x6,1,0,0.0,0.0
2026-08-07,wymiary | poliwęglan 3х6,tunel ogrodowy 3x6 poliwęglan,2,0,0.0,0.0
2026-08-07,wymiary | poliwęglan 3х6,tunel ogrodowy 3x6 z poliwęglanu,2,0,0.0,0.0
2026-08-07,wymiary | poliwęglan 3х6,tunel poliwęglan 3x6,6,0,0.0,0.0
2026-08-07,wymiary | poliwęglan 3х6,tunel poliwęglanowy 3x6,2,0,0.0,0.0
2026-08-07,wymiary | poliwęglan 3х4,cieplarnia,1,0,0.0,0.0
2026-08-07,wymiary | poliwęglan 3х4,cieplarnia ogrodowa,1,0,0.0,0.0
2026-08-07,wymiary | poliwęglan 3х4,cieplarnie,1,0,0.0,0.0
2026-08-07,wymiary | poliwęglan 3х4,male tunele ogrodowe,1,0,0.0,0.0
2026-08-07,wymiary | poliwęglan 3х4,namiot na warzywa,1,0,0.0,0.0
2026-08-07,wymiary | poliwęglan 3х4,namiot ogrodowy szklarnia,1,0,0.0,0.0
2026-08-07,wymiary | poliwęglan 3х4,namiot szklarnia,2,0,0.0,0.0
2026-08-07,wymiary | poliwęglan 3х4,namiot szklarnia z poliwęglanu,6,0,0.0,0.0
2026-08-07,wymiary | poliwęglan 3х4,namiot z poliwęglanu,1,0,0.0,0.0
2026-08-07,wymiary | poliwęglan 3х4,poliweglan tunel,1,1,0.14,0.0
2026-08-07,wymiary | poliwęglan 3х4,poliwęglan szklarnia,1,0,0.0,0.0
2026-08-07,wymiary | poliwęglan 3х4,polski producent szklarni z poliwęglanu,1,1,0.42,0.0
2026-08-07,wymiary | poliwęglan 3х4,profimet warszawa,1,0,0.0,0.0
2026-08-07,wymiary | poliwęglan 3х4,szklarnia,4,0,0.0,0.0
2026-08-07,wymiary | poliwęglan 3х4,szklarnia 2.5 x3,3,0,0.0,0.0
2026-08-07,wymiary | poliwęglan 3х4,szklarnia 3 4,1,0,0.0,0.0
2026-08-07,wymiary | poliwęglan 3х4,szklarnia 3 x 4,1,0,0.0,0.0
2026-08-07,wymiary | poliwęglan 3х4,szklarnia 3x4,3,0,0.0,0.0
2026-08-07,wymiary | poliwęglan 3х4,szklarnia 5x3,1,0,0.0,0.0
2026-08-07,wymiary | poliwęglan 3х4,szklarnia cena,1,0,0.0,0.0
2026-08-07,wymiary | poliwęglan 3х4,szklarnia domowa,1,0,0.0,0.0
2026-08-07,wymiary | poliwęglan 3х4,szklarnia na pomidory,1,0,0.0,0.0
2026-08-07,wymiary | poliwęglan 3х4,szklarnia na warzywa,1,0,0.0,0.0
2026-08-07,wymiary | poliwęglan 3х4,szklarnia ogrodowa,9,0,0.0,0.0
2026-08-07,wymiary | poliwęglan 3х4,szklarnia ogrodowa 3x4,1,0,0.0,0.0
2026-08-07,wymiary | poliwęglan 3х4,szklarnia ogrodowa 3x4 z poliwęglanu solid mocna,2,1,0.23,0.0
2026-08-07,wymiary | poliwęglan 3х4,szklarnia ogrodowa 4x6,1,1,0.17,0.0
2026-08-07,wymiary | poliwęglan 3х4,szklarnia ogrodowa premium,1,0,0.0,0.0
2026-08-07,wymiary | poliwęglan 3х4,szklarnia ogrodowa wyprzedaż,2,1,0.34,0.0
2026-08-07,wymiary | poliwęglan 3х4,szklarnia ogrodowa z poliwęglanu 3x4,2,0,0.0,0.0
2026-08-07,wymiary | poliwęglan 3х4,szklarnia poliwęglan 3x4,1,0,0.0,0.0
2026-08-07,wymiary | poliwęglan 3х4,szklarnia poliwęglanowa,1,0,0.0,0.0
2026-08-07,wymiary | poliwęglan 3х4,szklarnia tunel,1,0,0.0,0.0
2026-08-07,wymiary | poliwęglan 3х4,szklarnia z poliweglanu,1,0,0.0,0.0
2026-08-07,wymiary | poliwęglan 3х4,szklarnia z poliwęglanu 2.5 x5,3,1,0.12,0.0
2026-08-07,wymiary | poliwęglan 3х4,szklarnia z poliwęglanu 2x2 5,1,0,0.0,0.0
2026-08-07,wymiary | poliwęglan 3х4,szklarnia z poliwęglanu 3x4,6,1,0.24,0.0
2026-08-07,wymiary | poliwęglan 3х4,szklarnia z poliwęglanu 3x4 producent,4,0,0.0,0.0
2026-08-07,wymiary | poliwęglan 3х4,szklarnia z poliwęglanu 3x6 wyprzedaż,1,0,0.0,0.0
2026-08-07,wymiary | poliwęglan 3х4,szklarnia z poliwęglanu 4 x 6,1,0,0.0,0.0
2026-08-07,wymiary | poliwęglan 3х4,szklarnia z poliwęglanu 4x2 5,1,0,0.0,0.0
2026-08-07,wymiary | poliwęglan 3х4,szklarnia z poliwęglanu białystok,1,0,0.0,0.0
2026-08-07,wymiary | poliwęglan 3х4,szklarnie,1,0,0.0,0.0
2026-08-07,wymiary | poliwęglan 3х4,szklarnie ogrodowe,5,0,0.0,0.0
2026-08-07,wymiary | poliwęglan 3х4,szklarnie ogrodowe wyprzedaż,3,0,0.0,0.0
2026-08-07,wymiary | poliwęglan 3х4,szklarnie przydomowe,2,0,0.0,0.0
2026-08-07,wymiary | poliwęglan 3х4,szklarnie wielun,1,0,0.0,0.0
2026-08-07,wymiary | poliwęglan 3х4,szklarnie z poliwęglanu,47,2,1.28,0.0
2026-08-07,wymiary | poliwęglan 3х4,szklarnie z poliwęglanu 3x4,4,0,0.0,0.0
2026-08-07,wymiary | poliwęglan 3х4,szklarnie zambrów,1,0,0.0,0.0
2026-08-07,wymiary | poliwęglan 3х4,tanie szklarnie,1,0,0.0,0.0
2026-08-07,wymiary | poliwęglan 3х4,tanie szklarnie ogrodowe,3,0,0.0,0.0
2026-08-07,wymiary | poliwęglan 3х4,tanie szklarnie z poliwęglanu,1,0,0.0,0.0
2026-08-07,wymiary | poliwęglan 3х4,tunel 18,1,0,0.0,0.0
2026-08-07,wymiary | poliwęglan 3х4,tunel 3 x 6,3,0,0.0,0.0
2026-08-07,wymiary | poliwęglan 3х4,tunel 4x8,1,0,0.0,0.0
2026-08-07,wymiary | poliwęglan 3х4,tunel całoroczny,1,0,0.0,0.0
2026-08-07,wymiary | poliwęglan 3х4,tunel do ogrodu,1,0,0.0,0.0
2026-08-07,wymiary | poliwęglan 3х4,tunel do pomidorów,2,1,0.18,0.0
2026-08-07,wymiary | poliwęglan 3х4,tunel na warzywa,3,0,0.0,0.0
2026-08-07,wymiary | poliwęglan 3х4,tunel ogrodniczy,1,0,0.0,0.0
2026-08-07,wymiary | poliwęglan 3х4,tunel ogrodowy,21,1,0.27,0.0
2026-08-07,wymiary | poliwęglan 3х4,tunel ogrodowy 3x4,7,0,0.0,0.0
2026-08-07,wymiary | poliwęglan 3х4,tunel ogrodowy 3x6,2,0,0.0,0.0
2026-08-07,wymiary | poliwęglan 3х4,tunel ogrodowy 4x6,1,0,0.0,0.0
2026-08-07,wymiary | poliwęglan 3х4,tunel ogrodowy 5x3,2,0,0.0,0.0
2026-08-07,wymiary | poliwęglan 3х4,tunel ogrodowy 6x3,2,1,0.44,0.0
2026-08-07,wymiary | poliwęglan 3х4,tunel ogrodowy wyprzedaż,3,0,0.0,0.0
2026-08-07,wymiary | poliwęglan 3х4,tunel ogrodowy z poliwęglanu,2,0,0.0,0.0
2026-08-07,wymiary | poliwęglan 3х4,tunel pod warzywa,1,0,0.0,0.0
2026-08-07,wymiary | poliwęglan 3х4,tunel poliwęglan,1,0,0.0,0.0
2026-08-07,wymiary | poliwęglan 3х4,tunel poliwęglan 3x8,1,0,0.0,0.0
2026-08-07,wymiary | poliwęglan 3х4,tunel szklarnia,1,0,0.0,0.0
2026-08-07,wymiary | poliwęglan 3х4,tunel szklarniowy,2,0,0.0,0.0
2026-08-07,wymiary | poliwęglan 3х4,tunel warzywny,1,0,0.0,0.0
2026-08-07,wymiary | poliwęglan 3х4,tunel z poliweglanu,2,0,0.0,0.0
2026-08-07,wymiary | poliwęglan 3х4,tunel z poliwęglanu,3,0,0.0,0.0
2026-08-07,wymiary | poliwęglan 3х4,tunel z poliwęglanu 2x6,1,0,0.0,0.0
2026-08-07,wymiary | poliwęglan 3х4,tunel z poliwęglanu 3x4,8,0,0.0,0.0
2026-08-07,wymiary | poliwęglan 3х4,tunele na pomidory,1,0,0.0,0.0
2026-08-07,wymiary | poliwęglan 3х4,tunele ogrodowe,3,0,0.0,0.0
2026-08-07,wymiary | poliwęglan 3х4,tunele ogrodowe producent,1,0,0.0,0.0
2026-08-07,namioty z poliwęglanu,namioty z poliwęglanu,2,0,0.0,0.0
2026-08-07,szklarnie z poliwęglanu [exact],mocna szklarnia z poliwęglanu,4,0,0.0,0.0
2026-08-07,szklarnie z poliwęglanu [exact],szklarnia ogrodowa z poliwęglanu,2,0,0.0,0.0
2026-08-07,szklarnie z poliwęglanu [exact],szklarnia z poliwęglanu,94,11,2.63,0.0
2026-08-07,szklarnie z poliwęglanu [exact],szklarnia z poliwęglanu mocna,5,1,0.47,0.0
2026-08-07,szklarnie z poliwęglanu [exact],szklarnie z poliwęglanu,1,0,0.0,0.0
2026-08-07,szklarnie z poliwęglanu [phrase],namiot szklarnia z poliwęglanu,2,0,0.0,0.0
2026-08-07,szklarnie z poliwęglanu [phrase],poligreen szklarnie,2,0,0.0,0.0
2026-08-07,szklarnie z poliwęglanu [phrase],poliszklarnia_pl,1,0,0.0,0.0
2026-08-07,szklarnie z poliwęglanu [phrase],polski producent szklarni z poliwęglanu,1,0,0.0,0.0
2026-08-07,szklarnie z poliwęglanu [phrase],polskie szklarnie z poliwęglanu,3,0,0.0,0.0
2026-08-07,szklarnie z poliwęglanu [phrase],profimet szklarnie,3,0,0.0,0.0
2026-08-07,szklarnie z poliwęglanu [phrase],szklarnia 4x6 poliwęglan,2,0,0.0,0.0
2026-08-07,szklarnie z poliwęglanu [phrase],szklarnia mocna lux,3,0,0.0,0.0
2026-08-07,szklarnie z poliwęglanu [phrase],szklarnia ogrodowa z poliwęglanu 3x4,1,0,0.0,0.0
2026-08-07,szklarnie z poliwęglanu [phrase],szklarnia poliweglowa,2,0,0.0,0.0
2026-08-07,szklarnie z poliwęglanu [phrase],szklarnia poliwęglan,1,0,0.0,0.0
2026-08-07,szklarnie z poliwęglanu [phrase],szklarnia poliwęglan 2.5 x4,1,0,0.0,0.0
2026-08-07,szklarnie z poliwęglanu [phrase],szklarnia poliwęglanowa,1,0,0.0,0.0
2026-08-07,szklarnie z poliwęglanu [phrase],szklarnia profimet,2,1,0.11,0.0
2026-08-07,szklarnie z poliwęglanu [phrase],szklarnia z poliweglanu,2,0,0.0,0.0
2026-08-07,szklarnie z poliwęglanu [phrase],szklarnia z poliwęglanu 2 5x4,1,0,0.0,0.0
2026-08-07,szklarnie z poliwęglanu [phrase],szklarnia z poliwęglanu 2.5 x5,2,0,0.0,0.0
2026-08-07,szklarnie z poliwęglanu [phrase],szklarnia z poliwęglanu 2x2,2,0,0.0,0.0
2026-08-07,szklarnie z poliwęglanu [phrase],szklarnia z poliwęglanu 2x2 5,2,0,0.0,0.0
2026-08-07,szklarnie z poliwęglanu [phrase],szklarnia z poliwęglanu 3x8 producent,2,0,0.0,0.0
2026-08-07,szklarnie z poliwęglanu [phrase],szklarnia z poliwęglanu 4x6,1,1,0.35,0.0
2026-08-07,szklarnie z poliwęglanu [phrase],szklarnia z poliwęglanu białystok,1,0,0.0,0.0
2026-08-07,szklarnie z poliwęglanu [phrase],szklarnia z poliwęglanu mocna,1,0,0.0,0.0
2026-08-07,szklarnie z poliwęglanu [phrase],szklarnia z poliwęglanu półokrągła,1,0,0.0,0.0
2026-08-07,szklarnie z poliwęglanu [phrase],szklarnia z poliwęglanu wyprzedaż,1,0,0.0,0.0
2026-08-07,szklarnie z poliwęglanu [phrase],szklarnia z poliwęglanu śląskie,2,0,0.0,0.0
2026-08-07,szklarnie z poliwęglanu [phrase],szklarnie ogrodowe z poliwęglanu,1,0,0.0,0.0
2026-08-07,szklarnie z poliwęglanu [phrase],szklarnie z poliwęglanu małopolska,2,1,0.87,0.0
2026-08-07,szklarnie z poliwęglanu producent,polskie szklarnie z poliwęglanu,2,1,0.57,0.0
2026-08-07,tunele z poliwęglanu,cieplarnia z poliwęglanu,1,0,0.0,0.0
2026-08-07,tunele z poliwęglanu,namiot ogrodowy z poliwęglanu,1,0,0.0,0.0
2026-08-07,tunele z poliwęglanu,namiot warzywny z poliwęglanu,2,0,0.0,0.0
2026-08-07,tunele z poliwęglanu,namiot z poliwęglanu,1,0,0.0,0.0
2026-08-07,tunele z poliwęglanu,poliweglan tunel,1,0,0.0,0.0
2026-08-07,tunele z poliwęglanu,tunel ogrodniczy z poliwęglanu,1,2,0.38,0.0
2026-08-07,tunele z poliwęglanu,tunel ogrodowy z poliwęglanu,1,0,0.0,0.0
2026-08-07,tunele z poliwęglanu,tunel poliwęglanowy,2,0,0.0,0.0
2026-08-07,tunele z poliwęglanu,tunel z poliweglanu,3,0,0.0,0.0
2026-08-07,tunele z poliwęglanu,tunel z poliwęglanu,2,0,0.0,0.0
2026-08-07,tunele z poliwęglanu,tunel z poliwęglanu 3x8,2,0,0.0,0.0
2026-08-07,tunele z poliwęglanu,tunel z poliwęglanu 4x10,1,0,0.0,0.0
2026-08-07,tunele z poliwęglanu,tunel z poliwęglanu 4x6,1,0,0.0,0.0
2026-08-07,tunele z poliwęglanu,tunel z poliwęglanu 4x8,1,0,0.0,0.0
2026-08-07,tunele z poliwęglanu,tunele poliwęglanowe,1,0,0.0,0.0
2026-08-07,tunele z poliwęglanu,tunele z poliwęglanu,10,3,1.35,0.0
2026-08-07,wymiary | poliwęglan 4х8,szklarnia poliwęglan 4x8,2,0,0.0,0.0
2026-08-07,wymiary | poliwęglan 4х8,szklarnia z poliwęglanu 4x8,1,0,0.0,0.0
2026-08-07,wymiary | poliwęglan 4х8,tunel z poliwęglanu 4x8,2,0,0.0,0.0
2026-08-07,wymiary | poliwęglan 2х4,cieplarnie,1,0,0.0,0.0
2026-08-07,wymiary | poliwęglan 2х4,namiot szklarnia,1,0,0.0,0.0
2026-08-07,wymiary | poliwęglan 2х4,poliwęglan szówsko,1,0,0.0,0.0
2026-08-07,wymiary | poliwęglan 2х4,szklarnia,2,0,0.0,0.0
2026-08-07,wymiary | poliwęglan 2х4,szklarnia 2x4,1,0,0.0,0.0
2026-08-07,wymiary | poliwęglan 2х4,szklarnia 4x2,2,0,0.0,0.0
2026-08-07,wymiary | poliwęglan 2х4,szklarnia poliwęglan 2x4,3,0,0.0,0.0
2026-08-07,wymiary | poliwęglan 2х4,szklarnia victoria,1,0,0.0,0.0
2026-08-07,wymiary | poliwęglan 2х4,szklarnia z poliwęglanu 2x4,2,1,0.28,0.0
2026-08-07,wymiary | poliwęglan 2х4,szklarnia z poliwęglanu 2x4 6mm,4,1,0.38,0.0
2026-08-07,wymiary | poliwęglan 2х4,szklarnie ogrodowe wyprzedaż,1,0,0.0,0.0
2026-08-07,wymiary | poliwęglan 2х4,szklarnie z poliwęglanu,1,0,0.0,0.0
2026-08-07,wymiary | poliwęglan 2х4,tunel ogrodowy,1,0,0.0,0.0
2026-08-07,wymiary | poliwęglan 2х4,tunel ogrodowy 4x2,2,0,0.0,0.0
2026-08-07,mala szklarnia z poliweglanu,agrinker szklarnie,1,0,0.0,0.0
2026-08-07,mala szklarnia z poliweglanu,agroszklarnia,4,0,0.0,0.0
2026-08-07,mala szklarnia z poliweglanu,febe store,2,0,0.0,0.0
2026-08-07,mala szklarnia z poliweglanu,greenhouse szklarnia,2,0,0.0,0.0
2026-08-07,mala szklarnia z poliweglanu,jakiej firmy szklarnia z poliwęglanu,1,0,0.0,0.0
2026-08-07,mala szklarnia z poliweglanu,jaką szklarnie wybrać,2,0,0.0,0.0
2026-08-07,mala szklarnia z poliweglanu,mala szklarnia z poliwęglanu,1,0,0.0,0.0
2026-08-07,mala szklarnia z poliweglanu,mała szklarnia ogrodowa,1,0,0.0,0.0
2026-08-07,mala szklarnia z poliweglanu,małe szklarnie,1,0,0.0,0.0
2026-08-07,mala szklarnia z poliweglanu,małe szklarnie ogrodowe,1,0,0.0,0.0
2026-08-07,mala szklarnia z poliweglanu,małą szklarnia,1,0,0.0,0.0
2026-08-07,mala szklarnia z poliweglanu,moja szklarnia ogrodowa,1,0,0.0,0.0
2026-08-07,mala szklarnia z poliweglanu,moja szklarnia ogrodowa pl,1,0,0.0,0.0
2026-08-07,mala szklarnia z poliweglanu,nasze szklarnie,1,0,0.0,0.0
2026-08-07,mala szklarnia z poliweglanu,nowaszklarnia,2,1,0.48,0.0
2026-08-07,mala szklarnia z poliweglanu,poligreen pl,2,0,0.0,0.0
2026-08-07,mala szklarnia z poliweglanu,poliweglan szklarnia,1,0,0.0,0.0
2026-08-07,mala szklarnia z poliweglanu,polskie szklarnie,2,0,0.0,0.0
2026-08-07,mala szklarnia z poliweglanu,producent szklarni,2,0,0.0,0.0
2026-08-07,mala szklarnia z poliweglanu,profimet,2,0,0.0,0.0
2026-08-07,mala szklarnia z poliweglanu,profimet szklarnie,1,0,0.0,0.0
2026-08-07,mala szklarnia z poliweglanu,profimet warszawa,1,0,0.0,0.0
2026-08-07,mala szklarnia z poliweglanu,szklarenki,2,1,0.68,0.0
2026-08-07,mala szklarnia z poliweglanu,szklarnia,4,0,0.0,0.0
2026-08-07,mala szklarnia z poliweglanu,szklarnia 3m,1,0,0.0,0.0
2026-08-07,mala szklarnia z poliweglanu,szklarnia na kwiaty,1,0,0.0,0.0
2026-08-07,mala szklarnia z poliweglanu,szklarnia ogrodowa,4,0,0.0,0.0
2026-08-07,mala szklarnia z poliweglanu,szklarnia pl,1,0,0.0,0.0
2026-08-07,mala szklarnia z poliweglanu,szklarnia poliwęglan,1,0,0.0,0.0
2026-08-07,mala szklarnia z poliweglanu,szklarnia z poliweglanu,1,0,0.0,0.0
2026-08-07,mala szklarnia z poliweglanu,szklarnia z poliwęglanu 250 x 190 x 205 cm,1,0,0.0,0.0
2026-08-07,mala szklarnia z poliweglanu,szklarnia z poliwęglanu 2x2,2,0,0.0,0.0
2026-08-07,mala szklarnia z poliweglanu,szklarnia z poliwęglanu 2x2 5,1,0,0.0,0.0
2026-08-07,mala szklarnia z poliweglanu,szklarnia z poliwęglanu 3x8,1,0,0.0,0.0
2026-08-07,mala szklarnia z poliweglanu,szklarnia z poliwęglanu 3x8 6mm,2,0,0.0,0.0
2026-08-07,mala szklarnia z poliweglanu,szklarnia łódź,1,0,0.0,0.0
2026-08-07,mala szklarnia z poliweglanu,szklarnie,2,0,0.0,0.0
2026-08-07,mala szklarnia z poliweglanu,szklarnie przydomowe,1,0,0.0,0.0
2026-08-07,mala szklarnia z poliweglanu,szklarnie zambrów,1,0,0.0,0.0
2026-08-08,wymiary | poliwęglan 3х6,namiot z poliwęglanu 3x6,2,1,0.19,0.0
2026-08-08,wymiary | poliwęglan 3х6,szklarnia z poliwęglanu 3 x 6,2,0,0.0,0.0
2026-08-08,wymiary | poliwęglan 3х6,szklarnia z poliwęglanu 3x6,17,0,0.0,0.0
2026-08-08,wymiary | poliwęglan 3х6,szklarnia z poliwęglanu 3x6 producent,1,0,0.0,0.0
2026-08-08,wymiary | poliwęglan 3х6,szklarnia z poliwęglanu 3x6 producent 6mm,1,0,0.0,0.0
2026-08-08,wymiary | poliwęglan 3х6,szklarnia z poliwęglanu 3x6 promocja,2,0,0.0,0.0
2026-08-08,wymiary | poliwęglan 3х6,szklarnia z poliwęglanu 3x6 wyprzedaż,1,0,0.0,0.0
2026-08-08,wymiary | poliwęglan 3х6,szklarnie z poliwęglanu 3x6,1,0,0.0,0.0
2026-08-08,wymiary | poliwęglan 3х6,tunel ogrodowy z poliwęglanu 3x6,2,0,0.0,0.0
2026-08-08,wymiary | poliwęglan 3х6,tunel z poliwęglanu 3x6,3,0,0.0,0.0
2026-08-08,wymiary | poliwęglan 3х6,tunel z poliwęglanu 3x6m,2,0,0.0,0.0
2026-08-08,wymiary | poliwęglan 3х4,namiot na warzywa,1,0,0.0,0.0
2026-08-08,wymiary | poliwęglan 3х4,namiot poliweglan,1,0,0.0,0.0
2026-08-08,wymiary | poliwęglan 3х4,namiot szklarnia,1,0,0.0,0.0
2026-08-08,wymiary | poliwęglan 3х4,namiot z poliwęglanu,1,0,0.0,0.0
2026-08-08,wymiary | poliwęglan 3х4,polski producent szklarni ogrodowych,2,0,0.0,0.0
2026-08-08,wymiary | poliwęglan 3х4,szklarnia,4,0,0.0,0.0
2026-08-08,wymiary | poliwęglan 3х4,szklarnia ogrodowa,21,2,0.68,0.0
2026-08-08,wymiary | poliwęglan 3х4,szklarnia ogrodowa 2.5 x4,1,0,0.0,0.0
2026-08-08,wymiary | poliwęglan 3х4,szklarnia ogrodowa 3x4 z poliwęglanu solid mocna,4,1,0.15,0.0
2026-08-08,wymiary | poliwęglan 3х4,szklarnia walipini,1,0,0.0,0.0
2026-08-08,wymiary | poliwęglan 3х4,szklarnia z poliweglanu,2,0,0.0,0.0
2026-08-08,wymiary | poliwęglan 3х4,szklarnia z poliwęglanu 3x4,9,1,0.24,0.0
2026-08-08,wymiary | poliwęglan 3х4,szklarnia z poliwęglanu 3x4 mocna,2,1,0.37,0.0
2026-08-08,wymiary | poliwęglan 3х4,szklarnia łódź,1,0,0.0,0.0
2026-08-08,wymiary | poliwęglan 3х4,szklarnie,1,0,0.0,0.0
2026-08-08,wymiary | poliwęglan 3х4,szklarnie ogrodowe,4,0,0.0,0.0
2026-08-08,wymiary | poliwęglan 3х4,szklarnie przydomowe,1,0,0.0,0.0
2026-08-08,wymiary | poliwęglan 3х4,szklarnie z poliwęglanu,14,1,0.6,0.0
2026-08-08,wymiary | poliwęglan 3х4,szklarnię z poliwęglanu 3x4,2,0,0.0,0.0
2026-08-08,wymiary | poliwęglan 3х4,tunel 2x4,1,0,0.0,0.0
2026-08-08,wymiary | poliwęglan 3х4,tunel na pomidory,2,0,0.0,0.0
2026-08-08,wymiary | poliwęglan 3х4,tunel na warzywa,2,0,0.0,0.0
2026-08-08,wymiary | poliwęglan 3х4,tunel na warzywa z poliwęglanu,2,1,1.26,0.0
2026-08-08,wymiary | poliwęglan 3х4,tunel ogrodniczy,1,0,0.0,0.0
2026-08-08,wymiary | poliwęglan 3х4,tunel ogrodowy,10,0,0.0,0.0
2026-08-08,wymiary | poliwęglan 3х4,tunel ogrodowy 3x4,2,0,0.0,0.0
2026-08-08,wymiary | poliwęglan 3х4,tunel ogrodowy 3x4 5,2,0,0.0,0.0
2026-08-08,wymiary | poliwęglan 3х4,tunel ogrodowy 3x6,3,1,0.13,0.0
2026-08-08,wymiary | poliwęglan 3х4,tunel ogrodowy 4x8,1,0,0.0,0.0
2026-08-08,wymiary | poliwęglan 3х4,tunel ogrodowy z poliwęglanu,4,0,0.0,0.0
2026-08-08,wymiary | poliwęglan 3х4,tunel poliwęglan,1,0,0.0,0.0
2026-08-08,wymiary | poliwęglan 3х4,tunel poliwęglan 3x4,4,0,0.0,0.0
2026-08-08,wymiary | poliwęglan 3х4,tunel z poliwęglanu,5,2,0.9,0.0
2026-08-08,wymiary | poliwęglan 3х4,tunel z poliwęglanu 3x4,3,0,0.0,0.0
2026-08-08,wymiary | poliwęglan 3х4,tunel z poliwęglanu 3x4 cena,2,1,0.21,0.0
2026-08-08,wymiary | poliwęglan 3х4,tunel z poliwęglanu 3x6,1,0,0.0,0.0
2026-08-08,wymiary | poliwęglan 3х4,tunele ogrodowe,5,0,0.0,0.0
2026-08-08,namioty z poliwęglanu,namiot poliweglan,1,0,0.0,0.0
2026-08-08,namioty z poliwęglanu,namioty z poliwęglanu,2,1,0.17,0.0
2026-08-08,namioty z poliwęglanu,tunel z poliwęglanu,2,0,0.0,0.0
2026-08-08,szklarnie z poliwęglanu [exact],szklarnia ogrodowa z poliwęglanu,4,0,0.0,0.0
2026-08-08,szklarnie z poliwęglanu [exact],szklarnia z poliwęglanu,37,0,0.0,0.0
2026-08-08,szklarnie z poliwęglanu [phrase],profimet szklarnie,4,1,0.01,0.0
2026-08-08,szklarnie z poliwęglanu [phrase],profimet szklarnie z poliwęglanu,2,1,0.12,0.0
2026-08-08,szklarnie z poliwęglanu [phrase],szklarnia gaudi,3,0,0.0,0.0
2026-08-08,szklarnie z poliwęglanu [phrase],szklarnia poliwęglan,1,0,0.0,0.0
2026-08-08,szklarnie z poliwęglanu [phrase],szklarnia z poliwęglanu 4x2 5,2,0,0.0,0.0
2026-08-08,szklarnie z poliwęglanu [phrase],szklarnia z poliwęglanu 4x6 producent,1,0,0.0,0.0
2026-08-08,szklarnie z poliwęglanu [phrase],szklarnia z poliwęglanu promocja,1,0,0.0,0.0
2026-08-08,szklarnie z poliwęglanu [phrase],szklarnie poliwęglanowe,1,0,0.0,0.0
2026-08-08,tunele z poliwęglanu,cieplarnia z poliwęglanu,1,0,0.0,0.0
2026-08-08,tunele z poliwęglanu,namiot ogrodowy z poliwęglanu,1,0,0.0,0.0
2026-08-08,tunele z poliwęglanu,namiot z poliwęglanu,1,0,0.0,0.0
2026-08-08,tunele z poliwęglanu,tunel na warzywa z poliwęglanu,2,0,0.0,0.0
2026-08-08,tunele z poliwęglanu,tunel poliweglan 6x3,1,0,0.0,0.0
2026-08-08,tunele z poliwęglanu,tunel poliwęglan,1,0,0.0,0.0
2026-08-08,tunele z poliwęglanu,tunel poliwęglan 3x8,2,0,0.0,0.0
2026-08-08,tunele z poliwęglanu,tunel poliwęglan 4x6,2,0,0.0,0.0
2026-08-08,tunele z poliwęglanu,tunel poliwęglanowy,1,0,0.0,0.0
2026-08-08,tunele z poliwęglanu,tunel z poliweglanu,1,0,0.0,0.0
2026-08-08,tunele z poliwęglanu,tunel z poliwęglanu,8,0,0.0,0.0
2026-08-08,tunele z poliwęglanu,tunel z poliwęglanu 3x4,1,0,0.0,0.0
2026-08-08,tunele z poliwęglanu,tunele ogrodowe z poliwęglanu,4,0,0.0,0.0
2026-08-08,tunele z poliwęglanu,tunele z poliwęglanu,6,1,0.73,0.0
2026-08-08,wymiary | poliwęglan 4х8,szklarnia z poliwęglanu 4x8,3,0,0.0,0.0
2026-08-08,wymiary | poliwęglan 2х4,szklarnia,1,0,0.0,0.0
2026-08-08,wymiary | poliwęglan 2х4,szklarnia 3x2 5,1,0,0.0,0.0
2026-08-08,wymiary | poliwęglan 2х4,szklarnia ogrodowa,1,0,0.0,0.0
2026-08-08,wymiary | poliwęglan 2х4,szklarnia ogrodowa 2.5 x4,3,0,0.0,0.0
2026-08-08,wymiary | poliwęglan 2х4,szklarnia z poliwęglanu 2x4,5,0,0.0,0.0
2026-08-08,wymiary | poliwęglan 2х4,szklarnie ogrodowe,1,0,0.0,0.0
2026-08-08,wymiary | poliwęglan 2х4,tunel z poliwęglanu 3x6,1,0,0.0,0.0
2026-08-08,mala szklarnia z poliweglanu,agro szklarnia,1,0,0.0,0.0
2026-08-08,mala szklarnia z poliweglanu,mam szklarnie pl,1,0,0.0,0.0
2026-08-08,mala szklarnia z poliweglanu,mała szklarnia na pomidory,1,0,0.0,0.0
2026-08-08,mala szklarnia z poliweglanu,mała szklarnia z poliwęglanu,1,0,0.0,0.0
2026-08-08,mala szklarnia z poliweglanu,małe szklarnie przydomowe,1,0,0.0,0.0
2026-08-08,mala szklarnia z poliweglanu,mocna szklarnia,2,0,0.0,0.0
2026-08-08,mala szklarnia z poliweglanu,moja szklarnia,1,0,0.0,0.0
2026-08-08,mala szklarnia z poliweglanu,najmniejsza szklarnia z poliwęglanu,2,0,0.0,0.0
2026-08-08,mala szklarnia z poliweglanu,poligreen zhuk sp k,1,0,0.0,0.0
2026-08-08,mala szklarnia z poliweglanu,solidna szklarnia,1,0,0.0,0.0
2026-08-08,mala szklarnia z poliweglanu,szklarnia,3,0,0.0,0.0
2026-08-08,mala szklarnia z poliweglanu,szklarnia 3 x 2,1,0,0.0,0.0
2026-08-08,mala szklarnia z poliweglanu,szklarnia 3.5 x6,1,0,0.0,0.0
2026-08-08,mala szklarnia z poliweglanu,szklarnia 3x2 5,1,0,0.0,0.0
2026-08-08,mala szklarnia z poliweglanu,szklarnia cena,1,0,0.0,0.0
2026-08-08,mala szklarnia z poliweglanu,szklarnia mała z poliwęglanu,1,0,0.0,0.0
2026-08-08,mala szklarnia z poliweglanu,szklarnia ogrodowa,6,0,0.0,0.0
2026-08-08,mala szklarnia z poliweglanu,szklarnia ogrodowa 2x2,1,0,0.0,0.0
2026-08-08,mala szklarnia z poliweglanu,szklarnia ogrodowa 3x2x2,1,0,0.0,0.0
2026-08-08,mala szklarnia z poliweglanu,szklarnia ogrodowa 4x6,1,0,0.0,0.0
2026-08-08,mala szklarnia z poliweglanu,szklarnia poliwęglan,1,0,0.0,0.0
2026-08-08,mala szklarnia z poliweglanu,szklarnia poliwęglan 2x2,1,0,0.0,0.0
2026-08-08,mala szklarnia z poliweglanu,szklarnia z poliweglanu,1,0,0.0,0.0
2026-08-08,mala szklarnia z poliweglanu,szklarnia z poliwęglanu mala,1,0,0.0,0.0
2026-08-08,mala szklarnia z poliweglanu,szklarnie na wymiar,2,1,0.36,0.0
2026-08-08,mala szklarnia z poliweglanu,szklarnie ogrodowe,1,0,0.0,0.0
2026-08-08,mala szklarnia z poliweglanu,tunel szklarnia ogrodowa,1,0,0.0,0.0
2026-08-10,wymiary | poliwęglan 3х6,szklarnia 3x6,1,0,0.0,0.0
2026-08-10,wymiary | poliwęglan 3х6,szklarnia 3x6 poliwęglan 6mm,1,0,0.0,0.0
2026-08-10,wymiary | poliwęglan 3х6,szklarnia ogrodowa 3x6,4,0,0.0,0.0
2026-08-10,wymiary | poliwęglan 3х6,szklarnia poliwęglan 3x6,3,1,0.16,0.0
2026-08-10,wymiary | poliwęglan 3х6,szklarnia z poliwęglanu 3 x 6,2,0,0.0,0.0
2026-08-10,wymiary | poliwęglan 3х6,szklarnia z poliwęglanu 3x6,6,0,0.0,0.0
2026-08-10,wymiary | poliwęglan 3х6,szklarnia z poliwęglanu 3x6 producent,6,1,0.4,0.0
2026-08-10,wymiary | poliwęglan 3х6,szklarnia z poliwęglanu 3x6 producent 6mm,2,0,0.0,0.0
2026-08-10,wymiary | poliwęglan 3х6,szklarnia z poliwęglanu 3x6 promocja,9,0,0.0,0.0
2026-08-10,wymiary | poliwęglan 3х6,szklarnia z poliwęglanu 3x6 wyprzedaż,2,0,0.0,0.0
2026-08-10,wymiary | poliwęglan 3х6,szklarnie z poliwęglanu 3 x 6,2,0,0.0,0.0
2026-08-10,wymiary | poliwęglan 3х6,szklarnie z poliwęglanu 3x6,1,0,0.0,0.0
2026-08-10,wymiary | poliwęglan 3х6,tunel ogrodowy 3x6 poliwęglan,1,0,0.0,0.0
2026-08-10,wymiary | poliwęglan 3х6,tunel poliwęglan 3x6,1,0,0.0,0.0
2026-08-10,wymiary | poliwęglan 3х6,tunel z poliwęglanu 3x6,2,0,0.0,0.0
2026-08-10,wymiary | poliwęglan 3х4,1 szklarnia pl,1,0,0.0,0.0
2026-08-10,wymiary | poliwęglan 3х4,cieplarnia ogrodowa z poliwęglanu,1,0,0.0,0.0
2026-08-10,wymiary | poliwęglan 3х4,cultivo tunel ogrodowy,1,0,0.0,0.0
2026-08-10,wymiary | poliwęglan 3х4,gotowe tunele ogrodowe,1,0,0.0,0.0
2026-08-10,wymiary | poliwęglan 3х4,green protect,2,0,0.0,0.0
2026-08-10,wymiary | poliwęglan 3х4,jaką szklarnię wybrać,1,0,0.0,0.0
2026-08-10,wymiary | poliwęglan 3х4,maly tunel ogrodowy,1,0,0.0,0.0
2026-08-10,wymiary | poliwęglan 3х4,mała szklarnia ogrodowa,1,0,0.0,0.0
2026-08-10,wymiary | poliwęglan 3х4,małe szklarnie z poliwęglanu,1,0,0.0,0.0
2026-08-10,wymiary | poliwęglan 3х4,mocne szklarnie pl,2,1,0.14,0.0
2026-08-10,wymiary | poliwęglan 3х4,multi szklarnia,1,0,0.0,0.0
2026-08-10,wymiary | poliwęglan 3х4,namiot na pomidory,2,0,0.0,0.0
2026-08-10,wymiary | poliwęglan 3х4,namiot ogrodowy szklarnia,2,0,0.0,0.0
2026-08-10,wymiary | poliwęglan 3х4,namiot szklarniowy,2,0,0.0,0.0
2026-08-10,wymiary | poliwęglan 3х4,namiot z poliwęglanu,2,1,0.07,0.0
2026-08-10,wymiary | poliwęglan 3х4,namiot z poliwęglanu 3x4,5,2,2.13,0.666666
2026-08-10,wymiary | poliwęglan 3х4,namioty ogrodowe pod warzywa,2,0,0.0,0.0
2026-08-10,wymiary | poliwęglan 3х4,namioty szklarnie,2,0,0.0,0.0
2026-08-10,wymiary | poliwęglan 3х4,poliwęglan namiot,1,0,0.0,0.0
2026-08-10,wymiary | poliwęglan 3х4,polski producent szklarni ogrodowych,2,0,0.0,0.0
2026-08-10,wymiary | poliwęglan 3х4,producent szklarni ogrodowych,2,0,0.0,0.0
2026-08-10,wymiary | poliwęglan 3х4,szklarni z poliwęglanu,1,0,0.0,0.0
2026-08-10,wymiary | poliwęglan 3х4,szklarnia,10,0,0.0,0.0
2026-08-10,wymiary | poliwęglan 3х4,szklarnia 2.5 x4,5,0,0.0,0.0
2026-08-10,wymiary | poliwęglan 3х4,szklarnia 3 5,1,0,0.0,0.0
2026-08-10,wymiary | poliwęglan 3х4,szklarnia 3 x 6,1,0,0.0,0.0
2026-08-10,wymiary | poliwęglan 3х4,szklarnia 3x4,4,0,0.0,0.0
2026-08-10,wymiary | poliwęglan 3х4,szklarnia 4x10,1,0,0.0,0.0
2026-08-10,wymiary | poliwęglan 3х4,szklarnia 4x4,1,0,0.0,0.0
2026-08-10,wymiary | poliwęglan 3х4,szklarnia 4x6,2,0,0.0,0.0
2026-08-10,wymiary | poliwęglan 3х4,szklarnia 6x3 poliwęglan,1,0,0.0,0.0
2026-08-10,wymiary | poliwęglan 3х4,szklarnia kropla,1,1,0.64,0.0
2026-08-10,wymiary | poliwęglan 3х4,szklarnia ogrodowa,5,0,0.0,0.0
2026-08-10,wymiary | poliwęglan 3х4,szklarnia ogrodowa 3x4 z poliwęglanu solid mocna,3,0,0.0,0.0
2026-08-10,wymiary | poliwęglan 3х4,szklarnia ogrodowa 3x8,1,0,0.0,0.0
2026-08-10,wymiary | poliwęglan 3х4,szklarnia pl,2,0,0.0,0.0
2026-08-10,wymiary | poliwęglan 3х4,szklarnia poliwęglan 3x4,1,0,0.0,0.0
2026-08-10,wymiary | poliwęglan 3х4,szklarnia poliwęglan 3x4 6mm,2,1,1.24,0.0
2026-08-10,wymiary | poliwęglan 3х4,szklarnia poliwęglan 4x6,1,0,0.0,0.0
2026-08-10,wymiary | poliwęglan 3х4,szklarnia przydomowa,1,1,0.25,0.0
2026-08-10,wymiary | poliwęglan 3х4,szklarnia tunel,2,0,0.0,0.0
2026-08-10,wymiary | poliwęglan 3х4,szklarnia z poliweglanu 3x4,1,0,0.0,0.0
2026-08-10,wymiary | poliwęglan 3х4,szklarnia z poliwęglanu 3 x 2,1,1,0.31,0.0
2026-08-10,wymiary | poliwęglan 3х4,szklarnia z poliwęglanu 3 x 4,9,0,0.0,0.0
2026-08-10,wymiary | poliwęglan 3х4,szklarnia z poliwęglanu 3x4,9,0,0.0,0.0
2026-08-10,wymiary | poliwęglan 3х4,szklarnia z poliwęglanu 3x4 producent,10,0,0.0,0.0
2026-08-10,wymiary | poliwęglan 3х4,szklarnia z poliwęglanu 3x4 z fundamentem,2,0,0.0,0.0
2026-08-10,wymiary | poliwęglan 3х4,szklarnia z poliwęglanu cena,1,0,0.0,0.0
2026-08-10,wymiary | poliwęglan 3х4,szklarnie,6,1,0.18,0.0
2026-08-10,wymiary | poliwęglan 3х4,szklarnie do ogrodu,1,0,0.0,0.0
2026-08-10,wymiary | poliwęglan 3х4,szklarnie ogrodowe,3,0,0.0,0.0
2026-08-10,wymiary | poliwęglan 3х4,szklarnie ogrodowe wyprzedaż,1,0,0.0,0.0
2026-08-10,wymiary | poliwęglan 3х4,szklarnie poliwęglanu,1,0,0.0,0.0
2026-08-10,wymiary | poliwęglan 3х4,szklarnie przydomowe ceny,1,0,0.0,0.0
2026-08-10,wymiary | poliwęglan 3х4,szklarnie z poliwęglanu,23,4,2.71,0.0
2026-08-10,wymiary | poliwęglan 3х4,szklarnie z poliwęglanu 3 x 4,2,1,0.37,0.0
2026-08-10,wymiary | poliwęglan 3х4,szklarnie z poliwęglanu 3x4,3,1,0.33,0.0
2026-08-10,wymiary | poliwęglan 3х4,tania szklarnia ogrodowa,2,0,0.0,0.0
2026-08-10,wymiary | poliwęglan 3х4,tgagroculture szklarnia,2,0,0.0,0.0
2026-08-10,wymiary | poliwęglan 3х4,tunel 2.5 x4,2,0,0.0,0.0
2026-08-10,wymiary | poliwęglan 3х4,tunel 6x3,3,0,0.0,0.0
2026-08-10,wymiary | poliwęglan 3х4,tunel na pomidory,1,0,0.0,0.0
2026-08-10,wymiary | poliwęglan 3х4,tunel na warzywa,1,0,0.0,0.0
2026-08-10,wymiary | poliwęglan 3х4,tunel na warzywa z poliwęglanu,1,0,0.0,0.0
2026-08-10,wymiary | poliwęglan 3х4,tunel ogrodowy,16,0,0.0,0.0
2026-08-10,wymiary | poliwęglan 3х4,tunel ogrodowy 3x4,4,0,0.0,0.0
2026-08-10,wymiary | poliwęglan 3х4,tunel ogrodowy 3x6,2,0,0.0,0.0
2026-08-10,wymiary | poliwęglan 3х4,tunel ogrodowy 5x3,1,0,0.0,0.0
2026-08-10,wymiary | poliwęglan 3х4,tunel ogrodowy wyprzedaż,2,0,0.0,0.0
2026-08-10,wymiary | poliwęglan 3х4,tunel ogrodowy z poliwęglanu,7,0,0.0,0.0
2026-08-10,wymiary | poliwęglan 3х4,tunel poliwęglan 3x8,1,0,0.0,0.0
2026-08-10,wymiary | poliwęglan 3х4,tunel poliwęglanowy 3x8,1,0,0.0,0.0
2026-08-10,wymiary | poliwęglan 3х4,tunel z poliwęglanu,2,1,0.41,0.0
2026-08-10,wymiary | poliwęglan 3х4,tunel z poliwęglanu 3 x 4,6,1,0.37,0.0
2026-08-10,wymiary | poliwęglan 3х4,tunel z poliwęglanu 3x4,5,3,0.84,0.0
2026-08-10,wymiary | poliwęglan 3х4,tunel z poliwęglanu 4x10,1,0,0.0,0.0
2026-08-10,wymiary | poliwęglan 3х4,tunele ogrodnicze,1,0,0.0,0.0
2026-08-10,wymiary | poliwęglan 3х4,tunele ogrodowe,1,0,0.0,0.0
2026-08-10,cieplarnie z poliwęglanu,cieplarnie z poliwęglanu,4,0,0.0,0.0
2026-08-10,namioty z poliwęglanu,namiot ogrodowy z poliwęglanu,1,0,0.0,0.0
2026-08-10,namioty z poliwęglanu,namiot z poliwęglanu,1,0,0.0,0.0
2026-08-10,namioty z poliwęglanu,namioty ogrodowe z poliwęglanu,1,0,0.0,0.0
2026-08-10,szklarnie z poliwęglanu [exact],szklarnia ogrodowa z poliwęglanu,1,0,0.0,0.0
2026-08-10,szklarnie z poliwęglanu [exact],szklarnia z poliwęglanu,82,3,1.6,0.0
2026-08-10,szklarnie z poliwęglanu [phrase],poliwęglan szklarnie,2,0,0.0,0.0
2026-08-10,szklarnie z poliwęglanu [phrase],profimet szklarnie,12,3,0.3,0.0
2026-08-10,szklarnie z poliwęglanu [phrase],szklarn8a z poliweglanu,1,0,0.0,0.0
2026-08-10,szklarnie z poliwęglanu [phrase],szklarni z poliwęglanu,2,1,0.78,0.0
2026-08-10,szklarnie z poliwęglanu [phrase],szklarnia 3x10,1,0,0.0,0.0
2026-08-10,szklarnie z poliwęglanu [phrase],szklarnia 3x8,1,0,0.0,0.0
2026-08-10,szklarnie z poliwęglanu [phrase],szklarnia poliweglanowa,1,0,0.0,0.0
2026-08-10,szklarnie z poliwęglanu [phrase],szklarnia poliwęglan 2 5x4,1,0,0.0,0.0
2026-08-10,szklarnie z poliwęglanu [phrase],szklarnia poliwęglan 4x6,1,0,0.0,0.0
2026-08-10,szklarnie z poliwęglanu [phrase],szklarnia poliwęglan przezroczysty,1,0,0.0,0.0
2026-08-10,szklarnie z poliwęglanu [phrase],szklarnia poliwęglanowa,3,0,0.0,0.0
2026-08-10,szklarnie z poliwęglanu [phrase],szklarnia z poliweglanu,1,0,0.0,0.0
2026-08-10,szklarnie z poliwęglanu [phrase],szklarnia z poliwęglanu 2 5x4,2,0,0.0,0.0
2026-08-10,szklarnie z poliwęglanu [phrase],szklarnia z poliwęglanu 2.5 x4,1,0,0.0,0.0
2026-08-10,szklarnie z poliwęglanu [phrase],szklarnia z poliwęglanu 2.5 x5,1,0,0.0,0.0
2026-08-10,szklarnie z poliwęglanu [phrase],szklarnia z poliwęglanu 2x2 5,1,0,0.0,0.0
2026-08-10,szklarnie z poliwęglanu [phrase],szklarnia z poliwęglanu 3x10,1,0,0.0,0.0
2026-08-10,szklarnie z poliwęglanu [phrase],szklarnia z poliwęglanu 3x8 6mm,2,0,0.0,0.0
2026-08-10,szklarnie z poliwęglanu [phrase],szklarnia z poliwęglanu 3x8 producent,2,0,0.0,0.0
2026-08-10,szklarnie z poliwęglanu [phrase],szklarnia z poliwęglanu 4x6,2,0,0.0,0.0
2026-08-10,szklarnie z poliwęglanu [phrase],szklarnia z poliwęglanu 8 mm,2,0,0.0,0.0
2026-08-10,szklarnie z poliwęglanu [phrase],szklarnia z poliwęglanu na raty,1,0,0.0,0.0
2026-08-10,szklarnie z poliwęglanu [phrase],szklarnie ogrodowe z poliwęglanu,5,2,1.05,1.0
2026-08-10,szklarnie z poliwęglanu [phrase],szklarnie poliwęglanowe,1,0,0.0,0.0
2026-08-10,szklarnie z poliwęglanu [phrase],szklarnie poliwęglanu,1,0,0.0,0.0
2026-08-10,szklarnie z poliwęglanu [phrase],szklarnie przydomowe z poliwęglanu,1,0,0.0,0.0
2026-08-10,szklarnie z poliwęglanu [phrase],szklarnie z poliwęglanu na wymiar,3,2,0.91,0.0
2026-08-10,szklarnie z poliwęglanu [phrase],tig pl szklarnie,3,1,0.68,0.0
2026-08-10,szklarnie z poliwęglanu [phrase],tig szklarnie,2,0,0.0,0.0
2026-08-10,tunele z poliwęglanu,namiot ogrodniczy z poliwęglanu,1,0,0.0,0.0
2026-08-10,tunele z poliwęglanu,tunel na pomidory z poliwęglanu,1,0,0.0,0.0
2026-08-10,tunele z poliwęglanu,tunel na warzywa z poliwęglanu,1,0,0.0,0.0
2026-08-10,tunele z poliwęglanu,tunel ogrodowy 3x6 poliwęglan,1,0,0.0,0.0
2026-08-10,tunele z poliwęglanu,tunel ogrodowy z poliwęglanu,3,2,0.48,0.0
2026-08-10,tunele z poliwęglanu,tunel poliweglanowy,1,0,0.0,0.0
2026-08-10,tunele z poliwęglanu,tunel poliwęglan,3,0,0.0,0.0
2026-08-10,tunele z poliwęglanu,tunel poliwęglan 3x8,1,0,0.0,0.0
2026-08-10,tunele z poliwęglanu,tunel poliwęglanowy,2,0,0.0,0.0
2026-08-10,tunele z poliwęglanu,tunel poliwęglanowy 3x8,1,0,0.0,0.0
2026-08-10,tunele z poliwęglanu,tunel z poliwęglanu 3x8,2,0,0.0,0.0
2026-08-10,tunele z poliwęglanu,tunel z poliwęglanu 4x10,1,0,0.0,0.0
2026-08-10,tunele z poliwęglanu,tunel z poliwęglanu 4x6,2,1,0.38,0.0
2026-08-10,tunele z poliwęglanu,tunele ogrodowe z poliwęglanu,2,0,0.0,0.0
2026-08-10,tunele z poliwęglanu,tunele z poliwęglanu,7,0,0.0,0.0
2026-08-10,wymiary | poliwęglan 4х8,szklarnia z poliwęglanu 4x8,1,0,0.0,0.0
2026-08-10,wymiary | poliwęglan 4х8,tunel poliwęglan 4x8,2,1,0.22,0.0
2026-08-10,wymiary | poliwęglan 2х4,cieplarnia ogrodowa z poliwęglanu,1,0,0.0,0.0
2026-08-10,wymiary | poliwęglan 2х4,namiot szklarnia,1,0,0.0,0.0
2026-08-10,wymiary | poliwęglan 2х4,szklarnia,1,0,0.0,0.0
2026-08-10,wymiary | poliwęglan 2х4,szklarnia 2.5 x4,1,0,0.0,0.0
2026-08-10,wymiary | poliwęglan 2х4,szklarnia 4x2,4,0,0.0,0.0
2026-08-10,wymiary | poliwęglan 2х4,szklarnia ogrodowa,2,0,0.0,0.0
2026-08-10,wymiary | poliwęglan 2х4,szklarnia z montazem,1,0,0.0,0.0
2026-08-10,wymiary | poliwęglan 2х4,szklarnia z poliwęglanu 2 x 4,1,0,0.0,0.0
2026-08-10,wymiary | poliwęglan 2х4,szklarnia z poliwęglanu 2x4,2,0,0.0,0.0
2026-08-10,wymiary | poliwęglan 2х4,szklarnia z poliwęglanu 2x4 6mm,1,1,0.45,0.0
2026-08-10,wymiary | poliwęglan 2х4,szklarnia z poliwęglanu 3 x 4,1,0,0.0,0.0
2026-08-10,wymiary | poliwęglan 2х4,szklarnie z poliwęglanu,2,0,0.0,0.0
2026-08-10,wymiary | poliwęglan 2х4,tunel z poliwęglanu 2x4,2,0,0.0,0.0
2026-08-10,wymiary | poliwęglan 2х4,zacienienie szklarni,1,0,0.0,0.0
2026-08-10,mala szklarnia z poliweglanu,1 szklarnia pl,1,0,0.0,0.0
2026-08-10,mala szklarnia z poliweglanu,botanika szklarnia,1,0,0.0,0.0
2026-08-10,mala szklarnia z poliweglanu,majowo pl szklarnie,2,0,0.0,0.0
2026-08-10,mala szklarnia z poliweglanu,mam szklarnie pl,3,0,0.0,0.0
2026-08-10,mala szklarnia z poliweglanu,mała szklarnia ogrodowa,2,0,0.0,0.0
2026-08-10,mala szklarnia z poliweglanu,mocnaszklarnia pl,2,0,0.0,0.0
2026-08-10,mala szklarnia z poliweglanu,moja szklarnia ogrodowa,2,0,0.0,0.0
2026-08-10,mala szklarnia z poliweglanu,planta greenhouses,2,0,0.0,0.0
2026-08-10,mala szklarnia z poliweglanu,poligreen zhuk sp k,3,0,0.0,0.0
2026-08-10,mala szklarnia z poliweglanu,profi met,2,1,1.0,0.998591
2026-08-10,mala szklarnia z poliweglanu,szklarnia,1,0,0.0,0.0
2026-08-10,mala szklarnia z poliweglanu,szklarnia 6m,1,0,0.0,0.0
2026-08-10,mala szklarnia z poliweglanu,szklarnia całoroczna,2,0,0.0,0.0
2026-08-10,mala szklarnia z poliweglanu,szklarnia ogrodowa,1,0,0.0,0.0
2026-08-10,mala szklarnia z poliweglanu,szklarnia ogrodowa 2.5 x4,1,0,0.0,0.0
2026-08-10,mala szklarnia z poliweglanu,szklarnia ogrodowa 3x2x2,1,0,0.0,0.0
2026-08-10,mala szklarnia z poliweglanu,szklarnia ogrodowa 4x2 5,1,1,0.67,0.0
2026-08-10,mala szklarnia z poliweglanu,szklarnia ogrodowa 4x6,1,0,0.0,0.0
2026-08-10,mala szklarnia z poliweglanu,szklarnia ogrodowa z poliwęglanu,1,0,0.0,0.0
2026-08-10,mala szklarnia z poliweglanu,szklarnia tanio,1,0,0.0,0.0
2026-08-10,mala szklarnia z poliweglanu,szklarnia z poliwęglanu 2x2 5,1,0,0.0,0.0
2026-08-10,mala szklarnia z poliweglanu,szklarnia z poliwęglanu 3 x 2,1,0,0.0,0.0
2026-08-10,mala szklarnia z poliweglanu,tania szklarnia,1,0,0.0,0.0
2026-08-10,mala szklarnia z poliweglanu,tig pl szklarnie,1,0,0.0,0.0
2026-08-10,mala szklarnia z poliweglanu,twoja szklarnia pl,2,0,0.0,0.0
2026-08-11,wymiary | poliwęglan 3х6,szklarnia 3x6,2,0,0.0,0.0
2026-08-11,wymiary | poliwęglan 3х6,szklarnia 3x6 poliwęglan 6mm,1,0,0.0,0.0
2026-08-11,wymiary | poliwęglan 3х6,szklarnia poliweglan 3x6,2,0,0.0,0.0
2026-08-11,wymiary | poliwęglan 3х6,szklarnia poliwęglan 3x6,3,0,0.0,0.0
2026-08-11,wymiary | poliwęglan 3х6,szklarnia z poliwęglanu 3x6,5,0,0.0,0.0
2026-08-11,wymiary | poliwęglan 3х6,szklarnia z poliwęglanu 3x6 6 mm,7,0,0.0,0.0
2026-08-11,wymiary | poliwęglan 3х6,szklarnia z poliwęglanu 3x6 producent,2,0,0.0,0.0
2026-08-11,wymiary | poliwęglan 3х6,szklarnia z poliwęglanu 3x6 producent 6mm,4,1,0.26,0.0
2026-08-11,wymiary | poliwęglan 3х6,szklarnia z poliwęglanu 3x6 producent profimet,2,0,0.0,0.0
2026-08-11,wymiary | poliwęglan 3х6,szklarnia z poliwęglanu 3x6 promocja,3,2,0.64,0.0
2026-08-11,wymiary | poliwęglan 3х6,szklarnia z poliwęglanu 3x6 wyprzedaż,1,0,0.0,0.0
2026-08-11,wymiary | poliwęglan 3х6,szklarnia z poliwęglanu 6mm 3x6,1,0,0.0,0.0
2026-08-11,wymiary | poliwęglan 3х6,szklarnie z poliwęglanu 3x6,1,0,0.0,0.0
2026-08-11,wymiary | poliwęglan 3х6,tunel ogrodowy z poliwęglanu 3x6,2,0,0.0,0.0
2026-08-11,wymiary | poliwęglan 3х6,tunel poliwęglan 3x6,2,2,0.84,0.0
2026-08-11,wymiary | poliwęglan 3х6,tunel z poliwęglanu 3x6,1,0,0.0,0.0
2026-08-11,wymiary | poliwęglan 3х6,tunel z poliwęglanu 3x6m,4,0,0.0,0.0
2026-08-11,wymiary | poliwęglan 3х6,tunel z poliwęglanu 3x6m cena,1,0,0.0,0.0
2026-08-11,wymiary | poliwęglan 3х4,mała szklarnia,1,0,0.0,0.0
2026-08-11,wymiary | poliwęglan 3х4,mały tunel na pomidory,1,0,0.0,0.0
2026-08-11,wymiary | poliwęglan 3х4,mocna szklarnia,1,1,0.16,0.0
2026-08-11,wymiary | poliwęglan 3х4,najlepsze szklarnie z poliwęglanu,2,0,0.0,0.0
2026-08-11,wymiary | poliwęglan 3х4,najtańsze szklarnie z poliwęglanu,1,0,0.0,0.0
2026-08-11,wymiary | poliwęglan 3х4,namiot na warzywa,2,0,0.0,0.0
2026-08-11,wymiary | poliwęglan 3х4,namiot poliwęglanowy,1,0,0.0,0.0
2026-08-11,wymiary | poliwęglan 3х4,namiot szklarnia,2,0,0.0,0.0
2026-08-11,wymiary | poliwęglan 3х4,namiot szklarniowy,1,0,0.0,0.0
2026-08-11,wymiary | poliwęglan 3х4,namiot z poliwęglanu 3x4,1,0,0.0,0.0
2026-08-11,wymiary | poliwęglan 3х4,poligreen szklarnie,1,0,0.0,0.0
2026-08-11,wymiary | poliwęglan 3х4,poligreen zhuk sp k,1,0,0.0,0.0
2026-08-11,wymiary | poliwęglan 3х4,polskie szklarnie z poliwęglanu,1,0,0.0,0.0
2026-08-11,wymiary | poliwęglan 3х4,szklarnia 3x4,3,0,0.0,0.0
2026-08-11,wymiary | poliwęglan 3х4,szklarnia 3x4 poliweglan,1,0,0.0,0.0
2026-08-11,wymiary | poliwęglan 3х4,szklarnia 3x8,1,0,0.0,0.0
2026-08-11,wymiary | poliwęglan 3х4,szklarnia ogrodowa,5,1,0.31,0.0
2026-08-11,wymiary | poliwęglan 3х4,szklarnia ogrodowa 3x4 z poliwęglanu solid mocna,2,1,0.46,0.0
2026-08-11,wymiary | poliwęglan 3х4,szklarnia przydomowa z poliwęglanu,1,0,0.0,0.0
2026-08-11,wymiary | poliwęglan 3х4,szklarnia z poliwęglanu 3 x 6,1,0,0.0,0.0
2026-08-11,wymiary | poliwęglan 3х4,szklarnia z poliwęglanu 3x4,10,0,0.0,0.0
2026-08-11,wymiary | poliwęglan 3х4,szklarnia z poliwęglanu 3x4 6mm,1,1,0.42,0.0
2026-08-11,wymiary | poliwęglan 3х4,szklarnia z poliwęglanu 3x4 producent,1,0,0.0,0.0
2026-08-11,wymiary | poliwęglan 3х4,szklarnia z poliwęglanu 3x6 promocja,1,0,0.0,0.0
2026-08-11,wymiary | poliwęglan 3х4,szklarnia z poliwęglanu 3x8,2,0,0.0,0.0
2026-08-11,wymiary | poliwęglan 3х4,szklarnia z poliwęglanu 4 x 6,1,0,0.0,0.0
2026-08-11,wymiary | poliwęglan 3х4,szklarnie ogrodowe 3x4,1,0,0.0,0.0
2026-08-11,wymiary | poliwęglan 3х4,szklarnie ogrodowe wyprzedaż,1,0,0.0,0.0
2026-08-11,wymiary | poliwęglan 3х4,szklarnie przydomowe,4,0,0.0,0.0
2026-08-11,wymiary | poliwęglan 3х4,szklarnie z poliwęglanu,34,5,1.97,0.0
2026-08-11,wymiary | poliwęglan 3х4,szklarnie z poliwęglanu 6 mm,2,0,0.0,0.0
2026-08-11,wymiary | poliwęglan 3х4,szklarnie z poliwęglanu małopolska,3,2,0.56,0.0
2026-08-11,wymiary | poliwęglan 3х4,szklarnie z poliwęglanu zambrów,1,0,0.0,0.0
2026-08-11,wymiary | poliwęglan 3х4,szklarnię sprzedam,1,0,0.0,0.0
2026-08-11,wymiary | poliwęglan 3х4,tanie szklarnie z poliwęglanu,1,0,0.0,0.0
2026-08-11,wymiary | poliwęglan 3х4,tunel do pomidorów,2,0,0.0,0.0
2026-08-11,wymiary | poliwęglan 3х4,tunel na pomidory,1,0,0.0,0.0
2026-08-11,wymiary | poliwęglan 3х4,tunel ogrodniczy,1,0,0.0,0.0
2026-08-11,wymiary | poliwęglan 3х4,tunel ogrodowy,6,0,0.0,0.0
2026-08-11,wymiary | poliwęglan 3х4,tunel ogrodowy 3x4,6,0,0.0,0.0
2026-08-11,wymiary | poliwęglan 3х4,tunel ogrodowy 3x6,1,0,0.0,0.0
2026-08-11,wymiary | poliwęglan 3х4,tunel ogrodowy z poliwęglanu,2,1,0.21,0.0
2026-08-11,wymiary | poliwęglan 3х4,tunel poliweglan,2,0,0.0,0.0
2026-08-11,wymiary | poliwęglan 3х4,tunel poliwęglan 3x4,5,0,0.0,0.0
2026-08-11,wymiary | poliwęglan 3х4,tunel z poliweglanu,1,0,0.0,0.0
2026-08-11,wymiary | poliwęglan 3х4,tunel z poliwęglanu,4,0,0.0,0.0
2026-08-11,wymiary | poliwęglan 3х4,tunel z poliwęglanu 3 x 4,2,0,0.0,0.0
2026-08-11,wymiary | poliwęglan 3х4,tunel z poliwęglanu 3x4,7,0,0.0,0.0
2026-08-11,wymiary | poliwęglan 3х4,wesoly rolnik,1,0,0.0,0.0
2026-08-11,szklarnie z poliwęglanu [exact],mocna szklarnia z poliwęglanu,3,0,0.0,0.0
2026-08-11,szklarnie z poliwęglanu [exact],szklarnia ogrodowa z poliwęglanu,3,0,0.0,0.0
2026-08-11,szklarnie z poliwęglanu [exact],szklarnia z poliwęglanu,45,4,1.37,1.0
2026-08-11,szklarnie z poliwęglanu [exact],szklarnie z poliwęglanu,1,0,0.0,0.0
2026-08-11,szklarnie z poliwęglanu [phrase],duża szklarnia z poliwęglanu,1,0,0.0,0.0
2026-08-11,szklarnie z poliwęglanu [phrase],najlepsze szklarnie z poliwęglanu,2,0,0.0,0.0
2026-08-11,szklarnie z poliwęglanu [phrase],profimet,5,1,0.36,0.0
2026-08-11,szklarnie z poliwęglanu [phrase],profimet szklarnie,6,4,1.45,0.0
2026-08-11,szklarnie z poliwęglanu [phrase],szklarnia poliwęglan 2.5 x4,1,0,0.0,0.0
2026-08-11,szklarnie z poliwęglanu [phrase],szklarnia poliwęglan 3x8,1,0,0.0,0.0
2026-08-11,szklarnie z poliwęglanu [phrase],szklarnia z poliweglanu,1,0,0.0,0.0
2026-08-11,szklarnie z poliwęglanu [phrase],szklarnia z poliwęglanu 10mm,2,0,0.0,0.0
2026-08-11,szklarnie z poliwęglanu [phrase],szklarnia z poliwęglanu 2x4 6mm,1,0,0.0,0.0
2026-08-11,szklarnie z poliwęglanu [phrase],szklarnia z poliwęglanu 4x10,1,0,0.0,0.0
2026-08-11,szklarnie z poliwęglanu [phrase],szklarnia z poliwęglanu 4x6,1,0,0.0,0.0
2026-08-11,szklarnie z poliwęglanu [phrase],szklarnia z poliwęglanu wyprzedaż,1,0,0.0,0.0
2026-08-11,szklarnie z poliwęglanu [phrase],szklarnie ogrodowe z poliwęglanu,2,0,0.0,0.0
2026-08-11,szklarnie z poliwęglanu [phrase],szklarnie poliwęglan,2,0,0.0,0.0
2026-08-11,szklarnie z poliwęglanu [phrase],szklarnie profimet,2,1,0.15,0.0
2026-08-11,szklarnie z poliwęglanu [phrase],szklarnie z poliwęglanu 6 mm,2,0,0.0,0.0
2026-08-11,szklarnie z poliwęglanu [phrase],szklarnie z poliwęglanu lublin,1,0,0.0,0.0
2026-08-11,szklarnie z poliwęglanu [phrase],szklarnie z poliwęglanu małopolska,1,2,0.56,0.0
2026-08-11,szklarnie z poliwęglanu [phrase],szklarnie z poliwęglanu zambrów,1,1,0.46,0.0
2026-08-11,szklarnie z poliwęglanu [phrase],tania szklarnia z poliwęglanu,1,0,0.0,0.0
2026-08-11,szklarnie z poliwęglanu [phrase],tanie szklarnie z poliwęglanu,1,0,0.0,0.0
2026-08-11,szklarnie z poliwęglanu [phrase],tunel ogrodowy z poliwęglanu,1,0,0.0,0.0
2026-08-11,szklarnie z poliwęglanu [phrase],tunel z poliwęglanu 2x6,1,0,0.0,0.0
2026-08-11,szklarnie z poliwęglanu [phrase],z poliwęglanu szklarnia,1,0,0.0,0.0
2026-08-11,szklarnie z poliwęglanu producent,polskie szklarnie z poliwęglanu,1,0,0.0,0.0
2026-08-11,tunele z poliwęglanu,namiot poliwęglanowy,1,0,0.0,0.0
2026-08-11,tunele z poliwęglanu,namiot z poliwęglanu,1,0,0.0,0.0
2026-08-11,tunele z poliwęglanu,tunel ogrodowy poliwęglan,4,1,0.15,0.0
2026-08-11,tunele z poliwęglanu,tunel ogrodowy z poliwęglanu,1,0,0.0,0.0
2026-08-11,tunele z poliwęglanu,tunel poliweglan,3,1,0.59,0.0
2026-08-11,tunele z poliwęglanu,tunel poliwęglan 3x8,2,1,0.58,0.0
2026-08-11,tunele z poliwęglanu,tunel poliwęglanowy,3,2,0.88,0.0
2026-08-11,tunele z poliwęglanu,tunel z poliweglanu,2,0,0.0,0.0
2026-08-11,tunele z poliwęglanu,tunel z poliwęglanu,3,0,0.0,0.0
2026-08-11,tunele z poliwęglanu,tunele ogrodowe z poliwęglanu,5,1,0.11,0.0
2026-08-11,tunele z poliwęglanu,tunele z poliwęglanu,9,0,0.0,0.0
2026-08-11,wymiary | poliwęglan 4х8,szklarnia poliwęglan 4x8,2,3,0.81,0.0
2026-08-11,wymiary | poliwęglan 4х8,szklarnia z poliwęglanu 4x8,1,0,0.0,0.0
2026-08-11,wymiary | poliwęglan 4х8,tunel z poliwęglanu 4x8,2,0,0.0,0.0
2026-08-11,wymiary | poliwęglan 2х4,poligreen,1,0,0.0,0.0
2026-08-11,wymiary | poliwęglan 2х4,szklarnia 2x4,1,0,0.0,0.0
2026-08-11,wymiary | poliwęglan 2х4,szklarnia z poliwęglanu 2x4,2,0,0.0,0.0
2026-08-11,wymiary | poliwęglan 2х4,szklarnia z poliwęglanu 2x4 6mm,2,0,0.0,0.0
2026-08-11,wymiary | poliwęglan 2х4,szklarnie,1,0,0.0,0.0
2026-08-11,wymiary | poliwęglan 2х4,szklarnie domowe,2,0,0.0,0.0
2026-08-11,wymiary | poliwęglan 2х4,tanie szklarnie,1,0,0.0,0.0
2026-08-11,wymiary | poliwęglan 2х4,tunel ogrodowy 2x4,2,0,0.0,0.0
2026-08-11,wymiary | poliwęglan 2х4,tunel z poliwęglanu 2x4,2,0,0.0,0.0
2026-08-11,mala szklarnia z poliweglanu,etl group,1,0,0.0,0.0
2026-08-11,mala szklarnia z poliweglanu,kupię szklarnie,2,0,0.0,0.0
2026-08-11,mala szklarnia z poliweglanu,mała szklarnia w ogrodzie,1,0,0.0,0.0
2026-08-11,mala szklarnia z poliweglanu,mocna szklarnia,4,1,0.3,0.0
2026-08-11,mala szklarnia z poliweglanu,mocnaszklarnia,4,3,1.88,0.0
2026-08-11,mala szklarnia z poliweglanu,moja szklarnia,1,0,0.0,0.0
2026-08-11,mala szklarnia z poliweglanu,moja szklarnia ogrodowa,1,0,0.0,0.0
2026-08-11,mala szklarnia z poliweglanu,poligreen,2,0,0.0,0.0
2026-08-11,mala szklarnia z poliweglanu,profimet szklarnie,1,0,0.0,0.0
2026-08-11,mala szklarnia z poliweglanu,szklarnia 6x3 poliwęglan,1,0,0.0,0.0
2026-08-11,mala szklarnia z poliweglanu,szklarnia bass polska,1,0,0.0,0.0
2026-08-11,mala szklarnia z poliweglanu,szklarnia całoroczna w ziemi,2,0,0.0,0.0
2026-08-11,mala szklarnia z poliweglanu,szklarnia ogrodowa,3,0,0.0,0.0
2026-08-11,mala szklarnia z poliweglanu,szklarnia victoria,1,0,0.0,0.0
2026-08-11,mala szklarnia z poliweglanu,szklarnia z poliweglanu,1,0,0.0,0.0
2026-08-11,mala szklarnia z poliweglanu,szklarnia ze szkla,1,0,0.0,0.0
2026-08-11,mala szklarnia z poliweglanu,szklarnie zambrów,3,1,0.36,0.0
2026-08-11,mala szklarnia z poliweglanu,tunel z poliwęglanu 2x6,1,0,0.0,0.0
2026-08-11,mala szklarnia z poliweglanu,wesoły rolnik pl,1,0,0.0,0.0
2026-08-11,mala szklarnia z poliweglanu,z poliwęglanu,1,0,0.0,0.0
2026-08-12,wymiary | poliwęglan 3х6,namiot z poliwęglanu 3x6,2,0,0.0,0.0
2026-08-12,wymiary | poliwęglan 3х6,szklarnia poliwęglan 3x6,2,0,0.0,0.0
2026-08-12,wymiary | poliwęglan 3х6,szklarnia poliwęglan 3x6 6mm,1,0,0.0,0.0
2026-08-12,wymiary | poliwęglan 3х6,szklarnia z poliwęglanu 3x6,2,1,0.26,0.0
2026-08-12,wymiary | poliwęglan 3х6,szklarnia z poliwęglanu 3x6 6 mm,5,0,0.0,0.0
2026-08-12,wymiary | poliwęglan 3х6,szklarnia z poliwęglanu 3x6 6mm,2,0,0.0,0.0
2026-08-12,wymiary | poliwęglan 3х6,szklarnia z poliwęglanu 3x6 producent,2,0,0.0,0.0
2026-08-12,wymiary | poliwęglan 3х6,szklarnia z poliwęglanu 3x6 z fundamentem,1,0,0.0,0.0
2026-08-12,wymiary | poliwęglan 3х6,szklarnie z poliwęglanu 3x6,2,0,0.0,0.0
2026-08-12,wymiary | poliwęglan 3х6,tunel z poliwęglanu 3x6,1,0,0.0,0.0
2026-08-12,wymiary | poliwęglan 3х6,tunel z poliwęglanu 3x6m,2,0,0.0,0.0
2026-08-12,wymiary | poliwęglan 3х4,namiot na pomidory,2,0,0.0,0.0
2026-08-12,wymiary | poliwęglan 3х4,namiot na pomidory 3x4,2,1,0.18,0.0
2026-08-12,wymiary | poliwęglan 3х4,namiot na warzywa,1,0,0.0,0.0
2026-08-12,wymiary | poliwęglan 3х4,namiot szklarniowy,2,0,0.0,0.0
2026-08-12,wymiary | poliwęglan 3х4,namiot z poliwęglanu,1,0,0.0,0.0
2026-08-12,wymiary | poliwęglan 3х4,namiot z poliwęglanu 3x4,1,0,0.0,0.0
2026-08-12,wymiary | poliwęglan 3х4,polski producent szklarni z poliwęglanu,1,1,0.3,0.0
2026-08-12,wymiary | poliwęglan 3х4,producent szklarni ogrodowych,1,0,0.0,0.0
2026-08-12,wymiary | poliwęglan 3х4,przydomowa szklarnia,1,0,0.0,0.0
2026-08-12,wymiary | poliwęglan 3х4,szklarnia 2 5x4,1,0,0.0,0.0
2026-08-12,wymiary | poliwęglan 3х4,szklarnia 2.5 x3,1,0,0.0,0.0
2026-08-12,wymiary | poliwęglan 3х4,szklarnia 6x3 poliwęglan,1,0,0.0,0.0
2026-08-12,wymiary | poliwęglan 3х4,szklarnia mocna,2,0,0.0,0.0
2026-08-12,wymiary | poliwęglan 3х4,szklarnia na pomidory,1,0,0.0,0.0
2026-08-12,wymiary | poliwęglan 3х4,szklarnia ogrodowa,2,0,0.0,0.0
2026-08-12,wymiary | poliwęglan 3х4,szklarnia ogrodowa 6x3,1,1,0.29,0.0
2026-08-12,wymiary | poliwęglan 3х4,szklarnia przydomowa,2,0,0.0,0.0
2026-08-12,wymiary | poliwęglan 3х4,szklarnia z poliwęglanu 3x4,6,1,0.83,1.0
2026-08-12,wymiary | poliwęglan 3х4,szklarnia z poliwęglanu 3x4 cena,1,0,0.0,0.0
2026-08-12,wymiary | poliwęglan 3х4,szklarnia z poliwęglanu 3x4 producent,13,1,0.05,0.0
2026-08-12,wymiary | poliwęglan 3х4,szklarnia z poliwęglanu 3x8,1,1,0.14,0.0
2026-08-12,wymiary | poliwęglan 3х4,szklarnia z poliwęglanu 3x8 6mm,1,0,0.0,0.0
2026-08-12,wymiary | poliwęglan 3х4,szklarnie,1,0,0.0,0.0
2026-08-12,wymiary | poliwęglan 3х4,szklarnie ogrodowe,3,0,0.0,0.0
2026-08-12,wymiary | poliwęglan 3х4,szklarnie online,2,0,0.0,0.0
2026-08-12,wymiary | poliwęglan 3х4,szklarnie z poliwęglanu,21,3,1.53,0.0
2026-08-12,wymiary | poliwęglan 3х4,szklarnie z poliwęglanu 3x4,6,0,0.0,0.0
2026-08-12,wymiary | poliwęglan 3х4,tunel 3x6,1,0,0.0,0.0
2026-08-12,wymiary | poliwęglan 3х4,tunel 4x8,1,0,0.0,0.0
2026-08-12,wymiary | poliwęglan 3х4,tunel całoroczny,1,0,0.0,0.0
2026-08-12,wymiary | poliwęglan 3х4,tunel ogrodowy,8,0,0.0,0.0
2026-08-12,wymiary | poliwęglan 3х4,tunel ogrodowy 3x4,1,0,0.0,0.0
2026-08-12,wymiary | poliwęglan 3х4,tunel ogrodowy z poliwęglanu,3,1,0.08,0.0
2026-08-12,wymiary | poliwęglan 3х4,tunel poliwęglan 3x4,2,1,0.31,0.0
2026-08-12,wymiary | poliwęglan 3х4,tunel poliwęglanowy,1,0,0.0,0.0
2026-08-12,wymiary | poliwęglan 3х4,tunel warzywny,1,0,0.0,0.0
2026-08-12,wymiary | poliwęglan 3х4,tunel z poliweglanu 3x4,2,0,0.0,0.0
2026-08-12,wymiary | poliwęglan 3х4,tunel z poliwęglanu,6,0,0.0,0.0
2026-08-12,wymiary | poliwęglan 3х4,tunel z poliwęglanu 3 x 4,1,0,0.0,0.0
2026-08-12,wymiary | poliwęglan 3х4,tunel z poliwęglanu 3x4,8,2,0.24,0.0
2026-08-12,wymiary | poliwęglan 3х4,tunele z poliweglanu,1,0,0.0,0.0
2026-08-12,wymiary | poliwęglan 3х4,агросфера,1,0,0.0,0.0
2026-08-12,namioty z poliwęglanu,namiot ogrodowy 3x6 z poliwęglanu,1,0,0.0,0.0
2026-08-12,namioty z poliwęglanu,namiot z poliwęglanu,1,0,0.0,0.0
2026-08-12,namioty z poliwęglanu,namioty z poliwęglanu,2,0,0.0,0.0
2026-08-12,szklarnie z poliwęglanu [exact],mocna szklarnia z poliwęglanu,1,0,0.0,0.0
2026-08-12,szklarnie z poliwęglanu [exact],szklarnia tunel z poliwęglanu,1,0,0.0,0.0
2026-08-12,szklarnie z poliwęglanu [exact],szklarnia z poliwęglanu,33,2,0.61,0.0
2026-08-12,szklarnie z poliwęglanu [phrase],cieplarnia z poliwęglanu,1,0,0.0,0.0
2026-08-12,szklarnie z poliwęglanu [phrase],kupię szklarnie z poliwęglanu,2,0,0.0,0.0
2026-08-12,szklarnie z poliwęglanu [phrase],poli szklarnia,1,0,0.0,0.0
2026-08-12,szklarnie z poliwęglanu [phrase],polskie szklarnie z poliwęglanu,6,0,0.0,0.0
2026-08-12,szklarnie z poliwęglanu [phrase],profimet szklarnie,2,1,1.24,0.0
2026-08-12,szklarnie z poliwęglanu [phrase],szklarnia poliweglan,1,0,0.0,0.0
2026-08-12,szklarnie z poliwęglanu [phrase],szklarnia poliwęglan,5,0,0.0,0.0
2026-08-12,szklarnie z poliwęglanu [phrase],szklarnia poliwęglan 4x6,1,0,0.0,0.0
2026-08-12,szklarnie z poliwęglanu [phrase],szklarnia z poliweglanu,1,0,0.0,0.0
2026-08-12,szklarnie z poliwęglanu [phrase],szklarnia z poliwęglanu 2.5 x4,1,0,0.0,0.0
2026-08-12,szklarnie z poliwęglanu [phrase],szklarnia z poliwęglanu 2.5 x5,1,0,0.0,0.0
2026-08-12,szklarnie z poliwęglanu [phrase],szklarnia z poliwęglanu 3x10,2,0,0.0,0.0
2026-08-12,szklarnie z poliwęglanu [phrase],szklarnia z poliwęglanu 4x10,1,0,0.0,0.0
2026-08-12,szklarnie z poliwęglanu [phrase],szklarnia z poliwęglanu producent,1,0,0.0,0.0
2026-08-12,szklarnie z poliwęglanu [phrase],szklarnia z poliwęglanu rzeszów,2,0,0.0,0.0
2026-08-12,szklarnie z poliwęglanu [phrase],szklarnie poliwęglanowe,1,0,0.0,0.0
2026-08-12,szklarnie z poliwęglanu [phrase],tunel ogrodniczy z poliwęglanu,1,0,0.0,0.0
2026-08-12,szklarnie z poliwęglanu [phrase],tunel z poliwęglanu 4x6,1,0,0.0,0.0
2026-08-12,szklarnie z poliwęglanu producent,polskie szklarnie z poliwęglanu,2,0,0.0,0.0
2026-08-12,tunele z poliwęglanu,tunel ogrodniczy z poliwęglanu,1,0,0.0,0.0
2026-08-12,tunele z poliwęglanu,tunel ogrodowy z poliwęglanu 4x6,1,0,0.0,0.0
2026-08-12,tunele z poliwęglanu,tunel z poliwęglanu,6,0,0.0,0.0
2026-08-12,tunele z poliwęglanu,tunel z poliwęglanu 2.5 x4,2,0,0.0,0.0
2026-08-12,tunele z poliwęglanu,tunele z poliwęglanu,12,0,0.0,0.0
2026-08-12,wymiary | poliwęglan 4х6,szklarnie z poliwęglanu 4x6,1,2,0.32,0.0
2026-08-12,wymiary | poliwęglan 4х8,szklarnia z poliwęglanu 4x8,1,0,0.0,0.0
2026-08-12,wymiary | poliwęglan 2х4,szklarnia 2x4,2,0,0.0,0.0
2026-08-12,wymiary | poliwęglan 2х4,szklarnia ogrodowa,1,0,0.0,0.0
2026-08-12,wymiary | poliwęglan 2х4,szklarnia poliwęglan 2x4,2,0,0.0,0.0
2026-08-12,wymiary | poliwęglan 2х4,szklarnia z poliwęglanu 2x4,6,0,0.0,0.0
2026-08-12,wymiary | poliwęglan 2х4,szklarnia z poliwęglanu 2x4 6mm,1,0,0.0,0.0
2026-08-12,wymiary | poliwęglan 2х4,szklarnie z poliwęglanu,1,0,0.0,0.0
2026-08-12,wymiary | poliwęglan 2х4,w szklarnia pl,1,0,0.0,0.0
2026-08-12,mala szklarnia z poliweglanu,mala szklarnia,1,0,0.0,0.0
2026-08-12,mala szklarnia z poliweglanu,polskie szklarnie z poliwęglanu,1,0,0.0,0.0
2026-08-12,mala szklarnia z poliweglanu,superszklarnie pl,1,0,0.0,0.0
2026-08-12,mala szklarnia z poliweglanu,szklarnia 30m2,1,0,0.0,0.0
2026-08-12,mala szklarnia z poliweglanu,szklarnia 3x2x2,1,0,0.0,0.0
2026-08-12,mala szklarnia z poliweglanu,szklarnia 4 x 8,1,0,0.0,0.0
2026-08-12,mala szklarnia z poliweglanu,szklarnia duza,1,0,0.0,0.0
2026-08-12,mala szklarnia z poliweglanu,szklarnia ogrodowa na wymiar,1,0,0.0,0.0
2026-08-12,mala szklarnia z poliweglanu,szklarnia rolnik,1,0,0.0,0.0
2026-08-12,mala szklarnia z poliweglanu,szklarnia z poliwęglanu 2x2,2,1,0.3,0.0
2026-08-12,mala szklarnia z poliweglanu,szklarnia z poliwęglanu 3x2,2,0,0.0,0.0
2026-08-12,mala szklarnia z poliweglanu,szklarnia z poliwęglanu producent,1,0,0.0,0.0
2026-08-12,mala szklarnia z poliweglanu,szklarnie,4,1,0.63,0.0
2026-08-12,mala szklarnia z poliweglanu,szklarnie przydomowe,1,1,0.18,0.0
2026-08-12,mala szklarnia z poliweglanu,szklarnie s2020,1,0,0.0,0.0
2026-08-13,wymiary | poliwęglan 3х6,namiot poliweglan 3x6,1,0,0.0,0.0
2026-08-13,wymiary | poliwęglan 3х6,namiot z poliwęglanu 3x6,3,0,0.0,0.0
2026-08-13,wymiary | poliwęglan 3х6,szklarnia 3x6,3,0,0.0,0.0
2026-08-13,wymiary | poliwęglan 3х6,szklarnia 3x6 poliwęglan 6mm,2,0,0.0,0.0
2026-08-13,wymiary | poliwęglan 3х6,szklarnia ogrodowa 3x6,2,0,0.0,0.0
2026-08-13,wymiary | poliwęglan 3х6,szklarnia poliwęglan 3x6,7,0,0.0,0.0
2026-08-13,wymiary | poliwęglan 3х6,szklarnia z poliwęglanu 3x6,11,0,0.0,0.0
2026-08-13,wymiary | poliwęglan 3х6,szklarnia z poliwęglanu 3x6 producent,6,4,2.03,0.0
2026-08-13,wymiary | poliwęglan 3х6,szklarnia z poliwęglanu 3x6 producent 6mm,3,1,0.69,0.0
2026-08-13,wymiary | poliwęglan 3х6,szklarnia z poliwęglanu 3x6 promocja,4,1,0.44,0.0
2026-08-13,wymiary | poliwęglan 3х6,szklarnie z poliwęglanu 3x6,3,1,0.21,0.0
2026-08-13,wymiary | poliwęglan 3х6,tunel 3x6 z poliwęglanu,1,0,0.0,0.0
2026-08-13,wymiary | poliwęglan 3х6,tunel ogrodowy z poliwęglanu 3x6,4,0,0.0,0.0
2026-08-13,wymiary | poliwęglan 3х6,tunel poliwęglan 3x6,2,2,0.5,0.0
2026-08-13,wymiary | poliwęglan 3х6,tunel z poliweglanu 3x6,1,0,0.0,0.0
2026-08-13,wymiary | poliwęglan 3х6,tunel z poliwęglanu 3x6,5,0,0.0,0.0
2026-08-13,wymiary | poliwęglan 3х6,tunel z poliwęglanu 3x6m,4,0,0.0,0.0
2026-08-13,wymiary | poliwęglan 3х4,cieplarnia z poliwęglanu,1,0,0.0,0.0
2026-08-13,wymiary | poliwęglan 3х4,foliok,1,1,0.01,0.0
2026-08-13,wymiary | poliwęglan 3х4,kupię szklarnie z poliwęglanu,2,0,0.0,0.0
2026-08-13,wymiary | poliwęglan 3х4,małe tunele z poliwęglanu,1,1,0.06,0.0
2026-08-13,wymiary | poliwęglan 3х4,najtańsza szklarnia z poliwęglanu,1,0,0.0,0.0
2026-08-13,wymiary | poliwęglan 3х4,namiot do warzyw,2,0,0.0,0.0
2026-08-13,wymiary | poliwęglan 3х4,namiot ogrodowy pod warzywa,2,0,0.0,0.0
2026-08-13,wymiary | poliwęglan 3х4,namiot poliweglan,1,0,0.0,0.0
2026-08-13,wymiary | poliwęglan 3х4,namiot tunel ogrodowy,1,0,0.0,0.0
2026-08-13,wymiary | poliwęglan 3х4,namiot z poliwęglanu,2,0,0.0,0.0
2026-08-13,wymiary | poliwęglan 3х4,poli szklarnia,1,0,0.0,0.0
2026-08-13,wymiary | poliwęglan 3х4,poligreen szklarnie,1,0,0.0,0.0
2026-08-13,wymiary | poliwęglan 3х4,poligreen zhuk sp k,1,0,0.0,0.0
2026-08-13,wymiary | poliwęglan 3х4,przydomowa szklarnia,1,0,0.0,0.0
2026-08-13,wymiary | poliwęglan 3х4,sklep ogrodniczy kwidzyn mareza,2,0,0.0,0.0
2026-08-13,wymiary | poliwęglan 3х4,szklarnia 3x4,5,0,0.0,0.0
2026-08-13,wymiary | poliwęglan 3х4,szklarnia 4x6,1,0,0.0,0.0
2026-08-13,wymiary | poliwęglan 3х4,szklarnia mała ogrodowa,1,0,0.0,0.0
2026-08-13,wymiary | poliwęglan 3х4,szklarnia na pomidory,1,0,0.0,0.0
2026-08-13,wymiary | poliwęglan 3х4,szklarnia ogrodowa,6,0,0.0,0.0
2026-08-13,wymiary | poliwęglan 3х4,szklarnia ogrodowa 3x4 z poliwęglanu solid mocna,6,0,0.0,0.0
2026-08-13,wymiary | poliwęglan 3х4,szklarnia ogrodowa wyprzedaż,1,0,0.0,0.0
2026-08-13,wymiary | poliwęglan 3х4,szklarnia ogrodowa z fundamentem,1,0,0.0,0.0
2026-08-13,wymiary | poliwęglan 3х4,szklarnia ogrodowa z poliwęglanu,2,0,0.0,0.0
2026-08-13,wymiary | poliwęglan 3х4,szklarnia poliwęglan,4,0,0.0,0.0
2026-08-13,wymiary | poliwęglan 3х4,szklarnia poliwęglan 3x4,3,0,0.0,0.0
2026-08-13,wymiary | poliwęglan 3х4,szklarnia przydomowa,2,0,0.0,0.0
2026-08-13,wymiary | poliwęglan 3х4,szklarnia przydomowa z poliwęglanu,1,0,0.0,0.0
2026-08-13,wymiary | poliwęglan 3х4,szklarnia tunel ogrodowa z poliwęglanu,3,0,0.0,0.0
2026-08-13,wymiary | poliwęglan 3х4,szklarnia z poliwęglanu 3x4,15,1,0.21,0.0
2026-08-13,wymiary | poliwęglan 3х4,szklarnia z poliwęglanu 3x4 cena,1,0,0.0,0.0
2026-08-13,wymiary | poliwęglan 3х4,szklarnia z poliwęglanu 3x4 mocna,3,0,0.0,0.0
2026-08-13,wymiary | poliwęglan 3х4,szklarnia z poliwęglanu 3x4 producent,5,0,0.0,0.0
2026-08-13,wymiary | poliwęglan 3х4,szklarnia z poliwęglanu 4x6,1,0,0.0,0.0
2026-08-13,wymiary | poliwęglan 3х4,szklarnia z poliwęglanu 6mm,1,0,0.0,0.0
2026-08-13,wymiary | poliwęglan 3х4,szklarnia z poliwęglanu białystok,1,0,0.0,0.0
2026-08-13,wymiary | poliwęglan 3х4,szklarnia z poliwęglanu mocna,1,0,0.0,0.0
2026-08-13,wymiary | poliwęglan 3х4,szklarnie,2,0,0.0,0.0
2026-08-13,wymiary | poliwęglan 3х4,szklarnie ogrodowe,6,0,0.0,0.0
2026-08-13,wymiary | poliwęglan 3х4,szklarnie poliwęglanowe,1,0,0.0,0.0
2026-08-13,wymiary | poliwęglan 3х4,szklarnie wieluń,1,0,0.0,0.0
2026-08-13,wymiary | poliwęglan 3х4,szklarnie z poliwęglanu,34,4,2.22,0.0
2026-08-13,wymiary | poliwęglan 3х4,szklarnie z poliwęglanu 3 x 4,4,1,0.3,0.0
2026-08-13,wymiary | poliwęglan 3х4,szklarnie z poliwęglanu 3x4,1,0,0.0,0.0
2026-08-13,wymiary | poliwęglan 3х4,tanie szklarnie z poliwęglanu,1,0,0.0,0.0
2026-08-13,wymiary | poliwęglan 3х4,tunel 3x6,2,0,0.0,0.0
2026-08-13,wymiary | poliwęglan 3х4,tunel 3x8,2,0,0.0,0.0
2026-08-13,wymiary | poliwęglan 3х4,tunel 5x3,1,0,0.0,0.0
2026-08-13,wymiary | poliwęglan 3х4,tunel 6x3,1,0,0.0,0.0
2026-08-13,wymiary | poliwęglan 3х4,tunel na pomidory,2,0,0.0,0.0
2026-08-13,wymiary | poliwęglan 3х4,tunel na pomidory z poliwęglanu,3,0,0.0,0.0
2026-08-13,wymiary | poliwęglan 3х4,tunel ogrodowy,13,0,0.0,0.0
2026-08-13,wymiary | poliwęglan 3х4,tunel ogrodowy 3x4,9,2,0.44,0.0
2026-08-13,wymiary | poliwęglan 3х4,tunel ogrodowy 3x6,3,0,0.0,0.0
2026-08-13,wymiary | poliwęglan 3х4,tunel ogrodowy 3x6 z drzwiami,2,0,0.0,0.0
2026-08-13,wymiary | poliwęglan 3х4,tunel ogrodowy 4x6,3,0,0.0,0.0
2026-08-13,wymiary | poliwęglan 3х4,tunel ogrodowy mocny,2,0,0.0,0.0
2026-08-13,wymiary | poliwęglan 3х4,tunel ogrodowy poliwęglan,1,0,0.0,0.0
2026-08-13,wymiary | poliwęglan 3х4,tunel ogrodowy z poliwęglanu,4,0,0.0,0.0
2026-08-13,wymiary | poliwęglan 3х4,tunel ogrodowy z poliwęglanu 3x4,1,0,0.0,0.0
2026-08-13,wymiary | poliwęglan 3х4,tunel poliweglan,1,0,0.0,0.0
2026-08-13,wymiary | poliwęglan 3х4,tunel poliwęglan,2,0,0.0,0.0
2026-08-13,wymiary | poliwęglan 3х4,tunel poliwęglan 3x4,2,0,0.0,0.0
2026-08-13,wymiary | poliwęglan 3х4,tunel poliwęglanowy,1,0,0.0,0.0
2026-08-13,wymiary | poliwęglan 3х4,tunel z poliwęglanu,8,0,0.0,0.0
2026-08-13,wymiary | poliwęglan 3х4,tunel z poliwęglanu 3x4,2,0,0.0,0.0
2026-08-13,wymiary | poliwęglan 3х4,tunel z poliwęglanu 3x8,2,0,0.0,0.0
2026-08-13,wymiary | poliwęglan 3х4,tunele ogrodowe,2,0,0.0,0.0
2026-08-13,wymiary | poliwęglan 3х4,tunele z poliwęglanu 3 x 4,2,0,0.0,0.0
2026-08-13,wymiary | poliwęglan 3х4,twój ogrodnik,1,0,0.0,0.0
2026-08-13,wymiary | poliwęglan 3х4,z poliwęglanu szklarnia,2,1,0.72,0.0
2026-08-13,namioty z poliwęglanu,namiot ogrodowy z poliwęglanu,1,0,0.0,0.0
2026-08-13,namioty z poliwęglanu,namioty z poliwęglanu,1,0,0.0,0.0
2026-08-13,szklarnie z poliwęglanu [exact],szklarnia z poliwęglanu,74,8,2.99,0.0
2026-08-13,szklarnie z poliwęglanu [exact],szklarnia z poliwęglanu mocna,1,0,0.0,0.0
2026-08-13,szklarnie z poliwęglanu [phrase],cieplarnia z poliwęglanu,1,0,0.0,0.0
2026-08-13,szklarnie z poliwęglanu [phrase],kupię szklarnie z poliwęglanu,1,0,0.0,0.0
2026-08-13,szklarnie z poliwęglanu [phrase],oteko szklarnia,1,1,0.46,0.0
2026-08-13,szklarnie z poliwęglanu [phrase],poli szklarnia,2,0,0.0,0.0
2026-08-13,szklarnie z poliwęglanu [phrase],poliszklarnie,1,0,0.0,0.0
2026-08-13,szklarnie z poliwęglanu [phrase],poliwęglan szklarnie,1,0,0.0,0.0
2026-08-13,szklarnie z poliwęglanu [phrase],polscy producenci szklarni z poliwęglanu,1,1,0.51,0.0
2026-08-13,szklarnie z poliwęglanu [phrase],profimet,2,0,0.0,0.0
2026-08-13,szklarnie z poliwęglanu [phrase],profimet szklarnie,5,3,1.84,0.0
2026-08-13,szklarnie z poliwęglanu [phrase],szklarnia ogrodowa z poliwęglanu,1,0,0.0,0.0
2026-08-13,szklarnie z poliwęglanu [phrase],szklarnia poliweglowa,1,0,0.0,0.0
2026-08-13,szklarnie z poliwęglanu [phrase],szklarnia poliwęglan,3,0,0.0,0.0
2026-08-13,szklarnie z poliwęglanu [phrase],szklarnia poliwęglanowa,1,0,0.0,0.0
2026-08-13,szklarnie z poliwęglanu [phrase],szklarnia profimet,2,1,0.33,0.0
2026-08-13,szklarnie z poliwęglanu [phrase],szklarnia przydomowa z poliwęglanu,2,0,0.0,0.0
2026-08-13,szklarnie z poliwęglanu [phrase],szklarnia tunel ogrodowa z poliwęglanu,2,0,0.0,0.0
2026-08-13,szklarnie z poliwęglanu [phrase],szklarnia z poliweglanu,2,1,1.26,0.0
2026-08-13,szklarnie z poliwęglanu [phrase],szklarnia z poliwęglanu 3x8 producent,1,0,0.0,0.0
2026-08-13,szklarnie z poliwęglanu [phrase],szklarnia z poliwęglanu 4x10,1,0,0.0,0.0
2026-08-13,szklarnie z poliwęglanu [phrase],szklarnia z poliwęglanu 4x4,2,0,0.0,0.0
2026-08-13,szklarnie z poliwęglanu [phrase],szklarnia z poliwęglanu 4x6 producent,1,0,0.0,0.0
2026-08-13,szklarnie z poliwęglanu [phrase],szklarnia z poliwęglanu białystok,1,0,0.0,0.0
2026-08-13,szklarnie z poliwęglanu [phrase],szklarnie ogrodowe z poliwęglanu,1,1,0.51,0.0
2026-08-13,szklarnie z poliwęglanu [phrase],szklarnie z poliweglanu,1,0,0.0,0.0
2026-08-13,szklarnie z poliwęglanu [phrase],szklarnie z poliwęglanu na wymiar,2,0,0.0,0.0
2026-08-13,szklarnie z poliwęglanu [phrase],szklarnie z poliwęglanu wyprzedaż,1,1,0.25,0.0
2026-08-13,szklarnie z poliwęglanu [phrase],tanie szklarnie z poliwęglanu,1,0,0.0,0.0
2026-08-13,tunele z poliwęglanu,cieplarnia z poliwęglanu,1,1,0.69,0.0
2026-08-13,tunele z poliwęglanu,namiot z poliwęglanu,1,1,0.18,0.0
2026-08-13,tunele z poliwęglanu,tunel na pomidory z poliwęglanu,1,0,0.0,0.0
2026-08-13,tunele z poliwęglanu,tunel ogrodowy poliwęglan,2,0,0.0,0.0
2026-08-13,tunele z poliwęglanu,tunel ogrodowy z poliweglanu,1,0,0.0,0.0
2026-08-13,tunele z poliwęglanu,tunel ogrodowy z poliwęglanu,2,0,0.0,0.0
2026-08-13,tunele z poliwęglanu,tunel poliweglan,1,0,0.0,0.0
2026-08-13,tunele z poliwęglanu,tunel poliweglanowy,2,0,0.0,0.0
2026-08-13,tunele z poliwęglanu,tunel poliwęglan 4x8,1,0,0.0,0.0
2026-08-13,tunele z poliwęglanu,tunel poliwęglanowy,1,0,0.0,0.0
2026-08-13,tunele z poliwęglanu,tunel z poliwęglanu,3,0,0.0,0.0
2026-08-13,tunele z poliwęglanu,tunele poliwęglanowe,1,0,0.0,0.0
2026-08-13,tunele z poliwęglanu,tunele z poliwęglanu,18,3,1.98,0.0
2026-08-13,wymiary | poliwęglan 4х6,szklarnie z poliwęglanu 4x6,1,0,0.0,0.0
2026-08-13,wymiary | poliwęglan 4х8,szklarnia z poliwęglanu 4x8,1,0,0.0,0.0
2026-08-13,wymiary | poliwęglan 4х8,tunel poliwęglan 4x8,1,0,0.0,0.0
2026-08-13,wymiary | poliwęglan 4х8,tunel z poliwęglanu 4x8,1,0,0.0,0.0
2026-08-13,wymiary | poliwęglan 2х4,namiot szklarnia,1,1,0.28,0.0
2026-08-13,wymiary | poliwęglan 2х4,szklarnia,1,0,0.0,0.0
2026-08-13,wymiary | poliwęglan 2х4,szklarnia 2.5 x4,1,0,0.0,0.0
2026-08-13,wymiary | poliwęglan 2х4,szklarnia 3x2,1,0,0.0,0.0
2026-08-13,wymiary | poliwęglan 2х4,szklarnia ogrodowa 2x4,1,0,0.0,0.0
2026-08-13,wymiary | poliwęglan 2х4,szklarnia z poliwęglanu 2x4,6,0,0.0,0.0
2026-08-13,wymiary | poliwęglan 2х4,szklarnie,1,0,0.0,0.0
2026-08-13,wymiary | poliwęglan 2х4,tunel na pomidory z poliwęglanu,1,0,0.0,0.0
2026-08-13,wymiary | poliwęglan 2х4,tunel ogrodowy z poliwęglanu 2x4,2,0,0.0,0.0
2026-08-13,wymiary | poliwęglan 2х4,tunel z poliwęglanu,1,0,0.0,0.0
2026-08-13,wymiary | poliwęglan 2х4,tunele ogrodowe,1,0,0.0,0.0
2026-08-13,mala szklarnia z poliweglanu,agrosur,2,0,0.0,0.0
2026-08-13,mala szklarnia z poliweglanu,alistan,1,0,0.0,0.0
2026-08-13,mala szklarnia z poliweglanu,cieplarnia z poliwęglanu,1,0,0.0,0.0
2026-08-13,mala szklarnia z poliweglanu,etl group,2,0,0.0,0.0
2026-08-13,mala szklarnia z poliweglanu,greenhouse szklarnie,3,0,0.0,0.0
2026-08-13,mala szklarnia z poliweglanu,mam szklarnie pl,3,0,0.0,0.0
2026-08-13,mala szklarnia z poliweglanu,mała szklarnia ogrodowa na pomidory,1,0,0.0,0.0
2026-08-13,mala szklarnia z poliweglanu,mocna szklarnia pl,2,1,1.02,0.0
2026-08-13,mala szklarnia z poliweglanu,moja szklarnia,1,0,0.0,0.0
2026-08-13,mala szklarnia z poliweglanu,moja szklarnia ogrodowa,1,0,0.0,0.0
2026-08-13,mala szklarnia z poliweglanu,polskie szklarnie ogrodowe,2,1,0.58,0.0
2026-08-13,mala szklarnia z poliweglanu,profimet szklarnie,3,0,0.0,0.0
2026-08-13,mala szklarnia z poliweglanu,szklarnia,2,0,0.0,0.0
2026-08-13,mala szklarnia z poliweglanu,szklarnia 2x2,1,0,0.0,0.0
2026-08-13,mala szklarnia z poliweglanu,szklarnia 4x8,1,0,0.0,0.0
2026-08-13,mala szklarnia z poliweglanu,szklarnia mała ogrodowa,1,0,0.0,0.0
2026-08-13,mala szklarnia z poliweglanu,szklarnia ogrodowa,2,1,0.64,0.0
2026-08-13,mala szklarnia z poliweglanu,szklarnia ogrodowa 2x2,2,0,0.0,0.0
2026-08-13,mala szklarnia z poliweglanu,szklarnia ogrodowa wrocław,1,0,0.0,0.0
2026-08-13,mala szklarnia z poliweglanu,szklarnia poliwęglan 3x2,1,0,0.0,0.0
2026-08-13,mala szklarnia z poliweglanu,szklarnia profimed,1,0,0.0,0.0
2026-08-13,mala szklarnia z poliweglanu,szklarnia rolnik,1,0,0.0,0.0
2026-08-13,mala szklarnia z poliweglanu,szklarnia z poliweglanu,3,0,0.0,0.0
2026-08-13,mala szklarnia z poliweglanu,szklarnia z poliwęglanu 3x8,1,0,0.0,0.0
2026-08-13,mala szklarnia z poliweglanu,szklarnia z poliwęglanu 3x8 cena,1,0,0.0,0.0
2026-08-13,mala szklarnia z poliweglanu,szklarnie,4,0,0.0,0.0
2026-08-13,mala szklarnia z poliweglanu,szklarnie ogrodowe na wymiar,1,0,0.0,0.0
2026-08-13,mala szklarnia z poliweglanu,szklarnie ogrodowe wyprzedaż,1,0,0.0,0.0
2026-08-13,mala szklarnia z poliweglanu,szklarnie przydomowe,1,0,0.0,0.0
2026-08-14,wymiary | poliwęglan 3х6,szklarni z poliwęglanu 3x6,1,0,0.0,0.0
2026-08-14,wymiary | poliwęglan 3х6,szklarnia 3x6,5,0,0.0,0.0
2026-08-14,wymiary | poliwęglan 3х6,szklarnia poliwęglan 3x6,1,0,0.0,0.0
2026-08-14,wymiary | poliwęglan 3х6,szklarnia z poliwęglanu 3x6,3,0,0.0,0.0
2026-08-14,wymiary | poliwęglan 3х6,szklarnia z poliwęglanu 3x6 6 mm,2,0,0.0,0.0
2026-08-14,wymiary | poliwęglan 3х6,szklarnia z poliwęglanu 3x6 producent,1,0,0.0,0.0
2026-08-14,wymiary | poliwęglan 3х6,szklarnia z poliwęglanu 3x6 producent 6mm,2,0,0.0,0.0
2026-08-14,wymiary | poliwęglan 3х6,szklarnia z poliwęglanu 3x6 promocja,4,1,0.1,0.0
2026-08-14,wymiary | poliwęglan 3х6,szklarnia z poliwęglanu 3x6 wyprzedaż,3,0,0.0,0.0
2026-08-14,wymiary | poliwęglan 3х6,szklarnia z poliwęglanu 3x6 z fundamentem,2,1,0.3,0.0
2026-08-14,wymiary | poliwęglan 3х6,szklarnia z poliwęglanu 6mm 3x6,1,0,0.0,0.0
2026-08-14,wymiary | poliwęglan 3х6,szklarnie z poliwęglanu 3x6,1,0,0.0,0.0
2026-08-14,wymiary | poliwęglan 3х6,tunel z poliwęglanu 3x6m,2,0,0.0,0.0
2026-08-14,wymiary | poliwęglan 3х6,tunele z poliwęglanu 3x6,2,0,0.0,0.0
2026-08-14,wymiary | poliwęglan 3х4,cieplarnia poliwęglanowa,1,0,0.0,0.0
2026-08-14,wymiary | poliwęglan 3х4,mały namiot ogrodniczy,2,0,0.0,0.0
2026-08-14,wymiary | poliwęglan 3х4,mocne szklarnie z poliwęglanu,2,0,0.0,0.0
2026-08-14,wymiary | poliwęglan 3х4,namiot na warzywa,1,0,0.0,0.0
2026-08-14,wymiary | poliwęglan 3х4,namiot na warzywa 3x6,1,0,0.0,0.0
2026-08-14,wymiary | poliwęglan 3х4,namiot ogrodowy szklarnia,1,0,0.0,0.0
2026-08-14,wymiary | poliwęglan 3х4,namiot poliweglan,3,0,0.0,0.0
2026-08-14,wymiary | poliwęglan 3х4,namiot poliweglan 3x4,2,0,0.0,0.0
2026-08-14,wymiary | poliwęglan 3х4,namiot szklarniowy,2,0,0.0,0.0
2026-08-14,wymiary | poliwęglan 3х4,namiot warzywny z poliwęglanu,1,0,0.0,0.0
2026-08-14,wymiary | poliwęglan 3х4,namioty szklarnie ogrodowe,2,0,0.0,0.0
2026-08-14,wymiary | poliwęglan 3х4,poliweglan tunel,1,0,0.0,0.0
2026-08-14,wymiary | poliwęglan 3х4,producent szklarni ogrodowych,1,0,0.0,0.0
2026-08-14,wymiary | poliwęglan 3х4,szklarnia,2,0,0.0,0.0
2026-08-14,wymiary | poliwęglan 3х4,szklarnia 3x8,1,0,0.0,0.0
2026-08-14,wymiary | poliwęglan 3х4,szklarnia 4x10,2,0,0.0,0.0
2026-08-14,wymiary | poliwęglan 3х4,szklarnia 4x6,1,0,0.0,0.0
2026-08-14,wymiary | poliwęglan 3х4,szklarnia ogrodowa,3,0,0.0,0.0
2026-08-14,wymiary | poliwęglan 3х4,szklarnia poliwęglanowa,2,0,0.0,0.0
2026-08-14,wymiary | poliwęglan 3х4,szklarnia przydomowa,1,0,0.0,0.0
2026-08-14,wymiary | poliwęglan 3х4,szklarnia rolnik 4m pro,1,0,0.0,0.0
2026-08-14,wymiary | poliwęglan 3х4,szklarnia tunel z poliwęglanu,1,0,0.0,0.0
2026-08-14,wymiary | poliwęglan 3х4,szklarnia z poliwęglanu 2x6,1,0,0.0,0.0
2026-08-14,wymiary | poliwęglan 3х4,szklarnia z poliwęglanu 3x4,9,0,0.0,0.0
2026-08-14,wymiary | poliwęglan 3х4,szklarnia z poliwęglanu 3x4 6mm,4,1,0.21,0.0
2026-08-14,wymiary | poliwęglan 3х4,szklarnia z poliwęglanu 3x4 cena,1,0,0.0,0.0
2026-08-14,wymiary | poliwęglan 3х4,szklarnia z poliwęglanu 3x4 mocna,1,0,0.0,0.0
2026-08-14,wymiary | poliwęglan 3х4,szklarnia z poliwęglanu 3x4 producent,6,0,0.0,0.0
2026-08-14,wymiary | poliwęglan 3х4,szklarnie i tunele ogrodowe green house,1,0,0.0,0.0
2026-08-14,wymiary | poliwęglan 3х4,szklarnie ogrodowe,2,1,0.15,0.0
2026-08-14,wymiary | poliwęglan 3х4,szklarnie poliwęglanowe,1,0,0.0,0.0
2026-08-14,wymiary | poliwęglan 3х4,szklarnie przydomowe,1,0,0.0,0.0
2026-08-14,wymiary | poliwęglan 3х4,szklarnie z poliwęglanu,25,3,1.24,0.0
2026-08-14,wymiary | poliwęglan 3х4,szklarnie z poliwęglanu 3 x 4,1,0,0.0,0.0
2026-08-14,wymiary | poliwęglan 3х4,szklarnie z poliwęglanu 3x4,1,0,0.0,0.0
2026-08-14,wymiary | poliwęglan 3х4,tania szklarnia,1,0,0.0,0.0
2026-08-14,wymiary | poliwęglan 3х4,tanie szklarnie z poliwęglanu,1,0,0.0,0.0
2026-08-14,wymiary | poliwęglan 3х4,tunel 3x4m,2,0,0.0,0.0
2026-08-14,wymiary | poliwęglan 3х4,tunel na pomidory,1,0,0.0,0.0
2026-08-14,wymiary | poliwęglan 3х4,tunel na warzywa,1,0,0.0,0.0
2026-08-14,wymiary | poliwęglan 3х4,tunel ogrodniczy,1,1,0.16,0.0
2026-08-14,wymiary | poliwęglan 3х4,tunel ogrodowy,15,0,0.0,0.0
2026-08-14,wymiary | poliwęglan 3х4,tunel ogrodowy 3 x 4,1,0,0.0,0.0
2026-08-14,wymiary | poliwęglan 3х4,tunel ogrodowy 3x4,1,0,0.0,0.0
2026-08-14,wymiary | poliwęglan 3х4,tunel ogrodowy 3x4 z drzwiami,1,0,0.0,0.0
2026-08-14,wymiary | poliwęglan 3х4,tunel ogrodowy 3x8,3,0,0.0,0.0
2026-08-14,wymiary | poliwęglan 3х4,tunel ogrodowy duży,1,0,0.0,0.0
2026-08-14,wymiary | poliwęglan 3х4,tunel ogrodowy mocny,1,0,0.0,0.0
2026-08-14,wymiary | poliwęglan 3х4,tunel ogrodowy z poliwęglanu,1,0,0.0,0.0
2026-08-14,wymiary | poliwęglan 3х4,tunel ogrodowy z poliwęglanu 3x4,1,0,0.0,0.0
2026-08-14,wymiary | poliwęglan 3х4,tunel pod warzywa,1,0,0.0,0.0
2026-08-14,wymiary | poliwęglan 3х4,tunel poliwęglan 3x4,2,0,0.0,0.0
2026-08-14,wymiary | poliwęglan 3х4,tunel poliwęglanowy,3,0,0.0,0.0
2026-08-14,wymiary | poliwęglan 3х4,tunel szklarnia,1,0,0.0,0.0
2026-08-14,wymiary | poliwęglan 3х4,tunel szklarniowy,1,0,0.0,0.0
2026-08-14,wymiary | poliwęglan 3х4,tunel z poliweglanu 3x4,2,1,0.1,0.0
2026-08-14,wymiary | poliwęglan 3х4,tunel z poliwęglanu,18,4,0.9,0.0
2026-08-14,wymiary | poliwęglan 3х4,tunel z poliwęglanu 3x4,3,0,0.0,0.0
2026-08-14,wymiary | poliwęglan 3х4,tunel z poliwęglanu 3x4 cena,2,1,0.32,0.0
2026-08-14,wymiary | poliwęglan 3х4,tunele ogrodnicze,2,0,0.0,0.0
2026-08-14,wymiary | poliwęglan 3х4,tunele ogrodowe,3,0,0.0,0.0
2026-08-14,wymiary | poliwęglan 3х4,tunele ogrodowe cena,1,0,0.0,0.0
2026-08-14,wymiary | poliwęglan 3х4,tunele pod pomidory,1,0,0.0,0.0
2026-08-14,wymiary | poliwęglan 3х4,tunele z poliwęglanu 3 x 4,4,0,0.0,0.0
2026-08-14,namioty z poliwęglanu,namiot poliweglan,1,0,0.0,0.0
2026-08-14,namioty z poliwęglanu,namioty poliwęglanowe,1,0,0.0,0.0
2026-08-14,namioty z poliwęglanu,namioty z poliwęglanu,5,0,0.0,0.0
2026-08-14,szklarnie z poliwęglanu [exact],szklarnia z poliwęglanu,65,2,0.67,0.0
2026-08-14,szklarnie z poliwęglanu [phrase],cieplarnia poliwęglanowa,1,0,0.0,0.0
2026-08-14,szklarnie z poliwęglanu [phrase],jaką szklarnie z poliwęglanu wybrać,2,0,0.0,0.0
2026-08-14,szklarnie z poliwęglanu [phrase],mocne szklarnie z poliwęglanu,2,1,0.77,0.0
2026-08-14,szklarnie z poliwęglanu [phrase],najlepsze szklarnie z poliwęglanu,2,1,0.21,0.0
2026-08-14,szklarnie z poliwęglanu [phrase],poliwęglan szklarnie,2,0,0.0,0.0
2026-08-14,szklarnie z poliwęglanu [phrase],poliwęglan szklarniowy,1,0,0.0,0.0
2026-08-14,szklarnie z poliwęglanu [phrase],producenci szklarni z poliwęglanu,2,1,0.38,0.0
2026-08-14,szklarnie z poliwęglanu [phrase],profimet opinię,3,0,0.0,0.0
2026-08-14,szklarnie z poliwęglanu [phrase],profimet producent szklarni ogrodowych z poliwęglanu,2,0,0.0,0.0
2026-08-14,szklarnie z poliwęglanu [phrase],szklarnia 4x6 poliwęglan,1,0,0.0,0.0
2026-08-14,szklarnie z poliwęglanu [phrase],szklarnia ogrodowa z poliwęglanu,2,0,0.0,0.0
2026-08-14,szklarnie z poliwęglanu [phrase],szklarnia ogrodowa z poliwęglanu 6mm,2,0,0.0,0.0
2026-08-14,szklarnie z poliwęglanu [phrase],szklarnia poliweglan,1,0,0.0,0.0
2026-08-14,szklarnie z poliwęglanu [phrase],szklarnia poliwęglan,1,0,0.0,0.0
2026-08-14,szklarnie z poliwęglanu [phrase],szklarnia poliwęglan 4x8,1,0,0.0,0.0
2026-08-14,szklarnie z poliwęglanu [phrase],szklarnia poliwęglan 6x3,1,0,0.0,0.0
2026-08-14,szklarnie z poliwęglanu [phrase],szklarnia z poliwęglanu 4x2 5,3,0,0.0,0.0
2026-08-14,szklarnie z poliwęglanu [phrase],szklarnia z poliwęglanu 4x6,5,0,0.0,0.0
2026-08-14,szklarnie z poliwęglanu [phrase],szklarnia z poliwęglanu 8 mm,1,0,0.0,0.0
2026-08-14,szklarnie z poliwęglanu [phrase],szklarnie ogrodowe z poliwęglanu,3,1,0.27,0.0
2026-08-14,szklarnie z poliwęglanu [phrase],szklarnie poliwęglanowe,2,0,0.0,0.0
2026-08-14,szklarnie z poliwęglanu [phrase],szklarnie z poliweglanu,1,1,0.72,0.0
2026-08-14,szklarnie z poliwęglanu [phrase],szklarnie z poliwęglanu małopolska,3,0,0.0,0.0
2026-08-14,szklarnie z poliwęglanu [phrase],szklarnie z poliwęglanu rzeszów,2,1,0.39,0.0
2026-08-14,szklarnie z poliwęglanu [phrase],tunel z poliwęglanu,1,0,0.0,0.0
2026-08-14,szklarnie z poliwęglanu [phrase],tunel z poliwęglanu profimet,1,1,1.57,0.0
2026-08-14,tunele z poliwęglanu,cieplarki z poliwęglanu,2,1,0.7,0.0
2026-08-14,tunele z poliwęglanu,cieplarnia poliwęglanowa,2,0,0.0,0.0
2026-08-14,tunele z poliwęglanu,namiot warzywny z poliwęglanu,1,0,0.0,0.0
2026-08-14,tunele z poliwęglanu,poliweglan tunel,1,0,0.0,0.0
2026-08-14,tunele z poliwęglanu,producent tuneli ogrodowych z poliwęglanu,2,0,0.0,0.0
2026-08-14,tunele z poliwęglanu,tunel na pomidory z poliwęglanu,2,0,0.0,0.0
2026-08-14,tunele z poliwęglanu,tunel ogrodowy z poliwęglanu 4x6,2,2,0.32,2.0
2026-08-14,tunele z poliwęglanu,tunel poliwęglan,3,0,0.0,0.0
2026-08-14,tunele z poliwęglanu,tunel poliwęglan 3x8,2,0,0.0,0.0
2026-08-14,tunele z poliwęglanu,tunel poliwęglanowy,3,1,0.91,0.0
2026-08-14,tunele z poliwęglanu,tunel z poliweglanu 4x6,2,1,0.5,0.0
2026-08-14,tunele z poliwęglanu,tunel z poliwęglanu,7,0,0.0,0.0
2026-08-14,tunele z poliwęglanu,tunel z poliwęglanu 2 5x4,1,0,0.0,0.0
2026-08-14,tunele z poliwęglanu,tunel z poliwęglanu 3x8,1,0,0.0,0.0
2026-08-14,tunele z poliwęglanu,tunel z poliwęglanu 4x10,3,1,0.47,0.0
2026-08-14,tunele z poliwęglanu,tunel z poliwęglanu 4x12,1,0,0.0,0.0
2026-08-14,tunele z poliwęglanu,tunel z poliwęglanu profimet,1,0,0.0,0.0
2026-08-14,tunele z poliwęglanu,tunele ogrodowe z poliwęglanu,4,1,0.23,0.0
2026-08-14,tunele z poliwęglanu,tunele z poliwęglanu,10,1,1.17,0.0
2026-08-14,wymiary | poliwęglan 4х8,szklarnia poliwęglan 4x8,2,1,2.79,0.0
2026-08-14,wymiary | poliwęglan 4х8,szklarnia z poliwęglanu 4x8,5,0,0.0,0.0
2026-08-14,wymiary | poliwęglan 4х8,tunel z poliwęglanu 4x8,3,0,0.0,0.0
2026-08-14,wymiary | poliwęglan 2х4,kupię szklarnie,2,0,0.0,0.0
2026-08-14,wymiary | poliwęglan 2х4,mocnaszklarnia pl,1,0,0.0,0.0
2026-08-14,wymiary | poliwęglan 2х4,szklarnia,2,0,0.0,0.0
2026-08-14,wymiary | poliwęglan 2х4,szklarnia 4 x 2,2,0,0.0,0.0
2026-08-14,wymiary | poliwęglan 2х4,szklarnia z poliwęglanu 2x4,5,1,0.72,0.0
2026-08-14,wymiary | poliwęglan 2х4,szklarnie,1,0,0.0,0.0
2026-08-14,wymiary | poliwęglan 2х4,szklarnie ogrodowe,1,0,0.0,0.0
2026-08-14,wymiary | poliwęglan 2х4,szklarnie z poliwęglanu 2x4,1,2,0.5,0.0
2026-08-14,wymiary | poliwęglan 2х4,tunel ogrodowy,1,0,0.0,0.0
2026-08-14,wymiary | poliwęglan 2х4,tunel ogrodowy 2x4,2,0,0.0,0.0
2026-08-14,wymiary | poliwęglan 2х4,tunel poliwęglan,1,0,0.0,0.0
2026-08-14,wymiary | poliwęglan 2х4,tunel z poliwęglanu 2x4,2,0,0.0,0.0
2026-08-14,wymiary | poliwęglan 2х4,tunel z poliwęglanu 3x4,1,0,0.0,0.0
2026-08-14,mala szklarnia z poliweglanu,green house szklarnie,1,0,0.0,0.0
2026-08-14,mala szklarnia z poliweglanu,kupię szklarnie z poliwęglanu,1,0,0.0,0.0
2026-08-14,mala szklarnia z poliweglanu,małe szklarnie ogrodowe z poliwęglanu,1,0,0.0,0.0
2026-08-14,mala szklarnia z poliweglanu,mocnaszklarnia pl,1,0,0.0,0.0
2026-08-14,mala szklarnia z poliweglanu,moja szklarnia,2,0,0.0,0.0
2026-08-14,mala szklarnia z poliweglanu,moja szklarnia ogrodowa pl,1,0,0.0,0.0
2026-08-14,mala szklarnia z poliweglanu,polski producent szklarni,1,0,0.0,0.0
2026-08-14,mala szklarnia z poliweglanu,polskie szklarnie ogrodowe,1,0,0.0,0.0
2026-08-14,mala szklarnia z poliweglanu,profimet,2,0,0.0,0.0
2026-08-14,mala szklarnia z poliweglanu,szklarnia,2,0,0.0,0.0
2026-08-14,mala szklarnia z poliweglanu,szklarnia 2x3m,1,0,0.0,0.0
2026-08-14,mala szklarnia z poliweglanu,szklarnia 4x6,1,0,0.0,0.0
2026-08-14,mala szklarnia z poliweglanu,szklarnia 7x4,1,0,0.0,0.0
2026-08-14,mala szklarnia z poliweglanu,szklarnia manieczki,1,0,0.0,0.0
2026-08-14,mala szklarnia z poliweglanu,szklarnia na dzialke,1,0,0.0,0.0
2026-08-14,mala szklarnia z poliweglanu,szklarnia na pomidory,1,0,0.0,0.0
2026-08-14,mala szklarnia z poliweglanu,szklarnia ogrodowa,1,0,0.0,0.0
2026-08-14,mala szklarnia z poliweglanu,szklarnia ogrodowa mala,1,0,0.0,0.0
2026-08-14,mala szklarnia z poliweglanu,szklarnia tunel,1,0,0.0,0.0
2026-08-14,mala szklarnia z poliweglanu,szklarnia z poliweglanu,2,0,0.0,0.0
2026-08-14,mala szklarnia z poliweglanu,szklarnia z poliwęglanu 2.5 x4,1,0,0.0,0.0
2026-08-14,mala szklarnia z poliweglanu,szklarnia z poliwęglanu 2x2,1,0,0.0,0.0
2026-08-14,mala szklarnia z poliweglanu,szklarnia z poliwęglanu 4x10,1,0,0.0,0.0
2026-08-14,mala szklarnia z poliweglanu,szklarnie,2,0,0.0,0.0
2026-08-14,mala szklarnia z poliweglanu,szklarnie domowe,1,0,0.0,0.0
2026-08-14,mala szklarnia z poliweglanu,szklarnie ogrodowe polski producent,1,0,0.0,0.0
2026-08-14,mala szklarnia z poliweglanu,szklarnie ogrodowe wyprzedaż,2,0,0.0,0.0
2026-08-14,mala szklarnia z poliweglanu,szklarnie poliwęglanowe,1,0,0.0,0.0
2026-08-14,mala szklarnia z poliweglanu,szklarnie poznań,2,0,0.0,0.0
2026-08-14,mala szklarnia z poliweglanu,tanie szklarnie z poliwęglanu,1,0,0.0,0.0
2026-08-14,mala szklarnia z poliweglanu,tunel ogrodowy wyprzedaż,1,0,0.0,0.0
2026-08-15,wymiary | poliwęglan 3х6,namiot z poliwęglanu 3x6,2,0,0.0,0.0
2026-08-15,wymiary | poliwęglan 3х6,szklarnia 3x6,2,0,0.0,0.0
2026-08-15,wymiary | poliwęglan 3х6,szklarnia ogrodowa 3x6,1,0,0.0,0.0
2026-08-15,wymiary | poliwęglan 3х6,szklarnia poliwęglan 3x6,2,0,0.0,0.0
2026-08-15,wymiary | poliwęglan 3х6,szklarnia z poliwęglanu 3 x 6,1,0,0.0,0.0
2026-08-15,wymiary | poliwęglan 3х6,szklarnia z poliwęglanu 3x6,24,0,0.0,0.0
2026-08-15,wymiary | poliwęglan 3х6,szklarnia z poliwęglanu 3x6 6 mm,1,0,0.0,0.0
2026-08-15,wymiary | poliwęglan 3х6,szklarnia z poliwęglanu 3x6 cena,1,0,0.0,0.0
2026-08-15,wymiary | poliwęglan 3х6,szklarnia z poliwęglanu 3x6 producent,14,3,1.49,0.0
2026-08-15,wymiary | poliwęglan 3х6,szklarnia z poliwęglanu 3x6 producent 6mm,3,1,0.5,0.0
2026-08-15,wymiary | poliwęglan 3х6,szklarnia z poliwęglanu 3x6 promocja,8,2,0.9,0.0
2026-08-15,wymiary | poliwęglan 3х6,szklarnia z poliwęglanu 3x6 wyprzedaż,1,1,0.39,0.0
2026-08-15,wymiary | poliwęglan 3х6,szklarnia z poliwęglanu 3x6 z fundamentem,1,0,0.0,0.0
2026-08-15,wymiary | poliwęglan 3х6,szklarnia z poliwęglanu 6mm 3x6,2,0,0.0,0.0
2026-08-15,wymiary | poliwęglan 3х6,szklarnie z poliwęglanu 3x6,1,0,0.0,0.0
2026-08-15,wymiary | poliwęglan 3х6,tunel poliwęglanowy 3x6,2,0,0.0,0.0
2026-08-15,wymiary | poliwęglan 3х6,tunel z poliwęglanu 3x6,5,0,0.0,0.0
2026-08-15,wymiary | poliwęglan 3х6,tunel z poliwęglanu 3x6m,1,0,0.0,0.0
2026-08-15,wymiary | poliwęglan 3х6,tunele z poliwęglanu 3x6,1,0,0.0,0.0
2026-08-15,wymiary | poliwęglan 3х4,cena szklarni,1,0,0.0,0.0
2026-08-15,wymiary | poliwęglan 3х4,cieplarnia ogrodowa,1,0,0.0,0.0
2026-08-15,wymiary | poliwęglan 3х4,jaki tunel z poliwęglanu,2,0,0.0,0.0
2026-08-15,wymiary | poliwęglan 3х4,małe szklarnie,1,0,0.0,0.0
2026-08-15,wymiary | poliwęglan 3х4,małe szklarnie ogrodowe,1,0,0.0,0.0
2026-08-15,wymiary | poliwęglan 3х4,mocna szklarnia,2,1,0.27,0.0
2026-08-15,wymiary | poliwęglan 3х4,najtańsze szklarnie z poliwęglanu,1,0,0.0,0.0
2026-08-15,wymiary | poliwęglan 3х4,namiot na warzywa,1,0,0.0,0.0
2026-08-15,wymiary | poliwęglan 3х4,namiot ogrodniczy,1,0,0.0,0.0
2026-08-15,wymiary | poliwęglan 3х4,namiot ogrodowy z poliwęglanu,1,0,0.0,0.0
2026-08-15,wymiary | poliwęglan 3х4,namiot poliweglan,1,0,0.0,0.0
2026-08-15,wymiary | poliwęglan 3х4,namiot szklarnia,1,0,0.0,0.0
2026-08-15,wymiary | poliwęglan 3х4,namiot warzywny z poliwęglanu,2,0,0.0,0.0
2026-08-15,wymiary | poliwęglan 3х4,namiot z poliwęglanu,2,0,0.0,0.0
2026-08-15,wymiary | poliwęglan 3х4,szklarnia,5,0,0.0,0.0
2026-08-15,wymiary | poliwęglan 3х4,szklarnia 18m2,1,0,0.0,0.0
2026-08-15,wymiary | poliwęglan 3х4,szklarnia 2 5x4,2,0,0.0,0.0
2026-08-15,wymiary | poliwęglan 3х4,szklarnia 3x4,3,0,0.0,0.0
2026-08-15,wymiary | poliwęglan 3х4,szklarnia ogrodowa,25,2,0.7,0.0
2026-08-15,wymiary | poliwęglan 3х4,szklarnia ogrodowa 3 x 4,1,0,0.0,0.0
2026-08-15,wymiary | poliwęglan 3х4,szklarnia ogrodowa 3x4 z poliwęglanu solid mocna,3,1,0.3,0.0
2026-08-15,wymiary | poliwęglan 3х4,szklarnia ogrodowa z poliwęglanu,3,0,0.0,0.0
2026-08-15,wymiary | poliwęglan 3х4,szklarnia poliwęglan,2,0,0.0,0.0
2026-08-15,wymiary | poliwęglan 3х4,szklarnia poliwęglan 3x4,3,0,0.0,0.0
2026-08-15,wymiary | poliwęglan 3х4,szklarnia rolnik 4m pro,1,0,0.0,0.0
2026-08-15,wymiary | poliwęglan 3х4,szklarnia tunelowa,1,0,0.0,0.0
2026-08-15,wymiary | poliwęglan 3х4,szklarnia z poliwęglanu 3x4,24,0,0.0,0.0
2026-08-15,wymiary | poliwęglan 3х4,szklarnia z poliwęglanu 3x4 producent,3,0,0.0,0.0
2026-08-15,wymiary | poliwęglan 3х4,szklarnia z poliwęglanu 3x4 z fundamentem,3,0,0.0,0.0
2026-08-15,wymiary | poliwęglan 3х4,szklarnie,3,0,0.0,0.0
2026-08-15,wymiary | poliwęglan 3х4,szklarnie ogrodowe,2,0,0.0,0.0
2026-08-15,wymiary | poliwęglan 3х4,szklarnie poliwęglanowe,1,0,0.0,0.0
2026-08-15,wymiary | poliwęglan 3х4,szklarnie z poliwęglanu,36,2,1.75,0.0
2026-08-15,wymiary | poliwęglan 3х4,szklarnie z poliwęglanu 3 x 4,2,0,0.0,0.0
2026-08-15,wymiary | poliwęglan 3х4,szklarnie z poliwęglanu 3x4,10,0,0.0,0.0
2026-08-15,wymiary | poliwęglan 3х4,tunel 3x4,1,0,0.0,0.0
2026-08-15,wymiary | poliwęglan 3х4,tunel na pomidory,4,1,0.3,0.0
2026-08-15,wymiary | poliwęglan 3х4,tunel na warzywa,2,0,0.0,0.0
2026-08-15,wymiary | poliwęglan 3х4,tunel ogrodowy,18,2,0.22,0.0
2026-08-15,wymiary | poliwęglan 3х4,tunel ogrodowy 3x4,2,0,0.0,0.0
2026-08-15,wymiary | poliwęglan 3х4,tunel ogrodowy 3x4 5,3,0,0.0,0.0
2026-08-15,wymiary | poliwęglan 3х4,tunel ogrodowy 3x6,3,0,0.0,0.0
2026-08-15,wymiary | poliwęglan 3х4,tunel ogrodowy z poliwęglanu,3,0,0.0,0.0
2026-08-15,wymiary | poliwęglan 3х4,tunel ogrodowy z poliwęglanu 3x4,4,0,0.0,0.0
2026-08-15,wymiary | poliwęglan 3х4,tunel poliwęglan,1,0,0.0,0.0
2026-08-15,wymiary | poliwęglan 3х4,tunel poliwęglanowy,1,0,0.0,0.0
2026-08-15,wymiary | poliwęglan 3х4,tunel szklarnia,1,0,0.0,0.0
2026-08-15,wymiary | poliwęglan 3х4,tunel szklarniowy,3,0,0.0,0.0
2026-08-15,wymiary | poliwęglan 3х4,tunel z poliwęglanu,6,0,0.0,0.0
2026-08-15,wymiary | poliwęglan 3х4,tunel z poliwęglanu 3x4,5,1,0.9,0.0
2026-08-15,wymiary | poliwęglan 3х4,tunele ogrodnicze,3,0,0.0,0.0
2026-08-15,wymiary | poliwęglan 3х4,tunele ogrodowe,7,3,0.67,0.0
2026-08-15,wymiary | poliwęglan 3х4,tunele z poliwęglanu 3 x 4,4,1,0.38,0.0
2026-08-15,wymiary | poliwęglan 3х8,szklarnie z poliwęglanu 3x8,1,1,0.22,0.0
2026-08-15,cieplarnie z poliwęglanu,cieplarnie z poliwęglanu,1,0,0.0,0.0
2026-08-15,namioty z poliwęglanu,namiot ogrodowy z poliwęglanu,2,0,0.0,0.0
2026-08-15,namioty z poliwęglanu,namiot z poliwęglanu,2,1,0.43,0.0
2026-08-15,namioty z poliwęglanu,namioty poliwęglanowe,2,0,0.0,0.0
2026-08-15,szklarnie z poliwęglanu [exact],szklarnia z poliwęglanu,61,4,1.53,0.0
2026-08-15,szklarnie z poliwęglanu [exact],szklarnie poliweglanowe,1,0,0.0,0.0
2026-08-15,szklarnie z poliwęglanu [phrase],najtańsze szklarnie z poliwęglanu,1,0,0.0,0.0
2026-08-15,szklarnie z poliwęglanu [phrase],poliwęglan szklarnia,1,0,0.0,0.0
2026-08-15,szklarnie z poliwęglanu [phrase],profimet,2,1,0.12,0.0
2026-08-15,szklarnie z poliwęglanu [phrase],profimet szklarnie,2,1,0.16,0.0
2026-08-15,szklarnie z poliwęglanu [phrase],szklarnia 3x8,1,0,0.0,0.0
2026-08-15,szklarnie z poliwęglanu [phrase],szklarnia ogrodowa poliwęglan,1,0,0.0,0.0
2026-08-15,szklarnie z poliwęglanu [phrase],szklarnia ogrodowa z poliwęglanu,2,0,0.0,0.0
2026-08-15,szklarnie z poliwęglanu [phrase],szklarnia poliweglan 6mm,1,0,0.0,0.0
2026-08-15,szklarnie z poliwęglanu [phrase],szklarnia poliweglanowa,1,0,0.0,0.0
2026-08-15,szklarnie z poliwęglanu [phrase],szklarnia poliweglanu,1,0,0.0,0.0
2026-08-15,szklarnie z poliwęglanu [phrase],szklarnia poliwęglanowa,1,0,0.0,0.0
2026-08-15,szklarnie z poliwęglanu [phrase],szklarnia przydomowa z poliwęglanu,2,1,0.31,0.0
2026-08-15,szklarnie z poliwęglanu [phrase],szklarnia z poliweglanu,1,0,0.0,0.0
2026-08-15,szklarnie z poliwęglanu [phrase],szklarnia z poliwęglanu 3x4,2,0,0.0,0.0
2026-08-15,szklarnie z poliwęglanu [phrase],szklarnia z poliwęglanu 3x6 producent,1,0,0.0,0.0
2026-08-15,szklarnie z poliwęglanu [phrase],szklarnia z poliwęglanu 3x6 profimet,2,1,0.2,0.0
2026-08-15,szklarnie z poliwęglanu [phrase],szklarnia z poliwęglanu 3x8 producent,1,0,0.0,0.0
2026-08-15,szklarnie z poliwęglanu [phrase],szklarnia z poliwęglanu 4x6,6,0,0.0,0.0
2026-08-15,szklarnie z poliwęglanu [phrase],szklarnia z poliwęglanu 4x6 producent,1,0,0.0,0.0
2026-08-15,szklarnie z poliwęglanu [phrase],szklarnia z poliwęglanu 6mm,1,0,0.0,0.0
2026-08-15,szklarnie z poliwęglanu [phrase],szklarnia z poliwęglanu producent,1,0,0.0,0.0
2026-08-15,szklarnie z poliwęglanu [phrase],szklarnia z poliwęglanu wyprzedaż,4,0,0.0,0.0
2026-08-15,szklarnie z poliwęglanu [phrase],szklarnie z poliweglanu,4,0,0.0,0.0
2026-08-15,szklarnie z poliwęglanu [phrase],szklarnie z poliwęglanu polski producent,1,0,0.0,0.0
2026-08-15,szklarnie z poliwęglanu [phrase],szklarnie z poliwęglanu z fundamentem,1,0,0.0,0.0
2026-08-15,szklarnie z poliwęglanu [phrase],tania szklarnia z poliwęglanu,1,0,0.0,0.0
2026-08-15,szklarnie z poliwęglanu [phrase],tanie szklarnie z poliwęglanu,1,0,0.0,0.0
2026-08-15,szklarnie z poliwęglanu [phrase],tunel poliwęglan 4x8,1,0,0.0,0.0
2026-08-15,szklarnie z poliwęglanu [phrase],tunel z poliwęglanu,2,1,0.2,0.0
2026-08-15,szklarnie z poliwęglanu [phrase],tunel z poliwęglanu 4x6,2,0,0.0,0.0
2026-08-15,szklarnie z poliwęglanu producent,szklarnie z poliwęglanu polski producent,1,0,0.0,0.0
2026-08-15,tunele z poliwęglanu,cieplarnia z poliwęglanu,1,0,0.0,0.0
2026-08-15,tunele z poliwęglanu,jaki tunel z poliwęglanu,4,0,0.0,0.0
2026-08-15,tunele z poliwęglanu,namiot warzywny z poliwęglanu,2,0,0.0,0.0
2026-08-15,tunele z poliwęglanu,namiot z poliwęglanu,5,1,0.36,0.0
2026-08-15,tunele z poliwęglanu,tunel na warzywa z poliwęglanu,1,0,0.0,0.0
2026-08-15,tunele z poliwęglanu,tunel ogrodowy z poliwęglanu,1,0,0.0,0.0
2026-08-15,tunele z poliwęglanu,tunel poliwęglan,2,0,0.0,0.0
2026-08-15,tunele z poliwęglanu,tunel poliwęglanowy,1,0,0.0,0.0
2026-08-15,tunele z poliwęglanu,tunel z poliweglanu,1,0,0.0,0.0
2026-08-15,tunele z poliwęglanu,tunel z poliwęglanu,5,1,0.61,0.0
2026-08-15,tunele z poliwęglanu,tunel z poliwęglanu 2x6,2,0,0.0,0.0
2026-08-15,tunele z poliwęglanu,tunel z poliwęglanu 3x8,3,0,0.0,0.0
2026-08-15,tunele z poliwęglanu,tunel z poliwęglanu 4x6,1,0,0.0,0.0
2026-08-15,tunele z poliwęglanu,tunele z poliwęglanu,5,0,0.0,0.0
2026-08-15,wymiary | poliwęglan 4х8,szklarnia z poliwęglanu 4x8,2,0,0.0,0.0
2026-08-15,wymiary | poliwęglan 2х4,alistan agro poliwęglan,1,0,0.0,0.0
2026-08-15,wymiary | poliwęglan 2х4,szklarnia 2 x 4,1,0,0.0,0.0
2026-08-15,wymiary | poliwęglan 2х4,szklarnia 2x4,1,0,0.0,0.0
2026-08-15,wymiary | poliwęglan 2х4,szklarnia ogrodowa,2,0,0.0,0.0
2026-08-15,wymiary | poliwęglan 2х4,szklarnia poliwęglan 2x4,3,0,0.0,0.0
2026-08-15,wymiary | poliwęglan 2х4,szklarnia z poliwęglanu 2x4,3,0,0.0,0.0
2026-08-15,wymiary | poliwęglan 2х4,szklarnia z poliwęglanu 2x4 6mm,2,1,0.52,0.0
2026-08-15,wymiary | poliwęglan 2х4,szklarnie z poliwęglanu 2x4,1,1,0.15,0.0
2026-08-15,wymiary | poliwęglan 2х4,tunel ogrodowy 2 na 3,1,0,0.0,0.0
2026-08-15,wymiary | poliwęglan 2х4,tunel z poliwęglanu,1,0,0.0,0.0
2026-08-15,wymiary | poliwęglan 2х4,tunel z poliwęglanu 2x4,2,0,0.0,0.0
2026-08-15,mala szklarnia z poliweglanu,agro szklarnia,3,0,0.0,0.0
2026-08-15,mala szklarnia z poliweglanu,mała szklarnia ogrodowa,2,0,0.0,0.0
2026-08-15,mala szklarnia z poliweglanu,małe szklarnie,3,0,0.0,0.0
2026-08-15,mala szklarnia z poliweglanu,małe szklarnie ogrodowe,1,0,0.0,0.0
2026-08-15,mala szklarnia z poliweglanu,polskie szklarnie,3,0,0.0,0.0
2026-08-15,mala szklarnia z poliweglanu,szklarnia 2 5x4,1,0,0.0,0.0
2026-08-15,mala szklarnia z poliweglanu,szklarnia 3 x 6,1,0,0.0,0.0
2026-08-15,mala szklarnia z poliweglanu,szklarnia 4x8,1,0,0.0,0.0
2026-08-15,mala szklarnia z poliweglanu,szklarnia ogrodowa,5,0,0.0,0.0
2026-08-15,mala szklarnia z poliweglanu,szklarnia ogrodowa poliwęglan,1,0,0.0,0.0
2026-08-15,mala szklarnia z poliweglanu,szklarnia ogrodowa z poliwęglanu,1,0,0.0,0.0
2026-08-15,mala szklarnia z poliweglanu,szklarnia samemu,1,0,0.0,0.0
2026-08-15,mala szklarnia z poliweglanu,szklarnia z poliweglanu,3,0,0.0,0.0
2026-08-15,mala szklarnia z poliweglanu,szklarnia z poliwęglanu 4x6,1,0,0.0,0.0
2026-08-15,mala szklarnia z poliweglanu,szklarnia z poliwęglanu wyprzedaż,1,0,0.0,0.0
2026-08-15,mala szklarnia z poliweglanu,szklarnie z poliwęglanu z fundamentem,1,0,0.0,0.0
2026-08-15,mala szklarnia z poliweglanu,tunel ogrodowy,1,0,0.0,0.0
2026-08-15,mala szklarnia z poliweglanu,uszczelnienie szklarni z poliwęglanu,2,0,0.0,0.0
2026-08-17,wymiary | poliwęglan 3х6,namiot z poliwęglanu 3x6,4,0,0.0,0.0
2026-08-17,wymiary | poliwęglan 3х6,szklarnia 3x6 poliwęglan 6mm,1,0,0.0,0.0
2026-08-17,wymiary | poliwęglan 3х6,szklarnia ogrodowa 3x6,2,0,0.0,0.0
2026-08-17,wymiary | poliwęglan 3х6,szklarnia ogrodowa z poliwęglanu 3x6,2,0,0.0,0.0
2026-08-17,wymiary | poliwęglan 3х6,szklarnia poliwęglan 3x6,11,0,0.0,0.0
2026-08-17,wymiary | poliwęglan 3х6,szklarnia z poliweglanu 3x6,2,0,0.0,0.0
2026-08-17,wymiary | poliwęglan 3х6,szklarnia z poliwęglanu 3 x 6,2,0,0.0,0.0
2026-08-17,wymiary | poliwęglan 3х6,szklarnia z poliwęglanu 3x6,31,5,6.72,0.0
2026-08-17,wymiary | poliwęglan 3х6,szklarnia z poliwęglanu 3x6 6 mm,4,1,0.47,0.0
2026-08-17,wymiary | poliwęglan 3х6,szklarnia z poliwęglanu 3x6 cena,1,0,0.0,0.0
2026-08-17,wymiary | poliwęglan 3х6,szklarnia z poliwęglanu 3x6 producent,9,1,0.52,0.0
2026-08-17,wymiary | poliwęglan 3х6,szklarnia z poliwęglanu 3x6 producent 6mm,2,0,0.0,0.0
2026-08-17,wymiary | poliwęglan 3х6,szklarnia z poliwęglanu 3x6 promocja,15,3,0.8,0.0
2026-08-17,wymiary | poliwęglan 3х6,szklarnia z poliwęglanu 3x6 wyprzedaż,1,1,0.23,1.0
2026-08-17,wymiary | poliwęglan 3х6,szklarnia z poliwęglanu 3x6 z fundamentem,8,0,0.0,0.0
2026-08-17,wymiary | poliwęglan 3х6,szklarnia z poliwęglanu 3x6m,2,0,0.0,0.0
2026-08-17,wymiary | poliwęglan 3х6,szklarnia z poliwęglanu 6mm 3x6,1,1,0.26,1.0
2026-08-17,wymiary | poliwęglan 3х6,szklarnie z poliwęglanu 3x6,5,1,0.59,0.0
2026-08-17,wymiary | poliwęglan 3х6,tunel ogrodowy 3x6 poliwęglan,2,0,0.0,0.0
2026-08-17,wymiary | poliwęglan 3х6,tunel ogrodowy 3x6 z poliwęglanu,1,0,0.0,0.0
2026-08-17,wymiary | poliwęglan 3х6,tunel ogrodowy z poliwęglanu 3x6,1,0,0.0,0.0
2026-08-17,wymiary | poliwęglan 3х6,tunel z poliwęglanu 3x6m,10,0,0.0,0.0
2026-08-17,wymiary | poliwęglan 3х6,tunel z poliwęglanu 3x6m cena,2,1,0.39,0.0
2026-08-17,wymiary | poliwęglan 3х6,tunele z poliwęglanu 3x6,1,0,0.0,0.0
2026-08-17,wymiary | poliwęglan 3х4,agrosfera szklarnie,1,0,0.0,0.0
2026-08-17,wymiary | poliwęglan 3х4,cena szklarni,1,0,0.0,0.0
2026-08-17,wymiary | poliwęglan 3х4,ceny szklarni z poliwęglanu,1,0,0.0,0.0
2026-08-17,wymiary | poliwęglan 3х4,cieplarnia z poliwęglanu,1,0,0.0,0.0
2026-08-17,wymiary | poliwęglan 3х4,elitna szklarnia,1,0,0.0,0.0
2026-08-17,wymiary | poliwęglan 3х4,gotowe szklarnie ogrodowe,1,0,0.0,0.0
2026-08-17,wymiary | poliwęglan 3х4,male szklarnie,1,0,0.0,0.0
2026-08-17,wymiary | poliwęglan 3х4,mała szklarnia z poliwęglanu,1,0,0.0,0.0
2026-08-17,wymiary | poliwęglan 3х4,mocna szklarnia,2,0,0.0,0.0
2026-08-17,wymiary | poliwęglan 3х4,mocna szklarnia z poliwęglanu,1,0,0.0,0.0
2026-08-17,wymiary | poliwęglan 3х4,mocny tunel ogrodowy,1,0,0.0,0.0
2026-08-17,wymiary | poliwęglan 3х4,najlepsze szklarnie,2,0,0.0,0.0
2026-08-17,wymiary | poliwęglan 3х4,najlepsze szklarnie z poliwęglanu,1,0,0.0,0.0
2026-08-17,wymiary | poliwęglan 3х4,namiot na pomidory,1,0,0.0,0.0
2026-08-17,wymiary | poliwęglan 3х4,namiot ogrodniczy,1,0,0.0,0.0
2026-08-17,wymiary | poliwęglan 3х4,namiot ogrodniczy 3x6,1,0,0.0,0.0
2026-08-17,wymiary | poliwęglan 3х4,namiot poliweglan,1,0,0.0,0.0
2026-08-17,wymiary | poliwęglan 3х4,namiot z poliwęglanu,3,1,0.24,0.0
2026-08-17,wymiary | poliwęglan 3х4,namiot z poliwęglanu 3x4,4,2,1.0,0.0
2026-08-17,wymiary | poliwęglan 3х4,poli szklarnia,1,0,0.0,0.0
2026-08-17,wymiary | poliwęglan 3х4,profimet szklarnie,3,1,0.01,0.0
2026-08-17,wymiary | poliwęglan 3х4,sklep ogrodniczy nasielsk,1,0,0.0,0.0
2026-08-17,wymiary | poliwęglan 3х4,szklarnia,10,0,0.0,0.0
2026-08-17,wymiary | poliwęglan 3х4,szklarnia 2.5 x4,1,0,0.0,0.0
2026-08-17,wymiary | poliwęglan 3х4,szklarnia 3 4,1,0,0.0,0.0
2026-08-17,wymiary | poliwęglan 3х4,szklarnia 3x4,2,0,0.0,0.0
2026-08-17,wymiary | poliwęglan 3х4,szklarnia 3x4m,2,0,0.0,0.0
2026-08-17,wymiary | poliwęglan 3х4,szklarnia 4m,2,0,0.0,0.0
2026-08-17,wymiary | poliwęglan 3х4,szklarnia 4x8,1,0,0.0,0.0
2026-08-17,wymiary | poliwęglan 3х4,szklarnia cena za m2,1,0,0.0,0.0
2026-08-17,wymiary | poliwęglan 3х4,szklarnia jaką wybrać,6,0,0.0,0.0
2026-08-17,wymiary | poliwęglan 3х4,szklarnia manieczki,1,0,0.0,0.0
2026-08-17,wymiary | poliwęglan 3х4,szklarnia mocna,4,0,0.0,0.0
2026-08-17,wymiary | poliwęglan 3х4,szklarnia ogrodowa,28,0,0.0,0.0
2026-08-17,wymiary | poliwęglan 3х4,szklarnia ogrodowa 3x4,3,0,0.0,0.0
2026-08-17,wymiary | poliwęglan 3х4,szklarnia ogrodowa 3x4 z poliwęglanu solid mocna,4,0,0.0,0.0
2026-08-17,wymiary | poliwęglan 3х4,szklarnia ogrodowa 6x3,1,0,0.0,0.0
2026-08-17,wymiary | poliwęglan 3х4,szklarnia ogrodowa duża,1,0,0.0,0.0
2026-08-17,wymiary | poliwęglan 3х4,szklarnia outlet,1,0,0.0,0.0
2026-08-17,wymiary | poliwęglan 3х4,szklarnia poliweglan,1,0,0.0,0.0
2026-08-17,wymiary | poliwęglan 3х4,szklarnia poliweglanowa,5,0,0.0,0.0
2026-08-17,wymiary | poliwęglan 3х4,szklarnia poliwęglan,9,0,0.0,0.0
2026-08-17,wymiary | poliwęglan 3х4,szklarnia poliwęglan 3x4,3,1,0.46,0.0
2026-08-17,wymiary | poliwęglan 3х4,szklarnia przydomowa,2,0,0.0,0.0
2026-08-17,wymiary | poliwęglan 3х4,szklarnia tunelowa,2,0,0.0,0.0
2026-08-17,wymiary | poliwęglan 3х4,szklarnia z montazem,1,1,0.3,0.0
2026-08-17,wymiary | poliwęglan 3х4,szklarnia z poliweglanu,1,0,0.0,0.0
2026-08-17,wymiary | poliwęglan 3х4,szklarnia z poliwęglanu 2.5 x4,2,0,0.0,0.0
2026-08-17,wymiary | poliwęglan 3х4,szklarnia z poliwęglanu 3 x 4 m,2,0,0.0,0.0
2026-08-17,wymiary | poliwęglan 3х4,szklarnia z poliwęglanu 3x10,1,0,0.0,0.0
2026-08-17,wymiary | poliwęglan 3х4,szklarnia z poliwęglanu 3x4,11,1,0.21,0.0
2026-08-17,wymiary | poliwęglan 3х4,szklarnia z poliwęglanu 3x4 6mm,2,0,0.0,0.0
2026-08-17,wymiary | poliwęglan 3х4,szklarnia z poliwęglanu 3x4 producent,11,4,1.19,0.0
2026-08-17,wymiary | poliwęglan 3х4,szklarnia z poliwęglanu 3x4 z fundamentem,4,0,0.0,0.0
2026-08-17,wymiary | poliwęglan 3х4,szklarnia z poliwęglanu 3x6 6 mm,1,0,0.0,0.0
2026-08-17,wymiary | poliwęglan 3х4,szklarnia z poliwęglanu 3x6 promocja,1,0,0.0,0.0
2026-08-17,wymiary | poliwęglan 3х4,szklarnia z poliwęglanu 3x8,1,0,0.0,0.0
2026-08-17,wymiary | poliwęglan 3х4,szklarnia z poliwęglanu 4x6,1,1,0.31,0.0
2026-08-17,wymiary | poliwęglan 3х4,szklarnia z poliwęglanu 6x3,3,0,0.0,0.0
2026-08-17,wymiary | poliwęglan 3х4,szklarnia z poliwęglanu tunel,2,0,0.0,0.0
2026-08-17,wymiary | poliwęglan 3х4,szklarnia z poliwęglanu wyprzedaż,1,0,0.0,0.0
2026-08-17,wymiary | poliwęglan 3х4,szklarnie,5,0,0.0,0.0
2026-08-17,wymiary | poliwęglan 3х4,szklarnie małe,1,0,0.0,0.0
2026-08-17,wymiary | poliwęglan 3х4,szklarnie ogrodowe,2,0,0.0,0.0
2026-08-17,wymiary | poliwęglan 3х4,szklarnie ogrodowe polski producent,2,0,0.0,0.0
2026-08-17,wymiary | poliwęglan 3х4,szklarnie ogrodowe wyprzedaż,3,0,0.0,0.0
2026-08-17,wymiary | poliwęglan 3х4,szklarnie online pl,2,0,0.0,0.0
2026-08-17,wymiary | poliwęglan 3х4,szklarnie poliwęglanowe,2,0,0.0,0.0
2026-08-17,wymiary | poliwęglan 3х4,szklarnie tutaj,2,0,0.0,0.0
2026-08-17,wymiary | poliwęglan 3х4,szklarnie wyprzedaż,1,0,0.0,0.0
2026-08-17,wymiary | poliwęglan 3х4,szklarnie z poliwęglanu,70,10,5.47,0.0
2026-08-17,wymiary | poliwęglan 3х4,szklarnie z poliwęglanu 3x4,2,0,0.0,0.0
2026-08-17,wymiary | poliwęglan 3х4,tunel 3x4,2,0,0.0,0.0
2026-08-17,wymiary | poliwęglan 3х4,tunel 6x3,2,0,0.0,0.0
2026-08-17,wymiary | poliwęglan 3х4,tunel na pomidory,7,1,0.06,0.0
2026-08-17,wymiary | poliwęglan 3х4,tunel na pomidory z poliwęglanu,4,2,0.19,0.0
2026-08-17,wymiary | poliwęglan 3х4,tunel na warzywa,2,0,0.0,0.0
2026-08-17,wymiary | poliwęglan 3х4,tunel ogrodowy,41,2,0.5,0.0
2026-08-17,wymiary | poliwęglan 3х4,tunel ogrodowy 3x4,9,0,0.0,0.0
2026-08-17,wymiary | poliwęglan 3х4,tunel ogrodowy 3x4 5,1,0,0.0,0.0
2026-08-17,wymiary | poliwęglan 3х4,tunel ogrodowy 3x6,8,0,0.0,0.0
2026-08-17,wymiary | poliwęglan 3х4,tunel ogrodowy 4x6,1,0,0.0,0.0
2026-08-17,wymiary | poliwęglan 3х4,tunel ogrodowy 6x3,1,0,0.0,0.0
2026-08-17,wymiary | poliwęglan 3х4,tunel ogrodowy mocny,1,0,0.0,0.0
2026-08-17,wymiary | poliwęglan 3х4,tunel ogrodowy plastikowy,1,0,0.0,0.0
2026-08-17,wymiary | poliwęglan 3х4,tunel ogrodowy wyprzedaż,4,0,0.0,0.0
2026-08-17,wymiary | poliwęglan 3х4,tunel ogrodowy z drzwiami na zawiasie,1,0,0.0,0.0
2026-08-17,wymiary | poliwęglan 3х4,tunel ogrodowy z poliwęglanu,10,0,0.0,0.0
2026-08-17,wymiary | poliwęglan 3х4,tunel poliwęglan,3,0,0.0,0.0
2026-08-17,wymiary | poliwęglan 3х4,tunel poliwęglan 3x8,2,0,0.0,0.0
2026-08-17,wymiary | poliwęglan 3х4,tunel szklarnia,3,0,0.0,0.0
2026-08-17,wymiary | poliwęglan 3х4,tunel warzywny,3,1,0.28,0.0
2026-08-17,wymiary | poliwęglan 3х4,tunel z poliweglanu,6,0,0.0,0.0
2026-08-17,wymiary | poliwęglan 3х4,tunel z poliwęglanu,6,0,0.0,0.0
2026-08-17,wymiary | poliwęglan 3х4,tunel z poliwęglanu 3 x 4,2,0,0.0,0.0
2026-08-17,wymiary | poliwęglan 3х4,tunel z poliwęglanu 3x4,4,0,0.0,0.0
2026-08-17,wymiary | poliwęglan 3х4,tunele ogrodnicze,2,0,0.0,0.0
2026-08-17,wymiary | poliwęglan 3х4,tunele ogrodowe,11,2,0.49,0.0
2026-08-17,wymiary | poliwęglan 3х4,w szklarnia pl,6,0,0.0,0.0
2026-08-17,wymiary | poliwęglan 3х2,szklarnia 3x2,2,0,0.0,0.0
2026-08-17,namioty z poliwęglanu,namiot poliweglan,1,0,0.0,0.0
2026-08-17,namioty z poliwęglanu,namiot z poliweglanu,2,1,0.16,0.0
2026-08-17,namioty z poliwęglanu,namiot z poliwęglanu,4,1,0.17,0.0
2026-08-17,namioty z poliwęglanu,namioty ogrodowe z poliwęglanu,1,0,0.0,0.0
2026-08-17,szklarnie z poliwęglanu [exact],szklarnia ogrodowa z poliwęglanu,4,0,0.0,0.0
2026-08-17,szklarnie z poliwęglanu [exact],szklarnia z poliwęglanu,152,6,3.13,1.0
2026-08-17,szklarnie z poliwęglanu [exact],szklarnie poliweglanowe,1,0,0.0,0.0
2026-08-17,szklarnie z poliwęglanu [phrase],antiga producent szklarni z poliweglanu,1,0,0.0,0.0
2026-08-17,szklarnie z poliwęglanu [phrase],botanika szklarnia,2,1,1.09,0.0
2026-08-17,szklarnie z poliwęglanu [phrase],mocna szklarnia z poliwęglanu,1,1,0.68,0.0
2026-08-17,szklarnie z poliwęglanu [phrase],najlepsze szklarnie z poliwęglanu,1,0,0.0,0.0
2026-08-17,szklarnie z poliwęglanu [phrase],najtańsze szklarnie z poliwęglanu,4,0,0.0,0.0
2026-08-17,szklarnie z poliwęglanu [phrase],poli szklarnia,5,0,0.0,0.0
2026-08-17,szklarnie z poliwęglanu [phrase],poligreen szklarnie,3,1,1.64,0.0
2026-08-17,szklarnie z poliwęglanu [phrase],poliwęglan szklarnie,1,0,0.0,0.0
2026-08-17,szklarnie z poliwęglanu [phrase],polscy producenci szklarni z poliwęglanu,2,0,0.0,0.0
2026-08-17,szklarnie z poliwęglanu [phrase],profimet,6,3,2.51,0.0
2026-08-17,szklarnie z poliwęglanu [phrase],profimet szklarnie,9,2,1.18,0.0
2026-08-17,szklarnie z poliwęglanu [phrase],przydomowa szklarnia z poliwęglanu,1,0,0.0,0.0
2026-08-17,szklarnie z poliwęglanu [phrase],szklarnia ogrodowa z poliwęglanu,1,0,0.0,0.0
2026-08-17,szklarnie z poliwęglanu [phrase],szklarnia poliweglan,3,1,0.68,0.0
2026-08-17,szklarnie z poliwęglanu [phrase],szklarnia poliweglanowa,1,0,0.0,0.0
2026-08-17,szklarnie z poliwęglanu [phrase],szklarnia poliwęglan,1,0,0.0,0.0
2026-08-17,szklarnie z poliwęglanu [phrase],szklarnia poliwęglan wyprzedaż,1,0,0.0,0.0
2026-08-17,szklarnie z poliwęglanu [phrase],szklarnia poliwęglanu,1,0,0.0,0.0
2026-08-17,szklarnie z poliwęglanu [phrase],szklarnia z litego poliweglanu,2,0,0.0,0.0
2026-08-17,szklarnie z poliwęglanu [phrase],szklarnia z poliweglanu,2,0,0.0,0.0
2026-08-17,szklarnie z poliwęglanu [phrase],szklarnia z poliwęglanu 2.5 x4,1,0,0.0,0.0
2026-08-17,szklarnie z poliwęglanu [phrase],szklarnia z poliwęglanu 3x6,1,1,0.92,0.0
2026-08-17,szklarnie z poliwęglanu [phrase],szklarnia z poliwęglanu 4x6,5,0,0.0,0.0
2026-08-17,szklarnie z poliwęglanu [phrase],szklarnia z poliwęglanu 6mm,1,0,0.0,0.0
2026-08-17,szklarnie z poliwęglanu [phrase],szklarnia z poliwęglanu duza,2,1,0.47,0.0
2026-08-17,szklarnie z poliwęglanu [phrase],szklarnia z poliwęglanu podkarpackie,1,1,0.56,0.0
2026-08-17,szklarnie z poliwęglanu [phrase],szklarnia z poliwęglanu producent,2,0,0.0,0.0
2026-08-17,szklarnie z poliwęglanu [phrase],szklarnia z poliwęglanu profimet mocna,2,0,0.0,0.0
2026-08-17,szklarnie z poliwęglanu [phrase],szklarnia z poliwęglanu wyprzedaż,4,0,0.0,0.0
2026-08-17,szklarnie z poliwęglanu [phrase],szklarnie poliuretanowe,1,0,0.0,0.0
2026-08-17,szklarnie z poliwęglanu [phrase],szklarnie poliweglan,2,0,0.0,0.0
2026-08-17,szklarnie z poliwęglanu [phrase],szklarnie poliwęglanowe,1,0,0.0,0.0
2026-08-17,szklarnie z poliwęglanu [phrase],szklarnie z poliweglanu,1,0,0.0,0.0
2026-08-17,szklarnie z poliwęglanu [phrase],szklarnie z poliwęglanu polski producent,2,1,0.47,0.0
2026-08-17,szklarnie z poliwęglanu [phrase],tunel ogrodowy z poliwęglanu,1,0,0.0,0.0
2026-08-17,tunele z poliwęglanu,namioty ogrodowe z poliwęglanu,3,0,0.0,0.0
2026-08-17,tunele z poliwęglanu,tunel na warzywa z poliwęglanu,1,0,0.0,0.0
2026-08-17,tunele z poliwęglanu,tunel ogrodowy z poliwęglanu,5,0,0.0,0.0
2026-08-17,tunele z poliwęglanu,tunel poliwęglan,4,0,0.0,0.0
2026-08-17,tunele z poliwęglanu,tunel poliwęglan 4x6,4,1,0.38,0.0
2026-08-17,tunele z poliwęglanu,tunel poliwęglanu,2,0,0.0,0.0
2026-08-17,tunele z poliwęglanu,tunel z poliweglanu,4,0,0.0,0.0
2026-08-17,tunele z poliwęglanu,tunel z poliweglanu 4x6,2,0,0.0,0.0
2026-08-17,tunele z poliwęglanu,tunel z poliwęglanu,5,0,0.0,0.0
2026-08-17,tunele z poliwęglanu,tunel z poliwęglanu 2.5 x4,2,1,1.31,0.0
2026-08-17,tunele z poliwęglanu,tunel z poliwęglanu 3x8,3,1,0.24,0.0
2026-08-17,tunele z poliwęglanu,tunel z poliwęglanu 4x10,2,1,0.68,0.0
2026-08-17,tunele z poliwęglanu,tunele ogrodowe z poliwęglanu,4,1,0.54,0.0
2026-08-17,tunele z poliwęglanu,tunele poliwęglanowe,1,0,0.0,0.0
2026-08-17,tunele z poliwęglanu,tunele z poliweglanu,2,0,0.0,0.0
2026-08-17,tunele z poliwęglanu,tunele z poliwęglanu,13,2,0.84,0.0
2026-08-17,wymiary | poliwęglan 4х6,szklarnie z poliwęglanu 4x6,2,2,0.39,0.0
2026-08-17,wymiary | poliwęglan 4х8,szklarnia poliwęglan 4x8,2,1,0.78,0.0
2026-08-17,wymiary | poliwęglan 4х8,szklarnia z poliwęglanu 4x8,6,0,0.0,0.0
2026-08-17,wymiary | poliwęglan 4х8,tunel z poliwęglanu 4x8,4,0,0.0,0.0
2026-08-17,wymiary | poliwęglan 2х4,mocna szklarnia z poliwęglanu,1,0,0.0,0.0
2026-08-17,wymiary | poliwęglan 2х4,mocnaszklarnia pl,1,0,0.0,0.0
2026-08-17,wymiary | poliwęglan 2х4,poliwęglan szówsko,2,0,0.0,0.0
2026-08-17,wymiary | poliwęglan 2х4,profimet,2,0,0.0,0.0
2026-08-17,wymiary | poliwęglan 2х4,szklarnia,6,0,0.0,0.0
2026-08-17,wymiary | poliwęglan 2х4,szklarnia 2x4,1,0,0.0,0.0
2026-08-17,wymiary | poliwęglan 2х4,szklarnia 2x4 poliwęglan,1,0,0.0,0.0
2026-08-17,wymiary | poliwęglan 2х4,szklarnia ogrodowa,1,0,0.0,0.0
2026-08-17,wymiary | poliwęglan 2х4,szklarnia ogrodowa 2 5x4m,1,0,0.0,0.0
2026-08-17,wymiary | poliwęglan 2х4,szklarnia ogrodowa z poliwęglanu 2x4,2,0,0.0,0.0
2026-08-17,wymiary | poliwęglan 2х4,szklarnia poliwęglan 2x4,2,0,0.0,0.0
2026-08-17,wymiary | poliwęglan 2х4,szklarnia z poliwęglanu 2x4,10,2,1.15,0.0
2026-08-17,wymiary | poliwęglan 2х4,szklarnia z poliwęglanu 4x2,1,0,0.0,0.0
2026-08-17,wymiary | poliwęglan 2х4,szklarnie z poliwęglanu,4,0,0.0,0.0
2026-08-17,wymiary | poliwęglan 2х4,tunel ogrodowy,1,0,0.0,0.0
2026-08-17,wymiary | poliwęglan 2х4,tunel ogrodowy 2 5x4,1,0,0.0,0.0
2026-08-17,wymiary | poliwęglan 2х4,tunel z poliwęglanu 2x4,2,0,0.0,0.0
2026-08-17,wymiary | poliwęglan 2х4,w szklarnia pl,1,0,0.0,0.0
2026-08-17,mala szklarnia z poliweglanu,1 szklarnia pl,2,0,0.0,0.0
2026-08-17,mala szklarnia z poliweglanu,cieplarnia pl,3,0,0.0,0.0
2026-08-17,mala szklarnia z poliweglanu,greenhouse oranges,1,0,0.0,0.0
2026-08-17,mala szklarnia z poliweglanu,homemade greenhouse,1,0,0.0,0.0
2026-08-17,mala szklarnia z poliweglanu,kupię szklarnie z poliwęglanu,2,1,0.83,0.0
2026-08-17,mala szklarnia z poliweglanu,mala szklarnia z poliweglanu,1,0,0.0,0.0
2026-08-17,mala szklarnia z poliweglanu,mała szklarnia ogrodowa,4,0,0.0,0.0
2026-08-17,mala szklarnia z poliweglanu,mała szklarnia poliwęglanowa,2,0,0.0,0.0
2026-08-17,mala szklarnia z poliweglanu,małe szklarnie przydomowe,1,0,0.0,0.0
2026-08-17,mala szklarnia z poliweglanu,mocnaszklarnia,1,0,0.0,0.0
2026-08-17,mala szklarnia z poliweglanu,mocnaszklarnia pl,4,0,0.0,0.0
2026-08-17,mala szklarnia z poliweglanu,moje szklarnie,2,0,0.0,0.0
2026-08-17,mala szklarnia z poliweglanu,poligreen,1,0,0.0,0.0
2026-08-17,mala szklarnia z poliweglanu,poligreen zhuk sp k,2,0,0.0,0.0
2026-08-17,mala szklarnia z poliweglanu,polskie szklarnie,1,0,0.0,0.0
2026-08-17,mala szklarnia z poliweglanu,polskie szklarnie ogrodowe,2,0,0.0,0.0
2026-08-17,mala szklarnia z poliweglanu,profimet,6,0,0.0,0.0
2026-08-17,mala szklarnia z poliweglanu,profimetpl,2,0,0.0,0.0
2026-08-17,mala szklarnia z poliweglanu,s2020 pl,2,0,0.0,0.0
2026-08-17,mala szklarnia z poliweglanu,selsey szklarnia,2,0,0.0,0.0
2026-08-17,mala szklarnia z poliweglanu,sunken greenhouse,1,0,0.0,0.0
2026-08-17,mala szklarnia z poliweglanu,szklarnia,14,1,0.25,0.0
2026-08-17,mala szklarnia z poliweglanu,szklarnia 300x200x200,1,0,0.0,0.0
2026-08-17,mala szklarnia z poliweglanu,szklarnia cena,1,0,0.0,0.0
2026-08-17,mala szklarnia z poliweglanu,szklarnia mała z poliwęglanu,1,0,0.0,0.0
2026-08-17,mala szklarnia z poliweglanu,szklarnia ogrodowa,12,0,0.0,0.0
2026-08-17,mala szklarnia z poliweglanu,szklarnia ogrodowa 2 5x4m,1,0,0.0,0.0
2026-08-17,mala szklarnia z poliweglanu,szklarnia ogrodowa 3 x 2,1,0,0.0,0.0
2026-08-17,mala szklarnia z poliweglanu,szklarnia ogrodowa duża,2,0,0.0,0.0
2026-08-17,mala szklarnia z poliweglanu,szklarnia ogrodowa namiot,2,0,0.0,0.0
2026-08-17,mala szklarnia z poliweglanu,szklarnia ogrodowa z poliwęglanu,1,0,0.0,0.0
2026-08-17,mala szklarnia z poliweglanu,szklarnia ogrodowa z poliwęglanu 3x6,1,0,0.0,0.0
2026-08-17,mala szklarnia z poliweglanu,szklarnia przy budynku,1,0,0.0,0.0
2026-08-17,mala szklarnia z poliweglanu,szklarnia w ogrodzie,1,0,0.0,0.0
2026-08-17,mala szklarnia z poliweglanu,szklarnia z poliwęglanu 2 3,1,0,0.0,0.0
2026-08-17,mala szklarnia z poliweglanu,szklarnia z poliwęglanu 2.5 x4,1,0,0.0,0.0
2026-08-17,mala szklarnia z poliweglanu,szklarnia z poliwęglanu 2x2 5,2,0,0.0,0.0
2026-08-17,mala szklarnia z poliweglanu,szklarnia z poliwęglanu 4x6,1,0,0.0,0.0
2026-08-17,mala szklarnia z poliweglanu,szklarnia z poliwęglanu 6x3,1,0,0.0,0.0
2026-08-17,mala szklarnia z poliweglanu,szklarnia zimowa,1,0,0.0,0.0
2026-08-17,mala szklarnia z poliweglanu,szklarnie,1,0,0.0,0.0
2026-08-17,mala szklarnia z poliweglanu,szklarnie ogrodowe,3,1,0.2,0.0
2026-08-17,mala szklarnia z poliweglanu,szklarnie poliuretanowe,1,0,0.0,0.0
2026-08-17,mala szklarnia z poliweglanu,szklarnie poliwęglanowe,1,0,0.0,0.0
2026-08-17,mala szklarnia z poliweglanu,w szklarnia pl,8,0,0.0,0.0
2026-08-18,wymiary | poliwęglan 3х6,ile kosztuje szklarnia z poliwęglanu 3 x 6,1,0,0.0,0.0
2026-08-18,wymiary | poliwęglan 3х6,szklarnia 3 6,1,0,0.0,0.0
2026-08-18,wymiary | poliwęglan 3х6,szklarnia 3x6,1,0,0.0,0.0
2026-08-18,wymiary | poliwęglan 3х6,szklarnia 3x6 z poliwęglanu,1,0,0.0,0.0
2026-08-18,wymiary | poliwęglan 3х6,szklarnia ogrodowa 3x6,2,0,0.0,0.0
2026-08-18,wymiary | poliwęglan 3х6,szklarnia poliwęglan 3x6,6,3,0.88,0.0
2026-08-18,wymiary | poliwęglan 3х6,szklarnia poliwęglan 3x6 6mm,2,0,0.0,0.0
2026-08-18,wymiary | poliwęglan 3х6,szklarnia z poliweglanu 3x6,1,0,0.0,0.0
2026-08-18,wymiary | poliwęglan 3х6,szklarnia z poliwęglanu 3x6,17,2,1.72,0.0
2026-08-18,wymiary | poliwęglan 3х6,szklarnia z poliwęglanu 3x6 6 mm,4,0,0.0,0.0
2026-08-18,wymiary | poliwęglan 3х6,szklarnia z poliwęglanu 3x6 cena,4,1,0.89,0.0
2026-08-18,wymiary | poliwęglan 3х6,szklarnia z poliwęglanu 3x6 producent,6,0,0.0,0.0
2026-08-18,wymiary | poliwęglan 3х6,szklarnia z poliwęglanu 3x6 producent 6mm,3,0,0.0,0.0
2026-08-18,wymiary | poliwęglan 3х6,szklarnia z poliwęglanu 3x6 producent profimet,2,1,0.2,0.0
2026-08-18,wymiary | poliwęglan 3х6,szklarnia z poliwęglanu 3x6 promocja,6,1,0.3,0.0
2026-08-18,wymiary | poliwęglan 3х6,szklarnia z poliwęglanu 3x6 z fundamentem,10,3,2.32,0.0
2026-08-18,wymiary | poliwęglan 3х6,szklarnie z poliwęglanu 3x6,7,2,0.72,0.0
2026-08-18,wymiary | poliwęglan 3х6,tunel ogrodowy 3x6 z poliwęglanu,1,0,0.0,0.0
2026-08-18,wymiary | poliwęglan 3х6,tunel ogrodowy z poliwęglanu 3x6,3,1,0.42,0.0
2026-08-18,wymiary | poliwęglan 3х6,tunel z poliwęglanu 3x6,4,1,0.72,0.0
2026-08-18,wymiary | poliwęglan 3х6,tunel z poliwęglanu 3x6m,3,0,0.0,0.0
2026-08-18,wymiary | poliwęglan 3х4,agro szklarnia pl,2,1,0.32,0.0
2026-08-18,wymiary | poliwęglan 3х4,alistan agro,2,1,1.83,0.0
2026-08-18,wymiary | poliwęglan 3х4,architektura ogrodowa,3,0,0.0,0.0
2026-08-18,wymiary | poliwęglan 3х4,covertech szklarnie,2,0,0.0,0.0
2026-08-18,wymiary | poliwęglan 3х4,duzy tunel ogrodowy,1,0,0.0,0.0
2026-08-18,wymiary | poliwęglan 3х4,duża szklarnia ogrodowa,1,0,0.0,0.0
2026-08-18,wymiary | poliwęglan 3х4,gotowe małe szklarnie,1,0,0.0,0.0
2026-08-18,wymiary | poliwęglan 3х4,ile kosztuje tunel z poliwęglanu,1,0,0.0,0.0
2026-08-18,wymiary | poliwęglan 3х4,jakiej firmy szklarnia z poliwęglanu,4,1,1.48,0.0
2026-08-18,wymiary | poliwęglan 3х4,mała szklarnia na pomidory,1,0,0.0,0.0
2026-08-18,wymiary | poliwęglan 3х4,mała szklarnia ogrodowa,1,1,0.42,0.0
2026-08-18,wymiary | poliwęglan 3х4,małe szklarnie,1,0,0.0,0.0
2026-08-18,wymiary | poliwęglan 3х4,mocne szklarnie z poliwęglanu,2,1,5.7,1.0
2026-08-18,wymiary | poliwęglan 3х4,modna szklarnia,2,0,0.0,0.0
2026-08-18,wymiary | poliwęglan 3х4,multiszklarnia pl,2,0,0.0,0.0
2026-08-18,wymiary | poliwęglan 3х4,najlepsze szklarnie z poliwęglanu,1,1,0.26,0.0
2026-08-18,wymiary | poliwęglan 3х4,namiot na warzywa,2,0,0.0,0.0
2026-08-18,wymiary | poliwęglan 3х4,namiot na warzywa 3x6,2,0,0.0,0.0
2026-08-18,wymiary | poliwęglan 3х4,namiot ogrodowy pod warzywa,2,0,0.0,0.0
2026-08-18,wymiary | poliwęglan 3х4,namiot pod warzywa,1,0,0.0,0.0
2026-08-18,wymiary | poliwęglan 3х4,narzedzia ogrodowe,1,0,0.0,0.0
2026-08-18,wymiary | poliwęglan 3х4,polski producent szklarni ogrodowych,2,0,0.0,0.0
2026-08-18,wymiary | poliwęglan 3х4,polski producent szklarni z poliwęglanu,1,0,0.0,0.0
2026-08-18,wymiary | poliwęglan 3х4,przydomowa szklarnia,1,0,0.0,0.0
2026-08-18,wymiary | poliwęglan 3х4,szklarnia,16,1,0.42,0.0
2026-08-18,wymiary | poliwęglan 3х4,szklarnia 3x2 5,1,0,0.0,0.0
2026-08-18,wymiary | poliwęglan 3х4,szklarnia 3x4,4,1,0.16,0.0
2026-08-18,wymiary | poliwęglan 3х4,szklarnia 3x4m,1,0,0.0,0.0
2026-08-18,wymiary | poliwęglan 3х4,szklarnia 3x8,2,0,0.0,0.0
2026-08-18,wymiary | poliwęglan 3х4,szklarnia 4x10,2,0,0.0,0.0
2026-08-18,wymiary | poliwęglan 3х4,szklarnia 4x6,1,1,0.17,0.0
2026-08-18,wymiary | poliwęglan 3х4,szklarnia duża,1,0,0.0,0.0
2026-08-18,wymiary | poliwęglan 3х4,szklarnia gotowa,2,1,0.59,0.0
2026-08-18,wymiary | poliwęglan 3х4,szklarnia kompozytowa,2,0,0.0,0.0
2026-08-18,wymiary | poliwęglan 3х4,szklarnia na rozsady,1,0,0.0,0.0
2026-08-18,wymiary | poliwęglan 3х4,szklarnia na warzywa,2,0,0.0,0.0
2026-08-18,wymiary | poliwęglan 3х4,szklarnia namiot ogrodowy,2,0,0.0,0.0
2026-08-18,wymiary | poliwęglan 3х4,szklarnia ogrodowa,24,1,0.5,0.0
2026-08-18,wymiary | poliwęglan 3х4,szklarnia ogrodowa 3x4 z poliwęglanu solid mocna,5,0,0.0,0.0
2026-08-18,wymiary | poliwęglan 3х4,szklarnia ogrodowa 5x3,2,0,0.0,0.0
2026-08-18,wymiary | poliwęglan 3х4,szklarnia ogrodowa wyprzedaż,3,0,0.0,0.0
2026-08-18,wymiary | poliwęglan 3х4,szklarnia ogrodowa z poliwęglanu,1,0,0.0,0.0
2026-08-18,wymiary | poliwęglan 3х4,szklarnia poliweglan,1,0,0.0,0.0
2026-08-18,wymiary | poliwęglan 3х4,szklarnia poliwęglan,1,0,0.0,0.0
2026-08-18,wymiary | poliwęglan 3х4,szklarnia poliwęglan 3x4,5,0,0.0,0.0
2026-08-18,wymiary | poliwęglan 3х4,szklarnia poliwęglan producent,1,0,0.0,0.0
2026-08-18,wymiary | poliwęglan 3х4,szklarnia poliwęglanowa 3x4,2,1,0.92,0.0
2026-08-18,wymiary | poliwęglan 3х4,szklarnia przydomowa,2,0,0.0,0.0
2026-08-18,wymiary | poliwęglan 3х4,szklarnia savana,2,0,0.0,0.0
2026-08-18,wymiary | poliwęglan 3х4,szklarnia tunel,2,0,0.0,0.0
2026-08-18,wymiary | poliwęglan 3х4,szklarnia tunel poliwęglan,2,0,0.0,0.0
2026-08-18,wymiary | poliwęglan 3х4,szklarnia tunel z poliwęglanu,1,0,0.0,0.0
2026-08-18,wymiary | poliwęglan 3х4,szklarnia z poliweglanu,1,0,0.0,0.0
2026-08-18,wymiary | poliwęglan 3х4,szklarnia z poliwęglanu 10mm,1,0,0.0,0.0
2026-08-18,wymiary | poliwęglan 3х4,szklarnia z poliwęglanu 2 5x4,2,0,0.0,0.0
2026-08-18,wymiary | poliwęglan 3х4,szklarnia z poliwęglanu 3 x 4,3,1,0.27,0.0
2026-08-18,wymiary | poliwęglan 3х4,szklarnia z poliwęglanu 3x4,5,0,0.0,0.0
2026-08-18,wymiary | poliwęglan 3х4,szklarnia z poliwęglanu 3x4 6mm,1,0,0.0,0.0
2026-08-18,wymiary | poliwęglan 3х4,szklarnia z poliwęglanu 3x4 producent,8,3,0.85,0.0
2026-08-18,wymiary | poliwęglan 3х4,szklarnia z poliwęglanu 4x6 producent,1,0,0.0,0.0
2026-08-18,wymiary | poliwęglan 3х4,szklarnia z poliwęglanu jaką wybrać,4,2,0.74,0.0
2026-08-18,wymiary | poliwęglan 3х4,szklarnia z poliwęglanu promocja,3,0,0.0,0.0
2026-08-18,wymiary | poliwęglan 3х4,szklarnia z poliwęglanu wyprzedaż,2,0,0.0,0.0
2026-08-18,wymiary | poliwęglan 3х4,szklarnia z tworzywa sztucznego,2,0,0.0,0.0
2026-08-18,wymiary | poliwęglan 3х4,szklarnie,1,0,0.0,0.0
2026-08-18,wymiary | poliwęglan 3х4,szklarnie 3 x 4,1,0,0.0,0.0
2026-08-18,wymiary | poliwęglan 3х4,szklarnie całoroczne,2,0,0.0,0.0
2026-08-18,wymiary | poliwęglan 3х4,szklarnie na warzywa,3,1,0.53,0.0
2026-08-18,wymiary | poliwęglan 3х4,szklarnie ogrodowe warszawa,3,1,0.26,0.0
2026-08-18,wymiary | poliwęglan 3х4,szklarnie ogrodowe wyprzedaż,1,0,0.0,0.0
2026-08-18,wymiary | poliwęglan 3х4,szklarnie przydomowe z poliwęglanu,1,0,0.0,0.0
2026-08-18,wymiary | poliwęglan 3х4,szklarnie tunele,2,1,0.42,0.0
2026-08-18,wymiary | poliwęglan 3х4,szklarnie wyprzedaż,2,0,0.0,0.0
2026-08-18,wymiary | poliwęglan 3х4,szklarnie z poliwęglanu,67,14,12.55,0.0
2026-08-18,wymiary | poliwęglan 3х4,szklarnie z poliwęglanu 3x4,33,6,5.22,0.0
2026-08-18,wymiary | poliwęglan 3х4,szklarnie z poliwęglanu białystok,1,2,1.16,0.0
2026-08-18,wymiary | poliwęglan 3х4,tunel 3x6,2,0,0.0,0.0
2026-08-18,wymiary | poliwęglan 3х4,tunel 4x8,1,0,0.0,0.0
2026-08-18,wymiary | poliwęglan 3х4,tunel do pomidorów,1,0,0.0,0.0
2026-08-18,wymiary | poliwęglan 3х4,tunel na pomidory,5,1,0.13,0.0
2026-08-18,wymiary | poliwęglan 3х4,tunel na warzywa,1,0,0.0,0.0
2026-08-18,wymiary | poliwęglan 3х4,tunel ogrodowy,42,3,1.43,0.0
2026-08-18,wymiary | poliwęglan 3х4,tunel ogrodowy 3 x 6,1,0,0.0,0.0
2026-08-18,wymiary | poliwęglan 3х4,tunel ogrodowy 3x4,8,1,0.85,0.0
2026-08-18,wymiary | poliwęglan 3х4,tunel ogrodowy 3x6,2,0,0.0,0.0
2026-08-18,wymiary | poliwęglan 3х4,tunel ogrodowy poliwęglan 3x4,1,0,0.0,0.0
2026-08-18,wymiary | poliwęglan 3х4,tunel ogrodowy tanio,1,0,0.0,0.0
2026-08-18,wymiary | poliwęglan 3х4,tunel ogrodowy z poliwęglanu,2,0,0.0,0.0
2026-08-18,wymiary | poliwęglan 3х4,tunel szklarniowy,1,0,0.0,0.0
2026-08-18,wymiary | poliwęglan 3х4,tunel warzywny,2,0,0.0,0.0
2026-08-18,wymiary | poliwęglan 3х4,tunel z poliwęglanu,9,0,0.0,0.0
2026-08-18,wymiary | poliwęglan 3х4,tunel z poliwęglanu 4x6,2,0,0.0,0.0
2026-08-18,wymiary | poliwęglan 3х4,tunele ogrodnicze,2,1,0.61,0.0
2026-08-18,wymiary | poliwęglan 3х4,tunele ogrodowe,9,0,0.0,0.0
2026-08-18,wymiary | poliwęglan 3х4,tunele z poliwęglanu 3 x 4,2,0,0.0,0.0
2026-08-18,wymiary | poliwęglan 3х4,wielka szklarnia,2,0,0.0,0.0
2026-08-18,wymiary | poliwęglan 3х2,szklarnia 3x2,2,0,0.0,0.0
2026-08-18,wymiary | poliwęglan 3х2,szklarnia ogrodowa,1,0,0.0,0.0
2026-08-18,wymiary | poliwęglan 3х2,szklarnia ogrodowa wyprzedaż,1,0,0.0,0.0
2026-08-18,namioty z poliwęglanu,namiot poliweglan,1,0,0.0,0.0
2026-08-18,namioty z poliwęglanu,namiot poliwęglanowy,1,0,0.0,0.0
2026-08-18,namioty z poliwęglanu,namiot z poliwęglanu,1,0,0.0,0.0
2026-08-18,namioty z poliwęglanu,namioty ogrodowe z poliwęglanu,2,0,0.0,0.0
2026-08-18,namioty z poliwęglanu,namioty poliwęglanowe,3,0,0.0,0.0
2026-08-18,namioty z poliwęglanu,tunel z poliwęglanu,1,0,0.0,0.0
2026-08-18,szklarnie z poliwęglanu [exact],szklarnia z poliwęglanu,185,13,8.82,0.0
2026-08-18,szklarnie z poliwęglanu [exact],szklarnia z poliwęglanu mocna,2,1,0.69,0.0
2026-08-18,szklarnie z poliwęglanu [exact],szklarnie poliweglanowe,2,1,1.15,0.0
2026-08-18,szklarnie z poliwęglanu [phrase],najlepsze szklarnie z poliwęglanu,1,0,0.0,0.0
2026-08-18,szklarnie z poliwęglanu [phrase],poliszklarnie,1,0,0.0,0.0
2026-08-18,szklarnie z poliwęglanu [phrase],poliwęglan szklarnia,1,1,0.64,0.0
2026-08-18,szklarnie z poliwęglanu [phrase],polski producent szklarni z poliwęglanu,1,1,0.95,0.0
2026-08-18,szklarnie z poliwęglanu [phrase],polskie szklarnie z poliwęglanu,1,0,0.0,0.0
2026-08-18,szklarnie z poliwęglanu [phrase],producent szklarni z poliwęglanu,2,1,1.02,0.0
2026-08-18,szklarnie z poliwęglanu [phrase],profimet,6,1,0.27,0.0
2026-08-18,szklarnie z poliwęglanu [phrase],profimet szklarnie,2,1,0.26,0.0
2026-08-18,szklarnie z poliwęglanu [phrase],szklarnia do ogrodu,1,0,0.0,0.0
2026-08-18,szklarnie z poliwęglanu [phrase],szklarnia ogrodowa poliwęglan 6mm,1,0,0.0,0.0
2026-08-18,szklarnie z poliwęglanu [phrase],szklarnia ogrodowa z poliwęglanu 6mm,1,0,0.0,0.0
2026-08-18,szklarnie z poliwęglanu [phrase],szklarnia poliweglan,1,0,0.0,0.0
2026-08-18,szklarnie z poliwęglanu [phrase],szklarnia poliweglan 6 mm,1,0,0.0,0.0
2026-08-18,szklarnie z poliwęglanu [phrase],szklarnia poliwęglan,2,0,0.0,0.0
2026-08-18,szklarnie z poliwęglanu [phrase],szklarnia poliwęglanowa,2,0,0.0,0.0
2026-08-18,szklarnie z poliwęglanu [phrase],szklarnia profimet,2,0,0.0,0.0
2026-08-18,szklarnie z poliwęglanu [phrase],szklarnia tunel z poliwęglanu,1,0,0.0,0.0
2026-08-18,szklarnie z poliwęglanu [phrase],szklarnia z poliwęglanu 10mm,1,0,0.0,0.0
2026-08-18,szklarnie z poliwęglanu [phrase],szklarnia z poliwęglanu 2 5x4,2,0,0.0,0.0
2026-08-18,szklarnie z poliwęglanu [phrase],szklarnia z poliwęglanu 3x6 profimet,2,1,0.51,0.0
2026-08-18,szklarnie z poliwęglanu [phrase],szklarnia z poliwęglanu 4x6,1,0,0.0,0.0
2026-08-18,szklarnie z poliwęglanu [phrase],szklarnia z poliwęglanu 4x6 producent,3,0,0.0,0.0
2026-08-18,szklarnie z poliwęglanu [phrase],szklarnia z poliwęglanu 5x3,3,1,0.43,0.0
2026-08-18,szklarnie z poliwęglanu [phrase],szklarnia z poliwęglanu wyprzedaż,2,0,0.0,0.0
2026-08-18,szklarnie z poliwęglanu [phrase],szklarnie ogrodowe z poliwęglanu,4,0,0.0,0.0
2026-08-18,szklarnie z poliwęglanu [phrase],szklarnie poliwęglanowe,4,1,1.69,0.0
2026-08-18,szklarnie z poliwęglanu [phrase],szklarnie profimet,4,2,0.2,0.0
2026-08-18,szklarnie z poliwęglanu [phrase],szklarnie przydomowe z poliwęglanu,1,0,0.0,0.0
2026-08-18,szklarnie z poliwęglanu [phrase],szklarnie z poliweglanu,3,0,0.0,0.0
2026-08-18,szklarnie z poliwęglanu [phrase],szklarnie z poliwęglanu białystok,1,0,0.0,0.0
2026-08-18,szklarnie z poliwęglanu [phrase],szklarnie z poliwęglanu na wymiar,1,1,0.38,0.0
2026-08-18,szklarnie z poliwęglanu [phrase],szklarnie z poliwęglanu podkarpackie,2,1,1.35,0.0
2026-08-18,szklarnie z poliwęglanu [phrase],tunel ogrodowy z poliwęglanu,1,0,0.0,0.0
2026-08-18,tunele z poliwęglanu,namiot poliweglan,1,0,0.0,0.0
2026-08-18,tunele z poliwęglanu,namiot poliwęglanowy,3,0,0.0,0.0
2026-08-18,tunele z poliwęglanu,namiot z poliwęglanu,1,1,0.86,0.0
2026-08-18,tunele z poliwęglanu,poliwęglanowy tunel,2,0,0.0,0.0
2026-08-18,tunele z poliwęglanu,tunel ogrodowy z poliwęglanu,3,0,0.0,0.0
2026-08-18,tunele z poliwęglanu,tunel ogrodowy z poliwęglanu 4x6,2,0,0.0,0.0
2026-08-18,tunele z poliwęglanu,tunel poliwęglan 4x6,2,1,0.72,0.0
2026-08-18,tunele z poliwęglanu,tunel warzywny z poliwęglanu,1,0,0.0,0.0
2026-08-18,tunele z poliwęglanu,tunel z poliweglanu,2,0,0.0,0.0
2026-08-18,tunele z poliwęglanu,tunel z poliwęglanu,7,0,0.0,0.0
2026-08-18,tunele z poliwęglanu,tunel z poliwęglanu 2.5 x4,4,1,0.83,0.0
2026-08-18,tunele z poliwęglanu,tunel z poliwęglanu 4x6,4,1,2.36,0.0
2026-08-18,tunele z poliwęglanu,tunele poliwęglanowe,4,1,1.48,0.0
2026-08-18,tunele z poliwęglanu,tunele z poliwęglanu,9,1,0.68,0.0
2026-08-18,wymiary | poliwęglan 4х8,szklarnia poliwęglan 4x8,3,0,0.0,0.0
2026-08-18,wymiary | poliwęglan 4х8,szklarnie z poliwęglanu 4x8,5,3,0.81,0.0
2026-08-18,wymiary | poliwęglan 4х8,tunel z poliwęglanu 4x8,4,2,0.77,0.0
2026-08-18,wymiary | poliwęglan 2х4,architektura ogrodowa,1,0,0.0,0.0
2026-08-18,wymiary | poliwęglan 2х4,poli pro,2,0,0.0,0.0
2026-08-18,wymiary | poliwęglan 2х4,poliwęglan,6,0,0.0,0.0
2026-08-18,wymiary | poliwęglan 2х4,przydomowe szklarnie,1,0,0.0,0.0
2026-08-18,wymiary | poliwęglan 2х4,szklarnia,9,1,0.47,0.0
2026-08-18,wymiary | poliwęglan 2х4,szklarnia 2x4,2,0,0.0,0.0
2026-08-18,wymiary | poliwęglan 2х4,szklarnia 3x2,1,1,0.45,0.0
2026-08-18,wymiary | poliwęglan 2х4,szklarnia 4x2,2,0,0.0,0.0
2026-08-18,wymiary | poliwęglan 2х4,szklarnia ogrodowa,1,0,0.0,0.0
2026-08-18,wymiary | poliwęglan 2х4,szklarnia pl,2,0,0.0,0.0
2026-08-18,wymiary | poliwęglan 2х4,szklarnia z poliwęglanu 2 5x4,1,0,0.0,0.0
2026-08-18,wymiary | poliwęglan 2х4,szklarnie z poliwęglanu,1,0,0.0,0.0
2026-08-18,wymiary | poliwęglan 2х4,tunel 6x3,1,0,0.0,0.0
2026-08-18,wymiary | poliwęglan 2х4,tunel na ogórki,2,0,0.0,0.0
2026-08-18,wymiary | poliwęglan 2х4,tunel na pomidory,1,0,0.0,0.0
2026-08-18,wymiary | poliwęglan 2х4,tunel ogrodowy,2,0,0.0,0.0
2026-08-18,wymiary | poliwęglan 2х4,tunel ogrodowy 2.5 x4,2,0,0.0,0.0
2026-08-18,wymiary | poliwęglan 2х4,tunel ogrodowy 4x2 5,2,0,0.0,0.0
2026-08-18,wymiary | poliwęglan 2х4,tunel ogrodowy z poliwęglanu 2x4,2,0,0.0,0.0
2026-08-18,wymiary | poliwęglan 2х4,z poliwęglanu,1,0,0.0,0.0
2026-08-18,mala szklarnia z poliweglanu,caloroczna szklarnia,1,0,0.0,0.0
2026-08-18,mala szklarnia z poliweglanu,domki z poliwęglanu,2,0,0.0,0.0
2026-08-18,mala szklarnia z poliweglanu,etl group,2,1,1.33,0.0
2026-08-18,mala szklarnia z poliweglanu,green house szklarnie,1,0,0.0,0.0
2026-08-18,mala szklarnia z poliweglanu,male szklarnie,2,0,0.0,0.0
2026-08-18,mala szklarnia z poliweglanu,mam szklarnie pl,2,0,0.0,0.0
2026-08-18,mala szklarnia z poliweglanu,mała przydomowa szklarnia,2,0,0.0,0.0
2026-08-18,mala szklarnia z poliweglanu,mała szklarnia,2,0,0.0,0.0
2026-08-18,mala szklarnia z poliweglanu,mała szklarnia ogrodowa,4,0,0.0,0.0
2026-08-18,mala szklarnia z poliweglanu,mała szklarnia z poliwęglanu,1,0,0.0,0.0
2026-08-18,mala szklarnia z poliweglanu,małe szklarnie,2,0,0.0,0.0
2026-08-18,mala szklarnia z poliweglanu,małe szklarnie z poliwęglanu,1,0,0.0,0.0
2026-08-18,mala szklarnia z poliweglanu,mały tunel ogrodowy,1,1,0.23,0.0
2026-08-18,mala szklarnia z poliweglanu,moja szklarnia,2,0,0.0,0.0
2026-08-18,mala szklarnia z poliweglanu,moja szklarnia ogrodowa,5,0,0.0,0.0
2026-08-18,mala szklarnia z poliweglanu,moja szklarnia pl,1,0,0.0,0.0
2026-08-18,mala szklarnia z poliweglanu,poligreen,2,0,0.0,0.0
2026-08-18,mala szklarnia z poliweglanu,poligreen zhuk sp k,2,0,0.0,0.0
2026-08-18,mala szklarnia z poliweglanu,producent szklarni,2,0,0.0,0.0
2026-08-18,mala szklarnia z poliweglanu,profimet poznań,2,0,0.0,0.0
2026-08-18,mala szklarnia z poliweglanu,profimet warszawa,2,0,0.0,0.0
2026-08-18,mala szklarnia z poliweglanu,przydomowa szklarnia,3,0,0.0,0.0
2026-08-18,mala szklarnia z poliweglanu,szklarnia,20,0,0.0,0.0
2026-08-18,mala szklarnia z poliweglanu,szklarnia 100m2,2,0,0.0,0.0
2026-08-18,mala szklarnia z poliweglanu,szklarnia 120x120,1,0,0.0,0.0
2026-08-18,mala szklarnia z poliweglanu,szklarnia 12m2,1,0,0.0,0.0
2026-08-18,mala szklarnia z poliweglanu,szklarnia 2x2,1,0,0.0,0.0
2026-08-18,mala szklarnia z poliweglanu,szklarnia 2x3m,1,0,0.0,0.0
2026-08-18,mala szklarnia z poliweglanu,szklarnia 3x6,1,0,0.0,0.0
2026-08-18,mala szklarnia z poliweglanu,szklarnia do ogrodu,1,0,0.0,0.0
2026-08-18,mala szklarnia z poliweglanu,szklarnia do pomidorów,1,0,0.0,0.0
2026-08-18,mala szklarnia z poliweglanu,szklarnia domowa,2,0,0.0,0.0
2026-08-18,mala szklarnia z poliweglanu,szklarnia duza,2,0,0.0,0.0
2026-08-18,mala szklarnia z poliweglanu,szklarnia na sprzedaz,1,0,0.0,0.0
2026-08-18,mala szklarnia z poliweglanu,szklarnia ogrodowa,7,0,0.0,0.0
2026-08-18,mala szklarnia z poliweglanu,szklarnia ogrodowa 2x2,2,0,0.0,0.0
2026-08-18,mala szklarnia z poliweglanu,szklarnia ogrodowa mała,1,0,0.0,0.0
2026-08-18,mala szklarnia z poliweglanu,szklarnia ogrodowa na wymiar,2,1,1.73,0.0
2026-08-18,mala szklarnia z poliweglanu,szklarnia outlet,2,1,0.26,0.0
2026-08-18,mala szklarnia z poliweglanu,szklarnia pl,1,0,0.0,0.0
2026-08-18,mala szklarnia z poliweglanu,szklarnia poliwęglan,1,0,0.0,0.0
2026-08-18,mala szklarnia z poliweglanu,szklarnia poliwęglan 2x2,1,0,0.0,0.0
2026-08-18,mala szklarnia z poliweglanu,szklarnia poliwęglan 3x2,2,0,0.0,0.0
2026-08-18,mala szklarnia z poliweglanu,szklarnia promocja,1,0,0.0,0.0
2026-08-18,mala szklarnia z poliweglanu,szklarnia przydomowa,2,0,0.0,0.0
2026-08-18,mala szklarnia z poliweglanu,szklarnia wyprzedaż,2,0,0.0,0.0
2026-08-18,mala szklarnia z poliweglanu,szklarnia z poliwęglanu 2 5x4,1,0,0.0,0.0
2026-08-18,mala szklarnia z poliweglanu,szklarnia z poliwęglanu 4x6 producent,1,0,0.0,0.0
2026-08-18,mala szklarnia z poliweglanu,szklarnia z poliwęglanu 5x3,1,0,0.0,0.0
2026-08-18,mala szklarnia z poliweglanu,szklarnia z poliwęglanu wyprzedaż,2,0,0.0,0.0
2026-08-18,mala szklarnia z poliweglanu,szklarnie na warzywa,3,0,0.0,0.0
2026-08-18,mala szklarnia z poliweglanu,szklarnie na wymiar,1,0,0.0,0.0
2026-08-18,mala szklarnia z poliweglanu,szklarnie ogrodowe,1,0,0.0,0.0
2026-08-18,mala szklarnia z poliweglanu,szklarnie ogrodowe wyprzedaż,4,1,0.65,0.0
2026-08-18,mala szklarnia z poliweglanu,w m l szklarnie,2,0,0.0,0.0
2026-08-18,mala szklarnia z poliweglanu,walipini szklarnia,1,0,0.0,0.0
2026-08-18,mala szklarnia z poliweglanu,waska szklarnia ogrodowa,2,0,0.0,0.0
2026-08-19,wymiary | poliwęglan 3х6,namiot z poliwęglanu 3x6,2,1,0.19,0.0
2026-08-19,wymiary | poliwęglan 3х6,szklarni z poliwęglanu 3x6,1,0,0.0,0.0
2026-08-19,wymiary | poliwęglan 3х6,szklarnia 3x6 poliwęglan 6mm,5,2,1.34,0.0
2026-08-19,wymiary | poliwęglan 3х6,szklarnia ogrodowa z poliwęglanu 3x6,1,0,0.0,0.0
2026-08-19,wymiary | poliwęglan 3х6,szklarnia poliwęglan 3x6,3,0,0.0,0.0
2026-08-19,wymiary | poliwęglan 3х6,szklarnia z poliwęglanu 3x6,24,1,0.61,0.0
2026-08-19,wymiary | poliwęglan 3х6,szklarnia z poliwęglanu 3x6 6 mm,6,2,0.52,0.0
2026-08-19,wymiary | poliwęglan 3х6,szklarnia z poliwęglanu 3x6 6mm,1,0,0.0,0.0
2026-08-19,wymiary | poliwęglan 3х6,szklarnia z poliwęglanu 3x6 producent,5,0,0.0,0.0
2026-08-19,wymiary | poliwęglan 3х6,szklarnia z poliwęglanu 3x6 producent 6mm,1,0,0.0,0.0
2026-08-19,wymiary | poliwęglan 3х6,szklarnia z poliwęglanu 3x6 promocja,3,0,0.0,0.0
2026-08-19,wymiary | poliwęglan 3х6,szklarnia z poliwęglanu 3x6 wyprzedaż,1,0,0.0,0.0
2026-08-19,wymiary | poliwęglan 3х6,szklarnia z poliwęglanu 3x6 z fundamentem,1,0,0.0,0.0
2026-08-19,wymiary | poliwęglan 3х6,tunel ogrodowy z poliwęglanu 3x6,2,0,0.0,0.0
2026-08-19,wymiary | poliwęglan 3х6,tunel poliwęglan 3x6,1,0,0.0,0.0
2026-08-19,wymiary | poliwęglan 3х6,tunel poliwęglanowy 3x6,1,0,0.0,0.0
2026-08-19,wymiary | poliwęglan 3х6,tunel z poliweglanu 3x6,2,1,0.15,0.0
2026-08-19,wymiary | poliwęglan 3х6,tunel z poliwęglanu 3x6,5,1,0.39,0.0
2026-08-19,wymiary | poliwęglan 3х6,tunel z poliwęglanu 3x6m,4,0,0.0,0.0
2026-08-19,wymiary | poliwęglan 3х4,alistan agro szklarnie,6,1,0.53,0.0
2026-08-19,wymiary | poliwęglan 3х4,jaki tunel na pomidory,2,1,0.1,0.0
2026-08-19,wymiary | poliwęglan 3х4,jaką szklarnię wybrać,2,0,0.0,0.0
2026-08-19,wymiary | poliwęglan 3х4,małe szklarnie ogrodowe,1,1,0.29,0.0
2026-08-19,wymiary | poliwęglan 3х4,mocna szklarnia ogrodowa,1,0,0.0,0.0
2026-08-19,wymiary | poliwęglan 3х4,najlepsze szklarnie,1,0,0.0,0.0
2026-08-19,wymiary | poliwęglan 3х4,namiot ogrodniczy,1,0,0.0,0.0
2026-08-19,wymiary | poliwęglan 3х4,namiot ogrodowy pod warzywa,1,0,0.0,0.0
2026-08-19,wymiary | poliwęglan 3х4,namiot z poliwęglanu,2,0,0.0,0.0
2026-08-19,wymiary | poliwęglan 3х4,namioty ogrodnicze,1,0,0.0,0.0
2026-08-19,wymiary | poliwęglan 3х4,polecane szklarnie z poliwęglanu,1,0,0.0,0.0
2026-08-19,wymiary | poliwęglan 3х4,poligreen zhuk,1,0,0.0,0.0
2026-08-19,wymiary | poliwęglan 3х4,profimet szklarnie kontakt,1,0,0.0,0.0
2026-08-19,wymiary | poliwęglan 3х4,szklarni z poliwęglanu,1,0,0.0,0.0
2026-08-19,wymiary | poliwęglan 3х4,szklarnia,4,0,0.0,0.0
2026-08-19,wymiary | poliwęglan 3х4,szklarnia 3x4,3,0,0.0,0.0
2026-08-19,wymiary | poliwęglan 3х4,szklarnia 3x4 5,1,0,0.0,0.0
2026-08-19,wymiary | poliwęglan 3х4,szklarnia 3x4m,1,0,0.0,0.0
2026-08-19,wymiary | poliwęglan 3х4,szklarnia 4x6,2,0,0.0,0.0
2026-08-19,wymiary | poliwęglan 3х4,szklarnia 5x3,1,0,0.0,0.0
2026-08-19,wymiary | poliwęglan 3х4,szklarnia 8x3,1,0,0.0,0.0
2026-08-19,wymiary | poliwęglan 3х4,szklarnia ogrodowa,9,0,0.0,0.0
2026-08-19,wymiary | poliwęglan 3х4,szklarnia ogrodowa 3x4 z poliwęglanu solid mocna,1,0,0.0,0.0
2026-08-19,wymiary | poliwęglan 3х4,szklarnia ogrodowa 4x6,2,0,0.0,0.0
2026-08-19,wymiary | poliwęglan 3х4,szklarnia ogrodowa 4x8,1,0,0.0,0.0
2026-08-19,wymiary | poliwęglan 3х4,szklarnia ogrodowa duża,2,0,0.0,0.0
2026-08-19,wymiary | poliwęglan 3х4,szklarnia ogrodowa z poliwęglanu,1,0,0.0,0.0
2026-08-19,wymiary | poliwęglan 3х4,szklarnia ogrodowa z poliwęglanu 3x4,2,1,0.39,0.0
2026-08-19,wymiary | poliwęglan 3х4,szklarnia poliwęglan,4,0,0.0,0.0
2026-08-19,wymiary | poliwęglan 3х4,szklarnia poliwęglan 3x4,3,0,0.0,0.0
2026-08-19,wymiary | poliwęglan 3х4,szklarnia poliwęglanowa,1,0,0.0,0.0
2026-08-19,wymiary | poliwęglan 3х4,szklarnia tunelowa,1,0,0.0,0.0
2026-08-19,wymiary | poliwęglan 3х4,szklarnia z poliwęglanu 3x4,21,0,0.0,0.0
2026-08-19,wymiary | poliwęglan 3х4,szklarnia z poliwęglanu 3x4 cena,1,0,0.0,0.0
2026-08-19,wymiary | poliwęglan 3х4,szklarnia z poliwęglanu 4x6,2,0,0.0,0.0
2026-08-19,wymiary | poliwęglan 3х4,szklarnia z poliwęglanu tunel,2,0,0.0,0.0
2026-08-19,wymiary | poliwęglan 3х4,szklarnie,1,0,0.0,0.0
2026-08-19,wymiary | poliwęglan 3х4,szklarnie ogrodowe,3,0,0.0,0.0
2026-08-19,wymiary | poliwęglan 3х4,szklarnie ogrodowe warszawa,1,0,0.0,0.0
2026-08-19,wymiary | poliwęglan 3х4,szklarnie ogrodowe wyprzedaż,1,0,0.0,0.0
2026-08-19,wymiary | poliwęglan 3х4,szklarnie producent,1,0,0.0,0.0
2026-08-19,wymiary | poliwęglan 3х4,szklarnie z poliwęglanu,32,6,4.08,1.0
2026-08-19,wymiary | poliwęglan 3х4,szklarnie z poliwęglanu 3x4,4,0,0.0,0.0
2026-08-19,wymiary | poliwęglan 3х4,szklarnie z poliwęglanu 6 mm,2,0,0.0,0.0
2026-08-19,wymiary | poliwęglan 3х4,szklarnie z poliwęglanu zambrów,2,0,0.0,0.0
2026-08-19,wymiary | poliwęglan 3х4,tunel do ogrodu,1,0,0.0,0.0
2026-08-19,wymiary | poliwęglan 3х4,tunel na warzywa,1,0,0.0,0.0
2026-08-19,wymiary | poliwęglan 3х4,tunel ogrodowa,2,0,0.0,0.0
2026-08-19,wymiary | poliwęglan 3х4,tunel ogrodowy,23,0,0.0,0.0
2026-08-19,wymiary | poliwęglan 3х4,tunel ogrodowy 3x4,1,0,0.0,0.0
2026-08-19,wymiary | poliwęglan 3х4,tunel ogrodowy 3x6,1,0,0.0,0.0
2026-08-19,wymiary | poliwęglan 3х4,tunel ogrodowy 4 x 2 5,1,0,0.0,0.0
2026-08-19,wymiary | poliwęglan 3х4,tunel ogrodowy 4x6,1,0,0.0,0.0
2026-08-19,wymiary | poliwęglan 3х4,tunel ogrodowy 6x3,1,0,0.0,0.0
2026-08-19,wymiary | poliwęglan 3х4,tunel ogrodowy z drzwiami,1,0,0.0,0.0
2026-08-19,wymiary | poliwęglan 3х4,tunel ogrodowy z poliwęglanu,2,0,0.0,0.0
2026-08-19,wymiary | poliwęglan 3х4,tunel ogrodowy z poliwęglanu 2x4,2,0,0.0,0.0
2026-08-19,wymiary | poliwęglan 3х4,tunel poliwęglan,2,1,0.62,0.0
2026-08-19,wymiary | poliwęglan 3х4,tunel poliwęglanowy,1,0,0.0,0.0
2026-08-19,wymiary | poliwęglan 3х4,tunel szklarnia,1,0,0.0,0.0
2026-08-19,wymiary | poliwęglan 3х4,tunel warzywny,4,0,0.0,0.0
2026-08-19,wymiary | poliwęglan 3х4,tunel z poliweglanu 3x4,1,0,0.0,0.0
2026-08-19,wymiary | poliwęglan 3х4,tunel z poliwęglanu,15,1,0.53,0.0
2026-08-19,wymiary | poliwęglan 3х4,tunel z poliwęglanu 3x4,5,0,0.0,0.0
2026-08-19,wymiary | poliwęglan 3х4,tunele na warzywa,1,0,0.0,0.0
2026-08-19,wymiary | poliwęglan 3х4,tunele ogrodowe,1,0,0.0,0.0
2026-08-19,wymiary | poliwęglan 3х4,tunele z,1,0,0.0,0.0
2026-08-19,wymiary | poliwęglan 3х8,szklarnie z poliwęglanu 3x8,2,0,0.0,0.0
2026-08-19,wymiary | poliwęglan 3х2,szklarnia ogrodowa,2,0,0.0,0.0
2026-08-19,wymiary | poliwęglan 3х2,szklarnia ogrodowa 3x2,1,0,0.0,0.0
2026-08-19,wymiary | poliwęglan 3х2,szklarnie z poliwęglanu,1,0,0.0,0.0
2026-08-19,cieplarnie z poliwęglanu,cieplarnie z poliwęglanu,1,0,0.0,0.0
2026-08-19,namioty z poliwęglanu,namiot ogrodowy 3x6 z poliwęglanu,1,0,0.0,0.0
2026-08-19,namioty z poliwęglanu,poliwęglan namiot,1,0,0.0,0.0
2026-08-19,szklarnie z poliwęglanu [exact],szklarnia ogrodowa z poliwęglanu,1,0,0.0,0.0
2026-08-19,szklarnie z poliwęglanu [exact],szklarnia z poliwęglanu,102,2,0.55,0.0
2026-08-19,szklarnie z poliwęglanu [phrase],duże szklarnie z poliwęglanu,1,0,0.0,0.0
2026-08-19,szklarnie z poliwęglanu [phrase],gdzie kupic szklarnie z poliwęglanu,1,0,0.0,0.0
2026-08-19,szklarnie z poliwęglanu [phrase],kupię szklarnie z poliwęglanu,1,0,0.0,0.0
2026-08-19,szklarnie z poliwęglanu [phrase],najlepsze szklarnie z poliwęglanu,1,0,0.0,0.0
2026-08-19,szklarnie z poliwęglanu [phrase],poliwęglan szklarnia,2,0,0.0,0.0
2026-08-19,szklarnie z poliwęglanu [phrase],profimet,3,2,1.3,0.0
2026-08-19,szklarnie z poliwęglanu [phrase],profimet szklarnie,5,3,0.38,0.0
2026-08-19,szklarnie z poliwęglanu [phrase],solidna szklarnia z poliwęglanu,1,1,0.5,0.0
2026-08-19,szklarnie z poliwęglanu [phrase],szklarnia 3x10,1,0,0.0,0.0
2026-08-19,szklarnie z poliwęglanu [phrase],szklarnia 3x8,2,0,0.0,0.0
2026-08-19,szklarnie z poliwęglanu [phrase],szklarnia ogrodowa,16,1,0.28,0.0
2026-08-19,szklarnie z poliwęglanu [phrase],szklarnia ogrodowa z poliwęglanu,3,0,0.0,0.0
2026-08-19,szklarnie z poliwęglanu [phrase],szklarnia poliweglan,1,0,0.0,0.0
2026-08-19,szklarnie z poliwęglanu [phrase],szklarnia poliwęglan,2,1,0.46,0.0
2026-08-19,szklarnie z poliwęglanu [phrase],szklarnia poliwęglan 2.5 x4,1,0,0.0,0.0
2026-08-19,szklarnie z poliwęglanu [phrase],szklarnia poliwęglanowa,2,0,0.0,0.0
2026-08-19,szklarnie z poliwęglanu [phrase],szklarnia pomidor,1,0,0.0,0.0
2026-08-19,szklarnie z poliwęglanu [phrase],szklarnia z poliweglanu,1,0,0.0,0.0
2026-08-19,szklarnie z poliwęglanu [phrase],szklarnia z poliwęglanu 3 x 6,1,0,0.0,0.0
2026-08-19,szklarnie z poliwęglanu [phrase],szklarnia z poliwęglanu 3x8,2,0,0.0,0.0
2026-08-19,szklarnie z poliwęglanu [phrase],szklarnia z poliwęglanu 3x8 6mm,7,2,0.91,0.0
2026-08-19,szklarnie z poliwęglanu [phrase],szklarnia z poliwęglanu 4x6,5,0,0.0,0.0
2026-08-19,szklarnie z poliwęglanu [phrase],szklarnia z poliwęglanu polski producent,1,0,0.0,0.0
2026-08-19,szklarnie z poliwęglanu [phrase],szklarnia z poliwęglanu szczecin,4,1,0.25,0.0
2026-08-19,szklarnie z poliwęglanu [phrase],szklarnia z poliwęglanu z fundamentem,1,1,0.25,0.0
2026-08-19,szklarnie z poliwęglanu [phrase],szklarnie ogrodowe,5,0,0.0,0.0
2026-08-19,szklarnie z poliwęglanu [phrase],szklarnie ogrodowe z poliwęglanu,4,0,0.0,0.0
2026-08-19,szklarnie z poliwęglanu [phrase],szklarnie z poliweglanu,1,0,0.0,0.0
2026-08-19,szklarnie z poliwęglanu [phrase],szklarnie z poliwęglanu 6 mm,2,1,0.4,0.0
2026-08-19,szklarnie z poliwęglanu [phrase],szklarnie z poliwęglanu białystok,3,0,0.0,0.0
2026-08-19,szklarnie z poliwęglanu [phrase],szklarnie z poliwęglanu lublin,3,3,1.01,0.0
2026-08-19,szklarnie z poliwęglanu [phrase],szklarnie z poliwęglanu na wymiar,2,1,0.26,0.0
2026-08-19,szklarnie z poliwęglanu [phrase],szklarnie z poliwęglanu śląskie,2,1,0.25,0.0
2026-08-19,szklarnie z poliwęglanu [phrase],tanie szklarnie z poliwęglanu,2,1,1.05,0.0
2026-08-19,szklarnie z poliwęglanu [phrase],tunel z poliwęglanu 4x6,2,0,0.0,0.0
2026-08-19,szklarnie z poliwęglanu producent,polskie szklarnie z poliwęglanu,1,0,0.0,0.0
2026-08-19,szklarnie z poliwęglanu producent,szklarnie poliwęglanowe producent,2,0,0.0,0.0
2026-08-19,tunele z poliwęglanu,cieplarnia ogrodowa z poliwęglanu,1,1,0.17,0.0
2026-08-19,tunele z poliwęglanu,tunel na warzywa z poliwęglanu,1,0,0.0,0.0
2026-08-19,tunele z poliwęglanu,tunel ogrodniczy z poliwęglanu,2,0,0.0,0.0
2026-08-19,tunele z poliwęglanu,tunel ogrodowy z poliweglanu,2,0,0.0,0.0
2026-08-19,tunele z poliwęglanu,tunel ogrodowy z poliwęglanu,2,0,0.0,0.0
2026-08-19,tunele z poliwęglanu,tunel poliweglanowy,2,0,0.0,0.0
2026-08-19,tunele z poliwęglanu,tunel poliwęglan,8,0,0.0,0.0
2026-08-19,tunele z poliwęglanu,tunel poliwęglanowy,5,0,0.0,0.0
2026-08-19,tunele z poliwęglanu,tunel z poliweglanu 4x6,2,1,0.65,0.0
2026-08-19,tunele z poliwęglanu,tunel z poliwęglanu,6,3,2.25,0.0
2026-08-19,tunele z poliwęglanu,tunel z poliwęglanu 2.5 x4,4,0,0.0,0.0
2026-08-19,tunele z poliwęglanu,tunel z poliwęglanu 3x8,1,0,0.0,0.0
2026-08-19,tunele z poliwęglanu,tunele ogrodowe z poliwęglanu,6,1,0.61,0.0
2026-08-19,tunele z poliwęglanu,tunele poliwęglanowe,1,0,0.0,0.0
2026-08-19,tunele z poliwęglanu,tunele z poliweglanu,2,2,3.12,0.0
2026-08-19,tunele z poliwęglanu,tunele z poliwęglanu,4,0,0.0,0.0
2026-08-19,tunele z poliwęglanu,tunele z poliwęglanu producent,2,1,0.92,0.0
2026-08-19,wymiary | poliwęglan 4х6,szklarnie z poliwęglanu 4x6,1,0,0.0,0.0
2026-08-19,wymiary | poliwęglan 4х8,szklarnia z poliwęglanu 4x8,2,0,0.0,0.0
2026-08-19,wymiary | poliwęglan 4х8,szklarnie z poliwęglanu 4x8,2,0,0.0,0.0
2026-08-19,wymiary | poliwęglan 4х8,tunel z poliwęglanu 4x8,2,0,0.0,0.0
2026-08-19,wymiary | poliwęglan 2х4,alistan agro poliwęglan,1,0,0.0,0.0
2026-08-19,wymiary | poliwęglan 2х4,alistan agro szklarnie,2,0,0.0,0.0
2026-08-19,wymiary | poliwęglan 2х4,poligreen zhuk,1,0,0.0,0.0
2026-08-19,wymiary | poliwęglan 2х4,szklarnia 2 5x4,1,0,0.0,0.0
2026-08-19,wymiary | poliwęglan 2х4,szklarnia 2.5 x4,1,0,0.0,0.0
2026-08-19,wymiary | poliwęglan 2х4,szklarnia 2x4,1,1,0.11,0.0
2026-08-19,wymiary | poliwęglan 2х4,szklarnia ogrodowa,1,0,0.0,0.0
2026-08-19,wymiary | poliwęglan 2х4,szklarnia z poliwęglanu 2.5 x4,3,0,0.0,0.0
2026-08-19,wymiary | poliwęglan 2х4,szklarnia z poliwęglanu 2x4,9,0,0.0,0.0
2026-08-19,wymiary | poliwęglan 2х4,szklarnia z poliwęglanu 4x2,1,0,0.0,0.0
2026-08-19,wymiary | poliwęglan 2х4,szklarnie,1,0,0.0,0.0
2026-08-19,wymiary | poliwęglan 2х4,szklarnie z poliwęglanu,6,0,0.0,0.0
2026-08-19,wymiary | poliwęglan 2х4,szklarnie z poliwęglanu 2x4,1,0,0.0,0.0
2026-08-19,wymiary | poliwęglan 2х4,tunel 4x6,1,0,0.0,0.0
2026-08-19,wymiary | poliwęglan 2х4,tunel ogrodowy,1,0,0.0,0.0
2026-08-19,wymiary | poliwęglan 2х4,tunel ogrodowy 2x4,1,0,0.0,0.0
2026-08-19,wymiary | poliwęglan 2х4,tunel z poliwęglanu 2x4,1,0,0.0,0.0
2026-08-19,wymiary | poliwęglan 2х4,z poliwęglanu,2,0,0.0,0.0
2026-08-19,mala szklarnia z poliweglanu,alistan,2,0,0.0,0.0
2026-08-19,mala szklarnia z poliweglanu,etl group,1,0,0.0,0.0
2026-08-19,mala szklarnia z poliweglanu,gotowa szklarnia z poliwęglanu,1,0,0.0,0.0
2026-08-19,mala szklarnia z poliweglanu,green protect,2,0,0.0,0.0
2026-08-19,mala szklarnia z poliweglanu,maleszklarnie,2,0,0.0,0.0
2026-08-19,mala szklarnia z poliweglanu,mam szklarnie pl,2,0,0.0,0.0
2026-08-19,mala szklarnia z poliweglanu,mała szklarnia z poliwęglanu,2,0,0.0,0.0
2026-08-19,mala szklarnia z poliweglanu,małe szklarnie,1,0,0.0,0.0
2026-08-19,mala szklarnia z poliweglanu,małe szklarnie ogrodowe z poliwęglanu,1,0,0.0,0.0
2026-08-19,mala szklarnia z poliweglanu,moja szklarnia ogrodowa,1,0,0.0,0.0
2026-08-19,mala szklarnia z poliweglanu,nowaszklarnia,1,0,0.0,0.0
2026-08-19,mala szklarnia z poliweglanu,poligren,1,0,0.0,0.0
2026-08-19,mala szklarnia z poliweglanu,profimet szklarnie,1,0,0.0,0.0
2026-08-19,mala szklarnia z poliweglanu,profimet szklarnie kontakt,1,1,1.27,0.0
2026-08-19,mala szklarnia z poliweglanu,szklarnia 2x2,1,0,0.0,0.0
2026-08-19,mala szklarnia z poliweglanu,szklarnia 5x3,2,1,0.17,0.0
2026-08-19,mala szklarnia z poliweglanu,szklarnia ogrodowa,1,0,0.0,0.0
2026-08-19,mala szklarnia z poliweglanu,szklarnia ogrodowa z poliwęglanu,1,0,0.0,0.0
2026-08-19,mala szklarnia z poliweglanu,szklarnia z poliwęglanu 2x2,2,0,0.0,0.0
2026-08-19,mala szklarnia z poliweglanu,szklarnia z poliwęglanu 3 x 2,1,0,0.0,0.0
2026-08-19,mala szklarnia z poliweglanu,szklarnia z poliwęglanu 3x8,1,0,0.0,0.0
2026-08-19,mala szklarnia z poliweglanu,szklarnia z poliwęglanu z fundamentem,1,0,0.0,0.0
2026-08-19,mala szklarnia z poliweglanu,szklarnia ziemna,1,0,0.0,0.0
2026-08-19,mala szklarnia z poliweglanu,szklarnie ogrodowe na wymiar,1,0,0.0,0.0
2026-08-19,mala szklarnia z poliweglanu,tunel z poliwęglanu 2.5 x4,1,0,0.0,0.0
2026-08-20,wymiary | poliwęglan 3х6,namiot z poliwęglanu 3x6,1,0,0.0,0.0
2026-08-20,wymiary | poliwęglan 3х6,szklarnia 3x6,2,0,0.0,0.0
2026-08-20,wymiary | poliwęglan 3х6,szklarnia 3x6 poliwęglan,2,0,0.0,0.0
2026-08-20,wymiary | poliwęglan 3х6,szklarnia 3x6 z poliwęglanu,3,0,0.0,0.0
2026-08-20,wymiary | poliwęglan 3х6,szklarnia poliwęglan 3x6,9,0,0.0,0.0
2026-08-20,wymiary | poliwęglan 3х6,szklarnia z poliwęglanu 3x6,19,1,0.57,0.0
2026-08-20,wymiary | poliwęglan 3х6,szklarnia z poliwęglanu 3x6 6mm,2,0,0.0,0.0
2026-08-20,wymiary | poliwęglan 3х6,szklarnia z poliwęglanu 3x6 producent,3,1,0.17,0.0
2026-08-20,wymiary | poliwęglan 3х6,szklarnia z poliwęglanu 3x6 producent 6mm,3,0,0.0,0.0
2026-08-20,wymiary | poliwęglan 3х6,szklarnia z poliwęglanu 3x6 promocja,6,1,0.37,0.0
2026-08-20,wymiary | poliwęglan 3х6,szklarnia z poliwęglanu 3x6 wyprzedaż,5,2,1.07,0.0
2026-08-20,wymiary | poliwęglan 3х6,szklarnia z poliwęglanu 3x6 z fundamentem,1,1,0.3,0.0
2026-08-20,wymiary | poliwęglan 3х6,szklarnia z poliwęglanu 3x6m,3,0,0.0,0.0
2026-08-20,wymiary | poliwęglan 3х6,szklarnie z poliwęglanu 3x6,5,0,0.0,0.0
2026-08-20,wymiary | poliwęglan 3х6,tunel ogrodowy 3x6 z poliwęglanu,1,0,0.0,0.0
2026-08-20,wymiary | poliwęglan 3х6,tunel ogrodowy z poliwęglanu 3x6,6,1,0.64,0.0
2026-08-20,wymiary | poliwęglan 3х6,tunel poliwęglanowy 3x6,1,0,0.0,0.0
2026-08-20,wymiary | poliwęglan 3х6,tunel z poliwęglanu 3x6,11,1,0.35,0.0
2026-08-20,wymiary | poliwęglan 3х6,tunel z poliwęglanu 3x6m,6,0,0.0,0.0
2026-08-20,wymiary | poliwęglan 3х4,cieplarnia ogrodowa z poliwęglanu,2,1,0.18,0.0
2026-08-20,wymiary | poliwęglan 3х4,duża szklarnia ogrodowa,1,0,0.0,0.0
2026-08-20,wymiary | poliwęglan 3х4,foljak,2,0,0.0,0.0
2026-08-20,wymiary | poliwęglan 3х4,ile kosztuje szklarnia z poliwęglanu,1,0,0.0,0.0
2026-08-20,wymiary | poliwęglan 3х4,jaki tunel na pomidory,2,1,0.09,0.0
2026-08-20,wymiary | poliwęglan 3х4,konstrukcje szklarni,2,0,0.0,0.0
2026-08-20,wymiary | poliwęglan 3х4,mam szklarnie,1,0,0.0,0.0
2026-08-20,wymiary | poliwęglan 3х4,mały tunel,2,0,0.0,0.0
2026-08-20,wymiary | poliwęglan 3х4,mocna szklarnia z poliwęglanu,1,1,0.19,0.0
2026-08-20,wymiary | poliwęglan 3х4,najlepsze szklarnie z poliwęglanu,1,0,0.0,0.0
2026-08-20,wymiary | poliwęglan 3х4,namiot ogrodniczy,1,0,0.0,0.0
2026-08-20,wymiary | poliwęglan 3х4,namiot pod pomidory,1,0,0.0,0.0
2026-08-20,wymiary | poliwęglan 3х4,namiot poliweglan,2,0,0.0,0.0
2026-08-20,wymiary | poliwęglan 3х4,namiot szklarnia,5,0,0.0,0.0
2026-08-20,wymiary | poliwęglan 3х4,namiot szklarniowy,1,0,0.0,0.0
2026-08-20,wymiary | poliwęglan 3х4,namiot warzywny z poliwęglanu,4,1,0.52,0.0
2026-08-20,wymiary | poliwęglan 3х4,namiot z poliwęglanu,1,0,0.0,0.0
2026-08-20,wymiary | poliwęglan 3х4,namiot z poliwęglanu 3x4,2,0,0.0,0.0
2026-08-20,wymiary | poliwęglan 3х4,ogród,2,0,0.0,0.0
2026-08-20,wymiary | poliwęglan 3х4,poliwęglan szklarnie ogrodowe,1,0,0.0,0.0
2026-08-20,wymiary | poliwęglan 3х4,polscy producenci szklarni z poliwęglanu,1,1,1.05,0.0
2026-08-20,wymiary | poliwęglan 3х4,sprzedam szklarnie z poliwęglanu,1,0,0.0,0.0
2026-08-20,wymiary | poliwęglan 3х4,szklarnia,1,0,0.0,0.0
2026-08-20,wymiary | poliwęglan 3х4,szklarnia 3 x 6,1,0,0.0,0.0
2026-08-20,wymiary | poliwęglan 3х4,szklarnia 3x4,5,0,0.0,0.0
2026-08-20,wymiary | poliwęglan 3х4,szklarnia 4x4,1,0,0.0,0.0
2026-08-20,wymiary | poliwęglan 3х4,szklarnia 4x8,2,0,0.0,0.0
2026-08-20,wymiary | poliwęglan 3х4,szklarnia całoroczna,2,0,0.0,0.0
2026-08-20,wymiary | poliwęglan 3х4,szklarnia na pomidory,1,0,0.0,0.0
2026-08-20,wymiary | poliwęglan 3х4,szklarnia namiot,2,0,0.0,0.0
2026-08-20,wymiary | poliwęglan 3х4,szklarnia ogrodowa,4,0,0.0,0.0
2026-08-20,wymiary | poliwęglan 3х4,szklarnia ogrodowa 2.5 x4,1,0,0.0,0.0
2026-08-20,wymiary | poliwęglan 3х4,szklarnia ogrodowa 3x4,1,0,0.0,0.0
2026-08-20,wymiary | poliwęglan 3х4,szklarnia ogrodowa 3x4 z poliwęglanu solid mocna,2,0,0.0,0.0
2026-08-20,wymiary | poliwęglan 3х4,szklarnia ogrodowa poliwęglan,1,0,0.0,0.0
2026-08-20,wymiary | poliwęglan 3х4,szklarnia ogrodowa z poliwęglanu,1,0,0.0,0.0
2026-08-20,wymiary | poliwęglan 3х4,szklarnia poliwęglan,4,0,0.0,0.0
2026-08-20,wymiary | poliwęglan 3х4,szklarnia poliwęglan 3x4,7,0,0.0,0.0
2026-08-20,wymiary | poliwęglan 3х4,szklarnia poliwęglan 3x4 6mm,2,0,0.0,0.0
2026-08-20,wymiary | poliwęglan 3х4,szklarnia poliwęglan 3x8,1,0,0.0,0.0
2026-08-20,wymiary | poliwęglan 3х4,szklarnia przy domu,1,0,0.0,0.0
2026-08-20,wymiary | poliwęglan 3х4,szklarnia tunel,2,0,0.0,0.0
2026-08-20,wymiary | poliwęglan 3х4,szklarnia tunelowa,1,0,0.0,0.0
2026-08-20,wymiary | poliwęglan 3х4,szklarnia z poliweglanu,6,0,0.0,0.0
2026-08-20,wymiary | poliwęglan 3х4,szklarnia z poliwęglanu 3 x 4,2,0,0.0,0.0
2026-08-20,wymiary | poliwęglan 3х4,szklarnia z poliwęglanu 3x4,8,1,0.19,0.0
2026-08-20,wymiary | poliwęglan 3х4,szklarnia z poliwęglanu 3x4 6mm,1,0,0.0,0.0
2026-08-20,wymiary | poliwęglan 3х4,szklarnia z poliwęglanu 3x4 cena,4,0,0.0,0.0
2026-08-20,wymiary | poliwęglan 3х4,szklarnia z poliwęglanu 3x4 polski producent,1,0,0.0,0.0
2026-08-20,wymiary | poliwęglan 3х4,szklarnia z poliwęglanu 3x4 producent,3,1,0.33,0.0
2026-08-20,wymiary | poliwęglan 3х4,szklarnia z poliwęglanu 3x4 z fundamentem,4,0,0.0,0.0
2026-08-20,wymiary | poliwęglan 3х4,szklarnia z poliwęglanu 4x6,1,0,0.0,0.0
2026-08-20,wymiary | poliwęglan 3х4,szklarnia z poliwęglanu 6 mm,1,0,0.0,0.0
2026-08-20,wymiary | poliwęglan 3х4,szklarnia z poliwęglanu komorowego,1,0,0.0,0.0
2026-08-20,wymiary | poliwęglan 3х4,szklarnia z poliwęglanu najtaniej,1,0,0.0,0.0
2026-08-20,wymiary | poliwęglan 3х4,szklarnia z poliwęglanu promocja,1,0,0.0,0.0
2026-08-20,wymiary | poliwęglan 3х4,szklarnia z poliwęglanu tunel,2,0,0.0,0.0
2026-08-20,wymiary | poliwęglan 3х4,szklarnia z poliwęglanu z fundamentem,1,0,0.0,0.0
2026-08-20,wymiary | poliwęglan 3х4,szklarnie,3,1,0.29,0.0
2026-08-20,wymiary | poliwęglan 3х4,szklarnie lesznowola,1,0,0.0,0.0
2026-08-20,wymiary | poliwęglan 3х4,szklarnie na wymiar,1,0,0.0,0.0
2026-08-20,wymiary | poliwęglan 3х4,szklarnie ogrodowe,3,0,0.0,0.0
2026-08-20,wymiary | poliwęglan 3х4,szklarnie ogrodowe wyprzedaż,2,0,0.0,0.0
2026-08-20,wymiary | poliwęglan 3х4,szklarnie przydomowe,1,0,0.0,0.0
2026-08-20,wymiary | poliwęglan 3х4,szklarnie z poliwęglanu,45,4,1.64,0.0
2026-08-20,wymiary | poliwęglan 3х4,szklarnie z poliwęglanu 3x4,8,0,0.0,0.0
2026-08-20,wymiary | poliwęglan 3х4,szklarnie z poliwęglanu ceny,1,0,0.0,0.0
2026-08-20,wymiary | poliwęglan 3х4,szklarnie z poliwęglanu polski producent,1,0,0.0,0.0
2026-08-20,wymiary | poliwęglan 3х4,szklarnie z poliwęglanu rzeszów,1,0,0.0,0.0
2026-08-20,wymiary | poliwęglan 3х4,tunel na pomidory,2,0,0.0,0.0
2026-08-20,wymiary | poliwęglan 3х4,tunel na pomidory z poliwęglanu,2,0,0.0,0.0
2026-08-20,wymiary | poliwęglan 3х4,tunel na warzywa,1,0,0.0,0.0
2026-08-20,wymiary | poliwęglan 3х4,tunel ogrodowy,29,1,0.21,0.0
2026-08-20,wymiary | poliwęglan 3х4,tunel ogrodowy 3x4,3,0,0.0,0.0
2026-08-20,wymiary | poliwęglan 3х4,tunel ogrodowy 3x6,3,0,0.0,0.0
2026-08-20,wymiary | poliwęglan 3х4,tunel ogrodowy mocny,1,0,0.0,0.0
2026-08-20,wymiary | poliwęglan 3х4,tunel ogrodowy poliwęglan,2,0,0.0,0.0
2026-08-20,wymiary | poliwęglan 3х4,tunel ogrodowy poliwęglan 3x4,2,0,0.0,0.0
2026-08-20,wymiary | poliwęglan 3х4,tunel ogrodowy wyprzedaż,3,0,0.0,0.0
2026-08-20,wymiary | poliwęglan 3х4,tunel poliwęglan,3,0,0.0,0.0
2026-08-20,wymiary | poliwęglan 3х4,tunel poliwęglan 3x8,1,0,0.0,0.0
2026-08-20,wymiary | poliwęglan 3х4,tunel poliwęglanowy,4,0,0.0,0.0
2026-08-20,wymiary | poliwęglan 3х4,tunel szklarnia,3,1,0.22,0.0
2026-08-20,wymiary | poliwęglan 3х4,tunel szklarnia poliwęglan,2,0,0.0,0.0
2026-08-20,wymiary | poliwęglan 3х4,tunel szklarniowy,1,0,0.0,0.0
2026-08-20,wymiary | poliwęglan 3х4,tunel z poliweglanu 3x4,1,0,0.0,0.0
2026-08-20,wymiary | poliwęglan 3х4,tunel z poliwęglanu,6,0,0.0,0.0
2026-08-20,wymiary | poliwęglan 3х4,tunel z poliwęglanu 3 x 4,1,0,0.0,0.0
2026-08-20,wymiary | poliwęglan 3х4,tunel z poliwęglanu 3x4,7,1,0.4,0.0
2026-08-20,wymiary | poliwęglan 3х4,tunel z poliwęglanu 3x4 6mm,1,0,0.0,0.0
2026-08-20,wymiary | poliwęglan 3х4,tunel z poliwęglanu 4x10,1,0,0.0,0.0
2026-08-20,wymiary | poliwęglan 3х4,tunel z poliwęglanu 4x6,1,1,0.16,0.0
2026-08-20,wymiary | poliwęglan 3х4,tunele na warzywa,2,1,0.13,0.0
2026-08-20,wymiary | poliwęglan 3х4,tunele ogrodowe,5,0,0.0,0.0
2026-08-20,wymiary | poliwęglan 3х4,tunele z poliwęglanu 3 x 4,2,0,0.0,0.0
2026-08-20,wymiary | poliwęglan 3х2,szklarnia ogrodowa,1,0,0.0,0.0
2026-08-20,cieplarnie z poliwęglanu,cieplarnie z poliwęglanu,2,0,0.0,0.0
2026-08-20,namioty z poliwęglanu,namiot ogrodniczy z poliwęglanu,1,0,0.0,0.0
2026-08-20,namioty z poliwęglanu,namiot ogrodowy 3x6 z poliwęglanu,2,0,0.0,0.0
2026-08-20,namioty z poliwęglanu,namiot ogrodowy poliwęglan,1,0,0.0,0.0
2026-08-20,szklarnie z poliwęglanu [exact],szklarnia z poliwęglanu,109,2,1.32,0.0
2026-08-20,szklarnie z poliwęglanu [phrase],najlepsza szklarnia z poliwęglanu,1,0,0.0,0.0
2026-08-20,szklarnie z poliwęglanu [phrase],poliwęglan szklarnie ogrodowe,2,0,0.0,0.0
2026-08-20,szklarnie z poliwęglanu [phrase],poliwęglanowe szklarnie,1,0,0.0,0.0
2026-08-20,szklarnie z poliwęglanu [phrase],polscy producenci szklarni z poliwęglanu,2,0,0.0,0.0
2026-08-20,szklarnie z poliwęglanu [phrase],polskie szklarnie z poliwęglanu,1,0,0.0,0.0
2026-08-20,szklarnie z poliwęglanu [phrase],producent szklarni z poliwęglanu,2,0,0.0,0.0
2026-08-20,szklarnie z poliwęglanu [phrase],profimet,10,3,1.14,0.0
2026-08-20,szklarnie z poliwęglanu [phrase],profimet szklarnie,1,1,0.91,0.0
2026-08-20,szklarnie z poliwęglanu [phrase],szklarnia do ogrodu,1,0,0.0,0.0
2026-08-20,szklarnie z poliwęglanu [phrase],szklarnia ogrodowa,4,0,0.0,0.0
2026-08-20,szklarnie z poliwęglanu [phrase],szklarnia ogrodowa z poliwęglanu,1,0,0.0,0.0
2026-08-20,szklarnie z poliwęglanu [phrase],szklarnia plastikowa,2,0,0.0,0.0
2026-08-20,szklarnie z poliwęglanu [phrase],szklarnia poliweglan,2,0,0.0,0.0
2026-08-20,szklarnie z poliwęglanu [phrase],szklarnia poliwęglan,1,0,0.0,0.0
2026-08-20,szklarnie z poliwęglanu [phrase],szklarnia poliwęglanowa,1,0,0.0,0.0
2026-08-20,szklarnie z poliwęglanu [phrase],szklarnia pro,1,0,0.0,0.0
2026-08-20,szklarnie z poliwęglanu [phrase],szklarnia z poliweglanu,2,0,0.0,0.0
2026-08-20,szklarnie z poliwęglanu [phrase],szklarnia z poliwęglanu 2.5 x5,1,1,0.21,0.0
2026-08-20,szklarnie z poliwęglanu [phrase],szklarnia z poliwęglanu 4x12,2,0,0.0,0.0
2026-08-20,szklarnie z poliwęglanu [phrase],szklarnia z poliwęglanu 4x6,1,0,0.0,0.0
2026-08-20,szklarnie z poliwęglanu [phrase],szklarnia z poliwęglanu 4x6 producent,2,0,0.0,0.0
2026-08-20,szklarnie z poliwęglanu [phrase],szklarnia z poliwęglanu 6mm,2,1,0.23,0.0
2026-08-20,szklarnie z poliwęglanu [phrase],szklarnia z poliwęglanu gaudi,1,0,0.0,0.0
2026-08-20,szklarnie z poliwęglanu [phrase],szklarnia z poliwęglanu na wymiar,1,0,0.0,0.0
2026-08-20,szklarnie z poliwęglanu [phrase],szklarnia z poliwęglanu najtaniej,1,0,0.0,0.0
2026-08-20,szklarnie z poliwęglanu [phrase],szklarnia z poliwęglanu polski producent,3,1,1.41,0.0
2026-08-20,szklarnie z poliwęglanu [phrase],szklarnia z poliwęglanu producent,2,1,0.57,0.0
2026-08-20,szklarnie z poliwęglanu [phrase],szklarnia z poliwęglanu promocja,3,0,0.0,0.0
2026-08-20,szklarnie z poliwęglanu [phrase],szklarnia z poliwęglanu wyprzedaż,1,1,0.27,0.0
2026-08-20,szklarnie z poliwęglanu [phrase],szklarnia z poliwęglanu z fundamentem,1,0,0.0,0.0
2026-08-20,szklarnie z poliwęglanu [phrase],szklarnie do ogrodu,1,0,0.0,0.0
2026-08-20,szklarnie z poliwęglanu [phrase],szklarnie ogrodowe,5,0,0.0,0.0
2026-08-20,szklarnie z poliwęglanu [phrase],szklarnie ogrodowe z poliwęglanu,4,0,0.0,0.0
2026-08-20,szklarnie z poliwęglanu [phrase],szklarnie poliwęglanowe,3,0,0.0,0.0
2026-08-20,szklarnie z poliwęglanu [phrase],szklarnie z poliwęglanu na wymiar,1,1,0.31,0.0
2026-08-20,szklarnie z poliwęglanu [phrase],szklarnie z poliwęglanu polski producent,2,0,0.0,0.0
2026-08-20,szklarnie z poliwęglanu [phrase],warzywniak z poliwęglanu,1,0,0.0,0.0
2026-08-20,szklarnie z poliwęglanu producent,polskie szklarnie z poliwęglanu,1,0,0.0,0.0
2026-08-20,tunele z poliwęglanu,cieplarnia z poliwęglanu,2,0,0.0,0.0
2026-08-20,tunele z poliwęglanu,namiot ogrodniczy z poliwęglanu,1,0,0.0,0.0
2026-08-20,tunele z poliwęglanu,namiot warzywny z poliwęglanu,1,0,0.0,0.0
2026-08-20,tunele z poliwęglanu,tunel na warzywa z poliwęglanu,2,0,0.0,0.0
2026-08-20,tunele z poliwęglanu,tunel ogrodowy z poliwęglanu,1,0,0.0,0.0
2026-08-20,tunele z poliwęglanu,tunel poliweglan,1,0,0.0,0.0
2026-08-20,tunele z poliwęglanu,tunel poliwęglan 3x8,3,1,0.39,0.0
2026-08-20,tunele z poliwęglanu,tunel poliwęglan 4x6,3,0,0.0,0.0
2026-08-20,tunele z poliwęglanu,tunel z poliwęglanu,4,0,0.0,0.0
2026-08-20,tunele z poliwęglanu,tunel z poliwęglanu 3x2,1,0,0.0,0.0
2026-08-20,tunele z poliwęglanu,tunel z poliwęglanu 3x8,1,0,0.0,0.0
2026-08-20,tunele z poliwęglanu,tunel z poliwęglanu 4x8 cena,2,0,0.0,0.0
2026-08-20,tunele z poliwęglanu,tunel z poliwęglanu 6mm,2,0,0.0,0.0
2026-08-20,tunele z poliwęglanu,tunele z poliwęglanu,16,6,2.05,0.0
2026-08-20,wymiary | poliwęglan 4х8,szklarnia poliwęglan 4x8,1,0,0.0,0.0
2026-08-20,wymiary | poliwęglan 4х8,szklarnia z poliwęglanu 4x8,1,2,1.0,0.0
2026-08-20,wymiary | poliwęglan 4х8,tunel z poliwęglanu 4x8,4,0,0.0,0.0
2026-08-20,wymiary | poliwęglan 2х4,alistan agro poliwęglan,1,0,0.0,0.0
2026-08-20,wymiary | poliwęglan 2х4,farmer rzezawa,1,0,0.0,0.0
2026-08-20,wymiary | poliwęglan 2х4,poliweglan,1,0,0.0,0.0
2026-08-20,wymiary | poliwęglan 2х4,producent poliwęglanu,2,0,0.0,0.0
2026-08-20,wymiary | poliwęglan 2х4,szklarnia,2,1,0.23,0.0
2026-08-20,wymiary | poliwęglan 2х4,szklarnia 2.5 x4,1,0,0.0,0.0
2026-08-20,wymiary | poliwęglan 2х4,szklarnia ogrodowa 2.5 x4,2,0,0.0,0.0
2026-08-20,wymiary | poliwęglan 2х4,szklarnia ogrodowa 2x4,3,0,0.0,0.0
2026-08-20,wymiary | poliwęglan 2х4,szklarnia poliwęglan 2x4,1,0,0.0,0.0
2026-08-20,wymiary | poliwęglan 2х4,szklarnia z poliweglanu,2,0,0.0,0.0
2026-08-20,wymiary | poliwęglan 2х4,szklarnia z poliwęglanu 2x4,7,0,0.0,0.0
2026-08-20,wymiary | poliwęglan 2х4,szklarnia z poliwęglanu 3x4,1,0,0.0,0.0
2026-08-20,wymiary | poliwęglan 2х4,szklarnie przydomowe,3,0,0.0,0.0
2026-08-20,wymiary | poliwęglan 2х4,szklarnie z poliwęglanu,3,0,0.0,0.0
2026-08-20,wymiary | poliwęglan 2х4,tanie szklarnie ogrodowe,1,0,0.0,0.0
2026-08-20,wymiary | poliwęglan 2х4,tunel 12x4,1,0,0.0,0.0
2026-08-20,wymiary | poliwęglan 2х4,tunel na pomidory,1,0,0.0,0.0
2026-08-20,wymiary | poliwęglan 2х4,tunel ogrodowy,1,0,0.0,0.0
2026-08-20,wymiary | poliwęglan 2х4,tunel ogrodowy 2x4,1,0,0.0,0.0
2026-08-20,wymiary | poliwęglan 2х4,tunel z poliwęglanu 2x4,2,0,0.0,0.0
2026-08-20,mala szklarnia z poliweglanu,cieplarki z poliwęglanu,1,0,0.0,0.0
2026-08-20,mala szklarnia z poliweglanu,cieplarnia pl,5,0,0.0,0.0
2026-08-20,mala szklarnia z poliweglanu,farmer rzezawa,1,0,0.0,0.0
2026-08-20,mala szklarnia z poliweglanu,jakie szklarnie polecacie,1,0,0.0,0.0
2026-08-20,mala szklarnia z poliweglanu,mam szklarnie pl,2,0,0.0,0.0
2026-08-20,mala szklarnia z poliweglanu,mała szklarnia ogrodowa,1,0,0.0,0.0
2026-08-20,mala szklarnia z poliweglanu,małe szklarnie,1,0,0.0,0.0
2026-08-20,mala szklarnia z poliweglanu,pewna szklarnia,1,0,0.0,0.0
2026-08-20,mala szklarnia z poliweglanu,polski producent szklarni ogrodowych,1,0,0.0,0.0
2026-08-20,mala szklarnia z poliweglanu,polskie szklarnie,1,0,0.0,0.0
2026-08-20,mala szklarnia z poliweglanu,profimet szklarnie,1,0,0.0,0.0
2026-08-20,mala szklarnia z poliweglanu,s2020 pl,1,0,0.0,0.0
2026-08-20,mala szklarnia z poliweglanu,superszklarnie pl,2,1,0.19,0.0
2026-08-20,mala szklarnia z poliweglanu,szklarnia,5,0,0.0,0.0
2026-08-20,mala szklarnia z poliweglanu,szklarnia 180x300,1,1,0.32,0.0
2026-08-20,mala szklarnia z poliweglanu,szklarnia 2.5 x3,3,0,0.0,0.0
2026-08-20,mala szklarnia z poliweglanu,szklarnia 2x2,1,0,0.0,0.0
2026-08-20,mala szklarnia z poliweglanu,szklarnia na podmurowce,1,0,0.0,0.0
2026-08-20,mala szklarnia z poliweglanu,szklarnia namiot,2,0,0.0,0.0
2026-08-20,mala szklarnia z poliweglanu,szklarnia ocieplana,1,0,0.0,0.0
2026-08-20,mala szklarnia z poliweglanu,szklarnia poliwęglan 2x2,5,0,0.0,0.0
2026-08-20,mala szklarnia z poliweglanu,szklarnia tanio,1,0,0.0,0.0
2026-08-20,mala szklarnia z poliweglanu,szklarnia victoria,1,0,0.0,0.0
2026-08-20,mala szklarnia z poliweglanu,szklarnia z poliweglanu,1,0,0.0,0.0
2026-08-20,mala szklarnia z poliweglanu,szklarnia z poliweglanu 3x8,2,1,0.57,0.0
2026-08-20,mala szklarnia z poliweglanu,szklarnia z poliwęglanu promocja,1,0,0.0,0.0
2026-08-20,mala szklarnia z poliweglanu,szklarnia z poliwęglanu z fundamentem,1,0,0.0,0.0
2026-08-20,mala szklarnia z poliweglanu,szklarnie,2,0,0.0,0.0
2026-08-20,mala szklarnia z poliweglanu,szklarnie ogrodowe wyprzedaż,1,0,0.0,0.0
2026-08-20,mala szklarnia z poliweglanu,szklarnie poliuretanowe,2,0,0.0,0.0
2026-08-20,mala szklarnia z poliweglanu,szklarnie przydomowe,2,0,0.0,0.0
2026-08-20,mala szklarnia z poliweglanu,szklarnie sprzedam,2,2,1.14,0.0
2026-08-20,mala szklarnia z poliweglanu,z poliwęglanu,1,0,0.0,0.0
2026-08-21,wymiary | poliwęglan 3х6,ile kosztuje szklarnia z poliwęglanu 3 x 6,2,0,0.0,0.0
2026-08-21,wymiary | poliwęglan 3х6,namiot z poliwęglanu 3x6,5,0,0.0,0.0
2026-08-21,wymiary | poliwęglan 3х6,szklarni z poliwęglanu 3x6,6,0,0.0,0.0
2026-08-21,wymiary | poliwęglan 3х6,szklarnia 3x6,2,0,0.0,0.0
2026-08-21,wymiary | poliwęglan 3х6,szklarnia poliwęglan 3x6,3,0,0.0,0.0
2026-08-21,wymiary | poliwęglan 3х6,szklarnia z poliwęglanu 3x6,8,1,0.28,0.0
2026-08-21,wymiary | poliwęglan 3х6,szklarnia z poliwęglanu 3x6 6 mm,1,0,0.0,0.0
2026-08-21,wymiary | poliwęglan 3х6,szklarnia z poliwęglanu 3x6 6mm,2,0,0.0,0.0
2026-08-21,wymiary | poliwęglan 3х6,szklarnia z poliwęglanu 3x6 producent,2,0,0.0,0.0
2026-08-21,wymiary | poliwęglan 3х6,szklarnia z poliwęglanu 3x6 producent 6mm,1,0,0.0,0.0
2026-08-21,wymiary | poliwęglan 3х6,szklarnia z poliwęglanu 3x6 promocja,6,1,0.23,0.0
2026-08-21,wymiary | poliwęglan 3х6,szklarnia z poliwęglanu 3x6 wyprzedaż,1,0,0.0,0.0
2026-08-21,wymiary | poliwęglan 3х6,szklarnia z poliwęglanu 3x6m,1,0,0.0,0.0
2026-08-21,wymiary | poliwęglan 3х6,szklarnie z poliwęglanu 3x6,1,1,0.22,0.0
2026-08-21,wymiary | poliwęglan 3х6,tunel ogrodowy 3x6 z poliwęglanu,2,0,0.0,0.0
2026-08-21,wymiary | poliwęglan 3х6,tunel poliweglan 3x6,1,0,0.0,0.0
2026-08-21,wymiary | poliwęglan 3х6,tunel poliwęglan 3x6,1,0,0.0,0.0
2026-08-21,wymiary | poliwęglan 3х6,tunel z poliwęglanu 3x6,2,0,0.0,0.0
2026-08-21,wymiary | poliwęglan 3х6,tunel z poliwęglanu 3x6 producent,2,2,0.5,0.0
2026-08-21,wymiary | poliwęglan 3х6,tunel z poliwęglanu 3x6m,3,0,0.0,0.0
2026-08-21,wymiary | poliwęglan 3х4,cieplarnia poliwęglanowa,1,0,0.0,0.0
2026-08-21,wymiary | poliwęglan 3х4,gotowa szklarnia,1,0,0.0,0.0
2026-08-21,wymiary | poliwęglan 3х4,jakiej firmy szklarnia z poliwęglanu,2,1,0.28,0.0
2026-08-21,wymiary | poliwęglan 3х4,mała szklarnia,1,0,0.0,0.0
2026-08-21,wymiary | poliwęglan 3х4,mały tunel z poliwęglanu,1,0,0.0,0.0
2026-08-21,wymiary | poliwęglan 3х4,najtańsze szklarnie z poliwęglanu,1,0,0.0,0.0
2026-08-21,wymiary | poliwęglan 3х4,namiot na warzywa,1,0,0.0,0.0
2026-08-21,wymiary | poliwęglan 3х4,namiot szklarnia,1,0,0.0,0.0
2026-08-21,wymiary | poliwęglan 3х4,namiot szklarnia z poliwęglanu,1,0,0.0,0.0
2026-08-21,wymiary | poliwęglan 3х4,namiot warzywny z poliwęglanu,2,0,0.0,0.0
2026-08-21,wymiary | poliwęglan 3х4,polscy producenci szklarni z poliwęglanu,1,0,0.0,0.0
2026-08-21,wymiary | poliwęglan 3х4,szklarni z poliwęglanu,1,0,0.0,0.0
2026-08-21,wymiary | poliwęglan 3х4,szklarnia,3,0,0.0,0.0
2026-08-21,wymiary | poliwęglan 3х4,szklarnia 2.5 x4,2,0,0.0,0.0
2026-08-21,wymiary | poliwęglan 3х4,szklarnia 3 x 4,1,0,0.0,0.0
2026-08-21,wymiary | poliwęglan 3х4,szklarnia 3 x 4 m,2,0,0.0,0.0
2026-08-21,wymiary | poliwęglan 3х4,szklarnia 3x4,2,0,0.0,0.0
2026-08-21,wymiary | poliwęglan 3х4,szklarnia 4x6,1,0,0.0,0.0
2026-08-21,wymiary | poliwęglan 3х4,szklarnia 6x3,2,0,0.0,0.0
2026-08-21,wymiary | poliwęglan 3х4,szklarnia do warzyw,1,0,0.0,0.0
2026-08-21,wymiary | poliwęglan 3х4,szklarnia namiot,1,0,0.0,0.0
2026-08-21,wymiary | poliwęglan 3х4,szklarnia ogrodowa,6,0,0.0,0.0
2026-08-21,wymiary | poliwęglan 3х4,szklarnia ogrodowa 3x4,1,0,0.0,0.0
2026-08-21,wymiary | poliwęglan 3х4,szklarnia ogrodowa 3x4 z poliwęglanu solid mocna,1,0,0.0,0.0
2026-08-21,wymiary | poliwęglan 3х4,szklarnia ogrodowa 3x8,1,0,0.0,0.0
2026-08-21,wymiary | poliwęglan 3х4,szklarnia ogrodowa z poliwęglanu 3x4,1,1,0.23,0.0
2026-08-21,wymiary | poliwęglan 3х4,szklarnia poliwęglan,5,0,0.0,0.0
2026-08-21,wymiary | poliwęglan 3х4,szklarnia poliwęglan 3x4,1,0,0.0,0.0
2026-08-21,wymiary | poliwęglan 3х4,szklarnia poliwęglan 6mm,1,0,0.0,0.0
2026-08-21,wymiary | poliwęglan 3х4,szklarnia z poliwęglanu 3 x 4,1,0,0.0,0.0
2026-08-21,wymiary | poliwęglan 3х4,szklarnia z poliwęglanu 3x4,6,0,0.0,0.0
2026-08-21,wymiary | poliwęglan 3х4,szklarnia z poliwęglanu 3x4 6mm,4,0,0.0,0.0
2026-08-21,wymiary | poliwęglan 3х4,szklarnia z poliwęglanu 3x4 producent,4,0,0.0,0.0
2026-08-21,wymiary | poliwęglan 3х4,szklarnia z poliwęglanu 3x8 6mm,1,0,0.0,0.0
2026-08-21,wymiary | poliwęglan 3х4,szklarnia z rynnami,1,0,0.0,0.0
2026-08-21,wymiary | poliwęglan 3х4,szklarnie,2,1,0.51,0.0
2026-08-21,wymiary | poliwęglan 3х4,szklarnie ogrodowe wyprzedaż,1,0,0.0,0.0
2026-08-21,wymiary | poliwęglan 3х4,szklarnie poliuretanowe,3,0,0.0,0.0
2026-08-21,wymiary | poliwęglan 3х4,szklarnie poliwęglan,1,0,0.0,0.0
2026-08-21,wymiary | poliwęglan 3х4,szklarnie poliwęglanowe,1,0,0.0,0.0
2026-08-21,wymiary | poliwęglan 3х4,szklarnie z poliwęglanu,41,5,1.66,0.0
2026-08-21,wymiary | poliwęglan 3х4,szklarnie z poliwęglanu 3x4,2,0,0.0,0.0
2026-08-21,wymiary | poliwęglan 3х4,szklarnie z poliwęglanu białystok,1,0,0.0,0.0
2026-08-21,wymiary | poliwęglan 3х4,szklarnie z poliwęglanu rzeszów,1,1,0.15,0.0
2026-08-21,wymiary | poliwęglan 3х4,tanie szklarnie z poliwęglanu,1,0,0.0,0.0
2026-08-21,wymiary | poliwęglan 3х4,tunel na pomidory,1,0,0.0,0.0
2026-08-21,wymiary | poliwęglan 3х4,tunel ogrodowy,9,0,0.0,0.0
2026-08-21,wymiary | poliwęglan 3х4,tunel ogrodowy 10m,1,0,0.0,0.0
2026-08-21,wymiary | poliwęglan 3х4,tunel ogrodowy 3x4,1,0,0.0,0.0
2026-08-21,wymiary | poliwęglan 3х4,tunel ogrodowy 3x6,3,0,0.0,0.0
2026-08-21,wymiary | poliwęglan 3х4,tunel ogrodowy szklarnia,1,0,0.0,0.0
2026-08-21,wymiary | poliwęglan 3х4,tunel ogrodowy z drzwiami na zawiasie,1,0,0.0,0.0
2026-08-21,wymiary | poliwęglan 3х4,tunel ogrodowy z poliwęglanu,1,0,0.0,0.0
2026-08-21,wymiary | poliwęglan 3х4,tunel ogrodowy z poliwęglanu 3x4,2,0,0.0,0.0
2026-08-21,wymiary | poliwęglan 3х4,tunel poliwęglan,1,0,0.0,0.0
2026-08-21,wymiary | poliwęglan 3х4,tunel szklarnia,2,0,0.0,0.0
2026-08-21,wymiary | poliwęglan 3х4,tunel warzywny,1,0,0.0,0.0
2026-08-21,wymiary | poliwęglan 3х4,tunel z poliweglanu,1,0,0.0,0.0
2026-08-21,wymiary | poliwęglan 3х4,tunel z poliwęglanu,11,0,0.0,0.0
2026-08-21,wymiary | poliwęglan 3х4,tunel z poliwęglanu 2x6,1,0,0.0,0.0
2026-08-21,wymiary | poliwęglan 3х4,tunel z poliwęglanu 3x4,4,2,0.28,0.0
2026-08-21,wymiary | poliwęglan 3х4,tunel z poliwęglanu 3x4 producent,1,0,0.0,0.0
2026-08-21,wymiary | poliwęglan 3х4,tunele do warzyw,1,0,0.0,0.0
2026-08-21,wymiary | poliwęglan 3х2,szklarnia 3x2,1,0,0.0,0.0
2026-08-21,wymiary | poliwęglan 3х2,szklarnia poliwęglan 3x2,1,0,0.0,0.0
2026-08-21,wymiary | poliwęglan 3х2,szklarnia z poliwęglanu 3x2,2,0,0.0,0.0
2026-08-21,cieplarnie z poliwęglanu,cieplarnia poliwęglanowa,1,1,0.47,0.0
2026-08-21,namioty z poliwęglanu,namiot z poliwęglanu,1,0,0.0,0.0
2026-08-21,namioty z poliwęglanu,namioty z poliwęglanu,2,1,0.06,0.0
2026-08-21,szklarnie z poliwęglanu [exact],szklarnia ogrodowa z poliwęglanu,1,0,0.0,0.0
2026-08-21,szklarnie z poliwęglanu [exact],szklarnia z poliwęglanu,68,3,1.75,0.0
2026-08-21,szklarnie z poliwęglanu [phrase],cieplarnia z poliwęglanu,1,0,0.0,0.0
2026-08-21,szklarnie z poliwęglanu [phrase],poligreen szklarnie,1,0,0.0,0.0
2026-08-21,szklarnie z poliwęglanu [phrase],poliszklarnia_pl,2,0,0.0,0.0
2026-08-21,szklarnie z poliwęglanu [phrase],polscy producenci szklarni z poliwęglanu,1,0,0.0,0.0
2026-08-21,szklarnie z poliwęglanu [phrase],polskie szklarnie z poliwęglanu,1,0,0.0,0.0
2026-08-21,szklarnie z poliwęglanu [phrase],profimet,4,0,0.0,0.0
2026-08-21,szklarnie z poliwęglanu [phrase],profimet szklarnie,10,4,2.19,0.0
2026-08-21,szklarnie z poliwęglanu [phrase],szklarnia 3x8 poliwęglan,1,0,0.0,0.0
2026-08-21,szklarnie z poliwęglanu [phrase],szklarnia 4x6 poliwęglan,1,0,0.0,0.0
2026-08-21,szklarnie z poliwęglanu [phrase],szklarnia ogrodowa,4,0,0.0,0.0
2026-08-21,szklarnie z poliwęglanu [phrase],szklarnia ogrodowa z poliwęglanu,2,0,0.0,0.0
2026-08-21,szklarnie z poliwęglanu [phrase],szklarnia poliwęglan,1,0,0.0,0.0
2026-08-21,szklarnie z poliwęglanu [phrase],szklarnia poliwęglan 6 mm,1,0,0.0,0.0
2026-08-21,szklarnie z poliwęglanu [phrase],szklarnia poliwęglan 6mm,1,0,0.0,0.0
2026-08-21,szklarnie z poliwęglanu [phrase],szklarnia z poliwęglanu 2x6,1,0,0.0,0.0
2026-08-21,szklarnie z poliwęglanu [phrase],szklarnia z poliwęglanu 3x8 6mm,1,0,0.0,0.0
2026-08-21,szklarnie z poliwęglanu [phrase],szklarnia z poliwęglanu 3x8 producent,2,1,0.97,0.0
2026-08-21,szklarnie z poliwęglanu [phrase],szklarnia z poliwęglanu 4x6,2,0,0.0,0.0
2026-08-21,szklarnie z poliwęglanu [phrase],szklarnia z poliwęglanu 4x6 producent,1,0,0.0,0.0
2026-08-21,szklarnie z poliwęglanu [phrase],szklarnia z poliwęglanu 6mm,1,0,0.0,0.0
2026-08-21,szklarnie z poliwęglanu [phrase],szklarnia z poliwęglanu jaką wybrać,1,0,0.0,0.0
2026-08-21,szklarnie z poliwęglanu [phrase],szklarnia z przezroczystego poliwęglanu,1,0,0.0,0.0
2026-08-21,szklarnie z poliwęglanu [phrase],szklarnie ogrodowe z poliwęglanu,4,0,0.0,0.0
2026-08-21,szklarnie z poliwęglanu [phrase],szklarnie poliuretanowe,2,1,0.27,0.5
2026-08-21,szklarnie z poliwęglanu [phrase],szklarnie poliwęglan,1,0,0.0,0.0
2026-08-21,szklarnie z poliwęglanu [phrase],szklarnie profimet,2,1,0.02,0.0
2026-08-21,szklarnie z poliwęglanu [phrase],szklarnie z poliweglanu,1,1,0.77,0.0
2026-08-21,szklarnie z poliwęglanu [phrase],szklarnie z poliwęglanu białystok,1,0,0.0,0.0
2026-08-21,szklarnie z poliwęglanu [phrase],szklarnie z poliwęglanu polski producent,1,0,0.0,0.0
2026-08-21,szklarnie z poliwęglanu [phrase],tunel z poliwęglanu 2x6,1,0,0.0,0.0
2026-08-21,tunele z poliwęglanu,ile kosztuje tunel z poliwęglanu,1,0,0.0,0.0
2026-08-21,tunele z poliwęglanu,tunel poliweglan 6x3,1,0,0.0,0.0
2026-08-21,tunele z poliwęglanu,tunel poliwęglan,2,0,0.0,0.0
2026-08-21,tunele z poliwęglanu,tunel poliwęglan 3x8,1,0,0.0,0.0
2026-08-21,tunele z poliwęglanu,tunel poliwęglanowy,2,0,0.0,0.0
2026-08-21,tunele z poliwęglanu,tunel z poliwęglanu,5,0,0.0,0.0
2026-08-21,tunele z poliwęglanu,tunel z poliwęglanu 3x8,4,0,0.0,0.0
2026-08-21,tunele z poliwęglanu,tunel z poliwęglanu 4x10,2,1,0.31,0.0
2026-08-21,tunele z poliwęglanu,tunele ogrodowe z poliwęglanu,1,0,0.0,0.0
2026-08-21,tunele z poliwęglanu,tunele poliwęglanowe,2,2,0.5,0.0
2026-08-21,tunele z poliwęglanu,tunele z poliwęglanu,8,1,0.2,0.0
2026-08-21,wymiary | poliwęglan 4х8,szklarnie z poliwęglanu 4x8,2,0,0.0,0.0
2026-08-21,wymiary | poliwęglan 2х4,mała szklarnia,1,0,0.0,0.0
2026-08-21,wymiary | poliwęglan 2х4,namiot na warzywa z poliwęglanu,1,1,0.13,0.0
2026-08-21,wymiary | poliwęglan 2х4,namiot warzywny z poliwęglanu,1,0,0.0,0.0
2026-08-21,wymiary | poliwęglan 2х4,skladanie szklarni poliweglan,1,0,0.0,0.0
2026-08-21,wymiary | poliwęglan 2х4,szklarnia 2x4,1,0,0.0,0.0
2026-08-21,wymiary | poliwęglan 2х4,szklarnia manieczki,1,0,0.0,0.0
2026-08-21,wymiary | poliwęglan 2х4,szklarnia ogrodowa,2,0,0.0,0.0
2026-08-21,wymiary | poliwęglan 2х4,szklarnia z poliwęglanu 2x4,4,1,0.18,0.0
2026-08-21,wymiary | poliwęglan 2х4,szklarnia z poliwęglanu 4 x 6,1,0,0.0,0.0
2026-08-21,wymiary | poliwęglan 2х4,szklarnie z poliwęglanu,1,0,0.0,0.0
2026-08-21,wymiary | poliwęglan 2х4,tunel z poliwęglanu,1,0,0.0,0.0
2026-08-21,wymiary | poliwęglan 2х4,tunele ogrodowe,1,0,0.0,0.0
2026-08-21,mala szklarnia z poliweglanu,alistan,2,0,0.0,0.0
2026-08-21,mala szklarnia z poliweglanu,cena szklarni,1,0,0.0,0.0
2026-08-21,mala szklarnia z poliweglanu,mam szklarnie pl,3,0,0.0,0.0
2026-08-21,mala szklarnia z poliweglanu,mała szklarnia,2,0,0.0,0.0
2026-08-21,mala szklarnia z poliweglanu,mały tunel z poliwęglanu,1,0,0.0,0.0
2026-08-21,mala szklarnia z poliweglanu,pewna szklarnia,1,0,0.0,0.0
2026-08-21,mala szklarnia z poliweglanu,producenci szklarni,2,0,0.0,0.0
2026-08-21,mala szklarnia z poliweglanu,profimet,2,0,0.0,0.0
2026-08-21,mala szklarnia z poliweglanu,profimet szklarnie,1,1,0.59,0.0
2026-08-21,mala szklarnia z poliweglanu,szklarnia 4 x 6,2,0,0.0,0.0
2026-08-21,mala szklarnia z poliweglanu,szklarnia domowa,1,0,0.0,0.0
2026-08-21,mala szklarnia z poliweglanu,szklarnia na cegle,1,0,0.0,0.0
2026-08-21,mala szklarnia z poliweglanu,szklarnia ogrodowa 10m2,1,0,0.0,0.0
2026-08-21,mala szklarnia z poliweglanu,szklarnia ogrodowa wyprzedaż,1,0,0.0,0.0
2026-08-21,mala szklarnia z poliweglanu,szklarnia poliwęglanowa 3 x 6,1,0,0.0,0.0
2026-08-21,mala szklarnia z poliweglanu,szklarnia producent,2,1,0.47,1.0
2026-08-21,mala szklarnia z poliweglanu,szklarnia profimet,2,0,0.0,0.0
2026-08-21,mala szklarnia z poliweglanu,szklarnia przydomowa,1,0,0.0,0.0
2026-08-21,mala szklarnia z poliweglanu,szklarnia w ogrodzie,1,0,0.0,0.0
2026-08-21,mala szklarnia z poliweglanu,szklarnia z poliwęglanu 2x2 5,2,0,0.0,0.0
2026-08-21,mala szklarnia z poliweglanu,szklarnia z poliwęglanu 4x10,1,0,0.0,0.0
2026-08-21,mala szklarnia z poliweglanu,szklarnia z poliwęglanu 4x4,1,0,0.0,0.0
2026-08-21,mala szklarnia z poliweglanu,szklarnia z poliwęglanu wyprzedaż,1,0,0.0,0.0
2026-08-21,mala szklarnia z poliweglanu,szklarnie,2,0,0.0,0.0
2026-08-21,mala szklarnia z poliweglanu,szklarnie polski producent,1,0,0.0,0.0
2026-08-21,mala szklarnia z poliweglanu,szklarnie promocje,1,0,0.0,0.0
2026-08-21,mala szklarnia z poliweglanu,tunele ogrodowe,1,0,0.0,0.0
2026-08-22,wymiary | poliwęglan 3х6,szklarnia 3 x 6,1,0,0.0,0.0
2026-08-22,wymiary | poliwęglan 3х6,szklarnia ogrodowa 3x6,2,0,0.0,0.0
2026-08-22,wymiary | poliwęglan 3х6,szklarnia ogrodowa 3x6m,1,0,0.0,0.0
2026-08-22,wymiary | poliwęglan 3х6,szklarnia poliwęglan 3x6,4,0,0.0,0.0
2026-08-22,wymiary | poliwęglan 3х6,szklarnia z poliwęglanu 3x6,19,0,0.0,0.0
2026-08-22,wymiary | poliwęglan 3х6,szklarnia z poliwęglanu 3x6 6mm,1,0,0.0,0.0
2026-08-22,wymiary | poliwęglan 3х6,szklarnia z poliwęglanu 3x6 producent,5,0,0.0,0.0
2026-08-22,wymiary | poliwęglan 3х6,szklarnia z poliwęglanu 3x6 producent 6mm,1,0,0.0,0.0
2026-08-22,wymiary | poliwęglan 3х6,szklarnia z poliwęglanu 3x6 promocja,4,0,0.0,0.0
2026-08-22,wymiary | poliwęglan 3х6,szklarnia z poliwęglanu 3x6 z fundamentem,1,0,0.0,0.0
2026-08-22,wymiary | poliwęglan 3х6,szklarnia z poliwęglanu 6mm 3x6,1,0,0.0,0.0
2026-08-22,wymiary | poliwęglan 3х6,szklarnie z poliwęglanu 3x6,3,1,0.15,0.0
2026-08-22,wymiary | poliwęglan 3х6,tunel z poliwęglanu 3x6,5,2,0.12,0.0
2026-08-22,wymiary | poliwęglan 3х6,tunel z poliwęglanu 3x6m,3,0,0.0,0.0
2026-08-22,wymiary | poliwęglan 3х4,cieplarnia ogrodowa,1,0,0.0,0.0
2026-08-22,wymiary | poliwęglan 3х4,gotowe szklarnie ogrodowe,1,0,0.0,0.0
2026-08-22,wymiary | poliwęglan 3х4,jaką szklarnię wybrać,1,0,0.0,0.0
2026-08-22,wymiary | poliwęglan 3х4,kupię tunel ogrodowy,2,0,0.0,0.0
2026-08-22,wymiary | poliwęglan 3х4,mocne szklarnie,1,0,0.0,0.0
2026-08-22,wymiary | poliwęglan 3х4,mocne szklarnie z poliwęglanu,1,0,0.0,0.0
2026-08-22,wymiary | poliwęglan 3х4,mocny tunel ogrodowy,3,1,0.18,0.0
2026-08-22,wymiary | poliwęglan 3х4,najlepsza szklarnia z poliwęglanu,1,0,0.0,0.0
2026-08-22,wymiary | poliwęglan 3х4,najlepsze szklarnie ogrodowe,1,0,0.0,0.0
2026-08-22,wymiary | poliwęglan 3х4,namiot szklarnia z poliwęglanu,1,2,0.19,0.0
2026-08-22,wymiary | poliwęglan 3х4,namiot szklarniowy,1,0,0.0,0.0
2026-08-22,wymiary | poliwęglan 3х4,namiot z poliwęglanu,1,0,0.0,0.0
2026-08-22,wymiary | poliwęglan 3х4,poligreen zhuk sp k,1,0,0.0,0.0
2026-08-22,wymiary | poliwęglan 3х4,poliweglan tunel,1,0,0.0,0.0
2026-08-22,wymiary | poliwęglan 3х4,polski producent szklarni z poliwęglanu,1,0,0.0,0.0
2026-08-22,wymiary | poliwęglan 3х4,producent szklarni śląsk,1,1,0.26,0.0
2026-08-22,wymiary | poliwęglan 3х4,szklarnia,2,0,0.0,0.0
2026-08-22,wymiary | poliwęglan 3х4,szklarnia 3 x 6,1,0,0.0,0.0
2026-08-22,wymiary | poliwęglan 3х4,szklarnia 4 x 6,3,0,0.0,0.0
2026-08-22,wymiary | poliwęglan 3х4,szklarnia odporna na wiatr,1,0,0.0,0.0
2026-08-22,wymiary | poliwęglan 3х4,szklarnia ogrodowa,16,0,0.0,0.0
2026-08-22,wymiary | poliwęglan 3х4,szklarnia ogrodowa 3x4,1,0,0.0,0.0
2026-08-22,wymiary | poliwęglan 3х4,szklarnia ogrodowa 3x4 z poliwęglanu solid mocna,1,0,0.0,0.0
2026-08-22,wymiary | poliwęglan 3х4,szklarnia ogrodowa mocna,1,0,0.0,0.0
2026-08-22,wymiary | poliwęglan 3х4,szklarnia poliweglan 3x4,1,0,0.0,0.0
2026-08-22,wymiary | poliwęglan 3х4,szklarnia poliwęglan,5,0,0.0,0.0
2026-08-22,wymiary | poliwęglan 3х4,szklarnia solidna,1,0,0.0,0.0
2026-08-22,wymiary | poliwęglan 3х4,szklarnia weglowa,1,0,0.0,0.0
2026-08-22,wymiary | poliwęglan 3х4,szklarnia z poliweglanu 3x4,1,0,0.0,0.0
2026-08-22,wymiary | poliwęglan 3х4,szklarnia z poliwęglanu 3x4,14,3,1.59,0.0
2026-08-22,wymiary | poliwęglan 3х4,szklarnia z poliwęglanu 3x4 cena,1,0,0.0,0.0
2026-08-22,wymiary | poliwęglan 3х4,szklarnia z poliwęglanu 3x4 producent,1,0,0.0,0.0
2026-08-22,wymiary | poliwęglan 3х4,szklarnia z poliwęglanu 3x6 promocja,1,0,0.0,0.0
2026-08-22,wymiary | poliwęglan 3х4,szklarnie,1,0,0.0,0.0
2026-08-22,wymiary | poliwęglan 3х4,szklarnie ogrodowe,2,0,0.0,0.0
2026-08-22,wymiary | poliwęglan 3х4,szklarnie z poliwęglanu,13,1,0.27,0.0
2026-08-22,wymiary | poliwęglan 3х4,szklarnie z poliwęglanu 3x4,1,0,0.0,0.0
2026-08-22,wymiary | poliwęglan 3х4,szklarnie z poliwęglanu cena,1,0,0.0,0.0
2026-08-22,wymiary | poliwęglan 3х4,tunel na pomidory z poliwęglanu,2,0,0.0,0.0
2026-08-22,wymiary | poliwęglan 3х4,tunel na warzywa,4,0,0.0,0.0
2026-08-22,wymiary | poliwęglan 3х4,tunel ogrodowy,7,2,0.16,0.0
2026-08-22,wymiary | poliwęglan 3х4,tunel ogrodowy 3x4,1,0,0.0,0.0
2026-08-22,wymiary | poliwęglan 3х4,tunel ogrodowy 3x6,5,1,0.17,0.0
2026-08-22,wymiary | poliwęglan 3х4,tunel ogrodowy 6x3,1,0,0.0,0.0
2026-08-22,wymiary | poliwęglan 3х4,tunel ogrodowy mocny,1,0,0.0,0.0
2026-08-22,wymiary | poliwęglan 3х4,tunel ogrodowy na warzywa,1,0,0.0,0.0
2026-08-22,wymiary | poliwęglan 3х4,tunel ogrodowy z poliwęglanu,4,0,0.0,0.0
2026-08-22,wymiary | poliwęglan 3х4,tunel poliwęglan 3x4,1,0,0.0,0.0
2026-08-22,wymiary | poliwęglan 3х4,tunel poliwęglanowy,3,0,0.0,0.0
2026-08-22,wymiary | poliwęglan 3х4,tunel warzywa,1,0,0.0,0.0
2026-08-22,wymiary | poliwęglan 3х4,tunel z poliwęglanu,7,1,0.4,0.0
2026-08-22,wymiary | poliwęglan 3х4,tunel z poliwęglanu 2x6,2,0,0.0,0.0
2026-08-22,wymiary | poliwęglan 3х4,tunel z poliwęglanu 3x4,7,0,0.0,0.0
2026-08-22,wymiary | poliwęglan 3х4,tunel z poliwęglanu 4x6,1,0,0.0,0.0
2026-08-22,wymiary | poliwęglan 3х4,tunele na pomidory,1,0,0.0,0.0
2026-08-22,wymiary | poliwęglan 3х4,tunele ogrodowe,9,0,0.0,0.0
2026-08-22,wymiary | poliwęglan 3х2,szklarnie z poliwęglanu,1,0,0.0,0.0
2026-08-22,namioty z poliwęglanu,namiot na pomidory z poliwęglanu,1,0,0.0,0.0
2026-08-22,namioty z poliwęglanu,namiot warzywny z poliwęglanu,2,0,0.0,0.0
2026-08-22,namioty z poliwęglanu,namiot z poliwęglanu,2,0,0.0,0.0
2026-08-22,namioty z poliwęglanu,namioty z poliwęglanu,6,1,0.13,0.0
2026-08-22,szklarnie z poliwęglanu [exact],szklarnia z poliwęglanu,48,0,0.0,0.0
2026-08-22,szklarnie z poliwęglanu [phrase],mocne szklarnie z poliwęglanu,1,0,0.0,0.0
2026-08-22,szklarnie z poliwęglanu [phrase],najtańsze szklarnie z poliwęglanu,1,0,0.0,0.0
2026-08-22,szklarnie z poliwęglanu [phrase],polski producent szklarni z poliwęglanu,1,1,0.76,0.0
2026-08-22,szklarnie z poliwęglanu [phrase],polskie szklarnie z poliwęglanu,1,0,0.0,0.0
2026-08-22,szklarnie z poliwęglanu [phrase],producent szklarni z poliwęglanu,2,1,0.76,0.0
2026-08-22,szklarnie z poliwęglanu [phrase],szklarnia 3x8,1,0,0.0,0.0
2026-08-22,szklarnie z poliwęglanu [phrase],szklarnia do ogrodu,1,0,0.0,0.0
2026-08-22,szklarnie z poliwęglanu [phrase],szklarnia ogrodowa,16,1,0.15,0.0
2026-08-22,szklarnie z poliwęglanu [phrase],szklarnia ogrodowa pomidor premium poliwęglan 210x405,1,0,0.0,0.0
2026-08-22,szklarnie z poliwęglanu [phrase],szklarnia ogrodowa z poliweglanu,1,0,0.0,0.0
2026-08-22,szklarnie z poliwęglanu [phrase],szklarnia poliweglan,1,0,0.0,0.0
2026-08-22,szklarnie z poliwęglanu [phrase],szklarnia poliwęglan,1,0,0.0,0.0
2026-08-22,szklarnie z poliwęglanu [phrase],szklarnia poliwęglan 4x6,1,1,0.41,0.0
2026-08-22,szklarnie z poliwęglanu [phrase],szklarnia poliwęglanowa,1,0,0.0,0.0
2026-08-22,szklarnie z poliwęglanu [phrase],szklarnia z poliweglanu,2,0,0.0,0.0
2026-08-22,szklarnie z poliwęglanu [phrase],szklarnia z poliwęglanu 2x2 5,2,0,0.0,0.0
2026-08-22,szklarnie z poliwęglanu [phrase],szklarnia z poliwęglanu 3x8,1,0,0.0,0.0
2026-08-22,szklarnie z poliwęglanu [phrase],szklarnia z poliwęglanu 3x8 6mm,1,0,0.0,0.0
2026-08-22,szklarnie z poliwęglanu [phrase],szklarnia z poliwęglanu 4x6,2,0,0.0,0.0
2026-08-22,szklarnie z poliwęglanu [phrase],szklarnia z poliwęglanu białystok,1,0,0.0,0.0
2026-08-22,szklarnie z poliwęglanu [phrase],szklarnia z poliwęglanu wyprzedaż,1,0,0.0,0.0
2026-08-22,szklarnie z poliwęglanu [phrase],szklarnie ogrodowe,5,0,0.0,0.0
2026-08-22,szklarnie z poliwęglanu [phrase],szklarnie ogrodowe z poliwęglanu,5,0,0.0,0.0
2026-08-22,szklarnie z poliwęglanu [phrase],szklarnie poliwęglan,1,0,0.0,0.0
2026-08-22,szklarnie z poliwęglanu [phrase],szklarnie z poliweglanu,2,0,0.0,0.0
2026-08-22,szklarnie z poliwęglanu [phrase],tunel z poliwęglanu 4x6,1,0,0.0,0.0
2026-08-22,szklarnie z poliwęglanu [phrase],tunel z poliwęglanu 6mm,1,0,0.0,0.0
2026-08-22,tunele z poliwęglanu,cieplarnia z poliwęglanu,2,0,0.0,0.0
2026-08-22,tunele z poliwęglanu,namiot na pomidory z poliwęglanu,1,0,0.0,0.0
2026-08-22,tunele z poliwęglanu,namiot na warzywa z poliwęglanu,1,0,0.0,0.0
2026-08-22,tunele z poliwęglanu,namiot warzywny z poliwęglanu,2,0,0.0,0.0
2026-08-22,tunele z poliwęglanu,tunel do warzyw z poliwęglanu,1,0,0.0,0.0
2026-08-22,tunele z poliwęglanu,tunel ogrodowy z poliwęglanu,3,0,0.0,0.0
2026-08-22,tunele z poliwęglanu,tunel poliwęglan 4x6,4,0,0.0,0.0
2026-08-22,tunele z poliwęglanu,tunel poliwęglanowy,3,0,0.0,0.0
2026-08-22,tunele z poliwęglanu,tunel szklarniowy z poliwęglanu,2,0,0.0,0.0
2026-08-22,tunele z poliwęglanu,tunel z poliweglanu,1,0,0.0,0.0
2026-08-22,tunele z poliwęglanu,tunel z poliwęglanu,16,1,0.54,0.0
2026-08-22,tunele z poliwęglanu,tunel z poliwęglanu 2 5x4,1,0,0.0,0.0
2026-08-22,tunele z poliwęglanu,tunel z poliwęglanu 3x8,2,0,0.0,0.0
2026-08-22,tunele z poliwęglanu,tunel z poliwęglanu 4x10,1,0,0.0,0.0
2026-08-22,tunele z poliwęglanu,tunele ogrodowe z poliwęglanu,2,0,0.0,0.0
2026-08-22,tunele z poliwęglanu,tunele z poliweglanu,1,0,0.0,0.0
2026-08-22,tunele z poliwęglanu,tunele z poliwęglanu,9,1,0.41,0.0
2026-08-22,wymiary | poliwęglan 4х6,szklarnie z poliwęglanu 4x6,2,0,0.0,0.0
2026-08-22,wymiary | poliwęglan 4х8,szklarnia poliwęglan 4x8,2,0,0.0,0.0
2026-08-22,wymiary | poliwęglan 4х8,szklarnia z poliwęglanu 4x8,4,0,0.0,0.0
2026-08-22,wymiary | poliwęglan 4х8,tunel z poliwęglanu 4x8,2,0,0.0,0.0
2026-08-22,wymiary | poliwęglan 2х4,alistan agro poliwęglan,1,0,0.0,0.0
2026-08-22,wymiary | poliwęglan 2х4,cieplarki z poliwęglanu,1,0,0.0,0.0
2026-08-22,wymiary | poliwęglan 2х4,merkury market szklarnia,2,0,0.0,0.0
2026-08-22,wymiary | poliwęglan 2х4,poliwęglanowy,1,0,0.0,0.0
2026-08-22,wymiary | poliwęglan 2х4,profimet,1,0,0.0,0.0
2026-08-22,wymiary | poliwęglan 2х4,szklarnia 2x4,1,0,0.0,0.0
2026-08-22,wymiary | poliwęglan 2х4,szklarnia 4x2,1,0,0.0,0.0
2026-08-22,wymiary | poliwęglan 2х4,szklarnia ogrodowa,1,0,0.0,0.0
2026-08-22,wymiary | poliwęglan 2х4,szklarnia ogrodowa 2x4,2,1,0.04,0.0
2026-08-22,wymiary | poliwęglan 2х4,szklarnia ogrodowa tunel,1,0,0.0,0.0
2026-08-22,wymiary | poliwęglan 2х4,szklarnia z poliweglanu 2x4,1,0,0.0,0.0
2026-08-22,wymiary | poliwęglan 2х4,szklarnia z poliwęglanu 2x4,1,0,0.0,0.0
2026-08-22,wymiary | poliwęglan 2х4,szklarnia z poliwęglanu 3x4,1,1,0.63,0.0
2026-08-22,wymiary | poliwęglan 2х4,szklarnie z poliwęglanu,1,0,0.0,0.0
2026-08-22,wymiary | poliwęglan 2х4,tunel na warzywa 3x6,2,1,0.11,0.0
2026-08-22,wymiary | poliwęglan 2х4,tunel ogrodowy,1,0,0.0,0.0
2026-08-22,wymiary | poliwęglan 2х4,tunel ogrodowy 2x4,3,0,0.0,0.0
2026-08-22,wymiary | poliwęglan 2х4,tunel poliweglan 2x4,1,0,0.0,0.0
2026-08-22,wymiary | poliwęglan 2х4,tunel z poliwęglanu 2 5x4,1,0,0.0,0.0
2026-08-22,wymiary | poliwęglan 2х4,tunele ogrodowe,1,0,0.0,0.0
2026-08-22,wymiary | poliwęglan 2х4,z poliwęglanu,1,0,0.0,0.0
2026-08-22,mala szklarnia z poliweglanu,mam szklarnie pl,2,0,0.0,0.0
2026-08-22,mala szklarnia z poliweglanu,małe szklarnie przydomowe,2,0,0.0,0.0
2026-08-22,mala szklarnia z poliweglanu,małe szklarnie z poliwęglanu,1,0,0.0,0.0
2026-08-22,mala szklarnia z poliweglanu,merkury market szklarnia,1,0,0.0,0.0
2026-08-22,mala szklarnia z poliweglanu,profimet,1,0,0.0,0.0
2026-08-22,mala szklarnia z poliweglanu,szklarnia 2x2,1,0,0.0,0.0
2026-08-22,mala szklarnia z poliweglanu,szklarnia 3 x 6,1,0,0.0,0.0
2026-08-22,mala szklarnia z poliweglanu,szklarnia 4x6,1,0,0.0,0.0
2026-08-22,mala szklarnia z poliweglanu,szklarnia hestia,1,0,0.0,0.0
2026-08-22,mala szklarnia z poliweglanu,szklarnia ogorek,1,0,0.0,0.0
2026-08-22,mala szklarnia z poliweglanu,szklarnia ogrodowa,4,0,0.0,0.0
2026-08-22,mala szklarnia z poliweglanu,szklarnia poliwęglan 2x2,1,0,0.0,0.0
2026-08-22,mala szklarnia z poliweglanu,szklarnia producent,1,0,0.0,0.0
2026-08-22,mala szklarnia z poliweglanu,szklarnia z poliweglanu,1,0,0.0,0.0
2026-08-22,mala szklarnia z poliweglanu,szklarnia z poliwęglanu 2x2 5,8,0,0.0,0.0
2026-08-22,mala szklarnia z poliweglanu,szklarnia z poliwęglanu 3x6 producent,1,0,0.0,0.0
2026-08-22,mala szklarnia z poliweglanu,szklarnia z poliwęglanu 5x3,2,0,0.0,0.0
2026-08-22,mala szklarnia z poliweglanu,szklarnie,1,0,0.0,0.0
2026-08-22,mala szklarnia z poliweglanu,szklarnie ogrodowe,1,0,0.0,0.0
2026-08-22,mala szklarnia z poliweglanu,szklarnie ogrodowe wyprzedaż,1,0,0.0,0.0
2026-08-22,mala szklarnia z poliweglanu,szklarnie poliwęglanowe,1,0,0.0,0.0
2026-08-22,mala szklarnia z poliweglanu,szklarnie polski producent,1,0,0.0,0.0
2026-08-22,mala szklarnia z poliweglanu,tunel ogrodowy,2,0,0.0,0.0
2026-08-22,mala szklarnia z poliweglanu,z poliwęglanu,1,0,0.0,0.0
2026-08-24,wymiary | poliwęglan 3х6,szklarnia 3x6,1,0,0.0,0.0
2026-08-24,wymiary | poliwęglan 3х6,szklarnia 3x6 poliwęglan 6mm,1,0,0.0,0.0
2026-08-24,wymiary | poliwęglan 3х6,szklarnia z poliwęglanu 3x6,22,3,1.29,0.0
2026-08-24,wymiary | poliwęglan 3х6,szklarnia z poliwęglanu 3x6 producent,5,1,0.39,0.0
2026-08-24,wymiary | poliwęglan 3х6,szklarnia z poliwęglanu 3x6 producent 6mm,2,1,0.42,0.0
2026-08-24,wymiary | poliwęglan 3х6,szklarnia z poliwęglanu 3x6 promocja,1,0,0.0,0.0
2026-08-24,wymiary | poliwęglan 3х6,szklarnia z poliwęglanu 3x6 wyprzedaż,2,1,0.39,0.0
2026-08-24,wymiary | poliwęglan 3х6,tunel ogrodowy z poliwęglanu 3x6,2,0,0.0,0.0
2026-08-24,wymiary | poliwęglan 3х4,mała szklarnia ogrodowa,1,0,0.0,0.0
2026-08-24,wymiary | poliwęglan 3х4,namiot na pomidory 3x4,2,0,0.0,0.0
2026-08-24,wymiary | poliwęglan 3х4,namiot ogrodniczy 3x6,1,0,0.0,0.0
2026-08-24,wymiary | poliwęglan 3х4,namiot ogrodowy pod warzywa,1,0,0.0,0.0
2026-08-24,wymiary | poliwęglan 3х4,namiot ogrodowy z poliwęglanu,1,0,0.0,0.0
2026-08-24,wymiary | poliwęglan 3х4,namiot szklarniowy do pomidorów,1,0,0.0,0.0
2026-08-24,wymiary | poliwęglan 3х4,namioty pod warzywa,2,0,0.0,0.0
2026-08-24,wymiary | poliwęglan 3х4,polski producent szklarni,3,0,0.0,0.0
2026-08-24,wymiary | poliwęglan 3х4,profimet szklarnie,4,3,1.15,0.0
2026-08-24,wymiary | poliwęglan 3х4,szklarni z poliwęglanu,1,0,0.0,0.0
2026-08-24,wymiary | poliwęglan 3х4,szklarnia,2,0,0.0,0.0
2026-08-24,wymiary | poliwęglan 3х4,szklarnia 3x4,1,0,0.0,0.0
2026-08-24,wymiary | poliwęglan 3х4,szklarnia ogrodowa,9,0,0.0,0.0
2026-08-24,wymiary | poliwęglan 3х4,szklarnia ogrodowa 3x4,1,0,0.0,0.0
2026-08-24,wymiary | poliwęglan 3х4,szklarnia ogrodowa 3x4 z poliwęglanu solid mocna,2,0,0.0,0.0
2026-08-24,wymiary | poliwęglan 3х4,szklarnia ogrodowa z poliwęglanu,2,0,0.0,0.0
2026-08-24,wymiary | poliwęglan 3х4,szklarnia poliwęglan,6,0,0.0,0.0
2026-08-24,wymiary | poliwęglan 3х4,szklarnia poliwęglan 3x4,3,0,0.0,0.0
2026-08-24,wymiary | poliwęglan 3х4,szklarnia poliwęglanowa,1,0,0.0,0.0
2026-08-24,wymiary | poliwęglan 3х4,szklarnia profimet mocna opinię,2,0,0.0,0.0
2026-08-24,wymiary | poliwęglan 3х4,szklarnia tunelowa,1,0,0.0,0.0
2026-08-24,wymiary | poliwęglan 3х4,szklarnia z poliweglanu,2,0,0.0,0.0
2026-08-24,wymiary | poliwęglan 3х4,szklarnia z poliwęglanu 3x4,6,1,0.39,0.0
2026-08-24,wymiary | poliwęglan 3х4,szklarnia z poliwęglanu 3x4 6mm,2,0,0.0,0.0
2026-08-24,wymiary | poliwęglan 3х4,szklarnia z poliwęglanu 3x4 producent,3,0,0.0,0.0
2026-08-24,wymiary | poliwęglan 3х4,szklarnia z poliwęglanu 3x6,1,0,0.0,0.0
2026-08-24,wymiary | poliwęglan 3х4,szklarnia z poliwęglanu wyprzedaż,1,0,0.0,0.0
2026-08-24,wymiary | poliwęglan 3х4,szklarnie,1,0,0.0,0.0
2026-08-24,wymiary | poliwęglan 3х4,szklarnie ogrodowe,3,0,0.0,0.0
2026-08-24,wymiary | poliwęglan 3х4,szklarnie z poliwęglanu,15,2,0.37,0.0
2026-08-24,wymiary | poliwęglan 3х4,szklarnie z poliwęglanu 3x4,10,2,2.32,0.0
2026-08-24,wymiary | poliwęglan 3х4,tanie szklarnie,2,1,0.31,0.0
2026-08-24,wymiary | poliwęglan 3х4,tunel na pomidory,2,0,0.0,0.0
2026-08-24,wymiary | poliwęglan 3х4,tunel ogrodowy,8,0,0.0,0.0
2026-08-24,wymiary | poliwęglan 3х4,tunel ogrodowy 3x4,2,0,0.0,0.0
2026-08-24,wymiary | poliwęglan 3х4,tunel ogrodowy z poliwęglanu,1,0,0.0,0.0
2026-08-24,wymiary | poliwęglan 3х4,tunel poliwęglan 3x4,2,0,0.0,0.0
2026-08-24,wymiary | poliwęglan 3х4,tunel poliwęglanowy,2,0,0.0,0.0
2026-08-24,wymiary | poliwęglan 3х4,tunel warzywny,4,1,0.22,0.0
2026-08-24,wymiary | poliwęglan 3х4,tunel z poliweglanu 3x4,1,0,0.0,0.0
2026-08-24,wymiary | poliwęglan 3х4,tunel z poliwęglanu,1,0,0.0,0.0
2026-08-24,wymiary | poliwęglan 3х4,tunel z poliwęglanu 3x4,3,0,0.0,0.0
2026-08-24,wymiary | poliwęglan 3х4,tunel z poliwęglanu 6x3,1,0,0.0,0.0
2026-08-24,wymiary | poliwęglan 3х4,tunele ogrodowe,9,0,0.0,0.0
2026-08-24,namioty z poliwęglanu,namiot warzywny z poliwęglanu,1,0,0.0,0.0
2026-08-24,namioty z poliwęglanu,namioty z poliwęglanu,4,0,0.0,0.0
2026-08-24,szklarnie z poliwęglanu [exact],szklarnia ogrodowa z poliwęglanu,2,0,0.0,0.0
2026-08-24,szklarnie z poliwęglanu [exact],szklarnia z poliwęglanu,133,8,2.4,0.0
2026-08-24,szklarnie z poliwęglanu [exact],szklarnie poliweglanowe,4,1,0.59,0.0
2026-08-24,szklarnie z poliwęglanu [phrase],profimet,6,3,2.42,0.0
2026-08-24,szklarnie z poliwęglanu [phrase],szklarnia ogrodowa,15,0,0.0,0.0
2026-08-24,szklarnie z poliwęglanu [phrase],szklarnia ogrodowa z poliwęglanu 6mm,1,1,0.2,0.0
2026-08-24,szklarnie z poliwęglanu [phrase],szklarnia poliweglan,1,0,0.0,0.0
2026-08-24,szklarnie z poliwęglanu [phrase],szklarnia poliwęglan,2,0,0.0,0.0
2026-08-24,szklarnie z poliwęglanu [phrase],szklarnia poliwęglanowa,1,0,0.0,0.0
2026-08-24,szklarnie z poliwęglanu [phrase],szklarnia z poliweglanu,1,0,0.0,0.0
2026-08-24,szklarnie z poliwęglanu [phrase],szklarnia z poliwęglanu 2.5 x5,2,1,0.45,0.0
2026-08-24,szklarnie z poliwęglanu [phrase],szklarnia z poliwęglanu 3x4 6mm,3,2,0.6,0.333334
2026-08-24,szklarnie z poliwęglanu [phrase],szklarnia z poliwęglanu 3x6,1,0,0.0,0.0
2026-08-24,szklarnie z poliwęglanu [phrase],szklarnia z poliwęglanu 3x6 promocja,1,0,0.0,0.0
2026-08-24,szklarnie z poliwęglanu [phrase],szklarnia z poliwęglanu 3x8 6mm,1,0,0.0,0.0
2026-08-24,szklarnie z poliwęglanu [phrase],szklarnia z poliwęglanu 8x3,1,0,0.0,0.0
2026-08-24,szklarnie z poliwęglanu [phrase],szklarnia z poliwęglanu wyprzedaż,4,0,0.0,0.0
2026-08-24,szklarnie z poliwęglanu [phrase],szklarnie ogrodowe,3,1,0.53,0.0
2026-08-24,szklarnie z poliwęglanu [phrase],szklarnie ogrodowe z poliwęglanu,3,0,0.0,0.0
2026-08-24,szklarnie z poliwęglanu [phrase],szklarnie profimet,2,1,0.19,0.0
2026-08-24,szklarnie z poliwęglanu [phrase],tanie szklarnie z poliwęglanu,2,1,0.46,0.0
2026-08-24,tunele z poliwęglanu,namiot ogrodowy z poliwęglanu,1,0,0.0,0.0
2026-08-24,tunele z poliwęglanu,namiot warzywny z poliwęglanu,1,0,0.0,0.0
2026-08-24,tunele z poliwęglanu,tunel poliwęglanowy,2,0,0.0,0.0
2026-08-24,tunele z poliwęglanu,tunel poliwęglanu,1,0,0.0,0.0
2026-08-24,tunele z poliwęglanu,tunel z poliwęglanu,1,0,0.0,0.0
2026-08-24,tunele z poliwęglanu,tunel z poliwęglanu 6x3,1,1,0.23,0.0
2026-08-24,tunele z poliwęglanu,tunele ogrodowe z poliwęglanu,2,0,0.0,0.0
2026-08-24,tunele z poliwęglanu,tunele poliwęglan,2,1,0.43,0.0
2026-08-24,tunele z poliwęglanu,tunele poliwęglanowe,1,1,0.4,0.0
2026-08-24,tunele z poliwęglanu,tunele z poliwęglanu,5,1,0.62,0.0
2026-08-24,wymiary | poliwęglan 4х8,szklarnia poliwęglan 4x8,2,0,0.0,0.0
2026-08-24,wymiary | poliwęglan 4х8,szklarnia z poliwęglanu 4x8,3,0,0.0,0.0
2026-08-24,wymiary | poliwęglan 4х8,tunel z poliwęglanu 4x8,2,0,0.0,0.0
2026-08-24,wymiary | poliwęglan 2х4,poliwęglan na tarasie,1,0,0.0,0.0
2026-08-24,wymiary | poliwęglan 2х4,poliwęglan szówsko,1,0,0.0,0.0
2026-08-24,wymiary | poliwęglan 2х4,szklarnia 2 na 4,2,0,0.0,0.0
2026-08-24,wymiary | poliwęglan 2х4,szklarnia ogrodowa,1,0,0.0,0.0
2026-08-24,wymiary | poliwęglan 2х4,szklarnia z poliwęglanu 2x4,5,0,0.0,0.0
2026-08-24,wymiary | poliwęglan 2х4,szklarnie ogrodowe wyprzedaż,1,0,0.0,0.0
2026-08-24,wymiary | poliwęglan 2х4,szklarnie z poliwęglanu,1,0,0.0,0.0
2026-08-24,wymiary | poliwęglan 2х4,szklarnie z poliwęglanu 2x4,2,0,0.0,0.0
2026-08-24,wymiary | poliwęglan 2х4,tunel ogrodowy 6x3,1,0,0.0,0.0
2026-08-24,wymiary | poliwęglan 2х4,tunel z poliwęglanu 2x4,2,1,0.44,0.0
2026-08-24,mala szklarnia z poliweglanu,mam szklarnie pl,2,1,0.23,0.0
2026-08-24,mala szklarnia z poliweglanu,mała szklarnia ogrodowa,2,0,0.0,0.0
2026-08-24,mala szklarnia z poliweglanu,profimet,4,2,1.34,0.0
2026-08-24,mala szklarnia z poliweglanu,szklarnia 3x2 5,1,0,0.0,0.0
2026-08-24,mala szklarnia z poliweglanu,szklarnia całoroczna,1,0,0.0,0.0
2026-08-24,mala szklarnia z poliweglanu,szklarnia ogrodowa,1,0,0.0,0.0
2026-08-24,mala szklarnia z poliweglanu,szklarnia ogrodowa 5x3,2,0,0.0,0.0
2026-08-24,mala szklarnia z poliweglanu,szklarnia ogrodowa z poliwęglanu,1,0,0.0,0.0
2026-08-24,mala szklarnia z poliweglanu,szklarnia poliwęglan 4x8,1,0,0.0,0.0
2026-08-24,mala szklarnia z poliweglanu,szklarnia walipini,1,0,0.0,0.0
2026-08-24,mala szklarnia z poliweglanu,szklarnia z poliweglanu,1,0,0.0,0.0
2026-08-24,mala szklarnia z poliweglanu,szklarnia z poliwęglanu wyprzedaż,1,0,0.0,0.0
2026-08-24,mala szklarnia z poliweglanu,szklarnie,1,0,0.0,0.0
2026-08-24,mala szklarnia z poliweglanu,szklarnie ogrodowe wyprzedaż,1,0,0.0,0.0
2026-08-24,mala szklarnia z poliweglanu,szklarnie poliwęglanowe,1,0,0.0,0.0
2026-08-24,mala szklarnia z poliweglanu,szklarnie profimet,2,1,0.53,0.0
2026-08-24,mala szklarnia z poliweglanu,szklarnie z,1,0,0.0,0.0
2026-08-25,wymiary | poliwęglan 3х6,szklarnia 3x6 poliwęglan,2,0,0.0,0.0
2026-08-25,wymiary | poliwęglan 3х6,szklarnia poliwęglan 3x6,1,0,0.0,0.0
2026-08-25,wymiary | poliwęglan 3х6,szklarnia z poliwęglanu 3x6,9,1,0.48,1.0
2026-08-25,wymiary | poliwęglan 3х6,szklarnia z poliwęglanu 3x6 producent,3,1,0.59,0.0
2026-08-25,wymiary | poliwęglan 3х6,szklarnia z poliwęglanu 3x6 producent 6mm,1,0,0.0,0.0
2026-08-25,wymiary | poliwęglan 3х6,szklarnia z poliwęglanu 3x6 promocja,3,1,0.44,0.0
2026-08-25,wymiary | poliwęglan 3х6,szklarnia z poliwęglanu 3x6 wyprzedaż,3,0,0.0,0.0
2026-08-25,wymiary | poliwęglan 3х6,szklarnie z poliwęglanu 3x6,2,1,1.14,0.0
2026-08-25,wymiary | poliwęglan 3х6,tunel 3x6 z poliwęglanu,1,0,0.0,0.0
2026-08-25,wymiary | poliwęglan 3х6,tunel z poliwęglanu 3x6,5,1,0.74,0.0
2026-08-25,wymiary | poliwęglan 3х6,tunel z poliwęglanu 3x6m,2,0,0.0,0.0
2026-08-25,wymiary | poliwęglan 3х4,cieplarnia na warzywa,1,0,0.0,0.0
2026-08-25,wymiary | poliwęglan 3х4,cieplarnia ogrodowa,1,0,0.0,0.0
2026-08-25,wymiary | poliwęglan 3х4,namiot na pomidory 3x4,2,0,0.0,0.0
2026-08-25,wymiary | poliwęglan 3х4,namiot ogrodowy 2.5 x4,1,0,0.0,0.0
2026-08-25,wymiary | poliwęglan 3х4,namiot szklarnia,1,0,0.0,0.0
2026-08-25,wymiary | poliwęglan 3х4,namiot z poliwęglanu,1,0,0.0,0.0
2026-08-25,wymiary | poliwęglan 3х4,polski producent szklarni ogrodowych,2,0,0.0,0.0
2026-08-25,wymiary | poliwęglan 3х4,szklarnia 3 x 4,1,0,0.0,0.0
2026-08-25,wymiary | poliwęglan 3х4,szklarnia ogrodowa,3,1,0.54,0.0
2026-08-25,wymiary | poliwęglan 3х4,szklarnia ogrodowa z poliwęglanu,1,0,0.0,0.0
2026-08-25,wymiary | poliwęglan 3х4,szklarnia z poliwęglanu 3x4,4,0,0.0,0.0
2026-08-25,wymiary | poliwęglan 3х4,szklarnia z poliwęglanu 3x4 producent,3,0,0.0,0.0
2026-08-25,wymiary | poliwęglan 3х4,szklarnia z poliwęglanu wyprzedaż,1,1,0.34,0.0
2026-08-25,wymiary | poliwęglan 3х4,szklarnie,2,0,0.0,0.0
2026-08-25,wymiary | poliwęglan 3х4,szklarnie ogrodowe wyprzedaż,1,0,0.0,0.0
2026-08-25,wymiary | poliwęglan 3х4,szklarnie poliwęglanowe,3,0,0.0,0.0
2026-08-25,wymiary | poliwęglan 3х4,szklarnie wyprzedaż,3,0,0.0,0.0
2026-08-25,wymiary | poliwęglan 3х4,szklarnie z poliwęglanu,3,0,0.0,0.0
2026-08-25,wymiary | poliwęglan 3х4,szklarnie z poliwęglanu 3x4,4,0,0.0,0.0
2026-08-25,wymiary | poliwęglan 3х4,tanie szklarnie,2,0,0.0,0.0
2026-08-25,wymiary | poliwęglan 3х4,tanie szklarnie z poliwęglanu,2,0,0.0,0.0
2026-08-25,wymiary | poliwęglan 3х4,tunel na warzywa,2,0,0.0,0.0
2026-08-25,wymiary | poliwęglan 3х4,tunel ogrodowy,8,2,0.5,0.0
2026-08-25,wymiary | poliwęglan 3х4,tunel ogrodowy 3x6,4,0,0.0,0.0
2026-08-25,wymiary | poliwęglan 3х4,tunel ogrodowy na warzywa,2,0,0.0,0.0
2026-08-25,wymiary | poliwęglan 3х4,tunel ogrodowy z poliwęglanu,1,0,0.0,0.0
2026-08-25,wymiary | poliwęglan 3х4,tunel z poliwęglanu,5,0,0.0,0.0
2026-08-25,wymiary | poliwęglan 3х4,tunel z poliwęglanu 3x4,3,0,0.0,0.0
2026-08-25,wymiary | poliwęglan 3х4,tunele na działkę,2,1,0.08,0.0
2026-08-25,wymiary | poliwęglan 3х4,tunele ogrodowe,1,1,0.47,0.0
2026-08-25,wymiary | poliwęglan 3х4,wesoly rolnik,1,0,0.0,0.0
2026-08-25,wymiary | poliwęglan 3х2,szklarnie wyprzedaż,1,0,0.0,0.0
2026-08-25,namioty z poliwęglanu,namiot ogrodowy z poliwęglanu,2,0,0.0,0.0
2026-08-25,szklarnie z poliwęglanu [exact],szklarnia ogrodowa z poliwęglanu,4,0,0.0,0.0
2026-08-25,szklarnie z poliwęglanu [exact],szklarnia z poliwęglanu,123,6,1.45,0.0
2026-08-25,szklarnie z poliwęglanu [phrase],najlepsze szklarnie z poliwęglanu,1,0,0.0,0.0
2026-08-25,szklarnie z poliwęglanu [phrase],poli szklarnia pl,1,0,0.0,0.0
2026-08-25,szklarnie z poliwęglanu [phrase],poligreen szklarnie,1,0,0.0,0.0
2026-08-25,szklarnie z poliwęglanu [phrase],profimet,3,2,1.39,1.0
2026-08-25,szklarnie z poliwęglanu [phrase],profimet szklarnie,6,2,1.48,0.0
2026-08-25,szklarnie z poliwęglanu [phrase],profimet szklarnie z poliwęglanu,2,0,0.0,0.0
2026-08-25,szklarnie z poliwęglanu [phrase],szklarnia ogrodowa,5,0,0.0,0.0
2026-08-25,szklarnie z poliwęglanu [phrase],szklarnia ogrodowa z poliwęglanu,1,0,0.0,0.0
2026-08-25,szklarnie z poliwęglanu [phrase],szklarnia poliweglanowa,1,0,0.0,0.0
2026-08-25,szklarnie z poliwęglanu [phrase],szklarnia z poliweglanu,1,0,0.0,0.0
2026-08-25,szklarnie z poliwęglanu [phrase],szklarnia z poliwęglanu 3 x 2,1,1,0.29,0.0
2026-08-25,szklarnie z poliwęglanu [phrase],szklarnia z poliwęglanu 3x6 promocja,1,0,0.0,0.0
2026-08-25,szklarnie z poliwęglanu [phrase],szklarnia z poliwęglanu 4x10,1,0,0.0,0.0
2026-08-25,szklarnie z poliwęglanu [phrase],szklarnia z poliwęglanu profimet,2,0,0.0,0.0
2026-08-25,szklarnie z poliwęglanu [phrase],szklarnia z poliwęglanu profimet mocna,2,0,0.0,0.0
2026-08-25,szklarnie z poliwęglanu [phrase],szklarnia z poliwęglanu wyprzedaż,1,0,0.0,0.0
2026-08-25,szklarnie z poliwęglanu [phrase],szklarnie ogrodowe,1,0,0.0,0.0
2026-08-25,szklarnie z poliwęglanu [phrase],szklarnie ogrodowe z poliwęglanu,1,0,0.0,0.0
2026-08-25,szklarnie z poliwęglanu [phrase],szklarnie poliwęglanowe,1,0,0.0,0.0
2026-08-25,szklarnie z poliwęglanu [phrase],szklarnie z poliwęglanu podkarpackie,1,1,0.17,0.0
2026-08-25,szklarnie z poliwęglanu [phrase],tanie szklarnie z poliwęglanu,2,0,0.0,0.0
2026-08-25,tunele z poliwęglanu,tunel ogrodowy z poliwęglanu,2,0,0.0,0.0
2026-08-25,tunele z poliwęglanu,tunel poliwęglan,1,0,0.0,0.0
2026-08-25,tunele z poliwęglanu,tunel z poliwęglanu,4,0,0.0,0.0
2026-08-25,tunele z poliwęglanu,tunele ogrodnicze z poliwęglanu,3,1,0.29,0.0
2026-08-25,tunele z poliwęglanu,tunele ogrodowe z poliwęglanu,2,0,0.0,0.0
2026-08-25,tunele z poliwęglanu,tunele z poliwęglanu,10,0,0.0,0.0
2026-08-25,wymiary | poliwęglan 4х8,szklarnia z poliwęglanu 4x8,3,0,0.0,0.0
2026-08-25,wymiary | poliwęglan 2х4,poliwęglan szówsko,1,0,0.0,0.0
2026-08-25,wymiary | poliwęglan 2х4,szklarnia 4x6,2,0,0.0,0.0
2026-08-25,wymiary | poliwęglan 2х4,szklarnia z poliwęglanu 2 x 4,1,1,0.23,0.0
2026-08-25,wymiary | poliwęglan 2х4,szklarnie z poliwęglanu,1,0,0.0,0.0
2026-08-25,wymiary | poliwęglan 2х4,tunel ogrodowy,1,0,0.0,0.0
2026-08-25,wymiary | poliwęglan 2х4,tunel ogrodowy 2x4,1,0,0.0,0.0
2026-08-25,wymiary | poliwęglan 2х4,tunel z poliwęglanu 2x4,2,0,0.0,0.0
2026-08-25,wymiary | poliwęglan 2х4,wesoly rolnik,1,0,0.0,0.0
2026-08-25,mala szklarnia z poliweglanu,mam szklarnie pl,4,0,0.0,0.0
2026-08-25,mala szklarnia z poliweglanu,namiot z poliwęglanu,1,0,0.0,0.0
2026-08-25,mala szklarnia z poliweglanu,profimet,1,1,0.46,0.0
2026-08-25,mala szklarnia z poliweglanu,szklarenki,4,0,0.0,0.0
2026-08-25,mala szklarnia z poliweglanu,szklarnia,1,0,0.0,0.0
2026-08-25,mala szklarnia z poliweglanu,szklarnia profimed,1,1,0.67,0.0
2026-08-25,mala szklarnia z poliweglanu,szklarnia z poliwęglanu 5x3,2,1,0.19,0.0
2026-08-25,mala szklarnia z poliweglanu,szklarnie ogrodowe,1,0,0.0,0.0
2026-08-26,wymiary | poliwęglan 3х6,namiot z poliwęglanu 3x6,2,0,0.0,0.0
2026-08-26,wymiary | poliwęglan 3х6,szklarni z poliwęglanu 3x6,1,0,0.0,0.0
2026-08-26,wymiary | poliwęglan 3х6,szklarnia 3x6,3,0,0.0,0.0
2026-08-26,wymiary | poliwęglan 3х6,szklarnia 3x6 poliwęglan,5,0,0.0,0.0
2026-08-26,wymiary | poliwęglan 3х6,szklarnia 3x6 z poliwęglanu,1,0,0.0,0.0
2026-08-26,wymiary | poliwęglan 3х6,szklarnia ogrodowa 3x6,1,0,0.0,0.0
2026-08-26,wymiary | poliwęglan 3х6,szklarnia poliwęglan 3x6,2,0,0.0,0.0
2026-08-26,wymiary | poliwęglan 3х6,szklarnia z poliwęglanu 3x6,5,0,0.0,0.0
2026-08-26,wymiary | poliwęglan 3х6,szklarnia z poliwęglanu 3x6 6 mm,3,0,0.0,0.0
2026-08-26,wymiary | poliwęglan 3х6,szklarnia z poliwęglanu 3x6 6mm,1,0,0.0,0.0
2026-08-26,wymiary | poliwęglan 3х6,szklarnia z poliwęglanu 3x6 producent,2,0,0.0,0.0
2026-08-26,wymiary | poliwęglan 3х6,szklarnia z poliwęglanu 3x6 producent 6mm,1,1,0.21,0.0
2026-08-26,wymiary | poliwęglan 3х6,szklarnia z poliwęglanu 3x6 promocja,5,0,0.0,0.0
2026-08-26,wymiary | poliwęglan 3х6,szklarnia z poliwęglanu 3x6 wyprzedaż,1,0,0.0,0.0
2026-08-26,wymiary | poliwęglan 3х6,szklarnie z poliwęglanu 3x6,4,2,0.57,0.0
2026-08-26,wymiary | poliwęglan 3х6,tunel ogrodowy z poliwęglanu 3x6,1,0,0.0,0.0
2026-08-26,wymiary | poliwęglan 3х6,tunel poliwęglan 3x6,2,0,0.0,0.0
2026-08-26,wymiary | poliwęglan 3х6,tunel poliwęglanowy 3x6,1,0,0.0,0.0
2026-08-26,wymiary | poliwęglan 3х6,tunel z poliweglanu 3x6,1,0,0.0,0.0
2026-08-26,wymiary | poliwęglan 3х6,tunel z poliwęglanu 3x6,4,0,0.0,0.0
2026-08-26,wymiary | poliwęglan 3х6,tunel z poliwęglanu 3x6 producent,2,0,0.0,0.0
2026-08-26,wymiary | poliwęglan 3х6,tunel z poliwęglanu 3x6m,4,1,0.08,0.0
2026-08-26,wymiary | poliwęglan 3х6,tunele z poliwęglanu 3x6,4,1,0.62,0.0
2026-08-26,wymiary | poliwęglan 3х4,agroszklarnia,1,0,0.0,0.0
2026-08-26,wymiary | poliwęglan 3х4,ceny szklarni z poliwęglanu,1,0,0.0,0.0
2026-08-26,wymiary | poliwęglan 3х4,foliarnia,1,0,0.0,0.0
2026-08-26,wymiary | poliwęglan 3х4,małe szklarnie,1,0,0.0,0.0
2026-08-26,wymiary | poliwęglan 3х4,mega agronom szklarnie,2,1,0.8,0.0
2026-08-26,wymiary | poliwęglan 3х4,mocne szklarnie,4,1,0.43,0.0
2026-08-26,wymiary | poliwęglan 3х4,najlepsze tunele z poliwęglanu,1,0,0.0,0.0
2026-08-26,wymiary | poliwęglan 3х4,namiot ogrodniczy,1,0,0.0,0.0
2026-08-26,wymiary | poliwęglan 3х4,namiot ogrodowy szklarnia,1,0,0.0,0.0
2026-08-26,wymiary | poliwęglan 3х4,namiot ogrodowy z poliwęglanu,3,0,0.0,0.0
2026-08-26,wymiary | poliwęglan 3х4,namiot poliweglan,2,0,0.0,0.0
2026-08-26,wymiary | poliwęglan 3х4,namiot poliwęglanowy,1,0,0.0,0.0
2026-08-26,wymiary | poliwęglan 3х4,namiot z poliwęglanu,2,0,0.0,0.0
2026-08-26,wymiary | poliwęglan 3х4,oteko poliwęglan,1,0,0.0,0.0
2026-08-26,wymiary | poliwęglan 3х4,poli szklarnia pl,2,0,0.0,0.0
2026-08-26,wymiary | poliwęglan 3х4,poligreen szklarnie,2,0,0.0,0.0
2026-08-26,wymiary | poliwęglan 3х4,poligreen zhuk sp k,2,0,0.0,0.0
2026-08-26,wymiary | poliwęglan 3х4,poliwęglanu szklarnia,1,0,0.0,0.0
2026-08-26,wymiary | poliwęglan 3х4,producent szklarni z poliwęglanu,1,0,0.0,0.0
2026-08-26,wymiary | poliwęglan 3х4,szklarnia,1,0,0.0,0.0
2026-08-26,wymiary | poliwęglan 3х4,szklarnia 3x4 6mm,1,0,0.0,0.0
2026-08-26,wymiary | poliwęglan 3х4,szklarnia 4x10,1,0,0.0,0.0
2026-08-26,wymiary | poliwęglan 3х4,szklarnia 4x6,1,0,0.0,0.0
2026-08-26,wymiary | poliwęglan 3х4,szklarnia białystok,2,0,0.0,0.0
2026-08-26,wymiary | poliwęglan 3х4,szklarnia na pomidory z poliwęglanu,1,0,0.0,0.0
2026-08-26,wymiary | poliwęglan 3х4,szklarnia ogrodowa,3,0,0.0,0.0
2026-08-26,wymiary | poliwęglan 3х4,szklarnia ogrodowa 3x4 z poliwęglanu solid mocna,3,0,0.0,0.0
2026-08-26,wymiary | poliwęglan 3х4,szklarnia ogrodowa poliwęglan 6mm,1,0,0.0,0.0
2026-08-26,wymiary | poliwęglan 3х4,szklarnia poliweglan,2,0,0.0,0.0
2026-08-26,wymiary | poliwęglan 3х4,szklarnia poliweglan 3x4,1,0,0.0,0.0
2026-08-26,wymiary | poliwęglan 3х4,szklarnia poliweglanowa,1,0,0.0,0.0
2026-08-26,wymiary | poliwęglan 3х4,szklarnia poliwęglan 3x4 6mm,1,0,0.0,0.0
2026-08-26,wymiary | poliwęglan 3х4,szklarnia poliwęglanowa,2,0,0.0,0.0
2026-08-26,wymiary | poliwęglan 3х4,szklarnia tunel,1,0,0.0,0.0
2026-08-26,wymiary | poliwęglan 3х4,szklarnia z poliweglanu 3x4,1,0,0.0,0.0
2026-08-26,wymiary | poliwęglan 3х4,szklarnia z poliwęglanu 2.5 x4,1,0,0.0,0.0
2026-08-26,wymiary | poliwęglan 3х4,szklarnia z poliwęglanu 3x4 mocna,1,0,0.0,0.0
2026-08-26,wymiary | poliwęglan 3х4,szklarnia z poliwęglanu 3x4 producent,4,1,0.44,1.0
2026-08-26,wymiary | poliwęglan 3х4,szklarnia z poliwęglanu 3x4 z fundamentem,4,2,0.51,0.0
2026-08-26,wymiary | poliwęglan 3х4,szklarnia z poliwęglanu 3x6,1,0,0.0,0.0
2026-08-26,wymiary | poliwęglan 3х4,szklarnia z poliwęglanu 4 x 6,1,0,0.0,0.0
2026-08-26,wymiary | poliwęglan 3х4,szklarnia z poliwęglanu 4x6,1,0,0.0,0.0
2026-08-26,wymiary | poliwęglan 3х4,szklarnia z poliwęglanu 6 mm,1,0,0.0,0.0
2026-08-26,wymiary | poliwęglan 3х4,szklarnie,1,0,0.0,0.0
2026-08-26,wymiary | poliwęglan 3х4,szklarnie podkarpackie,2,0,0.0,0.0
2026-08-26,wymiary | poliwęglan 3х4,szklarnie poliwęglanowe,1,0,0.0,0.0
2026-08-26,wymiary | poliwęglan 3х4,szklarnie z poliwęglanu,40,6,2.94,0.0
2026-08-26,wymiary | poliwęglan 3х4,szklarnie z poliwęglanu 3 x 4,1,0,0.0,0.0
2026-08-26,wymiary | poliwęglan 3х4,szklarnie z poliwęglanu 3x4,2,0,0.0,0.0
2026-08-26,wymiary | poliwęglan 3х4,tanie szklarnie,2,0,0.0,0.0
2026-08-26,wymiary | poliwęglan 3х4,tunel na pomidory,1,0,0.0,0.0
2026-08-26,wymiary | poliwęglan 3х4,tunel na warzywa,4,0,0.0,0.0
2026-08-26,wymiary | poliwęglan 3х4,tunel ogrodniczy,1,0,0.0,0.0
2026-08-26,wymiary | poliwęglan 3х4,tunel ogrodowy,14,1,0.18,0.0
2026-08-26,wymiary | poliwęglan 3х4,tunel ogrodowy 3x4,1,0,0.0,0.0
2026-08-26,wymiary | poliwęglan 3х4,tunel ogrodowy 3x4 5,1,0,0.0,0.0
2026-08-26,wymiary | poliwęglan 3х4,tunel ogrodowy 3x6,2,0,0.0,0.0
2026-08-26,wymiary | poliwęglan 3х4,tunel ogrodowy 4x8,2,0,0.0,0.0
2026-08-26,wymiary | poliwęglan 3х4,tunel ogrodowy mocny,1,0,0.0,0.0
2026-08-26,wymiary | poliwęglan 3х4,tunel ogrodowy na pomidory,1,0,0.0,0.0
2026-08-26,wymiary | poliwęglan 3х4,tunel ogrodowy na warzywa,2,0,0.0,0.0
2026-08-26,wymiary | poliwęglan 3х4,tunel ogrodowy szklarnia,1,0,0.0,0.0
2026-08-26,wymiary | poliwęglan 3х4,tunel ogrodowy z poliwęglanu,6,1,0.2,0.0
2026-08-26,wymiary | poliwęglan 3х4,tunel ogrodowy ze stelażem,2,1,0.4,0.0
2026-08-26,wymiary | poliwęglan 3х4,tunel poliwęglan,2,0,0.0,0.0
2026-08-26,wymiary | poliwęglan 3х4,tunel poliwęglan 3x4,3,2,1.01,0.0
2026-08-26,wymiary | poliwęglan 3х4,tunel poliwęglanu,1,0,0.0,0.0
2026-08-26,wymiary | poliwęglan 3х4,tunel szklarnia,1,0,0.0,0.0
2026-08-26,wymiary | poliwęglan 3х4,tunel warzywny z poliwęglanu,1,0,0.0,0.0
2026-08-26,wymiary | poliwęglan 3х4,tunel z poliwęglanu,3,0,0.0,0.0
2026-08-26,wymiary | poliwęglan 3х4,tunele ogrodowe,3,0,0.0,0.0
2026-08-26,namioty z poliwęglanu,namiot ogrodowy z poliwęglanu,1,1,0.12,0.0
2026-08-26,namioty z poliwęglanu,namiot poliwęglanowy,1,0,0.0,0.0
2026-08-26,namioty z poliwęglanu,namiot z poliwęglanu,3,1,0.25,0.0
2026-08-26,namioty z poliwęglanu,namioty ogrodowe z poliwęglanu,2,0,0.0,0.0
2026-08-26,szklarnie z poliwęglanu [exact],mocna szklarnia z poliwęglanu,1,0,0.0,0.0
2026-08-26,szklarnie z poliwęglanu [exact],szklarnia ogrodowa z poliwęglanu,1,0,0.0,0.0
2026-08-26,szklarnie z poliwęglanu [exact],szklarnia z poliwęglanu,102,2,1.07,0.0
2026-08-26,szklarnie z poliwęglanu [phrase],ceny szklarni z poliwęglanu,1,1,0.14,0.0
2026-08-26,szklarnie z poliwęglanu [phrase],duża szklarnia z poliwęglanu,1,0,0.0,0.0
2026-08-26,szklarnie z poliwęglanu [phrase],poligreen szklarnie,1,0,0.0,0.0
2026-08-26,szklarnie z poliwęglanu [phrase],poliszklarnia_pl,1,0,0.0,0.0
2026-08-26,szklarnie z poliwęglanu [phrase],poliwęglanu szklarnia,1,0,0.0,0.0
2026-08-26,szklarnie z poliwęglanu [phrase],polski producent szklarni z poliwęglanu,2,0,0.0,0.0
2026-08-26,szklarnie z poliwęglanu [phrase],producent szklarni z poliwęglanu,2,1,0.53,0.0
2026-08-26,szklarnie z poliwęglanu [phrase],producent szklarni z poliwęglanu małopolska,6,2,1.68,0.333333
2026-08-26,szklarnie z poliwęglanu [phrase],profimet,4,0,0.0,0.0
2026-08-26,szklarnie z poliwęglanu [phrase],profimet poznań,2,0,0.0,0.0
2026-08-26,szklarnie z poliwęglanu [phrase],szklarnia agronom mocna,2,0,0.0,0.0
2026-08-26,szklarnie z poliwęglanu [phrase],szklarnia do ogrodu,1,0,0.0,0.0
2026-08-26,szklarnie z poliwęglanu [phrase],szklarnia na działkę,1,0,0.0,0.0
2026-08-26,szklarnie z poliwęglanu [phrase],szklarnia ogrodowa,3,0,0.0,0.0
2026-08-26,szklarnie z poliwęglanu [phrase],szklarnia poliweglan,4,0,0.0,0.0
2026-08-26,szklarnie z poliwęglanu [phrase],szklarnia poliweglan producent,2,0,0.0,0.0
2026-08-26,szklarnie z poliwęglanu [phrase],szklarnia poliwęglan,1,0,0.0,0.0
2026-08-26,szklarnie z poliwęglanu [phrase],szklarnia poliwęglan 2 5x4,1,0,0.0,0.0
2026-08-26,szklarnie z poliwęglanu [phrase],szklarnia poliwęglan 2.5 x4,2,0,0.0,0.0
2026-08-26,szklarnie z poliwęglanu [phrase],szklarnia poliwęglan 6mm,3,0,0.0,0.0
2026-08-26,szklarnie z poliwęglanu [phrase],szklarnia poliwęglanowa,2,0,0.0,0.0
2026-08-26,szklarnie z poliwęglanu [phrase],szklarnia profimet,2,1,0.38,0.0
2026-08-26,szklarnie z poliwęglanu [phrase],szklarnia z poliweglanu,1,0,0.0,0.0
2026-08-26,szklarnie z poliwęglanu [phrase],szklarnia z poliweglanu 6mm,1,0,0.0,0.0
2026-08-26,szklarnie z poliwęglanu [phrase],szklarnia z poliwęglanu 4 x 6,1,0,0.0,0.0
2026-08-26,szklarnie z poliwęglanu [phrase],szklarnia z poliwęglanu 6 mm,1,0,0.0,0.0
2026-08-26,szklarnie z poliwęglanu [phrase],szklarnia z poliwęglanu 6mm,1,0,0.0,0.0
2026-08-26,szklarnie z poliwęglanu [phrase],szklarnia z poliwęglanu promocja,2,0,0.0,0.0
2026-08-26,szklarnie z poliwęglanu [phrase],szklarnia z poliwęglanu wyprzedaż,5,1,0.19,0.0
2026-08-26,szklarnie z poliwęglanu [phrase],szklarnie ogrodowe,1,0,0.0,0.0
2026-08-26,szklarnie z poliwęglanu [phrase],szklarnie ogrodowe z poliwęglanu,7,1,0.14,0.0
2026-08-26,szklarnie z poliwęglanu [phrase],szklarnie poliwęglanowe,1,0,0.0,0.0
2026-08-26,szklarnie z poliwęglanu [phrase],szklarnie z poliweglanu,3,0,0.0,0.0
2026-08-26,szklarnie z poliwęglanu [phrase],szklarnie z poliwęglanu białystok,2,0,0.0,0.0
2026-08-26,szklarnie z poliwęglanu producent,szklarnie poliwęglanowe producent,1,0,0.0,0.0
2026-08-26,tunele z poliwęglanu,cieplarki z poliwęglanu,1,0,0.0,0.0
2026-08-26,tunele z poliwęglanu,najlepsze tunele z poliwęglanu,1,0,0.0,0.0
2026-08-26,tunele z poliwęglanu,namiot ogrodowy z poliwęglanu,1,0,0.0,0.0
2026-08-26,tunele z poliwęglanu,namiot poliwęglanowy,1,0,0.0,0.0
2026-08-26,tunele z poliwęglanu,producent tuneli ogrodowych z poliwęglanu,5,1,0.32,0.0
2026-08-26,tunele z poliwęglanu,tunel na pomidory z poliwęglanu,1,0,0.0,0.0
2026-08-26,tunele z poliwęglanu,tunel na warzywa z poliwęglanu,2,0,0.0,0.0
2026-08-26,tunele z poliwęglanu,tunel ogrodowy z poliwęglanu,6,0,0.0,0.0
2026-08-26,tunele z poliwęglanu,tunel poliwęglan,1,1,0.06,0.0
2026-08-26,tunele z poliwęglanu,tunel warzywny z poliwęglanu,1,0,0.0,0.0
2026-08-26,tunele z poliwęglanu,tunel z poliwęglanu,2,0,0.0,0.0
2026-08-26,tunele z poliwęglanu,tunele ogrodowe z poliwęglanu,2,0,0.0,0.0
2026-08-26,tunele z poliwęglanu,tunele poliwęglanowe,4,0,0.0,0.0
2026-08-26,tunele z poliwęglanu,tunele z poliwęglanu,19,4,1.09,0.0
2026-08-26,wymiary | poliwęglan 4х6,szklarnie z poliwęglanu 4x6,2,0,0.0,0.0
2026-08-26,wymiary | poliwęglan 4х8,szklarnia poliwęglan 4x8,2,0,0.0,0.0
2026-08-26,wymiary | poliwęglan 2х4,poligreen szklarnie,1,0,0.0,0.0
2026-08-26,wymiary | poliwęglan 2х4,profi met,2,1,0.82,0.0
2026-08-26,wymiary | poliwęglan 2х4,szklarnia,2,0,0.0,0.0
2026-08-26,wymiary | poliwęglan 2х4,szklarnia z poliwęglanu 2x4,1,0,0.0,0.0
2026-08-26,wymiary | poliwęglan 2х4,szklarnie,4,0,0.0,0.0
2026-08-26,wymiary | poliwęglan 2х4,szklarnie z poliwęglanu,2,0,0.0,0.0
2026-08-26,wymiary | poliwęglan 2х4,tunel z poliwęglanu 2x4,14,1,0.27,0.0
2026-08-26,mala szklarnia z poliweglanu,1 szklarnia pl,2,0,0.0,0.0
2026-08-26,mala szklarnia z poliweglanu,agro szklarnia,2,0,0.0,0.0
2026-08-26,mala szklarnia z poliweglanu,czyste pole szklarnie,2,0,0.0,0.0
2026-08-26,mala szklarnia z poliweglanu,farmer tunele sklep,2,0,0.0,0.0
2026-08-26,mala szklarnia z poliweglanu,male szklarnie przydomowe,1,0,0.0,0.0
2026-08-26,mala szklarnia z poliweglanu,mam szklarnie pl,5,0,0.0,0.0
2026-08-26,mala szklarnia z poliweglanu,mamszklarnie pl,4,0,0.0,0.0
2026-08-26,mala szklarnia z poliweglanu,mała szklarnia ogrodowa,2,0,0.0,0.0
2026-08-26,mala szklarnia z poliweglanu,małe szklarnie z poliwęglanu,1,0,0.0,0.0
2026-08-26,mala szklarnia z poliweglanu,małe tunele z poliwęglanu,1,0,0.0,0.0
2026-08-26,mala szklarnia z poliweglanu,mega agronom szklarnie,2,0,0.0,0.0
2026-08-26,mala szklarnia z poliweglanu,mocnaszklarnia,2,0,0.0,0.0
2026-08-26,mala szklarnia z poliweglanu,namioty szklarnie ogrodowe,2,0,0.0,0.0
2026-08-26,mala szklarnia z poliweglanu,polski producent szklarni ogrodowych,2,0,0.0,0.0
2026-08-26,mala szklarnia z poliweglanu,profimet,2,1,1.02,0.0
2026-08-26,mala szklarnia z poliweglanu,szklarnia,3,0,0.0,0.0
2026-08-26,mala szklarnia z poliweglanu,szklarnia ogrodowa,1,0,0.0,0.0
2026-08-26,mala szklarnia z poliweglanu,szklarnia z poliwęglanu 2.5 x4,1,0,0.0,0.0
2026-08-26,mala szklarnia z poliweglanu,szklarnia z poliwęglanu 250 x 190 x 205 cm,1,1,0.33,0.0
2026-08-26,mala szklarnia z poliweglanu,szklarnia z poliwęglanu 2x2,1,0,0.0,0.0
2026-08-26,mala szklarnia z poliweglanu,szklarnia z poliwęglanu 2x2 5,1,1,0.33,0.0
2026-08-26,mala szklarnia z poliweglanu,szklarnia z poliwęglanu 3 x 8,3,0,0.0,0.0
2026-08-26,mala szklarnia z poliweglanu,szklarnia z poliwęglanu 3x10,1,0,0.0,0.0
2026-08-26,mala szklarnia z poliweglanu,szklarnia z poliwęglanu wyprzedaż,2,0,0.0,0.0
2026-08-26,mala szklarnia z poliweglanu,szklarnie na pomidory,1,0,0.0,0.0
2026-08-26,mala szklarnia z poliweglanu,szklarnie ogrodowe,1,0,0.0,0.0
2026-08-26,mala szklarnia z poliweglanu,szklarnie łódzkie,1,0,0.0,0.0
2026-08-26,mala szklarnia z poliweglanu,tunel ogrodowy,1,0,0.0,0.0
2026-08-26,mala szklarnia z poliweglanu,tunele ogrodowe,2,0,0.0,0.0
2026-08-26,mala szklarnia z poliweglanu,wesoły rolnik,1,1,0.47,1.0
2026-08-27,wymiary | poliwęglan 3х6,namiot z poliwęglanu 3x6,1,1,0.23,0.0
2026-08-27,wymiary | poliwęglan 3х6,szklarnia 3 6,1,0,0.0,0.0
2026-08-27,wymiary | poliwęglan 3х6,szklarnia 3x6,2,0,0.0,0.0
2026-08-27,wymiary | poliwęglan 3х6,szklarnia poliwęglan 3x6,6,0,0.0,0.0
2026-08-27,wymiary | poliwęglan 3х6,szklarnia z poliwęglanu 3 x 6,1,0,0.0,0.0
2026-08-27,wymiary | poliwęglan 3х6,szklarnia z poliwęglanu 3x6,1,0,0.0,0.0
2026-08-27,wymiary | poliwęglan 3х6,szklarnia z poliwęglanu 3x6 6 mm,2,0,0.0,0.0
2026-08-27,wymiary | poliwęglan 3х6,szklarnia z poliwęglanu 3x6 producent,2,0,0.0,0.0
2026-08-27,wymiary | poliwęglan 3х6,szklarnia z poliwęglanu 3x6 producent 6mm,7,0,0.0,0.0
2026-08-27,wymiary | poliwęglan 3х6,szklarnia z poliwęglanu 3x6 promocja,7,0,0.0,0.0
2026-08-27,wymiary | poliwęglan 3х6,szklarnia z poliwęglanu 3x6 wyprzedaż,2,1,0.41,0.0
2026-08-27,wymiary | poliwęglan 3х6,tunel ogrodowy z poliwęglanu 3x6,1,0,0.0,0.0
2026-08-27,wymiary | poliwęglan 3х6,tunel z poliweglanu 3x6,1,0,0.0,0.0
2026-08-27,wymiary | poliwęglan 3х6,tunel z poliwęglanu 3x6m,2,1,0.42,0.0
2026-08-27,wymiary | poliwęglan 3х4,alistan agro,2,0,0.0,0.0
2026-08-27,wymiary | poliwęglan 3х4,cieplarnia,2,0,0.0,0.0
2026-08-27,wymiary | poliwęglan 3х4,firma profimet,2,0,0.0,0.0
2026-08-27,wymiary | poliwęglan 3х4,namiot ogrodniczy,2,0,0.0,0.0
2026-08-27,wymiary | poliwęglan 3х4,namiot ogrodowy 3x6 na warzywa,1,0,0.0,0.0
2026-08-27,wymiary | poliwęglan 3х4,namiot ogrodowy szklarnia,1,0,0.0,0.0
2026-08-27,wymiary | poliwęglan 3х4,namiot pod warzywa,2,0,0.0,0.0
2026-08-27,wymiary | poliwęglan 3х4,namiot z poliwęglanu,1,1,0.16,0.0
2026-08-27,wymiary | poliwęglan 3х4,poligreen szklarnie,1,0,0.0,0.0
2026-08-27,wymiary | poliwęglan 3х4,producent tuneli,2,1,0.66,0.0
2026-08-27,wymiary | poliwęglan 3х4,profimet,1,0,0.0,0.0
2026-08-27,wymiary | poliwęglan 3х4,przedłużenie szklarni z poliwęglanu,1,0,0.0,0.0
2026-08-27,wymiary | poliwęglan 3х4,solidne szklarnie,1,0,0.0,0.0
2026-08-27,wymiary | poliwęglan 3х4,szklarnia,2,0,0.0,0.0
2026-08-27,wymiary | poliwęglan 3х4,szklarnia 3 x 6,2,0,0.0,0.0
2026-08-27,wymiary | poliwęglan 3х4,szklarnia 3x4,1,0,0.0,0.0
2026-08-27,wymiary | poliwęglan 3х4,szklarnia 3x8 6mm,1,1,0.22,0.0
2026-08-27,wymiary | poliwęglan 3х4,szklarnia 6x3,1,0,0.0,0.0
2026-08-27,wymiary | poliwęglan 3х4,szklarnia 6x3 poliwęglan,1,0,0.0,0.0
2026-08-27,wymiary | poliwęglan 3х4,szklarnia ogrodowa 3x4 z poliwęglanu solid mocna,2,0,0.0,0.0
2026-08-27,wymiary | poliwęglan 3х4,szklarnia poliwęglanu,1,0,0.0,0.0
2026-08-27,wymiary | poliwęglan 3х4,szklarnia przydomowa,1,0,0.0,0.0
2026-08-27,wymiary | poliwęglan 3х4,szklarnia z poliwęglanu 3x4 5,1,0,0.0,0.0
2026-08-27,wymiary | poliwęglan 3х4,szklarnia z poliwęglanu 3x4 6mm,2,0,0.0,0.0
2026-08-27,wymiary | poliwęglan 3х4,szklarnia z poliwęglanu 3x4 producent,3,0,0.0,0.0
2026-08-27,wymiary | poliwęglan 3х4,szklarnia z poliwęglanu 4x6,2,0,0.0,0.0
2026-08-27,wymiary | poliwęglan 3х4,szklarnia z poliwęglanu producent,2,1,0.32,0.0
2026-08-27,wymiary | poliwęglan 3х4,szklarnie 3 x 6,2,0,0.0,0.0
2026-08-27,wymiary | poliwęglan 3х4,szklarnie ogrodowe na wymiar,1,0,0.0,0.0
2026-08-27,wymiary | poliwęglan 3х4,szklarnie z poliwęglanu,29,1,0.22,0.0
2026-08-27,wymiary | poliwęglan 3х4,szklarnie z poliwęglanu 3x4,1,0,0.0,0.0
2026-08-27,wymiary | poliwęglan 3х4,szklarnie z poliwęglanu białystok,1,0,0.0,0.0
2026-08-27,wymiary | poliwęglan 3х4,tunel 3x4m,1,0,0.0,0.0
2026-08-27,wymiary | poliwęglan 3х4,tunel na pomidory,4,0,0.0,0.0
2026-08-27,wymiary | poliwęglan 3х4,tunel ogrodowy,11,0,0.0,0.0
2026-08-27,wymiary | poliwęglan 3х4,tunel ogrodowy 3x6,2,0,0.0,0.0
2026-08-27,wymiary | poliwęglan 3х4,tunel ogrodowy 3x6 z drzwiami,1,0,0.0,0.0
2026-08-27,wymiary | poliwęglan 3х4,tunel ogrodowy 6x3,1,0,0.0,0.0
2026-08-27,wymiary | poliwęglan 3х4,tunel ogrodowy wyprzedaż,2,0,0.0,0.0
2026-08-27,wymiary | poliwęglan 3х4,tunel ogrodowy z poliwęglanu,2,0,0.0,0.0
2026-08-27,wymiary | poliwęglan 3х4,tunel poliweglanowy,1,0,0.0,0.0
2026-08-27,wymiary | poliwęglan 3х4,tunel poliwęglan,1,0,0.0,0.0
2026-08-27,wymiary | poliwęglan 3х4,tunel poliwęglan 3x4,2,0,0.0,0.0
2026-08-27,wymiary | poliwęglan 3х4,tunel z poliweglanu,1,0,0.0,0.0
2026-08-27,wymiary | poliwęglan 3х4,tunel z poliwęglanu,1,0,0.0,0.0
2026-08-27,wymiary | poliwęglan 3х4,tunele z poliwęglanu 3 x 4,2,0,0.0,0.0
2026-08-27,namioty z poliwęglanu,namiot poliweglan,2,0,0.0,0.0
2026-08-27,namioty z poliwęglanu,namioty ogrodowe z poliwęglanu,1,0,0.0,0.0
2026-08-27,namioty z poliwęglanu,namioty z poliwęglanu,2,0,0.0,0.0
2026-08-27,szklarnie z poliwęglanu [exact],mocna szklarnia z poliwęglanu,1,0,0.0,0.0
2026-08-27,szklarnie z poliwęglanu [exact],szklarnia ogrodowa z poliwęglanu,2,0,0.0,0.0
2026-08-27,szklarnie z poliwęglanu [exact],szklarnia z poliwęglanu,46,2,0.84,0.0
2026-08-27,szklarnie z poliwęglanu [exact],szklarnie poliweglanowe,2,2,0.71,0.0
2026-08-27,szklarnie z poliwęglanu [phrase],antiga producent szklarni z poliweglanu,1,0,0.0,0.0
2026-08-27,szklarnie z poliwęglanu [phrase],poli szklarnia,1,0,0.0,0.0
2026-08-27,szklarnie z poliwęglanu [phrase],polski producent szklarni z poliwęglanu,1,0,0.0,0.0
2026-08-27,szklarnie z poliwęglanu [phrase],producent szklarni z poliwęglanu,2,0,0.0,0.0
2026-08-27,szklarnie z poliwęglanu [phrase],profimet,1,0,0.0,0.0
2026-08-27,szklarnie z poliwęglanu [phrase],profimet szklarnie,2,0,0.0,0.0
2026-08-27,szklarnie z poliwęglanu [phrase],szklarnia ogrodowa,2,0,0.0,0.0
2026-08-27,szklarnie z poliwęglanu [phrase],szklarnia poliwęglan,1,0,0.0,0.0
2026-08-27,szklarnie z poliwęglanu [phrase],szklarnia poliwęglan 2.5 x4,1,0,0.0,0.0
2026-08-27,szklarnie z poliwęglanu [phrase],szklarnia poliwęglan 6mm,2,1,0.31,0.0
2026-08-27,szklarnie z poliwęglanu [phrase],szklarnia z poliweglanu,2,0,0.0,0.0
2026-08-27,szklarnie z poliwęglanu [phrase],szklarnia z poliwęglanu 2 5x4,1,0,0.0,0.0
2026-08-27,szklarnie z poliwęglanu [phrase],szklarnia z poliwęglanu 3x4 producent,1,0,0.0,0.0
2026-08-27,szklarnie z poliwęglanu [phrase],szklarnia z poliwęglanu 4x6,6,1,0.17,0.0
2026-08-27,szklarnie z poliwęglanu [phrase],szklarnia z poliwęglanu 8 mm,1,0,0.0,0.0
2026-08-27,szklarnie z poliwęglanu [phrase],szklarnia z poliwęglanu 8x3,1,0,0.0,0.0
2026-08-27,szklarnie z poliwęglanu [phrase],szklarnia z poliwęglanu na wymiar,1,0,0.0,0.0
2026-08-27,szklarnie z poliwęglanu [phrase],szklarnia z poliwęglanu premium,1,0,0.0,0.0
2026-08-27,szklarnie z poliwęglanu [phrase],szklarnia z poliwęglanu producent,1,0,0.0,0.0
2026-08-27,szklarnie z poliwęglanu [phrase],szklarnia z poliwęglanu wyprzedaż,1,0,0.0,0.0
2026-08-27,szklarnie z poliwęglanu [phrase],szklarnie na działkę,1,0,0.0,0.0
2026-08-27,szklarnie z poliwęglanu [phrase],szklarnie ogrodowe,1,0,0.0,0.0
2026-08-27,szklarnie z poliwęglanu [phrase],szklarnie ogrodowe z poliwęglanu,1,0,0.0,0.0
2026-08-27,szklarnie z poliwęglanu [phrase],szklarnie z poliweglanu,1,0,0.0,0.0
2026-08-27,szklarnie z poliwęglanu [phrase],szklarnie z poliwęglanu białystok,1,0,0.0,0.0
2026-08-27,szklarnie z poliwęglanu [phrase],szklarnie z poliwęglanu lubelskie,1,0,0.0,0.0
2026-08-27,szklarnie z poliwęglanu [phrase],szklarnie z poliwęglanu podkarpackie,2,0,0.0,0.0
2026-08-27,szklarnie z poliwęglanu [phrase],z poliwęglanu szklarnia,1,0,0.0,0.0
2026-08-27,szklarnie z poliwęglanu producent,szklarnie z poliwęglanu producent,2,0,0.0,0.0
2026-08-27,tunele z poliwęglanu,namiot poliweglan,2,1,0.18,0.0
2026-08-27,tunele z poliwęglanu,tunel ogrodowy poliwęglan,1,0,0.0,0.0
2026-08-27,tunele z poliwęglanu,tunel ogrodowy z poliwęglanu,2,0,0.0,0.0
2026-08-27,tunele z poliwęglanu,tunel poliweglanowy,1,0,0.0,0.0
2026-08-27,tunele z poliwęglanu,tunel poliwęglan,1,0,0.0,0.0
2026-08-27,tunele z poliwęglanu,tunel z poliweglanu,1,1,0.31,0.0
2026-08-27,tunele z poliwęglanu,tunel z poliweglanu 4x6,1,0,0.0,0.0
2026-08-27,tunele z poliwęglanu,tunel z poliwęglanu,2,0,0.0,0.0
2026-08-27,tunele z poliwęglanu,tunel z poliwęglanu 4x12,2,0,0.0,0.0
2026-08-27,tunele z poliwęglanu,tunel z poliwęglanu podkarpackie,1,1,0.34,0.0
2026-08-27,tunele z poliwęglanu,tunele ogrodnicze z poliwęglanu,2,0,0.0,0.0
2026-08-27,tunele z poliwęglanu,tunele poliwęglanowe,1,0,0.0,0.0
2026-08-27,tunele z poliwęglanu,tunele z poliwęglanu,14,0,0.0,0.0
2026-08-27,wymiary | poliwęglan 4х8,szklarnia poliwęglan 4x8,2,0,0.0,0.0
2026-08-27,wymiary | poliwęglan 4х8,szklarnia z poliwęglanu 4x8,1,0,0.0,0.0
2026-08-27,wymiary | poliwęglan 4х8,szklarnie z poliwęglanu 4x8,1,0,0.0,0.0
2026-08-27,wymiary | poliwęglan 2х4,namiot z poliwęglanu,1,0,0.0,0.0
2026-08-27,wymiary | poliwęglan 2х4,poli green,1,0,0.0,0.0
2026-08-27,wymiary | poliwęglan 2х4,szklarnia 2x4,1,0,0.0,0.0
2026-08-27,wymiary | poliwęglan 2х4,szklarnia 4 x 2,2,0,0.0,0.0
2026-08-27,wymiary | poliwęglan 2х4,szklarnia ogrodowa 4x2 5,1,0,0.0,0.0
2026-08-27,wymiary | poliwęglan 2х4,szklarnia z poliwęglanu 2 5x4,1,0,0.0,0.0
2026-08-27,wymiary | poliwęglan 2х4,szklarnia z poliwęglanu 2 x 4,1,0,0.0,0.0
2026-08-27,wymiary | poliwęglan 2х4,szklarnia z poliwęglanu 2x4,4,0,0.0,0.0
2026-08-27,wymiary | poliwęglan 2х4,szklarnie na działkę,1,0,0.0,0.0
2026-08-27,wymiary | poliwęglan 2х4,tunel ogrodowy 4x2,1,0,0.0,0.0
2026-08-27,mala szklarnia z poliweglanu,czyste pole szklarnie,2,0,0.0,0.0
2026-08-27,mala szklarnia z poliweglanu,mam szklarnie pl,8,1,0.22,0.0
2026-08-27,mala szklarnia z poliweglanu,mocna szklarnia,2,1,0.08,0.0
2026-08-27,mala szklarnia z poliweglanu,moja szklarnia,1,0,0.0,0.0
2026-08-27,mala szklarnia z poliweglanu,namiot poliweglan,1,0,0.0,0.0
2026-08-27,mala szklarnia z poliweglanu,poligreen pl,1,0,0.0,0.0
2026-08-27,mala szklarnia z poliweglanu,producent szklarni pomorskie,2,1,0.42,0.0
2026-08-27,mala szklarnia z poliweglanu,profimet,5,1,0.88,0.0
2026-08-27,mala szklarnia z poliweglanu,profimet szklarnie,1,1,0.52,0.0
2026-08-27,mala szklarnia z poliweglanu,przedłużenie szklarni z poliwęglanu,1,0,0.0,0.0
2026-08-27,mala szklarnia z poliweglanu,szklarnia 2 5x4,1,0,0.0,0.0
2026-08-27,mala szklarnia z poliweglanu,szklarnia ogrodowa wyprzedaż,1,0,0.0,0.0
2026-08-27,mala szklarnia z poliweglanu,szklarnia sprzedam,1,0,0.0,0.0
2026-08-27,mala szklarnia z poliweglanu,szklarnia z poliwęglanu 3x2,1,0,0.0,0.0
2026-08-27,mala szklarnia z poliweglanu,szklarnie,2,0,0.0,0.0
2026-08-27,mala szklarnia z poliweglanu,szklarnie ogrodowe wyprzedaż,1,0,0.0,0.0
2026-08-27,mala szklarnia z poliweglanu,tanie szklarnie,1,0,0.0,0.0
2026-08-27,mala szklarnia z poliweglanu,tunel ogrodowy,1,0,0.0,0.0
2026-08-28,wymiary | poliwęglan 3х6,namiot z poliwęglanu 3x6,4,1,0.12,0.0
2026-08-28,wymiary | poliwęglan 3х6,szklarnia 3 6,1,0,0.0,0.0
2026-08-28,wymiary | poliwęglan 3х6,szklarnia 3x6 poliwęglan,3,1,0.51,0.0
2026-08-28,wymiary | poliwęglan 3х6,szklarnia 3x6 poliwęglan 6mm,1,0,0.0,0.0
2026-08-28,wymiary | poliwęglan 3х6,szklarnia poliwęglan 3x6,6,1,0.53,0.0
2026-08-28,wymiary | poliwęglan 3х6,szklarnia z poliweglanu 3x6,1,0,0.0,0.0
2026-08-28,wymiary | poliwęglan 3х6,szklarnia z poliwęglanu 3x6,9,1,0.3,0.0
2026-08-28,wymiary | poliwęglan 3х6,szklarnia z poliwęglanu 3x6 producent,1,0,0.0,0.0
2026-08-28,wymiary | poliwęglan 3х6,szklarnia z poliwęglanu 3x6 producent 6mm,1,1,0.53,0.0
2026-08-28,wymiary | poliwęglan 3х6,szklarnie z poliwęglanu 3x6,4,0,0.0,0.0
2026-08-28,wymiary | poliwęglan 3х6,tunel 3x6 z poliwęglanu,1,0,0.0,0.0
2026-08-28,wymiary | poliwęglan 3х6,tunel ogrodowy z poliwęglanu 3x6,2,2,0.31,0.0
2026-08-28,wymiary | poliwęglan 3х6,tunel poliwęglan 3x6,1,0,0.0,0.0
2026-08-28,wymiary | poliwęglan 3х6,tunel z poliweglanu 3x6,2,0,0.0,0.0
2026-08-28,wymiary | poliwęglan 3х6,tunel z poliwęglanu 3 x 6,2,1,0.34,0.0
2026-08-28,wymiary | poliwęglan 3х6,tunel z poliwęglanu 3x6,1,0,0.0,0.0
2026-08-28,wymiary | poliwęglan 3х6,tunel z poliwęglanu 3x6 producent,1,0,0.0,0.0
2026-08-28,wymiary | poliwęglan 3х6,tunel z poliwęglanu 3x6m,5,0,0.0,0.0
2026-08-28,wymiary | poliwęglan 3х4,build greenhouse,1,0,0.0,0.0
2026-08-28,wymiary | poliwęglan 3х4,kupię szklarnie z poliwęglanu,1,1,0.26,0.0
2026-08-28,wymiary | poliwęglan 3х4,mam szklarnie pl,2,0,0.0,0.0
2026-08-28,wymiary | poliwęglan 3х4,modna szklarnia pl,1,0,0.0,0.0
2026-08-28,wymiary | poliwęglan 3х4,najlepsze szklarnie z poliwęglanu,4,1,0.34,0.0
2026-08-28,wymiary | poliwęglan 3х4,namiot do pomidorów,2,0,0.0,0.0
2026-08-28,wymiary | poliwęglan 3х4,namiot na warzywa,1,0,0.0,0.0
2026-08-28,wymiary | poliwęglan 3х4,namiot ogrodniczy,1,0,0.0,0.0
2026-08-28,wymiary | poliwęglan 3х4,namiot ogrodniczy z poliwęglanu,2,2,0.24,0.0
2026-08-28,wymiary | poliwęglan 3х4,namiot ogrodowy szklarnia,1,0,0.0,0.0
2026-08-28,wymiary | poliwęglan 3х4,namiot ogrodowy z poliwęglanu,5,0,0.0,0.0
2026-08-28,wymiary | poliwęglan 3х4,namioty na warzywa,2,0,0.0,0.0
2026-08-28,wymiary | poliwęglan 3х4,nasze szklarnie,3,0,0.0,0.0
2026-08-28,wymiary | poliwęglan 3х4,profi met szklarnie,2,1,0.26,0.0
2026-08-28,wymiary | poliwęglan 3х4,profimet szklarnie kontakt,1,0,0.0,0.0
2026-08-28,wymiary | poliwęglan 3х4,sklep ogrodniczy oborniki wlkp,1,0,0.0,0.0
2026-08-28,wymiary | poliwęglan 3х4,sprzedam szklarnie,1,0,0.0,0.0
2026-08-28,wymiary | poliwęglan 3х4,szklarnia,1,0,0.0,0.0
2026-08-28,wymiary | poliwęglan 3х4,szklarnia 3 4,1,0,0.0,0.0
2026-08-28,wymiary | poliwęglan 3х4,szklarnia 3x4,1,0,0.0,0.0
2026-08-28,wymiary | poliwęglan 3х4,szklarnia 3x4 poliweglan,2,2,1.26,0.0
2026-08-28,wymiary | poliwęglan 3х4,szklarnia 3x6 poliwęglan 6mm,1,0,0.0,0.0
2026-08-28,wymiary | poliwęglan 3х4,szklarnia 4x6 poliwęglan,1,0,0.0,0.0
2026-08-28,wymiary | poliwęglan 3х4,szklarnia 4x6m,1,0,0.0,0.0
2026-08-28,wymiary | poliwęglan 3х4,szklarnia 6x3,2,0,0.0,0.0
2026-08-28,wymiary | poliwęglan 3х4,szklarnia mocna,2,0,0.0,0.0
2026-08-28,wymiary | poliwęglan 3х4,szklarnia ogrodowa,2,0,0.0,0.0
2026-08-28,wymiary | poliwęglan 3х4,szklarnia tunel,1,0,0.0,0.0
2026-08-28,wymiary | poliwęglan 3х4,szklarnia z poliweglanu,1,0,0.0,0.0
2026-08-28,wymiary | poliwęglan 3х4,szklarnia z poliwęglanu 3x4,9,0,0.0,0.0
2026-08-28,wymiary | poliwęglan 3х4,szklarnia z poliwęglanu promocja,1,0,0.0,0.0
2026-08-28,wymiary | poliwęglan 3х4,szklarnie braniewo,1,0,0.0,0.0
2026-08-28,wymiary | poliwęglan 3х4,szklarnie częstochowa,1,0,0.0,0.0
2026-08-28,wymiary | poliwęglan 3х4,szklarnie z poliwęglanu,36,0,0.0,0.0
2026-08-28,wymiary | poliwęglan 3х4,szklarnie z poliwęglanu 2 5x4,2,1,0.29,0.0
2026-08-28,wymiary | poliwęglan 3х4,szklarnie z poliwęglanu 3x4,2,0,0.0,0.0
2026-08-28,wymiary | poliwęglan 3х4,szklarnie z poliwęglanu pomorskie,1,0,0.0,0.0
2026-08-28,wymiary | poliwęglan 3х4,tig szklarnie,2,0,0.0,0.0
2026-08-28,wymiary | poliwęglan 3х4,tunel 3x8,2,0,0.0,0.0
2026-08-28,wymiary | poliwęglan 3х4,tunel na pomidory,1,0,0.0,0.0
2026-08-28,wymiary | poliwęglan 3х4,tunel ogrodniczy,2,0,0.0,0.0
2026-08-28,wymiary | poliwęglan 3х4,tunel ogrodowy,17,1,0.21,0.0
2026-08-28,wymiary | poliwęglan 3х4,tunel ogrodowy 3x4 5,1,0,0.0,0.0
2026-08-28,wymiary | poliwęglan 3х4,tunel ogrodowy 3x6,4,0,0.0,0.0
2026-08-28,wymiary | poliwęglan 3х4,tunel ogrodowy cena,1,0,0.0,0.0
2026-08-28,wymiary | poliwęglan 3х4,tunel ogrodowy plastikowy,1,0,0.0,0.0
2026-08-28,wymiary | poliwęglan 3х4,tunel ogrodowy poliwęglan,1,0,0.0,0.0
2026-08-28,wymiary | poliwęglan 3х4,tunel ogrodowy z poliwęglanu,2,0,0.0,0.0
2026-08-28,wymiary | poliwęglan 3х4,tunel ogrodowy z poliwęglanu 3x4,1,0,0.0,0.0
2026-08-28,wymiary | poliwęglan 3х4,tunel poliwęglan,1,0,0.0,0.0
2026-08-28,wymiary | poliwęglan 3х4,tunel poliwęglan 3x4,3,1,0.13,0.0
2026-08-28,wymiary | poliwęglan 3х4,tunel poliwęglanowy,1,0,0.0,0.0
2026-08-28,wymiary | poliwęglan 3х4,tunel szklarniowy,2,0,0.0,0.0
2026-08-28,wymiary | poliwęglan 3х4,tunel z poliwęglanu,1,0,0.0,0.0
2026-08-28,wymiary | poliwęglan 3х4,tunel z poliwęglanu 3 x 4,2,1,0.47,0.0
2026-08-28,wymiary | poliwęglan 3х4,tunele do pomidorów,1,0,0.0,0.0
2026-08-28,wymiary | poliwęglan 3х4,tunele ogrodnicze,5,1,0.6,0.0
2026-08-28,wymiary | poliwęglan 3х4,tunele ogrodowe,2,0,0.0,0.0
2026-08-28,wymiary | poliwęglan 3х4,tunele z,4,0,0.0,0.0
2026-08-28,wymiary | poliwęglan 3х4,wesoly rolnik,1,0,0.0,0.0
2026-08-28,namioty z poliwęglanu,namiot na warzywa z poliwęglanu,1,1,0.18,0.0
2026-08-28,namioty z poliwęglanu,namiot ogrodowy z poliwęglanu,1,0,0.0,0.0
2026-08-28,namioty z poliwęglanu,namiot poliweglan,1,0,0.0,0.0
2026-08-28,namioty z poliwęglanu,namioty poliwęglanowe,2,1,0.24,0.0
2026-08-28,szklarnie z poliwęglanu [exact],szklarnia ogrodowa z poliwęglanu,1,0,0.0,0.0
2026-08-28,szklarnie z poliwęglanu [exact],szklarnia z poliwęglanu,87,2,1.6,1.0
2026-08-28,szklarnie z poliwęglanu [exact],szklarnie poliweglanowe,3,1,0.79,0.0
2026-08-28,szklarnie z poliwęglanu [phrase],gdzie kupic szklarnie z poliwęglanu,4,0,0.0,0.0
2026-08-28,szklarnie z poliwęglanu [phrase],kupię szklarnie z poliwęglanu,1,0,0.0,0.0
2026-08-28,szklarnie z poliwęglanu [phrase],najlepsza szklarnia z poliwęglanu,1,0,0.0,0.0
2026-08-28,szklarnie z poliwęglanu [phrase],polscy producenci szklarni z poliwęglanu,2,0,0.0,0.0
2026-08-28,szklarnie z poliwęglanu [phrase],polski producent szklarni z poliwęglanu,1,0,0.0,0.0
2026-08-28,szklarnie z poliwęglanu [phrase],polskie szklarnie z poliwęglanu,3,0,0.0,0.0
2026-08-28,szklarnie z poliwęglanu [phrase],profimet,10,4,2.74,0.0
2026-08-28,szklarnie z poliwęglanu [phrase],profimet szklarnie,6,1,0.06,0.0
2026-08-28,szklarnie z poliwęglanu [phrase],profimet szklarnie z poliwęglanu,2,0,0.0,0.0
2026-08-28,szklarnie z poliwęglanu [phrase],szklarnia ogrodowa,2,0,0.0,0.0
2026-08-28,szklarnie z poliwęglanu [phrase],szklarnia z poliweglanu,1,0,0.0,0.0
2026-08-28,szklarnie z poliwęglanu [phrase],szklarnia z poliwęglanu 2 5x4,2,0,0.0,0.0
2026-08-28,szklarnie z poliwęglanu [phrase],szklarnia z poliwęglanu 4x6,3,0,0.0,0.0
2026-08-28,szklarnie z poliwęglanu [phrase],szklarnia z poliwęglanu 4x6 producent,1,0,0.0,0.0
2026-08-28,szklarnie z poliwęglanu [phrase],szklarnia z poliwęglanu 5x3,1,0,0.0,0.0
2026-08-28,szklarnie z poliwęglanu [phrase],szklarnia z poliwęglanu 6 mm,1,0,0.0,0.0
2026-08-28,szklarnie z poliwęglanu [phrase],szklarnia z poliwęglanu braniewo,4,0,0.0,0.0
2026-08-28,szklarnie z poliwęglanu [phrase],szklarnia z poliwęglanu wyprzedaż,2,0,0.0,0.0
2026-08-28,szklarnie z poliwęglanu [phrase],szklarnie ogrodowe z poliwęglanu,1,0,0.0,0.0
2026-08-28,szklarnie z poliwęglanu [phrase],szklarnie z poliweglanu,1,0,0.0,0.0
2026-08-28,szklarnie z poliwęglanu [phrase],szklarnie z poliwęglanu 2 5x4,1,0,0.0,0.0
2026-08-28,szklarnie z poliwęglanu [phrase],szklarnie z poliwęglanu polskiej produkcji,2,0,0.0,0.0
2026-08-28,szklarnie z poliwęglanu [phrase],szklarnie z poliwęglanu pomorskie,2,0,0.0,0.0
2026-08-28,szklarnie z poliwęglanu [phrase],tanie szklarnie z poliwęglanu,1,0,0.0,0.0
2026-08-28,tunele z poliwęglanu,małe tunele z poliwęglanu,1,0,0.0,0.0
2026-08-28,tunele z poliwęglanu,mały tunel z poliwęglanu,1,0,0.0,0.0
2026-08-28,tunele z poliwęglanu,najlepsze tunele z poliwęglanu,2,0,0.0,0.0
2026-08-28,tunele z poliwęglanu,namiot na warzywa z poliwęglanu,1,0,0.0,0.0
2026-08-28,tunele z poliwęglanu,namiot warzywny z poliwęglanu,2,0,0.0,0.0
2026-08-28,tunele z poliwęglanu,poliweglan tunel,1,0,0.0,0.0
2026-08-28,tunele z poliwęglanu,tunel ogrodowy poliwęglan,1,0,0.0,0.0
2026-08-28,tunele z poliwęglanu,tunel ogrodowy z poliwęglanu,2,0,0.0,0.0
2026-08-28,tunele z poliwęglanu,tunel poliwęglan,4,1,0.47,0.0
2026-08-28,tunele z poliwęglanu,tunel poliwęglanowy,1,0,0.0,0.0
2026-08-28,tunele z poliwęglanu,tunel z poliweglanu,4,0,0.0,0.0
2026-08-28,tunele z poliwęglanu,tunel z poliwęglanu,4,0,0.0,0.0
2026-08-28,tunele z poliwęglanu,tunel z poliwęglanu 4x10,1,0,0.0,0.0
2026-08-28,tunele z poliwęglanu,tunel z poliwęglanu podkarpackie,1,0,0.0,0.0
2026-08-28,tunele z poliwęglanu,tunele ogrodowe z poliwęglanu,3,2,0.67,0.0
2026-08-28,tunele z poliwęglanu,tunele poliwęglanowe,2,1,0.25,0.0
2026-08-28,tunele z poliwęglanu,tunele z poliwęglanu,10,1,0.58,0.0
2026-08-28,wymiary | poliwęglan 4х8,szklarnie z poliwęglanu 4x8,2,0,0.0,0.0
2026-08-28,wymiary | poliwęglan 4х8,tunel z poliwęglanu 4x8,3,0,0.0,0.0
2026-08-28,wymiary | poliwęglan 2х4,poli szklarnia,1,0,0.0,0.0
2026-08-28,wymiary | poliwęglan 2х4,profimet szklarnie kontakt,1,1,0.36,0.0
2026-08-28,wymiary | poliwęglan 2х4,szklarnia 2x4,1,0,0.0,0.0
2026-08-28,wymiary | poliwęglan 2х4,szklarnia całoroczna,3,0,0.0,0.0
2026-08-28,wymiary | poliwęglan 2х4,szklarnia poliwęglan 2.5 x4,1,0,0.0,0.0
2026-08-28,wymiary | poliwęglan 2х4,szklarnia tunel,1,0,0.0,0.0
2026-08-28,wymiary | poliwęglan 2х4,szklarnia z poliwęglanu 2 x 4,3,1,0.2,0.0
2026-08-28,wymiary | poliwęglan 2х4,szklarnie z poliwęglanu,1,0,0.0,0.0
2026-08-28,wymiary | poliwęglan 2х4,tunel z poliwęglanu 2x4,1,0,0.0,0.0
2026-08-28,wymiary | poliwęglan 2х4,z poliwęglanu,2,0,0.0,0.0
2026-08-28,mala szklarnia z poliweglanu,alistan agro,2,0,0.0,0.0
2026-08-28,mala szklarnia z poliweglanu,alistan agro szklarnie,1,0,0.0,0.0
2026-08-28,mala szklarnia z poliweglanu,alistan shop,4,0,0.0,0.0
2026-08-28,mala szklarnia z poliweglanu,kupię szklarnie,1,0,0.0,0.0
2026-08-28,mala szklarnia z poliweglanu,male szklarnie,1,0,0.0,0.0
2026-08-28,mala szklarnia z poliweglanu,mam szklarnie pl,1,0,0.0,0.0
2026-08-28,mala szklarnia z poliweglanu,mała szklarnia ogrodowa,8,0,0.0,0.0
2026-08-28,mala szklarnia z poliweglanu,małe szklarnie,1,0,0.0,0.0
2026-08-28,mala szklarnia z poliweglanu,małe szklarnie z poliwęglanu,5,2,0.83,0.0
2026-08-28,mala szklarnia z poliweglanu,małe tunele z poliwęglanu,1,0,0.0,0.0
2026-08-28,mala szklarnia z poliweglanu,mały tunel z poliwęglanu,1,0,0.0,0.0
2026-08-28,mala szklarnia z poliweglanu,mocna szklarnia,2,1,0.38,0.0
2026-08-28,mala szklarnia z poliweglanu,moja szklarnia,1,0,0.0,0.0
2026-08-28,mala szklarnia z poliweglanu,namiot ogrodniczy z poliwęglanu,4,0,0.0,0.0
2026-08-28,mala szklarnia z poliweglanu,namiot szklarnia,2,0,0.0,0.0
2026-08-28,mala szklarnia z poliweglanu,namiot szklarniowy,1,0,0.0,0.0
2026-08-28,mala szklarnia z poliweglanu,nasze szklarnie,1,0,0.0,0.0
2026-08-28,mala szklarnia z poliweglanu,poligreen zhuk sp k,2,0,0.0,0.0
2026-08-28,mala szklarnia z poliweglanu,producent szklarni,1,1,0.3,0.0
2026-08-28,mala szklarnia z poliweglanu,skladanie szklarni poliweglan,1,0,0.0,0.0
2026-08-28,mala szklarnia z poliweglanu,szklarenki,2,0,0.0,0.0
2026-08-28,mala szklarnia z poliweglanu,szklarnia,3,0,0.0,0.0
2026-08-28,mala szklarnia z poliweglanu,szklarnia 2.5 x3 5,1,0,0.0,0.0
2026-08-28,mala szklarnia z poliweglanu,szklarnia 3x8,1,0,0.0,0.0
2026-08-28,mala szklarnia z poliweglanu,szklarnia wyprzedaż,1,0,0.0,0.0
2026-08-28,mala szklarnia z poliweglanu,szklarnia z poliwęglanu 3 x 2,3,1,0.47,0.0
2026-08-28,mala szklarnia z poliweglanu,szklarnie,3,0,0.0,0.0
2026-08-28,mala szklarnia z poliweglanu,szklarnie ogrodowe wyprzedaż,1,0,0.0,0.0
2026-08-28,mala szklarnia z poliweglanu,szklarnie ogrodowe z poliweglanu,1,0,0.0,0.0
2026-08-28,mala szklarnia z poliweglanu,szklarnie online,1,0,0.0,0.0
2026-08-28,mala szklarnia z poliweglanu,tunel ogrodowy,3,0,0.0,0.0
2026-08-28,mala szklarnia z poliweglanu,tunel z poliwęglanu 4x6,1,1,0.57,0.0
2026-08-29,wymiary | poliwęglan 3х6,szklarnia 3x6 poliwęglan 6mm,4,1,0.4,0.0
2026-08-29,wymiary | poliwęglan 3х6,szklarnia ogrodowa z poliwęglanu 3x6,1,0,0.0,0.0
2026-08-29,wymiary | poliwęglan 3х6,szklarnia poliwęglan 3x6,2,0,0.0,0.0
2026-08-29,wymiary | poliwęglan 3х6,szklarnia z poliweglanu 3x6,2,0,0.0,0.0
2026-08-29,wymiary | poliwęglan 3х6,szklarnia z poliwęglanu 3x6,12,0,0.0,0.0
2026-08-29,wymiary | poliwęglan 3х6,szklarnia z poliwęglanu 3x6 6mm,1,0,0.0,0.0
2026-08-29,wymiary | poliwęglan 3х6,szklarnia z poliwęglanu 3x6 producent,1,0,0.0,0.0
2026-08-29,wymiary | poliwęglan 3х6,szklarnia z poliwęglanu 3x6 producent 6mm,3,1,0.23,0.0
2026-08-29,wymiary | poliwęglan 3х6,szklarnia z poliwęglanu 3x6 promocja,1,0,0.0,0.0
2026-08-29,wymiary | poliwęglan 3х6,szklarnia z poliwęglanu 3x6m producent,3,0,0.0,0.0
2026-08-29,wymiary | poliwęglan 3х6,szklarnie z poliwęglanu 3x6,1,0,0.0,0.0
2026-08-29,wymiary | poliwęglan 3х6,tunel z poliwęglanu 3x6,3,0,0.0,0.0
2026-08-29,wymiary | poliwęglan 3х6,tunel z poliwęglanu 3x6m,3,0,0.0,0.0
2026-08-29,wymiary | poliwęglan 3х4,agroszklarnia pl,1,0,0.0,0.0
2026-08-29,wymiary | poliwęglan 3х4,gdzie kupic szklarnie z poliwęglanu,1,0,0.0,0.0
2026-08-29,wymiary | poliwęglan 3х4,jakie szklarnie polecacie,2,1,0.32,0.0
2026-08-29,wymiary | poliwęglan 3х4,mocna szklarnia,1,1,0.3,0.0
2026-08-29,wymiary | poliwęglan 3х4,mocna szklarnia ogrodowa,2,0,0.0,0.0
2026-08-29,wymiary | poliwęglan 3х4,najlepsze szklarnie z poliwęglanu,3,0,0.0,0.0
2026-08-29,wymiary | poliwęglan 3х4,namiot ogrodowy z poliwęglanu,1,0,0.0,0.0
2026-08-29,wymiary | poliwęglan 3х4,namiot szklarniowy,1,0,0.0,0.0
2026-08-29,wymiary | poliwęglan 3х4,poli szklarnia pl,3,0,0.0,0.0
2026-08-29,wymiary | poliwęglan 3х4,poligreen szklarnie,1,0,0.0,0.0
2026-08-29,wymiary | poliwęglan 3х4,poliwęglan na tunele,2,0,0.0,0.0
2026-08-29,wymiary | poliwęglan 3х4,producent szklarni ogrodowych,2,0,0.0,0.0
2026-08-29,wymiary | poliwęglan 3х4,szklarnia,5,0,0.0,0.0
2026-08-29,wymiary | poliwęglan 3х4,szklarnia 2 5x4,1,0,0.0,0.0
2026-08-29,wymiary | poliwęglan 3х4,szklarnia 2.5 x4,1,0,0.0,0.0
2026-08-29,wymiary | poliwęglan 3х4,szklarnia 3.5 x6,1,0,0.0,0.0
2026-08-29,wymiary | poliwęglan 3х4,szklarnia ogrodowa,6,0,0.0,0.0
2026-08-29,wymiary | poliwęglan 3х4,szklarnia ogrodowa 3x4 z poliwęglanu solid mocna,3,0,0.0,0.0
2026-08-29,wymiary | poliwęglan 3х4,szklarnia ogrodowa 4x6,1,0,0.0,0.0
2026-08-29,wymiary | poliwęglan 3х4,szklarnia ogrodowa polska,1,0,0.0,0.0
2026-08-29,wymiary | poliwęglan 3х4,szklarnia poliwęglan 3x4,2,0,0.0,0.0
2026-08-29,wymiary | poliwęglan 3х4,szklarnia tunel,2,0,0.0,0.0
2026-08-29,wymiary | poliwęglan 3х4,szklarnia z poliweglanu,1,0,0.0,0.0
2026-08-29,wymiary | poliwęglan 3х4,szklarnia z poliwęglanu 3 x 4,1,0,0.0,0.0
2026-08-29,wymiary | poliwęglan 3х4,szklarnia z poliwęglanu 3x4,10,1,0.45,0.0
2026-08-29,wymiary | poliwęglan 3х4,szklarnia z poliwęglanu 3x4 6mm,1,0,0.0,0.0
2026-08-29,wymiary | poliwęglan 3х4,szklarnia z poliwęglanu 3x4 polski producent,2,1,0.43,0.0
2026-08-29,wymiary | poliwęglan 3х4,szklarnia z poliwęglanu 3x4 producent,9,0,0.0,0.0
2026-08-29,wymiary | poliwęglan 3х4,szklarnia z poliwęglanu 3x4 z fundamentem,1,0,0.0,0.0
2026-08-29,wymiary | poliwęglan 3х4,szklarnie namioty ogrodowe,1,0,0.0,0.0
2026-08-29,wymiary | poliwęglan 3х4,szklarnie ogrodowe,1,0,0.0,0.0
2026-08-29,wymiary | poliwęglan 3х4,szklarnie ogrodowe wyprzedaż,1,0,0.0,0.0
2026-08-29,wymiary | poliwęglan 3х4,szklarnie online,1,0,0.0,0.0
2026-08-29,wymiary | poliwęglan 3х4,szklarnie z poliwęglanu,16,1,0.21,0.0
2026-08-29,wymiary | poliwęglan 3х4,szklarnie z poliwęglanu 3x4,3,1,0.52,0.0
2026-08-29,wymiary | poliwęglan 3х4,szklarnie z poliwęglanu na wymiar,1,0,0.0,0.0
2026-08-29,wymiary | poliwęglan 3х4,tunel 4x6,1,0,0.0,0.0
2026-08-29,wymiary | poliwęglan 3х4,tunel na pomidory,3,0,0.0,0.0
2026-08-29,wymiary | poliwęglan 3х4,tunel na rozsady,1,0,0.0,0.0
2026-08-29,wymiary | poliwęglan 3х4,tunel ogrodowy,17,0,0.0,0.0
2026-08-29,wymiary | poliwęglan 3х4,tunel ogrodowy 3x4,1,0,0.0,0.0
2026-08-29,wymiary | poliwęglan 3х4,tunel ogrodowy 3x6,1,0,0.0,0.0
2026-08-29,wymiary | poliwęglan 3х4,tunel ogrodowy 4x8,1,0,0.0,0.0
2026-08-29,wymiary | poliwęglan 3х4,tunel ogrodowy 8x3,1,0,0.0,0.0
2026-08-29,wymiary | poliwęglan 3х4,tunel ogrodowy poliwęglan,1,0,0.0,0.0
2026-08-29,wymiary | poliwęglan 3х4,tunel ogrodowy wyprzedaż,1,0,0.0,0.0
2026-08-29,wymiary | poliwęglan 3х4,tunel ogrodowy z poliwęglanu,4,1,0.09,0.0
2026-08-29,wymiary | poliwęglan 3х4,tunel poliwęglan 3x4,3,0,0.0,0.0
2026-08-29,wymiary | poliwęglan 3х4,tunel poliwęglanowy,1,0,0.0,0.0
2026-08-29,wymiary | poliwęglan 3х4,tunel szklarniowy,2,0,0.0,0.0
2026-08-29,wymiary | poliwęglan 3х4,tunel z poliwęglanu,7,0,0.0,0.0
2026-08-29,wymiary | poliwęglan 3х4,tunel z poliwęglanu 3 x 4,2,0,0.0,0.0
2026-08-29,wymiary | poliwęglan 3х4,tunel z poliwęglanu 3x4,2,0,0.0,0.0
2026-08-29,wymiary | poliwęglan 3х4,tunel z poliwęglanu 3x4 cena,1,0,0.0,0.0
2026-08-29,wymiary | poliwęglan 3х4,tunel z poliwęglanu 4x6,1,0,0.0,0.0
2026-08-29,wymiary | poliwęglan 3х4,tunele ogrodowe,6,0,0.0,0.0
2026-08-29,szklarnie z poliwęglanu [exact],szklarnia ogrodowa z poliwęglanu,7,0,0.0,0.0
2026-08-29,szklarnie z poliwęglanu [exact],szklarnia z poliwęglanu,86,4,1.25,0.0
2026-08-29,szklarnie z poliwęglanu [phrase],antiga producent szklarni z poliweglanu,2,0,0.0,0.0
2026-08-29,szklarnie z poliwęglanu [phrase],mocna szklarnia z poliwęglanu,2,0,0.0,0.0
2026-08-29,szklarnie z poliwęglanu [phrase],mocne szklarnie z poliwęglanu,2,1,1.01,0.0
2026-08-29,szklarnie z poliwęglanu [phrase],poli szklarnia pl,1,1,0.44,0.0
2026-08-29,szklarnie z poliwęglanu [phrase],poligreen szklarnie,1,0,0.0,0.0
2026-08-29,szklarnie z poliwęglanu [phrase],poliweglan szklarnia,1,0,0.0,0.0
2026-08-29,szklarnie z poliwęglanu [phrase],polski producent szklarni z poliwęglanu,2,1,0.55,0.0
2026-08-29,szklarnie z poliwęglanu [phrase],polskie szklarnie z poliwęglanu,1,2,0.35,0.0
2026-08-29,szklarnie z poliwęglanu [phrase],profimet,2,0,0.0,0.0
2026-08-29,szklarnie z poliwęglanu [phrase],profimet szklarnie,4,2,0.28,0.0
2026-08-29,szklarnie z poliwęglanu [phrase],profimet szklarnie z poliwęglanu,1,0,0.0,0.0
2026-08-29,szklarnie z poliwęglanu [phrase],profimetpl,2,1,0.18,0.0
2026-08-29,szklarnie z poliwęglanu [phrase],skladanie szklarni poliweglan,2,0,0.0,0.0
2026-08-29,szklarnie z poliwęglanu [phrase],szklarnia 3x6 poliwęglan 6mm,1,0,0.0,0.0
2026-08-29,szklarnie z poliwęglanu [phrase],szklarnia ogrodowa,7,0,0.0,0.0
2026-08-29,szklarnie z poliwęglanu [phrase],szklarnia poliweglan,1,0,0.0,0.0
2026-08-29,szklarnie z poliwęglanu [phrase],szklarnia poliweglanowa,1,0,0.0,0.0
2026-08-29,szklarnie z poliwęglanu [phrase],szklarnia poliwęglan,2,1,0.16,0.0
2026-08-29,szklarnie z poliwęglanu [phrase],szklarnia poliwęglan 3 x 6,1,0,0.0,0.0
2026-08-29,szklarnie z poliwęglanu [phrase],szklarnia poliwęglan 3x4,1,1,0.77,0.0
2026-08-29,szklarnie z poliwęglanu [phrase],szklarnia z poliweglanu 3x8,1,0,0.0,0.0
2026-08-29,szklarnie z poliwęglanu [phrase],szklarnia z poliwęglanu 2 5x4,1,0,0.0,0.0
2026-08-29,szklarnie z poliwęglanu [phrase],szklarnia z poliwęglanu 3x8,1,0,0.0,0.0
2026-08-29,szklarnie z poliwęglanu [phrase],szklarnia z poliwęglanu 4x6,1,0,0.0,0.0
2026-08-29,szklarnie z poliwęglanu [phrase],szklarnia z poliwęglanu 6mm,1,0,0.0,0.0
2026-08-29,szklarnie z poliwęglanu [phrase],szklarnia z poliwęglanu 8 mm,3,0,0.0,0.0
2026-08-29,szklarnie z poliwęglanu [phrase],szklarnia z poliwęglanu polski producent,1,0,0.0,0.0
2026-08-29,szklarnie z poliwęglanu [phrase],szklarnia z poliwęglanu profimet mocna,2,0,0.0,0.0
2026-08-29,szklarnie z poliwęglanu [phrase],szklarnia z poliwęglanu z fundamentem,1,1,0.14,0.0
2026-08-29,szklarnie z poliwęglanu [phrase],szklarnie ogrodowe,1,0,0.0,0.0
2026-08-29,szklarnie z poliwęglanu [phrase],szklarnie ogrodowe z poliwęglanu,1,0,0.0,0.0
2026-08-29,szklarnie z poliwęglanu [phrase],szklarnie plastikowe,1,0,0.0,0.0
2026-08-29,szklarnie z poliwęglanu [phrase],szklarnie z poliweglanu,1,0,0.0,0.0
2026-08-29,szklarnie z poliwęglanu [phrase],szklarnie z poliwęglanu śląskie,2,0,0.0,0.0
2026-08-29,szklarnie z poliwęglanu [phrase],tanie szklarnie z poliwęglanu,1,0,0.0,0.0
2026-08-29,szklarnie z poliwęglanu [phrase],tunel ogrodowy z poliwęglanu,2,0,0.0,0.0
2026-08-29,szklarnie z poliwęglanu [phrase],tunel z poliwęglanu,1,0,0.0,0.0
2026-08-29,tunele z poliwęglanu,mały tunel z poliwęglanu,1,0,0.0,0.0
2026-08-29,tunele z poliwęglanu,poliwęglan tunel,1,0,0.0,0.0
2026-08-29,tunele z poliwęglanu,tunel ogrodniczy z poliwęglanu,1,0,0.0,0.0
2026-08-29,tunele z poliwęglanu,tunel ogrodowy z poliwęglanu,3,0,0.0,0.0
2026-08-29,tunele z poliwęglanu,tunel poliweglanowy,2,0,0.0,0.0
2026-08-29,tunele z poliwęglanu,tunel poliwęglan,1,0,0.0,0.0
2026-08-29,tunele z poliwęglanu,tunel poliwęglanowy,1,0,0.0,0.0
2026-08-29,tunele z poliwęglanu,tunel z poliweglanu,2,0,0.0,0.0
2026-08-29,tunele z poliwęglanu,tunel z poliwęglanu,8,0,0.0,0.0
2026-08-29,tunele z poliwęglanu,tunel z poliwęglanu 4x10,2,0,0.0,0.0
2026-08-29,tunele z poliwęglanu,tunele ogrodowe z poliwęglanu,3,1,0.44,0.0
2026-08-29,tunele z poliwęglanu,tunele z poliwęglanu,6,1,0.07,0.0
2026-08-29,wymiary | poliwęglan 4х6,szklarnie z poliwęglanu 4x6,2,0,0.0,0.0
2026-08-29,wymiary | poliwęglan 4х8,szklarnia poliwęglan 4x8,1,0,0.0,0.0
2026-08-29,wymiary | poliwęglan 4х8,szklarnia z poliwęglanu 4x8,2,0,0.0,0.0
2026-08-29,wymiary | poliwęglan 4х8,szklarnie z poliwęglanu 4x8,1,0,0.0,0.0
2026-08-29,wymiary | poliwęglan 4х8,tunel z poliwęglanu 4x8,1,0,0.0,0.0
2026-08-29,wymiary | poliwęglan 2х4,agroszklarnia pl,1,0,0.0,0.0
2026-08-29,wymiary | poliwęglan 2х4,szklarnia 4x2,1,0,0.0,0.0
2026-08-29,wymiary | poliwęglan 2х4,szklarnia ogrodowa,1,0,0.0,0.0
2026-08-29,wymiary | poliwęglan 2х4,szklarnia z poliwęglanu 2x4,2,0,0.0,0.0
2026-08-29,wymiary | poliwęglan 2х4,tunel z poliwęglanu 2x4,1,0,0.0,0.0
2026-08-29,mala szklarnia z poliweglanu,agro szklarnia pl,1,0,0.0,0.0
2026-08-29,mala szklarnia z poliweglanu,agroszklarnia,1,0,0.0,0.0
2026-08-29,mala szklarnia z poliweglanu,alistan shop,1,0,0.0,0.0
2026-08-29,mala szklarnia z poliweglanu,cieplarnia,1,0,0.0,0.0
2026-08-29,mala szklarnia z poliweglanu,cultivo,1,0,0.0,0.0
2026-08-29,mala szklarnia z poliweglanu,mocna szklarnia,1,0,0.0,0.0
2026-08-29,mala szklarnia z poliweglanu,mocna szklarnia pl,2,1,0.25,0.0
2026-08-29,mala szklarnia z poliweglanu,mocne szklarnie,2,0,0.0,0.0
2026-08-29,mala szklarnia z poliweglanu,namiot szklarniowy,1,0,0.0,0.0
2026-08-29,mala szklarnia z poliweglanu,polskie szklarnie,2,0,0.0,0.0
2026-08-29,mala szklarnia z poliweglanu,polskie szklarnie z poliwęglanu,1,0,0.0,0.0
2026-08-29,mala szklarnia z poliweglanu,profimet szklarnie,1,1,0.09,0.0
2026-08-29,mala szklarnia z poliweglanu,sprzedam szklarnie,1,0,0.0,0.0
2026-08-29,mala szklarnia z poliweglanu,szklarnia 2 3,1,0,0.0,0.0
2026-08-29,mala szklarnia z poliweglanu,szklarnia 30m2,1,0,0.0,0.0
2026-08-29,mala szklarnia z poliweglanu,szklarnia 4x2 5,1,0,0.0,0.0
2026-08-29,mala szklarnia z poliweglanu,szklarnia ogrodowa,1,0,0.0,0.0
2026-08-29,mala szklarnia z poliweglanu,szklarnia ogrodowa 2x6,1,0,0.0,0.0
2026-08-29,mala szklarnia z poliweglanu,szklarnia ogrodowa duża,1,0,0.0,0.0
2026-08-29,mala szklarnia z poliweglanu,szklarnia z poliwęglanu jaką wybrać,1,0,0.0,0.0
2026-08-29,mala szklarnia z poliweglanu,szklarnie,4,0,0.0,0.0
2026-08-29,mala szklarnia z poliweglanu,szklarnie ogrodowe,4,0,0.0,0.0
2026-08-29,mala szklarnia z poliweglanu,tunel poliwęglan 4x6,1,0,0.0,0.0
2026-08-29,mala szklarnia z poliweglanu,wesoły rolnik,2,0,0.0,0.0
2026-08-31,wymiary | poliwęglan 3х6,namiot z poliwęglanu 3x6,2,0,0.0,0.0
2026-08-31,wymiary | poliwęglan 3х6,szklarnia 3 x 6,1,0,0.0,0.0
2026-08-31,wymiary | poliwęglan 3х6,szklarnia 3x6,1,0,0.0,0.0
2026-08-31,wymiary | poliwęglan 3х6,szklarnia 3x6 poliwęglan 6mm,2,0,0.0,0.0
2026-08-31,wymiary | poliwęglan 3х6,szklarnia poliwęglan 3x6,1,0,0.0,0.0
2026-08-31,wymiary | poliwęglan 3х6,szklarnia z poliwęglanu 3 x 6,1,1,0.2,0.0
2026-08-31,wymiary | poliwęglan 3х6,szklarnia z poliwęglanu 3x6,2,0,0.0,0.0
2026-08-31,wymiary | poliwęglan 3х6,szklarnia z poliwęglanu 3x6 cena,1,0,0.0,0.0
2026-08-31,wymiary | poliwęglan 3х6,szklarnia z poliwęglanu 3x6 producent 6mm,1,0,0.0,0.0
2026-08-31,wymiary | poliwęglan 3х6,szklarnia z poliwęglanu 3x6 wyprzedaż,2,0,0.0,0.0
2026-08-31,wymiary | poliwęglan 3х6,szklarnie z poliwęglanu 3x6,1,0,0.0,0.0
2026-08-31,wymiary | poliwęglan 3х6,tunel z poliweglanu 3x6,1,0,0.0,0.0
2026-08-31,wymiary | poliwęglan 3х4,botanika szklarnia,1,0,0.0,0.0
2026-08-31,wymiary | poliwęglan 3х4,gotowe szklarnie,1,0,0.0,0.0
2026-08-31,wymiary | poliwęglan 3х4,namiot ogrodowy na warzywa,4,0,0.0,0.0
2026-08-31,wymiary | poliwęglan 3х4,namiot poliweglan 3x6,1,0,0.0,0.0
2026-08-31,wymiary | poliwęglan 3х4,namiot poliwęglanowy,1,0,0.0,0.0
2026-08-31,wymiary | poliwęglan 3х4,namiot z poliwęglanu,1,0,0.0,0.0
2026-08-31,wymiary | poliwęglan 3х4,namiot z poliwęglanu 3x4,2,0,0.0,0.0
2026-08-31,wymiary | poliwęglan 3х4,szklarnia,1,0,0.0,0.0
2026-08-31,wymiary | poliwęglan 3х4,szklarnia 3 4,2,1,0.36,0.0
2026-08-31,wymiary | poliwęglan 3х4,szklarnia namiot,1,0,0.0,0.0
2026-08-31,wymiary | poliwęglan 3х4,szklarnia ogrodowa,2,0,0.0,0.0
2026-08-31,wymiary | poliwęglan 3х4,szklarnia poliwęglan 3x4,1,0,0.0,0.0
2026-08-31,wymiary | poliwęglan 3х4,szklarnia z poliwęglanu 3x4,2,0,0.0,0.0
2026-08-31,wymiary | poliwęglan 3х4,szklarnia z poliwęglanu 3x4 cena,1,0,0.0,0.0
2026-08-31,wymiary | poliwęglan 3х4,szklarnia z poliwęglanu 3x4 mocna,1,0,0.0,0.0
2026-08-31,wymiary | poliwęglan 3х4,szklarnia z poliwęglanu 3x4 polski producent,2,0,0.0,0.0
2026-08-31,wymiary | poliwęglan 3х4,szklarnia z poliwęglanu 3x6 producent 6mm,1,0,0.0,0.0
2026-08-31,wymiary | poliwęglan 3х4,szklarnia z poliwęglanu 3x6 promocja,1,1,0.08,0.0
2026-08-31,wymiary | poliwęglan 3х4,szklarnia z poliwęglanu 5x3,1,0,0.0,0.0
2026-08-31,wymiary | poliwęglan 3х4,szklarnia z poliwęglanu z fundamentem,1,0,0.0,0.0
2026-08-31,wymiary | poliwęglan 3х4,szklarnie,1,0,0.0,0.0
2026-08-31,wymiary | poliwęglan 3х4,szklarnie na pomidory,1,0,0.0,0.0
2026-08-31,wymiary | poliwęglan 3х4,szklarnie ogrodowe,1,0,0.0,0.0
2026-08-31,wymiary | poliwęglan 3х4,szklarnie ogrodowe wyprzedaż,2,0,0.0,0.0
2026-08-31,wymiary | poliwęglan 3х4,szklarnie online,1,0,0.0,0.0
2026-08-31,wymiary | poliwęglan 3х4,szklarnie z poliwęglanu,13,2,0.97,0.0
2026-08-31,wymiary | poliwęglan 3х4,szklarnie z poliwęglanu 3 x 4,1,0,0.0,0.0
2026-08-31,wymiary | poliwęglan 3х4,szklarnie z poliwęglanu braniewo,1,0,0.0,0.0
2026-08-31,wymiary | poliwęglan 3х4,tunel na pomidory,3,0,0.0,0.0
2026-08-31,wymiary | poliwęglan 3х4,tunel ogrodowy,6,0,0.0,0.0
2026-08-31,wymiary | poliwęglan 3х4,tunel ogrodowy 3x6,1,0,0.0,0.0
2026-08-31,wymiary | poliwęglan 3х4,tunel ogrodowy 6x3,1,0,0.0,0.0
2026-08-31,wymiary | poliwęglan 3х4,tunel ogrodowy z poliwęglanu,2,0,0.0,0.0
2026-08-31,wymiary | poliwęglan 3х4,tunel z poliweglanu,2,1,3.43,0.0
2026-08-31,wymiary | poliwęglan 3х4,tunel z poliwęglanu 3x4,2,0,0.0,0.0
2026-08-31,wymiary | poliwęglan 3х4,tunele ogrodowe,2,0,0.0,0.0
2026-08-31,wymiary | poliwęglan 3х4,tunele z poliwęglanu 3 x 4,2,0,0.0,0.0
2026-08-31,namioty z poliwęglanu,namiot poliweglan 3x6,1,0,0.0,0.0
2026-08-31,namioty z poliwęglanu,namiot warzywny z poliwęglanu,1,0,0.0,0.0
2026-08-31,namioty z poliwęglanu,namiot z poliwęglanu,1,0,0.0,0.0
2026-08-31,szklarnie z poliwęglanu [exact],szklarnia ogrodowa z poliwęglanu,2,0,0.0,0.0
2026-08-31,szklarnie z poliwęglanu [exact],szklarnia z poliwęglanu,46,1,0.94,1.0
2026-08-31,szklarnie z poliwęglanu [phrase],małe szklarnie poliwęglanowe,1,0,0.0,0.0
2026-08-31,szklarnie z poliwęglanu [phrase],poligreen szklarnie,1,0,0.0,0.0
2026-08-31,szklarnie z poliwęglanu [phrase],poliwęglan szklarnia,1,0,0.0,0.0
2026-08-31,szklarnie z poliwęglanu [phrase],profimet,2,1,0.13,0.0
2026-08-31,szklarnie z poliwęglanu [phrase],profimet szklarnie,2,1,0.83,0.0
2026-08-31,szklarnie z poliwęglanu [phrase],szklarn8a z poliweglanu,1,0,0.0,0.0
2026-08-31,szklarnie z poliwęglanu [phrase],szklarnia ogrodowa pomidor premium poliwęglan 210x271,2,0,0.0,0.0
2026-08-31,szklarnie z poliwęglanu [phrase],szklarnia poliweglan,1,0,0.0,0.0
2026-08-31,szklarnie z poliwęglanu [phrase],szklarnia poliwęglan 4x8,1,0,0.0,0.0
2026-08-31,szklarnie z poliwęglanu [phrase],szklarnia z poliweglanu,2,0,0.0,0.0
2026-08-31,szklarnie z poliwęglanu [phrase],szklarnia z poliweglanu 3x8,2,0,0.0,0.0
2026-08-31,szklarnie z poliwęglanu [phrase],szklarnia z poliweglanu 6mm,1,0,0.0,0.0
2026-08-31,szklarnie z poliwęglanu [phrase],szklarnia z poliwęglanu 3 5x4,1,0,0.0,0.0
2026-08-31,szklarnie z poliwęglanu [phrase],szklarnia z poliwęglanu 4x10,1,0,0.0,0.0
2026-08-31,szklarnie z poliwęglanu [phrase],szklarnia z poliwęglanu 4x6,2,0,0.0,0.0
2026-08-31,szklarnie z poliwęglanu [phrase],szklarnia z poliwęglanu 5x3,1,0,0.0,0.0
2026-08-31,szklarnie z poliwęglanu [phrase],szklarnia z poliwęglanu 8 mm,1,0,0.0,0.0
2026-08-31,szklarnie z poliwęglanu [phrase],szklarnia z poliwęglanu białystok,2,1,0.47,0.0
2026-08-31,szklarnie z poliwęglanu [phrase],szklarnia z poliwęglanu producent,2,1,0.42,0.0
2026-08-31,szklarnie z poliwęglanu [phrase],szklarnia z poliwęglanu promocja,1,0,0.0,0.0
2026-08-31,szklarnie z poliwęglanu [phrase],szklarnia z poliwęglanu z fundamentem,1,0,0.0,0.0
2026-08-31,szklarnie z poliwęglanu [phrase],szklarnia z tworzywa sztucznego,2,0,0.0,0.0
2026-08-31,szklarnie z poliwęglanu [phrase],szklarnie ogrodowe,1,0,0.0,0.0
2026-08-31,szklarnie z poliwęglanu [phrase],szklarnie ogrodowe z poliwęglanu,2,0,0.0,0.0
2026-08-31,szklarnie z poliwęglanu [phrase],szklarnie poliwęglanowe,1,0,0.0,0.0
2026-08-31,szklarnie z poliwęglanu [phrase],tunel z poliweglanu,2,0,0.0,0.0
2026-08-31,tunele z poliwęglanu,cieplarki z poliwęglanu,1,0,0.0,0.0
2026-08-31,tunele z poliwęglanu,cieplarnia z poliwęglanu,1,0,0.0,0.0
2026-08-31,tunele z poliwęglanu,namiot warzywny z poliwęglanu,1,0,0.0,0.0
2026-08-31,tunele z poliwęglanu,tunel ogrodowy z poliweglanu,1,0,0.0,0.0
2026-08-31,tunele z poliwęglanu,tunel z poliweglanu,1,0,0.0,0.0
2026-08-31,tunele z poliwęglanu,tunel z poliwęglanu,2,0,0.0,0.0
2026-08-31,tunele z poliwęglanu,tunel z poliwęglanu 4x6,2,0,0.0,0.0
2026-08-31,tunele z poliwęglanu,tunele z poliwęglanu,3,0,0.0,0.0
2026-08-31,wymiary | poliwęglan 4х8,szklarnia z poliwęglanu 4x8,1,0,0.0,0.0
2026-08-31,wymiary | poliwęglan 2х4,cieplarnia pl,2,0,0.0,0.0
2026-08-31,wymiary | poliwęglan 2х4,poligreen pl,1,0,0.0,0.0
2026-08-31,wymiary | poliwęglan 2х4,szklarnia,1,0,0.0,0.0
2026-08-31,wymiary | poliwęglan 2х4,szklarnia 2x4,4,0,0.0,0.0
2026-08-31,wymiary | poliwęglan 2х4,szklarnie ogrodowe wyprzedaż,1,0,0.0,0.0
2026-08-31,wymiary | poliwęglan 2х4,wyprzedaż szklarni ogrodowych,1,0,0.0,0.0
2026-08-31,mala szklarnia z poliweglanu,cieplarki z poliwęglanu,1,0,0.0,0.0
2026-08-31,mala szklarnia z poliweglanu,cieplarnia,1,0,0.0,0.0
2026-08-31,mala szklarnia z poliweglanu,mocna szklarnia pl,2,1,0.99,0.0
2026-08-31,mala szklarnia z poliweglanu,moja szklarnia ogrodowa,1,0,0.0,0.0
2026-08-31,mala szklarnia z poliweglanu,nowaszklarnia,1,0,0.0,0.0
2026-08-31,mala szklarnia z poliweglanu,profimet pl,2,1,1.46,0.0
2026-08-31,mala szklarnia z poliweglanu,szklarenki,1,1,0.18,0.0
2026-08-31,mala szklarnia z poliweglanu,szklarnia,4,0,0.0,0.0
2026-08-31,mala szklarnia z poliweglanu,szklarnia 2.5 x4,1,0,0.0,0.0
2026-08-31,mala szklarnia z poliweglanu,szklarnia bass polska,2,0,0.0,0.0
2026-08-31,mala szklarnia z poliweglanu,szklarnia ogrodowa mocna,1,0,0.0,0.0
2026-08-31,mala szklarnia z poliweglanu,szklarnia z poliwęglanu 2 5x4,1,0,0.0,0.0
2026-08-31,mala szklarnia z poliweglanu,szklarnia z poliwęglanu mała,1,0,0.0,0.0
2026-08-31,mala szklarnia z poliweglanu,szklarnie,1,1,0.4,0.0
2026-08-31,mala szklarnia z poliweglanu,szklarnie online,1,0,0.0,0.0
2026-08-31,mala szklarnia z poliweglanu,szklarnie online pl,2,0,0.0,0.0
2026-08-31,mala szklarnia z poliweglanu,wyprzedaż szklarni ogrodowych,1,0,0.0,0.0
2026-09-02,wymiary | poliwęglan 3х6,szklarnia ogrodowa 3x6,1,0,0.0,0.0
2026-09-02,wymiary | poliwęglan 3х6,szklarnia poliwęglan 3x6,2,0,0.0,0.0
2026-09-02,wymiary | poliwęglan 3х6,szklarnia z poliwęglanu 3x6,4,0,0.0,0.0
2026-09-02,wymiary | poliwęglan 3х6,szklarnia z poliwęglanu 3x6 cena,1,1,0.47,0.0
2026-09-02,wymiary | poliwęglan 3х6,szklarnia z poliwęglanu 3x6 producent 6mm,3,1,0.23,0.0
2026-09-02,wymiary | poliwęglan 3х6,szklarnia z poliwęglanu 3x6 promocja,4,0,0.0,0.0
2026-09-02,wymiary | poliwęglan 3х6,szklarnia z poliwęglanu 3x6 wyprzedaż,2,0,0.0,0.0
2026-09-02,wymiary | poliwęglan 3х6,szklarnie z poliwęglanu 3x6,3,0,0.0,0.0
2026-09-02,wymiary | poliwęglan 3х6,tunel 3x6 z poliwęglanu,2,0,0.0,0.0
2026-09-02,wymiary | poliwęglan 3х6,tunel ogrodowy z poliwęglanu 3x6,1,0,0.0,0.0
2026-09-02,wymiary | poliwęglan 3х6,tunel z poliwęglanu 3x6m,9,0,0.0,0.0
2026-09-02,wymiary | poliwęglan 3х4,agrostar szklarnie,2,0,0.0,0.0
2026-09-02,wymiary | poliwęglan 3х4,cieplarnie,2,0,0.0,0.0
2026-09-02,wymiary | poliwęglan 3х4,greenhouse szklarnie,1,0,0.0,0.0
2026-09-02,wymiary | poliwęglan 3х4,małe tunele ogrodowe,1,0,0.0,0.0
2026-09-02,wymiary | poliwęglan 3х4,modna szklarnia,1,0,0.0,0.0
2026-09-02,wymiary | poliwęglan 3х4,modna szklarnia pl,1,0,0.0,0.0
2026-09-02,wymiary | poliwęglan 3х4,namiot ogrodowy szklarnia,2,0,0.0,0.0
2026-09-02,wymiary | poliwęglan 3х4,namiot z poliwęglanu,1,0,0.0,0.0
2026-09-02,wymiary | poliwęglan 3х4,namiot z poliwęglanu 3x4,1,0,0.0,0.0
2026-09-02,wymiary | poliwęglan 3х4,namioty szklarnie,1,0,0.0,0.0
2026-09-02,wymiary | poliwęglan 3х4,poli szklarnia,1,0,0.0,0.0
2026-09-02,wymiary | poliwęglan 3х4,poliwęglan szklarnie,1,1,1.42,0.0
2026-09-02,wymiary | poliwęglan 3х4,szklarnia 2 5x4,1,0,0.0,0.0
2026-09-02,wymiary | poliwęglan 3х4,szklarnia 3 x 6 m,1,0,0.0,0.0
2026-09-02,wymiary | poliwęglan 3х4,szklarnia 3x4,1,0,0.0,0.0
2026-09-02,wymiary | poliwęglan 3х4,szklarnia ogrodowa,2,0,0.0,0.0
2026-09-02,wymiary | poliwęglan 3х4,szklarnia ogrodowa 3x4 z poliwęglanu solid mocna,1,0,0.0,0.0
2026-09-02,wymiary | poliwęglan 3х4,szklarnia z poliwęglanu 3 x 4,1,0,0.0,0.0
2026-09-02,wymiary | poliwęglan 3х4,szklarnia z poliwęglanu 3x4,4,0,0.0,0.0
2026-09-02,wymiary | poliwęglan 3х4,szklarnia z poliwęglanu 3x4 6mm,1,0,0.0,0.0
2026-09-02,wymiary | poliwęglan 3х4,szklarnia z poliwęglanu 3x4 polski producent,1,0,0.0,0.0
2026-09-02,wymiary | poliwęglan 3х4,szklarnia z poliwęglanu 3x4 producent,2,0,0.0,0.0
2026-09-02,wymiary | poliwęglan 3х4,szklarnia z poliwęglanu ogrodowa,1,1,0.41,0.0
2026-09-02,wymiary | poliwęglan 3х4,szklarnia z poliwęglanu promocja,1,0,0.0,0.0
2026-09-02,wymiary | poliwęglan 3х4,szklarnia z poliwęglanu tunel,1,0,0.0,0.0
2026-09-02,wymiary | poliwęglan 3х4,szklarnia z poliwęglanu wyprzedaż,1,0,0.0,0.0
2026-09-02,wymiary | poliwęglan 3х4,szklarnie całoroczne,1,0,0.0,0.0
2026-09-02,wymiary | poliwęglan 3х4,szklarnie przydomowe,1,0,0.0,0.0
2026-09-02,wymiary | poliwęglan 3х4,szklarnie z poliwęglanu,32,1,0.37,0.0
2026-09-02,wymiary | poliwęglan 3х4,szklarnie z poliwęglanu 3x4,4,1,0.36,0.0
2026-09-02,wymiary | poliwęglan 3х4,tunel 3 x 6,1,0,0.0,0.0
2026-09-02,wymiary | poliwęglan 3х4,tunel na warzywa,1,0,0.0,0.0
2026-09-02,wymiary | poliwęglan 3х4,tunel na warzywa z poliwęglanu,1,0,0.0,0.0
2026-09-02,wymiary | poliwęglan 3х4,tunel ogrodniczy,2,0,0.0,0.0
2026-09-02,wymiary | poliwęglan 3х4,tunel ogrodowy,21,0,0.0,0.0
2026-09-02,wymiary | poliwęglan 3х4,tunel ogrodowy 3x6,4,0,0.0,0.0
2026-09-02,wymiary | poliwęglan 3х4,tunel ogrodowy 8x3,1,0,0.0,0.0
2026-09-02,wymiary | poliwęglan 3х4,tunel ogrodowy wyprzedaż,1,0,0.0,0.0
2026-09-02,wymiary | poliwęglan 3х4,tunel ogrodowy z poliwęglanu,3,0,0.0,0.0
2026-09-02,wymiary | poliwęglan 3х4,tunel poliwęglanowy,2,0,0.0,0.0
2026-09-02,wymiary | poliwęglan 3х4,tunel warzywny z poliwęglanu,2,0,0.0,0.0
2026-09-02,wymiary | poliwęglan 3х4,tunel z,1,0,0.0,0.0
2026-09-02,wymiary | poliwęglan 3х4,tunel z poliwęglanu,1,0,0.0,0.0
2026-09-02,wymiary | poliwęglan 3х4,tunel z poliwęglanu 3x4 6mm,2,1,2.15,0.0
2026-09-02,wymiary | poliwęglan 3х4,tunel z poliwęglanu 3x8,1,0,0.0,0.0
2026-09-02,wymiary | poliwęglan 3х4,wyprzedaż tuneli ogrodowych,1,1,0.08,0.0
2026-09-02,namioty z poliwęglanu,namiot ogrodowy 3x4 z poliwęglanu,1,0,0.0,0.0
2026-09-02,namioty z poliwęglanu,namiot ogrodowy poliwęglan,1,0,0.0,0.0
2026-09-02,namioty z poliwęglanu,namiot z poliwęglanu,1,0,0.0,0.0
2026-09-02,namioty z poliwęglanu,namioty ogrodnicze z poliwęglanu,2,0,0.0,0.0
2026-09-02,namioty z poliwęglanu,namioty ogrodowe z poliwęglanu,2,0,0.0,0.0
2026-09-02,szklarnie z poliwęglanu [exact],szklarnia z poliwęglanu,87,6,2.63,0.0
2026-09-02,szklarnie z poliwęglanu [exact],tunel szklarnia z poliwęglanu,1,0,0.0,0.0
2026-09-02,szklarnie z poliwęglanu [phrase],jaką szklarnie z poliwęglanu wybrać,1,0,0.0,0.0
2026-09-02,szklarnie z poliwęglanu [phrase],małe szklarnie z poliwęglanu,1,0,0.0,0.0
2026-09-02,szklarnie z poliwęglanu [phrase],mocne szklarnie z poliwęglanu,2,1,0.78,0.0
2026-09-02,szklarnie z poliwęglanu [phrase],modna szklarnia pl,1,0,0.0,0.0
2026-09-02,szklarnie z poliwęglanu [phrase],poli szklarnia,1,0,0.0,0.0
2026-09-02,szklarnie z poliwęglanu [phrase],poligreen szklarnie,1,0,0.0,0.0
2026-09-02,szklarnie z poliwęglanu [phrase],poliwęglan szklarnie,1,0,0.0,0.0
2026-09-02,szklarnie z poliwęglanu [phrase],profimet,2,1,1.06,0.0
2026-09-02,szklarnie z poliwęglanu [phrase],profimet poznań,1,0,0.0,0.0
2026-09-02,szklarnie z poliwęglanu [phrase],profimet szklarnie,5,3,3.08,0.0
2026-09-02,szklarnie z poliwęglanu [phrase],szklarnia ogrodowa,1,0,0.0,0.0
2026-09-02,szklarnie z poliwęglanu [phrase],szklarnia ogrodowa z poliweglanu,1,0,0.0,0.0
2026-09-02,szklarnie z poliwęglanu [phrase],szklarnia poliwęglan 4x8,2,0,0.0,0.0
2026-09-02,szklarnie z poliwęglanu [phrase],szklarnia profimed,1,1,0.54,0.0
2026-09-02,szklarnie z poliwęglanu [phrase],szklarnia z poliweglanu,4,0,0.0,0.0
2026-09-02,szklarnie z poliwęglanu [phrase],szklarnia z poliwęglanu 3x4 6mm,1,0,0.0,0.0
2026-09-02,szklarnie z poliwęglanu [phrase],szklarnia z poliwęglanu 3x8 producent,1,0,0.0,0.0
2026-09-02,szklarnie z poliwęglanu [phrase],szklarnia z poliwęglanu 5x3,4,1,0.69,0.0
2026-09-02,szklarnie z poliwęglanu [phrase],szklarnia z poliwęglanu 6mm,1,0,0.0,0.0
2026-09-02,szklarnie z poliwęglanu [phrase],szklarnia z poliwęglanu 8 mm,1,0,0.0,0.0
2026-09-02,szklarnie z poliwęglanu [phrase],szklarnia z poliwęglanu polski producent,1,0,0.0,0.0
2026-09-02,szklarnie z poliwęglanu [phrase],szklarnia z poliwęglanu promocja,3,0,0.0,0.0
2026-09-02,szklarnie z poliwęglanu [phrase],szklarnie ogrodowe z poliwęglanu,2,0,0.0,0.0
2026-09-02,szklarnie z poliwęglanu [phrase],szklarnie poliwęglan,1,1,0.52,0.0
2026-09-02,szklarnie z poliwęglanu [phrase],szklarnie z poliweglanu,1,0,0.0,0.0
2026-09-02,szklarnie z poliwęglanu [phrase],szklarnie z poliwęglanu 6mm,1,0,0.0,0.0
2026-09-02,szklarnie z poliwęglanu [phrase],szklarnie z poliwęglanu białystok,1,0,0.0,0.0
2026-09-02,szklarnie z poliwęglanu [phrase],tunel poliwęglan 3x8,1,0,0.0,0.0
2026-09-02,szklarnie z poliwęglanu [phrase],tunel szklarnia z poliwęglanu,1,1,0.3,0.0
2026-09-02,tunele z poliwęglanu,namiot z poliwęglanu,1,1,0.19,0.0
2026-09-02,tunele z poliwęglanu,tunel ogrodowy z poliwęglanu,5,1,0.21,0.0
2026-09-02,tunele z poliwęglanu,tunel poliwęglan,4,0,0.0,0.0
2026-09-02,tunele z poliwęglanu,tunel poliwęglan 4x6,1,0,0.0,0.0
2026-09-02,tunele z poliwęglanu,tunel poliwęglanowy,1,0,0.0,0.0
2026-09-02,tunele z poliwęglanu,tunel z poliwęglanu,3,1,0.55,0.0
2026-09-02,tunele z poliwęglanu,tunel z poliwęglanu 2.5 x4,2,0,0.0,0.0
2026-09-02,tunele z poliwęglanu,tunel z poliwęglanu 3x8,3,0,0.0,0.0
2026-09-02,tunele z poliwęglanu,tunele ogrodowe z poliwęglanu,2,1,0.49,0.0
2026-09-02,tunele z poliwęglanu,tunele z poliwęglanu,12,4,1.55,0.0
2026-09-02,wymiary | poliwęglan 4х6,szklarnia z poliwęglanu 4x6,1,1,0.31,0.0
2026-09-02,wymiary | poliwęglan 2х4,modna szklarnia,1,0,0.0,0.0
2026-09-02,wymiary | poliwęglan 2х4,poligreen,2,0,0.0,0.0
2026-09-02,wymiary | poliwęglan 2х4,szklarnia,3,0,0.0,0.0
2026-09-02,wymiary | poliwęglan 2х4,szklarnia 2 5x4,1,0,0.0,0.0
2026-09-02,wymiary | poliwęglan 2х4,szklarnia 2x4m,1,0,0.0,0.0
2026-09-02,wymiary | poliwęglan 2х4,szklarnie z poliwęglanu,2,0,0.0,0.0
2026-09-02,wymiary | poliwęglan 2х4,tunel ogrodowy 2x4 5,3,0,0.0,0.0
2026-09-02,wymiary | poliwęglan 2х4,tunel ogrodowy 2x6,1,0,0.0,0.0
2026-09-02,wymiary | poliwęglan 2х4,tunel ogrodowy 4x2,1,0,0.0,0.0
2026-09-02,wymiary | poliwęglan 2х4,tunel z poliwęglanu 2x4,2,0,0.0,0.0
2026-09-02,wymiary | poliwęglan 2х4,wesoły ogrodnik,2,0,0.0,0.0
2026-09-02,wymiary | poliwęglan 2 5х4,szklarnia z poliwęglanu 2 5x4,1,0,0.0,0.0
2026-09-02,mala szklarnia z poliweglanu,green protect,1,0,0.0,0.0
2026-09-02,mala szklarnia z poliweglanu,klasika slim,1,0,0.0,0.0
2026-09-02,mala szklarnia z poliweglanu,mala szklarnia z poliweglanu,3,0,0.0,0.0
2026-09-02,mala szklarnia z poliweglanu,male szklarnie,2,0,0.0,0.0
2026-09-02,mala szklarnia z poliweglanu,mam szklarnie,1,0,0.0,0.0
2026-09-02,mala szklarnia z poliweglanu,mam szklarnie pl,2,0,0.0,0.0
2026-09-02,mala szklarnia z poliweglanu,mała szklarnia,3,0,0.0,0.0
2026-09-02,mala szklarnia z poliweglanu,mała szklarnia ogrodowa,1,0,0.0,0.0
2026-09-02,mala szklarnia z poliweglanu,małe szklarnie poliwęglanowe,1,0,0.0,0.0
2026-09-02,mala szklarnia z poliweglanu,małe szklarnie z poliwęglanu,1,0,0.0,0.0
2026-09-02,mala szklarnia z poliweglanu,mocna szklarnia pl,4,2,2.1,0.0
2026-09-02,mala szklarnia z poliweglanu,mocnaszklarnia,2,1,0.47,0.0
2026-09-02,mala szklarnia z poliweglanu,poli green,2,0,0.0,0.0
2026-09-02,mala szklarnia z poliweglanu,poligreen pl,1,0,0.0,0.0
2026-09-02,mala szklarnia z poliweglanu,polska szklarnia,2,0,0.0,0.0
2026-09-02,mala szklarnia z poliweglanu,polski producent szklarni,2,2,1.0,0.0
2026-09-02,mala szklarnia z poliweglanu,polskie szklarnie ogrodowe,1,0,0.0,0.0
2026-09-02,mala szklarnia z poliweglanu,producent szklarni,2,0,0.0,0.0
2026-09-02,mala szklarnia z poliweglanu,profimet,2,1,0.25,0.0
2026-09-02,mala szklarnia z poliweglanu,przydomowa szklarnia,1,0,0.0,0.0
2026-09-02,mala szklarnia z poliweglanu,rozsadnik z poliwęglanu,1,0,0.0,0.0
2026-09-02,mala szklarnia z poliweglanu,solidna szklarnia ogrodowa,1,0,0.0,0.0
2026-09-02,mala szklarnia z poliweglanu,szklarnia,10,1,0.77,0.0
2026-09-02,mala szklarnia z poliweglanu,szklarnia 2x2 5,2,0,0.0,0.0
2026-09-02,mala szklarnia z poliweglanu,szklarnia 4x8,1,0,0.0,0.0
2026-09-02,mala szklarnia z poliweglanu,szklarnia fermer,1,0,0.0,0.0
2026-09-02,mala szklarnia z poliweglanu,szklarnia na wymiar,2,0,0.0,0.0
2026-09-02,mala szklarnia z poliweglanu,szklarnia pl,1,0,0.0,0.0
2026-09-02,mala szklarnia z poliweglanu,szklarnia verbena,1,0,0.0,0.0
2026-09-02,mala szklarnia z poliweglanu,szklarnia wyprzedaż,1,0,0.0,0.0
2026-09-02,mala szklarnia z poliweglanu,szklarnia z poliweglanu,1,0,0.0,0.0
2026-09-02,mala szklarnia z poliweglanu,szklarnia z poliwęglanu 2x2 5,1,0,0.0,0.0
2026-09-02,mala szklarnia z poliweglanu,szklarnie,5,0,0.0,0.0
2026-09-02,mala szklarnia z poliweglanu,szklarnie ogrodowe male,2,1,0.22,0.0
2026-09-02,mala szklarnia z poliweglanu,szklarnie ogrodowe wyprzedaż,1,0,0.0,0.0
2026-09-02,mala szklarnia z poliweglanu,tunel ogrodowy z poliwęglanu,1,0,0.0,0.0
2026-09-02,mala szklarnia z poliweglanu,wml szklarnie,1,0,0.0,0.0
2026-09-03,wymiary | poliwęglan 3х6,szklarnia 3x6,2,0,0.0,0.0
2026-09-03,wymiary | poliwęglan 3х6,szklarnia 3x6 6mm,1,0,0.0,0.0
2026-09-03,wymiary | poliwęglan 3х6,szklarnia poliwęglan 3x6,5,1,0.39,0.0
2026-09-03,wymiary | poliwęglan 3х6,szklarnia poliwęglan 3x6 6mm,2,0,0.0,0.0
2026-09-03,wymiary | poliwęglan 3х6,szklarnia z poliweglanu 3x6,2,0,0.0,0.0
2026-09-03,wymiary | poliwęglan 3х6,szklarnia z poliwęglanu 3x6,4,1,0.78,0.0
2026-09-03,wymiary | poliwęglan 3х6,szklarnia z poliwęglanu 3x6 producent,3,0,0.0,0.0
2026-09-03,wymiary | poliwęglan 3х6,szklarnia z poliwęglanu 3x6 producent 6mm,3,0,0.0,0.0
2026-09-03,wymiary | poliwęglan 3х6,szklarnia z poliwęglanu 3x6 promocja,6,1,0.36,0.0
2026-09-03,wymiary | poliwęglan 3х6,szklarnia z poliwęglanu 3x6 z fundamentem,2,0,0.0,0.0
2026-09-03,wymiary | poliwęglan 3х6,szklarnie z poliwęglanu 3 x 6,1,0,0.0,0.0
2026-09-03,wymiary | poliwęglan 3х6,tunel poliwęglan 3x6,1,0,0.0,0.0
2026-09-03,wymiary | poliwęglan 3х6,tunel z poliwęglanu 3x6,1,0,0.0,0.0
2026-09-03,wymiary | poliwęglan 3х6,tunel z poliwęglanu 3x6m,2,0,0.0,0.0
2026-09-03,wymiary | poliwęglan 3х6,tunel z poliwęglanu 3x6m cena,2,0,0.0,0.0
2026-09-03,wymiary | poliwęglan 3х6,tunele z poliwęglanu 3x6,4,0,0.0,0.0
2026-09-03,wymiary | poliwęglan 3х4,cieplarnia z poliwęglanu,2,0,0.0,0.0
2026-09-03,wymiary | poliwęglan 3х4,cieplarnie ogrodowe,1,0,0.0,0.0
2026-09-03,wymiary | poliwęglan 3х4,kupię szklarnie z poliwęglanu,1,0,0.0,0.0
2026-09-03,wymiary | poliwęglan 3х4,kupię tunel ogrodowy,2,0,0.0,0.0
2026-09-03,wymiary | poliwęglan 3х4,mocna szklarnia pl,1,0,0.0,0.0
2026-09-03,wymiary | poliwęglan 3х4,mocne szklarnie,2,1,0.4,0.0
2026-09-03,wymiary | poliwęglan 3х4,modna szklarnia pl,4,0,0.0,0.0
2026-09-03,wymiary | poliwęglan 3х4,multi szklarnia,1,0,0.0,0.0
2026-09-03,wymiary | poliwęglan 3х4,namiot ogrodowy pod warzywa,4,0,0.0,0.0
2026-09-03,wymiary | poliwęglan 3х4,namiot ogrodowy z poliwęglanu,1,0,0.0,0.0
2026-09-03,wymiary | poliwęglan 3х4,namiot poliweglan 3x4,2,0,0.0,0.0
2026-09-03,wymiary | poliwęglan 3х4,namiot szklarniowy,2,0,0.0,0.0
2026-09-03,wymiary | poliwęglan 3х4,namiot z poliwęglanu 3x4,1,0,0.0,0.0
2026-09-03,wymiary | poliwęglan 3х4,namioty ogrodnicze,1,0,0.0,0.0
2026-09-03,wymiary | poliwęglan 3х4,producent szklarni śląsk,2,1,0.54,0.0
2026-09-03,wymiary | poliwęglan 3х4,szklarnia,4,0,0.0,0.0
2026-09-03,wymiary | poliwęglan 3х4,szklarnia 2x6,2,0,0.0,0.0
2026-09-03,wymiary | poliwęglan 3х4,szklarnia 30m2,1,0,0.0,0.0
2026-09-03,wymiary | poliwęglan 3х4,szklarnia 4x6,1,0,0.0,0.0
2026-09-03,wymiary | poliwęglan 3х4,szklarnia 5x3,1,0,0.0,0.0
2026-09-03,wymiary | poliwęglan 3х4,szklarnia duża,1,0,0.0,0.0
2026-09-03,wymiary | poliwęglan 3х4,szklarnia namiot,1,0,0.0,0.0
2026-09-03,wymiary | poliwęglan 3х4,szklarnia ogorek premium plus,1,0,0.0,0.0
2026-09-03,wymiary | poliwęglan 3х4,szklarnia ogrodowa,6,1,0.2,0.0
2026-09-03,wymiary | poliwęglan 3х4,szklarnia ogrodowa 3 x 4 m,2,1,0.17,0.0
2026-09-03,wymiary | poliwęglan 3х4,szklarnia ogrodowa 3x4,1,0,0.0,0.0
2026-09-03,wymiary | poliwęglan 3х4,szklarnia poli,1,0,0.0,0.0
2026-09-03,wymiary | poliwęglan 3х4,szklarnia poliweglowa,1,0,0.0,0.0
2026-09-03,wymiary | poliwęglan 3х4,szklarnia poliwęglan,1,0,0.0,0.0
2026-09-03,wymiary | poliwęglan 3х4,szklarnia poliwęglan 2 5x4,1,0,0.0,0.0
2026-09-03,wymiary | poliwęglan 3х4,szklarnia tunel,1,0,0.0,0.0
2026-09-03,wymiary | poliwęglan 3х4,szklarnia z poliweglanu 3x4,6,0,0.0,0.0
2026-09-03,wymiary | poliwęglan 3х4,szklarnia z poliwęglanu 3 x 4,1,1,0.19,0.0
2026-09-03,wymiary | poliwęglan 3х4,szklarnia z poliwęglanu 3x4,4,0,0.0,0.0
2026-09-03,wymiary | poliwęglan 3х4,szklarnia z poliwęglanu 3x4 cena,2,0,0.0,0.0
2026-09-03,wymiary | poliwęglan 3х4,szklarnia z poliwęglanu 3x4 mocna,3,1,1.04,0.0
2026-09-03,wymiary | poliwęglan 3х4,szklarnia z poliwęglanu 3x4 producent,3,0,0.0,0.0
2026-09-03,wymiary | poliwęglan 3х4,szklarnia z poliwęglanu 3x4 z fundamentem,2,0,0.0,0.0
2026-09-03,wymiary | poliwęglan 3х4,szklarnia z poliwęglanu 6mm,2,0,0.0,0.0
2026-09-03,wymiary | poliwęglan 3х4,szklarnia zimowa,1,0,0.0,0.0
2026-09-03,wymiary | poliwęglan 3х4,szklarnie ogrodowe,1,0,0.0,0.0
2026-09-03,wymiary | poliwęglan 3х4,szklarnie online,4,1,0.53,0.0
2026-09-03,wymiary | poliwęglan 3х4,szklarnie poliwęglanowe,2,1,0.31,0.0
2026-09-03,wymiary | poliwęglan 3х4,szklarnie z poliwęglanu,23,4,2.1,0.0
2026-09-03,wymiary | poliwęglan 3х4,szklarnie z poliwęglanu 3x4,6,1,0.24,0.0
2026-09-03,wymiary | poliwęglan 3х4,tunel 3x4 5,1,0,0.0,0.0
2026-09-03,wymiary | poliwęglan 3х4,tunel 3x8,2,0,0.0,0.0
2026-09-03,wymiary | poliwęglan 3х4,tunel 4x10,1,0,0.0,0.0
2026-09-03,wymiary | poliwęglan 3х4,tunel 4x6,2,0,0.0,0.0
2026-09-03,wymiary | poliwęglan 3х4,tunel do ogrodu,1,0,0.0,0.0
2026-09-03,wymiary | poliwęglan 3х4,tunel na pomidory,1,0,0.0,0.0
2026-09-03,wymiary | poliwęglan 3х4,tunel ogrodniczy,2,0,0.0,0.0
2026-09-03,wymiary | poliwęglan 3х4,tunel ogrodowy,10,0,0.0,0.0
2026-09-03,wymiary | poliwęglan 3х4,tunel ogrodowy 3x4,2,0,0.0,0.0
2026-09-03,wymiary | poliwęglan 3х4,tunel ogrodowy 3x6,2,0,0.0,0.0
2026-09-03,wymiary | poliwęglan 3х4,tunel ogrodowy z poliwęglanu,4,0,0.0,0.0
2026-09-03,wymiary | poliwęglan 3х4,tunel poliwęglanowy,2,0,0.0,0.0
2026-09-03,wymiary | poliwęglan 3х4,tunel szklarniowy,2,0,0.0,0.0
2026-09-03,wymiary | poliwęglan 3х4,tunel z poliwęglanu,1,0,0.0,0.0
2026-09-03,wymiary | poliwęglan 3х4,tunele ogrodnicze na działkę,1,0,0.0,0.0
2026-09-03,wymiary | poliwęglan 3х4,tunele ogrodowe,1,1,0.3,0.0
2026-09-03,wymiary | poliwęglan 3х4,wesoly rolnik,1,0,0.0,0.0
2026-09-03,wymiary | poliwęglan 3х4,wesoły rolnik,1,0,0.0,0.0
2026-09-03,namioty z poliwęglanu,namiot ogrodowy z poliwęglanu,4,0,0.0,0.0
2026-09-03,namioty z poliwęglanu,namioty z poliwęglanu,2,0,0.0,0.0
2026-09-03,szklarnie z poliwęglanu [exact],szklarnia z poliwęglanu,72,5,2.61,0.0
2026-09-03,szklarnie z poliwęglanu [exact],szklarnie poliweglanowe,1,0,0.0,0.0
2026-09-03,szklarnie z poliwęglanu [phrase],cieplarnia pl,1,0,0.0,0.0
2026-09-03,szklarnie z poliwęglanu [phrase],poli szklarnia,2,0,0.0,0.0
2026-09-03,szklarnie z poliwęglanu [phrase],profimet,6,2,1.22,0.0
2026-09-03,szklarnie z poliwęglanu [phrase],profimet szklarnie,1,2,0.14,0.0
2026-09-03,szklarnie z poliwęglanu [phrase],szklarni z poliwęglanu,1,0,0.0,0.0
2026-09-03,szklarnie z poliwęglanu [phrase],szklarnia ogrodowa,3,0,0.0,0.0
2026-09-03,szklarnie z poliwęglanu [phrase],szklarnia poli,1,0,0.0,0.0
2026-09-03,szklarnie z poliwęglanu [phrase],szklarnia poliweglan,1,0,0.0,0.0
2026-09-03,szklarnie z poliwęglanu [phrase],szklarnia poliweglan 6 mm,1,0,0.0,0.0
2026-09-03,szklarnie z poliwęglanu [phrase],szklarnia poliweglan 6mm,1,0,0.0,0.0
2026-09-03,szklarnie z poliwęglanu [phrase],szklarnia poliwęglan,2,0,0.0,0.0
2026-09-03,szklarnie z poliwęglanu [phrase],szklarnia poliwęglan 6mm,1,1,0.44,0.0
2026-09-03,szklarnie z poliwęglanu [phrase],szklarnia poliwęglanowa,1,0,0.0,0.0
2026-09-03,szklarnie z poliwęglanu [phrase],szklarnia z poliweglanu,1,0,0.0,0.0
2026-09-03,szklarnie z poliwęglanu [phrase],szklarnia z poliwęglanu 2 3,1,1,0.62,0.0
2026-09-03,szklarnie z poliwęglanu [phrase],szklarnia z poliwęglanu 3x4 5,1,0,0.0,0.0
2026-09-03,szklarnie z poliwęglanu [phrase],szklarnia z poliwęglanu 4 x 6,1,0,0.0,0.0
2026-09-03,szklarnie z poliwęglanu [phrase],szklarnia z poliwęglanu 4x6,1,0,0.0,0.0
2026-09-03,szklarnie z poliwęglanu [phrase],szklarnia z poliwęglanu 6mm,2,1,0.62,0.0
2026-09-03,szklarnie z poliwęglanu [phrase],szklarnia z poliwęglanu białystok,1,0,0.0,0.0
2026-09-03,szklarnie z poliwęglanu [phrase],szklarnia z poliwęglanu profimet mocna,1,0,0.0,0.0
2026-09-03,szklarnie z poliwęglanu [phrase],szklarnia z poliwęglanu promocja,1,0,0.0,0.0
2026-09-03,szklarnie z poliwęglanu [phrase],szklarnie ogrodowe z poliwęglanu,3,1,0.53,0.0
2026-09-03,szklarnie z poliwęglanu [phrase],szklarnie poliuretanowe,2,1,1.2,0.0
2026-09-03,szklarnie z poliwęglanu [phrase],szklarnie poliwęglanowe,1,0,0.0,0.0
2026-09-03,szklarnie z poliwęglanu [phrase],szklarnie z poliweglanu,5,0,0.0,0.0
2026-09-03,szklarnie z poliwęglanu [phrase],szklarnie z poliwęglanu polski producent,2,0,0.0,0.0
2026-09-03,szklarnie z poliwęglanu [phrase],tunel poliwęglan 4x6,2,0,0.0,0.0
2026-09-03,tunele z poliwęglanu,tunel ogrodowy z poliwęglanu,4,1,0.6,0.0
2026-09-03,tunele z poliwęglanu,tunel poliwęglanowy,1,0,0.0,0.0
2026-09-03,tunele z poliwęglanu,tunel z poliwęglanu,2,0,0.0,0.0
2026-09-03,tunele z poliwęglanu,tunele ogrodowe z poliwęglanu,7,2,1.08,0.0
2026-09-03,tunele z poliwęglanu,tunele z poliwęglanu,12,1,0.38,0.0
2026-09-03,wymiary | poliwęglan 4х8,szklarnie z poliwęglanu 4x8,1,1,0.56,0.0
2026-09-03,wymiary | poliwęglan 4х8,tunel z poliwęglanu 4x8,1,0,0.0,0.0
2026-09-03,wymiary | poliwęglan 2х4,cieplarnia pl,1,0,0.0,0.0
2026-09-03,wymiary | poliwęglan 2х4,gardena szklarnia,1,0,0.0,0.0
2026-09-03,wymiary | poliwęglan 2х4,namiot szklarnia,1,0,0.0,0.0
2026-09-03,wymiary | poliwęglan 2х4,poli green,2,0,0.0,0.0
2026-09-03,wymiary | poliwęglan 2х4,poligreen,3,0,0.0,0.0
2026-09-03,wymiary | poliwęglan 2х4,szklarnia,2,0,0.0,0.0
2026-09-03,wymiary | poliwęglan 2х4,szklarnia 2 x 4,1,0,0.0,0.0
2026-09-03,wymiary | poliwęglan 2х4,szklarnia 2x4,1,0,0.0,0.0
2026-09-03,wymiary | poliwęglan 2х4,szklarnia 4 m,1,0,0.0,0.0
2026-09-03,wymiary | poliwęglan 2х4,szklarnia 4x2,1,0,0.0,0.0
2026-09-03,wymiary | poliwęglan 2х4,szklarnia przydomowa,1,0,0.0,0.0
2026-09-03,wymiary | poliwęglan 2х4,szklarnia z poliwęglanu 2 x 4,2,2,0.44,0.0
2026-09-03,wymiary | poliwęglan 2х4,szklarnia z poliwęglanu 2x4,3,0,0.0,0.0
2026-09-03,wymiary | poliwęglan 2х4,szklarnia z poliwęglanu 4x2,1,0,0.0,0.0
2026-09-03,wymiary | poliwęglan 2х4,szklarnie,1,0,0.0,0.0
2026-09-03,wymiary | poliwęglan 2х4,szklarnie z poliwęglanu,1,0,0.0,0.0
2026-09-03,wymiary | poliwęglan 2х4,tunel 2 5x4,2,0,0.0,0.0
2026-09-03,mala szklarnia z poliweglanu,alistan agro,2,0,0.0,0.0
2026-09-03,mala szklarnia z poliweglanu,alistan shop,1,0,0.0,0.0
2026-09-03,mala szklarnia z poliweglanu,cieplarnia,1,0,0.0,0.0
2026-09-03,mala szklarnia z poliweglanu,cieplarnia pl,1,0,0.0,0.0
2026-09-03,mala szklarnia z poliweglanu,cultivo,9,0,0.0,0.0
2026-09-03,mala szklarnia z poliweglanu,gotowe szklarnie,1,0,0.0,0.0
2026-09-03,mala szklarnia z poliweglanu,male szklarnie,1,0,0.0,0.0
2026-09-03,mala szklarnia z poliweglanu,małe szklarnie z poliwęglanu,2,1,0.19,0.0
2026-09-03,mala szklarnia z poliweglanu,małe tunele z poliwęglanu,2,0,0.0,0.0
2026-09-03,mala szklarnia z poliweglanu,mocna szklarnia pl,1,1,0.71,0.0
2026-09-03,mala szklarnia z poliweglanu,mocnaszklarnia pl,4,1,1.32,0.0
2026-09-03,mala szklarnia z poliweglanu,moja szklarnia ogrodowa,1,0,0.0,0.0
2026-09-03,mala szklarnia z poliweglanu,profi met,2,1,1.1,0.0
2026-09-03,mala szklarnia z poliweglanu,szklarnia,1,0,0.0,0.0
2026-09-03,mala szklarnia z poliweglanu,szklarnia 2x2 5,2,0,0.0,0.0
2026-09-03,mala szklarnia z poliweglanu,szklarnia 2x6,2,1,0.54,0.0
2026-09-03,mala szklarnia z poliweglanu,szklarnia 3x2,2,0,0.0,0.0
2026-09-03,mala szklarnia z poliweglanu,szklarnia 4x6m,1,0,0.0,0.0
2026-09-03,mala szklarnia z poliweglanu,szklarnia nad basenem,2,0,0.0,0.0
2026-09-03,mala szklarnia z poliweglanu,szklarnia ogrodowa,1,0,0.0,0.0
2026-09-03,mala szklarnia z poliweglanu,szklarnia pl,1,0,0.0,0.0
2026-09-03,mala szklarnia z poliweglanu,szklarnia przydomowa,1,0,0.0,0.0
2026-09-03,mala szklarnia z poliweglanu,szklarnia z poliwęglanu 3x2,2,0,0.0,0.0
2026-09-03,mala szklarnia z poliweglanu,szklarnie,1,0,0.0,0.0
2026-09-03,mala szklarnia z poliweglanu,szklarnie na wymiar,1,1,1.43,0.0
2026-09-03,mala szklarnia z poliweglanu,szklarnie ogrodowe wyprzedaż,1,0,0.0,0.0
2026-09-03,mala szklarnia z poliweglanu,szklarnie poliwęglanowe,2,0,0.0,0.0
2026-09-03,mala szklarnia z poliweglanu,szklarnie przydomowe,1,0,0.0,0.0
2026-09-03,mala szklarnia z poliweglanu,tunel 4x6,2,0,0.0,0.0
2026-09-03,mala szklarnia z poliweglanu,twoja szklarnia pl,1,0,0.0,0.0
2026-09-03,mala szklarnia z poliweglanu,vegi szklarnie,1,0,0.0,0.0
2026-09-03,mala szklarnia z poliweglanu,wesoły rolnik,1,0,0.0,0.0
2026-09-04,wymiary | poliwęglan 3х6,namiot z poliwęglanu 3x6,5,0,0.0,0.0
2026-09-04,wymiary | poliwęglan 3х6,szklarnia 3 na 6,1,0,0.0,0.0
2026-09-04,wymiary | poliwęglan 3х6,szklarnia 3x6,2,0,0.0,0.0
2026-09-04,wymiary | poliwęglan 3х6,szklarnia 3x6 poliwęglan 6mm,1,0,0.0,0.0
2026-09-04,wymiary | poliwęglan 3х6,szklarnia poliwęglan 3 x 6,2,1,0.34,0.0
2026-09-04,wymiary | poliwęglan 3х6,szklarnia poliwęglan 3x6,5,1,1.04,0.0
2026-09-04,wymiary | poliwęglan 3х6,szklarnia z poliwęglanu 3x6,2,0,0.0,0.0
2026-09-04,wymiary | poliwęglan 3х6,szklarnia z poliwęglanu 3x6 6mm,1,0,0.0,0.0
2026-09-04,wymiary | poliwęglan 3х6,szklarnia z poliwęglanu 3x6 promocja,9,0,0.0,0.0
2026-09-04,wymiary | poliwęglan 3х6,szklarnia z poliwęglanu 3x6 wyprzedaż,2,0,0.0,0.0
2026-09-04,wymiary | poliwęglan 3х6,szklarnie z poliwęglanu 3x6,6,1,0.26,0.0
2026-09-04,wymiary | poliwęglan 3х6,tunel z poliwęglanu 3x6m,1,0,0.0,0.0
2026-09-04,wymiary | poliwęglan 3х4,cieplarnia z poliwęglanu,3,0,0.0,0.0
2026-09-04,wymiary | poliwęglan 3х4,mocna szklarnia,2,0,0.0,0.0
2026-09-04,wymiary | poliwęglan 3х4,mocne szklarnie z poliwęglanu,2,0,0.0,0.0
2026-09-04,wymiary | poliwęglan 3х4,najlepsze szklarnie z poliwęglanu,1,0,0.0,0.0
2026-09-04,wymiary | poliwęglan 3х4,namiot do pomidorów,2,0,0.0,0.0
2026-09-04,wymiary | poliwęglan 3х4,namiot na pomidory,1,0,0.0,0.0
2026-09-04,wymiary | poliwęglan 3х4,namiot pod pomidory,3,0,0.0,0.0
2026-09-04,wymiary | poliwęglan 3х4,namiot z poliwęglanu,1,0,0.0,0.0
2026-09-04,wymiary | poliwęglan 3х4,namiot z poliwęglanu 3x4,3,2,0.81,0.0
2026-09-04,wymiary | poliwęglan 3х4,poliweglanowy tunel,1,0,0.0,0.0
2026-09-04,wymiary | poliwęglan 3х4,polski producent szklarni z poliwęglanu,1,0,0.0,0.0
2026-09-04,wymiary | poliwęglan 3х4,polypiu poland,1,0,0.0,0.0
2026-09-04,wymiary | poliwęglan 3х4,producent szklarni ogrodowych,1,0,0.0,0.0
2026-09-04,wymiary | poliwęglan 3х4,profimet szklarnie,2,1,1.51,0.0
2026-09-04,wymiary | poliwęglan 3х4,profimet szklarnie kontakt,1,0,0.0,0.0
2026-09-04,wymiary | poliwęglan 3х4,przydomowe szklarnie,2,1,0.27,0.0
2026-09-04,wymiary | poliwęglan 3х4,szklarnia,9,0,0.0,0.0
2026-09-04,wymiary | poliwęglan 3х4,szklarnia 3 na 4,3,1,0.52,0.0
2026-09-04,wymiary | poliwęglan 3х4,szklarnia 3x4,4,0,0.0,0.0
2026-09-04,wymiary | poliwęglan 3х4,szklarnia 3x4 poliweglan,1,0,0.0,0.0
2026-09-04,wymiary | poliwęglan 3х4,szklarnia 4x8,1,0,0.0,0.0
2026-09-04,wymiary | poliwęglan 3х4,szklarnia mocna lux,2,0,0.0,0.0
2026-09-04,wymiary | poliwęglan 3х4,szklarnia namiot,1,0,0.0,0.0
2026-09-04,wymiary | poliwęglan 3х4,szklarnia ogrodowa,5,0,0.0,0.0
2026-09-04,wymiary | poliwęglan 3х4,szklarnia ogrodowa 3x4 z poliwęglanu solid mocna,1,0,0.0,0.0
2026-09-04,wymiary | poliwęglan 3х4,szklarnia ogrodowa z fundamentem,2,0,0.0,0.0
2026-09-04,wymiary | poliwęglan 3х4,szklarnia poliweglanowa,1,0,0.0,0.0
2026-09-04,wymiary | poliwęglan 3х4,szklarnia poliwęglan 3x4,2,0,0.0,0.0
2026-09-04,wymiary | poliwęglan 3х4,szklarnia poliwęglan 3x4 6mm,1,0,0.0,0.0
2026-09-04,wymiary | poliwęglan 3х4,szklarnia poliwęglanowa,2,0,0.0,0.0
2026-09-04,wymiary | poliwęglan 3х4,szklarnia z poliweglanu,4,0,0.0,0.0
2026-09-04,wymiary | poliwęglan 3х4,szklarnia z poliwęglanu 3x4,3,0,0.0,0.0
2026-09-04,wymiary | poliwęglan 3х4,szklarnia z poliwęglanu 3x4 6mm,7,2,0.89,0.0
2026-09-04,wymiary | poliwęglan 3х4,szklarnia z poliwęglanu 3x4 producent,6,2,0.37,0.0
2026-09-04,wymiary | poliwęglan 3х4,szklarnia z poliwęglanu 3x8,1,0,0.0,0.0
2026-09-04,wymiary | poliwęglan 3х4,szklarnia z poliwęglanu 4 x 6,2,0,0.0,0.0
2026-09-04,wymiary | poliwęglan 3х4,szklarnia z poliwęglanu 4x6,1,0,0.0,0.0
2026-09-04,wymiary | poliwęglan 3х4,szklarnia z poliwęglanu cena,1,0,0.0,0.0
2026-09-04,wymiary | poliwęglan 3х4,szklarnie,4,0,0.0,0.0
2026-09-04,wymiary | poliwęglan 3х4,szklarnie helenów,1,0,0.0,0.0
2026-09-04,wymiary | poliwęglan 3х4,szklarnie na wymiar,1,0,0.0,0.0
2026-09-04,wymiary | poliwęglan 3х4,szklarnie ogrodowe duże,1,0,0.0,0.0
2026-09-04,wymiary | poliwęglan 3х4,szklarnie poliweglan,1,0,0.0,0.0
2026-09-04,wymiary | poliwęglan 3х4,szklarnie tunelowe,1,0,0.0,0.0
2026-09-04,wymiary | poliwęglan 3х4,szklarnie z poliwęglanu,37,4,1.75,0.0
2026-09-04,wymiary | poliwęglan 3х4,szklarnie z poliwęglanu 3x4,5,1,0.62,0.0
2026-09-04,wymiary | poliwęglan 3х4,szklarnie z poliwęglanu wrocław,1,0,0.0,0.0
2026-09-04,wymiary | poliwęglan 3х4,tunel 6x3,1,0,0.0,0.0
2026-09-04,wymiary | poliwęglan 3х4,tunel na pomidory,2,0,0.0,0.0
2026-09-04,wymiary | poliwęglan 3х4,tunel na pomidory z poliwęglanu,1,0,0.0,0.0
2026-09-04,wymiary | poliwęglan 3х4,tunel na warzywa,1,0,0.0,0.0
2026-09-04,wymiary | poliwęglan 3х4,tunel ogrodowy,15,2,0.35,0.0
2026-09-04,wymiary | poliwęglan 3х4,tunel ogrodowy 120x80,2,0,0.0,0.0
2026-09-04,wymiary | poliwęglan 3х4,tunel ogrodowy 3x4,1,0,0.0,0.0
2026-09-04,wymiary | poliwęglan 3х4,tunel ogrodowy 3x6,3,0,0.0,0.0
2026-09-04,wymiary | poliwęglan 3х4,tunel ogrodowy wyprzedaż,1,0,0.0,0.0
2026-09-04,wymiary | poliwęglan 3х4,tunel ogrodowy z poliwęglanu,2,1,0.5,0.0
2026-09-04,wymiary | poliwęglan 3х4,tunel ogrodowy z poliwęglanu 3x4,2,1,0.64,0.0
2026-09-04,wymiary | poliwęglan 3х4,tunel ogrodowy ze stelażem,1,0,0.0,0.0
2026-09-04,wymiary | poliwęglan 3х4,tunel pod pomidory,1,0,0.0,0.0
2026-09-04,wymiary | poliwęglan 3х4,tunel poliwęglan,2,0,0.0,0.0
2026-09-04,wymiary | poliwęglan 3х4,tunel poliwęglan 3x4,2,2,0.59,0.0
2026-09-04,wymiary | poliwęglan 3х4,tunel szklarnia,1,0,0.0,0.0
2026-09-04,wymiary | poliwęglan 3х4,tunel z foli,1,0,0.0,0.0
2026-09-04,wymiary | poliwęglan 3х4,tunel z poliwęglanu 3x4,4,0,0.0,0.0
2026-09-04,wymiary | poliwęglan 3х4,tunele ogrodnicze,2,0,0.0,0.0
2026-09-04,wymiary | poliwęglan 3х4,tunele z poliwęglanu 3 x 4,3,1,0.92,0.0
2026-09-04,wymiary | poliwęglan 3х4,wdk tunnels,1,0,0.0,0.0
2026-09-04,wymiary | poliwęglan 3х4,wesoly rolnik,1,0,0.0,0.0
2026-09-04,wymiary | poliwęglan 3х8,tunel z poliwęglanu 3x8,1,0,0.0,0.0
2026-09-04,namioty z poliwęglanu,namiot ogrodowy z poliwęglanu,2,1,0.27,0.0
2026-09-04,namioty z poliwęglanu,namiot poliwęglanowy,1,0,0.0,0.0
2026-09-04,namioty z poliwęglanu,namiot z poliweglanu,1,1,0.27,0.0
2026-09-04,namioty z poliwęglanu,namiot z poliwęglanu,5,0,0.0,0.0
2026-09-04,namioty z poliwęglanu,namioty ogrodowe z poliweglanu,1,1,0.49,0.0
2026-09-04,namioty z poliwęglanu,tunel z poliwęglanu,1,0,0.0,0.0
2026-09-04,szklarnie z poliwęglanu [exact],szklarnia z poliwęglanu,58,2,0.94,0.0
2026-09-04,szklarnie z poliwęglanu [phrase],gdzie kupic szklarnie z poliwęglanu,1,0,0.0,0.0
2026-09-04,szklarnie z poliwęglanu [phrase],najlepsze szklarnie z poliwęglanu,1,1,0.69,0.0
2026-09-04,szklarnie z poliwęglanu [phrase],najtańsza szklarnia z poliwęglanu,2,0,0.0,0.0
2026-09-04,szklarnie z poliwęglanu [phrase],poligreen szklarnie,1,0,0.0,0.0
2026-09-04,szklarnie z poliwęglanu [phrase],polski producent szklarni z poliwęglanu,1,0,0.0,0.0
2026-09-04,szklarnie z poliwęglanu [phrase],profi met,4,1,0.49,0.0
2026-09-04,szklarnie z poliwęglanu [phrase],profimet,6,0,0.0,0.0
2026-09-04,szklarnie z poliwęglanu [phrase],szklarnia lux,1,0,0.0,0.0
2026-09-04,szklarnie z poliwęglanu [phrase],szklarnia ogrodowa,4,0,0.0,0.0
2026-09-04,szklarnie z poliwęglanu [phrase],szklarnia poliweglanowa,1,0,0.0,0.0
2026-09-04,szklarnie z poliwęglanu [phrase],szklarnia poliwęglan,1,0,0.0,0.0
2026-09-04,szklarnie z poliwęglanu [phrase],szklarnia poliwęglan 4x8,1,0,0.0,0.0
2026-09-04,szklarnie z poliwęglanu [phrase],szklarnia poliwęglanowa,1,1,0.06,0.0
2026-09-04,szklarnie z poliwęglanu [phrase],szklarnia z poliweglanu,1,0,0.0,0.0
2026-09-04,szklarnie z poliwęglanu [phrase],szklarnia z poliweglanu 3x8,2,0,0.0,0.0
2026-09-04,szklarnie z poliwęglanu [phrase],szklarnia z poliwęglanu 2x6,2,0,0.0,0.0
2026-09-04,szklarnie z poliwęglanu [phrase],szklarnia z poliwęglanu 3x4 6mm,1,0,0.0,0.0
2026-09-04,szklarnie z poliwęglanu [phrase],szklarnia z poliwęglanu 4x4,1,0,0.0,0.0
2026-09-04,szklarnie z poliwęglanu [phrase],szklarnia z poliwęglanu 6x3,2,0,0.0,0.0
2026-09-04,szklarnie z poliwęglanu [phrase],szklarnia z poliwęglanu producent,2,0,0.0,0.0
2026-09-04,szklarnie z poliwęglanu [phrase],szklarnia z poliwęglanu wyprzedaż,2,0,0.0,0.0
2026-09-04,szklarnie z poliwęglanu [phrase],szklarnie na działkę,1,0,0.0,0.0
2026-09-04,szklarnie z poliwęglanu [phrase],szklarnie ogrodowe z poliwęglanu,1,0,0.0,0.0
2026-09-04,szklarnie z poliwęglanu [phrase],szklarnie poliweglan,1,1,0.71,0.0
2026-09-04,szklarnie z poliwęglanu [phrase],szklarnie poliwęglanowe,1,0,0.0,0.0
2026-09-04,szklarnie z poliwęglanu [phrase],szklarnie z poliwęglanu promocje,2,1,0.52,0.0
2026-09-04,szklarnie z poliwęglanu [phrase],szklarnie z poliwęglanu wrocław,3,1,0.91,0.0
2026-09-04,szklarnie z poliwęglanu [phrase],szklarnie z poliwęglanu wyprzedaż,1,0,0.0,0.0
2026-09-04,szklarnie z poliwęglanu [phrase],tunel z poliweglanu,2,0,0.0,0.0
2026-09-04,tunele z poliwęglanu,cieplarnia z poliwęglanu,3,0,0.0,0.0
2026-09-04,tunele z poliwęglanu,namiot ogrodowy z poliwęglanu,1,0,0.0,0.0
2026-09-04,tunele z poliwęglanu,namiot poliwęglanowy,1,0,0.0,0.0
2026-09-04,tunele z poliwęglanu,poliwęglanowy tunel,3,2,1.51,0.0
2026-09-04,tunele z poliwęglanu,tunel na pomidory z poliwęglanu,1,0,0.0,0.0
2026-09-04,tunele z poliwęglanu,tunel ogrodowy z poliwęglanu,1,0,0.0,0.0
2026-09-04,tunele z poliwęglanu,tunel poliwęglan,1,0,0.0,0.0
2026-09-04,tunele z poliwęglanu,tunel poliwęglanowy,1,0,0.0,0.0
2026-09-04,tunele z poliwęglanu,tunel z poliweglanu,3,0,0.0,0.0
2026-09-04,tunele z poliwęglanu,tunel z poliwęglanu,4,0,0.0,0.0
2026-09-04,tunele z poliwęglanu,tunel z poliwęglanu 4x10,2,0,0.0,0.0
2026-09-04,tunele z poliwęglanu,tunel z poliwęglanu 4x6,2,0,0.0,0.0
2026-09-04,tunele z poliwęglanu,tunele ogrodowe z poliwęglanu,4,0,0.0,0.0
2026-09-04,tunele z poliwęglanu,tunele poliwęglanowe,4,0,0.0,0.0
2026-09-04,tunele z poliwęglanu,tunele z poliweglanu,1,1,0.5,0.0
2026-09-04,tunele z poliwęglanu,tunele z poliwęglanu,15,4,1.75,0.0
2026-09-04,wymiary | poliwęglan 4х6,szklarnia z poliwęglanu 4x6 producent,2,0,0.0,0.0
2026-09-04,wymiary | poliwęglan 4х8,tunel poliwęglan 4x8,2,1,0.13,0.0
2026-09-04,wymiary | poliwęglan 2х4,mała szklarnia ogrodowa,2,0,0.0,0.0
2026-09-04,wymiary | poliwęglan 2х4,namiot z poliwęglanu,1,0,0.0,0.0
2026-09-04,wymiary | poliwęglan 2х4,poligreen,1,0,0.0,0.0
2026-09-04,wymiary | poliwęglan 2х4,polski producent szklarni,1,0,0.0,0.0
2026-09-04,wymiary | poliwęglan 2х4,profimet szklarnie,1,1,1.73,0.0
2026-09-04,wymiary | poliwęglan 2х4,profimet szklarnie kontakt,1,1,2.91,0.0
2026-09-04,wymiary | poliwęglan 2х4,szklarnia 2 5x4,1,0,0.0,0.0
2026-09-04,wymiary | poliwęglan 2х4,szklarnia ogrodowa 2x4,1,0,0.0,0.0
2026-09-04,wymiary | poliwęglan 2х4,szklarnia ogrodowa wyprzedaż,1,0,0.0,0.0
2026-09-04,wymiary | poliwęglan 2х4,szklarnia z poliwęglanu 2 x 4,1,0,0.0,0.0
2026-09-04,wymiary | poliwęglan 2х4,szklarnia z poliwęglanu 2x4,1,0,0.0,0.0
2026-09-04,wymiary | poliwęglan 2х4,szklarnie ogrodowe wyprzedaż,1,0,0.0,0.0
2026-09-04,wymiary | poliwęglan 2х4,szklarnie z poliwęglanu,1,0,0.0,0.0
2026-09-04,wymiary | poliwęglan 2х4,tunel ogrodowy 2x4,2,0,0.0,0.0
2026-09-04,wymiary | poliwęglan 2х4,tunel poliwęglan 4x8,1,0,0.0,0.0
2026-09-04,wymiary | poliwęglan 2х4,tunel z poliwęglanu 2x4,2,0,0.0,0.0
2026-09-04,wymiary | poliwęglan 2х4,wesoły rolnik,1,0,0.0,0.0
2026-09-04,wymiary | poliwęglan 2х4,łączenie poliwęglanu na szklarni,1,0,0.0,0.0
2026-09-04,mala szklarnia z poliweglanu,agrinker szklarnia,3,1,0.47,0.0
2026-09-04,mala szklarnia z poliweglanu,cieplarnia pl,2,0,0.0,0.0
2026-09-04,mala szklarnia z poliweglanu,cultivo,4,0,0.0,0.0
2026-09-04,mala szklarnia z poliweglanu,czyste pole szklarnie,1,0,0.0,0.0
2026-09-04,mala szklarnia z poliweglanu,etl group,2,0,0.0,0.0
2026-09-04,mala szklarnia z poliweglanu,ile kosztuje mała szklarnia,2,0,0.0,0.0
2026-09-04,mala szklarnia z poliweglanu,mam szklarnie pl,1,0,0.0,0.0
2026-09-04,mala szklarnia z poliweglanu,mocna szklarnia,2,0,0.0,0.0
2026-09-04,mala szklarnia z poliweglanu,mocnaszklarnia,2,1,0.23,0.0
2026-09-04,mala szklarnia z poliweglanu,mocnaszklarnia pl,2,0,0.0,0.0
2026-09-04,mala szklarnia z poliweglanu,moja szklarnia ogrodowa,1,0,0.0,0.0
2026-09-04,mala szklarnia z poliweglanu,poli green,1,0,0.0,0.0
2026-09-04,mala szklarnia z poliweglanu,polski producent szklarni,1,0,0.0,0.0
2026-09-04,mala szklarnia z poliweglanu,producent szklarni,1,0,0.0,0.0
2026-09-04,mala szklarnia z poliweglanu,producent szklarni ogrodowych,1,0,0.0,0.0
2026-09-04,mala szklarnia z poliweglanu,profimet szklarnie,2,1,2.07,1.0
2026-09-04,mala szklarnia z poliweglanu,szklarnia,1,0,0.0,0.0
2026-09-04,mala szklarnia z poliweglanu,szklarnia 2 3,3,0,0.0,0.0
2026-09-04,mala szklarnia z poliweglanu,szklarnia 2 na 3,1,0,0.0,0.0
2026-09-04,mala szklarnia z poliweglanu,szklarnia 3 x 2,1,0,0.0,0.0
2026-09-04,mala szklarnia z poliweglanu,szklarnia mała ogrodowa,1,0,0.0,0.0
2026-09-04,mala szklarnia z poliweglanu,szklarnia namiot,1,0,0.0,0.0
2026-09-04,mala szklarnia z poliweglanu,szklarnia ogrodowa,1,0,0.0,0.0
2026-09-04,mala szklarnia z poliweglanu,szklarnia pl,1,0,0.0,0.0
2026-09-04,mala szklarnia z poliweglanu,szklarnia pomidor,1,0,0.0,0.0
2026-09-04,mala szklarnia z poliweglanu,szklarnie,2,0,0.0,0.0
2026-09-04,mala szklarnia z poliweglanu,szklarnie helenów,1,0,0.0,0.0
2026-09-04,mala szklarnia z poliweglanu,szklarnie ogrodowe cena,1,1,0.28,0.0
2026-09-04,mala szklarnia z poliweglanu,szklarnie ogrodowe wyprzedaż,3,0,0.0,0.0
2026-09-04,mala szklarnia z poliweglanu,tanie szklarnie z poliwęglanu,1,0,0.0,0.0
2026-09-04,mala szklarnia z poliweglanu,tunel z poliwęglanu 3x8,1,0,0.0,0.0
2026-09-04,mala szklarnia z poliweglanu,www szklarnia pro,1,0,0.0,0.0
2026-09-05,wymiary | poliwęglan 3х6,namiot z poliwęglanu 3x6,2,0,0.0,0.0
2026-09-05,wymiary | poliwęglan 3х6,szklarnia 3x6 poliwęglan 6mm,2,0,0.0,0.0
2026-09-05,wymiary | poliwęglan 3х6,szklarnia poliwęglan 3x6,3,0,0.0,0.0
2026-09-05,wymiary | poliwęglan 3х6,szklarnia z poliwęglanu 3x6,20,2,0.37,0.0
2026-09-05,wymiary | poliwęglan 3х6,szklarnia z poliwęglanu 3x6 6mm,1,0,0.0,0.0
2026-09-05,wymiary | poliwęglan 3х6,szklarnia z poliwęglanu 3x6 cena,1,0,0.0,0.0
2026-09-05,wymiary | poliwęglan 3х6,szklarnia z poliwęglanu 3x6 producent,9,0,0.0,0.0
2026-09-05,wymiary | poliwęglan 3х6,szklarnia z poliwęglanu 3x6 producent 6mm,1,0,0.0,0.0
2026-09-05,wymiary | poliwęglan 3х6,szklarnia z poliwęglanu 3x6 promocja,5,2,1.19,0.0
2026-09-05,wymiary | poliwęglan 3х6,szklarnia z poliwęglanu 3x6 wyprzedaż,3,0,0.0,0.0
2026-09-05,wymiary | poliwęglan 3х6,tunel ogrodowy z poliwęglanu 3x6,1,1,0.09,0.0
2026-09-05,wymiary | poliwęglan 3х6,tunel z poliwęglanu 3 x 6,4,2,1.1,0.0
2026-09-05,wymiary | poliwęglan 3х6,tunel z poliwęglanu 3x6,8,0,0.0,0.0
2026-09-05,wymiary | poliwęglan 3х6,tunel z poliwęglanu 3x6m,2,0,0.0,0.0
2026-09-05,wymiary | poliwęglan 3х4,cieplarnia ogrodowa,1,0,0.0,0.0
2026-09-05,wymiary | poliwęglan 3х4,gotowa szklarnia,1,0,0.0,0.0
2026-09-05,wymiary | poliwęglan 3х4,mocna szklarnia,1,0,0.0,0.0
2026-09-05,wymiary | poliwęglan 3х4,mocna szklarnia pl,1,0,0.0,0.0
2026-09-05,wymiary | poliwęglan 3х4,mocna szklarnia z poliwęglanu,2,2,1.49,0.0
2026-09-05,wymiary | poliwęglan 3х4,modna szklarnia,2,0,0.0,0.0
2026-09-05,wymiary | poliwęglan 3х4,najlepsze szklarnie z poliwęglanu,1,0,0.0,0.0
2026-09-05,wymiary | poliwęglan 3х4,namiot szklarnia z poliwęglanu,1,0,0.0,0.0
2026-09-05,wymiary | poliwęglan 3х4,namiot z poliwęglanu,1,0,0.0,0.0
2026-09-05,wymiary | poliwęglan 3х4,namioty ogrodnicze,4,1,0.24,0.0
2026-09-05,wymiary | poliwęglan 3х4,szklarn8a z poliweglanu,1,0,0.0,0.0
2026-09-05,wymiary | poliwęglan 3х4,szklarnia,8,0,0.0,0.0
2026-09-05,wymiary | poliwęglan 3х4,szklarnia 2.5 x3,2,0,0.0,0.0
2026-09-05,wymiary | poliwęglan 3х4,szklarnia 3x4,3,0,0.0,0.0
2026-09-05,wymiary | poliwęglan 3х4,szklarnia gt mocna,2,0,0.0,0.0
2026-09-05,wymiary | poliwęglan 3х4,szklarnia mała ogrodowa,1,0,0.0,0.0
2026-09-05,wymiary | poliwęglan 3х4,szklarnia mocna lux,1,0,0.0,0.0
2026-09-05,wymiary | poliwęglan 3х4,szklarnia ogrodowa,19,1,0.22,0.0
2026-09-05,wymiary | poliwęglan 3х4,szklarnia ogrodowa 3x4,2,0,0.0,0.0
2026-09-05,wymiary | poliwęglan 3х4,szklarnia ogrodowa 3x4 z poliwęglanu solid mocna,3,0,0.0,0.0
2026-09-05,wymiary | poliwęglan 3х4,szklarnia ogrodowa 4x4,1,0,0.0,0.0
2026-09-05,wymiary | poliwęglan 3х4,szklarnia ogrodowa wyprzedaż,2,0,0.0,0.0
2026-09-05,wymiary | poliwęglan 3х4,szklarnia ogrodowa z fundamentem,1,0,0.0,0.0
2026-09-05,wymiary | poliwęglan 3х4,szklarnia ogrodowa z poliwęglanu,4,0,0.0,0.0
2026-09-05,wymiary | poliwęglan 3х4,szklarnia ogrodowa z poliwęglanu 3x4,1,0,0.0,0.0
2026-09-05,wymiary | poliwęglan 3х4,szklarnia pl,1,0,0.0,0.0
2026-09-05,wymiary | poliwęglan 3х4,szklarnia poliwęglan,2,0,0.0,0.0
2026-09-05,wymiary | poliwęglan 3х4,szklarnia poliwęglan 3x4,2,2,0.4,0.0
2026-09-05,wymiary | poliwęglan 3х4,szklarnia poliwęglanowa,2,0,0.0,0.0
2026-09-05,wymiary | poliwęglan 3х4,szklarnia polski producent,1,0,0.0,0.0
2026-09-05,wymiary | poliwęglan 3х4,szklarnia przydomowa,1,0,0.0,0.0
2026-09-05,wymiary | poliwęglan 3х4,szklarnia retro,1,0,0.0,0.0
2026-09-05,wymiary | poliwęglan 3х4,szklarnia tunelowa z poliwęglanu,1,1,0.14,0.0
2026-09-05,wymiary | poliwęglan 3х4,szklarnia z poliweglanu,2,0,0.0,0.0
2026-09-05,wymiary | poliwęglan 3х4,szklarnia z poliwęglanu 3x4,13,1,0.69,0.0
2026-09-05,wymiary | poliwęglan 3х4,szklarnia z poliwęglanu 3x4 producent,4,1,0.1,0.0
2026-09-05,wymiary | poliwęglan 3х4,szklarnia z poliwęglanu 3x4 z fundamentem,2,0,0.0,0.0
2026-09-05,wymiary | poliwęglan 3х4,szklarnia z poliwęglanu 8 mm,1,0,0.0,0.0
2026-09-05,wymiary | poliwęglan 3х4,szklarnia z poliwęglanu 8x3,1,0,0.0,0.0
2026-09-05,wymiary | poliwęglan 3х4,szklarnia z poliwęglanu wyprzedaż,2,0,0.0,0.0
2026-09-05,wymiary | poliwęglan 3х4,szklarnie,9,0,0.0,0.0
2026-09-05,wymiary | poliwęglan 3х4,szklarnie ogrodowe,2,0,0.0,0.0
2026-09-05,wymiary | poliwęglan 3х4,szklarnie poliwęglanowe,1,0,0.0,0.0
2026-09-05,wymiary | poliwęglan 3х4,szklarnie z poliwęglanu,23,3,0.71,0.0
2026-09-05,wymiary | poliwęglan 3х4,szklarnie z poliwęglanu 3x4,4,1,0.23,0.0
2026-09-05,wymiary | poliwęglan 3х4,szklarnie z poliwęglanu podkarpackie,1,0,0.0,0.0
2026-09-05,wymiary | poliwęglan 3х4,tunel 3x4 5,1,0,0.0,0.0
2026-09-05,wymiary | poliwęglan 3х4,tunel 4x6,2,0,0.0,0.0
2026-09-05,wymiary | poliwęglan 3х4,tunel na pomidory,4,0,0.0,0.0
2026-09-05,wymiary | poliwęglan 3х4,tunel na pomidory z poliwęglanu,1,0,0.0,0.0
2026-09-05,wymiary | poliwęglan 3х4,tunel na warzywa z poliwęglanu,1,0,0.0,0.0
2026-09-05,wymiary | poliwęglan 3х4,tunel ogrodowy,26,1,0.17,0.0
2026-09-05,wymiary | poliwęglan 3х4,tunel ogrodowy 3x4,3,0,0.0,0.0
2026-09-05,wymiary | poliwęglan 3х4,tunel ogrodowy 3x6,4,0,0.0,0.0
2026-09-05,wymiary | poliwęglan 3х4,tunel ogrodowy 4x6,1,0,0.0,0.0
2026-09-05,wymiary | poliwęglan 3х4,tunel ogrodowy 6m2,1,0,0.0,0.0
2026-09-05,wymiary | poliwęglan 3х4,tunel ogrodowy poliwęglan,1,0,0.0,0.0
2026-09-05,wymiary | poliwęglan 3х4,tunel ogrodowy wyprzedaż,1,0,0.0,0.0
2026-09-05,wymiary | poliwęglan 3х4,tunel ogrodowy z drzwiami,1,0,0.0,0.0
2026-09-05,wymiary | poliwęglan 3х4,tunel ogrodowy z poliweglanu,1,0,0.0,0.0
2026-09-05,wymiary | poliwęglan 3х4,tunel ogrodowy z poliwęglanu,2,0,0.0,0.0
2026-09-05,wymiary | poliwęglan 3х4,tunel ogrodowy z poliwęglanu 3x4,2,0,0.0,0.0
2026-09-05,wymiary | poliwęglan 3х4,tunel ogrodowy ze stelażem,2,0,0.0,0.0
2026-09-05,wymiary | poliwęglan 3х4,tunel pod pomidory,1,0,0.0,0.0
2026-09-05,wymiary | poliwęglan 3х4,tunel pod warzywa,1,0,0.0,0.0
2026-09-05,wymiary | poliwęglan 3х4,tunel poliwęglan 3x4,1,0,0.0,0.0
2026-09-05,wymiary | poliwęglan 3х4,tunel poliwęglanowy,1,0,0.0,0.0
2026-09-05,wymiary | poliwęglan 3х4,tunel z poliwęglanu,11,0,0.0,0.0
2026-09-05,wymiary | poliwęglan 3х4,tunel z poliwęglanu 3x4,2,1,0.48,0.0
2026-09-05,wymiary | poliwęglan 3х4,tunel z poliwęglanu 4x6,1,0,0.0,0.0
2026-09-05,wymiary | poliwęglan 3х4,tunele ogrodnicze,1,0,0.0,0.0
2026-09-05,wymiary | poliwęglan 3х4,tunele ogrodowe,9,0,0.0,0.0
2026-09-05,wymiary | poliwęglan 3х4,wesoły rolnik,1,0,0.0,0.0
2026-09-05,wymiary | poliwęglan 3х8,szklarnia z poliwęglanu 3x8,2,0,0.0,0.0
2026-09-05,namioty z poliwęglanu,namiot z poliwęglanu,2,0,0.0,0.0
2026-09-05,szklarnie z poliwęglanu [exact],szklarnia z poliwęglanu,62,3,1.31,0.0
2026-09-05,szklarnie z poliwęglanu [exact],szklarnie z poliwęglanu,2,0,0.0,0.0
2026-09-05,szklarnie z poliwęglanu [phrase],duża szklarnia z poliwęglanu,1,0,0.0,0.0
2026-09-05,szklarnie z poliwęglanu [phrase],kupię szklarnie z poliwęglanu,1,0,0.0,0.0
2026-09-05,szklarnie z poliwęglanu [phrase],mocna szklarnia z poliwęglanu,5,0,0.0,0.0
2026-09-05,szklarnie z poliwęglanu [phrase],najlepsze szklarnie z poliwęglanu,4,1,0.18,0.0
2026-09-05,szklarnie z poliwęglanu [phrase],szklarnia 3x8 6mm,1,0,0.0,0.0
2026-09-05,szklarnie z poliwęglanu [phrase],szklarnia mocna lux,1,0,0.0,0.0
2026-09-05,szklarnie z poliwęglanu [phrase],szklarnia ogrodowa,16,1,0.29,0.0
2026-09-05,szklarnie z poliwęglanu [phrase],szklarnia ogrodowa poliwęglan,1,0,0.0,0.0
2026-09-05,szklarnie z poliwęglanu [phrase],szklarnia ogrodowa z poliwęglanu,3,2,0.31,0.0
2026-09-05,szklarnie z poliwęglanu [phrase],szklarnia poliwęglan 6 mm,1,0,0.0,0.0
2026-09-05,szklarnie z poliwęglanu [phrase],szklarnia poliwęglanowa,1,0,0.0,0.0
2026-09-05,szklarnie z poliwęglanu [phrase],szklarnia tunel ogrodowa z poliwęglanu,2,0,0.0,0.0
2026-09-05,szklarnie z poliwęglanu [phrase],szklarnia z poliweglanu 6mm,3,2,1.15,0.0
2026-09-05,szklarnie z poliwęglanu [phrase],szklarnia z poliwęglanu 3x6 producent profimet,1,0,0.0,0.0
2026-09-05,szklarnie z poliwęglanu [phrase],szklarnia z poliwęglanu 8 mm,2,0,0.0,0.0
2026-09-05,szklarnie z poliwęglanu [phrase],szklarnia z poliwęglanu wyprzedaż,7,1,0.46,0.0
2026-09-05,szklarnie z poliwęglanu [phrase],szklarnie ogrodowe,5,0,0.0,0.0
2026-09-05,szklarnie z poliwęglanu [phrase],szklarnie ogrodowe z poliwęglanu,6,0,0.0,0.0
2026-09-05,szklarnie z poliwęglanu [phrase],szklarnie poliwęglanowe,1,0,0.0,0.0
2026-09-05,szklarnie z poliwęglanu [phrase],szklarnie z poliwęglanu podkarpackie,4,0,0.0,0.0
2026-09-05,szklarnie z poliwęglanu [phrase],tanie szklarnie z poliwęglanu,1,0,0.0,0.0
2026-09-05,szklarnie z poliwęglanu [phrase],tunel z poliwęglanu 2.5 x4,2,0,0.0,0.0
2026-09-05,szklarnie z poliwęglanu [phrase],tunel z poliwęglanu 4x6,2,1,0.1,0.0
2026-09-05,tunele z poliwęglanu,tunel na pomidory z poliwęglanu,1,0,0.0,0.0
2026-09-05,tunele z poliwęglanu,tunel ogrodowy z poliweglanu,1,1,0.23,0.0
2026-09-05,tunele z poliwęglanu,tunel ogrodowy z poliwęglanu,4,1,0.44,0.0
2026-09-05,tunele z poliwęglanu,tunel poliweglan,1,0,0.0,0.0
2026-09-05,tunele z poliwęglanu,tunel poliwęglanowy,2,0,0.0,0.0
2026-09-05,tunele z poliwęglanu,tunel szklarniowy z poliwęglanu,2,0,0.0,0.0
2026-09-05,tunele z poliwęglanu,tunel z poliwęglanu,14,2,0.69,0.0
2026-09-05,tunele z poliwęglanu,tunel z poliwęglanu 4x12,2,1,0.55,0.0
2026-09-05,tunele z poliwęglanu,tunel z poliwęglanu podkarpackie,6,0,0.0,0.0
2026-09-05,tunele z poliwęglanu,tunele ogrodowe z poliwęglanu,5,0,0.0,0.0
2026-09-05,tunele z poliwęglanu,tunele poliwęglanowe,2,0,0.0,0.0
2026-09-05,tunele z poliwęglanu,tunele z poliwęglanu,9,2,0.85,0.0
2026-09-05,wymiary | poliwęglan 4х6,szklarnia z poliwęglanu 4x6,1,0,0.0,0.0
2026-09-05,wymiary | poliwęglan 4х8,szklarnie z poliwęglanu 4x8,2,1,0.25,0.0
2026-09-05,wymiary | poliwęglan 2х4,mam szklarnie pl,1,0,0.0,0.0
2026-09-05,wymiary | poliwęglan 2х4,szklarnia,1,0,0.0,0.0
2026-09-05,wymiary | poliwęglan 2х4,szklarnia do pomidorów,1,0,0.0,0.0
2026-09-05,wymiary | poliwęglan 2х4,szklarnia ogrodowa,1,0,0.0,0.0
2026-09-05,wymiary | poliwęglan 2х4,szklarnia ogrodowa szczecin,1,0,0.0,0.0
2026-09-05,wymiary | poliwęglan 2х4,szklarnia poliwęglanowa,1,0,0.0,0.0
2026-09-05,wymiary | poliwęglan 2х4,szklarnia z poliwęglanu 2x4,1,0,0.0,0.0
2026-09-05,wymiary | poliwęglan 2х4,szklarnia z poliwęglanu 4x2,4,0,0.0,0.0
2026-09-05,wymiary | poliwęglan 2х4,tunel ogrodowy,2,0,0.0,0.0
2026-09-05,wymiary | poliwęglan 2х4,tunel ogrodowy 4x2 5,1,0,0.0,0.0
2026-09-05,wymiary | poliwęglan 2х4,tunel z poliwęglanu 2x4,3,0,0.0,0.0
2026-09-05,mala szklarnia z poliweglanu,green house szklarnia,1,0,0.0,0.0
2026-09-05,mala szklarnia z poliweglanu,mala szklarnia z poliweglanu,1,0,0.0,0.0
2026-09-05,mala szklarnia z poliweglanu,mam szklarnie,2,0,0.0,0.0
2026-09-05,mala szklarnia z poliweglanu,mała szklarnia,2,0,0.0,0.0
2026-09-05,mala szklarnia z poliweglanu,mała szklarnia ogrodowa,1,0,0.0,0.0
2026-09-05,mala szklarnia z poliweglanu,małe szklarnie ogrodowe,1,0,0.0,0.0
2026-09-05,mala szklarnia z poliweglanu,mocna szklarnia,2,0,0.0,0.0
2026-09-05,mala szklarnia z poliweglanu,mocna szklarnia pl,3,2,0.74,0.0
2026-09-05,mala szklarnia z poliweglanu,mocnaszklarnia,4,2,0.66,0.0
2026-09-05,mala szklarnia z poliweglanu,szklarnia,2,0,0.0,0.0
2026-09-05,mala szklarnia z poliweglanu,szklarnia 2.5 x3,1,0,0.0,0.0
2026-09-05,mala szklarnia z poliweglanu,szklarnia 2x3m,1,0,0.0,0.0
2026-09-05,mala szklarnia z poliweglanu,szklarnia 3x2,1,0,0.0,0.0
2026-09-05,mala szklarnia z poliweglanu,szklarnia 5x3,1,0,0.0,0.0
2026-09-05,mala szklarnia z poliweglanu,szklarnia hestia,1,0,0.0,0.0
2026-09-05,mala szklarnia z poliweglanu,szklarnia mała ogrodowa,1,0,0.0,0.0
2026-09-05,mala szklarnia z poliweglanu,szklarnia na ogród,1,0,0.0,0.0
2026-09-05,mala szklarnia z poliweglanu,szklarnia ogrodowa,5,0,0.0,0.0
2026-09-05,mala szklarnia z poliweglanu,szklarnia ogrodowa 15m2,1,0,0.0,0.0
2026-09-05,mala szklarnia z poliweglanu,szklarnia ogrodowa 5x3,1,0,0.0,0.0
2026-09-05,mala szklarnia z poliweglanu,szklarnia ogrodowa wyprzedaż,2,0,0.0,0.0
2026-09-05,mala szklarnia z poliweglanu,szklarnia producent,1,2,0.36,0.0
2026-09-05,mala szklarnia z poliweglanu,szklarnia z poliweglanu,1,0,0.0,0.0
2026-09-05,mala szklarnia z poliweglanu,szklarnia z poliwęglanu 2x2,2,0,0.0,0.0
2026-09-05,mala szklarnia z poliweglanu,szklarnia z poliwęglanu mała,1,0,0.0,0.0
2026-09-05,mala szklarnia z poliweglanu,szklarnie,1,0,0.0,0.0
2026-09-05,mala szklarnia z poliweglanu,szklarnie poliwęglanowe,1,0,0.0,0.0
2026-09-05,mala szklarnia z poliweglanu,szklarnie producent polski,1,0,0.0,0.0
2026-09-05,mala szklarnia z poliweglanu,tanie szklarnie z poliwęglanu,1,0,0.0,0.0
2026-09-05,mala szklarnia z poliweglanu,tunel na pomidory,1,0,0.0,0.0
2026-09-05,mala szklarnia z poliweglanu,tunel z poliwęglanu 4x6,2,0,0.0,0.0
2026-09-07,wymiary | poliwęglan 3х6,szklarni z poliwęglanu 3x6,3,0,0.0,0.0
2026-09-07,wymiary | poliwęglan 3х6,szklarnia 3 x 6,4,0,0.0,0.0
2026-09-07,wymiary | poliwęglan 3х6,szklarnia 3x6,5,1,0.16,0.0
2026-09-07,wymiary | poliwęglan 3х6,szklarnia ogrodowa z poliwęglanu 3x6,2,0,0.0,0.0
2026-09-07,wymiary | poliwęglan 3х6,szklarnia poliwęglan 3x6,1,0,0.0,0.0
2026-09-07,wymiary | poliwęglan 3х6,szklarnia z poliwęglanu 3x6,5,1,0.11,0.0
2026-09-07,wymiary | poliwęglan 3х6,szklarnia z poliwęglanu 3x6 cena,2,0,0.0,0.0
2026-09-07,wymiary | poliwęglan 3х6,szklarnia z poliwęglanu 3x6 producent 6mm,3,0,0.0,0.0
2026-09-07,wymiary | poliwęglan 3х6,szklarnia z poliwęglanu 3x6 promocja,11,2,0.79,0.0
2026-09-07,wymiary | poliwęglan 3х6,szklarnia z poliwęglanu 3x6 wyprzedaż,1,0,0.0,0.0
2026-09-07,wymiary | poliwęglan 3х6,szklarnie z poliwęglanu 3x6,2,0,0.0,0.0
2026-09-07,wymiary | poliwęglan 3х6,tunel ogrodowy z poliwęglanu 3x6,4,2,1.18,0.0
2026-09-07,wymiary | poliwęglan 3х6,tunel poliwęglan 3x6,8,0,0.0,0.0
2026-09-07,wymiary | poliwęglan 3х6,tunel z poliwęglanu 3 x 6,1,0,0.0,0.0
2026-09-07,wymiary | poliwęglan 3х6,tunel z poliwęglanu 3x6 6mm,1,0,0.0,0.0
2026-09-07,wymiary | poliwęglan 3х6,tunel z poliwęglanu 3x6m,8,0,0.0,0.0
2026-09-07,wymiary | poliwęglan 3х6,tunele z poliwęglanu 3x6,5,1,0.31,0.0
2026-09-07,wymiary | poliwęglan 3х4,alistan agro poliwęglan,1,0,0.0,0.0
2026-09-07,wymiary | poliwęglan 3х4,cieplarnia ogrodowa,3,0,0.0,0.0
2026-09-07,wymiary | poliwęglan 3х4,jaki tunel na pomidory,1,0,0.0,0.0
2026-09-07,wymiary | poliwęglan 3х4,mam szklarnie pl,1,0,0.0,0.0
2026-09-07,wymiary | poliwęglan 3х4,mocne szklarnie,1,0,0.0,0.0
2026-09-07,wymiary | poliwęglan 3х4,mocne szklarnie z poliwęglanu,2,0,0.0,0.0
2026-09-07,wymiary | poliwęglan 3х4,namiot na warzywa,1,0,0.0,0.0
2026-09-07,wymiary | poliwęglan 3х4,namiot ogrodniczy,1,0,0.0,0.0
2026-09-07,wymiary | poliwęglan 3х4,namiot ogrodowy z poliwęglanu,1,0,0.0,0.0
2026-09-07,wymiary | poliwęglan 3х4,namiot szklarniowy,3,0,0.0,0.0
2026-09-07,wymiary | poliwęglan 3х4,namiot z poliwęglanu,3,0,0.0,0.0
2026-09-07,wymiary | poliwęglan 3х4,namioty ogrodowe z poliweglanu,1,0,0.0,0.0
2026-09-07,wymiary | poliwęglan 3х4,ogrodowy tunelowy,2,0,0.0,0.0
2026-09-07,wymiary | poliwęglan 3х4,poligreen szklarnie,2,0,0.0,0.0
2026-09-07,wymiary | poliwęglan 3х4,poligreen zhuk sp k,1,0,0.0,0.0
2026-09-07,wymiary | poliwęglan 3х4,poliwęglan jarosław,1,0,0.0,0.0
2026-09-07,wymiary | poliwęglan 3х4,poliwęglan tunel,2,0,0.0,0.0
2026-09-07,wymiary | poliwęglan 3х4,profi met,1,0,0.0,0.0
2026-09-07,wymiary | poliwęglan 3х4,solidna szklarnia,1,0,0.0,0.0
2026-09-07,wymiary | poliwęglan 3х4,szklarnia,16,0,0.0,0.0
2026-09-07,wymiary | poliwęglan 3х4,szklarnia 3 x 4,2,0,0.0,0.0
2026-09-07,wymiary | poliwęglan 3х4,szklarnia 3m,1,0,0.0,0.0
2026-09-07,wymiary | poliwęglan 3х4,szklarnia 3x4,3,0,0.0,0.0
2026-09-07,wymiary | poliwęglan 3х4,szklarnia 3x4 poliweglan,1,0,0.0,0.0
2026-09-07,wymiary | poliwęglan 3х4,szklarnia 3x8,1,0,0.0,0.0
2026-09-07,wymiary | poliwęglan 3х4,szklarnia 4x6,1,0,0.0,0.0
2026-09-07,wymiary | poliwęglan 3х4,szklarnia ogrodowa,7,0,0.0,0.0
2026-09-07,wymiary | poliwęglan 3х4,szklarnia ogrodowa 3x4 z poliwęglanu,2,0,0.0,0.0
2026-09-07,wymiary | poliwęglan 3х4,szklarnia ogrodowa 3x4 z poliwęglanu solid mocna,3,0,0.0,0.0
2026-09-07,wymiary | poliwęglan 3х4,szklarnia ogrodowa 4x6,1,0,0.0,0.0
2026-09-07,wymiary | poliwęglan 3х4,szklarnia ogrodowa z poliwęglanu,3,0,0.0,0.0
2026-09-07,wymiary | poliwęglan 3х4,szklarnia ogrodowa z poliwęglanu 3x4,3,0,0.0,0.0
2026-09-07,wymiary | poliwęglan 3х4,szklarnia poliwęglan,3,0,0.0,0.0
2026-09-07,wymiary | poliwęglan 3х4,szklarnia poliwęglan 2.5 x4,1,0,0.0,0.0
2026-09-07,wymiary | poliwęglan 3х4,szklarnia poliwęglan 3x4,1,0,0.0,0.0
2026-09-07,wymiary | poliwęglan 3х4,szklarnia poliwęglanowa,1,0,0.0,0.0
2026-09-07,wymiary | poliwęglan 3х4,szklarnia tunel,1,0,0.0,0.0
2026-09-07,wymiary | poliwęglan 3х4,szklarnia z poliwęglanu 3x4,13,3,2.55,0.0
2026-09-07,wymiary | poliwęglan 3х4,szklarnia z poliwęglanu 3x4 6mm,1,0,0.0,0.0
2026-09-07,wymiary | poliwęglan 3х4,szklarnia z poliwęglanu 3x4 mocna,5,0,0.0,0.0
2026-09-07,wymiary | poliwęglan 3х4,szklarnia z poliwęglanu 3x4 producent,3,0,0.0,0.0
2026-09-07,wymiary | poliwęglan 3х4,szklarnia z poliwęglanu mocna,1,0,0.0,0.0
2026-09-07,wymiary | poliwęglan 3х4,szklarnia z poliwęglanu wyprzedaż,1,0,0.0,0.0
2026-09-07,wymiary | poliwęglan 3х4,szklarnie,5,0,0.0,0.0
2026-09-07,wymiary | poliwęglan 3х4,szklarnie gotowe,1,0,0.0,0.0
2026-09-07,wymiary | poliwęglan 3х4,szklarnie ogrodowe,4,0,0.0,0.0
2026-09-07,wymiary | poliwęglan 3х4,szklarnie ogrodowe wyprzedaż,2,0,0.0,0.0
2026-09-07,wymiary | poliwęglan 3х4,szklarnie poliuretanowe,1,0,0.0,0.0
2026-09-07,wymiary | poliwęglan 3х4,szklarnie poliwęglanowe,2,0,0.0,0.0
2026-09-07,wymiary | poliwęglan 3х4,szklarnie z poliwęglanu,26,1,0.76,0.0
2026-09-07,wymiary | poliwęglan 3х4,szklarnie z poliwęglanu 3x4,3,1,0.91,0.0
2026-09-07,wymiary | poliwęglan 3х4,tunel 3 x 4,1,0,0.0,0.0
2026-09-07,wymiary | poliwęglan 3х4,tunel 3x6 z drzwiami,1,0,0.0,0.0
2026-09-07,wymiary | poliwęglan 3х4,tunel 5x3,2,0,0.0,0.0
2026-09-07,wymiary | poliwęglan 3х4,tunel 6x3,1,0,0.0,0.0
2026-09-07,wymiary | poliwęglan 3х4,tunel ogrodniczy,2,0,0.0,0.0
2026-09-07,wymiary | poliwęglan 3х4,tunel ogrodowy,27,2,0.54,0.0
2026-09-07,wymiary | poliwęglan 3х4,tunel ogrodowy 3x4,6,1,0.55,0.0
2026-09-07,wymiary | poliwęglan 3х4,tunel ogrodowy 3x6,5,0,0.0,0.0
2026-09-07,wymiary | poliwęglan 3х4,tunel ogrodowy 6x3,1,0,0.0,0.0
2026-09-07,wymiary | poliwęglan 3х4,tunel ogrodowy wyprzedaż,2,1,0.16,0.0
2026-09-07,wymiary | poliwęglan 3х4,tunel ogrodowy z poliwęglanu,6,1,0.48,0.0
2026-09-07,wymiary | poliwęglan 3х4,tunel ogrodowy z poliwęglanu 3x4,1,1,0.08,0.0
2026-09-07,wymiary | poliwęglan 3х4,tunel poliwęglan,1,0,0.0,0.0
2026-09-07,wymiary | poliwęglan 3х4,tunel szklarnia,2,0,0.0,0.0
2026-09-07,wymiary | poliwęglan 3х4,tunel warzywny,3,1,0.15,0.0
2026-09-07,wymiary | poliwęglan 3х4,tunel z poliwęglanu,2,0,0.0,0.0
2026-09-07,wymiary | poliwęglan 3х4,tunel z poliwęglanu 3x4 cena,1,1,0.1,0.0
2026-09-07,wymiary | poliwęglan 3х4,tunele do warzyw,1,0,0.0,0.0
2026-09-07,wymiary | poliwęglan 3х4,tunele na pomidory,1,0,0.0,0.0
2026-09-07,wymiary | poliwęglan 3х4,tunele ogrodnicze,2,0,0.0,0.0
2026-09-07,wymiary | poliwęglan 3х4,tunele ogrodowe,5,0,0.0,0.0
2026-09-07,wymiary | poliwęglan 3х4,tunele z,2,0,0.0,0.0
2026-09-07,wymiary | poliwęglan 3х4,tunele z poliwęglanu 3 x 4,2,0,0.0,0.0
2026-09-07,wymiary | poliwęglan 3х4,w m l szklarnie,8,2,4.33,1.0
2026-09-07,wymiary | poliwęglan 3х4,wdk tunnels,1,0,0.0,0.0
2026-09-07,wymiary | poliwęglan 3х4,wml szklarnie,3,0,0.0,0.0
2026-09-07,wymiary | poliwęglan 3х4,wyprzedaż tuneli ogrodowych,1,0,0.0,0.0
2026-09-07,wymiary | poliwęglan 3х8,szklarnia z poliwęglanu 3x8,1,1,0.23,0.0
2026-09-07,namioty z poliwęglanu,namiot ogrodowy z poliwęglanu,1,0,0.0,0.0
2026-09-07,namioty z poliwęglanu,namiot z poliweglanu,3,0,0.0,0.0
2026-09-07,namioty z poliwęglanu,namioty ogrodowe z poliweglanu,1,0,0.0,0.0
2026-09-07,namioty z poliwęglanu,namioty ogrodowe z poliwęglanu,2,0,0.0,0.0
2026-09-07,namioty z poliwęglanu,namioty z poliwęglanu,8,2,0.99,0.0
2026-09-07,szklarnie z poliwęglanu [exact],mocna szklarnia z poliwęglanu,2,0,0.0,0.0
2026-09-07,szklarnie z poliwęglanu [exact],szklarnia z poliwęglanu,87,5,2.19,1.0
2026-09-07,szklarnie z poliwęglanu [exact],szklarnie poliweglanowe,2,0,0.0,0.0
2026-09-07,szklarnie z poliwęglanu [phrase],najtańsze szklarnie z poliwęglanu,2,0,0.0,0.0
2026-09-07,szklarnie z poliwęglanu [phrase],profimet,10,3,4.49,1.0
2026-09-07,szklarnie z poliwęglanu [phrase],profimet szklarnie,4,1,0.77,0.0
2026-09-07,szklarnie z poliwęglanu [phrase],profimet szklarnie z poliwęglanu,1,0,0.0,0.0
2026-09-07,szklarnie z poliwęglanu [phrase],szklarnia 4x10,2,0,0.0,0.0
2026-09-07,szklarnie z poliwęglanu [phrase],szklarnia mocna lux,1,0,0.0,0.0
2026-09-07,szklarnie z poliwęglanu [phrase],szklarnia ogrodowa,10,0,0.0,0.0
2026-09-07,szklarnie z poliwęglanu [phrase],szklarnia ogrodowa z poliwęglanu,1,0,0.0,0.0
2026-09-07,szklarnie z poliwęglanu [phrase],szklarnia poliweglanowa,1,0,0.0,0.0
2026-09-07,szklarnie z poliwęglanu [phrase],szklarnia poliwęglan 2.5 x4,1,0,0.0,0.0
2026-09-07,szklarnie z poliwęglanu [phrase],szklarnia poliwęglan 6mm,1,1,0.22,0.0
2026-09-07,szklarnie z poliwęglanu [phrase],szklarnia profimet,2,1,0.45,0.0
2026-09-07,szklarnie z poliwęglanu [phrase],szklarnia z poliweglanu 3x8,1,0,0.0,0.0
2026-09-07,szklarnie z poliwęglanu [phrase],szklarnia z poliwęglanu 2 4x4,1,0,0.0,0.0
2026-09-07,szklarnie z poliwęglanu [phrase],szklarnia z poliwęglanu 2 5x4,2,1,1.05,0.0
2026-09-07,szklarnie z poliwęglanu [phrase],szklarnia z poliwęglanu 3x4 6mm,1,0,0.0,0.0
2026-09-07,szklarnie z poliwęglanu [phrase],szklarnia z poliwęglanu 3x6 promocja,1,0,0.0,0.0
2026-09-07,szklarnie z poliwęglanu [phrase],szklarnia z poliwęglanu 3x8,2,0,0.0,0.0
2026-09-07,szklarnie z poliwęglanu [phrase],szklarnia z poliwęglanu 4x10,6,0,0.0,0.0
2026-09-07,szklarnie z poliwęglanu [phrase],szklarnia z poliwęglanu 6x3,1,0,0.0,0.0
2026-09-07,szklarnie z poliwęglanu [phrase],szklarnia z poliwęglanu mocna,1,2,2.22,0.0
2026-09-07,szklarnie z poliwęglanu [phrase],szklarnia z poliwęglanu profimet mocna,1,0,0.0,0.0
2026-09-07,szklarnie z poliwęglanu [phrase],szklarnia z poliwęglanu wyprzedaż,1,0,0.0,0.0
2026-09-07,szklarnie z poliwęglanu [phrase],szklarnia z tworzywa sztucznego,1,0,0.0,0.0
2026-09-07,szklarnie z poliwęglanu [phrase],szklarnie ogrodowe z poliwęglanu,1,0,0.0,0.0
2026-09-07,szklarnie z poliwęglanu [phrase],szklarnie poliuretanowe,1,0,0.0,0.0
2026-09-07,szklarnie z poliwęglanu [phrase],szklarnie poliwęglanowe,5,1,1.29,0.0
2026-09-07,szklarnie z poliwęglanu [phrase],szklarnie z poliweglanu,4,1,0.47,0.0
2026-09-07,szklarnie z poliwęglanu [phrase],szklarnie z poliwęglanu białystok,3,0,0.0,0.0
2026-09-07,szklarnie z poliwęglanu [phrase],szklarnie z poliwęglanu podkarpackie,2,1,0.36,0.0
2026-09-07,szklarnie z poliwęglanu [phrase],szklarnie z poliwęglanu polski producent,1,0,0.0,0.0
2026-09-07,szklarnie z poliwęglanu [phrase],szklarnie z poliwęglanu wrocław,2,1,0.37,0.0
2026-09-07,szklarnie z poliwęglanu producent,profimet szklarnie z poliwęglanu,1,2,2.5,0.0
2026-09-07,tunele z poliwęglanu,tunel ogrodowy poliwęglan,2,1,0.39,0.0
2026-09-07,tunele z poliwęglanu,tunel ogrodowy z poliwęglanu,2,1,0.38,0.0
2026-09-07,tunele z poliwęglanu,tunel ogrodowy z poliwęglanu 4x6,1,0,0.0,0.0
2026-09-07,tunele z poliwęglanu,tunel poliweglan,2,1,0.79,0.0
2026-09-07,tunele z poliwęglanu,tunel poliweglan 6x3,2,0,0.0,0.0
2026-09-07,tunele z poliwęglanu,tunel poliwęglanowy,1,1,0.45,0.0
2026-09-07,tunele z poliwęglanu,tunel z poliweglanu,1,0,0.0,0.0
2026-09-07,tunele z poliwęglanu,tunel z poliwęglanu,6,2,1.48,0.0
2026-09-07,tunele z poliwęglanu,tunel z poliwęglanu 4x10,2,0,0.0,0.0
2026-09-07,tunele z poliwęglanu,tunel z poliwęglanu podkarpackie,2,2,2.36,0.0
2026-09-07,tunele z poliwęglanu,tunele ogrodowe z poliwęglanu,9,0,0.0,0.0
2026-09-07,tunele z poliwęglanu,tunele poliwęglanowe,2,1,0.36,0.0
2026-09-07,tunele z poliwęglanu,tunele z poliwęglanu,14,1,0.47,0.0
2026-09-07,wymiary | poliwęglan 4х6,szklarnia z poliwęglanu 4x6,2,0,0.0,0.0
2026-09-07,wymiary | poliwęglan 4х8,szklarnie z poliwęglanu 4x8,1,0,0.0,0.0
2026-09-07,wymiary | poliwęglan 4х8,tunel z poliwęglanu 4x8 cena,1,0,0.0,0.0
2026-09-07,wymiary | poliwęglan 2х4,konstrukcje tunelowe,1,0,0.0,0.0
2026-09-07,wymiary | poliwęglan 2х4,namiot z poliweglanu,1,0,0.0,0.0
2026-09-07,wymiary | poliwęglan 2х4,poliwęglan,5,0,0.0,0.0
2026-09-07,wymiary | poliwęglan 2х4,poliwęglan jarosław,3,0,0.0,0.0
2026-09-07,wymiary | poliwęglan 2х4,poliwęglan szklarnia,2,0,0.0,0.0
2026-09-07,wymiary | poliwęglan 2х4,poliwęglanowe,1,0,0.0,0.0
2026-09-07,wymiary | poliwęglan 2х4,szklarnia 2 x 4,1,0,0.0,0.0
2026-09-07,wymiary | poliwęglan 2х4,szklarnia 4x2,1,0,0.0,0.0
2026-09-07,wymiary | poliwęglan 2х4,szklarnia z poliwęglanu 2.5 x4,1,0,0.0,0.0
2026-09-07,wymiary | poliwęglan 2х4,szklarnia z poliwęglanu 2x4,3,0,0.0,0.0
2026-09-07,wymiary | poliwęglan 2х4,szklarnie z poliwęglanu,2,0,0.0,0.0
2026-09-07,wymiary | poliwęglan 2х4,szklarnie z poliwęglanu białystok,1,0,0.0,0.0
2026-09-07,wymiary | poliwęglan 2х4,tunel ogrodowy,1,0,0.0,0.0
2026-09-07,wymiary | poliwęglan 2х4,tunel ogrodowy 2x4,2,0,0.0,0.0
2026-09-07,wymiary | poliwęglan 2х4,tunel z poliwęglanu 2x4,6,1,0.68,0.0
2026-09-07,wymiary | poliwęglan 2х4,w m l szklarnie,1,0,0.0,0.0
2026-09-07,wymiary | poliwęglan 2х4,wml szklarnie,1,0,0.0,0.0
2026-09-07,mala szklarnia z poliweglanu,1 szklarnia pl,2,0,0.0,0.0
2026-09-07,mala szklarnia z poliweglanu,agroszklarnia,1,0,0.0,0.0
2026-09-07,mala szklarnia z poliweglanu,alistan agro,3,0,0.0,0.0
2026-09-07,mala szklarnia z poliweglanu,greenhouse szklarnie,1,0,0.0,0.0
2026-09-07,mala szklarnia z poliweglanu,grindi szklarnia,1,1,0.69,0.0
2026-09-07,mala szklarnia z poliweglanu,mam szklarnie pl,5,0,0.0,0.0
2026-09-07,mala szklarnia z poliweglanu,mała szklarnia,2,0,0.0,0.0
2026-09-07,mala szklarnia z poliweglanu,mała szklarnia ogrodowa z poliwęglanu,1,0,0.0,0.0
2026-09-07,mala szklarnia z poliweglanu,małe przydomowe szklarnie,3,0,0.0,0.0
2026-09-07,mala szklarnia z poliweglanu,małe szklarnie,1,0,0.0,0.0
2026-09-07,mala szklarnia z poliweglanu,modna szklarnia,2,0,0.0,0.0
2026-09-07,mala szklarnia z poliweglanu,moja szklarnia,1,0,0.0,0.0
2026-09-07,mala szklarnia z poliweglanu,moja szklarnia ogrodowa,1,0,0.0,0.0
2026-09-07,mala szklarnia z poliweglanu,poli green,2,0,0.0,0.0
2026-09-07,mala szklarnia z poliweglanu,profi met,1,0,0.0,0.0
2026-09-07,mala szklarnia z poliweglanu,profimet,6,3,2.3,0.0
2026-09-07,mala szklarnia z poliweglanu,profimet szklarnia,2,0,0.0,0.0
2026-09-07,mala szklarnia z poliweglanu,profimet szklarnie,2,1,0.35,0.0
2026-09-07,mala szklarnia z poliweglanu,profimet szklarnie z poliwęglanu,1,2,1.44,0.0
2026-09-07,mala szklarnia z poliweglanu,przydomowe szklarnie ogrodowe,1,0,0.0,0.0
2026-09-07,mala szklarnia z poliweglanu,szklarenki,1,0,0.0,0.0
2026-09-07,mala szklarnia z poliweglanu,szklarnia 2 5x4,1,0,0.0,0.0
2026-09-07,mala szklarnia z poliweglanu,szklarnia 2 x 2,1,0,0.0,0.0
2026-09-07,mala szklarnia z poliweglanu,szklarnia 3x2,1,0,0.0,0.0
2026-09-07,mala szklarnia z poliweglanu,szklarnia 4x8,1,0,0.0,0.0
2026-09-07,mala szklarnia z poliweglanu,szklarnia kujawsko pomorskie,1,0,0.0,0.0
2026-09-07,mala szklarnia z poliweglanu,szklarnia na pomidory z poliwęglanu,1,0,0.0,0.0
2026-09-07,mala szklarnia z poliweglanu,szklarnia ogrodowa,1,0,0.0,0.0
2026-09-07,mala szklarnia z poliweglanu,szklarnia ogrodowa duza,1,0,0.0,0.0
2026-09-07,mala szklarnia z poliweglanu,szklarnia ogrodowa poliwęglan,1,0,0.0,0.0
2026-09-07,mala szklarnia z poliweglanu,szklarnia poliwęglan 2x2,2,0,0.0,0.0
2026-09-07,mala szklarnia z poliweglanu,szklarnia przydomowa,1,0,0.0,0.0
2026-09-07,mala szklarnia z poliweglanu,szklarnia victoria,1,0,0.0,0.0
2026-09-07,mala szklarnia z poliweglanu,szklarnia z bocznym wejściem,1,0,0.0,0.0
2026-09-07,mala szklarnia z poliweglanu,szklarnia z poliweglanu,3,0,0.0,0.0
2026-09-07,mala szklarnia z poliweglanu,szklarnie małe,2,1,0.48,0.0
2026-09-07,mala szklarnia z poliweglanu,szklarnie ogrodowe,3,0,0.0,0.0
2026-09-07,mala szklarnia z poliweglanu,szklarnie ogrodowe ceny,1,0,0.0,0.0
2026-09-07,mala szklarnia z poliweglanu,szklarnie ogrodowe małe,1,0,0.0,0.0
2026-09-07,mala szklarnia z poliweglanu,szklarnie ogrodowe wyprzedaż,1,0,0.0,0.0
2026-09-07,mala szklarnia z poliweglanu,szklarnie poliwęglanowe,2,1,4.96,0.0
2026-09-07,mala szklarnia z poliweglanu,w m l szklarnie,4,0,0.0,0.0
2026-09-07,mala szklarnia z poliweglanu,wml szklarnie,2,0,0.0,0.0
2026-09-08,wymiary | poliwęglan 3х6,namiot poliweglan 3x6,2,0,0.0,0.0
2026-09-08,wymiary | poliwęglan 3х6,namiot z poliwęglanu 3x6,5,0,0.0,0.0
2026-09-08,wymiary | poliwęglan 3х6,szklarnia 3x6,2,0,0.0,0.0
2026-09-08,wymiary | poliwęglan 3х6,szklarnia 3x6 poliwęglan,1,0,0.0,0.0
2026-09-08,wymiary | poliwęglan 3х6,szklarnia ogrodowa 3x6,1,0,0.0,0.0
2026-09-08,wymiary | poliwęglan 3х6,szklarnia poliwęglan 3x6,4,1,0.43,0.0
2026-09-08,wymiary | poliwęglan 3х6,szklarnia z poliweglanu 3x6,2,0,0.0,0.0
2026-09-08,wymiary | poliwęglan 3х6,szklarnia z poliwęglanu 3 x 6,1,0,0.0,0.0
2026-09-08,wymiary | poliwęglan 3х6,szklarnia z poliwęglanu 3x6,5,0,0.0,0.0
2026-09-08,wymiary | poliwęglan 3х6,szklarnia z poliwęglanu 3x6 6 mm,2,0,0.0,0.0
2026-09-08,wymiary | poliwęglan 3х6,szklarnia z poliwęglanu 3x6 producent,6,3,1.08,0.0
2026-09-08,wymiary | poliwęglan 3х6,szklarnia z poliwęglanu 3x6 producent 6mm,2,0,0.0,0.0
2026-09-08,wymiary | poliwęglan 3х6,szklarnia z poliwęglanu 3x6 promocja,10,1,0.64,0.0
2026-09-08,wymiary | poliwęglan 3х6,szklarnia z poliwęglanu 3x6 wyprzedaż,1,0,0.0,0.0
2026-09-08,wymiary | poliwęglan 3х6,szklarnia z poliwęglanu 3x6 z fundamentem,2,0,0.0,0.0
2026-09-08,wymiary | poliwęglan 3х6,szklarnie z poliwęglanu 3x6,5,0,0.0,0.0
2026-09-08,wymiary | poliwęglan 3х6,tunel poliwęglan 3x6,2,0,0.0,0.0
2026-09-08,wymiary | poliwęglan 3х6,tunel z poliwęglanu 3 x 6,2,1,0.26,0.0
2026-09-08,wymiary | poliwęglan 3х6,tunel z poliwęglanu 3x6,4,0,0.0,0.0
2026-09-08,wymiary | poliwęglan 3х6,tunel z poliwęglanu 3x6m,2,0,0.0,0.0
2026-09-08,wymiary | poliwęglan 3х4,agro tunel,2,0,0.0,0.0
2026-09-08,wymiary | poliwęglan 3х4,alistan agro poliwęglan,1,0,0.0,0.0
2026-09-08,wymiary | poliwęglan 3х4,alistan agro szówsko,1,0,0.0,0.0
2026-09-08,wymiary | poliwęglan 3х4,cieplarnia z poliwęglanu,2,0,0.0,0.0
2026-09-08,wymiary | poliwęglan 3х4,covertech szklarnie,1,1,0.53,0.0
2026-09-08,wymiary | poliwęglan 3х4,febe store,5,0,0.0,0.0
2026-09-08,wymiary | poliwęglan 3х4,kupię tunel ogrodowy,1,0,0.0,0.0
2026-09-08,wymiary | poliwęglan 3х4,mała szklarnia z poliwęglanu,1,0,0.0,0.0
2026-09-08,wymiary | poliwęglan 3х4,małe szklarnie,1,0,0.0,0.0
2026-09-08,wymiary | poliwęglan 3х4,mocne szklarnie z poliwęglanu,2,1,0.89,0.0
2026-09-08,wymiary | poliwęglan 3х4,namiot na pomidory,1,0,0.0,0.0
2026-09-08,wymiary | poliwęglan 3х4,namiot ogrodniczy,1,0,0.0,0.0
2026-09-08,wymiary | poliwęglan 3х4,namiot szklarniowy,2,0,0.0,0.0
2026-09-08,wymiary | poliwęglan 3х4,namiot tunel ogrodowy,1,0,0.0,0.0
2026-09-08,wymiary | poliwęglan 3х4,namiot warzywny,1,0,0.0,0.0
2026-09-08,wymiary | poliwęglan 3х4,namioty pod warzywa,1,0,0.0,0.0
2026-09-08,wymiary | poliwęglan 3х4,rozsadnik z poliwęglanu,1,0,0.0,0.0
2026-09-08,wymiary | poliwęglan 3х4,szklarni z poliwęglanu,1,0,0.0,0.0
2026-09-08,wymiary | poliwęglan 3х4,szklarnia,6,0,0.0,0.0
2026-09-08,wymiary | poliwęglan 3х4,szklarnia 2.5 x3 5,1,0,0.0,0.0
2026-09-08,wymiary | poliwęglan 3х4,szklarnia 3x4,2,0,0.0,0.0
2026-09-08,wymiary | poliwęglan 3х4,szklarnia 3x4 5,1,0,0.0,0.0
2026-09-08,wymiary | poliwęglan 3х4,szklarnia 3x4 poliweglan,1,0,0.0,0.0
2026-09-08,wymiary | poliwęglan 3х4,szklarnia 6x3,1,0,0.0,0.0
2026-09-08,wymiary | poliwęglan 3х4,szklarnia gt mocna,2,0,0.0,0.0
2026-09-08,wymiary | poliwęglan 3х4,szklarnia mocna lux,2,0,0.0,0.0
2026-09-08,wymiary | poliwęglan 3х4,szklarnia na działkę,1,0,0.0,0.0
2026-09-08,wymiary | poliwęglan 3х4,szklarnia ogrodowa,7,0,0.0,0.0
2026-09-08,wymiary | poliwęglan 3х4,szklarnia ogrodowa 3 x 4 m,1,0,0.0,0.0
2026-09-08,wymiary | poliwęglan 3х4,szklarnia ogrodowa 3x4 z poliwęglanu solid mocna,1,0,0.0,0.0
2026-09-08,wymiary | poliwęglan 3х4,szklarnia ogrodowa wyprzedaż,1,0,0.0,0.0
2026-09-08,wymiary | poliwęglan 3х4,szklarnia ogrodowa z poliwęglanu,1,0,0.0,0.0
2026-09-08,wymiary | poliwęglan 3х4,szklarnia poliwęglan 3x4,1,0,0.0,0.0
2026-09-08,wymiary | poliwęglan 3х4,szklarnia z poliwęglanu 3x4,6,1,0.22,0.0
2026-09-08,wymiary | poliwęglan 3х4,szklarnia z poliwęglanu 3x4 6mm,6,1,0.24,0.0
2026-09-08,wymiary | poliwęglan 3х4,szklarnia z poliwęglanu 3x4 producent,7,2,0.66,0.0
2026-09-08,wymiary | poliwęglan 3х4,szklarnia z poliwęglanu 3x4 producent profimet,1,2,1.5,0.0
2026-09-08,wymiary | poliwęglan 3х4,szklarnia z poliwęglanu 3x4 z fundamentem,2,0,0.0,0.0
2026-09-08,wymiary | poliwęglan 3х4,szklarnie,7,0,0.0,0.0
2026-09-08,wymiary | poliwęglan 3х4,szklarnie białystok,2,0,0.0,0.0
2026-09-08,wymiary | poliwęglan 3х4,szklarnie ogrodowe,1,0,0.0,0.0
2026-09-08,wymiary | poliwęglan 3х4,szklarnie poliwęglanowe,1,0,0.0,0.0
2026-09-08,wymiary | poliwęglan 3х4,szklarnie z poliwęglanu,46,1,0.73,0.0
2026-09-08,wymiary | poliwęglan 3х4,szklarnie z poliwęglanu 3 x 4,2,1,0.13,0.0
2026-09-08,wymiary | poliwęglan 3х4,szklarnie z poliwęglanu 3x4,1,1,0.2,0.0
2026-09-08,wymiary | poliwęglan 3х4,szklarnie z poliwęglanu cena,2,0,0.0,0.0
2026-09-08,wymiary | poliwęglan 3х4,szklarnie z poliwęglanu pomorskie,1,0,0.0,0.0
2026-09-08,wymiary | poliwęglan 3х4,tunel 3 x 6,1,0,0.0,0.0
2026-09-08,wymiary | poliwęglan 3х4,tunel 6x3,1,0,0.0,0.0
2026-09-08,wymiary | poliwęglan 3х4,tunel do pomidorów,1,0,0.0,0.0
2026-09-08,wymiary | poliwęglan 3х4,tunel na pomidory,1,0,0.0,0.0
2026-09-08,wymiary | poliwęglan 3х4,tunel na warzywa,4,0,0.0,0.0
2026-09-08,wymiary | poliwęglan 3х4,tunel na warzywa z poliwęglanu,2,0,0.0,0.0
2026-09-08,wymiary | poliwęglan 3х4,tunel ogrodowy,41,1,0.2,0.0
2026-09-08,wymiary | poliwęglan 3х4,tunel ogrodowy 3x4,3,0,0.0,0.0
2026-09-08,wymiary | poliwęglan 3х4,tunel ogrodowy 3x6,5,0,0.0,0.0
2026-09-08,wymiary | poliwęglan 3х4,tunel ogrodowy 5x3,2,0,0.0,0.0
2026-09-08,wymiary | poliwęglan 3х4,tunel ogrodowy 6x3,3,0,0.0,0.0
2026-09-08,wymiary | poliwęglan 3х4,tunel ogrodowy wyprzedaż,3,0,0.0,0.0
2026-09-08,wymiary | poliwęglan 3х4,tunel ogrodowy z poliwęglanu,4,0,0.0,0.0
2026-09-08,wymiary | poliwęglan 3х4,tunel poliweglan,1,0,0.0,0.0
2026-09-08,wymiary | poliwęglan 3х4,tunel poliwęglan,1,0,0.0,0.0
2026-09-08,wymiary | poliwęglan 3х4,tunel warzywny,1,0,0.0,0.0
2026-09-08,wymiary | poliwęglan 3х4,tunel warzywny z poliwęglanu,1,1,0.13,0.0
2026-09-08,wymiary | poliwęglan 3х4,tunel z poliweglanu,2,0,0.0,0.0
2026-09-08,wymiary | poliwęglan 3х4,tunel z poliwęglanu,2,0,0.0,0.0
2026-09-08,wymiary | poliwęglan 3х4,tunel z poliwęglanu 3x4,6,1,0.52,0.0
2026-09-08,wymiary | poliwęglan 3х4,tunel z poliwęglanu 3x8,1,0,0.0,0.0
2026-09-08,wymiary | poliwęglan 3х4,tunele ogrodnicze,2,2,0.58,0.0
2026-09-08,wymiary | poliwęglan 3х4,tunele ogrodowe,1,0,0.0,0.0
2026-09-08,wymiary | poliwęglan 3х4,tunele ogrodowe 3x6,1,0,0.0,0.0
2026-09-08,wymiary | poliwęglan 3х4,tunele z poliwęglanu 3 x 4,2,1,0.94,0.0
2026-09-08,wymiary | poliwęglan 3х4,wml szklarnie,1,0,0.0,0.0
2026-09-08,wymiary | poliwęglan 3х8,tunel z poliwęglanu 3x8,2,0,0.0,0.0
2026-09-08,namioty z poliwęglanu,namiot ogrodowy z poliwęglanu,7,2,2.47,0.0
2026-09-08,namioty z poliwęglanu,namioty z poliwęglanu,2,0,0.0,0.0
2026-09-08,namioty z poliwęglanu,tunel z poliwęglanu,4,0,0.0,0.0
2026-09-08,szklarnie z poliwęglanu [exact],szklarnia z poliwęglanu,106,7,4.63,0.0
2026-09-08,szklarnie z poliwęglanu [phrase],mocne szklarnie z poliwęglanu,4,0,0.0,0.0
2026-09-08,szklarnie z poliwęglanu [phrase],profimet,6,0,0.0,0.0
2026-09-08,szklarnie z poliwęglanu [phrase],profimet producent szklarni ogrodowych z poliwęglanu,4,0,0.0,0.0
2026-09-08,szklarnie z poliwęglanu [phrase],profimet szklarnie,2,1,1.43,0.0
2026-09-08,szklarnie z poliwęglanu [phrase],profimet szklarnie z poliwęglanu,6,4,6.44,0.0
2026-09-08,szklarnie z poliwęglanu [phrase],szklarnia 6x3 poliwęglan,3,2,1.39,0.0
2026-09-08,szklarnie z poliwęglanu [phrase],szklarnia do ogrodu,1,0,0.0,0.0
2026-09-08,szklarnie z poliwęglanu [phrase],szklarnia mała z poliwęglanu,1,0,0.0,0.0
2026-09-08,szklarnie z poliwęglanu [phrase],szklarnia ogrodowa,7,0,0.0,0.0
2026-09-08,szklarnie z poliwęglanu [phrase],szklarnia ogrodowa z poliwęglanu,3,0,0.0,0.0
2026-09-08,szklarnie z poliwęglanu [phrase],szklarnia poliwęglan,2,0,0.0,0.0
2026-09-08,szklarnie z poliwęglanu [phrase],szklarnia poliwęglanowa,3,0,0.0,0.0
2026-09-08,szklarnie z poliwęglanu [phrase],szklarnia z poliweglanu,2,0,0.0,0.0
2026-09-08,szklarnie z poliwęglanu [phrase],szklarnia z poliwęglanu 2 5x4,1,0,0.0,0.0
2026-09-08,szklarnie z poliwęglanu [phrase],szklarnia z poliwęglanu 2.5 x5,1,0,0.0,0.0
2026-09-08,szklarnie z poliwęglanu [phrase],szklarnia z poliwęglanu 3 5x4,2,1,0.26,0.0
2026-09-08,szklarnie z poliwęglanu [phrase],szklarnia z poliwęglanu 3 x 8,2,1,0.44,1.0
2026-09-08,szklarnie z poliwęglanu [phrase],szklarnia z poliwęglanu 3x2,1,0,0.0,0.0
2026-09-08,szklarnie z poliwęglanu [phrase],szklarnia z poliwęglanu 3x4 producent,2,0,0.0,0.0
2026-09-08,szklarnie z poliwęglanu [phrase],szklarnia z poliwęglanu 3x6 promocja,1,0,0.0,0.0
2026-09-08,szklarnie z poliwęglanu [phrase],szklarnia z poliwęglanu 3x6 z fundamentem,1,0,0.0,0.0
2026-09-08,szklarnie z poliwęglanu [phrase],szklarnia z poliwęglanu 5x3,1,0,0.0,0.0
2026-09-08,szklarnie z poliwęglanu [phrase],szklarnia z poliwęglanu wyprzedaż,7,0,0.0,0.0
2026-09-08,szklarnie z poliwęglanu [phrase],szklarnia z poliwęglanu z fundamentem,1,0,0.0,0.0
2026-09-08,szklarnie z poliwęglanu [phrase],szklarnie ogrodowe z poliwęglanu,2,1,0.65,0.0
2026-09-08,szklarnie z poliwęglanu [phrase],szklarnie poliwęglanowe,1,0,0.0,0.0
2026-09-08,szklarnie z poliwęglanu [phrase],szklarnie z poliweglanu,5,5,5.37,0.0
2026-09-08,szklarnie z poliwęglanu [phrase],szklarnie z poliwęglanu gdańsk,1,1,0.55,0.0
2026-09-08,szklarnie z poliwęglanu [phrase],szklarnie z poliwęglanu pomorskie,1,1,0.52,0.0
2026-09-08,szklarnie z poliwęglanu [phrase],szklarnie z poliwęglanu promocje,1,1,0.09,0.0
2026-09-08,szklarnie z poliwęglanu [phrase],tunel ogrodowy z poliwęglanu,1,0,0.0,0.0
2026-09-08,szklarnie z poliwęglanu [phrase],tunel poliwęglan 4x8,2,0,0.0,0.0
2026-09-08,szklarnie z poliwęglanu [phrase],tunel z poliwęglanu,1,0,0.0,0.0
2026-09-08,szklarnie z poliwęglanu [phrase],tunel z poliwęglanu 4x6,4,0,0.0,0.0
2026-09-08,szklarnie z poliwęglanu producent,profimet szklarnie z poliwęglanu,2,1,0.84,0.0
2026-09-08,szklarnie z poliwęglanu producent,szklarnie ogrodowe z poliwęglanu producent,1,0,0.0,0.0
2026-09-08,szklarnie z poliwęglanu producent,szklarnie z poliwęglanu producent,2,0,0.0,0.0
2026-09-08,tunele z poliwęglanu,namiot na warzywa z poliwęglanu,1,0,0.0,0.0
2026-09-08,tunele z poliwęglanu,tunel na pomidory z poliwęglanu,2,0,0.0,0.0
2026-09-08,tunele z poliwęglanu,tunel na warzywa z poliwęglanu,2,0,0.0,0.0
2026-09-08,tunele z poliwęglanu,tunel ogrodowy z poliwęglanu,1,0,0.0,0.0
2026-09-08,tunele z poliwęglanu,tunel poliweglan,3,0,0.0,0.0
2026-09-08,tunele z poliwęglanu,tunel poliweglanowy,2,1,0.28,0.0
2026-09-08,tunele z poliwęglanu,tunel poliwęglan,2,0,0.0,0.0
2026-09-08,tunele z poliwęglanu,tunel poliwęglan 4x6,1,1,0.45,0.0
2026-09-08,tunele z poliwęglanu,tunel warzywny z poliwęglanu,1,1,0.32,0.0
2026-09-08,tunele z poliwęglanu,tunel z poliweglanu,2,0,0.0,0.0
2026-09-08,tunele z poliwęglanu,tunel z poliwęglanu,5,0,0.0,0.0
2026-09-08,tunele z poliwęglanu,tunel z poliwęglanu 3x4,1,0,0.0,0.0
2026-09-08,tunele z poliwęglanu,tunel z poliwęglanu 4x10,2,0,0.0,0.0
2026-09-08,tunele z poliwęglanu,tunele ogrodnicze z poliwęglanu,3,0,0.0,0.0
2026-09-08,tunele z poliwęglanu,tunele poliwęglan,1,0,0.0,0.0
2026-09-08,tunele z poliwęglanu,tunele poliwęglanowe,2,0,0.0,0.0
2026-09-08,tunele z poliwęglanu,tunele z poliwęglanu,9,1,0.6,0.0
2026-09-08,wymiary | poliwęglan 2х4,poliweglan,1,0,0.0,0.0
2026-09-08,wymiary | poliwęglan 2х4,poliwęglan,2,0,0.0,0.0
2026-09-08,wymiary | poliwęglan 2х4,poliwęglan cena,1,0,0.0,0.0
2026-09-08,wymiary | poliwęglan 2х4,producent poliwęglanu,2,0,0.0,0.0
2026-09-08,wymiary | poliwęglan 2х4,szklarnia 2x4,2,0,0.0,0.0
2026-09-08,wymiary | poliwęglan 2х4,szklarnia 4x2,2,0,0.0,0.0
2026-09-08,wymiary | poliwęglan 2х4,szklarnia z poliwęglanu 2x4,4,1,0.6,0.0
2026-09-08,wymiary | poliwęglan 2х4,szklarnie pod pomidory,1,0,0.0,0.0
2026-09-08,wymiary | poliwęglan 2х4,szklarnie z poliwęglanu,1,0,0.0,0.0
2026-09-08,wymiary | poliwęglan 2х4,tunel ogrodowy 2x4,1,0,0.0,0.0
2026-09-08,wymiary | poliwęglan 2х4,tunel ogrodowy z poliwęglanu 2x4,3,0,0.0,0.0
2026-09-08,wymiary | poliwęglan 2х4,tunel z poliwęglanu 2.5 x4,2,0,0.0,0.0
2026-09-08,wymiary | poliwęglan 2х4,tunel z poliwęglanu 2x4,3,1,0.64,0.0
2026-09-08,mala szklarnia z poliweglanu,agroszklarnia pl,2,0,0.0,0.0
2026-09-08,mala szklarnia z poliweglanu,alistan shop,4,1,0.56,0.0
2026-09-08,mala szklarnia z poliweglanu,gotowe szklarnie ogrodowe,1,0,0.0,0.0
2026-09-08,mala szklarnia z poliweglanu,male szklarnie,2,0,0.0,0.0
2026-09-08,mala szklarnia z poliweglanu,mam szklarnie pl,1,0,0.0,0.0
2026-09-08,mala szklarnia z poliweglanu,mała szklarnia ogrodowa,3,0,0.0,0.0
2026-09-08,mala szklarnia z poliweglanu,małe szklarnie,1,0,0.0,0.0
2026-09-08,mala szklarnia z poliweglanu,małe tunele ogrodowe,1,0,0.0,0.0
2026-09-08,mala szklarnia z poliweglanu,mocna szklarnia,2,1,0.18,0.0
2026-09-08,mala szklarnia z poliweglanu,mocne szklarnie,2,0,0.0,0.0
2026-09-08,mala szklarnia z poliweglanu,mocne szklarnie pl,1,0,0.0,0.0
2026-09-08,mala szklarnia z poliweglanu,moja szklarnia ogrodowa,1,0,0.0,0.0
2026-09-08,mala szklarnia z poliweglanu,nowaszklarnia,1,0,0.0,0.0
2026-09-08,mala szklarnia z poliweglanu,oteko szklarnia,1,0,0.0,0.0
2026-09-08,mala szklarnia z poliweglanu,partner 3m,2,0,0.0,0.0
2026-09-08,mala szklarnia z poliweglanu,poligreen,2,0,0.0,0.0
2026-09-08,mala szklarnia z poliweglanu,poligreen pl,2,0,0.0,0.0
2026-09-08,mala szklarnia z poliweglanu,poligreen zhuk sp k,2,0,0.0,0.0
2026-09-08,mala szklarnia z poliweglanu,poligreen zhuk spółka komandytowa,2,0,0.0,0.0
2026-09-08,mala szklarnia z poliweglanu,producent szklarni ogrodowych,1,0,0.0,0.0
2026-09-08,mala szklarnia z poliweglanu,profimet,12,1,2.76,0.0
2026-09-08,mala szklarnia z poliweglanu,profimet szklarnia,1,0,0.0,0.0
2026-09-08,mala szklarnia z poliweglanu,profimet szklarnie,7,4,6.91,1.0
2026-09-08,mala szklarnia z poliweglanu,s2020 pl,2,0,0.0,0.0
2026-09-08,mala szklarnia z poliweglanu,sp z o o profimet,1,1,0.32,0.0
2026-09-08,mala szklarnia z poliweglanu,szklarnia 2 5x4,1,0,0.0,0.0
2026-09-08,mala szklarnia z poliweglanu,szklarnia 4x12,2,0,0.0,0.0
2026-09-08,mala szklarnia z poliweglanu,szklarnia do ogrodu,1,0,0.0,0.0
2026-09-08,mala szklarnia z poliweglanu,szklarnia gaudi,2,0,0.0,0.0
2026-09-08,mala szklarnia z poliweglanu,szklarnia ogrodowa wyprzedaż,1,0,0.0,0.0
2026-09-08,mala szklarnia z poliweglanu,szklarnia profimet,1,1,1.21,0.0
2026-09-08,mala szklarnia z poliweglanu,szklarnia profimet mocna opinię,1,0,0.0,0.0
2026-09-08,mala szklarnia z poliweglanu,szklarnia z poliwęglanu 3x2,12,0,0.0,0.0
2026-09-08,mala szklarnia z poliweglanu,szklarnia z poliwęglanu mała,1,0,0.0,0.0
2026-09-08,mala szklarnia z poliweglanu,szklarnie,1,0,0.0,0.0
2026-09-08,mala szklarnia z poliweglanu,szklarnie białystok,1,0,0.0,0.0
2026-09-08,mala szklarnia z poliweglanu,szklarnie ogrodowe wyprzedaż,3,0,0.0,0.0
2026-09-08,mala szklarnia z poliweglanu,szklarnie tutaj pl,1,0,0.0,0.0
2026-09-08,mala szklarnia z poliweglanu,szklarnie wyprzedaż,1,0,0.0,0.0
2026-09-08,mala szklarnia z poliweglanu,tig pl szklarnie,1,0,0.0,0.0
2026-09-08,mala szklarnia z poliweglanu,twoja szklarnia pl,2,0,0.0,0.0
2026-09-08,mala szklarnia z poliweglanu,w m l szklarnie,1,0,0.0,0.0
2026-09-08,mala szklarnia z poliweglanu,w szklarnia pl,1,0,0.0,0.0
2026-09-08,mala szklarnia z poliweglanu,wesoły rolnik,3,0,0.0,0.0
2026-09-08,mala szklarnia z poliweglanu,z poliwęglanu,3,0,0.0,0.0
2026-09-09,wymiary | poliwęglan 3х6,szklarnia 3x6,3,1,0.36,0.0
2026-09-09,wymiary | poliwęglan 3х6,szklarnia 3x6 poliwęglan,2,0,0.0,0.0
2026-09-09,wymiary | poliwęglan 3х6,szklarnia poliwęglan 3x6,7,1,0.23,0.0
2026-09-09,wymiary | poliwęglan 3х6,szklarnia z poliwęglanu 3 x 6,2,0,0.0,0.0
2026-09-09,wymiary | poliwęglan 3х6,szklarnia z poliwęglanu 3x6,6,3,1.24,0.0
2026-09-09,wymiary | poliwęglan 3х6,szklarnia z poliwęglanu 3x6 6 mm,2,0,0.0,0.0
2026-09-09,wymiary | poliwęglan 3х6,szklarnia z poliwęglanu 3x6 6mm,1,0,0.0,0.0
2026-09-09,wymiary | poliwęglan 3х6,szklarnia z poliwęglanu 3x6 cena,1,0,0.0,0.0
2026-09-09,wymiary | poliwęglan 3х6,szklarnia z poliwęglanu 3x6 producent,9,1,0.29,0.0
2026-09-09,wymiary | poliwęglan 3х6,szklarnia z poliwęglanu 3x6 producent 6mm,4,1,0.8,0.0
2026-09-09,wymiary | poliwęglan 3х6,szklarnia z poliwęglanu 3x6 promocja,7,4,1.54,0.0
2026-09-09,wymiary | poliwęglan 3х6,tunel z poliwęglanu 3x6m,2,0,0.0,0.0
2026-09-09,wymiary | poliwęglan 3х6,tunele z poliwęglanu 3x6,2,2,1.21,0.0
2026-09-09,wymiary | poliwęglan 3х4,canopy greenhouse,1,0,0.0,0.0
2026-09-09,wymiary | poliwęglan 3х4,cieplarnia ogrodowa,1,1,0.31,0.0
2026-09-09,wymiary | poliwęglan 3х4,maly namiot na warzywa,1,0,0.0,0.0
2026-09-09,wymiary | poliwęglan 3х4,mała szklarnia ogrodowa,1,0,0.0,0.0
2026-09-09,wymiary | poliwęglan 3х4,mocne szklarnie z poliwęglanu,1,1,0.8,0.0
2026-09-09,wymiary | poliwęglan 3х4,modna szklarnia,2,0,0.0,0.0
2026-09-09,wymiary | poliwęglan 3х4,namiot na warzywa 3x6,2,0,0.0,0.0
2026-09-09,wymiary | poliwęglan 3х4,namiot z poliwęglanu,1,0,0.0,0.0
2026-09-09,wymiary | poliwęglan 3х4,namiot z poliwęglanu 3x4,2,1,0.52,0.0
2026-09-09,wymiary | poliwęglan 3х4,producent szklarni z poliwęglanu,1,0,0.0,0.0
2026-09-09,wymiary | poliwęglan 3х4,profimet szklarnie,1,0,0.0,0.0
2026-09-09,wymiary | poliwęglan 3х4,profimet warszawa,2,0,0.0,0.0
2026-09-09,wymiary | poliwęglan 3х4,sprzedam szklarnie z poliwęglanu,1,0,0.0,0.0
2026-09-09,wymiary | poliwęglan 3х4,szklarni z poliwęglanu,1,0,0.0,0.0
2026-09-09,wymiary | poliwęglan 3х4,szklarnia,2,0,0.0,0.0
2026-09-09,wymiary | poliwęglan 3х4,szklarnia 18m2,1,0,0.0,0.0
2026-09-09,wymiary | poliwęglan 3х4,szklarnia 3x4,1,0,0.0,0.0
2026-09-09,wymiary | poliwęglan 3х4,szklarnia 3x4 poliweglan,2,0,0.0,0.0
2026-09-09,wymiary | poliwęglan 3х4,szklarnia namiot,1,0,0.0,0.0
2026-09-09,wymiary | poliwęglan 3х4,szklarnia ogrodowa,5,0,0.0,0.0
2026-09-09,wymiary | poliwęglan 3х4,szklarnia ogrodowa 3x4,1,0,0.0,0.0
2026-09-09,wymiary | poliwęglan 3х4,szklarnia ogrodowa 3x4 z poliwęglanu solid mocna,4,0,0.0,0.0
2026-09-09,wymiary | poliwęglan 3х4,szklarnia pl,1,0,0.0,0.0
2026-09-09,wymiary | poliwęglan 3х4,szklarnia poliwęglan,1,0,0.0,0.0
2026-09-09,wymiary | poliwęglan 3х4,szklarnia poliwęglan 3x4,1,1,0.31,0.0
2026-09-09,wymiary | poliwęglan 3х4,szklarnia z poliweglanu 6mm,1,0,0.0,0.0
2026-09-09,wymiary | poliwęglan 3х4,szklarnia z poliwęglanu 3x4,9,0,0.0,0.0
2026-09-09,wymiary | poliwęglan 3х4,szklarnia z poliwęglanu 3x4 producent,2,0,0.0,0.0
2026-09-09,wymiary | poliwęglan 3х4,szklarnia z poliwęglanu cena,1,0,0.0,0.0
2026-09-09,wymiary | poliwęglan 3х4,szklarnie,1,0,0.0,0.0
2026-09-09,wymiary | poliwęglan 3х4,szklarnie ogrodowe,1,0,0.0,0.0
2026-09-09,wymiary | poliwęglan 3х4,szklarnie ogrodowe 3x4,1,0,0.0,0.0
2026-09-09,wymiary | poliwęglan 3х4,szklarnie poliwęglan,1,1,0.28,0.0
2026-09-09,wymiary | poliwęglan 3х4,szklarnie z poliwęglanu,17,2,0.72,0.0
2026-09-09,wymiary | poliwęglan 3х4,szklarnie z poliwęglanu 3x4,6,0,0.0,0.0
2026-09-09,wymiary | poliwęglan 3х4,tunel ogrodowy,13,0,0.0,0.0
2026-09-09,wymiary | poliwęglan 3х4,tunel ogrodowy poliwęglan 3x4,2,1,0.37,0.0
2026-09-09,wymiary | poliwęglan 3х4,tunel ogrodowy z poliwęglanu,3,0,0.0,0.0
2026-09-09,wymiary | poliwęglan 3х4,tunel ogrodowy z poliwęglanu 3x4,3,1,0.11,0.0
2026-09-09,wymiary | poliwęglan 3х4,tunel poliwęglan,1,0,0.0,0.0
2026-09-09,wymiary | poliwęglan 3х4,tunel szklarniowy,1,0,0.0,0.0
2026-09-09,wymiary | poliwęglan 3х4,tunel z poliwęglanu,1,0,0.0,0.0
2026-09-09,wymiary | poliwęglan 3х4,tunel z poliwęglanu 3x4,2,0,0.0,0.0
2026-09-09,wymiary | poliwęglan 3х4,tunel z poliwęglanu 3x4 cena,2,1,0.52,0.0
2026-09-09,wymiary | poliwęglan 3х4,tunel z poliwęglanu 4x8,1,0,0.0,0.0
2026-09-09,wymiary | poliwęglan 3х4,tunele z poliwęglanu 3 x 4,6,0,0.0,0.0
2026-09-09,wymiary | poliwęglan 3х4,www szklarnie pl,1,0,0.0,0.0
2026-09-09,wymiary | poliwęglan 3х8,szklarnie z poliwęglanu 3x8,1,0,0.0,0.0
2026-09-09,cieplarnie z poliwęglanu,cieplarnie z poliwęglanu,1,0,0.0,0.0
2026-09-09,namioty z poliwęglanu,namiot ogrodowy z poliwęglanu,1,0,0.0,0.0
2026-09-09,namioty z poliwęglanu,namiot z poliwęglanu,1,0,0.0,0.0
2026-09-09,namioty z poliwęglanu,namioty z poliwęglanu,2,0,0.0,0.0
2026-09-09,namioty z poliwęglanu,tunel z poliwęglanu,3,1,0.37,0.0
2026-09-09,szklarnie z poliwęglanu [exact],szklarnia z poliwęglanu,60,4,2.12,0.5
2026-09-09,szklarnie z poliwęglanu [phrase],cieplarnia z poliweglanu,1,0,0.0,0.0
2026-09-09,szklarnie z poliwęglanu [phrase],duża szklarnia z poliwęglanu,1,0,0.0,0.0
2026-09-09,szklarnie z poliwęglanu [phrase],jakiej firmy szklarnia z poliwęglanu,2,0,0.0,0.0
2026-09-09,szklarnie z poliwęglanu [phrase],mocna szklarnia z poliwęglanu,2,0,0.0,0.0
2026-09-09,szklarnie z poliwęglanu [phrase],mocne szklarnie z poliwęglanu,3,0,0.0,0.0
2026-09-09,szklarnie z poliwęglanu [phrase],najlepsze szklarnie z poliwęglanu,1,0,0.0,0.0
2026-09-09,szklarnie z poliwęglanu [phrase],producent szklarni z poliwęglanu,2,0,0.0,0.0
2026-09-09,szklarnie z poliwęglanu [phrase],profimet,2,1,0.08,0.0
2026-09-09,szklarnie z poliwęglanu [phrase],profimet producent szklarni ogrodowych z poliwęglanu,1,0,0.0,0.0
2026-09-09,szklarnie z poliwęglanu [phrase],szklarnia profimet mocna opinię,1,1,0.31,0.0
2026-09-09,szklarnie z poliwęglanu [phrase],szklarnia z poliwęglanu 3 x 8,1,0,0.0,0.0
2026-09-09,szklarnie z poliwęglanu [phrase],szklarnia z poliwęglanu 3x4 profimet,1,1,1.44,0.0
2026-09-09,szklarnie z poliwęglanu [phrase],szklarnia z poliwęglanu 3x6,1,0,0.0,0.0
2026-09-09,szklarnie z poliwęglanu [phrase],szklarnia z poliwęglanu 4x6,1,0,0.0,0.0
2026-09-09,szklarnie z poliwęglanu [phrase],szklarnia z poliwęglanu na wymiar,1,0,0.0,0.0
2026-09-09,szklarnie z poliwęglanu [phrase],szklarnia z poliwęglanu profimet,4,2,0.71,0.0
2026-09-09,szklarnie z poliwęglanu [phrase],szklarnia z poliwęglanu promocja,1,0,0.0,0.0
2026-09-09,szklarnie z poliwęglanu [phrase],szklarnia z poliwęglanu tanio,1,0,0.0,0.0
2026-09-09,szklarnie z poliwęglanu [phrase],szklarnie poliweglan,1,0,0.0,0.0
2026-09-09,szklarnie z poliwęglanu [phrase],szklarnie z poliwęglanu białystok,1,0,0.0,0.0
2026-09-09,szklarnie z poliwęglanu [phrase],tunel poliweglan 6x3,1,0,0.0,0.0
2026-09-09,szklarnie z poliwęglanu [phrase],tunel poliwęglan 4x6,1,0,0.0,0.0
2026-09-09,szklarnie z poliwęglanu [phrase],tunel poliwęglan 4x8,1,0,0.0,0.0
2026-09-09,szklarnie z poliwęglanu [phrase],tunel z poliwęglanu,2,0,0.0,0.0
2026-09-09,tunele z poliwęglanu,cieplarnia z poliwęglanu,1,0,0.0,0.0
2026-09-09,tunele z poliwęglanu,tunel ogrodowy z poliwęglanu,1,0,0.0,0.0
2026-09-09,tunele z poliwęglanu,tunel poliwęglan,1,0,0.0,0.0
2026-09-09,tunele z poliwęglanu,tunel z poliwęglanu,5,0,0.0,0.0
2026-09-09,tunele z poliwęglanu,tunel z poliwęglanu 4x10,1,0,0.0,0.0
2026-09-09,tunele z poliwęglanu,tunele ogrodowe z poliwęglanu,6,1,0.43,0.0
2026-09-09,tunele z poliwęglanu,tunele z poliweglanu,2,0,0.0,0.0
2026-09-09,tunele z poliwęglanu,tunele z poliwęglanu,9,0,0.0,0.0
2026-09-09,wymiary | poliwęglan 4х6,szklarnia z poliwęglanu 4x6,1,0,0.0,0.0
2026-09-09,wymiary | poliwęglan 4х8,szklarnia z poliwęglanu 4x8,4,0,0.0,0.0
2026-09-09,wymiary | poliwęglan 4х8,tunel z poliwęglanu 4x8,3,1,0.21,0.0
2026-09-09,wymiary | poliwęglan 2х4,poliwęglany,2,0,0.0,0.0
2026-09-09,wymiary | poliwęglan 2х4,profimet szklarnie,1,0,0.0,0.0
2026-09-09,wymiary | poliwęglan 2х4,szklarnia 2 x 4,1,0,0.0,0.0
2026-09-09,wymiary | poliwęglan 2х4,szklarnia poliwęglan 2x4,4,1,0.55,0.0
2026-09-09,wymiary | poliwęglan 2х4,szklarnia z poliwęglanu 2x4,3,1,0.2,0.0
2026-09-09,wymiary | poliwęglan 2х4,szklarnie z poliwęglanu,1,0,0.0,0.0
2026-09-09,wymiary | poliwęglan 2х4,tunel ogrodowy 4x2 5,1,0,0.0,0.0
2026-09-09,wymiary | poliwęglan 2х4,tunel z poliwęglanu 2x4,2,1,0.23,0.0
2026-09-09,wymiary | poliwęglan 2 5х4,szklarnie z poliwęglanu 2 5x4,1,1,0.31,0.0
2026-09-09,mala szklarnia z poliweglanu,alistan,1,0,0.0,0.0
2026-09-09,mala szklarnia z poliweglanu,alistan agro,1,0,0.0,0.0
2026-09-09,mala szklarnia z poliweglanu,cieplarnia poliwęglanowa,1,0,0.0,0.0
2026-09-09,mala szklarnia z poliweglanu,cultivo,2,0,0.0,0.0
2026-09-09,mala szklarnia z poliweglanu,czyste pole szklarnie,2,0,0.0,0.0
2026-09-09,mala szklarnia z poliweglanu,mała szklarnia ogrodowa,3,0,0.0,0.0
2026-09-09,mala szklarnia z poliweglanu,mocnaszklarnia,2,0,0.0,0.0
2026-09-09,mala szklarnia z poliweglanu,poligreen,1,0,0.0,0.0
2026-09-09,mala szklarnia z poliweglanu,polska szklarnia eu,4,0,0.0,0.0
2026-09-09,mala szklarnia z poliweglanu,polskie szklarnie,4,0,0.0,0.0
2026-09-09,mala szklarnia z poliweglanu,profimet,2,1,0.2,0.0
2026-09-09,mala szklarnia z poliweglanu,profimet szklarnie,6,2,7.77,0.0
2026-09-09,mala szklarnia z poliweglanu,sprzedam szklarnie z poliwęglanu,1,0,0.0,0.0
2026-09-09,mala szklarnia z poliweglanu,szklarnia 10x5,1,0,0.0,0.0
2026-09-09,mala szklarnia z poliweglanu,szklarnia 3x2,1,0,0.0,0.0
2026-09-09,mala szklarnia z poliweglanu,szklarnia profimet mocna opinię,1,0,0.0,0.0
2026-09-09,mala szklarnia z poliweglanu,szklarnia z poliwęglanu 3x4 profimet,1,0,0.0,0.0
2026-09-09,mala szklarnia z poliweglanu,szklarnie ogrodowe wyprzedaż,2,0,0.0,0.0
2026-09-09,mala szklarnia z poliweglanu,wml szklarnie,2,0,0.0,0.0
2026-09-10,wymiary | poliwęglan 3х6,ile kosztuje szklarnia z poliwęglanu 3 x 6,1,0,0.0,0.0
2026-09-10,wymiary | poliwęglan 3х6,namiot z poliwęglanu 3x6,4,2,0.37,0.0
2026-09-10,wymiary | poliwęglan 3х6,szklarnia 3x6,3,0,0.0,0.0
2026-09-10,wymiary | poliwęglan 3х6,szklarnia 3x6 poliwęglan,1,0,0.0,0.0
2026-09-10,wymiary | poliwęglan 3х6,szklarnia 3x6 poliwęglan 6mm,3,0,0.0,0.0
2026-09-10,wymiary | poliwęglan 3х6,szklarnia ogrodowa 3x6m,1,0,0.0,0.0
2026-09-10,wymiary | poliwęglan 3х6,szklarnia poliwęglan 3x6,3,0,0.0,0.0
2026-09-10,wymiary | poliwęglan 3х6,szklarnia poliwęglanowa 3 x 6,2,0,0.0,0.0
2026-09-10,wymiary | poliwęglan 3х6,szklarnia z poliweglanu 3x6,5,0,0.0,0.0
2026-09-10,wymiary | poliwęglan 3х6,szklarnia z poliwęglanu 3 x 6,1,0,0.0,0.0
2026-09-10,wymiary | poliwęglan 3х6,szklarnia z poliwęglanu 3x6,5,1,0.14,0.333333
2026-09-10,wymiary | poliwęglan 3х6,szklarnia z poliwęglanu 3x6 cena,3,0,0.0,0.0
2026-09-10,wymiary | poliwęglan 3х6,szklarnia z poliwęglanu 3x6 producent,3,0,0.0,0.0
2026-09-10,wymiary | poliwęglan 3х6,szklarnia z poliwęglanu 3x6 producent 6mm,1,0,0.0,0.0
2026-09-10,wymiary | poliwęglan 3х6,szklarnia z poliwęglanu 3x6 producent profimet,2,0,0.0,0.0
2026-09-10,wymiary | poliwęglan 3х6,szklarnia z poliwęglanu 3x6 promocja,8,0,0.0,0.0
2026-09-10,wymiary | poliwęglan 3х6,szklarnie poliwęglanowe 3x6,1,0,0.0,0.0
2026-09-10,wymiary | poliwęglan 3х6,szklarnie z poliwęglanu 3x6,6,2,0.86,0.0
2026-09-10,wymiary | poliwęglan 3х6,tunel ogrodowy 3x6 poliwęglan,2,0,0.0,0.0
2026-09-10,wymiary | poliwęglan 3х6,tunel poliwęglan 3x6,3,1,0.11,0.0
2026-09-10,wymiary | poliwęglan 3х6,tunel z poliwęglanu 3 x 6,5,0,0.0,0.0
2026-09-10,wymiary | poliwęglan 3х6,tunel z poliwęglanu 3x6m,5,0,0.0,0.0
2026-09-10,wymiary | poliwęglan 3х6,tunele z poliwęglanu 3x6,2,1,0.4,0.0
2026-09-10,wymiary | poliwęglan 3х4,agroszklarnia,1,0,0.0,0.0
2026-09-10,wymiary | poliwęglan 3х4,cieplarnie,1,0,0.0,0.0
2026-09-10,wymiary | poliwęglan 3х4,firma profimet,2,0,0.0,0.0
2026-09-10,wymiary | poliwęglan 3х4,ile kosztuje szklarnia z poliwęglanu,1,0,0.0,0.0
2026-09-10,wymiary | poliwęglan 3х4,jakiej firmy szklarnia z poliwęglanu,2,0,0.0,0.0
2026-09-10,wymiary | poliwęglan 3х4,mocna szklarnia,1,0,0.0,0.0
2026-09-10,wymiary | poliwęglan 3х4,najlepsze szklarnie z poliwęglanu,2,0,0.0,0.0
2026-09-10,wymiary | poliwęglan 3х4,namiot szklarnia,1,0,0.0,0.0
2026-09-10,wymiary | poliwęglan 3х4,namiot szklarniowy,1,0,0.0,0.0
2026-09-10,wymiary | poliwęglan 3х4,polski producent szklarni ogrodowych,1,0,0.0,0.0
2026-09-10,wymiary | poliwęglan 3х4,polskie tunele,1,0,0.0,0.0
2026-09-10,wymiary | poliwęglan 3х4,producent szklarni,2,1,1.26,0.0
2026-09-10,wymiary | poliwęglan 3х4,producent szklarni z poliwęglanu,1,0,0.0,0.0
2026-09-10,wymiary | poliwęglan 3х4,profimet szklarnie,1,0,0.0,0.0
2026-09-10,wymiary | poliwęglan 3х4,szklarnia,3,0,0.0,0.0
2026-09-10,wymiary | poliwęglan 3х4,szklarnia 3x4,2,0,0.0,0.0
2026-09-10,wymiary | poliwęglan 3х4,szklarnia 4 x 6,1,0,0.0,0.0
2026-09-10,wymiary | poliwęglan 3х4,szklarnia 4x6,1,0,0.0,0.0
2026-09-10,wymiary | poliwęglan 3х4,szklarnia 5x3,1,0,0.0,0.0
2026-09-10,wymiary | poliwęglan 3х4,szklarnia 6x3,1,0,0.0,0.0
2026-09-10,wymiary | poliwęglan 3х4,szklarnia całoroczna,4,0,0.0,0.0
2026-09-10,wymiary | poliwęglan 3х4,szklarnia ogrodowa,5,0,0.0,0.0
2026-09-10,wymiary | poliwęglan 3х4,szklarnia ogrodowa 3 x 4 m,1,0,0.0,0.0
2026-09-10,wymiary | poliwęglan 3х4,szklarnia ogrodowa 3x4 z poliwęglanu solid mocna,7,0,0.0,0.0
2026-09-10,wymiary | poliwęglan 3х4,szklarnia ogrodowa mocna,2,0,0.0,0.0
2026-09-10,wymiary | poliwęglan 3х4,szklarnia poliwęglan 3x4,1,0,0.0,0.0
2026-09-10,wymiary | poliwęglan 3х4,szklarnia poliwęglanowa 3x4,1,0,0.0,0.0
2026-09-10,wymiary | poliwęglan 3х4,szklarnia przydomowa,1,0,0.0,0.0
2026-09-10,wymiary | poliwęglan 3х4,szklarnia z poliweglanu,3,1,0.15,0.0
2026-09-10,wymiary | poliwęglan 3х4,szklarnia z poliweglanu 3x4,1,0,0.0,0.0
2026-09-10,wymiary | poliwęglan 3х4,szklarnia z poliwęglanu 3 x 4,4,0,0.0,0.0
2026-09-10,wymiary | poliwęglan 3х4,szklarnia z poliwęglanu 3x4,10,1,0.31,0.0
2026-09-10,wymiary | poliwęglan 3х4,szklarnia z poliwęglanu 3x4 mocna,2,1,0.27,0.0
2026-09-10,wymiary | poliwęglan 3х4,szklarnia z poliwęglanu 3x4 polski producent,1,0,0.0,0.0
2026-09-10,wymiary | poliwęglan 3х4,szklarnia z poliwęglanu 3x4 producent,4,0,0.0,0.0
2026-09-10,wymiary | poliwęglan 3х4,szklarnia z poliwęglanu 3x4 z fundamentem,1,0,0.0,0.0
2026-09-10,wymiary | poliwęglan 3х4,szklarnia z poliwęglanu wyprzedaż,1,0,0.0,0.0
2026-09-10,wymiary | poliwęglan 3х4,szklarnie,3,0,0.0,0.0
2026-09-10,wymiary | poliwęglan 3х4,szklarnie 3x4,1,0,0.0,0.0
2026-09-10,wymiary | poliwęglan 3х4,szklarnie ogrodowe,4,0,0.0,0.0
2026-09-10,wymiary | poliwęglan 3х4,szklarnie poliwęglanowe,2,0,0.0,0.0
2026-09-10,wymiary | poliwęglan 3х4,szklarnie z poliwęglanu,40,6,2.75,0.0
2026-09-10,wymiary | poliwęglan 3х4,szklarnie z poliwęglanu 3 x 4,1,1,0.83,0.0
2026-09-10,wymiary | poliwęglan 3х4,szklarnie z poliwęglanu 3x4,6,0,0.0,0.0
2026-09-10,wymiary | poliwęglan 3х4,szklarnie łódź,1,0,0.0,0.0
2026-09-10,wymiary | poliwęglan 3х4,tunel na warzywa,2,0,0.0,0.0
2026-09-10,wymiary | poliwęglan 3х4,tunel ogrodowy,6,0,0.0,0.0
2026-09-10,wymiary | poliwęglan 3х4,tunel ogrodowy 3 x 4,2,0,0.0,0.0
2026-09-10,wymiary | poliwęglan 3х4,tunel ogrodowy 3 x 6,2,0,0.0,0.0
2026-09-10,wymiary | poliwęglan 3х4,tunel ogrodowy 3x4,3,0,0.0,0.0
2026-09-10,wymiary | poliwęglan 3х4,tunel ogrodowy 3x4 5,1,0,0.0,0.0
2026-09-10,wymiary | poliwęglan 3х4,tunel ogrodowy 3x6,2,0,0.0,0.0
2026-09-10,wymiary | poliwęglan 3х4,tunel ogrodowy 6x3,1,0,0.0,0.0
2026-09-10,wymiary | poliwęglan 3х4,tunel ogrodowy aurea,1,0,0.0,0.0
2026-09-10,wymiary | poliwęglan 3х4,tunel ogrodowy na warzywa,1,0,0.0,0.0
2026-09-10,wymiary | poliwęglan 3х4,tunel ogrodowy wyprzedaż,3,0,0.0,0.0
2026-09-10,wymiary | poliwęglan 3х4,tunel ogrodowy z poliwęglanu 3x4,1,0,0.0,0.0
2026-09-10,wymiary | poliwęglan 3х4,tunel ogrodowy ze stelażem,2,0,0.0,0.0
2026-09-10,wymiary | poliwęglan 3х4,tunel poliwęglan 3x4,3,0,0.0,0.0
2026-09-10,wymiary | poliwęglan 3х4,tunel poliwęglanowy,2,0,0.0,0.0
2026-09-10,wymiary | poliwęglan 3х4,tunel szklarnia z poliwęglanu,2,0,0.0,0.0
2026-09-10,wymiary | poliwęglan 3х4,tunel z poliweglanu 3x4,2,0,0.0,0.0
2026-09-10,wymiary | poliwęglan 3х4,tunel z poliwęglanu,3,1,0.44,0.0
2026-09-10,wymiary | poliwęglan 3х4,tunel z poliwęglanu 3 x 4,3,0,0.0,0.0
2026-09-10,wymiary | poliwęglan 3х4,tunel z poliwęglanu 3x4,3,0,0.0,0.0
2026-09-10,wymiary | poliwęglan 3х4,tunele farmer,1,0,0.0,0.0
2026-09-10,wymiary | poliwęglan 3х4,tunele namiotowe,1,0,0.0,0.0
2026-09-10,wymiary | poliwęglan 3х4,tunele z poliwęglanu 3 x 4,2,0,0.0,0.0
2026-09-10,wymiary | poliwęglan 3х4,wesoły rolnik pl,1,0,0.0,0.0
2026-09-10,wymiary | poliwęglan 3х8,szklarnia z poliwęglanu 3x8,2,0,0.0,0.0
2026-09-10,wymiary | poliwęglan 3х8,tunel z poliwęglanu 3x8,1,0,0.0,0.0
2026-09-10,namioty z poliwęglanu,namiot ogrodowy z poliwęglanu,1,1,0.21,0.0
2026-09-10,namioty z poliwęglanu,namiot poliweglan,1,0,0.0,0.0
2026-09-10,namioty z poliwęglanu,namiot poliwęglanowy,1,0,0.0,0.0
2026-09-10,namioty z poliwęglanu,namiot z poliwęglanu,6,0,0.0,0.0
2026-09-10,namioty z poliwęglanu,tunel ogrodowy z poliwęglanu,1,0,0.0,0.0
2026-09-10,namioty z poliwęglanu,tunel z poliwęglanu,1,0,0.0,0.0
2026-09-10,szklarnie z poliwęglanu [exact],szklarnia z poliwęglanu,91,7,3.25,0.5
2026-09-10,szklarnie z poliwęglanu [exact],szklarnie poliweglanowe,2,0,0.0,0.0
2026-09-10,szklarnie z poliwęglanu [exact],szklarnie z poliwęglanu,1,0,0.0,0.0
2026-09-10,szklarnie z poliwęglanu [phrase],jakiej firmy szklarnia z poliwęglanu,3,0,0.0,0.0
2026-09-10,szklarnie z poliwęglanu [phrase],kupię szklarnie z poliwęglanu,1,1,0.41,0.0
2026-09-10,szklarnie z poliwęglanu [phrase],mocna szklarnia z poliwęglanu,1,0,0.0,0.0
2026-09-10,szklarnie z poliwęglanu [phrase],poligreen szklarnie,1,0,0.0,0.0
2026-09-10,szklarnie z poliwęglanu [phrase],polska szklarnia z poliwęglanu,1,0,0.0,0.0
2026-09-10,szklarnie z poliwęglanu [phrase],polskie szklarnie z poliwęglanu,1,0,0.0,0.0
2026-09-10,szklarnie z poliwęglanu [phrase],producenci szklarni z poliwęglanu,1,0,0.0,0.0
2026-09-10,szklarnie z poliwęglanu [phrase],producent szklarni z poliwęglanu,3,0,0.0,0.0
2026-09-10,szklarnie z poliwęglanu [phrase],profimet,10,3,3.23,0.0
2026-09-10,szklarnie z poliwęglanu [phrase],profimet szklarnie,8,4,4.91,0.0
2026-09-10,szklarnie z poliwęglanu [phrase],profimet szklarnie z poliwęglanu,4,1,0.96,0.0
2026-09-10,szklarnie z poliwęglanu [phrase],szklarnia 3x8 poliwęglan,1,0,0.0,0.0
2026-09-10,szklarnie z poliwęglanu [phrase],szklarnia ogrodowa,7,2,0.61,0.0
2026-09-10,szklarnie z poliwęglanu [phrase],szklarnia poliwęglan 4x8,1,0,0.0,0.0
2026-09-10,szklarnie z poliwęglanu [phrase],szklarnia z poliweglanu,1,0,0.0,0.0
2026-09-10,szklarnie z poliwęglanu [phrase],szklarnia z poliweglanu 3x8,1,0,0.0,0.0
2026-09-10,szklarnie z poliwęglanu [phrase],szklarnia z poliwęglanu 2.5 x4,2,0,0.0,0.0
2026-09-10,szklarnie z poliwęglanu [phrase],szklarnia z poliwęglanu 3x8 6mm,1,0,0.0,0.0
2026-09-10,szklarnie z poliwęglanu [phrase],szklarnia z poliwęglanu białystok,3,1,1.31,0.0
2026-09-10,szklarnie z poliwęglanu [phrase],szklarnia z poliwęglanu wyprzedaż,1,0,0.0,0.0
2026-09-10,szklarnie z poliwęglanu [phrase],szklarnie ogrodowe,2,0,0.0,0.0
2026-09-10,szklarnie z poliwęglanu [phrase],szklarnie ogrodowe poliwęglanowe,1,0,0.0,0.0
2026-09-10,szklarnie z poliwęglanu [phrase],szklarnie poliwęglanowe,1,0,0.0,0.0
2026-09-10,szklarnie z poliwęglanu [phrase],szklarnie profimet,2,1,0.76,0.0
2026-09-10,szklarnie z poliwęglanu [phrase],szklarnie z poliweglanu,2,1,0.32,0.0
2026-09-10,szklarnie z poliwęglanu [phrase],szklarnie z poliwęglanu polski producent,1,1,0.43,0.0
2026-09-10,szklarnie z poliwęglanu [phrase],tunel ogrodowy z poliwęglanu,1,0,0.0,0.0
2026-09-10,szklarnie z poliwęglanu [phrase],tunel z poliweglanu,1,0,0.0,0.0
2026-09-10,szklarnie z poliwęglanu [phrase],tunel z poliwęglanu 3x10,1,0,0.0,0.0
2026-09-10,szklarnie z poliwęglanu [phrase],tunel z poliwęglanu 4x10,2,0,0.0,0.0
2026-09-10,szklarnie z poliwęglanu producent,profimet szklarnie z poliwęglanu,2,3,1.77,1.0
2026-09-10,szklarnie z poliwęglanu producent,szklarnie z poliwęglanu producent,1,0,0.0,0.0
2026-09-10,tunele z poliwęglanu,namiot na pomidory z poliwęglanu,1,0,0.0,0.0
2026-09-10,tunele z poliwęglanu,namiot warzywny z poliwęglanu,1,0,0.0,0.0
2026-09-10,tunele z poliwęglanu,tunel na warzywa z poliwęglanu,1,0,0.0,0.0
2026-09-10,tunele z poliwęglanu,tunel ogrodowy z poliwęglanu,2,1,0.32,0.0
2026-09-10,tunele z poliwęglanu,tunel poliwęglan,2,0,0.0,0.0
2026-09-10,tunele z poliwęglanu,tunel poliwęglanowy,1,0,0.0,0.0
2026-09-10,tunele z poliwęglanu,tunel z poliweglanu,1,0,0.0,0.0
2026-09-10,tunele z poliwęglanu,tunel z poliwęglanu,3,0,0.0,0.0
2026-09-10,tunele z poliwęglanu,tunel z poliwęglanu producent,2,0,0.0,0.0
2026-09-10,tunele z poliwęglanu,tunele ogrodowe z poliwęglanu,3,0,0.0,0.0
2026-09-10,tunele z poliwęglanu,tunele z poliweglanu,4,0,0.0,0.0
2026-09-10,tunele z poliwęglanu,tunele z poliwęglanu,5,1,0.34,0.0
2026-09-10,wymiary | poliwęglan 4х6,szklarnia 20m2,1,0,0.0,0.0
2026-09-10,wymiary | poliwęglan 4х6,szklarnia z poliwęglanu 4x6,6,2,0.41,0.0
2026-09-10,wymiary | poliwęglan 4х6,szklarnie z poliwęglanu,1,1,0.65,0.0
2026-09-10,wymiary | poliwęglan 4х6,tunel ogrodowy z poliwęglanu 4x6,2,0,0.0,0.0
2026-09-10,wymiary | poliwęglan 4х8,szklarnia poliwęglan 4x8,2,0,0.0,0.0
2026-09-10,wymiary | poliwęglan 4х8,szklarnia z poliwęglanu 4 x 8,2,0,0.0,0.0
2026-09-10,wymiary | poliwęglan 4х8,szklarnia z poliwęglanu 4x8,2,1,0.53,0.0
2026-09-10,wymiary | poliwęglan 4х8,tunel z poliwęglanu 4x8,2,0,0.0,0.0
2026-09-10,wymiary | poliwęglan 2х4,poliweglan,1,0,0.0,0.0
2026-09-10,wymiary | poliwęglan 2х4,szklarnia 2x4,3,0,0.0,0.0
2026-09-10,wymiary | poliwęglan 2х4,szklarnia ogrodowa 4x2,1,0,0.0,0.0
2026-09-10,wymiary | poliwęglan 2х4,szklarnia z poliwęglanu 2 5x4,1,0,0.0,0.0
2026-09-10,wymiary | poliwęglan 2х4,szklarnia z poliwęglanu 2x4,5,0,0.0,0.0
2026-09-10,wymiary | poliwęglan 2х4,szklarnie z poliwęglanu,1,0,0.0,0.0
2026-09-10,wymiary | poliwęglan 2х4,tunel na pomidory,1,0,0.0,0.0
2026-09-10,wymiary | poliwęglan 2х4,tunel ogrodowy 2x4,2,0,0.0,0.0
2026-09-10,wymiary | poliwęglan 2х4,tunel z poliwęglanu 2x4,2,0,0.0,0.0
2026-09-10,mala szklarnia z poliweglanu,agroszklarnia,2,0,0.0,0.0
2026-09-10,mala szklarnia z poliweglanu,alistan agro poliwęglan,1,0,0.0,0.0
2026-09-10,mala szklarnia z poliweglanu,ceny szklarni z poliwęglanu,1,0,0.0,0.0
2026-09-10,mala szklarnia z poliweglanu,mam szklarnie,1,0,0.0,0.0
2026-09-10,mala szklarnia z poliweglanu,mocna szklarnia,2,0,0.0,0.0
2026-09-10,mala szklarnia z poliweglanu,moja szklarnia ogrodowa,3,0,0.0,0.0
2026-09-10,mala szklarnia z poliweglanu,poligreen,2,0,0.0,0.0
2026-09-10,mala szklarnia z poliweglanu,producent szklarni ogrodowych,1,0,0.0,0.0
2026-09-10,mala szklarnia z poliweglanu,profimet,4,1,0.66,0.0
2026-09-10,mala szklarnia z poliweglanu,profimet szklarnie,7,3,10.55,0.0
2026-09-10,mala szklarnia z poliweglanu,sp z o o profimet,3,1,0.55,0.0
2026-09-10,mala szklarnia z poliweglanu,szklarnia,1,0,0.0,0.0
2026-09-10,mala szklarnia z poliweglanu,szklarnia 2,1,0,0.0,0.0
2026-09-10,mala szklarnia z poliweglanu,szklarnia 3 x 2,1,0,0.0,0.0
2026-09-10,mala szklarnia z poliweglanu,szklarnia ogrodowa,1,0,0.0,0.0
2026-09-10,mala szklarnia z poliweglanu,szklarnia producent,1,0,0.0,0.0
2026-09-10,mala szklarnia z poliweglanu,szklarnia z poliweglanu,1,0,0.0,0.0
2026-09-10,mala szklarnia z poliweglanu,szklarnia z poliwęglanu 5x3,1,0,0.0,0.0
2026-09-10,mala szklarnia z poliweglanu,szklarnie ogrodowe wyprzedaż,1,0,0.0,0.0
2026-09-10,mala szklarnia z poliweglanu,szklarnie poliwęglanowe,1,0,0.0,0.0
2026-09-10,mala szklarnia z poliweglanu,tunel z poliwęglanu 3x10,1,0,0.0,0.0
2026-09-10,mala szklarnia z poliweglanu,tunele szklarnie,1,0,0.0,0.0
2026-09-10,mala szklarnia z poliweglanu,wesoly rolnik,1,0,0.0,0.0
2026-09-10,mala szklarnia z poliweglanu,z poliwęglanu szklarnia,1,0,0.0,0.0
2026-09-11,wymiary | poliwęglan 3х6,szklarnia 3x6,2,1,0.46,0.0
2026-09-11,wymiary | poliwęglan 3х6,szklarnia ogrodowa poliwęglan 3x6,1,0,0.0,0.0
2026-09-11,wymiary | poliwęglan 3х6,szklarnia poliwęglan 3x6,4,0,0.0,0.0
2026-09-11,wymiary | poliwęglan 3х6,szklarnia z poliwęglanu 3 x 6,1,0,0.0,0.0
2026-09-11,wymiary | poliwęglan 3х6,szklarnia z poliwęglanu 3x6,3,0,0.0,0.0
2026-09-11,wymiary | poliwęglan 3х6,szklarnia z poliwęglanu 3x6 6 mm,1,0,0.0,0.0
2026-09-11,wymiary | poliwęglan 3х6,szklarnia z poliwęglanu 3x6 6mm,1,0,0.0,0.0
2026-09-11,wymiary | poliwęglan 3х6,szklarnia z poliwęglanu 3x6 producent,1,0,0.0,0.0
2026-09-11,wymiary | poliwęglan 3х6,szklarnia z poliwęglanu 3x6 producent 6mm,1,0,0.0,0.0
2026-09-11,wymiary | poliwęglan 3х6,szklarnia z poliwęglanu 3x6 promocja,7,1,0.65,0.0
2026-09-11,wymiary | poliwęglan 3х6,szklarnia z poliwęglanu 3x6 wyprzedaż,2,2,0.52,0.0
2026-09-11,wymiary | poliwęglan 3х6,szklarnie z poliwęglanu 3x6,4,0,0.0,0.0
2026-09-11,wymiary | poliwęglan 3х6,tunel 3x6 z poliwęglanu,1,0,0.0,0.0
2026-09-11,wymiary | poliwęglan 3х6,tunel ogrodowy z poliwęglanu 3x6,1,0,0.0,0.0
2026-09-11,wymiary | poliwęglan 3х6,tunel poliwęglan 3x6,1,0,0.0,0.0
2026-09-11,wymiary | poliwęglan 3х6,tunel z poliwęglanu 3x6,1,0,0.0,0.0
2026-09-11,wymiary | poliwęglan 3х6,tunele z poliwęglanu 3x6,1,0,0.0,0.0
2026-09-11,wymiary | poliwęglan 3х4,cena szklarni z poliwęglanu,1,0,0.0,0.0
2026-09-11,wymiary | poliwęglan 3х4,gotowe szklarnie ogrodowe,1,0,0.0,0.0
2026-09-11,wymiary | poliwęglan 3х4,ile kosztują szklarnie z poliwęglanu,1,0,0.0,0.0
2026-09-11,wymiary | poliwęglan 3х4,mocna szklarnia,2,0,0.0,0.0
2026-09-11,wymiary | poliwęglan 3х4,namiot na warzywa,2,0,0.0,0.0
2026-09-11,wymiary | poliwęglan 3х4,namiot ogrodowy do warzyw,1,0,0.0,0.0
2026-09-11,wymiary | poliwęglan 3х4,namioty ogrodnicze,2,0,0.0,0.0
2026-09-11,wymiary | poliwęglan 3х4,poligreen,2,0,0.0,0.0
2026-09-11,wymiary | poliwęglan 3х4,poliwęglan,1,0,0.0,0.0
2026-09-11,wymiary | poliwęglan 3х4,poliwęglan 3x4,1,0,0.0,0.0
2026-09-11,wymiary | poliwęglan 3х4,polscy producenci szklarni z poliwęglanu,1,0,0.0,0.0
2026-09-11,wymiary | poliwęglan 3х4,profimet szklarnie,1,0,0.0,0.0
2026-09-11,wymiary | poliwęglan 3х4,szklarnia 3 x 4,3,0,0.0,0.0
2026-09-11,wymiary | poliwęglan 3х4,szklarnia 3x4,2,0,0.0,0.0
2026-09-11,wymiary | poliwęglan 3х4,szklarnia 4x8,2,0,0.0,0.0
2026-09-11,wymiary | poliwęglan 3х4,szklarnia białystok,1,0,0.0,0.0
2026-09-11,wymiary | poliwęglan 3х4,szklarnia ogrodowa,4,0,0.0,0.0
2026-09-11,wymiary | poliwęglan 3х4,szklarnia ogrodowa 3x6,1,0,0.0,0.0
2026-09-11,wymiary | poliwęglan 3х4,szklarnia ogrodowa z poliwęglanu,1,0,0.0,0.0
2026-09-11,wymiary | poliwęglan 3х4,szklarnia poliwęglan 3x2,1,0,0.0,0.0
2026-09-11,wymiary | poliwęglan 3х4,szklarnia przydomowa,1,0,0.0,0.0
2026-09-11,wymiary | poliwęglan 3х4,szklarnia z poliweglanu,1,0,0.0,0.0
2026-09-11,wymiary | poliwęglan 3х4,szklarnia z poliweglanu 3x4,2,0,0.0,0.0
2026-09-11,wymiary | poliwęglan 3х4,szklarnia z poliwęglanu 3 x 4 m,2,0,0.0,0.0
2026-09-11,wymiary | poliwęglan 3х4,szklarnia z poliwęglanu 3x10,1,0,0.0,0.0
2026-09-11,wymiary | poliwęglan 3х4,szklarnia z poliwęglanu 3x4,5,1,0.26,0.0
2026-09-11,wymiary | poliwęglan 3х4,szklarnia z poliwęglanu 3x4 6mm,2,0,0.0,0.0
2026-09-11,wymiary | poliwęglan 3х4,szklarnia z poliwęglanu 3x4 mocna,1,0,0.0,0.0
2026-09-11,wymiary | poliwęglan 3х4,szklarnia z poliwęglanu 3x4 producent,2,0,0.0,0.0
2026-09-11,wymiary | poliwęglan 3х4,szklarnia z poliwęglanu 3x4 z fundamentem,4,1,0.32,0.0
2026-09-11,wymiary | poliwęglan 3х4,szklarnia z poliwęglanu 4x4,1,0,0.0,0.0
2026-09-11,wymiary | poliwęglan 3х4,szklarnia z poliwęglanu promocja,1,0,0.0,0.0
2026-09-11,wymiary | poliwęglan 3х4,szklarnie,1,0,0.0,0.0
2026-09-11,wymiary | poliwęglan 3х4,szklarnie i tunele ogrodowe,1,0,0.0,0.0
2026-09-11,wymiary | poliwęglan 3х4,szklarnie ogrodowe wyprzedaż,1,0,0.0,0.0
2026-09-11,wymiary | poliwęglan 3х4,szklarnie ogrodowe z montazem,2,0,0.0,0.0
2026-09-11,wymiary | poliwęglan 3х4,szklarnie z poliwęglanu,32,1,0.43,0.0
2026-09-11,wymiary | poliwęglan 3х4,szklarnie z poliwęglanu 3x4,4,0,0.0,0.0
2026-09-11,wymiary | poliwęglan 3х4,tunel na pomidory,1,0,0.0,0.0
2026-09-11,wymiary | poliwęglan 3х4,tunel na pomidory z poliwęglanu,1,1,0.25,0.0
2026-09-11,wymiary | poliwęglan 3х4,tunel na warzywa,1,0,0.0,0.0
2026-09-11,wymiary | poliwęglan 3х4,tunel ogrodowy,8,0,0.0,0.0
2026-09-11,wymiary | poliwęglan 3х4,tunel ogrodowy mocny,1,0,0.0,0.0
2026-09-11,wymiary | poliwęglan 3х4,tunel ogrodowy poliwęglan,1,0,0.0,0.0
2026-09-11,wymiary | poliwęglan 3х4,tunel ogrodowy poliwęglan 3x4,2,0,0.0,0.0
2026-09-11,wymiary | poliwęglan 3х4,tunel ogrodowy wyprzedaż,1,0,0.0,0.0
2026-09-11,wymiary | poliwęglan 3х4,tunel ogrodowy z poliwęglanu,1,0,0.0,0.0
2026-09-11,wymiary | poliwęglan 3х4,tunel ogrodowy z poliwęglanu 3x4,3,1,0.8,0.0
2026-09-11,wymiary | poliwęglan 3х4,tunel poliwęglan,1,0,0.0,0.0
2026-09-11,wymiary | poliwęglan 3х4,tunel poliwęglan 3x4,1,0,0.0,0.0
2026-09-11,wymiary | poliwęglan 3х4,tunel poliwęglanowy,2,0,0.0,0.0
2026-09-11,wymiary | poliwęglan 3х4,tunel z poliweglanu,1,0,0.0,0.0
2026-09-11,wymiary | poliwęglan 3х4,tunel z poliwęglanu,2,2,0.72,0.0
2026-09-11,wymiary | poliwęglan 3х4,tunel z poliwęglanu 3 x 4,1,0,0.0,0.0
2026-09-11,wymiary | poliwęglan 3х4,tunel z poliwęglanu 3x4,7,0,0.0,0.0
2026-09-11,wymiary | poliwęglan 3х4,tunel z poliwęglanu 3x4 6mm,2,0,0.0,0.0
2026-09-11,wymiary | poliwęglan 3х4,tunele z poliwęglanu 3 x 4,5,1,0.76,0.0
2026-09-11,wymiary | poliwęglan 3х4,wesoly rolnik,1,0,0.0,0.0
2026-09-11,namioty z poliwęglanu,namiot warzywny z poliwęglanu,1,0,0.0,0.0
2026-09-11,namioty z poliwęglanu,namiot z poliwęglanu,2,0,0.0,0.0
2026-09-11,namioty z poliwęglanu,tunel z poliwęglanu,3,0,0.0,0.0
2026-09-11,szklarnie z poliwęglanu [exact],szklarnia ogrodowa z poliwęglanu,1,0,0.0,0.0
2026-09-11,szklarnie z poliwęglanu [exact],szklarnia z poliwęglanu,73,2,1.46,0.0
2026-09-11,szklarnie z poliwęglanu [phrase],cieplarnia ogrodowa z poliwęglanu,1,0,0.0,0.0
2026-09-11,szklarnie z poliwęglanu [phrase],jakiej firmy szklarnia z poliwęglanu,1,0,0.0,0.0
2026-09-11,szklarnie z poliwęglanu [phrase],najlepsze szklarnie z poliwęglanu,2,0,0.0,0.0
2026-09-11,szklarnie z poliwęglanu [phrase],poliwęglan szklarnie,1,0,0.0,0.0
2026-09-11,szklarnie z poliwęglanu [phrase],polskie szklarnie z poliwęglanu,2,0,0.0,0.0
2026-09-11,szklarnie z poliwęglanu [phrase],profi met,2,0,0.0,0.0
2026-09-11,szklarnie z poliwęglanu [phrase],profimet,15,1,2.25,0.0
2026-09-11,szklarnie z poliwęglanu [phrase],profimet szklarnie,5,2,2.32,0.0
2026-09-11,szklarnie z poliwęglanu [phrase],profimet szklarnie z poliwęglanu,2,0,0.0,0.0
2026-09-11,szklarnie z poliwęglanu [phrase],szklarnia hestia,1,0,0.0,0.0
2026-09-11,szklarnie z poliwęglanu [phrase],szklarnia ogrodowa,2,0,0.0,0.0
2026-09-11,szklarnie z poliwęglanu [phrase],szklarnia ogrodowa z poliwęglanu,1,0,0.0,0.0
2026-09-11,szklarnie z poliwęglanu [phrase],szklarnia poliwęglan,1,0,0.0,0.0
2026-09-11,szklarnie z poliwęglanu [phrase],szklarnia tunel z poliwęglanu,2,0,0.0,0.0
2026-09-11,szklarnie z poliwęglanu [phrase],szklarnia z poliweglanu,2,0,0.0,0.0
2026-09-11,szklarnie z poliwęglanu [phrase],szklarnia z poliwęglanu 10 m,1,1,0.75,0.0
2026-09-11,szklarnie z poliwęglanu [phrase],szklarnia z poliwęglanu 10mm,1,0,0.0,0.0
2026-09-11,szklarnie z poliwęglanu [phrase],szklarnia z poliwęglanu 3x6 producent profimet,6,1,0.85,0.0
2026-09-11,szklarnie z poliwęglanu [phrase],szklarnia z poliwęglanu 3x6 profimet,2,0,0.0,0.0
2026-09-11,szklarnie z poliwęglanu [phrase],szklarnia z poliwęglanu 4x4,3,0,0.0,0.0
2026-09-11,szklarnie z poliwęglanu [phrase],szklarnia z poliwęglanu 6mm,2,0,0.0,0.0
2026-09-11,szklarnie z poliwęglanu [phrase],szklarnia z poliwęglanu profimet,1,1,0.17,1.0
2026-09-11,szklarnie z poliwęglanu [phrase],szklarnia z poliwęglanu tunel,1,0,0.0,0.0
2026-09-11,szklarnie z poliwęglanu [phrase],szklarnie ogrodowe z poliwęglanu,3,0,0.0,0.0
2026-09-11,szklarnie z poliwęglanu [phrase],szklarnie poliweglan,1,0,0.0,0.0
2026-09-11,szklarnie z poliwęglanu [phrase],szklarnie poliwęglanowe,2,0,0.0,0.0
2026-09-11,szklarnie z poliwęglanu [phrase],szklarnie z poliwęglanu śląskie,1,0,0.0,0.0
2026-09-11,szklarnie z poliwęglanu [phrase],tunel z poliwęglanu 4x12,1,1,0.82,0.0
2026-09-11,tunele z poliwęglanu,cieplarnia ogrodowa z poliwęglanu,2,0,0.0,0.0
2026-09-11,tunele z poliwęglanu,tunel na pomidory z poliwęglanu,1,0,0.0,0.0
2026-09-11,tunele z poliwęglanu,tunel ogrodniczy z poliwęglanu,1,0,0.0,0.0
2026-09-11,tunele z poliwęglanu,tunel ogrodowy poliwęglan,2,0,0.0,0.0
2026-09-11,tunele z poliwęglanu,tunel ogrodowy z poliwęglanu,3,1,0.49,0.0
2026-09-11,tunele z poliwęglanu,tunel poliweglan,1,0,0.0,0.0
2026-09-11,tunele z poliwęglanu,tunel poliwęglan,1,0,0.0,0.0
2026-09-11,tunele z poliwęglanu,tunel poliwęglanowy,2,0,0.0,0.0
2026-09-11,tunele z poliwęglanu,tunel z poliwęglanu,7,0,0.0,0.0
2026-09-11,tunele z poliwęglanu,tunele ogrodowe z poliwęglanu,3,0,0.0,0.0
2026-09-11,tunele z poliwęglanu,tunele z poliweglanu,2,0,0.0,0.0
2026-09-11,wymiary | poliwęglan 4х6,szklarnia z poliwęglanu 4x6,5,1,0.43,0.0
2026-09-11,wymiary | poliwęglan 4х6,szklarnia z poliwęglanu 4x6 producent,1,0,0.0,0.0
2026-09-11,wymiary | poliwęglan 4х8,szklarnia z poliwęglanu 4x8,2,0,0.0,0.0
2026-09-11,wymiary | poliwęglan 4х8,szklarnie z poliwęglanu 4x8,2,0,0.0,0.0
2026-09-11,wymiary | poliwęglan 2х4,szklarnia 2 na 4,1,0,0.0,0.0
2026-09-11,wymiary | poliwęglan 2х4,szklarnia 2x4,2,0,0.0,0.0
2026-09-11,wymiary | poliwęglan 2х4,szklarnia 4x2,1,0,0.0,0.0
2026-09-11,wymiary | poliwęglan 2х4,szklarnia poliwęglan 2x4,1,0,0.0,0.0
2026-09-11,wymiary | poliwęglan 2х4,szklarnia z poliwęglanu 2x4,1,1,0.28,0.0
2026-09-11,wymiary | poliwęglan 2х4,tunel ogrodowy 2x4,2,0,0.0,0.0
2026-09-11,wymiary | poliwęglan 2х4,tunel z poliwęglanu 2x4,2,0,0.0,0.0
2026-09-11,mala szklarnia z poliweglanu,alistan agro,1,0,0.0,0.0
2026-09-11,mala szklarnia z poliweglanu,cultivo,3,0,0.0,0.0
2026-09-11,mala szklarnia z poliweglanu,mała szklarnia na pomidory,1,0,0.0,0.0
2026-09-11,mala szklarnia z poliweglanu,poligreen zhuk sp k,1,1,0.25,0.0
2026-09-11,mala szklarnia z poliweglanu,profimet,1,0,0.0,0.0
2026-09-11,mala szklarnia z poliweglanu,profimet szklarnie,5,2,3.64,0.0
2026-09-11,mala szklarnia z poliweglanu,s2020 pl,1,0,0.0,0.0
2026-09-11,mala szklarnia z poliweglanu,szklarnia,1,0,0.0,0.0
2026-09-11,mala szklarnia z poliweglanu,szklarnia 3x2,1,0,0.0,0.0
2026-09-11,mala szklarnia z poliweglanu,szklarnia 4x8,1,0,0.0,0.0
2026-09-11,mala szklarnia z poliweglanu,szklarnia ogrodowa mocna,2,0,0.0,0.0
2026-09-11,mala szklarnia z poliweglanu,szklarnia profimed,2,0,0.0,0.0
2026-09-11,mala szklarnia z poliweglanu,szklarnia z poliwęglanu okrągła,1,0,0.0,0.0
2026-09-11,mala szklarnia z poliweglanu,szklarnie,1,0,0.0,0.0
2026-09-11,mala szklarnia z poliweglanu,szklarnie ogrodowe szczecin,1,0,0.0,0.0
2026-09-11,mala szklarnia z poliweglanu,wesoly rolnik,1,0,0.0,0.0
2026-09-12,wymiary | poliwęglan 3х6,namiot z poliwęglanu 3x6,1,0,0.0,0.0
2026-09-12,wymiary | poliwęglan 3х6,szklarnia 3x6 poliwęglan 6mm,2,0,0.0,0.0
2026-09-12,wymiary | poliwęglan 3х6,szklarnia z poliwęglanu 3x6,6,0,0.0,0.0
2026-09-12,wymiary | poliwęglan 3х6,szklarnia z poliwęglanu 3x6 producent,1,0,0.0,0.0
2026-09-12,wymiary | poliwęglan 3х6,szklarnia z poliwęglanu 3x6 producent 6mm,2,0,0.0,0.0
2026-09-12,wymiary | poliwęglan 3х6,szklarnia z poliwęglanu 3x6 promocja,5,0,0.0,0.0
2026-09-12,wymiary | poliwęglan 3х6,szklarnie z poliwęglanu 3x6,4,0,0.0,0.0
2026-09-12,wymiary | poliwęglan 3х6,tunel 3x6 z poliwęglanu,4,0,0.0,0.0
2026-09-12,wymiary | poliwęglan 3х6,tunel ogrodowy 3x6 poliwęglan,2,1,0.1,0.0
2026-09-12,wymiary | poliwęglan 3х6,tunel poliwęglan 3x6,3,1,0.18,0.0
2026-09-12,wymiary | poliwęglan 3х6,tunel z poliwęglanu 3x6,4,0,0.0,0.0
2026-09-12,wymiary | poliwęglan 3х6,tunel z poliwęglanu 3x6m,1,0,0.0,0.0
2026-09-12,wymiary | poliwęglan 3х6,tunele z poliwęglanu 3x6,2,1,0.24,0.5
2026-09-12,wymiary | poliwęglan 3х4,cieplarnia z poliwęglanu cena,1,0,0.0,0.0
2026-09-12,wymiary | poliwęglan 3х4,mocna szklarnia z poliwęglanu,1,0,0.0,0.0
2026-09-12,wymiary | poliwęglan 3х4,namiot warzywny,1,0,0.0,0.0
2026-09-12,wymiary | poliwęglan 3х4,poliwęglan szklarnie ogrodowe,1,0,0.0,0.0
2026-09-12,wymiary | poliwęglan 3х4,poliwęglanu,1,0,0.0,0.0
2026-09-12,wymiary | poliwęglan 3х4,szklarnia namiot,2,0,0.0,0.0
2026-09-12,wymiary | poliwęglan 3х4,szklarnia ogrodowa 3x4,1,0,0.0,0.0
2026-09-12,wymiary | poliwęglan 3х4,szklarnia ogrodowa 3x4 z poliwęglanu solid mocna,1,0,0.0,0.0
2026-09-12,wymiary | poliwęglan 3х4,szklarnia ogrodowa z poliwęglanu 3x4,3,0,0.0,0.0
2026-09-12,wymiary | poliwęglan 3х4,szklarnia poliwęglan,1,0,0.0,0.0
2026-09-12,wymiary | poliwęglan 3х4,szklarnia wyprzedaż,1,0,0.0,0.0
2026-09-12,wymiary | poliwęglan 3х4,szklarnia z poliwęglanu 3 x 4,2,0,0.0,0.0
2026-09-12,wymiary | poliwęglan 3х4,szklarnia z poliwęglanu 3x4,2,0,0.0,0.0
2026-09-12,wymiary | poliwęglan 3х4,szklarnia z poliwęglanu 3x4 6mm,1,0,0.0,0.0
2026-09-12,wymiary | poliwęglan 3х4,szklarnia z poliwęglanu 3x4 producent,2,0,0.0,0.0
2026-09-12,wymiary | poliwęglan 3х4,szklarnia z poliwęglanu 3x4 z fundamentem,2,0,0.0,0.0
2026-09-12,wymiary | poliwęglan 3х4,szklarnie z poliwęglanu,21,1,0.44,0.0
2026-09-12,wymiary | poliwęglan 3х4,szklarnie z poliwęglanu 3 x 4,2,1,0.31,0.0
2026-09-12,wymiary | poliwęglan 3х4,szklarnie z poliwęglanu 3x4,2,2,0.68,0.0
2026-09-12,wymiary | poliwęglan 3х4,tunel ogrodowy wyprzedaż,1,0,0.0,0.0
2026-09-12,wymiary | poliwęglan 3х4,tunel ogrodowy z poliwęglanu,1,0,0.0,0.0
2026-09-12,wymiary | poliwęglan 3х4,tunel z poliweglanu,1,0,0.0,0.0
2026-09-12,wymiary | poliwęglan 3х4,tunel z poliwęglanu,2,0,0.0,0.0
2026-09-12,wymiary | poliwęglan 3х4,tunel z poliwęglanu 3x4,10,2,1.62,0.0
2026-09-12,wymiary | poliwęglan 3х4,tunele z poliwęglanu 3 x 4,1,0,0.0,0.0
2026-09-12,wymiary | poliwęglan 3х4,z poliwęglanu,6,1,0.24,0.0
2026-09-12,cieplarnie z poliwęglanu,cieplarnie poliwęglanowe,1,0,0.0,0.0
2026-09-12,namioty z poliwęglanu,namiot ogrodowy z poliwęglanu,2,0,0.0,0.0
2026-09-12,namioty z poliwęglanu,namiot z poliwęglanu,1,0,0.0,0.0
2026-09-12,namioty z poliwęglanu,namioty z poliwęglanu,2,1,0.14,0.0
2026-09-12,namioty z poliwęglanu,tunel z poliwęglanu,1,0,0.0,0.0
2026-09-12,szklarnie z poliwęglanu [exact],szklarnia z poliwęglanu,23,1,1.88,0.0
2026-09-12,szklarnie z poliwęglanu [phrase],namiot z poliwęglanu 3x6,1,0,0.0,0.0
2026-09-12,szklarnie z poliwęglanu [phrase],poligreen szklarnie,1,0,0.0,0.0
2026-09-12,szklarnie z poliwęglanu [phrase],polski producent szklarni z poliwęglanu,2,1,0.51,0.0
2026-09-12,szklarnie z poliwęglanu [phrase],profi met szklarnie,2,1,0.17,0.0
2026-09-12,szklarnie z poliwęglanu [phrase],profimet,2,1,0.01,1.0
2026-09-12,szklarnie z poliwęglanu [phrase],profimet szklarnie,3,4,1.14,0.0
2026-09-12,szklarnie z poliwęglanu [phrase],szklarnia ogrodowa,4,0,0.0,0.0
2026-09-12,szklarnie z poliwęglanu [phrase],szklarnia ogrodowa z poliwęglanu,1,0,0.0,0.0
2026-09-12,szklarnie z poliwęglanu [phrase],szklarnia poliweglanowa,1,0,0.0,0.0
2026-09-12,szklarnie z poliwęglanu [phrase],szklarnia poliwęglan,1,0,0.0,0.0
2026-09-12,szklarnie z poliwęglanu [phrase],szklarnia z poliweglanu,1,0,0.0,0.0
2026-09-12,szklarnie z poliwęglanu [phrase],szklarnia z poliweglanu 6mm,1,0,0.0,0.0
2026-09-12,szklarnie z poliwęglanu [phrase],szklarnia z poliwęglanu 3x10,2,0,0.0,0.0
2026-09-12,szklarnie z poliwęglanu [phrase],szklarnia z poliwęglanu 4x10,1,0,0.0,0.0
2026-09-12,szklarnie z poliwęglanu [phrase],szklarnia z poliwęglanu 8 mm,1,0,0.0,0.0
2026-09-12,szklarnie z poliwęglanu [phrase],szklarnia z poliwęglanu profimet mocna,1,0,0.0,0.0
2026-09-12,szklarnie z poliwęglanu [phrase],szklarnia z poliwęglanu wyprzedaż,2,0,0.0,0.0
2026-09-12,szklarnie z poliwęglanu [phrase],szklarnie z poliwęglanu białystok,1,0,0.0,0.0
2026-09-12,szklarnie z poliwęglanu [phrase],tunel z poliwęglanu,1,0,0.0,0.0
2026-09-12,tunele z poliwęglanu,tunel 3x6 z poliwęglanu,1,0,0.0,0.0
2026-09-12,tunele z poliwęglanu,tunel ogrodowy 3x6 poliwęglan,2,1,0.74,0.0
2026-09-12,tunele z poliwęglanu,tunel ogrodowy z poliwęglanu,2,0,0.0,0.0
2026-09-12,tunele z poliwęglanu,tunel poliwęglan,1,0,0.0,0.0
2026-09-12,tunele z poliwęglanu,tunel poliwęglanowy,2,0,0.0,0.0
2026-09-12,tunele z poliwęglanu,tunel z poliwęglanu,10,1,0.13,0.0
2026-09-12,tunele z poliwęglanu,tunele z poliwęglanu,7,1,0.3,0.5
2026-09-12,wymiary | poliwęglan 4х6,alistan agro,2,0,0.0,0.0
2026-09-12,wymiary | poliwęglan 4х6,mocna szklarnia,1,0,0.0,0.0
2026-09-12,wymiary | poliwęglan 4х6,namiot ogrodowy z poliwęglanu,1,0,0.0,0.0
2026-09-12,wymiary | poliwęglan 4х6,profimet szklarnie,1,1,0.17,0.0
2026-09-12,wymiary | poliwęglan 4х6,szklarnia pl,1,0,0.0,0.0
2026-09-12,wymiary | poliwęglan 4х6,szklarnia poliwęglan,3,0,0.0,0.0
2026-09-12,wymiary | poliwęglan 4х6,szklarnia poliwęglan 4x6,1,1,0.61,0.0
2026-09-12,wymiary | poliwęglan 4х6,szklarnie z poliwęglanu,3,0,0.0,0.0
2026-09-12,wymiary | poliwęglan 4х6,z poliwęglanu,2,0,0.0,0.0
2026-09-12,wymiary | poliwęglan 4х8,szklarnia z poliwęglanu 4x8,1,0,0.0,0.0
2026-09-12,wymiary | poliwęglan 2х4,szklarnia z poliwęglanu 2 x 4,2,0,0.0,0.0
2026-09-12,wymiary | poliwęglan 2х4,szklarnia z poliwęglanu 2x4,1,0,0.0,0.0
2026-09-12,mala szklarnia z poliweglanu,1 kup pl,1,0,0.0,0.0
2026-09-12,mala szklarnia z poliweglanu,agrosur,1,0,0.0,0.0
2026-09-12,mala szklarnia z poliweglanu,male tunele ogrodowe,2,0,0.0,0.0
2026-09-12,mala szklarnia z poliweglanu,mała szklarnia,2,0,0.0,0.0
2026-09-12,mala szklarnia z poliweglanu,profimet szklarnie,2,0,0.0,0.0
2026-09-12,mala szklarnia z poliweglanu,szklarnia z poliwęglanu profimet mocna,1,0,0.0,0.0
2026-09-14,wymiary | poliwęglan 3х6,ile kosztuje szklarnia z poliwęglanu 3 x 6,1,1,0.77,0.0
2026-09-14,wymiary | poliwęglan 3х6,namiot z poliwęglanu 3x6,4,0,0.0,0.0
2026-09-14,wymiary | poliwęglan 3х6,szklarnia 3x6,5,0,0.0,0.0
2026-09-14,wymiary | poliwęglan 3х6,szklarnia 3x6m,1,0,0.0,0.0
2026-09-14,wymiary | poliwęglan 3х6,szklarnia poliwęglan 3x6,5,0,0.0,0.0
2026-09-14,wymiary | poliwęglan 3х6,szklarnia z poliweglanu 3x6,1,0,0.0,0.0
2026-09-14,wymiary | poliwęglan 3х6,szklarnia z poliwęglanu 3x6,5,2,0.39,0.0
2026-09-14,wymiary | poliwęglan 3х6,szklarnia z poliwęglanu 3x6 6mm,1,0,0.0,0.0
2026-09-14,wymiary | poliwęglan 3х6,szklarnia z poliwęglanu 3x6 promocja,20,1,0.33,0.0
2026-09-14,wymiary | poliwęglan 3х6,szklarnia z poliwęglanu 3x6 wyprzedaż,4,1,0.47,0.0
2026-09-14,wymiary | poliwęglan 3х6,szklarnie ogrodowe 3x6,1,0,0.0,0.0
2026-09-14,wymiary | poliwęglan 3х6,szklarnie poliwęglanowe 3x6,2,2,1.09,0.0
2026-09-14,wymiary | poliwęglan 3х6,szklarnie z poliwęglanu 3x6,4,0,0.0,0.0
2026-09-14,wymiary | poliwęglan 3х6,tunel 3x6 z poliwęglanu,2,0,0.0,0.0
2026-09-14,wymiary | poliwęglan 3х6,tunel poliwęglanu 3x6,1,0,0.0,0.0
2026-09-14,wymiary | poliwęglan 3х6,tunel z poliwęglanu 3x6,5,1,0.26,0.0
2026-09-14,wymiary | poliwęglan 3х6,tunel z poliwęglanu 3x6m,3,1,0.2,0.0
2026-09-14,wymiary | poliwęglan 3х6,tunele z poliwęglanu 3x6,2,0,0.0,0.0
2026-09-14,wymiary | poliwęglan 3х4,cieplarnia ogrodowa z poliwęglanu,2,0,0.0,0.0
2026-09-14,wymiary | poliwęglan 3х4,jakiej firmy szklarnia z poliwęglanu,2,0,0.0,0.0
2026-09-14,wymiary | poliwęglan 3х4,jaką szklarnię wybrać,2,0,0.0,0.0
2026-09-14,wymiary | poliwęglan 3х4,mała szklarnia ogrodowa,2,0,0.0,0.0
2026-09-14,wymiary | poliwęglan 3х4,mocne szklarnie z poliwęglanu,2,0,0.0,0.0
2026-09-14,wymiary | poliwęglan 3х4,namiot na pomidory 3x4,2,0,0.0,0.0
2026-09-14,wymiary | poliwęglan 3х4,namiot na warzywa,1,0,0.0,0.0
2026-09-14,wymiary | poliwęglan 3х4,namiot ogrodniczy,1,0,0.0,0.0
2026-09-14,wymiary | poliwęglan 3х4,namiot ogrodowy pod warzywa,1,0,0.0,0.0
2026-09-14,wymiary | poliwęglan 3х4,namiot z poliwęglanu 3x4,4,0,0.0,0.0
2026-09-14,wymiary | poliwęglan 3х4,namioty ogrodnicze,2,0,0.0,0.0
2026-09-14,wymiary | poliwęglan 3х4,namioty ogrodowe z poliweglanu,1,0,0.0,0.0
2026-09-14,wymiary | poliwęglan 3х4,oteko poliwęglan,1,0,0.0,0.0
2026-09-14,wymiary | poliwęglan 3х4,poliweglanowy tunel,2,0,0.0,0.0
2026-09-14,wymiary | poliwęglan 3х4,poliwęglan,1,0,0.0,0.0
2026-09-14,wymiary | poliwęglan 3х4,polski producent szklarni z poliwęglanu,1,0,0.0,0.0
2026-09-14,wymiary | poliwęglan 3х4,przedłużenie szklarni z poliwęglanu,1,0,0.0,0.0
2026-09-14,wymiary | poliwęglan 3х4,szklarni z poliwęglanu,1,0,0.0,0.0
2026-09-14,wymiary | poliwęglan 3х4,szklarnia,1,0,0.0,0.0
2026-09-14,wymiary | poliwęglan 3х4,szklarnia 2.5 x5,2,0,0.0,0.0
2026-09-14,wymiary | poliwęglan 3х4,szklarnia 3x4,7,0,0.0,0.0
2026-09-14,wymiary | poliwęglan 3х4,szklarnia namiot,1,0,0.0,0.0
2026-09-14,wymiary | poliwęglan 3х4,szklarnia ogrodowa,1,0,0.0,0.0
2026-09-14,wymiary | poliwęglan 3х4,szklarnia ogrodowa 2.5 x4,1,0,0.0,0.0
2026-09-14,wymiary | poliwęglan 3х4,szklarnia ogrodowa 3x4 z poliwęglanu solid mocna,3,0,0.0,0.0
2026-09-14,wymiary | poliwęglan 3х4,szklarnia ogrodowa mocna,1,0,0.0,0.0
2026-09-14,wymiary | poliwęglan 3х4,szklarnia promocja,1,0,0.0,0.0
2026-09-14,wymiary | poliwęglan 3х4,szklarnia z poliweglanu 3x4,2,0,0.0,0.0
2026-09-14,wymiary | poliwęglan 3х4,szklarnia z poliwęglanu 2.5 x4,1,0,0.0,0.0
2026-09-14,wymiary | poliwęglan 3х4,szklarnia z poliwęglanu 3 x 4,4,0,0.0,0.0
2026-09-14,wymiary | poliwęglan 3х4,szklarnia z poliwęglanu 3x4,5,2,0.9,0.0
2026-09-14,wymiary | poliwęglan 3х4,szklarnia z poliwęglanu 3x4 6mm,4,0,0.0,0.0
2026-09-14,wymiary | poliwęglan 3х4,szklarnia z poliwęglanu 3x4 polski producent,1,0,0.0,0.0
2026-09-14,wymiary | poliwęglan 3х4,szklarnia z poliwęglanu 3x4 producent,3,0,0.0,0.0
2026-09-14,wymiary | poliwęglan 3х4,szklarnia z poliwęglanu 3x4 z fundamentem,3,0,0.0,0.0
2026-09-14,wymiary | poliwęglan 3х4,szklarnie,1,0,0.0,0.0
2026-09-14,wymiary | poliwęglan 3х4,szklarnie ogrodowe z poliwęglanu 3x4,1,0,0.0,0.0
2026-09-14,wymiary | poliwęglan 3х4,szklarnie online pl,1,0,0.0,0.0
2026-09-14,wymiary | poliwęglan 3х4,szklarnie z poliwęglanu,20,1,0.42,0.0
2026-09-14,wymiary | poliwęglan 3х4,szklarnie z poliwęglanu 3x4,2,1,0.36,0.0
2026-09-14,wymiary | poliwęglan 3х4,szklarnie z poliwęglanu poznań,1,0,0.0,0.0
2026-09-14,wymiary | poliwęglan 3х4,tig szklarnie,1,0,0.0,0.0
2026-09-14,wymiary | poliwęglan 3х4,tunel 3x4,3,0,0.0,0.0
2026-09-14,wymiary | poliwęglan 3х4,tunel 4x10,1,0,0.0,0.0
2026-09-14,wymiary | poliwęglan 3х4,tunel na warzywa,1,0,0.0,0.0
2026-09-14,wymiary | poliwęglan 3х4,tunel ogrodowy,5,0,0.0,0.0
2026-09-14,wymiary | poliwęglan 3х4,tunel ogrodowy z poliwęglanu,3,0,0.0,0.0
2026-09-14,wymiary | poliwęglan 3х4,tunel ogrodowy z poliwęglanu 2x4,1,0,0.0,0.0
2026-09-14,wymiary | poliwęglan 3х4,tunel ogrodowy z poliwęglanu 3x4,1,0,0.0,0.0
2026-09-14,wymiary | poliwęglan 3х4,tunel poliweglan,1,0,0.0,0.0
2026-09-14,wymiary | poliwęglan 3х4,tunel poliweglanowy 3x4,2,1,0.89,0.0
2026-09-14,wymiary | poliwęglan 3х4,tunel poliwęglan,1,0,0.0,0.0
2026-09-14,wymiary | poliwęglan 3х4,tunel poliwęglan 3x4,6,0,0.0,0.0
2026-09-14,wymiary | poliwęglan 3х4,tunel z poliweglanu,1,0,0.0,0.0
2026-09-14,wymiary | poliwęglan 3х4,tunel z poliwęglanu,5,0,0.0,0.0
2026-09-14,wymiary | poliwęglan 3х4,tunel z poliwęglanu 3x4,5,0,0.0,0.0
2026-09-14,wymiary | poliwęglan 3х4,tunele ogrodowe,4,1,0.17,0.0
2026-09-14,wymiary | poliwęglan 3х4,tunele z poliweglanu,1,0,0.0,0.0
2026-09-14,wymiary | poliwęglan 3х4,tunele z poliwęglanu 3 x 4,1,0,0.0,0.0
2026-09-14,wymiary | poliwęglan 3х4,zielone pogotowie szklarnia,2,0,0.0,0.0
2026-09-14,wymiary | poliwęglan 3х8,szklarnia poliwęglan 3x8,1,0,0.0,0.0
2026-09-14,wymiary | poliwęglan 3х8,tunel z poliwęglanu 3x8,3,1,0.42,0.0
2026-09-14,cieplarnie z poliwęglanu,cieplarnie z poliwęglanu,1,0,0.0,0.0
2026-09-14,namioty z poliwęglanu,namiot na pomidory z poliwęglanu,1,2,0.34,0.0
2026-09-14,namioty z poliwęglanu,namiot ogrodowy z poliwęglanu,2,0,0.0,0.0
2026-09-14,namioty z poliwęglanu,namiot poliwęglanowy,1,0,0.0,0.0
2026-09-14,namioty z poliwęglanu,namiot z poliweglanu,1,0,0.0,0.0
2026-09-14,namioty z poliwęglanu,namiot z poliwęglanu,1,0,0.0,0.0
2026-09-14,namioty z poliwęglanu,namioty z poliwęglanu,3,1,0.63,0.0
2026-09-14,szklarnie z poliwęglanu [exact],szklarnia z poliwęglanu,93,9,6.31,0.0
2026-09-14,szklarnie z poliwęglanu [phrase],jakiej firmy szklarnia z poliwęglanu,1,0,0.0,0.0
2026-09-14,szklarnie z poliwęglanu [phrase],mocna szklarnia z poliwęglanu,1,0,0.0,0.0
2026-09-14,szklarnie z poliwęglanu [phrase],mocne szklarnie z poliwęglanu,2,1,0.89,0.0
2026-09-14,szklarnie z poliwęglanu [phrase],poli szklarnia pl,2,0,0.0,0.0
2026-09-14,szklarnie z poliwęglanu [phrase],poliwęglan szklarnie ogrodowe,1,0,0.0,0.0
2026-09-14,szklarnie z poliwęglanu [phrase],polski producent szklarni z poliwęglanu,1,0,0.0,0.0
2026-09-14,szklarnie z poliwęglanu [phrase],profi met,2,1,1.84,0.0
2026-09-14,szklarnie z poliwęglanu [phrase],profi met szklarnie,4,1,0.72,0.0
2026-09-14,szklarnie z poliwęglanu [phrase],profimet,14,5,2.98,0.0
2026-09-14,szklarnie z poliwęglanu [phrase],profimet szklarnie,15,6,9.81,1.0
2026-09-14,szklarnie z poliwęglanu [phrase],szklarnia ogrodowa,5,0,0.0,0.0
2026-09-14,szklarnie z poliwęglanu [phrase],szklarnia ogrodowa plastikowa,1,0,0.0,0.0
2026-09-14,szklarnie z poliwęglanu [phrase],szklarnia poliweglan,1,0,0.0,0.0
2026-09-14,szklarnie z poliwęglanu [phrase],szklarnia poliwęglan,1,0,0.0,0.0
2026-09-14,szklarnie z poliwęglanu [phrase],szklarnia profimet,2,1,1.11,0.0
2026-09-14,szklarnie z poliwęglanu [phrase],szklarnia z poliweglanu,1,0,0.0,0.0
2026-09-14,szklarnie z poliwęglanu [phrase],szklarnia z poliwęglanu 3x4 6mm,1,0,0.0,0.0
2026-09-14,szklarnie z poliwęglanu [phrase],szklarnia z poliwęglanu 3x8,1,0,0.0,0.0
2026-09-14,szklarnie z poliwęglanu [phrase],szklarnia z poliwęglanu 6mm,3,0,0.0,0.0
2026-09-14,szklarnie z poliwęglanu [phrase],szklarnia z poliwęglanu 8 mm,3,0,0.0,0.0
2026-09-14,szklarnie z poliwęglanu [phrase],szklarnia z poliwęglanu jaką wybrać,2,0,0.0,0.0
2026-09-14,szklarnie z poliwęglanu [phrase],szklarnia z poliwęglanu na wymiar,1,0,0.0,0.0
2026-09-14,szklarnie z poliwęglanu [phrase],szklarnia z poliwęglanu polski producent,1,0,0.0,0.0
2026-09-14,szklarnie z poliwęglanu [phrase],szklarnia z poliwęglanu producent,1,0,0.0,0.0
2026-09-14,szklarnie z poliwęglanu [phrase],szklarnia z poliwęglanu wyprzedaż,4,0,0.0,0.0
2026-09-14,szklarnie z poliwęglanu [phrase],szklarnie poliwęglanowe,1,0,0.0,0.0
2026-09-14,szklarnie z poliwęglanu [phrase],szklarnie profimet,2,0,0.0,0.0
2026-09-14,szklarnie z poliwęglanu [phrase],szklarnie z poliwęglanu warszawa,1,0,0.0,0.0
2026-09-14,szklarnie z poliwęglanu [phrase],tunel ogrodowy z poliwęglanu,1,0,0.0,0.0
2026-09-14,szklarnie z poliwęglanu producent,profimet szklarnie z poliwęglanu,2,1,0.81,0.0
2026-09-14,tunele z poliwęglanu,cieplarnia z poliwęglanu,1,0,0.0,0.0
2026-09-14,tunele z poliwęglanu,namiot z poliwęglanu,1,0,0.0,0.0
2026-09-14,tunele z poliwęglanu,tunel ogrodowy z poliwęglanu,2,0,0.0,0.0
2026-09-14,tunele z poliwęglanu,tunel ogrodowy z poliwęglanu 2x4,3,0,0.0,0.0
2026-09-14,tunele z poliwęglanu,tunel poliwęglan,4,0,0.0,0.0
2026-09-14,tunele z poliwęglanu,tunel z poliweglanu,3,0,0.0,0.0
2026-09-14,tunele z poliwęglanu,tunel z poliwęglanu,6,1,0.25,0.0
2026-09-14,tunele z poliwęglanu,tunel z poliwęglanu 3x8,1,0,0.0,0.0
2026-09-14,tunele z poliwęglanu,tunel z poliwęglanu podkarpackie,2,1,0.16,0.0
2026-09-14,tunele z poliwęglanu,tunele ogrodnicze z poliwęglanu,4,1,0.39,0.0
2026-09-14,tunele z poliwęglanu,tunele ogrodowe z poliwęglanu,8,2,0.93,0.0
2026-09-14,tunele z poliwęglanu,tunele z poliweglanu,1,0,0.0,0.0
2026-09-14,tunele z poliwęglanu,tunele z poliwęglanu,1,0,0.0,0.0
2026-09-14,wymiary | poliwęglan 4х6,alistan,1,0,0.0,0.0
2026-09-14,wymiary | poliwęglan 4х6,cieplarnia ogrodowa z poliwęglanu,1,0,0.0,0.0
2026-09-14,wymiary | poliwęglan 4х6,cultivo,1,0,0.0,0.0
2026-09-14,wymiary | poliwęglan 4х6,eveks,1,0,0.0,0.0
2026-09-14,wymiary | poliwęglan 4х6,ile kosztuje tunel z poliwęglanu,1,0,0.0,0.0
2026-09-14,wymiary | poliwęglan 4х6,namiot poliwęglanowy,2,0,0.0,0.0
2026-09-14,wymiary | poliwęglan 4х6,nowaszklarnia,2,0,0.0,0.0
2026-09-14,wymiary | poliwęglan 4х6,poligreen,1,0,0.0,0.0
2026-09-14,wymiary | poliwęglan 4х6,poliwęglan,2,0,0.0,0.0
2026-09-14,wymiary | poliwęglan 4х6,poliwęglan gdzie kupić,1,0,0.0,0.0
2026-09-14,wymiary | poliwęglan 4х6,poliwęglan szklarnie,1,0,0.0,0.0
2026-09-14,wymiary | poliwęglan 4х6,polska szklarnia,1,0,0.0,0.0
2026-09-14,wymiary | poliwęglan 4х6,profimet szklarnie,1,0,0.0,0.0
2026-09-14,wymiary | poliwęglan 4х6,szklarnia 4x6,1,0,0.0,0.0
2026-09-14,wymiary | poliwęglan 4х6,szklarnia 4x6 poliwęglan,1,0,0.0,0.0
2026-09-14,wymiary | poliwęglan 4х6,szklarnia ogrodowa 4x6,2,0,0.0,0.0
2026-09-14,wymiary | poliwęglan 4х6,szklarnia ogrodowa z poliwęglanu,1,0,0.0,0.0
2026-09-14,wymiary | poliwęglan 4х6,szklarnia poliwęglan 4x6,1,1,0.26,0.0
2026-09-14,wymiary | poliwęglan 4х6,szklarnia tunel,1,0,0.0,0.0
2026-09-14,wymiary | poliwęglan 4х6,szklarnia z poliweglanu,1,0,0.0,0.0
2026-09-14,wymiary | poliwęglan 4х6,szklarnia z poliwęglanu 3x6 promocja,1,0,0.0,0.0
2026-09-14,wymiary | poliwęglan 4х6,szklarnie ogrodowe,1,0,0.0,0.0
2026-09-14,wymiary | poliwęglan 4х6,szklarnie poliwęglanowe,1,0,0.0,0.0
2026-09-14,wymiary | poliwęglan 4х6,szklarnie z poliwęglanu,5,0,0.0,0.0
2026-09-14,wymiary | poliwęglan 4х6,szklarnie z poliwęglanu 4x6,4,1,0.56,0.0
2026-09-14,wymiary | poliwęglan 4х6,tunel ogrodowy 3x6,2,0,0.0,0.0
2026-09-14,wymiary | poliwęglan 4х6,tunel ogrodowy z poliwęglanu 4x6,2,1,0.79,0.0
2026-09-14,wymiary | poliwęglan 4х8,szklarnia z poliwęglanu 4x8,3,1,0.41,0.0
2026-09-14,wymiary | poliwęglan 4х8,tunel poliwęglan 4x8,1,0,0.0,0.0
2026-09-14,wymiary | poliwęglan 4х8,tunel z poliwęglanu 4x8,4,0,0.0,0.0
2026-09-14,wymiary | poliwęglan 2х4,szklarnia 2x4m,1,0,0.0,0.0
2026-09-14,wymiary | poliwęglan 2х4,szklarnia poliwęglan 2x4,2,1,0.16,0.0
2026-09-14,wymiary | poliwęglan 2х4,szklarnia z poliwęglanu 2x4,1,0,0.0,0.0
2026-09-14,wymiary | poliwęglan 2х4,szklarnia z poliwęglanu 2x4 6mm,1,0,0.0,0.0
2026-09-14,wymiary | poliwęglan 2х4,szklarnia z poliwęglanu 4x2,1,0,0.0,0.0
2026-09-14,wymiary | poliwęglan 2х4,tunel poliweglan 2x4,2,1,0.38,0.0
2026-09-14,wymiary | poliwęglan 2 5х4,szklarnie z poliwęglanu 2 5x4,1,0,0.0,0.0
2026-09-14,mala szklarnia z poliweglanu,agrosur,2,0,0.0,0.0
2026-09-14,mala szklarnia z poliweglanu,alistan,3,0,0.0,0.0
2026-09-14,mala szklarnia z poliweglanu,alistan agro,2,0,0.0,0.0
2026-09-14,mala szklarnia z poliweglanu,alistan agro sp z o o,1,0,0.0,0.0
2026-09-14,mala szklarnia z poliweglanu,mała szklarnia,1,0,0.0,0.0
2026-09-14,mala szklarnia z poliweglanu,małe szklarnie z poliwęglanu,2,0,0.0,0.0
2026-09-14,mala szklarnia z poliweglanu,mocne szklarnie pl,2,0,0.0,0.0
2026-09-14,mala szklarnia z poliweglanu,poli pro,1,0,0.0,0.0
2026-09-14,mala szklarnia z poliweglanu,profimet,2,0,0.0,0.0
2026-09-14,mala szklarnia z poliweglanu,profimet szklarnie,18,8,8.12,0.0
2026-09-14,mala szklarnia z poliweglanu,profit plast,1,0,0.0,0.0
2026-09-14,mala szklarnia z poliweglanu,szklarnia,2,0,0.0,0.0
2026-09-14,mala szklarnia z poliweglanu,szklarnia 2.5 x5,2,0,0.0,0.0
2026-09-14,mala szklarnia z poliweglanu,szklarnie namioty ogrodowe,1,0,0.0,0.0
2026-09-14,mala szklarnia z poliweglanu,tanie szklarnie ogrodowe,1,0,0.0,0.0
2026-09-14,mala szklarnia z poliweglanu,tunel z poliwęglanu 3x8,1,0,0.0,0.0
2026-09-15,wymiary | poliwęglan 3х6,namiot poliweglan 3x6,2,0,0.0,0.0
2026-09-15,wymiary | poliwęglan 3х6,namiot z poliwęglanu 3x6,1,0,0.0,0.0
2026-09-15,wymiary | poliwęglan 3х6,szklarnia 3x6,2,0,0.0,0.0
2026-09-15,wymiary | poliwęglan 3х6,szklarnia 3x6 poliwęglan,1,0,0.0,0.0
2026-09-15,wymiary | poliwęglan 3х6,szklarnia poliwęglan 3x6,4,0,0.0,0.0
2026-09-15,wymiary | poliwęglan 3х6,szklarnia z poliweglanu 3x6,2,0,0.0,0.0
2026-09-15,wymiary | poliwęglan 3х6,szklarnia z poliwęglanu 3 x 6,1,0,0.0,0.0
2026-09-15,wymiary | poliwęglan 3х6,szklarnia z poliwęglanu 3 x 6 m,1,0,0.0,0.0
2026-09-15,wymiary | poliwęglan 3х6,szklarnia z poliwęglanu 3x6,8,0,0.0,0.0
2026-09-15,wymiary | poliwęglan 3х6,szklarnia z poliwęglanu 3x6 producent,2,0,0.0,0.0
2026-09-15,wymiary | poliwęglan 3х6,szklarnia z poliwęglanu 3x6 producent 6mm,3,1,0.31,0.0
2026-09-15,wymiary | poliwęglan 3х6,szklarnia z poliwęglanu 3x6 promocja,13,7,2.87,0.0
2026-09-15,wymiary | poliwęglan 3х6,szklarnia z poliwęglanu 3x6 wyprzedaż,3,1,0.39,0.0
2026-09-15,wymiary | poliwęglan 3х6,szklarnia z poliwęglanu 3x6m,1,1,0.44,0.0
2026-09-15,wymiary | poliwęglan 3х6,szklarnia z poliwęglanu 6mm 3x6,1,0,0.0,0.0
2026-09-15,wymiary | poliwęglan 3х6,szklarnie z poliwęglanu 3x6,2,1,0.35,0.0
2026-09-15,wymiary | poliwęglan 3х6,tunel ogrodowy z poliwęglanu 3x6,2,0,0.0,0.0
2026-09-15,wymiary | poliwęglan 3х6,tunel poliwęglan 3x6,2,0,0.0,0.0
2026-09-15,wymiary | poliwęglan 3х6,tunel z poliweglanu 3x6,2,0,0.0,0.0
2026-09-15,wymiary | poliwęglan 3х6,tunel z poliwęglanu 3x6,7,1,0.11,0.0
2026-09-15,wymiary | poliwęglan 3х6,tunel z poliwęglanu 3x6m,2,0,0.0,0.0
2026-09-15,wymiary | poliwęglan 3х4,cieplarnia ogrodowa z poliwęglanu,1,0,0.0,0.0
2026-09-15,wymiary | poliwęglan 3х4,cultivo,2,0,0.0,0.0
2026-09-15,wymiary | poliwęglan 3х4,etl_szklarniapl,2,0,0.0,0.0
2026-09-15,wymiary | poliwęglan 3х4,farmer tunele,1,0,0.0,0.0
2026-09-15,wymiary | poliwęglan 3х4,małe szklarnie ogrodowe,1,0,0.0,0.0
2026-09-15,wymiary | poliwęglan 3х4,mocna szklarnia z poliwęglanu,4,0,0.0,0.0
2026-09-15,wymiary | poliwęglan 3х4,namiot na pomidory,2,0,0.0,0.0
2026-09-15,wymiary | poliwęglan 3х4,namiot na pomidory z poliwęglanu,1,0,0.0,0.0
2026-09-15,wymiary | poliwęglan 3х4,namiot ogrodowy na warzywa,1,0,0.0,0.0
2026-09-15,wymiary | poliwęglan 3х4,namiot szklarnia,1,0,0.0,0.0
2026-09-15,wymiary | poliwęglan 3х4,namiot szklarniowy,1,0,0.0,0.0
2026-09-15,wymiary | poliwęglan 3х4,namioty ogrodowe na warzywa,2,0,0.0,0.0
2026-09-15,wymiary | poliwęglan 3х4,ogrodowy tunel,1,0,0.0,0.0
2026-09-15,wymiary | poliwęglan 3х4,oteko,2,0,0.0,0.0
2026-09-15,wymiary | poliwęglan 3х4,poligreen,1,0,0.0,0.0
2026-09-15,wymiary | poliwęglan 3х4,polska szklarnia z poliwęglanu,1,0,0.0,0.0
2026-09-15,wymiary | poliwęglan 3х4,szklarnia 2.5 x4,1,0,0.0,0.0
2026-09-15,wymiary | poliwęglan 3х4,szklarnia 3x2,2,0,0.0,0.0
2026-09-15,wymiary | poliwęglan 3х4,szklarnia 4x4,1,1,0.31,0.0
2026-09-15,wymiary | poliwęglan 3х4,szklarnia ogrodowa,5,0,0.0,0.0
2026-09-15,wymiary | poliwęglan 3х4,szklarnia ogrodowa 3x2,1,0,0.0,0.0
2026-09-15,wymiary | poliwęglan 3х4,szklarnia ogrodowa 3x4 z poliwęglanu solid mocna,8,1,0.14,0.0
2026-09-15,wymiary | poliwęglan 3х4,szklarnia tunelowa z poliwęglanu,1,0,0.0,0.0
2026-09-15,wymiary | poliwęglan 3х4,szklarnia verbena,1,0,0.0,0.0
2026-09-15,wymiary | poliwęglan 3х4,szklarnia victoria deluxe,1,0,0.0,0.0
2026-09-15,wymiary | poliwęglan 3х4,szklarnia z poliwęglanu 3 x 4 m,2,1,0.54,0.0
2026-09-15,wymiary | poliwęglan 3х4,szklarnia z poliwęglanu 3x4,11,2,0.78,0.0
2026-09-15,wymiary | poliwęglan 3х4,szklarnia z poliwęglanu 3x4 6mm,8,0,0.0,0.0
2026-09-15,wymiary | poliwęglan 3х4,szklarnia z poliwęglanu 3x4 mocna,3,1,0.29,0.0
2026-09-15,wymiary | poliwęglan 3х4,szklarnia z poliwęglanu 3x4 polski producent,1,0,0.0,0.0
2026-09-15,wymiary | poliwęglan 3х4,szklarnia z poliwęglanu 3x4 producent,9,1,1.12,0.0
2026-09-15,wymiary | poliwęglan 3х4,szklarnia z poliwęglanu wyprzedaż,1,0,0.0,0.0
2026-09-15,wymiary | poliwęglan 3х4,szklarnie,4,0,0.0,0.0
2026-09-15,wymiary | poliwęglan 3х4,szklarnie ogrodowe,2,0,0.0,0.0
2026-09-15,wymiary | poliwęglan 3х4,szklarnie ogrodowe wyprzedaż,1,0,0.0,0.0
2026-09-15,wymiary | poliwęglan 3х4,szklarnie z poliwęglanu,52,6,2.84,1.0
2026-09-15,wymiary | poliwęglan 3х4,szklarnie z poliwęglanu 3x4,5,0,0.0,0.0
2026-09-15,wymiary | poliwęglan 3х4,tania szklarnia z poliwęglanu,1,0,0.0,0.0
2026-09-15,wymiary | poliwęglan 3х4,tanie szklarnie ogrodowe,1,0,0.0,0.0
2026-09-15,wymiary | poliwęglan 3х4,tunel na jarzyny,1,0,0.0,0.0
2026-09-15,wymiary | poliwęglan 3х4,tunel ogrodowa,1,0,0.0,0.0
2026-09-15,wymiary | poliwęglan 3х4,tunel ogrodowy,6,0,0.0,0.0
2026-09-15,wymiary | poliwęglan 3х4,tunel ogrodowy 4 x 2 5,1,0,0.0,0.0
2026-09-15,wymiary | poliwęglan 3х4,tunel ogrodowy wyprzedaż,1,0,0.0,0.0
2026-09-15,wymiary | poliwęglan 3х4,tunel ogrodowy z poliwęglanu,7,1,0.38,0.0
2026-09-15,wymiary | poliwęglan 3х4,tunel ogrodowy z poliwęglanu 3x4,2,0,0.0,0.0
2026-09-15,wymiary | poliwęglan 3х4,tunel ogrodowy ze stelażem,1,0,0.0,0.0
2026-09-15,wymiary | poliwęglan 3х4,tunel poliweglan,1,0,0.0,0.0
2026-09-15,wymiary | poliwęglan 3х4,tunel poliweglanowy,1,0,0.0,0.0
2026-09-15,wymiary | poliwęglan 3х4,tunel poliwęglan,1,0,0.0,0.0
2026-09-15,wymiary | poliwęglan 3х4,tunel poliwęglanowy,2,0,0.0,0.0
2026-09-15,wymiary | poliwęglan 3х4,tunel z poliwęglanu,1,0,0.0,0.0
2026-09-15,wymiary | poliwęglan 3х4,tunel z poliwęglanu 3x4 6mm,2,0,0.0,0.0
2026-09-15,wymiary | poliwęglan 3х4,tunele i szklarnie ogrodowe,2,0,0.0,0.0
2026-09-15,wymiary | poliwęglan 3х4,tunele na działkę,1,0,0.0,0.0
2026-09-15,wymiary | poliwęglan 3х4,tunele na warzywa,2,0,0.0,0.0
2026-09-15,wymiary | poliwęglan 3х4,tunele ogrodowe,1,0,0.0,0.0
2026-09-15,wymiary | poliwęglan 3х8,tunel poliwęglan 3x8,2,0,0.0,0.0
2026-09-15,wymiary | poliwęglan 3х8,tunel z poliwęglanu 3x8,1,0,0.0,0.0
2026-09-15,namioty z poliwęglanu,namiot na pomidory z poliwęglanu,1,0,0.0,0.0
2026-09-15,namioty z poliwęglanu,namiot poliweglan 3x6,2,0,0.0,0.0
2026-09-15,namioty z poliwęglanu,namiot warzywny z poliwęglanu,1,0,0.0,0.0
2026-09-15,namioty z poliwęglanu,namiot z poliwęglanu,1,0,0.0,0.0
2026-09-15,namioty z poliwęglanu,namioty ogrodowe z poliwęglanu,1,0,0.0,0.0
2026-09-15,namioty z poliwęglanu,namioty poliwęglanowe,1,0,0.0,0.0
2026-09-15,namioty z poliwęglanu,tunel poliwęglan,1,0,0.0,0.0
2026-09-15,namioty z poliwęglanu,tunel z poliwęglanu 4x12,1,0,0.0,0.0
2026-09-15,szklarnie z poliwęglanu [exact],szklarnia z poliwęglanu,94,5,1.63,0.0
2026-09-15,szklarnie z poliwęglanu [exact],szklarnie z poliwęglanu,1,0,0.0,0.0
2026-09-15,szklarnie z poliwęglanu [phrase],cieplarnia ogrodowa z poliwęglanu,1,0,0.0,0.0
2026-09-15,szklarnie z poliwęglanu [phrase],jakiej firmy szklarnia z poliwęglanu,2,0,0.0,0.0
2026-09-15,szklarnie z poliwęglanu [phrase],kupię szklarnie z poliwęglanu,2,1,0.42,0.0
2026-09-15,szklarnie z poliwęglanu [phrase],mocna szklarnia z poliwęglanu,7,1,0.27,0.0
2026-09-15,szklarnie z poliwęglanu [phrase],najlepsze szklarnie z poliwęglanu,2,1,0.34,0.0
2026-09-15,szklarnie z poliwęglanu [phrase],polecane szklarnie z poliwęglanu,2,1,0.83,0.0
2026-09-15,szklarnie z poliwęglanu [phrase],polska szklarnia z poliwęglanu,3,1,0.66,0.0
2026-09-15,szklarnie z poliwęglanu [phrase],profimet szklarnie,2,1,0.68,0.0
2026-09-15,szklarnie z poliwęglanu [phrase],profimet szklarnie z poliwęglanu,2,4,3.78,0.0
2026-09-15,szklarnie z poliwęglanu [phrase],szklarnia ogrodowa,5,0,0.0,0.0
2026-09-15,szklarnie z poliwęglanu [phrase],szklarnia ogrodowa poliweglan,2,0,0.0,0.0
2026-09-15,szklarnie z poliwęglanu [phrase],szklarnia poliweglan,1,0,0.0,0.0
2026-09-15,szklarnie z poliwęglanu [phrase],szklarnia poliweglanowa,1,0,0.0,0.0
2026-09-15,szklarnie z poliwęglanu [phrase],szklarnia poliwęglan wyprzedaż,1,0,0.0,0.0
2026-09-15,szklarnie z poliwęglanu [phrase],szklarnia profimet,2,0,0.0,0.0
2026-09-15,szklarnie z poliwęglanu [phrase],szklarnia tunelowa z poliwęglanu,1,0,0.0,0.0
2026-09-15,szklarnie z poliwęglanu [phrase],szklarnia verbena,2,0,0.0,0.0
2026-09-15,szklarnie z poliwęglanu [phrase],szklarnia z poliweglanu,3,0,0.0,0.0
2026-09-15,szklarnie z poliwęglanu [phrase],szklarnia z poliwęglanu 3 5x4,2,0,0.0,0.0
2026-09-15,szklarnie z poliwęglanu [phrase],szklarnia z poliwęglanu 3x4 6mm,5,0,0.0,0.0
2026-09-15,szklarnie z poliwęglanu [phrase],szklarnia z poliwęglanu 3x6 producent,2,1,0.3,0.0
2026-09-15,szklarnie z poliwęglanu [phrase],szklarnia z poliwęglanu 4x12,2,0,0.0,0.0
2026-09-15,szklarnie z poliwęglanu [phrase],szklarnia z poliwęglanu 4x2 5,3,1,0.46,0.0
2026-09-15,szklarnie z poliwęglanu [phrase],szklarnia z poliwęglanu 5x3,1,0,0.0,0.0
2026-09-15,szklarnie z poliwęglanu [phrase],szklarnia z poliwęglanu 6 mm,2,1,0.38,0.0
2026-09-15,szklarnie z poliwęglanu [phrase],szklarnia z poliwęglanu 6mm,1,0,0.0,0.0
2026-09-15,szklarnie z poliwęglanu [phrase],szklarnia z poliwęglanu 8 mm,2,0,0.0,0.0
2026-09-15,szklarnie z poliwęglanu [phrase],szklarnia z poliwęglanu promocja,1,0,0.0,0.0
2026-09-15,szklarnie z poliwęglanu [phrase],szklarnia z poliwęglanu wyprzedaż,8,1,0.06,0.0
2026-09-15,szklarnie z poliwęglanu [phrase],szklarnia z poliwęglanu śląskie,2,0,0.0,0.0
2026-09-15,szklarnie z poliwęglanu [phrase],szklarnie ogrodowe,1,0,0.0,0.0
2026-09-15,szklarnie z poliwęglanu [phrase],szklarnie ogrodowe z poliwęglanu,4,0,0.0,0.0
2026-09-15,szklarnie z poliwęglanu [phrase],szklarnie poliwęglanowe,1,1,1.43,0.0
2026-09-15,szklarnie z poliwęglanu [phrase],szklarnie przydomowe z poliwęglanu,1,0,0.0,0.0
2026-09-15,szklarnie z poliwęglanu [phrase],szklarnie z poliweglanu,1,0,0.0,0.0
2026-09-15,szklarnie z poliwęglanu [phrase],tania szklarnia z poliwęglanu,1,1,2.08,0.0
2026-09-15,tunele z poliwęglanu,mały tunel z poliwęglanu,1,1,0.17,0.0
2026-09-15,tunele z poliwęglanu,namiot na pomidory z poliwęglanu,2,0,0.0,0.0
2026-09-15,tunele z poliwęglanu,namiot warzywny z poliwęglanu,2,0,0.0,0.0
2026-09-15,tunele z poliwęglanu,namiot z poliwęglanu,2,0,0.0,0.0
2026-09-15,tunele z poliwęglanu,poliwęglanowy tunel,1,0,0.0,0.0
2026-09-15,tunele z poliwęglanu,tunel ogrodowy z poliwęglanu,4,1,0.59,0.0
2026-09-15,tunele z poliwęglanu,tunel poliweglan 2x4,1,0,0.0,0.0
2026-09-15,tunele z poliwęglanu,tunel poliwęglan,3,0,0.0,0.0
2026-09-15,tunele z poliwęglanu,tunel poliwęglanowy,1,0,0.0,0.0
2026-09-15,tunele z poliwęglanu,tunel z poliweglanu,2,1,0.31,0.0
2026-09-15,tunele z poliwęglanu,tunel z poliwęglanu 4x10,2,0,0.0,0.0
2026-09-15,tunele z poliwęglanu,tunel z poliwęglanu 4x12,1,1,0.19,0.0
2026-09-15,tunele z poliwęglanu,tunele ogrodowe z poliwęglanu,2,0,0.0,0.0
2026-09-15,tunele z poliwęglanu,tunele poliwęglanowe,7,1,0.63,0.0
2026-09-15,tunele z poliwęglanu,tunele z poliwęglanu,16,2,0.47,0.0
2026-09-15,wymiary | poliwęglan 4х6,alistan agro,1,0,0.0,0.0
2026-09-15,wymiary | poliwęglan 4х6,cieplarnia pl,1,0,0.0,0.0
2026-09-15,wymiary | poliwęglan 4х6,cultivo,1,0,0.0,0.0
2026-09-15,wymiary | poliwęglan 4х6,ile kosztuje szklarnia z poliwęglanu,1,0,0.0,0.0
2026-09-15,wymiary | poliwęglan 4х6,maksim zhuk,2,1,1.73,0.0
2026-09-15,wymiary | poliwęglan 4х6,moja szklarnia,1,0,0.0,0.0
2026-09-15,wymiary | poliwęglan 4х6,namiot na warzywa z poliwęglanu,1,0,0.0,0.0
2026-09-15,wymiary | poliwęglan 4х6,namiot szklarnia,1,0,0.0,0.0
2026-09-15,wymiary | poliwęglan 4х6,namiot szklarnia 3x6,1,0,0.0,0.0
2026-09-15,wymiary | poliwęglan 4х6,nowaszklarnia,2,0,0.0,0.0
2026-09-15,wymiary | poliwęglan 4х6,poliwęglan,1,0,0.0,0.0
2026-09-15,wymiary | poliwęglan 4х6,poliwęglan szówsko,2,1,0.31,0.0
2026-09-15,wymiary | poliwęglan 4х6,poliwęglanowy,2,0,0.0,0.0
2026-09-15,wymiary | poliwęglan 4х6,przydomowa szklarnia z poliwęglanu,1,0,0.0,0.0
2026-09-15,wymiary | poliwęglan 4х6,szklarnia,1,0,0.0,0.0
2026-09-15,wymiary | poliwęglan 4х6,szklarnia 3x2,1,0,0.0,0.0
2026-09-15,wymiary | poliwęglan 4х6,szklarnia 4x6 poliwęglan,3,0,0.0,0.0
2026-09-15,wymiary | poliwęglan 4х6,szklarnia 6m,1,0,0.0,0.0
2026-09-15,wymiary | poliwęglan 4х6,szklarnia poliwęglan,1,0,0.0,0.0
2026-09-15,wymiary | poliwęglan 4х6,szklarnia poliwęglanowa,1,0,0.0,0.0
2026-09-15,wymiary | poliwęglan 4х6,szklarnia poliwęglanu,1,0,0.0,0.0
2026-09-15,wymiary | poliwęglan 4х6,szklarnia z poliweglanu,1,0,0.0,0.0
2026-09-15,wymiary | poliwęglan 4х6,szklarnia z poliwęglanu 4 x 6,2,1,0.23,0.0
2026-09-15,wymiary | poliwęglan 4х6,szklarnia z poliwęglanu 4x6,8,2,1.21,0.0
2026-09-15,wymiary | poliwęglan 4х6,szklarnia z poliwęglanu wyprzedaż,1,0,0.0,0.0
2026-09-15,wymiary | poliwęglan 4х6,szklarnie modułowe zambrów,2,0,0.0,0.0
2026-09-15,wymiary | poliwęglan 4х6,szklarnie ogrodowe,1,0,0.0,0.0
2026-09-15,wymiary | poliwęglan 4х6,szklarnie ogrodowe wyprzedaż,1,0,0.0,0.0
2026-09-15,wymiary | poliwęglan 4х6,szklarnie z poliwęglanu,18,2,1.23,0.0
2026-09-15,wymiary | poliwęglan 4х6,szklarnie z poliwęglanu cena,1,0,0.0,0.0
2026-09-15,wymiary | poliwęglan 4х6,szklarnie z poliwęglanu podkarpackie,1,0,0.0,0.0
2026-09-15,wymiary | poliwęglan 4х6,tunel na pomidory,1,0,0.0,0.0
2026-09-15,wymiary | poliwęglan 4х6,tunel ogrodowy,3,0,0.0,0.0
2026-09-15,wymiary | poliwęglan 4х6,tunel ogrodowy 3x6,2,0,0.0,0.0
2026-09-15,wymiary | poliwęglan 4х6,tunel ogrodowy z poliwęglanu 4x6,2,1,0.54,0.0
2026-09-15,wymiary | poliwęglan 4х6,tunel poliweglan 6x3,1,0,0.0,0.0
2026-09-15,wymiary | poliwęglan 4х6,tunel poliwęglan 4x8,1,0,0.0,0.0
2026-09-15,wymiary | poliwęglan 4х6,z poliwęglanu,2,1,0.7,0.0
2026-09-15,wymiary | poliwęglan 4х8,szklarnia z poliwęglanu 4x8,3,1,0.55,0.0
2026-09-15,wymiary | poliwęglan 4х8,tunel z poliwęglanu 4x8,2,1,0.33,0.0
2026-09-15,wymiary | poliwęglan 2х4,poliwęglan,1,0,0.0,0.0
2026-09-15,wymiary | poliwęglan 2х4,szklarnia 2.5 x4,1,0,0.0,0.0
2026-09-15,wymiary | poliwęglan 2х4,szklarnia 2x4m,1,0,0.0,0.0
2026-09-15,wymiary | poliwęglan 2х4,szklarnia ogrodowa 4x2,1,1,0.23,0.0
2026-09-15,wymiary | poliwęglan 2х4,szklarnia z poliweglanu 2x4,1,1,0.31,0.0
2026-09-15,wymiary | poliwęglan 2х4,szklarnia z poliwęglanu 2 x 4,1,0,0.0,0.0
2026-09-15,wymiary | poliwęglan 2х4,szklarnia z poliwęglanu 2x4,8,1,0.34,0.0
2026-09-15,wymiary | poliwęglan 2х4,tunel z poliwęglanu 2x4,2,0,0.0,0.0
2026-09-15,mala szklarnia z poliweglanu,alistan agro,2,0,0.0,0.0
2026-09-15,mala szklarnia z poliweglanu,cieplarnia,2,0,0.0,0.0
2026-09-15,mala szklarnia z poliweglanu,etl group,1,0,0.0,0.0
2026-09-15,mala szklarnia z poliweglanu,lams laurus,1,0,0.0,0.0
2026-09-15,mala szklarnia z poliweglanu,male szklarnie,1,0,0.0,0.0
2026-09-15,mala szklarnia z poliweglanu,mała szklarnia,1,0,0.0,0.0
2026-09-15,mala szklarnia z poliweglanu,mała szklarnia ogrodowa,3,0,0.0,0.0
2026-09-15,mala szklarnia z poliweglanu,mała szklarnia z poliwęglanu,1,0,0.0,0.0
2026-09-15,mala szklarnia z poliweglanu,małe szklarnie,1,0,0.0,0.0
2026-09-15,mala szklarnia z poliweglanu,małe szklarnie ogrodowe z poliwęglanu,1,0,0.0,0.0
2026-09-15,mala szklarnia z poliweglanu,producenci szklarni,2,0,0.0,0.0
2026-09-15,mala szklarnia z poliweglanu,profimet,2,1,2.17,0.0
2026-09-15,mala szklarnia z poliweglanu,profimet szklarnie,2,1,0.41,0.0
2026-09-15,mala szklarnia z poliweglanu,profimet szklarnie z poliwęglanu,1,2,0.84,0.0
2026-09-15,mala szklarnia z poliweglanu,szklarnia,1,0,0.0,0.0
2026-09-15,mala szklarnia z poliweglanu,szklarnia ogrodowa 2.5 x3,1,0,0.0,0.0
2026-09-15,mala szklarnia z poliweglanu,szklarnia ogrodowa mała,1,0,0.0,0.0
2026-09-15,mala szklarnia z poliweglanu,szklarnia ogrodowa wyprzedaż,1,0,0.0,0.0
2026-09-15,mala szklarnia z poliweglanu,szklarnia z poliweglanu,1,0,0.0,0.0
2026-09-15,mala szklarnia z poliweglanu,szklarnia z poliwęglanu wyprzedaż,2,0,0.0,0.0
2026-09-15,mala szklarnia z poliweglanu,szklarnie,3,0,0.0,0.0
2026-09-15,mala szklarnia z poliweglanu,szklarnie bialystok,1,0,0.0,0.0
2026-09-15,mala szklarnia z poliweglanu,szklarnie ogrodowe,1,0,0.0,0.0
2026-09-15,mala szklarnia z poliweglanu,szklarnie ogrodowe wyprzedaż,7,0,0.0,0.0
2026-09-15,mala szklarnia z poliweglanu,szklarnie z poliwęglanu cena,1,0,0.0,0.0
2026-09-15,mala szklarnia z poliweglanu,zielone szklarnie,2,0,0.0,0.0
2026-09-16,wymiary | poliwęglan 3х6,poliwęglan szklarnia 3x6,1,0,0.0,0.0
2026-09-16,wymiary | poliwęglan 3х6,szklarnia 3 na 6,2,0,0.0,0.0
2026-09-16,wymiary | poliwęglan 3х6,szklarnia 3x6,3,0,0.0,0.0
2026-09-16,wymiary | poliwęglan 3х6,szklarnia z poliweglanu 3x6,2,0,0.0,0.0
2026-09-16,wymiary | poliwęglan 3х6,szklarnia z poliwęglanu 3x6,15,1,0.42,0.0
2026-09-16,wymiary | poliwęglan 3х6,szklarnia z poliwęglanu 3x6 6mm,4,1,0.89,0.0
2026-09-16,wymiary | poliwęglan 3х6,szklarnia z poliwęglanu 3x6 producent,6,0,0.0,0.0
2026-09-16,wymiary | poliwęglan 3х6,szklarnia z poliwęglanu 3x6 producent 6mm,3,0,0.0,0.0
2026-09-16,wymiary | poliwęglan 3х6,szklarnia z poliwęglanu 3x6 promocja,5,0,0.0,0.0
2026-09-16,wymiary | poliwęglan 3х6,szklarnia z poliwęglanu 3x6 wyprzedaż,1,2,1.69,0.0
2026-09-16,wymiary | poliwęglan 3х6,szklarnie ogrodowe 3x6,1,0,0.0,0.0
2026-09-16,wymiary | poliwęglan 3х6,szklarnie z poliwęglanu 3x6,13,0,0.0,0.0
2026-09-16,wymiary | poliwęglan 3х6,tunel ogrodowy z poliwęglanu 3x6,2,2,0.28,0.0
2026-09-16,wymiary | poliwęglan 3х6,tunel poliwęglan 3x6,1,0,0.0,0.0
2026-09-16,wymiary | poliwęglan 3х6,tunel poliwęglanowy 3x6,2,0,0.0,0.0
2026-09-16,wymiary | poliwęglan 3х6,tunel z poliwęglanu 3x6m,2,1,0.73,0.0
2026-09-16,wymiary | poliwęglan 3х6,tunele z poliwęglanu 3x6,1,0,0.0,0.0
2026-09-16,wymiary | poliwęglan 3х4,1 kup pl,1,0,0.0,0.0
2026-09-16,wymiary | poliwęglan 3х4,agrinker,2,0,0.0,0.0
2026-09-16,wymiary | poliwęglan 3х4,cieplarki z poliwęglanu,1,0,0.0,0.0
2026-09-16,wymiary | poliwęglan 3х4,cieplarnia z poliwęglanu,1,0,0.0,0.0
2026-09-16,wymiary | poliwęglan 3х4,cultivo,4,0,0.0,0.0
2026-09-16,wymiary | poliwęglan 3х4,duża szklarnia ogrodowa,1,0,0.0,0.0
2026-09-16,wymiary | poliwęglan 3х4,mocna szklarnia pl,1,0,0.0,0.0
2026-09-16,wymiary | poliwęglan 3х4,mocna szklarnia z poliwęglanu,6,0,0.0,0.0
2026-09-16,wymiary | poliwęglan 3х4,mocny tunel ogrodowy,1,0,0.0,0.0
2026-09-16,wymiary | poliwęglan 3х4,modna szklarnia,1,0,0.0,0.0
2026-09-16,wymiary | poliwęglan 3х4,namiot na warzywa,1,0,0.0,0.0
2026-09-16,wymiary | poliwęglan 3х4,namiot ogrodniczy,1,0,0.0,0.0
2026-09-16,wymiary | poliwęglan 3х4,namiot szklarnia,1,0,0.0,0.0
2026-09-16,wymiary | poliwęglan 3х4,nowaszklarnia,3,0,0.0,0.0
2026-09-16,wymiary | poliwęglan 3х4,poliwęglan,2,0,0.0,0.0
2026-09-16,wymiary | poliwęglan 3х4,profi met,2,0,0.0,0.0
2026-09-16,wymiary | poliwęglan 3х4,profimet szklarnie,3,1,1.02,0.0
2026-09-16,wymiary | poliwęglan 3х4,szklarnia,15,1,0.51,0.0
2026-09-16,wymiary | poliwęglan 3х4,szklarnia 3x2,1,0,0.0,0.0
2026-09-16,wymiary | poliwęglan 3х4,szklarnia 3x4,3,0,0.0,0.0
2026-09-16,wymiary | poliwęglan 3х4,szklarnia 3x4 poliweglan,2,0,0.0,0.0
2026-09-16,wymiary | poliwęglan 3х4,szklarnia 4x4,1,0,0.0,0.0
2026-09-16,wymiary | poliwęglan 3х4,szklarnia 4x8,1,0,0.0,0.0
2026-09-16,wymiary | poliwęglan 3х4,szklarnia ogrodowa,3,0,0.0,0.0
2026-09-16,wymiary | poliwęglan 3х4,szklarnia ogrodowa 3x4 z poliwęglanu solid mocna,2,0,0.0,0.0
2026-09-16,wymiary | poliwęglan 3х4,szklarnia ogrodowa 3x8,1,0,0.0,0.0
2026-09-16,wymiary | poliwęglan 3х4,szklarnia ogrodowa z fundamentem,2,2,1.64,0.0
2026-09-16,wymiary | poliwęglan 3х4,szklarnia poliweglan 6mm,2,0,0.0,0.0
2026-09-16,wymiary | poliwęglan 3х4,szklarnia poliwęglan,1,0,0.0,0.0
2026-09-16,wymiary | poliwęglan 3х4,szklarnia poliwęglan 6 mm,3,0,0.0,0.0
2026-09-16,wymiary | poliwęglan 3х4,szklarnia przydomowa,2,0,0.0,0.0
2026-09-16,wymiary | poliwęglan 3х4,szklarnia tunel,1,0,0.0,0.0
2026-09-16,wymiary | poliwęglan 3х4,szklarnia tunel poliwęglan,1,0,0.0,0.0
2026-09-16,wymiary | poliwęglan 3х4,szklarnia z poliweglanu,1,0,0.0,0.0
2026-09-16,wymiary | poliwęglan 3х4,szklarnia z poliwęglanu 3x4,12,0,0.0,0.0
2026-09-16,wymiary | poliwęglan 3х4,szklarnia z poliwęglanu 3x4 6mm,3,0,0.0,0.0
2026-09-16,wymiary | poliwęglan 3х4,szklarnia z poliwęglanu 3x4 cena,1,0,0.0,0.0
2026-09-16,wymiary | poliwęglan 3х4,szklarnia z poliwęglanu 3x4 polski producent,4,0,0.0,0.0
2026-09-16,wymiary | poliwęglan 3х4,szklarnia z poliwęglanu 3x4 producent,5,1,1.46,0.0
2026-09-16,wymiary | poliwęglan 3х4,szklarnia z poliwęglanu 4x10,1,0,0.0,0.0
2026-09-16,wymiary | poliwęglan 3х4,szklarnia z poliwęglanu komorowego,1,0,0.0,0.0
2026-09-16,wymiary | poliwęglan 3х4,szklarnia z poliwęglanu wyprzedaż,1,0,0.0,0.0
2026-09-16,wymiary | poliwęglan 3х4,szklarnie,2,0,0.0,0.0
2026-09-16,wymiary | poliwęglan 3х4,szklarnie białystok,2,0,0.0,0.0
2026-09-16,wymiary | poliwęglan 3х4,szklarnie do ogrodu,1,1,0.11,0.0
2026-09-16,wymiary | poliwęglan 3х4,szklarnie ogrodowe,2,0,0.0,0.0
2026-09-16,wymiary | poliwęglan 3х4,szklarnie ogrodowe wyprzedaż,2,0,0.0,0.0
2026-09-16,wymiary | poliwęglan 3х4,szklarnie poliwęglanowe,1,0,0.0,0.0
2026-09-16,wymiary | poliwęglan 3х4,szklarnie z poliwęglanu,29,3,2.54,0.0
2026-09-16,wymiary | poliwęglan 3х4,szklarnie z poliwęglanu 3x4,7,0,0.0,0.0
2026-09-16,wymiary | poliwęglan 3х4,szklarnie z poliwęglanu polski producent,1,0,0.0,0.0
2026-09-16,wymiary | poliwęglan 3х4,tanie szklarnie z poliwęglanu,1,0,0.0,0.0
2026-09-16,wymiary | poliwęglan 3х4,tunel 3 x 2,1,1,0.26,0.0
2026-09-16,wymiary | poliwęglan 3х4,tunel 3x4,2,0,0.0,0.0
2026-09-16,wymiary | poliwęglan 3х4,tunel na działkę,3,1,0.34,0.0
2026-09-16,wymiary | poliwęglan 3х4,tunel na pomidory,7,0,0.0,0.0
2026-09-16,wymiary | poliwęglan 3х4,tunel na warzywa,1,0,0.0,0.0
2026-09-16,wymiary | poliwęglan 3х4,tunel ogrodniczy,2,0,0.0,0.0
2026-09-16,wymiary | poliwęglan 3х4,tunel ogrodowy,32,1,0.19,0.0
2026-09-16,wymiary | poliwęglan 3х4,tunel ogrodowy 3x6,2,0,0.0,0.0
2026-09-16,wymiary | poliwęglan 3х4,tunel ogrodowy mocny,1,0,0.0,0.0
2026-09-16,wymiary | poliwęglan 3х4,tunel ogrodowy wyprzedaż,5,1,0.22,0.0
2026-09-16,wymiary | poliwęglan 3х4,tunel poliwęglan,1,0,0.0,0.0
2026-09-16,wymiary | poliwęglan 3х4,tunel poliwęglan 3x4,1,0,0.0,0.0
2026-09-16,wymiary | poliwęglan 3х4,tunel poliwęglanowy,4,0,0.0,0.0
2026-09-16,wymiary | poliwęglan 3х4,tunel warzywny,1,0,0.0,0.0
2026-09-16,wymiary | poliwęglan 3х4,tunel z poliweglanu,4,0,0.0,0.0
2026-09-16,wymiary | poliwęglan 3х4,tunel z poliwęglanu,3,0,0.0,0.0
2026-09-16,wymiary | poliwęglan 3х4,tunel z poliwęglanu 3x4,3,1,0.56,0.0
2026-09-16,wymiary | poliwęglan 3х4,tunele i szklarnie ogrodowe,5,0,0.0,0.0
2026-09-16,wymiary | poliwęglan 3х4,tunele na pomidory,2,0,0.0,0.0
2026-09-16,wymiary | poliwęglan 3х4,tunele na warzywa,1,0,0.0,0.0
2026-09-16,wymiary | poliwęglan 3х4,tunele ogrodnicze,3,0,0.0,0.0
2026-09-16,wymiary | poliwęglan 3х4,tunele ogrodowe,3,0,0.0,0.0
2026-09-16,namioty z poliwęglanu,namiot ogrodniczy z poliwęglanu,5,1,0.23,0.0
2026-09-16,namioty z poliwęglanu,namiot z poliweglanu,2,0,0.0,0.0
2026-09-16,namioty z poliwęglanu,namiot z poliwęglanu,4,1,1.13,0.0
2026-09-16,namioty z poliwęglanu,namioty poliwęglanowe,2,1,0.36,0.0
2026-09-16,namioty z poliwęglanu,namioty z poliwęglanu,2,0,0.0,0.0
2026-09-16,szklarnie z poliwęglanu [exact],szklarnia z poliwęglanu,92,2,0.59,0.0
2026-09-16,szklarnie z poliwęglanu [exact],szklarnie poliweglanowe,1,0,0.0,0.0
2026-09-16,szklarnie z poliwęglanu [phrase],mocna szklarnia z poliwęglanu,7,2,0.27,0.0
2026-09-16,szklarnie z poliwęglanu [phrase],nowaszklarnia,3,0,0.0,0.0
2026-09-16,szklarnie z poliwęglanu [phrase],poli szklarnia,2,0,0.0,0.0
2026-09-16,szklarnie z poliwęglanu [phrase],poligreen szklarnie,2,0,0.0,0.0
2026-09-16,szklarnie z poliwęglanu [phrase],poliszklarnie,1,0,0.0,0.0
2026-09-16,szklarnie z poliwęglanu [phrase],polskie szklarnie z poliwęglanu,4,0,0.0,0.0
2026-09-16,szklarnie z poliwęglanu [phrase],profi met,2,1,1.41,0.0
2026-09-16,szklarnie z poliwęglanu [phrase],profimet,6,0,0.0,0.0
2026-09-16,szklarnie z poliwęglanu [phrase],profimet producent szklarni ogrodowych z poliwęglanu,4,1,0.67,0.0
2026-09-16,szklarnie z poliwęglanu [phrase],profimet szklarnie,12,5,6.24,1.0
2026-09-16,szklarnie z poliwęglanu [phrase],profimet szklarnie z poliwęglanu,2,3,3.69,0.0
2026-09-16,szklarnie z poliwęglanu [phrase],szklarnia gt mocna,1,0,0.0,0.0
2026-09-16,szklarnie z poliwęglanu [phrase],szklarnia mocna lux,1,0,0.0,0.0
2026-09-16,szklarnie z poliwęglanu [phrase],szklarnia ogrodowa,1,0,0.0,0.0
2026-09-16,szklarnie z poliwęglanu [phrase],szklarnia ogrodowa z poliwęglanu,1,0,0.0,0.0
2026-09-16,szklarnie z poliwęglanu [phrase],szklarnia poliweglan 6mm,1,0,0.0,0.0
2026-09-16,szklarnie z poliwęglanu [phrase],szklarnia poliwęglan,1,0,0.0,0.0
2026-09-16,szklarnie z poliwęglanu [phrase],szklarnia poliwęglan 4x8,1,0,0.0,0.0
2026-09-16,szklarnie z poliwęglanu [phrase],szklarnia poliwęglan 6 mm,2,0,0.0,0.0
2026-09-16,szklarnie z poliwęglanu [phrase],szklarnia poliwęglan na wymiar,1,0,0.0,0.0
2026-09-16,szklarnie z poliwęglanu [phrase],szklarnia profimet,2,1,1.48,0.0
2026-09-16,szklarnie z poliwęglanu [phrase],szklarnia z poliweglanu,3,1,0.47,0.0
2026-09-16,szklarnie z poliwęglanu [phrase],szklarnia z poliwęglanu 2.5 x4,1,0,0.0,0.0
2026-09-16,szklarnie z poliwęglanu [phrase],szklarnia z poliwęglanu 3 x 8,1,0,0.0,0.0
2026-09-16,szklarnie z poliwęglanu [phrase],szklarnia z poliwęglanu 3x6 promocja,1,0,0.0,0.0
2026-09-16,szklarnie z poliwęglanu [phrase],szklarnia z poliwęglanu 3x8 producent,1,0,0.0,0.0
2026-09-16,szklarnie z poliwęglanu [phrase],szklarnia z poliwęglanu 6mm,1,0,0.0,0.0
2026-09-16,szklarnie z poliwęglanu [phrase],szklarnia z poliwęglanu 6x3,1,0,0.0,0.0
2026-09-16,szklarnie z poliwęglanu [phrase],szklarnia z poliwęglanu komorowego,3,0,0.0,0.0
2026-09-16,szklarnie z poliwęglanu [phrase],szklarnia z poliwęglanu na wymiar,2,1,0.37,0.0
2026-09-16,szklarnie z poliwęglanu [phrase],szklarnia z poliwęglanu profimet,2,1,0.45,0.0
2026-09-16,szklarnie z poliwęglanu [phrase],szklarnia z poliwęglanu wyprzedaż,4,0,0.0,0.0
2026-09-16,szklarnie z poliwęglanu [phrase],szklarnia z poliwęglanu z fundamentem,1,0,0.0,0.0
2026-09-16,szklarnie z poliwęglanu [phrase],szklarnie ogrodowe,1,1,0.16,0.0
2026-09-16,szklarnie z poliwęglanu [phrase],szklarnie ogrodowe z poliwęglanu,6,2,1.07,0.0
2026-09-16,szklarnie z poliwęglanu [phrase],szklarnie poliwęglan,1,1,0.94,0.0
2026-09-16,szklarnie z poliwęglanu [phrase],szklarnie poliwęglanowe,1,0,0.0,0.0
2026-09-16,szklarnie z poliwęglanu [phrase],szklarnie poliwęglanu,1,0,0.0,0.0
2026-09-16,szklarnie z poliwęglanu [phrase],szklarnie profimet,4,1,1.52,0.0
2026-09-16,szklarnie z poliwęglanu [phrase],szklarnie z poliweglanu,1,1,0.24,0.0
2026-09-16,szklarnie z poliwęglanu [phrase],szklarnie z poliwęglanu polski producent,1,1,0.59,0.0
2026-09-16,szklarnie z poliwęglanu [phrase],tanie szklarnie z poliwęglanu,2,0,0.0,0.0
2026-09-16,szklarnie z poliwęglanu [phrase],tunel poliwęglan,1,0,0.0,0.0
2026-09-16,szklarnie z poliwęglanu [phrase],tunel z poliwęglanu profimet,2,1,1.45,0.0
2026-09-16,szklarnie z poliwęglanu producent,profimet szklarnie z poliwęglanu,1,0,0.0,0.0
2026-09-16,tunele z poliwęglanu,cieplarki z poliwęglanu,1,0,0.0,0.0
2026-09-16,tunele z poliwęglanu,tunel ogrodowy z poliwęglanu,5,0,0.0,0.0
2026-09-16,tunele z poliwęglanu,tunel poliweglan,2,0,0.0,0.0
2026-09-16,tunele z poliwęglanu,tunel poliwęglan,3,0,0.0,0.0
2026-09-16,tunele z poliwęglanu,tunel poliwęglanowy,3,1,0.68,0.0
2026-09-16,tunele z poliwęglanu,tunel z poliweglanu,2,0,0.0,0.0
2026-09-16,tunele z poliwęglanu,tunel z poliwęglanu,3,1,1.66,0.0
2026-09-16,tunele z poliwęglanu,tunele ogrodnicze z poliwęglanu,7,2,4.65,1.0
2026-09-16,tunele z poliwęglanu,tunele ogrodowe poliwęglanowe,2,0,0.0,0.0
2026-09-16,tunele z poliwęglanu,tunele ogrodowe z poliwęglanu,2,1,0.29,0.0
2026-09-16,tunele z poliwęglanu,tunele poliwęglanowe,1,0,0.0,0.0
2026-09-16,tunele z poliwęglanu,tunele z poliwęglanu,10,1,0.37,0.0
2026-09-16,wymiary | poliwęglan 4х6,1 kup pl,1,0,0.0,0.0
2026-09-16,wymiary | poliwęglan 4х6,alistan,1,0,0.0,0.0
2026-09-16,wymiary | poliwęglan 4х6,cieplarnie,1,0,0.0,0.0
2026-09-16,wymiary | poliwęglan 4х6,duzy tunel ogrodowy,2,1,0.15,0.0
2026-09-16,wymiary | poliwęglan 4х6,farmer tunele,1,0,0.0,0.0
2026-09-16,wymiary | poliwęglan 4х6,gotowe szklarnie,1,0,0.0,0.0
2026-09-16,wymiary | poliwęglan 4х6,ile kosztuje szklarnia z poliwęglanu,2,1,0.51,0.0
2026-09-16,wymiary | poliwęglan 4х6,merkury market szklarnia,1,0,0.0,0.0
2026-09-16,wymiary | poliwęglan 4х6,mocna szklarnia,2,0,0.0,0.0
2026-09-16,wymiary | poliwęglan 4х6,mocna szklarnia pl,1,1,0.75,0.0
2026-09-16,wymiary | poliwęglan 4х6,mocna szklarnia z poliwęglanu,1,0,0.0,0.0
2026-09-16,wymiary | poliwęglan 4х6,namiot szklarnia,1,0,0.0,0.0
2026-09-16,wymiary | poliwęglan 4х6,namiot szklarniowy,1,0,0.0,0.0
2026-09-16,wymiary | poliwęglan 4х6,nowaszklarnia,3,0,0.0,0.0
2026-09-16,wymiary | poliwęglan 4х6,okragla szklarnia ogrodowa,1,0,0.0,0.0
2026-09-16,wymiary | poliwęglan 4х6,poligreen,5,1,1.39,0.0
2026-09-16,wymiary | poliwęglan 4х6,poliszklarnie,2,0,0.0,0.0
2026-09-16,wymiary | poliwęglan 4х6,poliweglan,1,0,0.0,0.0
2026-09-16,wymiary | poliwęglan 4х6,poliwęglan,6,1,1.62,0.0
2026-09-16,wymiary | poliwęglan 4х6,poliwęglan 3x6,1,0,0.0,0.0
2026-09-16,wymiary | poliwęglan 4х6,poliwęglan szklarniowy,2,0,0.0,0.0
2026-09-16,wymiary | poliwęglan 4х6,polska szklarnia,1,0,0.0,0.0
2026-09-16,wymiary | poliwęglan 4х6,polska szklarnia eu,1,0,0.0,0.0
2026-09-16,wymiary | poliwęglan 4х6,profimet,2,1,1.61,0.0
2026-09-16,wymiary | poliwęglan 4х6,profimet szklarnie,1,0,0.0,0.0
2026-09-16,wymiary | poliwęglan 4х6,profimet warszawa,1,0,0.0,0.0
2026-09-16,wymiary | poliwęglan 4х6,rolnik szklarnia,1,0,0.0,0.0
2026-09-16,wymiary | poliwęglan 4х6,szklarnia,11,0,0.0,0.0
2026-09-16,wymiary | poliwęglan 4х6,szklarnia 4x6 poliwęglan,2,0,0.0,0.0
2026-09-16,wymiary | poliwęglan 4х6,szklarnia 6x3,1,0,0.0,0.0
2026-09-16,wymiary | poliwęglan 4х6,szklarnia całoroczna,1,0,0.0,0.0
2026-09-16,wymiary | poliwęglan 4х6,szklarnia ogrodowa,2,0,0.0,0.0
2026-09-16,wymiary | poliwęglan 4х6,szklarnia ogrodowa 4x6,1,0,0.0,0.0
2026-09-16,wymiary | poliwęglan 4х6,szklarnia ogrodowa z poliwęglanu,1,0,0.0,0.0
2026-09-16,wymiary | poliwęglan 4х6,szklarnia pl,2,0,0.0,0.0
2026-09-16,wymiary | poliwęglan 4х6,szklarnia poliweglanowa,1,0,0.0,0.0
2026-09-16,wymiary | poliwęglan 4х6,szklarnia poliwęglan 4x8,2,0,0.0,0.0
2026-09-16,wymiary | poliwęglan 4х6,szklarnia tunel,2,0,0.0,0.0
2026-09-16,wymiary | poliwęglan 4х6,szklarnia z poliweglanu,1,0,0.0,0.0
2026-09-16,wymiary | poliwęglan 4х6,szklarnia z poliwęglanu 4x6,4,0,0.0,0.0
2026-09-16,wymiary | poliwęglan 4х6,szklarnia z poliwęglanu wyprzedaż,1,0,0.0,0.0
2026-09-16,wymiary | poliwęglan 4х6,szklarnie,5,0,0.0,0.0
2026-09-16,wymiary | poliwęglan 4х6,szklarnie ogrodowe wyprzedaż,1,0,0.0,0.0
2026-09-16,wymiary | poliwęglan 4х6,szklarnie z poliwęglanu,22,3,2.44,0.0
2026-09-16,wymiary | poliwęglan 4х6,szklarnie z poliwęglanu 4x6,1,0,0.0,0.0
2026-09-16,wymiary | poliwęglan 4х6,tig szklarnie,1,0,0.0,0.0
2026-09-16,wymiary | poliwęglan 4х6,tunel 4x6,1,0,0.0,0.0
2026-09-16,wymiary | poliwęglan 4х6,tunel ogrodowy,16,0,0.0,0.0
2026-09-16,wymiary | poliwęglan 4х6,tunel ogrodowy 3x6,2,0,0.0,0.0
2026-09-16,wymiary | poliwęglan 4х6,tunel ogrodowy 4x6,3,0,0.0,0.0
2026-09-16,wymiary | poliwęglan 4х6,tunel ogrodowy 6x3,1,0,0.0,0.0
2026-09-16,wymiary | poliwęglan 4х6,tunel ogrodowy wyprzedaż,1,0,0.0,0.0
2026-09-16,wymiary | poliwęglan 4х6,tunele ogrodowe,1,0,0.0,0.0
2026-09-16,wymiary | poliwęglan 4х8,szklarnia z poliwęglanu 4x8,2,1,0.51,0.0
2026-09-16,wymiary | poliwęglan 4х8,szklarnie z poliwęglanu 4x8,2,0,0.0,0.0
2026-09-16,wymiary | poliwęglan 4х8,tunel z poliwęglanu 4x8,1,0,0.0,0.0
2026-09-16,wymiary | poliwęglan 2х4,poliwęglan,2,0,0.0,0.0
2026-09-16,wymiary | poliwęglan 2х4,profimet warszawa,1,0,0.0,0.0
2026-09-16,wymiary | poliwęglan 2х4,szklarnia 2x4,2,0,0.0,0.0
2026-09-16,wymiary | poliwęglan 2х4,szklarnia 4x2,3,1,0.41,0.0
2026-09-16,wymiary | poliwęglan 2х4,szklarnia z poliwęglanu 2 5x4,1,0,0.0,0.0
2026-09-16,wymiary | poliwęglan 2х4,szklarnia z poliwęglanu 2x4,9,0,0.0,0.0
2026-09-16,wymiary | poliwęglan 2х4,tunel ogrodowy 2x4,1,0,0.0,0.0
2026-09-16,mala szklarnia z poliweglanu,1 kup pl,2,1,0.77,0.0
2026-09-16,mala szklarnia z poliweglanu,cieplarnie com,1,0,0.0,0.0
2026-09-16,mala szklarnia z poliweglanu,cultivo,5,0,0.0,0.0
2026-09-16,mala szklarnia z poliweglanu,firma farmer,2,0,0.0,0.0
2026-09-16,mala szklarnia z poliweglanu,gęstość poliwęglanu,1,0,0.0,0.0
2026-09-16,mala szklarnia z poliweglanu,mam szklarnie,2,0,0.0,0.0
2026-09-16,mala szklarnia z poliweglanu,mała szklarnia,3,0,0.0,0.0
2026-09-16,mala szklarnia z poliweglanu,małe szklarnie,3,0,0.0,0.0
2026-09-16,mala szklarnia z poliweglanu,małe szklarnie ogrodowe z poliwęglanu,1,0,0.0,0.0
2026-09-16,mala szklarnia z poliweglanu,merkury market szklarnia,1,0,0.0,0.0
2026-09-16,mala szklarnia z poliweglanu,oteko,1,0,0.0,0.0
2026-09-16,mala szklarnia z poliweglanu,poligreen,2,0,0.0,0.0
2026-09-16,mala szklarnia z poliweglanu,polska szklarnia eu,1,0,0.0,0.0
2026-09-16,mala szklarnia z poliweglanu,polski producent szklarni,1,0,0.0,0.0
2026-09-16,mala szklarnia z poliweglanu,producent szklarni ogrodowych,2,0,0.0,0.0
2026-09-16,mala szklarnia z poliweglanu,profimet,4,1,0.08,0.0
2026-09-16,mala szklarnia z poliweglanu,profimet poznań,1,0,0.0,0.0
2026-09-16,mala szklarnia z poliweglanu,profimet szklarnie,5,4,3.51,0.0
2026-09-16,mala szklarnia z poliweglanu,szklarnia 2x2 5,3,0,0.0,0.0
2026-09-16,mala szklarnia z poliweglanu,szklarnia ogrodowa,1,0,0.0,0.0
2026-09-16,mala szklarnia z poliweglanu,szklarnia ogrodowa 2x3m,1,0,0.0,0.0
2026-09-16,mala szklarnia z poliweglanu,szklarnia poliwęglan 3x8,1,0,0.0,0.0
2026-09-16,mala szklarnia z poliweglanu,szklarnia profimet mocna opinię,2,1,0.74,0.0
2026-09-16,mala szklarnia z poliweglanu,szklarnia z palet,1,0,0.0,0.0
2026-09-16,mala szklarnia z poliweglanu,szklarnia z poliwęglanu 2.5 x4,1,0,0.0,0.0
2026-09-16,mala szklarnia z poliweglanu,szklarnia z poliwęglanu 2x2,1,0,0.0,0.0
2026-09-16,mala szklarnia z poliweglanu,szklarnie modułowe zambrów,2,0,0.0,0.0
2026-09-16,mala szklarnia z poliweglanu,szklarnie ogrodowe,1,0,0.0,0.0
2026-09-16,mala szklarnia z poliweglanu,szklarnie ogrodowe wyprzedaż,2,0,0.0,0.0
2026-09-16,mala szklarnia z poliweglanu,szklarnie wrocław,2,1,0.25,0.0
2026-09-16,mala szklarnia z poliweglanu,tunel ogrodowy 2 3,1,0,0.0,0.0
2026-09-16,mala szklarnia z poliweglanu,tunele i szklarnie ogrodowe,1,0,0.0,0.0
2026-09-17,wymiary | poliwęglan 3х6,ile kosztuje szklarnia z poliwęglanu 3 x 6,1,0,0.0,0.0
2026-09-17,wymiary | poliwęglan 3х6,namiot z poliwęglanu 3x6,1,0,0.0,0.0
2026-09-17,wymiary | poliwęglan 3х6,szklarnia 3 x 6,1,0,0.0,0.0
2026-09-17,wymiary | poliwęglan 3х6,szklarnia 3x6,3,0,0.0,0.0
2026-09-17,wymiary | poliwęglan 3х6,szklarnia 3x6 poliwęglan 6mm,1,1,0.68,0.0
2026-09-17,wymiary | poliwęglan 3х6,szklarnia ogrodowa z poliwęglanu 3x6,2,0,0.0,0.0
2026-09-17,wymiary | poliwęglan 3х6,szklarnia poliwęglan 3x6,9,0,0.0,0.0
2026-09-17,wymiary | poliwęglan 3х6,szklarnia poliwęglanowa 3 x 6,3,0,0.0,0.0
2026-09-17,wymiary | poliwęglan 3х6,szklarnia z poliweglanu 3x6,3,1,0.25,0.0
2026-09-17,wymiary | poliwęglan 3х6,szklarnia z poliwęglanu 3 x 6 m,1,0,0.0,0.0
2026-09-17,wymiary | poliwęglan 3х6,szklarnia z poliwęglanu 3x6,21,0,0.0,0.0
2026-09-17,wymiary | poliwęglan 3х6,szklarnia z poliwęglanu 3x6 6mm,5,1,0.54,0.0
2026-09-17,wymiary | poliwęglan 3х6,szklarnia z poliwęglanu 3x6 producent,9,2,1.72,0.0
2026-09-17,wymiary | poliwęglan 3х6,szklarnia z poliwęglanu 3x6 producent 6mm,3,0,0.0,0.0
2026-09-17,wymiary | poliwęglan 3х6,szklarnia z poliwęglanu 3x6 promocja,15,3,1.24,0.0
2026-09-17,wymiary | poliwęglan 3х6,szklarnia z poliwęglanu 3x6 wyprzedaż,2,0,0.0,0.0
2026-09-17,wymiary | poliwęglan 3х6,szklarnie z poliwęglanu 3x6,1,0,0.0,0.0
2026-09-17,wymiary | poliwęglan 3х6,tunel poliwęglanowy 3x6,2,0,0.0,0.0
2026-09-17,wymiary | poliwęglan 3х6,tunel z poliwęglanu 3 x 6,1,0,0.0,0.0
2026-09-17,wymiary | poliwęglan 3х6,tunel z poliwęglanu 3x6,3,0,0.0,0.0
2026-09-17,wymiary | poliwęglan 3х6,tunel z poliwęglanu 3x6 producent,2,0,0.0,0.0
2026-09-17,wymiary | poliwęglan 3х6,tunel z poliwęglanu 3x6m,7,1,0.54,0.0
2026-09-17,wymiary | poliwęglan 3х6,tunele z poliwęglanu 3x6,3,0,0.0,0.0
2026-09-17,wymiary | poliwęglan 3х4,cieplarnia z poliwęglanu,1,0,0.0,0.0
2026-09-17,wymiary | poliwęglan 3х4,cultivo,1,0,0.0,0.0
2026-09-17,wymiary | poliwęglan 3х4,greenhouse,1,0,0.0,0.0
2026-09-17,wymiary | poliwęglan 3х4,greenhouse szklarnie,1,1,0.74,0.0
2026-09-17,wymiary | poliwęglan 3х4,ile kosztuje szklarnia z poliwęglanu,2,0,0.0,0.0
2026-09-17,wymiary | poliwęglan 3х4,infouprawa szklarnia,1,0,0.0,0.0
2026-09-17,wymiary | poliwęglan 3х4,jaką szklarnię wybrać,1,0,0.0,0.0
2026-09-17,wymiary | poliwęglan 3х4,klasika,1,0,0.0,0.0
2026-09-17,wymiary | poliwęglan 3х4,mam szklarnie,1,0,0.0,0.0
2026-09-17,wymiary | poliwęglan 3х4,mocne szklarnie,3,0,0.0,0.0
2026-09-17,wymiary | poliwęglan 3х4,modna szklarnia pl,1,0,0.0,0.0
2026-09-17,wymiary | poliwęglan 3х4,namiot na pomidory 3x4,1,0,0.0,0.0
2026-09-17,wymiary | poliwęglan 3х4,namiot na warzywa,1,0,0.0,0.0
2026-09-17,wymiary | poliwęglan 3х4,namiot na warzywa z poliwęglanu,1,0,0.0,0.0
2026-09-17,wymiary | poliwęglan 3х4,namiot ogrodniczy,2,0,0.0,0.0
2026-09-17,wymiary | poliwęglan 3х4,namiot ogrodniczy z poliwęglanu,1,0,0.0,0.0
2026-09-17,wymiary | poliwęglan 3х4,namiot pod warzywa,1,0,0.0,0.0
2026-09-17,wymiary | poliwęglan 3х4,namiot szklarnia,1,0,0.0,0.0
2026-09-17,wymiary | poliwęglan 3х4,namiot szklarniowy,1,0,0.0,0.0
2026-09-17,wymiary | poliwęglan 3х4,namiot warzywny z poliwęglanu,1,0,0.0,0.0
2026-09-17,wymiary | poliwęglan 3х4,nasze szklarnie,1,0,0.0,0.0
2026-09-17,wymiary | poliwęglan 3х4,okrągła szklarnia,1,0,0.0,0.0
2026-09-17,wymiary | poliwęglan 3х4,oteko,1,0,0.0,0.0
2026-09-17,wymiary | poliwęglan 3х4,oteko poliwęglan,2,0,0.0,0.0
2026-09-17,wymiary | poliwęglan 3х4,polecane szklarnie z poliwęglanu,1,0,0.0,0.0
2026-09-17,wymiary | poliwęglan 3х4,poligreen,3,0,0.0,0.0
2026-09-17,wymiary | poliwęglan 3х4,poliwęglan,4,0,0.0,0.0
2026-09-17,wymiary | poliwęglan 3х4,poliwęglan szklarniowy,1,0,0.0,0.0
2026-09-17,wymiary | poliwęglan 3х4,polska szklarnia,1,0,0.0,0.0
2026-09-17,wymiary | poliwęglan 3х4,producent szklarni z poliwęglanu małopolska,1,0,0.0,0.0
2026-09-17,wymiary | poliwęglan 3х4,profi met,2,0,0.0,0.0
2026-09-17,wymiary | poliwęglan 3х4,profimet szklarnie kontakt,4,1,6.41,0.0
2026-09-17,wymiary | poliwęglan 3х4,szklarenka,1,1,0.09,0.0
2026-09-17,wymiary | poliwęglan 3х4,szklarnia,12,0,0.0,0.0
2026-09-17,wymiary | poliwęglan 3х4,szklarnia 3x4,3,0,0.0,0.0
2026-09-17,wymiary | poliwęglan 3х4,szklarnia ile kosztuje,1,0,0.0,0.0
2026-09-17,wymiary | poliwęglan 3х4,szklarnia na pomidory,3,0,0.0,0.0
2026-09-17,wymiary | poliwęglan 3х4,szklarnia na warzywa,1,0,0.0,0.0
2026-09-17,wymiary | poliwęglan 3х4,szklarnia ogrodowa,12,0,0.0,0.0
2026-09-17,wymiary | poliwęglan 3х4,szklarnia ogrodowa 2x6,2,0,0.0,0.0
2026-09-17,wymiary | poliwęglan 3х4,szklarnia ogrodowa 3x4 z poliwęglanu solid mocna,3,0,0.0,0.0
2026-09-17,wymiary | poliwęglan 3х4,szklarnia ogrodowa poliwęglan,2,0,0.0,0.0
2026-09-17,wymiary | poliwęglan 3х4,szklarnia ogrodowa wyprzedaż,1,0,0.0,0.0
2026-09-17,wymiary | poliwęglan 3х4,szklarnia ogrodowa z poliwęglanu,4,0,0.0,0.0
2026-09-17,wymiary | poliwęglan 3х4,szklarnia poliwęglan 3x4,2,0,0.0,0.0
2026-09-17,wymiary | poliwęglan 3х4,szklarnia poliwęglanowa,1,0,0.0,0.0
2026-09-17,wymiary | poliwęglan 3х4,szklarnia poliwęglanowa 3x4,1,0,0.0,0.0
2026-09-17,wymiary | poliwęglan 3х4,szklarnia poliwęglanu,5,0,0.0,0.0
2026-09-17,wymiary | poliwęglan 3х4,szklarnia z montazem,1,1,0.19,0.0
2026-09-17,wymiary | poliwęglan 3х4,szklarnia z poliweglanu,1,0,0.0,0.0
2026-09-17,wymiary | poliwęglan 3х4,szklarnia z poliwęglanu 3 x 4,1,0,0.0,0.0
2026-09-17,wymiary | poliwęglan 3х4,szklarnia z poliwęglanu 3x12,2,0,0.0,0.0
2026-09-17,wymiary | poliwęglan 3х4,szklarnia z poliwęglanu 3x4,11,0,0.0,0.0
2026-09-17,wymiary | poliwęglan 3х4,szklarnia z poliwęglanu 3x4 6mm,2,0,0.0,0.0
2026-09-17,wymiary | poliwęglan 3х4,szklarnia z poliwęglanu 3x4 cena,2,1,1.92,0.0
2026-09-17,wymiary | poliwęglan 3х4,szklarnia z poliwęglanu 3x4 polski producent,1,2,0.66,0.0
2026-09-17,wymiary | poliwęglan 3х4,szklarnia z poliwęglanu 3x4 producent,8,0,0.0,0.0
2026-09-17,wymiary | poliwęglan 3х4,szklarnia z poliwęglanu 3x6 producent,2,0,0.0,0.0
2026-09-17,wymiary | poliwęglan 3х4,szklarnia z poliwęglanu cena,1,0,0.0,0.0
2026-09-17,wymiary | poliwęglan 3х4,szklarnia z poliwęglanu wyprzedaż,1,0,0.0,0.0
2026-09-17,wymiary | poliwęglan 3х4,szklarnia zimowa,2,0,0.0,0.0
2026-09-17,wymiary | poliwęglan 3х4,szklarnie,1,0,0.0,0.0
2026-09-17,wymiary | poliwęglan 3х4,szklarnie całoroczne,1,0,0.0,0.0
2026-09-17,wymiary | poliwęglan 3х4,szklarnie na wymiar,1,0,0.0,0.0
2026-09-17,wymiary | poliwęglan 3х4,szklarnie ogrodowe szczecin,2,1,0.55,0.0
2026-09-17,wymiary | poliwęglan 3х4,szklarnie ogrodowe wyprzedaż,2,0,0.0,0.0
2026-09-17,wymiary | poliwęglan 3х4,szklarnie poliwęglanowe,2,0,0.0,0.0
2026-09-17,wymiary | poliwęglan 3х4,szklarnie przydomowe,1,0,0.0,0.0
2026-09-17,wymiary | poliwęglan 3х4,szklarnie wrocław,2,1,1.06,0.0
2026-09-17,wymiary | poliwęglan 3х4,szklarnie z poliwęglanu,24,0,0.0,0.0
2026-09-17,wymiary | poliwęglan 3х4,szklarnie z poliwęglanu 3x4,8,0,0.0,0.0
2026-09-17,wymiary | poliwęglan 3х4,szklarnie zambrów,2,0,0.0,0.0
2026-09-17,wymiary | poliwęglan 3х4,szklarnie łódź,1,0,0.0,0.0
2026-09-17,wymiary | poliwęglan 3х4,tomato greenhouse,1,0,0.0,0.0
2026-09-17,wymiary | poliwęglan 3х4,tunel na warzywa,1,1,0.11,0.0
2026-09-17,wymiary | poliwęglan 3х4,tunel na warzywa z poliwęglanu,1,1,0.51,0.0
2026-09-17,wymiary | poliwęglan 3х4,tunel ogrodniczy z poliwęglanu,1,0,0.0,0.0
2026-09-17,wymiary | poliwęglan 3х4,tunel ogrodowy,44,2,0.52,0.0
2026-09-17,wymiary | poliwęglan 3х4,tunel ogrodowy 3x4,9,0,0.0,0.0
2026-09-17,wymiary | poliwęglan 3х4,tunel ogrodowy 3x6,6,0,0.0,0.0
2026-09-17,wymiary | poliwęglan 3х4,tunel ogrodowy 8x3,1,0,0.0,0.0
2026-09-17,wymiary | poliwęglan 3х4,tunel ogrodowy mocny,2,0,0.0,0.0
2026-09-17,wymiary | poliwęglan 3х4,tunel ogrodowy wyprzedaż,6,0,0.0,0.0
2026-09-17,wymiary | poliwęglan 3х4,tunel ogrodowy z poliweglanu,1,0,0.0,0.0
2026-09-17,wymiary | poliwęglan 3х4,tunel ogrodowy z poliwęglanu,7,0,0.0,0.0
2026-09-17,wymiary | poliwęglan 3х4,tunel poliweglan,1,0,0.0,0.0
2026-09-17,wymiary | poliwęglan 3х4,tunel poliwęglan,4,0,0.0,0.0
2026-09-17,wymiary | poliwęglan 3х4,tunel poliwęglanowy,1,0,0.0,0.0
2026-09-17,wymiary | poliwęglan 3х4,tunel poliwęglanu,1,0,0.0,0.0
2026-09-17,wymiary | poliwęglan 3х4,tunel szklarnia,1,0,0.0,0.0
2026-09-17,wymiary | poliwęglan 3х4,tunel z poliwęglanu,3,0,0.0,0.0
2026-09-17,wymiary | poliwęglan 3х4,tunel z poliwęglanu 3x4,1,0,0.0,0.0
2026-09-17,wymiary | poliwęglan 3х4,tunele na warzywa,2,0,0.0,0.0
2026-09-17,wymiary | poliwęglan 3х4,tunele ogrodnicze,2,0,0.0,0.0
2026-09-17,wymiary | poliwęglan 3х4,tunele ogrodowe,5,1,0.23,0.0
2026-09-17,wymiary | poliwęglan 3х4,tunele ogrodowe cena,1,0,0.0,0.0
2026-09-17,wymiary | poliwęglan 3х4,tunele pod pomidory,2,0,0.0,0.0
2026-09-17,wymiary | poliwęglan 3х4,tunele z poliwęglanu 3 x 4,7,1,0.26,0.0
2026-09-17,wymiary | poliwęglan 3х4,z poliwęglanu,1,0,0.0,0.0
2026-09-17,wymiary | poliwęglan 3х4,zielone szklarnie pl,1,0,0.0,0.0
2026-09-17,wymiary | poliwęglan 3х8,tunel z poliwęglanu 3x8,3,0,0.0,0.0
2026-09-17,namioty z poliwęglanu,namiot na warzywa z poliwęglanu,1,0,0.0,0.0
2026-09-17,namioty z poliwęglanu,namiot ogrodniczy z poliwęglanu,1,0,0.0,0.0
2026-09-17,namioty z poliwęglanu,namiot warzywny z poliwęglanu,3,1,0.48,0.0
2026-09-17,namioty z poliwęglanu,namiot z poliwęglanu,2,0,0.0,0.0
2026-09-17,namioty z poliwęglanu,namioty z poliwęglanu,4,0,0.0,0.0
2026-09-17,szklarnie z poliwęglanu [exact],szklarnia z poliwęglanu,81,3,1.68,0.0
2026-09-17,szklarnie z poliwęglanu [phrase],jakiej firmy szklarnia z poliwęglanu,1,0,0.0,0.0
2026-09-17,szklarnie z poliwęglanu [phrase],mała szklarnia z poliwęglanu,1,0,0.0,0.0
2026-09-17,szklarnie z poliwęglanu [phrase],najlepsze szklarnie z poliwęglanu,2,0,0.0,0.0
2026-09-17,szklarnie z poliwęglanu [phrase],polecane szklarnie z poliwęglanu,1,1,0.44,0.0
2026-09-17,szklarnie z poliwęglanu [phrase],poligreen szklarnie,1,0,0.0,0.0
2026-09-17,szklarnie z poliwęglanu [phrase],poliszklarnie,1,0,0.0,0.0
2026-09-17,szklarnie z poliwęglanu [phrase],producent szklarni z poliwęglanu małopolska,3,1,1.19,0.0
2026-09-17,szklarnie z poliwęglanu [phrase],profi met,2,0,0.0,0.0
2026-09-17,szklarnie z poliwęglanu [phrase],profimet,6,2,1.85,0.0
2026-09-17,szklarnie z poliwęglanu [phrase],profimet pl szklarnie,2,1,2.05,0.0
2026-09-17,szklarnie z poliwęglanu [phrase],profimet szklarnie,14,4,4.96,0.0
2026-09-17,szklarnie z poliwęglanu [phrase],profimet szklarnie z poliwęglanu,2,2,3.25,0.0
2026-09-17,szklarnie z poliwęglanu [phrase],profimetpl,1,0,0.0,0.0
2026-09-17,szklarnie z poliwęglanu [phrase],sprzedam szklarnie z poliwęglanu,1,0,0.0,0.0
2026-09-17,szklarnie z poliwęglanu [phrase],szklarn8a z poliweglanu,2,0,0.0,0.0
2026-09-17,szklarnie z poliwęglanu [phrase],szklarnia 3x8 6mm,2,0,0.0,0.0
2026-09-17,szklarnie z poliwęglanu [phrase],szklarnia 3x8 poliwęglan,3,0,0.0,0.0
2026-09-17,szklarnie z poliwęglanu [phrase],szklarnia gt mocna,4,0,0.0,0.0
2026-09-17,szklarnie z poliwęglanu [phrase],szklarnia ogrodowa,6,0,0.0,0.0
2026-09-17,szklarnie z poliwęglanu [phrase],szklarnia ogrodowa poliweglan,3,0,0.0,0.0
2026-09-17,szklarnie z poliwęglanu [phrase],szklarnia ogrodowa z poliwęglanu,3,0,0.0,0.0
2026-09-17,szklarnie z poliwęglanu [phrase],szklarnia ogrodowa z poliwęglanu 6mm,2,0,0.0,0.0
2026-09-17,szklarnie z poliwęglanu [phrase],szklarnia poliweglan,1,0,0.0,0.0
2026-09-17,szklarnie z poliwęglanu [phrase],szklarnia poliwęglan 3x4 6mm,1,0,0.0,0.0
2026-09-17,szklarnie z poliwęglanu [phrase],szklarnia poliwęglanowa,2,0,0.0,0.0
2026-09-17,szklarnie z poliwęglanu [phrase],szklarnia poliwęglanu,2,1,0.24,0.0
2026-09-17,szklarnie z poliwęglanu [phrase],szklarnia z poliweglanu,1,0,0.0,0.0
2026-09-17,szklarnie z poliwęglanu [phrase],szklarnia z poliweglanu 3x8,1,0,0.0,0.0
2026-09-17,szklarnie z poliwęglanu [phrase],szklarnia z poliwęglan,1,0,0.0,0.0
2026-09-17,szklarnie z poliwęglanu [phrase],szklarnia z poliwęglanu 10mm,1,0,0.0,0.0
2026-09-17,szklarnie z poliwęglanu [phrase],szklarnia z poliwęglanu 2 5x4,1,0,0.0,0.0
2026-09-17,szklarnie z poliwęglanu [phrase],szklarnia z poliwęglanu 2.5 x4,2,0,0.0,0.0
2026-09-17,szklarnie z poliwęglanu [phrase],szklarnia z poliwęglanu 3x10,3,0,0.0,0.0
2026-09-17,szklarnie z poliwęglanu [phrase],szklarnia z poliwęglanu 3x12,2,0,0.0,0.0
2026-09-17,szklarnie z poliwęglanu [phrase],szklarnia z poliwęglanu 3x6,2,0,0.0,0.0
2026-09-17,szklarnie z poliwęglanu [phrase],szklarnia z poliwęglanu 3x6 producent,2,0,0.0,0.0
2026-09-17,szklarnie z poliwęglanu [phrase],szklarnia z poliwęglanu 3x8,2,0,0.0,0.0
2026-09-17,szklarnie z poliwęglanu [phrase],szklarnia z poliwęglanu 4x12,1,0,0.0,0.0
2026-09-17,szklarnie z poliwęglanu [phrase],szklarnia z poliwęglanu duża,2,0,0.0,0.0
2026-09-17,szklarnie z poliwęglanu [phrase],szklarnia z poliwęglanu na raty,2,0,0.0,0.0
2026-09-17,szklarnie z poliwęglanu [phrase],szklarnia z poliwęglanu na wymiar,2,0,0.0,0.0
2026-09-17,szklarnie z poliwęglanu [phrase],szklarnia z poliwęglanu wyprzedaż,1,0,0.0,0.0
2026-09-17,szklarnie z poliwęglanu [phrase],szklarnia z poliwęglanu z fundamentem,1,0,0.0,0.0
2026-09-17,szklarnie z poliwęglanu [phrase],szklarnia z tworzywa sztucznego,1,0,0.0,0.0
2026-09-17,szklarnie z poliwęglanu [phrase],szklarnie ogrodowe,1,0,0.0,0.0
2026-09-17,szklarnie z poliwęglanu [phrase],szklarnie ogrodowe z poliwęglanu,10,3,1.7,0.0
2026-09-17,szklarnie z poliwęglanu [phrase],szklarnie poliwęglanowe,1,0,0.0,0.0
2026-09-17,szklarnie z poliwęglanu [phrase],szklarnie z poliweglanu,3,1,0.86,2.0
2026-09-17,szklarnie z poliwęglanu [phrase],szklarnie z poliwęglanu polski producent,2,0,0.0,0.0
2026-09-17,szklarnie z poliwęglanu [phrase],tunel z poliwęglanu,1,0,0.0,0.0
2026-09-17,szklarnie z poliwęglanu producent,szklarnie z poliwęglanu producent,1,0,0.0,0.0
2026-09-17,tunele z poliwęglanu,namiot na warzywa z poliwęglanu,1,0,0.0,0.0
2026-09-17,tunele z poliwęglanu,namiot poliwęglanowy,1,1,0.16,0.0
2026-09-17,tunele z poliwęglanu,tunel na warzywa z poliwęglanu,1,0,0.0,0.0
2026-09-17,tunele z poliwęglanu,tunel ogrodniczy z poliwęglanu,3,1,0.61,0.0
2026-09-17,tunele z poliwęglanu,tunel ogrodowy z poliweglanu,1,0,0.0,0.0
2026-09-17,tunele z poliwęglanu,tunel ogrodowy z poliwęglanu,5,0,0.0,0.0
2026-09-17,tunele z poliwęglanu,tunel poliweglan,1,0,0.0,0.0
2026-09-17,tunele z poliwęglanu,tunel poliwęglan,6,0,0.0,0.0
2026-09-17,tunele z poliwęglanu,tunel poliwęglanowy,2,0,0.0,0.0
2026-09-17,tunele z poliwęglanu,tunel z poliweglanu,1,0,0.0,0.0
2026-09-17,tunele z poliwęglanu,tunel z poliwęglanu,6,0,0.0,0.0
2026-09-17,tunele z poliwęglanu,tunel z poliwęglanu 2x2,2,0,0.0,0.0
2026-09-17,tunele z poliwęglanu,tunele ogrodnicze z poliwęglanu,2,0,0.0,0.0
2026-09-17,tunele z poliwęglanu,tunele ogrodowe poliwęglanowe,2,0,0.0,0.0
2026-09-17,tunele z poliwęglanu,tunele ogrodowe z poliwęglanu,4,1,0.37,0.0
2026-09-17,tunele z poliwęglanu,tunele z poliwęglanu,12,3,1.21,0.0
2026-09-17,wymiary | poliwęglan 4х6,agroszklarnia,4,1,0.49,0.0
2026-09-17,wymiary | poliwęglan 4х6,alistan agro,1,0,0.0,0.0
2026-09-17,wymiary | poliwęglan 4х6,alistan agro poliwęglan,2,0,0.0,0.0
2026-09-17,wymiary | poliwęglan 4х6,bloom cabin,1,0,0.0,0.0
2026-09-17,wymiary | poliwęglan 4х6,cieplarnia pl,1,0,0.0,0.0
2026-09-17,wymiary | poliwęglan 4х6,cultivo,2,0,0.0,0.0
2026-09-17,wymiary | poliwęglan 4х6,etl group,2,0,0.0,0.0
2026-09-17,wymiary | poliwęglan 4х6,farmer tunele,2,0,0.0,0.0
2026-09-17,wymiary | poliwęglan 4х6,klasika,1,0,0.0,0.0
2026-09-17,wymiary | poliwęglan 4х6,mocne szklarnie,1,0,0.0,0.0
2026-09-17,wymiary | poliwęglan 4х6,modna szklarnia pl,2,0,0.0,0.0
2026-09-17,wymiary | poliwęglan 4х6,namiot na warzywa z poliwęglanu,1,0,0.0,0.0
2026-09-17,wymiary | poliwęglan 4х6,namiot szklarnia,1,0,0.0,0.0
2026-09-17,wymiary | poliwęglan 4х6,namiot z poliwęglanu,1,0,0.0,0.0
2026-09-17,wymiary | poliwęglan 4х6,nowaszklarnia,3,0,0.0,0.0
2026-09-17,wymiary | poliwęglan 4х6,poligreen,4,0,0.0,0.0
2026-09-17,wymiary | poliwęglan 4х6,poliweglan,1,0,0.0,0.0
2026-09-17,wymiary | poliwęglan 4х6,poliwęglan,13,0,0.0,0.0
2026-09-17,wymiary | poliwęglan 4х6,poliwęglan szówsko,3,0,0.0,0.0
2026-09-17,wymiary | poliwęglan 4х6,polska szklarnia,1,0,0.0,0.0
2026-09-17,wymiary | poliwęglan 4х6,profi met szklarnie,2,1,0.54,0.0
2026-09-17,wymiary | poliwęglan 4х6,profimet szklarnie,4,1,1.84,0.0
2026-09-17,wymiary | poliwęglan 4х6,profimetpl,1,0,0.0,0.0
2026-09-17,wymiary | poliwęglan 4х6,szklarnia,14,0,0.0,0.0
2026-09-17,wymiary | poliwęglan 4х6,szklarnia 2.5 x3,1,0,0.0,0.0
2026-09-17,wymiary | poliwęglan 4х6,szklarnia 3x9,2,0,0.0,0.0
2026-09-17,wymiary | poliwęglan 4х6,szklarnia 5x3,2,0,0.0,0.0
2026-09-17,wymiary | poliwęglan 4х6,szklarnia 6x3,4,0,0.0,0.0
2026-09-17,wymiary | poliwęglan 4х6,szklarnia hestia,1,0,0.0,0.0
2026-09-17,wymiary | poliwęglan 4х6,szklarnia na warzywa,1,0,0.0,0.0
2026-09-17,wymiary | poliwęglan 4х6,szklarnia ogrodowa,6,0,0.0,0.0
2026-09-17,wymiary | poliwęglan 4х6,szklarnia ogrodowa z poliwęglanu,1,0,0.0,0.0
2026-09-17,wymiary | poliwęglan 4х6,szklarnia poliwęglan,1,0,0.0,0.0
2026-09-17,wymiary | poliwęglan 4х6,szklarnia poliwęglan 4x6,2,0,0.0,0.0
2026-09-17,wymiary | poliwęglan 4х6,szklarnia poliwęglanu,1,1,0.41,0.0
2026-09-17,wymiary | poliwęglan 4х6,szklarnia przydomowa,1,1,0.24,0.0
2026-09-17,wymiary | poliwęglan 4х6,szklarnia tunel,1,0,0.0,0.0
2026-09-17,wymiary | poliwęglan 4х6,szklarnia z,1,0,0.0,0.0
2026-09-17,wymiary | poliwęglan 4х6,szklarnia z montazem,1,0,0.0,0.0
2026-09-17,wymiary | poliwęglan 4х6,szklarnia z poliweglanu,2,0,0.0,0.0
2026-09-17,wymiary | poliwęglan 4х6,szklarnia z poliwęglan,1,0,0.0,0.0
2026-09-17,wymiary | poliwęglan 4х6,szklarnia z poliwęglanu 3x10,2,1,1.09,0.0
2026-09-17,wymiary | poliwęglan 4х6,szklarnia z poliwęglanu 4x6,5,0,0.0,0.0
2026-09-17,wymiary | poliwęglan 4х6,szklarnia z poliwęglanu 4x6 producent,2,1,0.51,0.0
2026-09-17,wymiary | poliwęglan 4х6,szklarnia z poliwęglanu duża,1,0,0.0,0.0
2026-09-17,wymiary | poliwęglan 4х6,szklarnia z płyt poliwęglanowych,2,0,0.0,0.0
2026-09-17,wymiary | poliwęglan 4х6,szklarnie,9,0,0.0,0.0
2026-09-17,wymiary | poliwęglan 4х6,szklarnie poznań,2,1,0.59,0.0
2026-09-17,wymiary | poliwęglan 4х6,szklarnie z poliwęglanu,17,1,0.95,0.0
2026-09-17,wymiary | poliwęglan 4х6,szklarnie z poliwęglanu ceny,1,0,0.0,0.0
2026-09-17,wymiary | poliwęglan 4х6,szklarnie zielonych marzeń,2,0,0.0,0.0
2026-09-17,wymiary | poliwęglan 4х6,tunel 3x6,1,0,0.0,0.0
2026-09-17,wymiary | poliwęglan 4х6,tunel 4x6,1,0,0.0,0.0
2026-09-17,wymiary | poliwęglan 4х6,tunel ogrodowy,8,0,0.0,0.0
2026-09-17,wymiary | poliwęglan 4х6,tunel ogrodowy 3x6,3,0,0.0,0.0
2026-09-17,wymiary | poliwęglan 4х6,tunel ogrodowy mocny,1,0,0.0,0.0
2026-09-17,wymiary | poliwęglan 4х6,tunel poliweglan 6x3,1,0,0.0,0.0
2026-09-17,wymiary | poliwęglan 4х6,tunel poliwęglan 4x8,1,0,0.0,0.0
2026-09-17,wymiary | poliwęglan 4х6,tunel z poliweglanu 4x6,4,0,0.0,0.0
2026-09-17,wymiary | poliwęglan 4х6,tunel z poliwęglanu 4x6,5,0,0.0,0.0
2026-09-17,wymiary | poliwęglan 4х6,tunele ogrodowe,2,0,0.0,0.0
2026-09-17,wymiary | poliwęglan 4х6,wesoly rolnik,3,0,0.0,0.0
2026-09-17,wymiary | poliwęglan 4х6,wesoły rolnik,2,0,0.0,0.0
2026-09-17,wymiary | poliwęglan 4х6,z poliwęglanu,1,0,0.0,0.0
2026-09-17,wymiary | poliwęglan 4х8,szklarnia z poliwęglanu 4x8,5,1,0.27,0.0
2026-09-17,wymiary | poliwęglan 4х8,tunel z poliwęglanu 4x8,2,0,0.0,0.0
2026-09-17,wymiary | poliwęglan 2х4,producent poliwęglanu,1,0,0.0,0.0
2026-09-17,wymiary | poliwęglan 2х4,szklarnia 2x4,1,0,0.0,0.0
2026-09-17,wymiary | poliwęglan 2х4,szklarnia 2x4 poliwęglan,1,0,0.0,0.0
2026-09-17,wymiary | poliwęglan 2х4,szklarnia poliwęglan 2x4,1,0,0.0,0.0
2026-09-17,wymiary | poliwęglan 2х4,szklarnia z poliwęglanu 2x4,4,0,0.0,0.0
2026-09-17,wymiary | poliwęglan 2х4,tunel 2.5 x4,1,0,0.0,0.0
2026-09-17,wymiary | poliwęglan 2х4,tunel 2x4,2,0,0.0,0.0
2026-09-17,wymiary | poliwęglan 2х4,tunel z poliwęglanu 2x4,8,1,0.13,0.0
2026-09-17,mala szklarnia z poliweglanu,1kup pl,1,1,1.01,0.0
2026-09-17,mala szklarnia z poliweglanu,agroszklarnia,3,0,0.0,0.0
2026-09-17,mala szklarnia z poliweglanu,bartex tunele,2,0,0.0,0.0
2026-09-17,mala szklarnia z poliweglanu,botanika szklarnia,1,0,0.0,0.0
2026-09-17,mala szklarnia z poliweglanu,cultivo,5,0,0.0,0.0
2026-09-17,mala szklarnia z poliweglanu,czyste pole szklarnie,1,0,0.0,0.0
2026-09-17,mala szklarnia z poliweglanu,duze szklarnie,1,0,0.0,0.0
2026-09-17,mala szklarnia z poliweglanu,maksim zhuk,1,0,0.0,0.0
2026-09-17,mala szklarnia z poliweglanu,mała szklarnia,2,0,0.0,0.0
2026-09-17,mala szklarnia z poliweglanu,mała szklarnia ogrodowa,4,1,0.67,0.0
2026-09-17,mala szklarnia z poliweglanu,małe szklarnie,2,0,0.0,0.0
2026-09-17,mala szklarnia z poliweglanu,mocna szklarnia,3,0,0.0,0.0
2026-09-17,mala szklarnia z poliweglanu,mocne szklarnie,1,0,0.0,0.0
2026-09-17,mala szklarnia z poliweglanu,multiszklarnia pl,2,0,0.0,0.0
2026-09-17,mala szklarnia z poliweglanu,oteko,1,0,0.0,0.0
2026-09-17,mala szklarnia z poliweglanu,poligreen zhuk spółka komandytowa,2,0,0.0,0.0
2026-09-17,mala szklarnia z poliweglanu,polskie szklarnie,2,1,0.24,0.0
2026-09-17,mala szklarnia z poliweglanu,pomidory szklarnia,1,0,0.0,0.0
2026-09-17,mala szklarnia z poliweglanu,profimet,2,0,0.0,0.0
2026-09-17,mala szklarnia z poliweglanu,profimet szklarnie,7,2,7.64,0.0
2026-09-17,mala szklarnia z poliweglanu,sprzedam szklarnie z poliwęglanu,2,0,0.0,0.0
2026-09-17,mala szklarnia z poliweglanu,szklarnia 2x2 5,2,0,0.0,0.0
2026-09-17,mala szklarnia z poliweglanu,szklarnia 3x10,1,0,0.0,0.0
2026-09-17,mala szklarnia z poliweglanu,szklarnia ogrodowa 3x2,1,0,0.0,0.0
2026-09-17,mala szklarnia z poliweglanu,szklarnia ogrodowa mała,1,0,0.0,0.0
2026-09-17,mala szklarnia z poliweglanu,szklarnia ogrodowa wyprzedaż,1,0,0.0,0.0
2026-09-17,mala szklarnia z poliweglanu,szklarnia sprzedam,1,0,0.0,0.0
2026-09-17,mala szklarnia z poliweglanu,szklarnia łódź,1,0,0.0,0.0
2026-09-17,mala szklarnia z poliweglanu,szklarnie do ogrodu,1,0,0.0,0.0
2026-09-17,mala szklarnia z poliweglanu,szklarnie ogrodowe wyprzedaż,2,0,0.0,0.0
2026-09-17,mala szklarnia z poliweglanu,tunel ogrodowy 5x3,1,0,0.0,0.0
2026-09-17,mala szklarnia z poliweglanu,wdk tunnels,2,0,0.0,0.0
2026-09-17,mala szklarnia z poliweglanu,zielone szklarnie pl,1,0,0.0,0.0
2026-09-18,wymiary | poliwęglan 3х6,namiot z poliwęglanu 3x6,2,0,0.0,0.0
2026-09-18,wymiary | poliwęglan 3х6,szklarnia 3x6,2,0,0.0,0.0
2026-09-18,wymiary | poliwęglan 3х6,szklarnia 3x6 6mm,2,0,0.0,0.0
2026-09-18,wymiary | poliwęglan 3х6,szklarnia 3x6 poliwęglan 6mm,2,0,0.0,0.0
2026-09-18,wymiary | poliwęglan 3х6,szklarnia poliweglan 3x6,1,0,0.0,0.0
2026-09-18,wymiary | poliwęglan 3х6,szklarnia poliwęglan 3x6,6,0,0.0,0.0
2026-09-18,wymiary | poliwęglan 3х6,szklarnia z poliweglanu 3x6,2,0,0.0,0.0
2026-09-18,wymiary | poliwęglan 3х6,szklarnia z poliwęglanu 3 x 6,2,0,0.0,0.0
2026-09-18,wymiary | poliwęglan 3х6,szklarnia z poliwęglanu 3x6,1,0,0.0,0.0
2026-09-18,wymiary | poliwęglan 3х6,szklarnia z poliwęglanu 3x6 producent,4,1,0.3,0.0
2026-09-18,wymiary | poliwęglan 3х6,szklarnia z poliwęglanu 3x6 producent 6mm,1,0,0.0,0.0
2026-09-18,wymiary | poliwęglan 3х6,szklarnia z poliwęglanu 3x6 promocja,10,1,0.71,0.0
2026-09-18,wymiary | poliwęglan 3х6,szklarnia z poliwęglanu 3x6 wyprzedaż,2,0,0.0,0.0
2026-09-18,wymiary | poliwęglan 3х6,szklarnia z poliwęglanu 6mm 3x6,3,0,0.0,0.0
2026-09-18,wymiary | poliwęglan 3х6,szklarnie ogrodowe 3x6,1,0,0.0,0.0
2026-09-18,wymiary | poliwęglan 3х6,szklarnie z poliwęglanu 3 x 6,1,0,0.0,0.0
2026-09-18,wymiary | poliwęglan 3х6,szklarnie z poliwęglanu 3x6,5,1,0.33,0.0
2026-09-18,wymiary | poliwęglan 3х6,tunel poliwęglan 3x6,1,0,0.0,0.0
2026-09-18,wymiary | poliwęglan 3х6,tunel z poliwęglanu 3x6 producent,2,0,0.0,0.0
2026-09-18,wymiary | poliwęglan 3х6,tunel z poliwęglanu 3x6m,10,2,0.56,0.0
2026-09-18,wymiary | poliwęglan 3х4,alistan agro poliwęglan,1,0,0.0,0.0
2026-09-18,wymiary | poliwęglan 3х4,cieplarnie,1,0,0.0,0.0
2026-09-18,wymiary | poliwęglan 3х4,cultivo,7,0,0.0,0.0
2026-09-18,wymiary | poliwęglan 3х4,greenhouse,1,0,0.0,0.0
2026-09-18,wymiary | poliwęglan 3х4,greenhouse for sale,2,0,0.0,0.0
2026-09-18,wymiary | poliwęglan 3х4,ile wytrzymuje szklarnia z poliwęglanu,1,0,0.0,0.0
2026-09-18,wymiary | poliwęglan 3х4,krosagro,1,0,0.0,0.0
2026-09-18,wymiary | poliwęglan 3х4,małe szklarnie przydomowe,1,0,0.0,0.0
2026-09-18,wymiary | poliwęglan 3х4,mega agronom szklarnie,3,1,0.6,0.0
2026-09-18,wymiary | poliwęglan 3х4,mocna szklarnia,1,0,0.0,0.0
2026-09-18,wymiary | poliwęglan 3х4,namiot cieplarniany,1,0,0.0,0.0
2026-09-18,wymiary | poliwęglan 3х4,namiot na pomidory,3,0,0.0,0.0
2026-09-18,wymiary | poliwęglan 3х4,namiot na warzywa,1,0,0.0,0.0
2026-09-18,wymiary | poliwęglan 3х4,namiot pod pomidory,1,0,0.0,0.0
2026-09-18,wymiary | poliwęglan 3х4,namiot szklarnia,2,0,0.0,0.0
2026-09-18,wymiary | poliwęglan 3х4,namiot warzywny,2,0,0.0,0.0
2026-09-18,wymiary | poliwęglan 3х4,namioty ogrodowe na warzywa,1,0,0.0,0.0
2026-09-18,wymiary | poliwęglan 3х4,oteko,1,0,0.0,0.0
2026-09-18,wymiary | poliwęglan 3х4,oteko poliwęglan,1,0,0.0,0.0
2026-09-18,wymiary | poliwęglan 3х4,poliwęglan,3,0,0.0,0.0
2026-09-18,wymiary | poliwęglan 3х4,profimet szklarnia,2,0,0.0,0.0
2026-09-18,wymiary | poliwęglan 3х4,przedłużenie szklarni z poliwęglanu,2,1,1.62,0.0
2026-09-18,wymiary | poliwęglan 3х4,szklarni,1,0,0.0,0.0
2026-09-18,wymiary | poliwęglan 3х4,szklarnia,9,0,0.0,0.0
2026-09-18,wymiary | poliwęglan 3х4,szklarnia 3 2,1,0,0.0,0.0
2026-09-18,wymiary | poliwęglan 3х4,szklarnia 3 na 4,1,0,0.0,0.0
2026-09-18,wymiary | poliwęglan 3х4,szklarnia 3x4,5,1,3.11,0.0
2026-09-18,wymiary | poliwęglan 3х4,szklarnia 3x4 poliweglan,3,0,0.0,0.0
2026-09-18,wymiary | poliwęglan 3х4,szklarnia całoroczna,1,0,0.0,0.0
2026-09-18,wymiary | poliwęglan 3х4,szklarnia ogrodowa,7,0,0.0,0.0
2026-09-18,wymiary | poliwęglan 3х4,szklarnia ogrodowa 3x4 z poliwęglanu solid mocna,4,0,0.0,0.0
2026-09-18,wymiary | poliwęglan 3х4,szklarnia ogrodowa 5x3,1,0,0.0,0.0
2026-09-18,wymiary | poliwęglan 3х4,szklarnia ogrodowa z poliwęglanu,1,0,0.0,0.0
2026-09-18,wymiary | poliwęglan 3х4,szklarnia poliweglan,1,0,0.0,0.0
2026-09-18,wymiary | poliwęglan 3х4,szklarnia poliweglan 3x4,1,0,0.0,0.0
2026-09-18,wymiary | poliwęglan 3х4,szklarnia poliwęglan,1,0,0.0,0.0
2026-09-18,wymiary | poliwęglan 3х4,szklarnia z poliwęglanu 3 x 4,5,0,0.0,0.0
2026-09-18,wymiary | poliwęglan 3х4,szklarnia z poliwęglanu 3 x 4 m,2,0,0.0,0.0
2026-09-18,wymiary | poliwęglan 3х4,szklarnia z poliwęglanu 3x4,14,0,0.0,0.0
2026-09-18,wymiary | poliwęglan 3х4,szklarnia z poliwęglanu 3x4 polski producent,2,1,1.16,0.0
2026-09-18,wymiary | poliwęglan 3х4,szklarnia z poliwęglanu 3x4 producent,6,1,0.83,0.0
2026-09-18,wymiary | poliwęglan 3х4,szklarnia z poliwęglanu 3x4 z fundamentem,3,0,0.0,0.0
2026-09-18,wymiary | poliwęglan 3х4,szklarnia z poliwęglanu 3x8,3,0,0.0,0.0
2026-09-18,wymiary | poliwęglan 3х4,szklarnia z poliwęglanu 4x4,1,0,0.0,0.0
2026-09-18,wymiary | poliwęglan 3х4,szklarnia z poliwęglanu 6mm,1,0,0.0,0.0
2026-09-18,wymiary | poliwęglan 3х4,szklarnia z poliwęglanu 8 mm,2,0,0.0,0.0
2026-09-18,wymiary | poliwęglan 3х4,szklarnia z poliwęglanu mocna,1,1,0.77,0.0
2026-09-18,wymiary | poliwęglan 3х4,szklarnia z poliwęglanu wyprzedaż,1,0,0.0,0.0
2026-09-18,wymiary | poliwęglan 3х4,szklarnie,5,0,0.0,0.0
2026-09-18,wymiary | poliwęglan 3х4,szklarnie ogrodowe,3,0,0.0,0.0
2026-09-18,wymiary | poliwęglan 3х4,szklarnie ogrodowe wyprzedaż,1,0,0.0,0.0
2026-09-18,wymiary | poliwęglan 3х4,szklarnie przydomowe,1,0,0.0,0.0
2026-09-18,wymiary | poliwęglan 3х4,szklarnie sprzedam,2,0,0.0,0.0
2026-09-18,wymiary | poliwęglan 3х4,szklarnie z poliwęglanu,39,3,2.17,0.0
2026-09-18,wymiary | poliwęglan 3х4,szklarnie z poliwęglanu 3 x 4,1,0,0.0,0.0
2026-09-18,wymiary | poliwęglan 3х4,szklarnie z poliwęglanu 3x4,5,0,0.0,0.0
2026-09-18,wymiary | poliwęglan 3х4,szklarnie z poliwęglanu białystok,3,1,2.16,0.0
2026-09-18,wymiary | poliwęglan 3х4,tanie szklarnie z poliwęglanu,1,0,0.0,0.0
2026-09-18,wymiary | poliwęglan 3х4,tunel ogrodowy,30,1,0.38,0.0
2026-09-18,wymiary | poliwęglan 3х4,tunel ogrodowy 3x2,1,0,0.0,0.0
2026-09-18,wymiary | poliwęglan 3х4,tunel ogrodowy 3x4,6,0,0.0,0.0
2026-09-18,wymiary | poliwęglan 3х4,tunel ogrodowy 3x4 z drzwiami,1,0,0.0,0.0
2026-09-18,wymiary | poliwęglan 3х4,tunel ogrodowy mocny,1,0,0.0,0.0
2026-09-18,wymiary | poliwęglan 3х4,tunel ogrodowy wyprzedaż,3,2,0.44,0.0
2026-09-18,wymiary | poliwęglan 3х4,tunel ogrodowy z poliwęglanu,2,0,0.0,0.0
2026-09-18,wymiary | poliwęglan 3х4,tunel poliwęglan,2,0,0.0,0.0
2026-09-18,wymiary | poliwęglan 3х4,tunel poliwęglanowy,2,0,0.0,0.0
2026-09-18,wymiary | poliwęglan 3х4,tunel szklarniowy,1,0,0.0,0.0
2026-09-18,wymiary | poliwęglan 3х4,tunel z poliwęglanu 3 x 4,2,3,1.45,0.0
2026-09-18,wymiary | poliwęglan 3х4,tunel z poliwęglanu 3x4,2,0,0.0,0.0
2026-09-18,wymiary | poliwęglan 3х4,tunele i szklarnie ogrodowe,1,0,0.0,0.0
2026-09-18,wymiary | poliwęglan 3х4,tunele ogrodnicze,2,1,0.49,0.0
2026-09-18,wymiary | poliwęglan 3х4,tunele ogrodowe,4,0,0.0,0.0
2026-09-18,wymiary | poliwęglan 3х4,tunele warzywne,2,0,0.0,0.0
2026-09-18,wymiary | poliwęglan 3х4,z poliwęglanu,3,0,0.0,0.0
2026-09-18,wymiary | poliwęglan 3х4,zimowa szklarnia,1,0,0.0,0.0
2026-09-18,namioty z poliwęglanu,namiot z poliweglanu,6,0,0.0,0.0
2026-09-18,namioty z poliwęglanu,namioty z poliwęglanu,2,0,0.0,0.0
2026-09-18,namioty z poliwęglanu,tunel z poliwęglanu,3,0,0.0,0.0
2026-09-18,szklarnie z poliwęglanu [exact],szklarnia ogrodowa z poliwęglanu,1,0,0.0,0.0
2026-09-18,szklarnie z poliwęglanu [exact],szklarnia z poliwęglanu,83,2,0.71,0.0
2026-09-18,szklarnie z poliwęglanu [phrase],cieplarnia pl,1,0,0.0,0.0
2026-09-18,szklarnie z poliwęglanu [phrase],najtańsza szklarnia z poliwęglanu,1,0,0.0,0.0
2026-09-18,szklarnie z poliwęglanu [phrase],poliweglan szklarnia,1,1,0.67,0.0
2026-09-18,szklarnie z poliwęglanu [phrase],poliwęglan szklarnia,1,0,0.0,0.0
2026-09-18,szklarnie z poliwęglanu [phrase],profi met szklarnie,6,1,2.49,0.0
2026-09-18,szklarnie z poliwęglanu [phrase],profimet,2,1,1.4,0.0
2026-09-18,szklarnie z poliwęglanu [phrase],profimet producent szklarni ogrodowych z poliwęglanu,4,3,4.91,0.0
2026-09-18,szklarnie z poliwęglanu [phrase],profimet szklarnia,1,0,0.0,0.0
2026-09-18,szklarnie z poliwęglanu [phrase],profimet szklarnie,6,2,4.11,0.0
2026-09-18,szklarnie z poliwęglanu [phrase],szklarnia kropla,1,0,0.0,0.0
2026-09-18,szklarnie z poliwęglanu [phrase],szklarnia ogrodowa,3,0,0.0,0.0
2026-09-18,szklarnie z poliwęglanu [phrase],szklarnia ogrodowa 3x4 z poliwęglanu solid mocna,1,0,0.0,0.0
2026-09-18,szklarnie z poliwęglanu [phrase],szklarnia ogrodowa z poliwęglanu,2,0,0.0,0.0
2026-09-18,szklarnie z poliwęglanu [phrase],szklarnia poliweglan,1,1,0.62,0.0
2026-09-18,szklarnie z poliwęglanu [phrase],szklarnia poliwęglan,3,2,0.82,0.0
2026-09-18,szklarnie z poliwęglanu [phrase],szklarnia tunel z poliwęglanu,1,0,0.0,0.0
2026-09-18,szklarnie z poliwęglanu [phrase],szklarnia z poliwęglanu 2 5x4,3,1,0.62,0.0
2026-09-18,szklarnie z poliwęglanu [phrase],szklarnia z poliwęglanu 2x6,1,0,0.0,0.0
2026-09-18,szklarnie z poliwęglanu [phrase],szklarnia z poliwęglanu 3x8,2,0,0.0,0.0
2026-09-18,szklarnie z poliwęglanu [phrase],szklarnia z poliwęglanu 3x8 producent,1,1,0.67,0.0
2026-09-18,szklarnie z poliwęglanu [phrase],szklarnia z poliwęglanu 6 mm,1,1,0.28,0.0
2026-09-18,szklarnie z poliwęglanu [phrase],szklarnia z poliwęglanu 6mm,1,0,0.0,0.0
2026-09-18,szklarnie z poliwęglanu [phrase],szklarnia z poliwęglanu 8 mm,2,0,0.0,0.0
2026-09-18,szklarnie z poliwęglanu [phrase],szklarnia z poliwęglanu duża,1,0,0.0,0.0
2026-09-18,szklarnie z poliwęglanu [phrase],szklarnia z poliwęglanu mocna,1,0,0.0,0.0
2026-09-18,szklarnie z poliwęglanu [phrase],szklarnia z poliwęglanu na raty,2,0,0.0,0.0
2026-09-18,szklarnie z poliwęglanu [phrase],szklarnia z poliwęglanu promocja,1,1,0.47,0.0
2026-09-18,szklarnie z poliwęglanu [phrase],szklarnia z poliwęglanu wyprzedaż,5,0,0.0,0.0
2026-09-18,szklarnie z poliwęglanu [phrase],szklarnia z poliwęglanu z fundamentem,3,0,0.0,0.0
2026-09-18,szklarnie z poliwęglanu [phrase],szklarnie ogrodowe,3,1,0.69,0.0
2026-09-18,szklarnie z poliwęglanu [phrase],szklarnie ogrodowe z poliwęglanu,8,1,0.43,0.0
2026-09-18,szklarnie z poliwęglanu [phrase],szklarnie plastikowe,1,0,0.0,0.0
2026-09-18,szklarnie z poliwęglanu [phrase],szklarnie poliwęglanowe,2,0,0.0,0.0
2026-09-18,szklarnie z poliwęglanu [phrase],szklarnie z poliwęglanu białystok,5,1,0.8,0.0
2026-09-18,szklarnie z poliwęglanu [phrase],szklarnie z poliwęglanu cena,2,1,0.45,0.0
2026-09-18,szklarnie z poliwęglanu [phrase],szklarnie z poliwęglanu lublin,2,1,0.53,0.0
2026-09-18,szklarnie z poliwęglanu [phrase],szklarnie z poliwęglanu warszawa,1,1,0.27,0.0
2026-09-18,szklarnie z poliwęglanu [phrase],tunel z poliwęglanu 4x10,2,0,0.0,0.0
2026-09-18,tunele z poliwęglanu,małe tunele z poliwęglanu,2,0,0.0,0.0
2026-09-18,tunele z poliwęglanu,tunel poliwęglan,6,0,0.0,0.0
2026-09-18,tunele z poliwęglanu,tunel poliwęglanowy,1,0,0.0,0.0
2026-09-18,tunele z poliwęglanu,tunel z poliweglanu,2,0,0.0,0.0
2026-09-18,tunele z poliwęglanu,tunel z poliwęglanu,9,0,0.0,0.0
2026-09-18,tunele z poliwęglanu,tunele ogrodowe z poliwęglanu,3,0,0.0,0.0
2026-09-18,tunele z poliwęglanu,tunele poliwęglanowe,6,0,0.0,0.0
2026-09-18,tunele z poliwęglanu,tunele z poliwęglanu,23,1,1.06,0.0
2026-09-18,wymiary | poliwęglan 4х6,agroszklarnia,1,0,0.0,0.0
2026-09-18,wymiary | poliwęglan 4х6,alistan agro,3,1,0.78,0.0
2026-09-18,wymiary | poliwęglan 4х6,alistan agro poliwęglan,1,0,0.0,0.0
2026-09-18,wymiary | poliwęglan 4х6,cieplarnia pl,2,0,0.0,0.0
2026-09-18,wymiary | poliwęglan 4х6,cultivo,3,0,0.0,0.0
2026-09-18,wymiary | poliwęglan 4х6,gotowa szklarnia ogrodowa,1,0,0.0,0.0
2026-09-18,wymiary | poliwęglan 4х6,ile wytrzymuje szklarnia z poliwęglanu,1,0,0.0,0.0
2026-09-18,wymiary | poliwęglan 4х6,krosagro,1,0,0.0,0.0
2026-09-18,wymiary | poliwęglan 4х6,modna szklarnia pl,2,1,0.34,0.0
2026-09-18,wymiary | poliwęglan 4х6,najtańsze szklarnie z poliwęglanu,1,0,0.0,0.0
2026-09-18,wymiary | poliwęglan 4х6,namiot szklarnia,2,0,0.0,0.0
2026-09-18,wymiary | poliwęglan 4х6,poli green,1,0,0.0,0.0
2026-09-18,wymiary | poliwęglan 4х6,poligreen pl,1,0,0.0,0.0
2026-09-18,wymiary | poliwęglan 4х6,poliwęglan,3,0,0.0,0.0
2026-09-18,wymiary | poliwęglan 4х6,poliwęglanowe,1,0,0.0,0.0
2026-09-18,wymiary | poliwęglan 4х6,polska szklarnia,2,0,0.0,0.0
2026-09-18,wymiary | poliwęglan 4х6,polska szklarnia eu,1,1,0.59,0.0
2026-09-18,wymiary | poliwęglan 4х6,polski producent szklarni,1,0,0.0,0.0
2026-09-18,wymiary | poliwęglan 4х6,profimet,2,1,1.78,0.0
2026-09-18,wymiary | poliwęglan 4х6,szklarni,1,0,0.0,0.0
2026-09-18,wymiary | poliwęglan 4х6,szklarnia,8,0,0.0,0.0
2026-09-18,wymiary | poliwęglan 4х6,szklarnia do warzyw,1,0,0.0,0.0
2026-09-18,wymiary | poliwęglan 4х6,szklarnia icon 6,2,0,0.0,0.0
2026-09-18,wymiary | poliwęglan 4х6,szklarnia ogrodowa,5,0,0.0,0.0
2026-09-18,wymiary | poliwęglan 4х6,szklarnia ogrodowa 4x6,1,0,0.0,0.0
2026-09-18,wymiary | poliwęglan 4х6,szklarnia pl,1,0,0.0,0.0
2026-09-18,wymiary | poliwęglan 4х6,szklarnia poliweglan,3,2,1.04,0.0
2026-09-18,wymiary | poliwęglan 4х6,szklarnia poliwęglan,1,0,0.0,0.0
2026-09-18,wymiary | poliwęglan 4х6,szklarnia z poliweglanu,1,0,0.0,0.0
2026-09-18,wymiary | poliwęglan 4х6,szklarnia z poliwęglanu 4x6,1,0,0.0,0.0
2026-09-18,wymiary | poliwęglan 4х6,szklarnia z poliwęglanu 4x6 producent,2,0,0.0,0.0
2026-09-18,wymiary | poliwęglan 4х6,szklarnie,2,0,0.0,0.0
2026-09-18,wymiary | poliwęglan 4х6,szklarnie ogrodowe wyprzedaż,1,0,0.0,0.0
2026-09-18,wymiary | poliwęglan 4х6,szklarnie online,2,0,0.0,0.0
2026-09-18,wymiary | poliwęglan 4х6,szklarnie plastikowe,1,0,0.0,0.0
2026-09-18,wymiary | poliwęglan 4х6,szklarnie poliwęglanowe cena,2,0,0.0,0.0
2026-09-18,wymiary | poliwęglan 4х6,szklarnie przydomowe,1,0,0.0,0.0
2026-09-18,wymiary | poliwęglan 4х6,szklarnie z poliwęglanu,22,5,3.74,0.0
2026-09-18,wymiary | poliwęglan 4х6,tunel na warzywa,1,0,0.0,0.0
2026-09-18,wymiary | poliwęglan 4х6,tunel ogrodowy,9,0,0.0,0.0
2026-09-18,wymiary | poliwęglan 4х6,tunel ogrodowy 3x6,1,0,0.0,0.0
2026-09-18,wymiary | poliwęglan 4х6,tunel ogrodowy z poliwęglanu 4x6,2,0,0.0,0.0
2026-09-18,wymiary | poliwęglan 4х6,tunele ogrodowe,3,0,0.0,0.0
2026-09-18,wymiary | poliwęglan 4х6,z poliwęglanu,1,0,0.0,0.0
2026-09-18,wymiary | poliwęglan 2х4,szklarnia ogrodowa 2x4,1,0,0.0,0.0
2026-09-18,wymiary | poliwęglan 2х4,szklarnia poliwęglan 2x4,1,0,0.0,0.0
2026-09-18,wymiary | poliwęglan 2х4,szklarnia z poliwęglanu 2x4,11,1,1.05,0.0
2026-09-18,wymiary | poliwęglan 2х4,tunel 2 5x4,2,0,0.0,0.0
2026-09-18,wymiary | poliwęglan 2х4,tuplex poliwęglan,1,0,0.0,0.0
2026-09-18,mala szklarnia z poliweglanu,agroszklarnia,1,0,0.0,0.0
2026-09-18,mala szklarnia z poliweglanu,alistan agro sp z o o,4,0,0.0,0.0
2026-09-18,mala szklarnia z poliweglanu,cultivo,7,0,0.0,0.0
2026-09-18,mala szklarnia z poliweglanu,cutivo,1,0,0.0,0.0
2026-09-18,mala szklarnia z poliweglanu,etl group pl,1,0,0.0,0.0
2026-09-18,mala szklarnia z poliweglanu,greenhouse szklarnie,1,1,0.35,0.0
2026-09-18,mala szklarnia z poliweglanu,krostrade,1,0,0.0,0.0
2026-09-18,mala szklarnia z poliweglanu,male szklarnie ogrodowe,1,0,0.0,0.0
2026-09-18,mala szklarnia z poliweglanu,mała szklarnia z poliwęglanu,1,0,0.0,0.0
2026-09-18,mala szklarnia z poliweglanu,małe szklarnie,1,0,0.0,0.0
2026-09-18,mala szklarnia z poliweglanu,mega agronom szklarnie,1,0,0.0,0.0
2026-09-18,mala szklarnia z poliweglanu,mocna szklarnia,4,1,0.65,0.0
2026-09-18,mala szklarnia z poliweglanu,mocnaszklarnia pl,2,1,1.59,0.0
2026-09-18,mala szklarnia z poliweglanu,moja szklarnia ogrodowa,2,0,0.0,0.0
2026-09-18,mala szklarnia z poliweglanu,poligren,1,0,0.0,0.0
2026-09-18,mala szklarnia z poliweglanu,polska szklarnia,1,0,0.0,0.0
2026-09-18,mala szklarnia z poliweglanu,producent szklarni pomorskie,2,0,0.0,0.0
2026-09-18,mala szklarnia z poliweglanu,profimet,2,1,1.98,0.0
2026-09-18,mala szklarnia z poliweglanu,profimet szklarnie,10,6,15.71,0.0
2026-09-18,mala szklarnia z poliweglanu,szklarni,1,0,0.0,0.0
2026-09-18,mala szklarnia z poliweglanu,szklarnia do rozsady,1,0,0.0,0.0
2026-09-18,mala szklarnia z poliweglanu,szklarnia na warzywa,1,0,0.0,0.0
2026-09-18,mala szklarnia z poliweglanu,szklarnia ogrodowa mocna,1,0,0.0,0.0
2026-09-18,mala szklarnia z poliweglanu,szklarnia ogrodowa wyprzedaż,1,0,0.0,0.0
2026-09-18,mala szklarnia z poliweglanu,szklarnia profimed,2,1,0.26,0.0
2026-09-18,mala szklarnia z poliweglanu,szklarnia rolnicza,1,0,0.0,0.0
2026-09-18,mala szklarnia z poliweglanu,szklarnia verbena,1,0,0.0,0.0
2026-09-18,mala szklarnia z poliweglanu,szklarnia w domu,2,0,0.0,0.0
2026-09-18,mala szklarnia z poliweglanu,szklarnia z poliweglanu,2,0,0.0,0.0
2026-09-18,mala szklarnia z poliweglanu,szklarnia z poliwęglanu 3x8 producent,1,0,0.0,0.0
2026-09-18,mala szklarnia z poliweglanu,szklarnia z poliwęglanu wyprzedaż,1,0,0.0,0.0
2026-09-18,mala szklarnia z poliweglanu,szklarnie,2,0,0.0,0.0
2026-09-18,mala szklarnia z poliweglanu,szklarnie ogrodowe wyprzedaż,3,0,0.0,0.0
2026-09-18,mala szklarnia z poliweglanu,szklarnie z poliwęglanu cena,1,0,0.0,0.0
2026-09-18,mala szklarnia z poliweglanu,wesoły rolnik,2,0,0.0,0.0
2026-09-19,wymiary | poliwęglan 3х6,namiot z poliwęglanu 3x6,3,0,0.0,0.0
2026-09-19,wymiary | poliwęglan 3х6,szklarnia 3x6 poliwęglan 6mm,1,0,0.0,0.0
2026-09-19,wymiary | poliwęglan 3х6,szklarnia poliwęglan 3x6,4,1,0.48,0.0
2026-09-19,wymiary | poliwęglan 3х6,szklarnia poliwęglanowa 3 x 6,2,0,0.0,0.0
2026-09-19,wymiary | poliwęglan 3х6,szklarnia z poliweglanu 3x6,3,0,0.0,0.0
2026-09-19,wymiary | poliwęglan 3х6,szklarnia z poliwęglanu 3x6,12,0,0.0,0.0
2026-09-19,wymiary | poliwęglan 3х6,szklarnia z poliwęglanu 3x6 producent,5,1,0.18,0.0
2026-09-19,wymiary | poliwęglan 3х6,szklarnia z poliwęglanu 3x6 producent 6mm,1,0,0.0,0.0
2026-09-19,wymiary | poliwęglan 3х6,szklarnia z poliwęglanu 3x6 promocja,2,0,0.0,0.0
2026-09-19,wymiary | poliwęglan 3х6,szklarnie z poliwęglanu 3x6,2,0,0.0,0.0
2026-09-19,wymiary | poliwęglan 3х6,tunel 3x6 z poliwęglanu,2,0,0.0,0.0
2026-09-19,wymiary | poliwęglan 3х6,tunel ogrodowy z poliwęglanu 3x6,4,2,0.77,0.0
2026-09-19,wymiary | poliwęglan 3х6,tunel z poliweglanu 3x6,2,1,0.5,0.0
2026-09-19,wymiary | poliwęglan 3х6,tunel z poliwęglanu 3x6,1,1,0.3,0.0
2026-09-19,wymiary | poliwęglan 3х6,tunel z poliwęglanu 3x6m,5,0,0.0,0.0
2026-09-19,wymiary | poliwęglan 3х4,cultivo,2,0,0.0,0.0
2026-09-19,wymiary | poliwęglan 3х4,mala szklarnia do ogrodu,1,0,0.0,0.0
2026-09-19,wymiary | poliwęglan 3х4,mała szklarnia ogrodowa,1,0,0.0,0.0
2026-09-19,wymiary | poliwęglan 3х4,małe szklarnie ogrodowe,2,0,0.0,0.0
2026-09-19,wymiary | poliwęglan 3х4,mocne szklarnie z poliwęglanu,1,0,0.0,0.0
2026-09-19,wymiary | poliwęglan 3х4,modna szklarnia,5,0,0.0,0.0
2026-09-19,wymiary | poliwęglan 3х4,polska szklarnia,1,0,0.0,0.0
2026-09-19,wymiary | poliwęglan 3х4,producent szklarni ogrodowych,1,0,0.0,0.0
2026-09-19,wymiary | poliwęglan 3х4,producent szklarni z poliwęglanu,4,3,5.5,0.0
2026-09-19,wymiary | poliwęglan 3х4,profi met szklarnie,1,0,0.0,0.0
2026-09-19,wymiary | poliwęglan 3х4,szklarni z poliwęglanu,1,0,0.0,0.0
2026-09-19,wymiary | poliwęglan 3х4,szklarnia,5,0,0.0,0.0
2026-09-19,wymiary | poliwęglan 3х4,szklarnia 3x4,3,0,0.0,0.0
2026-09-19,wymiary | poliwęglan 3х4,szklarnia mała,1,0,0.0,0.0
2026-09-19,wymiary | poliwęglan 3х4,szklarnia nowoczesna,1,0,0.0,0.0
2026-09-19,wymiary | poliwęglan 3х4,szklarnia ogrodowa,5,0,0.0,0.0
2026-09-19,wymiary | poliwęglan 3х4,szklarnia ogrodowa 3x4,1,0,0.0,0.0
2026-09-19,wymiary | poliwęglan 3х4,szklarnia pomidor premium plus,1,0,0.0,0.0
2026-09-19,wymiary | poliwęglan 3х4,szklarnia przydomowa,1,0,0.0,0.0
2026-09-19,wymiary | poliwęglan 3х4,szklarnia z poliweglanu,1,0,0.0,0.0
2026-09-19,wymiary | poliwęglan 3х4,szklarnia z poliweglanu 3x4,1,0,0.0,0.0
2026-09-19,wymiary | poliwęglan 3х4,szklarnia z poliweglanu 3x8,1,0,0.0,0.0
2026-09-19,wymiary | poliwęglan 3х4,szklarnia z poliwęglanu 3 x 4,2,0,0.0,0.0
2026-09-19,wymiary | poliwęglan 3х4,szklarnia z poliwęglanu 3x4,16,1,0.32,0.0
2026-09-19,wymiary | poliwęglan 3х4,szklarnia z poliwęglanu 3x4 6mm,1,0,0.0,0.0
2026-09-19,wymiary | poliwęglan 3х4,szklarnia z poliwęglanu 3x4 cena,1,0,0.0,0.0
2026-09-19,wymiary | poliwęglan 3х4,szklarnia z poliwęglanu 3x4 mocna,3,1,0.44,0.0
2026-09-19,wymiary | poliwęglan 3х4,szklarnia z poliwęglanu 3x4 polski producent,2,0,0.0,0.0
2026-09-19,wymiary | poliwęglan 3х4,szklarnia z poliwęglanu 3x4 producent,4,0,0.0,0.0
2026-09-19,wymiary | poliwęglan 3х4,szklarnia z poliwęglanu 3x4 z fundamentem,1,0,0.0,0.0
2026-09-19,wymiary | poliwęglan 3х4,szklarnia z poliwęglanu wyprzedaż,1,0,0.0,0.0
2026-09-19,wymiary | poliwęglan 3х4,szklarnie,3,0,0.0,0.0
2026-09-19,wymiary | poliwęglan 3х4,szklarnie ogrodowe,2,0,0.0,0.0
2026-09-19,wymiary | poliwęglan 3х4,szklarnie ogrodowe wyprzedaż,1,0,0.0,0.0
2026-09-19,wymiary | poliwęglan 3х4,szklarnie z poliwęglanu,8,1,1.27,0.0
2026-09-19,wymiary | poliwęglan 3х4,szklarnie z poliwęglanu 3x4,1,0,0.0,0.0
2026-09-19,wymiary | poliwęglan 3х4,tunel na warzywa,1,0,0.0,0.0
2026-09-19,wymiary | poliwęglan 3х4,tunel ogrodniczy,1,0,0.0,0.0
2026-09-19,wymiary | poliwęglan 3х4,tunel ogrodowy,18,0,0.0,0.0
2026-09-19,wymiary | poliwęglan 3х4,tunel ogrodowy 3x4,1,0,0.0,0.0
2026-09-19,wymiary | poliwęglan 3х4,tunel ogrodowy 4x2 5,1,0,0.0,0.0
2026-09-19,wymiary | poliwęglan 3х4,tunel ogrodowy 4x8,2,0,0.0,0.0
2026-09-19,wymiary | poliwęglan 3х4,tunel ogrodowy poliwęglan,1,0,0.0,0.0
2026-09-19,wymiary | poliwęglan 3х4,tunel ogrodowy wyprzedaż,1,0,0.0,0.0
2026-09-19,wymiary | poliwęglan 3х4,tunel ogrodowy z poliwęglanu,1,0,0.0,0.0
2026-09-19,wymiary | poliwęglan 3х4,tunel szklarnia,1,0,0.0,0.0
2026-09-19,wymiary | poliwęglan 3х4,tunel warzywny z poliwęglanu,1,0,0.0,0.0
2026-09-19,wymiary | poliwęglan 3х4,tunel z poliwęglanu,8,0,0.0,0.0
2026-09-19,wymiary | poliwęglan 3х4,tunel z poliwęglanu 3x4,8,2,0.51,0.0
2026-09-19,wymiary | poliwęglan 3х4,tunele i szklarnie ogrodowe,3,0,0.0,0.0
2026-09-19,wymiary | poliwęglan 3х4,tunele ogrodowe,13,0,0.0,0.0
2026-09-19,wymiary | poliwęglan 3х4,wesoly rolnik,4,0,0.0,0.0
2026-09-19,namioty z poliwęglanu,namiot ogrodowy z poliwęglanu,4,0,0.0,0.0
2026-09-19,namioty z poliwęglanu,producent tuneli ogrodowych z poliwęglanu,1,0,0.0,0.0
2026-09-19,namioty z poliwęglanu,tunel ogrodowy poliwęglan,1,0,0.0,0.0
2026-09-19,namioty z poliwęglanu,tunel z poliwęglanu,2,0,0.0,0.0
2026-09-19,szklarnie z poliwęglanu [exact],szklarnia z poliwęglanu,29,2,0.11,0.0
2026-09-19,szklarnie z poliwęglanu [phrase],małe szklarnie z poliwęglanu,1,0,0.0,0.0
2026-09-19,szklarnie z poliwęglanu [phrase],mocna szklarnia z poliwęglanu,1,0,0.0,0.0
2026-09-19,szklarnie z poliwęglanu [phrase],mocne szklarnie z poliwęglanu,1,0,0.0,0.0
2026-09-19,szklarnie z poliwęglanu [phrase],najlepsza szklarnia z poliwęglanu,1,0,0.0,0.0
2026-09-19,szklarnie z poliwęglanu [phrase],profimet szklarnie,2,1,0.3,0.0
2026-09-19,szklarnie z poliwęglanu [phrase],profimet szklarnie z poliwęglanu,1,1,0.22,0.0
2026-09-19,szklarnie z poliwęglanu [phrase],szklarnia gt mocna,2,0,0.0,0.0
2026-09-19,szklarnie z poliwęglanu [phrase],szklarnia ogrodowa,9,0,0.0,0.0
2026-09-19,szklarnie z poliwęglanu [phrase],szklarnia poliwęglan,2,0,0.0,0.0
2026-09-19,szklarnie z poliwęglanu [phrase],szklarnia z poliweglanu,1,0,0.0,0.0
2026-09-19,szklarnie z poliwęglanu [phrase],szklarnia z poliwęglanu 2.5 x3,2,0,0.0,0.0
2026-09-19,szklarnie z poliwęglanu [phrase],szklarnia z poliwęglanu 2x4 6mm,1,0,0.0,0.0
2026-09-19,szklarnie z poliwęglanu [phrase],szklarnia z poliwęglanu 6 mm,1,0,0.0,0.0
2026-09-19,szklarnie z poliwęglanu [phrase],szklarnia z poliwęglanu profimet mocna,2,0,0.0,0.0
2026-09-19,szklarnie z poliwęglanu [phrase],szklarnia z poliwęglanu wyprzedaż,4,1,0.09,0.0
2026-09-19,szklarnie z poliwęglanu [phrase],szklarnia łukowa z poliwęglanu,1,0,0.0,0.0
2026-09-19,szklarnie z poliwęglanu [phrase],szklarnie ogrodowe,2,0,0.0,0.0
2026-09-19,szklarnie z poliwęglanu [phrase],szklarnie ogrodowe z poliwęglanu,4,0,0.0,0.0
2026-09-19,szklarnie z poliwęglanu [phrase],szklarnie poliweglanowe producent,2,0,0.0,0.0
2026-09-19,szklarnie z poliwęglanu [phrase],szklarnie przydomowe z poliwęglanu,1,0,0.0,0.0
2026-09-19,szklarnie z poliwęglanu [phrase],tunel poliwęglan,1,0,0.0,0.0
2026-09-19,tunele z poliwęglanu,cieplarnia z poliwęglanu,1,0,0.0,0.0
2026-09-19,tunele z poliwęglanu,namiot z poliwęglanu,1,0,0.0,0.0
2026-09-19,tunele z poliwęglanu,producent tuneli ogrodowych z poliwęglanu,3,1,1.14,0.0
2026-09-19,tunele z poliwęglanu,tunel ogrodowy z poliwęglanu,3,0,0.0,0.0
2026-09-19,tunele z poliwęglanu,tunel poliwęglan,1,0,0.0,0.0
2026-09-19,tunele z poliwęglanu,tunel z poliwęglanu,6,0,0.0,0.0
2026-09-19,tunele z poliwęglanu,tunele ogrodowe z poliwęglanu,4,2,2.84,0.0
2026-09-19,tunele z poliwęglanu,tunele z poliwęglanu,5,1,0.46,0.0
2026-09-19,wymiary | poliwęglan 4х6,cultivo,4,0,0.0,0.0
2026-09-19,wymiary | poliwęglan 4х6,etl group,1,0,0.0,0.0
2026-09-19,wymiary | poliwęglan 4х6,farmer tunele,1,0,0.0,0.0
2026-09-19,wymiary | poliwęglan 4х6,namiot na warzywa,1,0,0.0,0.0
2026-09-19,wymiary | poliwęglan 4х6,poligreen,2,0,0.0,0.0
2026-09-19,wymiary | poliwęglan 4х6,poliwęglanu,1,0,0.0,0.0
2026-09-19,wymiary | poliwęglan 4х6,szklarnia,7,0,0.0,0.0
2026-09-19,wymiary | poliwęglan 4х6,szklarnia 3 5,1,1,0.22,0.0
2026-09-19,wymiary | poliwęglan 4х6,szklarnia 4x6,1,0,0.0,0.0
2026-09-19,wymiary | poliwęglan 4х6,szklarnia 4x6 poliwęglan,3,0,0.0,0.0
2026-09-19,wymiary | poliwęglan 4х6,szklarnia 4x8,2,0,0.0,0.0
2026-09-19,wymiary | poliwęglan 4х6,szklarnia 6x3,1,0,0.0,0.0
2026-09-19,wymiary | poliwęglan 4х6,szklarnia ogrodowa,4,0,0.0,0.0
2026-09-19,wymiary | poliwęglan 4х6,szklarnia poliwęglan,4,0,0.0,0.0
2026-09-19,wymiary | poliwęglan 4х6,szklarnia z,1,0,0.0,0.0
2026-09-19,wymiary | poliwęglan 4х6,szklarnia z poliweglanu,3,0,0.0,0.0
2026-09-19,wymiary | poliwęglan 4х6,szklarnia z poliwęglanu 4x6 producent,3,0,0.0,0.0
2026-09-19,wymiary | poliwęglan 4х6,szklarnia z poliwęglanu wyprzedaż,1,0,0.0,0.0
2026-09-19,wymiary | poliwęglan 4х6,szklarnia łukowa z poliwęglanu,1,0,0.0,0.0
2026-09-19,wymiary | poliwęglan 4х6,szklarnie ogrodowe,1,0,0.0,0.0
2026-09-19,wymiary | poliwęglan 4х6,szklarnie z poliwęglanu,5,0,0.0,0.0
2026-09-19,wymiary | poliwęglan 4х6,szklarnie z poliwęglanu 4x6,2,1,0.39,0.0
2026-09-19,wymiary | poliwęglan 4х6,tunel 3x6,1,0,0.0,0.0
2026-09-19,wymiary | poliwęglan 4х6,tunel 4x6,1,0,0.0,0.0
2026-09-19,wymiary | poliwęglan 4х6,tunel ogrodniczy,2,0,0.0,0.0
2026-09-19,wymiary | poliwęglan 4х6,tunel ogrodowy,5,0,0.0,0.0
2026-09-19,wymiary | poliwęglan 4х6,tunel ogrodowy 3x6,1,0,0.0,0.0
2026-09-19,wymiary | poliwęglan 4х6,tunel ogrodowy 4x2 5,1,0,0.0,0.0
2026-09-19,wymiary | poliwęglan 4х6,tunel szklarnia,1,0,0.0,0.0
2026-09-19,wymiary | poliwęglan 4х6,tunel z poliwęglanu 3x6m,1,0,0.0,0.0
2026-09-19,wymiary | poliwęglan 4х6,tunele i szklarnie ogrodowe,4,0,0.0,0.0
2026-09-19,wymiary | poliwęglan 4х6,tunele ogrodowe,4,0,0.0,0.0
2026-09-19,wymiary | poliwęglan 4х6,warzywniak z poliwęglanu,1,0,0.0,0.0
2026-09-19,wymiary | poliwęglan 4х6,wesoly rolnik,1,0,0.0,0.0
2026-09-19,wymiary | poliwęglan 4х8,szklarnia poliwęglan 4x8,1,1,0.24,0.0
2026-09-19,wymiary | poliwęglan 2х4,szklarnia 2 x 4,1,0,0.0,0.0
2026-09-19,wymiary | poliwęglan 2х4,szklarnia z poliweglanu 2x4,1,0,0.0,0.0
2026-09-19,wymiary | poliwęglan 2х4,szklarnia z poliwęglanu 2x4,5,1,0.56,0.0
2026-09-19,wymiary | poliwęglan 2х4,szklarnia z poliwęglanu 2x4 6mm,1,1,0.64,0.0
2026-09-19,mala szklarnia z poliweglanu,alistan agro,2,0,0.0,0.0
2026-09-19,mala szklarnia z poliweglanu,alistan agro sp z o o,2,0,0.0,0.0
2026-09-19,mala szklarnia z poliweglanu,cultivo,11,0,0.0,0.0
2026-09-19,mala szklarnia z poliweglanu,gardenvit,1,0,0.0,0.0
2026-09-19,mala szklarnia z poliweglanu,mała szklarnia,1,0,0.0,0.0
2026-09-19,mala szklarnia z poliweglanu,mała szklarnia ogrodowa,2,0,0.0,0.0
2026-09-19,mala szklarnia z poliweglanu,małe szklarnie ogrodowe,1,0,0.0,0.0
2026-09-19,mala szklarnia z poliweglanu,mocnaszklarnia pl,2,1,0.13,0.0
2026-09-19,mala szklarnia z poliweglanu,poligren,2,0,0.0,0.0
2026-09-19,mala szklarnia z poliweglanu,profi met szklarnie,1,0,0.0,0.0
2026-09-19,mala szklarnia z poliweglanu,profimet szklarnie,4,3,1.45,0.0
2026-09-19,mala szklarnia z poliweglanu,profimet szklarnie kontakt,2,0,0.0,0.0
2026-09-19,mala szklarnia z poliweglanu,szklarnia,1,0,0.0,0.0
2026-09-19,mala szklarnia z poliweglanu,szklarnia ogrodowa,1,0,0.0,0.0
2026-09-19,mala szklarnia z poliweglanu,szklarnia poliwęglan,1,0,0.0,0.0
2026-09-19,mala szklarnia z poliweglanu,szklarnie na zamówienie,2,0,0.0,0.0
2026-09-19,mala szklarnia z poliweglanu,szklarnie ogrodowe,1,0,0.0,0.0
2026-09-19,mala szklarnia z poliweglanu,szklarnie podkarpackie,2,0,0.0,0.0
2026-09-19,mala szklarnia z poliweglanu,szklarnie polski producent,1,0,0.0,0.0
2026-09-19,mala szklarnia z poliweglanu,szklarnie przydomowe,1,0,0.0,0.0
2026-09-19,mala szklarnia z poliweglanu,tunele i szklarnie ogrodowe,1,0,0.0,0.0
2026-09-21,wymiary | poliwęglan 3х6,namiot z poliwęglanu 3x6,7,2,0.9,0.0
2026-09-21,wymiary | poliwęglan 3х6,szklarnia 3x6,1,1,0.25,0.0
2026-09-21,wymiary | poliwęglan 3х6,szklarnia 3x6 z poliwęglanu,1,0,0.0,0.0
2026-09-21,wymiary | poliwęglan 3х6,szklarnia poliwęglan 3x6,5,1,0.4,0.0
2026-09-21,wymiary | poliwęglan 3х6,szklarnia z poliweglanu 3x6,3,1,0.71,0.0
2026-09-21,wymiary | poliwęglan 3х6,szklarnia z poliwęglanu 3 x 6,6,1,1.19,0.0
2026-09-21,wymiary | poliwęglan 3х6,szklarnia z poliwęglanu 3x6,20,2,1.53,0.0
2026-09-21,wymiary | poliwęglan 3х6,szklarnia z poliwęglanu 3x6 6 mm,2,0,0.0,0.0
2026-09-21,wymiary | poliwęglan 3х6,szklarnia z poliwęglanu 3x6 cena,1,0,0.0,0.0
2026-09-21,wymiary | poliwęglan 3х6,szklarnia z poliwęglanu 3x6 producent,5,0,0.0,0.0
2026-09-21,wymiary | poliwęglan 3х6,szklarnia z poliwęglanu 3x6 producent 6mm,3,2,2.05,0.0
2026-09-21,wymiary | poliwęglan 3х6,szklarnia z poliwęglanu 3x6 promocja,17,3,2.06,0.0
2026-09-21,wymiary | poliwęglan 3х6,szklarnia z poliwęglanu 3x6 wyprzedaż,4,0,0.0,0.0
2026-09-21,wymiary | poliwęglan 3х6,szklarnie z poliwęglanu 3x6,7,2,1.3,0.0
2026-09-21,wymiary | poliwęglan 3х6,tunel poliwęglan 3x6,1,0,0.0,0.0
2026-09-21,wymiary | poliwęglan 3х6,tunel poliwęglan 3x6 6mm,3,0,0.0,0.0
2026-09-21,wymiary | poliwęglan 3х6,tunel z poliwęglanu 3x6,2,2,0.68,0.0
2026-09-21,wymiary | poliwęglan 3х6,tunel z poliwęglanu 3x6 producent,1,0,0.0,0.0
2026-09-21,wymiary | poliwęglan 3х6,tunel z poliwęglanu 3x6m,3,0,0.0,0.0
2026-09-21,wymiary | poliwęglan 3х6,tunele z poliwęglanu 3x6,1,0,0.0,0.0
2026-09-21,wymiary | poliwęglan 3х4,1 kup pl,2,0,0.0,0.0
2026-09-21,wymiary | poliwęglan 3х4,agroszklarnia,3,1,0.61,1.0
2026-09-21,wymiary | poliwęglan 3х4,alistan agro,2,0,0.0,0.0
2026-09-21,wymiary | poliwęglan 3х4,ceny szklarni,2,0,0.0,0.0
2026-09-21,wymiary | poliwęglan 3х4,cieplarnia,1,0,0.0,0.0
2026-09-21,wymiary | poliwęglan 3х4,cieplarnia ogrodowa,6,0,0.0,0.0
2026-09-21,wymiary | poliwęglan 3х4,cieplarnia ogrodowa z poliwęglanu,2,0,0.0,0.0
2026-09-21,wymiary | poliwęglan 3х4,cieplarnie,1,0,0.0,0.0
2026-09-21,wymiary | poliwęglan 3х4,cultivo,1,0,0.0,0.0
2026-09-21,wymiary | poliwęglan 3х4,gotowa szklarnia ogrodowa,1,0,0.0,0.0
2026-09-21,wymiary | poliwęglan 3х4,ile kosztuje tunel ogrodowy,1,1,0.12,0.0
2026-09-21,wymiary | poliwęglan 3х4,jakiej firmy szklarnia z poliwęglanu,1,0,0.0,0.0
2026-09-21,wymiary | poliwęglan 3х4,lanit plast,1,0,0.0,0.0
2026-09-21,wymiary | poliwęglan 3х4,mała szklarnia na pomidory,1,0,0.0,0.0
2026-09-21,wymiary | poliwęglan 3х4,mała szklarnia ogrodowa,1,0,0.0,0.0
2026-09-21,wymiary | poliwęglan 3х4,najlepsze szklarnie z poliwęglanu,1,0,0.0,0.0
2026-09-21,wymiary | poliwęglan 3х4,namiot na pomidory 3x4,2,0,0.0,0.0
2026-09-21,wymiary | poliwęglan 3х4,namiot na warzywa,1,0,0.0,0.0
2026-09-21,wymiary | poliwęglan 3х4,namiot ogrodniczy,1,1,0.16,0.0
2026-09-21,wymiary | poliwęglan 3х4,namiot pod warzywa,3,0,0.0,0.0
2026-09-21,wymiary | poliwęglan 3х4,nowaszklarnia,3,0,0.0,0.0
2026-09-21,wymiary | poliwęglan 3х4,oteko,2,0,0.0,0.0
2026-09-21,wymiary | poliwęglan 3х4,poli green,1,0,0.0,0.0
2026-09-21,wymiary | poliwęglan 3х4,poligreen,4,0,0.0,0.0
2026-09-21,wymiary | poliwęglan 3х4,poligreen szklarnie,2,0,0.0,0.0
2026-09-21,wymiary | poliwęglan 3х4,poliwęglan,3,0,0.0,0.0
2026-09-21,wymiary | poliwęglan 3х4,polska szklarnia eu,1,0,0.0,0.0
2026-09-21,wymiary | poliwęglan 3х4,polskie szklarnie z poliwęglanu,1,0,0.0,0.0
2026-09-21,wymiary | poliwęglan 3х4,przydomowe szklarnie,1,0,0.0,0.0
2026-09-21,wymiary | poliwęglan 3х4,solidna szklarnia,1,0,0.0,0.0
2026-09-21,wymiary | poliwęglan 3х4,szklarni,1,0,0.0,0.0
2026-09-21,wymiary | poliwęglan 3х4,szklarnia,21,0,0.0,0.0
2026-09-21,wymiary | poliwęglan 3х4,szklarnia 3x4,10,1,0.68,0.0
2026-09-21,wymiary | poliwęglan 3х4,szklarnia 3x9,1,0,0.0,0.0
2026-09-21,wymiary | poliwęglan 3х4,szklarnia 4x8,1,0,0.0,0.0
2026-09-21,wymiary | poliwęglan 3х4,szklarnia cena,1,0,0.0,0.0
2026-09-21,wymiary | poliwęglan 3х4,szklarnia domowa,1,0,0.0,0.0
2026-09-21,wymiary | poliwęglan 3х4,szklarnia na wymiar,1,0,0.0,0.0
2026-09-21,wymiary | poliwęglan 3х4,szklarnia ogrodowa,6,0,0.0,0.0
2026-09-21,wymiary | poliwęglan 3х4,szklarnia ogrodowa 3x4 z poliwęglanu solid mocna,4,0,0.0,0.0
2026-09-21,wymiary | poliwęglan 3х4,szklarnia ogrodowa mocna,1,0,0.0,0.0
2026-09-21,wymiary | poliwęglan 3х4,szklarnia ogrodowa z poliwęglanu,1,0,0.0,0.0
2026-09-21,wymiary | poliwęglan 3х4,szklarnia ogrodowa z poliwęglanu 3x4,2,0,0.0,0.0
2026-09-21,wymiary | poliwęglan 3х4,szklarnia poliwęglan 3x4,1,0,0.0,0.0
2026-09-21,wymiary | poliwęglan 3х4,szklarnia poliwęglan 3x4 6mm,1,0,0.0,0.0
2026-09-21,wymiary | poliwęglan 3х4,szklarnia poliwęglanowa,2,0,0.0,0.0
2026-09-21,wymiary | poliwęglan 3х4,szklarnia przydomowa,1,0,0.0,0.0
2026-09-21,wymiary | poliwęglan 3х4,szklarnia z poliweglanu,7,0,0.0,0.0
2026-09-21,wymiary | poliwęglan 3х4,szklarnia z poliweglanu 3x4,1,0,0.0,0.0
2026-09-21,wymiary | poliwęglan 3х4,szklarnia z poliwęglanu 3x4,11,1,1.5,0.0
2026-09-21,wymiary | poliwęglan 3х4,szklarnia z poliwęglanu 3x4 6mm,10,3,2.02,1.0
2026-09-21,wymiary | poliwęglan 3х4,szklarnia z poliwęglanu 3x4 mocna,3,0,0.0,0.0
2026-09-21,wymiary | poliwęglan 3х4,szklarnia z poliwęglanu 3x4 polski producent,3,1,1.0,0.0
2026-09-21,wymiary | poliwęglan 3х4,szklarnia z poliwęglanu 3x4 producent,13,4,2.74,0.0
2026-09-21,wymiary | poliwęglan 3х4,szklarnia z poliwęglanu 3x8 producent,1,0,0.0,0.0
2026-09-21,wymiary | poliwęglan 3х4,szklarnia z poliwęglanu 4x10,2,0,0.0,0.0
2026-09-21,wymiary | poliwęglan 3х4,szklarnia z poliwęglanu podkarpackie,1,1,0.73,0.0
2026-09-21,wymiary | poliwęglan 3х4,szklarnia z poliwęglanu wyprzedaż,6,0,0.0,0.0
2026-09-21,wymiary | poliwęglan 3х4,szklarnia z rynnami,1,0,0.0,0.0
2026-09-21,wymiary | poliwęglan 3х4,szklarnie,7,1,1.92,0.0
2026-09-21,wymiary | poliwęglan 3х4,szklarnie ceny,1,0,0.0,0.0
2026-09-21,wymiary | poliwęglan 3х4,szklarnie green house,1,0,0.0,0.0
2026-09-21,wymiary | poliwęglan 3х4,szklarnie modułowe zambrów,4,2,2.95,0.0
2026-09-21,wymiary | poliwęglan 3х4,szklarnie ogrodowe,3,0,0.0,0.0
2026-09-21,wymiary | poliwęglan 3х4,szklarnie ogrodowe 3x4,1,0,0.0,0.0
2026-09-21,wymiary | poliwęglan 3х4,szklarnie ogrodowe rzeszow,1,0,0.0,0.0
2026-09-21,wymiary | poliwęglan 3х4,szklarnie poliwęglanowe,3,0,0.0,0.0
2026-09-21,wymiary | poliwęglan 3х4,szklarnie poliwęglanu,1,0,0.0,0.0
2026-09-21,wymiary | poliwęglan 3х4,szklarnie wrocław,2,0,0.0,0.0
2026-09-21,wymiary | poliwęglan 3х4,szklarnie z poliwęglanu,70,12,11.11,1.0
2026-09-21,wymiary | poliwęglan 3х4,szklarnie z poliwęglanu 3x4,9,1,0.87,0.0
2026-09-21,wymiary | poliwęglan 3х4,szklarnie z poliwęglanu polski producent,2,0,0.0,0.0
2026-09-21,wymiary | poliwęglan 3х4,szklarnię z poliwęglanu 3x4,2,1,0.67,0.0
2026-09-21,wymiary | poliwęglan 3х4,tunel 3x4,2,0,0.0,0.0
2026-09-21,wymiary | poliwęglan 3х4,tunel całoroczny,1,0,0.0,0.0
2026-09-21,wymiary | poliwęglan 3х4,tunel na działkę,3,0,0.0,0.0
2026-09-21,wymiary | poliwęglan 3х4,tunel na warzywa,6,0,0.0,0.0
2026-09-21,wymiary | poliwęglan 3х4,tunel ogrodniczy,6,0,0.0,0.0
2026-09-21,wymiary | poliwęglan 3х4,tunel ogrodniczy z poliwęglanu,2,1,0.99,0.0
2026-09-21,wymiary | poliwęglan 3х4,tunel ogrodowy,57,1,0.22,0.0
2026-09-21,wymiary | poliwęglan 3х4,tunel ogrodowy 2.5 x 4,2,0,0.0,0.0
2026-09-21,wymiary | poliwęglan 3х4,tunel ogrodowy 3x4,8,0,0.0,0.0
2026-09-21,wymiary | poliwęglan 3х4,tunel ogrodowy 3x4 5,3,0,0.0,0.0
2026-09-21,wymiary | poliwęglan 3х4,tunel ogrodowy 4x8,1,0,0.0,0.0
2026-09-21,wymiary | poliwęglan 3х4,tunel ogrodowy ceny,2,2,0.38,0.0
2026-09-21,wymiary | poliwęglan 3х4,tunel ogrodowy cultivo,1,0,0.0,0.0
2026-09-21,wymiary | poliwęglan 3х4,tunel ogrodowy merkury market,1,0,0.0,0.0
2026-09-21,wymiary | poliwęglan 3х4,tunel ogrodowy wyprzedaż,8,1,0.14,0.0
2026-09-21,wymiary | poliwęglan 3х4,tunel ogrodowy z poliwęglanu,6,2,0.6,0.0
2026-09-21,wymiary | poliwęglan 3х4,tunel ogrodowy z poliwęglanu 3x4,5,1,0.1,0.0
2026-09-21,wymiary | poliwęglan 3х4,tunel poliwęglan,2,1,0.96,0.0
2026-09-21,wymiary | poliwęglan 3х4,tunel poliwęglan 3x4,3,1,0.84,0.0
2026-09-21,wymiary | poliwęglan 3х4,tunel poliwęglan 3x6 6mm,1,0,0.0,0.0
2026-09-21,wymiary | poliwęglan 3х4,tunel poliwęglanowy,3,0,0.0,0.0
2026-09-21,wymiary | poliwęglan 3х4,tunel szklarnia,1,0,0.0,0.0
2026-09-21,wymiary | poliwęglan 3х4,tunel szklarniowy,2,0,0.0,0.0
2026-09-21,wymiary | poliwęglan 3х4,tunel warzywny,4,0,0.0,0.0
2026-09-21,wymiary | poliwęglan 3х4,tunel z poliwęglanu,3,0,0.0,0.0
2026-09-21,wymiary | poliwęglan 3х4,tunele ogrodnicze,1,0,0.0,0.0
2026-09-21,wymiary | poliwęglan 3х4,tunele ogrodowe,6,0,0.0,0.0
2026-09-21,wymiary | poliwęglan 3х4,tunele z poliwęglanu 3 x 4,1,0,0.0,0.0
2026-09-21,wymiary | poliwęglan 3х4,wesoły rolnik,2,0,0.0,0.0
2026-09-21,wymiary | poliwęglan 3х4,wm group szklarnie,1,1,1.12,0.0
2026-09-21,wymiary | poliwęglan 3х4,z poliwęglanu,2,0,0.0,0.0
2026-09-21,wymiary | poliwęglan 3х8,tunel z poliwęglanu 3x8,3,0,0.0,0.0
2026-09-21,namioty z poliwęglanu,namiot ogrodowy z poliwęglanu,2,0,0.0,0.0
2026-09-21,namioty z poliwęglanu,namiot poliweglan,2,0,0.0,0.0
2026-09-21,namioty z poliwęglanu,namiot warzywny z poliwęglanu,2,0,0.0,0.0
2026-09-21,namioty z poliwęglanu,namiot z poliwęglanu,2,0,0.0,0.0
2026-09-21,namioty z poliwęglanu,namioty z poliwęglanu,3,0,0.0,0.0
2026-09-21,namioty z poliwęglanu,tunel z poliwęglanu,1,1,0.69,0.0
2026-09-21,szklarnie z poliwęglanu [exact],szklarnia z poliwęglanu,153,10,5.33,2.000656
2026-09-21,szklarnie z poliwęglanu [phrase],cieplarnia z poliwęglanu,7,0,0.0,0.0
2026-09-21,szklarnie z poliwęglanu [phrase],jakiej firmy szklarnia z poliwęglanu,1,1,0.38,0.0
2026-09-21,szklarnie z poliwęglanu [phrase],najlepsze szklarnie z poliwęglanu,1,0,0.0,0.0
2026-09-21,szklarnie z poliwęglanu [phrase],najtańsze szklarnie z poliwęglanu,4,2,1.55,0.0
2026-09-21,szklarnie z poliwęglanu [phrase],poligreen szklarnie,3,0,0.0,0.0
2026-09-21,szklarnie z poliwęglanu [phrase],profi met,1,2,3.58,0.0
2026-09-21,szklarnie z poliwęglanu [phrase],profimet szklarnie,12,2,4.29,0.0
2026-09-21,szklarnie z poliwęglanu [phrase],sprzedam szklarnie z poliwęglanu,1,0,0.0,0.0
2026-09-21,szklarnie z poliwęglanu [phrase],szklarnia 4x10,1,0,0.0,0.0
2026-09-21,szklarnie z poliwęglanu [phrase],szklarnia ogrodowa,5,1,0.61,0.0
2026-09-21,szklarnie z poliwęglanu [phrase],szklarnia ogrodowa poliwęglan 6mm,2,0,0.0,0.0
2026-09-21,szklarnie z poliwęglanu [phrase],szklarnia ogrodowa z poliwęglanu,11,0,0.0,0.0
2026-09-21,szklarnie z poliwęglanu [phrase],szklarnia poliweglan,1,0,0.0,0.0
2026-09-21,szklarnie z poliwęglanu [phrase],szklarnia poliwęglan,1,0,0.0,0.0
2026-09-21,szklarnie z poliwęglanu [phrase],szklarnia poliwęglan na wymiar,1,1,0.79,0.0
2026-09-21,szklarnie z poliwęglanu [phrase],szklarnia poliwęglanowa,2,1,0.42,0.0
2026-09-21,szklarnie z poliwęglanu [phrase],szklarnia z poliweglanu,2,0,0.0,0.0
2026-09-21,szklarnie z poliwęglanu [phrase],szklarnia z poliweglanu 3x8,1,0,0.0,0.0
2026-09-21,szklarnie z poliwęglanu [phrase],szklarnia z poliwęglanu 2 5 x4,2,0,0.0,0.0
2026-09-21,szklarnie z poliwęglanu [phrase],szklarnia z poliwęglanu 3x4 6mm,1,0,0.0,0.0
2026-09-21,szklarnie z poliwęglanu [phrase],szklarnia z poliwęglanu 3x6,1,0,0.0,0.0
2026-09-21,szklarnie z poliwęglanu [phrase],szklarnia z poliwęglanu 3x8,2,0,0.0,0.0
2026-09-21,szklarnie z poliwęglanu [phrase],szklarnia z poliwęglanu 3x8 6mm,3,0,0.0,0.0
2026-09-21,szklarnie z poliwęglanu [phrase],szklarnia z poliwęglanu 3x8 producent,1,0,0.0,0.0
2026-09-21,szklarnie z poliwęglanu [phrase],szklarnia z poliwęglanu 4x10,2,0,0.0,0.0
2026-09-21,szklarnie z poliwęglanu [phrase],szklarnia z poliwęglanu 6mm,2,0,0.0,0.0
2026-09-21,szklarnie z poliwęglanu [phrase],szklarnia z poliwęglanu na wymiar,8,2,1.66,0.0
2026-09-21,szklarnie z poliwęglanu [phrase],szklarnia z poliwęglanu ogrodowa,2,1,0.41,0.0
2026-09-21,szklarnie z poliwęglanu [phrase],szklarnia z poliwęglanu podkarpackie,1,0,0.0,0.0
2026-09-21,szklarnie z poliwęglanu [phrase],szklarnia z poliwęglanu polski producent,1,0,0.0,0.0
2026-09-21,szklarnie z poliwęglanu [phrase],szklarnia z poliwęglanu producent,1,0,0.0,0.0
2026-09-21,szklarnie z poliwęglanu [phrase],szklarnia z poliwęglanu profimet,2,1,1.67,1.0
2026-09-21,szklarnie z poliwęglanu [phrase],szklarnia z poliwęglanu promocja,1,0,0.0,0.0
2026-09-21,szklarnie z poliwęglanu [phrase],szklarnia z poliwęglanu wyprzedaż,6,1,0.49,0.0
2026-09-21,szklarnie z poliwęglanu [phrase],szklarnie ogrodowe z poliwęglanu,7,1,1.41,0.0
2026-09-21,szklarnie z poliwęglanu [phrase],szklarnie poliweglan,3,0,0.0,0.0
2026-09-21,szklarnie z poliwęglanu [phrase],szklarnie poliwęglanowe,5,1,0.85,0.0
2026-09-21,szklarnie z poliwęglanu [phrase],szklarnie poliwęglanowe 6mm,1,1,1.48,0.0
2026-09-21,szklarnie z poliwęglanu [phrase],szklarnie poliwęglanu,1,1,0.57,0.0
2026-09-21,szklarnie z poliwęglanu [phrase],szklarnie profimet,2,1,0.16,2.5
2026-09-21,szklarnie z poliwęglanu [phrase],szklarnie z poliweglanu,7,0,0.0,0.0
2026-09-21,szklarnie z poliwęglanu [phrase],szklarnie z poliwęglanu polski producent,6,0,0.0,0.0
2026-09-21,szklarnie z poliwęglanu [phrase],szklarnie z poliwęglanu warszawa,1,0,0.0,0.0
2026-09-21,szklarnie z poliwęglanu [phrase],tunel z poliwęglanu 4x10,4,0,0.0,0.0
2026-09-21,szklarnie z poliwęglanu [phrase],tunel z poliwęglanu profimet,1,0,0.0,0.0
2026-09-21,szklarnie z poliwęglanu producent,szklarnie z poliwęglanu na wymiar,2,1,1.18,0.0
2026-09-21,szklarnie z poliwęglanu producent,szklarnie z poliwęglanu polski producent,1,0,0.0,0.0
2026-09-21,tunele z poliwęglanu,małe tunele z poliwęglanu,1,0,0.0,0.0
2026-09-21,tunele z poliwęglanu,namiot na warzywa z poliwęglanu,1,0,0.0,0.0
2026-09-21,tunele z poliwęglanu,polskie tunele z poliwęglanu,2,1,2.17,0.0
2026-09-21,tunele z poliwęglanu,tunel do warzyw z poliwęglanu,1,0,0.0,0.0
2026-09-21,tunele z poliwęglanu,tunel ogrodowy z poliwęglanu,1,0,0.0,0.0
2026-09-21,tunele z poliwęglanu,tunel poliweglanowy,3,1,0.73,0.0
2026-09-21,tunele z poliwęglanu,tunel poliwęglan,6,1,0.68,0.0
2026-09-21,tunele z poliwęglanu,tunel z poliwęglanu,3,0,0.0,0.0
2026-09-21,tunele z poliwęglanu,tunel z poliwęglanu profimet,1,1,0.54,0.0
2026-09-21,tunele z poliwęglanu,tunele ogrodnicze z poliwęglanu,2,1,1.8,1.0
2026-09-21,tunele z poliwęglanu,tunele ogrodowe z poliwęglanu,2,1,0.4,0.0
2026-09-21,tunele z poliwęglanu,tunele z poliwęglanu,36,6,4.86,2.0
2026-09-21,wymiary | poliwęglan 4х6,1 kup pl,1,0,0.0,0.0
2026-09-21,wymiary | poliwęglan 4х6,1 szklarnia pl,2,0,0.0,0.0
2026-09-21,wymiary | poliwęglan 4х6,agroszklarnia,3,0,0.0,0.0
2026-09-21,wymiary | poliwęglan 4х6,agroszklarnia pl,1,1,0.21,0.0
2026-09-21,wymiary | poliwęglan 4х6,alistan agro,5,0,0.0,0.0
2026-09-21,wymiary | poliwęglan 4х6,alistan agro poliwęglan,1,0,0.0,0.0
2026-09-21,wymiary | poliwęglan 4х6,cieplarnia pl,1,0,0.0,0.0
2026-09-21,wymiary | poliwęglan 4х6,cieplarnia z poliwęglanu,2,0,0.0,0.0
2026-09-21,wymiary | poliwęglan 4х6,cieplarnie,1,0,0.0,0.0
2026-09-21,wymiary | poliwęglan 4х6,cieplarnie com,1,0,0.0,0.0
2026-09-21,wymiary | poliwęglan 4х6,cultivo,1,0,0.0,0.0
2026-09-21,wymiary | poliwęglan 4х6,etl group,3,0,0.0,0.0
2026-09-21,wymiary | poliwęglan 4х6,green house szklarnie,1,0,0.0,0.0
2026-09-21,wymiary | poliwęglan 4х6,ile kosztuje tunel ogrodowy,1,0,0.0,0.0
2026-09-21,wymiary | poliwęglan 4х6,małe szklarnie ogrodowe ceny,1,0,0.0,0.0
2026-09-21,wymiary | poliwęglan 4х6,namiot ogrodowy szklarnia,1,0,0.0,0.0
2026-09-21,wymiary | poliwęglan 4х6,namiot szklarnia,1,0,0.0,0.0
2026-09-21,wymiary | poliwęglan 4х6,namioty pod pomidory,1,0,0.0,0.0
2026-09-21,wymiary | poliwęglan 4х6,nowaszklarnia,3,0,0.0,0.0
2026-09-21,wymiary | poliwęglan 4х6,poligreen,8,1,0.42,0.0
2026-09-21,wymiary | poliwęglan 4х6,poligreen pl,2,1,0.45,0.0
2026-09-21,wymiary | poliwęglan 4х6,poliwęglan,3,0,0.0,0.0
2026-09-21,wymiary | poliwęglan 4х6,poliwęglan 4mm,1,0,0.0,0.0
2026-09-21,wymiary | poliwęglan 4х6,polska szklarnia,3,0,0.0,0.0
2026-09-21,wymiary | poliwęglan 4х6,polskie szklarnie z poliwęglanu,1,0,0.0,0.0
2026-09-21,wymiary | poliwęglan 4х6,profi met,1,0,0.0,0.0
2026-09-21,wymiary | poliwęglan 4х6,profimet,7,3,2.88,0.0
2026-09-21,wymiary | poliwęglan 4х6,przydomowe szklarnie,1,0,0.0,0.0
2026-09-21,wymiary | poliwęglan 4х6,szklarni,1,0,0.0,0.0
2026-09-21,wymiary | poliwęglan 4х6,szklarnia,11,0,0.0,0.0
2026-09-21,wymiary | poliwęglan 4х6,szklarnia 4x6,3,1,0.61,0.0
2026-09-21,wymiary | poliwęglan 4х6,szklarnia na pomidory,1,0,0.0,0.0
2026-09-21,wymiary | poliwęglan 4х6,szklarnia ogrodowa,6,0,0.0,0.0
2026-09-21,wymiary | poliwęglan 4х6,szklarnia ogrodowa 6x3,1,0,0.0,0.0
2026-09-21,wymiary | poliwęglan 4х6,szklarnia plus,2,0,0.0,0.0
2026-09-21,wymiary | poliwęglan 4х6,szklarnia poliwęglan,2,0,0.0,0.0
2026-09-21,wymiary | poliwęglan 4х6,szklarnia poliwęglan 3 x 6,2,0,0.0,0.0
2026-09-21,wymiary | poliwęglan 4х6,szklarnia poliwęglan 3x6,1,0,0.0,0.0
2026-09-21,wymiary | poliwęglan 4х6,szklarnia polska,2,0,0.0,0.0
2026-09-21,wymiary | poliwęglan 4х6,szklarnia verbena,1,0,0.0,0.0
2026-09-21,wymiary | poliwęglan 4х6,szklarnia z poliweglanu,2,0,0.0,0.0
2026-09-21,wymiary | poliwęglan 4х6,szklarnia z poliwęglanu 3x6,2,1,0.38,0.0
2026-09-21,wymiary | poliwęglan 4х6,szklarnia z poliwęglanu 4x10,1,0,0.0,0.0
2026-09-21,wymiary | poliwęglan 4х6,szklarnia z poliwęglanu 4x6,5,0,0.0,0.0
2026-09-21,wymiary | poliwęglan 4х6,szklarnia z poliwęglanu wyprzedaż,2,0,0.0,0.0
2026-09-21,wymiary | poliwęglan 4х6,szklarnie,8,1,0.51,0.0
2026-09-21,wymiary | poliwęglan 4х6,szklarnie modułowe zambrów,2,0,0.0,0.0
2026-09-21,wymiary | poliwęglan 4х6,szklarnie ogrodowe,2,0,0.0,0.0
2026-09-21,wymiary | poliwęglan 4х6,szklarnie ogrodowe cena,1,0,0.0,0.0
2026-09-21,wymiary | poliwęglan 4х6,szklarnie ogrodowe rzeszow,1,0,0.0,0.0
2026-09-21,wymiary | poliwęglan 4х6,szklarnie ogrodowe wyprzedaż,3,0,0.0,0.0
2026-09-21,wymiary | poliwęglan 4х6,szklarnie online,2,0,0.0,0.0
2026-09-21,wymiary | poliwęglan 4х6,szklarnie poliwęglan,1,0,0.0,0.0
2026-09-21,wymiary | poliwęglan 4х6,szklarnie poliwęglanowe,1,0,0.0,0.0
2026-09-21,wymiary | poliwęglan 4х6,szklarnie z poliwęglanu,10,1,0.83,0.0
2026-09-21,wymiary | poliwęglan 4х6,tunel ogrodowy,10,0,0.0,0.0
2026-09-21,wymiary | poliwęglan 4х6,tunel ogrodowy 3x6,7,0,0.0,0.0
2026-09-21,wymiary | poliwęglan 4х6,tunel ogrodowy mocny,1,0,0.0,0.0
2026-09-21,wymiary | poliwęglan 4х6,tunel szklarnia,1,0,0.0,0.0
2026-09-21,wymiary | poliwęglan 4х6,tunele ogrodowe,1,0,0.0,0.0
2026-09-21,wymiary | poliwęglan 4х6,wesoły rolnik,4,0,0.0,0.0
2026-09-21,wymiary | poliwęglan 4х6,wesoły rolnik pl,2,0,0.0,0.0
2026-09-21,wymiary | poliwęglan 4х6,wm group szklarnie,3,0,0.0,0.0
2026-09-21,wymiary | poliwęglan 4х6,z poliwęglanu,1,0,0.0,0.0
2026-09-21,wymiary | poliwęglan 4х8,szklarnia z poliwęglanu 4x8,2,0,0.0,0.0
2026-09-21,wymiary | poliwęglan 4х8,tunel z poliwęglanu 4x8,2,0,0.0,0.0
2026-09-21,wymiary | poliwęglan 2х4,poliwęglan,1,0,0.0,0.0
2026-09-21,wymiary | poliwęglan 2х4,szklarnia 2x4,1,0,0.0,0.0
2026-09-21,wymiary | poliwęglan 2х4,szklarnia ogrodowa 2x4,3,0,0.0,0.0
2026-09-21,wymiary | poliwęglan 2х4,szklarnia ogrodowa z poliwęglanu 2x4,1,0,0.0,0.0
2026-09-21,wymiary | poliwęglan 2х4,szklarnia poliwęglan,1,0,0.0,0.0
2026-09-21,wymiary | poliwęglan 2х4,szklarnia poliwęglan 2x4,2,0,0.0,0.0
2026-09-21,wymiary | poliwęglan 2х4,szklarnia z poliwęglanu 2 x 4,3,0,0.0,0.0
2026-09-21,wymiary | poliwęglan 2х4,szklarnia z poliwęglanu 2x4,5,0,0.0,0.0
2026-09-21,wymiary | poliwęglan 2х4,szklarnia z poliwęglanu 4x2,1,0,0.0,0.0
2026-09-21,wymiary | poliwęglan 2х4,tunel z poliwęglanu 2x4,1,0,0.0,0.0
2026-09-21,wymiary | poliwęglan 2 5х4,szklarnie z poliwęglanu 2 5x4,1,1,0.13,0.0
2026-09-21,mala szklarnia z poliweglanu,alistan agro,1,0,0.0,0.0
2026-09-21,mala szklarnia z poliweglanu,cieplarnia,4,0,0.0,0.0
2026-09-21,mala szklarnia z poliweglanu,cieplarnia z poliwęglanu,1,0,0.0,0.0
2026-09-21,mala szklarnia z poliweglanu,farmer tunele,3,0,0.0,0.0
2026-09-21,mala szklarnia z poliweglanu,green house szklarnie,1,0,0.0,0.0
2026-09-21,mala szklarnia z poliweglanu,male szklarnie,1,0,0.0,0.0
2026-09-21,mala szklarnia z poliweglanu,mam szklarnie pl,2,1,0.75,0.0
2026-09-21,mala szklarnia z poliweglanu,mała szklarnia,4,0,0.0,0.0
2026-09-21,mala szklarnia z poliweglanu,mała szklarnia ogrodowa,3,0,0.0,0.0
2026-09-21,mala szklarnia z poliweglanu,małe szklarnie,2,0,0.0,0.0
2026-09-21,mala szklarnia z poliweglanu,małe szklarnie ogrodowe,1,0,0.0,0.0
2026-09-21,mala szklarnia z poliweglanu,małe szklarnie ogrodowe ceny,1,0,0.0,0.0
2026-09-21,mala szklarnia z poliweglanu,małe szklarnie przydomowe,1,0,0.0,0.0
2026-09-21,mala szklarnia z poliweglanu,małe szklarnie z poliwęglanu,1,2,0.89,0.0
2026-09-21,mala szklarnia z poliweglanu,mocna szklarnia,2,1,0.21,0.0
2026-09-21,mala szklarnia z poliweglanu,moja szklarnia ogrodowa,2,0,0.0,0.0
2026-09-21,mala szklarnia z poliweglanu,namioty szklarnie ogrodowe,1,0,0.0,0.0
2026-09-21,mala szklarnia z poliweglanu,plantimax,1,0,0.0,0.0
2026-09-21,mala szklarnia z poliweglanu,poligreen zhuk sp k,2,0,0.0,0.0
2026-09-21,mala szklarnia z poliweglanu,polska szklarnia eu,2,0,0.0,0.0
2026-09-21,mala szklarnia z poliweglanu,polski producent szklarni,2,1,0.32,0.0
2026-09-21,mala szklarnia z poliweglanu,profimet,1,0,0.0,0.0
2026-09-21,mala szklarnia z poliweglanu,profimet szklarnie,4,2,2.3,1.0
2026-09-21,mala szklarnia z poliweglanu,profimet szklarnie kontakt,1,0,0.0,0.0
2026-09-21,mala szklarnia z poliweglanu,przedłużenie szklarni z poliwęglanu,1,0,0.0,0.0
2026-09-21,mala szklarnia z poliweglanu,szklarnia,3,0,0.0,0.0
2026-09-21,mala szklarnia z poliweglanu,szklarnia 2x2 5,1,0,0.0,0.0
2026-09-21,mala szklarnia z poliweglanu,szklarnia caloroczna,1,0,0.0,0.0
2026-09-21,mala szklarnia z poliweglanu,szklarnia do domu,1,0,0.0,0.0
2026-09-21,mala szklarnia z poliweglanu,szklarnia mala,1,0,0.0,0.0
2026-09-21,mala szklarnia z poliweglanu,szklarnia ogrodowa 2x2 5,1,0,0.0,0.0
2026-09-21,mala szklarnia z poliweglanu,szklarnia poliwęglan 2x2,1,0,0.0,0.0
2026-09-21,mala szklarnia z poliweglanu,szklarnia poliwęglan na wymiar,1,0,0.0,0.0
2026-09-21,mala szklarnia z poliweglanu,szklarnia pomorskie,1,1,0.23,0.0
2026-09-21,mala szklarnia z poliweglanu,szklarnia verbena,1,0,0.0,0.0
2026-09-21,mala szklarnia z poliweglanu,szklarnia z poliweglanu,1,0,0.0,0.0
2026-09-21,mala szklarnia z poliweglanu,szklarnia z poliwęglanu 2x2,1,0,0.0,0.0
2026-09-21,mala szklarnia z poliweglanu,szklarnia z poliwęglanu wyprzedaż,3,0,0.0,0.0
2026-09-21,mala szklarnia z poliweglanu,szklarnie,6,1,0.54,0.0
2026-09-21,mala szklarnia z poliweglanu,szklarnie green house,1,0,0.0,0.0
2026-09-21,mala szklarnia z poliweglanu,szklarnie ogrodowe,1,0,0.0,0.0
2026-09-21,mala szklarnia z poliweglanu,szklarnie ogrodowe wyprzedaż,5,0,0.0,0.0
2026-09-21,mala szklarnia z poliweglanu,szklarnie rzeszów,1,0,0.0,0.0
2026-09-21,mala szklarnia z poliweglanu,szklarnie z poliwęglanu cena,2,1,2.06,0.0
2026-09-21,mala szklarnia z poliweglanu,szklarnie z poliwęglanu warszawa,1,0,0.0,0.0
2026-09-21,mala szklarnia z poliweglanu,szklarnie zachodniopomorskie,2,0,0.0,0.0
2026-09-21,mala szklarnia z poliweglanu,tanie szklarnie z poliwęglanu,1,0,0.0,0.0
2026-09-21,mala szklarnia z poliweglanu,tunel z poliwęglanu 2x2,1,0,0.0,0.0
2026-09-22,wymiary | poliwęglan 3х6,szklarnia 3x6 poliwęglan,1,0,0.0,0.0
2026-09-22,wymiary | poliwęglan 3х6,szklarnia 3x6m,1,0,0.0,0.0
2026-09-22,wymiary | poliwęglan 3х6,szklarnia ogrodowa 3x6,2,0,0.0,0.0
2026-09-22,wymiary | poliwęglan 3х6,szklarnia poliwęglan 3x6,3,0,0.0,0.0
2026-09-22,wymiary | poliwęglan 3х6,szklarnia z poliwęglanu 3x6,15,2,1.06,0.0
2026-09-22,wymiary | poliwęglan 3х6,szklarnia z poliwęglanu 3x6 6 mm,4,0,0.0,0.0
2026-09-22,wymiary | poliwęglan 3х6,szklarnia z poliwęglanu 3x6 6mm,5,2,0.32,0.0
2026-09-22,wymiary | poliwęglan 3х6,szklarnia z poliwęglanu 3x6 producent,3,0,0.0,0.0
2026-09-22,wymiary | poliwęglan 3х6,szklarnia z poliwęglanu 3x6 producent 6mm,2,0,0.0,0.0
2026-09-22,wymiary | poliwęglan 3х6,szklarnia z poliwęglanu 3x6 promocja,10,0,0.0,0.0
2026-09-22,wymiary | poliwęglan 3х6,szklarnia z poliwęglanu 3x6 wyprzedaż,1,0,0.0,0.0
2026-09-22,wymiary | poliwęglan 3х6,szklarnie ogrodowe 3x6,1,0,0.0,0.0
2026-09-22,wymiary | poliwęglan 3х6,szklarnie ogrodowe z poliwęglanu 3x6,1,0,0.0,0.0
2026-09-22,wymiary | poliwęglan 3х6,szklarnie z poliwęglanu 3x6,4,1,0.64,0.0
2026-09-22,wymiary | poliwęglan 3х6,szklarnie z poliwęglanu 6 mm,1,0,0.0,0.0
2026-09-22,wymiary | poliwęglan 3х6,tunel ogrodowy z poliwęglanu 3x6,1,0,0.0,0.0
2026-09-22,wymiary | poliwęglan 3х6,tunel poliwęglan 3x6,2,0,0.0,0.0
2026-09-22,wymiary | poliwęglan 3х6,tunel z poliwęglanu 3x6,2,0,0.0,0.0
2026-09-22,wymiary | poliwęglan 3х6,tunel z poliwęglanu 3x6m,2,0,0.0,0.0
2026-09-22,wymiary | poliwęglan 3х6,tunele z poliwęglanu 3x6,3,2,2.22,0.0
2026-09-22,wymiary | poliwęglan 3х4,cieplarki z poliwęglanu,1,0,0.0,0.0
2026-09-22,wymiary | poliwęglan 3х4,cieplarnia pl,2,0,0.0,0.0
2026-09-22,wymiary | poliwęglan 3х4,farmer tunele,2,0,0.0,0.0
2026-09-22,wymiary | poliwęglan 3х4,namiot na pomidory z poliwęglanu,1,1,0.1,0.0
2026-09-22,wymiary | poliwęglan 3х4,namiot na warzywa,1,0,0.0,0.0
2026-09-22,wymiary | poliwęglan 3х4,namiot ogrodowy na warzywa,2,0,0.0,0.0
2026-09-22,wymiary | poliwęglan 3х4,namiot szklarnia,4,0,0.0,0.0
2026-09-22,wymiary | poliwęglan 3х4,namiot z poliwęglanu,2,0,0.0,0.0
2026-09-22,wymiary | poliwęglan 3х4,ogrodowe szklarnie,2,0,0.0,0.0
2026-09-22,wymiary | poliwęglan 3х4,oteko,1,0,0.0,0.0
2026-09-22,wymiary | poliwęglan 3х4,poligreen zhuk sp k,1,0,0.0,0.0
2026-09-22,wymiary | poliwęglan 3х4,poliwęglan,4,0,0.0,0.0
2026-09-22,wymiary | poliwęglan 3х4,poliwęglan szklarnia,1,0,0.0,0.0
2026-09-22,wymiary | poliwęglan 3х4,polski producent szklarni,1,0,0.0,0.0
2026-09-22,wymiary | poliwęglan 3х4,producent szklarni z poliwęglanu,1,0,0.0,0.0
2026-09-22,wymiary | poliwęglan 3х4,profimet warszawa,2,1,0.44,0.0
2026-09-22,wymiary | poliwęglan 3х4,profit plast,1,0,0.0,0.0
2026-09-22,wymiary | poliwęglan 3х4,solidne szklarnie,1,0,0.0,0.0
2026-09-22,wymiary | poliwęglan 3х4,szklarni,1,0,0.0,0.0
2026-09-22,wymiary | poliwęglan 3х4,szklarnia,15,0,0.0,0.0
2026-09-22,wymiary | poliwęglan 3х4,szklarnia 2x3m,1,0,0.0,0.0
2026-09-22,wymiary | poliwęglan 3х4,szklarnia 3 2,1,0,0.0,0.0
2026-09-22,wymiary | poliwęglan 3х4,szklarnia 3 x 4 m,1,0,0.0,0.0
2026-09-22,wymiary | poliwęglan 3х4,szklarnia 3x4,1,0,0.0,0.0
2026-09-22,wymiary | poliwęglan 3х4,szklarnia 3x8,1,0,0.0,0.0
2026-09-22,wymiary | poliwęglan 3х4,szklarnia domowa,1,0,0.0,0.0
2026-09-22,wymiary | poliwęglan 3х4,szklarnia duza,1,0,0.0,0.0
2026-09-22,wymiary | poliwęglan 3х4,szklarnia duża,1,0,0.0,0.0
2026-09-22,wymiary | poliwęglan 3х4,szklarnia ogrodowa,7,0,0.0,0.0
2026-09-22,wymiary | poliwęglan 3х4,szklarnia ogrodowa 3x4 z poliwęglanu solid mocna,1,0,0.0,0.0
2026-09-22,wymiary | poliwęglan 3х4,szklarnia ogrodowa z poliwęglanu,1,0,0.0,0.0
2026-09-22,wymiary | poliwęglan 3х4,szklarnia ogrodowa z poliwęglanu 3x4,2,0,0.0,0.0
2026-09-22,wymiary | poliwęglan 3х4,szklarnia poliwęglan,1,0,0.0,0.0
2026-09-22,wymiary | poliwęglan 3х4,szklarnia poliwęglan 3x4,1,0,0.0,0.0
2026-09-22,wymiary | poliwęglan 3х4,szklarnia promocja,1,0,0.0,0.0
2026-09-22,wymiary | poliwęglan 3х4,szklarnia przydomowa,1,0,0.0,0.0
2026-09-22,wymiary | poliwęglan 3х4,szklarnia z poliweglanu,1,0,0.0,0.0
2026-09-22,wymiary | poliwęglan 3х4,szklarnia z poliwęglanu 2 x 2,1,0,0.0,0.0
2026-09-22,wymiary | poliwęglan 3х4,szklarnia z poliwęglanu 3x4,7,0,0.0,0.0
2026-09-22,wymiary | poliwęglan 3х4,szklarnia z poliwęglanu 3x4 5,2,0,0.0,0.0
2026-09-22,wymiary | poliwęglan 3х4,szklarnia z poliwęglanu 3x4 6mm,4,0,0.0,0.0
2026-09-22,wymiary | poliwęglan 3х4,szklarnia z poliwęglanu 3x4 mocna,1,1,0.62,0.0
2026-09-22,wymiary | poliwęglan 3х4,szklarnia z poliwęglanu 3x4 producent,4,0,0.0,0.0
2026-09-22,wymiary | poliwęglan 3х4,szklarnia z poliwęglanu 3x8 6mm,1,1,0.71,0.0
2026-09-22,wymiary | poliwęglan 3х4,szklarnia z poliwęglanu 8 mm,1,0,0.0,0.0
2026-09-22,wymiary | poliwęglan 3х4,szklarnia z poliwęglanu komorowego,1,0,0.0,0.0
2026-09-22,wymiary | poliwęglan 3х4,szklarnia z profili aluminiowych,1,0,0.0,0.0
2026-09-22,wymiary | poliwęglan 3х4,szklarnie,1,0,0.0,0.0
2026-09-22,wymiary | poliwęglan 3х4,szklarnie cena,1,0,0.0,0.0
2026-09-22,wymiary | poliwęglan 3х4,szklarnie ogrodowe,5,1,0.26,0.0
2026-09-22,wymiary | poliwęglan 3х4,szklarnie ogrodowe szczecin,4,0,0.0,0.0
2026-09-22,wymiary | poliwęglan 3х4,szklarnie ogrodowe wyprzedaż,3,0,0.0,0.0
2026-09-22,wymiary | poliwęglan 3х4,szklarnie poliweglan,1,0,0.0,0.0
2026-09-22,wymiary | poliwęglan 3х4,szklarnie poliwęglanowe 6mm,3,0,0.0,0.0
2026-09-22,wymiary | poliwęglan 3х4,szklarnie przydomowe,1,0,0.0,0.0
2026-09-22,wymiary | poliwęglan 3х4,szklarnie z poliwęglanu,30,4,2.56,1.5
2026-09-22,wymiary | poliwęglan 3х4,szklarnie z poliwęglanu 3x4,4,0,0.0,0.0
2026-09-22,wymiary | poliwęglan 3х4,szklarnie z poliwęglanu 6 mm,1,0,0.0,0.0
2026-09-22,wymiary | poliwęglan 3х4,szklarnie z poliwęglanu białystok,2,0,0.0,0.0
2026-09-22,wymiary | poliwęglan 3х4,szklarnie z poliwęglanu promocje,1,1,0.47,0.0
2026-09-22,wymiary | poliwęglan 3х4,tunel na jarzyny,2,0,0.0,0.0
2026-09-22,wymiary | poliwęglan 3х4,tunel na warzywa,6,0,0.0,0.0
2026-09-22,wymiary | poliwęglan 3х4,tunel ogrodniczy,1,0,0.0,0.0
2026-09-22,wymiary | poliwęglan 3х4,tunel ogrodowy,41,1,0.24,0.0
2026-09-22,wymiary | poliwęglan 3х4,tunel ogrodowy 3x4,10,3,0.83,0.0
2026-09-22,wymiary | poliwęglan 3х4,tunel ogrodowy 3x6,1,0,0.0,0.0
2026-09-22,wymiary | poliwęglan 3х4,tunel ogrodowy mocny,1,1,0.15,0.0
2026-09-22,wymiary | poliwęglan 3х4,tunel ogrodowy wyprzedaż,4,0,0.0,0.0
2026-09-22,wymiary | poliwęglan 3х4,tunel ogrodowy wysoki,1,0,0.0,0.0
2026-09-22,wymiary | poliwęglan 3х4,tunel ogrodowy z poliwęglanu,4,1,1.09,0.0
2026-09-22,wymiary | poliwęglan 3х4,tunel poliwęglan,1,0,0.0,0.0
2026-09-22,wymiary | poliwęglan 3х4,tunel poliwęglan 3x4,1,0,0.0,0.0
2026-09-22,wymiary | poliwęglan 3х4,tunel z poliweglanu,1,0,0.0,0.0
2026-09-22,wymiary | poliwęglan 3х4,tunel z poliwęglanu,5,1,0.24,0.0
2026-09-22,wymiary | poliwęglan 3х4,tunel z poliwęglanu 3x4,4,0,0.0,0.0
2026-09-22,wymiary | poliwęglan 3х4,tunel z pomidorami,1,0,0.0,0.0
2026-09-22,wymiary | poliwęglan 3х4,tunele do ogrodu,1,0,0.0,0.0
2026-09-22,wymiary | poliwęglan 3х4,tunele i szklarnie ogrodowe,1,0,0.0,0.0
2026-09-22,wymiary | poliwęglan 3х4,tunele ogrodowe,4,0,0.0,0.0
2026-09-22,wymiary | poliwęglan 3х4,wesoly rolnik,1,0,0.0,0.0
2026-09-22,wymiary | poliwęglan 3х4,wesoły ogrodnik,1,0,0.0,0.0
2026-09-22,cieplarnie z poliwęglanu,cieplarnie z poliwęglanu,4,0,0.0,0.0
2026-09-22,namioty z poliwęglanu,namiot ogrodniczy z poliwęglanu,1,1,0.21,0.0
2026-09-22,namioty z poliwęglanu,namiot ogrodowy poliwęglan,3,0,0.0,0.0
2026-09-22,namioty z poliwęglanu,namiot ogrodowy z poliwęglanu,3,0,0.0,0.0
2026-09-22,namioty z poliwęglanu,namiot poliwęglanowy,1,0,0.0,0.0
2026-09-22,namioty z poliwęglanu,namiot z poliweglanu,1,0,0.0,0.0
2026-09-22,namioty z poliwęglanu,namioty poliwęglanowe,2,0,0.0,0.0
2026-09-22,szklarnie z poliwęglanu [exact],szklarnia z poliwęglanu,94,8,5.76,0.0
2026-09-22,szklarnie z poliwęglanu [phrase],antiga producent szklarni z poliweglanu,1,0,0.0,0.0
2026-09-22,szklarnie z poliwęglanu [phrase],poli szklarnia pl,1,0,0.0,0.0
2026-09-22,szklarnie z poliwęglanu [phrase],poligreen szklarnie,2,0,0.0,0.0
2026-09-22,szklarnie z poliwęglanu [phrase],poliwęglan szklarnie ogrodowe,2,0,0.0,0.0
2026-09-22,szklarnie z poliwęglanu [phrase],polska szklarnia z poliwęglanu,1,0,0.0,0.0
2026-09-22,szklarnie z poliwęglanu [phrase],polskie szklarnie z poliwęglanu,1,1,0.58,0.0
2026-09-22,szklarnie z poliwęglanu [phrase],producenci szklarni z poliwęglanu,1,0,0.0,0.0
2026-09-22,szklarnie z poliwęglanu [phrase],profimet,1,0,0.0,0.0
2026-09-22,szklarnie z poliwęglanu [phrase],profimet producent szklarni ogrodowych z poliwęglanu,2,0,0.0,0.0
2026-09-22,szklarnie z poliwęglanu [phrase],profimet szklarnie,9,4,4.98,0.0
2026-09-22,szklarnie z poliwęglanu [phrase],profimet szklarnie z poliwęglanu,2,1,0.49,0.0
2026-09-22,szklarnie z poliwęglanu [phrase],szklarni z poliwęglanu,1,0,0.0,0.0
2026-09-22,szklarnie z poliwęglanu [phrase],szklarnia ogrodowa,4,0,0.0,0.0
2026-09-22,szklarnie z poliwęglanu [phrase],szklarnia ogrodowa plastikowa,1,0,0.0,0.0
2026-09-22,szklarnie z poliwęglanu [phrase],szklarnia poliweglan,1,0,0.0,0.0
2026-09-22,szklarnie z poliwęglanu [phrase],szklarnia poliwęglan,2,2,1.08,0.0
2026-09-22,szklarnie z poliwęglanu [phrase],szklarnia poliwęglan 10mm,1,0,0.0,0.0
2026-09-22,szklarnie z poliwęglanu [phrase],szklarnia poliwęglan 2x2,1,0,0.0,0.0
2026-09-22,szklarnie z poliwęglanu [phrase],szklarnia poliwęglan 6mm,1,1,0.66,0.0
2026-09-22,szklarnie z poliwęglanu [phrase],szklarnia poliwęglanowa,1,0,0.0,0.0
2026-09-22,szklarnie z poliwęglanu [phrase],szklarnia profimet mocna,2,0,0.0,0.0
2026-09-22,szklarnie z poliwęglanu [phrase],szklarnia z poliweglanu,3,0,0.0,0.0
2026-09-22,szklarnie z poliwęglanu [phrase],szklarnia z poliwęglanu 2 5x4,4,0,0.0,0.0
2026-09-22,szklarnie z poliwęglanu [phrase],szklarnia z poliwęglanu 8 mm,4,0,0.0,0.0
2026-09-22,szklarnie z poliwęglanu [phrase],szklarnia z poliwęglanu na wymiar,2,0,0.0,0.0
2026-09-22,szklarnie z poliwęglanu [phrase],szklarnia z poliwęglanu polski producent,2,0,0.0,0.0
2026-09-22,szklarnie z poliwęglanu [phrase],szklarnia z poliwęglanu wyprzedaż,5,1,0.36,0.0
2026-09-22,szklarnie z poliwęglanu [phrase],szklarnia z poliwęglanu z rynnami,1,0,0.0,0.0
2026-09-22,szklarnie z poliwęglanu [phrase],szklarnie ogrodowe,3,0,0.0,0.0
2026-09-22,szklarnie z poliwęglanu [phrase],szklarnie ogrodowe z poliwęglanu,2,0,0.0,0.0
2026-09-22,szklarnie z poliwęglanu [phrase],szklarnie poliwęglanowe 6mm,6,1,0.95,0.0
2026-09-22,szklarnie z poliwęglanu [phrase],szklarnie z poliweglanu,5,3,2.75,0.0
2026-09-22,szklarnie z poliwęglanu [phrase],szklarnie z poliwęglanu 6 mm,2,2,1.99,0.0
2026-09-22,szklarnie z poliwęglanu [phrase],tunel ogrodowy z poliwęglanu,2,0,0.0,0.0
2026-09-22,szklarnie z poliwęglanu producent,polskie szklarnie z poliwęglanu,1,0,0.0,0.0
2026-09-22,tunele z poliwęglanu,polskie tunele z poliwęglanu,1,1,0.23,0.0
2026-09-22,tunele z poliwęglanu,tunel na warzywa z poliwęglanu,1,0,0.0,0.0
2026-09-22,tunele z poliwęglanu,tunel ogrodowy z poliwęglanu,3,0,0.0,0.0
2026-09-22,tunele z poliwęglanu,tunel poliwęglan,6,0,0.0,0.0
2026-09-22,tunele z poliwęglanu,tunel z poliwęglanu,2,0,0.0,0.0
2026-09-22,tunele z poliwęglanu,tunele ogrodowe z poliwęglanu,6,4,1.03,0.0
2026-09-22,tunele z poliwęglanu,tunele poliwęglanowe,2,1,0.36,0.0
2026-09-22,tunele z poliwęglanu,tunele z poliwęglanu,13,6,5.37,0.0
2026-09-22,wymiary | poliwęglan 4х6,1 kup pl,2,0,0.0,0.0
2026-09-22,wymiary | poliwęglan 4х6,1 szklarnia pl,1,1,0.64,0.0
2026-09-22,wymiary | poliwęglan 4х6,alistan agro,1,0,0.0,0.0
2026-09-22,wymiary | poliwęglan 4х6,alistan shop,2,1,0.32,0.0
2026-09-22,wymiary | poliwęglan 4х6,cieplarnia pl,3,0,0.0,0.0
2026-09-22,wymiary | poliwęglan 4х6,modna szklarnia pl,1,0,0.0,0.0
2026-09-22,wymiary | poliwęglan 4х6,namiot na pomidory z poliwęglanu,1,0,0.0,0.0
2026-09-22,wymiary | poliwęglan 4х6,namiot na warzywa,2,0,0.0,0.0
2026-09-22,wymiary | poliwęglan 4х6,namiot ogrodowy szklarnia,1,0,0.0,0.0
2026-09-22,wymiary | poliwęglan 4х6,nowaszklarnia,6,0,0.0,0.0
2026-09-22,wymiary | poliwęglan 4х6,poligreen poliwęglan,1,0,0.0,0.0
2026-09-22,wymiary | poliwęglan 4х6,poligreen zhuk sp k,1,0,0.0,0.0
2026-09-22,wymiary | poliwęglan 4х6,poliwęglan,2,1,1.05,0.0
2026-09-22,wymiary | poliwęglan 4х6,poliwęglan szklarnia,2,0,0.0,0.0
2026-09-22,wymiary | poliwęglan 4х6,polska szklarnia,2,0,0.0,0.0
2026-09-22,wymiary | poliwęglan 4х6,polskie szklarnie ogrodowe,1,0,0.0,0.0
2026-09-22,wymiary | poliwęglan 4х6,profimet,2,1,3.14,0.0
2026-09-22,wymiary | poliwęglan 4х6,profimet szklarnie,1,0,0.0,0.0
2026-09-22,wymiary | poliwęglan 4х6,przydomowa szklarnia,1,0,0.0,0.0
2026-09-22,wymiary | poliwęglan 4х6,szklarnia,10,0,0.0,0.0
2026-09-22,wymiary | poliwęglan 4х6,szklarnia 4 x 6,1,0,0.0,0.0
2026-09-22,wymiary | poliwęglan 4х6,szklarnia 4x8,1,0,0.0,0.0
2026-09-22,wymiary | poliwęglan 4х6,szklarnia 6x3,1,0,0.0,0.0
2026-09-22,wymiary | poliwęglan 4х6,szklarnia duza,1,0,0.0,0.0
2026-09-22,wymiary | poliwęglan 4х6,szklarnia hestia,1,0,0.0,0.0
2026-09-22,wymiary | poliwęglan 4х6,szklarnia na pomidory,1,0,0.0,0.0
2026-09-22,wymiary | poliwęglan 4х6,szklarnia ogrodowa,7,0,0.0,0.0
2026-09-22,wymiary | poliwęglan 4х6,szklarnia ogrodowa 4x6,1,0,0.0,0.0
2026-09-22,wymiary | poliwęglan 4х6,szklarnia ogrodowa pomidor premium poliwęglan 210x271,1,0,0.0,0.0
2026-09-22,wymiary | poliwęglan 4х6,szklarnia ogórek,1,0,0.0,0.0
2026-09-22,wymiary | poliwęglan 4х6,szklarnia poliwęglan,3,0,0.0,0.0
2026-09-22,wymiary | poliwęglan 4х6,szklarnia sklep,1,0,0.0,0.0
2026-09-22,wymiary | poliwęglan 4х6,szklarnia z poliweglanu,1,0,0.0,0.0
2026-09-22,wymiary | poliwęglan 4х6,szklarnia z poliwęglanu 3x6 producent,1,0,0.0,0.0
2026-09-22,wymiary | poliwęglan 4х6,szklarnia z poliwęglanu 4x6,2,2,0.86,0.0
2026-09-22,wymiary | poliwęglan 4х6,szklarnia z poliwęglanu 4x6 producent,1,0,0.0,0.0
2026-09-22,wymiary | poliwęglan 4х6,szklarnia z poliwęglanu 6x3,2,0,0.0,0.0
2026-09-22,wymiary | poliwęglan 4х6,szklarnia z profili aluminiowych,1,0,0.0,0.0
2026-09-22,wymiary | poliwęglan 4х6,szklarnia z rozsada,1,0,0.0,0.0
2026-09-22,wymiary | poliwęglan 4х6,szklarnie,6,0,0.0,0.0
2026-09-22,wymiary | poliwęglan 4х6,szklarnie ogrodowe cena,1,0,0.0,0.0
2026-09-22,wymiary | poliwęglan 4х6,szklarnie poliweglan,1,0,0.0,0.0
2026-09-22,wymiary | poliwęglan 4х6,szklarnie tutaj pl,2,0,0.0,0.0
2026-09-22,wymiary | poliwęglan 4х6,szklarnie z poliwęglanu,9,0,0.0,0.0
2026-09-22,wymiary | poliwęglan 4х6,szklarnie z poliwęglanu 4x6,6,1,0.2,0.0
2026-09-22,wymiary | poliwęglan 4х6,tanie tunele ogrodowe,1,0,0.0,0.0
2026-09-22,wymiary | poliwęglan 4х6,tunel 3x6,1,0,0.0,0.0
2026-09-22,wymiary | poliwęglan 4х6,tunel na pomidory,1,0,0.0,0.0
2026-09-22,wymiary | poliwęglan 4х6,tunel na warzywa,1,0,0.0,0.0
2026-09-22,wymiary | poliwęglan 4х6,tunel ogrodowy,6,0,0.0,0.0
2026-09-22,wymiary | poliwęglan 4х6,tunel ogrodowy 3x6,7,0,0.0,0.0
2026-09-22,wymiary | poliwęglan 4х6,tunel warzywa,1,0,0.0,0.0
2026-09-22,wymiary | poliwęglan 4х6,tunel z poliwęglanu 4x6,2,0,0.0,0.0
2026-09-22,wymiary | poliwęglan 4х6,tunele do ogrodu,1,0,0.0,0.0
2026-09-22,wymiary | poliwęglan 4х6,wesoly rolnik,3,0,0.0,0.0
2026-09-22,wymiary | poliwęglan 4х6,wesoły ogrodnik,1,0,0.0,0.0
2026-09-22,wymiary | poliwęglan 4х6,ładna szklarnia,1,0,0.0,0.0
2026-09-22,wymiary | poliwęglan 4х8,szklarnia poliwęglan 4x8,2,0,0.0,0.0
2026-09-22,wymiary | poliwęglan 4х8,szklarnia z poliwęglanu 4x8,1,0,0.0,0.0
2026-09-22,wymiary | poliwęglan 4х8,tunel z poliwęglanu 4x8,3,1,0.47,0.0
2026-09-22,wymiary | poliwęglan 2х4,poliweglan,2,0,0.0,0.0
2026-09-22,wymiary | poliwęglan 2х4,poliwęglan,1,0,0.0,0.0
2026-09-22,wymiary | poliwęglan 2х4,poliwęglan komórkowy,1,0,0.0,0.0
2026-09-22,wymiary | poliwęglan 2х4,profimet szklarnie,1,0,0.0,0.0
2026-09-22,wymiary | poliwęglan 2х4,szklarnia ogrodowa 4x2,1,0,0.0,0.0
2026-09-22,wymiary | poliwęglan 2х4,szklarnia z poliwęglanu 2x4,11,2,2.16,0.0
2026-09-22,wymiary | poliwęglan 2х4,tunel z poliwęglanu 2x4,2,0,0.0,0.0
2026-09-22,mala szklarnia z poliweglanu,cieplarki z poliwęglanu,1,0,0.0,0.0
2026-09-22,mala szklarnia z poliweglanu,farmer tunele,2,0,0.0,0.0
2026-09-22,mala szklarnia z poliweglanu,febe store,1,0,0.0,0.0
2026-09-22,mala szklarnia z poliweglanu,greenhouse,2,0,0.0,0.0
2026-09-22,mala szklarnia z poliweglanu,mala szklarnia z poliweglanu,4,0,0.0,0.0
2026-09-22,mala szklarnia z poliweglanu,male szklarnie,2,0,0.0,0.0
2026-09-22,mala szklarnia z poliweglanu,mała szklarnia,3,0,0.0,0.0
2026-09-22,mala szklarnia z poliweglanu,mała szklarnia ogrodowa,1,0,0.0,0.0
2026-09-22,mala szklarnia z poliweglanu,mała szklarnia ogrodowa z poliwęglanu,1,0,0.0,0.0
2026-09-22,mala szklarnia z poliweglanu,małe szklarnie,1,0,0.0,0.0
2026-09-22,mala szklarnia z poliweglanu,małe szklarnie ogrodowe,1,0,0.0,0.0
2026-09-22,mala szklarnia z poliweglanu,małe szklarnie z poliwęglanu,1,0,0.0,0.0
2026-09-22,mala szklarnia z poliweglanu,namiot ogrodowy szklarnia,1,0,0.0,0.0
2026-09-22,mala szklarnia z poliweglanu,oteko szklarnia,2,0,0.0,0.0
2026-09-22,mala szklarnia z poliweglanu,poligreen,2,0,0.0,0.0
2026-09-22,mala szklarnia z poliweglanu,polska szklarnia z poliwęglanu,1,0,0.0,0.0
2026-09-22,mala szklarnia z poliweglanu,polskaszklarnia eu,1,0,0.0,0.0
2026-09-22,mala szklarnia z poliweglanu,profimet szklarnie,17,6,5.19,0.5
2026-09-22,mala szklarnia z poliweglanu,sensorie,1,0,0.0,0.0
2026-09-22,mala szklarnia z poliweglanu,szklarenki,1,0,0.0,0.0
2026-09-22,mala szklarnia z poliweglanu,szklarnia,1,0,0.0,0.0
2026-09-22,mala szklarnia z poliweglanu,szklarnia 2x4,2,0,0.0,0.0
2026-09-22,mala szklarnia z poliweglanu,szklarnia 3 2,2,0,0.0,0.0
2026-09-22,mala szklarnia z poliweglanu,szklarnia 3 x 2,1,0,0.0,0.0
2026-09-22,mala szklarnia z poliweglanu,szklarnia na pomidory,1,1,0.21,0.0
2026-09-22,mala szklarnia z poliweglanu,szklarnia na wymiar,1,0,0.0,0.0
2026-09-22,mala szklarnia z poliweglanu,szklarnia ogrodowa 2x2,1,0,0.0,0.0
2026-09-22,mala szklarnia z poliweglanu,szklarnia z fundamentem,2,1,0.22,0.0
2026-09-22,mala szklarnia z poliweglanu,szklarnia z poliweglanu,4,0,0.0,0.0
2026-09-22,mala szklarnia z poliweglanu,szklarnia z poliwęglanu 2 5x4,3,0,0.0,0.0
2026-09-22,mala szklarnia z poliweglanu,szklarnia z poliwęglanu 2x2,2,0,0.0,0.0
2026-09-22,mala szklarnia z poliweglanu,szklarnia z rozsada,1,0,0.0,0.0
2026-09-22,mala szklarnia z poliweglanu,szklarnia zimowa,1,0,0.0,0.0
2026-09-22,mala szklarnia z poliweglanu,szklarnie,3,0,0.0,0.0
2026-09-22,mala szklarnia z poliweglanu,szklarnie ogrodowe wyprzedaż,3,0,0.0,0.0
2026-09-22,mala szklarnia z poliweglanu,tania szklarnia ogrodowa,1,0,0.0,0.0
2026-09-22,mala szklarnia z poliweglanu,tanie szklarnie z poliwęglanu,1,0,0.0,0.0
2026-09-22,mala szklarnia z poliweglanu,tunele farmer,1,0,0.0,0.0
2026-09-22,mala szklarnia z poliweglanu,tunele hodowlane,1,0,0.0,0.0
2026-09-22,mala szklarnia z poliweglanu,wesoly rolnik,1,0,0.0,0.0
2026-09-23,wymiary | poliwęglan 3х6,szklarnia 3x6,2,0,0.0,0.0
2026-09-23,wymiary | poliwęglan 3х6,szklarnia 3x6 poliwęglan,1,0,0.0,0.0
2026-09-23,wymiary | poliwęglan 3х6,szklarnia poliwęglan 3x6,6,1,0.55,0.0
2026-09-23,wymiary | poliwęglan 3х6,szklarnia z poliwęglanu 3 x 6,1,0,0.0,0.0
2026-09-23,wymiary | poliwęglan 3х6,szklarnia z poliwęglanu 3x6,12,1,0.6,0.0
2026-09-23,wymiary | poliwęglan 3х6,szklarnia z poliwęglanu 3x6 6mm,2,0,0.0,0.0
2026-09-23,wymiary | poliwęglan 3х6,szklarnia z poliwęglanu 3x6 cena,1,0,0.0,0.0
2026-09-23,wymiary | poliwęglan 3х6,szklarnia z poliwęglanu 3x6 producent,6,0,0.0,0.0
2026-09-23,wymiary | poliwęglan 3х6,szklarnia z poliwęglanu 3x6 producent 6mm,4,0,0.0,0.0
2026-09-23,wymiary | poliwęglan 3х6,szklarnia z poliwęglanu 3x6 promocja,11,2,0.46,0.0
2026-09-23,wymiary | poliwęglan 3х6,szklarnia z poliwęglanu 3x6 z fundamentem,2,0,0.0,0.0
2026-09-23,wymiary | poliwęglan 3х6,szklarnie ogrodowe z poliwęglanu 3x6,2,0,0.0,0.0
2026-09-23,wymiary | poliwęglan 3х6,szklarnie poliwęglanowe 3x6,2,0,0.0,0.0
2026-09-23,wymiary | poliwęglan 3х6,szklarnie z poliwęglanu 3x6,2,0,0.0,0.0
2026-09-23,wymiary | poliwęglan 3х6,tunel 3x6 z poliwęglanu,2,0,0.0,0.0
2026-09-23,wymiary | poliwęglan 3х6,tunel ogrodowy z poliwęglanu 3x6,1,0,0.0,0.0
2026-09-23,wymiary | poliwęglan 3х6,tunel poliwęglan 3x6,2,1,0.31,0.0
2026-09-23,wymiary | poliwęglan 3х6,tunel z poliwęglanu 3x6,4,0,0.0,0.0
2026-09-23,wymiary | poliwęglan 3х6,tunel z poliwęglanu 3x6 6mm,1,1,1.01,0.0
2026-09-23,wymiary | poliwęglan 3х6,tunel z poliwęglanu 3x6m,4,0,0.0,0.0
2026-09-23,wymiary | poliwęglan 3х4,alistan agro,1,0,0.0,0.0
2026-09-23,wymiary | poliwęglan 3х4,cultivo,1,0,0.0,0.0
2026-09-23,wymiary | poliwęglan 3х4,farmer tunele,1,0,0.0,0.0
2026-09-23,wymiary | poliwęglan 3х4,foljaki,2,0,0.0,0.0
2026-09-23,wymiary | poliwęglan 3х4,ile wytrzymuje poliwęglan na szklarni,1,0,0.0,0.0
2026-09-23,wymiary | poliwęglan 3х4,jakiej firmy szklarnia z poliwęglanu,1,0,0.0,0.0
2026-09-23,wymiary | poliwęglan 3х4,małe szklarnie na pomidory,1,0,0.0,0.0
2026-09-23,wymiary | poliwęglan 3х4,małe tunele,2,0,0.0,0.0
2026-09-23,wymiary | poliwęglan 3х4,mały tunel ogrodowy,1,0,0.0,0.0
2026-09-23,wymiary | poliwęglan 3х4,namiot na pomidory,4,0,0.0,0.0
2026-09-23,wymiary | poliwęglan 3х4,namiot na pomidory 3x4,3,0,0.0,0.0
2026-09-23,wymiary | poliwęglan 3х4,namiot na warzywa,2,0,0.0,0.0
2026-09-23,wymiary | poliwęglan 3х4,namiot szklarnia,1,0,0.0,0.0
2026-09-23,wymiary | poliwęglan 3х4,namiot szklarniowy,1,0,0.0,0.0
2026-09-23,wymiary | poliwęglan 3х4,namiot z poliwęglanu,2,0,0.0,0.0
2026-09-23,wymiary | poliwęglan 3х4,namioty ogrodnicze,2,0,0.0,0.0
2026-09-23,wymiary | poliwęglan 3х4,poli szklarnia pl,1,0,0.0,0.0
2026-09-23,wymiary | poliwęglan 3х4,poligreen,4,1,0.65,0.0
2026-09-23,wymiary | poliwęglan 3х4,polski producent szklarni ogrodowych,2,1,0.72,0.0
2026-09-23,wymiary | poliwęglan 3х4,pomidor premium,2,0,0.0,0.0
2026-09-23,wymiary | poliwęglan 3х4,producent szklarni ogrodowych,2,0,0.0,0.0
2026-09-23,wymiary | poliwęglan 3х4,producent szklarni z poliwęglanu,5,2,1.94,0.0
2026-09-23,wymiary | poliwęglan 3х4,profimet szklarnie z poliwęglanu,1,0,0.0,0.0
2026-09-23,wymiary | poliwęglan 3х4,szklarnia,12,0,0.0,0.0
2026-09-23,wymiary | poliwęglan 3х4,szklarnia 2 5x4,1,0,0.0,0.0
2026-09-23,wymiary | poliwęglan 3х4,szklarnia 3 5,1,0,0.0,0.0
2026-09-23,wymiary | poliwęglan 3х4,szklarnia 3x2,2,0,0.0,0.0
2026-09-23,wymiary | poliwęglan 3х4,szklarnia 3x4,1,0,0.0,0.0
2026-09-23,wymiary | poliwęglan 3х4,szklarnia 4x4,1,0,0.0,0.0
2026-09-23,wymiary | poliwęglan 3х4,szklarnia na zamówienie,1,0,0.0,0.0
2026-09-23,wymiary | poliwęglan 3х4,szklarnia ogrodowa,3,0,0.0,0.0
2026-09-23,wymiary | poliwęglan 3х4,szklarnia ogrodowa 2.5 x4,1,0,0.0,0.0
2026-09-23,wymiary | poliwęglan 3х4,szklarnia ogrodowa 3x4 z poliwęglanu solid mocna,4,0,0.0,0.0
2026-09-23,wymiary | poliwęglan 3х4,szklarnia ogrodowa 4x4,1,0,0.0,0.0
2026-09-23,wymiary | poliwęglan 3х4,szklarnia ogrodowa z poliwęglanu,1,0,0.0,0.0
2026-09-23,wymiary | poliwęglan 3х4,szklarnia poliwęglan,2,0,0.0,0.0
2026-09-23,wymiary | poliwęglan 3х4,szklarnia poliwęglan 3x4,3,0,0.0,0.0
2026-09-23,wymiary | poliwęglan 3х4,szklarnia pomidor,1,0,0.0,0.0
2026-09-23,wymiary | poliwęglan 3х4,szklarnia z poliweglanu 3x4,2,1,0.53,0.0
2026-09-23,wymiary | poliwęglan 3х4,szklarnia z poliwęglanu 2 5x4,2,2,0.57,0.0
2026-09-23,wymiary | poliwęglan 3х4,szklarnia z poliwęglanu 3 x 4,1,0,0.0,0.0
2026-09-23,wymiary | poliwęglan 3х4,szklarnia z poliwęglanu 3x4,6,1,0.57,0.0
2026-09-23,wymiary | poliwęglan 3х4,szklarnia z poliwęglanu 3x4 6mm,5,1,0.96,0.0
2026-09-23,wymiary | poliwęglan 3х4,szklarnia z poliwęglanu 3x4 producent,4,1,0.68,0.0
2026-09-23,wymiary | poliwęglan 3х4,szklarnia z poliwęglanu jaką wybrać,1,0,0.0,0.0
2026-09-23,wymiary | poliwęglan 3х4,szklarnia z poliwęglanu promocja,1,0,0.0,0.0
2026-09-23,wymiary | poliwęglan 3х4,szklarnia zimowa,1,0,0.0,0.0
2026-09-23,wymiary | poliwęglan 3х4,szklarnie,2,0,0.0,0.0
2026-09-23,wymiary | poliwęglan 3х4,szklarnie ogrodowe,2,0,0.0,0.0
2026-09-23,wymiary | poliwęglan 3х4,szklarnie ogrodowe wyprzedaż,1,0,0.0,0.0
2026-09-23,wymiary | poliwęglan 3х4,szklarnie online,1,0,0.0,0.0
2026-09-23,wymiary | poliwęglan 3х4,szklarnie poliwęglanowe,1,0,0.0,0.0
2026-09-23,wymiary | poliwęglan 3х4,szklarnie z poliwęglanu,25,1,0.38,0.0
2026-09-23,wymiary | poliwęglan 3х4,szklarnie z poliwęglanu 3x4,8,2,1.61,0.0
2026-09-23,wymiary | poliwęglan 3х4,szklarnie łódź,1,0,0.0,0.0
2026-09-23,wymiary | poliwęglan 3х4,tunel do warzyw,3,1,0.1,0.0
2026-09-23,wymiary | poliwęglan 3х4,tunel na pomidory z poliwęglanu,1,0,0.0,0.0
2026-09-23,wymiary | poliwęglan 3х4,tunel na warzywa,4,0,0.0,0.0
2026-09-23,wymiary | poliwęglan 3х4,tunel na warzywa z poliwęglanu,1,0,0.0,0.0
2026-09-23,wymiary | poliwęglan 3х4,tunel ogrodowy,33,1,0.47,0.0
2026-09-23,wymiary | poliwęglan 3х4,tunel ogrodowy 3x4,7,0,0.0,0.0
2026-09-23,wymiary | poliwęglan 3х4,tunel ogrodowy brico,1,0,0.0,0.0
2026-09-23,wymiary | poliwęglan 3х4,tunel ogrodowy poliwęglan 3x4,1,1,0.87,0.0
2026-09-23,wymiary | poliwęglan 3х4,tunel ogrodowy wyprzedaż,4,0,0.0,0.0
2026-09-23,wymiary | poliwęglan 3х4,tunel ogrodowy z poliwęglanu,3,1,0.14,0.0
2026-09-23,wymiary | poliwęglan 3х4,tunel poliwęglan,4,1,1.05,0.0
2026-09-23,wymiary | poliwęglan 3х4,tunel poliwęglan 3x4,2,0,0.0,0.0
2026-09-23,wymiary | poliwęglan 3х4,tunel poliwęglanowy,2,0,0.0,0.0
2026-09-23,wymiary | poliwęglan 3х4,tunel szklarnia z poliwęglanu,1,0,0.0,0.0
2026-09-23,wymiary | poliwęglan 3х4,tunel z poliweglanu,1,0,0.0,0.0
2026-09-23,wymiary | poliwęglan 3х4,tunel z poliwęglanu,3,1,0.29,0.0
2026-09-23,wymiary | poliwęglan 3х4,tunel z poliwęglanu 3x4,3,0,0.0,0.0
2026-09-23,wymiary | poliwęglan 3х4,tunele na pomidory,2,0,0.0,0.0
2026-09-23,wymiary | poliwęglan 3х4,tunele ogrodowe,5,0,0.0,0.0
2026-09-23,wymiary | poliwęglan 3х4,wesoly rolnik,2,0,0.0,0.0
2026-09-23,wymiary | poliwęglan 3х4,wesoły rolnik,3,0,0.0,0.0
2026-09-23,wymiary | poliwęglan 3х8,tunel poliwęglan 3x8,1,0,0.0,0.0
2026-09-23,wymiary | poliwęglan 3х8,tunel z poliwęglanu 3x8,5,0,0.0,0.0
2026-09-23,namioty z poliwęglanu,namiot ogrodowy 3x6 z poliwęglanu,6,0,0.0,0.0
2026-09-23,namioty z poliwęglanu,namiot poliweglan,1,0,0.0,0.0
2026-09-23,namioty z poliwęglanu,namiot z poliwęglanu,3,0,0.0,0.0
2026-09-23,namioty z poliwęglanu,namioty ogrodowe z poliweglanu,2,0,0.0,0.0
2026-09-23,namioty z poliwęglanu,poliwęglan namiot,1,0,0.0,0.0
2026-09-23,namioty z poliwęglanu,tunel ogrodowy z poliwęglanu,2,0,0.0,0.0
2026-09-23,namioty z poliwęglanu,tunel poliwęglan,1,0,0.0,0.0
2026-09-23,szklarnie z poliwęglanu [exact],szklarnia z poliwęglanu,78,4,2.66,0.0
2026-09-23,szklarnie z poliwęglanu [exact],szklarnie poliweglanowe,1,0,0.0,0.0
2026-09-23,szklarnie z poliwęglanu [phrase],ile wytrzymuje poliwęglan na szklarni,2,0,0.0,0.0
2026-09-23,szklarnie z poliwęglanu [phrase],najtańsza szklarnia z poliwęglanu,1,0,0.0,0.0
2026-09-23,szklarnie z poliwęglanu [phrase],poli szklarnia pl,1,0,0.0,0.0
2026-09-23,szklarnie z poliwęglanu [phrase],polska szklarnia z poliwęglanu,1,0,0.0,0.0
2026-09-23,szklarnie z poliwęglanu [phrase],producent szklarni z poliwęglanu,1,0,0.0,0.0
2026-09-23,szklarnie z poliwęglanu [phrase],profimet,2,0,0.0,0.0
2026-09-23,szklarnie z poliwęglanu [phrase],profimet szklarnia,2,1,3.85,0.0
2026-09-23,szklarnie z poliwęglanu [phrase],profimet szklarnie,2,0,0.0,0.0
2026-09-23,szklarnie z poliwęglanu [phrase],profimet szklarnie z poliwęglanu,3,3,6.1,0.0
2026-09-23,szklarnie z poliwęglanu [phrase],szklarnia 3.5 x6,1,0,0.0,0.0
2026-09-23,szklarnie z poliwęglanu [phrase],szklarnia ogrodowa,6,0,0.0,0.0
2026-09-23,szklarnie z poliwęglanu [phrase],szklarnia ogrodowa z poliwęglanu,2,0,0.0,0.0
2026-09-23,szklarnie z poliwęglanu [phrase],szklarnia poliweglan,1,0,0.0,0.0
2026-09-23,szklarnie z poliwęglanu [phrase],szklarnia poliwęglan,2,0,0.0,0.0
2026-09-23,szklarnie z poliwęglanu [phrase],szklarnia poliwęglanowa,2,0,0.0,0.0
2026-09-23,szklarnie z poliwęglanu [phrase],szklarnia pomidor,1,0,0.0,0.0
2026-09-23,szklarnie z poliwęglanu [phrase],szklarnia z litego poliweglanu,2,0,0.0,0.0
2026-09-23,szklarnie z poliwęglanu [phrase],szklarnia z poliweglanu,2,0,0.0,0.0
2026-09-23,szklarnie z poliwęglanu [phrase],szklarnia z poliwęglanu 2 4x4,1,0,0.0,0.0
2026-09-23,szklarnie z poliwęglanu [phrase],szklarnia z poliwęglanu 2 5x4,1,0,0.0,0.0
2026-09-23,szklarnie z poliwęglanu [phrase],szklarnia z poliwęglanu 250 x 190 x 205 cm,1,0,0.0,0.0
2026-09-23,szklarnie z poliwęglanu [phrase],szklarnia z poliwęglanu 3x8,1,0,0.0,0.0
2026-09-23,szklarnie z poliwęglanu [phrase],szklarnia z poliwęglanu 4x10,1,0,0.0,0.0
2026-09-23,szklarnie z poliwęglanu [phrase],szklarnia z poliwęglanu 4x12,1,0,0.0,0.0
2026-09-23,szklarnie z poliwęglanu [phrase],szklarnia z poliwęglanu 4x4,3,2,1.44,0.0
2026-09-23,szklarnie z poliwęglanu [phrase],szklarnia z poliwęglanu 8 mm,3,1,0.67,0.0
2026-09-23,szklarnie z poliwęglanu [phrase],szklarnia z poliwęglanu komorowego,2,0,0.0,0.0
2026-09-23,szklarnie z poliwęglanu [phrase],szklarnia z poliwęglanu promocja,1,0,0.0,0.0
2026-09-23,szklarnie z poliwęglanu [phrase],szklarnia z poliwęglanu wyprzedaż,1,0,0.0,0.0
2026-09-23,szklarnie z poliwęglanu [phrase],szklarnie ogrodowe,3,1,0.63,0.0
2026-09-23,szklarnie z poliwęglanu [phrase],szklarnie ogrodowe z poliwęglanu,4,2,1.52,0.0
2026-09-23,szklarnie z poliwęglanu [phrase],szklarnie poliuretanowe,2,1,0.33,0.0
2026-09-23,szklarnie z poliwęglanu [phrase],szklarnie poliwęglan,1,0,0.0,0.0
2026-09-23,szklarnie z poliwęglanu [phrase],szklarnie poliwęglanowe,2,2,1.36,0.0
2026-09-23,szklarnie z poliwęglanu [phrase],szklarnie poliwęglanowe 6mm,1,0,0.0,0.0
2026-09-23,szklarnie z poliwęglanu [phrase],szklarnie profimet,2,1,0.33,0.0
2026-09-23,szklarnie z poliwęglanu [phrase],szklarnie z poliweglanu,3,1,0.5,0.0
2026-09-23,szklarnie z poliwęglanu [phrase],szklarnie z poliwęglanu 6 mm,1,1,0.71,0.0
2026-09-23,szklarnie z poliwęglanu [phrase],szklarnie z poliwęglanu z fundamentem,2,0,0.0,0.0
2026-09-23,szklarnie z poliwęglanu [phrase],tunel ogrodniczy z poliwęglanu,1,0,0.0,0.0
2026-09-23,szklarnie z poliwęglanu [phrase],tunel ogrodowy z poliwęglanu,1,0,0.0,0.0
2026-09-23,szklarnie z poliwęglanu [phrase],tunel z poliwęglanu 3x6m,1,0,0.0,0.0
2026-09-23,tunele z poliwęglanu,namiot na warzywa z poliwęglanu,2,0,0.0,0.0
2026-09-23,tunele z poliwęglanu,tunel na pomidory z poliwęglanu,1,0,0.0,0.0
2026-09-23,tunele z poliwęglanu,tunel ogrodniczy z poliwęglanu,2,0,0.0,0.0
2026-09-23,tunele z poliwęglanu,tunel ogrodowy z poliwęglanu,5,3,4.93,0.0
2026-09-23,tunele z poliwęglanu,tunel poliweglan 6x3,2,0,0.0,0.0
2026-09-23,tunele z poliwęglanu,tunel poliwęglan,4,0,0.0,0.0
2026-09-23,tunele z poliwęglanu,tunel poliwęglanowy,2,0,0.0,0.0
2026-09-23,tunele z poliwęglanu,tunel z poliwęglanu,14,0,0.0,0.0
2026-09-23,tunele z poliwęglanu,tunel z poliwęglanu 2x6,3,0,0.0,0.0
2026-09-23,tunele z poliwęglanu,tunele ogrodowe z poliwęglanu,2,0,0.0,0.0
2026-09-23,tunele z poliwęglanu,tunele z poliwęglanu,5,0,0.0,0.0
2026-09-23,wymiary | poliwęglan 4х6,agro szklarnia,2,0,0.0,0.0
2026-09-23,wymiary | poliwęglan 4х6,agro szklarnia pl,2,0,0.0,0.0
2026-09-23,wymiary | poliwęglan 4х6,alistan agro,2,0,0.0,0.0
2026-09-23,wymiary | poliwęglan 4х6,farmer tunele,1,0,0.0,0.0
2026-09-23,wymiary | poliwęglan 4х6,gotowa szklarnia,1,0,0.0,0.0
2026-09-23,wymiary | poliwęglan 4х6,mam szklarnie,1,0,0.0,0.0
2026-09-23,wymiary | poliwęglan 4х6,mam szklarnie pl,2,0,0.0,0.0
2026-09-23,wymiary | poliwęglan 4х6,modna szklarnia pl,1,0,0.0,0.0
2026-09-23,wymiary | poliwęglan 4х6,namiot szklarniowy,2,0,0.0,0.0
2026-09-23,wymiary | poliwęglan 4х6,poli green,2,0,0.0,0.0
2026-09-23,wymiary | poliwęglan 4х6,poligreen,2,0,0.0,0.0
2026-09-23,wymiary | poliwęglan 4х6,poligreen pl,1,0,0.0,0.0
2026-09-23,wymiary | poliwęglan 4х6,poligreen zhuk sp k,1,0,0.0,0.0
2026-09-23,wymiary | poliwęglan 4х6,poliwęglan,1,0,0.0,0.0
2026-09-23,wymiary | poliwęglan 4х6,poliwęglany,1,0,0.0,0.0
2026-09-23,wymiary | poliwęglan 4х6,polska szklarnia,1,0,0.0,0.0
2026-09-23,wymiary | poliwęglan 4х6,polska szklarnia eu,1,0,0.0,0.0
2026-09-23,wymiary | poliwęglan 4х6,pomidor premium,1,0,0.0,0.0
2026-09-23,wymiary | poliwęglan 4х6,profi met,2,1,3.52,1.0
2026-09-23,wymiary | poliwęglan 4х6,przedłużenie szklarni z poliwęglanu,1,1,0.22,0.0
2026-09-23,wymiary | poliwęglan 4х6,szklarnia,7,0,0.0,0.0
2026-09-23,wymiary | poliwęglan 4х6,szklarnia 3.5 x6,1,0,0.0,0.0
2026-09-23,wymiary | poliwęglan 4х6,szklarnia 4x4,1,0,0.0,0.0
2026-09-23,wymiary | poliwęglan 4х6,szklarnia 4x6,3,1,0.35,0.0
2026-09-23,wymiary | poliwęglan 4х6,szklarnia 4x6 poliwęglan,3,0,0.0,0.0
2026-09-23,wymiary | poliwęglan 4х6,szklarnia ogrodowa,2,0,0.0,0.0
2026-09-23,wymiary | poliwęglan 4х6,szklarnia ogrodowa z poliwęglanu,2,2,0.48,0.0
2026-09-23,wymiary | poliwęglan 4х6,szklarnia pl,1,0,0.0,0.0
2026-09-23,wymiary | poliwęglan 4х6,szklarnia poliwęglan,2,0,0.0,0.0
2026-09-23,wymiary | poliwęglan 4х6,szklarnia poliwęglan 4x6,2,1,0.64,0.0
2026-09-23,wymiary | poliwęglan 4х6,szklarnia poliwęglan 6x3,2,0,0.0,0.0
2026-09-23,wymiary | poliwęglan 4х6,szklarnia poliwęglanowa,3,0,0.0,0.0
2026-09-23,wymiary | poliwęglan 4х6,szklarnia półokrągła,1,0,0.0,0.0
2026-09-23,wymiary | poliwęglan 4х6,szklarnia z montazem,3,0,0.0,0.0
2026-09-23,wymiary | poliwęglan 4х6,szklarnia z poliweglanu,2,0,0.0,0.0
2026-09-23,wymiary | poliwęglan 4х6,szklarnia z poliwęglanu 3x6 promocja,1,0,0.0,0.0
2026-09-23,wymiary | poliwęglan 4х6,szklarnia z poliwęglanu 3x8,1,0,0.0,0.0
2026-09-23,wymiary | poliwęglan 4х6,szklarnia z poliwęglanu 4x6,1,0,0.0,0.0
2026-09-23,wymiary | poliwęglan 4х6,szklarnie,4,0,0.0,0.0
2026-09-23,wymiary | poliwęglan 4х6,szklarnie ogrodowe wyprzedaż,2,0,0.0,0.0
2026-09-23,wymiary | poliwęglan 4х6,szklarnie poliwęglanowe,1,0,0.0,0.0
2026-09-23,wymiary | poliwęglan 4х6,szklarnie z poliwęglanu,9,0,0.0,0.0
2026-09-23,wymiary | poliwęglan 4х6,tunel 4x8,1,0,0.0,0.0
2026-09-23,wymiary | poliwęglan 4х6,tunel ogrodniczy,2,0,0.0,0.0
2026-09-23,wymiary | poliwęglan 4х6,tunel ogrodowy,7,0,0.0,0.0
2026-09-23,wymiary | poliwęglan 4х6,tunel ogrodowy 3x6,7,0,0.0,0.0
2026-09-23,wymiary | poliwęglan 4х6,tunel ogrodowy 4x6,1,0,0.0,0.0
2026-09-23,wymiary | poliwęglan 4х6,tunel ogrodowy 6x3,1,0,0.0,0.0
2026-09-23,wymiary | poliwęglan 4х6,tunel z poliwęglanu 4x6,2,0,0.0,0.0
2026-09-23,wymiary | poliwęglan 4х6,tunele ogrodowe,2,1,0.34,0.0
2026-09-23,wymiary | poliwęglan 4х6,wesoły rolnik,2,0,0.0,0.0
2026-09-23,wymiary | poliwęglan 4х8,szklarnia z poliwęglanu 4x8,2,0,0.0,0.0
2026-09-23,wymiary | poliwęglan 4х8,tunel z poliwęglanu 4x8,3,0,0.0,0.0
2026-09-23,wymiary | poliwęglan 2х4,poliwęglanu,1,0,0.0,0.0
2026-09-23,wymiary | poliwęglan 2х4,szklarnia 2x4,1,0,0.0,0.0
2026-09-23,wymiary | poliwęglan 2х4,szklarnia ogrodowa 2 5x4m,1,0,0.0,0.0
2026-09-23,wymiary | poliwęglan 2х4,szklarnia ogrodowa 2.5 x4,1,0,0.0,0.0
2026-09-23,wymiary | poliwęglan 2х4,szklarnia ogrodowa 2x4,1,0,0.0,0.0
2026-09-23,wymiary | poliwęglan 2х4,szklarnia ogrodowa 4x2,4,0,0.0,0.0
2026-09-23,wymiary | poliwęglan 2х4,szklarnia z poliwęglanu 2x4,8,1,0.57,0.0
2026-09-23,wymiary | poliwęglan 2х4,szklarnie z poliwęglanu 2x4,1,0,0.0,0.0
2026-09-23,wymiary | poliwęglan 2х4,tunel ogrodowy 2x4,2,0,0.0,0.0
2026-09-23,wymiary | poliwęglan 2х4,tunel z poliwęglanu 2x4,5,2,0.67,0.0
2026-09-23,wymiary | poliwęglan 2 5х4,szklarnie z poliwęglanu 2 5x4,3,1,0.41,0.0
2026-09-23,mala szklarnia z poliweglanu,agrosklep pl szklarnie,1,0,0.0,0.0
2026-09-23,mala szklarnia z poliweglanu,alistan agro,1,0,0.0,0.0
2026-09-23,mala szklarnia z poliweglanu,ceny szklarni ogrodowych,1,0,0.0,0.0
2026-09-23,mala szklarnia z poliweglanu,cultivo,1,0,0.0,0.0
2026-09-23,mala szklarnia z poliweglanu,ekotunele,1,0,0.0,0.0
2026-09-23,mala szklarnia z poliweglanu,eurotradeline,3,0,0.0,0.0
2026-09-23,mala szklarnia z poliweglanu,farmer tunele,1,0,0.0,0.0
2026-09-23,mala szklarnia z poliweglanu,mala szklarnia z poliweglanu,2,0,0.0,0.0
2026-09-23,mala szklarnia z poliweglanu,mam szklarnie,1,0,0.0,0.0
2026-09-23,mala szklarnia z poliweglanu,mała szklarnia,4,0,0.0,0.0
2026-09-23,mala szklarnia z poliweglanu,mała szklarnia ogrodowa,4,0,0.0,0.0
2026-09-23,mala szklarnia z poliweglanu,mała szklarnia ogrodowa z poliwęglanu,1,0,0.0,0.0
2026-09-23,mala szklarnia z poliweglanu,małe szklarnie z poliwęglanu,3,0,0.0,0.0
2026-09-23,mala szklarnia z poliweglanu,namioty ogrodowe szklarnie,1,0,0.0,0.0
2026-09-23,mala szklarnia z poliweglanu,namioty szklarnie ogrodowe,1,0,0.0,0.0
2026-09-23,mala szklarnia z poliweglanu,okragla szklarnia ogrodowa,1,0,0.0,0.0
2026-09-23,mala szklarnia z poliweglanu,pewna szklarnia,1,0,0.0,0.0
2026-09-23,mala szklarnia z poliweglanu,poligreen,4,0,0.0,0.0
2026-09-23,mala szklarnia z poliweglanu,poligreen poliwęglan,1,0,0.0,0.0
2026-09-23,mala szklarnia z poliweglanu,polska szklarnia,1,0,0.0,0.0
2026-09-23,mala szklarnia z poliweglanu,polska szklarnia z poliwęglanu,1,0,0.0,0.0
2026-09-23,mala szklarnia z poliweglanu,profimet szklarnia,1,0,0.0,0.0
2026-09-23,mala szklarnia z poliweglanu,profimet szklarnie,8,3,2.61,0.0
2026-09-23,mala szklarnia z poliweglanu,profimet szklarnie kontakt,6,1,1.43,0.0
2026-09-23,mala szklarnia z poliweglanu,profimet warszawa,1,0,0.0,0.0
2026-09-23,mala szklarnia z poliweglanu,szklarnia 2x3m,1,0,0.0,0.0
2026-09-23,mala szklarnia z poliweglanu,szklarnia 3 na 2,1,0,0.0,0.0
2026-09-23,mala szklarnia z poliweglanu,szklarnia brico,1,0,0.0,0.0
2026-09-23,mala szklarnia z poliweglanu,szklarnia kopułowa,1,0,0.0,0.0
2026-09-23,mala szklarnia z poliweglanu,szklarnia na fundamencie,1,0,0.0,0.0
2026-09-23,mala szklarnia z poliweglanu,szklarnia na wymiar,1,0,0.0,0.0
2026-09-23,mala szklarnia z poliweglanu,szklarnia ogrodowa,1,0,0.0,0.0
2026-09-23,mala szklarnia z poliweglanu,szklarnia podziemna,1,0,0.0,0.0
2026-09-23,mala szklarnia z poliweglanu,szklarnia rozowa,1,0,0.0,0.0
2026-09-23,mala szklarnia z poliweglanu,szklarnia z litego poliweglanu,1,0,0.0,0.0
2026-09-23,mala szklarnia z poliweglanu,szklarnia z poliweglanu,1,0,0.0,0.0
2026-09-23,mala szklarnia z poliweglanu,szklarnia z poliwęglanu 250 x 190 x 205 cm,1,0,0.0,0.0
2026-09-23,mala szklarnia z poliweglanu,szklarnia z poliwęglanu 3x2,2,0,0.0,0.0
2026-09-23,mala szklarnia z poliweglanu,szklarnie,2,0,0.0,0.0
2026-09-23,mala szklarnia z poliweglanu,szklarnie ogrodowe wyprzedaż,1,0,0.0,0.0
2026-09-23,mala szklarnia z poliweglanu,szklarnie producent,1,0,0.0,0.0
2026-09-23,mala szklarnia z poliweglanu,tunel ogrodowy 3x6 z drzwiami,1,0,0.0,0.0
2026-09-23,mala szklarnia z poliweglanu,tunele farmer,2,0,0.0,0.0
2026-09-24,wymiary | poliwęglan 3х6,namiot z poliwęglanu 3x6,5,0,0.0,0.0
2026-09-24,wymiary | poliwęglan 3х6,szklarnia 3 x 6,1,0,0.0,0.0
2026-09-24,wymiary | poliwęglan 3х6,szklarnia 3x6,1,0,0.0,0.0
2026-09-24,wymiary | poliwęglan 3х6,szklarnia 3x6 poliwęglan,1,0,0.0,0.0
2026-09-24,wymiary | poliwęglan 3х6,szklarnia ogrodowa 3x6,1,1,0.52,0.0
2026-09-24,wymiary | poliwęglan 3х6,szklarnia ogrodowa z poliwęglanu 3x6,3,1,0.2,0.0
2026-09-24,wymiary | poliwęglan 3х6,szklarnia poliwęglan 3x6,2,0,0.0,0.0
2026-09-24,wymiary | poliwęglan 3х6,szklarnia z poliweglanu 3x6,3,1,0.91,0.0
2026-09-24,wymiary | poliwęglan 3х6,szklarnia z poliwęglanu 3 x 6,1,0,0.0,0.0
2026-09-24,wymiary | poliwęglan 3х6,szklarnia z poliwęglanu 3x6,9,1,0.61,0.0
2026-09-24,wymiary | poliwęglan 3х6,szklarnia z poliwęglanu 3x6 6mm,1,0,0.0,0.0
2026-09-24,wymiary | poliwęglan 3х6,szklarnia z poliwęglanu 3x6 cena,1,0,0.0,0.0
2026-09-24,wymiary | poliwęglan 3х6,szklarnia z poliwęglanu 3x6 producent,9,1,0.34,0.0
2026-09-24,wymiary | poliwęglan 3х6,szklarnia z poliwęglanu 3x6 producent 6mm,1,0,0.0,0.0
2026-09-24,wymiary | poliwęglan 3х6,szklarnia z poliwęglanu 3x6 promocja,12,1,1.22,0.0
2026-09-24,wymiary | poliwęglan 3х6,szklarnia z poliwęglanu 3x6 wyprzedaż,1,0,0.0,0.0
2026-09-24,wymiary | poliwęglan 3х6,szklarnia z poliwęglanu 3x6 z fundamentem,2,0,0.0,0.0
2026-09-24,wymiary | poliwęglan 3х6,szklarnie z poliwęglanu 3x6,3,1,1.12,0.0
2026-09-24,wymiary | poliwęglan 3х6,tunel ogrodowy 3x6 z poliwęglanu,1,0,0.0,0.0
2026-09-24,wymiary | poliwęglan 3х6,tunel ogrodowy z poliwęglanu 3x6,1,0,0.0,0.0
2026-09-24,wymiary | poliwęglan 3х6,tunel poliwęglan 3x6,1,1,0.26,0.0
2026-09-24,wymiary | poliwęglan 3х6,tunel z poliwęglanu 3x6,3,2,0.54,0.0
2026-09-24,wymiary | poliwęglan 3х6,tunel z poliwęglanu 3x6m,3,1,1.27,0.0
2026-09-24,wymiary | poliwęglan 3х6,tunele z poliwęglanu 3x6,2,0,0.0,0.0
2026-09-24,wymiary | poliwęglan 3х4,alistan agro,1,0,0.0,0.0
2026-09-24,wymiary | poliwęglan 3х4,cieplarki z poliwęglanu,1,0,0.0,0.0
2026-09-24,wymiary | poliwęglan 3х4,cieplarnia pl,1,0,0.0,0.0
2026-09-24,wymiary | poliwęglan 3х4,cieplarnia z poliwęglanu,1,0,0.0,0.0
2026-09-24,wymiary | poliwęglan 3х4,cultivo,1,0,0.0,0.0
2026-09-24,wymiary | poliwęglan 3х4,domowa szklarnia na warzywa,1,0,0.0,0.0
2026-09-24,wymiary | poliwęglan 3х4,duża szklarnia,1,0,0.0,0.0
2026-09-24,wymiary | poliwęglan 3х4,farmer tunele,1,0,0.0,0.0
2026-09-24,wymiary | poliwęglan 3х4,jaki tunel z poliwęglanu,1,0,0.0,0.0
2026-09-24,wymiary | poliwęglan 3х4,jakie szklarnie polecacie,1,0,0.0,0.0
2026-09-24,wymiary | poliwęglan 3х4,jakiej firmy szklarnia z poliwęglanu,1,0,0.0,0.0
2026-09-24,wymiary | poliwęglan 3х4,jaką szklarnie z poliwęglanu wybrać,1,0,0.0,0.0
2026-09-24,wymiary | poliwęglan 3х4,kupię szklarnie z poliwęglanu,1,0,0.0,0.0
2026-09-24,wymiary | poliwęglan 3х4,mocna szklarnia z poliwęglanu,2,2,1.13,0.0
2026-09-24,wymiary | poliwęglan 3х4,mocny tunel ogrodowy,1,0,0.0,0.0
2026-09-24,wymiary | poliwęglan 3х4,namiot na pomidory,1,0,0.0,0.0
2026-09-24,wymiary | poliwęglan 3х4,namiot na warzywa,1,0,0.0,0.0
2026-09-24,wymiary | poliwęglan 3х4,namiot na warzywa z poliwęglanu,1,0,0.0,0.0
2026-09-24,wymiary | poliwęglan 3х4,namiot ogrodniczy,1,0,0.0,0.0
2026-09-24,wymiary | poliwęglan 3х4,namiot ogrodowy na warzywa,2,0,0.0,0.0
2026-09-24,wymiary | poliwęglan 3х4,namiot poliwęglanowy,1,0,0.0,0.0
2026-09-24,wymiary | poliwęglan 3х4,namiot szklarnia,2,0,0.0,0.0
2026-09-24,wymiary | poliwęglan 3х4,namiot szklarnia 3x6,1,0,0.0,0.0
2026-09-24,wymiary | poliwęglan 3х4,namiot szklarniowy,1,0,0.0,0.0
2026-09-24,wymiary | poliwęglan 3х4,nowaszklarnia,1,0,0.0,0.0
2026-09-24,wymiary | poliwęglan 3х4,placarb,2,0,0.0,0.0
2026-09-24,wymiary | poliwęglan 3х4,poligreen szklarnie,1,0,0.0,0.0
2026-09-24,wymiary | poliwęglan 3х4,producent szklarni ogrodowych,1,0,0.0,0.0
2026-09-24,wymiary | poliwęglan 3х4,szklarnia,5,1,0.28,0.0
2026-09-24,wymiary | poliwęglan 3х4,szklarnia 250x400,1,0,0.0,0.0
2026-09-24,wymiary | poliwęglan 3х4,szklarnia 3 x 4,1,0,0.0,0.0
2026-09-24,wymiary | poliwęglan 3х4,szklarnia 300x200x200,1,0,0.0,0.0
2026-09-24,wymiary | poliwęglan 3х4,szklarnia 3x4m,1,0,0.0,0.0
2026-09-24,wymiary | poliwęglan 3х4,szklarnia 4x4,1,1,0.29,0.0
2026-09-24,wymiary | poliwęglan 3х4,szklarnia mała na pomidory,1,0,0.0,0.0
2026-09-24,wymiary | poliwęglan 3х4,szklarnia ogrodowa,13,0,0.0,0.0
2026-09-24,wymiary | poliwęglan 3х4,szklarnia ogrodowa 3 x 4,1,0,0.0,0.0
2026-09-24,wymiary | poliwęglan 3х4,szklarnia ogrodowa 3x4 z poliwęglanu solid mocna,1,0,0.0,0.0
2026-09-24,wymiary | poliwęglan 3х4,szklarnia poliweglan,1,0,0.0,0.0
2026-09-24,wymiary | poliwęglan 3х4,szklarnia poliweglan 3x4,1,0,0.0,0.0
2026-09-24,wymiary | poliwęglan 3х4,szklarnia poliwęglan,2,0,0.0,0.0
2026-09-24,wymiary | poliwęglan 3х4,szklarnia poliwęglan 3x4 6mm,1,0,0.0,0.0
2026-09-24,wymiary | poliwęglan 3х4,szklarnia poliwęglanowa,1,0,0.0,0.0
2026-09-24,wymiary | poliwęglan 3х4,szklarnia producent,6,0,0.0,0.0
2026-09-24,wymiary | poliwęglan 3х4,szklarnia tunel,2,0,0.0,0.0
2026-09-24,wymiary | poliwęglan 3х4,szklarnia z poliweglanu,1,0,0.0,0.0
2026-09-24,wymiary | poliwęglan 3х4,szklarnia z poliweglanu 3x4,1,0,0.0,0.0
2026-09-24,wymiary | poliwęglan 3х4,szklarnia z poliwęglanu 3x4,3,0,0.0,0.0
2026-09-24,wymiary | poliwęglan 3х4,szklarnia z poliwęglanu 3x4 6mm,7,2,1.59,0.0
2026-09-24,wymiary | poliwęglan 3х4,szklarnia z poliwęglanu 3x4 polski producent,2,0,0.0,0.0
2026-09-24,wymiary | poliwęglan 3х4,szklarnia z poliwęglanu 3x4 producent,3,1,2.14,0.0
2026-09-24,wymiary | poliwęglan 3х4,szklarnia z poliwęglanu 3x4 z fundamentem,4,0,0.0,0.0
2026-09-24,wymiary | poliwęglan 3х4,szklarnia z poliwęglanu 8 mm,1,0,0.0,0.0
2026-09-24,wymiary | poliwęglan 3х4,szklarnia z poliwęglanu wyprzedaż,1,0,0.0,0.0
2026-09-24,wymiary | poliwęglan 3х4,szklarnia z poliwęglanu z rynnami,1,0,0.0,0.0
2026-09-24,wymiary | poliwęglan 3х4,szklarnie,1,0,0.0,0.0
2026-09-24,wymiary | poliwęglan 3х4,szklarnie 3 x 4,2,2,0.88,0.0
2026-09-24,wymiary | poliwęglan 3х4,szklarnie ogrodowe,2,0,0.0,0.0
2026-09-24,wymiary | poliwęglan 3х4,szklarnie ogrodowe szczecin,1,0,0.0,0.0
2026-09-24,wymiary | poliwęglan 3х4,szklarnie ogrodowe wyprzedaż,1,0,0.0,0.0
2026-09-24,wymiary | poliwęglan 3х4,szklarnie poliwęglanowe 6mm,1,0,0.0,0.0
2026-09-24,wymiary | poliwęglan 3х4,szklarnie z poliwęglanu,15,1,1.13,0.0
2026-09-24,wymiary | poliwęglan 3х4,szklarnie z poliwęglanu 3x4,2,0,0.0,0.0
2026-09-24,wymiary | poliwęglan 3х4,szklarnie z poliwęglanu cena,1,0,0.0,0.0
2026-09-24,wymiary | poliwęglan 3х4,szklarnię z poliwęglanu 3x4,1,0,0.0,0.0
2026-09-24,wymiary | poliwęglan 3х4,tunel 4x8,3,0,0.0,0.0
2026-09-24,wymiary | poliwęglan 3х4,tunel do pomidorów,1,0,0.0,0.0
2026-09-24,wymiary | poliwęglan 3х4,tunel na pomidory z poliwęglanu,2,1,0.41,0.0
2026-09-24,wymiary | poliwęglan 3х4,tunel na warzywa,2,0,0.0,0.0
2026-09-24,wymiary | poliwęglan 3х4,tunel na warzywa z poliwęglanu,1,0,0.0,0.0
2026-09-24,wymiary | poliwęglan 3х4,tunel ogrodniczy cena,2,0,0.0,0.0
2026-09-24,wymiary | poliwęglan 3х4,tunel ogrodniczy z poliwęglanu,1,0,0.0,0.0
2026-09-24,wymiary | poliwęglan 3х4,tunel ogrodowy,27,0,0.0,0.0
2026-09-24,wymiary | poliwęglan 3х4,tunel ogrodowy 2x6,1,0,0.0,0.0
2026-09-24,wymiary | poliwęglan 3х4,tunel ogrodowy 4x2 5,1,0,0.0,0.0
2026-09-24,wymiary | poliwęglan 3х4,tunel ogrodowy mocny,1,0,0.0,0.0
2026-09-24,wymiary | poliwęglan 3х4,tunel ogrodowy poliwęglan,1,0,0.0,0.0
2026-09-24,wymiary | poliwęglan 3х4,tunel ogrodowy producent,1,1,0.72,0.0
2026-09-24,wymiary | poliwęglan 3х4,tunel ogrodowy wyprzedaż,6,0,0.0,0.0
2026-09-24,wymiary | poliwęglan 3х4,tunel ogrodowy z poliwęglanu,3,1,0.43,0.0
2026-09-24,wymiary | poliwęglan 3х4,tunel poliweglan,2,0,0.0,0.0
2026-09-24,wymiary | poliwęglan 3х4,tunel poliwęglan,2,0,0.0,0.0
2026-09-24,wymiary | poliwęglan 3х4,tunel poliwęglan 3x4,3,0,0.0,0.0
2026-09-24,wymiary | poliwęglan 3х4,tunel szklarnia,1,0,0.0,0.0
2026-09-24,wymiary | poliwęglan 3х4,tunel z poliweglanu,2,1,0.34,0.0
2026-09-24,wymiary | poliwęglan 3х4,tunel z poliwęglanu,1,0,0.0,0.0
2026-09-24,wymiary | poliwęglan 3х4,tunel z poliwęglanu 3 x 4,4,2,0.95,0.0
2026-09-24,wymiary | poliwęglan 3х4,tunel z poliwęglanu 3x10,1,0,0.0,0.0
2026-09-24,wymiary | poliwęglan 3х4,tunel z poliwęglanu 3x4,4,1,0.2,0.0
2026-09-24,wymiary | poliwęglan 3х4,tunel z poliwęglanu 3x4 producent,2,0,0.0,0.0
2026-09-24,wymiary | poliwęglan 3х4,tunel z poliwęglanu 4x12,1,0,0.0,0.0
2026-09-24,wymiary | poliwęglan 3х4,tunele cena,1,0,0.0,0.0
2026-09-24,wymiary | poliwęglan 3х4,tunele na warzywa,1,0,0.0,0.0
2026-09-24,wymiary | poliwęglan 3х4,tunele ogrodowe,4,0,0.0,0.0
2026-09-24,wymiary | poliwęglan 3х4,tunele pod pomidory,1,0,0.0,0.0
2026-09-24,wymiary | poliwęglan 3х4,wesoły rolnik,3,0,0.0,0.0
2026-09-24,wymiary | poliwęglan 3х4,wyprzedaż szklarni ogrodowych,1,0,0.0,0.0
2026-09-24,namioty z poliwęglanu,namiot na pomidory z poliwęglanu,1,1,0.35,0.0
2026-09-24,namioty z poliwęglanu,namiot na warzywa z poliwęglanu,1,0,0.0,0.0
2026-09-24,namioty z poliwęglanu,namiot ogrodowy z poliweglanu,1,0,0.0,0.0
2026-09-24,namioty z poliwęglanu,namiot poliwęglanowy,1,0,0.0,0.0
2026-09-24,namioty z poliwęglanu,namiot z poliwęglanu,3,0,0.0,0.0
2026-09-24,namioty z poliwęglanu,namiot z poliwęglanu 3x6,1,0,0.0,0.0
2026-09-24,namioty z poliwęglanu,namioty ogrodowe z poliwęglanu,4,0,0.0,0.0
2026-09-24,namioty z poliwęglanu,namioty z poliwęglanu,10,0,0.0,0.0
2026-09-24,namioty z poliwęglanu,tunel ogrodowy z poliwęglanu,1,0,0.0,0.0
2026-09-24,szklarnie z poliwęglanu [exact],szklarnia z poliwęglanu,61,4,1.85,0.0
2026-09-24,szklarnie z poliwęglanu [phrase],cieplarnia pl,1,0,0.0,0.0
2026-09-24,szklarnie z poliwęglanu [phrase],cieplarnia z poliweglanu,2,1,3.43,0.0
2026-09-24,szklarnie z poliwęglanu [phrase],ile wytrzyma szklarnia z poliwęglanu,4,0,0.0,0.0
2026-09-24,szklarnie z poliwęglanu [phrase],jakiej firmy szklarnia z poliwęglanu,1,0,0.0,0.0
2026-09-24,szklarnie z poliwęglanu [phrase],poli szklarnia,1,0,0.0,0.0
2026-09-24,szklarnie z poliwęglanu [phrase],poliweglan szklarnia,1,0,0.0,0.0
2026-09-24,szklarnie z poliwęglanu [phrase],polskie szklarnie z poliwęglanu,2,0,0.0,0.0
2026-09-24,szklarnie z poliwęglanu [phrase],profimet,2,0,0.0,0.0
2026-09-24,szklarnie z poliwęglanu [phrase],profimet szklarnie,1,1,0.24,0.0
2026-09-24,szklarnie z poliwęglanu [phrase],szklarnia ogrodowa,3,0,0.0,0.0
2026-09-24,szklarnie z poliwęglanu [phrase],szklarnia ogrodowa z poliwęglanu,3,1,0.55,0.0
2026-09-24,szklarnie z poliwęglanu [phrase],szklarnia poliweglan,1,0,0.0,0.0
2026-09-24,szklarnie z poliwęglanu [phrase],szklarnia poliweglan 6 mm,1,0,0.0,0.0
2026-09-24,szklarnie z poliwęglanu [phrase],szklarnia poliwęglan,1,0,0.0,0.0
2026-09-24,szklarnie z poliwęglanu [phrase],szklarnia poliwęglan 2.5 x4,1,0,0.0,0.0
2026-09-24,szklarnie z poliwęglanu [phrase],szklarnia poliwęglan 3x4 6mm,1,0,0.0,0.0
2026-09-24,szklarnie z poliwęglanu [phrase],szklarnia z litego poliweglanu,2,0,0.0,0.0
2026-09-24,szklarnie z poliwęglanu [phrase],szklarnia z poliweglanu,4,0,0.0,0.0
2026-09-24,szklarnie z poliwęglanu [phrase],szklarnia z poliwęglanu 10mm,2,1,0.95,0.0
2026-09-24,szklarnie z poliwęglanu [phrase],szklarnia z poliwęglanu 2.5 x3,1,0,0.0,0.0
2026-09-24,szklarnie z poliwęglanu [phrase],szklarnia z poliwęglanu 2.5 x4,1,0,0.0,0.0
2026-09-24,szklarnie z poliwęglanu [phrase],szklarnia z poliwęglanu 3 x 8,2,1,1.33,0.0
2026-09-24,szklarnie z poliwęglanu [phrase],szklarnia z poliwęglanu 3x6 6mm,2,0,0.0,0.0
2026-09-24,szklarnie z poliwęglanu [phrase],szklarnia z poliwęglanu 4x4,1,0,0.0,0.0
2026-09-24,szklarnie z poliwęglanu [phrase],szklarnia z poliwęglanu 8 mm,1,0,0.0,0.0
2026-09-24,szklarnie z poliwęglanu [phrase],szklarnia z poliwęglanu na wymiar,1,0,0.0,0.0
2026-09-24,szklarnie z poliwęglanu [phrase],szklarnia z poliwęglanu polski producent,10,0,0.0,0.0
2026-09-24,szklarnie z poliwęglanu [phrase],szklarnia z poliwęglanu promocja,2,0,0.0,0.0
2026-09-24,szklarnie z poliwęglanu [phrase],szklarnia z poliwęglanu z fundamentem,2,0,0.0,0.0
2026-09-24,szklarnie z poliwęglanu [phrase],szklarnia z poliwęglanu z rynnami,1,0,0.0,0.0
2026-09-24,szklarnie z poliwęglanu [phrase],szklarnie do ogrodu,1,0,0.0,0.0
2026-09-24,szklarnie z poliwęglanu [phrase],szklarnie ogrodowe,1,0,0.0,0.0
2026-09-24,szklarnie z poliwęglanu [phrase],szklarnie poliuretanowe,1,0,0.0,0.0
2026-09-24,szklarnie z poliwęglanu [phrase],szklarnie poliwęglanowe,2,0,0.0,0.0
2026-09-24,szklarnie z poliwęglanu [phrase],szklarnie z poliweglanu,1,0,0.0,0.0
2026-09-24,szklarnie z poliwęglanu [phrase],szklarnie z poliwęglanu cena,1,0,0.0,0.0
2026-09-24,szklarnie z poliwęglanu [phrase],tunel ogrodniczy z poliwęglanu,1,0,0.0,0.0
2026-09-24,szklarnie z poliwęglanu [phrase],tunel ogrodowy z poliwęglanu,1,0,0.0,0.0
2026-09-24,tunele z poliwęglanu,cieplarki z poliwęglanu,1,0,0.0,0.0
2026-09-24,tunele z poliwęglanu,jaki tunel z poliwęglanu,1,0,0.0,0.0
2026-09-24,tunele z poliwęglanu,namiot poliwęglanowy,1,0,0.0,0.0
2026-09-24,tunele z poliwęglanu,namiot z poliwęglanu,1,0,0.0,0.0
2026-09-24,tunele z poliwęglanu,producent tuneli z poliwęglanu,2,0,0.0,0.0
2026-09-24,tunele z poliwęglanu,tunel ogrodniczy z poliwęglanu,1,1,0.69,0.0
2026-09-24,tunele z poliwęglanu,tunel ogrodowy z poliwęglanu,10,0,0.0,0.0
2026-09-24,tunele z poliwęglanu,tunel poliwęglan,5,0,0.0,0.0
2026-09-24,tunele z poliwęglanu,tunel poliwęglanowy,2,0,0.0,0.0
2026-09-24,tunele z poliwęglanu,tunel z poliweglanu,2,0,0.0,0.0
2026-09-24,tunele z poliwęglanu,tunel z poliwęglanu,2,0,0.0,0.0
2026-09-24,tunele z poliwęglanu,tunel z poliwęglanu 4x10,1,1,0.49,0.0
2026-09-24,tunele z poliwęglanu,tunel z poliwęglanu podkarpackie,1,0,0.0,0.0
2026-09-24,tunele z poliwęglanu,tunele ogrodnicze z poliwęglanu,2,0,0.0,0.0
2026-09-24,tunele z poliwęglanu,tunele ogrodowe z poliwęglanu,4,0,0.0,0.0
2026-09-24,tunele z poliwęglanu,tunele z poliwęglanu,18,2,1.17,0.0
2026-09-24,wymiary | poliwęglan 4х6,alistan agro,4,0,0.0,0.0
2026-09-24,wymiary | poliwęglan 4х6,duża szklarnia z poliwęglanu,1,0,0.0,0.0
2026-09-24,wymiary | poliwęglan 4х6,kupię szklarnie z poliwęglanu,1,0,0.0,0.0
2026-09-24,wymiary | poliwęglan 4х6,mam szklarnie pl,1,0,0.0,0.0
2026-09-24,wymiary | poliwęglan 4х6,mała szklarnia ogrodowa,1,0,0.0,0.0
2026-09-24,wymiary | poliwęglan 4х6,mocna szklarnia z poliwęglanu,1,0,0.0,0.0
2026-09-24,wymiary | poliwęglan 4х6,namiot na pomidory,1,0,0.0,0.0
2026-09-24,wymiary | poliwęglan 4х6,namiot na warzywa,1,0,0.0,0.0
2026-09-24,wymiary | poliwęglan 4х6,namiot na warzywa 3x6,1,0,0.0,0.0
2026-09-24,wymiary | poliwęglan 4х6,namiot na warzywa z poliwęglanu,1,0,0.0,0.0
2026-09-24,wymiary | poliwęglan 4х6,namiot szklarnia 3x6,2,0,0.0,0.0
2026-09-24,wymiary | poliwęglan 4х6,namiot z poliwęglanu,1,1,0.17,0.0
2026-09-24,wymiary | poliwęglan 4х6,nowaszklarnia,1,0,0.0,0.0
2026-09-24,wymiary | poliwęglan 4х6,poligreen poliwęglan,1,0,0.0,0.0
2026-09-24,wymiary | poliwęglan 4х6,poliwęglan 4,1,0,0.0,0.0
2026-09-24,wymiary | poliwęglan 4х6,poliwęglan szklarnia,1,0,0.0,0.0
2026-09-24,wymiary | poliwęglan 4х6,profimet,4,3,0.45,0.0
2026-09-24,wymiary | poliwęglan 4х6,szklarni z poliwęglanu,1,0,0.0,0.0
2026-09-24,wymiary | poliwęglan 4х6,szklarnia,4,0,0.0,0.0
2026-09-24,wymiary | poliwęglan 4х6,szklarnia 3x2,1,0,0.0,0.0
2026-09-24,wymiary | poliwęglan 4х6,szklarnia 4 x 6,1,0,0.0,0.0
2026-09-24,wymiary | poliwęglan 4х6,szklarnia 4x6,3,0,0.0,0.0
2026-09-24,wymiary | poliwęglan 4х6,szklarnia 4x6 poliwęglan,4,0,0.0,0.0
2026-09-24,wymiary | poliwęglan 4х6,szklarnia 4x6m,1,0,0.0,0.0
2026-09-24,wymiary | poliwęglan 4х6,szklarnia 5x4,1,0,0.0,0.0
2026-09-24,wymiary | poliwęglan 4х6,szklarnia 6x3,2,0,0.0,0.0
2026-09-24,wymiary | poliwęglan 4х6,szklarnia namiot,1,0,0.0,0.0
2026-09-24,wymiary | poliwęglan 4х6,szklarnia ogrodowa,3,0,0.0,0.0
2026-09-24,wymiary | poliwęglan 4х6,szklarnia pl,3,0,0.0,0.0
2026-09-24,wymiary | poliwęglan 4х6,szklarnia poliweglanowa,1,0,0.0,0.0
2026-09-24,wymiary | poliwęglan 4х6,szklarnia poliwęglan,1,0,0.0,0.0
2026-09-24,wymiary | poliwęglan 4х6,szklarnia poliwęglan 4x6,2,0,0.0,0.0
2026-09-24,wymiary | poliwęglan 4х6,szklarnia pomidor,1,0,0.0,0.0
2026-09-24,wymiary | poliwęglan 4х6,szklarnia tunel,1,0,0.0,0.0
2026-09-24,wymiary | poliwęglan 4х6,szklarnia z montazem,1,0,0.0,0.0
2026-09-24,wymiary | poliwęglan 4х6,szklarnia z poliwęglanu 4x6,3,0,0.0,0.0
2026-09-24,wymiary | poliwęglan 4х6,szklarnia z poliwęglanu 4x6 producent,1,1,0.25,0.0
2026-09-24,wymiary | poliwęglan 4х6,szklarnia z poliwęglanu 6x3,1,0,0.0,0.0
2026-09-24,wymiary | poliwęglan 4х6,szklarnia z poliwęglanu na wymiar,1,0,0.0,0.0
2026-09-24,wymiary | poliwęglan 4х6,szklarnia z poliwęglanu wyprzedaż,1,0,0.0,0.0
2026-09-24,wymiary | poliwęglan 4х6,szklarnie,4,0,0.0,0.0
2026-09-24,wymiary | poliwęglan 4х6,szklarnie 3 x 6,1,0,0.0,0.0
2026-09-24,wymiary | poliwęglan 4х6,szklarnie ogrodowe wyprzedaż,1,0,0.0,0.0
2026-09-24,wymiary | poliwęglan 4х6,szklarnie poliwęglanowe,2,0,0.0,0.0
2026-09-24,wymiary | poliwęglan 4х6,szklarnie z poliwęglanu,5,1,0.87,0.0
2026-09-24,wymiary | poliwęglan 4х6,tig szklarnie,1,0,0.0,0.0
2026-09-24,wymiary | poliwęglan 4х6,tunel na warzywa,1,0,0.0,0.0
2026-09-24,wymiary | poliwęglan 4х6,tunel ogrodowy,8,0,0.0,0.0
2026-09-24,wymiary | poliwęglan 4х6,tunel ogrodowy 3x6,7,0,0.0,0.0
2026-09-24,wymiary | poliwęglan 4х6,tunel ogrodowy 4x6,1,0,0.0,0.0
2026-09-24,wymiary | poliwęglan 4х6,tunel ogrodowy mocny,1,0,0.0,0.0
2026-09-24,wymiary | poliwęglan 4х6,tunel z poliwęglanu 4x6,1,0,0.0,0.0
2026-09-24,wymiary | poliwęglan 4х6,tunel z poliwęglanu podkarpackie,1,0,0.0,0.0
2026-09-24,wymiary | poliwęglan 4х6,tunele na warzywa,1,0,0.0,0.0
2026-09-24,wymiary | poliwęglan 4х6,tunele ogrodowe,1,0,0.0,0.0
2026-09-24,wymiary | poliwęglan 4х6,wesoły rolnik,1,0,0.0,0.0
2026-09-24,wymiary | poliwęglan 4х6,z poliwęglanu,2,0,0.0,0.0
2026-09-24,wymiary | poliwęglan 4х8,szklarnia z poliwęglanu 4x8,4,0,0.0,0.0
2026-09-24,wymiary | poliwęglan 4х8,szklarnie z poliwęglanu 4x8,2,0,0.0,0.0
2026-09-24,wymiary | poliwęglan 4х8,tunel z poliwęglanu 4x8,3,0,0.0,0.0
2026-09-24,wymiary | poliwęglan 2х4,szklarnia 2x4,1,0,0.0,0.0
2026-09-24,wymiary | poliwęglan 2х4,szklarnia poliwęglan 2.5 x4,1,0,0.0,0.0
2026-09-24,wymiary | poliwęglan 2х4,szklarnia z poliwęglanu 2 5x4,1,0,0.0,0.0
2026-09-24,wymiary | poliwęglan 2х4,szklarnia z poliwęglanu 2x4,9,0,0.0,0.0
2026-09-24,wymiary | poliwęglan 2х4,szklarnie z poliwęglanu 2x4,2,1,0.24,0.0
2026-09-24,wymiary | poliwęglan 2х4,tunel ogrodowy 4x2 5,1,0,0.0,0.0
2026-09-24,wymiary | poliwęglan 2х4,tunel z poliwęglanu 2x4,4,1,0.6,0.0
2026-09-24,mala szklarnia z poliweglanu,agro szklarnia,1,0,0.0,0.0
2026-09-24,mala szklarnia z poliweglanu,alistan agro sp z o o,3,0,0.0,0.0
2026-09-24,mala szklarnia z poliweglanu,bloomcabin,1,0,0.0,0.0
2026-09-24,mala szklarnia z poliweglanu,cieplarnia,1,0,0.0,0.0
2026-09-24,mala szklarnia z poliweglanu,cieplarnia pl,3,1,1.81,0.0
2026-09-24,mala szklarnia z poliweglanu,cultivo,5,0,0.0,0.0
2026-09-24,mala szklarnia z poliweglanu,cultivo pila,1,0,0.0,0.0
2026-09-24,mala szklarnia z poliweglanu,domowa szklarnia na warzywa,1,0,0.0,0.0
2026-09-24,mala szklarnia z poliweglanu,mam szklarnie pl,1,0,0.0,0.0
2026-09-24,mala szklarnia z poliweglanu,manieczki szklarnia,1,0,0.0,0.0
2026-09-24,mala szklarnia z poliweglanu,mała szklarnia ogrodowa,4,0,0.0,0.0
2026-09-24,mala szklarnia z poliweglanu,mała szklarnia ogrodowa na pomidory,1,0,0.0,0.0
2026-09-24,mala szklarnia z poliweglanu,mała szklarnia ogrodowa z poliwęglanu,2,0,0.0,0.0
2026-09-24,mala szklarnia z poliweglanu,małe szklarnie ogrodowe z poliwęglanu,1,0,0.0,0.0
2026-09-24,mala szklarnia z poliweglanu,moja szklarnia ogrodowa,1,0,0.0,0.0
2026-09-24,mala szklarnia z poliweglanu,ogrodowe szklarnie,1,0,0.0,0.0
2026-09-24,mala szklarnia z poliweglanu,poligreen pl,1,0,0.0,0.0
2026-09-24,mala szklarnia z poliweglanu,producent szklarni ogrodowych,1,0,0.0,0.0
2026-09-24,mala szklarnia z poliweglanu,profimet szklarnie,4,1,1.02,0.0
2026-09-24,mala szklarnia z poliweglanu,szklarnia,2,0,0.0,0.0
2026-09-24,mala szklarnia z poliweglanu,szklarnia 3 2,1,0,0.0,0.0
2026-09-24,mala szklarnia z poliweglanu,szklarnia 4x8,1,0,0.0,0.0
2026-09-24,mala szklarnia z poliweglanu,szklarnia mala,2,0,0.0,0.0
2026-09-24,mala szklarnia z poliweglanu,szklarnia na zamówienie,1,0,0.0,0.0
2026-09-24,mala szklarnia z poliweglanu,szklarnia ogrodowa mała,1,0,0.0,0.0
2026-09-24,mala szklarnia z poliweglanu,szklarnia poliweglan,1,0,0.0,0.0
2026-09-24,mala szklarnia z poliweglanu,szklarnia producent,6,1,0.52,0.0
2026-09-24,mala szklarnia z poliweglanu,szklarnia tanio,1,0,0.0,0.0
2026-09-24,mala szklarnia z poliweglanu,szklarnia z poliweglanu,1,0,0.0,0.0
2026-09-24,mala szklarnia z poliweglanu,szklarnia z poliwęglanu 2.5 x4,1,0,0.0,0.0
2026-09-24,mala szklarnia z poliweglanu,szklarnia z poliwęglanu 3 x 8,1,1,1.48,0.0
2026-09-24,mala szklarnia z poliweglanu,szklarnie ogrodowe wyprzedaż,1,0,0.0,0.0
2026-09-24,mala szklarnia z poliweglanu,szklarnie z poliwęglanu cena,1,0,0.0,0.0
2026-09-24,mala szklarnia z poliweglanu,tig szklarnie,1,0,0.0,0.0
2026-09-24,mala szklarnia z poliweglanu,tunel z poliwęglanu,1,0,0.0,0.0
2026-09-25,wymiary | poliwęglan 3х6,namiot z poliwęglanu 3x6,2,1,0.12,0.0
2026-09-25,wymiary | poliwęglan 3х6,szklarnia ogrodowa z poliwęglanu 3x6,1,0,0.0,0.0
2026-09-25,wymiary | poliwęglan 3х6,szklarnia poliweglan 3x6,1,0,0.0,0.0
2026-09-25,wymiary | poliwęglan 3х6,szklarnia z poliwęglanu 3x6,9,0,0.0,0.0
2026-09-25,wymiary | poliwęglan 3х6,szklarnia z poliwęglanu 3x6 cena,4,0,0.0,0.0
2026-09-25,wymiary | poliwęglan 3х6,szklarnia z poliwęglanu 3x6 producent,8,4,2.19,0.0
2026-09-25,wymiary | poliwęglan 3х6,szklarnia z poliwęglanu 3x6 producent 6mm,4,0,0.0,0.0
2026-09-25,wymiary | poliwęglan 3х6,szklarnia z poliwęglanu 3x6 promocja,7,0,0.0,0.0
2026-09-25,wymiary | poliwęglan 3х6,szklarnia z poliwęglanu 3x6 wyprzedaż,3,0,0.0,0.0
2026-09-25,wymiary | poliwęglan 3х6,szklarnia z poliwęglanu 3x6m,1,0,0.0,0.0
2026-09-25,wymiary | poliwęglan 3х6,szklarnie ogrodowe z poliwęglanu 3x6,1,0,0.0,0.0
2026-09-25,wymiary | poliwęglan 3х6,szklarnie poliwęglanowe 3x6,1,0,0.0,0.0
2026-09-25,wymiary | poliwęglan 3х6,szklarnie z poliwęglanu 3x6,19,2,1.25,0.0
2026-09-25,wymiary | poliwęglan 3х6,tunel 3x6 z poliwęglanu,2,1,0.19,0.0
2026-09-25,wymiary | poliwęglan 3х6,tunel poliwęglan 3x6,1,0,0.0,0.0
2026-09-25,wymiary | poliwęglan 3х6,tunel poliwęglanowy 3x6,2,1,0.5,0.0
2026-09-25,wymiary | poliwęglan 3х6,tunel z poliwęglanu 3x6,2,0,0.0,0.0
2026-09-25,wymiary | poliwęglan 3х6,tunel z poliwęglanu 3x6 cena,2,0,0.0,0.0
2026-09-25,wymiary | poliwęglan 3х6,tunel z poliwęglanu 3x6m,5,0,0.0,0.0
2026-09-25,wymiary | poliwęglan 3х6,tunele z poliwęglanu 3x6,2,0,0.0,0.0
2026-09-25,wymiary | poliwęglan 3х4,alistan agro,1,0,0.0,0.0
2026-09-25,wymiary | poliwęglan 3х4,cultivo,1,0,0.0,0.0
2026-09-25,wymiary | poliwęglan 3х4,farmer tunele,2,0,0.0,0.0
2026-09-25,wymiary | poliwęglan 3х4,firma profimet,2,1,2.89,0.0
2026-09-25,wymiary | poliwęglan 3х4,jaką szklarnie z poliwęglanu wybrać,1,0,0.0,0.0
2026-09-25,wymiary | poliwęglan 3х4,mam szklarnie pl,1,0,0.0,0.0
2026-09-25,wymiary | poliwęglan 3х4,małe szklarnie,1,0,0.0,0.0
2026-09-25,wymiary | poliwęglan 3х4,mocne szklarnie z poliwęglanu,1,1,0.67,0.0
2026-09-25,wymiary | poliwęglan 3х4,montowanie szklarni z poliwęglanu,1,0,0.0,0.0
2026-09-25,wymiary | poliwęglan 3х4,namiot ogrodowy do warzyw,2,0,0.0,0.0
2026-09-25,wymiary | poliwęglan 3х4,namiot poliweglan,1,0,0.0,0.0
2026-09-25,wymiary | poliwęglan 3х4,namiot z poliwęglanu 3x4,4,0,0.0,0.0
2026-09-25,wymiary | poliwęglan 3х4,nowaszklarnia,1,0,0.0,0.0
2026-09-25,wymiary | poliwęglan 3х4,poligreen,1,0,0.0,0.0
2026-09-25,wymiary | poliwęglan 3х4,poliwęglan tunel,1,0,0.0,0.0
2026-09-25,wymiary | poliwęglan 3х4,poliwęglanowy tunel,1,0,0.0,0.0
2026-09-25,wymiary | poliwęglan 3х4,profimet szklarnie,1,0,0.0,0.0
2026-09-25,wymiary | poliwęglan 3х4,szklarnia,6,0,0.0,0.0
2026-09-25,wymiary | poliwęglan 3х4,szklarnia 3x4,3,0,0.0,0.0
2026-09-25,wymiary | poliwęglan 3х4,szklarnia 3x4 poliweglan,1,0,0.0,0.0
2026-09-25,wymiary | poliwęglan 3х4,szklarnia 4m,1,0,0.0,0.0
2026-09-25,wymiary | poliwęglan 3х4,szklarnia 5x4,1,0,0.0,0.0
2026-09-25,wymiary | poliwęglan 3х4,szklarnia 6x3,1,0,0.0,0.0
2026-09-25,wymiary | poliwęglan 3х4,szklarnia domowa,1,0,0.0,0.0
2026-09-25,wymiary | poliwęglan 3х4,szklarnia na pomidory z poliwęglanu,1,0,0.0,0.0
2026-09-25,wymiary | poliwęglan 3х4,szklarnia ogrodowa,1,0,0.0,0.0
2026-09-25,wymiary | poliwęglan 3х4,szklarnia ogrodowa 3 x 4 m,1,1,0.25,0.0
2026-09-25,wymiary | poliwęglan 3х4,szklarnia ogrodowa 3x4,1,0,0.0,0.0
2026-09-25,wymiary | poliwęglan 3х4,szklarnia ogrodowa 3x4 z poliwęglanu solid mocna,1,0,0.0,0.0
2026-09-25,wymiary | poliwęglan 3х4,szklarnia ogrodowa z poliwęglanu,1,0,0.0,0.0
2026-09-25,wymiary | poliwęglan 3х4,szklarnia poliweglan 3x4,1,0,0.0,0.0
2026-09-25,wymiary | poliwęglan 3х4,szklarnia poliwęglan,1,0,0.0,0.0
2026-09-25,wymiary | poliwęglan 3х4,szklarnia poliwęglanowa,1,0,0.0,0.0
2026-09-25,wymiary | poliwęglan 3х4,szklarnia poliwęglanowa 3x4 m,1,0,0.0,0.0
2026-09-25,wymiary | poliwęglan 3х4,szklarnia z poliweglanu,6,0,0.0,0.0
2026-09-25,wymiary | poliwęglan 3х4,szklarnia z poliweglanu 3x4,4,1,0.47,0.0
2026-09-25,wymiary | poliwęglan 3х4,szklarnia z poliwęglanu 3 x 4,1,1,0.31,0.0
2026-09-25,wymiary | poliwęglan 3х4,szklarnia z poliwęglanu 3x4,8,0,0.0,0.0
2026-09-25,wymiary | poliwęglan 3х4,szklarnia z poliwęglanu 3x4 6mm,4,1,0.17,0.0
2026-09-25,wymiary | poliwęglan 3х4,szklarnia z poliwęglanu 3x4 mocna,5,0,0.0,0.0
2026-09-25,wymiary | poliwęglan 3х4,szklarnia z poliwęglanu 3x4 polski producent,4,1,1.17,0.0
2026-09-25,wymiary | poliwęglan 3х4,szklarnia z poliwęglanu 3x4 producent,3,0,0.0,0.0
2026-09-25,wymiary | poliwęglan 3х4,szklarnia z poliwęglanu 3x4 z fundamentem,2,0,0.0,0.0
2026-09-25,wymiary | poliwęglan 3х4,szklarnia z poliwęglanu mocna,2,0,0.0,0.0
2026-09-25,wymiary | poliwęglan 3х4,szklarnia z poliwęglanu wyprzedaż,1,0,0.0,0.0
2026-09-25,wymiary | poliwęglan 3х4,szklarnie,1,0,0.0,0.0
2026-09-25,wymiary | poliwęglan 3х4,szklarnie ogrodowe,1,0,0.0,0.0
2026-09-25,wymiary | poliwęglan 3х4,szklarnie ogrodowe wyprzedaż,3,0,0.0,0.0
2026-09-25,wymiary | poliwęglan 3х4,szklarnie online,1,0,0.0,0.0
2026-09-25,wymiary | poliwęglan 3х4,szklarnie plastikowe,1,0,0.0,0.0
2026-09-25,wymiary | poliwęglan 3х4,szklarnie poliweglan,2,1,0.46,0.0
2026-09-25,wymiary | poliwęglan 3х4,szklarnie poliwęglan,2,0,0.0,0.0
2026-09-25,wymiary | poliwęglan 3х4,szklarnie wyprzedaż,1,0,0.0,0.0
2026-09-25,wymiary | poliwęglan 3х4,szklarnie z poliwęglanu,27,2,0.71,0.0
2026-09-25,wymiary | poliwęglan 3х4,szklarnie z poliwęglanu 3 x 4,1,0,0.0,0.0
2026-09-25,wymiary | poliwęglan 3х4,szklarnie z poliwęglanu 3x4,1,0,0.0,0.0
2026-09-25,wymiary | poliwęglan 3х4,szklarnie z poliwęglanu promocje,1,0,0.0,0.0
2026-09-25,wymiary | poliwęglan 3х4,tunel 3x6,1,0,0.0,0.0
2026-09-25,wymiary | poliwęglan 3х4,tunel do warzyw,1,0,0.0,0.0
2026-09-25,wymiary | poliwęglan 3х4,tunel na pomidory,1,0,0.0,0.0
2026-09-25,wymiary | poliwęglan 3х4,tunel ogrodniczy z poliwęglanu,1,0,0.0,0.0
2026-09-25,wymiary | poliwęglan 3х4,tunel ogrodowy,27,2,0.26,0.0
2026-09-25,wymiary | poliwęglan 3х4,tunel ogrodowy 3x4,1,0,0.0,0.0
2026-09-25,wymiary | poliwęglan 3х4,tunel ogrodowy wyprzedaż,1,0,0.0,0.0
2026-09-25,wymiary | poliwęglan 3х4,tunel ogrodowy z poliwęglanu,7,1,1.05,0.0
2026-09-25,wymiary | poliwęglan 3х4,tunel pod pomidory,1,0,0.0,0.0
2026-09-25,wymiary | poliwęglan 3х4,tunel poliweglanowy 3x4,1,0,0.0,0.0
2026-09-25,wymiary | poliwęglan 3х4,tunel poliwęglan,2,0,0.0,0.0
2026-09-25,wymiary | poliwęglan 3х4,tunel poliwęglanowy,1,0,0.0,0.0
2026-09-25,wymiary | poliwęglan 3х4,tunel przydomowy,1,0,0.0,0.0
2026-09-25,wymiary | poliwęglan 3х4,tunel szklarniowy,1,0,0.0,0.0
2026-09-25,wymiary | poliwęglan 3х4,tunel z poliweglanu,1,0,0.0,0.0
2026-09-25,wymiary | poliwęglan 3х4,tunel z poliwęglanu,5,0,0.0,0.0
2026-09-25,wymiary | poliwęglan 3х4,tunel z poliwęglanu 3x4,10,2,0.49,0.0
2026-09-25,wymiary | poliwęglan 3х4,tunele ogrodnicze,1,0,0.0,0.0
2026-09-25,wymiary | poliwęglan 3х4,tunele ogrodowe z poliwęglanu,1,0,0.0,0.0
2026-09-25,wymiary | poliwęglan 3х4,tunele z poliwęglanu 3 x 4,2,1,0.19,0.0
2026-09-25,wymiary | poliwęglan 3х4,wesoły rolnik,1,0,0.0,0.0
2026-09-25,wymiary | poliwęglan 3х8,szklarnie z poliwęglanu 3x8,2,0,0.0,0.0
2026-09-25,wymiary | poliwęglan 3х8,tunel poliwęglan 3x8,2,0,0.0,0.0
2026-09-25,wymiary | poliwęglan 3х8,tunel z poliwęglanu 3x8,3,0,0.0,0.0
2026-09-25,cieplarnie z poliwęglanu,cieplarnie z poliwęglanu,1,0,0.0,0.0
2026-09-25,namioty z poliwęglanu,namiot ogrodowy z poliwęglanu,9,0,0.0,0.0
2026-09-25,namioty z poliwęglanu,namiot poliweglan,1,0,0.0,0.0
2026-09-25,namioty z poliwęglanu,namioty poliwęglanowe,1,0,0.0,0.0
2026-09-25,namioty z poliwęglanu,namioty z poliwęglanu,4,0,0.0,0.0
2026-09-25,namioty z poliwęglanu,tunel poliwęglan,1,0,0.0,0.0
2026-09-25,szklarnie z poliwęglanu [exact],szklarnia z poliwęglanu,69,1,1.04,0.0
2026-09-25,szklarnie z poliwęglanu [phrase],cieplarnia z poliwęglanu,1,0,0.0,0.0
2026-09-25,szklarnie z poliwęglanu [phrase],duża szklarnia z poliwęglanu,3,0,0.0,0.0
2026-09-25,szklarnie z poliwęglanu [phrase],jaką szklarnie z poliwęglanu wybrać,3,0,0.0,0.0
2026-09-25,szklarnie z poliwęglanu [phrase],jupi skowrońska justyna sauny ogrodowe szklarnie z poliwęglanu,4,0,0.0,0.0
2026-09-25,szklarnie z poliwęglanu [phrase],mocne szklarnie z poliwęglanu,1,0,0.0,0.0
2026-09-25,szklarnie z poliwęglanu [phrase],nowaszklarnia,1,0,0.0,0.0
2026-09-25,szklarnie z poliwęglanu [phrase],polecane szklarnie z poliwęglanu,1,0,0.0,0.0
2026-09-25,szklarnie z poliwęglanu [phrase],poli szklarnia,1,0,0.0,0.0
2026-09-25,szklarnie z poliwęglanu [phrase],poliszklarnie,2,0,0.0,0.0
2026-09-25,szklarnie z poliwęglanu [phrase],poliweglan szklarnia,1,0,0.0,0.0
2026-09-25,szklarnie z poliwęglanu [phrase],polska szklarnia z poliwęglanu,1,0,0.0,0.0
2026-09-25,szklarnie z poliwęglanu [phrase],polski producent szklarni z poliwęglanu,1,0,0.0,0.0
2026-09-25,szklarnie z poliwęglanu [phrase],polskie szklarnie z poliwęglanu,1,0,0.0,0.0
2026-09-25,szklarnie z poliwęglanu [phrase],producent szklarni ogrodowych z poliwęglanu,2,1,2.01,0.0
2026-09-25,szklarnie z poliwęglanu [phrase],profimet szklarnie,2,1,2.91,0.0
2026-09-25,szklarnie z poliwęglanu [phrase],profimet szklarnie z poliwęglanu,2,0,0.0,0.0
2026-09-25,szklarnie z poliwęglanu [phrase],profimet szklarnię z poliweglanu,4,0,0.0,0.0
2026-09-25,szklarnie z poliwęglanu [phrase],szklarnia na pomidory z poliwęglanu,1,0,0.0,0.0
2026-09-25,szklarnie z poliwęglanu [phrase],szklarnia ogrodowa,1,0,0.0,0.0
2026-09-25,szklarnie z poliwęglanu [phrase],szklarnia ogrodowa z poliwęglanu,1,1,0.67,0.0
2026-09-25,szklarnie z poliwęglanu [phrase],szklarnia poliwęglan,1,0,0.0,0.0
2026-09-25,szklarnie z poliwęglanu [phrase],szklarnia poliwęglan 3x10,1,0,0.0,0.0
2026-09-25,szklarnie z poliwęglanu [phrase],szklarnia poliwęglan 6mm,1,0,0.0,0.0
2026-09-25,szklarnie z poliwęglanu [phrase],szklarnia z poliwęglanu 10mm,1,0,0.0,0.0
2026-09-25,szklarnie z poliwęglanu [phrase],szklarnia z poliwęglanu 3x10,1,0,0.0,0.0
2026-09-25,szklarnie z poliwęglanu [phrase],szklarnia z poliwęglanu 3x6 producent,2,0,0.0,0.0
2026-09-25,szklarnie z poliwęglanu [phrase],szklarnia z poliwęglanu 3x6 producent 6mm,1,0,0.0,0.0
2026-09-25,szklarnie z poliwęglanu [phrase],szklarnia z poliwęglanu 3x8,1,0,0.0,0.0
2026-09-25,szklarnie z poliwęglanu [phrase],szklarnia z poliwęglanu 4x12,1,0,0.0,0.0
2026-09-25,szklarnie z poliwęglanu [phrase],szklarnia z poliwęglanu 4x4,1,0,0.0,0.0
2026-09-25,szklarnie z poliwęglanu [phrase],szklarnia z poliwęglanu 6 mm,1,0,0.0,0.0
2026-09-25,szklarnie z poliwęglanu [phrase],szklarnia z poliwęglanu 6mm,2,1,0.99,0.0
2026-09-25,szklarnie z poliwęglanu [phrase],szklarnia z poliwęglanu na wymiar,1,0,0.0,0.0
2026-09-25,szklarnie z poliwęglanu [phrase],szklarnia z poliwęglanu polski producent,3,0,0.0,0.0
2026-09-25,szklarnie z poliwęglanu [phrase],szklarnia z poliwęglanu wyprzedaż,2,1,0.43,0.0
2026-09-25,szklarnie z poliwęglanu [phrase],szklarnie ogrodowe,2,0,0.0,0.0
2026-09-25,szklarnie z poliwęglanu [phrase],szklarnie ogrodowe z poliwęglanu,1,0,0.0,0.0
2026-09-25,szklarnie z poliwęglanu [phrase],szklarnie poliwęglanowe,3,2,1.08,0.0
2026-09-25,szklarnie z poliwęglanu [phrase],szklarnie z poliweglanu,2,0,0.0,0.0
2026-09-25,szklarnie z poliwęglanu [phrase],szklarnie z poliwęglanu profimet,1,1,1.49,0.0
2026-09-25,szklarnie z poliwęglanu [phrase],tunel ogrodowy z poliwęglanu,1,0,0.0,0.0
2026-09-25,szklarnie z poliwęglanu producent,szklarnie poliwęglanowe producent,2,0,0.0,0.0
2026-09-25,szklarnie z poliwęglanu producent,szklarnie z poliwęglanu profimet,1,0,0.0,0.0
2026-09-25,tunele z poliwęglanu,tunel ogrodniczy z poliwęglanu,1,0,0.0,0.0
2026-09-25,tunele z poliwęglanu,tunel ogrodowy z poliwęglanu,3,0,0.0,0.0
2026-09-25,tunele z poliwęglanu,tunel poliwęglan,7,0,0.0,0.0
2026-09-25,tunele z poliwęglanu,tunel z poliwęglanu,3,0,0.0,0.0
2026-09-25,tunele z poliwęglanu,tunele ogrodowe z poliwęglanu,5,1,0.22,0.0
2026-09-25,tunele z poliwęglanu,tunele poliwęglanowe,1,0,0.0,0.0
2026-09-25,tunele z poliwęglanu,tunele z poliwęglanu,14,2,2.78,0.0
2026-09-25,wymiary | poliwęglan 4х6,agro szklarnia,1,1,0.2,0.0
2026-09-25,wymiary | poliwęglan 4х6,alistan agro,1,0,0.0,0.0
2026-09-25,wymiary | poliwęglan 4х6,cieplarnia pl,2,0,0.0,0.0
2026-09-25,wymiary | poliwęglan 4х6,cultivo,1,0,0.0,0.0
2026-09-25,wymiary | poliwęglan 4х6,farmer tunele,1,0,0.0,0.0
2026-09-25,wymiary | poliwęglan 4х6,mam szklarnie,1,0,0.0,0.0
2026-09-25,wymiary | poliwęglan 4х6,mam szklarnie pl,1,0,0.0,0.0
2026-09-25,wymiary | poliwęglan 4х6,mocna szklarnia,1,0,0.0,0.0
2026-09-25,wymiary | poliwęglan 4х6,montowanie szklarni z poliwęglanu,1,0,0.0,0.0
2026-09-25,wymiary | poliwęglan 4х6,poli szklarnia,1,0,0.0,0.0
2026-09-25,wymiary | poliwęglan 4х6,poligreen,4,0,0.0,0.0
2026-09-25,wymiary | poliwęglan 4х6,poligreen poliwęglan,1,0,0.0,0.0
2026-09-25,wymiary | poliwęglan 4х6,poligreen zhuk,2,0,0.0,0.0
2026-09-25,wymiary | poliwęglan 4х6,poliwęglany,1,0,0.0,0.0
2026-09-25,wymiary | poliwęglan 4х6,polska szklarnia eu,1,0,0.0,0.0
2026-09-25,wymiary | poliwęglan 4х6,szklarnia,3,0,0.0,0.0
2026-09-25,wymiary | poliwęglan 4х6,szklarnia 4x6,1,0,0.0,0.0
2026-09-25,wymiary | poliwęglan 4х6,szklarnia agrinker,1,0,0.0,0.0
2026-09-25,wymiary | poliwęglan 4х6,szklarnia ogrodowa,2,0,0.0,0.0
2026-09-25,wymiary | poliwęglan 4х6,szklarnia poliweglan,2,0,0.0,0.0
2026-09-25,wymiary | poliwęglan 4х6,szklarnia poliwęglan,1,0,0.0,0.0
2026-09-25,wymiary | poliwęglan 4х6,szklarnia półokrągła,1,0,0.0,0.0
2026-09-25,wymiary | poliwęglan 4х6,szklarnia z poliweglanu,3,0,0.0,0.0
2026-09-25,wymiary | poliwęglan 4х6,szklarnia z poliwęglanu 3x6 cena,1,0,0.0,0.0
2026-09-25,wymiary | poliwęglan 4х6,szklarnia z poliwęglanu 4 x 6,2,0,0.0,0.0
2026-09-25,wymiary | poliwęglan 4х6,szklarnia z poliwęglanu 4x12,1,0,0.0,0.0
2026-09-25,wymiary | poliwęglan 4х6,szklarnia z poliwęglanu 4x6,9,1,1.85,0.0
2026-09-25,wymiary | poliwęglan 4х6,szklarnia zimowa,1,0,0.0,0.0
2026-09-25,wymiary | poliwęglan 4х6,szklarnie,6,0,0.0,0.0
2026-09-25,wymiary | poliwęglan 4х6,szklarnie ogrodowe wyprzedaż,2,0,0.0,0.0
2026-09-25,wymiary | poliwęglan 4х6,szklarnie plastikowe,1,0,0.0,0.0
2026-09-25,wymiary | poliwęglan 4х6,szklarnie tunele,1,0,0.0,0.0
2026-09-25,wymiary | poliwęglan 4х6,szklarnie z poliwęglanu,12,2,0.98,0.0
2026-09-25,wymiary | poliwęglan 4х6,szklarnie z poliwęglanu 4x6,1,0,0.0,0.0
2026-09-25,wymiary | poliwęglan 4х6,tunel 3x6,2,0,0.0,0.0
2026-09-25,wymiary | poliwęglan 4х6,tunel na warzywa,1,0,0.0,0.0
2026-09-25,wymiary | poliwęglan 4х6,tunel ogrodowy,11,0,0.0,0.0
2026-09-25,wymiary | poliwęglan 4х6,tunel ogrodowy 3x6,5,0,0.0,0.0
2026-09-25,wymiary | poliwęglan 4х6,tunel ogrodowy 4x6,2,0,0.0,0.0
2026-09-25,wymiary | poliwęglan 4х6,tunel ogrodowy wyprzedaż,3,0,0.0,0.0
2026-09-25,wymiary | poliwęglan 4х6,tunel poliwęglan 4x8,3,0,0.0,0.0
2026-09-25,wymiary | poliwęglan 4х6,tunel szklarnia,1,0,0.0,0.0
2026-09-25,wymiary | poliwęglan 4х6,tunel szklarnia z poliwęglanu,1,0,0.0,0.0
2026-09-25,wymiary | poliwęglan 4х6,tunel z poliwęglanu 4x6,4,2,0.66,0.0
2026-09-25,wymiary | poliwęglan 4х6,tunele ogrodowe,1,0,0.0,0.0
2026-09-25,wymiary | poliwęglan 4х6,wesoły rolnik,1,0,0.0,0.0
2026-09-25,wymiary | poliwęglan 4х6,www szklarnia pl,1,0,0.0,0.0
2026-09-25,wymiary | poliwęglan 4х8,szklarnia z poliwęglanu 4x8,2,1,0.44,0.0
2026-09-25,wymiary | poliwęglan 4х8,tunel z poliwęglanu 4x8,6,1,0.45,0.0
2026-09-25,wymiary | poliwęglan 2х4,szklarnia 2x4,1,1,0.34,0.0
2026-09-25,wymiary | poliwęglan 2х4,szklarnia ogrodowa 4x2,1,0,0.0,0.0
2026-09-25,wymiary | poliwęglan 2х4,szklarnia poliwęglan 2x4,1,0,0.0,0.0
2026-09-25,wymiary | poliwęglan 2х4,szklarnia z poliweglanu 2x4,1,0,0.0,0.0
2026-09-25,wymiary | poliwęglan 2х4,szklarnia z poliwęglanu 2x4,4,0,0.0,0.0
2026-09-25,wymiary | poliwęglan 2х4,szklarnia z poliwęglanu 4x2,2,0,0.0,0.0
2026-09-25,wymiary | poliwęglan 2х4,tunel ogrodowy 2x4,4,0,0.0,0.0
2026-09-25,wymiary | poliwęglan 2х4,tunel ogrodowy 4x2,1,0,0.0,0.0
2026-09-25,wymiary | poliwęglan 2х4,tunel z poliwęglanu 2.5 x4,2,0,0.0,0.0
2026-09-25,wymiary | poliwęglan 2х4,tunel z poliwęglanu 2x4,3,0,0.0,0.0
2026-09-25,mala szklarnia z poliweglanu,1 kup pl,1,0,0.0,0.0
2026-09-25,mala szklarnia z poliweglanu,agro szklarnia,3,1,0.22,0.0
2026-09-25,mala szklarnia z poliweglanu,agroszklarnia,2,0,0.0,0.0
2026-09-25,mala szklarnia z poliweglanu,alistan agro sp z o o,1,0,0.0,0.0
2026-09-25,mala szklarnia z poliweglanu,cieplarnia pl,1,0,0.0,0.0
2026-09-25,mala szklarnia z poliweglanu,cultivo,1,1,0.65,0.0
2026-09-25,mala szklarnia z poliweglanu,ekotunele pl,1,0,0.0,0.0
2026-09-25,mala szklarnia z poliweglanu,eurotradeline,2,0,0.0,0.0
2026-09-25,mala szklarnia z poliweglanu,greenhouse,1,0,0.0,0.0
2026-09-25,mala szklarnia z poliweglanu,inspekta ogrodowe,2,0,0.0,0.0
2026-09-25,mala szklarnia z poliweglanu,kupszklarnie,1,0,0.0,0.0
2026-09-25,mala szklarnia z poliweglanu,mala szklarnia z poliweglanu,1,0,0.0,0.0
2026-09-25,mala szklarnia z poliweglanu,mała szklarnia,1,0,0.0,0.0
2026-09-25,mala szklarnia z poliweglanu,mała szklarnia ogrodowa,1,0,0.0,0.0
2026-09-25,mala szklarnia z poliweglanu,małe szklarnie z poliwęglanu,1,0,0.0,0.0
2026-09-25,mala szklarnia z poliweglanu,mocne szklarnie pl,2,0,0.0,0.0
2026-09-25,mala szklarnia z poliweglanu,poligreen zhuk spółka komandytowa,2,0,0.0,0.0
2026-09-25,mala szklarnia z poliweglanu,producent szklarni ogrodowych,1,0,0.0,0.0
2026-09-25,mala szklarnia z poliweglanu,profimet szklarnie,3,1,4.76,0.0
2026-09-25,mala szklarnia z poliweglanu,szklarnia,2,0,0.0,0.0
2026-09-25,mala szklarnia z poliweglanu,szklarnia mała,1,0,0.0,0.0
2026-09-25,mala szklarnia z poliweglanu,szklarnia ogrodowa 2x2,1,0,0.0,0.0
2026-09-25,mala szklarnia z poliweglanu,szklarnia ogrodowa mała,1,0,0.0,0.0
2026-09-25,mala szklarnia z poliweglanu,szklarnia z poliweglanu,1,0,0.0,0.0
2026-09-25,mala szklarnia z poliweglanu,szklarnia z poliwęglanu 2x2 5,2,0,0.0,0.0
2026-09-25,mala szklarnia z poliweglanu,szklarnia z poliwęglanu 3x2,2,0,0.0,0.0
2026-09-25,mala szklarnia z poliweglanu,szklarnia z poliwęglanu 4x4,1,0,0.0,0.0
2026-09-25,mala szklarnia z poliweglanu,szklarnia z poliwęglanu cena,1,0,0.0,0.0
2026-09-25,mala szklarnia z poliweglanu,szklarnia z poliwęglanu wyprzedaż,1,1,0.34,0.0
2026-09-25,mala szklarnia z poliweglanu,szklarnie,1,0,0.0,0.0
2026-09-25,mala szklarnia z poliweglanu,szklarnie ogrodowe wyprzedaż,4,0,0.0,0.0
2026-09-25,mala szklarnia z poliweglanu,tanie szklarnie ogrodowe,1,0,0.0,0.0
2026-09-25,mala szklarnia z poliweglanu,tunel sunny,1,0,0.0,0.0
2026-09-26,wymiary | poliwęglan 3х6,szklarnia 3x6,2,0,0.0,0.0
2026-09-26,wymiary | poliwęglan 3х6,szklarnia 3x6 poliwęglan,5,1,0.86,0.0
2026-09-26,wymiary | poliwęglan 3х6,szklarnia ogrodowa 3x6,1,0,0.0,0.0
2026-09-26,wymiary | poliwęglan 3х6,szklarnia poliweglan 3x6,2,0,0.0,0.0
2026-09-26,wymiary | poliwęglan 3х6,szklarnia poliwęglan 3x6,4,0,0.0,0.0
2026-09-26,wymiary | poliwęglan 3х6,szklarnia poliwęglanowa 3 x 6,1,0,0.0,0.0
2026-09-26,wymiary | poliwęglan 3х6,szklarnia z poliwęglanu 3x6,20,1,1.27,0.0
2026-09-26,wymiary | poliwęglan 3х6,szklarnia z poliwęglanu 3x6 producent,8,0,0.0,0.0
2026-09-26,wymiary | poliwęglan 3х6,szklarnia z poliwęglanu 3x6 producent 6mm,1,0,0.0,0.0
2026-09-26,wymiary | poliwęglan 3х6,szklarnia z poliwęglanu 3x6 promocja,2,0,0.0,0.0
2026-09-26,wymiary | poliwęglan 3х6,szklarnia z poliwęglanu 3x6 wyprzedaż,1,0,0.0,0.0
2026-09-26,wymiary | poliwęglan 3х6,szklarnie poliwęglanowe 3x6,1,0,0.0,0.0
2026-09-26,wymiary | poliwęglan 3х6,szklarnie z poliwęglanu 3 x 6,2,1,0.36,0.0
2026-09-26,wymiary | poliwęglan 3х6,szklarnie z poliwęglanu 3x6,2,0,0.0,0.0
2026-09-26,wymiary | poliwęglan 3х6,tunel 3x6 z poliwęglanu,1,0,0.0,0.0
2026-09-26,wymiary | poliwęglan 3х6,tunel poliwęglan 3x6,1,0,0.0,0.0
2026-09-26,wymiary | poliwęglan 3х6,tunel z poliwęglanu 3x6,5,0,0.0,0.0
2026-09-26,wymiary | poliwęglan 3х6,tunel z poliwęglanu 3x6m,1,0,0.0,0.0
2026-09-26,wymiary | poliwęglan 3х4,agroszklarnia,1,0,0.0,0.0
2026-09-26,wymiary | poliwęglan 3х4,cultivo,2,0,0.0,0.0
2026-09-26,wymiary | poliwęglan 3х4,jakiej firmy szklarnia z poliwęglanu,3,0,0.0,0.0
2026-09-26,wymiary | poliwęglan 3х4,mam szklarnie pl,1,0,0.0,0.0
2026-09-26,wymiary | poliwęglan 3х4,mocna szklarnia z poliwęglanu,1,0,0.0,0.0
2026-09-26,wymiary | poliwęglan 3х4,modna szklarnia pl,1,1,0.21,0.0
2026-09-26,wymiary | poliwęglan 3х4,namiot ogrodniczy 3x6,1,0,0.0,0.0
2026-09-26,wymiary | poliwęglan 3х4,namiot ogrodowy na pomidory,1,0,0.0,0.0
2026-09-26,wymiary | poliwęglan 3х4,namiot warzywny,1,0,0.0,0.0
2026-09-26,wymiary | poliwęglan 3х4,namiot z poliwęglanu,1,0,0.0,0.0
2026-09-26,wymiary | poliwęglan 3х4,poliweglan szklarnia,1,1,0.51,0.0
2026-09-26,wymiary | poliwęglan 3х4,poliwęglan szklarnia,1,0,0.0,0.0
2026-09-26,wymiary | poliwęglan 3х4,polski producent szklarni ogrodowych,1,1,0.62,0.0
2026-09-26,wymiary | poliwęglan 3х4,producent szklarni,1,0,0.0,0.0
2026-09-26,wymiary | poliwęglan 3х4,profi met,1,1,0.08,0.0
2026-09-26,wymiary | poliwęglan 3х4,rozsadnik poliwęglanowy,1,0,0.0,0.0
2026-09-26,wymiary | poliwęglan 3х4,skladanie szklarni poliweglan,1,0,0.0,0.0
2026-09-26,wymiary | poliwęglan 3х4,szklarnia,5,0,0.0,0.0
2026-09-26,wymiary | poliwęglan 3х4,szklarnia 2 x 4,1,0,0.0,0.0
2026-09-26,wymiary | poliwęglan 3х4,szklarnia 3x4,3,0,0.0,0.0
2026-09-26,wymiary | poliwęglan 3х4,szklarnia ocieplana,1,0,0.0,0.0
2026-09-26,wymiary | poliwęglan 3х4,szklarnia ogrodowa,25,1,1.25,0.0
2026-09-26,wymiary | poliwęglan 3х4,szklarnia ogrodowa 2x6,2,0,0.0,0.0
2026-09-26,wymiary | poliwęglan 3х4,szklarnia ogrodowa 3x4 z poliwęglanu solid mocna,2,0,0.0,0.0
2026-09-26,wymiary | poliwęglan 3х4,szklarnia poliwęglan 3x4,8,0,0.0,0.0
2026-09-26,wymiary | poliwęglan 3х4,szklarnia z montazem,1,0,0.0,0.0
2026-09-26,wymiary | poliwęglan 3х4,szklarnia z poliwęglanu 3 x 4,2,0,0.0,0.0
2026-09-26,wymiary | poliwęglan 3х4,szklarnia z poliwęglanu 3x4,15,2,1.17,0.0
2026-09-26,wymiary | poliwęglan 3х4,szklarnia z poliwęglanu 3x4 6mm,3,1,0.58,0.0
2026-09-26,wymiary | poliwęglan 3х4,szklarnia z poliwęglanu 3x4 producent,4,1,0.56,0.0
2026-09-26,wymiary | poliwęglan 3х4,szklarnia z poliwęglanu 3x4 z fundamentem,2,0,0.0,0.0
2026-09-26,wymiary | poliwęglan 3х4,szklarnia z poliwęglanu 6 mm,2,0,0.0,0.0
2026-09-26,wymiary | poliwęglan 3х4,szklarnia z poliwęglanu gaudi,1,0,0.0,0.0
2026-09-26,wymiary | poliwęglan 3х4,szklarnia z poliwęglanu wyprzedaż,2,0,0.0,0.0
2026-09-26,wymiary | poliwęglan 3х4,szklarnie,2,0,0.0,0.0
2026-09-26,wymiary | poliwęglan 3х4,szklarnie ogrodowe,5,0,0.0,0.0
2026-09-26,wymiary | poliwęglan 3х4,szklarnie ogrodowe wyprzedaż,8,0,0.0,0.0
2026-09-26,wymiary | poliwęglan 3х4,szklarnie poliwęglanowe,3,0,0.0,0.0
2026-09-26,wymiary | poliwęglan 3х4,szklarnie z poliwęglanu,20,3,0.9,0.0
2026-09-26,wymiary | poliwęglan 3х4,szklarnie z poliwęglanu 3x4,1,0,0.0,0.0
2026-09-26,wymiary | poliwęglan 3х4,tunel 12x4,1,0,0.0,0.0
2026-09-26,wymiary | poliwęglan 3х4,tunel 3x8,1,0,0.0,0.0
2026-09-26,wymiary | poliwęglan 3х4,tunel 8x3,1,0,0.0,0.0
2026-09-26,wymiary | poliwęglan 3х4,tunel gospodarczy,1,0,0.0,0.0
2026-09-26,wymiary | poliwęglan 3х4,tunel na warzywa,1,0,0.0,0.0
2026-09-26,wymiary | poliwęglan 3х4,tunel ogrodowy,30,0,0.0,0.0
2026-09-26,wymiary | poliwęglan 3х4,tunel ogrodowy 3x4,8,1,0.22,0.0
2026-09-26,wymiary | poliwęglan 3х4,tunel ogrodowy z poliwęglanu,1,0,0.0,0.0
2026-09-26,wymiary | poliwęglan 3х4,tunel poliwęglanowy,2,0,0.0,0.0
2026-09-26,wymiary | poliwęglan 3х4,tunel warzywny,1,0,0.0,0.0
2026-09-26,wymiary | poliwęglan 3х4,tunel warzywny z poliwęglanu,1,1,0.15,0.0
2026-09-26,wymiary | poliwęglan 3х4,tunel z poliwęglanu,7,0,0.0,0.0
2026-09-26,wymiary | poliwęglan 3х4,tunel z poliwęglanu 2x4,1,0,0.0,0.0
2026-09-26,wymiary | poliwęglan 3х4,tunel z poliwęglanu 3x4,6,0,0.0,0.0
2026-09-26,wymiary | poliwęglan 3х4,tunele ogrodnicze,1,0,0.0,0.0
2026-09-26,wymiary | poliwęglan 3х4,tunele ogrodowe,1,0,0.0,0.0
2026-09-26,wymiary | poliwęglan 3х4,wyprzedaż szklarni ogrodowych,1,0,0.0,0.0
2026-09-26,wymiary | poliwęglan 3х8,tunel poliwęglan 3x8,1,0,0.0,0.0
2026-09-26,wymiary | poliwęglan 3х8,tunel z poliwęglanu 3x8,2,0,0.0,0.0
2026-09-26,cieplarnie z poliwęglanu,cieplarnie poliwęglanowe,1,1,0.88,0.0
2026-09-26,cieplarnie z poliwęglanu,cieplarnie z poliwęglanu,1,0,0.0,0.0
2026-09-26,cieplarnie z poliwęglanu,szklarni z poliwęglanu,1,0,0.0,0.0
2026-09-26,namioty z poliwęglanu,namiot ogrodowy z poliweglanu,1,0,0.0,0.0
2026-09-26,namioty z poliwęglanu,namiot poliweglan,1,0,0.0,0.0
2026-09-26,namioty z poliwęglanu,namiot z poliwęglanu,1,1,0.15,0.0
2026-09-26,namioty z poliwęglanu,namioty z poliwęglanu,2,1,0.09,0.0
2026-09-26,szklarnie z poliwęglanu [exact],szklarnia z poliwęglanu,27,1,0.22,0.0
2026-09-26,szklarnie z poliwęglanu [phrase],mocne szklarnie z poliwęglanu,1,0,0.0,0.0
2026-09-26,szklarnie z poliwęglanu [phrase],poliszklarnie,1,0,0.0,0.0
2026-09-26,szklarnie z poliwęglanu [phrase],poliwęglan szklarniowy,1,0,0.0,0.0
2026-09-26,szklarnie z poliwęglanu [phrase],poliwęglanowa szklarnia,1,1,0.31,0.0
2026-09-26,szklarnie z poliwęglanu [phrase],polskie szklarnie z poliwęglanu,2,0,0.0,0.0
2026-09-26,szklarnie z poliwęglanu [phrase],producenci szklarni z poliwęglanu,2,0,0.0,0.0
2026-09-26,szklarnie z poliwęglanu [phrase],szklarn8a z poliweglanu,1,0,0.0,0.0
2026-09-26,szklarnie z poliwęglanu [phrase],szklarnia 3x6 poliwęglan,1,0,0.0,0.0
2026-09-26,szklarnie z poliwęglanu [phrase],szklarnia ogrodowa,11,0,0.0,0.0
2026-09-26,szklarnie z poliwęglanu [phrase],szklarnia ogrodowa z poliwęglanu,2,0,0.0,0.0
2026-09-26,szklarnie z poliwęglanu [phrase],szklarnia poliweglan 6mm,1,0,0.0,0.0
2026-09-26,szklarnie z poliwęglanu [phrase],szklarnia poliwęglan,4,0,0.0,0.0
2026-09-26,szklarnie z poliwęglanu [phrase],szklarnia tunelowa z poliwęglanu,1,0,0.0,0.0
2026-09-26,szklarnie z poliwęglanu [phrase],szklarnia z poliwęglanu 4x2 5,1,1,0.86,0.0
2026-09-26,szklarnie z poliwęglanu [phrase],szklarnia z poliwęglanu 6 mm,1,0,0.0,0.0
2026-09-26,szklarnie z poliwęglanu [phrase],szklarnia z poliwęglanu 6mm,3,0,0.0,0.0
2026-09-26,szklarnie z poliwęglanu [phrase],szklarnia z poliwęglanu 8 mm,1,0,0.0,0.0
2026-09-26,szklarnie z poliwęglanu [phrase],szklarnia z poliwęglanu mocna,1,2,0.52,0.0
2026-09-26,szklarnie z poliwęglanu [phrase],szklarnie ogrodowe,5,0,0.0,0.0
2026-09-26,szklarnie z poliwęglanu [phrase],szklarnie ogrodowe z poliwęglanu,1,0,0.0,0.0
2026-09-26,szklarnie z poliwęglanu [phrase],szklarnie poliweglanowe producent,1,0,0.0,0.0
2026-09-26,szklarnie z poliwęglanu [phrase],szklarnie poliwęglanowe,1,0,0.0,0.0
2026-09-26,szklarnie z poliwęglanu [phrase],szklarnie z poliweglanu,2,0,0.0,0.0
2026-09-26,szklarnie z poliwęglanu [phrase],szklarnie z poliwęglanu warszawa,3,0,0.0,0.0
2026-09-26,szklarnie z poliwęglanu [phrase],szklarnie z poliwęglanu wyprzedaż,1,0,0.0,0.0
2026-09-26,szklarnie z poliwęglanu [phrase],szklarnie z poliwęglanu śląskie,2,0,0.0,0.0
2026-09-26,szklarnie z poliwęglanu [phrase],tania szklarnia z poliwęglanu,1,0,0.0,0.0
2026-09-26,tunele z poliwęglanu,tunel ogrodniczy z poliwęglanu,1,0,0.0,0.0
2026-09-26,tunele z poliwęglanu,tunel ogrodowy z poliwęglanu,16,2,1.4,0.0
2026-09-26,tunele z poliwęglanu,tunel poliweglan,2,0,0.0,0.0
2026-09-26,tunele z poliwęglanu,tunel poliweglanowy,2,0,0.0,0.0
2026-09-26,tunele z poliwęglanu,tunel z poliwęglanu,4,2,1.01,0.0
2026-09-26,tunele z poliwęglanu,tunele ogrodowe z poliwęglanu,1,0,0.0,0.0
2026-09-26,tunele z poliwęglanu,tunele poliwęglanowe,2,0,0.0,0.0
2026-09-26,tunele z poliwęglanu,tunele z poliwęglanu,4,0,0.0,0.0
2026-09-26,wymiary | poliwęglan 4х6,cieplarnia pl,1,0,0.0,0.0
2026-09-26,wymiary | poliwęglan 4х6,cultivo,1,0,0.0,0.0
2026-09-26,wymiary | poliwęglan 4х6,mam szklarnie pl,1,0,0.0,0.0
2026-09-26,wymiary | poliwęglan 4х6,małe szklarnie ogrodowe,1,0,0.0,0.0
2026-09-26,wymiary | poliwęglan 4х6,namiot ogrodniczy 3x6,1,0,0.0,0.0
2026-09-26,wymiary | poliwęglan 4х6,namiot ogrodowy na pomidory,1,0,0.0,0.0
2026-09-26,wymiary | poliwęglan 4х6,namiot szklarnia,1,0,0.0,0.0
2026-09-26,wymiary | poliwęglan 4х6,pewna szklarnia,1,0,0.0,0.0
2026-09-26,wymiary | poliwęglan 4х6,poligreen,1,0,0.0,0.0
2026-09-26,wymiary | poliwęglan 4х6,poliweglan szklarnia,1,1,0.43,0.0
2026-09-26,wymiary | poliwęglan 4х6,producent szklarni,1,0,0.0,0.0
2026-09-26,wymiary | poliwęglan 4х6,profi met,2,0,0.0,0.0
2026-09-26,wymiary | poliwęglan 4х6,rol market,2,0,0.0,0.0
2026-09-26,wymiary | poliwęglan 4х6,szklarnia,1,0,0.0,0.0
2026-09-26,wymiary | poliwęglan 4х6,szklarnia 4x6,2,0,0.0,0.0
2026-09-26,wymiary | poliwęglan 4х6,szklarnia 6x3,1,0,0.0,0.0
2026-09-26,wymiary | poliwęglan 4х6,szklarnia hestia,1,0,0.0,0.0
2026-09-26,wymiary | poliwęglan 4х6,szklarnia ogrodowa,8,0,0.0,0.0
2026-09-26,wymiary | poliwęglan 4х6,szklarnia ogrodowa z poliwęglanu,2,0,0.0,0.0
2026-09-26,wymiary | poliwęglan 4х6,szklarnia poliwęglan,2,0,0.0,0.0
2026-09-26,wymiary | poliwęglan 4х6,szklarnia poliwęglanowa,1,0,0.0,0.0
2026-09-26,wymiary | poliwęglan 4х6,szklarnia przydomowa,1,0,0.0,0.0
2026-09-26,wymiary | poliwęglan 4х6,szklarnia z montazem,2,0,0.0,0.0
2026-09-26,wymiary | poliwęglan 4х6,szklarnia z poliwęglanu 4x6,3,1,0.29,0.0
2026-09-26,wymiary | poliwęglan 4х6,szklarnia z poliwęglanu gaudi,1,0,0.0,0.0
2026-09-26,wymiary | poliwęglan 4х6,szklarnia z rynnami,1,0,0.0,0.0
2026-09-26,wymiary | poliwęglan 4х6,szklarnie,2,0,0.0,0.0
2026-09-26,wymiary | poliwęglan 4х6,szklarnie ogrodowe,5,0,0.0,0.0
2026-09-26,wymiary | poliwęglan 4х6,szklarnie z poliwęglanu,13,2,0.7,0.0
2026-09-26,wymiary | poliwęglan 4х6,tunel 6x3,2,0,0.0,0.0
2026-09-26,wymiary | poliwęglan 4х6,tunel ogrodniczy,1,0,0.0,0.0
2026-09-26,wymiary | poliwęglan 4х6,tunel ogrodowy,4,0,0.0,0.0
2026-09-26,wymiary | poliwęglan 4х6,tunel ogrodowy 3x6,6,0,0.0,0.0
2026-09-26,wymiary | poliwęglan 4х6,tunel ogrodowy 6x3,2,0,0.0,0.0
2026-09-26,wymiary | poliwęglan 4х6,tunel z poliwęglanu 3x4,1,0,0.0,0.0
2026-09-26,wymiary | poliwęglan 4х6,tunel z poliwęglanu 4x6,1,0,0.0,0.0
2026-09-26,wymiary | poliwęglan 4х6,tunele ogrodowe,1,0,0.0,0.0
2026-09-26,wymiary | poliwęglan 2х4,szklarnia ogrodowa 2x4,1,0,0.0,0.0
2026-09-26,wymiary | poliwęglan 2х4,szklarnia z poliwęglanu 2x4,2,0,0.0,0.0
2026-09-26,wymiary | poliwęglan 2х4,szklarnia z poliwęglanu 4x2 5,1,0,0.0,0.0
2026-09-26,wymiary | poliwęglan 2х4,szklarnie z poliwęglanu,1,0,0.0,0.0
2026-09-26,wymiary | poliwęglan 2х4,szklarnie z poliwęglanu 2x4,3,0,0.0,0.0
2026-09-26,wymiary | poliwęglan 2х4,tunel ogrodowy 2 5x4,2,0,0.0,0.0
2026-09-26,wymiary | poliwęglan 2х4,tunel z poliwęglanu 2x4,2,2,0.64,0.0
2026-09-26,mala szklarnia z poliweglanu,agrinker,3,0,0.0,0.0
2026-09-26,mala szklarnia z poliweglanu,cieplarnia pl,1,0,0.0,0.0
2026-09-26,mala szklarnia z poliweglanu,cultivo tm,2,0,0.0,0.0
2026-09-26,mala szklarnia z poliweglanu,male szklarnie,1,0,0.0,0.0
2026-09-26,mala szklarnia z poliweglanu,mała szklarnia ogrodowa,1,0,0.0,0.0
2026-09-26,mala szklarnia z poliweglanu,mała szklarnia ogrodowa z poliwęglanu,1,0,0.0,0.0
2026-09-26,mala szklarnia z poliweglanu,mała szklarnia z poliwęglanu,1,0,0.0,0.0
2026-09-26,mala szklarnia z poliweglanu,modna szklarnia pl,1,0,0.0,0.0
2026-09-26,mala szklarnia z poliweglanu,pewna szklarnia,1,0,0.0,0.0
2026-09-26,mala szklarnia z poliweglanu,polski producent szklarni ogrodowych,1,0,0.0,0.0
2026-09-26,mala szklarnia z poliweglanu,profi met,3,1,0.98,0.0
2026-09-26,mala szklarnia z poliweglanu,szklarni z poliwęglanu,1,0,0.0,0.0
2026-09-26,mala szklarnia z poliweglanu,szklarnia,2,0,0.0,0.0
2026-09-26,mala szklarnia z poliweglanu,szklarnia ogrodowa,1,0,0.0,0.0
2026-09-26,mala szklarnia z poliweglanu,szklarnia ogrodowa z poliwęglanu,1,0,0.0,0.0
2026-09-26,mala szklarnia z poliweglanu,szklarnia profimet,2,0,0.0,0.0
2026-09-26,mala szklarnia z poliweglanu,szklarnia vintage,1,0,0.0,0.0
2026-09-26,mala szklarnia z poliweglanu,szklarnia w środku,1,0,0.0,0.0
2026-09-26,mala szklarnia z poliweglanu,szklarnie,2,0,0.0,0.0
2026-09-26,mala szklarnia z poliweglanu,szklarnie ogrodowe,2,1,2.82,0.0
2026-09-26,mala szklarnia z poliweglanu,wesoly rolnik,1,0,0.0,0.0
2026-09-28,wymiary | poliwęglan 3х6,namiot z poliwęglanu 3x6,3,0,0.0,0.0
2026-09-28,wymiary | poliwęglan 3х6,szklarnia 3 x 6,3,1,0.37,0.0
2026-09-28,wymiary | poliwęglan 3х6,szklarnia 3x6,3,0,0.0,0.0
2026-09-28,wymiary | poliwęglan 3х6,szklarnia 3x6m,1,0,0.0,0.0
2026-09-28,wymiary | poliwęglan 3х6,szklarnia poliwęglan 3x6,14,1,1.32,0.0
2026-09-28,wymiary | poliwęglan 3х6,szklarnia poliwęglanowa 3 x 6,4,0,0.0,0.0
2026-09-28,wymiary | poliwęglan 3х6,szklarnia z poliwęglanu 3x6,27,0,0.0,0.0
2026-09-28,wymiary | poliwęglan 3х6,szklarnia z poliwęglanu 3x6 cena,2,0,0.0,0.0
2026-09-28,wymiary | poliwęglan 3х6,szklarnia z poliwęglanu 3x6 producent,2,0,0.0,0.0
2026-09-28,wymiary | poliwęglan 3х6,szklarnia z poliwęglanu 3x6 producent 6mm,7,2,1.23,0.0
2026-09-28,wymiary | poliwęglan 3х6,szklarnia z poliwęglanu 3x6 promocja,15,1,0.59,0.0
2026-09-28,wymiary | poliwęglan 3х6,szklarnia z poliwęglanu 3x6 wyprzedaż,3,0,0.0,0.0
2026-09-28,wymiary | poliwęglan 3х6,szklarnia z poliwęglanu 3x6 z fundamentem,2,0,0.0,0.0
2026-09-28,wymiary | poliwęglan 3х6,szklarnia z poliwęglanu 3x6m,4,1,1.27,0.0
2026-09-28,wymiary | poliwęglan 3х6,szklarnie z poliwęglanu 3x6,5,1,0.39,0.0
2026-09-28,wymiary | poliwęglan 3х6,tunel 3x6 z poliwęglanu,2,0,0.0,0.0
2026-09-28,wymiary | poliwęglan 3х6,tunel ogrodowy z poliwęglanu 3x6,3,1,1.01,0.0
2026-09-28,wymiary | poliwęglan 3х6,tunel poliwęglan 3x6,3,1,0.5,0.0
2026-09-28,wymiary | poliwęglan 3х6,tunel poliwęglanowy 3x6,1,0,0.0,0.0
2026-09-28,wymiary | poliwęglan 3х6,tunel z poliwęglanu 3x6,7,0,0.0,0.0
2026-09-28,wymiary | poliwęglan 3х6,tunel z poliwęglanu 3x6m,7,3,3.07,0.0
2026-09-28,wymiary | poliwęglan 3х6,tunel z poliwęglanu 3x6m cena,1,0,0.0,0.0
2026-09-28,wymiary | poliwęglan 3х4,alistan agro,3,0,0.0,0.0
2026-09-28,wymiary | poliwęglan 3х4,cieplarnia pl,1,0,0.0,0.0
2026-09-28,wymiary | poliwęglan 3х4,cieplarnie szklarnie,1,0,0.0,0.0
2026-09-28,wymiary | poliwęglan 3х4,covertech szklarnie,2,0,0.0,0.0
2026-09-28,wymiary | poliwęglan 3х4,cultivo,2,0,0.0,0.0
2026-09-28,wymiary | poliwęglan 3х4,ekotunele pl,1,0,0.0,0.0
2026-09-28,wymiary | poliwęglan 3х4,farmer tunele,4,0,0.0,0.0
2026-09-28,wymiary | poliwęglan 3х4,ile kosztuje tunel ogrodowy,1,0,0.0,0.0
2026-09-28,wymiary | poliwęglan 3х4,mam szklarnie pl,1,0,0.0,0.0
2026-09-28,wymiary | poliwęglan 3х4,małe tunele ogrodowe,1,0,0.0,0.0
2026-09-28,wymiary | poliwęglan 3х4,mocna szklarnia z poliwęglanu,1,0,0.0,0.0
2026-09-28,wymiary | poliwęglan 3х4,najlepsze szklarnie z poliwęglanu,2,0,0.0,0.0
2026-09-28,wymiary | poliwęglan 3х4,najtańsze szklarnie z poliwęglanu,2,2,3.21,0.0
2026-09-28,wymiary | poliwęglan 3х4,namiot na pomidory,2,0,0.0,0.0
2026-09-28,wymiary | poliwęglan 3х4,namiot na warzywa 3x6,2,0,0.0,0.0
2026-09-28,wymiary | poliwęglan 3х4,namiot ogrodniczy,2,1,0.33,0.0
2026-09-28,wymiary | poliwęglan 3х4,namiot ogrodowy do warzyw,1,0,0.0,0.0
2026-09-28,wymiary | poliwęglan 3х4,namiot ogrodowy pod warzywa,1,0,0.0,0.0
2026-09-28,wymiary | poliwęglan 3х4,namiot poliweglan,1,0,0.0,0.0
2026-09-28,wymiary | poliwęglan 3х4,namiot szklarnia,3,0,0.0,0.0
2026-09-28,wymiary | poliwęglan 3х4,namiot szklarniowy,2,0,0.0,0.0
2026-09-28,wymiary | poliwęglan 3х4,namioty pod warzywa,3,1,0.73,0.0
2026-09-28,wymiary | poliwęglan 3х4,nowaszklarnia,1,0,0.0,0.0
2026-09-28,wymiary | poliwęglan 3х4,pewna szklarnia,1,0,0.0,0.0
2026-09-28,wymiary | poliwęglan 3х4,poligreen pl,2,2,1.9,0.0
2026-09-28,wymiary | poliwęglan 3х4,poliwęglan,4,0,0.0,0.0
2026-09-28,wymiary | poliwęglan 3х4,sprzedam szklarnie z poliwęglanu,1,0,0.0,0.0
2026-09-28,wymiary | poliwęglan 3х4,szklarenki,1,0,0.0,0.0
2026-09-28,wymiary | poliwęglan 3х4,szklarnia,6,0,0.0,0.0
2026-09-28,wymiary | poliwęglan 3х4,szklarnia 3x4,9,1,0.47,0.0
2026-09-28,wymiary | poliwęglan 3х4,szklarnia 3x4 poliweglan,1,0,0.0,0.0
2026-09-28,wymiary | poliwęglan 3х4,szklarnia 3x4m,2,1,0.26,0.0
2026-09-28,wymiary | poliwęglan 3х4,szklarnia 3x8,1,0,0.0,0.0
2026-09-28,wymiary | poliwęglan 3х4,szklarnia caloroczna,1,0,0.0,0.0
2026-09-28,wymiary | poliwęglan 3х4,szklarnia koszt,1,0,0.0,0.0
2026-09-28,wymiary | poliwęglan 3х4,szklarnia na wymiar,1,0,0.0,0.0
2026-09-28,wymiary | poliwęglan 3х4,szklarnia namiot,1,0,0.0,0.0
2026-09-28,wymiary | poliwęglan 3х4,szklarnia ocieplana,2,0,0.0,0.0
2026-09-28,wymiary | poliwęglan 3х4,szklarnia ogrodowa,8,0,0.0,0.0
2026-09-28,wymiary | poliwęglan 3х4,szklarnia ogrodowa 3x4 z poliwęglanu solid mocna,5,2,1.2,0.0
2026-09-28,wymiary | poliwęglan 3х4,szklarnia ogrodowa z fundamentem,1,0,0.0,0.0
2026-09-28,wymiary | poliwęglan 3х4,szklarnia ogrodowa z poliweglanu,2,0,0.0,0.0
2026-09-28,wymiary | poliwęglan 3х4,szklarnia ogrodowa z poliwęglanu,1,0,0.0,0.0
2026-09-28,wymiary | poliwęglan 3х4,szklarnia poliweglan,1,0,0.0,0.0
2026-09-28,wymiary | poliwęglan 3х4,szklarnia poliwęglan,2,0,0.0,0.0
2026-09-28,wymiary | poliwęglan 3х4,szklarnia poliwęglan 3x4,1,0,0.0,0.0
2026-09-28,wymiary | poliwęglan 3х4,szklarnia poliwęglanowa 3x4 m,1,1,0.45,0.0
2026-09-28,wymiary | poliwęglan 3х4,szklarnia rotunda,1,0,0.0,0.0
2026-09-28,wymiary | poliwęglan 3х4,szklarnia z fundamentem,2,0,0.0,0.0
2026-09-28,wymiary | poliwęglan 3х4,szklarnia z poliweglanu,2,0,0.0,0.0
2026-09-28,wymiary | poliwęglan 3х4,szklarnia z poliwęglanu 2x4 6mm,1,0,0.0,0.0
2026-09-28,wymiary | poliwęglan 3х4,szklarnia z poliwęglanu 3 x 4,4,0,0.0,0.0
2026-09-28,wymiary | poliwęglan 3х4,szklarnia z poliwęglanu 3x4,20,3,1.68,0.0
2026-09-28,wymiary | poliwęglan 3х4,szklarnia z poliwęglanu 3x4 6mm,1,0,0.0,0.0
2026-09-28,wymiary | poliwęglan 3х4,szklarnia z poliwęglanu 3x4 polski producent,2,0,0.0,0.0
2026-09-28,wymiary | poliwęglan 3х4,szklarnia z poliwęglanu 3x4 producent,8,0,0.0,0.0
2026-09-28,wymiary | poliwęglan 3х4,szklarnia z poliwęglanu 3x8,1,0,0.0,0.0
2026-09-28,wymiary | poliwęglan 3х4,szklarnia z poliwęglanu promocja,1,0,0.0,0.0
2026-09-28,wymiary | poliwęglan 3х4,szklarnia z poliwęglanu wyprzedaż,1,0,0.0,0.0
2026-09-28,wymiary | poliwęglan 3х4,szklarnia zimowa,1,0,0.0,0.0
2026-09-28,wymiary | poliwęglan 3х4,szklarnie 3 x 4,1,0,0.0,0.0
2026-09-28,wymiary | poliwęglan 3х4,szklarnie na zamówienie,1,0,0.0,0.0
2026-09-28,wymiary | poliwęglan 3х4,szklarnie ogrodowe wyprzedaż,1,0,0.0,0.0
2026-09-28,wymiary | poliwęglan 3х4,szklarnie ogrodowe z poliwęglanu 3x4,2,0,0.0,0.0
2026-09-28,wymiary | poliwęglan 3х4,szklarnie poliwęglan,1,0,0.0,0.0
2026-09-28,wymiary | poliwęglan 3х4,szklarnie przydomowe,1,0,0.0,0.0
2026-09-28,wymiary | poliwęglan 3х4,szklarnie z poliwęglanu,34,2,1.53,0.0
2026-09-28,wymiary | poliwęglan 3х4,szklarnie z poliwęglanu 3x4,22,2,2.69,0.0
2026-09-28,wymiary | poliwęglan 3х4,tanie szklarnie,1,0,0.0,0.0
2026-09-28,wymiary | poliwęglan 3х4,tig pl szklarnie,1,0,0.0,0.0
2026-09-28,wymiary | poliwęglan 3х4,tunel do ogrodu,2,0,0.0,0.0
2026-09-28,wymiary | poliwęglan 3х4,tunel do pomidorów,1,0,0.0,0.0
2026-09-28,wymiary | poliwęglan 3х4,tunel na pomidory,1,0,0.0,0.0
2026-09-28,wymiary | poliwęglan 3х4,tunel na warzywa,1,0,0.0,0.0
2026-09-28,wymiary | poliwęglan 3х4,tunel ogrodowy,39,1,0.34,0.0
2026-09-28,wymiary | poliwęglan 3х4,tunel ogrodowy 3x4,5,0,0.0,0.0
2026-09-28,wymiary | poliwęglan 3х4,tunel ogrodowy 3x4 5,1,0,0.0,0.0
2026-09-28,wymiary | poliwęglan 3х4,tunel ogrodowy 3x6,1,0,0.0,0.0
2026-09-28,wymiary | poliwęglan 3х4,tunel ogrodowy 3x6 z drzwiami,1,0,0.0,0.0
2026-09-28,wymiary | poliwęglan 3х4,tunel ogrodowy wyprzedaż,6,0,0.0,0.0
2026-09-28,wymiary | poliwęglan 3х4,tunel ogrodowy z poliweglanu,1,0,0.0,0.0
2026-09-28,wymiary | poliwęglan 3х4,tunel ogrodowy z poliwęglanu 3x4,2,0,0.0,0.0
2026-09-28,wymiary | poliwęglan 3х4,tunel poliwęglan 3x4,7,0,0.0,0.0
2026-09-28,wymiary | poliwęglan 3х4,tunel poliwęglanowy,1,0,0.0,0.0
2026-09-28,wymiary | poliwęglan 3х4,tunel szklarniowy,2,0,0.0,0.0
2026-09-28,wymiary | poliwęglan 3х4,tunel z poliwęglanu,1,0,0.0,0.0
2026-09-28,wymiary | poliwęglan 3х4,tunel z poliwęglanu 3x4,5,0,0.0,0.0
2026-09-28,wymiary | poliwęglan 3х4,tunel z poliwęglanu cena,1,0,0.0,0.0
2026-09-28,wymiary | poliwęglan 3х4,tunele farmer,1,1,0.46,0.0
2026-09-28,wymiary | poliwęglan 3х4,tunele na pomidory,1,0,0.0,0.0
2026-09-28,wymiary | poliwęglan 3х4,tunele ogrodnicze,4,0,0.0,0.0
2026-09-28,wymiary | poliwęglan 3х4,tunele ogrodowe,5,0,0.0,0.0
2026-09-28,wymiary | poliwęglan 3х8,szklarnia poliwęglan 3x8,2,0,0.0,0.0
2026-09-28,wymiary | poliwęglan 3х8,tunel z poliwęglanu 3x8,3,0,0.0,0.0
2026-09-28,wymiary | poliwęglan 3х2,szklarnia z poliwęglanu 3 x 2,1,0,0.0,0.0
2026-09-28,wymiary | poliwęglan 3х2,szklarnia z poliwęglanu 3x2,2,0,0.0,0.0
2026-09-28,cieplarnie z poliwęglanu,profimet,1,1,1.73,0.0
2026-09-28,namioty z poliwęglanu,namiot ogrodowy 3x4 z poliwęglanu,1,0,0.0,0.0
2026-09-28,namioty z poliwęglanu,namiot ogrodowy z poliwęglanu,5,0,0.0,0.0
2026-09-28,namioty z poliwęglanu,namiot poliweglan,1,0,0.0,0.0
2026-09-28,namioty z poliwęglanu,namiot z poliwęglanu,1,0,0.0,0.0
2026-09-28,namioty z poliwęglanu,namioty z poliwęglanu,12,5,4.91,0.0
2026-09-28,namioty z poliwęglanu,tunel ogrodowy z poliwęglanu,1,0,0.0,0.0
2026-09-28,szklarnie z poliwęglanu [exact],szklarnia ogrodowa z poliwęglanu,5,1,0.21,0.0
2026-09-28,szklarnie z poliwęglanu [exact],szklarnia z poliwęglanu,188,13,8.33,0.0
2026-09-28,szklarnie z poliwęglanu [exact],szklarnia z poliwęglanu mocna,3,0,0.0,0.0
2026-09-28,szklarnie z poliwęglanu [exact],szklarnie poliweglanowe,1,0,0.0,0.0
2026-09-28,szklarnie z poliwęglanu [exact],tunel szklarnia z poliwęglanu,2,0,0.0,0.0
2026-09-28,szklarnie z poliwęglanu [phrase],jakiej firmy szklarnia z poliwęglanu,2,0,0.0,0.0
2026-09-28,szklarnie z poliwęglanu [phrase],mała szklarnia z poliwęglanu,1,0,0.0,0.0
2026-09-28,szklarnie z poliwęglanu [phrase],nowaszklarnia,5,0,0.0,0.0
2026-09-28,szklarnie z poliwęglanu [phrase],poliszklarnie,1,0,0.0,0.0
2026-09-28,szklarnie z poliwęglanu [phrase],poliwęglan szklarnia,1,0,0.0,0.0
2026-09-28,szklarnie z poliwęglanu [phrase],polski producent szklarni z poliwęglanu,2,1,0.78,0.0
2026-09-28,szklarnie z poliwęglanu [phrase],producent szklarni z poliwęglanu,2,0,0.0,0.0
2026-09-28,szklarnie z poliwęglanu [phrase],profimet,2,0,0.0,0.0
2026-09-28,szklarnie z poliwęglanu [phrase],profimet producent szklarni ogrodowych z poliwęglanu,2,1,0.32,0.0
2026-09-28,szklarnie z poliwęglanu [phrase],profimet szklarnie,2,1,2.65,0.0
2026-09-28,szklarnie z poliwęglanu [phrase],szklarnia 3x8,1,0,0.0,0.0
2026-09-28,szklarnie z poliwęglanu [phrase],szklarnia kompozytowa,1,0,0.0,0.0
2026-09-28,szklarnie z poliwęglanu [phrase],szklarnia ogrodowa,10,1,0.16,0.0
2026-09-28,szklarnie z poliwęglanu [phrase],szklarnia ogrodowa 3x4 z poliwęglanu solid mocna,1,0,0.0,0.0
2026-09-28,szklarnie z poliwęglanu [phrase],szklarnia ogrodowa z poliwęglanu,1,0,0.0,0.0
2026-09-28,szklarnie z poliwęglanu [phrase],szklarnia plastikowa,2,0,0.0,0.0
2026-09-28,szklarnie z poliwęglanu [phrase],szklarnia poliwęglan,2,0,0.0,0.0
2026-09-28,szklarnie z poliwęglanu [phrase],szklarnia poliwęglan 6mm,2,0,0.0,0.0
2026-09-28,szklarnie z poliwęglanu [phrase],szklarnia polokragla,1,0,0.0,0.0
2026-09-28,szklarnie z poliwęglanu [phrase],szklarnia victoria,5,0,0.0,0.0
2026-09-28,szklarnie z poliwęglanu [phrase],szklarnia z litego poliweglanu,1,1,0.55,0.0
2026-09-28,szklarnie z poliwęglanu [phrase],szklarnia z poliweglanu,5,0,0.0,0.0
2026-09-28,szklarnie z poliwęglanu [phrase],szklarnia z poliwęglanu 10 m,2,1,0.67,0.0
2026-09-28,szklarnie z poliwęglanu [phrase],szklarnia z poliwęglanu 2x4 6mm,1,0,0.0,0.0
2026-09-28,szklarnie z poliwęglanu [phrase],szklarnia z poliwęglanu 3x8,2,1,0.6,0.0
2026-09-28,szklarnie z poliwęglanu [phrase],szklarnia z poliwęglanu 4x2 5,1,0,0.0,0.0
2026-09-28,szklarnie z poliwęglanu [phrase],szklarnia z poliwęglanu 8 mm,2,1,0.66,0.0
2026-09-28,szklarnie z poliwęglanu [phrase],szklarnia z poliwęglanu na wymiar,2,0,0.0,0.0
2026-09-28,szklarnie z poliwęglanu [phrase],szklarnia z poliwęglanu promocja,2,0,0.0,0.0
2026-09-28,szklarnie z poliwęglanu [phrase],szklarnia z poliwęglanu wyprzedaż,1,0,0.0,0.0
2026-09-28,szklarnie z poliwęglanu [phrase],szklarnie ogrodowe,2,1,0.61,0.0
2026-09-28,szklarnie z poliwęglanu [phrase],szklarnie ogrodowe z poliwęglanu,4,1,0.16,0.0
2026-09-28,szklarnie z poliwęglanu [phrase],szklarnie poliwęglan,1,0,0.0,0.0
2026-09-28,szklarnie z poliwęglanu [phrase],szklarnie poliwęglanowe,3,0,0.0,0.0
2026-09-28,szklarnie z poliwęglanu [phrase],szklarnie z poliweglanu,3,0,0.0,0.0
2026-09-28,szklarnie z poliwęglanu [phrase],szklarnie z poliwęglanu 6 mm,2,0,0.0,0.0
2026-09-28,szklarnie z poliwęglanu [phrase],szklarnie z poliwęglanu warszawa,2,1,3.6,0.0
2026-09-28,szklarnie z poliwęglanu producent,szklarnie z poliwęglanu polski producent,4,0,0.0,0.0
2026-09-28,tunele z poliwęglanu,małe tunele z poliwęglanu,2,0,0.0,0.0
2026-09-28,tunele z poliwęglanu,namiot z poliwęglanu,1,0,0.0,0.0
2026-09-28,tunele z poliwęglanu,polskie tunele z poliwęglanu,1,0,0.0,0.0
2026-09-28,tunele z poliwęglanu,tunel na pomidory z poliwęglanu,2,0,0.0,0.0
2026-09-28,tunele z poliwęglanu,tunel na warzywa z poliwęglanu,1,0,0.0,0.0
2026-09-28,tunele z poliwęglanu,tunel ogrodowy z poliwęglanu,3,1,0.86,0.0
2026-09-28,tunele z poliwęglanu,tunel poliwęglan,2,0,0.0,0.0
2026-09-28,tunele z poliwęglanu,tunel poliwęglanowy,2,0,0.0,0.0
2026-09-28,tunele z poliwęglanu,tunel z poliweglanu,1,0,0.0,0.0
2026-09-28,tunele z poliwęglanu,tunel z poliwęglanu,13,1,0.91,1.0
2026-09-28,tunele z poliwęglanu,tunel z poliwęglanu 3x8,2,0,0.0,0.0
2026-09-28,tunele z poliwęglanu,tunele ogrodowe z poliwęglanu,10,1,1.53,0.0
2026-09-28,tunele z poliwęglanu,tunele poliwęglanowe,10,3,2.7,0.0
2026-09-28,tunele z poliwęglanu,tunele z poliwęglanu,4,1,0.25,0.0
2026-09-28,wymiary | poliwęglan 4х6,1kup pl,1,0,0.0,0.0
2026-09-28,wymiary | poliwęglan 4х6,agroszklarnia,1,0,0.0,0.0
2026-09-28,wymiary | poliwęglan 4х6,agroszklarnia pl,1,0,0.0,0.0
2026-09-28,wymiary | poliwęglan 4х6,alistan agro,1,0,0.0,0.0
2026-09-28,wymiary | poliwęglan 4х6,alistan shop,2,0,0.0,0.0
2026-09-28,wymiary | poliwęglan 4х6,baumera,1,0,0.0,0.0
2026-09-28,wymiary | poliwęglan 4х6,cieplarnie szklarnie,1,0,0.0,0.0
2026-09-28,wymiary | poliwęglan 4х6,etl group,1,1,1.99,0.0
2026-09-28,wymiary | poliwęglan 4х6,mała szklarnia ogrodowa,1,0,0.0,0.0
2026-09-28,wymiary | poliwęglan 4х6,mocne szklarnie,1,1,0.35,0.0
2026-09-28,wymiary | poliwęglan 4х6,namiot na warzywa,1,0,0.0,0.0
2026-09-28,wymiary | poliwęglan 4х6,namiot szklarnia,3,0,0.0,0.0
2026-09-28,wymiary | poliwęglan 4х6,ogrodowa szklarnia,2,0,0.0,0.0
2026-09-28,wymiary | poliwęglan 4х6,poliszklarnie,1,0,0.0,0.0
2026-09-28,wymiary | poliwęglan 4х6,poliwęglan szówsko,1,0,0.0,0.0
2026-09-28,wymiary | poliwęglan 4х6,polycarbonate,1,0,0.0,0.0
2026-09-28,wymiary | poliwęglan 4х6,profimet,1,0,0.0,0.0
2026-09-28,wymiary | poliwęglan 4х6,profimet szklarnie,1,0,0.0,0.0
2026-09-28,wymiary | poliwęglan 4х6,s2020,2,0,0.0,0.0
2026-09-28,wymiary | poliwęglan 4х6,szklarnia,12,0,0.0,0.0
2026-09-28,wymiary | poliwęglan 4х6,szklarnia 4x6,1,0,0.0,0.0
2026-09-28,wymiary | poliwęglan 4х6,szklarnia 4x6 poliwęglan,1,0,0.0,0.0
2026-09-28,wymiary | poliwęglan 4х6,szklarnia 6m,1,0,0.0,0.0
2026-09-28,wymiary | poliwęglan 4х6,szklarnia 6x3,1,0,0.0,0.0
2026-09-28,wymiary | poliwęglan 4х6,szklarnia 6x3 poliwęglan,2,0,0.0,0.0
2026-09-28,wymiary | poliwęglan 4х6,szklarnia duza,1,0,0.0,0.0
2026-09-28,wymiary | poliwęglan 4х6,szklarnia gaudi,1,0,0.0,0.0
2026-09-28,wymiary | poliwęglan 4х6,szklarnia ogrodowa,8,0,0.0,0.0
2026-09-28,wymiary | poliwęglan 4х6,szklarnia ogrodowa 6x3,2,0,0.0,0.0
2026-09-28,wymiary | poliwęglan 4х6,szklarnia ogrodowa tania,1,0,0.0,0.0
2026-09-28,wymiary | poliwęglan 4х6,szklarnia poliweglan,1,0,0.0,0.0
2026-09-28,wymiary | poliwęglan 4х6,szklarnia poliwęglan,5,1,0.65,0.0
2026-09-28,wymiary | poliwęglan 4х6,szklarnia tunelowa,1,0,0.0,0.0
2026-09-28,wymiary | poliwęglan 4х6,szklarnia victoria,1,0,0.0,0.0
2026-09-28,wymiary | poliwęglan 4х6,szklarnia z poliweglanu,1,0,0.0,0.0
2026-09-28,wymiary | poliwęglan 4х6,szklarnia z poliwęglanu 3x6 producent,1,0,0.0,0.0
2026-09-28,wymiary | poliwęglan 4х6,szklarnia z poliwęglanu 4 x 6,2,1,0.44,0.0
2026-09-28,wymiary | poliwęglan 4х6,szklarnia z poliwęglanu 4x6,14,3,0.73,0.0
2026-09-28,wymiary | poliwęglan 4х6,szklarnie,8,0,0.0,0.0
2026-09-28,wymiary | poliwęglan 4х6,szklarnie ogrodowe wyprzedaż,10,1,0.5,0.0
2026-09-28,wymiary | poliwęglan 4х6,szklarnie przydomowe,1,0,0.0,0.0
2026-09-28,wymiary | poliwęglan 4х6,szklarnie tutaj pl,1,0,0.0,0.0
2026-09-28,wymiary | poliwęglan 4х6,szklarnie z poliwęglanu,12,0,0.0,0.0
2026-09-28,wymiary | poliwęglan 4х6,tunel 4x6,1,0,0.0,0.0
2026-09-28,wymiary | poliwęglan 4х6,tunel 6x3,1,0,0.0,0.0
2026-09-28,wymiary | poliwęglan 4х6,tunel do warzyw,1,0,0.0,0.0
2026-09-28,wymiary | poliwęglan 4х6,tunel ogrodowa,1,0,0.0,0.0
2026-09-28,wymiary | poliwęglan 4х6,tunel ogrodowy,7,0,0.0,0.0
2026-09-28,wymiary | poliwęglan 4х6,tunel ogrodowy 3x6,8,0,0.0,0.0
2026-09-28,wymiary | poliwęglan 4х6,tunel ogrodowy wyprzedaż,1,0,0.0,0.0
2026-09-28,wymiary | poliwęglan 4х6,tunel szklarnia,1,0,0.0,0.0
2026-09-28,wymiary | poliwęglan 4х6,tunel z poliweglanu 4x6,1,0,0.0,0.0
2026-09-28,wymiary | poliwęglan 4х6,tunel z poliwęglanu 4x6,2,1,0.28,0.0
2026-09-28,wymiary | poliwęglan 4х6,tunele ogrodowe,2,0,0.0,0.0
2026-09-28,wymiary | poliwęglan 4х6,wesoły rolnik,1,0,0.0,0.0
2026-09-28,wymiary | poliwęglan 4х8,szklarnia z poliwęglanu 4x8,4,1,0.62,0.0
2026-09-28,wymiary | poliwęglan 2х4,poliwęglan dwukomorowy,1,0,0.0,0.0
2026-09-28,wymiary | poliwęglan 2х4,szklarnia 2x4,2,2,0.41,0.0
2026-09-28,wymiary | poliwęglan 2х4,szklarnia 4x2,1,0,0.0,0.0
2026-09-28,wymiary | poliwęglan 2х4,szklarnia poliwęglan,1,0,0.0,0.0
2026-09-28,wymiary | poliwęglan 2х4,szklarnia poliwęglan 2x4,1,0,0.0,0.0
2026-09-28,wymiary | poliwęglan 2х4,szklarnia z poliwęglanu 2x4,8,0,0.0,0.0
2026-09-28,wymiary | poliwęglan 2х4,szklarnia z poliwęglanu 2x4 6mm,1,0,0.0,0.0
2026-09-28,wymiary | poliwęglan 2х4,szklarnie z poliwęglanu,3,0,0.0,0.0
2026-09-28,wymiary | poliwęglan 2х4,szklarnie z poliwęglanu 2x4,1,0,0.0,0.0
2026-09-28,wymiary | poliwęglan 2х4,tunel z poliwęglanu 2x4,4,1,0.27,0.0
2026-09-28,mala szklarnia z poliweglanu,cieplarnia,2,0,0.0,0.0
2026-09-28,mala szklarnia z poliweglanu,cieplarnia pl,2,0,0.0,0.0
2026-09-28,mala szklarnia z poliweglanu,drogatrade,2,1,0.76,0.0
2026-09-28,mala szklarnia z poliweglanu,ekotunele,2,0,0.0,0.0
2026-09-28,mala szklarnia z poliweglanu,firma farmer,3,0,0.0,0.0
2026-09-28,mala szklarnia z poliweglanu,gardebruk,1,0,0.0,0.0
2026-09-28,mala szklarnia z poliweglanu,greenspot,2,0,0.0,0.0
2026-09-28,mala szklarnia z poliweglanu,mała szklarnia ogrodowa,2,0,0.0,0.0
2026-09-28,mala szklarnia z poliweglanu,małe szklarnie przydomowe,1,0,0.0,0.0
2026-09-28,mala szklarnia z poliweglanu,małe szklarnie z poliwęglanu,1,0,0.0,0.0
2026-09-28,mala szklarnia z poliweglanu,małe tunele ogrodowe,1,0,0.0,0.0
2026-09-28,mala szklarnia z poliweglanu,pewna szklarnia,1,0,0.0,0.0
2026-09-28,mala szklarnia z poliweglanu,poligreen zhuk spółka komandytowa,1,0,0.0,0.0
2026-09-28,mala szklarnia z poliweglanu,profimet,4,3,3.16,0.0
2026-09-28,mala szklarnia z poliweglanu,profimet szklarnie,12,4,3.5,2.0
2026-09-28,mala szklarnia z poliweglanu,szklarnia,5,0,0.0,0.0
2026-09-28,mala szklarnia z poliweglanu,szklarnia 2 5x4,1,0,0.0,0.0
2026-09-28,mala szklarnia z poliweglanu,szklarnia 2.5 x4,1,0,0.0,0.0
2026-09-28,mala szklarnia z poliweglanu,szklarnia 2x2,2,0,0.0,0.0
2026-09-28,mala szklarnia z poliweglanu,szklarnia 2x2 5,5,0,0.0,0.0
2026-09-28,mala szklarnia z poliweglanu,szklarnia 2x3m,2,0,0.0,0.0
2026-09-28,mala szklarnia z poliweglanu,szklarnia 4x8,1,0,0.0,0.0
2026-09-28,mala szklarnia z poliweglanu,szklarnia hobby,1,0,0.0,0.0
2026-09-28,mala szklarnia z poliweglanu,szklarnia mala,1,0,0.0,0.0
2026-09-28,mala szklarnia z poliweglanu,szklarnia ogrodowa 5x3,1,0,0.0,0.0
2026-09-28,mala szklarnia z poliweglanu,szklarnia ogrodowa z poliwęglanu,1,0,0.0,0.0
2026-09-28,mala szklarnia z poliweglanu,szklarnia poliwęglan,1,0,0.0,0.0
2026-09-28,mala szklarnia z poliweglanu,szklarnia profimed,1,0,0.0,0.0
2026-09-28,mala szklarnia z poliweglanu,szklarnia profimet,1,0,0.0,0.0
2026-09-28,mala szklarnia z poliweglanu,szklarnia rolnik,2,0,0.0,0.0
2026-09-28,mala szklarnia z poliweglanu,szklarnia samemu,1,0,0.0,0.0
2026-09-28,mala szklarnia z poliweglanu,szklarnia wyprzedaż,1,0,0.0,0.0
2026-09-28,mala szklarnia z poliweglanu,szklarnia z poliwęglanu 2x2,4,0,0.0,0.0
2026-09-28,mala szklarnia z poliweglanu,szklarnia z poliwęglanu 3x8,1,0,0.0,0.0
2026-09-28,mala szklarnia z poliweglanu,szklarnia zimowa,1,0,0.0,0.0
2026-09-28,mala szklarnia z poliweglanu,szklarnie,1,0,0.0,0.0
2026-09-28,mala szklarnia z poliweglanu,szklarnie do ogródka,1,0,0.0,0.0
2026-09-28,mala szklarnia z poliweglanu,szklarnie ogrodowe,1,0,0.0,0.0
2026-09-28,mala szklarnia z poliweglanu,szklarnie ogrodowe wyprzedaż,1,1,1.22,0.0
2026-09-28,mala szklarnia z poliweglanu,tanie szklarnie,1,0,0.0,0.0
2026-09-28,mala szklarnia z poliweglanu,tanie szklarnie ogrodowe,1,0,0.0,0.0
2026-09-28,mala szklarnia z poliweglanu,tunel 2x2,2,0,0.0,0.0
2026-09-28,mala szklarnia z poliweglanu,tunel ogrodowy 3x6 z drzwiami,2,0,0.0,0.0
2026-09-28,mala szklarnia z poliweglanu,tunel ogrodowy bialy,1,0,0.0,0.0
2026-09-28,mala szklarnia z poliweglanu,tunel ogrodowy maly,1,0,0.0,0.0
2026-09-29,wymiary | poliwęglan 3х6,szklarnia 3x6,5,1,0.2,0.0
2026-09-29,wymiary | poliwęglan 3х6,szklarnia 3x6m,1,0,0.0,0.0
2026-09-29,wymiary | poliwęglan 3х6,szklarnia poliwęglan 3x6,3,0,0.0,0.0
2026-09-29,wymiary | poliwęglan 3х6,szklarnia z poliwęglanu 3 x 6,1,0,0.0,0.0
2026-09-29,wymiary | poliwęglan 3х6,szklarnia z poliwęglanu 3x6,6,0,0.0,0.0
2026-09-29,wymiary | poliwęglan 3х6,szklarnia z poliwęglanu 3x6 6mm,1,0,0.0,0.0
2026-09-29,wymiary | poliwęglan 3х6,szklarnia z poliwęglanu 3x6 producent,9,3,3.06,0.0
2026-09-29,wymiary | poliwęglan 3х6,szklarnia z poliwęglanu 3x6 producent 6mm,1,0,0.0,0.0
2026-09-29,wymiary | poliwęglan 3х6,szklarnia z poliwęglanu 3x6 promocja,8,1,0.35,0.0
2026-09-29,wymiary | poliwęglan 3х6,szklarnia z poliwęglanu 3x6m,1,0,0.0,0.0
2026-09-29,wymiary | poliwęglan 3х6,szklarnie poliwęglanowe 3x6,2,0,0.0,0.0
2026-09-29,wymiary | poliwęglan 3х6,szklarnie z poliwęglanu 3x6,1,0,0.0,0.0
2026-09-29,wymiary | poliwęglan 3х6,tunel ogrodowy z poliwęglanu 3x6,1,0,0.0,0.0
2026-09-29,wymiary | poliwęglan 3х6,tunel poliwęglan 3x6,2,1,0.96,0.0
2026-09-29,wymiary | poliwęglan 3х6,tunel z poliwęglanu 3x6,7,2,0.73,0.0
2026-09-29,wymiary | poliwęglan 3х6,tunel z poliwęglanu 3x6 cena,2,1,0.14,0.0
2026-09-29,wymiary | poliwęglan 3х6,tunel z poliwęglanu 3x6m,5,0,0.0,0.0
2026-09-29,wymiary | poliwęglan 3х6,tunele z poliwęglanu 3x6,1,0,0.0,0.0
2026-09-29,wymiary | poliwęglan 3х4,1 kup pl,1,0,0.0,0.0
2026-09-29,wymiary | poliwęglan 3х4,1kup pl,1,0,0.0,0.0
2026-09-29,wymiary | poliwęglan 3х4,alistan shop,1,0,0.0,0.0
2026-09-29,wymiary | poliwęglan 3х4,cultivo,2,0,0.0,0.0
2026-09-29,wymiary | poliwęglan 3х4,farmer tunele,2,0,0.0,0.0
2026-09-29,wymiary | poliwęglan 3х4,mam szklarnie pl,1,0,0.0,0.0
2026-09-29,wymiary | poliwęglan 3х4,mała szklarnia ogrodowa,1,0,0.0,0.0
2026-09-29,wymiary | poliwęglan 3х4,montowanie szklarni z poliwęglanu,1,0,0.0,0.0
2026-09-29,wymiary | poliwęglan 3х4,namiot na pomidory,2,0,0.0,0.0
2026-09-29,wymiary | poliwęglan 3х4,ogrodowy tunel,1,0,0.0,0.0
2026-09-29,wymiary | poliwęglan 3х4,poliwęglan,2,0,0.0,0.0
2026-09-29,wymiary | poliwęglan 3х4,profimet,1,0,0.0,0.0
2026-09-29,wymiary | poliwęglan 3х4,profimet szklarnie,1,1,1.33,0.0
2026-09-29,wymiary | poliwęglan 3х4,przydomowa szklarnia,2,0,0.0,0.0
2026-09-29,wymiary | poliwęglan 3х4,solidna szklarnia,1,0,0.0,0.0
2026-09-29,wymiary | poliwęglan 3х4,superszklarnie pl,1,0,0.0,0.0
2026-09-29,wymiary | poliwęglan 3х4,szklarnia,6,1,0.22,0.0
2026-09-29,wymiary | poliwęglan 3х4,szklarnia 2 na 4,2,0,0.0,0.0
2026-09-29,wymiary | poliwęglan 3х4,szklarnia 3,2,0,0.0,0.0
2026-09-29,wymiary | poliwęglan 3х4,szklarnia 3m,1,0,0.0,0.0
2026-09-29,wymiary | poliwęglan 3х4,szklarnia 3x4,1,2,0.34,0.0
2026-09-29,wymiary | poliwęglan 3х4,szklarnia 3x4m,1,0,0.0,0.0
2026-09-29,wymiary | poliwęglan 3х4,szklarnia bass polska,1,0,0.0,0.0
2026-09-29,wymiary | poliwęglan 3х4,szklarnia namiot ogrodowy,2,0,0.0,0.0
2026-09-29,wymiary | poliwęglan 3х4,szklarnia ogrodowa,8,0,0.0,0.0
2026-09-29,wymiary | poliwęglan 3х4,szklarnia ogrodowa 3 x 6 m,1,0,0.0,0.0
2026-09-29,wymiary | poliwęglan 3х4,szklarnia ogrodowa 3x4 z poliwęglanu solid mocna,1,0,0.0,0.0
2026-09-29,wymiary | poliwęglan 3х4,szklarnia ogrodowa z poliwęglanu 3x4,2,0,0.0,0.0
2026-09-29,wymiary | poliwęglan 3х4,szklarnia poliwęglan 3x4,2,0,0.0,0.0
2026-09-29,wymiary | poliwęglan 3х4,szklarnia poliwęglanowa,2,0,0.0,0.0
2026-09-29,wymiary | poliwęglan 3х4,szklarnia z poliweglanu,3,2,1.36,0.0
2026-09-29,wymiary | poliwęglan 3х4,szklarnia z poliwęglanu 3x4,14,1,0.4,0.0
2026-09-29,wymiary | poliwęglan 3х4,szklarnia z poliwęglanu 3x4 5,1,0,0.0,0.0
2026-09-29,wymiary | poliwęglan 3х4,szklarnia z poliwęglanu 3x4 6mm,4,1,0.92,0.0
2026-09-29,wymiary | poliwęglan 3х4,szklarnia z poliwęglanu 3x4 producent,6,0,0.0,0.0
2026-09-29,wymiary | poliwęglan 3х4,szklarnia z poliwęglanu 3x4 promocja,1,0,0.0,0.0
2026-09-29,wymiary | poliwęglan 3х4,szklarnia z poliwęglanu 3x4 z fundamentem,2,1,0.34,0.0
2026-09-29,wymiary | poliwęglan 3х4,szklarnia z poliwęglanu 3x6 producent 6mm,1,0,0.0,0.0
2026-09-29,wymiary | poliwęglan 3х4,szklarnia z poliwęglanu 6 mm,1,0,0.0,0.0
2026-09-29,wymiary | poliwęglan 3х4,szklarnie,4,0,0.0,0.0
2026-09-29,wymiary | poliwęglan 3х4,szklarnie 3 x 4,3,1,1.18,0.0
2026-09-29,wymiary | poliwęglan 3х4,szklarnie ogrodowe,5,0,0.0,0.0
2026-09-29,wymiary | poliwęglan 3х4,szklarnie ogrodowe wyprzedaż,1,0,0.0,0.0
2026-09-29,wymiary | poliwęglan 3х4,szklarnie online,1,0,0.0,0.0
2026-09-29,wymiary | poliwęglan 3х4,szklarnie poliwęglanowe,3,0,0.0,0.0
2026-09-29,wymiary | poliwęglan 3х4,szklarnie z poliwęglanu,33,6,2.54,0.0
2026-09-29,wymiary | poliwęglan 3х4,szklarnie z poliwęglanu 3x4,6,3,1.79,0.0
2026-09-29,wymiary | poliwęglan 3х4,szklenie szklarni,1,0,0.0,0.0
2026-09-29,wymiary | poliwęglan 3х4,tunel do ogrodu,1,0,0.0,0.0
2026-09-29,wymiary | poliwęglan 3х4,tunel na pomidory z poliwęglanu,2,1,0.47,0.0
2026-09-29,wymiary | poliwęglan 3х4,tunel ogrodowy,15,0,0.0,0.0
2026-09-29,wymiary | poliwęglan 3х4,tunel ogrodowy 3x4,4,0,0.0,0.0
2026-09-29,wymiary | poliwęglan 3х4,tunel ogrodowy 3x4 5,4,0,0.0,0.0
2026-09-29,wymiary | poliwęglan 3х4,tunel ogrodowy wyprzedaż,2,0,0.0,0.0
2026-09-29,wymiary | poliwęglan 3х4,tunel ogrodowy z poliwęglanu,5,1,0.38,0.0
2026-09-29,wymiary | poliwęglan 3х4,tunel ogrodowy z poliwęglanu 3x4,3,0,0.0,0.0
2026-09-29,wymiary | poliwęglan 3х4,tunel ogrodowy ze stelażem,1,0,0.0,0.0
2026-09-29,wymiary | poliwęglan 3х4,tunel poliweglan,1,0,0.0,0.0
2026-09-29,wymiary | poliwęglan 3х4,tunel poliwęglan,1,0,0.0,0.0
2026-09-29,wymiary | poliwęglan 3х4,tunel warzywny,1,2,0.7,0.0
2026-09-29,wymiary | poliwęglan 3х4,tunel z poliwęglanu,8,0,0.0,0.0
2026-09-29,wymiary | poliwęglan 3х4,tunel z poliwęglanu 3x4,3,0,0.0,0.0
2026-09-29,wymiary | poliwęglan 3х4,tunele warzywne,2,0,0.0,0.0
2026-09-29,wymiary | poliwęglan 3х4,tunele z poliwęglanu 3 x 4,2,0,0.0,0.0
2026-09-29,wymiary | poliwęglan 3х8,szklarnie z poliwęglanu 3x8,2,0,0.0,0.0
2026-09-29,wymiary | poliwęglan 3х8,tunel z poliwęglanu 3x8,1,0,0.0,0.0
2026-09-29,wymiary | poliwęglan 3х2,małe szklarnie,2,0,0.0,0.0
2026-09-29,wymiary | poliwęglan 3х2,nowaszklarnia,1,0,0.0,0.0
2026-09-29,wymiary | poliwęglan 3х2,oteko poliwęglan,1,0,0.0,0.0
2026-09-29,wymiary | poliwęglan 3х2,poliwęglanu,1,0,0.0,0.0
2026-09-29,wymiary | poliwęglan 3х2,szklarnia 2 na 3,2,0,0.0,0.0
2026-09-29,wymiary | poliwęglan 3х2,szklarnia 3 2,1,0,0.0,0.0
2026-09-29,wymiary | poliwęglan 3х2,szklarnia 3x2,5,0,0.0,0.0
2026-09-29,wymiary | poliwęglan 3х2,szklarnia ogrodowa 2 3,2,0,0.0,0.0
2026-09-29,wymiary | poliwęglan 3х2,szklarnia ogrodowa wyprzedaż,4,0,0.0,0.0
2026-09-29,wymiary | poliwęglan 3х2,szklarnia z poliwęglanu 2 3,1,0,0.0,0.0
2026-09-29,wymiary | poliwęglan 3х2,szklarnia z poliwęglanu 3x2,2,0,0.0,0.0
2026-09-29,wymiary | poliwęglan 3х2,szklarnia z poliwęglanu 3x6 wyprzedaż,1,0,0.0,0.0
2026-09-29,wymiary | poliwęglan 3х2,szklarnie ogrodowe wyprzedaż,2,0,0.0,0.0
2026-09-29,wymiary | poliwęglan 3х2,tunel 3x2,1,0,0.0,0.0
2026-09-29,cieplarnie z poliwęglanu,cieplarnie z poliwęglanu,1,1,0.12,0.0
2026-09-29,cieplarnie z poliwęglanu,profimet,11,2,4.24,1.0
2026-09-29,namioty z poliwęglanu,namiot ogrodowy poliwęglan,1,0,0.0,0.0
2026-09-29,namioty z poliwęglanu,namiot ogrodowy z poliweglanu,2,0,0.0,0.0
2026-09-29,namioty z poliwęglanu,namioty z poliwęglanu,2,2,1.38,0.0
2026-09-29,namioty z poliwęglanu,tunel z poliwęglanu,1,0,0.0,0.0
2026-09-29,szklarnie z poliwęglanu [exact],szklarnia ogrodowa z poliwęglanu,4,0,0.0,0.0
2026-09-29,szklarnie z poliwęglanu [exact],szklarnia z poliwęglanu,200,16,8.27,0.0
2026-09-29,szklarnie z poliwęglanu [exact],szklarnie poliweglanowe,3,0,0.0,0.0
2026-09-29,szklarnie z poliwęglanu [phrase],gdzie kupic szklarnie z poliwęglanu,1,0,0.0,0.0
2026-09-29,szklarnie z poliwęglanu [phrase],jakiej firmy szklarnia z poliwęglanu,1,0,0.0,0.0
2026-09-29,szklarnie z poliwęglanu [phrase],najlepsze szklarnie z poliwęglanu,3,0,0.0,0.0
2026-09-29,szklarnie z poliwęglanu [phrase],nowaszklarnia,1,0,0.0,0.0
2026-09-29,szklarnie z poliwęglanu [phrase],poli szklarnia pl,1,0,0.0,0.0
2026-09-29,szklarnie z poliwęglanu [phrase],profi met,2,1,1.45,0.0
2026-09-29,szklarnie z poliwęglanu [phrase],profi met szklarnie,2,0,0.0,0.0
2026-09-29,szklarnie z poliwęglanu [phrase],profimet,2,0,0.0,0.0
2026-09-29,szklarnie z poliwęglanu [phrase],profimet szklarnie,17,10,4.14,1.0
2026-09-29,szklarnie z poliwęglanu [phrase],szklarnia ogrodowa,3,0,0.0,0.0
2026-09-29,szklarnie z poliwęglanu [phrase],szklarnia ogrodowa 3x4 z poliwęglanu solid mocna,1,0,0.0,0.0
2026-09-29,szklarnie z poliwęglanu [phrase],szklarnia ogrodowa z poliwęglanu 6mm,1,0,0.0,0.0
2026-09-29,szklarnie z poliwęglanu [phrase],szklarnia poliweglanowa,1,0,0.0,0.0
2026-09-29,szklarnie z poliwęglanu [phrase],szklarnia poliwęglan,2,0,0.0,0.0
2026-09-29,szklarnie z poliwęglanu [phrase],szklarnia poliwęglanowa,3,0,0.0,0.0
2026-09-29,szklarnie z poliwęglanu [phrase],szklarnia profimet,1,0,0.0,0.0
2026-09-29,szklarnie z poliwęglanu [phrase],szklarnia z poliweglanu,1,0,0.0,0.0
2026-09-29,szklarnie z poliwęglanu [phrase],szklarnia z poliwęglanu 3 5x4,1,1,0.44,0.0
2026-09-29,szklarnie z poliwęglanu [phrase],szklarnia z poliwęglanu mocna,1,0,0.0,0.0
2026-09-29,szklarnie z poliwęglanu [phrase],szklarnia z poliwęglanu wyprzedaż,2,0,0.0,0.0
2026-09-29,szklarnie z poliwęglanu [phrase],szklarnie ogrodowe,6,0,0.0,0.0
2026-09-29,szklarnie z poliwęglanu [phrase],szklarnie ogrodowe z poliwęglanu,4,0,0.0,0.0
2026-09-29,szklarnie z poliwęglanu [phrase],szklarnie poliweglan,1,1,0.38,0.0
2026-09-29,szklarnie z poliwęglanu [phrase],szklarnie poliwęglanowe,1,0,0.0,0.0
2026-09-29,szklarnie z poliwęglanu [phrase],szklarnie z poliwęglanu białystok,5,1,0.43,0.0
2026-09-29,szklarnie z poliwęglanu producent,profimet szklarnie z poliwęglanu,1,1,0.28,0.0
2026-09-29,tunele z poliwęglanu,poliwęglan tunel,2,0,0.0,0.0
2026-09-29,tunele z poliwęglanu,tunel na warzywa z poliwęglanu,1,0,0.0,0.0
2026-09-29,tunele z poliwęglanu,tunel ogrodniczy z poliwęglanu,2,0,0.0,0.0
2026-09-29,tunele z poliwęglanu,tunel ogrodowy z poliwęglanu,5,0,0.0,0.0
2026-09-29,tunele z poliwęglanu,tunel poliweglan,2,0,0.0,0.0
2026-09-29,tunele z poliwęglanu,tunel poliweglanowy,2,0,0.0,0.0
2026-09-29,tunele z poliwęglanu,tunel poliwęglan,1,0,0.0,0.0
2026-09-29,tunele z poliwęglanu,tunel poliwęglanowy,5,0,0.0,0.0
2026-09-29,tunele z poliwęglanu,tunel z poliwęglanu,9,3,3.48,0.0
2026-09-29,tunele z poliwęglanu,tunel z poliwęglanu 3x8,1,0,0.0,0.0
2026-09-29,tunele z poliwęglanu,tunel z poliwęglanu 4x10,1,0,0.0,0.0
2026-09-29,tunele z poliwęglanu,tunele ogrodowe z poliwęglanu,8,0,0.0,0.0
2026-09-29,tunele z poliwęglanu,tunele poliwęglanowe,2,1,1.12,0.0
2026-09-29,tunele z poliwęglanu,tunele z poliwęglanu,8,3,3.24,0.0
2026-09-29,wymiary | poliwęglan 4х6,1 szklarnia pl,1,0,0.0,0.0
2026-09-29,wymiary | poliwęglan 4х6,cultivo,2,0,0.0,0.0
2026-09-29,wymiary | poliwęglan 4х6,duza szklarnia,1,0,0.0,0.0
2026-09-29,wymiary | poliwęglan 4х6,farmer tunele,5,0,0.0,0.0
2026-09-29,wymiary | poliwęglan 4х6,mam szklarnie,1,0,0.0,0.0
2026-09-29,wymiary | poliwęglan 4х6,mam szklarnie pl,3,0,0.0,0.0
2026-09-29,wymiary | poliwęglan 4х6,modna szklarnia pl,1,0,0.0,0.0
2026-09-29,wymiary | poliwęglan 4х6,montowanie szklarni z poliwęglanu,1,0,0.0,0.0
2026-09-29,wymiary | poliwęglan 4х6,namiot na warzywa,1,0,0.0,0.0
2026-09-29,wymiary | poliwęglan 4х6,namiot z poliwęglanu,1,0,0.0,0.0
2026-09-29,wymiary | poliwęglan 4х6,nowaszklarnia,2,0,0.0,0.0
2026-09-29,wymiary | poliwęglan 4х6,poli szklarnia pl,1,0,0.0,0.0
2026-09-29,wymiary | poliwęglan 4х6,poligreen zhuk,2,0,0.0,0.0
2026-09-29,wymiary | poliwęglan 4х6,poliwęglan,2,0,0.0,0.0
2026-09-29,wymiary | poliwęglan 4х6,poliwęglan 6 mm,1,0,0.0,0.0
2026-09-29,wymiary | poliwęglan 4х6,poliwęglan szklarnia,1,0,0.0,0.0
2026-09-29,wymiary | poliwęglan 4х6,polskie szklarnie,1,0,0.0,0.0
2026-09-29,wymiary | poliwęglan 4х6,profimet,1,0,0.0,0.0
2026-09-29,wymiary | poliwęglan 4х6,profimet szklarnie,2,1,0.13,0.0
2026-09-29,wymiary | poliwęglan 4х6,szklarnia,3,0,0.0,0.0
2026-09-29,wymiary | poliwęglan 4х6,szklarnia 4x6,6,1,0.58,0.0
2026-09-29,wymiary | poliwęglan 4х6,szklarnia do ogrodu,1,0,0.0,0.0
2026-09-29,wymiary | poliwęglan 4х6,szklarnia do pomidorow,1,0,0.0,0.0
2026-09-29,wymiary | poliwęglan 4х6,szklarnia do zimowania roślin,1,0,0.0,0.0
2026-09-29,wymiary | poliwęglan 4х6,szklarnia ogrodowa,3,0,0.0,0.0
2026-09-29,wymiary | poliwęglan 4х6,szklarnia ogrodowa 3 x 6,1,0,0.0,0.0
2026-09-29,wymiary | poliwęglan 4х6,szklarnia ogrodowa 3 x 6 m,1,0,0.0,0.0
2026-09-29,wymiary | poliwęglan 4х6,szklarnia ogrodowa wyprzedaż,1,0,0.0,0.0
2026-09-29,wymiary | poliwęglan 4х6,szklarnia poliweglan,1,0,0.0,0.0
2026-09-29,wymiary | poliwęglan 4х6,szklarnia poliwęglan,3,0,0.0,0.0
2026-09-29,wymiary | poliwęglan 4х6,szklarnia tunel,1,0,0.0,0.0
2026-09-29,wymiary | poliwęglan 4х6,szklarnia tunelowa,1,0,0.0,0.0
2026-09-29,wymiary | poliwęglan 4х6,szklarnia z poliweglanu,1,0,0.0,0.0
2026-09-29,wymiary | poliwęglan 4х6,szklarnia z poliwęglanu 4x6,6,0,0.0,0.0
2026-09-29,wymiary | poliwęglan 4х6,szklarnia z poliwęglanu 4x6 producent,2,1,0.33,0.0
2026-09-29,wymiary | poliwęglan 4х6,szklarnie,5,0,0.0,0.0
2026-09-29,wymiary | poliwęglan 4х6,szklarnie ogrodowe wyprzedaż,1,0,0.0,0.0
2026-09-29,wymiary | poliwęglan 4х6,szklarnie z poliwęglanu,8,0,0.0,0.0
2026-09-29,wymiary | poliwęglan 4х6,szklarnie z poliwęglanu 4x6,1,0,0.0,0.0
2026-09-29,wymiary | poliwęglan 4х6,tunel do pomidorów,1,0,0.0,0.0
2026-09-29,wymiary | poliwęglan 4х6,tunel ogrodowy,5,0,0.0,0.0
2026-09-29,wymiary | poliwęglan 4х6,tunel warzywny,1,0,0.0,0.0
2026-09-29,wymiary | poliwęglan 4х6,tunel z poliwęglanu 4x6,5,2,0.88,0.0
2026-09-29,wymiary | poliwęglan 4х6,tunele farmer,2,0,0.0,0.0
2026-09-29,wymiary | poliwęglan 4х6,tunele ogrodowe cena,1,0,0.0,0.0
2026-09-29,wymiary | poliwęglan 4х8,szklarnia z poliwęglanu 4 x 8,2,1,0.48,0.0
2026-09-29,wymiary | poliwęglan 4х8,szklarnia z poliwęglanu 4x8,6,1,0.39,0.0
2026-09-29,wymiary | poliwęglan 4х8,szklarnie z poliwęglanu 4x8,4,1,0.67,0.0
2026-09-29,wymiary | poliwęglan 4х8,tunel poliwęglan 4x8,2,0,0.0,0.0
2026-09-29,wymiary | poliwęglan 2х4,oteko poliwęglan,1,0,0.0,0.0
2026-09-29,wymiary | poliwęglan 2х4,poliwęglan dwukomorowy,1,0,0.0,0.0
2026-09-29,wymiary | poliwęglan 2х4,profimet szklarnie,1,0,0.0,0.0
2026-09-29,wymiary | poliwęglan 2х4,szklarnia ogrodowa 2x4,1,0,0.0,0.0
2026-09-29,wymiary | poliwęglan 2х4,szklarnia ogrodowa 4x2,1,0,0.0,0.0
2026-09-29,wymiary | poliwęglan 2х4,szklarnia poliwęglan 2x4,2,0,0.0,0.0
2026-09-29,wymiary | poliwęglan 2х4,szklarnia z poliwęglanu 2 5x4,1,0,0.0,0.0
2026-09-29,wymiary | poliwęglan 2х4,szklarnia z poliwęglanu 2 x 4,3,0,0.0,0.0
2026-09-29,wymiary | poliwęglan 2х4,szklarnia z poliwęglanu 2x4,10,1,0.6,0.0
2026-09-29,wymiary | poliwęglan 2х4,szklarnia z poliwęglanu 4x2,1,0,0.0,0.0
2026-09-29,wymiary | poliwęglan 2х4,szklarnie z poliwęglanu,1,1,0.6,0.0
2026-09-29,wymiary | poliwęglan 2х4,szklarnie z poliwęglanu 2x4,2,0,0.0,0.0
2026-09-29,wymiary | poliwęglan 2х4,tunel ogrodowy 2x4,1,0,0.0,0.0
2026-09-29,wymiary | poliwęglan 2х4,tunel poliweglan 2x4,2,2,0.3,0.0
2026-09-29,wymiary | poliwęglan 2х4,tunel z poliwęglanu 2x4,3,1,1.83,0.0
2026-09-29,wymiary | poliwęglan 2 5х4,szklarnie z poliwęglanu 2 5x4,1,0,0.0,0.0
2026-09-29,mala szklarnia z poliweglanu,agrotunel pl,2,0,0.0,0.0
2026-09-29,mala szklarnia z poliweglanu,alistan agro sp z o o,2,0,0.0,0.0
2026-09-29,mala szklarnia z poliweglanu,cieplarnia,1,0,0.0,0.0
2026-09-29,mala szklarnia z poliweglanu,mala szklarnia z poliweglanu,2,0,0.0,0.0
2026-09-29,mala szklarnia z poliweglanu,mała szklarnia ogrodowa,1,0,0.0,0.0
2026-09-29,mala szklarnia z poliweglanu,mała szklarnia ogrodowa z poliwęglanu,1,0,0.0,0.0
2026-09-29,mala szklarnia z poliweglanu,małe szklarnie z poliwęglanu,3,0,0.0,0.0
2026-09-29,mala szklarnia z poliweglanu,merkury market szklarnia,1,0,0.0,0.0
2026-09-29,mala szklarnia z poliweglanu,nowe szklarnie,1,0,0.0,0.0
2026-09-29,mala szklarnia z poliweglanu,profimet,4,2,1.64,0.0
2026-09-29,mala szklarnia z poliweglanu,profimet szklarnie,18,8,6.4,0.0
2026-09-29,mala szklarnia z poliweglanu,profimet szklarnie kontakt,2,1,0.73,0.0
2026-09-29,mala szklarnia z poliweglanu,szklarnia 2 5x4,1,0,0.0,0.0
2026-09-29,mala szklarnia z poliweglanu,szklarnia 3.5 x6,1,0,0.0,0.0
2026-09-29,mala szklarnia z poliweglanu,szklarnia mala,1,0,0.0,0.0
2026-09-29,mala szklarnia z poliweglanu,szklarnia na kolkach,1,0,0.0,0.0
2026-09-29,mala szklarnia z poliweglanu,szklarnia ogrodowa,1,0,0.0,0.0
2026-09-29,mala szklarnia z poliweglanu,szklarnia ogrodowa 5x3,1,0,0.0,0.0
2026-09-29,mala szklarnia z poliweglanu,szklarnia ogrodowa na wymiar,1,0,0.0,0.0
2026-09-29,mala szklarnia z poliweglanu,szklarnia savana,2,0,0.0,0.0
2026-09-29,mala szklarnia z poliweglanu,szklarnia z poliwęglanu 3 5x4,1,0,0.0,0.0
2026-09-29,mala szklarnia z poliweglanu,szklarnia z poliwęglanu mala,1,0,0.0,0.0
2026-09-29,mala szklarnia z poliweglanu,tania szklarnia,1,1,0.81,0.0
2026-09-29,mala szklarnia z poliweglanu,tunel ogrodowy wyprzedaż,1,0,0.0,0.0
2026-09-30,wymiary | poliwęglan 3х6,ile kosztuje szklarnia z poliwęglanu 3 x 6,2,0,0.0,0.0
2026-09-30,wymiary | poliwęglan 3х6,szklarnia 3x6,1,0,0.0,0.0
2026-09-30,wymiary | poliwęglan 3х6,szklarnia poliwęglan 3x6,3,0,0.0,0.0
2026-09-30,wymiary | poliwęglan 3х6,szklarnia z poliwęglanu 3x6,25,1,0.71,0.0
2026-09-30,wymiary | poliwęglan 3х6,szklarnia z poliwęglanu 3x6 6mm,4,1,0.6,0.0
2026-09-30,wymiary | poliwęglan 3х6,szklarnia z poliwęglanu 3x6 cena,3,0,0.0,0.0
2026-09-30,wymiary | poliwęglan 3х6,szklarnia z poliwęglanu 3x6 producent,10,2,2.52,0.0
2026-09-30,wymiary | poliwęglan 3х6,szklarnia z poliwęglanu 3x6 producent 6mm,3,2,0.68,0.0
2026-09-30,wymiary | poliwęglan 3х6,szklarnia z poliwęglanu 3x6 profimet,1,0,0.0,0.0
2026-09-30,wymiary | poliwęglan 3х6,szklarnia z poliwęglanu 3x6 promocja,5,0,0.0,0.0
2026-09-30,wymiary | poliwęglan 3х6,szklarnia z poliwęglanu 3x6 z fundamentem,3,0,0.0,0.0
2026-09-30,wymiary | poliwęglan 3х6,szklarnie poliwęglanowe 3x6,2,0,0.0,0.0
2026-09-30,wymiary | poliwęglan 3х6,szklarnie z poliwęglanu 3 x 6,1,0,0.0,0.0
2026-09-30,wymiary | poliwęglan 3х6,szklarnie z poliwęglanu 3x6,3,0,0.0,0.0
2026-09-30,wymiary | poliwęglan 3х6,tunel 3x6 z poliwęglanu,1,0,0.0,0.0
2026-09-30,wymiary | poliwęglan 3х6,tunel ogrodowy 3x6 poliwęglan,1,0,0.0,0.0
2026-09-30,wymiary | poliwęglan 3х6,tunel ogrodowy z poliwęglanu 3x6,2,1,0.54,0.0
2026-09-30,wymiary | poliwęglan 3х6,tunel poliwęglan 3x6,1,0,0.0,0.0
2026-09-30,wymiary | poliwęglan 3х6,tunel z poliwęglanu 3x6,2,0,0.0,0.0
2026-09-30,wymiary | poliwęglan 3х6,tunel z poliwęglanu 3x6m,3,1,0.66,0.0
2026-09-30,wymiary | poliwęglan 3х6,tunele z poliwęglanu 3x6,4,0,0.0,0.0
2026-09-30,wymiary | poliwęglan 3х4,1kup pl,2,0,0.0,0.0
2026-09-30,wymiary | poliwęglan 3х4,mała szklarnia cena,1,0,0.0,0.0
2026-09-30,wymiary | poliwęglan 3х4,mała szklarnia ogrodowa,1,0,0.0,0.0
2026-09-30,wymiary | poliwęglan 3х4,mały tunel ogrodowy,1,0,0.0,0.0
2026-09-30,wymiary | poliwęglan 3х4,modna szklarnia pl,1,0,0.0,0.0
2026-09-30,wymiary | poliwęglan 3х4,najlepsze szklarnie z poliwęglanu,2,0,0.0,0.0
2026-09-30,wymiary | poliwęglan 3х4,namiot na pomidory 3x4,2,0,0.0,0.0
2026-09-30,wymiary | poliwęglan 3х4,namiot ogrodniczy,2,0,0.0,0.0
2026-09-30,wymiary | poliwęglan 3х4,namiot warzywny,4,0,0.0,0.0
2026-09-30,wymiary | poliwęglan 3х4,namioty szklarnie,2,0,0.0,0.0
2026-09-30,wymiary | poliwęglan 3х4,oteko szklarnia,1,0,0.0,0.0
2026-09-30,wymiary | poliwęglan 3х4,poliwęglan,6,0,0.0,0.0
2026-09-30,wymiary | poliwęglan 3х4,poliwęglan jarosław,1,0,0.0,0.0
2026-09-30,wymiary | poliwęglan 3х4,poliwęglanu,4,1,0.63,0.0
2026-09-30,wymiary | poliwęglan 3х4,producent szklarni ogrodowych,2,0,0.0,0.0
2026-09-30,wymiary | poliwęglan 3х4,profi met,3,0,0.0,0.0
2026-09-30,wymiary | poliwęglan 3х4,solidne szklarnie ogrodowe,1,0,0.0,0.0
2026-09-30,wymiary | poliwęglan 3х4,szklarnia,2,0,0.0,0.0
2026-09-30,wymiary | poliwęglan 3х4,szklarnia 12x4,1,0,0.0,0.0
2026-09-30,wymiary | poliwęglan 3х4,szklarnia 3x4,5,0,0.0,0.0
2026-09-30,wymiary | poliwęglan 3х4,szklarnia 3x4 5,1,1,0.3,0.0
2026-09-30,wymiary | poliwęglan 3х4,szklarnia bass polska,1,0,0.0,0.0
2026-09-30,wymiary | poliwęglan 3х4,szklarnia jagram,1,0,0.0,0.0
2026-09-30,wymiary | poliwęglan 3х4,szklarnia ogrodowa,2,0,0.0,0.0
2026-09-30,wymiary | poliwęglan 3х4,szklarnia ogrodowa 2x6,1,0,0.0,0.0
2026-09-30,wymiary | poliwęglan 3х4,szklarnia ogrodowa 3x4,1,0,0.0,0.0
2026-09-30,wymiary | poliwęglan 3х4,szklarnia ogrodowa 3x4 z poliwęglanu solid mocna,5,0,0.0,0.0
2026-09-30,wymiary | poliwęglan 3х4,szklarnia ogrodowa z poliwęglanu 3x4,3,1,0.29,0.0
2026-09-30,wymiary | poliwęglan 3х4,szklarnia pl,1,0,0.0,0.0
2026-09-30,wymiary | poliwęglan 3х4,szklarnia poliwęglan,1,0,0.0,0.0
2026-09-30,wymiary | poliwęglan 3х4,szklarnia promocja,1,0,0.0,0.0
2026-09-30,wymiary | poliwęglan 3х4,szklarnia z poliweglanu 3x4,5,0,0.0,0.0
2026-09-30,wymiary | poliwęglan 3х4,szklarnia z poliwęglanu 3 x 4,2,0,0.0,0.0
2026-09-30,wymiary | poliwęglan 3х4,szklarnia z poliwęglanu 3x4,14,0,0.0,0.0
2026-09-30,wymiary | poliwęglan 3х4,szklarnia z poliwęglanu 3x4 6mm,1,1,0.4,0.0
2026-09-30,wymiary | poliwęglan 3х4,szklarnia z poliwęglanu 3x4 cena,1,0,0.0,0.0
2026-09-30,wymiary | poliwęglan 3х4,szklarnia z poliwęglanu 3x4 mocna,3,1,0.35,0.0
2026-09-30,wymiary | poliwęglan 3х4,szklarnia z poliwęglanu 3x4 producent,10,1,0.56,0.0
2026-09-30,wymiary | poliwęglan 3х4,szklarnia z poliwęglanu 3x4 producent profimet,2,0,0.0,0.0
2026-09-30,wymiary | poliwęglan 3х4,szklarnia z poliwęglanu 3x4 promocja,3,1,0.85,0.0
2026-09-30,wymiary | poliwęglan 3х4,szklarnia z poliwęglanu 3x4 z fundamentem,1,0,0.0,0.0
2026-09-30,wymiary | poliwęglan 3х4,szklarnia z poliwęglanu 6mm,1,0,0.0,0.0
2026-09-30,wymiary | poliwęglan 3х4,szklarnie,2,0,0.0,0.0
2026-09-30,wymiary | poliwęglan 3х4,szklarnie ogrodowe,2,0,0.0,0.0
2026-09-30,wymiary | poliwęglan 3х4,szklarnie ogrodowe wyprzedaż,1,0,0.0,0.0
2026-09-30,wymiary | poliwęglan 3х4,szklarnie z poliwęglanu,22,0,0.0,0.0
2026-09-30,wymiary | poliwęglan 3х4,szklarnie z poliwęglanu 3x4,8,2,2.46,0.0
2026-09-30,wymiary | poliwęglan 3х4,tunel 2.5 x4,1,0,0.0,0.0
2026-09-30,wymiary | poliwęglan 3х4,tunel 3x4,1,0,0.0,0.0
2026-09-30,wymiary | poliwęglan 3х4,tunel na pomidory,1,0,0.0,0.0
2026-09-30,wymiary | poliwęglan 3х4,tunel ogrodniczy,1,0,0.0,0.0
2026-09-30,wymiary | poliwęglan 3х4,tunel ogrodowy,17,1,0.1,0.0
2026-09-30,wymiary | poliwęglan 3х4,tunel ogrodowy 3x4,10,1,0.47,0.0
2026-09-30,wymiary | poliwęglan 3х4,tunel ogrodowy 3x6,4,0,0.0,0.0
2026-09-30,wymiary | poliwęglan 3х4,tunel ogrodowy wyprzedaż,4,0,0.0,0.0
2026-09-30,wymiary | poliwęglan 3х4,tunel ogrodowy z poliwęglanu 3x4,2,0,0.0,0.0
2026-09-30,wymiary | poliwęglan 3х4,tunel poliweglanowy 3x4,2,1,0.31,0.0
2026-09-30,wymiary | poliwęglan 3х4,tunel poliwęglan 3x4,2,0,0.0,0.0
2026-09-30,wymiary | poliwęglan 3х4,tunel z poliwęglanu,3,0,0.0,0.0
2026-09-30,wymiary | poliwęglan 3х4,tunel z poliwęglanu 3x4,9,1,0.1,0.0
2026-09-30,wymiary | poliwęglan 3х4,tunel z poliwęglanu 3x4 6mm,2,0,0.0,0.0
2026-09-30,wymiary | poliwęglan 3х4,tunel z poliwęglanu 3x4 cena,1,0,0.0,0.0
2026-09-30,wymiary | poliwęglan 3х4,tunele ogrodowe,1,0,0.0,0.0
2026-09-30,wymiary | poliwęglan 3х4,tunele z poliweglanu,1,1,0.07,0.0
2026-09-30,wymiary | poliwęglan 3х4,tunele z poliwęglanu 3 x 4,6,0,0.0,0.0
2026-09-30,wymiary | poliwęglan 3х4,volya szklarnie,1,0,0.0,0.0
2026-09-30,wymiary | poliwęglan 3х4,z poliwęglanu szklarnia,1,0,0.0,0.0
2026-09-30,wymiary | poliwęglan 3х2,alistan agro,2,0,0.0,0.0
2026-09-30,wymiary | poliwęglan 3х2,poligreen,4,0,0.0,0.0
2026-09-30,wymiary | poliwęglan 3х2,poliwęglan,1,0,0.0,0.0
2026-09-30,wymiary | poliwęglan 3х2,poliwęglan 3m,1,0,0.0,0.0
2026-09-30,wymiary | poliwęglan 3х2,szklarnia 2x3m,2,0,0.0,0.0
2026-09-30,wymiary | poliwęglan 3х2,szklarnia 3 x 2,2,0,0.0,0.0
2026-09-30,wymiary | poliwęglan 3х2,szklarnia 3x2,4,0,0.0,0.0
2026-09-30,wymiary | poliwęglan 3х2,szklarnia poliwęglan 3x2,2,0,0.0,0.0
2026-09-30,wymiary | poliwęglan 3х2,szklarnia z poliwęglanu 3x2,3,0,0.0,0.0
2026-09-30,wymiary | poliwęglan 3х2,tunel 3x2,4,0,0.0,0.0
2026-09-30,wymiary | poliwęglan 3х2,tunel ogrodowy 3x2,4,2,0.61,0.0
2026-09-30,wymiary | poliwęglan 3х2,tunel z poliwęglanu 3x2,1,0,0.0,0.0
2026-09-30,cieplarnie z poliwęglanu,profimet,6,1,0.05,0.0
2026-09-30,cieplarnie z poliwęglanu,profimet szklarnię z poliweglanu,1,0,0.0,0.0
2026-09-30,namioty z poliwęglanu,namiot ogrodowy z poliwęglanu,3,0,0.0,0.0
2026-09-30,namioty z poliwęglanu,namioty z poliwęglanu,2,0,0.0,0.0
2026-09-30,namioty z poliwęglanu,tunel poliwęglan,1,0,0.0,0.0
2026-09-30,namioty z poliwęglanu,tunel z poliwęglanu,1,0,0.0,0.0
2026-09-30,szklarnie z poliwęglanu [exact],szklarnia ogrodowa z poliwęglanu,7,0,0.0,0.0
2026-09-30,szklarnie z poliwęglanu [exact],szklarnia z poliwęglanu,183,10,4.69,0.0
2026-09-30,szklarnie z poliwęglanu [exact],szklarnie poliweglanowe,1,0,0.0,0.0
2026-09-30,szklarnie z poliwęglanu [exact],szklarnie z poliwęglanu,2,0,0.0,0.0
2026-09-30,szklarnie z poliwęglanu [exact],tunel szklarnia z poliwęglanu,1,0,0.0,0.0
2026-09-30,szklarnie z poliwęglanu [phrase],duża szklarnia z poliwęglanu,1,0,0.0,0.0
2026-09-30,szklarnie z poliwęglanu [phrase],najlepsze szklarnie z poliwęglanu,1,0,0.0,0.0
2026-09-30,szklarnie z poliwęglanu [phrase],poliwęglan szklarniowy,2,0,0.0,0.0
2026-09-30,szklarnie z poliwęglanu [phrase],profi met szklarnie,2,2,1.03,0.0
2026-09-30,szklarnie z poliwęglanu [phrase],profimet szklarnie,6,3,0.98,0.917458
2026-09-30,szklarnie z poliwęglanu [phrase],profimet szklarnię z poliweglanu,1,0,0.0,0.0
2026-09-30,szklarnie z poliwęglanu [phrase],przydomowa szklarnia z poliwęglanu,1,1,0.37,0.0
2026-09-30,szklarnie z poliwęglanu [phrase],szklarnia ogrodowa,4,0,0.0,0.0
2026-09-30,szklarnie z poliwęglanu [phrase],szklarnia ogrodowa z poliwęglanu,1,0,0.0,0.0
2026-09-30,szklarnie z poliwęglanu [phrase],szklarnia poliwęglan,1,0,0.0,0.0
2026-09-30,szklarnie z poliwęglanu [phrase],szklarnia poliwęglan 6mm,1,0,0.0,0.0
2026-09-30,szklarnie z poliwęglanu [phrase],szklarnia pomidor,1,0,0.0,0.0
2026-09-30,szklarnie z poliwęglanu [phrase],szklarnia z poliwęglanu 3x8,3,0,0.0,0.0
2026-09-30,szklarnie z poliwęglanu [phrase],szklarnia z poliwęglanu z fundamentem,2,0,0.0,0.0
2026-09-30,szklarnie z poliwęglanu [phrase],szklarnie ogrodowe,3,1,0.44,0.0
2026-09-30,szklarnie z poliwęglanu [phrase],szklarnie ogrodowe z poliwęglanu,6,0,0.0,0.0
2026-09-30,szklarnie z poliwęglanu [phrase],szklarnie poliwęglanowe,1,1,0.52,0.0
2026-09-30,szklarnie z poliwęglanu [phrase],szklarnie z poliweglanu,1,0,0.0,0.0
2026-09-30,szklarnie z poliwęglanu producent,polskie szklarnie z poliwęglanu,1,0,0.0,0.0
2026-09-30,szklarnie z poliwęglanu producent,profimet szklarnie z poliwęglanu,4,3,1.82,0.0
2026-09-30,szklarnie z poliwęglanu producent,szklarnie z poliwęglanu na wymiar,1,1,0.62,0.0
2026-09-30,szklarnie z poliwęglanu producent,szklarnie z poliwęglanu polski producent,2,0,0.0,0.0
2026-09-30,tunele z poliwęglanu,tunel poliweglanowy,1,0,0.0,0.0
2026-09-30,tunele z poliwęglanu,tunel poliwęglan,3,0,0.0,0.0
2026-09-30,tunele z poliwęglanu,tunel szklarniowy z poliwęglanu,1,0,0.0,0.0
2026-09-30,tunele z poliwęglanu,tunel z poliweglanu,1,0,0.0,0.0
2026-09-30,tunele z poliwęglanu,tunel z poliwęglanu,17,1,0.4,0.0
2026-09-30,tunele z poliwęglanu,tunel z poliwęglanu 3x2,2,0,0.0,0.0
2026-09-30,tunele z poliwęglanu,tunele ogrodnicze z poliwęglanu,2,1,1.06,0.0
2026-09-30,tunele z poliwęglanu,tunele ogrodowe z poliwęglanu,2,0,0.0,0.0
2026-09-30,tunele z poliwęglanu,tunele poliwęglanowe,7,2,2.1,0.0
2026-09-30,tunele z poliwęglanu,tunele z poliwęglanu,8,2,1.32,0.0
2026-09-30,wymiary | poliwęglan 4х6,1kup pl,1,0,0.0,0.0
2026-09-30,wymiary | poliwęglan 4х6,alistan shop,2,0,0.0,0.0
2026-09-30,wymiary | poliwęglan 4х6,duża szklarnia z poliwęglanu,1,0,0.0,0.0
2026-09-30,wymiary | poliwęglan 4х6,etl group,1,0,0.0,0.0
2026-09-30,wymiary | poliwęglan 4х6,farmer tunel,1,0,0.0,0.0
2026-09-30,wymiary | poliwęglan 4х6,farmer tunele,5,0,0.0,0.0
2026-09-30,wymiary | poliwęglan 4х6,ile kosztuje szklarnia z poliwęglanu 3 x 6,1,0,0.0,0.0
2026-09-30,wymiary | poliwęglan 4х6,moja szklarnia,2,0,0.0,0.0
2026-09-30,wymiary | poliwęglan 4х6,oteko szklarnia,1,0,0.0,0.0
2026-09-30,wymiary | poliwęglan 4х6,poligreen szklarnie,2,0,0.0,0.0
2026-09-30,wymiary | poliwęglan 4х6,poliwęglan,1,0,0.0,0.0
2026-09-30,wymiary | poliwęglan 4х6,profi met,1,0,0.0,0.0
2026-09-30,wymiary | poliwęglan 4х6,profi met szklarnie,1,0,0.0,0.0
2026-09-30,wymiary | poliwęglan 4х6,profimet,1,0,0.0,0.0
2026-09-30,wymiary | poliwęglan 4х6,szklarni z poliwęglanu,1,1,0.47,0.0
2026-09-30,wymiary | poliwęglan 4х6,szklarnia,3,0,0.0,0.0
2026-09-30,wymiary | poliwęglan 4х6,szklarnia 4x6 poliwęglan,1,1,1.72,0.0
2026-09-30,wymiary | poliwęglan 4х6,szklarnia 4x6m,1,0,0.0,0.0
2026-09-30,wymiary | poliwęglan 4х6,szklarnia florista,1,0,0.0,0.0
2026-09-30,wymiary | poliwęglan 4х6,szklarnia na pomidory z poliwęglanu,2,0,0.0,0.0
2026-09-30,wymiary | poliwęglan 4х6,szklarnia ogrodowa,6,0,0.0,0.0
2026-09-30,wymiary | poliwęglan 4х6,szklarnia ogrodowa 4x6,1,0,0.0,0.0
2026-09-30,wymiary | poliwęglan 4х6,szklarnia ogrodowa z fundamentem,2,0,0.0,0.0
2026-09-30,wymiary | poliwęglan 4х6,szklarnia pl,1,0,0.0,0.0
2026-09-30,wymiary | poliwęglan 4х6,szklarnia poliweglan,1,0,0.0,0.0
2026-09-30,wymiary | poliwęglan 4х6,szklarnia poliwęglan,1,0,0.0,0.0
2026-09-30,wymiary | poliwęglan 4х6,szklarnia z poliwęglanu 4 x 6,1,0,0.0,0.0
2026-09-30,wymiary | poliwęglan 4х6,szklarnia z poliwęglanu 4x6,2,1,0.45,0.0
2026-09-30,wymiary | poliwęglan 4х6,szklarnia z poliwęglanu 4x6 producent,2,0,0.0,0.0
2026-09-30,wymiary | poliwęglan 4х6,szklarnie,1,0,0.0,0.0
2026-09-30,wymiary | poliwęglan 4х6,szklarnie ogrodowe,1,0,0.0,0.0
2026-09-30,wymiary | poliwęglan 4х6,szklarnie ogrodowe wyprzedaż,1,0,0.0,0.0
2026-09-30,wymiary | poliwęglan 4х6,szklarnie z poliwęglanu,10,2,2.98,0.0
2026-09-30,wymiary | poliwęglan 4х6,szklarnie z poliwęglanu 4x6,3,1,0.39,0.0
2026-09-30,wymiary | poliwęglan 4х6,tunel 3x6,1,0,0.0,0.0
2026-09-30,wymiary | poliwęglan 4х6,tunel farmer,1,0,0.0,0.0
2026-09-30,wymiary | poliwęglan 4х6,tunel na działkę,1,0,0.0,0.0
2026-09-30,wymiary | poliwęglan 4х6,tunel ogrodowy,4,1,0.19,0.0
2026-09-30,wymiary | poliwęglan 4х6,tunel ogrodowy 3x6,3,0,0.0,0.0
2026-09-30,wymiary | poliwęglan 4х6,tunel z foli,2,0,0.0,0.0
2026-09-30,wymiary | poliwęglan 4х6,tunel z poliwęglanu 4x6,2,0,0.0,0.0
2026-09-30,wymiary | poliwęglan 4х6,tunele ogrodowe,1,0,0.0,0.0
2026-09-30,wymiary | poliwęglan 4х6,volya szklarnie,1,0,0.0,0.0
2026-09-30,wymiary | poliwęglan 4х8,szklarnia poliwęglan 4x8,1,1,0.33,0.0
2026-09-30,wymiary | poliwęglan 4х8,szklarnia z poliwęglanu 4 x 8,2,1,0.22,0.0
2026-09-30,wymiary | poliwęglan 4х8,szklarnie z poliwęglanu 4x8,2,0,0.0,0.0
2026-09-30,wymiary | poliwęglan 4х8,tunel z poliwęglanu 4x8,2,1,0.51,0.0
2026-09-30,wymiary | poliwęglan 2х4,profimet,1,0,0.0,0.0
2026-09-30,wymiary | poliwęglan 2х4,szklarnia 2 x 4,2,0,0.0,0.0
2026-09-30,wymiary | poliwęglan 2х4,szklarnia 2x4,2,0,0.0,0.0
2026-09-30,wymiary | poliwęglan 2х4,szklarnia 2x4m,1,0,0.0,0.0
2026-09-30,wymiary | poliwęglan 2х4,szklarnia 4 x 2,1,0,0.0,0.0
2026-09-30,wymiary | poliwęglan 2х4,szklarnia ogrodowa 2x4,1,0,0.0,0.0
2026-09-30,wymiary | poliwęglan 2х4,szklarnia z poliwęglanu 2x4,3,0,0.0,0.0
2026-09-30,wymiary | poliwęglan 2х4,szklarnie z poliwęglanu 2x4,1,0,0.0,0.0
2026-09-30,wymiary | poliwęglan 2х4,tunel ogrodowy 2.5 x4,1,0,0.0,0.0
2026-09-30,wymiary | poliwęglan 2х4,tunel ogrodowy 2x4,1,0,0.0,0.0
2026-09-30,wymiary | poliwęglan 2х4,tunel ogrodowy 4 x 2,1,0,0.0,0.0
2026-09-30,wymiary | poliwęglan 2х4,tunel z poliwęglanu 2x4,4,1,0.4,0.0
2026-09-30,mala szklarnia z poliweglanu,etl group,1,0,0.0,0.0
2026-09-30,mala szklarnia z poliweglanu,greenhus,1,0,0.0,0.0
2026-09-30,mala szklarnia z poliweglanu,krosagro,2,0,0.0,0.0
2026-09-30,mala szklarnia z poliweglanu,mala szklarnia na pomidory,2,0,0.0,0.0
2026-09-30,mala szklarnia z poliweglanu,mała szklarnia z poliwęglanu,1,0,0.0,0.0
2026-09-30,mala szklarnia z poliweglanu,małe szklarnie,2,0,0.0,0.0
2026-09-30,mala szklarnia z poliweglanu,producent szklarni ogrodowych,1,0,0.0,0.0
2026-09-30,mala szklarnia z poliweglanu,profi met szklarnie,1,1,0.29,1.0
2026-09-30,mala szklarnia z poliweglanu,profimet szklarnia,2,1,0.76,0.0
2026-09-30,mala szklarnia z poliweglanu,profimet szklarnie,6,3,3.92,0.0
2026-09-30,mala szklarnia z poliweglanu,profimet szklarnie kontakt,5,3,0.63,0.0
2026-09-30,mala szklarnia z poliweglanu,szklarni z poliwęglanu,1,0,0.0,0.0
2026-09-30,mala szklarnia z poliweglanu,szklarnia,1,0,0.0,0.0
2026-09-30,mala szklarnia z poliweglanu,szklarnia 2x2m,1,0,0.0,0.0
2026-09-30,mala szklarnia z poliweglanu,szklarnia covertech,1,0,0.0,0.0
2026-09-30,mala szklarnia z poliweglanu,szklarnia z poliwęglanu 2x2,4,0,0.0,0.0
2026-09-30,mala szklarnia z poliweglanu,szklarnie ogrodowe wyprzedaż,1,0,0.0,0.0
2026-09-30,mala szklarnia z poliweglanu,tunel ogrodowy,1,0,0.0,0.0
2026-10-01,wymiary | poliwęglan 3х6,namiot z poliwęglanu 3x6,2,1,0.25,0.0
2026-10-01,wymiary | poliwęglan 3х6,szklarnia poliwęglan 3x6,6,1,0.73,0.0
2026-10-01,wymiary | poliwęglan 3х6,szklarnia z poliweglanu 6mm,4,0,0.0,0.0
2026-10-01,wymiary | poliwęglan 3х6,szklarnia z poliwęglanu 3 x 6,1,0,0.0,0.0
2026-10-01,wymiary | poliwęglan 3х6,szklarnia z poliwęglanu 3x6,20,0,0.0,0.0
2026-10-01,wymiary | poliwęglan 3х6,szklarnia z poliwęglanu 3x6 producent,7,0,0.0,0.0
2026-10-01,wymiary | poliwęglan 3х6,szklarnia z poliwęglanu 3x6 producent 6mm,1,0,0.0,0.0
2026-10-01,wymiary | poliwęglan 3х6,szklarnia z poliwęglanu 3x6 promocja,4,0,0.0,0.0
2026-10-01,wymiary | poliwęglan 3х6,szklarnia z poliwęglanu 3x6 wyprzedaż,3,1,0.17,0.0
2026-10-01,wymiary | poliwęglan 3х6,szklarnia z poliwęglanu 6mm 3x6,1,0,0.0,0.0
2026-10-01,wymiary | poliwęglan 3х6,szklarnie z poliwęglanu 3x6,4,1,0.37,0.0
2026-10-01,wymiary | poliwęglan 3х6,tunel poliwęglan 3x6,1,0,0.0,0.0
2026-10-01,wymiary | poliwęglan 3х6,tunel z poliwęglanu 3x6,6,0,0.0,0.0
2026-10-01,wymiary | poliwęglan 3х6,tunel z poliwęglanu 3x6m,1,0,0.0,0.0
2026-10-01,wymiary | poliwęglan 3х4,alistan agro,1,1,2.31,0.0
2026-10-01,wymiary | poliwęglan 3х4,farmer tunele,2,0,0.0,0.0
2026-10-01,wymiary | poliwęglan 3х4,grindi szklarnia,1,0,0.0,0.0
2026-10-01,wymiary | poliwęglan 3х4,jaki tunel ogrodowy wybrać,1,0,0.0,0.0
2026-10-01,wymiary | poliwęglan 3х4,mała szklarnia ogrodowa,1,0,0.0,0.0
2026-10-01,wymiary | poliwęglan 3х4,mocna szklarnia z poliwęglanu,1,0,0.0,0.0
2026-10-01,wymiary | poliwęglan 3х4,najlepsza szklarnia z poliwęglanu,1,0,0.0,0.0
2026-10-01,wymiary | poliwęglan 3х4,namiot ogrodowy szklarnia,1,0,0.0,0.0
2026-10-01,wymiary | poliwęglan 3х4,nowaszklarnia,1,0,0.0,0.0
2026-10-01,wymiary | poliwęglan 3х4,pewna szklarnia,2,0,0.0,0.0
2026-10-01,wymiary | poliwęglan 3х4,poligreen,2,0,0.0,0.0
2026-10-01,wymiary | poliwęglan 3х4,poliwęglan,5,0,0.0,0.0
2026-10-01,wymiary | poliwęglan 3х4,poliwęglanowy tunel,1,0,0.0,0.0
2026-10-01,wymiary | poliwęglan 3х4,profimet szklarnie,1,0,0.0,0.0
2026-10-01,wymiary | poliwęglan 3х4,przedłużenie szklarni,2,0,0.0,0.0
2026-10-01,wymiary | poliwęglan 3х4,szklarenka,1,0,0.0,0.0
2026-10-01,wymiary | poliwęglan 3х4,szklarnia,5,0,0.0,0.0
2026-10-01,wymiary | poliwęglan 3х4,szklarnia 3 x 4,2,0,0.0,0.0
2026-10-01,wymiary | poliwęglan 3х4,szklarnia 3x4,1,0,0.0,0.0
2026-10-01,wymiary | poliwęglan 3х4,szklarnia 3x4 poliweglan,1,0,0.0,0.0
2026-10-01,wymiary | poliwęglan 3х4,szklarnia mała,2,0,0.0,0.0
2026-10-01,wymiary | poliwęglan 3х4,szklarnia ogrodowa,9,0,0.0,0.0
2026-10-01,wymiary | poliwęglan 3х4,szklarnia ogrodowa 2 5x4,3,0,0.0,0.0
2026-10-01,wymiary | poliwęglan 3х4,szklarnia ogrodowa 3x4,1,0,0.0,0.0
2026-10-01,wymiary | poliwęglan 3х4,szklarnia ogrodowa z poliwęglanu,1,0,0.0,0.0
2026-10-01,wymiary | poliwęglan 3х4,szklarnia ogrodowa z poliwęglanu 3x4,1,0,0.0,0.0
2026-10-01,wymiary | poliwęglan 3х4,szklarnia poliwęglan,1,0,0.0,0.0
2026-10-01,wymiary | poliwęglan 3х4,szklarnia z nawadnianiem,1,0,0.0,0.0
2026-10-01,wymiary | poliwęglan 3х4,szklarnia z poliwęglanu 3 x 4,3,0,0.0,0.0
2026-10-01,wymiary | poliwęglan 3х4,szklarnia z poliwęglanu 3x4,19,1,1.01,0.0
2026-10-01,wymiary | poliwęglan 3х4,szklarnia z poliwęglanu 3x4 6mm,7,1,0.79,0.0
2026-10-01,wymiary | poliwęglan 3х4,szklarnia z poliwęglanu 3x4 cena,1,0,0.0,0.0
2026-10-01,wymiary | poliwęglan 3х4,szklarnia z poliwęglanu 3x4 producent,3,0,0.0,0.0
2026-10-01,wymiary | poliwęglan 3х4,szklarnia z poliwęglanu 4x6,1,0,0.0,0.0
2026-10-01,wymiary | poliwęglan 3х4,szklarnie,4,1,0.38,0.0
2026-10-01,wymiary | poliwęglan 3х4,szklarnie na pomidory,2,0,0.0,0.0
2026-10-01,wymiary | poliwęglan 3х4,szklarnie na zamówienie,2,0,0.0,0.0
2026-10-01,wymiary | poliwęglan 3х4,szklarnie ogrodowe,6,0,0.0,0.0
2026-10-01,wymiary | poliwęglan 3х4,szklarnie ogrodowe wyprzedaż,3,0,0.0,0.0
2026-10-01,wymiary | poliwęglan 3х4,szklarnie z poliwęglanu,13,1,0.33,0.0
2026-10-01,wymiary | poliwęglan 3х4,szklarnie z poliwęglanu 3x4,3,0,0.0,0.0
2026-10-01,wymiary | poliwęglan 3х4,szklarnię z poliwęglanu 3x4,2,1,1.31,0.0
2026-10-01,wymiary | poliwęglan 3х4,tunel na pomidory,2,0,0.0,0.0
2026-10-01,wymiary | poliwęglan 3х4,tunel na warzywa,1,0,0.0,0.0
2026-10-01,wymiary | poliwęglan 3х4,tunel na warzywa z poliwęglanu,1,0,0.0,0.0
2026-10-01,wymiary | poliwęglan 3х4,tunel ogrodowy,8,0,0.0,0.0
2026-10-01,wymiary | poliwęglan 3х4,tunel ogrodowy 3 x 4,2,0,0.0,0.0
2026-10-01,wymiary | poliwęglan 3х4,tunel ogrodowy 3x4,7,0,0.0,0.0
2026-10-01,wymiary | poliwęglan 3х4,tunel ogrodowy wyprzedaż,1,0,0.0,0.0
2026-10-01,wymiary | poliwęglan 3х4,tunel ogrodowy z poliwęglanu,1,0,0.0,0.0
2026-10-01,wymiary | poliwęglan 3х4,tunel poliwęglan 3x4,1,0,0.0,0.0
2026-10-01,wymiary | poliwęglan 3х4,tunel warzywny,2,0,0.0,0.0
2026-10-01,wymiary | poliwęglan 3х4,tunel z poliwęglanu,2,0,0.0,0.0
2026-10-01,wymiary | poliwęglan 3х4,tunel z poliwęglanu 3x4,2,0,0.0,0.0
2026-10-01,wymiary | poliwęglan 3х4,tunele do ogrodu,1,0,0.0,0.0
2026-10-01,wymiary | poliwęglan 3х4,tunele ogrodowe,3,0,0.0,0.0
2026-10-01,wymiary | poliwęglan 3х4,tunele pod warzywa,1,0,0.0,0.0
2026-10-01,wymiary | poliwęglan 3х4,www szklarnie pl,1,1,0.16,0.0
2026-10-01,wymiary | poliwęglan 3х8,tunel z poliwęglanu 3x8,1,0,0.0,0.0
2026-10-01,wymiary | poliwęglan 3х2,poligren,2,0,0.0,0.0
2026-10-01,wymiary | poliwęglan 3х2,poliwęglan,1,0,0.0,0.0
2026-10-01,wymiary | poliwęglan 3х2,szklarnia 2 3,1,0,0.0,0.0
2026-10-01,wymiary | poliwęglan 3х2,szklarnia ogrodowa,2,0,0.0,0.0
2026-10-01,wymiary | poliwęglan 3х2,szklarnia ogrodowa tanio,1,0,0.0,0.0
2026-10-01,wymiary | poliwęglan 3х2,szklarnia z poliwęglanu 3x2,4,0,0.0,0.0
2026-10-01,wymiary | poliwęglan 3х2,szklarnie z poliwęglanu,4,1,0.63,0.0
2026-10-01,wymiary | poliwęglan 3х2,tunel 2x3m,1,0,0.0,0.0
2026-10-01,cieplarnie z poliwęglanu,nowaszklarnia,1,0,0.0,0.0
2026-10-01,cieplarnie z poliwęglanu,producenci szklarni z poliwęglanu,1,0,0.0,0.0
2026-10-01,cieplarnie z poliwęglanu,profimet,4,1,0.46,0.0
2026-10-01,namioty z poliwęglanu,namiot z poliwęglanu,2,0,0.0,0.0
2026-10-01,namioty z poliwęglanu,tunel z poliwęglanu,1,0,0.0,0.0
2026-10-01,szklarnie z poliwęglanu [exact],szklarnia ogrodowa z poliwęglanu,2,0,0.0,0.0
2026-10-01,szklarnie z poliwęglanu [exact],szklarnia z poliwęglanu,233,20,17.55,0.0
2026-10-01,szklarnie z poliwęglanu [phrase],mocna szklarnia z poliwęglanu,2,0,0.0,0.0
2026-10-01,szklarnie z poliwęglanu [phrase],najlepsza szklarnia z poliwęglanu,1,0,0.0,0.0
2026-10-01,szklarnie z poliwęglanu [phrase],nowaszklarnia,2,0,0.0,0.0
2026-10-01,szklarnie z poliwęglanu [phrase],profimet szklarnie,11,7,14.58,0.0
2026-10-01,szklarnie z poliwęglanu [phrase],profimet szklarnię z poliweglanu,2,0,0.0,0.0
2026-10-01,szklarnie z poliwęglanu [phrase],szklarnia 6x3 poliwęglan,1,0,0.0,0.0
2026-10-01,szklarnie z poliwęglanu [phrase],szklarnia ogrodowa,3,0,0.0,0.0
2026-10-01,szklarnie z poliwęglanu [phrase],szklarnia poliwenglanowa,1,0,0.0,0.0
2026-10-01,szklarnie z poliwęglanu [phrase],szklarnia poliwęglan 2.5 x4,1,0,0.0,0.0
2026-10-01,szklarnie z poliwęglanu [phrase],szklarnia z poliwęglanu 6 mm,1,0,0.0,0.0
2026-10-01,szklarnie z poliwęglanu [phrase],szklarnia z poliwęglanu na wymiar,2,1,0.8,0.0
2026-10-01,szklarnie z poliwęglanu [phrase],szklarnia z poliwęglanu profimet,1,1,3.33,0.0
2026-10-01,szklarnie z poliwęglanu [phrase],szklarnie ogrodowe,2,0,0.0,0.0
2026-10-01,szklarnie z poliwęglanu [phrase],szklarnie ogrodowe z poliwęglanu,1,0,0.0,0.0
2026-10-01,szklarnie z poliwęglanu [phrase],szklarnie z poliwęglanu promocje,2,1,0.54,0.0
2026-10-01,szklarnie z poliwęglanu [phrase],tunel z poliwęglanu,2,0,0.0,0.0
2026-10-01,szklarnie z poliwęglanu producent,profimet szklarnie z poliwęglanu,1,0,0.0,0.0
2026-10-01,tunele z poliwęglanu,cieplarnia z poliwęglanu,2,0,0.0,0.0
2026-10-01,tunele z poliwęglanu,poliwęglan tunel,2,0,0.0,0.0
2026-10-01,tunele z poliwęglanu,poliwęglanowy tunel,3,0,0.0,0.0
2026-10-01,tunele z poliwęglanu,tunel ogrodowy z poliwęglanu,11,0,0.0,0.0
2026-10-01,tunele z poliwęglanu,tunel poliwęglan,2,0,0.0,0.0
2026-10-01,tunele z poliwęglanu,tunel warzywny z poliwęglanu,4,0,0.0,0.0
2026-10-01,tunele z poliwęglanu,tunel z poliweglanu,2,0,0.0,0.0
2026-10-01,tunele z poliwęglanu,tunel z poliwęglanu,8,0,0.0,0.0
2026-10-01,tunele z poliwęglanu,tunel z poliwęglanu 2.5 x4,1,1,0.22,0.0
2026-10-01,tunele z poliwęglanu,tunel z poliwęglanu 3x4,1,1,0.14,0.0
2026-10-01,tunele z poliwęglanu,tunele ogrodowe z poliwęglanu,10,1,1.1,0.0
2026-10-01,tunele z poliwęglanu,tunele poliwęglanowe,3,1,1.75,0.0
2026-10-01,wymiary | poliwęglan 4х6,agroszklarnia pl,1,0,0.0,0.0
2026-10-01,wymiary | poliwęglan 4х6,alistan agro,1,0,0.0,0.0
2026-10-01,wymiary | poliwęglan 4х6,farmer tunele,1,0,0.0,0.0
2026-10-01,wymiary | poliwęglan 4х6,multiszklarnia pl,1,1,0.68,0.0
2026-10-01,wymiary | poliwęglan 4х6,namiot szklarnia z poliwęglanu,1,0,0.0,0.0
2026-10-01,wymiary | poliwęglan 4х6,nowaszklarnia,1,0,0.0,0.0
2026-10-01,wymiary | poliwęglan 4х6,poligreen,2,0,0.0,0.0
2026-10-01,wymiary | poliwęglan 4х6,poliwęglan 6m,1,0,0.0,0.0
2026-10-01,wymiary | poliwęglan 4х6,profi met szklarnie,1,1,0.09,0.0
2026-10-01,wymiary | poliwęglan 4х6,profimet,3,1,1.15,0.0
2026-10-01,wymiary | poliwęglan 4х6,sprzedaż szklarni,1,0,0.0,0.0
2026-10-01,wymiary | poliwęglan 4х6,szklarnia,2,0,0.0,0.0
2026-10-01,wymiary | poliwęglan 4х6,szklarnia 4x6 poliwęglan,2,1,0.46,0.0
2026-10-01,wymiary | poliwęglan 4х6,szklarnia mocna,1,0,0.0,0.0
2026-10-01,wymiary | poliwęglan 4х6,szklarnia ogrodowa,3,0,0.0,0.0
2026-10-01,wymiary | poliwęglan 4х6,szklarnia ogrodowa wyprzedaż,1,0,0.0,0.0
2026-10-01,wymiary | poliwęglan 4х6,szklarnia poliwęglan,1,0,0.0,0.0
2026-10-01,wymiary | poliwęglan 4х6,szklarnia z poliwęglanu 4x6,3,0,0.0,0.0
2026-10-01,wymiary | poliwęglan 4х6,szklarnie ogrodowe wyprzedaż,1,0,0.0,0.0
2026-10-01,wymiary | poliwęglan 4х6,szklarnie online,1,0,0.0,0.0
2026-10-01,wymiary | poliwęglan 4х6,szklarnie z poliwęglanu,6,0,0.0,0.0
2026-10-01,wymiary | poliwęglan 4х6,szklarnie z poliwęglanu 4x6,6,0,0.0,0.0
2026-10-01,wymiary | poliwęglan 4х6,tunel ogrodowy,5,0,0.0,0.0
2026-10-01,wymiary | poliwęglan 4х6,tunel ogrodowy 4x6,1,0,0.0,0.0
2026-10-01,wymiary | poliwęglan 4х6,tunel z poliwęglanu 4x6,1,0,0.0,0.0
2026-10-01,wymiary | poliwęglan 4х6,tunele ogrodowe,1,0,0.0,0.0
2026-10-01,wymiary | poliwęglan 4х6,www szklarnie pl,1,1,0.17,0.0
2026-10-01,wymiary | poliwęglan 4х6,z poliwęglanu szklarnia,2,0,0.0,0.0
2026-10-01,wymiary | poliwęglan 4х8,szklarnia poliwęglan 4x8,1,0,0.0,0.0
2026-10-01,wymiary | poliwęglan 4х8,szklarnia z poliwęglanu 4x8,6,0,0.0,0.0
2026-10-01,wymiary | poliwęglan 4х8,szklarnie z poliwęglanu 4x8,2,0,0.0,0.0
2026-10-01,wymiary | poliwęglan 4х8,tunel z poliwęglanu 4x8,2,1,0.48,0.0
2026-10-01,wymiary | poliwęglan 2х4,ekotunele,1,0,0.0,0.0
2026-10-01,wymiary | poliwęglan 2х4,sprzedaż szklarni,1,0,0.0,0.0
2026-10-01,wymiary | poliwęglan 2х4,szklarnia 2x4,1,0,0.0,0.0
2026-10-01,wymiary | poliwęglan 2х4,szklarnia ogrodowa 2x4,1,0,0.0,0.0
2026-10-01,wymiary | poliwęglan 2х4,szklarnia poliwęglan 2x4,2,0,0.0,0.0
2026-10-01,wymiary | poliwęglan 2х4,szklarnia z poliwęglanu 2 5x4,2,0,0.0,0.0
2026-10-01,wymiary | poliwęglan 2х4,szklarnia z poliwęglanu 2 x 4,1,0,0.0,0.0
2026-10-01,wymiary | poliwęglan 2х4,szklarnia z poliwęglanu 2x4,7,0,0.0,0.0
2026-10-01,wymiary | poliwęglan 2х4,szklarnia z poliwęglanu 2x4 6mm,1,0,0.0,0.0
2026-10-01,wymiary | poliwęglan 2х4,szklarnie z poliwęglanu,1,0,0.0,0.0
2026-10-01,wymiary | poliwęglan 2х4,tunel ogrodowy 2x4,1,0,0.0,0.0
2026-10-01,wymiary | poliwęglan 2х4,tunel poliweglan 2x4,1,0,0.0,0.0
2026-10-01,wymiary | poliwęglan 2 5х4,szklarnie z poliwęglanu 2 5x4,2,0,0.0,0.0
2026-10-01,mala szklarnia z poliweglanu,cieplarnia,1,0,0.0,0.0
2026-10-01,mala szklarnia z poliweglanu,firma farmer,2,0,0.0,0.0
2026-10-01,mala szklarnia z poliweglanu,grindi,2,1,0.83,1.0
2026-10-01,mala szklarnia z poliweglanu,ile kosztuje szklarnia z poliwęglanu,1,2,0.59,0.0
2026-10-01,mala szklarnia z poliweglanu,male szklarnie,1,0,0.0,0.0
2026-10-01,mala szklarnia z poliweglanu,mocna szklarnia,2,0,0.0,0.0
2026-10-01,mala szklarnia z poliweglanu,polski producent szklarni,2,1,0.96,0.0
2026-10-01,mala szklarnia z poliweglanu,profi met szklarnie,1,0,0.0,0.0
2026-10-01,mala szklarnia z poliweglanu,profimet,1,0,0.0,0.0
2026-10-01,mala szklarnia z poliweglanu,profimet poznań,1,0,0.0,0.0
2026-10-01,mala szklarnia z poliweglanu,profimet szklarnie,14,3,3.68,2.0
2026-10-01,mala szklarnia z poliweglanu,przydomowa szklarnia,2,0,0.0,0.0
2026-10-01,mala szklarnia z poliweglanu,szklarnia 4x2 5,2,0,0.0,0.0
2026-10-01,mala szklarnia z poliweglanu,szklarnia rolnik,1,0,0.0,0.0
2026-10-01,mala szklarnia z poliweglanu,szklarnia z fundamentem,1,0,0.0,0.0
2026-10-01,mala szklarnia z poliweglanu,szklarnia z poliwęglanu wyprzedaż,1,0,0.0,0.0
2026-10-01,mala szklarnia z poliweglanu,szklarnia zima,2,0,0.0,0.0
2026-10-01,mala szklarnia z poliweglanu,szklarnie ogrodowe wyprzedaż,2,0,0.0,0.0
2026-10-01,mala szklarnia z poliweglanu,tania szklarnia,1,0,0.0,0.0
2026-10-01,mala szklarnia z poliweglanu,tunel z poliwęglanu 2.5 x4,1,0,0.0,0.0
2026-10-01,mala szklarnia z poliweglanu,wesoły rolnik,2,2,2.12,0.0
2026-10-01,mala szklarnia z poliweglanu,zimowa szklarnia,1,0,0.0,0.0
2026-10-02,wymiary | poliwęglan 3х6,szklarnia poliwęglan 3x6,1,0,0.0,0.0
2026-10-02,wymiary | poliwęglan 3х6,szklarnia z poliwęglanu 3x6,18,1,0.43,0.0
2026-10-02,wymiary | poliwęglan 3х6,szklarnia z poliwęglanu 3x6 producent 6mm,1,0,0.0,0.0
2026-10-02,wymiary | poliwęglan 3х6,szklarnia z poliwęglanu 3x6 promocja,2,1,0.65,0.0
2026-10-02,wymiary | poliwęglan 3х6,szklarnia z poliwęglanu 3x6 wyprzedaż,1,0,0.0,0.0
2026-10-02,wymiary | poliwęglan 3х6,szklarnie z poliwęglanu 3x6,7,0,0.0,0.0
2026-10-02,wymiary | poliwęglan 3х6,tunel ogrodowy 3x6 poliwęglan,2,0,0.0,0.0
2026-10-02,wymiary | poliwęglan 3х6,tunel poliwęglan 3x6,4,1,1.35,0.0
2026-10-02,wymiary | poliwęglan 3х6,tunel z poliwęglanu 3x6,2,0,0.0,0.0
2026-10-02,wymiary | poliwęglan 3х6,tunel z poliwęglanu 3x6m,3,0,0.0,0.0
2026-10-02,wymiary | poliwęglan 3х6,tunele z poliwęglanu 3x6,2,1,0.74,0.0
2026-10-02,wymiary | poliwęglan 3х4,1 kup pl,1,0,0.0,0.0
2026-10-02,wymiary | poliwęglan 3х4,agrosklep szklarnie,3,0,0.0,0.0
2026-10-02,wymiary | poliwęglan 3х4,alistan shop,1,0,0.0,0.0
2026-10-02,wymiary | poliwęglan 3х4,cena szklarni z poliwęglanu,1,0,0.0,0.0
2026-10-02,wymiary | poliwęglan 3х4,cieplarnia pl,1,0,0.0,0.0
2026-10-02,wymiary | poliwęglan 3х4,cieplarnie,1,0,0.0,0.0
2026-10-02,wymiary | poliwęglan 3х4,cultivo,4,0,0.0,0.0
2026-10-02,wymiary | poliwęglan 3х4,drogatrade szklarnie,1,0,0.0,0.0
2026-10-02,wymiary | poliwęglan 3х4,farmer tunele sklep,2,0,0.0,0.0
2026-10-02,wymiary | poliwęglan 3х4,jaką szklarnię wybrać,1,0,0.0,0.0
2026-10-02,wymiary | poliwęglan 3х4,namiot ogrodniczy,2,0,0.0,0.0
2026-10-02,wymiary | poliwęglan 3х4,namiot ogrodowy na warzywa,1,0,0.0,0.0
2026-10-02,wymiary | poliwęglan 3х4,namiot ogrodowy warzywniak,1,0,0.0,0.0
2026-10-02,wymiary | poliwęglan 3х4,namiot tunel ogrodowy,4,1,0.15,0.0
2026-10-02,wymiary | poliwęglan 3х4,namiot z poliwęglanu 3x4,3,0,0.0,0.0
2026-10-02,wymiary | poliwęglan 3х4,poligreen,1,0,0.0,0.0
2026-10-02,wymiary | poliwęglan 3х4,poliwęglan,6,0,0.0,0.0
2026-10-02,wymiary | poliwęglan 3х4,poliwęglanowy,2,0,0.0,0.0
2026-10-02,wymiary | poliwęglan 3х4,profimetpl,1,0,0.0,0.0
2026-10-02,wymiary | poliwęglan 3х4,szklarni,1,0,0.0,0.0
2026-10-02,wymiary | poliwęglan 3х4,szklarnia,8,1,0.29,0.0
2026-10-02,wymiary | poliwęglan 3х4,szklarnia 15m2,1,0,0.0,0.0
2026-10-02,wymiary | poliwęglan 3х4,szklarnia 3x4,1,0,0.0,0.0
2026-10-02,wymiary | poliwęglan 3х4,szklarnia gotowa,1,0,0.0,0.0
2026-10-02,wymiary | poliwęglan 3х4,szklarnia na pomidory,1,0,0.0,0.0
2026-10-02,wymiary | poliwęglan 3х4,szklarnia ogrodowa,10,1,0.66,0.0
2026-10-02,wymiary | poliwęglan 3х4,szklarnia ogrodowa 2 5x4,2,1,0.6,0.0
2026-10-02,wymiary | poliwęglan 3х4,szklarnia ogrodowa 3x4 z poliwęglanu solid mocna,1,0,0.0,0.0
2026-10-02,wymiary | poliwęglan 3х4,szklarnia poliwęglan,1,0,0.0,0.0
2026-10-02,wymiary | poliwęglan 3х4,szklarnia poliwęglanowa,1,0,0.0,0.0
2026-10-02,wymiary | poliwęglan 3х4,szklarnia promocja,1,0,0.0,0.0
2026-10-02,wymiary | poliwęglan 3х4,szklarnia wyprzedaż,1,0,0.0,0.0
2026-10-02,wymiary | poliwęglan 3х4,szklarnia z poliweglanu,2,0,0.0,0.0
2026-10-02,wymiary | poliwęglan 3х4,szklarnia z poliwęglanu 3x4,13,3,3.35,0.0
2026-10-02,wymiary | poliwęglan 3х4,szklarnia z poliwęglanu 3x4 6mm,3,0,0.0,0.0
2026-10-02,wymiary | poliwęglan 3х4,szklarnia z poliwęglanu 3x6,1,0,0.0,0.0
2026-10-02,wymiary | poliwęglan 3х4,szklarnia z poliwęglanu 4x6,1,0,0.0,0.0
2026-10-02,wymiary | poliwęglan 3х4,szklarnie,3,0,0.0,0.0
2026-10-02,wymiary | poliwęglan 3х4,szklarnie 3 x 4,1,0,0.0,0.0
2026-10-02,wymiary | poliwęglan 3х4,szklarnie z poliwęglanu,19,2,7.66,0.0
2026-10-02,wymiary | poliwęglan 3х4,szklarnie z poliwęglanu 3 x 4,3,2,1.14,0.0
2026-10-02,wymiary | poliwęglan 3х4,szklarnie z poliwęglanu 3x4,5,0,0.0,0.0
2026-10-02,wymiary | poliwęglan 3х4,tig szklarnie,4,0,0.0,0.0
2026-10-02,wymiary | poliwęglan 3х4,tunel na pomidory,1,0,0.0,0.0
2026-10-02,wymiary | poliwęglan 3х4,tunel na pomidory z poliwęglanu,1,0,0.0,0.0
2026-10-02,wymiary | poliwęglan 3х4,tunel ogrodowy,11,1,0.32,0.0
2026-10-02,wymiary | poliwęglan 3х4,tunel ogrodowy wyprzedaż,1,0,0.0,0.0
2026-10-02,wymiary | poliwęglan 3х4,tunel ogrodowy z poliwęglanu,2,0,0.0,0.0
2026-10-02,wymiary | poliwęglan 3х4,tunel ogrodowy z poliwęglanu 3x4,1,0,0.0,0.0
2026-10-02,wymiary | poliwęglan 3х4,tunel poliweglan,1,0,0.0,0.0
2026-10-02,wymiary | poliwęglan 3х4,tunel poliwęglanowy,2,0,0.0,0.0
2026-10-02,wymiary | poliwęglan 3х4,tunel z poliweglanu,1,0,0.0,0.0
2026-10-02,wymiary | poliwęglan 3х4,tunel z poliwęglanu,2,0,0.0,0.0
2026-10-02,wymiary | poliwęglan 3х4,tunel z poliwęglanu 3x4,6,1,1.34,0.0
2026-10-02,wymiary | poliwęglan 3х4,tunele ogrodowe,2,1,0.84,0.0
2026-10-02,wymiary | poliwęglan 3х2,alistan shop,1,0,0.0,0.0
2026-10-02,wymiary | poliwęglan 3х2,poligreen,1,0,0.0,0.0
2026-10-02,wymiary | poliwęglan 3х2,poligreen pl,2,0,0.0,0.0
2026-10-02,wymiary | poliwęglan 3х2,szklarnia 2x2,1,0,0.0,0.0
2026-10-02,wymiary | poliwęglan 3х2,szklarnia 3x2,1,0,0.0,0.0
2026-10-02,wymiary | poliwęglan 3х2,szklarnia poliwęglan,1,0,0.0,0.0
2026-10-02,wymiary | poliwęglan 3х2,szklarnia poliwęglan 3x2,1,1,0.96,0.0
2026-10-02,wymiary | poliwęglan 3х2,szklarnia promocja,2,0,0.0,0.0
2026-10-02,wymiary | poliwęglan 3х2,szklarnia z poliwęglanu 3x2,1,0,0.0,0.0
2026-10-02,wymiary | poliwęglan 3х2,szklarnia z poliwęglanu 3x8,1,0,0.0,0.0
2026-10-02,wymiary | poliwęglan 3х2,szklarnie z poliwęglanu,8,1,0.92,0.0
2026-10-02,cieplarnie z poliwęglanu,poliwęglan 3x6,1,0,0.0,0.0
2026-10-02,namioty z poliwęglanu,namiot z poliwęglanu,2,0,0.0,0.0
2026-10-02,namioty z poliwęglanu,namiot z poliwęglanu 3x4,1,0,0.0,0.0
2026-10-02,namioty z poliwęglanu,namioty z poliwęglanu,2,0,0.0,0.0
2026-10-02,namioty z poliwęglanu,tunele z poliwęglanu,1,1,1.28,0.0
2026-10-02,szklarnie z poliwęglanu [exact],szklarnia z poliwęglanu,109,4,3.78,0.0
2026-10-02,szklarnie z poliwęglanu [phrase],jakiej firmy szklarnia z poliwęglanu,1,0,0.0,0.0
2026-10-02,szklarnie z poliwęglanu [phrase],poliweglan szklarnia,1,0,0.0,0.0
2026-10-02,szklarnie z poliwęglanu [phrase],polscy producenci szklarni z poliwęglanu,2,0,0.0,0.0
2026-10-02,szklarnie z poliwęglanu [phrase],producent szklarni z poliwęglanu,2,0,0.0,0.0
2026-10-02,szklarnie z poliwęglanu [phrase],profimet szklarnie,5,1,1.78,0.0
2026-10-02,szklarnie z poliwęglanu [phrase],szklarnia gaudi,4,0,0.0,0.0
2026-10-02,szklarnie z poliwęglanu [phrase],szklarnia kropla,1,0,0.0,0.0
2026-10-02,szklarnie z poliwęglanu [phrase],szklarnia ogrodowa,3,0,0.0,0.0
2026-10-02,szklarnie z poliwęglanu [phrase],szklarnia ogrodowa z poliweglanu,1,0,0.0,0.0
2026-10-02,szklarnie z poliwęglanu [phrase],szklarnia poliwęglan 6 mm,2,1,1.16,0.0
2026-10-02,szklarnie z poliwęglanu [phrase],szklarnia z,1,0,0.0,0.0
2026-10-02,szklarnie z poliwęglanu [phrase],szklarnia z poliweglanu,1,0,0.0,0.0
2026-10-02,szklarnie z poliwęglanu [phrase],szklarnia z poliwęglanu 2 5x4,1,0,0.0,0.0
2026-10-02,szklarnie z poliwęglanu [phrase],szklarnia z poliwęglanu jaką wybrać,1,0,0.0,0.0
2026-10-02,szklarnie z poliwęglanu [phrase],szklarnia z poliwęglanu podkarpackie,6,1,1.06,0.0
2026-10-02,szklarnie z poliwęglanu [phrase],szklarnie ogrodowe,2,0,0.0,0.0
2026-10-02,szklarnie z poliwęglanu [phrase],szklarnie ogrodowe z poliwęglanu,2,0,0.0,0.0
2026-10-02,szklarnie z poliwęglanu [phrase],szklarnie poliwęglanowe,2,0,0.0,0.0
2026-10-02,szklarnie z poliwęglanu [phrase],tanie szklarnie z poliwęglanu,2,2,2.71,0.0
2026-10-02,tunele z poliwęglanu,poliwęglan tunel,1,0,0.0,0.0
2026-10-02,tunele z poliwęglanu,tunel ogrodowy z poliwęglanu,6,0,0.0,0.0
2026-10-02,tunele z poliwęglanu,tunel poliweglan,1,0,0.0,0.0
2026-10-02,tunele z poliwęglanu,tunel poliwęglanowy,2,0,0.0,0.0
2026-10-02,tunele z poliwęglanu,tunel z poliweglanu,1,0,0.0,0.0
2026-10-02,tunele z poliwęglanu,tunel z poliwęglanu,4,0,0.0,0.0
2026-10-02,tunele z poliwęglanu,tunel z poliwęglanu 2.5 x4,1,0,0.0,0.0
2026-10-02,tunele z poliwęglanu,tunele ogrodowe z poliwęglanu,1,0,0.0,0.0
2026-10-02,tunele z poliwęglanu,tunele z poliwęglanu,4,1,1.07,0.0
2026-10-02,wymiary | poliwęglan 4х6,alistan agro,1,0,0.0,0.0
2026-10-02,wymiary | poliwęglan 4х6,cieplarnie,1,0,0.0,0.0
2026-10-02,wymiary | poliwęglan 4х6,farmer tunele,4,0,0.0,0.0
2026-10-02,wymiary | poliwęglan 4х6,ile kosztuje postawienie szklarni,2,0,0.0,0.0
2026-10-02,wymiary | poliwęglan 4х6,moja szklarnia ogrodowa,1,0,0.0,0.0
2026-10-02,wymiary | poliwęglan 4х6,namiot ogrodniczy,1,1,0.1,0.0
2026-10-02,wymiary | poliwęglan 4х6,namiot ogrodowy na warzywa,1,0,0.0,0.0
2026-10-02,wymiary | poliwęglan 4х6,polska szklarnia,2,0,0.0,0.0
2026-10-02,wymiary | poliwęglan 4х6,profimetpl,1,0,0.0,0.0
2026-10-02,wymiary | poliwęglan 4х6,szklarnia,5,0,0.0,0.0
2026-10-02,wymiary | poliwęglan 4х6,szklarnia 4x8,1,0,0.0,0.0
2026-10-02,wymiary | poliwęglan 4х6,szklarnia ogrodowa,3,0,0.0,0.0
2026-10-02,wymiary | poliwęglan 4х6,szklarnia poli,1,0,0.0,0.0
2026-10-02,wymiary | poliwęglan 4х6,szklarnia poliweglan,1,0,0.0,0.0
2026-10-02,wymiary | poliwęglan 4х6,szklarnia poliwęglanowa,2,0,0.0,0.0
2026-10-02,wymiary | poliwęglan 4х6,szklarnia z poliweglanu,1,0,0.0,0.0
2026-10-02,wymiary | poliwęglan 4х6,szklarnia z poliwęglanu 3 x 6,2,0,0.0,0.0
2026-10-02,wymiary | poliwęglan 4х6,szklarnia z poliwęglanu 4x6,1,0,0.0,0.0
2026-10-02,wymiary | poliwęglan 4х6,szklarnie,4,0,0.0,0.0
2026-10-02,wymiary | poliwęglan 4х6,szklarnie ogrodowe,1,0,0.0,0.0
2026-10-02,wymiary | poliwęglan 4х6,szklarnie poliwęglan,1,0,0.0,0.0
2026-10-02,wymiary | poliwęglan 4х6,szklarnie z poliwęglanu,13,0,0.0,0.0
2026-10-02,wymiary | poliwęglan 4х6,tunel na pomidory,2,1,0.17,0.0
2026-10-02,wymiary | poliwęglan 4х6,tunel na pomidory z poliwęglanu,1,0,0.0,0.0
2026-10-02,wymiary | poliwęglan 4х6,tunel ogrodowy,4,0,0.0,0.0
2026-10-02,wymiary | poliwęglan 4х6,tunel ogrodowy 3x6,3,0,0.0,0.0
2026-10-02,wymiary | poliwęglan 4х6,wesoły ogrodnik,1,0,0.0,0.0
2026-10-02,wymiary | poliwęglan 4х8,szklarnia z poliwęglanu 4x8,1,0,0.0,0.0
2026-10-02,wymiary | poliwęglan 2х4,szklarnia 2x4,1,0,0.0,0.0
2026-10-02,wymiary | poliwęglan 2х4,szklarnia z poliwęglanu 2x4,2,0,0.0,0.0
2026-10-02,wymiary | poliwęglan 2х4,szklarnie online,1,0,0.0,0.0
2026-10-02,wymiary | poliwęglan 2х4,szklarnie z poliwęglanu,1,0,0.0,0.0
2026-10-02,wymiary | poliwęglan 2х4,tunel ogrodowy 2 x 4,3,0,0.0,0.0
2026-10-02,wymiary | poliwęglan 2х4,tunel ogrodowy z poliwęglanu 2x4,2,0,0.0,0.0
2026-10-02,mala szklarnia z poliweglanu,agrosur,1,0,0.0,0.0
2026-10-02,mala szklarnia z poliweglanu,cieplarnia,2,0,0.0,0.0
2026-10-02,mala szklarnia z poliweglanu,cultivo,1,0,0.0,0.0
2026-10-02,mala szklarnia z poliweglanu,czyste pole szklarnie,1,0,0.0,0.0
2026-10-02,mala szklarnia z poliweglanu,mała szklarnia ogrodowa,1,0,0.0,0.0
2026-10-02,mala szklarnia z poliweglanu,profimet szklarnie,8,6,18.95,1.0
2026-10-02,mala szklarnia z poliweglanu,szklarnia 2x2 5,1,0,0.0,0.0
2026-10-02,mala szklarnia z poliweglanu,szklarnia 4x8,1,0,0.0,0.0
2026-10-02,mala szklarnia z poliweglanu,szklarnia na warzywa,1,0,0.0,0.0
2026-10-02,mala szklarnia z poliweglanu,szklarnia ogrodowa,1,0,0.0,0.0
2026-10-02,mala szklarnia z poliweglanu,szklarnie,1,0,0.0,0.0
