Дата визита,UTM Source,Город,Страна,Визиты
2023-06-18,yandex.promopages,Не определено,Россия,9
2023-06-27,yandex.promopages,Не определено,Россия,6
2023-06-16,yandex.promopages,Не определено,Россия,5
2023-06-20,yandex.promopages,Не определено,Россия,5
2023-06-17,yandex.promopages,Не определено,Россия,4
2023-06-19,yandex.promopages,Не определено,Россия,4
2023-06-29,yandex.promopages,Не определено,Россия,4
2023-06-18,yandex.promopages,Москва,Россия,3
2023-06-18,yandex.promopages,Самара,Россия,3
2023-06-17,yandex.promopages,Москва,Россия,2
2023-06-19,yandex.promopages,Новосибирск,Россия,2
2023-06-19,yandex.promopages,Уфа,Россия,2
2023-06-20,yandex.promopages,Нижний Новгород,Россия,2
2023-06-26,yandex.promopages,Москва,Россия,2
2023-06-27,yandex.promopages,Санкт-Петербург,Россия,2
2023-06-15,yandex.promopages,Новосибирск,Россия,1
2023-06-15,yandex.promopages,Тольятти,Россия,1
2023-06-15,yandex.promopages,Уфа,Россия,1
2023-06-16,yandex.promopages,Астрахань,Россия,1
2023-06-16,yandex.promopages,Кимры,Россия,1
2023-06-16,yandex.promopages,Омск,Россия,1
2023-06-16,yandex.promopages,Оренбург,Россия,1
2023-06-16,yandex.promopages,Саратов,Россия,1
2023-06-17,yandex.promopages,Владикавказ,Россия,1
2023-06-17,yandex.promopages,Новосибирск,Россия,1
2023-06-17,yandex.promopages,Пермь,Россия,1
2023-06-17,yandex.promopages,Ростов-на-Дону,Россия,1
2023-06-17,yandex.promopages,Санкт-Петербург,Россия,1
2023-06-17,yandex.promopages,Тула,Россия,1
2023-06-18,yandex.promopages,Абакан,Россия,1
2023-06-18,yandex.promopages,Владимир,Россия,1
2023-06-18,yandex.promopages,Волгоград,Россия,1
2023-06-18,yandex.promopages,Воронеж,Россия,1
2023-06-18,yandex.promopages,Краснодар,Россия,1
2023-06-18,yandex.promopages,Михайловка,Россия,1
2023-06-18,yandex.promopages,Нижний Новгород,Россия,1
2023-06-18,yandex.promopages,Ростов-на-Дону,Россия,1
2023-06-18,yandex.promopages,Санкт-Петербург,Россия,1
2023-06-18,yandex.promopages,Ставрополь,Россия,1
2023-06-18,yandex.promopages,Франкфурт-на-Майне,Германия,1
2023-06-19,yandex.promopages,Анапа,Россия,1
2023-06-19,yandex.promopages,Барнаул,Россия,1
2023-06-19,yandex.promopages,Брянск,Россия,1
2023-06-19,yandex.promopages,Красноярск,Россия,1
2023-06-19,yandex.promopages,Нижний Новгород,Россия,1
2023-06-19,yandex.promopages,Ростов-на-Дону,Россия,1
2023-06-19,yandex.promopages,Самара,Россия,1
2023-06-19,yandex.promopages,Санкт-Петербург,Россия,1
2023-06-19,yandex.promopages,Тамбов,Россия,1
2023-06-19,yandex.promopages,Ульяновск,Россия,1
2023-06-20,yandex.promopages,Екатеринбург,Россия,1
2023-06-20,yandex.promopages,Красноярск,Россия,1
2023-06-20,yandex.promopages,Ростов-на-Дону,Россия,1
2023-06-20,yandex.promopages,Смоленск,Россия,1
2023-06-20,yandex.promopages,Хабаровск,Россия,1
2023-06-20,yandex.promopages,Чебоксары,Россия,1
2023-06-20,yandex.promopages,Челябинск,Россия,1
2023-06-22,yandex.promopages,Брянск,Россия,1
2023-06-27,yandex.promopages,Бежецк,Россия,1
2023-06-27,yandex.promopages,Волгоград,Россия,1
2023-06-27,yandex.promopages,Казань,Россия,1
2023-06-27,yandex.promopages,Майкоп,Россия,1
2023-06-27,yandex.promopages,Москва,Россия,1
2023-06-27,yandex.promopages,Нерюнгри,Россия,1
2023-06-27,yandex.promopages,Пятигорск,Россия,1
2023-06-27,yandex.promopages,Саратов,Россия,1
2023-06-27,yandex.promopages,Тверь,Россия,1
2023-06-27,yandex.promopages,Тула,Россия,1
2023-06-27,yandex.promopages,Шуя,Россия,1
2023-06-29,yandex.promopages,Владимир,Россия,1
2023-06-29,yandex.promopages,Междуреченск,Россия,1
2023-06-29,yandex.promopages,Пермь,Россия,1
2023-06-29,yandex.promopages,Санкт-Петербург,Россия,1
2023-06-29,yandex.promopages,Смоленск,Россия,1
2023-06-29,yandex.promopages,Тольятти,Россия,1
2023-06-29,yandex.promopages,Ярославль,Россия,1
2023-06-30,yandex.promopages,Не определено,Россия,1
2023-06-30,yandex.promopages,Калуга,Россия,1
2023-06-30,yandex.promopages,Ковров,Россия,1
2023-06-30,yandex.promopages,Краснодар,Россия,1
2023-06-30,yandex.promopages,Москва,Россия,1
2023-06-30,yandex.promopages,Омск,Россия,1
2023-06-30,yandex.promopages,Ростов-на-Дону,Россия,1
2023-06-30,yandex.promopages,Саратов,Россия,1
2023-06-30,yandex.promopages,Секаукус,США,1
2023-06-30,yandex.promopages,Тамбов,Россия,1
2023-06-30,yandex.promopages,Химки,Россия,1
2023-06-30,yandex.promopages,Якутск,Россия,1
2023-08-22,yandex.promopages,Не определено,Россия,12
2023-07-15,yandex.promopages,Не определено,Россия,8
2023-09-26,yandex.promopages,Не определено,Россия,8
2023-08-11,yandex.promopages,Не определено,Россия,7
2023-08-18,yandex.promopages,Не определено,Россия,7
2023-08-19,yandex.promopages,Не определено,Россия,7
2023-07-14,yandex.promopages,Не определено,Россия,6
2023-08-27,yandex.promopages,Не определено,Россия,6
2023-08-29,yandex.promopages,Не определено,Россия,6
2023-07-01,yandex.promopages,Не определено,Россия,5
2023-07-25,yandex.promopages,Не определено,Россия,5
2023-07-26,yandex.promopages,Не определено,Россия,5
2023-08-04,yandex.promopages,Не определено,Россия,5
2023-08-14,yandex.promopages,Не определено,Россия,5
2023-08-15,yandex.promopages,Не определено,Россия,5
2023-08-16,yandex.promopages,Не определено,Россия,5
2023-09-16,yandex.promopages,Не определено,Россия,5
2023-09-17,yandex.promopages,Не определено,Россия,5
2023-09-21,yandex.promopages,Не определено,Россия,5
2023-09-21,yandex.promopages,Москва,Россия,5
2023-09-22,yandex.promopages,Москва,Россия,5
2023-09-24,yandex.promopages,Не определено,Россия,5
2023-07-27,yandex.promopages,Не определено,Россия,4
2023-07-28,yandex.promopages,Москва,Россия,4
2023-08-06,yandex.promopages,Не определено,Россия,4
2023-08-07,yandex.promopages,Не определено,Россия,4
2023-08-10,yandex.promopages,Не определено,Россия,4
2023-08-17,yandex.promopages,Не определено,Россия,4
2023-08-19,yandex.promopages,Москва,Россия,4
2023-08-20,yandex.promopages,Не определено,Россия,4
2023-08-21,yandex.promopages,Москва,Россия,4
2023-08-29,yandex.promopages,Москва,Россия,4
2023-09-16,yandex.promopages,Москва,Россия,4
2023-09-19,yandex.promopages,Не определено,Россия,4
2023-09-19,yandex.promopages,Москва,Россия,4
2023-09-20,yandex.promopages,Не определено,Россия,4
2023-09-22,yandex.promopages,Не определено,Россия,4
2023-09-24,yandex.promopages,Москва,Россия,4
2023-09-27,yandex.promopages,Не определено,Россия,4
2023-07-01,yandex.promopages,Пермь,Россия,3
2023-07-12,yandex.promopages,Не определено,Россия,3
2023-07-12,yandex.promopages,Москва,Россия,3
2023-07-13,yandex.promopages,Москва,Россия,3
2023-07-14,yandex.promopages,Москва,Россия,3
2023-07-24,yandex.promopages,Не определено,Россия,3
2023-07-28,yandex.promopages,Не определено,Россия,3
2023-07-29,yandex.promopages,Не определено,Россия,3
2023-08-01,yandex.promopages,Не определено,Россия,3
2023-08-03,yandex.promopages,Не определено,Россия,3
2023-08-09,yandex.promopages,Не определено,Россия,3
2023-08-10,yandex.promopages,Москва,Россия,3
2023-08-12,yandex.promopages,Не определено,Россия,3
2023-08-17,yandex.promopages,Краснодар,Россия,3
2023-08-19,yandex.promopages,Краснодар,Россия,3
2023-08-22,yandex.promopages,Москва,Россия,3
2023-08-28,yandex.promopages,Не определено,Россия,3
2023-09-16,yandex.promopages,Нижний Новгород,Россия,3
2023-09-18,yandex.promopages,Не определено,Россия,3
2023-09-18,yandex.promopages,Москва,Россия,3
2023-09-23,yandex.promopages,Москва,Россия,3
2023-09-24,yandex.promopages,Санкт-Петербург,Россия,3
2023-09-25,yandex.promopages,Не определено,Россия,3
2023-07-02,yandex.promopages,Москва,Россия,2
2023-07-03,yandex.promopages,Не определено,Россия,2
2023-07-11,yandex.promopages,Не определено,Россия,2
2023-07-12,yandex.promopages,Санкт-Петербург,Россия,2
2023-07-15,yandex.promopages,Москва,Россия,2
2023-07-16,yandex.promopages,Москва,Россия,2
2023-07-21,yandex.promopages,Не определено,Россия,2
2023-07-22,yandex.promopages,Не определено,Россия,2
2023-07-23,yandex.promopages,Не определено,Россия,2
2023-07-26,yandex.promopages,Москва,Россия,2
2023-07-27,yandex.promopages,Санкт-Петербург,Россия,2
2023-07-28,yandex.promopages,Курган,Россия,2
2023-07-30,yandex.promopages,Не определено,Россия,2
2023-08-04,yandex.promopages,Москва,Россия,2
2023-08-05,yandex.promopages,Не определено,Россия,2
2023-08-06,yandex.promopages,Москва,Россия,2
2023-08-09,yandex.promopages,Москва,Россия,2
2023-08-11,yandex.promopages,Новосибирск,Россия,2
2023-08-13,yandex.promopages,Не определено,Россия,2
2023-08-13,yandex.promopages,Москва,Россия,2
2023-08-14,yandex.promopages,Москва,Россия,2
2023-08-14,yandex.promopages,Санкт-Петербург,Россия,2
2023-08-15,yandex.promopages,Москва,Россия,2
2023-08-18,yandex.promopages,Москва,Россия,2
2023-08-20,yandex.promopages,Нижний Новгород,Россия,2
2023-08-22,yandex.promopages,Санкт-Петербург,Россия,2
2023-08-23,yandex.promopages,Не определено,Россия,2
2023-08-23,yandex.promopages,Москва,Россия,2
2023-08-23,yandex.promopages,Санкт-Петербург,Россия,2
2023-08-25,yandex.promopages,Не определено,Россия,2
2023-08-26,yandex.promopages,Кольчугино,Россия,2
2023-08-26,yandex.promopages,Москва,Россия,2
2023-08-27,yandex.promopages,Санкт-Петербург,Россия,2
2023-08-27,yandex.promopages,Ставрополь,Россия,2
2023-08-28,yandex.promopages,Нижний Новгород,Россия,2
2023-08-28,yandex.promopages,Санкт-Петербург,Россия,2
2023-09-15,yandex.promopages,Не определено,Россия,2
2023-09-17,yandex.promopages,Кашира,Россия,2
2023-09-17,yandex.promopages,Москва,Россия,2
2023-09-19,yandex.promopages,Санкт-Петербург,Россия,2
2023-09-21,yandex.promopages,Абакан,Россия,2
2023-09-21,yandex.promopages,Владивосток,Россия,2
2023-09-21,yandex.promopages,Новосибирск,Россия,2
2023-09-21,yandex.promopages,Санкт-Петербург,Россия,2
2023-09-21,yandex.promopages,Челябинск,Россия,2
2023-09-22,yandex.promopages,Новосибирск,Россия,2
2023-09-22,yandex.promopages,Санкт-Петербург,Россия,2
2023-09-22,yandex.promopages,Челябинск,Россия,2
2023-09-23,yandex.promopages,Краснодар,Россия,2
2023-09-23,yandex.promopages,Санкт-Петербург,Россия,2
2023-09-24,yandex.promopages,Нижний Новгород,Россия,2
2023-09-24,yandex.promopages,Рязань,Россия,2
2023-09-25,yandex.promopages,Санкт-Петербург,Россия,2
2023-09-26,yandex.promopages,Москва,Россия,2
2023-09-26,yandex.promopages,Ставрополь,Россия,2
2023-09-27,yandex.promopages,Новосибирск,Россия,2
2023-07-01,yandex.promopages,Красноярск,Россия,1
2023-07-01,yandex.promopages,Липецк,Россия,1
2023-07-01,yandex.promopages,Омск,Россия,1
2023-07-01,yandex.promopages,Петрозаводск,Россия,1
2023-07-01,yandex.promopages,Санкт-Петербург,Россия,1
2023-07-01,yandex.promopages,Чебоксары,Россия,1
2023-07-01,yandex.promopages,Якутск,Россия,1
2023-07-02,yandex.promopages,Не определено,Россия,1
2023-07-02,yandex.promopages,Брянск,Россия,1
2023-07-02,yandex.promopages,Волгодонск,Россия,1
2023-07-02,yandex.promopages,Кострома,Россия,1
2023-07-02,yandex.promopages,Краснодар,Россия,1
2023-07-02,yandex.promopages,Новосибирск,Россия,1
2023-07-02,yandex.promopages,Пенза,Россия,1
2023-07-02,yandex.promopages,Якутск,Россия,1
2023-07-03,yandex.promopages,Братск,Россия,1
2023-07-03,yandex.promopages,Грязи,Россия,1
2023-07-03,yandex.promopages,Москва,Россия,1
2023-07-03,yandex.promopages,Находка,Россия,1
2023-07-03,yandex.promopages,Омск,Россия,1
2023-07-03,yandex.promopages,Пенза,Россия,1
2023-07-03,yandex.promopages,Пермь,Россия,1
2023-07-03,yandex.promopages,Ростов-на-Дону,Россия,1
2023-07-03,yandex.promopages,Самара,Россия,1
2023-07-03,yandex.promopages,Тольятти,Россия,1
2023-07-11,yandex.promopages,Ейск,Россия,1
2023-07-11,yandex.promopages,Казань,Россия,1
2023-07-11,yandex.promopages,Киров,Россия,1
2023-07-11,yandex.promopages,Москва,Россия,1
2023-07-11,yandex.promopages,Нижний Новгород,Россия,1
2023-07-11,yandex.promopages,Новосибирск,Россия,1
2023-07-11,yandex.promopages,Тюмень,Россия,1
2023-07-11,yandex.promopages,Чебоксары,Россия,1
2023-07-12,yandex.promopages,Балаково,Россия,1
2023-07-12,yandex.promopages,Владивосток,Россия,1
2023-07-12,yandex.promopages,Воронеж,Россия,1
2023-07-12,yandex.promopages,Екатеринбург,Россия,1
2023-07-12,yandex.promopages,Кемерово,Россия,1
2023-07-12,yandex.promopages,Киров,Россия,1
2023-07-12,yandex.promopages,Краснодар,Россия,1
2023-07-12,yandex.promopages,Красноярск,Россия,1
2023-07-12,yandex.promopages,Курск,Россия,1
2023-07-12,yandex.promopages,Люберцы,Россия,1
2023-07-12,yandex.promopages,Нижний Новгород,Россия,1
2023-07-12,yandex.promopages,Новосибирск,Россия,1
2023-07-12,yandex.promopages,Туапсе,Россия,1
2023-07-12,yandex.promopages,Щёлково,Россия,1
2023-07-13,yandex.promopages,Не определено,Россия,1
2023-07-13,yandex.promopages,Нижний Новгород,Россия,1
2023-07-14,yandex.promopages,Волгоград,Россия,1
2023-07-14,yandex.promopages,Киров,Россия,1
2023-07-14,yandex.promopages,Красноярск,Россия,1
2023-07-14,yandex.promopages,Самара,Россия,1
2023-07-14,yandex.promopages,Челябинск,Россия,1
2023-07-15,yandex.promopages,Благовещенск,Россия,1
2023-07-15,yandex.promopages,Кемерово,Россия,1
2023-07-15,yandex.promopages,Краснодар,Россия,1
2023-07-15,yandex.promopages,Михайловка,Россия,1
2023-07-15,yandex.promopages,Санкт-Петербург,Россия,1
2023-07-15,yandex.promopages,Саратов,Россия,1
2023-07-15,yandex.promopages,Ставрополь,Россия,1
2023-07-15,yandex.promopages,Тула,Россия,1
2023-07-15,yandex.promopages,Энгельс,Россия,1
2023-07-16,yandex.promopages,Не определено,Россия,1
2023-07-16,yandex.promopages,Мытищи,Россия,1
2023-07-17,yandex.promopages,Москва,Россия,1
2023-07-17,yandex.promopages,Санкт-Петербург,Россия,1
2023-07-18,yandex.promopages,Люберцы,Россия,1
2023-07-20,yandex.promopages,Не определено,Россия,1
2023-07-20,yandex.promopages,Москва,Россия,1
2023-07-21,yandex.promopages,Владимир,Россия,1
2023-07-21,yandex.promopages,Иркутск,Россия,1
2023-07-21,yandex.promopages,Нижний Новгород,Россия,1
2023-07-21,yandex.promopages,Пятигорск,Россия,1
2023-07-21,yandex.promopages,Якутск,Россия,1
2023-07-22,yandex.promopages,Старый Оскол,Россия,1
2023-07-23,yandex.promopages,Владимир,Россия,1
2023-07-23,yandex.promopages,Норильск,Россия,1
2023-07-23,yandex.promopages,Самара,Россия,1
2023-07-23,yandex.promopages,Ставрополь,Россия,1
2023-07-24,yandex.promopages,Барнаул,Россия,1
2023-07-24,yandex.promopages,Нижний Новгород,Россия,1
2023-07-24,yandex.promopages,Омск,Россия,1
2023-07-24,yandex.promopages,Челябинск,Россия,1
2023-07-25,yandex.promopages,Донской,Россия,1
2023-07-25,yandex.promopages,Калининград,Россия,1
2023-07-25,yandex.promopages,Краснодар,Россия,1
2023-07-25,yandex.promopages,Михайловка,Россия,1
2023-07-25,yandex.promopages,Нижний Новгород,Россия,1
2023-07-25,yandex.promopages,Санкт-Петербург,Россия,1
2023-07-25,yandex.promopages,Уфа,Россия,1
2023-07-25,yandex.promopages,Челябинск,Россия,1
2023-07-25,yandex.promopages,Энгельс,Россия,1
2023-07-26,yandex.promopages,Краснодар,Россия,1
2023-07-26,yandex.promopages,Новороссийск,Россия,1
2023-07-26,yandex.promopages,Озёрск,Россия,1
2023-07-26,yandex.promopages,Санкт-Петербург,Россия,1
2023-07-27,yandex.promopages,Владикавказ,Россия,1
2023-07-27,yandex.promopages,Красноярск,Россия,1
2023-07-27,yandex.promopages,Москва,Россия,1
2023-07-27,yandex.promopages,Новочеркасск,Россия,1
2023-07-27,yandex.promopages,Орёл,Россия,1
2023-07-27,yandex.promopages,Тамбов,Россия,1
2023-07-27,yandex.promopages,Уфа,Россия,1
2023-07-28,yandex.promopages,Новокузнецк,Россия,1
2023-07-28,yandex.promopages,Пермь,Россия,1
2023-07-28,yandex.promopages,Санкт-Петербург,Россия,1
2023-07-29,yandex.promopages,Иваново,Россия,1
2023-07-29,yandex.promopages,Мирный,Россия,1
2023-07-29,yandex.promopages,Саратов,Россия,1
2023-07-30,yandex.promopages,Москва,Россия,1
2023-07-30,yandex.promopages,Раменское,Россия,1
2023-07-30,yandex.promopages,Тула,Россия,1
2023-07-31,yandex.promopages,Не определено,Россия,1
2023-07-31,yandex.promopages,Воронеж,Россия,1
2023-07-31,yandex.promopages,Екатеринбург,Россия,1
2023-07-31,yandex.promopages,Ставрополь,Россия,1
2023-08-01,yandex.promopages,Москва,Россия,1
2023-08-01,yandex.promopages,Ростов-на-Дону,Россия,1
2023-08-01,yandex.promopages,Санкт-Петербург,Россия,1
2023-08-02,yandex.promopages,Санкт-Петербург,Россия,1
2023-08-02,yandex.promopages,Тамбов,Россия,1
2023-08-03,yandex.promopages,Томск,Россия,1
2023-08-04,yandex.promopages,Калининград,Россия,1
2023-08-04,yandex.promopages,Санкт-Петербург,Россия,1
2023-08-04,yandex.promopages,Ставрополь,Россия,1
2023-08-04,yandex.promopages,Якутск,Россия,1
2023-08-05,yandex.promopages,Краснодар,Россия,1
2023-08-05,yandex.promopages,Нижний Новгород,Россия,1
2023-08-05,yandex.promopages,Нижний Тагил,Россия,1
2023-08-05,yandex.promopages,Саратов,Россия,1
2023-08-05,yandex.promopages,Старый Оскол,Россия,1
2023-08-05,yandex.promopages,Уфа,Россия,1
2023-08-06,yandex.promopages,Нижний Новгород,Россия,1
2023-08-06,yandex.promopages,Новосибирск,Россия,1
2023-08-07,yandex.promopages,Москва,Россия,1
2023-08-07,yandex.promopages,Санкт-Петербург,Россия,1
2023-08-08,yandex.promopages,Не определено,Россия,1
2023-08-08,yandex.promopages,Белгород,Россия,1
2023-08-08,yandex.promopages,Калининград,Россия,1
2023-08-08,yandex.promopages,Краснодар,Россия,1
2023-08-08,yandex.promopages,Красноярск,Россия,1
2023-08-08,yandex.promopages,Москва,Россия,1
2023-08-09,yandex.promopages,Борисов,Беларусь,1
2023-08-09,yandex.promopages,Казань,Россия,1
2023-08-09,yandex.promopages,Калуга,Россия,1
2023-08-09,yandex.promopages,Киров,Россия,1
2023-08-09,yandex.promopages,Новосибирск,Россия,1
2023-08-09,yandex.promopages,Приморско-Ахтарск,Россия,1
2023-08-09,yandex.promopages,Ставрополь,Россия,1
2023-08-09,yandex.promopages,Сургут,Россия,1
2023-08-09,yandex.promopages,Таганрог,Россия,1
2023-08-09,yandex.promopages,Чебоксары,Россия,1
2023-08-10,yandex.promopages,Егорьевск,Россия,1
2023-08-10,yandex.promopages,Екатеринбург,Россия,1
2023-08-10,yandex.promopages,Казань,Россия,1
2023-08-10,yandex.promopages,Краснокамск,Россия,1
2023-08-10,yandex.promopages,Михайловка,Россия,1
2023-08-10,yandex.promopages,Нижний Новгород,Россия,1
2023-08-10,yandex.promopages,Новосибирск,Россия,1
2023-08-10,yandex.promopages,Орёл,Россия,1
2023-08-10,yandex.promopages,Тула,Россия,1
2023-08-11,yandex.promopages,Братск,Россия,1
2023-08-11,yandex.promopages,Владикавказ,Россия,1
2023-08-11,yandex.promopages,Волгоград,Россия,1
2023-08-11,yandex.promopages,Краснодар,Россия,1
2023-08-11,yandex.promopages,Москва,Россия,1
2023-08-11,yandex.promopages,Нижний Новгород,Россия,1
2023-08-11,yandex.promopages,Новокузнецк,Россия,1
2023-08-11,yandex.promopages,Ростов-на-Дону,Россия,1
2023-08-11,yandex.promopages,Санкт-Петербург,Россия,1
2023-08-11,yandex.promopages,Саратов,Россия,1
2023-08-11,yandex.promopages,Ставрополь,Россия,1
2023-08-12,yandex.promopages,Екатеринбург,Россия,1
2023-08-12,yandex.promopages,Иркутск,Россия,1
2023-08-12,yandex.promopages,Калининград,Россия,1
2023-08-12,yandex.promopages,Ковров,Россия,1
2023-08-12,yandex.promopages,Оренбург,Россия,1
2023-08-12,yandex.promopages,Пенза,Россия,1
2023-08-12,yandex.promopages,Санкт-Петербург,Россия,1
2023-08-12,yandex.promopages,Челябинск,Россия,1
2023-08-13,yandex.promopages,Брянск,Россия,1
2023-08-13,yandex.promopages,Волгоград,Россия,1
2023-08-13,yandex.promopages,Краснодар,Россия,1
2023-08-13,yandex.promopages,Пермь,Россия,1
2023-08-13,yandex.promopages,Подольск,Россия,1
2023-08-13,yandex.promopages,Пушкино,Россия,1
2023-08-14,yandex.promopages,Барнаул,Россия,1
2023-08-14,yandex.promopages,Киров,Россия,1
2023-08-14,yandex.promopages,Находка,Россия,1
2023-08-15,yandex.promopages,Астрахань,Россия,1
2023-08-15,yandex.promopages,Домодедово,Россия,1
2023-08-15,yandex.promopages,Казань,Россия,1
2023-08-15,yandex.promopages,Краснодар,Россия,1
2023-08-15,yandex.promopages,Новокузнецк,Россия,1
2023-08-15,yandex.promopages,Ростов-на-Дону,Россия,1
2023-08-15,yandex.promopages,Смоленск,Россия,1
2023-08-15,yandex.promopages,Якутск,Россия,1
2023-08-16,yandex.promopages,Алушта,Россия,1
2023-08-16,yandex.promopages,Волгореченск,Россия,1
2023-08-16,yandex.promopages,Екатеринбург,Россия,1
2023-08-16,yandex.promopages,Ереван,Армения,1
2023-08-16,yandex.promopages,Казань,Россия,1
2023-08-16,yandex.promopages,Михайловка,Россия,1
2023-08-16,yandex.promopages,Нижний Новгород,Россия,1
2023-08-16,yandex.promopages,Новокузнецк,Россия,1
2023-08-16,yandex.promopages,Саяногорск,Россия,1
2023-08-16,yandex.promopages,Стерлитамак,Россия,1
2023-08-16,yandex.promopages,Тамбов,Россия,1
2023-08-17,yandex.promopages,Астрахань,Россия,1
2023-08-17,yandex.promopages,Белореченск,Россия,1
2023-08-17,yandex.promopages,Миасс,Россия,1
2023-08-17,yandex.promopages,Михайловка,Россия,1
2023-08-17,yandex.promopages,Санкт-Петербург,Россия,1
2023-08-17,yandex.promopages,Старый Оскол,Россия,1
2023-08-18,yandex.promopages,Брянск,Россия,1
2023-08-18,yandex.promopages,Иваново,Россия,1
2023-08-18,yandex.promopages,Курган,Россия,1
2023-08-18,yandex.promopages,Омск,Россия,1
2023-08-18,yandex.promopages,Санкт-Петербург,Россия,1
2023-08-18,yandex.promopages,Уфа,Россия,1
2023-08-19,yandex.promopages,Владимир,Россия,1
2023-08-19,yandex.promopages,Екатеринбург,Россия,1
2023-08-19,yandex.promopages,Нижний Новгород,Россия,1
2023-08-19,yandex.promopages,Самара,Россия,1
2023-08-19,yandex.promopages,Челябинск,Россия,1
2023-08-20,yandex.promopages,Кострома,Россия,1
2023-08-20,yandex.promopages,Санкт-Петербург,Россия,1
2023-08-20,yandex.promopages,Тверь,Россия,1
2023-08-21,yandex.promopages,Воронеж,Россия,1
2023-08-21,yandex.promopages,Вышний Волочёк,Россия,1
2023-08-21,yandex.promopages,Краснодар,Россия,1
2023-08-21,yandex.promopages,Миасс,Россия,1
2023-08-21,yandex.promopages,Нальчик,Россия,1
2023-08-21,yandex.promopages,Новосибирск,Россия,1
2023-08-21,yandex.promopages,Самара,Россия,1
2023-08-21,yandex.promopages,Санкт-Петербург,Россия,1
2023-08-21,yandex.promopages,Тамбов,Россия,1
2023-08-21,yandex.promopages,Уфа,Россия,1
2023-08-21,yandex.promopages,Ярославль,Россия,1
2023-08-22,yandex.promopages,Не определено,США,1
2023-08-22,yandex.promopages,Вологда,Россия,1
2023-08-22,yandex.promopages,Казань,Россия,1
2023-08-22,yandex.promopages,Ковров,Россия,1
2023-08-22,yandex.promopages,Нижний Новгород,Россия,1
2023-08-22,yandex.promopages,Сочи,Россия,1
2023-08-23,yandex.promopages,Великий Новгород,Россия,1
2023-08-23,yandex.promopages,Киржач,Россия,1
2023-08-23,yandex.promopages,Нижний Новгород,Россия,1
2023-08-23,yandex.promopages,Новосибирск,Россия,1
2023-08-23,yandex.promopages,Рыбинск,Россия,1
2023-08-25,yandex.promopages,Барнаул,Россия,1
2023-08-25,yandex.promopages,Белореченск,Россия,1
2023-08-25,yandex.promopages,Домодедово,Россия,1
2023-08-25,yandex.promopages,Киров,Россия,1
2023-08-25,yandex.promopages,Кольчугино,Россия,1
2023-08-25,yandex.promopages,Москва,Россия,1
2023-08-25,yandex.promopages,Пермь,Россия,1
2023-08-25,yandex.promopages,Санкт-Петербург,Россия,1
2023-08-26,yandex.promopages,Не определено,Россия,1
2023-08-26,yandex.promopages,Балашиха,Россия,1
2023-08-26,yandex.promopages,Калининград,Россия,1
2023-08-26,yandex.promopages,Магнитогорск,Россия,1
2023-08-26,yandex.promopages,Нальчик,Россия,1
2023-08-26,yandex.promopages,Нижний Новгород,Россия,1
2023-08-26,yandex.promopages,Саратов,Россия,1
2023-08-26,yandex.promopages,Ставрополь,Россия,1
2023-08-26,yandex.promopages,Челябинск,Россия,1
2023-08-27,yandex.promopages,Абинск,Россия,1
2023-08-27,yandex.promopages,Барнаул,Россия,1
2023-08-27,yandex.promopages,Йошкар-Ола,Россия,1
2023-08-27,yandex.promopages,Калининград,Россия,1
2023-08-27,yandex.promopages,Красноярск,Россия,1
2023-08-27,yandex.promopages,Кудрово,Россия,1
2023-08-27,yandex.promopages,Мадрид,Испания,1
2023-08-27,yandex.promopages,Малага,Испания,1
2023-08-27,yandex.promopages,Москва,Россия,1
2023-08-27,yandex.promopages,Самара,Россия,1
2023-08-27,yandex.promopages,Сыктывкар,Россия,1
2023-08-27,yandex.promopages,Тольятти,Россия,1
2023-08-27,yandex.promopages,Ярославль,Россия,1
2023-08-28,yandex.promopages,Казань,Россия,1
2023-08-28,yandex.promopages,Москва,Россия,1
2023-08-28,yandex.promopages,Пятигорск,Россия,1
2023-08-28,yandex.promopages,Ростов-на-Дону,Россия,1
2023-08-28,yandex.promopages,Томск,Россия,1
2023-08-28,yandex.promopages,Ярославль,Россия,1
2023-08-29,yandex.promopages,Владивосток,Россия,1
2023-08-29,yandex.promopages,Волгодонск,Россия,1
2023-08-29,yandex.promopages,Екатеринбург,Россия,1
2023-08-29,yandex.promopages,Иркутск,Россия,1
2023-08-29,yandex.promopages,Краснодар,Россия,1
2023-08-29,yandex.promopages,Кудрово,Россия,1
2023-08-29,yandex.promopages,Майкоп,Россия,1
2023-08-29,yandex.promopages,Мыски,Россия,1
2023-08-29,yandex.promopages,Пятигорск,Россия,1
2023-08-29,yandex.promopages,Ростов-на-Дону,Россия,1
2023-08-29,yandex.promopages,Самара,Россия,1
2023-08-29,yandex.promopages,Санкт-Петербург,Россия,1
2023-08-29,yandex.promopages,Сургут,Россия,1
2023-08-29,yandex.promopages,Челябинск,Россия,1
2023-08-30,yandex.promopages,Не определено,Россия,1
2023-08-30,yandex.promopages,Красноярск,Россия,1
2023-08-30,yandex.promopages,Москва,Россия,1
2023-08-30,yandex.promopages,Саратов,Россия,1
2023-08-31,yandex.promopages,Москва,Россия,1
2023-09-06,yandex.promopages,Екатеринбург,Россия,1
2023-09-15,yandex.promopages,Балашиха,Россия,1
2023-09-15,yandex.promopages,Калининград,Россия,1
2023-09-15,yandex.promopages,Пермь,Россия,1
2023-09-15,yandex.promopages,Саратов,Россия,1
2023-09-15,yandex.promopages,Тула,Россия,1
2023-09-16,yandex.promopages,Екатеринбург,Россия,1
2023-09-16,yandex.promopages,Кашира,Россия,1
2023-09-16,yandex.promopages,Курск,Россия,1
2023-09-16,yandex.promopages,Мытищи,Россия,1
2023-09-16,yandex.promopages,Новосибирск,Россия,1
2023-09-16,yandex.promopages,Пенза,Россия,1
2023-09-16,yandex.promopages,Самара,Россия,1
2023-09-17,yandex.promopages,Берлин,Германия,1
2023-09-17,yandex.promopages,Владивосток,Россия,1
2023-09-17,yandex.promopages,Волгореченск,Россия,1
2023-09-17,yandex.promopages,Калуга,Россия,1
2023-09-17,yandex.promopages,Кимры,Россия,1
2023-09-17,yandex.promopages,Макаров,Россия,1
2023-09-17,yandex.promopages,Тула,Россия,1
2023-09-17,yandex.promopages,Челябинск,Россия,1
2023-09-18,yandex.promopages,Екатеринбург,Россия,1
2023-09-18,yandex.promopages,Кемерово,Россия,1
2023-09-18,yandex.promopages,Невинномысск,Россия,1
2023-09-18,yandex.promopages,Санкт-Петербург,Россия,1
2023-09-18,yandex.promopages,Саратов,Россия,1
2023-09-18,yandex.promopages,Смоленск,Россия,1
2023-09-18,yandex.promopages,Уфа,Россия,1
2023-09-18,yandex.promopages,Челябинск,Россия,1
2023-09-18,yandex.promopages,Южно-Сахалинск,Россия,1
2023-09-19,yandex.promopages,Братск,Россия,1
2023-09-19,yandex.promopages,Иркутск,Россия,1
2023-09-19,yandex.promopages,Калининград,Россия,1
2023-09-19,yandex.promopages,Калуга,Россия,1
2023-09-19,yandex.promopages,Пенза,Россия,1
2023-09-19,yandex.promopages,Челябинск,Россия,1
2023-09-20,yandex.promopages,Екатеринбург,Россия,1
2023-09-20,yandex.promopages,Кореновск,Россия,1
2023-09-20,yandex.promopages,Краснодар,Россия,1
2023-09-20,yandex.promopages,Москва,Россия,1
2023-09-20,yandex.promopages,Нижний Новгород,Россия,1
2023-09-20,yandex.promopages,Петропавловск-Камчатский,Россия,1
2023-09-20,yandex.promopages,Тюмень,Россия,1
2023-09-20,yandex.promopages,Челябинск,Россия,1
2023-09-20,yandex.promopages,Юрга,Россия,1
2023-09-21,yandex.promopages,Не определено,Не определено,1
2023-09-21,yandex.promopages,Горно-Алтайск,Россия,1
2023-09-21,yandex.promopages,Краснодар,Россия,1
2023-09-21,yandex.promopages,Новокузнецк,Россия,1
2023-09-22,yandex.promopages,Калуга,Россия,1
2023-09-22,yandex.promopages,Рязань,Россия,1
2023-09-22,yandex.promopages,Тамбов,Россия,1
2023-09-22,yandex.promopages,Якутск,Россия,1
2023-09-23,yandex.promopages,Не определено,Россия,1
2023-09-23,yandex.promopages,Новосибирск,Россия,1
2023-09-23,yandex.promopages,Пушкино,Россия,1
2023-09-23,yandex.promopages,Уфа,Россия,1
2023-09-24,yandex.promopages,Брянск,Россия,1
2023-09-24,yandex.promopages,Воронеж,Россия,1
2023-09-24,yandex.promopages,Минусинск,Россия,1
2023-09-24,yandex.promopages,Михайловка,Россия,1
2023-09-24,yandex.promopages,Нальчик,Россия,1
2023-09-24,yandex.promopages,Новосибирск,Россия,1
2023-09-24,yandex.promopages,Орёл,Россия,1
2023-09-24,yandex.promopages,Самара,Россия,1
2023-09-24,yandex.promopages,Ярославль,Россия,1
2023-09-25,yandex.promopages,Армавир,Россия,1
2023-09-25,yandex.promopages,Болхов,Россия,1
2023-09-25,yandex.promopages,Домодедово,Россия,1
2023-09-25,yandex.promopages,Екатеринбург,Россия,1
2023-09-25,yandex.promopages,Красноярск,Россия,1
2023-09-25,yandex.promopages,Люберцы,Россия,1
2023-09-25,yandex.promopages,Малоярославец,Россия,1
2023-09-25,yandex.promopages,Москва,Россия,1
2023-09-25,yandex.promopages,Нижний Новгород,Россия,1
2023-09-25,yandex.promopages,Подольск,Россия,1
2023-09-25,yandex.promopages,Семей,Казахстан,1
2023-09-25,yandex.promopages,Смоленск,Россия,1
2023-09-25,yandex.promopages,Хабаровск,Россия,1
2023-09-25,yandex.promopages,Челябинск,Россия,1
2023-09-26,yandex.promopages,Екатеринбург,Россия,1
2023-09-26,yandex.promopages,Санкт-Петербург,Россия,1
2023-09-26,yandex.promopages,Томск,Россия,1
2023-09-27,yandex.promopages,Ростов-на-Дону,Россия,1
2023-09-27,yandex.promopages,Уфа,Россия,1
2023-09-28,yandex.promopages,Ростов-на-Дону,Россия,1
2023-12-01,yandex.promopages,Не определено,Россия,8
2023-12-31,yandex.promopages,Не определено,Россия,8
2023-10-30,yandex.promopages,Не определено,Россия,6
2023-12-03,yandex.promopages,Не определено,Россия,6
2023-12-04,yandex.promopages,Не определено,Россия,6
2023-12-29,yandex.promopages,Не определено,Россия,6
2023-10-26,yandex.promopages,Не определено,Россия,5
2023-11-07,yandex.promopages,Не определено,Россия,5
2023-12-06,yandex.promopages,Нижний Новгород,Россия,5
2023-12-12,yandex.promopages,Не определено,Россия,5
2023-12-28,yandex.promopages,Не определено,Россия,5
2023-10-28,yandex.promopages,Не определено,Россия,4
2023-10-29,yandex.promopages,Не определено,Россия,4
2023-10-31,yandex.promopages,Москва,Россия,4
2023-11-07,yandex.promopages,Москва,Россия,4
2023-11-08,yandex.promopages,Санкт-Петербург,Россия,4
2023-12-02,yandex.promopages,Москва,Россия,4
2023-12-03,yandex.promopages,Санкт-Петербург,Россия,4
2023-12-05,yandex.promopages,Москва,Россия,4
2023-12-09,yandex.promopages,Не определено,Россия,4
2023-12-13,yandex.promopages,Не определено,Россия,4
2023-12-15,yandex.promopages,Не определено,Россия,4
2023-12-15,yandex.promopages,Москва,Россия,4
2023-12-17,yandex.promopages,Не определено,Россия,4
2023-12-19,yandex.promopages,Не определено,Россия,4
2023-12-20,yandex.promopages,Не определено,Россия,4
2023-10-26,yandex.promopages,Москва,Россия,3
2023-10-29,yandex.promopages,Санкт-Петербург,Россия,3
2023-11-08,yandex.promopages,Не определено,Россия,3
2023-11-08,yandex.promopages,Москва,Россия,3
2023-11-09,yandex.promopages,Не определено,Россия,3
2023-11-11,yandex.promopages,Москва,Россия,3
2023-11-14,yandex.promopages,Санкт-Петербург,Россия,3
2023-11-24,yandex.promopages,Челябинск,Россия,3
2023-11-28,yandex.promopages,Москва,Россия,3
2023-11-28,yandex.promopages,Санкт-Петербург,Россия,3
2023-12-01,yandex.promopages,Москва,Россия,3
2023-12-01,yandex.promopages,Чебоксары,Россия,3
2023-12-04,yandex.promopages,Нижний Новгород,Россия,3
2023-12-06,yandex.promopages,Санкт-Петербург,Россия,3
2023-12-07,yandex.promopages,Не определено,Россия,3
2023-12-11,yandex.promopages,Не определено,Россия,3
2023-12-11,yandex.promopages,Краснодар,Россия,3
2023-12-14,yandex.promopages,Не определено,Россия,3
2023-12-14,yandex.promopages,Москва,Россия,3
2023-12-16,yandex.promopages,Не определено,Россия,3
2023-12-16,yandex.promopages,Москва,Россия,3
2023-12-16,yandex.promopages,Новосибирск,Россия,3
2023-12-30,yandex.promopages,Симферополь,Россия,3
2023-12-31,yandex.promopages,Москва,Россия,3
2023-12-31,yandex.promopages,Санкт-Петербург,Россия,3
2023-10-25,yandex.promopages,Москва,Россия,2
2023-10-25,yandex.promopages,Саратов,Россия,2
2023-10-28,yandex.promopages,Санкт-Петербург,Россия,2
2023-10-29,yandex.promopages,Новосибирск,Россия,2
2023-10-30,yandex.promopages,Краснодар,Россия,2
2023-10-30,yandex.promopages,Москва,Россия,2
2023-10-30,yandex.promopages,Челябинск,Россия,2
2023-10-31,yandex.promopages,Не определено,Россия,2
2023-11-02,yandex.promopages,Кашира,Россия,2
2023-11-08,yandex.promopages,Краснодар,Россия,2
2023-11-08,yandex.promopages,Тула,Россия,2
2023-11-10,yandex.promopages,Не определено,Россия,2
2023-11-11,yandex.promopages,Новосибирск,Россия,2
2023-11-16,yandex.promopages,Не определено,Россия,2
2023-11-19,yandex.promopages,Не определено,Россия,2
2023-11-20,yandex.promopages,Не определено,Россия,2
2023-11-22,yandex.promopages,Не определено,Россия,2
2023-11-23,yandex.promopages,Не определено,Россия,2
2023-11-29,yandex.promopages,Не определено,Россия,2
2023-11-30,yandex.promopages,Не определено,Россия,2
2023-12-01,yandex.promopages,Новосибирск,Россия,2
2023-12-03,yandex.promopages,Калининград,Россия,2
2023-12-03,yandex.promopages,Москва,Россия,2
2023-12-04,yandex.promopages,Волгоград,Россия,2
2023-12-04,yandex.promopages,Москва,Россия,2
2023-12-05,yandex.promopages,Не определено,Россия,2
2023-12-05,yandex.promopages,Санкт-Петербург,Россия,2
2023-12-06,yandex.promopages,Не определено,Россия,2
2023-12-06,yandex.promopages,Екатеринбург,Россия,2
2023-12-07,yandex.promopages,Екатеринбург,Россия,2
2023-12-07,yandex.promopages,Нижний Новгород,Россия,2
2023-12-07,yandex.promopages,Санкт-Петербург,Россия,2
2023-12-08,yandex.promopages,Москва,Россия,2
2023-12-09,yandex.promopages,Казань,Россия,2
2023-12-10,yandex.promopages,Не определено,Россия,2
2023-12-10,yandex.promopages,Москва,Россия,2
2023-12-12,yandex.promopages,Москва,Россия,2
2023-12-12,yandex.promopages,Новосибирск,Россия,2
2023-12-13,yandex.promopages,Санкт-Петербург,Россия,2
2023-12-13,yandex.promopages,Уфа,Россия,2
2023-12-16,yandex.promopages,Воронеж,Россия,2
2023-12-18,yandex.promopages,Не определено,Россия,2
2023-12-18,yandex.promopages,Краснодар,Россия,2
2023-12-18,yandex.promopages,Красноярск,Россия,2
2023-12-18,yandex.promopages,Москва,Россия,2
2023-12-19,yandex.promopages,Новосибирск,Россия,2
2023-12-20,yandex.promopages,Москва,Россия,2
2023-12-22,yandex.promopages,Санкт-Петербург,Россия,2
2023-12-23,yandex.promopages,Саратов,Россия,2
2023-12-24,yandex.promopages,Не определено,Россия,2
2023-12-28,yandex.promopages,Новокуйбышевск,Россия,2
2023-12-29,yandex.promopages,Екатеринбург,Россия,2
2023-12-29,yandex.promopages,Москва,Россия,2
2023-12-30,yandex.promopages,Не определено,Россия,2
2023-12-30,yandex.promopages,Владимир,Россия,2
2023-12-30,yandex.promopages,Мурманск,Россия,2
2023-12-30,yandex.promopages,Санкт-Петербург,Россия,2
2023-12-30,yandex.promopages,Уфа,Россия,2
2023-12-31,yandex.promopages,Благовещенск,Россия,2
2023-12-31,yandex.promopages,Иваново,Россия,2
2023-10-25,yandex.promopages,Не определено,Россия,1
2023-10-25,yandex.promopages,Видное,Россия,1
2023-10-25,yandex.promopages,Волгоград,Россия,1
2023-10-25,yandex.promopages,Невинномысск,Россия,1
2023-10-25,yandex.promopages,Нижний Новгород,Россия,1
2023-10-25,yandex.promopages,Петропавловск-Камчатский,Россия,1
2023-10-25,yandex.promopages,Сочи,Россия,1
2023-10-26,yandex.promopages,Саратов,Россия,1
2023-10-27,yandex.promopages,Не определено,Россия,1
2023-10-27,yandex.promopages,Анапа,Россия,1
2023-10-27,yandex.promopages,Нижний Новгород,Россия,1
2023-10-27,yandex.promopages,Пятигорск,Россия,1
2023-10-27,yandex.promopages,Санкт-Петербург,Россия,1
2023-10-27,yandex.promopages,Уфа,Россия,1
2023-10-28,yandex.promopages,Благовещенск,Россия,1
2023-10-28,yandex.promopages,Ижевск,Россия,1
2023-10-28,yandex.promopages,Москва,Россия,1
2023-10-28,yandex.promopages,Петропавловск-Камчатский,Россия,1
2023-10-28,yandex.promopages,Тверь,Россия,1
2023-10-29,yandex.promopages,Владивосток,Россия,1
2023-10-29,yandex.promopages,Ставрополь,Россия,1
2023-10-29,yandex.promopages,Челябинск,Россия,1
2023-10-30,yandex.promopages,Белгород,Россия,1
2023-10-30,yandex.promopages,Благовещенск,Россия,1
2023-10-30,yandex.promopages,Казань,Россия,1
2023-10-30,yandex.promopages,Краснотурьинск,Россия,1
2023-10-30,yandex.promopages,Нижний Новгород,Россия,1
2023-10-30,yandex.promopages,Оренбург,Россия,1
2023-10-30,yandex.promopages,Ростов-на-Дону,Россия,1
2023-10-30,yandex.promopages,Санкт-Петербург,Россия,1
2023-10-31,yandex.promopages,Нижний Новгород,Россия,1
2023-10-31,yandex.promopages,Нижний Тагил,Россия,1
2023-10-31,yandex.promopages,Пенза,Россия,1
2023-10-31,yandex.promopages,Пермь,Россия,1
2023-10-31,yandex.promopages,Пятигорск,Россия,1
2023-10-31,yandex.promopages,Сургут,Россия,1
2023-10-31,yandex.promopages,Ульяновск,Россия,1
2023-11-01,yandex.promopages,Челябинск,Россия,1
2023-11-02,yandex.promopages,Не определено,Россия,1
2023-11-04,yandex.promopages,Не определено,Россия,1
2023-11-06,yandex.promopages,Ростов-на-Дону,Россия,1
2023-11-06,yandex.promopages,Уфа,Россия,1
2023-11-07,yandex.promopages,Брянск,Россия,1
2023-11-07,yandex.promopages,Владимир,Россия,1
2023-11-07,yandex.promopages,Волгоград,Россия,1
2023-11-07,yandex.promopages,Воронеж,Россия,1
2023-11-07,yandex.promopages,Ижевск,Россия,1
2023-11-07,yandex.promopages,Краснодар,Россия,1
2023-11-07,yandex.promopages,Новосибирск,Россия,1
2023-11-07,yandex.promopages,Омск,Россия,1
2023-11-08,yandex.promopages,Вологда,Россия,1
2023-11-08,yandex.promopages,Геленджик,Россия,1
2023-11-08,yandex.promopages,Екатеринбург,Россия,1
2023-11-08,yandex.promopages,Ижевск,Россия,1
2023-11-08,yandex.promopages,Новосибирск,Россия,1
2023-11-08,yandex.promopages,Рязань,Россия,1
2023-11-08,yandex.promopages,Самара,Россия,1
2023-11-08,yandex.promopages,Ставрополь,Россия,1
2023-11-08,yandex.promopages,Уфа,Россия,1
2023-11-09,yandex.promopages,Астрахань,Россия,1
2023-11-09,yandex.promopages,Великий Новгород,Россия,1
2023-11-09,yandex.promopages,Екатеринбург,Россия,1
2023-11-09,yandex.promopages,Ижевск,Россия,1
2023-11-09,yandex.promopages,Краснодар,Россия,1
2023-11-09,yandex.promopages,Курск,Россия,1
2023-11-09,yandex.promopages,Междуреченск,Россия,1
2023-11-09,yandex.promopages,Москва,Россия,1
2023-11-09,yandex.promopages,Нижний Новгород,Россия,1
2023-11-09,yandex.promopages,Рязань,Россия,1
2023-11-09,yandex.promopages,Самара,Россия,1
2023-11-09,yandex.promopages,Санкт-Петербург,Россия,1
2023-11-09,yandex.promopages,Саратов,Россия,1
2023-11-10,yandex.promopages,Белогорск,Россия,1
2023-11-10,yandex.promopages,Владивосток,Россия,1
2023-11-10,yandex.promopages,Рязань,Россия,1
2023-11-11,yandex.promopages,Не определено,Россия,1
2023-11-11,yandex.promopages,Иваново,Россия,1
2023-11-11,yandex.promopages,Тамбов,Россия,1
2023-11-12,yandex.promopages,Не определено,Россия,1
2023-11-12,yandex.promopages,Новосибирск,Россия,1
2023-11-12,yandex.promopages,Ростов-на-Дону,Россия,1
2023-11-12,yandex.promopages,Санкт-Петербург,Россия,1
2023-11-12,yandex.promopages,Южно-Сахалинск,Россия,1
2023-11-13,yandex.promopages,Не определено,Россия,1
2023-11-13,yandex.promopages,Казань,Россия,1
2023-11-13,yandex.promopages,Краснодар,Россия,1
2023-11-13,yandex.promopages,Москва,Россия,1
2023-11-13,yandex.promopages,Нальчик,Россия,1
2023-11-13,yandex.promopages,Пятигорск,Россия,1
2023-11-13,yandex.promopages,Санкт-Петербург,Россия,1
2023-11-14,yandex.promopages,Москва,Россия,1
2023-11-14,yandex.promopages,Самара,Россия,1
2023-11-16,yandex.promopages,Барнаул,Россия,1
2023-11-16,yandex.promopages,Новокузнецк,Россия,1
2023-11-17,yandex.promopages,Минск,Беларусь,1
2023-11-17,yandex.promopages,Хельсинки,Финляндия,1
2023-11-18,yandex.promopages,Не определено,Россия,1
2023-11-18,yandex.promopages,Москва,Россия,1
2023-11-19,yandex.promopages,Воронеж,Россия,1
2023-11-19,yandex.promopages,Нижний Новгород,Россия,1
2023-11-19,yandex.promopages,Новосибирск,Россия,1
2023-11-19,yandex.promopages,Орёл,Россия,1
2023-11-19,yandex.promopages,Ставрополь,Россия,1
2023-11-19,yandex.promopages,Таганрог,Россия,1
2023-11-20,yandex.promopages,Москва,Россия,1
2023-11-21,yandex.promopages,Не определено,Россия,1
2023-11-21,yandex.promopages,Москва,Россия,1
2023-11-22,yandex.promopages,Екатеринбург,Россия,1
2023-11-22,yandex.promopages,Пермь,Россия,1
2023-11-22,yandex.promopages,Смоленск,Россия,1
2023-11-22,yandex.promopages,Чебоксары,Россия,1
2023-11-22,yandex.promopages,Чита,Россия,1
2023-11-23,yandex.promopages,Екатеринбург,Россия,1
2023-11-23,yandex.promopages,Иркутск,Россия,1
2023-11-23,yandex.promopages,Москва,Россия,1
2023-11-23,yandex.promopages,Ставрополь,Россия,1
2023-11-23,yandex.promopages,Хабаровск,Россия,1
2023-11-23,yandex.promopages,Челябинск,Россия,1
2023-11-24,yandex.promopages,Не определено,Россия,1
2023-11-24,yandex.promopages,Казань,Россия,1
2023-11-24,yandex.promopages,Красноярск,Россия,1
2023-11-25,yandex.promopages,Владивосток,Россия,1
2023-11-25,yandex.promopages,Екатеринбург,Россия,1
2023-11-25,yandex.promopages,Москва,Россия,1
2023-11-25,yandex.promopages,Новосибирск,Россия,1
2023-11-26,yandex.promopages,Не определено,Не определено,1
2023-11-26,yandex.promopages,Не определено,Россия,1
2023-11-26,yandex.promopages,Волгоград,Россия,1
2023-11-26,yandex.promopages,Санкт-Петербург,Россия,1
2023-11-26,yandex.promopages,Чебоксары,Россия,1
2023-11-27,yandex.promopages,Красноярск,Россия,1
2023-11-27,yandex.promopages,Омск,Россия,1
2023-11-27,yandex.promopages,Санкт-Петербург,Россия,1
2023-11-27,yandex.promopages,Ульяновск,Россия,1
2023-11-28,yandex.promopages,Не определено,Россия,1
2023-11-28,yandex.promopages,Екатеринбург,Россия,1
2023-11-28,yandex.promopages,Красноярск,Россия,1
2023-11-28,yandex.promopages,Нижний Новгород,Россия,1
2023-11-28,yandex.promopages,Новосибирск,Россия,1
2023-11-28,yandex.promopages,Пенза,Россия,1
2023-11-28,yandex.promopages,Якутск,Россия,1
2023-11-29,yandex.promopages,Не определено,США,1
2023-11-29,yandex.promopages,Губкин,Россия,1
2023-11-29,yandex.promopages,Калининград,Россия,1
2023-11-29,yandex.promopages,Москва,Россия,1
2023-11-29,yandex.promopages,Нижний Новгород,Россия,1
2023-11-30,yandex.promopages,Волгоград,Россия,1
2023-11-30,yandex.promopages,Москва,Россия,1
2023-11-30,yandex.promopages,Нижний Новгород,Россия,1
2023-11-30,yandex.promopages,Пенза,Россия,1
2023-11-30,yandex.promopages,Пятигорск,Россия,1
2023-11-30,yandex.promopages,Санкт-Петербург,Россия,1
2023-11-30,yandex.promopages,Чебоксары,Россия,1
2023-12-01,yandex.promopages,Екатеринбург,Россия,1
2023-12-01,yandex.promopages,Иркутск,Россия,1
2023-12-01,yandex.promopages,Казань,Россия,1
2023-12-01,yandex.promopages,Краснодар,Россия,1
2023-12-01,yandex.promopages,Самара,Россия,1
2023-12-01,yandex.promopages,Сургут,Россия,1
2023-12-01,yandex.promopages,Ульяновск,Россия,1
2023-12-01,yandex.promopages,Хабаровск,Россия,1
2023-12-02,yandex.promopages,Не определено,Россия,1
2023-12-02,yandex.promopages,Воронеж,Россия,1
2023-12-02,yandex.promopages,Домодедово,Россия,1
2023-12-02,yandex.promopages,Екатеринбург,Россия,1
2023-12-02,yandex.promopages,Калининград,Россия,1
2023-12-02,yandex.promopages,Курск,Россия,1
2023-12-02,yandex.promopages,Набережные Челны,Россия,1
2023-12-02,yandex.promopages,Оренбург,Россия,1
2023-12-03,yandex.promopages,Астрахань,Россия,1
2023-12-03,yandex.promopages,Волгоград,Россия,1
2023-12-03,yandex.promopages,Воронеж,Россия,1
2023-12-03,yandex.promopages,Казань,Россия,1
2023-12-03,yandex.promopages,Орёл,Россия,1
2023-12-03,yandex.promopages,Смоленск,Россия,1
2023-12-03,yandex.promopages,Череповец,Россия,1
2023-12-04,yandex.promopages,Воскресенск,Россия,1
2023-12-04,yandex.promopages,Елизово,Россия,1
2023-12-04,yandex.promopages,Краснодар,Россия,1
2023-12-04,yandex.promopages,Южно-Сахалинск,Россия,1
2023-12-04,yandex.promopages,Якутск,Россия,1
2023-12-05,yandex.promopages,Арзамас,Россия,1
2023-12-05,yandex.promopages,Домодедово,Россия,1
2023-12-05,yandex.promopages,Красноярск,Россия,1
2023-12-05,yandex.promopages,Майкоп,Россия,1
2023-12-05,yandex.promopages,Нижний Новгород,Россия,1
2023-12-05,yandex.promopages,Новосибирск,Россия,1
2023-12-05,yandex.promopages,Обнинск,Россия,1
2023-12-05,yandex.promopages,Пермь,Россия,1
2023-12-05,yandex.promopages,Чебоксары,Россия,1
2023-12-05,yandex.promopages,Челябинск,Россия,1
2023-12-06,yandex.promopages,Не определено,Германия,1
2023-12-06,yandex.promopages,Барнаул,Россия,1
2023-12-06,yandex.promopages,Воронеж,Россия,1
2023-12-06,yandex.promopages,Домодедово,Россия,1
2023-12-06,yandex.promopages,Казань,Россия,1
2023-12-06,yandex.promopages,Москва,Россия,1
2023-12-06,yandex.promopages,Новосибирск,Россия,1
2023-12-06,yandex.promopages,Пермь,Россия,1
2023-12-06,yandex.promopages,Химки,Россия,1
2023-12-07,yandex.promopages,Ижевск,Россия,1
2023-12-07,yandex.promopages,Иркутск,Россия,1
2023-12-07,yandex.promopages,Казань,Россия,1
2023-12-07,yandex.promopages,Миасс,Россия,1
2023-12-07,yandex.promopages,Самара,Россия,1
2023-12-07,yandex.promopages,Ставрополь,Россия,1
2023-12-07,yandex.promopages,Челябинск,Россия,1
2023-12-08,yandex.promopages,Екатеринбург,Россия,1
2023-12-08,yandex.promopages,Калининград,Россия,1
2023-12-08,yandex.promopages,Краснодар,Россия,1
2023-12-08,yandex.promopages,Новосибирск,Россия,1
2023-12-08,yandex.promopages,Самара,Россия,1
2023-12-08,yandex.promopages,Уссурийск,Россия,1
2023-12-09,yandex.promopages,Москва,Россия,1
2023-12-09,yandex.promopages,Хабаровск,Россия,1
2023-12-10,yandex.promopages,Барнаул,Россия,1
2023-12-10,yandex.promopages,Благовещенск,Россия,1
2023-12-10,yandex.promopages,Казань,Россия,1
2023-12-10,yandex.promopages,Нижний Новгород,Россия,1
2023-12-10,yandex.promopages,Пенза,Россия,1
2023-12-10,yandex.promopages,Рязань,Россия,1
2023-12-10,yandex.promopages,Самара,Россия,1
2023-12-10,yandex.promopages,Усть-Илимск,Россия,1
2023-12-10,yandex.promopages,Чита,Россия,1
2023-12-11,yandex.promopages,Барнаул,Россия,1
2023-12-11,yandex.promopages,Екатеринбург,Россия,1
2023-12-11,yandex.promopages,Магнитогорск,Россия,1
2023-12-11,yandex.promopages,Нижнекамск,Россия,1
2023-12-11,yandex.promopages,Пермь,Россия,1
2023-12-11,yandex.promopages,Ростов-на-Дону,Россия,1
2023-12-11,yandex.promopages,Санкт-Петербург,Россия,1
2023-12-11,yandex.promopages,Топки,Россия,1
2023-12-11,yandex.promopages,Туймазы,Россия,1
2023-12-11,yandex.promopages,Тюмень,Россия,1
2023-12-11,yandex.promopages,Усолье-Сибирское,Россия,1
2023-12-12,yandex.promopages,Казань,Россия,1
2023-12-12,yandex.promopages,Омск,Россия,1
2023-12-12,yandex.promopages,Саратов,Россия,1
2023-12-12,yandex.promopages,Сочи,Россия,1
2023-12-12,yandex.promopages,Тверь,Россия,1
2023-12-12,yandex.promopages,Челябинск,Россия,1
2023-12-13,yandex.promopages,Аксай,Россия,1
2023-12-13,yandex.promopages,Бийск,Россия,1
2023-12-13,yandex.promopages,Воронеж,Россия,1
2023-12-13,yandex.promopages,Домодедово,Россия,1
2023-12-13,yandex.promopages,Ижевск,Россия,1
2023-12-13,yandex.promopages,Красноярск,Россия,1
2023-12-13,yandex.promopages,Курск,Россия,1
2023-12-13,yandex.promopages,Москва,Россия,1
2023-12-13,yandex.promopages,Новороссийск,Россия,1
2023-12-14,yandex.promopages,Домодедово,Россия,1
2023-12-14,yandex.promopages,Йошкар-Ола,Россия,1
2023-12-14,yandex.promopages,Нижний Новгород,Россия,1
2023-12-14,yandex.promopages,Новосибирск,Россия,1
2023-12-14,yandex.promopages,Ростов-на-Дону,Россия,1
2023-12-15,yandex.promopages,Всеволожск,Россия,1
2023-12-15,yandex.promopages,Кемерово,Россия,1
2023-12-15,yandex.promopages,Нижний Новгород,Россия,1
2023-12-15,yandex.promopages,Омутнинск,Россия,1
2023-12-15,yandex.promopages,Ростов-на-Дону,Россия,1
2023-12-15,yandex.promopages,Санкт-Петербург,Россия,1
2023-12-15,yandex.promopages,Саратов,Россия,1
2023-12-15,yandex.promopages,Хофхайм-ам-Таунус,Германия,1
2023-12-16,yandex.promopages,Александров,Россия,1
2023-12-16,yandex.promopages,Архангельск,Россия,1
2023-12-16,yandex.promopages,Петрозаводск,Россия,1
2023-12-16,yandex.promopages,Самара,Россия,1
2023-12-16,yandex.promopages,Санкт-Петербург,Россия,1
2023-12-16,yandex.promopages,Томск,Россия,1
2023-12-16,yandex.promopages,Якутск,Россия,1
2023-12-16,yandex.promopages,Ярославль,Россия,1
2023-12-17,yandex.promopages,Владивосток,Россия,1
2023-12-17,yandex.promopages,Краснодар,Россия,1
2023-12-17,yandex.promopages,Москва,Россия,1
2023-12-17,yandex.promopages,Мурманск,Россия,1
2023-12-17,yandex.promopages,Санкт-Петербург,Россия,1
2023-12-18,yandex.promopages,Алапаевск,Россия,1
2023-12-18,yandex.promopages,Волгоград,Россия,1
2023-12-18,yandex.promopages,Геленджик,Россия,1
2023-12-18,yandex.promopages,Нижний Новгород,Россия,1
2023-12-18,yandex.promopages,Новосибирск,Россия,1
2023-12-18,yandex.promopages,Озёрск,Россия,1
2023-12-18,yandex.promopages,Самара,Россия,1
2023-12-18,yandex.promopages,Чита,Россия,1
2023-12-19,yandex.promopages,Астрахань,Россия,1
2023-12-19,yandex.promopages,Балаково,Россия,1
2023-12-19,yandex.promopages,Воронеж,Россия,1
2023-12-19,yandex.promopages,Краснодар,Россия,1
2023-12-19,yandex.promopages,Минеральные Воды,Россия,1
2023-12-19,yandex.promopages,Москва,Россия,1
2023-12-19,yandex.promopages,Нижний Новгород,Россия,1
2023-12-19,yandex.promopages,Новокузнецк,Россия,1
2023-12-19,yandex.promopages,Оренбург,Россия,1
2023-12-19,yandex.promopages,Санкт-Петербург,Россия,1
2023-12-20,yandex.promopages,Воронеж,Россия,1
2023-12-20,yandex.promopages,Екатеринбург,Россия,1
2023-12-20,yandex.promopages,Калининград,Россия,1
2023-12-20,yandex.promopages,Краснодар,Россия,1
2023-12-20,yandex.promopages,Новосибирск,Россия,1
2023-12-20,yandex.promopages,Омск,Россия,1
2023-12-20,yandex.promopages,Томск,Россия,1
2023-12-20,yandex.promopages,Тула,Россия,1
2023-12-21,yandex.promopages,Не определено,Россия,1
2023-12-22,yandex.promopages,Не определено,Россия,1
2023-12-22,yandex.promopages,Владимир,Россия,1
2023-12-22,yandex.promopages,Москва,Россия,1
2023-12-22,yandex.promopages,Челябинск,Россия,1
2023-12-23,yandex.promopages,Алупка,Россия,1
2023-12-23,yandex.promopages,Уфа,Россия,1
2023-12-24,yandex.promopages,Керчь,Россия,1
2023-12-24,yandex.promopages,Краснодар,Россия,1
2023-12-24,yandex.promopages,Петрозаводск,Россия,1
2023-12-26,yandex.promopages,Великий Новгород,Россия,1
2023-12-26,yandex.promopages,Нижний Новгород,Россия,1
2023-12-27,yandex.promopages,Не определено,Россия,1
2023-12-27,yandex.promopages,Нижний Новгород,Россия,1
2023-12-28,yandex.promopages,Белгород,Россия,1
2023-12-28,yandex.promopages,Пятигорск,Россия,1
2023-12-29,yandex.promopages,Не определено,Не определено,1
2023-12-29,yandex.promopages,Благовещенск,Россия,1
2023-12-29,yandex.promopages,Калуга,Россия,1
2023-12-29,yandex.promopages,Киров,Россия,1
2023-12-29,yandex.promopages,Краснодар,Россия,1
2023-12-29,yandex.promopages,Мурино,Россия,1
2023-12-29,yandex.promopages,Новосибирск,Россия,1
2023-12-29,yandex.promopages,Ростов-на-Дону,Россия,1
2023-12-29,yandex.promopages,Санкт-Петербург,Россия,1
2023-12-29,yandex.promopages,Смоленск,Россия,1
2023-12-29,yandex.promopages,Ставрополь,Россия,1
2023-12-29,yandex.promopages,Томск,Россия,1
2023-12-29,yandex.promopages,Тула,Россия,1
2023-12-29,yandex.promopages,Хабаровск,Россия,1
2023-12-29,yandex.promopages,Челябинск,Россия,1
2023-12-30,yandex.promopages,Не определено,Не определено,1
2023-12-30,yandex.promopages,Владивосток,Россия,1
2023-12-30,yandex.promopages,Воронеж,Россия,1
2023-12-30,yandex.promopages,Екатеринбург,Россия,1
2023-12-30,yandex.promopages,Курган,Россия,1
2023-12-30,yandex.promopages,Москва,Россия,1
2023-12-30,yandex.promopages,Нижний Новгород,Россия,1
2023-12-30,yandex.promopages,Новосибирск,Россия,1
2023-12-30,yandex.promopages,Самара,Россия,1
2023-12-30,yandex.promopages,Сочи,Россия,1
2023-12-30,yandex.promopages,Ставрополь,Россия,1
2023-12-30,yandex.promopages,Ухта,Россия,1
2023-12-31,yandex.promopages,Не определено,Не определено,1
2023-12-31,yandex.promopages,Брест,Беларусь,1
2023-12-31,yandex.promopages,Калтан,Россия,1
2023-12-31,yandex.promopages,Пенза,Россия,1
2023-12-31,yandex.promopages,Рязань,Россия,1
2023-12-31,yandex.promopages,Туапсе,Россия,1
2023-12-31,yandex.promopages,Челябинск,Россия,1
2024-01-26,yandex.promopages,Не определено,Россия,12
2024-03-31,yandex.promopages,Не определено,Россия,12
2024-01-04,yandex.promopages,Не определено,Россия,10
2024-01-03,yandex.promopages,Не определено,Россия,8
2024-01-10,yandex.promopages,Не определено,Россия,8
2024-02-17,yandex.promopages,Не определено,Россия,8
2024-03-24,yandex.promopages,Не определено,Россия,8
2024-01-17,yandex.promopages,Не определено,Россия,7
2024-01-23,yandex.promopages,Не определено,Россия,7
2024-01-25,yandex.promopages,Не определено,Россия,7
2024-03-30,yandex.promopages,Не определено,Россия,7
2024-03-31,yandex.promopages,Москва,Россия,7
2024-01-05,yandex.promopages,Не определено,Россия,6
2024-01-05,yandex.promopages,Екатеринбург,Россия,6
2024-01-12,yandex.promopages,Не определено,Россия,6
2024-01-16,yandex.promopages,Не определено,Россия,6
2024-01-29,yandex.promopages,Москва,Россия,6
2024-01-31,yandex.promopages,Не определено,Россия,6
2024-02-28,yandex.promopages,Не определено,Россия,6
2024-03-12,yandex.promopages,Москва,Россия,6
2024-03-16,yandex.promopages,Не определено,Россия,6
2024-03-21,yandex.promopages,Не определено,Россия,6
2024-03-28,yandex.promopages,Не определено,Россия,6
2024-03-30,yandex.promopages,Москва,Россия,6
2024-01-14,yandex.promopages,Не определено,Россия,5
2024-01-15,yandex.promopages,Не определено,Россия,5
2024-02-01,yandex.promopages,Не определено,Россия,5
2024-02-19,yandex.promopages,Не определено,Россия,5
2024-02-19,yandex.promopages,Москва,Россия,5
2024-02-23,yandex.promopages,Не определено,Россия,5
2024-02-28,yandex.promopages,Липецк,Россия,5
2024-03-13,yandex.promopages,Не определено,Россия,5
2024-03-23,yandex.promopages,Не определено,Россия,5
2024-01-01,yandex.promopages,Не определено,Россия,4
2024-01-04,yandex.promopages,Нижний Новгород,Россия,4
2024-01-10,yandex.promopages,Санкт-Петербург,Россия,4
2024-01-10,yandex.promopages,Челябинск,Россия,4
2024-01-11,yandex.promopages,Не определено,Россия,4
2024-01-16,yandex.promopages,Москва,Россия,4
2024-01-19,yandex.promopages,Не определено,Россия,4
2024-01-24,yandex.promopages,Не определено,Россия,4
2024-01-24,yandex.promopages,Москва,Россия,4
2024-01-26,yandex.promopages,Москва,Россия,4
2024-02-15,yandex.promopages,Москва,Россия,4
2024-02-27,yandex.promopages,Москва,Россия,4
2024-02-29,yandex.promopages,Не определено,Россия,4
2024-02-29,yandex.promopages,Екатеринбург,Россия,4
2024-03-12,yandex.promopages,Не определено,Россия,4
2024-03-13,yandex.promopages,Москва,Россия,4
2024-03-14,yandex.promopages,Не определено,Россия,4
2024-03-17,yandex.promopages,Не определено,Россия,4
2024-03-19,yandex.promopages,Не определено,Россия,4
2024-03-21,yandex.promopages,Москва,Россия,4
2024-03-22,yandex.promopages,Москва,Россия,4
2024-03-29,yandex.promopages,Не определено,Россия,4
2024-01-01,yandex.promopages,Москва,Россия,3
2024-01-01,yandex.promopages,Пермь,Россия,3
2024-01-02,yandex.promopages,Краснодар,Россия,3
2024-01-16,yandex.promopages,Самара,Россия,3
2024-01-18,yandex.promopages,Не определено,Россия,3
2024-01-20,yandex.promopages,Не определено,Россия,3
2024-01-22,yandex.promopages,Не определено,Россия,3
2024-01-25,yandex.promopages,Москва,Россия,3
2024-01-25,yandex.promopages,Санкт-Петербург,Россия,3
2024-01-29,yandex.promopages,Не определено,Россия,3
2024-02-01,yandex.promopages,Москва,Россия,3
2024-02-15,yandex.promopages,Не определено,Россия,3
2024-02-16,yandex.promopages,Красноярск,Россия,3
2024-02-18,yandex.promopages,Не определено,Россия,3
2024-02-20,yandex.promopages,Не определено,Россия,3
2024-02-20,yandex.promopages,Москва,Россия,3
2024-02-21,yandex.promopages,Не определено,Россия,3
2024-02-23,yandex.promopages,Москва,Россия,3
2024-02-26,yandex.promopages,Не определено,Россия,3
2024-02-26,yandex.promopages,Москва,Россия,3
2024-03-15,yandex.promopages,Не определено,Россия,3
2024-03-18,yandex.promopages,Москва,Россия,3
2024-03-19,yandex.promopages,Москва,Россия,3
2024-03-20,yandex.promopages,Не определено,Россия,3
2024-01-02,yandex.promopages,Москва,Россия,2
2024-01-02,yandex.promopages,Санкт-Петербург,Россия,2
2024-01-02,yandex.promopages,Саратов,Россия,2
2024-01-03,yandex.promopages,Санкт-Петербург,Россия,2
2024-01-04,yandex.promopages,Орёл,Россия,2
2024-01-04,yandex.promopages,Ростов-на-Дону,Россия,2
2024-01-04,yandex.promopages,Челябинск,Россия,2
2024-01-09,yandex.promopages,Не определено,Россия,2
2024-01-11,yandex.promopages,Екатеринбург,Россия,2
2024-01-11,yandex.promopages,Казань,Россия,2
2024-01-11,yandex.promopages,Санкт-Петербург,Россия,2
2024-01-13,yandex.promopages,Не определено,Россия,2
2024-01-14,yandex.promopages,Саратов,Россия,2
2024-01-15,yandex.promopages,Ростов-на-Дону,Россия,2
2024-01-15,yandex.promopages,Самара,Россия,2
2024-01-16,yandex.promopages,Новосибирск,Россия,2
2024-01-16,yandex.promopages,Пенза,Россия,2
2024-01-16,yandex.promopages,Ростов-на-Дону,Россия,2
2024-01-17,yandex.promopages,Екатеринбург,Россия,2
2024-01-17,yandex.promopages,Нижний Новгород,Россия,2
2024-01-17,yandex.promopages,Уфа,Россия,2
2024-01-18,yandex.promopages,Санкт-Петербург,Россия,2
2024-01-19,yandex.promopages,Москва,Россия,2
2024-01-19,yandex.promopages,Санкт-Петербург,Россия,2
2024-01-20,yandex.promopages,Москва,Россия,2
2024-01-21,yandex.promopages,Астрахань,Россия,2
2024-01-21,yandex.promopages,Москва,Россия,2
2024-01-22,yandex.promopages,Азов,Россия,2
2024-01-22,yandex.promopages,Москва,Россия,2
2024-01-22,yandex.promopages,Нижний Новгород,Россия,2
2024-01-23,yandex.promopages,Санкт-Петербург,Россия,2
2024-01-26,yandex.promopages,Черепаново,Россия,2
2024-01-30,yandex.promopages,Барнаул,Россия,2
2024-01-30,yandex.promopages,Москва,Россия,2
2024-01-30,yandex.promopages,Прокопьевск,Россия,2
2024-01-30,yandex.promopages,Черепаново,Россия,2
2024-01-30,yandex.promopages,Якутск,Россия,2
2024-01-31,yandex.promopages,Москва,Россия,2
2024-02-01,yandex.promopages,Черепаново,Россия,2
2024-02-14,yandex.promopages,Черепаново,Россия,2
2024-02-15,yandex.promopages,Вологда,Россия,2
2024-02-17,yandex.promopages,Санкт-Петербург,Россия,2
2024-02-17,yandex.promopages,Чита,Россия,2
2024-02-18,yandex.promopages,Москва,Россия,2
2024-02-18,yandex.promopages,Уфа,Россия,2
2024-02-19,yandex.promopages,Екатеринбург,Россия,2
2024-02-20,yandex.promopages,Самара,Россия,2
2024-02-20,yandex.promopages,Санкт-Петербург,Россия,2
2024-02-21,yandex.promopages,Ставрополь,Россия,2
2024-02-21,yandex.promopages,Челябинск,Россия,2
2024-02-22,yandex.promopages,Не определено,Россия,2
2024-02-22,yandex.promopages,Екатеринбург,Россия,2
2024-02-22,yandex.promopages,Санкт-Петербург,Россия,2
2024-02-26,yandex.promopages,Санкт-Петербург,Россия,2
2024-02-27,yandex.promopages,Санкт-Петербург,Россия,2
2024-02-28,yandex.promopages,Санкт-Петербург,Россия,2
2024-02-29,yandex.promopages,Домодедово,Россия,2
2024-02-29,yandex.promopages,Краснодар,Россия,2
2024-02-29,yandex.promopages,Москва,Россия,2
2024-02-29,yandex.promopages,Тюмень,Россия,2
2024-03-11,yandex.promopages,Не определено,Россия,2
2024-03-11,yandex.promopages,Москва,Россия,2
2024-03-12,yandex.promopages,Брянск,Россия,2
2024-03-12,yandex.promopages,Красноярск,Россия,2
2024-03-13,yandex.promopages,Новосибирск,Россия,2
2024-03-14,yandex.promopages,Уфа,Россия,2
2024-03-15,yandex.promopages,Москва,Россия,2
2024-03-15,yandex.promopages,Нижний Новгород,Россия,2
2024-03-15,yandex.promopages,Санкт-Петербург,Россия,2
2024-03-15,yandex.promopages,Якутск,Россия,2
2024-03-16,yandex.promopages,Волгоград,Россия,2
2024-03-16,yandex.promopages,Иркутск,Россия,2
2024-03-16,yandex.promopages,Санкт-Петербург,Россия,2
2024-03-18,yandex.promopages,Не определено,Россия,2
2024-03-18,yandex.promopages,Санкт-Петербург,Россия,2
2024-03-19,yandex.promopages,Екатеринбург,Россия,2
2024-03-19,yandex.promopages,Ижевск,Россия,2
2024-03-20,yandex.promopages,Краснодар,Россия,2
2024-03-20,yandex.promopages,Москва,Россия,2
2024-03-22,yandex.promopages,Волгоград,Россия,2
2024-03-22,yandex.promopages,Санкт-Петербург,Россия,2
2024-03-23,yandex.promopages,Екатеринбург,Россия,2
2024-03-23,yandex.promopages,Нижний Новгород,Россия,2
2024-03-23,yandex.promopages,Новосибирск,Россия,2
2024-03-25,yandex.promopages,Не определено,Россия,2
2024-03-27,yandex.promopages,Не определено,Россия,2
2024-03-28,yandex.promopages,Москва,Россия,2
2024-03-29,yandex.promopages,Санкт-Петербург,Россия,2
2024-03-31,yandex.promopages,Краснодар,Россия,2
2024-03-31,yandex.promopages,Санкт-Петербург,Россия,2
2024-01-01,yandex.promopages,Барнаул,Россия,1
2024-01-01,yandex.promopages,Воронеж,Россия,1
2024-01-01,yandex.promopages,Майкоп,Россия,1
2024-01-01,yandex.promopages,Махачкала,Россия,1
2024-01-01,yandex.promopages,Оренбург,Россия,1
2024-01-01,yandex.promopages,Ростов-на-Дону,Россия,1
2024-01-01,yandex.promopages,Самара,Россия,1
2024-01-01,yandex.promopages,Санкт-Петербург,Россия,1
2024-01-01,yandex.promopages,Ставрополь,Россия,1
2024-01-01,yandex.promopages,Челябинск,Россия,1
2024-01-02,yandex.promopages,Не определено,Россия,1
2024-01-02,yandex.promopages,Белово,Россия,1
2024-01-02,yandex.promopages,Боровичи,Россия,1
2024-01-02,yandex.promopages,Воронеж,Россия,1
2024-01-02,yandex.promopages,Киров,Россия,1
2024-01-02,yandex.promopages,Ставрополь,Россия,1
2024-01-02,yandex.promopages,Элиста,Россия,1
2024-01-02,yandex.promopages,Ярославль,Россия,1
2024-01-03,yandex.promopages,Апшеронск,Россия,1
2024-01-03,yandex.promopages,Домодедово,Россия,1
2024-01-03,yandex.promopages,Иркутск,Россия,1
2024-01-03,yandex.promopages,Краснодар,Россия,1
2024-01-03,yandex.promopages,Липецк,Россия,1
2024-01-03,yandex.promopages,Москва,Россия,1
2024-01-03,yandex.promopages,Новокузнецк,Россия,1
2024-01-03,yandex.promopages,Пермь,Россия,1
2024-01-03,yandex.promopages,Ростов-на-Дону,Россия,1
2024-01-03,yandex.promopages,Смоленск,Россия,1
2024-01-03,yandex.promopages,Ставрополь,Россия,1
2024-01-03,yandex.promopages,Стерлитамак,Россия,1
2024-01-03,yandex.promopages,Тольятти,Россия,1
2024-01-03,yandex.promopages,Тула,Россия,1
2024-01-03,yandex.promopages,Челябинск,Россия,1
2024-01-03,yandex.promopages,Ярославль,Россия,1
2024-01-04,yandex.promopages,Благовещенск,Россия,1
2024-01-04,yandex.promopages,Владикавказ,Россия,1
2024-01-04,yandex.promopages,Волгоград,Россия,1
2024-01-04,yandex.promopages,Железногорск,Россия,1
2024-01-04,yandex.promopages,Иркутск,Россия,1
2024-01-04,yandex.promopages,Коломна,Россия,1
2024-01-04,yandex.promopages,Краснодар,Россия,1
2024-01-04,yandex.promopages,Курган,Россия,1
2024-01-04,yandex.promopages,Новосибирск,Россия,1
2024-01-04,yandex.promopages,Пенза,Россия,1
2024-01-04,yandex.promopages,Севастополь,Россия,1
2024-01-04,yandex.promopages,Тольятти,Россия,1
2024-01-04,yandex.promopages,Чехов,Россия,1
2024-01-04,yandex.promopages,Якутск,Россия,1
2024-01-05,yandex.promopages,Барнаул,Россия,1
2024-01-05,yandex.promopages,Калуга,Россия,1
2024-01-05,yandex.promopages,Краснодар,Россия,1
2024-01-05,yandex.promopages,Москва,Россия,1
2024-01-05,yandex.promopages,Новокузнецк,Россия,1
2024-01-05,yandex.promopages,Саратов,Россия,1
2024-01-05,yandex.promopages,Уфа,Россия,1
2024-01-06,yandex.promopages,Благовещенск,Россия,1
2024-01-06,yandex.promopages,Екатеринбург,Россия,1
2024-01-09,yandex.promopages,Киров,Россия,1
2024-01-09,yandex.promopages,Пенза,Россия,1
2024-01-09,yandex.promopages,Санкт-Петербург,Россия,1
2024-01-09,yandex.promopages,Чита,Россия,1
2024-01-10,yandex.promopages,Астрахань,Россия,1
2024-01-10,yandex.promopages,Ижевск,Россия,1
2024-01-10,yandex.promopages,Иркутск,Россия,1
2024-01-10,yandex.promopages,Красноярск,Россия,1
2024-01-10,yandex.promopages,Кызыл,Россия,1
2024-01-10,yandex.promopages,Молодечно,Беларусь,1
2024-01-10,yandex.promopages,Москва,Россия,1
2024-01-10,yandex.promopages,Мурманск,Россия,1
2024-01-10,yandex.promopages,Нижний Новгород,Россия,1
2024-01-10,yandex.promopages,Омск,Россия,1
2024-01-10,yandex.promopages,Орёл,Россия,1
2024-01-10,yandex.promopages,Самара,Россия,1
2024-01-10,yandex.promopages,Симферополь,Россия,1
2024-01-10,yandex.promopages,Ставрополь,Россия,1
2024-01-10,yandex.promopages,Тверь,Россия,1
2024-01-10,yandex.promopages,Уфа,Россия,1
2024-01-11,yandex.promopages,Абакан,Россия,1
2024-01-11,yandex.promopages,Биробиджан,Россия,1
2024-01-11,yandex.promopages,Липецк,Россия,1
2024-01-11,yandex.promopages,Москва,Россия,1
2024-01-11,yandex.promopages,Омск,Россия,1
2024-01-11,yandex.promopages,Самара,Россия,1
2024-01-11,yandex.promopages,Старый Оскол,Россия,1
2024-01-11,yandex.promopages,Уфа,Россия,1
2024-01-11,yandex.promopages,Черепаново,Россия,1
2024-01-11,yandex.promopages,Южно-Сахалинск,Россия,1
2024-01-12,yandex.promopages,Улан-Удэ,Россия,1
2024-01-12,yandex.promopages,Уфа,Россия,1
2024-01-12,yandex.promopages,Чита,Россия,1
2024-01-13,yandex.promopages,Донской,Россия,1
2024-01-13,yandex.promopages,Курск,Россия,1
2024-01-13,yandex.promopages,Москва,Россия,1
2024-01-13,yandex.promopages,Находка,Россия,1
2024-01-13,yandex.promopages,Раменское,Россия,1
2024-01-13,yandex.promopages,Ростов-на-Дону,Россия,1
2024-01-14,yandex.promopages,Астрахань,Россия,1
2024-01-14,yandex.promopages,Москва,Россия,1
2024-01-14,yandex.promopages,Омск,Россия,1
2024-01-14,yandex.promopages,Пенза,Россия,1
2024-01-14,yandex.promopages,Санкт-Петербург,Россия,1
2024-01-15,yandex.promopages,Волгоград,Россия,1
2024-01-15,yandex.promopages,Москва,Россия,1
2024-01-15,yandex.promopages,Санкт-Петербург,Россия,1
2024-01-16,yandex.promopages,Армавир,Россия,1
2024-01-16,yandex.promopages,Белгород,Россия,1
2024-01-16,yandex.promopages,Брянск,Россия,1
2024-01-16,yandex.promopages,Владимир,Россия,1
2024-01-16,yandex.promopages,Иркутск,Россия,1
2024-01-16,yandex.promopages,Йошкар-Ола,Россия,1
2024-01-16,yandex.promopages,Казань,Россия,1
2024-01-16,yandex.promopages,Калуга,Россия,1
2024-01-16,yandex.promopages,Магадан,Россия,1
2024-01-16,yandex.promopages,Мурманск,Россия,1
2024-01-16,yandex.promopages,Новороссийск,Россия,1
2024-01-16,yandex.promopages,Санкт-Петербург,Россия,1
2024-01-16,yandex.promopages,Сарапул,Россия,1
2024-01-16,yandex.promopages,Смоленск,Россия,1
2024-01-16,yandex.promopages,Уфа,Россия,1
2024-01-16,yandex.promopages,Ярославль,Россия,1
2024-01-17,yandex.promopages,Армавир,Россия,1
2024-01-17,yandex.promopages,Волгоград,Россия,1
2024-01-17,yandex.promopages,Ишимбай,Россия,1
2024-01-17,yandex.promopages,Краснодар,Россия,1
2024-01-17,yandex.promopages,Красноярск,Россия,1
2024-01-17,yandex.promopages,Лениногорск,Россия,1
2024-01-17,yandex.promopages,Москва,Россия,1
2024-01-17,yandex.promopages,Новокузнецк,Россия,1
2024-01-17,yandex.promopages,Пермь,Россия,1
2024-01-17,yandex.promopages,Санкт-Петербург,Россия,1
2024-01-17,yandex.promopages,Среднеуральск,Россия,1
2024-01-17,yandex.promopages,Стерлитамак,Россия,1
2024-01-17,yandex.promopages,Челябинск,Россия,1
2024-01-17,yandex.promopages,Якутск,Россия,1
2024-01-18,yandex.promopages,Воронеж,Россия,1
2024-01-18,yandex.promopages,Екатеринбург,Россия,1
2024-01-18,yandex.promopages,Иркутск,Россия,1
2024-01-18,yandex.promopages,Калининград,Россия,1
2024-01-18,yandex.promopages,Липецк,Россия,1
2024-01-18,yandex.promopages,Невинномысск,Россия,1
2024-01-18,yandex.promopages,Раменское,Россия,1
2024-01-18,yandex.promopages,Тольятти,Россия,1
2024-01-18,yandex.promopages,Чебоксары,Россия,1
2024-01-18,yandex.promopages,Чехов,Россия,1
2024-01-18,yandex.promopages,Элиста,Россия,1
2024-01-19,yandex.promopages,Астрахань,Россия,1
2024-01-19,yandex.promopages,Воронеж,Россия,1
2024-01-19,yandex.promopages,Нижний Новгород,Россия,1
2024-01-19,yandex.promopages,Омск,Россия,1
2024-01-19,yandex.promopages,Ростов-на-Дону,Россия,1
2024-01-19,yandex.promopages,Шелехов,Россия,1
2024-01-20,yandex.promopages,Александров,Россия,1
2024-01-20,yandex.promopages,Казань,Россия,1
2024-01-20,yandex.promopages,Карабаново,Россия,1
2024-01-20,yandex.promopages,Киров,Россия,1
2024-01-20,yandex.promopages,Краснодар,Россия,1
2024-01-20,yandex.promopages,Красноярск,Россия,1
2024-01-20,yandex.promopages,Саранск,Россия,1
2024-01-20,yandex.promopages,Хабаровск,Россия,1
2024-01-21,yandex.promopages,Саратов,Россия,1
2024-01-22,yandex.promopages,Архангельск,Россия,1
2024-01-22,yandex.promopages,Волгоград,Россия,1
2024-01-22,yandex.promopages,Красноярск,Россия,1
2024-01-22,yandex.promopages,Курск,Россия,1
2024-01-22,yandex.promopages,Новосибирск,Россия,1
2024-01-22,yandex.promopages,Ростов-на-Дону,Россия,1
2024-01-22,yandex.promopages,Рязань,Россия,1
2024-01-22,yandex.promopages,Саранск,Россия,1
2024-01-22,yandex.promopages,Ульяновск,Россия,1
2024-01-22,yandex.promopages,Уфа,Россия,1
2024-01-23,yandex.promopages,Архангельск,Россия,1
2024-01-23,yandex.promopages,Владикавказ,Россия,1
2024-01-23,yandex.promopages,Воронеж,Россия,1
2024-01-23,yandex.promopages,Калуга,Россия,1
2024-01-23,yandex.promopages,Москва,Россия,1
2024-01-23,yandex.promopages,Нижний Новгород,Россия,1
2024-01-23,yandex.promopages,Петрозаводск,Россия,1
2024-01-23,yandex.promopages,Саратов,Россия,1
2024-01-23,yandex.promopages,Тула,Россия,1
2024-01-23,yandex.promopages,Уфа,Россия,1
2024-01-24,yandex.promopages,Воронеж,Россия,1
2024-01-24,yandex.promopages,Екатеринбург,Россия,1
2024-01-24,yandex.promopages,Новокузнецк,Россия,1
2024-01-24,yandex.promopages,Новосибирск,Россия,1
2024-01-24,yandex.promopages,Оренбург,Россия,1
2024-01-24,yandex.promopages,Пермь,Россия,1
2024-01-24,yandex.promopages,Подольск,Россия,1
2024-01-24,yandex.promopages,Самара,Россия,1
2024-01-24,yandex.promopages,Санкт-Петербург,Россия,1
2024-01-24,yandex.promopages,Саратов,Россия,1
2024-01-24,yandex.promopages,Сочи,Россия,1
2024-01-24,yandex.promopages,Тамбов,Россия,1
2024-01-24,yandex.promopages,Тюмень,Россия,1
2024-01-24,yandex.promopages,Ярославль,Россия,1
2024-01-25,yandex.promopages,Бакал,Россия,1
2024-01-25,yandex.promopages,Великий Новгород,Россия,1
2024-01-25,yandex.promopages,Владикавказ,Россия,1
2024-01-25,yandex.promopages,Воронеж,Россия,1
2024-01-25,yandex.promopages,Краснодар,Россия,1
2024-01-25,yandex.promopages,Курск,Россия,1
2024-01-25,yandex.promopages,Миасс,Россия,1
2024-01-25,yandex.promopages,Рязань,Россия,1
2024-01-25,yandex.promopages,Сочи,Россия,1
2024-01-25,yandex.promopages,Ставрополь,Россия,1
2024-01-25,yandex.promopages,Черепаново,Россия,1
2024-01-25,yandex.promopages,Ярославль,Россия,1
2024-01-26,yandex.promopages,Балашиха,Россия,1
2024-01-26,yandex.promopages,Екатеринбург,Россия,1
2024-01-26,yandex.promopages,Клин,Россия,1
2024-01-26,yandex.promopages,Краснодар,Россия,1
2024-01-26,yandex.promopages,Нижний Новгород,Россия,1
2024-01-26,yandex.promopages,Хабаровск,Россия,1
2024-01-27,yandex.promopages,Братск,Россия,1
2024-01-27,yandex.promopages,Кемерово,Россия,1
2024-01-27,yandex.promopages,Краснодар,Россия,1
2024-01-27,yandex.promopages,Москва,Россия,1
2024-01-27,yandex.promopages,Санкт-Петербург,Россия,1
2024-01-27,yandex.promopages,Уфа,Россия,1
2024-01-27,yandex.promopages,Черепаново,Россия,1
2024-01-29,yandex.promopages,Бийск,Россия,1
2024-01-29,yandex.promopages,Нижний Новгород,Россия,1
2024-01-29,yandex.promopages,Омск,Россия,1
2024-01-29,yandex.promopages,Тольятти,Россия,1
2024-01-29,yandex.promopages,Якутск,Россия,1
2024-01-30,yandex.promopages,Не определено,Россия,1
2024-01-30,yandex.promopages,Астрахань,Россия,1
2024-01-30,yandex.promopages,Краснодар,Россия,1
2024-01-30,yandex.promopages,Нижний Новгород,Россия,1
2024-01-30,yandex.promopages,Ростов-на-Дону,Россия,1
2024-01-30,yandex.promopages,Санкт-Петербург,Россия,1
2024-01-30,yandex.promopages,Саратов,Россия,1
2024-01-30,yandex.promopages,Ставрополь,Россия,1
2024-01-30,yandex.promopages,Тамбов,Россия,1
2024-01-31,yandex.promopages,Ангарск,Россия,1
2024-01-31,yandex.promopages,Барнаул,Россия,1
2024-01-31,yandex.promopages,Владикавказ,Россия,1
2024-01-31,yandex.promopages,Нальчик,Россия,1
2024-01-31,yandex.promopages,Новокузнецк,Россия,1
2024-01-31,yandex.promopages,Новосибирск,Россия,1
2024-01-31,yandex.promopages,Париж,Франция,1
2024-01-31,yandex.promopages,Саратов,Россия,1
2024-01-31,yandex.promopages,Тамбов,Россия,1
2024-01-31,yandex.promopages,Якутск,Россия,1
2024-02-01,yandex.promopages,Боровичи,Россия,1
2024-02-01,yandex.promopages,Омск,Россия,1
2024-02-01,yandex.promopages,Оренбург,Россия,1
2024-02-01,yandex.promopages,Ростов-на-Дону,Россия,1
2024-02-01,yandex.promopages,Саратов,Россия,1
2024-02-01,yandex.promopages,Челябинск,Россия,1
2024-02-03,yandex.promopages,Черепаново,Россия,1
2024-02-05,yandex.promopages,Москва,Россия,1
2024-02-08,yandex.promopages,Черепаново,Россия,1
2024-02-14,yandex.promopages,Не определено,Россия,1
2024-02-14,yandex.promopages,Мелеуз,Россия,1
2024-02-15,yandex.promopages,Архангельск,Россия,1
2024-02-15,yandex.promopages,Бабаево,Россия,1
2024-02-15,yandex.promopages,Волгоград,Россия,1
2024-02-15,yandex.promopages,Екатеринбург,Россия,1
2024-02-15,yandex.promopages,Кандалакша,Россия,1
2024-02-15,yandex.promopages,Обнинск,Россия,1
2024-02-15,yandex.promopages,Ростов-на-Дону,Россия,1
2024-02-15,yandex.promopages,Самара,Россия,1
2024-02-15,yandex.promopages,Санкт-Петербург,Россия,1
2024-02-15,yandex.promopages,Саратов,Россия,1
2024-02-16,yandex.promopages,Не определено,Россия,1
2024-02-16,yandex.promopages,Астрахань,Россия,1
2024-02-16,yandex.promopages,Волгоград,Россия,1
2024-02-16,yandex.promopages,Кинешма,Россия,1
2024-02-16,yandex.promopages,Краснодар,Россия,1
2024-02-16,yandex.promopages,Москва,Россия,1
2024-02-16,yandex.promopages,Нижний Новгород,Россия,1
2024-02-16,yandex.promopages,Новороссийск,Россия,1
2024-02-16,yandex.promopages,Новосибирск,Россия,1
2024-02-16,yandex.promopages,Омск,Россия,1
2024-02-16,yandex.promopages,Орёл,Россия,1
2024-02-16,yandex.promopages,Рязань,Россия,1
2024-02-16,yandex.promopages,Санкт-Петербург,Россия,1
2024-02-16,yandex.promopages,Саратов,Россия,1
2024-02-16,yandex.promopages,Чебоксары,Россия,1
2024-02-16,yandex.promopages,Чита,Россия,1
2024-02-17,yandex.promopages,Не определено,Франция,1
2024-02-17,yandex.promopages,Екатеринбург,Россия,1
2024-02-17,yandex.promopages,Йошкар-Ола,Россия,1
2024-02-17,yandex.promopages,Красноярск,Россия,1
2024-02-17,yandex.promopages,Москва,Россия,1
2024-02-17,yandex.promopages,Ростов,Россия,1
2024-02-17,yandex.promopages,Саратов,Россия,1
2024-02-18,yandex.promopages,Великий Новгород,Россия,1
2024-02-18,yandex.promopages,Железногорск,Россия,1
2024-02-18,yandex.promopages,Красноярск,Россия,1
2024-02-18,yandex.promopages,Омск,Россия,1
2024-02-18,yandex.promopages,Пермь,Россия,1
2024-02-18,yandex.promopages,Санкт-Петербург,Россия,1
2024-02-18,yandex.promopages,Саратов,Россия,1
2024-02-18,yandex.promopages,Ставрополь,Россия,1
2024-02-18,yandex.promopages,Тверь,Россия,1
2024-02-18,yandex.promopages,Челябинск,Россия,1
2024-02-18,yandex.promopages,Якутск,Россия,1
2024-02-19,yandex.promopages,Воронеж,Россия,1
2024-02-19,yandex.promopages,Краснодар,Россия,1
2024-02-19,yandex.promopages,Красноярск,Россия,1
2024-02-19,yandex.promopages,Новокузнецк,Россия,1
2024-02-19,yandex.promopages,Новосибирск,Россия,1
2024-02-19,yandex.promopages,Орёл,Россия,1
2024-02-19,yandex.promopages,Пермь,Россия,1
2024-02-19,yandex.promopages,Петрозаводск,Россия,1
2024-02-19,yandex.promopages,Тамбов,Россия,1
2024-02-19,yandex.promopages,Хабаровск,Россия,1
2024-02-19,yandex.promopages,Челябинск,Россия,1
2024-02-20,yandex.promopages,Не определено,Не определено,1
2024-02-20,yandex.promopages,Березники,Россия,1
2024-02-20,yandex.promopages,Волжский,Россия,1
2024-02-20,yandex.promopages,Домодедово,Россия,1
2024-02-20,yandex.promopages,Киров,Россия,1
2024-02-20,yandex.promopages,Липецк,Россия,1
2024-02-20,yandex.promopages,Саратов,Россия,1
2024-02-20,yandex.promopages,Сочи,Россия,1
2024-02-20,yandex.promopages,Томск,Россия,1
2024-02-21,yandex.promopages,Боровск,Россия,1
2024-02-21,yandex.promopages,Екатеринбург,Россия,1
2024-02-21,yandex.promopages,Москва,Россия,1
2024-02-21,yandex.promopages,Санкт-Петербург,Россия,1
2024-02-22,yandex.promopages,Барнаул,Россия,1
2024-02-22,yandex.promopages,Брянск,Россия,1
2024-02-22,yandex.promopages,Домодедово,Россия,1
2024-02-22,yandex.promopages,Краснодар,Россия,1
2024-02-22,yandex.promopages,Междуреченск,Россия,1
2024-02-22,yandex.promopages,Москва,Россия,1
2024-02-22,yandex.promopages,Нижний Новгород,Россия,1
2024-02-22,yandex.promopages,Пермь,Россия,1
2024-02-22,yandex.promopages,Тверь,Россия,1
2024-02-22,yandex.promopages,Темрюк,Россия,1
2024-02-22,yandex.promopages,Челябинск,Россия,1
2024-02-23,yandex.promopages,Казань,Россия,1
2024-02-23,yandex.promopages,Конаково,Россия,1
2024-02-23,yandex.promopages,Королёв,Россия,1
2024-02-23,yandex.promopages,Омск,Россия,1
2024-02-23,yandex.promopages,Санкт-Петербург,Россия,1
2024-02-23,yandex.promopages,Саратов,Россия,1
2024-02-23,yandex.promopages,Челябинск,Россия,1
2024-02-24,yandex.promopages,Не определено,Беларусь,1
2024-02-24,yandex.promopages,Не определено,Россия,1
2024-02-24,yandex.promopages,Краснодар,Россия,1
2024-02-24,yandex.promopages,Шелехов,Россия,1
2024-02-24,yandex.promopages,Щёлково,Россия,1
2024-02-26,yandex.promopages,Домодедово,Россия,1
2024-02-26,yandex.promopages,Краснодар,Россия,1
2024-02-26,yandex.promopages,Липецк,Россия,1
2024-02-26,yandex.promopages,Новосибирск,Россия,1
2024-02-26,yandex.promopages,Ростов-на-Дону,Россия,1
2024-02-26,yandex.promopages,Саратов,Россия,1
2024-02-26,yandex.promopages,Тюмень,Россия,1
2024-02-26,yandex.promopages,Чебоксары,Россия,1
2024-02-26,yandex.promopages,Якутск,Россия,1
2024-02-27,yandex.promopages,Не определено,Россия,1
2024-02-27,yandex.promopages,Барнаул,Россия,1
2024-02-27,yandex.promopages,Благовещенск,Россия,1
2024-02-27,yandex.promopages,Волгоград,Россия,1
2024-02-27,yandex.promopages,Дивногорск,Россия,1
2024-02-27,yandex.promopages,Нижний Новгород,Россия,1
2024-02-27,yandex.promopages,Новокузнецк,Россия,1
2024-02-27,yandex.promopages,Раменское,Россия,1
2024-02-27,yandex.promopages,Ростов-на-Дону,Россия,1
2024-02-27,yandex.promopages,Смоленск,Россия,1
2024-02-27,yandex.promopages,Тюмень,Россия,1
2024-02-27,yandex.promopages,Чебоксары,Россия,1
2024-02-27,yandex.promopages,Ярославль,Россия,1
2024-02-28,yandex.promopages,Арамиль,Россия,1
2024-02-28,yandex.promopages,Екатеринбург,Россия,1
2024-02-28,yandex.promopages,Москва,Россия,1
2024-02-28,yandex.promopages,Нижний Новгород,Россия,1
2024-02-28,yandex.promopages,Новокузнецк,Россия,1
2024-02-28,yandex.promopages,Раменское,Россия,1
2024-02-28,yandex.promopages,Якутск,Россия,1
2024-02-29,yandex.promopages,Астрахань,Россия,1
2024-02-29,yandex.promopages,Воронеж,Россия,1
2024-02-29,yandex.promopages,Геленджик,Россия,1
2024-02-29,yandex.promopages,Иркутск,Россия,1
2024-02-29,yandex.promopages,Липецк,Россия,1
2024-02-29,yandex.promopages,Новосибирск,Россия,1
2024-02-29,yandex.promopages,Петропавловск-Камчатский,Россия,1
2024-02-29,yandex.promopages,Ставрополь,Россия,1
2024-03-01,yandex.promopages,Москва,Россия,1
2024-03-04,yandex.promopages,Липецк,Россия,1
2024-03-05,yandex.promopages,Домодедово,Россия,1
2024-03-11,yandex.promopages,Краснодар,Россия,1
2024-03-11,yandex.promopages,Таганрог,Россия,1
2024-03-12,yandex.promopages,Алексеевка,Россия,1
2024-03-12,yandex.promopages,Барнаул,Россия,1
2024-03-12,yandex.promopages,Владивосток,Россия,1
2024-03-12,yandex.promopages,Екатеринбург,Россия,1
2024-03-12,yandex.promopages,Калининград,Россия,1
2024-03-12,yandex.promopages,Киров,Россия,1
2024-03-12,yandex.promopages,Клин,Россия,1
2024-03-12,yandex.promopages,Краснодар,Россия,1
2024-03-12,yandex.promopages,Новосибирск,Россия,1
2024-03-12,yandex.promopages,Челябинск,Россия,1
2024-03-12,yandex.promopages,Щёлково,Россия,1
2024-03-13,yandex.promopages,Благовещенск,Россия,1
2024-03-13,yandex.promopages,Будённовск,Россия,1
2024-03-13,yandex.promopages,Владивосток,Россия,1
2024-03-13,yandex.promopages,Екатеринбург,Россия,1
2024-03-13,yandex.promopages,Ижевск,Россия,1
2024-03-13,yandex.promopages,Калуга,Россия,1
2024-03-13,yandex.promopages,Киров,Россия,1
2024-03-13,yandex.promopages,Нефтеюганск,Россия,1
2024-03-13,yandex.promopages,Оренбург,Россия,1
2024-03-13,yandex.promopages,Ростов-на-Дону,Россия,1
2024-03-13,yandex.promopages,Самара,Россия,1
2024-03-13,yandex.promopages,Санкт-Петербург,Россия,1
2024-03-14,yandex.promopages,Барнаул,Россия,1
2024-03-14,yandex.promopages,Белогорск,Россия,1
2024-03-14,yandex.promopages,Владивосток,Россия,1
2024-03-14,yandex.promopages,Волгоград,Россия,1
2024-03-14,yandex.promopages,Дзержинск,Россия,1
2024-03-14,yandex.promopages,Красноярск,Россия,1
2024-03-14,yandex.promopages,Магнитогорск,Россия,1
2024-03-14,yandex.promopages,Москва,Россия,1
2024-03-14,yandex.promopages,Новосибирск,Россия,1
2024-03-14,yandex.promopages,Оренбург,Россия,1
2024-03-14,yandex.promopages,Санкт-Петербург,Россия,1
2024-03-14,yandex.promopages,Старый Оскол,Россия,1
2024-03-14,yandex.promopages,Чита,Россия,1
2024-03-15,yandex.promopages,Брянск,Россия,1
2024-03-15,yandex.promopages,Волгоград,Россия,1
2024-03-15,yandex.promopages,Калининград,Россия,1
2024-03-15,yandex.promopages,Новосибирск,Россия,1
2024-03-15,yandex.promopages,Омск,Россия,1
2024-03-15,yandex.promopages,Самара,Россия,1
2024-03-15,yandex.promopages,Саратов,Россия,1
2024-03-15,yandex.promopages,Тольятти,Россия,1
2024-03-15,yandex.promopages,Уфа,Россия,1
2024-03-16,yandex.promopages,Екатеринбург,Россия,1
2024-03-16,yandex.promopages,Истра,Россия,1
2024-03-16,yandex.promopages,Красноярск,Россия,1
2024-03-16,yandex.promopages,Нижний Новгород,Россия,1
2024-03-16,yandex.promopages,Оренбург,Россия,1
2024-03-16,yandex.promopages,Уфа,Россия,1
2024-03-16,yandex.promopages,Челябинск,Россия,1
2024-03-17,yandex.promopages,Архангельск,Россия,1
2024-03-17,yandex.promopages,Москва,Россия,1
2024-03-17,yandex.promopages,Омск,Россия,1
2024-03-17,yandex.promopages,Санкт-Петербург,Россия,1
2024-03-17,yandex.promopages,Уфа,Россия,1
2024-03-18,yandex.promopages,Арамиль,Россия,1
2024-03-18,yandex.promopages,Благовещенск,Россия,1
2024-03-18,yandex.promopages,Дедовск,Россия,1
2024-03-18,yandex.promopages,Краснодар,Россия,1
2024-03-18,yandex.promopages,Курган,Россия,1
2024-03-18,yandex.promopages,Курск,Россия,1
2024-03-18,yandex.promopages,Нижний Новгород,Россия,1
2024-03-18,yandex.promopages,Пенза,Россия,1
2024-03-18,yandex.promopages,Самара,Россия,1
2024-03-18,yandex.promopages,Уфа,Россия,1
2024-03-18,yandex.promopages,Якутск,Россия,1
2024-03-19,yandex.promopages,Кондопога,Россия,1
2024-03-19,yandex.promopages,Краснодар,Россия,1
2024-03-19,yandex.promopages,Санкт-Петербург,Россия,1
2024-03-20,yandex.promopages,Гагарин,Россия,1
2024-03-20,yandex.promopages,Рязань,Россия,1
2024-03-20,yandex.promopages,Саратов,Россия,1
2024-03-21,yandex.promopages,Анапа,Россия,1
2024-03-21,yandex.promopages,Барнаул,Россия,1
2024-03-21,yandex.promopages,Екатеринбург,Россия,1
2024-03-21,yandex.promopages,Новосибирск,Россия,1
2024-03-21,yandex.promopages,Санкт-Петербург,Россия,1
2024-03-22,yandex.promopages,Не определено,Россия,1
2024-03-22,yandex.promopages,Владивосток,Россия,1
2024-03-22,yandex.promopages,Нижний Новгород,Россия,1
2024-03-22,yandex.promopages,Ростов-на-Дону,Россия,1
2024-03-22,yandex.promopages,Ставрополь,Россия,1
2024-03-22,yandex.promopages,Тула,Россия,1
2024-03-23,yandex.promopages,Абакан,Россия,1
2024-03-23,yandex.promopages,Брянск,Россия,1
2024-03-23,yandex.promopages,Иркутск,Россия,1
2024-03-23,yandex.promopages,Липецк,Россия,1
2024-03-23,yandex.promopages,Москва,Россия,1
2024-03-23,yandex.promopages,Омск,Россия,1
2024-03-23,yandex.promopages,Пермь,Россия,1
2024-03-23,yandex.promopages,Петрозаводск,Россия,1
2024-03-23,yandex.promopages,Тюмень,Россия,1
2024-03-23,yandex.promopages,Ульяновск,Россия,1
2024-03-23,yandex.promopages,Уфа,Россия,1
2024-03-23,yandex.promopages,Челябинск,Россия,1
2024-03-23,yandex.promopages,Шахты,Россия,1
2024-03-24,yandex.promopages,Волгореченск,Россия,1
2024-03-24,yandex.promopages,Екатеринбург,Россия,1
2024-03-24,yandex.promopages,Киров,Россия,1
2024-03-24,yandex.promopages,Ковров,Россия,1
2024-03-24,yandex.promopages,Петрозаводск,Россия,1
2024-03-25,yandex.promopages,Петрозаводск,Россия,1
2024-03-26,yandex.promopages,Кондопога,Россия,1
2024-03-27,yandex.promopages,Иркутск,Россия,1
2024-03-27,yandex.promopages,Москва,Россия,1
2024-03-27,yandex.promopages,Новосибирск,Россия,1
2024-03-27,yandex.promopages,Ростов-на-Дону,Россия,1
2024-03-27,yandex.promopages,Рязань,Россия,1
2024-03-27,yandex.promopages,Химки,Россия,1
2024-03-28,yandex.promopages,Владивосток,Россия,1
2024-03-28,yandex.promopages,Волгоград,Россия,1
2024-03-28,yandex.promopages,Домодедово,Россия,1
2024-03-28,yandex.promopages,Курган,Россия,1
2024-03-28,yandex.promopages,Липецк,Россия,1
2024-03-28,yandex.promopages,Пенза,Россия,1
2024-03-28,yandex.promopages,Санкт-Петербург,Россия,1
2024-03-29,yandex.promopages,Волгоград,Россия,1
2024-03-29,yandex.promopages,Домодедово,Россия,1
2024-03-29,yandex.promopages,Новомосковск,Россия,1
2024-03-29,yandex.promopages,Химки,Россия,1
2024-03-29,yandex.promopages,Челябинск,Россия,1
2024-03-30,yandex.promopages,Алексеевка,Россия,1
2024-03-30,yandex.promopages,Бронницы,Россия,1
2024-03-30,yandex.promopages,Екатеринбург,Россия,1
2024-03-30,yandex.promopages,Истра,Россия,1
2024-03-30,yandex.promopages,Нижний Новгород,Россия,1
2024-03-30,yandex.promopages,Санкт-Петербург,Россия,1
2024-03-30,yandex.promopages,Ставрополь,Россия,1
2024-03-30,yandex.promopages,Тольятти,Россия,1
2024-03-31,yandex.promopages,Екатеринбург,Россия,1
2024-03-31,yandex.promopages,Йошкар-Ола,Россия,1
2024-03-31,yandex.promopages,Омск,Россия,1
2024-03-31,yandex.promopages,Орёл,Россия,1
2024-06-20,yandex.promopages,Не определено,Россия,19
2024-06-07,yandex.promopages,Не определено,Россия,11
2024-05-07,yandex.promopages,Не определено,Россия,9
2024-04-06,yandex.promopages,Москва,Россия,7
2024-04-16,yandex.promopages,Не определено,Россия,7
2024-04-18,yandex.promopages,Не определено,Россия,7
2024-04-19,yandex.promopages,Не определено,Россия,7
2024-04-20,yandex.promopages,Не определено,Россия,7
2024-04-21,yandex.promopages,Не определено,Россия,7
2024-05-06,yandex.promopages,Не определено,Россия,7
2024-04-02,yandex.promopages,Не определено,Россия,6
2024-04-17,yandex.promopages,Не определено,Россия,6
2024-05-01,yandex.promopages,Не определено,Россия,6
2024-06-19,yandex.promopages,Не определено,Россия,6
2024-06-19,yandex.promopages,Москва,Россия,6
2024-06-20,yandex.promopages,Москва,Россия,6
2024-04-07,yandex.promopages,Не определено,Россия,5
2024-04-07,yandex.promopages,Москва,Россия,5
2024-04-08,yandex.promopages,Не определено,Россия,5
2024-04-19,yandex.promopages,Москва,Россия,5
2024-04-24,yandex.promopages,Не определено,Россия,5
2024-04-26,yandex.promopages,Не определено,Россия,5
2024-04-30,yandex.promopages,Санкт-Петербург,Россия,5
2024-05-14,yandex.promopages,Не определено,Россия,5
2024-05-14,yandex.promopages,Москва,Россия,5
2024-05-14,yandex.promopages,Санкт-Петербург,Россия,5
2024-05-30,yandex.promopages,Не определено,Россия,5
2024-06-06,yandex.promopages,Не определено,Россия,5
2024-04-01,yandex.promopages,Москва,Россия,4
2024-04-02,yandex.promopages,Москва,Россия,4
2024-04-04,yandex.promopages,Не определено,Россия,4
2024-04-06,yandex.promopages,Не определено,Россия,4
2024-04-09,yandex.promopages,Не определено,Россия,4
2024-04-09,yandex.promopages,Санкт-Петербург,Россия,4
2024-04-10,yandex.promopages,Москва,Россия,4
2024-04-12,yandex.promopages,Не определено,Россия,4
2024-04-13,yandex.promopages,Не определено,Россия,4
2024-04-14,yandex.promopages,Не определено,Россия,4
2024-04-14,yandex.promopages,Санкт-Петербург,Россия,4
2024-04-23,yandex.promopages,Не определено,Россия,4
2024-04-25,yandex.promopages,Москва,Россия,4
2024-05-07,yandex.promopages,Москва,Россия,4
2024-05-13,yandex.promopages,Не определено,Россия,4
2024-05-15,yandex.promopages,Санкт-Петербург,Россия,4
2024-05-23,yandex.promopages,Не определено,Россия,4
2024-05-31,yandex.promopages,Не определено,Россия,4
2024-06-20,yandex.promopages,Краснодар,Россия,4
2024-04-01,yandex.promopages,Не определено,Россия,3
2024-04-05,yandex.promopages,Москва,Россия,3
2024-04-13,yandex.promopages,Москва,Россия,3
2024-04-20,yandex.promopages,Москва,Россия,3
2024-04-25,yandex.promopages,Не определено,Россия,3
2024-04-26,yandex.promopages,Москва,Россия,3
2024-04-26,yandex.promopages,Санкт-Петербург,Россия,3
2024-04-28,yandex.promopages,Не определено,Россия,3
2024-04-29,yandex.promopages,Не определено,Россия,3
2024-04-29,yandex.promopages,Москва,Россия,3
2024-05-01,yandex.promopages,Москва,Россия,3
2024-05-06,yandex.promopages,Казань,Россия,3
2024-05-22,yandex.promopages,Не определено,Россия,3
2024-05-25,yandex.promopages,Москва,Россия,3
2024-06-07,yandex.promopages,Москва,Россия,3
2024-06-17,yandex.promopages,Не определено,Россия,3
2024-06-20,yandex.promopages,Нижний Новгород,Россия,3
2024-06-20,yandex.promopages,Якутск,Россия,3
2024-06-21,yandex.promopages,Не определено,Россия,3
2024-04-04,yandex.promopages,Москва,Россия,2
2024-04-05,yandex.promopages,Не определено,Россия,2
2024-04-05,yandex.promopages,Тула,Россия,2
2024-04-06,yandex.promopages,Екатеринбург,Россия,2
2024-04-07,yandex.promopages,Санкт-Петербург,Россия,2
2024-04-09,yandex.promopages,Москва,Россия,2
2024-04-11,yandex.promopages,Не определено,Россия,2
2024-04-11,yandex.promopages,Москва,Россия,2
2024-04-12,yandex.promopages,Уфа,Россия,2
2024-04-14,yandex.promopages,Москва,Россия,2
2024-04-16,yandex.promopages,Пенза,Россия,2
2024-04-18,yandex.promopages,Москва,Россия,2
2024-04-18,yandex.promopages,Тверь,Россия,2
2024-04-19,yandex.promopages,Самара,Россия,2
2024-04-19,yandex.promopages,Санкт-Петербург,Россия,2
2024-04-20,yandex.promopages,Барнаул,Россия,2
2024-04-20,yandex.promopages,Санкт-Петербург,Россия,2
2024-04-20,yandex.promopages,Тюмень,Россия,2
2024-04-24,yandex.promopages,Москва,Россия,2
2024-04-25,yandex.promopages,Барнаул,Россия,2
2024-04-25,yandex.promopages,Санкт-Петербург,Россия,2
2024-04-26,yandex.promopages,Новосибирск,Россия,2
2024-04-30,yandex.promopages,Не определено,Россия,2
2024-04-30,yandex.promopages,Москва,Россия,2
2024-05-06,yandex.promopages,Екатеринбург,Россия,2
2024-05-06,yandex.promopages,Москва,Россия,2
2024-05-06,yandex.promopages,Санкт-Петербург,Россия,2
2024-05-06,yandex.promopages,Тюмень,Россия,2
2024-05-07,yandex.promopages,Барнаул,Россия,2
2024-05-07,yandex.promopages,Новокузнецк,Россия,2
2024-05-07,yandex.promopages,Рязань,Россия,2
2024-05-13,yandex.promopages,Новосибирск,Россия,2
2024-05-13,yandex.promopages,Санкт-Петербург,Россия,2
2024-05-14,yandex.promopages,Пенза,Россия,2
2024-05-15,yandex.promopages,Не определено,Россия,2
2024-05-18,yandex.promopages,Санкт-Петербург,Россия,2
2024-05-18,yandex.promopages,Смоленск,Россия,2
2024-05-21,yandex.promopages,Не определено,Россия,2
2024-05-21,yandex.promopages,Новосибирск,Россия,2
2024-05-23,yandex.promopages,Москва,Россия,2
2024-05-24,yandex.promopages,Не определено,Россия,2
2024-05-24,yandex.promopages,Екатеринбург,Россия,2
2024-05-25,yandex.promopages,Не определено,Россия,2
2024-05-28,yandex.promopages,Улан-Удэ,Россия,2
2024-05-30,yandex.promopages,Санкт-Петербург,Россия,2
2024-06-05,yandex.promopages,Не определено,Россия,2
2024-06-06,yandex.promopages,Нижний Новгород,Россия,2
2024-06-07,yandex.promopages,Нижний Новгород,Россия,2
2024-06-07,yandex.promopages,Якутск,Россия,2
2024-06-09,yandex.promopages,Не определено,Россия,2
2024-06-11,yandex.promopages,Не определено,Россия,2
2024-06-19,yandex.promopages,Краснодар,Россия,2
2024-06-19,yandex.promopages,Пенза,Россия,2
2024-06-19,yandex.promopages,Санкт-Петербург,Россия,2
2024-06-20,yandex.promopages,Воронеж,Россия,2
2024-06-20,yandex.promopages,Екатеринбург,Россия,2
2024-06-20,yandex.promopages,Ижевск,Россия,2
2024-06-20,yandex.promopages,Иркутск,Россия,2
2024-06-20,yandex.promopages,Ростов-на-Дону,Россия,2
2024-06-20,yandex.promopages,Северодвинск,Россия,2
2024-06-23,yandex.promopages,Не определено,Россия,2
2024-06-24,yandex.promopages,Не определено,Россия,2
2024-06-25,yandex.promopages,Не определено,Россия,2
2024-04-01,yandex.promopages,Астрахань,Россия,1
2024-04-01,yandex.promopages,Воронеж,Россия,1
2024-04-01,yandex.promopages,Набережные Челны,Россия,1
2024-04-01,yandex.promopages,Новосибирск,Россия,1
2024-04-01,yandex.promopages,Оренбург,Россия,1
2024-04-01,yandex.promopages,Ростов-на-Дону,Россия,1
2024-04-02,yandex.promopages,Уфа,Россия,1
2024-04-04,yandex.promopages,Волгоград,Россия,1
2024-04-04,yandex.promopages,Екатеринбург,Россия,1
2024-04-04,yandex.promopages,Ижевск,Россия,1
2024-04-04,yandex.promopages,Краснодар,Россия,1
2024-04-04,yandex.promopages,Новосибирск,Россия,1
2024-04-04,yandex.promopages,Ростов-на-Дону,Россия,1
2024-04-04,yandex.promopages,Рязань,Россия,1
2024-04-04,yandex.promopages,Щёлково,Россия,1
2024-04-05,yandex.promopages,Бангкок,Таиланд,1
2024-04-05,yandex.promopages,Брянск,Россия,1
2024-04-05,yandex.promopages,Волгоград,Россия,1
2024-04-05,yandex.promopages,Иркутск,Россия,1
2024-04-05,yandex.promopages,Коломна,Россия,1
2024-04-05,yandex.promopages,Кострома,Россия,1
2024-04-05,yandex.promopages,Кудрово,Россия,1
2024-04-05,yandex.promopages,Новосибирск,Россия,1
2024-04-05,yandex.promopages,Ростов,Россия,1
2024-04-05,yandex.promopages,Ярославль,Россия,1
2024-04-06,yandex.promopages,Краснодар,Россия,1
2024-04-06,yandex.promopages,Петропавловск-Камчатский,Россия,1
2024-04-06,yandex.promopages,Санкт-Петербург,Россия,1
2024-04-07,yandex.promopages,Не определено,Не определено,1
2024-04-07,yandex.promopages,Домодедово,Россия,1
2024-04-07,yandex.promopages,Екатеринбург,Россия,1
2024-04-07,yandex.promopages,Краснодар,Россия,1
2024-04-07,yandex.promopages,Новосибирск,Россия,1
2024-04-07,yandex.promopages,Саратов,Россия,1
2024-04-07,yandex.promopages,Челябинск,Россия,1
2024-04-08,yandex.promopages,Великий Новгород,Россия,1
2024-04-08,yandex.promopages,Кисловодск,Россия,1
2024-04-08,yandex.promopages,Липецк,Россия,1
2024-04-08,yandex.promopages,Москва,Россия,1
2024-04-08,yandex.promopages,Новосибирск,Россия,1
2024-04-08,yandex.promopages,Пушкино,Россия,1
2024-04-08,yandex.promopages,Санкт-Петербург,Россия,1
2024-04-09,yandex.promopages,Барнаул,Россия,1
2024-04-09,yandex.promopages,Новосибирск,Россия,1
2024-04-09,yandex.promopages,Норильск,Россия,1
2024-04-09,yandex.promopages,Ростов-на-Дону,Россия,1
2024-04-09,yandex.promopages,Сочи,Россия,1
2024-04-09,yandex.promopages,Ставрополь,Россия,1
2024-04-09,yandex.promopages,Хабаровск,Россия,1
2024-04-09,yandex.promopages,Челябинск,Россия,1
2024-04-09,yandex.promopages,Череповец,Россия,1
2024-04-10,yandex.promopages,Не определено,Россия,1
2024-04-10,yandex.promopages,Воронеж,Россия,1
2024-04-10,yandex.promopages,Нижний Новгород,Россия,1
2024-04-10,yandex.promopages,Ростов-на-Дону,Россия,1
2024-04-10,yandex.promopages,Санкт-Петербург,Россия,1
2024-04-10,yandex.promopages,Химки,Россия,1
2024-04-10,yandex.promopages,Якутск,Россия,1
2024-04-10,yandex.promopages,Ярославль,Россия,1
2024-04-11,yandex.promopages,Владимир,Россия,1
2024-04-11,yandex.promopages,Волгоград,Россия,1
2024-04-11,yandex.promopages,Красноярск,Россия,1
2024-04-11,yandex.promopages,Минск,Беларусь,1
2024-04-11,yandex.promopages,Нижний Новгород,Россия,1
2024-04-11,yandex.promopages,Санкт-Петербург,Россия,1
2024-04-11,yandex.promopages,Сочи,Россия,1
2024-04-12,yandex.promopages,Барнаул,Россия,1
2024-04-12,yandex.promopages,Екатеринбург,Россия,1
2024-04-12,yandex.promopages,Жуковский,Россия,1
2024-04-12,yandex.promopages,Киров,Россия,1
2024-04-12,yandex.promopages,Новосибирск,Россия,1
2024-04-12,yandex.promopages,Пермь,Россия,1
2024-04-12,yandex.promopages,Сердобск,Россия,1
2024-04-12,yandex.promopages,Тамбов,Россия,1
2024-04-12,yandex.promopages,Якутск,Россия,1
2024-04-13,yandex.promopages,Иркутск,Россия,1
2024-04-13,yandex.promopages,Невинномысск,Россия,1
2024-04-13,yandex.promopages,Нижний Тагил,Россия,1
2024-04-13,yandex.promopages,Новосибирск,Россия,1
2024-04-13,yandex.promopages,Одинцово,Россия,1
2024-04-13,yandex.promopages,Пермь,Россия,1
2024-04-13,yandex.promopages,Рязань,Россия,1
2024-04-13,yandex.promopages,Санкт-Петербург,Россия,1
2024-04-13,yandex.promopages,Ханты-Мансийск,Россия,1
2024-04-13,yandex.promopages,Якутск,Россия,1
2024-04-14,yandex.promopages,Барнаул,Россия,1
2024-04-14,yandex.promopages,Казань,Россия,1
2024-04-14,yandex.promopages,Королёв,Россия,1
2024-04-14,yandex.promopages,Краснодар,Россия,1
2024-04-14,yandex.promopages,Пенза,Россия,1
2024-04-14,yandex.promopages,Ростов-на-Дону,Россия,1
2024-04-14,yandex.promopages,Ставрополь,Россия,1
2024-04-14,yandex.promopages,Томск,Россия,1
2024-04-14,yandex.promopages,Хабаровск,Россия,1
2024-04-14,yandex.promopages,Якутск,Россия,1
2024-04-15,yandex.promopages,Не определено,Россия,1
2024-04-15,yandex.promopages,Будённовск,Россия,1
2024-04-15,yandex.promopages,Краснодар,Россия,1
2024-04-15,yandex.promopages,Липецк,Россия,1
2024-04-15,yandex.promopages,Москва,Россия,1
2024-04-15,yandex.promopages,Нижний Новгород,Россия,1
2024-04-15,yandex.promopages,Новосибирск,Россия,1
2024-04-15,yandex.promopages,Норильск,Россия,1
2024-04-15,yandex.promopages,Ростов-на-Дону,Россия,1
2024-04-15,yandex.promopages,Рыбинск,Россия,1
2024-04-15,yandex.promopages,Самара,Россия,1
2024-04-15,yandex.promopages,Челябинск,Россия,1
2024-04-16,yandex.promopages,Архангельск,Россия,1
2024-04-16,yandex.promopages,Екатеринбург,Россия,1
2024-04-16,yandex.promopages,Конаково,Россия,1
2024-04-16,yandex.promopages,Королёв,Россия,1
2024-04-16,yandex.promopages,Люберцы,Россия,1
2024-04-16,yandex.promopages,Ростов-на-Дону,Россия,1
2024-04-16,yandex.promopages,Самара,Россия,1
2024-04-16,yandex.promopages,Санкт-Петербург,Россия,1
2024-04-16,yandex.promopages,Стерлитамак,Россия,1
2024-04-16,yandex.promopages,Тверь,Россия,1
2024-04-16,yandex.promopages,Тула,Россия,1
2024-04-17,yandex.promopages,Воронеж,Россия,1
2024-04-17,yandex.promopages,Москва,Россия,1
2024-04-17,yandex.promopages,Ставрополь,Россия,1
2024-04-17,yandex.promopages,Тверь,Россия,1
2024-04-17,yandex.promopages,Щёлково,Россия,1
2024-04-18,yandex.promopages,Великий Новгород,Россия,1
2024-04-18,yandex.promopages,Владивосток,Россия,1
2024-04-18,yandex.promopages,Генуя,Италия,1
2024-04-18,yandex.promopages,Иркутск,Россия,1
2024-04-18,yandex.promopages,Красноярск,Россия,1
2024-04-18,yandex.promopages,Нижний Новгород,Россия,1
2024-04-18,yandex.promopages,Новосибирск,Россия,1
2024-04-18,yandex.promopages,Пенза,Россия,1
2024-04-18,yandex.promopages,Санкт-Петербург,Россия,1
2024-04-19,yandex.promopages,Баку,Азербайджан,1
2024-04-19,yandex.promopages,Воронеж,Россия,1
2024-04-19,yandex.promopages,Курск,Россия,1
2024-04-19,yandex.promopages,Нижний Новгород,Россия,1
2024-04-19,yandex.promopages,Пенза,Россия,1
2024-04-19,yandex.promopages,Саратов,Россия,1
2024-04-19,yandex.promopages,Ухта,Россия,1
2024-04-19,yandex.promopages,Хабаровск,Россия,1
2024-04-19,yandex.promopages,Ярославль,Россия,1
2024-04-20,yandex.promopages,Великие Луки,Россия,1
2024-04-20,yandex.promopages,Донской,Россия,1
2024-04-20,yandex.promopages,Калининград,Россия,1
2024-04-20,yandex.promopages,Краснодар,Россия,1
2024-04-20,yandex.promopages,Нижний Новгород,Россия,1
2024-04-20,yandex.promopages,Пенза,Россия,1
2024-04-20,yandex.promopages,Саратов,Россия,1
2024-04-20,yandex.promopages,Челябинск,Россия,1
2024-04-21,yandex.promopages,Не определено,Не определено,1
2024-04-21,yandex.promopages,Москва,Россия,1
2024-04-21,yandex.promopages,Санкт-Петербург,Россия,1
2024-04-22,yandex.promopages,Не определено,Россия,1
2024-04-22,yandex.promopages,Тверь,Россия,1
2024-04-23,yandex.promopages,Липецк,Россия,1
2024-04-23,yandex.promopages,Москва,Россия,1
2024-04-23,yandex.promopages,Сургут,Россия,1
2024-04-23,yandex.promopages,Челябинск,Россия,1
2024-04-24,yandex.promopages,Волгодонск,Россия,1
2024-04-24,yandex.promopages,Волжский,Россия,1
2024-04-24,yandex.promopages,Гомель,Беларусь,1
2024-04-24,yandex.promopages,Екатеринбург,Россия,1
2024-04-24,yandex.promopages,Краснодар,Россия,1
2024-04-24,yandex.promopages,Липецк,Россия,1
2024-04-24,yandex.promopages,Нижний Новгород,Россия,1
2024-04-24,yandex.promopages,Новокузнецк,Россия,1
2024-04-24,yandex.promopages,Омск,Россия,1
2024-04-24,yandex.promopages,Ростов-на-Дону,Россия,1
2024-04-24,yandex.promopages,Санкт-Петербург,Россия,1
2024-04-24,yandex.promopages,Челябинск,Россия,1
2024-04-24,yandex.promopages,Чита,Россия,1
2024-04-25,yandex.promopages,Екатеринбург,Россия,1
2024-04-25,yandex.promopages,Киров,Россия,1
2024-04-25,yandex.promopages,Нижний Новгород,Россия,1
2024-04-25,yandex.promopages,Пенза,Россия,1
2024-04-25,yandex.promopages,Псков,Россия,1
2024-04-25,yandex.promopages,Пятигорск,Россия,1
2024-04-26,yandex.promopages,Не определено,Испания,1
2024-04-26,yandex.promopages,Барнаул,Россия,1
2024-04-26,yandex.promopages,Липецк,Россия,1
2024-04-26,yandex.promopages,Нижний Новгород,Россия,1
2024-04-26,yandex.promopages,Омск,Россия,1
2024-04-27,yandex.promopages,Киров,Россия,1
2024-04-27,yandex.promopages,Москва,Россия,1
2024-04-27,yandex.promopages,Оренбург,Россия,1
2024-04-27,yandex.promopages,Смоленск,Россия,1
2024-04-28,yandex.promopages,Екатеринбург,Россия,1
2024-04-28,yandex.promopages,Красноярск,Россия,1
2024-04-28,yandex.promopages,Москва,Россия,1
2024-04-29,yandex.promopages,Барнаул,Россия,1
2024-04-29,yandex.promopages,Владивосток,Россия,1
2024-04-29,yandex.promopages,Екатеринбург,Россия,1
2024-04-29,yandex.promopages,Краснодар,Россия,1
2024-04-29,yandex.promopages,Красноярск,Россия,1
2024-04-29,yandex.promopages,Новосибирск,Россия,1
2024-04-29,yandex.promopages,Пенза,Россия,1
2024-04-29,yandex.promopages,Санкт-Петербург,Россия,1
2024-04-30,yandex.promopages,Барнаул,Россия,1
2024-04-30,yandex.promopages,Волгоград,Россия,1
2024-04-30,yandex.promopages,Королёв,Россия,1
2024-04-30,yandex.promopages,Нижний Новгород,Россия,1
2024-04-30,yandex.promopages,Сургут,Россия,1
2024-05-01,yandex.promopages,Астрахань,Россия,1
2024-05-01,yandex.promopages,Брянск,Россия,1
2024-05-01,yandex.promopages,Волгоград,Россия,1
2024-05-01,yandex.promopages,Екатеринбург,Россия,1
2024-05-01,yandex.promopages,Краснодар,Россия,1
2024-05-05,yandex.promopages,Не определено,Россия,1
2024-05-06,yandex.promopages,Аксай,Россия,1
2024-05-06,yandex.promopages,Балаково,Россия,1
2024-05-06,yandex.promopages,Братск,Россия,1
2024-05-06,yandex.promopages,Владимир,Россия,1
2024-05-06,yandex.promopages,Волгоград,Россия,1
2024-05-06,yandex.promopages,Волжский,Россия,1
2024-05-06,yandex.promopages,Воронеж,Россия,1
2024-05-06,yandex.promopages,Иркутск,Россия,1
2024-05-06,yandex.promopages,Киров,Россия,1
2024-05-06,yandex.promopages,Майкоп,Россия,1
2024-05-06,yandex.promopages,Нижний Новгород,Россия,1
2024-05-06,yandex.promopages,Ногинск,Россия,1
2024-05-06,yandex.promopages,Одинцово,Россия,1
2024-05-06,yandex.promopages,Пенза,Россия,1
2024-05-06,yandex.promopages,Таганрог,Россия,1
2024-05-06,yandex.promopages,Уфа,Россия,1
2024-05-06,yandex.promopages,Элиста,Россия,1
2024-05-07,yandex.promopages,Артём,Россия,1
2024-05-07,yandex.promopages,Воронеж,Россия,1
2024-05-07,yandex.promopages,Екатеринбург,Россия,1
2024-05-07,yandex.promopages,Иркутск,Россия,1
2024-05-07,yandex.promopages,Киров,Россия,1
2024-05-07,yandex.promopages,Красноярск,Россия,1
2024-05-07,yandex.promopages,Люберцы,Россия,1
2024-05-07,yandex.promopages,Мытищи,Россия,1
2024-05-07,yandex.promopages,Пермь,Россия,1
2024-05-07,yandex.promopages,Самара,Россия,1
2024-05-07,yandex.promopages,Санкт-Петербург,Россия,1
2024-05-07,yandex.promopages,Саратов,Россия,1
2024-05-07,yandex.promopages,Сочи,Россия,1
2024-05-07,yandex.promopages,Ступино,Россия,1
2024-05-13,yandex.promopages,Воскресенск,Россия,1
2024-05-13,yandex.promopages,Иркутск,Россия,1
2024-05-13,yandex.promopages,Подольск,Россия,1
2024-05-13,yandex.promopages,Ростов-на-Дону,Россия,1
2024-05-13,yandex.promopages,Челябинск,Россия,1
2024-05-14,yandex.promopages,Великий Новгород,Россия,1
2024-05-14,yandex.promopages,Волгоград,Россия,1
2024-05-14,yandex.promopages,Королёв,Россия,1
2024-05-14,yandex.promopages,Ростов-на-Дону,Россия,1
2024-05-15,yandex.promopages,Кириши,Россия,1
2024-05-15,yandex.promopages,Лыткарино,Россия,1
2024-05-15,yandex.promopages,Майкоп,Россия,1
2024-05-15,yandex.promopages,Москва,Россия,1
2024-05-15,yandex.promopages,Новосибирск,Россия,1
2024-05-15,yandex.promopages,Хабаровск,Россия,1
2024-05-16,yandex.promopages,Не определено,Россия,1
2024-05-16,yandex.promopages,Москва,Россия,1
2024-05-17,yandex.promopages,Не определено,Не определено,1
2024-05-17,yandex.promopages,Не определено,Россия,1
2024-05-17,yandex.promopages,Воронеж,Россия,1
2024-05-17,yandex.promopages,Нижний Новгород,Россия,1
2024-05-17,yandex.promopages,Саратов,Россия,1
2024-05-18,yandex.promopages,Не определено,Россия,1
2024-05-18,yandex.promopages,Воронеж,Россия,1
2024-05-19,yandex.promopages,Азов,Россия,1
2024-05-19,yandex.promopages,Екатеринбург,Россия,1
2024-05-19,yandex.promopages,Самара,Россия,1
2024-05-20,yandex.promopages,Набережные Челны,Россия,1
2024-05-20,yandex.promopages,Пенза,Россия,1
2024-05-21,yandex.promopages,Александров,Россия,1
2024-05-21,yandex.promopages,Москва,Россия,1
2024-05-21,yandex.promopages,Томск,Россия,1
2024-05-22,yandex.promopages,Благовещенск,Россия,1
2024-05-22,yandex.promopages,Пенза,Россия,1
2024-05-22,yandex.promopages,Пятигорск,Россия,1
2024-05-22,yandex.promopages,Сыктывкар,Россия,1
2024-05-22,yandex.promopages,Тюмень,Россия,1
2024-05-22,yandex.promopages,Шелехов,Россия,1
2024-05-24,yandex.promopages,Архангельск,Россия,1
2024-05-24,yandex.promopages,Иваново,Россия,1
2024-05-24,yandex.promopages,Краснодар,Россия,1
2024-05-24,yandex.promopages,Москва,Россия,1
2024-05-24,yandex.promopages,Орёл,Россия,1
2024-05-24,yandex.promopages,Пермь,Россия,1
2024-05-25,yandex.promopages,Ачинск,Россия,1
2024-05-25,yandex.promopages,Великие Луки,Россия,1
2024-05-25,yandex.promopages,Волгоград,Россия,1
2024-05-25,yandex.promopages,Липецк,Россия,1
2024-05-25,yandex.promopages,Чебоксары,Россия,1
2024-05-26,yandex.promopages,Не определено,Россия,1
2024-05-26,yandex.promopages,Волжский,Россия,1
2024-05-26,yandex.promopages,Екатеринбург,Россия,1
2024-05-26,yandex.promopages,Красноярск,Россия,1
2024-05-26,yandex.promopages,Москва,Россия,1
2024-05-26,yandex.promopages,Новосибирск,Россия,1
2024-05-26,yandex.promopages,Ржев,Россия,1
2024-05-26,yandex.promopages,Чебоксары,Россия,1
2024-05-26,yandex.promopages,Челябинск,Россия,1
2024-05-27,yandex.promopages,Не определено,Россия,1
2024-05-27,yandex.promopages,Москва,Россия,1
2024-05-27,yandex.promopages,Нижний Новгород,Россия,1
2024-05-27,yandex.promopages,Тольятти,Россия,1
2024-05-29,yandex.promopages,Не определено,Россия,1
2024-05-29,yandex.promopages,Самара,Россия,1
2024-05-30,yandex.promopages,Армавир,Россия,1
2024-05-30,yandex.promopages,Барнаул,Россия,1
2024-05-30,yandex.promopages,Бишкек,Кыргызстан,1
2024-05-30,yandex.promopages,Кемерово,Россия,1
2024-05-30,yandex.promopages,Краснодар,Россия,1
2024-05-30,yandex.promopages,Москва,Россия,1
2024-05-30,yandex.promopages,Нижний Новгород,Россия,1
2024-05-30,yandex.promopages,Оренбург,Россия,1
2024-05-30,yandex.promopages,Прокопьевск,Россия,1
2024-05-30,yandex.promopages,Ростов-на-Дону,Россия,1
2024-05-30,yandex.promopages,Рубцовск,Россия,1
2024-05-30,yandex.promopages,Смоленск,Россия,1
2024-05-30,yandex.promopages,Чита,Россия,1
2024-05-31,yandex.promopages,Казань,Россия,1
2024-05-31,yandex.promopages,Королёв,Россия,1
2024-05-31,yandex.promopages,Москва,Россия,1
2024-05-31,yandex.promopages,Санкт-Петербург,Россия,1
2024-06-01,yandex.promopages,Нижний Новгород,Россия,1
2024-06-01,yandex.promopages,Санкт-Петербург,Россия,1
2024-06-01,yandex.promopages,Саратов,Россия,1
2024-06-01,yandex.promopages,Симферополь,Россия,1
2024-06-02,yandex.promopages,Екатеринбург,Россия,1
2024-06-04,yandex.promopages,Ростов-на-Дону,Россия,1
2024-06-04,yandex.promopages,Смоленск,Россия,1
2024-06-05,yandex.promopages,Курск,Россия,1
2024-06-05,yandex.promopages,Москва,Россия,1
2024-06-06,yandex.promopages,Александров,Россия,1
2024-06-06,yandex.promopages,Амстердам,Нидерланды,1
2024-06-06,yandex.promopages,Владимир,Россия,1
2024-06-06,yandex.promopages,Волгоград,Россия,1
2024-06-06,yandex.promopages,Евпатория,Россия,1
2024-06-06,yandex.promopages,Йошкар-Ола,Россия,1
2024-06-06,yandex.promopages,Королёв,Россия,1
2024-06-06,yandex.promopages,Краснодар,Россия,1
2024-06-06,yandex.promopages,Москва,Россия,1
2024-06-06,yandex.promopages,Севастополь,Россия,1
2024-06-06,yandex.promopages,Смоленск,Россия,1
2024-06-07,yandex.promopages,Барнаул,Россия,1
2024-06-07,yandex.promopages,Екатеринбург,Россия,1
2024-06-07,yandex.promopages,Иркутск,Россия,1
2024-06-07,yandex.promopages,Ленинск-Кузнецкий,Россия,1
2024-06-07,yandex.promopages,Новороссийск,Россия,1
2024-06-07,yandex.promopages,Пенза,Россия,1
2024-06-08,yandex.promopages,Ташкент,Узбекистан,1
2024-06-09,yandex.promopages,Казань,Россия,1
2024-06-09,yandex.promopages,Москва,Россия,1
2024-06-09,yandex.promopages,Саратов,Россия,1
2024-06-09,yandex.promopages,Томск,Россия,1
2024-06-10,yandex.promopages,Воронеж,Россия,1
2024-06-10,yandex.promopages,Коломна,Россия,1
2024-06-10,yandex.promopages,Пенза,Россия,1
2024-06-10,yandex.promopages,Рязань,Россия,1
2024-06-10,yandex.promopages,Санкт-Петербург,Россия,1
2024-06-10,yandex.promopages,Уфа,Россия,1
2024-06-11,yandex.promopages,Краснодар,Россия,1
2024-06-11,yandex.promopages,Севастополь,Россия,1
2024-06-12,yandex.promopages,Липецк,Россия,1
2024-06-13,yandex.promopages,Не определено,Россия,1
2024-06-13,yandex.promopages,Краснодар,Россия,1
2024-06-13,yandex.promopages,Санкт-Петербург,Россия,1
2024-06-14,yandex.promopages,Красноярск,Россия,1
2024-06-17,yandex.promopages,Владимир,Россия,1
2024-06-17,yandex.promopages,Воронеж,Россия,1
2024-06-17,yandex.promopages,Калуга,Россия,1
2024-06-17,yandex.promopages,Ростов-на-Дону,Россия,1
2024-06-18,yandex.promopages,Москва,Россия,1
2024-06-18,yandex.promopages,Петрозаводск,Россия,1
2024-06-19,yandex.promopages,Алатырь,Россия,1
2024-06-19,yandex.promopages,Барнаул,Россия,1
2024-06-19,yandex.promopages,Иркутск,Россия,1
2024-06-19,yandex.promopages,Казань,Россия,1
2024-06-19,yandex.promopages,Калуга,Россия,1
2024-06-19,yandex.promopages,Королёв,Россия,1
2024-06-19,yandex.promopages,Липецк,Россия,1
2024-06-19,yandex.promopages,Майкоп,Россия,1
2024-06-19,yandex.promopages,Новосибирск,Россия,1
2024-06-19,yandex.promopages,Рязань,Россия,1
2024-06-19,yandex.promopages,Самара,Россия,1
2024-06-19,yandex.promopages,Симферополь,Россия,1
2024-06-19,yandex.promopages,Чебоксары,Россия,1
2024-06-20,yandex.promopages,Барнаул,Россия,1
2024-06-20,yandex.promopages,Брянск,Россия,1
2024-06-20,yandex.promopages,Владимир,Россия,1
2024-06-20,yandex.promopages,Домодедово,Россия,1
2024-06-20,yandex.promopages,Калининград,Россия,1
2024-06-20,yandex.promopages,Королёв,Россия,1
2024-06-20,yandex.promopages,Курск,Россия,1
2024-06-20,yandex.promopages,Люберцы,Россия,1
2024-06-20,yandex.promopages,Мурманск,Россия,1
2024-06-20,yandex.promopages,Нижневартовск,Россия,1
2024-06-20,yandex.promopages,Омск,Россия,1
2024-06-20,yandex.promopages,Пермь,Россия,1
2024-06-20,yandex.promopages,Саранск,Россия,1
2024-06-20,yandex.promopages,Севастополь,Россия,1
2024-06-20,yandex.promopages,Сыктывкар,Россия,1
2024-06-20,yandex.promopages,Томск,Россия,1
2024-06-20,yandex.promopages,Тюмень,Россия,1
2024-06-20,yandex.promopages,Феодосия,Россия,1
2024-06-20,yandex.promopages,Франкфурт-на-Майне,Германия,1
2024-06-20,yandex.promopages,Хабаровск,Россия,1
2024-06-20,yandex.promopages,Чебоксары,Россия,1
2024-06-21,yandex.promopages,Арамиль,Россия,1
2024-06-21,yandex.promopages,Брянск,Россия,1
2024-06-21,yandex.promopages,Дорогобуж,Россия,1
2024-06-21,yandex.promopages,Калининград,Россия,1
2024-06-21,yandex.promopages,Липецк,Россия,1
2024-06-21,yandex.promopages,Новосибирск,Россия,1
2024-06-21,yandex.promopages,Петропавловск-Камчатский,Россия,1
2024-06-21,yandex.promopages,Санкт-Петербург,Россия,1
2024-06-21,yandex.promopages,Севастополь,Россия,1
2024-06-21,yandex.promopages,Туапсе,Россия,1
2024-06-21,yandex.promopages,Франкфурт-на-Майне,Германия,1
2024-06-21,yandex.promopages,Челябинск,Россия,1
2024-06-22,yandex.promopages,Иркутск,Россия,1
2024-06-22,yandex.promopages,Санкт-Петербург,Россия,1
2024-06-23,yandex.promopages,Краснодар,Россия,1
2024-06-23,yandex.promopages,Москва,Россия,1
2024-06-23,yandex.promopages,Новосибирск,Россия,1
2024-06-23,yandex.promopages,Санкт-Петербург,Россия,1
2024-06-25,yandex.promopages,Якутск,Россия,1
2024-06-29,yandex.promopages,Не определено,Россия,1
2024-08-01,yandex.promopages,Не определено,Россия,10
2024-08-06,yandex.promopages,Не определено,Россия,10
2024-09-21,yandex.promopages,Не определено,Россия,10
2024-07-09,yandex.promopages,Не определено,Россия,9
2024-07-26,yandex.promopages,Не определено,Россия,9
2024-07-29,yandex.promopages,Не определено,Россия,9
2024-07-25,yandex.promopages,Не определено,Россия,8
2024-08-03,yandex.promopages,Не определено,Россия,8
2024-08-10,yandex.promopages,Не определено,Россия,8
2024-08-04,yandex.promopages,Не определено,Россия,7
2024-09-22,yandex.promopages,Не определено,Россия,7
2024-07-11,yandex.promopages,Не определено,Россия,6
2024-08-09,yandex.promopages,Не определено,Россия,6
2024-07-09,yandex.promopages,Москва,Россия,5
2024-07-20,yandex.promopages,Москва,Россия,5
2024-07-27,yandex.promopages,Не определено,Россия,5
2024-07-28,yandex.promopages,Москва,Россия,5
2024-08-02,yandex.promopages,Не определено,Россия,5
2024-08-05,yandex.promopages,Не определено,Россия,5
2024-09-07,yandex.promopages,Не определено,Россия,5
2024-07-10,yandex.promopages,Не определено,Россия,4
2024-07-30,yandex.promopages,Не определено,Россия,4
2024-07-30,yandex.promopages,Москва,Россия,4
2024-08-08,yandex.promopages,Не определено,Россия,4
2024-08-09,yandex.promopages,Москва,Россия,4
2024-09-20,yandex.promopages,Не определено,Россия,4
2024-09-22,yandex.promopages,Москва,Россия,4
2024-09-23,yandex.promopages,Не определено,Россия,4
2024-07-12,yandex.promopages,Челябинск,Россия,3
2024-07-13,yandex.promopages,Судак,Россия,3
2024-07-21,yandex.promopages,Не определено,Россия,3
2024-07-25,yandex.promopages,Владивосток,Россия,3
2024-07-25,yandex.promopages,Челябинск,Россия,3
2024-07-31,yandex.promopages,Москва,Россия,3
2024-08-07,yandex.promopages,Не определено,Россия,3
2024-08-20,yandex.promopages,Не определено,Россия,3
2024-08-23,yandex.promopages,Москва,Россия,3
2024-09-19,yandex.promopages,Не определено,Россия,3
2024-09-20,yandex.promopages,Архангельск,Россия,3
2024-09-23,yandex.promopages,Москва,Россия,3
2024-09-26,yandex.promopages,Не определено,Россия,3
2024-07-09,yandex.promopages,Саратов,Россия,2
2024-07-12,yandex.promopages,Не определено,Россия,2
2024-07-12,yandex.promopages,Судак,Россия,2
2024-07-14,yandex.promopages,Казань,Россия,2
2024-07-19,yandex.promopages,Не определено,Россия,2
2024-07-20,yandex.promopages,Не определено,Россия,2
2024-07-22,yandex.promopages,Не определено,Россия,2
2024-07-24,yandex.promopages,Не определено,Россия,2
2024-07-25,yandex.promopages,Казань,Россия,2
2024-07-26,yandex.promopages,Москва,Россия,2
2024-07-27,yandex.promopages,Москва,Россия,2
2024-07-29,yandex.promopages,Москва,Россия,2
2024-07-30,yandex.promopages,Саратов,Россия,2
2024-07-31,yandex.promopages,Не определено,Россия,2
2024-08-01,yandex.promopages,Москва,Россия,2
2024-08-06,yandex.promopages,Москва,Россия,2
2024-08-09,yandex.promopages,Иркутск,Россия,2
2024-08-11,yandex.promopages,Краснодар,Россия,2
2024-08-13,yandex.promopages,Москва,Россия,2
2024-08-14,yandex.promopages,Не определено,Россия,2
2024-08-15,yandex.promopages,Севастополь,Россия,2
2024-08-17,yandex.promopages,Не определено,Россия,2
2024-08-18,yandex.promopages,Не определено,Россия,2
2024-08-19,yandex.promopages,Не определено,Россия,2
2024-08-22,yandex.promopages,Не определено,Россия,2
2024-08-24,yandex.promopages,Не определено,Россия,2
2024-08-24,yandex.promopages,Киров,Россия,2
2024-08-29,yandex.promopages,Москва,Россия,2
2024-09-01,yandex.promopages,Не определено,Россия,2
2024-09-07,yandex.promopages,Москва,Россия,2
2024-09-08,yandex.promopages,Не определено,Россия,2
2024-09-08,yandex.promopages,Москва,Россия,2
2024-09-09,yandex.promopages,Не определено,Россия,2
2024-09-11,yandex.promopages,Москва,Россия,2
2024-09-12,yandex.promopages,Не определено,Россия,2
2024-09-12,yandex.promopages,Ярославль,Россия,2
2024-09-17,yandex.promopages,Москва,Россия,2
2024-09-18,yandex.promopages,Не определено,Россия,2
2024-09-20,yandex.promopages,Казань,Россия,2
2024-09-20,yandex.promopages,Москва,Россия,2
2024-09-21,yandex.promopages,Москва,Россия,2
2024-09-22,yandex.promopages,Екатеринбург,Россия,2
2024-09-22,yandex.promopages,Санкт-Петербург,Россия,2
2024-09-23,yandex.promopages,Санкт-Петербург,Россия,2
2024-09-27,yandex.promopages,Не определено,Россия,2
2024-07-03,yandex.promopages,Не определено,Россия,1
2024-07-05,yandex.promopages,Томск,Россия,1
2024-07-08,yandex.promopages,Москва,Россия,1
2024-07-09,yandex.promopages,Екатеринбург,Россия,1
2024-07-09,yandex.promopages,Королёв,Россия,1
2024-07-09,yandex.promopages,Краснодар,Россия,1
2024-07-09,yandex.promopages,Красноярск,Россия,1
2024-07-09,yandex.promopages,Курск,Россия,1
2024-07-09,yandex.promopages,Нижний Новгород,Россия,1
2024-07-09,yandex.promopages,Новосибирск,Россия,1
2024-07-09,yandex.promopages,Рязань,Россия,1
2024-07-09,yandex.promopages,Самара,Россия,1
2024-07-09,yandex.promopages,Сочи,Россия,1
2024-07-09,yandex.promopages,Ульяновск,Россия,1
2024-07-09,yandex.promopages,Чебоксары,Россия,1
2024-07-09,yandex.promopages,Элиста,Россия,1
2024-07-10,yandex.promopages,Курск,Россия,1
2024-07-10,yandex.promopages,Москва,Россия,1
2024-07-10,yandex.promopages,Нижний Новгород,Россия,1
2024-07-10,yandex.promopages,Новосибирск,Россия,1
2024-07-10,yandex.promopages,Рязань,Россия,1
2024-07-10,yandex.promopages,Саратов,Россия,1
2024-07-11,yandex.promopages,Екатеринбург,Россия,1
2024-07-11,yandex.promopages,Краснодар,Россия,1
2024-07-11,yandex.promopages,Кыштым,Россия,1
2024-07-11,yandex.promopages,Новосибирск,Россия,1
2024-07-11,yandex.promopages,Рязань,Россия,1
2024-07-11,yandex.promopages,Санкт-Петербург,Россия,1
2024-07-11,yandex.promopages,Саратов,Россия,1
2024-07-11,yandex.promopages,Тольятти,Россия,1
2024-07-12,yandex.promopages,Воронеж,Россия,1
2024-07-12,yandex.promopages,Москва,Россия,1
2024-07-12,yandex.promopages,Севастополь,Россия,1
2024-07-12,yandex.promopages,Советск,Россия,1
2024-07-12,yandex.promopages,Феодосия,Россия,1
2024-07-14,yandex.promopages,Санкт-Петербург,Россия,1
2024-07-15,yandex.promopages,Не определено,Россия,1
2024-07-15,yandex.promopages,Калининград,Россия,1
2024-07-15,yandex.promopages,Кемерово,Россия,1
2024-07-15,yandex.promopages,Москва,Россия,1
2024-07-16,yandex.promopages,Пенза,Россия,1
2024-07-16,yandex.promopages,Уфа,Россия,1
2024-07-17,yandex.promopages,Москва,Россия,1
2024-07-17,yandex.promopages,Санкт-Петербург,Россия,1
2024-07-19,yandex.promopages,Калуга,Россия,1
2024-07-19,yandex.promopages,Междуреченск,Россия,1
2024-07-19,yandex.promopages,Ростов-на-Дону,Россия,1
2024-07-20,yandex.promopages,Брянск,Россия,1
2024-07-20,yandex.promopages,Ижевск,Россия,1
2024-07-21,yandex.promopages,Белогорск,Россия,1
2024-07-21,yandex.promopages,Краснодар,Россия,1
2024-07-21,yandex.promopages,Ярославль,Россия,1
2024-07-22,yandex.promopages,Екатеринбург,Россия,1
2024-07-22,yandex.promopages,Псков,Россия,1
2024-07-22,yandex.promopages,Саранск,Россия,1
2024-07-23,yandex.promopages,Архангельск,Россия,1
2024-07-23,yandex.promopages,Калининград,Россия,1
2024-07-23,yandex.promopages,Краснодар,Россия,1
2024-07-23,yandex.promopages,Омск,Россия,1
2024-07-24,yandex.promopages,Псков,Россия,1
2024-07-24,yandex.promopages,Ростов-на-Дону,Россия,1
2024-07-25,yandex.promopages,Не определено,Не определено,1
2024-07-25,yandex.promopages,Евпатория,Россия,1
2024-07-25,yandex.promopages,Иркутск,Россия,1
2024-07-25,yandex.promopages,Калуга,Россия,1
2024-07-25,yandex.promopages,Краснодар,Россия,1
2024-07-25,yandex.promopages,Москва,Россия,1
2024-07-25,yandex.promopages,Новоалтайск,Россия,1
2024-07-25,yandex.promopages,Ростов-на-Дону,Россия,1
2024-07-25,yandex.promopages,Смоленск,Россия,1
2024-07-25,yandex.promopages,Стерлитамак,Россия,1
2024-07-25,yandex.promopages,Тольятти,Россия,1
2024-07-26,yandex.promopages,Екатеринбург,Россия,1
2024-07-26,yandex.promopages,Казань,Россия,1
2024-07-26,yandex.promopages,Новокузнецк,Россия,1
2024-07-26,yandex.promopages,Омск,Россия,1
2024-07-26,yandex.promopages,Тверь,Россия,1
2024-07-26,yandex.promopages,Чебоксары,Россия,1
2024-07-27,yandex.promopages,Краснодар,Россия,1
2024-07-27,yandex.promopages,Новосибирск,Россия,1
2024-07-27,yandex.promopages,Пенза,Россия,1
2024-07-27,yandex.promopages,Смоленск,Россия,1
2024-07-27,yandex.promopages,Тула,Россия,1
2024-07-27,yandex.promopages,Челябинск,Россия,1
2024-07-28,yandex.promopages,Не определено,Не определено,1
2024-07-28,yandex.promopages,Не определено,Россия,1
2024-07-28,yandex.promopages,Астрахань,Россия,1
2024-07-28,yandex.promopages,Брянск,Россия,1
2024-07-28,yandex.promopages,Нижний Новгород,Россия,1
2024-07-28,yandex.promopages,Новотроицк,Россия,1
2024-07-28,yandex.promopages,Подольск,Россия,1
2024-07-28,yandex.promopages,Ростов-на-Дону,Россия,1
2024-07-28,yandex.promopages,Санкт-Петербург,Россия,1
2024-07-28,yandex.promopages,Сосновый Бор,Россия,1
2024-07-28,yandex.promopages,Тамбов,Россия,1
2024-07-29,yandex.promopages,Выборг,Россия,1
2024-07-29,yandex.promopages,Калуга,Россия,1
2024-07-29,yandex.promopages,Киров,Россия,1
2024-07-29,yandex.promopages,Нижний Тагил,Россия,1
2024-07-29,yandex.promopages,Новосибирск,Россия,1
2024-07-29,yandex.promopages,Пенза,Россия,1
2024-07-29,yandex.promopages,Петрозаводск,Россия,1
2024-07-29,yandex.promopages,Санкт-Петербург,Россия,1
2024-07-29,yandex.promopages,Саранск,Россия,1
2024-07-29,yandex.promopages,Томск,Россия,1
2024-07-29,yandex.promopages,Унеча,Россия,1
2024-07-29,yandex.promopages,Хабаровск,Россия,1
2024-07-29,yandex.promopages,Череповец,Россия,1
2024-07-30,yandex.promopages,Не определено,Не определено,1
2024-07-30,yandex.promopages,Барнаул,Россия,1
2024-07-30,yandex.promopages,Белгород,Россия,1
2024-07-30,yandex.promopages,Екатеринбург,Россия,1
2024-07-30,yandex.promopages,Калининград,Россия,1
2024-07-30,yandex.promopages,Курск,Россия,1
2024-07-30,yandex.promopages,Санкт-Петербург,Россия,1
2024-07-30,yandex.promopages,Тольятти,Россия,1
2024-07-31,yandex.promopages,Барнаул,Россия,1
2024-07-31,yandex.promopages,Калининград,Россия,1
2024-07-31,yandex.promopages,Калуга,Россия,1
2024-07-31,yandex.promopages,Нижний Новгород,Россия,1
2024-07-31,yandex.promopages,Омск,Россия,1
2024-07-31,yandex.promopages,Пермь,Россия,1
2024-07-31,yandex.promopages,Тюмень,Россия,1
2024-08-01,yandex.promopages,Волжский,Россия,1
2024-08-01,yandex.promopages,Краснодар,Россия,1
2024-08-01,yandex.promopages,Энгельс,Россия,1
2024-08-02,yandex.promopages,Медногорск,Россия,1
2024-08-02,yandex.promopages,Москва,Россия,1
2024-08-03,yandex.promopages,Белгород,Россия,1
2024-08-03,yandex.promopages,Вилючинск,Россия,1
2024-08-03,yandex.promopages,Владивосток,Россия,1
2024-08-03,yandex.promopages,Константиновск,Россия,1
2024-08-03,yandex.promopages,Москва,Россия,1
2024-08-03,yandex.promopages,Новокузнецк,Россия,1
2024-08-03,yandex.promopages,Петропавловск-Камчатский,Россия,1
2024-08-03,yandex.promopages,Реутов,Россия,1
2024-08-03,yandex.promopages,Ростов-на-Дону,Россия,1
2024-08-03,yandex.promopages,Рязань,Россия,1
2024-08-03,yandex.promopages,Саратов,Россия,1
2024-08-04,yandex.promopages,Брянск,Россия,1
2024-08-04,yandex.promopages,Екатеринбург,Россия,1
2024-08-04,yandex.promopages,Киржач,Россия,1
2024-08-04,yandex.promopages,Москва,Россия,1
2024-08-04,yandex.promopages,Славгород,Россия,1
2024-08-04,yandex.promopages,Тула,Россия,1
2024-08-04,yandex.promopages,Чебоксары,Россия,1
2024-08-05,yandex.promopages,Иркутск,Россия,1
2024-08-06,yandex.promopages,Камень-на-Оби,Россия,1
2024-08-06,yandex.promopages,Кемерово,Россия,1
2024-08-06,yandex.promopages,Ковров,Россия,1
2024-08-06,yandex.promopages,Новосибирск,Россия,1
2024-08-06,yandex.promopages,Саратов,Россия,1
2024-08-06,yandex.promopages,Челябинск,Россия,1
2024-08-07,yandex.promopages,Пермь,Россия,1
2024-08-07,yandex.promopages,Самара,Россия,1
2024-08-07,yandex.promopages,Саратов,Россия,1
2024-08-07,yandex.promopages,Сочи,Россия,1
2024-08-07,yandex.promopages,Тюмень,Россия,1
2024-08-08,yandex.promopages,Истра,Россия,1
2024-08-08,yandex.promopages,Калининград,Россия,1
2024-08-08,yandex.promopages,Красноярск,Россия,1
2024-08-08,yandex.promopages,Москва,Россия,1
2024-08-08,yandex.promopages,Новороссийск,Россия,1
2024-08-08,yandex.promopages,Самара,Россия,1
2024-08-08,yandex.promopages,Санкт-Петербург,Россия,1
2024-08-08,yandex.promopages,Стрежевой,Россия,1
2024-08-08,yandex.promopages,Череповец,Россия,1
2024-08-08,yandex.promopages,Якутск,Россия,1
2024-08-09,yandex.promopages,Калининград,Россия,1
2024-08-09,yandex.promopages,Краснодар,Россия,1
2024-08-09,yandex.promopages,Нижний Новгород,Россия,1
2024-08-09,yandex.promopages,Новосибирск,Россия,1
2024-08-09,yandex.promopages,Орёл,Россия,1
2024-08-10,yandex.promopages,Анталья,Турция,1
2024-08-10,yandex.promopages,Архангельск,Россия,1
2024-08-10,yandex.promopages,Барнаул,Россия,1
2024-08-10,yandex.promopages,Краснодар,Россия,1
2024-08-11,yandex.promopages,Не определено,Россия,1
2024-08-11,yandex.promopages,Брянск,Россия,1
2024-08-11,yandex.promopages,Каменск-Шахтинский,Россия,1
2024-08-11,yandex.promopages,Уфа,Россия,1
2024-08-11,yandex.promopages,Челябинск,Россия,1
2024-08-12,yandex.promopages,Екатеринбург,Россия,1
2024-08-12,yandex.promopages,Краснодар,Россия,1
2024-08-12,yandex.promopages,Москва,Россия,1
2024-08-12,yandex.promopages,Нижний Новгород,Россия,1
2024-08-12,yandex.promopages,Оренбург,Россия,1
2024-08-12,yandex.promopages,Тюмень,Россия,1
2024-08-13,yandex.promopages,Не определено,Россия,1
2024-08-13,yandex.promopages,Саратов,Россия,1
2024-08-14,yandex.promopages,Москва,Россия,1
2024-08-14,yandex.promopages,Самара,Россия,1
2024-08-15,yandex.promopages,Нижний Новгород,Россия,1
2024-08-15,yandex.promopages,Старый Оскол,Россия,1
2024-08-16,yandex.promopages,Не определено,Россия,1
2024-08-16,yandex.promopages,Нижний Новгород,Россия,1
2024-08-18,yandex.promopages,Ростов-на-Дону,Россия,1
2024-08-19,yandex.promopages,Нижний Новгород,Россия,1
2024-08-20,yandex.promopages,Домодедово,Россия,1
2024-08-20,yandex.promopages,Калининград,Россия,1
2024-08-20,yandex.promopages,Москва,Россия,1
2024-08-20,yandex.promopages,Тамбов,Россия,1
2024-08-21,yandex.promopages,Владивосток,Россия,1
2024-08-21,yandex.promopages,Карасук,Россия,1
2024-08-21,yandex.promopages,Югорск,Россия,1
2024-08-23,yandex.promopages,Саратов,Россия,1
2024-08-24,yandex.promopages,Домодедово,Россия,1
2024-08-24,yandex.promopages,Екатеринбург,Россия,1
2024-08-24,yandex.promopages,Киров,Россия,1
2024-08-24,yandex.promopages,Москва,Россия,1
2024-08-24,yandex.promopages,Нижнекамск,Россия,1
2024-08-24,yandex.promopages,Нижний Новгород,Россия,1
2024-08-25,yandex.promopages,Не определено,Россия,1
2024-08-25,yandex.promopages,Кострома,Россия,1
2024-08-25,yandex.promopages,Москва,Россия,1
2024-08-25,yandex.promopages,Ростов-на-Дону,Россия,1
2024-08-25,yandex.promopages,Уфа,Россия,1
2024-08-26,yandex.promopages,Не определено,Россия,1
2024-08-26,yandex.promopages,Ставрополь,Россия,1
2024-08-26,yandex.promopages,Таганрог,Россия,1
2024-08-26,yandex.promopages,Тула,Россия,1
2024-08-27,yandex.promopages,Не определено,Россия,1
2024-08-27,yandex.promopages,Волгоград,Россия,1
2024-08-27,yandex.promopages,Канск,Россия,1
2024-08-27,yandex.promopages,Мурманск,Россия,1
2024-08-27,yandex.promopages,Тюмень,Россия,1
2024-08-28,yandex.promopages,Не определено,Россия,1
2024-08-28,yandex.promopages,Находка,Россия,1
2024-08-28,yandex.promopages,Нижний Новгород,Россия,1
2024-08-28,yandex.promopages,Саратов,Россия,1
2024-08-28,yandex.promopages,Хабаровск,Россия,1
2024-08-29,yandex.promopages,Не определено,Россия,1
2024-08-29,yandex.promopages,Киров,Россия,1
2024-08-29,yandex.promopages,Красноярск,Россия,1
2024-08-29,yandex.promopages,Саратов,Россия,1
2024-08-30,yandex.promopages,Краснодар,Россия,1
2024-08-30,yandex.promopages,Санкт-Петербург,Россия,1
2024-08-31,yandex.promopages,Не определено,Россия,1
2024-08-31,yandex.promopages,Санкт-Петербург,Россия,1
2024-09-01,yandex.promopages,Екатеринбург,Россия,1
2024-09-01,yandex.promopages,Киров,Россия,1
2024-09-01,yandex.promopages,Красноярск,Россия,1
2024-09-01,yandex.promopages,Севастополь,Россия,1
2024-09-02,yandex.promopages,Не определено,Россия,1
2024-09-02,yandex.promopages,Екатеринбург,Россия,1
2024-09-02,yandex.promopages,Ижевск,Россия,1
2024-09-02,yandex.promopages,Краснодар,Россия,1
2024-09-04,yandex.promopages,Калининград,Россия,1
2024-09-04,yandex.promopages,Череповец,Россия,1
2024-09-05,yandex.promopages,Мурманск,Россия,1
2024-09-06,yandex.promopages,Киров,Россия,1
2024-09-06,yandex.promopages,Москва,Россия,1
2024-09-06,yandex.promopages,Саки,Россия,1
2024-09-07,yandex.promopages,Астрахань,Россия,1
2024-09-07,yandex.promopages,Владивосток,Россия,1
2024-09-07,yandex.promopages,Екатеринбург,Россия,1
2024-09-07,yandex.promopages,Сочи,Россия,1
2024-09-07,yandex.promopages,Череповец,Россия,1
2024-09-08,yandex.promopages,Казань,Россия,1
2024-09-08,yandex.promopages,Киров,Россия,1
2024-09-08,yandex.promopages,Пенза,Россия,1
2024-09-09,yandex.promopages,Иваново,Россия,1
2024-09-09,yandex.promopages,Мурманск,Россия,1
2024-09-09,yandex.promopages,Пенза,Россия,1
2024-09-10,yandex.promopages,Не определено,Россия,1
2024-09-10,yandex.promopages,Ижевск,Россия,1
2024-09-10,yandex.promopages,Псков,Россия,1
2024-09-10,yandex.promopages,Уфа,Россия,1
2024-09-11,yandex.promopages,Не определено,Россия,1
2024-09-11,yandex.promopages,Волжский,Россия,1
2024-09-12,yandex.promopages,Якутск,Россия,1
2024-09-13,yandex.promopages,Волгоград,Россия,1
2024-09-13,yandex.promopages,Красноярск,Россия,1
2024-09-14,yandex.promopages,Долгопрудный,Россия,1
2024-09-14,yandex.promopages,Екатеринбург,Россия,1
2024-09-14,yandex.promopages,Москва,Россия,1
2024-09-15,yandex.promopages,Не определено,Не определено,1
2024-09-15,yandex.promopages,Ижевск,Россия,1
2024-09-15,yandex.promopages,Энгельс,Россия,1
2024-09-16,yandex.promopages,Не определено,Россия,1
2024-09-16,yandex.promopages,Казань,Россия,1
2024-09-16,yandex.promopages,Новосибирск,Россия,1
2024-09-16,yandex.promopages,Самара,Россия,1
2024-09-17,yandex.promopages,Не определено,Не определено,1
2024-09-17,yandex.promopages,Калуга,Россия,1
2024-09-17,yandex.promopages,Обнинск,Россия,1
2024-09-17,yandex.promopages,Пенза,Россия,1
2024-09-17,yandex.promopages,Раменское,Россия,1
2024-09-18,yandex.promopages,Липецк,Россия,1
2024-09-19,yandex.promopages,Архангельск,Россия,1
2024-09-19,yandex.promopages,Барнаул,Россия,1
2024-09-19,yandex.promopages,Екатеринбург,Россия,1
2024-09-19,yandex.promopages,Красноярск,Россия,1
2024-09-19,yandex.promopages,Москва,Россия,1
2024-09-19,yandex.promopages,Омск,Россия,1
2024-09-19,yandex.promopages,Тольятти,Россия,1
2024-09-19,yandex.promopages,Уфа,Россия,1
2024-09-19,yandex.promopages,Чебоксары,Россия,1
2024-09-20,yandex.promopages,Иваново,Россия,1
2024-09-20,yandex.promopages,Краснодар,Россия,1
2024-09-20,yandex.promopages,Могилёв,Беларусь,1
2024-09-20,yandex.promopages,Омск,Россия,1
2024-09-20,yandex.promopages,Пенза,Россия,1
2024-09-20,yandex.promopages,Саратов,Россия,1
2024-09-20,yandex.promopages,Тверь,Россия,1
2024-09-21,yandex.promopages,Березники,Россия,1
2024-09-21,yandex.promopages,Воронеж,Россия,1
2024-09-21,yandex.promopages,Вятские Поляны,Россия,1
2024-09-21,yandex.promopages,Екатеринбург,Россия,1
2024-09-21,yandex.promopages,Казань,Россия,1
2024-09-21,yandex.promopages,Киров,Россия,1
2024-09-21,yandex.promopages,Курск,Россия,1
2024-09-21,yandex.promopages,Самара,Россия,1
2024-09-21,yandex.promopages,Саратов,Россия,1
2024-09-22,yandex.promopages,Воронеж,Россия,1
2024-09-22,yandex.promopages,Казань,Россия,1
2024-09-22,yandex.promopages,Королёв,Россия,1
2024-09-22,yandex.promopages,Орёл,Россия,1
2024-09-22,yandex.promopages,Хабаровск,Россия,1
2024-09-23,yandex.promopages,Армавир,Россия,1
2024-09-23,yandex.promopages,Владивосток,Россия,1
2024-09-23,yandex.promopages,Волгоград,Россия,1
2024-09-23,yandex.promopages,Красноярск,Россия,1
2024-09-23,yandex.promopages,Рязань,Россия,1
2024-09-23,yandex.promopages,Ульяновск,Россия,1
2024-09-23,yandex.promopages,Черноголовка,Россия,1
2024-09-24,yandex.promopages,Не определено,Россия,1
2024-09-25,yandex.promopages,Не определено,Россия,1
2024-09-27,yandex.promopages,Белгород,Россия,1
2024-09-27,yandex.promopages,Великий Новгород,Россия,1
2024-09-27,yandex.promopages,Краснодар,Россия,1
2024-09-27,yandex.promopages,Санкт-Петербург,Россия,1
2024-09-29,yandex.promopages,Не определено,Россия,1
2024-09-29,yandex.promopages,Ижевск,Россия,1
2024-09-29,yandex.promopages,Красноярск,Россия,1
2024-09-29,yandex.promopages,Москва,Россия,1
2024-09-29,yandex.promopages,Пенза,Россия,1
2024-09-29,yandex.promopages,Подольск,Россия,1
2024-09-29,yandex.promopages,Санкт-Петербург,Россия,1
2024-09-30,yandex.promopages,Не определено,Германия,1
2024-09-30,yandex.promopages,Москва,Россия,1
2024-09-30,yandex.promopages,Ростов-на-Дону,Россия,1
2024-11-29,yandex.promopages,Не определено,Россия,9
2024-10-30,yandex.promopages,Не определено,Россия,6
2024-10-20,yandex.promopages,Не определено,Россия,4
2024-10-29,yandex.promopages,Москва,Россия,4
2024-11-04,yandex.promopages,Не определено,Россия,4
2024-11-07,yandex.promopages,Не определено,Россия,4
2024-11-13,yandex.promopages,Не определено,Россия,4
2024-11-22,yandex.promopages,Не определено,Россия,4
2024-10-06,yandex.promopages,Не определено,Россия,3
2024-10-08,yandex.promopages,Не определено,Россия,3
2024-10-10,yandex.promopages,Не определено,Россия,3
2024-10-17,yandex.promopages,Москва,Россия,3
2024-10-24,yandex.promopages,Санкт-Петербург,Россия,3
2024-10-26,yandex.promopages,Москва,Россия,3
2024-10-29,yandex.promopages,Не определено,Россия,3
2024-10-31,yandex.promopages,Не определено,Россия,3
2024-11-01,yandex.promopages,Не определено,Россия,3
2024-11-27,yandex.promopages,Не определено,Россия,3
2024-11-28,yandex.promopages,Не определено,Россия,3
2024-11-28,yandex.promopages,Санкт-Петербург,Россия,3
2024-11-30,yandex.promopages,Москва,Россия,3
2024-12-01,yandex.promopages,Не определено,Россия,3
2024-10-01,yandex.promopages,Москва,Россия,2
2024-10-02,yandex.promopages,Не определено,Россия,2
2024-10-07,yandex.promopages,Не определено,Россия,2
2024-10-11,yandex.promopages,Не определено,Россия,2
2024-10-20,yandex.promopages,Москва,Россия,2
2024-10-21,yandex.promopages,Москва,Россия,2
2024-10-22,yandex.promopages,Не определено,Россия,2
2024-10-22,yandex.promopages,Тюмень,Россия,2
2024-10-24,yandex.promopages,Не определено,Россия,2
2024-10-24,yandex.promopages,Казань,Россия,2
2024-10-26,yandex.promopages,Самара,Россия,2
2024-10-28,yandex.promopages,Не определено,Россия,2
2024-10-29,yandex.promopages,Ульяновск,Россия,2
2024-10-30,yandex.promopages,Москва,Россия,2
2024-11-01,yandex.promopages,Михайловка,Россия,2
2024-11-02,yandex.promopages,Не определено,Россия,2
2024-11-02,yandex.promopages,Казань,Россия,2
2024-11-04,yandex.promopages,Санкт-Петербург,Россия,2
2024-11-07,yandex.promopages,Оренбург,Россия,2
2024-11-10,yandex.promopages,Пенза,Россия,2
2024-11-12,yandex.promopages,Нальчик,Россия,2
2024-11-14,yandex.promopages,Нижний Новгород,Россия,2
2024-11-20,yandex.promopages,Не определено,Россия,2
2024-11-25,yandex.promopages,Липецк,Россия,2
2024-11-27,yandex.promopages,Москва,Россия,2
2024-11-29,yandex.promopages,Калининград,Россия,2
2024-11-29,yandex.promopages,Смоленск,Россия,2
2024-12-01,yandex.promopages,Казань,Россия,2
2024-12-23,yandex.promopages,Липецк,Россия,2
2024-12-24,yandex.promopages,Липецк,Россия,2
2024-10-01,yandex.promopages,Не определено,Россия,1
2024-10-01,yandex.promopages,Самара,Россия,1
2024-10-02,yandex.promopages,Екатеринбург,Россия,1
2024-10-03,yandex.promopages,Не определено,Россия,1
2024-10-04,yandex.promopages,Не определено,Россия,1
2024-10-04,yandex.promopages,Белово,Россия,1
2024-10-04,yandex.promopages,Симферополь,Россия,1
2024-10-05,yandex.promopages,Екатеринбург,Россия,1
2024-10-05,yandex.promopages,Киселёвск,Россия,1
2024-10-05,yandex.promopages,Ростов-на-Дону,Россия,1
2024-10-06,yandex.promopages,Не определено,Беларусь,1
2024-10-06,yandex.promopages,Екатеринбург,Россия,1
2024-10-06,yandex.promopages,Минск,Беларусь,1
2024-10-06,yandex.promopages,Москва,Россия,1
2024-10-06,yandex.promopages,Шебекино,Россия,1
2024-10-06,yandex.promopages,Щёлково,Россия,1
2024-10-07,yandex.promopages,Воронеж,Россия,1
2024-10-07,yandex.promopages,Дмитров,Россия,1
2024-10-08,yandex.promopages,Ижевск,Россия,1
2024-10-08,yandex.promopages,Пионерский,Россия,1
2024-10-08,yandex.promopages,Ростов-на-Дону,Россия,1
2024-10-08,yandex.promopages,Ярославль,Россия,1
2024-10-09,yandex.promopages,Воронеж,Россия,1
2024-10-09,yandex.promopages,Заречный,Россия,1
2024-10-09,yandex.promopages,Кемерово,Россия,1
2024-10-09,yandex.promopages,Михайловка,Россия,1
2024-10-09,yandex.promopages,Москва,Россия,1
2024-10-09,yandex.promopages,Санкт-Петербург,Россия,1
2024-10-09,yandex.promopages,Ставрополь,Россия,1
2024-10-10,yandex.promopages,Ростов-на-Дону,Россия,1
2024-10-10,yandex.promopages,Хабаровск,Россия,1
2024-10-12,yandex.promopages,Ростов-на-Дону,Россия,1
2024-10-13,yandex.promopages,Не определено,Россия,1
2024-10-14,yandex.promopages,Не определено,Россия,1
2024-10-15,yandex.promopages,Ульяновск,Россия,1
2024-10-16,yandex.promopages,Не определено,Россия,1
2024-10-16,yandex.promopages,Белгород,Россия,1
2024-10-16,yandex.promopages,Тихорецк,Россия,1
2024-10-17,yandex.promopages,Кириши,Россия,1
2024-10-17,yandex.promopages,Нижний Новгород,Россия,1
2024-10-17,yandex.promopages,Руза,Россия,1
2024-10-17,yandex.promopages,Санкт-Петербург,Россия,1
2024-10-18,yandex.promopages,Санкт-Петербург,Россия,1
2024-10-19,yandex.promopages,Не определено,Россия,1
2024-10-19,yandex.promopages,Оренбург,Россия,1
2024-10-19,yandex.promopages,Санкт-Петербург,Россия,1
2024-10-19,yandex.promopages,Челябинск,Россия,1
2024-10-19,yandex.promopages,Южно-Сахалинск,Россия,1
2024-10-20,yandex.promopages,Бердск,Россия,1
2024-10-20,yandex.promopages,Екатеринбург,Россия,1
2024-10-20,yandex.promopages,Нижний Новгород,Россия,1
2024-10-20,yandex.promopages,Подольск,Россия,1
2024-10-20,yandex.promopages,Тюмень,Россия,1
2024-10-20,yandex.promopages,Шебекино,Россия,1
2024-10-21,yandex.promopages,Калининград,Россия,1
2024-10-21,yandex.promopages,Нижний Новгород,Россия,1
2024-10-21,yandex.promopages,Омск,Россия,1
2024-10-21,yandex.promopages,Петропавловск-Камчатский,Россия,1
2024-10-22,yandex.promopages,Казань,Россия,1
2024-10-22,yandex.promopages,Москва,Россия,1
2024-10-22,yandex.promopages,Санкт-Петербург,Россия,1
2024-10-22,yandex.promopages,Тверь,Россия,1
2024-10-22,yandex.promopages,Шебекино,Россия,1
2024-10-23,yandex.promopages,Ижевск,Россия,1
2024-10-23,yandex.promopages,Москва,Россия,1
2024-10-23,yandex.promopages,Санкт-Петербург,Россия,1
2024-10-24,yandex.promopages,Братск,Россия,1
2024-10-24,yandex.promopages,Мурманск,Россия,1
2024-10-24,yandex.promopages,Нижний Новгород,Россия,1
2024-10-24,yandex.promopages,Омск,Россия,1
2024-10-24,yandex.promopages,Уфа,Россия,1
2024-10-25,yandex.promopages,Не определено,Россия,1
2024-10-25,yandex.promopages,Котельники,Россия,1
2024-10-25,yandex.promopages,Новокузнецк,Россия,1
2024-10-25,yandex.promopages,Омск,Россия,1
2024-10-25,yandex.promopages,Ростов-на-Дону,Россия,1
2024-10-26,yandex.promopages,Не определено,Россия,1
2024-10-26,yandex.promopages,Бокситогорск,Россия,1
2024-10-26,yandex.promopages,Ярославль,Россия,1
2024-10-27,yandex.promopages,Владивосток,Россия,1
2024-10-27,yandex.promopages,Владимир,Россия,1
2024-10-27,yandex.promopages,Заринск,Россия,1
2024-10-27,yandex.promopages,Москва,Россия,1
2024-10-27,yandex.promopages,Псков,Россия,1
2024-10-27,yandex.promopages,Санкт-Петербург,Россия,1
2024-10-28,yandex.promopages,Не определено,Не определено,1
2024-10-28,yandex.promopages,Екатеринбург,Россия,1
2024-10-28,yandex.promopages,Москва,Россия,1
2024-10-29,yandex.promopages,Екатеринбург,Россия,1
2024-10-29,yandex.promopages,Красноярск,Россия,1
2024-10-29,yandex.promopages,Ростов-на-Дону,Россия,1
2024-10-29,yandex.promopages,Санкт-Петербург,Россия,1
2024-10-29,yandex.promopages,Чита,Россия,1
2024-10-30,yandex.promopages,Биробиджан,Россия,1
2024-10-30,yandex.promopages,Калининград,Россия,1
2024-10-30,yandex.promopages,Каменск-Шахтинский,Россия,1
2024-10-30,yandex.promopages,Краснодар,Россия,1
2024-10-30,yandex.promopages,Новосибирск,Россия,1
2024-10-30,yandex.promopages,Ростов-на-Дону,Россия,1
2024-10-30,yandex.promopages,Томск,Россия,1
2024-10-30,yandex.promopages,Химки,Россия,1
2024-10-30,yandex.promopages,Чита,Россия,1
2024-10-30,yandex.promopages,Южно-Сахалинск,Россия,1
2024-10-31,yandex.promopages,Москва,Россия,1
2024-10-31,yandex.promopages,Ростов-на-Дону,Россия,1
2024-10-31,yandex.promopages,Северск,Россия,1
2024-11-01,yandex.promopages,Архангельск,Россия,1
2024-11-01,yandex.promopages,Омск,Россия,1
2024-11-02,yandex.promopages,Домодедово,Россия,1
2024-11-02,yandex.promopages,Санкт-Петербург,Россия,1
2024-11-02,yandex.promopages,Уфа,Россия,1
2024-11-03,yandex.promopages,Не определено,Россия,1
2024-11-03,yandex.promopages,Домодедово,Россия,1
2024-11-03,yandex.promopages,Саранск,Россия,1
2024-11-03,yandex.promopages,Ступино,Россия,1
2024-11-04,yandex.promopages,Курск,Россия,1
2024-11-05,yandex.promopages,Не определено,Россия,1
2024-11-05,yandex.promopages,Вологда,Россия,1
2024-11-05,yandex.promopages,Кострома,Россия,1
2024-11-05,yandex.promopages,Москва,Россия,1
2024-11-07,yandex.promopages,Белгород,Россия,1
2024-11-07,yandex.promopages,Коряжма,Россия,1
2024-11-07,yandex.promopages,Москва,Россия,1
2024-11-07,yandex.promopages,Нижний Новгород,Россия,1
2024-11-07,yandex.promopages,Ногинск,Россия,1
2024-11-07,yandex.promopages,Пенза,Россия,1
2024-11-07,yandex.promopages,Санкт-Петербург,Россия,1
2024-11-07,yandex.promopages,Ставрополь,Россия,1
2024-11-08,yandex.promopages,Москва,Россия,1
2024-11-09,yandex.promopages,Не определено,Германия,1
2024-11-09,yandex.promopages,Не определено,Россия,1
2024-11-09,yandex.promopages,Москва,Россия,1
2024-11-10,yandex.promopages,Не определено,Россия,1
2024-11-10,yandex.promopages,Волгоград,Россия,1
2024-11-10,yandex.promopages,Тюмень,Россия,1
2024-11-11,yandex.promopages,Москва,Россия,1
2024-11-11,yandex.promopages,Санкт-Петербург,Россия,1
2024-11-12,yandex.promopages,Ступино,Россия,1
2024-11-13,yandex.promopages,Новосибирск,Россия,1
2024-11-13,yandex.promopages,Смоленск,Россия,1
2024-11-14,yandex.promopages,Барнаул,Россия,1
2024-11-14,yandex.promopages,Казань,Россия,1
2024-11-14,yandex.promopages,Новосибирск,Россия,1
2024-11-14,yandex.promopages,Орёл,Россия,1
2024-11-14,yandex.promopages,Саратов,Россия,1
2024-11-14,yandex.promopages,Тамбов,Россия,1
2024-11-15,yandex.promopages,Не определено,Россия,1
2024-11-15,yandex.promopages,Казань,Россия,1
2024-11-15,yandex.promopages,Москва,Россия,1
2024-11-15,yandex.promopages,Нижний Новгород,Россия,1
2024-11-16,yandex.promopages,Не определено,Россия,1
2024-11-16,yandex.promopages,Барнаул,Россия,1
2024-11-16,yandex.promopages,Казань,Россия,1
2024-11-16,yandex.promopages,Москва,Россия,1
2024-11-16,yandex.promopages,Новосибирск,Россия,1
2024-11-16,yandex.promopages,Ногинск,Россия,1
2024-11-16,yandex.promopages,Санкт-Петербург,Россия,1
2024-11-16,yandex.promopages,Ярославль,Россия,1
2024-11-17,yandex.promopages,Не определено,Не определено,1
2024-11-17,yandex.promopages,Не определено,Россия,1
2024-11-17,yandex.promopages,Москва,Россия,1
2024-11-17,yandex.promopages,Рязань,Россия,1
2024-11-17,yandex.promopages,Санкт-Петербург,Россия,1
2024-11-19,yandex.promopages,Брянск,Россия,1
2024-11-19,yandex.promopages,Вологда,Россия,1
2024-11-19,yandex.promopages,Липецк,Россия,1
2024-11-19,yandex.promopages,Москва,Россия,1
2024-11-20,yandex.promopages,Иваново,Россия,1
2024-11-20,yandex.promopages,Тверь,Россия,1
2024-11-21,yandex.promopages,Не определено,Россия,1
2024-11-21,yandex.promopages,Липецк,Россия,1
2024-11-21,yandex.promopages,Москва,Россия,1
2024-11-21,yandex.promopages,Нижний Новгород,Россия,1
2024-11-21,yandex.promopages,Новосибирск,Россия,1
2024-11-22,yandex.promopages,Курск,Россия,1
2024-11-22,yandex.promopages,Липецк,Россия,1
2024-11-22,yandex.promopages,Санкт-Петербург,Россия,1
2024-11-23,yandex.promopages,Великий Новгород,Россия,1
2024-11-23,yandex.promopages,Воронеж,Россия,1
2024-11-23,yandex.promopages,Краснодар,Россия,1
2024-11-23,yandex.promopages,Москва,Россия,1
2024-11-23,yandex.promopages,Новосибирск,Россия,1
2024-11-24,yandex.promopages,Екатеринбург,Россия,1
2024-11-24,yandex.promopages,Ижевск,Россия,1
2024-11-24,yandex.promopages,Краснодар,Россия,1
2024-11-24,yandex.promopages,Москва,Россия,1
2024-11-24,yandex.promopages,Нальчик,Россия,1
2024-11-24,yandex.promopages,Наро-Фоминск,Россия,1
2024-11-24,yandex.promopages,Череповец,Россия,1
2024-11-25,yandex.promopages,Ступино,Россия,1
2024-11-26,yandex.promopages,Не определено,Россия,1
2024-11-26,yandex.promopages,Воронеж,Россия,1
2024-11-26,yandex.promopages,Екатеринбург,Россия,1
2024-11-26,yandex.promopages,Краснодар,Россия,1
2024-11-26,yandex.promopages,Липецк,Россия,1
2024-11-26,yandex.promopages,Москва,Россия,1
2024-11-27,yandex.promopages,Воронеж,Россия,1
2024-11-27,yandex.promopages,Калининград,Россия,1
2024-11-27,yandex.promopages,Липецк,Россия,1
2024-11-27,yandex.promopages,Санкт-Петербург,Россия,1
2024-11-27,yandex.promopages,Уфа,Россия,1
2024-11-28,yandex.promopages,Волгоград,Россия,1
2024-11-28,yandex.promopages,Казань,Россия,1
2024-11-28,yandex.promopages,Липецк,Россия,1
2024-11-28,yandex.promopages,Михайловка,Россия,1
2024-11-28,yandex.promopages,Оренбург,Россия,1
2024-11-28,yandex.promopages,Рыбинск,Россия,1
2024-11-28,yandex.promopages,Уфа,Россия,1
2024-11-29,yandex.promopages,Брянск,Россия,1
2024-11-29,yandex.promopages,Воткинск,Россия,1
2024-11-29,yandex.promopages,Екатеринбург,Россия,1
2024-11-29,yandex.promopages,Ишим,Россия,1
2024-11-29,yandex.promopages,Краснодар,Россия,1
2024-11-29,yandex.promopages,Липецк,Россия,1
2024-11-29,yandex.promopages,Москва,Россия,1
2024-11-29,yandex.promopages,Нижний Новгород,Россия,1
2024-11-29,yandex.promopages,Обнинск,Россия,1
2024-11-29,yandex.promopages,Санкт-Петербург,Россия,1
2024-11-29,yandex.promopages,Челябинск,Россия,1
2024-11-29,yandex.promopages,Ялта,Россия,1
2024-11-30,yandex.promopages,Не определено,Россия,1
2024-11-30,yandex.promopages,Белгород,Россия,1
2024-11-30,yandex.promopages,Владимир,Россия,1
2024-11-30,yandex.promopages,Екатеринбург,Россия,1
2024-11-30,yandex.promopages,Ижевск,Россия,1
2024-11-30,yandex.promopages,Казань,Россия,1
2024-11-30,yandex.promopages,Красноярск,Россия,1
2024-11-30,yandex.promopages,Нижний Новгород,Россия,1
2024-11-30,yandex.promopages,Санкт-Петербург,Россия,1
2024-12-01,yandex.promopages,Волгоград,Россия,1
2024-12-01,yandex.promopages,Москва,Россия,1
2024-12-01,yandex.promopages,Мурманск,Россия,1
2024-12-01,yandex.promopages,Уфа,Россия,1
2024-12-01,yandex.promopages,Хабаровск,Россия,1
2024-12-01,yandex.promopages,Ярославль,Россия,1
2024-12-02,yandex.promopages,Липецк,Россия,1
2024-12-03,yandex.promopages,Липецк,Россия,1
2024-12-04,yandex.promopages,Липецк,Россия,1
2024-12-05,yandex.promopages,Липецк,Россия,1
2024-12-06,yandex.promopages,Липецк,Россия,1
2024-12-09,yandex.promopages,Липецк,Россия,1
2024-12-11,yandex.promopages,Липецк,Россия,1
2024-12-12,yandex.promopages,Липецк,Россия,1
2024-12-13,yandex.promopages,Липецк,Россия,1
2024-12-14,yandex.promopages,Не определено,Россия,1
2024-12-16,yandex.promopages,Липецк,Россия,1
2024-12-17,yandex.promopages,Липецк,Россия,1
2024-12-18,yandex.promopages,Липецк,Россия,1
2024-12-19,yandex.promopages,Липецк,Россия,1
2024-12-20,yandex.promopages,Липецк,Россия,1
2024-12-26,yandex.promopages,Екатеринбург,Россия,1
2024-12-26,yandex.promopages,Липецк,Россия,1
2024-12-26,yandex.promopages,Санкт-Петербург,Россия,1
2024-12-27,yandex.promopages,Липецк,Россия,1
2024-12-28,yandex.promopages,Липецк,Россия,1
2025-03-21,yandex.promopages,Не определено,Россия,48
2025-03-23,yandex.promopages,Не определено,Россия,47
2025-03-22,yandex.promopages,Не определено,Россия,37
2025-03-22,yandex.promopages,Москва,Россия,20
2025-03-23,yandex.promopages,Москва,Россия,17
2025-03-29,yandex.promopages,Не определено,Россия,13
2025-03-22,yandex.promopages,Санкт-Петербург,Россия,11
2025-03-21,yandex.promopages,Москва,Россия,9
2025-03-23,yandex.promopages,Нижний Новгород,Россия,9
2025-03-22,yandex.promopages,Екатеринбург,Россия,7
2025-03-23,yandex.promopages,Санкт-Петербург,Россия,7
2025-03-24,yandex.promopages,Не определено,Россия,7
2025-03-29,yandex.promopages,Москва,Россия,7
2025-03-30,yandex.promopages,Не определено,Россия,7
2025-03-21,yandex.promopages,Казань,Россия,6
2025-03-21,yandex.promopages,Саратов,Россия,6
2025-03-21,yandex.promopages,Уфа,Россия,6
2025-03-22,yandex.promopages,Краснодар,Россия,6
2025-03-22,yandex.promopages,Нижний Новгород,Россия,6
2025-03-30,yandex.promopages,Москва,Россия,6
2025-03-21,yandex.promopages,Екатеринбург,Россия,5
2025-03-21,yandex.promopages,Новосибирск,Россия,5
2025-03-23,yandex.promopages,Краснодар,Россия,5
2025-03-25,yandex.promopages,Не определено,Россия,5
2025-03-21,yandex.promopages,Калининград,Россия,4
2025-03-21,yandex.promopages,Красноярск,Россия,4
2025-03-22,yandex.promopages,Чита,Россия,4
2025-03-23,yandex.promopages,Екатеринбург,Россия,4
2025-03-28,yandex.promopages,Москва,Россия,4
2025-03-28,yandex.promopages,Санкт-Петербург,Россия,4
2025-03-30,yandex.promopages,Екатеринбург,Россия,4
2025-03-06,yandex.promopages,Липецк,Россия,3
2025-03-20,yandex.promopages,Не определено,Россия,3
2025-03-21,yandex.promopages,Краснодар,Россия,3
2025-03-21,yandex.promopages,Нижний Новгород,Россия,3
2025-03-21,yandex.promopages,Санкт-Петербург,Россия,3
2025-03-21,yandex.promopages,Тамбов,Россия,3
2025-03-22,yandex.promopages,Владивосток,Россия,3
2025-03-23,yandex.promopages,Брянск,Россия,3
2025-03-23,yandex.promopages,Новосибирск,Россия,3
2025-03-24,yandex.promopages,Санкт-Петербург,Россия,3
2025-03-27,yandex.promopages,Не определено,Россия,3
2025-03-30,yandex.promopages,Санкт-Петербург,Россия,3
2025-01-09,yandex.promopages,Липецк,Россия,2
2025-01-13,yandex.promopages,Липецк,Россия,2
2025-03-03,yandex.promopages,Липецк,Россия,2
2025-03-07,yandex.promopages,Липецк,Россия,2
2025-03-21,yandex.promopages,Астрахань,Россия,2
2025-03-21,yandex.promopages,Брянск,Россия,2
2025-03-21,yandex.promopages,Волгоград,Россия,2
2025-03-21,yandex.promopages,Ижевск,Россия,2
2025-03-21,yandex.promopages,Курск,Россия,2
2025-03-21,yandex.promopages,Набережные Челны,Россия,2
2025-03-21,yandex.promopages,Нижний Тагил,Россия,2
2025-03-21,yandex.promopages,Омск,Россия,2
2025-03-21,yandex.promopages,Псков,Россия,2
2025-03-21,yandex.promopages,Ростов-на-Дону,Россия,2
2025-03-21,yandex.promopages,Самара,Россия,2
2025-03-21,yandex.promopages,Тольятти,Россия,2
2025-03-21,yandex.promopages,Ульяновск,Россия,2
2025-03-22,yandex.promopages,Брянск,Россия,2
2025-03-22,yandex.promopages,Калининград,Россия,2
2025-03-22,yandex.promopages,Новосибирск,Россия,2
2025-03-22,yandex.promopages,Оренбург,Россия,2
2025-03-22,yandex.promopages,Смоленск,Россия,2
2025-03-22,yandex.promopages,Челябинск,Россия,2
2025-03-23,yandex.promopages,Благовещенск,Россия,2
2025-03-23,yandex.promopages,Богородицк,Россия,2
2025-03-23,yandex.promopages,Казань,Россия,2
2025-03-23,yandex.promopages,Омск,Россия,2
2025-03-23,yandex.promopages,Пенза,Россия,2
2025-03-23,yandex.promopages,Саратов,Россия,2
2025-03-23,yandex.promopages,Тверь,Россия,2
2025-03-24,yandex.promopages,Москва,Россия,2
2025-03-25,yandex.promopages,Липецк,Россия,2
2025-03-26,yandex.promopages,Нижний Новгород,Россия,2
2025-03-28,yandex.promopages,Не определено,Россия,2
2025-03-28,yandex.promopages,Якутск,Россия,2
2025-03-29,yandex.promopages,Владивосток,Россия,2
2025-03-29,yandex.promopages,Нижний Новгород,Россия,2
2025-01-10,yandex.promopages,Липецк,Россия,1
2025-01-14,yandex.promopages,Липецк,Россия,1
2025-01-14,yandex.promopages,Тамбов,Россия,1
2025-01-15,yandex.promopages,Липецк,Россия,1
2025-01-16,yandex.promopages,Липецк,Россия,1
2025-01-20,yandex.promopages,Липецк,Россия,1
2025-01-21,yandex.promopages,Липецк,Россия,1
2025-01-24,yandex.promopages,Липецк,Россия,1
2025-01-27,yandex.promopages,Липецк,Россия,1
2025-01-28,yandex.promopages,Липецк,Россия,1
2025-01-31,yandex.promopages,Липецк,Россия,1
2025-02-03,yandex.promopages,Липецк,Россия,1
2025-02-04,yandex.promopages,Липецк,Россия,1
2025-02-05,yandex.promopages,Липецк,Россия,1
2025-02-06,yandex.promopages,Липецк,Россия,1
2025-02-07,yandex.promopages,Липецк,Россия,1
2025-02-11,yandex.promopages,Липецк,Россия,1
2025-02-12,yandex.promopages,Липецк,Россия,1
2025-02-13,yandex.promopages,Липецк,Россия,1
2025-02-14,yandex.promopages,Липецк,Россия,1
2025-02-18,yandex.promopages,Липецк,Россия,1
2025-02-19,yandex.promopages,Липецк,Россия,1
2025-02-20,yandex.promopages,Липецк,Россия,1
2025-02-21,yandex.promopages,Липецк,Россия,1
2025-02-24,yandex.promopages,Липецк,Россия,1
2025-02-25,yandex.promopages,Липецк,Россия,1
2025-02-26,yandex.promopages,Липецк,Россия,1
2025-02-27,yandex.promopages,Липецк,Россия,1
2025-02-28,yandex.promopages,Липецк,Россия,1
2025-03-04,yandex.promopages,Липецк,Россия,1
2025-03-05,yandex.promopages,Липецк,Россия,1
2025-03-19,yandex.promopages,Новосибирск,Россия,1
2025-03-19,yandex.promopages,Самара,Россия,1
2025-03-19,yandex.promopages,Якутск,Россия,1
2025-03-19,yandex.promopages,Ярославль,Россия,1
2025-03-20,yandex.promopages,Новосибирск,Россия,1
2025-03-21,yandex.promopages,Не определено,Не определено,1
2025-03-21,yandex.promopages,Александров,Россия,1
2025-03-21,yandex.promopages,Алушта,Россия,1
2025-03-21,yandex.promopages,Амстердам,Нидерланды,1
2025-03-21,yandex.promopages,Барнаул,Россия,1
2025-03-21,yandex.promopages,Белебей,Россия,1
2025-03-21,yandex.promopages,Иваново,Россия,1
2025-03-21,yandex.promopages,Йошкар-Ола,Россия,1
2025-03-21,yandex.promopages,Калуга,Россия,1
2025-03-21,yandex.promopages,Киров,Россия,1
2025-03-21,yandex.promopages,Короча,Россия,1
2025-03-21,yandex.promopages,Мыски,Россия,1
2025-03-21,yandex.promopages,Переславль-Залесский,Россия,1
2025-03-21,yandex.promopages,Пермь,Россия,1
2025-03-21,yandex.promopages,Петрозаводск,Россия,1
2025-03-21,yandex.promopages,Саранск,Россия,1
2025-03-21,yandex.promopages,Смоленск,Россия,1
2025-03-21,yandex.promopages,Сыктывкар,Россия,1
2025-03-21,yandex.promopages,Тавда,Россия,1
2025-03-21,yandex.promopages,Томск,Россия,1
2025-03-21,yandex.promopages,Тула,Россия,1
2025-03-21,yandex.promopages,Тюмень,Россия,1
2025-03-21,yandex.promopages,Улан-Удэ,Россия,1
2025-03-21,yandex.promopages,Хадыженск,Россия,1
2025-03-21,yandex.promopages,Челябинск,Россия,1
2025-03-21,yandex.promopages,Чита,Россия,1
2025-03-22,yandex.promopages,Амстердам,Нидерланды,1
2025-03-22,yandex.promopages,Арзамас,Россия,1
2025-03-22,yandex.promopages,Барнаул,Россия,1
2025-03-22,yandex.promopages,Богородицк,Россия,1
2025-03-22,yandex.promopages,Будапешт,Венгрия,1
2025-03-22,yandex.promopages,Волгодонск,Россия,1
2025-03-22,yandex.promopages,Донецк,Россия,1
2025-03-22,yandex.promopages,Иркутск,Россия,1
2025-03-22,yandex.promopages,Казань,Россия,1
2025-03-22,yandex.promopages,Калуга,Россия,1
2025-03-22,yandex.promopages,Кемерово,Россия,1
2025-03-22,yandex.promopages,Киров,Россия,1
2025-03-22,yandex.promopages,Королёв,Россия,1
2025-03-22,yandex.promopages,Котельники,Россия,1
2025-03-22,yandex.promopages,Курган,Россия,1
2025-03-22,yandex.promopages,Курск,Россия,1
2025-03-22,yandex.promopages,Липецк,Россия,1
2025-03-22,yandex.promopages,Новокузнецк,Россия,1
2025-03-22,yandex.promopages,Омск,Россия,1
2025-03-22,yandex.promopages,Рязань,Россия,1
2025-03-22,yandex.promopages,Салават,Россия,1
2025-03-22,yandex.promopages,Саранск,Россия,1
2025-03-22,yandex.promopages,Северодвинск,Россия,1
2025-03-22,yandex.promopages,Тамбов,Россия,1
2025-03-22,yandex.promopages,Тверь,Россия,1
2025-03-22,yandex.promopages,Тюмень,Россия,1
2025-03-22,yandex.promopages,Уфа,Россия,1
2025-03-22,yandex.promopages,Ухта,Россия,1
2025-03-22,yandex.promopages,Хабаровск,Россия,1
2025-03-22,yandex.promopages,Чебоксары,Россия,1
2025-03-23,yandex.promopages,Барнаул,Россия,1
2025-03-23,yandex.promopages,Бузулук,Россия,1
2025-03-23,yandex.promopages,Владивосток,Россия,1
2025-03-23,yandex.promopages,Владимир,Россия,1
2025-03-23,yandex.promopages,Волгоград,Россия,1
2025-03-23,yandex.promopages,Вязники,Россия,1
2025-03-23,yandex.promopages,Ижевск,Россия,1
2025-03-23,yandex.promopages,Иркутск,Россия,1
2025-03-23,yandex.promopages,Кемерово,Россия,1
2025-03-23,yandex.promopages,Киров,Россия,1
2025-03-23,yandex.promopages,Кольчугино,Россия,1
2025-03-23,yandex.promopages,Красноярск,Россия,1
2025-03-23,yandex.promopages,Липецк,Россия,1
2025-03-23,yandex.promopages,Мыски,Россия,1
2025-03-23,yandex.promopages,Находка,Россия,1
2025-03-23,yandex.promopages,Нижний Тагил,Россия,1
2025-03-23,yandex.promopages,Новочебоксарск,Россия,1
2025-03-23,yandex.promopages,Оренбург,Россия,1
2025-03-23,yandex.promopages,Подольск,Россия,1
2025-03-23,yandex.promopages,Ростов-на-Дону,Россия,1
2025-03-23,yandex.promopages,Самара,Россия,1
2025-03-23,yandex.promopages,Сочи,Россия,1
2025-03-23,yandex.promopages,Тольятти,Россия,1
2025-03-23,yandex.promopages,Ульяновск,Россия,1
2025-03-23,yandex.promopages,Уфа,Россия,1
2025-03-23,yandex.promopages,Чебоксары,Россия,1
2025-03-23,yandex.promopages,Челябинск,Россия,1
2025-03-23,yandex.promopages,Чита,Россия,1
2025-03-23,yandex.promopages,Якутск,Россия,1
2025-03-24,yandex.promopages,Волгодонск,Россия,1
2025-03-24,yandex.promopages,Екатеринбург,Россия,1
2025-03-24,yandex.promopages,Краснодар,Россия,1
2025-03-24,yandex.promopages,Липецк,Россия,1
2025-03-24,yandex.promopages,Орёл,Россия,1
2025-03-25,yandex.promopages,Кострома,Россия,1
2025-03-25,yandex.promopages,Новосибирск,Россия,1
2025-03-25,yandex.promopages,Орёл,Россия,1
2025-03-26,yandex.promopages,Не определено,Россия,1
2025-03-26,yandex.promopages,Казань,Россия,1
2025-03-26,yandex.promopages,Калуга,Россия,1
2025-03-26,yandex.promopages,Липецк,Россия,1
2025-03-27,yandex.promopages,Иркутск,Россия,1
2025-03-27,yandex.promopages,Краснодар,Россия,1
2025-03-27,yandex.promopages,Красноярск,Россия,1
2025-03-27,yandex.promopages,Липецк,Россия,1
2025-03-27,yandex.promopages,Пенза,Россия,1
2025-03-27,yandex.promopages,Южно-Сахалинск,Россия,1
2025-03-28,yandex.promopages,Дзержинск,Россия,1
2025-03-28,yandex.promopages,Екатеринбург,Россия,1
2025-03-28,yandex.promopages,Казань,Россия,1
2025-03-28,yandex.promopages,Калининград,Россия,1
2025-03-28,yandex.promopages,Калуга,Россия,1
2025-03-28,yandex.promopages,Липецк,Россия,1
2025-03-28,yandex.promopages,Нижний Новгород,Россия,1
2025-03-28,yandex.promopages,Пермь,Россия,1
2025-03-28,yandex.promopages,Саратов,Россия,1
2025-03-28,yandex.promopages,Тверь,Россия,1
2025-03-28,yandex.promopages,Феодосия,Россия,1
2025-03-28,yandex.promopages,Франкфурт-на-Майне,Германия,1
2025-03-28,yandex.promopages,Хабаровск,Россия,1
2025-03-29,yandex.promopages,Архангельск,Россия,1
2025-03-29,yandex.promopages,Астрахань,Россия,1
2025-03-29,yandex.promopages,Барнаул,Россия,1
2025-03-29,yandex.promopages,Дедовск,Россия,1
2025-03-29,yandex.promopages,Екатеринбург,Россия,1
2025-03-29,yandex.promopages,Елец,Россия,1
2025-03-29,yandex.promopages,Ижевск,Россия,1
2025-03-29,yandex.promopages,Краснодар,Россия,1
2025-03-29,yandex.promopages,Кызыл,Россия,1
2025-03-29,yandex.promopages,Новосибирск,Россия,1
2025-03-29,yandex.promopages,Омск,Россия,1
2025-03-29,yandex.promopages,Ростов-на-Дону,Россия,1
2025-03-29,yandex.promopages,Самара,Россия,1
2025-03-29,yandex.promopages,Санкт-Петербург,Россия,1
2025-03-29,yandex.promopages,Севастополь,Россия,1
2025-03-29,yandex.promopages,Сочи,Россия,1
2025-03-29,yandex.promopages,Тольятти,Россия,1
2025-03-29,yandex.promopages,Тюмень,Россия,1
2025-03-29,yandex.promopages,Улан-Удэ,Россия,1
2025-03-29,yandex.promopages,Чита,Россия,1
2025-03-30,yandex.promopages,Архангельск,Россия,1
2025-03-30,yandex.promopages,Балабаново,Россия,1
2025-03-30,yandex.promopages,Барнаул,Россия,1
2025-03-30,yandex.promopages,Бийск,Россия,1
2025-03-30,yandex.promopages,Иркутск,Россия,1
2025-03-30,yandex.promopages,Казань,Россия,1
2025-03-30,yandex.promopages,Краснодар,Россия,1
2025-03-30,yandex.promopages,Мытищи,Россия,1
2025-03-30,yandex.promopages,Пермь,Россия,1
2025-03-30,yandex.promopages,Севастополь,Россия,1
2025-03-30,yandex.promopages,Стерлитамак,Россия,1
2025-03-30,yandex.promopages,Сыктывкар,Россия,1
2025-03-30,yandex.promopages,Челябинск,Россия,1
2025-03-30,yandex.promopages,Южно-Сахалинск,Россия,1
2025-03-30,yandex.promopages,Якутск,Россия,1
2025-03-31,yandex.promopages,Не определено,Россия,1
2025-03-31,yandex.promopages,Барнаул,Россия,1
2025-03-31,yandex.promopages,Йошкар-Ола,Россия,1
2025-03-31,yandex.promopages,Краснодар,Россия,1
2025-03-31,yandex.promopages,Москва,Россия,1
2025-03-31,yandex.promopages,Новосибирск,Россия,1
2025-03-31,yandex.promopages,Омск,Россия,1
2025-03-31,yandex.promopages,Уфа,Россия,1
2025-03-31,yandex.promopages,Чебоксары,Россия,1
2025-04-30,yandex.promopages,Не определено,Россия,10
2025-05-01,yandex.promopages,Не определено,Россия,7
2025-05-30,yandex.promopages,Не определено,Россия,7
2025-05-31,yandex.promopages,Не определено,Россия,7
2025-04-30,yandex.promopages,Москва,Россия,6
2025-05-29,yandex.promopages,Ростов-на-Дону,Россия,6
2025-05-26,yandex.promopages,Не определено,Россия,5
2025-05-29,yandex.promopages,Москва,Россия,4
2025-05-30,yandex.promopages,Москва,Россия,4
2025-04-25,yandex.promopages,Санкт-Петербург,Россия,3
2025-04-30,yandex.promopages,Санкт-Петербург,Россия,3
2025-05-14,yandex.promopages,Москва,Россия,3
2025-05-24,yandex.promopages,Не определено,Россия,3
2025-05-28,yandex.promopages,Москва,Россия,3
2025-05-29,yandex.promopages,Не определено,Россия,3
2025-04-01,yandex.promopages,Не определено,Россия,2
2025-04-02,yandex.promopages,Екатеринбург,Россия,2
2025-04-02,yandex.promopages,Липецк,Россия,2
2025-04-07,yandex.promopages,Санкт-Петербург,Россия,2
2025-04-08,yandex.promopages,Не определено,Россия,2
2025-04-08,yandex.promopages,Новосибирск,Россия,2
2025-04-09,yandex.promopages,Липецк,Россия,2
2025-04-09,yandex.promopages,Москва,Россия,2
2025-04-09,yandex.promopages,Сочи,Россия,2
2025-04-10,yandex.promopages,Не определено,Россия,2
2025-04-10,yandex.promopages,Москва,Россия,2
2025-04-24,yandex.promopages,Не определено,Россия,2
2025-04-25,yandex.promopages,Не определено,Россия,2
2025-04-25,yandex.promopages,Москва,Россия,2
2025-04-26,yandex.promopages,Санкт-Петербург,Россия,2
2025-04-30,yandex.promopages,Иркутск,Россия,2
2025-05-01,yandex.promopages,Москва,Россия,2
2025-05-05,yandex.promopages,Не определено,Россия,2
2025-05-08,yandex.promopages,Не определено,Россия,2
2025-05-09,yandex.promopages,Красноярск,Россия,2
2025-05-11,yandex.promopages,Не определено,Россия,2
2025-05-14,yandex.promopages,Ульяновск,Россия,2
2025-05-15,yandex.promopages,Не определено,Россия,2
2025-05-15,yandex.promopages,Санкт-Петербург,Россия,2
2025-05-18,yandex.promopages,Москва,Россия,2
2025-05-19,yandex.promopages,Москва,Россия,2
2025-05-22,yandex.promopages,Москва,Россия,2
2025-05-22,yandex.promopages,Санкт-Петербург,Россия,2
2025-05-23,yandex.promopages,Тверь,Россия,2
2025-05-25,yandex.promopages,Не определено,Россия,2
2025-05-26,yandex.promopages,Екатеринбург,Россия,2
2025-05-27,yandex.promopages,Екатеринбург,Россия,2
2025-05-28,yandex.promopages,Пермь,Россия,2
2025-05-29,yandex.promopages,Санкт-Петербург,Россия,2
2025-05-30,yandex.promopages,Новосибирск,Россия,2
2025-05-31,yandex.promopages,Москва,Россия,2
2025-06-01,yandex.promopages,Не определено,Россия,2
2025-06-01,yandex.promopages,Краснодар,Россия,2
2025-06-01,yandex.promopages,Москва,Россия,2
2025-06-01,yandex.promopages,Новосибирск,Россия,2
2025-06-02,yandex.promopages,Нижний Новгород,Россия,2
2025-06-12,yandex.promopages,Не определено,Россия,2
2025-06-18,yandex.promopages,Москва,Россия,2
2025-06-21,yandex.promopages,Не определено,Россия,2
2025-06-21,yandex.promopages,Самара,Россия,2
2025-06-23,yandex.promopages,Санкт-Петербург,Россия,2
2025-06-24,yandex.promopages,Санкт-Петербург,Россия,2
2025-04-01,yandex.promopages,Барнаул,Россия,1
2025-04-01,yandex.promopages,Брянск,Россия,1
2025-04-01,yandex.promopages,Липецк,Россия,1
2025-04-01,yandex.promopages,Ростов-на-Дону,Россия,1
2025-04-01,yandex.promopages,Санкт-Петербург,Россия,1
2025-04-02,yandex.promopages,Абакан,Россия,1
2025-04-02,yandex.promopages,Курган,Россия,1
2025-04-02,yandex.promopages,Мирный,Россия,1
2025-04-02,yandex.promopages,Москва,Россия,1
2025-04-03,yandex.promopages,Липецк,Россия,1
2025-04-03,yandex.promopages,Улан-Удэ,Россия,1
2025-04-04,yandex.promopages,Вологда,Россия,1
2025-04-04,yandex.promopages,Екатеринбург,Россия,1
2025-04-04,yandex.promopages,Липецк,Россия,1
2025-04-05,yandex.promopages,Курган,Россия,1
2025-04-05,yandex.promopages,Новокузнецк,Россия,1
2025-04-07,yandex.promopages,Екатеринбург,Россия,1
2025-04-07,yandex.promopages,Зима,Россия,1
2025-04-07,yandex.promopages,Липецк,Россия,1
2025-04-08,yandex.promopages,Барнаул,Россия,1
2025-04-08,yandex.promopages,Липецк,Россия,1
2025-04-08,yandex.promopages,Санкт-Петербург,Россия,1
2025-04-09,yandex.promopages,Не определено,Россия,1
2025-04-09,yandex.promopages,Гатчина,Россия,1
2025-04-09,yandex.promopages,Сургут,Россия,1
2025-04-10,yandex.promopages,Златоуст,Россия,1
2025-04-10,yandex.promopages,Липецк,Россия,1
2025-04-10,yandex.promopages,Пермь,Россия,1
2025-04-10,yandex.promopages,Тверь,Россия,1
2025-04-10,yandex.promopages,Уфа,Россия,1
2025-04-11,yandex.promopages,Не определено,Россия,1
2025-04-11,yandex.promopages,Белгород,Россия,1
2025-04-11,yandex.promopages,Екатеринбург,Россия,1
2025-04-11,yandex.promopages,Липецк,Россия,1
2025-04-11,yandex.promopages,Петрозаводск,Россия,1
2025-04-11,yandex.promopages,Прокопьевск,Россия,1
2025-04-14,yandex.promopages,Липецк,Россия,1
2025-04-15,yandex.promopages,Липецк,Россия,1
2025-04-16,yandex.promopages,Липецк,Россия,1
2025-04-16,yandex.promopages,Ярославль,Россия,1
2025-04-17,yandex.promopages,Волгоград,Россия,1
2025-04-18,yandex.promopages,Липецк,Россия,1
2025-04-18,yandex.promopages,Москва,Россия,1
2025-04-21,yandex.promopages,Липецк,Россия,1
2025-04-22,yandex.promopages,Липецк,Россия,1
2025-04-22,yandex.promopages,Улан-Удэ,Россия,1
2025-04-23,yandex.promopages,Не определено,Россия,1
2025-04-23,yandex.promopages,Воронеж,Россия,1
2025-04-23,yandex.promopages,Липецк,Россия,1
2025-04-24,yandex.promopages,Екатеринбург,Россия,1
2025-04-24,yandex.promopages,Киров,Россия,1
2025-04-24,yandex.promopages,Краснодар,Россия,1
2025-04-24,yandex.promopages,Липецк,Россия,1
2025-04-24,yandex.promopages,Новосибирск,Россия,1
2025-04-24,yandex.promopages,Санкт-Петербург,Россия,1
2025-04-24,yandex.promopages,Тверь,Россия,1
2025-04-25,yandex.promopages,Домодедово,Россия,1
2025-04-25,yandex.promopages,Екатеринбург,Россия,1
2025-04-25,yandex.promopages,Калининград,Россия,1
2025-04-25,yandex.promopages,Краснодар,Россия,1
2025-04-25,yandex.promopages,Липецк,Россия,1
2025-04-25,yandex.promopages,Ростов-на-Дону,Россия,1
2025-04-25,yandex.promopages,Тверь,Россия,1
2025-04-25,yandex.promopages,Хабаровск,Россия,1
2025-04-25,yandex.promopages,Челябинск,Россия,1
2025-04-25,yandex.promopages,Ярославль,Россия,1
2025-04-26,yandex.promopages,Не определено,США,1
2025-04-26,yandex.promopages,Москва,Россия,1
2025-04-26,yandex.promopages,Тверь,Россия,1
2025-04-27,yandex.promopages,Москва,Россия,1
2025-04-28,yandex.promopages,Липецк,Россия,1
2025-04-28,yandex.promopages,Санкт-Петербург,Россия,1
2025-04-30,yandex.promopages,Домодедово,Россия,1
2025-04-30,yandex.promopages,Екатеринбург,Россия,1
2025-04-30,yandex.promopages,Казань,Россия,1
2025-04-30,yandex.promopages,Кемерово,Россия,1
2025-04-30,yandex.promopages,Липецк,Россия,1
2025-04-30,yandex.promopages,Нижний Новгород,Россия,1
2025-04-30,yandex.promopages,Новороссийск,Россия,1
2025-04-30,yandex.promopages,Тверь,Россия,1
2025-04-30,yandex.promopages,Тольятти,Россия,1
2025-04-30,yandex.promopages,Электросталь,Россия,1
2025-05-01,yandex.promopages,Домодедово,Россия,1
2025-05-01,yandex.promopages,Ростов-на-Дону,Россия,1
2025-05-01,yandex.promopages,Ульяновск,Россия,1
2025-05-01,yandex.promopages,Чебоксары,Россия,1
2025-05-02,yandex.promopages,Санкт-Петербург,Россия,1
2025-05-05,yandex.promopages,Киров,Россия,1
2025-05-05,yandex.promopages,Липецк,Россия,1
2025-05-06,yandex.promopages,Липецк,Россия,1
2025-05-06,yandex.promopages,Новосибирск,Россия,1
2025-05-07,yandex.promopages,Не определено,Россия,1
2025-05-07,yandex.promopages,Краснодар,Россия,1
2025-05-07,yandex.promopages,Курск,Россия,1
2025-05-07,yandex.promopages,Липецк,Россия,1
2025-05-08,yandex.promopages,Королёв,Россия,1
2025-05-09,yandex.promopages,Сочи,Россия,1
2025-05-10,yandex.promopages,Москва,Россия,1
2025-05-10,yandex.promopages,Санкт-Петербург,Россия,1
2025-05-11,yandex.promopages,Краснодар,Россия,1
2025-05-12,yandex.promopages,Не определено,Россия,1
2025-05-12,yandex.promopages,Брянск,Россия,1
2025-05-12,yandex.promopages,Липецк,Россия,1
2025-05-12,yandex.promopages,Москва,Россия,1
2025-05-12,yandex.promopages,Оренбург,Россия,1
2025-05-13,yandex.promopages,Не определено,Россия,1
2025-05-13,yandex.promopages,Кострома,Россия,1
2025-05-13,yandex.promopages,Липецк,Россия,1
2025-05-13,yandex.promopages,Санкт-Петербург,Россия,1
2025-05-14,yandex.promopages,Екатеринбург,Россия,1
2025-05-14,yandex.promopages,Красноярск,Россия,1
2025-05-14,yandex.promopages,Курган,Россия,1
2025-05-14,yandex.promopages,Липецк,Россия,1
2025-05-14,yandex.promopages,Нижний Новгород,Россия,1
2025-05-14,yandex.promopages,Сергиев Посад,Россия,1
2025-05-14,yandex.promopages,Тольятти,Россия,1
2025-05-15,yandex.promopages,Кемерово,Россия,1
2025-05-15,yandex.promopages,Липецк,Россия,1
2025-05-15,yandex.promopages,Москва,Россия,1
2025-05-15,yandex.promopages,Омск,Россия,1
2025-05-15,yandex.promopages,Ростов-на-Дону,Россия,1
2025-05-15,yandex.promopages,Симферополь,Россия,1
2025-05-16,yandex.promopages,Не определено,Россия,1
2025-05-16,yandex.promopages,Брянск,Россия,1
2025-05-16,yandex.promopages,Курск,Россия,1
2025-05-16,yandex.promopages,Липецк,Россия,1
2025-05-16,yandex.promopages,Москва,Россия,1
2025-05-16,yandex.promopages,Новосибирск,Россия,1
2025-05-16,yandex.promopages,Тюмень,Россия,1
2025-05-17,yandex.promopages,Саратов,Россия,1
2025-05-19,yandex.promopages,Не определено,Россия,1
2025-05-19,yandex.promopages,Екатеринбург,Россия,1
2025-05-19,yandex.promopages,Липецк,Россия,1
2025-05-19,yandex.promopages,Ростов-на-Дону,Россия,1
2025-05-20,yandex.promopages,Екатеринбург,Россия,1
2025-05-20,yandex.promopages,Липецк,Россия,1
2025-05-20,yandex.promopages,Москва,Россия,1
2025-05-20,yandex.promopages,Отрадный,Россия,1
2025-05-20,yandex.promopages,Руза,Россия,1
2025-05-20,yandex.promopages,Ульяновск,Россия,1
2025-05-21,yandex.promopages,Домодедово,Россия,1
2025-05-21,yandex.promopages,Липецк,Россия,1
2025-05-22,yandex.promopages,Иркутск,Россия,1
2025-05-22,yandex.promopages,Липецк,Россия,1
2025-05-22,yandex.promopages,Ростов-на-Дону,Россия,1
2025-05-22,yandex.promopages,Уфа,Россия,1
2025-05-22,yandex.promopages,Ялта,Россия,1
2025-05-23,yandex.promopages,Липецк,Россия,1
2025-05-23,yandex.promopages,Омск,Россия,1
2025-05-23,yandex.promopages,Череповец,Россия,1
2025-05-23,yandex.promopages,Ярославль,Россия,1
2025-05-24,yandex.promopages,Екатеринбург,Россия,1
2025-05-24,yandex.promopages,Омск,Россия,1
2025-05-24,yandex.promopages,Ярославль,Россия,1
2025-05-25,yandex.promopages,Йошкар-Ола,Россия,1
2025-05-25,yandex.promopages,Махачкала,Россия,1
2025-05-25,yandex.promopages,Москва,Россия,1
2025-05-25,yandex.promopages,Новосибирск,Россия,1
2025-05-26,yandex.promopages,Дзержинск,Россия,1
2025-05-26,yandex.promopages,Ижевск,Россия,1
2025-05-26,yandex.promopages,Краснодар,Россия,1
2025-05-26,yandex.promopages,Липецк,Россия,1
2025-05-26,yandex.promopages,Москва,Россия,1
2025-05-26,yandex.promopages,Нижний Новгород,Россия,1
2025-05-26,yandex.promopages,Самара,Россия,1
2025-05-26,yandex.promopages,Санкт-Петербург,Россия,1
2025-05-27,yandex.promopages,Владивосток,Россия,1
2025-05-27,yandex.promopages,Липецк,Россия,1
2025-05-27,yandex.promopages,Москва,Россия,1
2025-05-27,yandex.promopages,Ростов-на-Дону,Россия,1
2025-05-27,yandex.promopages,Самара,Россия,1
2025-05-27,yandex.promopages,Симферополь,Россия,1
2025-05-27,yandex.promopages,Ставрополь,Россия,1
2025-05-28,yandex.promopages,Не определено,Россия,1
2025-05-28,yandex.promopages,Иркутск,Россия,1
2025-05-28,yandex.promopages,Краснодар,Россия,1
2025-05-28,yandex.promopages,Липецк,Россия,1
2025-05-28,yandex.promopages,Лыткарино,Россия,1
2025-05-28,yandex.promopages,Нижний Новгород,Россия,1
2025-05-28,yandex.promopages,Ростов-на-Дону,Россия,1
2025-05-28,yandex.promopages,Самара,Россия,1
2025-05-28,yandex.promopages,Сланцы,Россия,1
2025-05-28,yandex.promopages,Смоленск,Россия,1
2025-05-28,yandex.promopages,Сочи,Россия,1
2025-05-28,yandex.promopages,Тверь,Россия,1
2025-05-28,yandex.promopages,Тюмень,Россия,1
2025-05-28,yandex.promopages,Чебоксары,Россия,1
2025-05-29,yandex.promopages,Владикавказ,Россия,1
2025-05-29,yandex.promopages,Волгоград,Россия,1
2025-05-29,yandex.promopages,Екатеринбург,Россия,1
2025-05-29,yandex.promopages,Липецк,Россия,1
2025-05-29,yandex.promopages,Норильск,Россия,1
2025-05-29,yandex.promopages,Пенза,Россия,1
2025-05-29,yandex.promopages,Саранск,Россия,1
2025-05-29,yandex.promopages,Сочи,Россия,1
2025-05-30,yandex.promopages,Брянск,Россия,1
2025-05-30,yandex.promopages,Домодедово,Россия,1
2025-05-30,yandex.promopages,Краснодар,Россия,1
2025-05-30,yandex.promopages,Красноярск,Россия,1
2025-05-30,yandex.promopages,Липецк,Россия,1
2025-05-30,yandex.promopages,Нижний Новгород,Россия,1
2025-05-30,yandex.promopages,Новокузнецк,Россия,1
2025-05-30,yandex.promopages,Новороссийск,Россия,1
2025-05-30,yandex.promopages,Ростов-на-Дону,Россия,1
2025-05-30,yandex.promopages,Самара,Россия,1
2025-05-30,yandex.promopages,Санкт-Петербург,Россия,1
2025-05-30,yandex.promopages,Тольятти,Россия,1
2025-05-30,yandex.promopages,Ульяновск,Россия,1
2025-05-31,yandex.promopages,Волгоград,Россия,1
2025-05-31,yandex.promopages,Каспийск,Россия,1
2025-05-31,yandex.promopages,Красноярск,Россия,1
2025-05-31,yandex.promopages,Ростов-на-Дону,Россия,1
2025-05-31,yandex.promopages,Саратов,Россия,1
2025-05-31,yandex.promopages,Симферополь,Россия,1
2025-05-31,yandex.promopages,Смоленск,Россия,1
2025-05-31,yandex.promopages,Тверь,Россия,1
2025-05-31,yandex.promopages,Ульяновск,Россия,1
2025-05-31,yandex.promopages,Якутск,Россия,1
2025-06-01,yandex.promopages,Архангельск,Россия,1
2025-06-01,yandex.promopages,Балашиха,Россия,1
2025-06-01,yandex.promopages,Екатеринбург,Россия,1
2025-06-01,yandex.promopages,Калининград,Россия,1
2025-06-01,yandex.promopages,Оренбург,Россия,1
2025-06-01,yandex.promopages,Орёл,Россия,1
2025-06-01,yandex.promopages,Ульяновск,Россия,1
2025-06-02,yandex.promopages,Не определено,Россия,1
2025-06-02,yandex.promopages,Балашиха,Россия,1
2025-06-02,yandex.promopages,Грозный,Россия,1
2025-06-02,yandex.promopages,Каспийск,Россия,1
2025-06-02,yandex.promopages,Красноярск,Россия,1
2025-06-02,yandex.promopages,Липецк,Россия,1
2025-06-02,yandex.promopages,Махачкала,Россия,1
2025-06-02,yandex.promopages,Москва,Россия,1
2025-06-02,yandex.promopages,Новосибирск,Россия,1
2025-06-02,yandex.promopages,Санкт-Петербург,Россия,1
2025-06-02,yandex.promopages,Ульяновск,Россия,1
2025-06-03,yandex.promopages,Липецк,Россия,1
2025-06-04,yandex.promopages,Дальнегорск,Россия,1
2025-06-04,yandex.promopages,Липецк,Россия,1
2025-06-04,yandex.promopages,Ульяновск,Россия,1
2025-06-05,yandex.promopages,Не определено,Россия,1
2025-06-05,yandex.promopages,Новосибирск,Россия,1
2025-06-06,yandex.promopages,Не определено,Россия,1
2025-06-06,yandex.promopages,Барнаул,Россия,1
2025-06-06,yandex.promopages,Липецк,Россия,1
2025-06-06,yandex.promopages,Мытищи,Россия,1
2025-06-06,yandex.promopages,Севастополь,Россия,1
2025-06-06,yandex.promopages,Смоленск,Россия,1
2025-06-07,yandex.promopages,Не определено,Россия,1
2025-06-07,yandex.promopages,Белгород,Россия,1
2025-06-07,yandex.promopages,Ижевск,Россия,1
2025-06-08,yandex.promopages,Омск,Россия,1
2025-06-08,yandex.promopages,Ульяновск,Россия,1
2025-06-09,yandex.promopages,Липецк,Россия,1
2025-06-09,yandex.promopages,Сибай,Россия,1
2025-06-10,yandex.promopages,Абакан,Россия,1
2025-06-10,yandex.promopages,Барнаул,Россия,1
2025-06-10,yandex.promopages,Екатеринбург,Россия,1
2025-06-10,yandex.promopages,Липецк,Россия,1
2025-06-10,yandex.promopages,Санкт-Петербург,Россия,1
2025-06-10,yandex.promopages,Сибай,Россия,1
2025-06-10,yandex.promopages,Сочи,Россия,1
2025-06-10,yandex.promopages,Ульяновск,Россия,1
2025-06-11,yandex.promopages,Архангельск,Россия,1
2025-06-11,yandex.promopages,Екатеринбург,Россия,1
2025-06-11,yandex.promopages,Липецк,Россия,1
2025-06-11,yandex.promopages,Пенза,Россия,1
2025-06-11,yandex.promopages,Ростов-на-Дону,Россия,1
2025-06-12,yandex.promopages,Дедовск,Россия,1
2025-06-12,yandex.promopages,Екатеринбург,Россия,1
2025-06-12,yandex.promopages,Москва,Россия,1
2025-06-12,yandex.promopages,Нижний Новгород,Россия,1
2025-06-13,yandex.promopages,Не определено,Россия,1
2025-06-13,yandex.promopages,Уфа,Россия,1
2025-06-14,yandex.promopages,Астрахань,Россия,1
2025-06-14,yandex.promopages,Казань,Россия,1
2025-06-14,yandex.promopages,Самара,Россия,1
2025-06-15,yandex.promopages,Брянск,Россия,1
2025-06-15,yandex.promopages,Казань,Россия,1
2025-06-15,yandex.promopages,Краснодар,Россия,1
2025-06-16,yandex.promopages,Не определено,Россия,1
2025-06-16,yandex.promopages,Майкоп,Россия,1
2025-06-16,yandex.promopages,Самара,Россия,1
2025-06-17,yandex.promopages,Санкт-Петербург,Россия,1
2025-06-17,yandex.promopages,Уфа,Россия,1
2025-06-17,yandex.promopages,Юрга,Россия,1
2025-06-18,yandex.promopages,Сибай,Россия,1
2025-06-19,yandex.promopages,Калуга,Россия,1
2025-06-20,yandex.promopages,Екатеринбург,Россия,1
2025-06-20,yandex.promopages,Кемерово,Россия,1
2025-06-20,yandex.promopages,Москва,Россия,1
2025-06-20,yandex.promopages,Псков,Россия,1
2025-06-20,yandex.promopages,Смоленск,Россия,1
2025-06-20,yandex.promopages,Уфа,Россия,1
2025-06-21,yandex.promopages,Волгоград,Россия,1
2025-06-21,yandex.promopages,Москва,Россия,1
2025-06-21,yandex.promopages,Ростов-на-Дону,Россия,1
2025-06-22,yandex.promopages,Не определено,Россия,1
2025-06-22,yandex.promopages,Ульяновск,Россия,1
2025-06-22,yandex.promopages,Уржум,Россия,1
2025-06-23,yandex.promopages,Екатеринбург,Россия,1
2025-06-23,yandex.promopages,Самара,Россия,1
2025-06-23,yandex.promopages,Ульяновск,Россия,1
2025-06-23,yandex.promopages,Чебоксары,Россия,1
2025-06-24,yandex.promopages,Не определено,Россия,1
2025-06-24,yandex.promopages,Ульяновск,Россия,1
2025-06-25,yandex.promopages,Не определено,Россия,1
2025-06-25,yandex.promopages,Липецк,Россия,1
2025-06-25,yandex.promopages,Самара,Россия,1
2025-06-25,yandex.promopages,Санкт-Петербург,Россия,1
2025-06-25,yandex.promopages,Сочи,Россия,1
2025-06-26,yandex.promopages,Липецк,Россия,1
2025-06-26,yandex.promopages,Санкт-Петербург,Россия,1
2025-06-27,yandex.promopages,Липецк,Россия,1
2025-06-27,yandex.promopages,Сургут,Россия,1
2025-06-28,yandex.promopages,Не определено,Россия,1
2025-06-28,yandex.promopages,Москва,Россия,1
2025-06-28,yandex.promopages,Новороссийск,Россия,1
2025-06-28,yandex.promopages,Новосибирск,Россия,1
2025-06-29,yandex.promopages,Саратов,Россия,1
2025-06-30,yandex.promopages,Жуковский,Россия,1
2025-06-30,yandex.promopages,Липецк,Россия,1
2025-06-30,yandex.promopages,Москва,Россия,1
2025-06-30,yandex.promopages,Ростов-на-Дону,Россия,1
2025-06-30,yandex.promopages,Санкт-Петербург,Россия,1
2025-07-25,yandex.promopages,Не определено,Россия,9
2025-07-11,yandex.promopages,Не определено,Россия,6
2025-07-10,yandex.promopages,Не определено,Россия,4
2025-08-21,yandex.promopages,Не определено,Россия,4
2025-09-02,yandex.promopages,Санкт-Петербург,Россия,4
2025-07-05,yandex.promopages,Не определено,Россия,3
2025-07-06,yandex.promopages,Не определено,Россия,3
2025-07-07,yandex.promopages,Не определено,Россия,3
2025-07-09,yandex.promopages,Москва,Россия,3
2025-07-10,yandex.promopages,Ростов-на-Дону,Россия,3
2025-07-26,yandex.promopages,Не определено,Россия,3
2025-07-26,yandex.promopages,Санкт-Петербург,Россия,3
2025-07-31,yandex.promopages,Не определено,Россия,3
2025-07-31,yandex.promopages,Санкт-Петербург,Россия,3
2025-09-16,yandex.promopages,Москва,Россия,3
2025-09-26,yandex.promopages,Москва,Россия,3
2025-07-02,yandex.promopages,Санкт-Петербург,Россия,2
2025-07-10,yandex.promopages,Липецк,Россия,2
2025-07-10,yandex.promopages,Москва,Россия,2
2025-07-10,yandex.promopages,Санкт-Петербург,Россия,2
2025-07-11,yandex.promopages,Москва,Россия,2
2025-07-11,yandex.promopages,Пятигорск,Россия,2
2025-07-11,yandex.promopages,Ульяновск,Россия,2
2025-07-12,yandex.promopages,Не определено,Россия,2
2025-07-16,yandex.promopages,Санкт-Петербург,Россия,2
2025-07-22,yandex.promopages,Не определено,Россия,2
2025-07-24,yandex.promopages,Не определено,Россия,2
2025-07-25,yandex.promopages,Санкт-Петербург,Россия,2
2025-07-27,yandex.promopages,Старый Оскол,Россия,2
2025-07-31,yandex.promopages,Москва,Россия,2
2025-08-08,yandex.promopages,Санкт-Петербург,Россия,2
2025-08-14,yandex.promopages,Санкт-Петербург,Россия,2
2025-08-21,yandex.promopages,Липецк,Россия,2
2025-08-21,yandex.promopages,Санкт-Петербург,Россия,2
2025-08-27,yandex.promopages,Не определено,Россия,2
2025-08-27,yandex.promopages,Екатеринбург,Россия,2
2025-08-27,yandex.promopages,Москва,Россия,2
2025-08-28,yandex.promopages,Санкт-Петербург,Россия,2
2025-09-01,yandex.promopages,Санкт-Петербург,Россия,2
2025-09-03,yandex.promopages,Санкт-Петербург,Россия,2
2025-09-04,yandex.promopages,Санкт-Петербург,Россия,2
2025-09-04,yandex.promopages,Симферополь,Россия,2
2025-09-08,yandex.promopages,Санкт-Петербург,Россия,2
2025-09-14,yandex.promopages,Не определено,Россия,2
2025-07-01,yandex.promopages,Липецк,Россия,1
2025-07-01,yandex.promopages,Самара,Россия,1
2025-07-01,yandex.promopages,Санкт-Петербург,Россия,1
2025-07-02,yandex.promopages,Липецк,Россия,1
2025-07-02,yandex.promopages,Ульяновск,Россия,1
2025-07-03,yandex.promopages,Барнаул,Россия,1
2025-07-03,yandex.promopages,Липецк,Россия,1
2025-07-03,yandex.promopages,Санкт-Петербург,Россия,1
2025-07-04,yandex.promopages,Липецк,Россия,1
2025-07-04,yandex.promopages,Омск,Россия,1
2025-07-04,yandex.promopages,Саратов,Россия,1
2025-07-05,yandex.promopages,Москва,Россия,1
2025-07-07,yandex.promopages,Липецк,Россия,1
2025-07-07,yandex.promopages,Раменское,Россия,1
2025-07-08,yandex.promopages,Красноярск,Россия,1
2025-07-08,yandex.promopages,Липецк,Россия,1
2025-07-09,yandex.promopages,Владимир,Россия,1
2025-07-09,yandex.promopages,Липецк,Россия,1
2025-07-10,yandex.promopages,Вильнюс,Литва,1
2025-07-10,yandex.promopages,Волгоград,Россия,1
2025-07-10,yandex.promopages,Воронеж,Россия,1
2025-07-10,yandex.promopages,Иркутск,Россия,1
2025-07-10,yandex.promopages,Краснодар,Россия,1
2025-07-10,yandex.promopages,Самара,Россия,1
2025-07-10,yandex.promopages,Севастополь,Россия,1
2025-07-10,yandex.promopages,Ульяновск,Россия,1
2025-07-11,yandex.promopages,Альметьевск,Россия,1
2025-07-11,yandex.promopages,Архангельск,Россия,1
2025-07-11,yandex.promopages,Варшава,Польша,1
2025-07-11,yandex.promopages,Иркутск,Россия,1
2025-07-11,yandex.promopages,Липецк,Россия,1
2025-07-11,yandex.promopages,Люберцы,Россия,1
2025-07-11,yandex.promopages,Магнитогорск,Россия,1
2025-07-11,yandex.promopages,Нижний Новгород,Россия,1
2025-07-11,yandex.promopages,Новочеркасск,Россия,1
2025-07-11,yandex.promopages,Орёл,Россия,1
2025-07-11,yandex.promopages,Пермь,Россия,1
2025-07-11,yandex.promopages,Санкт-Петербург,Россия,1
2025-07-11,yandex.promopages,Ханты-Мансийск,Россия,1
2025-07-12,yandex.promopages,Краснодар,Россия,1
2025-07-14,yandex.promopages,Липецк,Россия,1
2025-07-14,yandex.promopages,Нижний Новгород,Россия,1
2025-07-14,yandex.promopages,Санкт-Петербург,Россия,1
2025-07-15,yandex.promopages,Липецк,Россия,1
2025-07-15,yandex.promopages,Санкт-Петербург,Россия,1
2025-07-16,yandex.promopages,Липецк,Россия,1
2025-07-17,yandex.promopages,Липецк,Россия,1
2025-07-17,yandex.promopages,Санкт-Петербург,Россия,1
2025-07-18,yandex.promopages,Липецк,Россия,1
2025-07-18,yandex.promopages,Санкт-Петербург,Россия,1
2025-07-20,yandex.promopages,Не определено,Россия,1
2025-07-21,yandex.promopages,Липецк,Россия,1
2025-07-21,yandex.promopages,Санкт-Петербург,Россия,1
2025-07-22,yandex.promopages,Иркутск,Россия,1
2025-07-22,yandex.promopages,Санкт-Петербург,Россия,1
2025-07-23,yandex.promopages,Липецк,Россия,1
2025-07-23,yandex.promopages,Санкт-Петербург,Россия,1
2025-07-23,yandex.promopages,Сочи,Россия,1
2025-07-24,yandex.promopages,Липецк,Россия,1
2025-07-24,yandex.promopages,Санкт-Петербург,Россия,1
2025-07-25,yandex.promopages,Иркутск,Россия,1
2025-07-25,yandex.promopages,Лениногорск,Россия,1
2025-07-25,yandex.promopages,Липецк,Россия,1
2025-07-25,yandex.promopages,Омск,Россия,1
2025-07-25,yandex.promopages,Старый Оскол,Россия,1
2025-07-25,yandex.promopages,Ташкент,Узбекистан,1
2025-07-25,yandex.promopages,Уфа,Россия,1
2025-07-26,yandex.promopages,Екатеринбург,Россия,1
2025-07-26,yandex.promopages,Москва,Россия,1
2025-07-26,yandex.promopages,Новосибирск,Россия,1
2025-07-26,yandex.promopages,Ростов-на-Дону,Россия,1
2025-07-26,yandex.promopages,Старый Оскол,Россия,1
2025-07-26,yandex.promopages,Челябинск,Россия,1
2025-07-27,yandex.promopages,Иваново,Россия,1
2025-07-27,yandex.promopages,Саки,Россия,1
2025-07-28,yandex.promopages,Липецк,Россия,1
2025-07-28,yandex.promopages,Санкт-Петербург,Россия,1
2025-07-30,yandex.promopages,Не определено,Россия,1
2025-07-30,yandex.promopages,Воронеж,Россия,1
2025-07-30,yandex.promopages,Городец,Россия,1
2025-07-30,yandex.promopages,Курган,Россия,1
2025-07-30,yandex.promopages,Липецк,Россия,1
2025-07-30,yandex.promopages,Москва,Россия,1
2025-07-30,yandex.promopages,Нижний Новгород,Россия,1
2025-07-30,yandex.promopages,Санкт-Петербург,Россия,1
2025-07-30,yandex.promopages,Туапсе,Россия,1
2025-07-31,yandex.promopages,Барнаул,Россия,1
2025-07-31,yandex.promopages,Волгоград,Россия,1
2025-07-31,yandex.promopages,Истра,Россия,1
2025-07-31,yandex.promopages,Липецк,Россия,1
2025-07-31,yandex.promopages,Челябинск,Россия,1
2025-07-31,yandex.promopages,Чита,Россия,1
2025-08-01,yandex.promopages,Липецк,Россия,1
2025-08-03,yandex.promopages,Нижний Новгород,Россия,1
2025-08-04,yandex.promopages,Не определено,Россия,1
2025-08-04,yandex.promopages,Липецк,Россия,1
2025-08-04,yandex.promopages,Санкт-Петербург,Россия,1
2025-08-05,yandex.promopages,Липецк,Россия,1
2025-08-05,yandex.promopages,Новосибирск,Россия,1
2025-08-06,yandex.promopages,Липецк,Россия,1
2025-08-06,yandex.promopages,Санкт-Петербург,Россия,1
2025-08-07,yandex.promopages,Липецк,Россия,1
2025-08-07,yandex.promopages,Санкт-Петербург,Россия,1
2025-08-08,yandex.promopages,Липецк,Россия,1
2025-08-09,yandex.promopages,Челябинск,Россия,1
2025-08-11,yandex.promopages,Не определено,Россия,1
2025-08-11,yandex.promopages,Липецк,Россия,1
2025-08-11,yandex.promopages,Самара,Россия,1
2025-08-11,yandex.promopages,Санкт-Петербург,Россия,1
2025-08-12,yandex.promopages,Санкт-Петербург,Россия,1
2025-08-13,yandex.promopages,Санкт-Петербург,Россия,1
2025-08-15,yandex.promopages,Санкт-Петербург,Россия,1
2025-08-18,yandex.promopages,Новосибирск,Россия,1
2025-08-18,yandex.promopages,Санкт-Петербург,Россия,1
2025-08-19,yandex.promopages,Санкт-Петербург,Россия,1
2025-08-19,yandex.promopages,Славгород,Россия,1
2025-08-20,yandex.promopages,Бор,Россия,1
2025-08-20,yandex.promopages,Липецк,Россия,1
2025-08-20,yandex.promopages,Москва,Россия,1
2025-08-20,yandex.promopages,Нижний Новгород,Россия,1
2025-08-20,yandex.promopages,Санкт-Петербург,Россия,1
2025-08-21,yandex.promopages,Вологда,Россия,1
2025-08-21,yandex.promopages,Новый Оскол,Россия,1
2025-08-22,yandex.promopages,Не определено,Россия,1
2025-08-22,yandex.promopages,Нижний Новгород,Россия,1
2025-08-22,yandex.promopages,Ростов-на-Дону,Россия,1
2025-08-22,yandex.promopages,Санкт-Петербург,Россия,1
2025-08-22,yandex.promopages,Саратов,Россия,1
2025-08-22,yandex.promopages,Тюмень,Россия,1
2025-08-22,yandex.promopages,Ульяновск,Россия,1
2025-08-22,yandex.promopages,Челябинск,Россия,1
2025-08-23,yandex.promopages,Ахтубинск,Россия,1
2025-08-23,yandex.promopages,Омск,Россия,1
2025-08-24,yandex.promopages,Гатчина,Россия,1
2025-08-24,yandex.promopages,Домодедово,Россия,1
2025-08-24,yandex.promopages,Калуга,Россия,1
2025-08-24,yandex.promopages,Самара,Россия,1
2025-08-25,yandex.promopages,Константиновск,Россия,1
2025-08-25,yandex.promopages,Рубцовск,Россия,1
2025-08-25,yandex.promopages,Санкт-Петербург,Россия,1
2025-08-26,yandex.promopages,Не определено,Россия,1
2025-08-26,yandex.promopages,Бор,Россия,1
2025-08-26,yandex.promopages,Истра,Россия,1
2025-08-26,yandex.promopages,Санкт-Петербург,Россия,1
2025-08-26,yandex.promopages,Старый Оскол,Россия,1
2025-08-27,yandex.promopages,Барнаул,Россия,1
2025-08-27,yandex.promopages,Геленджик,Россия,1
2025-08-27,yandex.promopages,Красногорск,Россия,1
2025-08-27,yandex.promopages,Краснодар,Россия,1
2025-08-27,yandex.promopages,Красноярск,Россия,1
2025-08-27,yandex.promopages,Липецк,Россия,1
2025-08-27,yandex.promopages,Новосибирск,Россия,1
2025-08-27,yandex.promopages,Петрозаводск,Россия,1
2025-08-27,yandex.promopages,Санкт-Петербург,Россия,1
2025-08-27,yandex.promopages,Тюмень,Россия,1
2025-08-28,yandex.promopages,Не определено,Германия,1
2025-08-28,yandex.promopages,Не определено,Россия,1
2025-08-28,yandex.promopages,Иваново,Россия,1
2025-08-28,yandex.promopages,Курск,Россия,1
2025-08-28,yandex.promopages,Москва,Россия,1
2025-08-28,yandex.promopages,Саратов,Россия,1
2025-08-29,yandex.promopages,Санкт-Петербург,Россия,1
2025-09-01,yandex.promopages,Не определено,Россия,1
2025-09-02,yandex.promopages,Не определено,Россия,1
2025-09-02,yandex.promopages,Киров,Россия,1
2025-09-02,yandex.promopages,Новороссийск,Россия,1
2025-09-02,yandex.promopages,Тольятти,Россия,1
2025-09-03,yandex.promopages,Не определено,Россия,1
2025-09-03,yandex.promopages,Каменск-Шахтинский,Россия,1
2025-09-03,yandex.promopages,Липецк,Россия,1
2025-09-04,yandex.promopages,Не определено,Россия,1
2025-09-04,yandex.promopages,Анапа,Россия,1
2025-09-04,yandex.promopages,Воронеж,Россия,1
2025-09-04,yandex.promopages,Кострома,Россия,1
2025-09-04,yandex.promopages,Краснодар,Россия,1
2025-09-04,yandex.promopages,Москва,Россия,1
2025-09-04,yandex.promopages,Новосибирск,Россия,1
2025-09-04,yandex.promopages,Прокопьевск,Россия,1
2025-09-04,yandex.promopages,Тольятти,Россия,1
2025-09-04,yandex.promopages,Фрязино,Россия,1
2025-09-04,yandex.promopages,Челябинск,Россия,1
2025-09-05,yandex.promopages,Санкт-Петербург,Россия,1
2025-09-06,yandex.promopages,Москва,Россия,1
2025-09-09,yandex.promopages,Москва,Россия,1
2025-09-11,yandex.promopages,Екатеринбург,Россия,1
2025-09-11,yandex.promopages,Липецк,Россия,1
2025-09-11,yandex.promopages,Москва,Россия,1
2025-09-13,yandex.promopages,Воронеж,Россия,1
2025-09-13,yandex.promopages,Москва,Россия,1
2025-09-13,yandex.promopages,Самара,Россия,1
2025-09-14,yandex.promopages,Москва,Россия,1
2025-09-15,yandex.promopages,Липецк,Россия,1
2025-09-15,yandex.promopages,Москва,Россия,1
2025-09-16,yandex.promopages,Липецк,Россия,1
2025-09-17,yandex.promopages,Москва,Россия,1
2025-09-20,yandex.promopages,Москва,Россия,1
2025-09-22,yandex.promopages,Москва,Россия,1
2025-09-23,yandex.promopages,Липецк,Россия,1
2025-09-23,yandex.promopages,Москва,Россия,1
2025-09-24,yandex.promopages,Липецк,Россия,1
2025-09-24,yandex.promopages,Москва,Россия,1
2025-09-25,yandex.promopages,Липецк,Россия,1
2025-09-25,yandex.promopages,Москва,Россия,1
2025-09-26,yandex.promopages,Липецк,Россия,1
2025-09-28,yandex.promopages,Тольятти,Россия,1
2025-09-29,yandex.promopages,Липецк,Россия,1
2025-09-29,yandex.promopages,Москва,Россия,1
2025-09-30,yandex.promopages,Липецк,Россия,1
2025-11-05,yandex.promopages,Липецк,Россия,5
2025-11-11,yandex.promopages,Липецк,Россия,4
2025-11-19,yandex.promopages,Не определено,Россия,4
2025-12-19,yandex.promopages,Не определено,Россия,4
2025-10-02,yandex.promopages,Липецк,Россия,3
2025-11-18,yandex.promopages,Москва,Россия,3
2025-11-20,yandex.promopages,Не определено,Россия,3
2025-11-26,yandex.promopages,Москва,Россия,3
2025-12-22,yandex.promopages,Липецк,Россия,3
2025-12-27,yandex.promopages,Москва,Россия,3
2025-10-03,yandex.promopages,Липецк,Россия,2
2025-10-03,yandex.promopages,Москва,Россия,2
2025-10-06,yandex.promopages,Липецк,Россия,2
2025-10-07,yandex.promopages,Липецк,Россия,2
2025-10-09,yandex.promopages,Москва,Россия,2
2025-10-10,yandex.promopages,Москва,Россия,2
2025-10-14,yandex.promopages,Москва,Россия,2
2025-10-15,yandex.promopages,Москва,Россия,2
2025-10-17,yandex.promopages,Москва,Россия,2
2025-10-27,yandex.promopages,Липецк,Россия,2
2025-10-29,yandex.promopages,Липецк,Россия,2
2025-11-10,yandex.promopages,Липецк,Россия,2
2025-11-19,yandex.promopages,Санкт-Петербург,Россия,2
2025-11-20,yandex.promopages,Липецк,Россия,2
2025-11-20,yandex.promopages,Санкт-Петербург,Россия,2
2025-12-08,yandex.promopages,Не определено,Россия,2
2025-12-08,yandex.promopages,Липецк,Россия,2
2025-12-08,yandex.promopages,Москва,Россия,2
2025-12-15,yandex.promopages,Липецк,Россия,2
2025-12-19,yandex.promopages,Липецк,Россия,2
2025-12-23,yandex.promopages,Москва,Россия,2
2025-12-25,yandex.promopages,Не определено,Россия,2
2025-12-25,yandex.promopages,Санкт-Петербург,Россия,2
2025-12-27,yandex.promopages,Астрахань,Россия,2
2025-12-29,yandex.promopages,Не определено,Россия,2
2025-10-01,yandex.promopages,Липецк,Россия,1
2025-10-02,yandex.promopages,Москва,Россия,1
2025-10-06,yandex.promopages,Москва,Россия,1
2025-10-06,yandex.promopages,Смоленск,Россия,1
2025-10-06,yandex.promopages,Тула,Россия,1
2025-10-07,yandex.promopages,Москва,Россия,1
2025-10-08,yandex.promopages,Липецк,Россия,1
2025-10-08,yandex.promopages,Москва,Россия,1
2025-10-09,yandex.promopages,Липецк,Россия,1
2025-10-10,yandex.promopages,Липецк,Россия,1
2025-10-10,yandex.promopages,Сердобск,Россия,1
2025-10-12,yandex.promopages,Не определено,Россия,1
2025-10-13,yandex.promopages,Не определено,Россия,1
2025-10-13,yandex.promopages,Москва,Россия,1
2025-10-14,yandex.promopages,Не определено,Россия,1
2025-10-15,yandex.promopages,Липецк,Россия,1
2025-10-16,yandex.promopages,Москва,Россия,1
2025-10-20,yandex.promopages,Москва,Россия,1
2025-10-22,yandex.promopages,Не определено,Россия,1
2025-10-23,yandex.promopages,Челябинск,Россия,1
2025-10-24,yandex.promopages,Не определено,Россия,1
2025-10-24,yandex.promopages,Москва,Россия,1
2025-10-24,yandex.promopages,Ростов-на-Дону,Россия,1
2025-10-24,yandex.promopages,Санкт-Петербург,Россия,1
2025-10-24,yandex.promopages,Семенов,Россия,1
2025-10-28,yandex.promopages,Не определено,Россия,1
2025-10-28,yandex.promopages,Липецк,Россия,1
2025-10-29,yandex.promopages,Не определено,Россия,1
2025-10-29,yandex.promopages,Пермь,Россия,1
2025-10-29,yandex.promopages,Тамбов,Россия,1
2025-10-29,yandex.promopages,Уфа,Россия,1
2025-10-30,yandex.promopages,Владивосток,Россия,1
2025-10-30,yandex.promopages,Липецк,Россия,1
2025-10-31,yandex.promopages,Липецк,Россия,1
2025-11-01,yandex.promopages,Не определено,Россия,1
2025-11-01,yandex.promopages,Липецк,Россия,1
2025-11-01,yandex.promopages,Пенза,Россия,1
2025-11-02,yandex.promopages,Новосибирск,Россия,1
2025-11-06,yandex.promopages,Липецк,Россия,1
2025-11-07,yandex.promopages,Не определено,Россия,1
2025-11-07,yandex.promopages,Липецк,Россия,1
2025-11-07,yandex.promopages,Ставрополь,Россия,1
2025-11-09,yandex.promopages,Не определено,Россия,1
2025-11-11,yandex.promopages,Ростов-на-Дону,Россия,1
2025-11-12,yandex.promopages,Липецк,Россия,1
2025-11-13,yandex.promopages,Липецк,Россия,1
2025-11-14,yandex.promopages,Липецк,Россия,1
2025-11-17,yandex.promopages,Липецк,Россия,1
2025-11-17,yandex.promopages,Тюмень,Россия,1
2025-11-18,yandex.promopages,Не определено,Россия,1
2025-11-18,yandex.promopages,Липецк,Россия,1
2025-11-18,yandex.promopages,Набережные Челны,Россия,1
2025-11-18,yandex.promopages,Пермь,Россия,1
2025-11-18,yandex.promopages,Санкт-Петербург,Россия,1
2025-11-19,yandex.promopages,Абакан,Россия,1
2025-11-19,yandex.promopages,Большой Камень,Россия,1
2025-11-19,yandex.promopages,Гатчина,Россия,1
2025-11-19,yandex.promopages,Красноярск,Россия,1
2025-11-19,yandex.promopages,Липецк,Россия,1
2025-11-19,yandex.promopages,Москва,Россия,1
2025-11-19,yandex.promopages,Нижний Новгород,Россия,1
2025-11-19,yandex.promopages,Новосибирск,Россия,1
2025-11-19,yandex.promopages,Питкяранта,Россия,1
2025-11-19,yandex.promopages,Рубцовск,Россия,1
2025-11-19,yandex.promopages,Сочи,Россия,1
2025-11-19,yandex.promopages,Тюмень,Россия,1
2025-11-20,yandex.promopages,Екатеринбург,Россия,1
2025-11-20,yandex.promopages,Иркутск,Россия,1
2025-11-20,yandex.promopages,Киржач,Россия,1
2025-11-20,yandex.promopages,Нижний Новгород,Россия,1
2025-11-20,yandex.promopages,Новокузнецк,Россия,1
2025-11-20,yandex.promopages,Пермь,Россия,1
2025-11-20,yandex.promopages,Ростов-на-Дону,Россия,1
2025-11-21,yandex.promopages,Архангельск,Россия,1
2025-11-21,yandex.promopages,Липецк,Россия,1
2025-11-24,yandex.promopages,Липецк,Россия,1
2025-11-25,yandex.promopages,Липецк,Россия,1
2025-11-26,yandex.promopages,Липецк,Россия,1
2025-11-27,yandex.promopages,Липецк,Россия,1
2025-11-28,yandex.promopages,Липецк,Россия,1
2025-11-28,yandex.promopages,Хадыженск,Россия,1
2025-11-30,yandex.promopages,Невинномысск,Россия,1
2025-12-01,yandex.promopages,Берёзовский,Россия,1
2025-12-01,yandex.promopages,Липецк,Россия,1
2025-12-01,yandex.promopages,Москва,Россия,1
2025-12-02,yandex.promopages,Не определено,Россия,1
2025-12-02,yandex.promopages,Липецк,Россия,1
2025-12-02,yandex.promopages,Нижний Новгород,Россия,1
2025-12-03,yandex.promopages,Липецк,Россия,1
2025-12-03,yandex.promopages,Уфа,Россия,1
2025-12-04,yandex.promopages,Липецк,Россия,1
2025-12-05,yandex.promopages,Красноярск,Россия,1
2025-12-05,yandex.promopages,Липецк,Россия,1
2025-12-05,yandex.promopages,Ульяновск,Россия,1
2025-12-06,yandex.promopages,Иваново,Россия,1
2025-12-06,yandex.promopages,Москва,Россия,1
2025-12-06,yandex.promopages,Тольятти,Россия,1
2025-12-07,yandex.promopages,Не определено,Россия,1
2025-12-07,yandex.promopages,Владивосток,Россия,1
2025-12-07,yandex.promopages,Калининград,Россия,1
2025-12-09,yandex.promopages,Грозный,Россия,1
2025-12-09,yandex.promopages,Краснодар,Россия,1
2025-12-09,yandex.promopages,Липецк,Россия,1
2025-12-09,yandex.promopages,Нижний Новгород,Россия,1
2025-12-09,yandex.promopages,Омск,Россия,1
2025-12-09,yandex.promopages,Сарапул,Россия,1
2025-12-10,yandex.promopages,Не определено,Россия,1
2025-12-10,yandex.promopages,Липецк,Россия,1
2025-12-11,yandex.promopages,Липецк,Россия,1
2025-12-13,yandex.promopages,Москва,Россия,1
2025-12-14,yandex.promopages,Москва,Россия,1
2025-12-16,yandex.promopages,Не определено,Россия,1
2025-12-16,yandex.promopages,Липецк,Россия,1
2025-12-17,yandex.promopages,Липецк,Россия,1
2025-12-18,yandex.promopages,Не определено,Россия,1
2025-12-18,yandex.promopages,Белгород,Россия,1
2025-12-18,yandex.promopages,Валенсия,Испания,1
2025-12-18,yandex.promopages,Великий Новгород,Россия,1
2025-12-18,yandex.promopages,Вытегра,Россия,1
2025-12-18,yandex.promopages,Кострома,Россия,1
2025-12-18,yandex.promopages,Липецк,Россия,1
2025-12-18,yandex.promopages,Петрозаводск,Россия,1
2025-12-18,yandex.promopages,Чита,Россия,1
2025-12-19,yandex.promopages,Воронеж,Россия,1
2025-12-19,yandex.promopages,Нижневартовск,Россия,1
2025-12-19,yandex.promopages,Ростов-на-Дону,Россия,1
2025-12-19,yandex.promopages,Санкт-Петербург,Россия,1
2025-12-20,yandex.promopages,Не определено,Россия,1
2025-12-22,yandex.promopages,Челябинск,Россия,1
2025-12-23,yandex.promopages,Не определено,Россия,1
2025-12-23,yandex.promopages,Братск,Россия,1
2025-12-23,yandex.promopages,Волгоград,Россия,1
2025-12-23,yandex.promopages,Екатеринбург,Россия,1
2025-12-23,yandex.promopages,Ленинск-Кузнецкий,Россия,1
2025-12-23,yandex.promopages,Липецк,Россия,1
2025-12-23,yandex.promopages,Новосибирск,Россия,1
2025-12-23,yandex.promopages,Электросталь,Россия,1
2025-12-24,yandex.promopages,Не определено,Россия,1
2025-12-24,yandex.promopages,Владивосток,Россия,1
2025-12-24,yandex.promopages,Иркутск,Россия,1
2025-12-24,yandex.promopages,Красноярск,Россия,1
2025-12-24,yandex.promopages,Липецк,Россия,1
2025-12-24,yandex.promopages,Уфа,Россия,1
2025-12-25,yandex.promopages,Краснокаменск,Россия,1
2025-12-25,yandex.promopages,Липецк,Россия,1
2025-12-25,yandex.promopages,Нижневартовск,Россия,1
2025-12-25,yandex.promopages,Щёлково,Россия,1
2025-12-26,yandex.promopages,Липецк,Россия,1
2025-12-26,yandex.promopages,Москва,Россия,1
2025-12-26,yandex.promopages,Петропавловск-Камчатский,Россия,1
2025-12-26,yandex.promopages,Сочи,Россия,1
2025-12-28,yandex.promopages,Астрахань,Россия,1
2025-12-28,yandex.promopages,Тула,Россия,1
2025-12-29,yandex.promopages,Липецк,Россия,1
2025-12-30,yandex.promopages,Липецк,Россия,1
2025-12-31,yandex.promopages,Не определено,Россия,1
2025-12-31,yandex.promopages,Воронеж,Россия,1
2025-12-31,yandex.promopages,Челябинск,Россия,1
2026-01-08,yandex.promopages,Не определено,Россия,42
2026-02-25,yandex.promopages,Не определено,Россия,40
2026-03-25,yandex.promopages,Москва,Россия,36
2026-02-26,yandex.promopages,Не определено,Россия,32
2026-01-29,yandex.promopages,Не определено,Россия,27
2026-03-25,yandex.promopages,Не определено,Россия,27
2026-03-09,yandex.promopages,Не определено,Россия,26
2026-01-07,yandex.promopages,Не определено,Россия,24
2026-02-01,yandex.promopages,Не определено,Россия,24
2026-02-26,yandex.promopages,Москва,Россия,15
2026-01-09,yandex.promopages,Не определено,Россия,14
2026-02-27,yandex.promopages,Не определено,Россия,14
2026-01-28,yandex.promopages,Не определено,Россия,13
2026-01-28,yandex.promopages,Москва,Россия,13
2026-03-09,yandex.promopages,Москва,Россия,13
2026-03-25,yandex.promopages,Санкт-Петербург,Россия,13
2026-01-27,yandex.promopages,Не определено,Россия,12
2026-01-06,yandex.promopages,Не определено,Россия,11
2026-01-26,yandex.promopages,Не определено,Россия,11
2026-02-27,yandex.promopages,Москва,Россия,11
2026-03-26,yandex.promopages,Не определено,Россия,11
2026-01-30,yandex.promopages,Не определено,Россия,10
2026-01-30,yandex.promopages,Москва,Россия,10
2026-01-31,yandex.promopages,Не определено,Россия,10
2026-03-24,yandex.promopages,Не определено,Россия,10
2026-01-07,yandex.promopages,Москва,Россия,9
2026-01-14,yandex.promopages,Не определено,Россия,9
2026-01-31,yandex.promopages,Москва,Россия,9
2026-01-06,yandex.promopages,Москва,Россия,8
2026-02-01,yandex.promopages,Москва,Россия,8
2026-02-25,yandex.promopages,Санкт-Петербург,Россия,8
2026-03-24,yandex.promopages,Москва,Россия,8
2026-01-06,yandex.promopages,Санкт-Петербург,Россия,7
2026-01-10,yandex.promopages,Не определено,Россия,7
2026-02-12,yandex.promopages,Не определено,Россия,7
2026-02-26,yandex.promopages,Новосибирск,Россия,7
2026-03-26,yandex.promopages,Москва,Россия,7
2026-01-09,yandex.promopages,Москва,Россия,6
2026-01-15,yandex.promopages,Не определено,Россия,6
2026-01-27,yandex.promopages,Москва,Россия,6
2026-01-29,yandex.promopages,Москва,Россия,6
2026-02-02,yandex.promopages,Москва,Россия,6
2026-02-26,yandex.promopages,Барнаул,Россия,6
2026-03-25,yandex.promopages,Краснодар,Россия,6
2026-01-07,yandex.promopages,Краснодар,Россия,5
2026-01-07,yandex.promopages,Нижний Новгород,Россия,5
2026-01-08,yandex.promopages,Москва,Россия,5
2026-01-08,yandex.promopages,Санкт-Петербург,Россия,5
2026-01-15,yandex.promopages,Красноярск,Россия,5
2026-01-16,yandex.promopages,Не определено,Россия,5
2026-01-28,yandex.promopages,Санкт-Петербург,Россия,5
2026-01-29,yandex.promopages,Санкт-Петербург,Россия,5
2026-01-31,yandex.promopages,Екатеринбург,Россия,5
2026-02-02,yandex.promopages,Не определено,Россия,5
2026-02-10,yandex.promopages,Не определено,Россия,5
2026-02-25,yandex.promopages,Новосибирск,Россия,5
2026-02-26,yandex.promopages,Красноярск,Россия,5
2026-03-12,yandex.promopages,Не определено,Россия,5
2026-03-25,yandex.promopages,Нижний Новгород,Россия,5
2026-01-06,yandex.promopages,Краснодар,Россия,4
2026-01-08,yandex.promopages,Омск,Россия,4
2026-01-13,yandex.promopages,Не определено,Россия,4
2026-01-14,yandex.promopages,Москва,Россия,4
2026-01-15,yandex.promopages,Москва,Россия,4
2026-01-29,yandex.promopages,Саратов,Россия,4
2026-02-09,yandex.promopages,Не определено,Россия,4
2026-02-24,yandex.promopages,Не определено,Россия,4
2026-02-25,yandex.promopages,Москва,Россия,4
2026-02-26,yandex.promopages,Екатеринбург,Россия,4
2026-02-26,yandex.promopages,Нижний Новгород,Россия,4
2026-03-09,yandex.promopages,Санкт-Петербург,Россия,4
2026-03-11,yandex.promopages,Москва,Россия,4
2026-03-12,yandex.promopages,Москва,Россия,4
2026-03-25,yandex.promopages,Екатеринбург,Россия,4
2026-03-25,yandex.promopages,Новосибирск,Россия,4
2026-03-25,yandex.promopages,Саратов,Россия,4
2026-03-26,yandex.promopages,Екатеринбург,Россия,4
2026-01-06,yandex.promopages,Владимир,Россия,3
2026-01-06,yandex.promopages,Самара,Россия,3
2026-01-07,yandex.promopages,Тверь,Россия,3
2026-01-08,yandex.promopages,Краснодар,Россия,3
2026-01-08,yandex.promopages,Самара,Россия,3
2026-01-12,yandex.promopages,Липецк,Россия,3
2026-01-15,yandex.promopages,Санкт-Петербург,Россия,3
2026-01-27,yandex.promopages,Ростов-на-Дону,Россия,3
2026-01-27,yandex.promopages,Самара,Россия,3
2026-01-28,yandex.promopages,Саратов,Россия,3
2026-01-28,yandex.promopages,Тула,Россия,3
2026-01-29,yandex.promopages,Екатеринбург,Россия,3
2026-01-29,yandex.promopages,Сочи,Россия,3
2026-01-30,yandex.promopages,Новосибирск,Россия,3
2026-02-01,yandex.promopages,Ростов-на-Дону,Россия,3
2026-02-01,yandex.promopages,Санкт-Петербург,Россия,3
2026-02-03,yandex.promopages,Не определено,Россия,3
2026-02-03,yandex.promopages,Москва,Россия,3
2026-02-03,yandex.promopages,Санкт-Петербург,Россия,3
2026-02-11,yandex.promopages,Великий Новгород,Россия,3
2026-02-13,yandex.promopages,Не определено,Россия,3
2026-02-17,yandex.promopages,Уфа,Россия,3
2026-02-25,yandex.promopages,Барнаул,Россия,3
2026-02-25,yandex.promopages,Батайск,Россия,3
2026-02-25,yandex.promopages,Волгоград,Россия,3
2026-02-25,yandex.promopages,Екатеринбург,Россия,3
2026-02-25,yandex.promopages,Пермь,Россия,3
2026-02-25,yandex.promopages,Тверь,Россия,3
2026-02-26,yandex.promopages,Воронеж,Россия,3
2026-02-26,yandex.promopages,Пермь,Россия,3
2026-02-26,yandex.promopages,Ростов-на-Дону,Россия,3
2026-02-26,yandex.promopages,Санкт-Петербург,Россия,3
2026-02-27,yandex.promopages,Александров,Россия,3
2026-03-11,yandex.promopages,Не определено,Россия,3
2026-03-18,yandex.promopages,Владивосток,Россия,3
2026-03-25,yandex.promopages,Владимир,Россия,3
2026-01-04,yandex.promopages,Не определено,Россия,2
2026-01-06,yandex.promopages,Белгород,Россия,2
2026-01-06,yandex.promopages,Иркутск,Россия,2
2026-01-06,yandex.promopages,Новосибирск,Россия,2
2026-01-06,yandex.promopages,Тамбов,Россия,2
2026-01-06,yandex.promopages,Ульяновск,Россия,2
2026-01-07,yandex.promopages,Воронеж,Россия,2
2026-01-07,yandex.promopages,Екатеринбург,Россия,2
2026-01-07,yandex.promopages,Казань,Россия,2
2026-01-07,yandex.promopages,Ростов-на-Дону,Россия,2
2026-01-07,yandex.promopages,Самара,Россия,2
2026-01-07,yandex.promopages,Саратов,Россия,2
2026-01-07,yandex.promopages,Сургут,Россия,2
2026-01-08,yandex.promopages,Екатеринбург,Россия,2
2026-01-08,yandex.promopages,Нижний Новгород,Россия,2
2026-01-08,yandex.promopages,Старый Оскол,Россия,2
2026-01-08,yandex.promopages,Ульяновск,Россия,2
2026-01-08,yandex.promopages,Чита,Россия,2
2026-01-09,yandex.promopages,Великий Новгород,Россия,2
2026-01-09,yandex.promopages,Казань,Россия,2
2026-01-09,yandex.promopages,Нижний Новгород,Россия,2
2026-01-09,yandex.promopages,Омск,Россия,2
2026-01-12,yandex.promopages,Не определено,Россия,2
2026-01-13,yandex.promopages,Москва,Россия,2
2026-01-14,yandex.promopages,Краснодар,Россия,2
2026-01-14,yandex.promopages,Липецк,Россия,2
2026-01-14,yandex.promopages,Ростов-на-Дону,Россия,2
2026-01-14,yandex.promopages,Саратов,Россия,2
2026-01-14,yandex.promopages,Тюмень,Россия,2
2026-01-15,yandex.promopages,Воронеж,Россия,2
2026-01-25,yandex.promopages,Не определено,Россия,2
2026-01-27,yandex.promopages,Краснодар,Россия,2
2026-01-27,yandex.promopages,Новосибирск,Россия,2
2026-01-28,yandex.promopages,Екатеринбург,Россия,2
2026-01-28,yandex.promopages,Краснодар,Россия,2
2026-01-28,yandex.promopages,Липецк,Россия,2
2026-01-28,yandex.promopages,Ростов-на-Дону,Россия,2
2026-01-29,yandex.promopages,Калининград,Россия,2
2026-01-29,yandex.promopages,Калуга,Россия,2
2026-01-29,yandex.promopages,Липецк,Россия,2
2026-01-29,yandex.promopages,Ростов-на-Дону,Россия,2
2026-01-29,yandex.promopages,Самара,Россия,2
2026-01-29,yandex.promopages,Тамбов,Россия,2
2026-01-29,yandex.promopages,Тверь,Россия,2
2026-01-29,yandex.promopages,Уфа,Россия,2
2026-01-30,yandex.promopages,Липецк,Россия,2
2026-01-30,yandex.promopages,Нижний Новгород,Россия,2
2026-01-30,yandex.promopages,Санкт-Петербург,Россия,2
2026-01-30,yandex.promopages,Тула,Россия,2
2026-01-30,yandex.promopages,Челябинск,Россия,2
2026-01-31,yandex.promopages,Краснодар,Россия,2
2026-01-31,yandex.promopages,Красноярск,Россия,2
2026-01-31,yandex.promopages,Уфа,Россия,2
2026-02-01,yandex.promopages,Воронеж,Россия,2
2026-02-01,yandex.promopages,Новосибирск,Россия,2
2026-02-01,yandex.promopages,Тверь,Россия,2
2026-02-02,yandex.promopages,Абакан,Россия,2
2026-02-02,yandex.promopages,Ярославль,Россия,2
2026-02-03,yandex.promopages,Красноярск,Россия,2
2026-02-04,yandex.promopages,Липецк,Россия,2
2026-02-04,yandex.promopages,Нижний Новгород,Россия,2
2026-02-05,yandex.promopages,Ставрополь,Россия,2
2026-02-06,yandex.promopages,Москва,Россия,2
2026-02-09,yandex.promopages,Иркутск,Россия,2
2026-02-09,yandex.promopages,Липецк,Россия,2
2026-02-09,yandex.promopages,Самара,Россия,2
2026-02-12,yandex.promopages,Омск,Россия,2
2026-02-13,yandex.promopages,Ярославль,Россия,2
2026-02-25,yandex.promopages,Казань,Россия,2
2026-02-25,yandex.promopages,Краснодар,Россия,2
2026-02-25,yandex.promopages,Липецк,Россия,2
2026-02-25,yandex.promopages,Омск,Россия,2
2026-02-25,yandex.promopages,Пенза,Россия,2
2026-02-25,yandex.promopages,Ростов-на-Дону,Россия,2
2026-02-25,yandex.promopages,Самара,Россия,2
2026-02-25,yandex.promopages,Тюмень,Россия,2
2026-02-26,yandex.promopages,Владивосток,Россия,2
2026-02-26,yandex.promopages,Дзержинск,Россия,2
2026-02-26,yandex.promopages,Иркутск,Россия,2
2026-02-26,yandex.promopages,Краснодар,Россия,2
2026-02-26,yandex.promopages,Омск,Россия,2
2026-02-26,yandex.promopages,Оренбург,Россия,2
2026-02-26,yandex.promopages,Пенза,Россия,2
2026-02-26,yandex.promopages,Самара,Россия,2
2026-02-26,yandex.promopages,Тамбов,Россия,2
2026-02-26,yandex.promopages,Уфа,Россия,2
2026-02-26,yandex.promopages,Хабаровск,Россия,2
2026-02-26,yandex.promopages,Челябинск,Россия,2
2026-02-27,yandex.promopages,Абакан,Россия,2
2026-02-27,yandex.promopages,Владивосток,Россия,2
2026-02-27,yandex.promopages,Новосибирск,Россия,2
2026-02-27,yandex.promopages,Ростов-на-Дону,Россия,2
2026-02-27,yandex.promopages,Санкт-Петербург,Россия,2
2026-02-27,yandex.promopages,Тверь,Россия,2
2026-03-09,yandex.promopages,Екатеринбург,Россия,2
2026-03-09,yandex.promopages,Красноярск,Россия,2
2026-03-09,yandex.promopages,Новосибирск,Россия,2
2026-03-09,yandex.promopages,Пермь,Россия,2
2026-03-09,yandex.promopages,Тверь,Россия,2
2026-03-10,yandex.promopages,Не определено,Россия,2
2026-03-12,yandex.promopages,Воронеж,Россия,2
2026-03-12,yandex.promopages,Краснодар,Россия,2
2026-03-12,yandex.promopages,Красноярск,Россия,2
2026-03-12,yandex.promopages,Новосибирск,Россия,2
2026-03-12,yandex.promopages,Тюмень,Россия,2
2026-03-24,yandex.promopages,Санкт-Петербург,Россия,2
2026-03-25,yandex.promopages,Барнаул,Россия,2
2026-03-25,yandex.promopages,Белгород,Россия,2
2026-03-25,yandex.promopages,Благовещенск,Россия,2
2026-03-25,yandex.promopages,Волгоград,Россия,2
2026-03-25,yandex.promopages,Зерноград,Россия,2
2026-03-25,yandex.promopages,Калининград,Россия,2
2026-03-25,yandex.promopages,Кемерово,Россия,2
2026-03-25,yandex.promopages,Красноярск,Россия,2
2026-03-25,yandex.promopages,Курск,Россия,2
2026-03-25,yandex.promopages,Липецк,Россия,2
2026-03-25,yandex.promopages,Омск,Россия,2
2026-03-25,yandex.promopages,Ростов-на-Дону,Россия,2
2026-03-25,yandex.promopages,Ставрополь,Россия,2
2026-03-25,yandex.promopages,Сургут,Россия,2
2026-03-25,yandex.promopages,Тамбов,Россия,2
2026-03-25,yandex.promopages,Хабаровск,Россия,2
2026-03-26,yandex.promopages,Рязань,Россия,2
2026-03-26,yandex.promopages,Самара,Россия,2
2026-03-27,yandex.promopages,Не определено,Россия,2
2026-01-01,yandex.promopages,Не определено,Россия,1
2026-01-01,yandex.promopages,Архангельск,Россия,1
2026-01-01,yandex.promopages,Иркутск,Россия,1
2026-01-03,yandex.promopages,Не определено,Россия,1
2026-01-04,yandex.promopages,Екатеринбург,Россия,1
2026-01-04,yandex.promopages,Саратов,Россия,1
2026-01-05,yandex.promopages,Не определено,Россия,1
2026-01-05,yandex.promopages,Вологда,Россия,1
2026-01-05,yandex.promopages,Кстово,Россия,1
2026-01-05,yandex.promopages,Москва,Россия,1
2026-01-05,yandex.promopages,Ростов-на-Дону,Россия,1
2026-01-06,yandex.promopages,Астрахань,Россия,1
2026-01-06,yandex.promopages,Балаково,Россия,1
2026-01-06,yandex.promopages,Волгоград,Россия,1
2026-01-06,yandex.promopages,Воронеж,Россия,1
2026-01-06,yandex.promopages,Екатеринбург,Россия,1
2026-01-06,yandex.promopages,Ижевск,Россия,1
2026-01-06,yandex.promopages,Кемерово,Россия,1
2026-01-06,yandex.promopages,Липецк,Россия,1
2026-01-06,yandex.promopages,Людиново,Россия,1
2026-01-06,yandex.promopages,Нижний Новгород,Россия,1
2026-01-06,yandex.promopages,Омск,Россия,1
2026-01-06,yandex.promopages,Прокопьевск,Россия,1
2026-01-06,yandex.promopages,Рязань,Россия,1
2026-01-06,yandex.promopages,Севастополь,Россия,1
2026-01-06,yandex.promopages,Смоленск,Россия,1
2026-01-06,yandex.promopages,Сочи,Россия,1
2026-01-06,yandex.promopages,Ставрополь,Россия,1
2026-01-06,yandex.promopages,Тверь,Россия,1
2026-01-06,yandex.promopages,Уфа,Россия,1
2026-01-06,yandex.promopages,Феодосия,Россия,1
2026-01-06,yandex.promopages,Хабаровск,Россия,1
2026-01-06,yandex.promopages,Химки,Россия,1
2026-01-06,yandex.promopages,Челябинск,Россия,1
2026-01-06,yandex.promopages,Щёлково,Россия,1
2026-01-07,yandex.promopages,Барнаул,Россия,1
2026-01-07,yandex.promopages,Владимир,Россия,1
2026-01-07,yandex.promopages,Иркутск,Россия,1
2026-01-07,yandex.promopages,Кызыл,Россия,1
2026-01-07,yandex.promopages,Махачкала,Россия,1
2026-01-07,yandex.promopages,Нальчик,Россия,1
2026-01-07,yandex.promopages,Норильск,Россия,1
2026-01-07,yandex.promopages,Омск,Россия,1
2026-01-07,yandex.promopages,Пенза,Россия,1
2026-01-07,yandex.promopages,Пятигорск,Россия,1
2026-01-07,yandex.promopages,Санкт-Петербург,Россия,1
2026-01-07,yandex.promopages,Симферополь,Россия,1
2026-01-07,yandex.promopages,Сосновоборск,Россия,1
2026-01-07,yandex.promopages,Сочи,Россия,1
2026-01-07,yandex.promopages,Сыктывкар,Россия,1
2026-01-07,yandex.promopages,Тула,Россия,1
2026-01-07,yandex.promopages,Тюмень,Россия,1
2026-01-07,yandex.promopages,Химки,Россия,1
2026-01-07,yandex.promopages,Челябинск,Россия,1
2026-01-07,yandex.promopages,Шахты,Россия,1
2026-01-08,yandex.promopages,Не определено,Армения,1
2026-01-08,yandex.promopages,Азов,Россия,1
2026-01-08,yandex.promopages,Барнаул,Россия,1
2026-01-08,yandex.promopages,Бишкек,Кыргызстан,1
2026-01-08,yandex.promopages,Брянск,Россия,1
2026-01-08,yandex.promopages,Владимир,Россия,1
2026-01-08,yandex.promopages,Вологда,Россия,1
2026-01-08,yandex.promopages,Гулькевичи,Россия,1
2026-01-08,yandex.promopages,Донской,Россия,1
2026-01-08,yandex.promopages,Железногорск,Россия,1
2026-01-08,yandex.promopages,Иркутск,Россия,1
2026-01-08,yandex.promopages,Казань,Россия,1
2026-01-08,yandex.promopages,Калининград,Россия,1
2026-01-08,yandex.promopages,Калуга,Россия,1
2026-01-08,yandex.promopages,Муром,Россия,1
2026-01-08,yandex.promopages,Новосибирск,Россия,1
2026-01-08,yandex.promopages,Норильск,Россия,1
2026-01-08,yandex.promopages,Пермь,Россия,1
2026-01-08,yandex.promopages,Подольск,Россия,1
2026-01-08,yandex.promopages,Приморско-Ахтарск,Россия,1
2026-01-08,yandex.promopages,Прокопьевск,Россия,1
2026-01-08,yandex.promopages,Ростов-на-Дону,Россия,1
2026-01-08,yandex.promopages,Рыбинск,Россия,1
2026-01-08,yandex.promopages,Саратов,Россия,1
2026-01-08,yandex.promopages,Смоленск,Россия,1
2026-01-08,yandex.promopages,Тверь,Россия,1
2026-01-08,yandex.promopages,Томск,Россия,1
2026-01-08,yandex.promopages,Щёлково,Россия,1
2026-01-09,yandex.promopages,Барнаул,Россия,1
2026-01-09,yandex.promopages,Братск,Россия,1
2026-01-09,yandex.promopages,Витебск,Беларусь,1
2026-01-09,yandex.promopages,Владимир,Россия,1
2026-01-09,yandex.promopages,Красноярск,Россия,1
2026-01-09,yandex.promopages,Новосибирск,Россия,1
2026-01-09,yandex.promopages,Оренбург,Россия,1
2026-01-09,yandex.promopages,Санкт-Петербург,Россия,1
2026-01-09,yandex.promopages,Смоленск,Россия,1
2026-01-09,yandex.promopages,Сочи,Россия,1
2026-01-09,yandex.promopages,Ставрополь,Россия,1
2026-01-09,yandex.promopages,Тверь,Россия,1
2026-01-09,yandex.promopages,Улан-Удэ,Россия,1
2026-01-09,yandex.promopages,Хабаровск,Россия,1
2026-01-09,yandex.promopages,Чебоксары,Россия,1
2026-01-09,yandex.promopages,Челябинск,Россия,1
2026-01-10,yandex.promopages,Арзамас,Россия,1
2026-01-10,yandex.promopages,Архангельск,Россия,1
2026-01-10,yandex.promopages,Краснодар,Россия,1
2026-01-10,yandex.promopages,Москва,Россия,1
2026-01-10,yandex.promopages,Пенза,Россия,1
2026-01-10,yandex.promopages,Ставрополь,Россия,1
2026-01-10,yandex.promopages,Черкесск,Россия,1
2026-01-11,yandex.promopages,Не определено,Не определено,1
2026-01-11,yandex.promopages,Не определено,Россия,1
2026-01-11,yandex.promopages,Екатеринбург,Россия,1
2026-01-11,yandex.promopages,Казань,Россия,1
2026-01-11,yandex.promopages,Москва,Россия,1
2026-01-11,yandex.promopages,Санкт-Петербург,Россия,1
2026-01-11,yandex.promopages,Чита,Россия,1
2026-01-12,yandex.promopages,Волгоград,Россия,1
2026-01-12,yandex.promopages,Новосибирск,Россия,1
2026-01-13,yandex.promopages,Екатеринбург,Россия,1
2026-01-13,yandex.promopages,Железногорск,Россия,1
2026-01-13,yandex.promopages,Липецк,Россия,1
2026-01-13,yandex.promopages,Новосибирск,Россия,1
2026-01-13,yandex.promopages,Орёл,Россия,1
2026-01-13,yandex.promopages,Пермь,Россия,1
2026-01-13,yandex.promopages,Петровск,Россия,1
2026-01-13,yandex.promopages,Псков,Россия,1
2026-01-13,yandex.promopages,Тверь,Россия,1
2026-01-13,yandex.promopages,Тюмень,Россия,1
2026-01-14,yandex.promopages,Архангельск,Россия,1
2026-01-14,yandex.promopages,Барнаул,Россия,1
2026-01-14,yandex.promopages,Висбаден,Германия,1
2026-01-14,yandex.promopages,Воронеж,Россия,1
2026-01-14,yandex.promopages,Екатеринбург,Россия,1
2026-01-14,yandex.promopages,Королёв,Россия,1
2026-01-14,yandex.promopages,Красноярск,Россия,1
2026-01-14,yandex.promopages,Мурманск,Россия,1
2026-01-14,yandex.promopages,Подольск,Россия,1
2026-01-14,yandex.promopages,Рязань,Россия,1
2026-01-14,yandex.promopages,Саранск,Россия,1
2026-01-14,yandex.promopages,Симферополь,Россия,1
2026-01-14,yandex.promopages,Скопин,Россия,1
2026-01-14,yandex.promopages,Сокол,Россия,1
2026-01-14,yandex.promopages,Тверь,Россия,1
2026-01-14,yandex.promopages,Томск,Россия,1
2026-01-14,yandex.promopages,Ульяновск,Россия,1
2026-01-14,yandex.promopages,Челябинск,Россия,1
2026-01-14,yandex.promopages,Якутск,Россия,1
2026-01-15,yandex.promopages,Ангарск,Россия,1
2026-01-15,yandex.promopages,Балаково,Россия,1
2026-01-15,yandex.promopages,Екатеринбург,Россия,1
2026-01-15,yandex.promopages,Краснодар,Россия,1
2026-01-15,yandex.promopages,Липецк,Россия,1
2026-01-15,yandex.promopages,Михайловск,Россия,1
2026-01-15,yandex.promopages,Нижний Новгород,Россия,1
2026-01-15,yandex.promopages,Ставрополь,Россия,1
2026-01-15,yandex.promopages,Череповец,Россия,1
2026-01-15,yandex.promopages,Ярославль,Россия,1
2026-01-16,yandex.promopages,Грязи,Россия,1
2026-01-16,yandex.promopages,Нефтеюганск,Россия,1
2026-01-16,yandex.promopages,Нижний Новгород,Россия,1
2026-01-16,yandex.promopages,Новосибирск,Россия,1
2026-01-16,yandex.promopages,Омск,Россия,1
2026-01-16,yandex.promopages,Оренбург,Россия,1
2026-01-16,yandex.promopages,Пенза,Россия,1
2026-01-16,yandex.promopages,Санкт-Петербург,Россия,1
2026-01-16,yandex.promopages,Саратов,Россия,1
2026-01-16,yandex.promopages,Уфа,Россия,1
2026-01-16,yandex.promopages,Ярославль,Россия,1
2026-01-17,yandex.promopages,Не определено,Россия,1
2026-01-17,yandex.promopages,Владимир,Россия,1
2026-01-17,yandex.promopages,Москва,Россия,1
2026-01-17,yandex.promopages,Нижний Новгород,Россия,1
2026-01-18,yandex.promopages,Не определено,Россия,1
2026-01-19,yandex.promopages,Не определено,Россия,1
2026-01-19,yandex.promopages,Казань,Россия,1
2026-01-19,yandex.promopages,Липецк,Россия,1
2026-01-20,yandex.promopages,Не определено,Россия,1
2026-01-20,yandex.promopages,Липецк,Россия,1
2026-01-21,yandex.promopages,Не определено,Россия,1
2026-01-21,yandex.promopages,Киров,Россия,1
2026-01-21,yandex.promopages,Липецк,Россия,1
2026-01-22,yandex.promopages,Липецк,Россия,1
2026-01-23,yandex.promopages,Не определено,Россия,1
2026-01-23,yandex.promopages,Воронеж,Россия,1
2026-01-23,yandex.promopages,Липецк,Россия,1
2026-01-24,yandex.promopages,Не определено,Россия,1
2026-01-24,yandex.promopages,Берёзовский,Россия,1
2026-01-24,yandex.promopages,Краснодар,Россия,1
2026-01-24,yandex.promopages,Ростов-на-Дону,Россия,1
2026-01-24,yandex.promopages,Самара,Россия,1
2026-01-24,yandex.promopages,Сочи,Россия,1
2026-01-24,yandex.promopages,Ставрополь,Россия,1
2026-01-24,yandex.promopages,Ульяновск,Россия,1
2026-01-25,yandex.promopages,Екатеринбург,Россия,1
2026-01-25,yandex.promopages,Железногорск,Россия,1
2026-01-25,yandex.promopages,Иркутск,Россия,1
2026-01-25,yandex.promopages,Красноярск,Россия,1
2026-01-25,yandex.promopages,Москва,Россия,1
2026-01-25,yandex.promopages,Самара,Россия,1
2026-01-25,yandex.promopages,Саратов,Россия,1
2026-01-25,yandex.promopages,Учалы,Россия,1
2026-01-26,yandex.promopages,Благовещенск,Россия,1
2026-01-26,yandex.promopages,Грязи,Россия,1
2026-01-26,yandex.promopages,Казань,Россия,1
2026-01-26,yandex.promopages,Краснодар,Россия,1
2026-01-26,yandex.promopages,Липецк,Россия,1
2026-01-26,yandex.promopages,Новокузнецк,Россия,1
2026-01-26,yandex.promopages,Нягань,Россия,1
2026-01-26,yandex.promopages,Пермь,Россия,1
2026-01-26,yandex.promopages,Петропавловск-Камчатский,Россия,1
2026-01-26,yandex.promopages,Ростов-на-Дону,Россия,1
2026-01-26,yandex.promopages,Рязань,Россия,1
2026-01-26,yandex.promopages,Санкт-Петербург,Россия,1
2026-01-26,yandex.promopages,Тула,Россия,1
2026-01-26,yandex.promopages,Хотьково,Россия,1
2026-01-26,yandex.promopages,Челябинск,Россия,1
2026-01-27,yandex.promopages,Брянск,Россия,1
2026-01-27,yandex.promopages,Владимир,Россия,1
2026-01-27,yandex.promopages,Волгоград,Россия,1
2026-01-27,yandex.promopages,Георгиевск,Россия,1
2026-01-27,yandex.promopages,Десногорск,Россия,1
2026-01-27,yandex.promopages,Екатеринбург,Россия,1
2026-01-27,yandex.promopages,Иркутск,Россия,1
2026-01-27,yandex.promopages,Кемерово,Россия,1
2026-01-27,yandex.promopages,Киров,Россия,1
2026-01-27,yandex.promopages,Курган,Россия,1
2026-01-27,yandex.promopages,Кызыл,Россия,1
2026-01-27,yandex.promopages,Липецк,Россия,1
2026-01-27,yandex.promopages,Люберцы,Россия,1
2026-01-27,yandex.promopages,Мытищи,Россия,1
2026-01-27,yandex.promopages,Нижний Новгород,Россия,1
2026-01-27,yandex.promopages,Новый Уренгой,Россия,1
2026-01-27,yandex.promopages,Прокопьевск,Россия,1
2026-01-27,yandex.promopages,Санкт-Петербург,Россия,1
2026-01-27,yandex.promopages,Саратов,Россия,1
2026-01-27,yandex.promopages,Стерлитамак,Россия,1
2026-01-27,yandex.promopages,Томск,Россия,1
2026-01-27,yandex.promopages,Челябинск,Россия,1
2026-01-28,yandex.promopages,Абакан,Россия,1
2026-01-28,yandex.promopages,Астрахань,Россия,1
2026-01-28,yandex.promopages,Барнаул,Россия,1
2026-01-28,yandex.promopages,Благовещенск,Россия,1
2026-01-28,yandex.promopages,Владимир,Россия,1
2026-01-28,yandex.promopages,Джанкой,Россия,1
2026-01-28,yandex.promopages,Дзержинск,Россия,1
2026-01-28,yandex.promopages,Домодедово,Россия,1
2026-01-28,yandex.promopages,Ижевск,Россия,1
2026-01-28,yandex.promopages,Калуга,Россия,1
2026-01-28,yandex.promopages,Комсомольск-на-Амуре,Россия,1
2026-01-28,yandex.promopages,Кострома,Россия,1
2026-01-28,yandex.promopages,Муром,Россия,1
2026-01-28,yandex.promopages,Нальчик,Россия,1
2026-01-28,yandex.promopages,Новоаннинский,Россия,1
2026-01-28,yandex.promopages,Новосибирск,Россия,1
2026-01-28,yandex.promopages,Омск,Россия,1
2026-01-28,yandex.promopages,Орёл,Россия,1
2026-01-28,yandex.promopages,Подольск,Россия,1
2026-01-28,yandex.promopages,Пятигорск,Россия,1
2026-01-28,yandex.promopages,Саранск,Россия,1
2026-01-28,yandex.promopages,Севастополь,Россия,1
2026-01-28,yandex.promopages,Ставрополь,Россия,1
2026-01-28,yandex.promopages,Сургут,Россия,1
2026-01-28,yandex.promopages,Сызрань,Россия,1
2026-01-28,yandex.promopages,Тамбов,Россия,1
2026-01-28,yandex.promopages,Тверь,Россия,1
2026-01-28,yandex.promopages,Томск,Россия,1
2026-01-28,yandex.promopages,Ульяновск,Россия,1
2026-01-28,yandex.promopages,Химки,Россия,1
2026-01-28,yandex.promopages,Череповец,Россия,1
2026-01-29,yandex.promopages,Астрахань,Россия,1
2026-01-29,yandex.promopages,Барнаул,Россия,1
2026-01-29,yandex.promopages,Белорецк,Россия,1
2026-01-29,yandex.promopages,Бийск,Россия,1
2026-01-29,yandex.promopages,Владимир,Россия,1
2026-01-29,yandex.promopages,Волжский,Россия,1
2026-01-29,yandex.promopages,Вытегра,Россия,1
2026-01-29,yandex.promopages,Гурьевск,Россия,1
2026-01-29,yandex.promopages,Дзержинский,Россия,1
2026-01-29,yandex.promopages,Иркутск,Россия,1
2026-01-29,yandex.promopages,Казань,Россия,1
2026-01-29,yandex.promopages,Кизляр,Россия,1
2026-01-29,yandex.promopages,Краснодар,Россия,1
2026-01-29,yandex.promopages,Красноярск,Россия,1
2026-01-29,yandex.promopages,Красный Сулин,Россия,1
2026-01-29,yandex.promopages,Междуреченск,Россия,1
2026-01-29,yandex.promopages,Мурино,Россия,1
2026-01-29,yandex.promopages,Наро-Фоминск,Россия,1
2026-01-29,yandex.promopages,Нижний Новгород,Россия,1
2026-01-29,yandex.promopages,Новосибирск,Россия,1
2026-01-29,yandex.promopages,Октябрьский,Россия,1
2026-01-29,yandex.promopages,Омск,Россия,1
2026-01-29,yandex.promopages,Севастополь,Россия,1
2026-01-29,yandex.promopages,Сертолово,Россия,1
2026-01-29,yandex.promopages,Симферополь,Россия,1
2026-01-29,yandex.promopages,Смоленск,Россия,1
2026-01-29,yandex.promopages,Сургут,Россия,1
2026-01-29,yandex.promopages,Тюмень,Россия,1
2026-01-29,yandex.promopages,Хабаровск,Россия,1
2026-01-29,yandex.promopages,Челябинск,Россия,1
2026-01-30,yandex.promopages,Не определено,Беларусь,1
2026-01-30,yandex.promopages,Абакан,Россия,1
2026-01-30,yandex.promopages,Барнаул,Россия,1
2026-01-30,yandex.promopages,Белово,Россия,1
2026-01-30,yandex.promopages,Борисоглебск,Россия,1
2026-01-30,yandex.promopages,Владимир,Россия,1
2026-01-30,yandex.promopages,Волгоград,Россия,1
2026-01-30,yandex.promopages,Вологда,Россия,1
2026-01-30,yandex.promopages,Горно-Алтайск,Россия,1
2026-01-30,yandex.promopages,Железногорск,Россия,1
2026-01-30,yandex.promopages,Краснодар,Россия,1
2026-01-30,yandex.promopages,Красноярск,Россия,1
2026-01-30,yandex.promopages,Пенза,Россия,1
2026-01-30,yandex.promopages,Петропавловск-Камчатский,Россия,1
2026-01-30,yandex.promopages,Ростов-на-Дону,Россия,1
2026-01-30,yandex.promopages,Сочи,Россия,1
2026-01-30,yandex.promopages,Тольятти,Россия,1
2026-01-30,yandex.promopages,Энгельс,Россия,1
2026-01-31,yandex.promopages,Всеволожск,Россия,1
2026-01-31,yandex.promopages,Заречный,Россия,1
2026-01-31,yandex.promopages,Иваново,Россия,1
2026-01-31,yandex.promopages,Казань,Россия,1
2026-01-31,yandex.promopages,Кемерово,Россия,1
2026-01-31,yandex.promopages,Ковров,Россия,1
2026-01-31,yandex.promopages,Мурино,Россия,1
2026-01-31,yandex.promopages,Мурманск,Россия,1
2026-01-31,yandex.promopages,Новосибирск,Россия,1
2026-01-31,yandex.promopages,Одинцово,Россия,1
2026-01-31,yandex.promopages,Омск,Россия,1
2026-01-31,yandex.promopages,Петрозаводск,Россия,1
2026-01-31,yandex.promopages,Ростов-на-Дону,Россия,1
2026-01-31,yandex.promopages,Самара,Россия,1
2026-01-31,yandex.promopages,Саратов,Россия,1
2026-01-31,yandex.promopages,Ставрополь,Россия,1
2026-01-31,yandex.promopages,Тамбов,Россия,1
2026-01-31,yandex.promopages,Тверь,Россия,1
2026-01-31,yandex.promopages,Улан-Удэ,Россия,1
2026-01-31,yandex.promopages,Ульяновск,Россия,1
2026-02-01,yandex.promopages,Абакан,Россия,1
2026-02-01,yandex.promopages,Евпатория,Россия,1
2026-02-01,yandex.promopages,Ижевск,Россия,1
2026-02-01,yandex.promopages,Казань,Россия,1
2026-02-01,yandex.promopages,Красноярск,Россия,1
2026-02-01,yandex.promopages,Кстово,Россия,1
2026-02-01,yandex.promopages,Липецк,Россия,1
2026-02-01,yandex.promopages,Муром,Россия,1
2026-02-01,yandex.promopages,Орёл,Россия,1
2026-02-01,yandex.promopages,Пермь,Россия,1
2026-02-01,yandex.promopages,Рязань,Россия,1
2026-02-01,yandex.promopages,Севастополь,Россия,1
2026-02-01,yandex.promopages,Старый Оскол,Россия,1
2026-02-01,yandex.promopages,Туапсе,Россия,1
2026-02-01,yandex.promopages,Ухта,Россия,1
2026-02-01,yandex.promopages,Чебоксары,Россия,1
2026-02-01,yandex.promopages,Якутск,Россия,1
2026-02-02,yandex.promopages,Белгород,Россия,1
2026-02-02,yandex.promopages,Брянск,Россия,1
2026-02-02,yandex.promopages,Долгопрудный,Россия,1
2026-02-02,yandex.promopages,Ивантеевка,Россия,1
2026-02-02,yandex.promopages,Калининград,Россия,1
2026-02-02,yandex.promopages,Кемерово,Россия,1
2026-02-02,yandex.promopages,Липецк,Россия,1
2026-02-02,yandex.promopages,Набережные Челны,Россия,1
2026-02-02,yandex.promopages,Норильск,Россия,1
2026-02-02,yandex.promopages,Ростов-на-Дону,Россия,1
2026-02-02,yandex.promopages,Севастополь,Россия,1
2026-02-02,yandex.promopages,Ставрополь,Россия,1
2026-02-02,yandex.promopages,Тверь,Россия,1
2026-02-02,yandex.promopages,Тольятти,Россия,1
2026-02-02,yandex.promopages,Уфа,Россия,1
2026-02-02,yandex.promopages,Чебоксары,Россия,1
2026-02-03,yandex.promopages,Абакан,Россия,1
2026-02-03,yandex.promopages,Александров,Россия,1
2026-02-03,yandex.promopages,Берлин,Германия,1
2026-02-03,yandex.promopages,Брянск,Россия,1
2026-02-03,yandex.promopages,Владивосток,Россия,1
2026-02-03,yandex.promopages,Волгоград,Россия,1
2026-02-03,yandex.promopages,Губкин,Россия,1
2026-02-03,yandex.promopages,Иркутск,Россия,1
2026-02-03,yandex.promopages,Йошкар-Ола,Россия,1
2026-02-03,yandex.promopages,Краснодар,Россия,1
2026-02-03,yandex.promopages,Липецк,Россия,1
2026-02-03,yandex.promopages,Набережные Челны,Россия,1
2026-02-03,yandex.promopages,Ростов-на-Дону,Россия,1
2026-02-03,yandex.promopages,Самара,Россия,1
2026-02-03,yandex.promopages,Сарапул,Россия,1
2026-02-03,yandex.promopages,Саратов,Россия,1
2026-02-03,yandex.promopages,Смоленск,Россия,1
2026-02-03,yandex.promopages,Ставрополь,Россия,1
2026-02-03,yandex.promopages,Старый Оскол,Россия,1
2026-02-03,yandex.promopages,Уфа,Россия,1
2026-02-03,yandex.promopages,Щёлково,Россия,1
2026-02-04,yandex.promopages,Киров,Россия,1
2026-02-04,yandex.promopages,Петропавловск-Камчатский,Россия,1
2026-02-04,yandex.promopages,Санкт-Петербург,Россия,1
2026-02-04,yandex.promopages,Томск,Россия,1
2026-02-05,yandex.promopages,Не определено,Германия,1
2026-02-05,yandex.promopages,Ковров,Россия,1
2026-02-05,yandex.promopages,Липецк,Россия,1
2026-02-05,yandex.promopages,Самара,Россия,1
2026-02-05,yandex.promopages,Санкт-Петербург,Россия,1
2026-02-06,yandex.promopages,Липецк,Россия,1
2026-02-07,yandex.promopages,Краснодар,Россия,1
2026-02-08,yandex.promopages,Не определено,Россия,1
2026-02-08,yandex.promopages,Йошкар-Ола,Россия,1
2026-02-08,yandex.promopages,Москва,Россия,1
2026-02-09,yandex.promopages,Арзамас,Россия,1
2026-02-09,yandex.promopages,Москва,Россия,1
2026-02-09,yandex.promopages,Новокузнецк,Россия,1
2026-02-09,yandex.promopages,Ставрополь,Россия,1
2026-02-09,yandex.promopages,Энгельс,Россия,1
2026-02-10,yandex.promopages,Киров,Россия,1
2026-02-10,yandex.promopages,Краснодар,Россия,1
2026-02-10,yandex.promopages,Липецк,Россия,1
2026-02-10,yandex.promopages,Новосибирск,Россия,1
2026-02-11,yandex.promopages,Батайск,Россия,1
2026-02-11,yandex.promopages,Липецк,Россия,1
2026-02-11,yandex.promopages,Ростов-на-Дону,Россия,1
2026-02-11,yandex.promopages,Челябинск,Россия,1
2026-02-12,yandex.promopages,Барнаул,Россия,1
2026-02-12,yandex.promopages,Воронеж,Россия,1
2026-02-12,yandex.promopages,Киров,Россия,1
2026-02-12,yandex.promopages,Кострома,Россия,1
2026-02-12,yandex.promopages,Липецк,Россия,1
2026-02-12,yandex.promopages,Рязань,Россия,1
2026-02-12,yandex.promopages,Тула,Россия,1
2026-02-12,yandex.promopages,Южно-Сахалинск,Россия,1
2026-02-13,yandex.promopages,Воронеж,Россия,1
2026-02-13,yandex.promopages,Котельники,Россия,1
2026-02-13,yandex.promopages,Липецк,Россия,1
2026-02-14,yandex.promopages,Евпатория,Россия,1
2026-02-14,yandex.promopages,Иркутск,Россия,1
2026-02-14,yandex.promopages,Санкт-Петербург,Россия,1
2026-02-15,yandex.promopages,Ставрополь,Россия,1
2026-02-16,yandex.promopages,Не определено,Россия,1
2026-02-16,yandex.promopages,Липецк,Россия,1
2026-02-16,yandex.promopages,Уфа,Россия,1
2026-02-17,yandex.promopages,Гусь-Хрустальный,Россия,1
2026-02-17,yandex.promopages,Липецк,Россия,1
2026-02-17,yandex.promopages,Нижний Новгород,Россия,1
2026-02-17,yandex.promopages,Новосибирск,Россия,1
2026-02-17,yandex.promopages,Новочеркасск,Россия,1
2026-02-17,yandex.promopages,Омск,Россия,1
2026-02-17,yandex.promopages,Ставрополь,Россия,1
2026-02-17,yandex.promopages,Якутск,Россия,1
2026-02-18,yandex.promopages,Липецк,Россия,1
2026-02-18,yandex.promopages,Ставрополь,Россия,1
2026-02-19,yandex.promopages,Липецк,Россия,1
2026-02-20,yandex.promopages,Владимир,Россия,1
2026-02-20,yandex.promopages,Москва,Россия,1
2026-02-25,yandex.promopages,Астрахань,Россия,1
2026-02-25,yandex.promopages,Великий Устюг,Россия,1
2026-02-25,yandex.promopages,Воронеж,Россия,1
2026-02-25,yandex.promopages,Вязьма,Россия,1
2026-02-25,yandex.promopages,Голицыно,Россия,1
2026-02-25,yandex.promopages,Домодедово,Россия,1
2026-02-25,yandex.promopages,Златоуст,Россия,1
2026-02-25,yandex.promopages,Ижевск,Россия,1
2026-02-25,yandex.promopages,Калуга,Россия,1
2026-02-25,yandex.promopages,Красноярск,Россия,1
2026-02-25,yandex.promopages,Кузнецк,Россия,1
2026-02-25,yandex.promopages,Курган,Россия,1
2026-02-25,yandex.promopages,Курск,Россия,1
2026-02-25,yandex.promopages,Лобня,Россия,1
2026-02-25,yandex.promopages,Луховицы,Россия,1
2026-02-25,yandex.promopages,Нефтекамск,Россия,1
2026-02-25,yandex.promopages,Нижний Тагил,Россия,1
2026-02-25,yandex.promopages,Новокузнецк,Россия,1
2026-02-25,yandex.promopages,Новотроицк,Россия,1
2026-02-25,yandex.promopages,Оренбург,Россия,1
2026-02-25,yandex.promopages,Орёл,Россия,1
2026-02-25,yandex.promopages,Рыбинск,Россия,1
2026-02-25,yandex.promopages,Саранск,Россия,1
2026-02-25,yandex.promopages,Саратов,Россия,1
2026-02-25,yandex.promopages,Сасово,Россия,1
2026-02-25,yandex.promopages,Северодвинск,Россия,1
2026-02-25,yandex.promopages,Ставрополь,Россия,1
2026-02-25,yandex.promopages,Сургут,Россия,1
2026-02-25,yandex.promopages,Сыктывкар,Россия,1
2026-02-25,yandex.promopages,Тамбов,Россия,1
2026-02-25,yandex.promopages,Ульяновск,Россия,1
2026-02-25,yandex.promopages,Уфа,Россия,1
2026-02-25,yandex.promopages,Челябинск,Россия,1
2026-02-25,yandex.promopages,Чита,Россия,1
2026-02-25,yandex.promopages,Южно-Сахалинск,Россия,1
2026-02-25,yandex.promopages,Ялта,Россия,1
2026-02-25,yandex.promopages,Ярославль,Россия,1
2026-02-26,yandex.promopages,Алексин,Россия,1
2026-02-26,yandex.promopages,Армавир,Россия,1
2026-02-26,yandex.promopages,Архангельск,Россия,1
2026-02-26,yandex.promopages,Белгород,Россия,1
2026-02-26,yandex.promopages,Белоозерский,Россия,1
2026-02-26,yandex.promopages,Брянск,Россия,1
2026-02-26,yandex.promopages,Великий Новгород,Россия,1
2026-02-26,yandex.promopages,Вольск,Россия,1
2026-02-26,yandex.promopages,Егорьевск,Россия,1
2026-02-26,yandex.promopages,Елец,Россия,1
2026-02-26,yandex.promopages,Ижевск,Россия,1
2026-02-26,yandex.promopages,Йошкар-Ола,Россия,1
2026-02-26,yandex.promopages,Казань,Россия,1
2026-02-26,yandex.promopages,Калуга,Россия,1
2026-02-26,yandex.promopages,Кемерово,Россия,1
2026-02-26,yandex.promopages,Кисловодск,Россия,1
2026-02-26,yandex.promopages,Кишинев,Молдова,1
2026-02-26,yandex.promopages,Ковров,Россия,1
2026-02-26,yandex.promopages,Коломна,Россия,1
2026-02-26,yandex.promopages,Курск,Россия,1
2026-02-26,yandex.promopages,Курчатов,Россия,1
2026-02-26,yandex.promopages,Кыштым,Россия,1
2026-02-26,yandex.promopages,Липецк,Россия,1
2026-02-26,yandex.promopages,Нестеров,Россия,1
2026-02-26,yandex.promopages,Новокузнецк,Россия,1
2026-02-26,yandex.promopages,Новороссийск,Россия,1
2026-02-26,yandex.promopages,Новоуральск,Россия,1
2026-02-26,yandex.promopages,Обнинск,Россия,1
2026-02-26,yandex.promopages,Петрозаводск,Россия,1
2026-02-26,yandex.promopages,Саранск,Россия,1
2026-02-26,yandex.promopages,Тверь,Россия,1
2026-02-26,yandex.promopages,Тольятти,Россия,1
2026-02-26,yandex.promopages,Тула,Россия,1
2026-02-26,yandex.promopages,Усть-Илимск,Россия,1
2026-02-26,yandex.promopages,Чита,Россия,1
2026-02-26,yandex.promopages,Энгельс,Россия,1
2026-02-27,yandex.promopages,Не определено,Германия,1
2026-02-27,yandex.promopages,Великий Новгород,Россия,1
2026-02-27,yandex.promopages,Вологда,Россия,1
2026-02-27,yandex.promopages,Горно-Алтайск,Россия,1
2026-02-27,yandex.promopages,Екатеринбург,Россия,1
2026-02-27,yandex.promopages,Ижевск,Россия,1
2026-02-27,yandex.promopages,Калуга,Россия,1
2026-02-27,yandex.promopages,Краснодар,Россия,1
2026-02-27,yandex.promopages,Нижневартовск,Россия,1
2026-02-27,yandex.promopages,Пермь,Россия,1
2026-02-27,yandex.promopages,Петрозаводск,Россия,1
2026-02-27,yandex.promopages,Ростов,Россия,1
2026-02-27,yandex.promopages,Сокол,Россия,1
2026-02-27,yandex.promopages,Сосновый Бор,Россия,1
2026-02-27,yandex.promopages,Ставрополь,Россия,1
2026-02-27,yandex.promopages,Тула,Россия,1
2026-02-27,yandex.promopages,Тюмень,Россия,1
2026-02-27,yandex.promopages,Уфа,Россия,1
2026-02-27,yandex.promopages,Хабаровск,Россия,1
2026-02-27,yandex.promopages,Электросталь,Россия,1
2026-02-27,yandex.promopages,Якутск,Россия,1
2026-02-28,yandex.promopages,Новосибирск,Россия,1
2026-02-28,yandex.promopages,Ставрополь,Россия,1
2026-03-02,yandex.promopages,Не определено,Россия,1
2026-03-02,yandex.promopages,Ростов-на-Дону,Россия,1
2026-03-03,yandex.promopages,Ставрополь,Россия,1
2026-03-09,yandex.promopages,Анжеро-Судженск,Россия,1
2026-03-09,yandex.promopages,Астрахань,Россия,1
2026-03-09,yandex.promopages,Белгород,Россия,1
2026-03-09,yandex.promopages,Братск,Россия,1
2026-03-09,yandex.promopages,Брянск,Россия,1
2026-03-09,yandex.promopages,Видное,Россия,1
2026-03-09,yandex.promopages,Ижевск,Россия,1
2026-03-09,yandex.promopages,Иркутск,Россия,1
2026-03-09,yandex.promopages,Казань,Россия,1
2026-03-09,yandex.promopages,Калтан,Россия,1
2026-03-09,yandex.promopages,Калуга,Россия,1
2026-03-09,yandex.promopages,Киров,Россия,1
2026-03-09,yandex.promopages,Коломна,Россия,1
2026-03-09,yandex.promopages,Ленинск-Кузнецкий,Россия,1
2026-03-09,yandex.promopages,Липецк,Россия,1
2026-03-09,yandex.promopages,Нижний Новгород,Россия,1
2026-03-09,yandex.promopages,Омск,Россия,1
2026-03-09,yandex.promopages,Полысаево,Россия,1
2026-03-09,yandex.promopages,Ростов-на-Дону,Россия,1
2026-03-09,yandex.promopages,Рубцовск,Россия,1
2026-03-09,yandex.promopages,Самара,Россия,1
2026-03-09,yandex.promopages,Ставрополь,Россия,1
2026-03-09,yandex.promopages,Тольятти,Россия,1
2026-03-09,yandex.promopages,Тюмень,Россия,1
2026-03-09,yandex.promopages,Уфа,Россия,1
2026-03-09,yandex.promopages,Феодосия,Россия,1
2026-03-09,yandex.promopages,Хабаровск,Россия,1
2026-03-09,yandex.promopages,Челябинск,Россия,1
2026-03-09,yandex.promopages,Чита,Россия,1
2026-03-11,yandex.promopages,Калининград,Россия,1
2026-03-11,yandex.promopages,Краснодар,Россия,1
2026-03-11,yandex.promopages,Нижний Новгород,Россия,1
2026-03-11,yandex.promopages,Омск,Россия,1
2026-03-11,yandex.promopages,Самара,Россия,1
2026-03-12,yandex.promopages,Владимир,Россия,1
2026-03-12,yandex.promopages,Екатеринбург,Россия,1
2026-03-12,yandex.promopages,Зеленокумск,Россия,1
2026-03-12,yandex.promopages,Иваново,Россия,1
2026-03-12,yandex.promopages,Кемерово,Россия,1
2026-03-12,yandex.promopages,Котельнич,Россия,1
2026-03-12,yandex.promopages,Нижний Новгород,Россия,1
2026-03-12,yandex.promopages,Омск,Россия,1
2026-03-12,yandex.promopages,Оренбург,Россия,1
2026-03-12,yandex.promopages,Рязань,Россия,1
2026-03-12,yandex.promopages,Санкт-Петербург,Россия,1
2026-03-12,yandex.promopages,Саранск,Россия,1
2026-03-12,yandex.promopages,Саратов,Россия,1
2026-03-12,yandex.promopages,Ставрополь,Россия,1
2026-03-12,yandex.promopages,Ульяновск,Россия,1
2026-03-12,yandex.promopages,Уфа,Россия,1
2026-03-12,yandex.promopages,Чита,Россия,1
2026-03-13,yandex.promopages,Не определено,Россия,1
2026-03-13,yandex.promopages,Москва,Россия,1
2026-03-13,yandex.promopages,Смоленск,Россия,1
2026-03-13,yandex.promopages,Ялта,Россия,1
2026-03-14,yandex.promopages,Не определено,Россия,1
2026-03-16,yandex.promopages,Не определено,Россия,1
2026-03-17,yandex.promopages,Не определено,Россия,1
2026-03-17,yandex.promopages,Воронеж,Россия,1
2026-03-17,yandex.promopages,Курск,Россия,1
2026-03-18,yandex.promopages,Ростов-на-Дону,Россия,1
2026-03-18,yandex.promopages,Тамбов,Россия,1
2026-03-23,yandex.promopages,Не определено,Россия,1
2026-03-24,yandex.promopages,Благовещенск,Россия,1
2026-03-24,yandex.promopages,Брянск,Россия,1
2026-03-24,yandex.promopages,Воронеж,Россия,1
2026-03-24,yandex.promopages,Грязи,Россия,1
2026-03-24,yandex.promopages,Димитровград,Россия,1
2026-03-24,yandex.promopages,Екатеринбург,Россия,1
2026-03-24,yandex.promopages,Курск,Россия,1
2026-03-24,yandex.promopages,Новочебоксарск,Россия,1
2026-03-24,yandex.promopages,Пятигорск,Россия,1
2026-03-24,yandex.promopages,Ростов-на-Дону,Россия,1
2026-03-24,yandex.promopages,Самара,Россия,1
2026-03-24,yandex.promopages,Томск,Россия,1
2026-03-24,yandex.promopages,Уфа,Россия,1
2026-03-24,yandex.promopages,Якутск,Россия,1
2026-03-25,yandex.promopages,Не определено,Великобритания,1
2026-03-25,yandex.promopages,Не определено,Канада,1
2026-03-25,yandex.promopages,Абакан,Россия,1
2026-03-25,yandex.promopages,Амстердам,Нидерланды,1
2026-03-25,yandex.promopages,Апшеронск,Россия,1
2026-03-25,yandex.promopages,Астрахань,Россия,1
2026-03-25,yandex.promopages,Великие Луки,Россия,1
2026-03-25,yandex.promopages,Великий Новгород,Россия,1
2026-03-25,yandex.promopages,Верещагино,Россия,1
2026-03-25,yandex.promopages,Владикавказ,Россия,1
2026-03-25,yandex.promopages,Домодедово,Россия,1
2026-03-25,yandex.promopages,Железногорск,Россия,1
2026-03-25,yandex.promopages,Иваново,Россия,1
2026-03-25,yandex.promopages,Ижевск,Россия,1
2026-03-25,yandex.promopages,Истра,Россия,1
2026-03-25,yandex.promopages,Королёв,Россия,1
2026-03-25,yandex.promopages,Краснознаменск,Россия,1
2026-03-25,yandex.promopages,Лиски,Россия,1
2026-03-25,yandex.promopages,Магнитогорск,Россия,1
2026-03-25,yandex.promopages,Нальчик,Россия,1
2026-03-25,yandex.promopages,Нижневартовск,Россия,1
2026-03-25,yandex.promopages,Нижний Тагил,Россия,1
2026-03-25,yandex.promopages,Новая Ляля,Россия,1
2026-03-25,yandex.promopages,Нягань,Россия,1
2026-03-25,yandex.promopages,Оренбург,Россия,1
2026-03-25,yandex.promopages,Орёл,Россия,1
2026-03-25,yandex.promopages,Пермь,Россия,1
2026-03-25,yandex.promopages,Петрозаводск,Россия,1
2026-03-25,yandex.promopages,Ржев,Россия,1
2026-03-25,yandex.promopages,Рубцовск,Россия,1
2026-03-25,yandex.promopages,Рыбинск,Россия,1
2026-03-25,yandex.promopages,Рязань,Россия,1
2026-03-25,yandex.promopages,Самара,Россия,1
2026-03-25,yandex.promopages,Севастополь,Россия,1
2026-03-25,yandex.promopages,Симферополь,Россия,1
2026-03-25,yandex.promopages,Солнечногорск,Россия,1
2026-03-25,yandex.promopages,Стрежевой,Россия,1
2026-03-25,yandex.promopages,Улан-Удэ,Россия,1
2026-03-25,yandex.promopages,Ульяновск,Россия,1
2026-03-25,yandex.promopages,Уфа,Россия,1
2026-03-25,yandex.promopages,Ханты-Мансийск,Россия,1
2026-03-25,yandex.promopages,Чебоксары,Россия,1
2026-03-26,yandex.promopages,Алексин,Россия,1
2026-03-26,yandex.promopages,Алушта,Россия,1
2026-03-26,yandex.promopages,Ангарск,Россия,1
2026-03-26,yandex.promopages,Белгород,Россия,1
2026-03-26,yandex.promopages,Белогорск,Россия,1
2026-03-26,yandex.promopages,Владивосток,Россия,1
2026-03-26,yandex.promopages,Волгоград,Россия,1
2026-03-26,yandex.promopages,Воронеж,Россия,1
2026-03-26,yandex.promopages,Краснодар,Россия,1
2026-03-26,yandex.promopages,Мурманск,Россия,1
2026-03-26,yandex.promopages,Нижний Новгород,Россия,1
2026-03-26,yandex.promopages,Новокузнецк,Россия,1
2026-03-26,yandex.promopages,Новосибирск,Россия,1
2026-03-26,yandex.promopages,Омск,Россия,1
2026-03-26,yandex.promopages,Ростов-на-Дону,Россия,1
2026-03-26,yandex.promopages,Санкт-Петербург,Россия,1
2026-03-26,yandex.promopages,Таганрог,Россия,1
2026-03-26,yandex.promopages,Тверь,Россия,1
2026-03-26,yandex.promopages,Челябинск,Россия,1
2026-03-26,yandex.promopages,Якутск,Россия,1
2026-03-27,yandex.promopages,Иркутск,Россия,1
2026-03-27,yandex.promopages,Кемерово,Россия,1
2026-03-27,yandex.promopages,Москва,Россия,1
2026-03-27,yandex.promopages,Омск,Россия,1
2026-03-29,yandex.promopages,Череповец,Россия,1
2026-04-21,yandex.promopages,Не определено,Россия,55
2026-04-27,yandex.promopages,Не определено,Россия,47
2026-04-26,yandex.promopages,Не определено,Россия,35
2026-04-28,yandex.promopages,Не определено,Россия,34
2026-04-25,yandex.promopages,Не определено,Россия,27
2026-04-21,yandex.promopages,Москва,Россия,24
2026-04-27,yandex.promopages,Москва,Россия,21
2026-04-15,yandex.promopages,Не определено,Россия,19
2026-05-29,yandex.promopages,Не определено,Россия,19
2026-04-15,yandex.promopages,Москва,Россия,15
2026-04-25,yandex.promopages,Москва,Россия,14
2026-05-28,yandex.promopages,Не определено,Россия,14
2026-04-28,yandex.promopages,Москва,Россия,13
2026-04-21,yandex.promopages,Санкт-Петербург,Россия,12
2026-04-26,yandex.promopages,Москва,Россия,10
2026-04-27,yandex.promopages,Санкт-Петербург,Россия,10
2026-04-21,yandex.promopages,Самара,Россия,8
2026-04-21,yandex.promopages,Уфа,Россия,8
2026-06-01,yandex.promopages,Не определено,Россия,8
2026-04-21,yandex.promopages,Екатеринбург,Россия,7
2026-04-21,yandex.promopages,Ростов-на-Дону,Россия,7
2026-04-26,yandex.promopages,Симферополь,Россия,7
2026-04-28,yandex.promopages,Нижний Новгород,Россия,7
2026-04-16,yandex.promopages,Не определено,Россия,6
2026-04-17,yandex.promopages,Не определено,Россия,6
2026-04-27,yandex.promopages,Новосибирск,Россия,6
2026-04-28,yandex.promopages,Санкт-Петербург,Россия,6
2026-05-22,yandex.promopages,Не определено,Россия,6
2026-06-01,yandex.promopages,Москва,Россия,6
2026-04-15,yandex.promopages,Екатеринбург,Россия,5
2026-04-21,yandex.promopages,Краснодар,Россия,5
2026-04-21,yandex.promopages,Новокузнецк,Россия,5
2026-04-25,yandex.promopages,Симферополь,Россия,5
2026-04-29,yandex.promopages,Симферополь,Россия,5
2026-05-29,yandex.promopages,Москва,Россия,5
2026-05-31,yandex.promopages,Не определено,Россия,5
2026-06-16,yandex.promopages,Не определено,Россия,5
2026-06-28,yandex.promopages,Не определено,Россия,5
2026-04-17,yandex.promopages,Москва,Россия,4
2026-04-17,yandex.promopages,Самара,Россия,4
2026-04-21,yandex.promopages,Владивосток,Россия,4
2026-04-21,yandex.promopages,Нижний Новгород,Россия,4
2026-04-21,yandex.promopages,Новосибирск,Россия,4
2026-04-21,yandex.promopages,Ульяновск,Россия,4
2026-04-24,yandex.promopages,Не определено,Россия,4
2026-04-25,yandex.promopages,Волгоград,Россия,4
2026-04-25,yandex.promopages,Пенза,Россия,4
2026-04-26,yandex.promopages,Ростов-на-Дону,Россия,4
2026-04-27,yandex.promopages,Брянск,Россия,4
2026-04-27,yandex.promopages,Омск,Россия,4
2026-04-27,yandex.promopages,Самара,Россия,4
2026-04-27,yandex.promopages,Уфа,Россия,4
2026-04-28,yandex.promopages,Брянск,Россия,4
2026-04-28,yandex.promopages,Екатеринбург,Россия,4
2026-04-30,yandex.promopages,Симферополь,Россия,4
2026-05-20,yandex.promopages,Не определено,Россия,4
2026-05-20,yandex.promopages,Москва,Россия,4
2026-05-21,yandex.promopages,Не определено,Россия,4
2026-05-23,yandex.promopages,Не определено,Россия,4
2026-05-24,yandex.promopages,Не определено,Россия,4
2026-05-25,yandex.promopages,Не определено,Россия,4
2026-05-27,yandex.promopages,Не определено,Россия,4
2026-05-28,yandex.promopages,Москва,Россия,4
2026-06-15,yandex.promopages,Москва,Россия,4
2026-06-25,yandex.promopages,Не определено,Россия,4
2026-04-14,yandex.promopages,Не определено,Россия,3
2026-04-15,yandex.promopages,Краснодар,Россия,3
2026-04-16,yandex.promopages,Москва,Россия,3
2026-04-16,yandex.promopages,Самара,Россия,3
2026-04-21,yandex.promopages,Волгоград,Россия,3
2026-04-21,yandex.promopages,Казань,Россия,3
2026-04-21,yandex.promopages,Пермь,Россия,3
2026-04-21,yandex.promopages,Челябинск,Россия,3
2026-04-21,yandex.promopages,Чита,Россия,3
2026-04-22,yandex.promopages,Не определено,Россия,3
2026-04-24,yandex.promopages,Москва,Россия,3
2026-04-25,yandex.promopages,Новосибирск,Россия,3
2026-04-25,yandex.promopages,Ростов-на-Дону,Россия,3
2026-04-25,yandex.promopages,Тверь,Россия,3
2026-04-26,yandex.promopages,Екатеринбург,Россия,3
2026-04-26,yandex.promopages,Киров,Россия,3
2026-04-26,yandex.promopages,Краснодар,Россия,3
2026-04-26,yandex.promopages,Тула,Россия,3
2026-04-26,yandex.promopages,Ульяновск,Россия,3
2026-04-27,yandex.promopages,Екатеринбург,Россия,3
2026-04-27,yandex.promopages,Ростов-на-Дону,Россия,3
2026-04-27,yandex.promopages,Саранск,Россия,3
2026-04-27,yandex.promopages,Ставрополь,Россия,3
2026-04-27,yandex.promopages,Тула,Россия,3
2026-04-27,yandex.promopages,Чита,Россия,3
2026-04-28,yandex.promopages,Барнаул,Россия,3
2026-04-28,yandex.promopages,Симферополь,Россия,3
2026-04-28,yandex.promopages,Тольятти,Россия,3
2026-05-23,yandex.promopages,Москва,Россия,3
2026-05-28,yandex.promopages,Екатеринбург,Россия,3
2026-05-29,yandex.promopages,Севастополь,Россия,3
2026-05-30,yandex.promopages,Не определено,Россия,3
2026-06-15,yandex.promopages,Не определено,Россия,3
2026-06-16,yandex.promopages,Москва,Россия,3
2026-06-25,yandex.promopages,Москва,Россия,3
2026-06-29,yandex.promopages,Не определено,Россия,3
2026-04-14,yandex.promopages,Санкт-Петербург,Россия,2
2026-04-15,yandex.promopages,Архангельск,Россия,2
2026-04-15,yandex.promopages,Воронеж,Россия,2
2026-04-15,yandex.promopages,Красноярск,Россия,2
2026-04-15,yandex.promopages,Пермь,Россия,2
2026-04-15,yandex.promopages,Самара,Россия,2
2026-04-15,yandex.promopages,Санкт-Петербург,Россия,2
2026-04-15,yandex.promopages,Саранск,Россия,2
2026-04-15,yandex.promopages,Туймазы,Россия,2
2026-04-15,yandex.promopages,Чебоксары,Россия,2
2026-04-19,yandex.promopages,Не определено,Россия,2
2026-04-21,yandex.promopages,Амстердам,Нидерланды,2
2026-04-21,yandex.promopages,Барнаул,Россия,2
2026-04-21,yandex.promopages,Воронеж,Россия,2
2026-04-21,yandex.promopages,Нальчик,Россия,2
2026-04-21,yandex.promopages,Пенза,Россия,2
2026-04-21,yandex.promopages,Ставрополь,Россия,2
2026-04-24,yandex.promopages,Ростов-на-Дону,Россия,2
2026-04-24,yandex.promopages,Санкт-Петербург,Россия,2
2026-04-25,yandex.promopages,Барнаул,Россия,2
2026-04-25,yandex.promopages,Ижевск,Россия,2
2026-04-25,yandex.promopages,Иркутск,Россия,2
2026-04-25,yandex.promopages,Казань,Россия,2
2026-04-25,yandex.promopages,Киров,Россия,2
2026-04-25,yandex.promopages,Краснодар,Россия,2
2026-04-25,yandex.promopages,Кызыл,Россия,2
2026-04-25,yandex.promopages,Нижний Новгород,Россия,2
2026-04-25,yandex.promopages,Санкт-Петербург,Россия,2
2026-04-25,yandex.promopages,Ставрополь,Россия,2
2026-04-25,yandex.promopages,Чебоксары,Россия,2
2026-04-26,yandex.promopages,Воронеж,Россия,2
2026-04-26,yandex.promopages,Иркутск,Россия,2
2026-04-26,yandex.promopages,Санкт-Петербург,Россия,2
2026-04-26,yandex.promopages,Севастополь,Россия,2
2026-04-26,yandex.promopages,Чебоксары,Россия,2
2026-04-27,yandex.promopages,Не определено,США,2
2026-04-27,yandex.promopages,Владивосток,Россия,2
2026-04-27,yandex.promopages,Волгоград,Россия,2
2026-04-27,yandex.promopages,Воронеж,Россия,2
2026-04-27,yandex.promopages,Железногорск,Россия,2
2026-04-27,yandex.promopages,Казань,Россия,2
2026-04-27,yandex.promopages,Калуга,Россия,2
2026-04-27,yandex.promopages,Кемерово,Россия,2
2026-04-27,yandex.promopages,Киров,Россия,2
2026-04-27,yandex.promopages,Ковров,Россия,2
2026-04-27,yandex.promopages,Красноярск,Россия,2
2026-04-27,yandex.promopages,Нальчик,Россия,2
2026-04-27,yandex.promopages,Нижний Новгород,Россия,2
2026-04-27,yandex.promopages,Саратов,Россия,2
2026-04-27,yandex.promopages,Симферополь,Россия,2
2026-04-27,yandex.promopages,Тверь,Россия,2
2026-04-28,yandex.promopages,Владимир,Россия,2
2026-04-28,yandex.promopages,Воронеж,Россия,2
2026-04-28,yandex.promopages,Калуга,Россия,2
2026-04-28,yandex.promopages,Киров,Россия,2
2026-04-28,yandex.promopages,Новокузнецк,Россия,2
2026-04-28,yandex.promopages,Пенза,Россия,2
2026-04-28,yandex.promopages,Ростов-на-Дону,Россия,2
2026-04-28,yandex.promopages,Ставрополь,Россия,2
2026-04-29,yandex.promopages,Тольятти,Россия,2
2026-05-08,yandex.promopages,Волгоград,Россия,2
2026-05-15,yandex.promopages,Не определено,Россия,2
2026-05-16,yandex.promopages,Не определено,Россия,2
2026-05-19,yandex.promopages,Владикавказ,Россия,2
2026-05-20,yandex.promopages,Нижний Новгород,Россия,2
2026-05-20,yandex.promopages,Санкт-Петербург,Россия,2
2026-05-21,yandex.promopages,Санкт-Петербург,Россия,2
2026-05-24,yandex.promopages,Владивосток,Россия,2
2026-05-24,yandex.promopages,Москва,Россия,2
2026-05-24,yandex.promopages,Новосибирск,Россия,2
2026-05-25,yandex.promopages,Волгоград,Россия,2
2026-05-25,yandex.promopages,Домодедово,Россия,2
2026-05-25,yandex.promopages,Нижний Новгород,Россия,2
2026-05-26,yandex.promopages,Не определено,Россия,2
2026-05-27,yandex.promopages,Санкт-Петербург,Россия,2
2026-05-28,yandex.promopages,Казань,Россия,2
2026-05-28,yandex.promopages,Ставрополь,Россия,2
2026-05-29,yandex.promopages,Ижевск,Россия,2
2026-05-29,yandex.promopages,Омск,Россия,2
2026-05-29,yandex.promopages,Санкт-Петербург,Россия,2
2026-05-29,yandex.promopages,Симферополь,Россия,2
2026-05-30,yandex.promopages,Санкт-Петербург,Россия,2
2026-05-31,yandex.promopages,Санкт-Петербург,Россия,2
2026-06-01,yandex.promopages,Краснодар,Россия,2
2026-06-05,yandex.promopages,Не определено,Россия,2
2026-06-06,yandex.promopages,Не определено,Россия,2
2026-06-08,yandex.promopages,Санкт-Петербург,Россия,2
2026-06-09,yandex.promopages,Не определено,Россия,2
2026-06-12,yandex.promopages,Не определено,Россия,2
2026-06-13,yandex.promopages,Не определено,Россия,2
2026-06-17,yandex.promopages,Санкт-Петербург,Россия,2
2026-06-24,yandex.promopages,Не определено,Россия,2
2026-06-25,yandex.promopages,Тверь,Россия,2
2026-06-29,yandex.promopages,Самара,Россия,2
2026-06-29,yandex.promopages,Улан-Удэ,Россия,2
2026-06-30,yandex.promopages,Волгоград,Россия,2
2026-06-30,yandex.promopages,Ревда,Россия,2
2026-06-30,yandex.promopages,Санкт-Петербург,Россия,2
2026-04-06,yandex.promopages,Не определено,США,1
2026-04-07,yandex.promopages,Не определено,Россия,1
2026-04-09,yandex.promopages,Москва,Россия,1
2026-04-14,yandex.promopages,Барнаул,Россия,1
2026-04-14,yandex.promopages,Белгород,Россия,1
2026-04-14,yandex.promopages,Воронеж,Россия,1
2026-04-14,yandex.promopages,Калининград,Россия,1
2026-04-14,yandex.promopages,Кизел,Россия,1
2026-04-14,yandex.promopages,Краснодар,Россия,1
2026-04-14,yandex.promopages,Липецк,Россия,1
2026-04-14,yandex.promopages,Магнитогорск,Россия,1
2026-04-14,yandex.promopages,Нижний Новгород,Россия,1
2026-04-14,yandex.promopages,Раменское,Россия,1
2026-04-14,yandex.promopages,Самара,Россия,1
2026-04-14,yandex.promopages,Симферополь,Россия,1
2026-04-14,yandex.promopages,Южно-Сахалинск,Россия,1
2026-04-15,yandex.promopages,Ангарск,Россия,1
2026-04-15,yandex.promopages,Валенсия,Испания,1
2026-04-15,yandex.promopages,Владивосток,Россия,1
2026-04-15,yandex.promopages,Владимир,Россия,1
2026-04-15,yandex.promopages,Волгоград,Россия,1
2026-04-15,yandex.promopages,Волгореченск,Россия,1
2026-04-15,yandex.promopages,Дербент,Россия,1
2026-04-15,yandex.promopages,Закаменск,Россия,1
2026-04-15,yandex.promopages,Казань,Россия,1
2026-04-15,yandex.promopages,Керчь,Россия,1
2026-04-15,yandex.promopages,Красногорск,Россия,1
2026-04-15,yandex.promopages,Липецк,Россия,1
2026-04-15,yandex.promopages,Мурино,Россия,1
2026-04-15,yandex.promopages,Нижний Новгород,Россия,1
2026-04-15,yandex.promopages,Новосибирск,Россия,1
2026-04-15,yandex.promopages,Радужный,Россия,1
2026-04-15,yandex.promopages,Саратов,Россия,1
2026-04-15,yandex.promopages,Севастополь,Россия,1
2026-04-15,yandex.promopages,Северодвинск,Россия,1
2026-04-15,yandex.promopages,Серпухов,Россия,1
2026-04-15,yandex.promopages,Симферополь,Россия,1
2026-04-15,yandex.promopages,Ставрополь,Россия,1
2026-04-15,yandex.promopages,Тула,Россия,1
2026-04-15,yandex.promopages,Уфа,Россия,1
2026-04-15,yandex.promopages,Франкфурт-на-Майне,Германия,1
2026-04-15,yandex.promopages,Хабаровск,Россия,1
2026-04-15,yandex.promopages,Челябинск,Россия,1
2026-04-15,yandex.promopages,Якутск,Россия,1
2026-04-16,yandex.promopages,Брянск,Россия,1
2026-04-16,yandex.promopages,Валенсия,Испания,1
2026-04-16,yandex.promopages,Керчь,Россия,1
2026-04-16,yandex.promopages,Кострома,Россия,1
2026-04-16,yandex.promopages,Курск,Россия,1
2026-04-16,yandex.promopages,Новосибирск,Россия,1
2026-04-16,yandex.promopages,Омск,Россия,1
2026-04-16,yandex.promopages,Орехово-Зуево,Россия,1
2026-04-16,yandex.promopages,Рязань,Россия,1
2026-04-16,yandex.promopages,Санкт-Петербург,Россия,1
2026-04-16,yandex.promopages,Саратов,Россия,1
2026-04-16,yandex.promopages,Тверь,Россия,1
2026-04-16,yandex.promopages,Тольятти,Россия,1
2026-04-16,yandex.promopages,Ульяновск,Россия,1
2026-04-16,yandex.promopages,Череповец,Россия,1
2026-04-17,yandex.promopages,Барнаул,Россия,1
2026-04-17,yandex.promopages,Валенсия,Испания,1
2026-04-17,yandex.promopages,Владивосток,Россия,1
2026-04-17,yandex.promopages,Волгоград,Россия,1
2026-04-17,yandex.promopages,Нижний Новгород,Россия,1
2026-04-17,yandex.promopages,Нягань,Россия,1
2026-04-17,yandex.promopages,Ростов-на-Дону,Россия,1
2026-04-17,yandex.promopages,Севастополь,Россия,1
2026-04-17,yandex.promopages,Симферополь,Россия,1
2026-04-18,yandex.promopages,Самара,Россия,1
2026-04-19,yandex.promopages,Нижний Новгород,Россия,1
2026-04-19,yandex.promopages,Челябинск,Россия,1
2026-04-21,yandex.promopages,Абакан,Россия,1
2026-04-21,yandex.promopages,Апрелевка,Россия,1
2026-04-21,yandex.promopages,Белгород,Россия,1
2026-04-21,yandex.promopages,Бор,Россия,1
2026-04-21,yandex.promopages,Брянск,Россия,1
2026-04-21,yandex.promopages,Великий Новгород,Россия,1
2026-04-21,yandex.promopages,Вологда,Россия,1
2026-04-21,yandex.promopages,Вышний Волочёк,Россия,1
2026-04-21,yandex.promopages,Горнозаводск,Россия,1
2026-04-21,yandex.promopages,Дзержинск,Россия,1
2026-04-21,yandex.promopages,Домодедово,Россия,1
2026-04-21,yandex.promopages,Жуковский,Россия,1
2026-04-21,yandex.promopages,Иваново,Россия,1
2026-04-21,yandex.promopages,Ижевск,Россия,1
2026-04-21,yandex.promopages,Иркутск,Россия,1
2026-04-21,yandex.promopages,Керчь,Россия,1
2026-04-21,yandex.promopages,Киров,Россия,1
2026-04-21,yandex.promopages,Кисловодск,Россия,1
2026-04-21,yandex.promopages,Комсомольск-на-Амуре,Россия,1
2026-04-21,yandex.promopages,Копейск,Россия,1
2026-04-21,yandex.promopages,Красноярск,Россия,1
2026-04-21,yandex.promopages,Люберцы,Россия,1
2026-04-21,yandex.promopages,Меленки,Россия,1
2026-04-21,yandex.promopages,Мытищи,Россия,1
2026-04-21,yandex.promopages,Набережные Челны,Россия,1
2026-04-21,yandex.promopages,Находка,Россия,1
2026-04-21,yandex.promopages,Пыть-Ях,Россия,1
2026-04-21,yandex.promopages,Саратов,Россия,1
2026-04-21,yandex.promopages,Севастополь,Россия,1
2026-04-21,yandex.promopages,Симферополь,Россия,1
2026-04-21,yandex.promopages,Сургут,Россия,1
2026-04-21,yandex.promopages,Таганрог,Россия,1
2026-04-21,yandex.promopages,Тамбов,Россия,1
2026-04-21,yandex.promopages,Удомля,Россия,1
2026-04-21,yandex.promopages,Улан-Удэ,Россия,1
2026-04-21,yandex.promopages,Хабаровск,Россия,1
2026-04-21,yandex.promopages,Хасавюрт,Россия,1
2026-04-21,yandex.promopages,Чебоксары,Россия,1
2026-04-22,yandex.promopages,Оренбург,Россия,1
2026-04-22,yandex.promopages,Санкт-Петербург,Россия,1
2026-04-22,yandex.promopages,Тверь,Россия,1
2026-04-22,yandex.promopages,Уфа,Россия,1
2026-04-23,yandex.promopages,Иваново,Россия,1
2026-04-23,yandex.promopages,Самара,Россия,1
2026-04-24,yandex.promopages,Брянск,Россия,1
2026-04-24,yandex.promopages,Калуга,Россия,1
2026-04-24,yandex.promopages,Кемерово,Россия,1
2026-04-24,yandex.promopages,Кобрин,Беларусь,1
2026-04-24,yandex.promopages,Краснодар,Россия,1
2026-04-24,yandex.promopages,Псков,Россия,1
2026-04-24,yandex.promopages,Северодвинск,Россия,1
2026-04-24,yandex.promopages,Ставрополь,Россия,1
2026-04-24,yandex.promopages,Тверь,Россия,1
2026-04-24,yandex.promopages,Тула,Россия,1
2026-04-24,yandex.promopages,Химки,Россия,1
2026-04-24,yandex.promopages,Челябинск,Россия,1
2026-04-24,yandex.promopages,Якутск,Россия,1
2026-04-25,yandex.promopages,Белгород,Россия,1
2026-04-25,yandex.promopages,Владимир,Россия,1
2026-04-25,yandex.promopages,Вологда,Россия,1
2026-04-25,yandex.promopages,Воронеж,Россия,1
2026-04-25,yandex.promopages,Дзержинск,Россия,1
2026-04-25,yandex.promopages,Евпатория,Россия,1
2026-04-25,yandex.promopages,Екатеринбург,Россия,1
2026-04-25,yandex.promopages,Жигулёвск,Россия,1
2026-04-25,yandex.promopages,Иваново,Россия,1
2026-04-25,yandex.promopages,Ивантеевка,Россия,1
2026-04-25,yandex.promopages,Калуга,Россия,1
2026-04-25,yandex.promopages,Карпинск,Россия,1
2026-04-25,yandex.promopages,Ковров,Россия,1
2026-04-25,yandex.promopages,Кострома,Россия,1
2026-04-25,yandex.promopages,Красноярск,Россия,1
2026-04-25,yandex.promopages,Кудымкар,Россия,1
2026-04-25,yandex.promopages,Липецк,Россия,1
2026-04-25,yandex.promopages,Набережные Челны,Россия,1
2026-04-25,yandex.promopages,Норильск,Россия,1
2026-04-25,yandex.promopages,Омск,Россия,1
2026-04-25,yandex.promopages,Орёл,Россия,1
2026-04-25,yandex.promopages,Пермь,Россия,1
2026-04-25,yandex.promopages,Руза,Россия,1
2026-04-25,yandex.promopages,Ряжск,Россия,1
2026-04-25,yandex.promopages,Саранск,Россия,1
2026-04-25,yandex.promopages,Снежинск,Россия,1
2026-04-25,yandex.promopages,Сочи,Россия,1
2026-04-25,yandex.promopages,Тольятти,Россия,1
2026-04-25,yandex.promopages,Тосно,Россия,1
2026-04-25,yandex.promopages,Уфа,Россия,1
2026-04-25,yandex.promopages,Ярославль,Россия,1
2026-04-26,yandex.promopages,Архангельск,Россия,1
2026-04-26,yandex.promopages,Астрахань,Россия,1
2026-04-26,yandex.promopages,Белгород,Россия,1
2026-04-26,yandex.promopages,Великий Новгород,Россия,1
2026-04-26,yandex.promopages,Владивосток,Россия,1
2026-04-26,yandex.promopages,Димитровград,Россия,1
2026-04-26,yandex.promopages,Евпатория,Россия,1
2026-04-26,yandex.promopages,Железногорск,Россия,1
2026-04-26,yandex.promopages,Иваново,Россия,1
2026-04-26,yandex.promopages,Ижевск,Россия,1
2026-04-26,yandex.promopages,Ковров,Россия,1
2026-04-26,yandex.promopages,Кондопога,Россия,1
2026-04-26,yandex.promopages,Красноярск,Россия,1
2026-04-26,yandex.promopages,Кызыл,Россия,1
2026-04-26,yandex.promopages,Ливны,Россия,1
2026-04-26,yandex.promopages,Магадан,Россия,1
2026-04-26,yandex.promopages,Мурманск,Россия,1
2026-04-26,yandex.promopages,Нальчик,Россия,1
2026-04-26,yandex.promopages,Новосибирск,Россия,1
2026-04-26,yandex.promopages,Оренбург,Россия,1
2026-04-26,yandex.promopages,Остров,Россия,1
2026-04-26,yandex.promopages,Пенза,Россия,1
2026-04-26,yandex.promopages,Пятигорск,Россия,1
2026-04-26,yandex.promopages,Саранск,Россия,1
2026-04-26,yandex.promopages,Северодвинск,Россия,1
2026-04-26,yandex.promopages,Смоленск,Россия,1
2026-04-26,yandex.promopages,Ставрополь,Россия,1
2026-04-26,yandex.promopages,Сыктывкар,Россия,1
2026-04-26,yandex.promopages,Тверь,Россия,1
2026-04-26,yandex.promopages,Тихвин,Россия,1
2026-04-26,yandex.promopages,Тюмень,Россия,1
2026-04-26,yandex.promopages,Хабаровск,Россия,1
2026-04-26,yandex.promopages,Челябинск,Россия,1
2026-04-26,yandex.promopages,Череповец,Россия,1
2026-04-26,yandex.promopages,Чита,Россия,1
2026-04-26,yandex.promopages,Якутск,Россия,1
2026-04-26,yandex.promopages,Ярославль,Россия,1
2026-04-27,yandex.promopages,Аксай,Россия,1
2026-04-27,yandex.promopages,Армавир,Россия,1
2026-04-27,yandex.promopages,Балашиха,Россия,1
2026-04-27,yandex.promopages,Владимир,Россия,1
2026-04-27,yandex.promopages,Волгодонск,Россия,1
2026-04-27,yandex.promopages,Вологда,Россия,1
2026-04-27,yandex.promopages,Дзержинск,Россия,1
2026-04-27,yandex.promopages,Ижевск,Россия,1
2026-04-27,yandex.promopages,Иркутск,Россия,1
2026-04-27,yandex.promopages,Йошкар-Ола,Россия,1
2026-04-27,yandex.promopages,Калининград,Россия,1
2026-04-27,yandex.promopages,Краснодар,Россия,1
2026-04-27,yandex.promopages,Ладушкин,Россия,1
2026-04-27,yandex.promopages,Лакинск,Россия,1
2026-04-27,yandex.promopages,Майкоп,Россия,1
2026-04-27,yandex.promopages,Махачкала,Россия,1
2026-04-27,yandex.promopages,Набережные Челны,Россия,1
2026-04-27,yandex.promopages,Новокузнецк,Россия,1
2026-04-27,yandex.promopages,Новороссийск,Россия,1
2026-04-27,yandex.promopages,Новочебоксарск,Россия,1
2026-04-27,yandex.promopages,Оренбург,Россия,1
2026-04-27,yandex.promopages,Осинники,Россия,1
2026-04-27,yandex.promopages,Пермь,Россия,1
2026-04-27,yandex.promopages,Петрозаводск,Россия,1
2026-04-27,yandex.promopages,Ржев,Россия,1
2026-04-27,yandex.promopages,Россошь,Россия,1
2026-04-27,yandex.promopages,Севастополь,Россия,1
2026-04-27,yandex.promopages,Таганрог,Россия,1
2026-04-27,yandex.promopages,Тамбов,Россия,1
2026-04-27,yandex.promopages,Тольятти,Россия,1
2026-04-27,yandex.promopages,Ульяновск,Россия,1
2026-04-27,yandex.promopages,Ухта,Россия,1
2026-04-27,yandex.promopages,Феодосия,Россия,1
2026-04-27,yandex.promopages,Хабаровск,Россия,1
2026-04-27,yandex.promopages,Чебоксары,Россия,1
2026-04-27,yandex.promopages,Челябинск,Россия,1
2026-04-27,yandex.promopages,Южно-Сахалинск,Россия,1
2026-04-27,yandex.promopages,Якутск,Россия,1
2026-04-27,yandex.promopages,Ялта,Россия,1
2026-04-27,yandex.promopages,Ясный,Россия,1
2026-04-28,yandex.promopages,Абакан,Россия,1
2026-04-28,yandex.promopages,Архангельск,Россия,1
2026-04-28,yandex.promopages,Бронницы,Россия,1
2026-04-28,yandex.promopages,Валенсия,Испания,1
2026-04-28,yandex.promopages,Видное,Россия,1
2026-04-28,yandex.promopages,Владивосток,Россия,1
2026-04-28,yandex.promopages,Владикавказ,Россия,1
2026-04-28,yandex.promopages,Волгоград,Россия,1
2026-04-28,yandex.promopages,Домодедово,Россия,1
2026-04-28,yandex.promopages,Ижевск,Россия,1
2026-04-28,yandex.promopages,Йошкар-Ола,Россия,1
2026-04-28,yandex.promopages,Кисловодск,Россия,1
2026-04-28,yandex.promopages,Кострома,Россия,1
2026-04-28,yandex.promopages,Краснодар,Россия,1
2026-04-28,yandex.promopages,Красноярск,Россия,1
2026-04-28,yandex.promopages,Нальчик,Россия,1
2026-04-28,yandex.promopages,Новосибирск,Россия,1
2026-04-28,yandex.promopages,Первоуральск,Россия,1
2026-04-28,yandex.promopages,Пермь,Россия,1
2026-04-28,yandex.promopages,Пугачев,Россия,1
2026-04-28,yandex.promopages,Реутов,Россия,1
2026-04-28,yandex.promopages,Рязань,Россия,1
2026-04-28,yandex.promopages,Саратов,Россия,1
2026-04-28,yandex.promopages,Сергиев Посад,Россия,1
2026-04-28,yandex.promopages,Сургут,Россия,1
2026-04-28,yandex.promopages,Тверь,Россия,1
2026-04-28,yandex.promopages,Томск,Россия,1
2026-04-28,yandex.promopages,Франкфурт-на-Майне,Германия,1
2026-04-28,yandex.promopages,Череповец,Россия,1
2026-04-28,yandex.promopages,Якутск,Россия,1
2026-04-29,yandex.promopages,Не определено,Россия,1
2026-04-29,yandex.promopages,Валенсия,Испания,1
2026-04-29,yandex.promopages,Краснодар,Россия,1
2026-04-30,yandex.promopages,Валенсия,Испания,1
2026-04-30,yandex.promopages,Екатеринбург,Россия,1
2026-04-30,yandex.promopages,Тольятти,Россия,1
2026-05-01,yandex.promopages,Валенсия,Испания,1
2026-05-04,yandex.promopages,Не определено,Россия,1
2026-05-04,yandex.promopages,Валенсия,Испания,1
2026-05-04,yandex.promopages,Владикавказ,Россия,1
2026-05-04,yandex.promopages,Орёл,Россия,1
2026-05-04,yandex.promopages,Ростов-на-Дону,Россия,1
2026-05-06,yandex.promopages,Не определено,Россия,1
2026-05-09,yandex.promopages,Воронеж,Россия,1
2026-05-10,yandex.promopages,Екатеринбург,Россия,1
2026-05-10,yandex.promopages,Нижний Новгород,Россия,1
2026-05-10,yandex.promopages,Пермь,Россия,1
2026-05-11,yandex.promopages,Не определено,Россия,1
2026-05-11,yandex.promopages,Вилючинск,Россия,1
2026-05-11,yandex.promopages,Пенза,Россия,1
2026-05-13,yandex.promopages,Брянск,Россия,1
2026-05-14,yandex.promopages,Не определено,Россия,1
2026-05-14,yandex.promopages,Москва,Россия,1
2026-05-14,yandex.promopages,Новосибирск,Россия,1
2026-05-15,yandex.promopages,Воронеж,Россия,1
2026-05-15,yandex.promopages,Ростов-на-Дону,Россия,1
2026-05-15,yandex.promopages,Челябинск,Россия,1
2026-05-17,yandex.promopages,Не определено,Россия,1
2026-05-17,yandex.promopages,Владикавказ,Россия,1
2026-05-17,yandex.promopages,Волгоград,Россия,1
2026-05-17,yandex.promopages,Иркутск,Россия,1
2026-05-17,yandex.promopages,Ставрополь,Россия,1
2026-05-17,yandex.promopages,Тамбов,Россия,1
2026-05-17,yandex.promopages,Хабаровск,Россия,1
2026-05-18,yandex.promopages,Воронеж,Россия,1
2026-05-18,yandex.promopages,Санкт-Петербург,Россия,1
2026-05-18,yandex.promopages,Хабаровск,Россия,1
2026-05-18,yandex.promopages,Челябинск,Россия,1
2026-05-19,yandex.promopages,Не определено,Россия,1
2026-05-20,yandex.promopages,Архангельск,Россия,1
2026-05-20,yandex.promopages,Владивосток,Россия,1
2026-05-20,yandex.promopages,Набережные Челны,Россия,1
2026-05-20,yandex.promopages,Рязань,Россия,1
2026-05-20,yandex.promopages,Самара,Россия,1
2026-05-20,yandex.promopages,Ступино,Россия,1
2026-05-20,yandex.promopages,Томск,Россия,1
2026-05-20,yandex.promopages,Уфа,Россия,1
2026-05-21,yandex.promopages,Бердск,Россия,1
2026-05-21,yandex.promopages,Брянск,Россия,1
2026-05-21,yandex.promopages,Верхняя Пышма,Россия,1
2026-05-21,yandex.promopages,Воронеж,Россия,1
2026-05-21,yandex.promopages,Екатеринбург,Россия,1
2026-05-21,yandex.promopages,Краснодар,Россия,1
2026-05-21,yandex.promopages,Москва,Россия,1
2026-05-21,yandex.promopages,Мурманск,Россия,1
2026-05-21,yandex.promopages,Пенза,Россия,1
2026-05-21,yandex.promopages,Самара,Россия,1
2026-05-21,yandex.promopages,Симферополь,Россия,1
2026-05-21,yandex.promopages,Смоленск,Россия,1
2026-05-21,yandex.promopages,Ставрополь,Россия,1
2026-05-21,yandex.promopages,Стерлитамак,Россия,1
2026-05-21,yandex.promopages,Томск,Россия,1
2026-05-22,yandex.promopages,Казань,Россия,1
2026-05-22,yandex.promopages,Санкт-Петербург,Россия,1
2026-05-22,yandex.promopages,Тула,Россия,1
2026-05-22,yandex.promopages,Чита,Россия,1
2026-05-22,yandex.promopages,Ярославль,Россия,1
2026-05-23,yandex.promopages,Барнаул,Россия,1
2026-05-23,yandex.promopages,Белгород,Россия,1
2026-05-23,yandex.promopages,Иркутск,Россия,1
2026-05-23,yandex.promopages,Краснодар,Россия,1
2026-05-23,yandex.promopages,Подольск,Россия,1
2026-05-23,yandex.promopages,Самара,Россия,1
2026-05-23,yandex.promopages,Санкт-Петербург,Россия,1
2026-05-23,yandex.promopages,Ставрополь,Россия,1
2026-05-23,yandex.promopages,Тула,Россия,1
2026-05-23,yandex.promopages,Энгельс,Россия,1
2026-05-24,yandex.promopages,Бийск,Россия,1
2026-05-24,yandex.promopages,Бурса,Турция,1
2026-05-24,yandex.promopages,Воронеж,Россия,1
2026-05-24,yandex.promopages,Дзержинск,Россия,1
2026-05-24,yandex.promopages,Екатеринбург,Россия,1
2026-05-24,yandex.promopages,Иркутск,Россия,1
2026-05-24,yandex.promopages,Кемерово,Россия,1
2026-05-24,yandex.promopages,Кострома,Россия,1
2026-05-24,yandex.promopages,Курск,Россия,1
2026-05-24,yandex.promopages,Липецк,Россия,1
2026-05-24,yandex.promopages,Муром,Россия,1
2026-05-24,yandex.promopages,Новороссийск,Россия,1
2026-05-24,yandex.promopages,Самара,Россия,1
2026-05-24,yandex.promopages,Севастополь,Россия,1
2026-05-24,yandex.promopages,Старый Оскол,Россия,1
2026-05-24,yandex.promopages,Тула,Россия,1
2026-05-25,yandex.promopages,Дзержинск,Россия,1
2026-05-25,yandex.promopages,Москва,Россия,1
2026-05-25,yandex.promopages,Санкт-Петербург,Россия,1
2026-05-25,yandex.promopages,Ставрополь,Россия,1
2026-05-26,yandex.promopages,Владивосток,Россия,1
2026-05-26,yandex.promopages,Рязань,Россия,1
2026-05-27,yandex.promopages,Владимир,Россия,1
2026-05-27,yandex.promopages,Краснодар,Россия,1
2026-05-27,yandex.promopages,Курган,Россия,1
2026-05-27,yandex.promopages,Москва,Россия,1
2026-05-27,yandex.promopages,Новосибирск,Россия,1
2026-05-27,yandex.promopages,Таганрог,Россия,1
2026-05-27,yandex.promopages,Уфа,Россия,1
2026-05-28,yandex.promopages,Алушта,Россия,1
2026-05-28,yandex.promopages,Анапа,Россия,1
2026-05-28,yandex.promopages,Архангельск,Россия,1
2026-05-28,yandex.promopages,Владимир,Россия,1
2026-05-28,yandex.promopages,Железногорск,Россия,1
2026-05-28,yandex.promopages,Ижевск,Россия,1
2026-05-28,yandex.promopages,Иркутск,Россия,1
2026-05-28,yandex.promopages,Калининград,Россия,1
2026-05-28,yandex.promopages,Калуга,Россия,1
2026-05-28,yandex.promopages,Кисловодск,Россия,1
2026-05-28,yandex.promopages,Краснодар,Россия,1
2026-05-28,yandex.promopages,Липецк,Россия,1
2026-05-28,yandex.promopages,Магадан,Россия,1
2026-05-28,yandex.promopages,Магнитогорск,Россия,1
2026-05-28,yandex.promopages,Набережные Челны,Россия,1
2026-05-28,yandex.promopages,Нижний Новгород,Россия,1
2026-05-28,yandex.promopages,Новосибирск,Россия,1
2026-05-28,yandex.promopages,Новый Уренгой,Россия,1
2026-05-28,yandex.promopages,Одинцово,Россия,1
2026-05-28,yandex.promopages,Оренбург,Россия,1
2026-05-28,yandex.promopages,Пенза,Россия,1
2026-05-28,yandex.promopages,Петрозаводск,Россия,1
2026-05-28,yandex.promopages,Пятигорск,Россия,1
2026-05-28,yandex.promopages,Самара,Россия,1
2026-05-28,yandex.promopages,Санкт-Петербург,Россия,1
2026-05-28,yandex.promopages,Севастополь,Россия,1
2026-05-28,yandex.promopages,Среднеуральск,Россия,1
2026-05-28,yandex.promopages,Тольятти,Россия,1
2026-05-28,yandex.promopages,Трёхгорный,Россия,1
2026-05-28,yandex.promopages,Тюмень,Россия,1
2026-05-28,yandex.promopages,Хабаровск,Россия,1
2026-05-28,yandex.promopages,Челябинск,Россия,1
2026-05-28,yandex.promopages,Якутск,Россия,1
2026-05-29,yandex.promopages,Не определено,Не определено,1
2026-05-29,yandex.promopages,Балашиха,Россия,1
2026-05-29,yandex.promopages,Биробиджан,Россия,1
2026-05-29,yandex.promopages,Владимир,Россия,1
2026-05-29,yandex.promopages,Волгоград,Россия,1
2026-05-29,yandex.promopages,Воронеж,Россия,1
2026-05-29,yandex.promopages,Кирово-Чепецк,Россия,1
2026-05-29,yandex.promopages,Кострома,Россия,1
2026-05-29,yandex.promopages,Курск,Россия,1
2026-05-29,yandex.promopages,Магнитогорск,Россия,1
2026-05-29,yandex.promopages,Мурино,Россия,1
2026-05-29,yandex.promopages,Муром,Россия,1
2026-05-29,yandex.promopages,Нижний Новгород,Россия,1
2026-05-29,yandex.promopages,Новосибирск,Россия,1
2026-05-29,yandex.promopages,Павловский Посад,Россия,1
2026-05-29,yandex.promopages,Ртищево,Россия,1
2026-05-29,yandex.promopages,Рязань,Россия,1
2026-05-29,yandex.promopages,Саратов,Россия,1
2026-05-29,yandex.promopages,Сызрань,Россия,1
2026-05-29,yandex.promopages,Тверь,Россия,1
2026-05-29,yandex.promopages,Тольятти,Россия,1
2026-05-29,yandex.promopages,Тюмень,Россия,1
2026-05-29,yandex.promopages,Феодосия,Россия,1
2026-05-29,yandex.promopages,Якутск,Россия,1
2026-05-30,yandex.promopages,Саратов,Россия,1
2026-05-30,yandex.promopages,Смоленск,Россия,1
2026-05-31,yandex.promopages,Астрахань,Россия,1
2026-05-31,yandex.promopages,Курган,Россия,1
2026-05-31,yandex.promopages,Москва,Россия,1
2026-05-31,yandex.promopages,Пермь,Россия,1
2026-05-31,yandex.promopages,Самара,Россия,1
2026-05-31,yandex.promopages,Саратов,Россия,1
2026-05-31,yandex.promopages,Якутск,Россия,1
2026-06-01,yandex.promopages,Ачинск,Россия,1
2026-06-01,yandex.promopages,Владимир,Россия,1
2026-06-01,yandex.promopages,Дмитров,Россия,1
2026-06-01,yandex.promopages,Домодедово,Россия,1
2026-06-01,yandex.promopages,Иркутск,Россия,1
2026-06-01,yandex.promopages,Курган,Россия,1
2026-06-01,yandex.promopages,Липецк,Россия,1
2026-06-01,yandex.promopages,Новороссийск,Россия,1
2026-06-01,yandex.promopages,Ростов-на-Дону,Россия,1
2026-06-01,yandex.promopages,Рязань,Россия,1
2026-06-01,yandex.promopages,Саратов,Россия,1
2026-06-01,yandex.promopages,Сочи,Россия,1
2026-06-01,yandex.promopages,Ханты-Мансийск,Россия,1
2026-06-01,yandex.promopages,Ярославль,Россия,1
2026-06-02,yandex.promopages,Не определено,Россия,1
2026-06-02,yandex.promopages,Москва,Россия,1
2026-06-02,yandex.promopages,Ростов-на-Дону,Россия,1
2026-06-02,yandex.promopages,Севастополь,Россия,1
2026-06-02,yandex.promopages,Симферополь,Россия,1
2026-06-02,yandex.promopages,Тверь,Россия,1
2026-06-03,yandex.promopages,Волгоград,Россия,1
2026-06-03,yandex.promopages,Грозный,Россия,1
2026-06-03,yandex.promopages,Калининград,Россия,1
2026-06-03,yandex.promopages,Москва,Россия,1
2026-06-03,yandex.promopages,Нижний Новгород,Россия,1
2026-06-04,yandex.promopages,Аксай,Россия,1
2026-06-05,yandex.promopages,Воронеж,Россия,1
2026-06-05,yandex.promopages,Ростов-на-Дону,Россия,1
2026-06-05,yandex.promopages,Саратов,Россия,1
2026-06-06,yandex.promopages,Ижевск,Россия,1
2026-06-07,yandex.promopages,Чебоксары,Россия,1
2026-06-07,yandex.promopages,Якутск,Россия,1
2026-06-08,yandex.promopages,Тюмень,Россия,1
2026-06-09,yandex.promopages,Липецк,Россия,1
2026-06-10,yandex.promopages,Не определено,Россия,1
2026-06-10,yandex.promopages,Москва,Россия,1
2026-06-10,yandex.promopages,Чита,Россия,1
2026-06-11,yandex.promopages,Белгород,Россия,1
2026-06-11,yandex.promopages,Ростов-на-Дону,Россия,1
2026-06-11,yandex.promopages,Санкт-Петербург,Россия,1
2026-06-11,yandex.promopages,Ставрополь,Россия,1
2026-06-12,yandex.promopages,Не определено,Не определено,1
2026-06-12,yandex.promopages,Ставрополь,Россия,1
2026-06-13,yandex.promopages,Кемерово,Россия,1
2026-06-13,yandex.promopages,Самара,Россия,1
2026-06-14,yandex.promopages,Нижний Тагил,Россия,1
2026-06-14,yandex.promopages,Уфа,Россия,1
2026-06-15,yandex.promopages,Архангельск,Россия,1
2026-06-15,yandex.promopages,Липецк,Россия,1
2026-06-15,yandex.promopages,Сальск,Россия,1
2026-06-15,yandex.promopages,Чита,Россия,1
2026-06-16,yandex.promopages,Иркутск,Россия,1
2026-06-16,yandex.promopages,Нижний Новгород,Россия,1
2026-06-16,yandex.promopages,Омск,Россия,1
2026-06-16,yandex.promopages,Раменское,Россия,1
2026-06-16,yandex.promopages,Самара,Россия,1
2026-06-16,yandex.promopages,Ульяновск,Россия,1
2026-06-16,yandex.promopages,Уфа,Россия,1
2026-06-16,yandex.promopages,Энгельс,Россия,1
2026-06-17,yandex.promopages,Не определено,Россия,1
2026-06-17,yandex.promopages,Заречный,Россия,1
2026-06-17,yandex.promopages,Кострома,Россия,1
2026-06-17,yandex.promopages,Москва,Россия,1
2026-06-17,yandex.promopages,Обнинск,Россия,1
2026-06-17,yandex.promopages,Ставрополь,Россия,1
2026-06-17,yandex.promopages,Тюмень,Россия,1
2026-06-17,yandex.promopages,Углич,Россия,1
2026-06-17,yandex.promopages,Чебоксары,Россия,1
2026-06-20,yandex.promopages,Не определено,Россия,1
2026-06-20,yandex.promopages,Кореновск,Россия,1
2026-06-20,yandex.promopages,Москва,Россия,1
2026-06-20,yandex.promopages,Симферополь,Россия,1
2026-06-25,yandex.promopages,Барнаул,Россия,1
2026-06-25,yandex.promopages,Волжский,Россия,1
2026-06-25,yandex.promopages,Воронеж,Россия,1
2026-06-25,yandex.promopages,Геленджик,Россия,1
2026-06-25,yandex.promopages,Екатеринбург,Россия,1
2026-06-25,yandex.promopages,Иваново,Россия,1
2026-06-25,yandex.promopages,Керчь,Россия,1
2026-06-25,yandex.promopages,Люберцы,Россия,1
2026-06-25,yandex.promopages,Орехово-Зуево,Россия,1
2026-06-25,yandex.promopages,Пенза,Россия,1
2026-06-25,yandex.promopages,Ростов-на-Дону,Россия,1
2026-06-25,yandex.promopages,Рязань,Россия,1
2026-06-25,yandex.promopages,Санкт-Петербург,Россия,1
2026-06-25,yandex.promopages,Тюмень,Россия,1
2026-06-25,yandex.promopages,Феодосия,Россия,1
2026-06-25,yandex.promopages,Ялта,Россия,1
2026-06-26,yandex.promopages,Не определено,Россия,1
2026-06-26,yandex.promopages,Воронеж,Россия,1
2026-06-26,yandex.promopages,Санкт-Петербург,Россия,1
2026-06-26,yandex.promopages,Сердобск,Россия,1
2026-06-26,yandex.promopages,Щекино,Россия,1
2026-06-27,yandex.promopages,Екатеринбург,Россия,1
2026-06-27,yandex.promopages,Казань,Россия,1
2026-06-27,yandex.promopages,Краснодар,Россия,1
2026-06-27,yandex.promopages,Пятигорск,Россия,1
2026-06-27,yandex.promopages,Ульяновск,Россия,1
2026-06-28,yandex.promopages,Люберцы,Россия,1
2026-06-29,yandex.promopages,Воронеж,Россия,1
2026-06-29,yandex.promopages,Калининград,Россия,1
2026-06-29,yandex.promopages,Красноярск,Россия,1
2026-06-29,yandex.promopages,Минеральные Воды,Россия,1
2026-06-29,yandex.promopages,Москва,Россия,1
2026-06-29,yandex.promopages,Оренбург,Россия,1
2026-06-29,yandex.promopages,Пенза,Россия,1
2026-06-29,yandex.promopages,Санкт-Петербург,Россия,1
2026-06-29,yandex.promopages,Саратов,Россия,1
2026-06-29,yandex.promopages,Сочи,Россия,1
2026-06-29,yandex.promopages,Ярославль,Россия,1
2026-06-30,yandex.promopages,Не определено,Россия,1
2026-06-30,yandex.promopages,Екатеринбург,Россия,1
2026-06-30,yandex.promopages,Краснодар,Россия,1
2026-06-30,yandex.promopages,Красноярск,Россия,1
2026-06-30,yandex.promopages,Москва,Россия,1
2026-06-30,yandex.promopages,Нижний Новгород,Россия,1
2026-06-30,yandex.promopages,Тамбов,Россия,1
2026-06-30,yandex.promopages,Уфа,Россия,1
2026-07-18,yandex.promopages,Не определено,Россия,8
2026-07-01,yandex.promopages,Не определено,Россия,6
2026-07-19,yandex.promopages,Не определено,Россия,6
2026-07-22,yandex.promopages,Не определено,Россия,6
2026-07-28,yandex.promopages,Москва,Россия,5
2026-08-01,yandex.promopages,Не определено,Россия,5
2026-07-01,yandex.promopages,Москва,Россия,4
2026-07-08,yandex.promopages,Не определено,Россия,4
2026-07-21,yandex.promopages,Не определено,Россия,4
2026-08-18,yandex.promopages,Не определено,Россия,4
2026-07-02,yandex.promopages,Москва,Россия,3
2026-07-04,yandex.promopages,Не определено,Россия,3
2026-07-04,yandex.promopages,Санкт-Петербург,Россия,3
2026-07-05,yandex.promopages,Не определено,Россия,3
2026-07-17,yandex.promopages,Не определено,Россия,3
2026-07-17,yandex.promopages,Волгоград,Россия,3
2026-07-18,yandex.promopages,Краснодар,Россия,3
2026-07-19,yandex.promopages,Москва,Россия,3
2026-07-24,yandex.promopages,Москва,Россия,3
2026-07-27,yandex.promopages,Москва,Россия,3
2026-07-28,yandex.promopages,Не определено,Россия,3
2026-08-09,yandex.promopages,Не определено,Россия,3
2026-08-10,yandex.promopages,Не определено,Россия,3
2026-07-01,yandex.promopages,Краснодар,Россия,2
2026-07-02,yandex.promopages,Не определено,Россия,2
2026-07-03,yandex.promopages,Санкт-Петербург,Россия,2
2026-07-03,yandex.promopages,Челябинск,Россия,2
2026-07-04,yandex.promopages,Калуга,Россия,2
2026-07-07,yandex.promopages,Не определено,Россия,2
2026-07-07,yandex.promopages,Белград,Сербия,2
2026-07-07,yandex.promopages,Заволжье,Россия,2
2026-07-07,yandex.promopages,Москва,Россия,2
2026-07-08,yandex.promopages,Москва,Россия,2
2026-07-09,yandex.promopages,Москва,Россия,2
2026-07-11,yandex.promopages,Москва,Россия,2
2026-07-12,yandex.promopages,Воронеж,Россия,2
2026-07-13,yandex.promopages,Не определено,Россия,2
2026-07-14,yandex.promopages,Самара,Россия,2
2026-07-16,yandex.promopages,Краснодар,Россия,2
2026-07-17,yandex.promopages,Ростов-на-Дону,Россия,2
2026-07-17,yandex.promopages,Саратов,Россия,2
2026-07-18,yandex.promopages,Нижний Новгород,Россия,2
2026-07-18,yandex.promopages,Новосибирск,Россия,2
2026-07-18,yandex.promopages,Санкт-Петербург,Россия,2
2026-07-19,yandex.promopages,Екатеринбург,Россия,2
2026-07-19,yandex.promopages,Казань,Россия,2
2026-07-19,yandex.promopages,Новосибирск,Россия,2
2026-07-19,yandex.promopages,Оренбург,Россия,2
2026-07-19,yandex.promopages,Сергиев Посад,Россия,2
2026-07-19,yandex.promopages,Сочи,Россия,2
2026-07-20,yandex.promopages,Барнаул,Россия,2
2026-07-23,yandex.promopages,Новосибирск,Россия,2
2026-07-25,yandex.promopages,Якутск,Россия,2
2026-07-26,yandex.promopages,Не определено,Россия,2
2026-07-27,yandex.promopages,Не определено,Россия,2
2026-07-29,yandex.promopages,Екатеринбург,Россия,2
2026-07-30,yandex.promopages,Москва,Россия,2
2026-08-10,yandex.promopages,Москва,Россия,2
2026-07-01,yandex.promopages,Брянск,Россия,1
2026-07-01,yandex.promopages,Владивосток,Россия,1
2026-07-01,yandex.promopages,Екатеринбург,Россия,1
2026-07-01,yandex.promopages,Новосибирск,Россия,1
2026-07-01,yandex.promopages,Омск,Россия,1
2026-07-02,yandex.promopages,Астрахань,Россия,1
2026-07-02,yandex.promopages,Долгопрудный,Россия,1
2026-07-02,yandex.promopages,Донецк,Россия,1
2026-07-02,yandex.promopages,Екатеринбург,Россия,1
2026-07-02,yandex.promopages,Иркутск,Россия,1
2026-07-02,yandex.promopages,Калуга,Россия,1
2026-07-02,yandex.promopages,Краснодар,Россия,1
2026-07-02,yandex.promopages,Одинцово,Россия,1
2026-07-02,yandex.promopages,Тюмень,Россия,1
2026-07-02,yandex.promopages,Южноуральск,Россия,1
2026-07-03,yandex.promopages,Не определено,Россия,1
2026-07-03,yandex.promopages,Вологда,Россия,1
2026-07-03,yandex.promopages,Мадрид,Испания,1
2026-07-03,yandex.promopages,Москва,Россия,1
2026-07-03,yandex.promopages,Новосибирск,Россия,1
2026-07-03,yandex.promopages,Саратов,Россия,1
2026-07-03,yandex.promopages,Томск,Россия,1
2026-07-03,yandex.promopages,Уфа,Россия,1
2026-07-04,yandex.promopages,Домодедово,Россия,1
2026-07-04,yandex.promopages,Иваново,Россия,1
2026-07-04,yandex.promopages,Йошкар-Ола,Россия,1
2026-07-04,yandex.promopages,Пермь,Россия,1
2026-07-04,yandex.promopages,Самара,Россия,1
2026-07-04,yandex.promopages,Старый Оскол,Россия,1
2026-07-05,yandex.promopages,Москва,Россия,1
2026-07-05,yandex.promopages,Санкт-Петербург,Россия,1
2026-07-06,yandex.promopages,Копейск,Россия,1
2026-07-06,yandex.promopages,Красноярск,Россия,1
2026-07-06,yandex.promopages,Саратов,Россия,1
2026-07-06,yandex.promopages,Таганрог,Россия,1
2026-07-07,yandex.promopages,Берёзовский,Россия,1
2026-07-07,yandex.promopages,Ивантеевка,Россия,1
2026-07-07,yandex.promopages,Кострома,Россия,1
2026-07-07,yandex.promopages,Улан-Удэ,Россия,1
2026-07-07,yandex.promopages,Шатура,Россия,1
2026-07-08,yandex.promopages,Ленинск-Кузнецкий,Россия,1
2026-07-08,yandex.promopages,Уфа,Россия,1
2026-07-09,yandex.promopages,Белгород,Россия,1
2026-07-09,yandex.promopages,Екатеринбург,Россия,1
2026-07-09,yandex.promopages,Ижевск,Россия,1
2026-07-09,yandex.promopages,Орёл,Россия,1
2026-07-09,yandex.promopages,Павлово,Россия,1
2026-07-09,yandex.promopages,Самара,Россия,1
2026-07-09,yandex.promopages,Якутск,Россия,1
2026-07-10,yandex.promopages,Не определено,Россия,1
2026-07-10,yandex.promopages,Новосибирск,Россия,1
2026-07-10,yandex.promopages,Туапсе,Россия,1
2026-07-11,yandex.promopages,Калуга,Россия,1
2026-07-12,yandex.promopages,Не определено,Россия,1
2026-07-12,yandex.promopages,Уфа,Россия,1
2026-07-13,yandex.promopages,Буй,Россия,1
2026-07-13,yandex.promopages,Санкт-Петербург,Россия,1
2026-07-13,yandex.promopages,Ставрополь,Россия,1
2026-07-14,yandex.promopages,Не определено,Россия,1
2026-07-14,yandex.promopages,Кирсанов,Россия,1
2026-07-14,yandex.promopages,Москва,Россия,1
2026-07-14,yandex.promopages,Санкт-Петербург,Россия,1
2026-07-14,yandex.promopages,Саратов,Россия,1
2026-07-14,yandex.promopages,Тюмень,Россия,1
2026-07-14,yandex.promopages,Ульяновск,Россия,1
2026-07-14,yandex.promopages,Уфа,Россия,1
2026-07-15,yandex.promopages,Не определено,Россия,1
2026-07-15,yandex.promopages,Волжск,Россия,1
2026-07-15,yandex.promopages,Липецк,Россия,1
2026-07-15,yandex.promopages,Новокузнецк,Россия,1
2026-07-15,yandex.promopages,Самара,Россия,1
2026-07-15,yandex.promopages,Ульяновск,Россия,1
2026-07-15,yandex.promopages,Челябинск,Россия,1
2026-07-16,yandex.promopages,Не определено,Россия,1
2026-07-16,yandex.promopages,Архангельск,Россия,1
2026-07-16,yandex.promopages,Москва,Россия,1
2026-07-16,yandex.promopages,Омск,Россия,1
2026-07-16,yandex.promopages,Оренбург,Россия,1
2026-07-16,yandex.promopages,Пенза,Россия,1
2026-07-17,yandex.promopages,Архангельск,Россия,1
2026-07-17,yandex.promopages,Астрахань,Россия,1
2026-07-17,yandex.promopages,Дюртюли,Россия,1
2026-07-17,yandex.promopages,Кашира,Россия,1
2026-07-17,yandex.promopages,Краснодар,Россия,1
2026-07-17,yandex.promopages,Новомосковск,Россия,1
2026-07-17,yandex.promopages,Оренбург,Россия,1
2026-07-17,yandex.promopages,Орёл,Россия,1
2026-07-17,yandex.promopages,Пермь,Россия,1
2026-07-17,yandex.promopages,Санкт-Петербург,Россия,1
2026-07-17,yandex.promopages,Сургут,Россия,1
2026-07-17,yandex.promopages,Тамбов,Россия,1
2026-07-18,yandex.promopages,Вашингтон,США,1
2026-07-18,yandex.promopages,Вологда,Россия,1
2026-07-18,yandex.promopages,Воронеж,Россия,1
2026-07-18,yandex.promopages,Дубна,Россия,1
2026-07-18,yandex.promopages,Екатеринбург,Россия,1
2026-07-18,yandex.promopages,Москва,Россия,1
2026-07-18,yandex.promopages,Наро-Фоминск,Россия,1
2026-07-18,yandex.promopages,Одинцово,Россия,1
2026-07-18,yandex.promopages,Пермь,Россия,1
2026-07-18,yandex.promopages,Ростов-на-Дону,Россия,1
2026-07-18,yandex.promopages,Самара,Россия,1
2026-07-18,yandex.promopages,Тольятти,Россия,1
2026-07-18,yandex.promopages,Тюмень,Россия,1
2026-07-18,yandex.promopages,Челябинск,Россия,1
2026-07-19,yandex.promopages,Амстердам,Нидерланды,1
2026-07-19,yandex.promopages,Бишкек,Кыргызстан,1
2026-07-19,yandex.promopages,Калининград,Россия,1
2026-07-19,yandex.promopages,Калуга,Россия,1
2026-07-19,yandex.promopages,Кострома,Россия,1
2026-07-19,yandex.promopages,Мурманск,Россия,1
2026-07-19,yandex.promopages,Ростов-на-Дону,Россия,1
2026-07-19,yandex.promopages,Санкт-Петербург,Россия,1
2026-07-19,yandex.promopages,Симферополь,Россия,1
2026-07-19,yandex.promopages,Хабаровск,Россия,1
2026-07-19,yandex.promopages,Хасавюрт,Россия,1
2026-07-19,yandex.promopages,Южно-Сахалинск,Россия,1
2026-07-20,yandex.promopages,Не определено,Россия,1
2026-07-20,yandex.promopages,Москва,Россия,1
2026-07-21,yandex.promopages,Волгоград,Россия,1
2026-07-21,yandex.promopages,Нижний Новгород,Россия,1
2026-07-21,yandex.promopages,Санкт-Петербург,Россия,1
2026-07-22,yandex.promopages,Алексин,Россия,1
2026-07-22,yandex.promopages,Москва,Россия,1
2026-07-22,yandex.promopages,Нижний Новгород,Россия,1
2026-07-22,yandex.promopages,Новосибирск,Россия,1
2026-07-22,yandex.promopages,Пермь,Россия,1
2026-07-22,yandex.promopages,Санкт-Петербург,Россия,1
2026-07-22,yandex.promopages,Саратов,Россия,1
2026-07-23,yandex.promopages,Не определено,Россия,1
2026-07-23,yandex.promopages,Витебск,Беларусь,1
2026-07-23,yandex.promopages,Калуга,Россия,1
2026-07-23,yandex.promopages,Миасс,Россия,1
2026-07-23,yandex.promopages,Москва,Россия,1
2026-07-23,yandex.promopages,Ростов-на-Дону,Россия,1
2026-07-23,yandex.promopages,Якутск,Россия,1
2026-07-24,yandex.promopages,Лесосибирск,Россия,1
2026-07-24,yandex.promopages,Магадан,Россия,1
2026-07-24,yandex.promopages,Санкт-Петербург,Россия,1
2026-07-25,yandex.promopages,Барнаул,Россия,1
2026-07-25,yandex.promopages,Нижний Новгород,Россия,1
2026-07-25,yandex.promopages,Новосибирск,Россия,1
2026-07-25,yandex.promopages,Париж,Франция,1
2026-07-26,yandex.promopages,Амстердам,Нидерланды,1
2026-07-26,yandex.promopages,Барнаул,Россия,1
2026-07-26,yandex.promopages,Ростов-на-Дону,Россия,1
2026-07-26,yandex.promopages,Санкт-Петербург,Россия,1
2026-07-26,yandex.promopages,Уфа,Россия,1
2026-07-27,yandex.promopages,Калуга,Россия,1
2026-07-27,yandex.promopages,Самара,Россия,1
2026-07-28,yandex.promopages,Екатеринбург,Россия,1
2026-07-28,yandex.promopages,Новосибирск,Россия,1
2026-07-28,yandex.promopages,Санкт-Петербург,Россия,1
2026-07-29,yandex.promopages,Не определено,Россия,1
2026-07-30,yandex.promopages,Не определено,Россия,1
2026-07-30,yandex.promopages,Париж,Франция,1
2026-07-31,yandex.promopages,Не определено,Россия,1
2026-07-31,yandex.promopages,Якутск,Россия,1
2026-08-01,yandex.promopages,Владивосток,Россия,1
2026-08-01,yandex.promopages,Красноярск,Россия,1
2026-08-01,yandex.promopages,Ростов-на-Дону,Россия,1
2026-08-02,yandex.promopages,Омск,Россия,1
2026-08-04,yandex.promopages,Гатчина,Россия,1
2026-08-09,yandex.promopages,Екатеринбург,Россия,1
2026-08-09,yandex.promopages,Курск,Россия,1
2026-08-10,yandex.promopages,Уфа,Россия,1
2026-08-10,yandex.promopages,Ярославль,Россия,1
2026-08-11,yandex.promopages,Волоколамск,Россия,1
2026-08-11,yandex.promopages,Саратов,Россия,1
2026-08-11,yandex.promopages,Черкесск,Россия,1
2026-08-12,yandex.promopages,Москва,Россия,1
2026-08-12,yandex.promopages,Псков,Россия,1
2026-08-18,yandex.promopages,Санкт-Петербург,Россия,1
2026-08-18,yandex.promopages,Фрязино,Россия,1
2026-08-19,yandex.promopages,Не определено,Россия,1
2026-08-19,yandex.promopages,Александров,Россия,1
2026-08-19,yandex.promopages,Новосибирск,Россия,1
2026-08-20,yandex.promopages,Астрахань,Россия,1
2026-08-20,yandex.promopages,Йошкар-Ола,Россия,1
2026-08-21,yandex.promopages,Красноярск,Россия,1
2026-08-23,yandex.promopages,Санкт-Петербург,Россия,1
