Дата визита,UTM Campaign,Город,Визиты
2023-06-18,Промостатья: Моя история 1 | Цена перехода | Ж25-54,Не определено,9
2023-06-27,Промостатья: Моя история 1 | Цена перехода | Ж25-54,Не определено,6
2023-06-16,Промостатья: Моя история 1 | Цена перехода | Ж25-54,Не определено,5
2023-06-20,Промостатья: Моя история 1 | Цена перехода | Ж25-54,Не определено,5
2023-06-17,Промостатья: Моя история 1 | Цена перехода | Ж25-54,Не определено,4
2023-06-19,Промостатья: Моя история 1 | Цена перехода | Ж25-54,Не определено,4
2023-06-29,Промостатья: Моя история 1 | Цена перехода | Ж25-54,Не определено,4
2023-06-18,Промостатья: Моя история 1 | Цена перехода | Ж25-54,Москва,3
2023-06-18,Промостатья: Моя история 1 | Цена перехода | Ж25-54,Самара,3
2023-06-17,Промостатья: Моя история 1 | Цена перехода | Ж25-54,Москва,2
2023-06-19,Промостатья: Моя история 1 | Цена перехода | Ж25-54,Новосибирск,2
2023-06-19,Промостатья: Моя история 1 | Цена перехода | Ж25-54,Уфа,2
2023-06-20,Промостатья: Моя история 1 | Цена перехода | Ж25-54,Нижний Новгород,2
2023-06-26,Промостатья: Моя история 1 | Цена перехода | Ж25-54,Москва,2
2023-06-27,Промостатья: Моя история 1 | Цена перехода | Ж25-54,Санкт-Петербург,2
2023-06-15,Промостатья: Моя история 1 | Цена перехода | Ж25-54,Новосибирск,1
2023-06-15,Промостатья: Моя история 1 | Цена перехода | Ж25-54,Тольятти,1
2023-06-15,Промостатья: Моя история 1 | Цена перехода | Ж25-54,Уфа,1
2023-06-16,Промостатья: Моя история 1 | Цена перехода | Ж25-54,Астрахань,1
2023-06-16,Промостатья: Моя история 1 | Цена перехода | Ж25-54,Кимры,1
2023-06-16,Промостатья: Моя история 1 | Цена перехода | Ж25-54,Омск,1
2023-06-16,Промостатья: Моя история 1 | Цена перехода | Ж25-54,Оренбург,1
2023-06-16,Промостатья: Моя история 1 | Цена перехода | Ж25-54,Саратов,1
2023-06-17,Промостатья: Моя история 1 | Цена перехода | Ж25-54,Владикавказ,1
2023-06-17,Промостатья: Моя история 1 | Цена перехода | Ж25-54,Новосибирск,1
2023-06-17,Промостатья: Моя история 1 | Цена перехода | Ж25-54,Пермь,1
2023-06-17,Промостатья: Моя история 1 | Цена перехода | Ж25-54,Ростов-на-Дону,1
2023-06-17,Промостатья: Моя история 1 | Цена перехода | Ж25-54,Санкт-Петербург,1
2023-06-17,Промостатья: Моя история 1 | Цена перехода | Ж25-54,Тула,1
2023-06-18,Промостатья: Моя история 1 | Цена перехода | Ж25-54,Абакан,1
2023-06-18,Промостатья: Моя история 1 | Цена перехода | Ж25-54,Владимир,1
2023-06-18,Промостатья: Моя история 1 | Цена перехода | Ж25-54,Волгоград,1
2023-06-18,Промостатья: Моя история 1 | Цена перехода | Ж25-54,Воронеж,1
2023-06-18,Промостатья: Моя история 1 | Цена перехода | Ж25-54,Краснодар,1
2023-06-18,Промостатья: Моя история 1 | Цена перехода | Ж25-54,Михайловка,1
2023-06-18,Промостатья: Моя история 1 | Цена перехода | Ж25-54,Нижний Новгород,1
2023-06-18,Промостатья: Моя история 1 | Цена перехода | Ж25-54,Ростов-на-Дону,1
2023-06-18,Промостатья: Моя история 1 | Цена перехода | Ж25-54,Санкт-Петербург,1
2023-06-18,Промостатья: Моя история 1 | Цена перехода | Ж25-54,Ставрополь,1
2023-06-18,Промостатья: Моя история 1 | Цена перехода | Ж25-54,Франкфурт-на-Майне,1
2023-06-19,Промостатья: Моя история 1 | Цена перехода | Ж25-54,Анапа,1
2023-06-19,Промостатья: Моя история 1 | Цена перехода | Ж25-54,Барнаул,1
2023-06-19,Промостатья: Моя история 1 | Цена перехода | Ж25-54,Брянск,1
2023-06-19,Промостатья: Моя история 1 | Цена перехода | Ж25-54,Красноярск,1
2023-06-19,Промостатья: Моя история 1 | Цена перехода | Ж25-54,Нижний Новгород,1
2023-06-19,Промостатья: Моя история 1 | Цена перехода | Ж25-54,Ростов-на-Дону,1
2023-06-19,Промостатья: Моя история 1 | Цена перехода | Ж25-54,Самара,1
2023-06-19,Промостатья: Моя история 1 | Цена перехода | Ж25-54,Санкт-Петербург,1
2023-06-19,Промостатья: Моя история 1 | Цена перехода | Ж25-54,Тамбов,1
2023-06-19,Промостатья: Моя история 1 | Цена перехода | Ж25-54,Ульяновск,1
2023-06-20,Промостатья: Моя история 1 | Цена перехода | Ж25-54,Екатеринбург,1
2023-06-20,Промостатья: Моя история 1 | Цена перехода | Ж25-54,Красноярск,1
2023-06-20,Промостатья: Моя история 1 | Цена перехода | Ж25-54,Ростов-на-Дону,1
2023-06-20,Промостатья: Моя история 1 | Цена перехода | Ж25-54,Смоленск,1
2023-06-20,Промостатья: Моя история 1 | Цена перехода | Ж25-54,Хабаровск,1
2023-06-20,Промостатья: Моя история 1 | Цена перехода | Ж25-54,Чебоксары,1
2023-06-20,Промостатья: Моя история 1 | Цена перехода | Ж25-54,Челябинск,1
2023-06-22,Промостатья: Моя история 1 | Цена перехода | Ж25-54,Брянск,1
2023-06-27,Промостатья: Моя история 1 | Цена перехода | Ж25-54,Бежецк,1
2023-06-27,Промостатья: Моя история 1 | Цена перехода | Ж25-54,Волгоград,1
2023-06-27,Промостатья: Моя история 1 | Цена перехода | Ж25-54,Казань,1
2023-06-27,Промостатья: Моя история 1 | Цена перехода | Ж25-54,Майкоп,1
2023-06-27,Промостатья: Моя история 1 | Цена перехода | Ж25-54,Москва,1
2023-06-27,Промостатья: Моя история 1 | Цена перехода | Ж25-54,Нерюнгри,1
2023-06-27,Промостатья: Моя история 1 | Цена перехода | Ж25-54,Пятигорск,1
2023-06-27,Промостатья: Моя история 1 | Цена перехода | Ж25-54,Саратов,1
2023-06-27,Промостатья: Моя история 1 | Цена перехода | Ж25-54,Тверь,1
2023-06-27,Промостатья: Моя история 1 | Цена перехода | Ж25-54,Тула,1
2023-06-27,Промостатья: Моя история 1 | Цена перехода | Ж25-54,Шуя,1
2023-06-29,Промостатья: Моя история 1 | Цена перехода | Ж25-54,Владимир,1
2023-06-29,Промостатья: Моя история 1 | Цена перехода | Ж25-54,Междуреченск,1
2023-06-29,Промостатья: Моя история 1 | Цена перехода | Ж25-54,Пермь,1
2023-06-29,Промостатья: Моя история 1 | Цена перехода | Ж25-54,Санкт-Петербург,1
2023-06-29,Промостатья: Моя история 1 | Цена перехода | Ж25-54,Смоленск,1
2023-06-29,Промостатья: Моя история 1 | Цена перехода | Ж25-54,Тольятти,1
2023-06-29,Промостатья: Моя история 1 | Цена перехода | Ж25-54,Ярославль,1
2023-06-30,Промостатья: Моя история 1 | Цена перехода | Ж25-54,Не определено,1
2023-06-30,Промостатья: Моя история 1 | Цена перехода | Ж25-54,Калуга,1
2023-06-30,Промостатья: Моя история 1 | Цена перехода | Ж25-54,Ковров,1
2023-06-30,Промостатья: Моя история 1 | Цена перехода | Ж25-54,Краснодар,1
2023-06-30,Промостатья: Моя история 1 | Цена перехода | Ж25-54,Москва,1
2023-06-30,Промостатья: Моя история 1 | Цена перехода | Ж25-54,Омск,1
2023-06-30,Промостатья: Моя история 1 | Цена перехода | Ж25-54,Ростов-на-Дону,1
2023-06-30,Промостатья: Моя история 1 | Цена перехода | Ж25-54,Саратов,1
2023-06-30,Промостатья: Моя история 1 | Цена перехода | Ж25-54,Секаукус,1
2023-06-30,Промостатья: Моя история 1 | Цена перехода | Ж25-54,Тамбов,1
2023-06-30,Промостатья: Моя история 1 | Цена перехода | Ж25-54,Химки,1
2023-06-30,Промостатья: Моя история 1 | Цена перехода | Ж25-54,Якутск,1
2023-08-22,Промостатья: Моя история 1 | Цена перехода | Ж25-54,Не определено,13
2023-07-15,Промостатья: Моя история 1 | Цена перехода | Ж25-54,Не определено,8
2023-09-26,Промостатья: Моя история 1 | Цена перехода | Ж25-54,Не определено,8
2023-08-11,Промостатья: Моя история 1 | Цена перехода | Ж25-54,Не определено,7
2023-08-18,Промостатья: Моя история 1 | Цена перехода | Ж25-54,Не определено,7
2023-08-19,Промостатья: Моя история 1 | Цена перехода | Ж25-54,Не определено,7
2023-07-14,Промостатья: Моя история 1 | Цена перехода | Ж25-54,Не определено,6
2023-08-27,Промостатья: Моя история 1 | Цена перехода | Ж25-54,Не определено,6
2023-08-29,Промостатья: Моя история 1 | Цена перехода | Ж25-54,Не определено,6
2023-09-21,Промостатья: Моя история 1 | Цена перехода | Ж25-54,Не определено,6
2023-07-01,Промостатья: Моя история 1 | Цена перехода | Ж25-54,Не определено,5
2023-07-25,Промостатья: Моя история 1 | Цена перехода | Ж25-54,Не определено,5
2023-07-26,Промостатья: Моя история 1 | Цена перехода | Ж25-54,Не определено,5
2023-08-04,Промостатья: Моя история 1 | Цена перехода | Ж25-54,Не определено,5
2023-08-14,Промостатья: Моя история 1 | Цена перехода | Ж25-54,Не определено,5
2023-08-15,Промостатья: Моя история 1 | Цена перехода | Ж25-54,Не определено,5
2023-08-16,Промостатья: Моя история 1 | Цена перехода | Ж25-54,Не определено,5
2023-09-16,Промостатья: Моя история 1 | Цена перехода | Ж25-54,Не определено,5
2023-09-17,Промостатья: Моя история 1 | Цена перехода | Ж25-54,Не определено,5
2023-09-21,Промостатья: Моя история 1 | Цена перехода | Ж25-54,Москва,5
2023-09-22,Промостатья: Моя история 1 | Цена перехода | Ж25-54,Москва,5
2023-09-24,Промостатья: Моя история 1 | Цена перехода | Ж25-54,Не определено,5
2023-07-27,Промостатья: Моя история 1 | Цена перехода | Ж25-54,Не определено,4
2023-07-28,Промостатья: Моя история 1 | Цена перехода | Ж25-54,Москва,4
2023-08-06,Промостатья: Моя история 1 | Цена перехода | Ж25-54,Не определено,4
2023-08-07,Промостатья: Моя история 1 | Цена перехода | Ж25-54,Не определено,4
2023-08-10,Промостатья: Моя история 1 | Цена перехода | Ж25-54,Не определено,4
2023-08-17,Промостатья: Моя история 1 | Цена перехода | Ж25-54,Не определено,4
2023-08-19,Промостатья: Моя история 1 | Цена перехода | Ж25-54,Москва,4
2023-08-20,Промостатья: Моя история 1 | Цена перехода | Ж25-54,Не определено,4
2023-08-21,Промостатья: Моя история 1 | Цена перехода | Ж25-54,Москва,4
2023-08-29,Промостатья: Моя история 1 | Цена перехода | Ж25-54,Москва,4
2023-09-16,Промостатья: Моя история 1 | Цена перехода | Ж25-54,Москва,4
2023-09-19,Промостатья: Моя история 1 | Цена перехода | Ж25-54,Не определено,4
2023-09-19,Промостатья: Моя история 1 | Цена перехода | Ж25-54,Москва,4
2023-09-20,Промостатья: Моя история 1 | Цена перехода | Ж25-54,Не определено,4
2023-09-22,Промостатья: Моя история 1 | Цена перехода | Ж25-54,Не определено,4
2023-09-24,Промостатья: Моя история 1 | Цена перехода | Ж25-54,Москва,4
2023-09-27,Промостатья: Моя история 1 | Цена перехода | Ж25-54,Не определено,4
2023-07-01,Промостатья: Моя история 1 | Цена перехода | Ж25-54,Пермь,3
2023-07-12,Промостатья: Моя история 1 | Цена перехода | Ж25-54,Не определено,3
2023-07-12,Промостатья: Моя история 1 | Цена перехода | Ж25-54,Москва,3
2023-07-13,Промостатья: Моя история 1 | Цена перехода | Ж25-54,Москва,3
2023-07-14,Промостатья: Моя история 1 | Цена перехода | Ж25-54,Москва,3
2023-07-24,Промостатья: Моя история 1 | Цена перехода | Ж25-54,Не определено,3
2023-07-28,Промостатья: Моя история 1 | Цена перехода | Ж25-54,Не определено,3
2023-07-29,Промостатья: Моя история 1 | Цена перехода | Ж25-54,Не определено,3
2023-08-01,Промостатья: Моя история 1 | Цена перехода | Ж25-54,Не определено,3
2023-08-03,Промостатья: Моя история 1 | Цена перехода | Ж25-54,Не определено,3
2023-08-09,Промостатья: Моя история 1 | Цена перехода | Ж25-54,Не определено,3
2023-08-10,Промостатья: Моя история 1 | Цена перехода | Ж25-54,Москва,3
2023-08-12,Промостатья: Моя история 1 | Цена перехода | Ж25-54,Не определено,3
2023-08-17,Промостатья: Моя история 1 | Цена перехода | Ж25-54,Краснодар,3
2023-08-19,Промостатья: Моя история 1 | Цена перехода | Ж25-54,Краснодар,3
2023-08-22,Промостатья: Моя история 1 | Цена перехода | Ж25-54,Москва,3
2023-08-28,Промостатья: Моя история 1 | Цена перехода | Ж25-54,Не определено,3
2023-09-16,Промостатья: Моя история 1 | Цена перехода | Ж25-54,Нижний Новгород,3
2023-09-18,Промостатья: Моя история 1 | Цена перехода | Ж25-54,Не определено,3
2023-09-18,Промостатья: Моя история 1 | Цена перехода | Ж25-54,Москва,3
2023-09-23,Промостатья: Моя история 1 | Цена перехода | Ж25-54,Москва,3
2023-09-24,Промостатья: Моя история 1 | Цена перехода | Ж25-54,Санкт-Петербург,3
2023-09-25,Промостатья: Моя история 1 | Цена перехода | Ж25-54,Не определено,3
2023-07-02,Промостатья: Моя история 1 | Цена перехода | Ж25-54,Москва,2
2023-07-03,Промостатья: Моя история 1 | Цена перехода | Ж25-54,Не определено,2
2023-07-11,Промостатья: Моя история 1 | Цена перехода | Ж25-54,Не определено,2
2023-07-12,Промостатья: Моя история 1 | Цена перехода | Ж25-54,Санкт-Петербург,2
2023-07-15,Промостатья: Моя история 1 | Цена перехода | Ж25-54,Москва,2
2023-07-16,Промостатья: Моя история 1 | Цена перехода | Ж25-54,Москва,2
2023-07-21,Промостатья: Моя история 1 | Цена перехода | Ж25-54,Не определено,2
2023-07-22,Промостатья: Моя история 1 | Цена перехода | Ж25-54,Не определено,2
2023-07-23,Промостатья: Моя история 1 | Цена перехода | Ж25-54,Не определено,2
2023-07-26,Промостатья: Моя история 1 | Цена перехода | Ж25-54,Москва,2
2023-07-27,Промостатья: Моя история 1 | Цена перехода | Ж25-54,Санкт-Петербург,2
2023-07-28,Промостатья: Моя история 1 | Цена перехода | Ж25-54,Курган,2
2023-07-30,Промостатья: Моя история 1 | Цена перехода | Ж25-54,Не определено,2
2023-08-04,Промостатья: Моя история 1 | Цена перехода | Ж25-54,Москва,2
2023-08-05,Промостатья: Моя история 1 | Цена перехода | Ж25-54,Не определено,2
2023-08-06,Промостатья: Моя история 1 | Цена перехода | Ж25-54,Москва,2
2023-08-09,Промостатья: Моя история 1 | Цена перехода | Ж25-54,Москва,2
2023-08-11,Промостатья: Моя история 1 | Цена перехода | Ж25-54,Новосибирск,2
2023-08-13,Промостатья: Моя история 1 | Цена перехода | Ж25-54,Не определено,2
2023-08-13,Промостатья: Моя история 1 | Цена перехода | Ж25-54,Москва,2
2023-08-14,Промостатья: Моя история 1 | Цена перехода | Ж25-54,Москва,2
2023-08-14,Промостатья: Моя история 1 | Цена перехода | Ж25-54,Санкт-Петербург,2
2023-08-15,Промостатья: Моя история 1 | Цена перехода | Ж25-54,Москва,2
2023-08-18,Промостатья: Моя история 1 | Цена перехода | Ж25-54,Москва,2
2023-08-20,Промостатья: Моя история 1 | Цена перехода | Ж25-54,Нижний Новгород,2
2023-08-22,Промостатья: Моя история 1 | Цена перехода | Ж25-54,Санкт-Петербург,2
2023-08-23,Промостатья: Моя история 1 | Цена перехода | Ж25-54,Не определено,2
2023-08-23,Промостатья: Моя история 1 | Цена перехода | Ж25-54,Москва,2
2023-08-23,Промостатья: Моя история 1 | Цена перехода | Ж25-54,Санкт-Петербург,2
2023-08-25,Промостатья: Моя история 1 | Цена перехода | Ж25-54,Не определено,2
2023-08-26,Промостатья: Моя история 1 | Цена перехода | Ж25-54,Кольчугино,2
2023-08-26,Промостатья: Моя история 1 | Цена перехода | Ж25-54,Москва,2
2023-08-27,Промостатья: Моя история 1 | Цена перехода | Ж25-54,Санкт-Петербург,2
2023-08-27,Промостатья: Моя история 1 | Цена перехода | Ж25-54,Ставрополь,2
2023-08-28,Промостатья: Моя история 1 | Цена перехода | Ж25-54,Нижний Новгород,2
2023-08-28,Промостатья: Моя история 1 | Цена перехода | Ж25-54,Санкт-Петербург,2
2023-09-15,Промостатья: Моя история 1 | Цена перехода | Ж25-54,Не определено,2
2023-09-17,Промостатья: Моя история 1 | Цена перехода | Ж25-54,Кашира,2
2023-09-17,Промостатья: Моя история 1 | Цена перехода | Ж25-54,Москва,2
2023-09-19,Промостатья: Моя история 1 | Цена перехода | Ж25-54,Санкт-Петербург,2
2023-09-21,Промостатья: Моя история 1 | Цена перехода | Ж25-54,Абакан,2
2023-09-21,Промостатья: Моя история 1 | Цена перехода | Ж25-54,Владивосток,2
2023-09-21,Промостатья: Моя история 1 | Цена перехода | Ж25-54,Новосибирск,2
2023-09-21,Промостатья: Моя история 1 | Цена перехода | Ж25-54,Санкт-Петербург,2
2023-09-21,Промостатья: Моя история 1 | Цена перехода | Ж25-54,Челябинск,2
2023-09-22,Промостатья: Моя история 1 | Цена перехода | Ж25-54,Новосибирск,2
2023-09-22,Промостатья: Моя история 1 | Цена перехода | Ж25-54,Санкт-Петербург,2
2023-09-22,Промостатья: Моя история 1 | Цена перехода | Ж25-54,Челябинск,2
2023-09-23,Промостатья: Моя история 1 | Цена перехода | Ж25-54,Краснодар,2
2023-09-23,Промостатья: Моя история 1 | Цена перехода | Ж25-54,Санкт-Петербург,2
2023-09-24,Промостатья: Моя история 1 | Цена перехода | Ж25-54,Нижний Новгород,2
2023-09-24,Промостатья: Моя история 1 | Цена перехода | Ж25-54,Рязань,2
2023-09-25,Промостатья: Моя история 1 | Цена перехода | Ж25-54,Санкт-Петербург,2
2023-09-26,Промостатья: Моя история 1 | Цена перехода | Ж25-54,Москва,2
2023-09-26,Промостатья: Моя история 1 | Цена перехода | Ж25-54,Ставрополь,2
2023-09-27,Промостатья: Моя история 1 | Цена перехода | Ж25-54,Новосибирск,2
2023-07-01,Промостатья: Моя история 1 | Цена перехода | Ж25-54,Красноярск,1
2023-07-01,Промостатья: Моя история 1 | Цена перехода | Ж25-54,Липецк,1
2023-07-01,Промостатья: Моя история 1 | Цена перехода | Ж25-54,Омск,1
2023-07-01,Промостатья: Моя история 1 | Цена перехода | Ж25-54,Петрозаводск,1
2023-07-01,Промостатья: Моя история 1 | Цена перехода | Ж25-54,Санкт-Петербург,1
2023-07-01,Промостатья: Моя история 1 | Цена перехода | Ж25-54,Чебоксары,1
2023-07-01,Промостатья: Моя история 1 | Цена перехода | Ж25-54,Якутск,1
2023-07-02,Промостатья: Моя история 1 | Цена перехода | Ж25-54,Не определено,1
2023-07-02,Промостатья: Моя история 1 | Цена перехода | Ж25-54,Брянск,1
2023-07-02,Промостатья: Моя история 1 | Цена перехода | Ж25-54,Волгодонск,1
2023-07-02,Промостатья: Моя история 1 | Цена перехода | Ж25-54,Кострома,1
2023-07-02,Промостатья: Моя история 1 | Цена перехода | Ж25-54,Краснодар,1
2023-07-02,Промостатья: Моя история 1 | Цена перехода | Ж25-54,Новосибирск,1
2023-07-02,Промостатья: Моя история 1 | Цена перехода | Ж25-54,Пенза,1
2023-07-02,Промостатья: Моя история 1 | Цена перехода | Ж25-54,Якутск,1
2023-07-03,Промостатья: Моя история 1 | Цена перехода | Ж25-54,Братск,1
2023-07-03,Промостатья: Моя история 1 | Цена перехода | Ж25-54,Грязи,1
2023-07-03,Промостатья: Моя история 1 | Цена перехода | Ж25-54,Москва,1
2023-07-03,Промостатья: Моя история 1 | Цена перехода | Ж25-54,Находка,1
2023-07-03,Промостатья: Моя история 1 | Цена перехода | Ж25-54,Омск,1
2023-07-03,Промостатья: Моя история 1 | Цена перехода | Ж25-54,Пенза,1
2023-07-03,Промостатья: Моя история 1 | Цена перехода | Ж25-54,Пермь,1
2023-07-03,Промостатья: Моя история 1 | Цена перехода | Ж25-54,Ростов-на-Дону,1
2023-07-03,Промостатья: Моя история 1 | Цена перехода | Ж25-54,Самара,1
2023-07-03,Промостатья: Моя история 1 | Цена перехода | Ж25-54,Тольятти,1
2023-07-11,Промостатья: Моя история 1 | Цена перехода | Ж25-54,Ейск,1
2023-07-11,Промостатья: Моя история 1 | Цена перехода | Ж25-54,Казань,1
2023-07-11,Промостатья: Моя история 1 | Цена перехода | Ж25-54,Киров,1
2023-07-11,Промостатья: Моя история 1 | Цена перехода | Ж25-54,Москва,1
2023-07-11,Промостатья: Моя история 1 | Цена перехода | Ж25-54,Нижний Новгород,1
2023-07-11,Промостатья: Моя история 1 | Цена перехода | Ж25-54,Новосибирск,1
2023-07-11,Промостатья: Моя история 1 | Цена перехода | Ж25-54,Тюмень,1
2023-07-11,Промостатья: Моя история 1 | Цена перехода | Ж25-54,Чебоксары,1
2023-07-12,Промостатья: Моя история 1 | Цена перехода | Ж25-54,Балаково,1
2023-07-12,Промостатья: Моя история 1 | Цена перехода | Ж25-54,Владивосток,1
2023-07-12,Промостатья: Моя история 1 | Цена перехода | Ж25-54,Воронеж,1
2023-07-12,Промостатья: Моя история 1 | Цена перехода | Ж25-54,Екатеринбург,1
2023-07-12,Промостатья: Моя история 1 | Цена перехода | Ж25-54,Кемерово,1
2023-07-12,Промостатья: Моя история 1 | Цена перехода | Ж25-54,Киров,1
2023-07-12,Промостатья: Моя история 1 | Цена перехода | Ж25-54,Краснодар,1
2023-07-12,Промостатья: Моя история 1 | Цена перехода | Ж25-54,Красноярск,1
2023-07-12,Промостатья: Моя история 1 | Цена перехода | Ж25-54,Курск,1
2023-07-12,Промостатья: Моя история 1 | Цена перехода | Ж25-54,Люберцы,1
2023-07-12,Промостатья: Моя история 1 | Цена перехода | Ж25-54,Нижний Новгород,1
2023-07-12,Промостатья: Моя история 1 | Цена перехода | Ж25-54,Новосибирск,1
2023-07-12,Промостатья: Моя история 1 | Цена перехода | Ж25-54,Туапсе,1
2023-07-12,Промостатья: Моя история 1 | Цена перехода | Ж25-54,Щёлково,1
2023-07-13,Промостатья: Моя история 1 | Цена перехода | Ж25-54,Не определено,1
2023-07-13,Промостатья: Моя история 1 | Цена перехода | Ж25-54,Нижний Новгород,1
2023-07-14,Промостатья: Моя история 1 | Цена перехода | Ж25-54,Волгоград,1
2023-07-14,Промостатья: Моя история 1 | Цена перехода | Ж25-54,Киров,1
2023-07-14,Промостатья: Моя история 1 | Цена перехода | Ж25-54,Красноярск,1
2023-07-14,Промостатья: Моя история 1 | Цена перехода | Ж25-54,Самара,1
2023-07-14,Промостатья: Моя история 1 | Цена перехода | Ж25-54,Челябинск,1
2023-07-15,Промостатья: Моя история 1 | Цена перехода | Ж25-54,Благовещенск,1
2023-07-15,Промостатья: Моя история 1 | Цена перехода | Ж25-54,Кемерово,1
2023-07-15,Промостатья: Моя история 1 | Цена перехода | Ж25-54,Краснодар,1
2023-07-15,Промостатья: Моя история 1 | Цена перехода | Ж25-54,Михайловка,1
2023-07-15,Промостатья: Моя история 1 | Цена перехода | Ж25-54,Санкт-Петербург,1
2023-07-15,Промостатья: Моя история 1 | Цена перехода | Ж25-54,Саратов,1
2023-07-15,Промостатья: Моя история 1 | Цена перехода | Ж25-54,Ставрополь,1
2023-07-15,Промостатья: Моя история 1 | Цена перехода | Ж25-54,Тула,1
2023-07-15,Промостатья: Моя история 1 | Цена перехода | Ж25-54,Энгельс,1
2023-07-16,Промостатья: Моя история 1 | Цена перехода | Ж25-54,Не определено,1
2023-07-16,Промостатья: Моя история 1 | Цена перехода | Ж25-54,Мытищи,1
2023-07-17,Промостатья: Моя история 1 | Цена перехода | Ж25-54,Москва,1
2023-07-17,Промостатья: Моя история 1 | Цена перехода | Ж25-54,Санкт-Петербург,1
2023-07-18,Промостатья: Моя история 1 | Цена перехода | Ж25-54,Люберцы,1
2023-07-20,Промостатья: Моя история 1 | Цена перехода | Ж25-54,Не определено,1
2023-07-20,Промостатья: Моя история 1 | Цена перехода | Ж25-54,Москва,1
2023-07-21,Промостатья: Моя история 1 | Цена перехода | Ж25-54,Владимир,1
2023-07-21,Промостатья: Моя история 1 | Цена перехода | Ж25-54,Иркутск,1
2023-07-21,Промостатья: Моя история 1 | Цена перехода | Ж25-54,Нижний Новгород,1
2023-07-21,Промостатья: Моя история 1 | Цена перехода | Ж25-54,Пятигорск,1
2023-07-21,Промостатья: Моя история 1 | Цена перехода | Ж25-54,Якутск,1
2023-07-22,Промостатья: Моя история 1 | Цена перехода | Ж25-54,Старый Оскол,1
2023-07-23,Промостатья: Моя история 1 | Цена перехода | Ж25-54,Владимир,1
2023-07-23,Промостатья: Моя история 1 | Цена перехода | Ж25-54,Норильск,1
2023-07-23,Промостатья: Моя история 1 | Цена перехода | Ж25-54,Самара,1
2023-07-23,Промостатья: Моя история 1 | Цена перехода | Ж25-54,Ставрополь,1
2023-07-24,Промостатья: Моя история 1 | Цена перехода | Ж25-54,Барнаул,1
2023-07-24,Промостатья: Моя история 1 | Цена перехода | Ж25-54,Нижний Новгород,1
2023-07-24,Промостатья: Моя история 1 | Цена перехода | Ж25-54,Омск,1
2023-07-24,Промостатья: Моя история 1 | Цена перехода | Ж25-54,Челябинск,1
2023-07-25,Промостатья: Моя история 1 | Цена перехода | Ж25-54,Донской,1
2023-07-25,Промостатья: Моя история 1 | Цена перехода | Ж25-54,Калининград,1
2023-07-25,Промостатья: Моя история 1 | Цена перехода | Ж25-54,Краснодар,1
2023-07-25,Промостатья: Моя история 1 | Цена перехода | Ж25-54,Михайловка,1
2023-07-25,Промостатья: Моя история 1 | Цена перехода | Ж25-54,Нижний Новгород,1
2023-07-25,Промостатья: Моя история 1 | Цена перехода | Ж25-54,Санкт-Петербург,1
2023-07-25,Промостатья: Моя история 1 | Цена перехода | Ж25-54,Уфа,1
2023-07-25,Промостатья: Моя история 1 | Цена перехода | Ж25-54,Челябинск,1
2023-07-25,Промостатья: Моя история 1 | Цена перехода | Ж25-54,Энгельс,1
2023-07-26,Промостатья: Моя история 1 | Цена перехода | Ж25-54,Краснодар,1
2023-07-26,Промостатья: Моя история 1 | Цена перехода | Ж25-54,Новороссийск,1
2023-07-26,Промостатья: Моя история 1 | Цена перехода | Ж25-54,Озёрск,1
2023-07-26,Промостатья: Моя история 1 | Цена перехода | Ж25-54,Санкт-Петербург,1
2023-07-27,Промостатья: Моя история 1 | Цена перехода | Ж25-54,Владикавказ,1
2023-07-27,Промостатья: Моя история 1 | Цена перехода | Ж25-54,Красноярск,1
2023-07-27,Промостатья: Моя история 1 | Цена перехода | Ж25-54,Москва,1
2023-07-27,Промостатья: Моя история 1 | Цена перехода | Ж25-54,Новочеркасск,1
2023-07-27,Промостатья: Моя история 1 | Цена перехода | Ж25-54,Орёл,1
2023-07-27,Промостатья: Моя история 1 | Цена перехода | Ж25-54,Тамбов,1
2023-07-27,Промостатья: Моя история 1 | Цена перехода | Ж25-54,Уфа,1
2023-07-28,Промостатья: Моя история 1 | Цена перехода | Ж25-54,Новокузнецк,1
2023-07-28,Промостатья: Моя история 1 | Цена перехода | Ж25-54,Пермь,1
2023-07-28,Промостатья: Моя история 1 | Цена перехода | Ж25-54,Санкт-Петербург,1
2023-07-29,Промостатья: Моя история 1 | Цена перехода | Ж25-54,Иваново,1
2023-07-29,Промостатья: Моя история 1 | Цена перехода | Ж25-54,Мирный,1
2023-07-29,Промостатья: Моя история 1 | Цена перехода | Ж25-54,Саратов,1
2023-07-30,Промостатья: Моя история 1 | Цена перехода | Ж25-54,Москва,1
2023-07-30,Промостатья: Моя история 1 | Цена перехода | Ж25-54,Раменское,1
2023-07-30,Промостатья: Моя история 1 | Цена перехода | Ж25-54,Тула,1
2023-07-31,Промостатья: Моя история 1 | Цена перехода | Ж25-54,Не определено,1
2023-07-31,Промостатья: Моя история 1 | Цена перехода | Ж25-54,Воронеж,1
2023-07-31,Промостатья: Моя история 1 | Цена перехода | Ж25-54,Екатеринбург,1
2023-07-31,Промостатья: Моя история 1 | Цена перехода | Ж25-54,Ставрополь,1
2023-08-01,Промостатья: Моя история 1 | Цена перехода | Ж25-54,Москва,1
2023-08-01,Промостатья: Моя история 1 | Цена перехода | Ж25-54,Ростов-на-Дону,1
2023-08-01,Промостатья: Моя история 1 | Цена перехода | Ж25-54,Санкт-Петербург,1
2023-08-02,Промостатья: Моя история 1 | Цена перехода | Ж25-54,Санкт-Петербург,1
2023-08-02,Промостатья: Моя история 1 | Цена перехода | Ж25-54,Тамбов,1
2023-08-03,Промостатья: Моя история 1 | Цена перехода | Ж25-54,Томск,1
2023-08-04,Промостатья: Моя история 1 | Цена перехода | Ж25-54,Калининград,1
2023-08-04,Промостатья: Моя история 1 | Цена перехода | Ж25-54,Санкт-Петербург,1
2023-08-04,Промостатья: Моя история 1 | Цена перехода | Ж25-54,Ставрополь,1
2023-08-04,Промостатья: Моя история 1 | Цена перехода | Ж25-54,Якутск,1
2023-08-05,Промостатья: Моя история 1 | Цена перехода | Ж25-54,Краснодар,1
2023-08-05,Промостатья: Моя история 1 | Цена перехода | Ж25-54,Нижний Новгород,1
2023-08-05,Промостатья: Моя история 1 | Цена перехода | Ж25-54,Нижний Тагил,1
2023-08-05,Промостатья: Моя история 1 | Цена перехода | Ж25-54,Саратов,1
2023-08-05,Промостатья: Моя история 1 | Цена перехода | Ж25-54,Старый Оскол,1
2023-08-05,Промостатья: Моя история 1 | Цена перехода | Ж25-54,Уфа,1
2023-08-06,Промостатья: Моя история 1 | Цена перехода | Ж25-54,Нижний Новгород,1
2023-08-06,Промостатья: Моя история 1 | Цена перехода | Ж25-54,Новосибирск,1
2023-08-07,Промостатья: Моя история 1 | Цена перехода | Ж25-54,Москва,1
2023-08-07,Промостатья: Моя история 1 | Цена перехода | Ж25-54,Санкт-Петербург,1
2023-08-08,Промостатья: Моя история 1 | Цена перехода | Ж25-54,Не определено,1
2023-08-08,Промостатья: Моя история 1 | Цена перехода | Ж25-54,Белгород,1
2023-08-08,Промостатья: Моя история 1 | Цена перехода | Ж25-54,Калининград,1
2023-08-08,Промостатья: Моя история 1 | Цена перехода | Ж25-54,Краснодар,1
2023-08-08,Промостатья: Моя история 1 | Цена перехода | Ж25-54,Красноярск,1
2023-08-08,Промостатья: Моя история 1 | Цена перехода | Ж25-54,Москва,1
2023-08-09,Промостатья: Моя история 1 | Цена перехода | Ж25-54,Борисов,1
2023-08-09,Промостатья: Моя история 1 | Цена перехода | Ж25-54,Казань,1
2023-08-09,Промостатья: Моя история 1 | Цена перехода | Ж25-54,Калуга,1
2023-08-09,Промостатья: Моя история 1 | Цена перехода | Ж25-54,Киров,1
2023-08-09,Промостатья: Моя история 1 | Цена перехода | Ж25-54,Новосибирск,1
2023-08-09,Промостатья: Моя история 1 | Цена перехода | Ж25-54,Приморско-Ахтарск,1
2023-08-09,Промостатья: Моя история 1 | Цена перехода | Ж25-54,Ставрополь,1
2023-08-09,Промостатья: Моя история 1 | Цена перехода | Ж25-54,Сургут,1
2023-08-09,Промостатья: Моя история 1 | Цена перехода | Ж25-54,Таганрог,1
2023-08-09,Промостатья: Моя история 1 | Цена перехода | Ж25-54,Чебоксары,1
2023-08-10,Промостатья: Моя история 1 | Цена перехода | Ж25-54,Егорьевск,1
2023-08-10,Промостатья: Моя история 1 | Цена перехода | Ж25-54,Екатеринбург,1
2023-08-10,Промостатья: Моя история 1 | Цена перехода | Ж25-54,Казань,1
2023-08-10,Промостатья: Моя история 1 | Цена перехода | Ж25-54,Краснокамск,1
2023-08-10,Промостатья: Моя история 1 | Цена перехода | Ж25-54,Михайловка,1
2023-08-10,Промостатья: Моя история 1 | Цена перехода | Ж25-54,Нижний Новгород,1
2023-08-10,Промостатья: Моя история 1 | Цена перехода | Ж25-54,Новосибирск,1
2023-08-10,Промостатья: Моя история 1 | Цена перехода | Ж25-54,Орёл,1
2023-08-10,Промостатья: Моя история 1 | Цена перехода | Ж25-54,Тула,1
2023-08-11,Промостатья: Моя история 1 | Цена перехода | Ж25-54,Братск,1
2023-08-11,Промостатья: Моя история 1 | Цена перехода | Ж25-54,Владикавказ,1
2023-08-11,Промостатья: Моя история 1 | Цена перехода | Ж25-54,Волгоград,1
2023-08-11,Промостатья: Моя история 1 | Цена перехода | Ж25-54,Краснодар,1
2023-08-11,Промостатья: Моя история 1 | Цена перехода | Ж25-54,Москва,1
2023-08-11,Промостатья: Моя история 1 | Цена перехода | Ж25-54,Нижний Новгород,1
2023-08-11,Промостатья: Моя история 1 | Цена перехода | Ж25-54,Новокузнецк,1
2023-08-11,Промостатья: Моя история 1 | Цена перехода | Ж25-54,Ростов-на-Дону,1
2023-08-11,Промостатья: Моя история 1 | Цена перехода | Ж25-54,Санкт-Петербург,1
2023-08-11,Промостатья: Моя история 1 | Цена перехода | Ж25-54,Саратов,1
2023-08-11,Промостатья: Моя история 1 | Цена перехода | Ж25-54,Ставрополь,1
2023-08-12,Промостатья: Моя история 1 | Цена перехода | Ж25-54,Екатеринбург,1
2023-08-12,Промостатья: Моя история 1 | Цена перехода | Ж25-54,Иркутск,1
2023-08-12,Промостатья: Моя история 1 | Цена перехода | Ж25-54,Калининград,1
2023-08-12,Промостатья: Моя история 1 | Цена перехода | Ж25-54,Ковров,1
2023-08-12,Промостатья: Моя история 1 | Цена перехода | Ж25-54,Оренбург,1
2023-08-12,Промостатья: Моя история 1 | Цена перехода | Ж25-54,Пенза,1
2023-08-12,Промостатья: Моя история 1 | Цена перехода | Ж25-54,Санкт-Петербург,1
2023-08-12,Промостатья: Моя история 1 | Цена перехода | Ж25-54,Челябинск,1
2023-08-13,Промостатья: Моя история 1 | Цена перехода | Ж25-54,Брянск,1
2023-08-13,Промостатья: Моя история 1 | Цена перехода | Ж25-54,Волгоград,1
2023-08-13,Промостатья: Моя история 1 | Цена перехода | Ж25-54,Краснодар,1
2023-08-13,Промостатья: Моя история 1 | Цена перехода | Ж25-54,Пермь,1
2023-08-13,Промостатья: Моя история 1 | Цена перехода | Ж25-54,Подольск,1
2023-08-13,Промостатья: Моя история 1 | Цена перехода | Ж25-54,Пушкино,1
2023-08-14,Промостатья: Моя история 1 | Цена перехода | Ж25-54,Барнаул,1
2023-08-14,Промостатья: Моя история 1 | Цена перехода | Ж25-54,Киров,1
2023-08-14,Промостатья: Моя история 1 | Цена перехода | Ж25-54,Находка,1
2023-08-15,Промостатья: Моя история 1 | Цена перехода | Ж25-54,Астрахань,1
2023-08-15,Промостатья: Моя история 1 | Цена перехода | Ж25-54,Домодедово,1
2023-08-15,Промостатья: Моя история 1 | Цена перехода | Ж25-54,Казань,1
2023-08-15,Промостатья: Моя история 1 | Цена перехода | Ж25-54,Краснодар,1
2023-08-15,Промостатья: Моя история 1 | Цена перехода | Ж25-54,Новокузнецк,1
2023-08-15,Промостатья: Моя история 1 | Цена перехода | Ж25-54,Ростов-на-Дону,1
2023-08-15,Промостатья: Моя история 1 | Цена перехода | Ж25-54,Смоленск,1
2023-08-15,Промостатья: Моя история 1 | Цена перехода | Ж25-54,Якутск,1
2023-08-16,Промостатья: Моя история 1 | Цена перехода | Ж25-54,Алушта,1
2023-08-16,Промостатья: Моя история 1 | Цена перехода | Ж25-54,Волгореченск,1
2023-08-16,Промостатья: Моя история 1 | Цена перехода | Ж25-54,Екатеринбург,1
2023-08-16,Промостатья: Моя история 1 | Цена перехода | Ж25-54,Ереван,1
2023-08-16,Промостатья: Моя история 1 | Цена перехода | Ж25-54,Казань,1
2023-08-16,Промостатья: Моя история 1 | Цена перехода | Ж25-54,Михайловка,1
2023-08-16,Промостатья: Моя история 1 | Цена перехода | Ж25-54,Нижний Новгород,1
2023-08-16,Промостатья: Моя история 1 | Цена перехода | Ж25-54,Новокузнецк,1
2023-08-16,Промостатья: Моя история 1 | Цена перехода | Ж25-54,Саяногорск,1
2023-08-16,Промостатья: Моя история 1 | Цена перехода | Ж25-54,Стерлитамак,1
2023-08-16,Промостатья: Моя история 1 | Цена перехода | Ж25-54,Тамбов,1
2023-08-17,Промостатья: Моя история 1 | Цена перехода | Ж25-54,Астрахань,1
2023-08-17,Промостатья: Моя история 1 | Цена перехода | Ж25-54,Белореченск,1
2023-08-17,Промостатья: Моя история 1 | Цена перехода | Ж25-54,Миасс,1
2023-08-17,Промостатья: Моя история 1 | Цена перехода | Ж25-54,Михайловка,1
2023-08-17,Промостатья: Моя история 1 | Цена перехода | Ж25-54,Санкт-Петербург,1
2023-08-17,Промостатья: Моя история 1 | Цена перехода | Ж25-54,Старый Оскол,1
2023-08-18,Промостатья: Моя история 1 | Цена перехода | Ж25-54,Брянск,1
2023-08-18,Промостатья: Моя история 1 | Цена перехода | Ж25-54,Иваново,1
2023-08-18,Промостатья: Моя история 1 | Цена перехода | Ж25-54,Курган,1
2023-08-18,Промостатья: Моя история 1 | Цена перехода | Ж25-54,Омск,1
2023-08-18,Промостатья: Моя история 1 | Цена перехода | Ж25-54,Санкт-Петербург,1
2023-08-18,Промостатья: Моя история 1 | Цена перехода | Ж25-54,Уфа,1
2023-08-19,Промостатья: Моя история 1 | Цена перехода | Ж25-54,Владимир,1
2023-08-19,Промостатья: Моя история 1 | Цена перехода | Ж25-54,Екатеринбург,1
2023-08-19,Промостатья: Моя история 1 | Цена перехода | Ж25-54,Нижний Новгород,1
2023-08-19,Промостатья: Моя история 1 | Цена перехода | Ж25-54,Самара,1
2023-08-19,Промостатья: Моя история 1 | Цена перехода | Ж25-54,Челябинск,1
2023-08-20,Промостатья: Моя история 1 | Цена перехода | Ж25-54,Кострома,1
2023-08-20,Промостатья: Моя история 1 | Цена перехода | Ж25-54,Санкт-Петербург,1
2023-08-20,Промостатья: Моя история 1 | Цена перехода | Ж25-54,Тверь,1
2023-08-21,Промостатья: Моя история 1 | Цена перехода | Ж25-54,Воронеж,1
2023-08-21,Промостатья: Моя история 1 | Цена перехода | Ж25-54,Вышний Волочёк,1
2023-08-21,Промостатья: Моя история 1 | Цена перехода | Ж25-54,Краснодар,1
2023-08-21,Промостатья: Моя история 1 | Цена перехода | Ж25-54,Миасс,1
2023-08-21,Промостатья: Моя история 1 | Цена перехода | Ж25-54,Нальчик,1
2023-08-21,Промостатья: Моя история 1 | Цена перехода | Ж25-54,Новосибирск,1
2023-08-21,Промостатья: Моя история 1 | Цена перехода | Ж25-54,Самара,1
2023-08-21,Промостатья: Моя история 1 | Цена перехода | Ж25-54,Санкт-Петербург,1
2023-08-21,Промостатья: Моя история 1 | Цена перехода | Ж25-54,Тамбов,1
2023-08-21,Промостатья: Моя история 1 | Цена перехода | Ж25-54,Уфа,1
2023-08-21,Промостатья: Моя история 1 | Цена перехода | Ж25-54,Ярославль,1
2023-08-22,Промостатья: Моя история 1 | Цена перехода | Ж25-54,Вологда,1
2023-08-22,Промостатья: Моя история 1 | Цена перехода | Ж25-54,Казань,1
2023-08-22,Промостатья: Моя история 1 | Цена перехода | Ж25-54,Ковров,1
2023-08-22,Промостатья: Моя история 1 | Цена перехода | Ж25-54,Нижний Новгород,1
2023-08-22,Промостатья: Моя история 1 | Цена перехода | Ж25-54,Сочи,1
2023-08-23,Промостатья: Моя история 1 | Цена перехода | Ж25-54,Великий Новгород,1
2023-08-23,Промостатья: Моя история 1 | Цена перехода | Ж25-54,Киржач,1
2023-08-23,Промостатья: Моя история 1 | Цена перехода | Ж25-54,Нижний Новгород,1
2023-08-23,Промостатья: Моя история 1 | Цена перехода | Ж25-54,Новосибирск,1
2023-08-23,Промостатья: Моя история 1 | Цена перехода | Ж25-54,Рыбинск,1
2023-08-25,Промостатья: Моя история 1 | Цена перехода | Ж25-54,Барнаул,1
2023-08-25,Промостатья: Моя история 1 | Цена перехода | Ж25-54,Белореченск,1
2023-08-25,Промостатья: Моя история 1 | Цена перехода | Ж25-54,Домодедово,1
2023-08-25,Промостатья: Моя история 1 | Цена перехода | Ж25-54,Киров,1
2023-08-25,Промостатья: Моя история 1 | Цена перехода | Ж25-54,Кольчугино,1
2023-08-25,Промостатья: Моя история 1 | Цена перехода | Ж25-54,Москва,1
2023-08-25,Промостатья: Моя история 1 | Цена перехода | Ж25-54,Пермь,1
2023-08-25,Промостатья: Моя история 1 | Цена перехода | Ж25-54,Санкт-Петербург,1
2023-08-26,Промостатья: Моя история 1 | Цена перехода | Ж25-54,Не определено,1
2023-08-26,Промостатья: Моя история 1 | Цена перехода | Ж25-54,Балашиха,1
2023-08-26,Промостатья: Моя история 1 | Цена перехода | Ж25-54,Калининград,1
2023-08-26,Промостатья: Моя история 1 | Цена перехода | Ж25-54,Магнитогорск,1
2023-08-26,Промостатья: Моя история 1 | Цена перехода | Ж25-54,Нальчик,1
2023-08-26,Промостатья: Моя история 1 | Цена перехода | Ж25-54,Нижний Новгород,1
2023-08-26,Промостатья: Моя история 1 | Цена перехода | Ж25-54,Саратов,1
2023-08-26,Промостатья: Моя история 1 | Цена перехода | Ж25-54,Ставрополь,1
2023-08-26,Промостатья: Моя история 1 | Цена перехода | Ж25-54,Челябинск,1
2023-08-27,Промостатья: Моя история 1 | Цена перехода | Ж25-54,Абинск,1
2023-08-27,Промостатья: Моя история 1 | Цена перехода | Ж25-54,Барнаул,1
2023-08-27,Промостатья: Моя история 1 | Цена перехода | Ж25-54,Йошкар-Ола,1
2023-08-27,Промостатья: Моя история 1 | Цена перехода | Ж25-54,Калининград,1
2023-08-27,Промостатья: Моя история 1 | Цена перехода | Ж25-54,Красноярск,1
2023-08-27,Промостатья: Моя история 1 | Цена перехода | Ж25-54,Кудрово,1
2023-08-27,Промостатья: Моя история 1 | Цена перехода | Ж25-54,Мадрид,1
2023-08-27,Промостатья: Моя история 1 | Цена перехода | Ж25-54,Малага,1
2023-08-27,Промостатья: Моя история 1 | Цена перехода | Ж25-54,Москва,1
2023-08-27,Промостатья: Моя история 1 | Цена перехода | Ж25-54,Самара,1
2023-08-27,Промостатья: Моя история 1 | Цена перехода | Ж25-54,Сыктывкар,1
2023-08-27,Промостатья: Моя история 1 | Цена перехода | Ж25-54,Тольятти,1
2023-08-27,Промостатья: Моя история 1 | Цена перехода | Ж25-54,Ярославль,1
2023-08-28,Промостатья: Моя история 1 | Цена перехода | Ж25-54,Казань,1
2023-08-28,Промостатья: Моя история 1 | Цена перехода | Ж25-54,Москва,1
2023-08-28,Промостатья: Моя история 1 | Цена перехода | Ж25-54,Пятигорск,1
2023-08-28,Промостатья: Моя история 1 | Цена перехода | Ж25-54,Ростов-на-Дону,1
2023-08-28,Промостатья: Моя история 1 | Цена перехода | Ж25-54,Томск,1
2023-08-28,Промостатья: Моя история 1 | Цена перехода | Ж25-54,Ярославль,1
2023-08-29,Промостатья: Моя история 1 | Цена перехода | Ж25-54,Владивосток,1
2023-08-29,Промостатья: Моя история 1 | Цена перехода | Ж25-54,Волгодонск,1
2023-08-29,Промостатья: Моя история 1 | Цена перехода | Ж25-54,Екатеринбург,1
2023-08-29,Промостатья: Моя история 1 | Цена перехода | Ж25-54,Иркутск,1
2023-08-29,Промостатья: Моя история 1 | Цена перехода | Ж25-54,Краснодар,1
2023-08-29,Промостатья: Моя история 1 | Цена перехода | Ж25-54,Кудрово,1
2023-08-29,Промостатья: Моя история 1 | Цена перехода | Ж25-54,Майкоп,1
2023-08-29,Промостатья: Моя история 1 | Цена перехода | Ж25-54,Мыски,1
2023-08-29,Промостатья: Моя история 1 | Цена перехода | Ж25-54,Пятигорск,1
2023-08-29,Промостатья: Моя история 1 | Цена перехода | Ж25-54,Ростов-на-Дону,1
2023-08-29,Промостатья: Моя история 1 | Цена перехода | Ж25-54,Самара,1
2023-08-29,Промостатья: Моя история 1 | Цена перехода | Ж25-54,Санкт-Петербург,1
2023-08-29,Промостатья: Моя история 1 | Цена перехода | Ж25-54,Сургут,1
2023-08-29,Промостатья: Моя история 1 | Цена перехода | Ж25-54,Челябинск,1
2023-08-30,Промостатья: Моя история 1 | Цена перехода | Ж25-54,Не определено,1
2023-08-30,Промостатья: Моя история 1 | Цена перехода | Ж25-54,Красноярск,1
2023-08-30,Промостатья: Моя история 1 | Цена перехода | Ж25-54,Москва,1
2023-08-30,Промостатья: Моя история 1 | Цена перехода | Ж25-54,Саратов,1
2023-08-31,Промостатья: Моя история 1 | Цена перехода | Ж25-54,Москва,1
2023-09-06,Промостатья: Моя история 1 | Цена перехода | Ж25-54,Екатеринбург,1
2023-09-15,Промостатья: Моя история 1 | Цена перехода | Ж25-54,Балашиха,1
2023-09-15,Промостатья: Моя история 1 | Цена перехода | Ж25-54,Калининград,1
2023-09-15,Промостатья: Моя история 1 | Цена перехода | Ж25-54,Пермь,1
2023-09-15,Промостатья: Моя история 1 | Цена перехода | Ж25-54,Саратов,1
2023-09-15,Промостатья: Моя история 1 | Цена перехода | Ж25-54,Тула,1
2023-09-16,Промостатья: Моя история 1 | Цена перехода | Ж25-54,Екатеринбург,1
2023-09-16,Промостатья: Моя история 1 | Цена перехода | Ж25-54,Кашира,1
2023-09-16,Промостатья: Моя история 1 | Цена перехода | Ж25-54,Курск,1
2023-09-16,Промостатья: Моя история 1 | Цена перехода | Ж25-54,Мытищи,1
2023-09-16,Промостатья: Моя история 1 | Цена перехода | Ж25-54,Новосибирск,1
2023-09-16,Промостатья: Моя история 1 | Цена перехода | Ж25-54,Пенза,1
2023-09-16,Промостатья: Моя история 1 | Цена перехода | Ж25-54,Самара,1
2023-09-17,Промостатья: Моя история 1 | Цена перехода | Ж25-54,Берлин,1
2023-09-17,Промостатья: Моя история 1 | Цена перехода | Ж25-54,Владивосток,1
2023-09-17,Промостатья: Моя история 1 | Цена перехода | Ж25-54,Волгореченск,1
2023-09-17,Промостатья: Моя история 1 | Цена перехода | Ж25-54,Калуга,1
2023-09-17,Промостатья: Моя история 1 | Цена перехода | Ж25-54,Кимры,1
2023-09-17,Промостатья: Моя история 1 | Цена перехода | Ж25-54,Макаров,1
2023-09-17,Промостатья: Моя история 1 | Цена перехода | Ж25-54,Тула,1
2023-09-17,Промостатья: Моя история 1 | Цена перехода | Ж25-54,Челябинск,1
2023-09-18,Промостатья: Моя история 1 | Цена перехода | Ж25-54,Екатеринбург,1
2023-09-18,Промостатья: Моя история 1 | Цена перехода | Ж25-54,Кемерово,1
2023-09-18,Промостатья: Моя история 1 | Цена перехода | Ж25-54,Невинномысск,1
2023-09-18,Промостатья: Моя история 1 | Цена перехода | Ж25-54,Санкт-Петербург,1
2023-09-18,Промостатья: Моя история 1 | Цена перехода | Ж25-54,Саратов,1
2023-09-18,Промостатья: Моя история 1 | Цена перехода | Ж25-54,Смоленск,1
2023-09-18,Промостатья: Моя история 1 | Цена перехода | Ж25-54,Уфа,1
2023-09-18,Промостатья: Моя история 1 | Цена перехода | Ж25-54,Челябинск,1
2023-09-18,Промостатья: Моя история 1 | Цена перехода | Ж25-54,Южно-Сахалинск,1
2023-09-19,Промостатья: Моя история 1 | Цена перехода | Ж25-54,Братск,1
2023-09-19,Промостатья: Моя история 1 | Цена перехода | Ж25-54,Иркутск,1
2023-09-19,Промостатья: Моя история 1 | Цена перехода | Ж25-54,Калининград,1
2023-09-19,Промостатья: Моя история 1 | Цена перехода | Ж25-54,Калуга,1
2023-09-19,Промостатья: Моя история 1 | Цена перехода | Ж25-54,Пенза,1
2023-09-19,Промостатья: Моя история 1 | Цена перехода | Ж25-54,Челябинск,1
2023-09-20,Промостатья: Моя история 1 | Цена перехода | Ж25-54,Екатеринбург,1
2023-09-20,Промостатья: Моя история 1 | Цена перехода | Ж25-54,Кореновск,1
2023-09-20,Промостатья: Моя история 1 | Цена перехода | Ж25-54,Краснодар,1
2023-09-20,Промостатья: Моя история 1 | Цена перехода | Ж25-54,Москва,1
2023-09-20,Промостатья: Моя история 1 | Цена перехода | Ж25-54,Нижний Новгород,1
2023-09-20,Промостатья: Моя история 1 | Цена перехода | Ж25-54,Петропавловск-Камчатский,1
2023-09-20,Промостатья: Моя история 1 | Цена перехода | Ж25-54,Тюмень,1
2023-09-20,Промостатья: Моя история 1 | Цена перехода | Ж25-54,Челябинск,1
2023-09-20,Промостатья: Моя история 1 | Цена перехода | Ж25-54,Юрга,1
2023-09-21,Промостатья: Моя история 1 | Цена перехода | Ж25-54,Горно-Алтайск,1
2023-09-21,Промостатья: Моя история 1 | Цена перехода | Ж25-54,Краснодар,1
2023-09-21,Промостатья: Моя история 1 | Цена перехода | Ж25-54,Новокузнецк,1
2023-09-22,Промостатья: Моя история 1 | Цена перехода | Ж25-54,Калуга,1
2023-09-22,Промостатья: Моя история 1 | Цена перехода | Ж25-54,Рязань,1
2023-09-22,Промостатья: Моя история 1 | Цена перехода | Ж25-54,Тамбов,1
2023-09-22,Промостатья: Моя история 1 | Цена перехода | Ж25-54,Якутск,1
2023-09-23,Промостатья: Моя история 1 | Цена перехода | Ж25-54,Не определено,1
2023-09-23,Промостатья: Моя история 1 | Цена перехода | Ж25-54,Новосибирск,1
2023-09-23,Промостатья: Моя история 1 | Цена перехода | Ж25-54,Пушкино,1
2023-09-23,Промостатья: Моя история 1 | Цена перехода | Ж25-54,Уфа,1
2023-09-24,Промостатья: Моя история 1 | Цена перехода | Ж25-54,Брянск,1
2023-09-24,Промостатья: Моя история 1 | Цена перехода | Ж25-54,Воронеж,1
2023-09-24,Промостатья: Моя история 1 | Цена перехода | Ж25-54,Минусинск,1
2023-09-24,Промостатья: Моя история 1 | Цена перехода | Ж25-54,Михайловка,1
2023-09-24,Промостатья: Моя история 1 | Цена перехода | Ж25-54,Нальчик,1
2023-09-24,Промостатья: Моя история 1 | Цена перехода | Ж25-54,Новосибирск,1
2023-09-24,Промостатья: Моя история 1 | Цена перехода | Ж25-54,Орёл,1
2023-09-24,Промостатья: Моя история 1 | Цена перехода | Ж25-54,Самара,1
2023-09-24,Промостатья: Моя история 1 | Цена перехода | Ж25-54,Ярославль,1
2023-09-25,Промостатья: Моя история 1 | Цена перехода | Ж25-54,Армавир,1
2023-09-25,Промостатья: Моя история 1 | Цена перехода | Ж25-54,Болхов,1
2023-09-25,Промостатья: Моя история 1 | Цена перехода | Ж25-54,Домодедово,1
2023-09-25,Промостатья: Моя история 1 | Цена перехода | Ж25-54,Екатеринбург,1
2023-09-25,Промостатья: Моя история 1 | Цена перехода | Ж25-54,Красноярск,1
2023-09-25,Промостатья: Моя история 1 | Цена перехода | Ж25-54,Люберцы,1
2023-09-25,Промостатья: Моя история 1 | Цена перехода | Ж25-54,Малоярославец,1
2023-09-25,Промостатья: Моя история 1 | Цена перехода | Ж25-54,Москва,1
2023-09-25,Промостатья: Моя история 1 | Цена перехода | Ж25-54,Нижний Новгород,1
2023-09-25,Промостатья: Моя история 1 | Цена перехода | Ж25-54,Подольск,1
2023-09-25,Промостатья: Моя история 1 | Цена перехода | Ж25-54,Семей,1
2023-09-25,Промостатья: Моя история 1 | Цена перехода | Ж25-54,Смоленск,1
2023-09-25,Промостатья: Моя история 1 | Цена перехода | Ж25-54,Хабаровск,1
2023-09-25,Промостатья: Моя история 1 | Цена перехода | Ж25-54,Челябинск,1
2023-09-26,Промостатья: Моя история 1 | Цена перехода | Ж25-54,Екатеринбург,1
2023-09-26,Промостатья: Моя история 1 | Цена перехода | Ж25-54,Санкт-Петербург,1
2023-09-26,Промостатья: Моя история 1 | Цена перехода | Ж25-54,Томск,1
2023-09-27,Промостатья: Моя история 1 | Цена перехода | Ж25-54,Ростов-на-Дону,1
2023-09-27,Промостатья: Моя история 1 | Цена перехода | Ж25-54,Уфа,1
2023-09-28,Промостатья: Моя история 1 | Цена перехода | Ж25-54,Ростов-на-Дону,1
2023-12-31,Промостатья: Моя история 2 | Цена перехода | 25-54,Не определено,9
2023-12-01,Промостатья: Моя история 1 | Цена перехода | Ж25-54,Не определено,8
2023-12-29,Промостатья: Моя история 2 | Цена перехода | 25-54,Не определено,7
2023-10-30,Промостатья: Моя история 1 | Цена перехода | Ж25-54,Не определено,6
2023-12-03,Промостатья: Моя история 1 | Цена перехода | Ж25-54,Не определено,6
2023-12-04,Промостатья: Моя история 1 | Цена перехода | Ж25-54,Не определено,6
2023-10-26,Промостатья: Моя история 1 | Цена перехода | Ж25-54,Не определено,5
2023-11-07,Промостатья: Моя история 1 | Цена перехода | Ж25-54,Не определено,5
2023-12-06,Промостатья: Моя история 1 | Цена перехода | Ж25-54,Нижний Новгород,5
2023-12-12,Промостатья: Моя история 1 | Цена перехода | Ж25-54,Не определено,5
2023-12-28,Промостатья: Моя история 2 | Цена перехода | 25-54,Не определено,5
2023-10-28,Промостатья: Моя история 1 | Цена перехода | Ж25-54,Не определено,4
2023-10-29,Промостатья: Моя история 1 | Цена перехода | Ж25-54,Не определено,4
2023-10-31,Промостатья: Моя история 1 | Цена перехода | Ж25-54,Москва,4
2023-11-07,Промостатья: Моя история 1 | Цена перехода | Ж25-54,Москва,4
2023-11-08,Промостатья: Моя история 1 | Цена перехода | Ж25-54,Санкт-Петербург,4
2023-12-02,Промостатья: Моя история 1 | Цена перехода | Ж25-54,Москва,4
2023-12-03,Промостатья: Моя история 1 | Цена перехода | Ж25-54,Санкт-Петербург,4
2023-12-05,Промостатья: Моя история 1 | Цена перехода | Ж25-54,Москва,4
2023-12-09,Промостатья: Моя история 1 | Цена перехода | Ж25-54,Не определено,4
2023-12-13,Промостатья: Моя история 1 | Цена перехода | Ж25-54,Не определено,4
2023-12-15,Промостатья: Моя история 1 | Цена перехода | Ж25-54,Не определено,4
2023-12-15,Промостатья: Моя история 1 | Цена перехода | Ж25-54,Москва,4
2023-12-17,Промостатья: Моя история 1 | Цена перехода | Ж25-54,Не определено,4
2023-12-19,Промостатья: Моя история 1 | Цена перехода | Ж25-54,Не определено,4
2023-12-20,Промостатья: Моя история 1 | Цена перехода | Ж25-54,Не определено,4
2023-10-26,Промостатья: Моя история 1 | Цена перехода | Ж25-54,Москва,3
2023-10-29,Промостатья: Моя история 1 | Цена перехода | Ж25-54,Санкт-Петербург,3
2023-11-08,Промостатья: Моя история 1 | Цена перехода | Ж25-54,Не определено,3
2023-11-08,Промостатья: Моя история 1 | Цена перехода | Ж25-54,Москва,3
2023-11-09,Промостатья: Моя история 1 | Цена перехода | Ж25-54,Не определено,3
2023-11-11,Промостатья: Моя история 1 | Цена перехода | Ж25-54,Москва,3
2023-11-14,Промостатья: Моя история 1 | Цена перехода | Ж25-54,Санкт-Петербург,3
2023-11-24,Промостатья: Моя история 1 | Цена перехода | Ж25-54,Челябинск,3
2023-11-28,Промостатья: Моя история 1 | Цена перехода | Ж25-54,Москва,3
2023-11-28,Промостатья: Моя история 1 | Цена перехода | Ж25-54,Санкт-Петербург,3
2023-11-29,Промостатья: Моя история 1 | Цена перехода | Ж25-54,Не определено,3
2023-12-01,Промостатья: Моя история 1 | Цена перехода | Ж25-54,Москва,3
2023-12-01,Промостатья: Моя история 1 | Цена перехода | Ж25-54,Чебоксары,3
2023-12-04,Промостатья: Моя история 1 | Цена перехода | Ж25-54,Нижний Новгород,3
2023-12-06,Промостатья: Моя история 1 | Цена перехода | Ж25-54,Не определено,3
2023-12-06,Промостатья: Моя история 1 | Цена перехода | Ж25-54,Санкт-Петербург,3
2023-12-07,Промостатья: Моя история 1 | Цена перехода | Ж25-54,Не определено,3
2023-12-11,Промостатья: Моя история 1 | Цена перехода | Ж25-54,Не определено,3
2023-12-11,Промостатья: Моя история 1 | Цена перехода | Ж25-54,Краснодар,3
2023-12-14,Промостатья: Моя история 1 | Цена перехода | Ж25-54,Не определено,3
2023-12-14,Промостатья: Моя история 1 | Цена перехода | Ж25-54,Москва,3
2023-12-16,Промостатья: Моя история 1 | Цена перехода | Ж25-54,Не определено,3
2023-12-16,Промостатья: Моя история 1 | Цена перехода | Ж25-54,Москва,3
2023-12-16,Промостатья: Моя история 1 | Цена перехода | Ж25-54,Новосибирск,3
2023-12-30,Промостатья: Моя история 2 | Цена перехода | 25-54,Не определено,3
2023-12-30,Промостатья: Моя история 2 | Цена перехода | 25-54,Симферополь,3
2023-12-31,Промостатья: Моя история 2 | Цена перехода | 25-54,Москва,3
2023-12-31,Промостатья: Моя история 2 | Цена перехода | 25-54,Санкт-Петербург,3
2023-10-25,Промостатья: Моя история 1 | Цена перехода | Ж25-54,Москва,2
2023-10-25,Промостатья: Моя история 1 | Цена перехода | Ж25-54,Саратов,2
2023-10-28,Промостатья: Моя история 1 | Цена перехода | Ж25-54,Санкт-Петербург,2
2023-10-29,Промостатья: Моя история 1 | Цена перехода | Ж25-54,Новосибирск,2
2023-10-30,Промостатья: Моя история 1 | Цена перехода | Ж25-54,Краснодар,2
2023-10-30,Промостатья: Моя история 1 | Цена перехода | Ж25-54,Москва,2
2023-10-30,Промостатья: Моя история 1 | Цена перехода | Ж25-54,Челябинск,2
2023-10-31,Промостатья: Моя история 1 | Цена перехода | Ж25-54,Не определено,2
2023-11-02,Промостатья: Моя история 1 | Цена перехода | Ж25-54,Кашира,2
2023-11-08,Промостатья: Моя история 1 | Цена перехода | Ж25-54,Краснодар,2
2023-11-08,Промостатья: Моя история 1 | Цена перехода | Ж25-54,Тула,2
2023-11-10,Промостатья: Моя история 1 | Цена перехода | Ж25-54,Не определено,2
2023-11-11,Промостатья: Моя история 1 | Цена перехода | Ж25-54,Новосибирск,2
2023-11-16,Промостатья: Моя история 1 | Цена перехода | Ж25-54,Не определено,2
2023-11-19,Промостатья: Моя история 1 | Цена перехода | Ж25-54,Не определено,2
2023-11-20,Промостатья: Моя история 1 | Цена перехода | Ж25-54,Не определено,2
2023-11-22,Промостатья: Моя история 1 | Цена перехода | Ж25-54,Не определено,2
2023-11-23,Промостатья: Моя история 1 | Цена перехода | Ж25-54,Не определено,2
2023-11-26,Промостатья: Моя история 1 | Цена перехода | Ж25-54,Не определено,2
2023-11-30,Промостатья: Моя история 1 | Цена перехода | Ж25-54,Не определено,2
2023-12-01,Промостатья: Моя история 1 | Цена перехода | Ж25-54,Новосибирск,2
2023-12-03,Промостатья: Моя история 1 | Цена перехода | Ж25-54,Калининград,2
2023-12-03,Промостатья: Моя история 1 | Цена перехода | Ж25-54,Москва,2
2023-12-04,Промостатья: Моя история 1 | Цена перехода | Ж25-54,Волгоград,2
2023-12-04,Промостатья: Моя история 1 | Цена перехода | Ж25-54,Москва,2
2023-12-05,Промостатья: Моя история 1 | Цена перехода | Ж25-54,Не определено,2
2023-12-05,Промостатья: Моя история 1 | Цена перехода | Ж25-54,Санкт-Петербург,2
2023-12-06,Промостатья: Моя история 1 | Цена перехода | Ж25-54,Екатеринбург,2
2023-12-07,Промостатья: Моя история 1 | Цена перехода | Ж25-54,Екатеринбург,2
2023-12-07,Промостатья: Моя история 1 | Цена перехода | Ж25-54,Нижний Новгород,2
2023-12-07,Промостатья: Моя история 1 | Цена перехода | Ж25-54,Санкт-Петербург,2
2023-12-08,Промостатья: Моя история 1 | Цена перехода | Ж25-54,Москва,2
2023-12-09,Промостатья: Моя история 1 | Цена перехода | Ж25-54,Казань,2
2023-12-10,Промостатья: Моя история 1 | Цена перехода | Ж25-54,Не определено,2
2023-12-10,Промостатья: Моя история 1 | Цена перехода | Ж25-54,Москва,2
2023-12-12,Промостатья: Моя история 1 | Цена перехода | Ж25-54,Москва,2
2023-12-12,Промостатья: Моя история 1 | Цена перехода | Ж25-54,Новосибирск,2
2023-12-13,Промостатья: Моя история 1 | Цена перехода | Ж25-54,Санкт-Петербург,2
2023-12-13,Промостатья: Моя история 1 | Цена перехода | Ж25-54,Уфа,2
2023-12-16,Промостатья: Моя история 1 | Цена перехода | Ж25-54,Воронеж,2
2023-12-18,Промостатья: Моя история 1 | Цена перехода | Ж25-54,Не определено,2
2023-12-18,Промостатья: Моя история 1 | Цена перехода | Ж25-54,Краснодар,2
2023-12-18,Промостатья: Моя история 1 | Цена перехода | Ж25-54,Красноярск,2
2023-12-18,Промостатья: Моя история 1 | Цена перехода | Ж25-54,Москва,2
2023-12-19,Промостатья: Моя история 1 | Цена перехода | Ж25-54,Новосибирск,2
2023-12-20,Промостатья: Моя история 1 | Цена перехода | Ж25-54,Москва,2
2023-12-22,Промостатья: Моя история 2 | Цена перехода | 25-54,Санкт-Петербург,2
2023-12-23,Промостатья: Моя история 2 | Цена перехода | 25-54,Саратов,2
2023-12-24,Промостатья: Моя история 2 | Цена перехода | 25-54,Не определено,2
2023-12-28,Промостатья: Моя история 2 | Цена перехода | 25-54,Новокуйбышевск,2
2023-12-29,Промостатья: Моя история 2 | Цена перехода | 25-54,Екатеринбург,2
2023-12-29,Промостатья: Моя история 2 | Цена перехода | 25-54,Москва,2
2023-12-30,Промостатья: Моя история 2 | Цена перехода | 25-54,Владимир,2
2023-12-30,Промостатья: Моя история 2 | Цена перехода | 25-54,Мурманск,2
2023-12-30,Промостатья: Моя история 2 | Цена перехода | 25-54,Санкт-Петербург,2
2023-12-30,Промостатья: Моя история 2 | Цена перехода | 25-54,Уфа,2
2023-12-31,Промостатья: Моя история 2 | Цена перехода | 25-54,Благовещенск,2
2023-12-31,Промостатья: Моя история 2 | Цена перехода | 25-54,Иваново,2
2023-10-25,Промостатья: Моя история 1 | Цена перехода | Ж25-54,Не определено,1
2023-10-25,Промостатья: Моя история 1 | Цена перехода | Ж25-54,Видное,1
2023-10-25,Промостатья: Моя история 1 | Цена перехода | Ж25-54,Волгоград,1
2023-10-25,Промостатья: Моя история 1 | Цена перехода | Ж25-54,Невинномысск,1
2023-10-25,Промостатья: Моя история 1 | Цена перехода | Ж25-54,Нижний Новгород,1
2023-10-25,Промостатья: Моя история 1 | Цена перехода | Ж25-54,Петропавловск-Камчатский,1
2023-10-25,Промостатья: Моя история 1 | Цена перехода | Ж25-54,Сочи,1
2023-10-26,Промостатья: Моя история 1 | Цена перехода | Ж25-54,Саратов,1
2023-10-27,Промостатья: Моя история 1 | Цена перехода | Ж25-54,Не определено,1
2023-10-27,Промостатья: Моя история 1 | Цена перехода | Ж25-54,Анапа,1
2023-10-27,Промостатья: Моя история 1 | Цена перехода | Ж25-54,Нижний Новгород,1
2023-10-27,Промостатья: Моя история 1 | Цена перехода | Ж25-54,Пятигорск,1
2023-10-27,Промостатья: Моя история 1 | Цена перехода | Ж25-54,Санкт-Петербург,1
2023-10-27,Промостатья: Моя история 1 | Цена перехода | Ж25-54,Уфа,1
2023-10-28,Промостатья: Моя история 1 | Цена перехода | Ж25-54,Благовещенск,1
2023-10-28,Промостатья: Моя история 1 | Цена перехода | Ж25-54,Ижевск,1
2023-10-28,Промостатья: Моя история 1 | Цена перехода | Ж25-54,Москва,1
2023-10-28,Промостатья: Моя история 1 | Цена перехода | Ж25-54,Петропавловск-Камчатский,1
2023-10-28,Промостатья: Моя история 1 | Цена перехода | Ж25-54,Тверь,1
2023-10-29,Промостатья: Моя история 1 | Цена перехода | Ж25-54,Владивосток,1
2023-10-29,Промостатья: Моя история 1 | Цена перехода | Ж25-54,Ставрополь,1
2023-10-29,Промостатья: Моя история 1 | Цена перехода | Ж25-54,Челябинск,1
2023-10-30,Промостатья: Моя история 1 | Цена перехода | Ж25-54,Белгород,1
2023-10-30,Промостатья: Моя история 1 | Цена перехода | Ж25-54,Благовещенск,1
2023-10-30,Промостатья: Моя история 1 | Цена перехода | Ж25-54,Казань,1
2023-10-30,Промостатья: Моя история 1 | Цена перехода | Ж25-54,Краснотурьинск,1
2023-10-30,Промостатья: Моя история 1 | Цена перехода | Ж25-54,Нижний Новгород,1
2023-10-30,Промостатья: Моя история 1 | Цена перехода | Ж25-54,Оренбург,1
2023-10-30,Промостатья: Моя история 1 | Цена перехода | Ж25-54,Ростов-на-Дону,1
2023-10-30,Промостатья: Моя история 1 | Цена перехода | Ж25-54,Санкт-Петербург,1
2023-10-31,Промостатья: Моя история 1 | Цена перехода | Ж25-54,Нижний Новгород,1
2023-10-31,Промостатья: Моя история 1 | Цена перехода | Ж25-54,Нижний Тагил,1
2023-10-31,Промостатья: Моя история 1 | Цена перехода | Ж25-54,Пенза,1
2023-10-31,Промостатья: Моя история 1 | Цена перехода | Ж25-54,Пермь,1
2023-10-31,Промостатья: Моя история 1 | Цена перехода | Ж25-54,Пятигорск,1
2023-10-31,Промостатья: Моя история 1 | Цена перехода | Ж25-54,Сургут,1
2023-10-31,Промостатья: Моя история 1 | Цена перехода | Ж25-54,Ульяновск,1
2023-11-01,Промостатья: Моя история 1 | Цена перехода | Ж25-54,Челябинск,1
2023-11-02,Промостатья: Моя история 1 | Цена перехода | Ж25-54,Не определено,1
2023-11-04,Промостатья: Моя история 1 | Цена перехода | Ж25-54,Не определено,1
2023-11-06,Промостатья: Моя история 1 | Цена перехода | Ж25-54,Ростов-на-Дону,1
2023-11-06,Промостатья: Моя история 1 | Цена перехода | Ж25-54,Уфа,1
2023-11-07,Промостатья: Моя история 1 | Цена перехода | Ж25-54,Брянск,1
2023-11-07,Промостатья: Моя история 1 | Цена перехода | Ж25-54,Владимир,1
2023-11-07,Промостатья: Моя история 1 | Цена перехода | Ж25-54,Волгоград,1
2023-11-07,Промостатья: Моя история 1 | Цена перехода | Ж25-54,Воронеж,1
2023-11-07,Промостатья: Моя история 1 | Цена перехода | Ж25-54,Ижевск,1
2023-11-07,Промостатья: Моя история 1 | Цена перехода | Ж25-54,Краснодар,1
2023-11-07,Промостатья: Моя история 1 | Цена перехода | Ж25-54,Новосибирск,1
2023-11-07,Промостатья: Моя история 1 | Цена перехода | Ж25-54,Омск,1
2023-11-08,Промостатья: Моя история 1 | Цена перехода | Ж25-54,Вологда,1
2023-11-08,Промостатья: Моя история 1 | Цена перехода | Ж25-54,Геленджик,1
2023-11-08,Промостатья: Моя история 1 | Цена перехода | Ж25-54,Екатеринбург,1
2023-11-08,Промостатья: Моя история 1 | Цена перехода | Ж25-54,Ижевск,1
2023-11-08,Промостатья: Моя история 1 | Цена перехода | Ж25-54,Новосибирск,1
2023-11-08,Промостатья: Моя история 1 | Цена перехода | Ж25-54,Рязань,1
2023-11-08,Промостатья: Моя история 1 | Цена перехода | Ж25-54,Самара,1
2023-11-08,Промостатья: Моя история 1 | Цена перехода | Ж25-54,Ставрополь,1
2023-11-08,Промостатья: Моя история 1 | Цена перехода | Ж25-54,Уфа,1
2023-11-09,Промостатья: Моя история 1 | Цена перехода | Ж25-54,Астрахань,1
2023-11-09,Промостатья: Моя история 1 | Цена перехода | Ж25-54,Великий Новгород,1
2023-11-09,Промостатья: Моя история 1 | Цена перехода | Ж25-54,Екатеринбург,1
2023-11-09,Промостатья: Моя история 1 | Цена перехода | Ж25-54,Ижевск,1
2023-11-09,Промостатья: Моя история 1 | Цена перехода | Ж25-54,Краснодар,1
2023-11-09,Промостатья: Моя история 1 | Цена перехода | Ж25-54,Курск,1
2023-11-09,Промостатья: Моя история 1 | Цена перехода | Ж25-54,Междуреченск,1
2023-11-09,Промостатья: Моя история 1 | Цена перехода | Ж25-54,Москва,1
2023-11-09,Промостатья: Моя история 1 | Цена перехода | Ж25-54,Нижний Новгород,1
2023-11-09,Промостатья: Моя история 1 | Цена перехода | Ж25-54,Рязань,1
2023-11-09,Промостатья: Моя история 1 | Цена перехода | Ж25-54,Самара,1
2023-11-09,Промостатья: Моя история 1 | Цена перехода | Ж25-54,Санкт-Петербург,1
2023-11-09,Промостатья: Моя история 1 | Цена перехода | Ж25-54,Саратов,1
2023-11-10,Промостатья: Моя история 1 | Цена перехода | Ж25-54,Белогорск,1
2023-11-10,Промостатья: Моя история 1 | Цена перехода | Ж25-54,Владивосток,1
2023-11-10,Промостатья: Моя история 1 | Цена перехода | Ж25-54,Рязань,1
2023-11-11,Промостатья: Моя история 1 | Цена перехода | Ж25-54,Не определено,1
2023-11-11,Промостатья: Моя история 1 | Цена перехода | Ж25-54,Иваново,1
2023-11-11,Промостатья: Моя история 1 | Цена перехода | Ж25-54,Тамбов,1
2023-11-12,Промостатья: Моя история 1 | Цена перехода | Ж25-54,Не определено,1
2023-11-12,Промостатья: Моя история 1 | Цена перехода | Ж25-54,Новосибирск,1
2023-11-12,Промостатья: Моя история 1 | Цена перехода | Ж25-54,Ростов-на-Дону,1
2023-11-12,Промостатья: Моя история 1 | Цена перехода | Ж25-54,Санкт-Петербург,1
2023-11-12,Промостатья: Моя история 1 | Цена перехода | Ж25-54,Южно-Сахалинск,1
2023-11-13,Промостатья: Моя история 1 | Цена перехода | Ж25-54,Не определено,1
2023-11-13,Промостатья: Моя история 1 | Цена перехода | Ж25-54,Казань,1
2023-11-13,Промостатья: Моя история 1 | Цена перехода | Ж25-54,Краснодар,1
2023-11-13,Промостатья: Моя история 1 | Цена перехода | Ж25-54,Москва,1
2023-11-13,Промостатья: Моя история 1 | Цена перехода | Ж25-54,Нальчик,1
2023-11-13,Промостатья: Моя история 1 | Цена перехода | Ж25-54,Пятигорск,1
2023-11-13,Промостатья: Моя история 1 | Цена перехода | Ж25-54,Санкт-Петербург,1
2023-11-14,Промостатья: Моя история 1 | Цена перехода | Ж25-54,Москва,1
2023-11-14,Промостатья: Моя история 1 | Цена перехода | Ж25-54,Самара,1
2023-11-16,Промостатья: Моя история 1 | Цена перехода | Ж25-54,Барнаул,1
2023-11-16,Промостатья: Моя история 1 | Цена перехода | Ж25-54,Новокузнецк,1
2023-11-17,Промостатья: Моя история 1 | Цена перехода | Ж25-54,Минск,1
2023-11-17,Промостатья: Моя история 1 | Цена перехода | Ж25-54,Хельсинки,1
2023-11-18,Промостатья: Моя история 1 | Цена перехода | Ж25-54,Не определено,1
2023-11-18,Промостатья: Моя история 1 | Цена перехода | Ж25-54,Москва,1
2023-11-19,Промостатья: Моя история 1 | Цена перехода | Ж25-54,Воронеж,1
2023-11-19,Промостатья: Моя история 1 | Цена перехода | Ж25-54,Нижний Новгород,1
2023-11-19,Промостатья: Моя история 1 | Цена перехода | Ж25-54,Новосибирск,1
2023-11-19,Промостатья: Моя история 1 | Цена перехода | Ж25-54,Орёл,1
2023-11-19,Промостатья: Моя история 1 | Цена перехода | Ж25-54,Ставрополь,1
2023-11-19,Промостатья: Моя история 1 | Цена перехода | Ж25-54,Таганрог,1
2023-11-20,Промостатья: Моя история 1 | Цена перехода | Ж25-54,Москва,1
2023-11-21,Промостатья: Моя история 1 | Цена перехода | Ж25-54,Не определено,1
2023-11-21,Промостатья: Моя история 1 | Цена перехода | Ж25-54,Москва,1
2023-11-22,Промостатья: Моя история 1 | Цена перехода | Ж25-54,Екатеринбург,1
2023-11-22,Промостатья: Моя история 1 | Цена перехода | Ж25-54,Пермь,1
2023-11-22,Промостатья: Моя история 1 | Цена перехода | Ж25-54,Смоленск,1
2023-11-22,Промостатья: Моя история 1 | Цена перехода | Ж25-54,Чебоксары,1
2023-11-22,Промостатья: Моя история 1 | Цена перехода | Ж25-54,Чита,1
2023-11-23,Промостатья: Моя история 1 | Цена перехода | Ж25-54,Екатеринбург,1
2023-11-23,Промостатья: Моя история 1 | Цена перехода | Ж25-54,Иркутск,1
2023-11-23,Промостатья: Моя история 1 | Цена перехода | Ж25-54,Москва,1
2023-11-23,Промостатья: Моя история 1 | Цена перехода | Ж25-54,Ставрополь,1
2023-11-23,Промостатья: Моя история 1 | Цена перехода | Ж25-54,Хабаровск,1
2023-11-23,Промостатья: Моя история 1 | Цена перехода | Ж25-54,Челябинск,1
2023-11-24,Промостатья: Моя история 1 | Цена перехода | Ж25-54,Не определено,1
2023-11-24,Промостатья: Моя история 1 | Цена перехода | Ж25-54,Казань,1
2023-11-24,Промостатья: Моя история 1 | Цена перехода | Ж25-54,Красноярск,1
2023-11-25,Промостатья: Моя история 1 | Цена перехода | Ж25-54,Владивосток,1
2023-11-25,Промостатья: Моя история 1 | Цена перехода | Ж25-54,Екатеринбург,1
2023-11-25,Промостатья: Моя история 1 | Цена перехода | Ж25-54,Москва,1
2023-11-25,Промостатья: Моя история 1 | Цена перехода | Ж25-54,Новосибирск,1
2023-11-26,Промостатья: Моя история 1 | Цена перехода | Ж25-54,Волгоград,1
2023-11-26,Промостатья: Моя история 1 | Цена перехода | Ж25-54,Санкт-Петербург,1
2023-11-26,Промостатья: Моя история 1 | Цена перехода | Ж25-54,Чебоксары,1
2023-11-27,Промостатья: Моя история 1 | Цена перехода | Ж25-54,Красноярск,1
2023-11-27,Промостатья: Моя история 1 | Цена перехода | Ж25-54,Омск,1
2023-11-27,Промостатья: Моя история 1 | Цена перехода | Ж25-54,Санкт-Петербург,1
2023-11-27,Промостатья: Моя история 1 | Цена перехода | Ж25-54,Ульяновск,1
2023-11-28,Промостатья: Моя история 1 | Цена перехода | Ж25-54,Не определено,1
2023-11-28,Промостатья: Моя история 1 | Цена перехода | Ж25-54,Екатеринбург,1
2023-11-28,Промостатья: Моя история 1 | Цена перехода | Ж25-54,Красноярск,1
2023-11-28,Промостатья: Моя история 1 | Цена перехода | Ж25-54,Нижний Новгород,1
2023-11-28,Промостатья: Моя история 1 | Цена перехода | Ж25-54,Новосибирск,1
2023-11-28,Промостатья: Моя история 1 | Цена перехода | Ж25-54,Пенза,1
2023-11-28,Промостатья: Моя история 1 | Цена перехода | Ж25-54,Якутск,1
2023-11-29,Промостатья: Моя история 1 | Цена перехода | Ж25-54,Губкин,1
2023-11-29,Промостатья: Моя история 1 | Цена перехода | Ж25-54,Калининград,1
2023-11-29,Промостатья: Моя история 1 | Цена перехода | Ж25-54,Москва,1
2023-11-29,Промостатья: Моя история 1 | Цена перехода | Ж25-54,Нижний Новгород,1
2023-11-30,Промостатья: Моя история 1 | Цена перехода | Ж25-54,Волгоград,1
2023-11-30,Промостатья: Моя история 1 | Цена перехода | Ж25-54,Москва,1
2023-11-30,Промостатья: Моя история 1 | Цена перехода | Ж25-54,Нижний Новгород,1
2023-11-30,Промостатья: Моя история 1 | Цена перехода | Ж25-54,Пенза,1
2023-11-30,Промостатья: Моя история 1 | Цена перехода | Ж25-54,Пятигорск,1
2023-11-30,Промостатья: Моя история 1 | Цена перехода | Ж25-54,Санкт-Петербург,1
2023-11-30,Промостатья: Моя история 1 | Цена перехода | Ж25-54,Чебоксары,1
2023-12-01,Промостатья: Моя история 1 | Цена перехода | Ж25-54,Екатеринбург,1
2023-12-01,Промостатья: Моя история 1 | Цена перехода | Ж25-54,Иркутск,1
2023-12-01,Промостатья: Моя история 1 | Цена перехода | Ж25-54,Казань,1
2023-12-01,Промостатья: Моя история 1 | Цена перехода | Ж25-54,Краснодар,1
2023-12-01,Промостатья: Моя история 1 | Цена перехода | Ж25-54,Самара,1
2023-12-01,Промостатья: Моя история 1 | Цена перехода | Ж25-54,Сургут,1
2023-12-01,Промостатья: Моя история 1 | Цена перехода | Ж25-54,Ульяновск,1
2023-12-01,Промостатья: Моя история 1 | Цена перехода | Ж25-54,Хабаровск,1
2023-12-02,Промостатья: Моя история 1 | Цена перехода | Ж25-54,Не определено,1
2023-12-02,Промостатья: Моя история 1 | Цена перехода | Ж25-54,Воронеж,1
2023-12-02,Промостатья: Моя история 1 | Цена перехода | Ж25-54,Домодедово,1
2023-12-02,Промостатья: Моя история 1 | Цена перехода | Ж25-54,Екатеринбург,1
2023-12-02,Промостатья: Моя история 1 | Цена перехода | Ж25-54,Калининград,1
2023-12-02,Промостатья: Моя история 1 | Цена перехода | Ж25-54,Курск,1
2023-12-02,Промостатья: Моя история 1 | Цена перехода | Ж25-54,Набережные Челны,1
2023-12-02,Промостатья: Моя история 1 | Цена перехода | Ж25-54,Оренбург,1
2023-12-03,Промостатья: Моя история 1 | Цена перехода | Ж25-54,Астрахань,1
2023-12-03,Промостатья: Моя история 1 | Цена перехода | Ж25-54,Волгоград,1
2023-12-03,Промостатья: Моя история 1 | Цена перехода | Ж25-54,Воронеж,1
2023-12-03,Промостатья: Моя история 1 | Цена перехода | Ж25-54,Казань,1
2023-12-03,Промостатья: Моя история 1 | Цена перехода | Ж25-54,Орёл,1
2023-12-03,Промостатья: Моя история 1 | Цена перехода | Ж25-54,Смоленск,1
2023-12-03,Промостатья: Моя история 1 | Цена перехода | Ж25-54,Череповец,1
2023-12-04,Промостатья: Моя история 1 | Цена перехода | Ж25-54,Воскресенск,1
2023-12-04,Промостатья: Моя история 1 | Цена перехода | Ж25-54,Елизово,1
2023-12-04,Промостатья: Моя история 1 | Цена перехода | Ж25-54,Краснодар,1
2023-12-04,Промостатья: Моя история 1 | Цена перехода | Ж25-54,Южно-Сахалинск,1
2023-12-04,Промостатья: Моя история 1 | Цена перехода | Ж25-54,Якутск,1
2023-12-05,Промостатья: Моя история 1 | Цена перехода | Ж25-54,Арзамас,1
2023-12-05,Промостатья: Моя история 1 | Цена перехода | Ж25-54,Домодедово,1
2023-12-05,Промостатья: Моя история 1 | Цена перехода | Ж25-54,Красноярск,1
2023-12-05,Промостатья: Моя история 1 | Цена перехода | Ж25-54,Майкоп,1
2023-12-05,Промостатья: Моя история 1 | Цена перехода | Ж25-54,Нижний Новгород,1
2023-12-05,Промостатья: Моя история 1 | Цена перехода | Ж25-54,Новосибирск,1
2023-12-05,Промостатья: Моя история 1 | Цена перехода | Ж25-54,Обнинск,1
2023-12-05,Промостатья: Моя история 1 | Цена перехода | Ж25-54,Пермь,1
2023-12-05,Промостатья: Моя история 1 | Цена перехода | Ж25-54,Чебоксары,1
2023-12-05,Промостатья: Моя история 1 | Цена перехода | Ж25-54,Челябинск,1
2023-12-06,Промостатья: Моя история 1 | Цена перехода | Ж25-54,Барнаул,1
2023-12-06,Промостатья: Моя история 1 | Цена перехода | Ж25-54,Воронеж,1
2023-12-06,Промостатья: Моя история 1 | Цена перехода | Ж25-54,Домодедово,1
2023-12-06,Промостатья: Моя история 1 | Цена перехода | Ж25-54,Казань,1
2023-12-06,Промостатья: Моя история 1 | Цена перехода | Ж25-54,Москва,1
2023-12-06,Промостатья: Моя история 1 | Цена перехода | Ж25-54,Новосибирск,1
2023-12-06,Промостатья: Моя история 1 | Цена перехода | Ж25-54,Пермь,1
2023-12-06,Промостатья: Моя история 1 | Цена перехода | Ж25-54,Химки,1
2023-12-07,Промостатья: Моя история 1 | Цена перехода | Ж25-54,Ижевск,1
2023-12-07,Промостатья: Моя история 1 | Цена перехода | Ж25-54,Иркутск,1
2023-12-07,Промостатья: Моя история 1 | Цена перехода | Ж25-54,Казань,1
2023-12-07,Промостатья: Моя история 1 | Цена перехода | Ж25-54,Миасс,1
2023-12-07,Промостатья: Моя история 1 | Цена перехода | Ж25-54,Самара,1
2023-12-07,Промостатья: Моя история 1 | Цена перехода | Ж25-54,Ставрополь,1
2023-12-07,Промостатья: Моя история 1 | Цена перехода | Ж25-54,Челябинск,1
2023-12-08,Промостатья: Моя история 1 | Цена перехода | Ж25-54,Екатеринбург,1
2023-12-08,Промостатья: Моя история 1 | Цена перехода | Ж25-54,Калининград,1
2023-12-08,Промостатья: Моя история 1 | Цена перехода | Ж25-54,Краснодар,1
2023-12-08,Промостатья: Моя история 1 | Цена перехода | Ж25-54,Новосибирск,1
2023-12-08,Промостатья: Моя история 1 | Цена перехода | Ж25-54,Самара,1
2023-12-08,Промостатья: Моя история 1 | Цена перехода | Ж25-54,Уссурийск,1
2023-12-09,Промостатья: Моя история 1 | Цена перехода | Ж25-54,Москва,1
2023-12-09,Промостатья: Моя история 1 | Цена перехода | Ж25-54,Хабаровск,1
2023-12-10,Промостатья: Моя история 1 | Цена перехода | Ж25-54,Барнаул,1
2023-12-10,Промостатья: Моя история 1 | Цена перехода | Ж25-54,Благовещенск,1
2023-12-10,Промостатья: Моя история 1 | Цена перехода | Ж25-54,Казань,1
2023-12-10,Промостатья: Моя история 1 | Цена перехода | Ж25-54,Нижний Новгород,1
2023-12-10,Промостатья: Моя история 1 | Цена перехода | Ж25-54,Пенза,1
2023-12-10,Промостатья: Моя история 1 | Цена перехода | Ж25-54,Рязань,1
2023-12-10,Промостатья: Моя история 1 | Цена перехода | Ж25-54,Самара,1
2023-12-10,Промостатья: Моя история 1 | Цена перехода | Ж25-54,Усть-Илимск,1
2023-12-10,Промостатья: Моя история 1 | Цена перехода | Ж25-54,Чита,1
2023-12-11,Промостатья: Моя история 1 | Цена перехода | Ж25-54,Барнаул,1
2023-12-11,Промостатья: Моя история 1 | Цена перехода | Ж25-54,Екатеринбург,1
2023-12-11,Промостатья: Моя история 1 | Цена перехода | Ж25-54,Магнитогорск,1
2023-12-11,Промостатья: Моя история 1 | Цена перехода | Ж25-54,Нижнекамск,1
2023-12-11,Промостатья: Моя история 1 | Цена перехода | Ж25-54,Пермь,1
2023-12-11,Промостатья: Моя история 1 | Цена перехода | Ж25-54,Ростов-на-Дону,1
2023-12-11,Промостатья: Моя история 1 | Цена перехода | Ж25-54,Санкт-Петербург,1
2023-12-11,Промостатья: Моя история 1 | Цена перехода | Ж25-54,Топки,1
2023-12-11,Промостатья: Моя история 1 | Цена перехода | Ж25-54,Туймазы,1
2023-12-11,Промостатья: Моя история 1 | Цена перехода | Ж25-54,Тюмень,1
2023-12-11,Промостатья: Моя история 1 | Цена перехода | Ж25-54,Усолье-Сибирское,1
2023-12-12,Промостатья: Моя история 1 | Цена перехода | Ж25-54,Казань,1
2023-12-12,Промостатья: Моя история 1 | Цена перехода | Ж25-54,Омск,1
2023-12-12,Промостатья: Моя история 1 | Цена перехода | Ж25-54,Саратов,1
2023-12-12,Промостатья: Моя история 1 | Цена перехода | Ж25-54,Сочи,1
2023-12-12,Промостатья: Моя история 1 | Цена перехода | Ж25-54,Тверь,1
2023-12-12,Промостатья: Моя история 1 | Цена перехода | Ж25-54,Челябинск,1
2023-12-13,Промостатья: Моя история 1 | Цена перехода | Ж25-54,Аксай,1
2023-12-13,Промостатья: Моя история 1 | Цена перехода | Ж25-54,Бийск,1
2023-12-13,Промостатья: Моя история 1 | Цена перехода | Ж25-54,Воронеж,1
2023-12-13,Промостатья: Моя история 1 | Цена перехода | Ж25-54,Домодедово,1
2023-12-13,Промостатья: Моя история 1 | Цена перехода | Ж25-54,Ижевск,1
2023-12-13,Промостатья: Моя история 1 | Цена перехода | Ж25-54,Красноярск,1
2023-12-13,Промостатья: Моя история 1 | Цена перехода | Ж25-54,Курск,1
2023-12-13,Промостатья: Моя история 1 | Цена перехода | Ж25-54,Москва,1
2023-12-13,Промостатья: Моя история 1 | Цена перехода | Ж25-54,Новороссийск,1
2023-12-14,Промостатья: Моя история 1 | Цена перехода | Ж25-54,Домодедово,1
2023-12-14,Промостатья: Моя история 1 | Цена перехода | Ж25-54,Йошкар-Ола,1
2023-12-14,Промостатья: Моя история 1 | Цена перехода | Ж25-54,Нижний Новгород,1
2023-12-14,Промостатья: Моя история 1 | Цена перехода | Ж25-54,Новосибирск,1
2023-12-14,Промостатья: Моя история 1 | Цена перехода | Ж25-54,Ростов-на-Дону,1
2023-12-15,Промостатья: Моя история 1 | Цена перехода | Ж25-54,Всеволожск,1
2023-12-15,Промостатья: Моя история 1 | Цена перехода | Ж25-54,Кемерово,1
2023-12-15,Промостатья: Моя история 1 | Цена перехода | Ж25-54,Нижний Новгород,1
2023-12-15,Промостатья: Моя история 1 | Цена перехода | Ж25-54,Омутнинск,1
2023-12-15,Промостатья: Моя история 1 | Цена перехода | Ж25-54,Ростов-на-Дону,1
2023-12-15,Промостатья: Моя история 1 | Цена перехода | Ж25-54,Санкт-Петербург,1
2023-12-15,Промостатья: Моя история 1 | Цена перехода | Ж25-54,Саратов,1
2023-12-15,Промостатья: Моя история 1 | Цена перехода | Ж25-54,Хофхайм-ам-Таунус,1
2023-12-16,Промостатья: Моя история 1 | Цена перехода | Ж25-54,Александров,1
2023-12-16,Промостатья: Моя история 1 | Цена перехода | Ж25-54,Архангельск,1
2023-12-16,Промостатья: Моя история 1 | Цена перехода | Ж25-54,Петрозаводск,1
2023-12-16,Промостатья: Моя история 1 | Цена перехода | Ж25-54,Самара,1
2023-12-16,Промостатья: Моя история 1 | Цена перехода | Ж25-54,Санкт-Петербург,1
2023-12-16,Промостатья: Моя история 1 | Цена перехода | Ж25-54,Томск,1
2023-12-16,Промостатья: Моя история 1 | Цена перехода | Ж25-54,Якутск,1
2023-12-16,Промостатья: Моя история 1 | Цена перехода | Ж25-54,Ярославль,1
2023-12-17,Промостатья: Моя история 1 | Цена перехода | Ж25-54,Владивосток,1
2023-12-17,Промостатья: Моя история 1 | Цена перехода | Ж25-54,Краснодар,1
2023-12-17,Промостатья: Моя история 1 | Цена перехода | Ж25-54,Москва,1
2023-12-17,Промостатья: Моя история 1 | Цена перехода | Ж25-54,Мурманск,1
2023-12-17,Промостатья: Моя история 1 | Цена перехода | Ж25-54,Санкт-Петербург,1
2023-12-18,Промостатья: Моя история 1 | Цена перехода | Ж25-54,Алапаевск,1
2023-12-18,Промостатья: Моя история 1 | Цена перехода | Ж25-54,Волгоград,1
2023-12-18,Промостатья: Моя история 1 | Цена перехода | Ж25-54,Геленджик,1
2023-12-18,Промостатья: Моя история 1 | Цена перехода | Ж25-54,Нижний Новгород,1
2023-12-18,Промостатья: Моя история 1 | Цена перехода | Ж25-54,Новосибирск,1
2023-12-18,Промостатья: Моя история 1 | Цена перехода | Ж25-54,Озёрск,1
2023-12-18,Промостатья: Моя история 1 | Цена перехода | Ж25-54,Самара,1
2023-12-18,Промостатья: Моя история 1 | Цена перехода | Ж25-54,Чита,1
2023-12-19,Промостатья: Моя история 1 | Цена перехода | Ж25-54,Астрахань,1
2023-12-19,Промостатья: Моя история 1 | Цена перехода | Ж25-54,Балаково,1
2023-12-19,Промостатья: Моя история 1 | Цена перехода | Ж25-54,Воронеж,1
2023-12-19,Промостатья: Моя история 1 | Цена перехода | Ж25-54,Краснодар,1
2023-12-19,Промостатья: Моя история 1 | Цена перехода | Ж25-54,Минеральные Воды,1
2023-12-19,Промостатья: Моя история 1 | Цена перехода | Ж25-54,Москва,1
2023-12-19,Промостатья: Моя история 1 | Цена перехода | Ж25-54,Нижний Новгород,1
2023-12-19,Промостатья: Моя история 1 | Цена перехода | Ж25-54,Новокузнецк,1
2023-12-19,Промостатья: Моя история 1 | Цена перехода | Ж25-54,Оренбург,1
2023-12-19,Промостатья: Моя история 1 | Цена перехода | Ж25-54,Санкт-Петербург,1
2023-12-20,Промостатья: Моя история 1 | Цена перехода | Ж25-54,Воронеж,1
2023-12-20,Промостатья: Моя история 1 | Цена перехода | Ж25-54,Екатеринбург,1
2023-12-20,Промостатья: Моя история 1 | Цена перехода | Ж25-54,Калининград,1
2023-12-20,Промостатья: Моя история 1 | Цена перехода | Ж25-54,Краснодар,1
2023-12-20,Промостатья: Моя история 1 | Цена перехода | Ж25-54,Новосибирск,1
2023-12-20,Промостатья: Моя история 1 | Цена перехода | Ж25-54,Омск,1
2023-12-20,Промостатья: Моя история 1 | Цена перехода | Ж25-54,Томск,1
2023-12-20,Промостатья: Моя история 1 | Цена перехода | Ж25-54,Тула,1
2023-12-21,Промостатья: Моя история 2 | Цена перехода | 25-54,Не определено,1
2023-12-22,Промостатья: Моя история 2 | Цена перехода | 25-54,Не определено,1
2023-12-22,Промостатья: Моя история 2 | Цена перехода | 25-54,Владимир,1
2023-12-22,Промостатья: Моя история 2 | Цена перехода | 25-54,Москва,1
2023-12-22,Промостатья: Моя история 2 | Цена перехода | 25-54,Челябинск,1
2023-12-23,Промостатья: Моя история 2 | Цена перехода | 25-54,Алупка,1
2023-12-23,Промостатья: Моя история 2 | Цена перехода | 25-54,Уфа,1
2023-12-24,Промостатья: Моя история 2 | Цена перехода | 25-54,Керчь,1
2023-12-24,Промостатья: Моя история 2 | Цена перехода | 25-54,Краснодар,1
2023-12-24,Промостатья: Моя история 2 | Цена перехода | 25-54,Петрозаводск,1
2023-12-26,Промостатья: Моя история 2 | Цена перехода | 25-54,Великий Новгород,1
2023-12-26,Промостатья: Моя история 2 | Цена перехода | 25-54,Нижний Новгород,1
2023-12-27,Промостатья: Моя история 2 | Цена перехода | 25-54,Не определено,1
2023-12-27,Промостатья: Моя история 2 | Цена перехода | 25-54,Нижний Новгород,1
2023-12-28,Промостатья: Моя история 2 | Цена перехода | 25-54,Белгород,1
2023-12-28,Промостатья: Моя история 2 | Цена перехода | 25-54,Пятигорск,1
2023-12-29,Промостатья: Моя история 2 | Цена перехода | 25-54,Благовещенск,1
2023-12-29,Промостатья: Моя история 2 | Цена перехода | 25-54,Калуга,1
2023-12-29,Промостатья: Моя история 2 | Цена перехода | 25-54,Киров,1
2023-12-29,Промостатья: Моя история 2 | Цена перехода | 25-54,Краснодар,1
2023-12-29,Промостатья: Моя история 2 | Цена перехода | 25-54,Мурино,1
2023-12-29,Промостатья: Моя история 2 | Цена перехода | 25-54,Новосибирск,1
2023-12-29,Промостатья: Моя история 2 | Цена перехода | 25-54,Ростов-на-Дону,1
2023-12-29,Промостатья: Моя история 2 | Цена перехода | 25-54,Санкт-Петербург,1
2023-12-29,Промостатья: Моя история 2 | Цена перехода | 25-54,Смоленск,1
2023-12-29,Промостатья: Моя история 2 | Цена перехода | 25-54,Ставрополь,1
2023-12-29,Промостатья: Моя история 2 | Цена перехода | 25-54,Томск,1
2023-12-29,Промостатья: Моя история 2 | Цена перехода | 25-54,Тула,1
2023-12-29,Промостатья: Моя история 2 | Цена перехода | 25-54,Хабаровск,1
2023-12-29,Промостатья: Моя история 2 | Цена перехода | 25-54,Челябинск,1
2023-12-30,Промостатья: Моя история 2 | Цена перехода | 25-54,Владивосток,1
2023-12-30,Промостатья: Моя история 2 | Цена перехода | 25-54,Воронеж,1
2023-12-30,Промостатья: Моя история 2 | Цена перехода | 25-54,Екатеринбург,1
2023-12-30,Промостатья: Моя история 2 | Цена перехода | 25-54,Курган,1
2023-12-30,Промостатья: Моя история 2 | Цена перехода | 25-54,Москва,1
2023-12-30,Промостатья: Моя история 2 | Цена перехода | 25-54,Нижний Новгород,1
2023-12-30,Промостатья: Моя история 2 | Цена перехода | 25-54,Новосибирск,1
2023-12-30,Промостатья: Моя история 2 | Цена перехода | 25-54,Самара,1
2023-12-30,Промостатья: Моя история 2 | Цена перехода | 25-54,Сочи,1
2023-12-30,Промостатья: Моя история 2 | Цена перехода | 25-54,Ставрополь,1
2023-12-30,Промостатья: Моя история 2 | Цена перехода | 25-54,Ухта,1
2023-12-31,Промостатья: Моя история 2 | Цена перехода | 25-54,Брест,1
2023-12-31,Промостатья: Моя история 2 | Цена перехода | 25-54,Калтан,1
2023-12-31,Промостатья: Моя история 2 | Цена перехода | 25-54,Пенза,1
2023-12-31,Промостатья: Моя история 2 | Цена перехода | 25-54,Рязань,1
2023-12-31,Промостатья: Моя история 2 | Цена перехода | 25-54,Туапсе,1
2023-12-31,Промостатья: Моя история 2 | Цена перехода | 25-54,Челябинск,1
2024-01-26,Промостатья: Моя история 1 | Цена перехода | Ж25-54,Не определено,12
2024-03-31,Промостатья: Моя история 1 | Цена перехода | Ж25-54,Не определено,12
2024-01-04,Промостатья: Моя история 2 | Цена перехода | 25-54,Не определено,10
2024-02-17,Промостатья: Моя история 1 | Цена перехода | Ж25-54,Не определено,9
2024-01-03,Промостатья: Моя история 2 | Цена перехода | 25-54,Не определено,8
2024-01-10,Промостатья: Моя история 2 | Цена перехода | 25-54,Не определено,8
2024-03-24,Промостатья: Моя история 1 | Цена перехода | Ж25-54,Не определено,8
2024-01-23,Промостатья: Моя история 1 | Цена перехода | Ж25-54,Не определено,7
2024-01-25,Промостатья: Моя история 1 | Цена перехода | Ж25-54,Не определено,7
2024-03-30,Промостатья: Моя история 1 | Цена перехода | Ж25-54,Не определено,7
2024-03-31,Промостатья: Моя история 1 | Цена перехода | Ж25-54,Москва,7
2024-01-05,Промостатья: Моя история 2 | Цена перехода | 25-54,Не определено,6
2024-01-05,Промостатья: Моя история 2 | Цена перехода | 25-54,Екатеринбург,6
2024-01-29,Промостатья: Моя история 1 | Цена перехода | Ж25-54,Москва,6
2024-01-31,Промостатья: Моя история 1 | Цена перехода | Ж25-54,Не определено,6
2024-02-28,Промостатья: Моя история 1 | Цена перехода | Ж25-54,Не определено,6
2024-03-12,Промостатья: Моя история 1 | Цена перехода | Ж25-54,Москва,6
2024-03-16,Промостатья: Моя история 1 | Цена перехода | Ж25-54,Не определено,6
2024-03-21,Промостатья: Моя история 1 | Цена перехода | Ж25-54,Не определено,6
2024-03-28,Промостатья: Моя история 1 | Цена перехода | Ж25-54,Не определено,6
2024-03-30,Промостатья: Моя история 1 | Цена перехода | Ж25-54,Москва,6
2024-01-12,Промостатья: Моя история 1 | Цена перехода | Ж25-54,Не определено,5
2024-01-14,Промостатья: Моя история 1 | Цена перехода | Ж25-54,Не определено,5
2024-01-15,Промостатья: Моя история 1 | Цена перехода | Ж25-54,Не определено,5
2024-02-01,Промостатья: Моя история 1 | Цена перехода | Ж25-54,Не определено,5
2024-02-19,Промостатья: Моя история 1 | Цена перехода | Ж25-54,Не определено,5
2024-02-19,Промостатья: Моя история 1 | Цена перехода | Ж25-54,Москва,5
2024-02-23,Промостатья: Моя история 1 | Цена перехода | Ж25-54,Не определено,5
2024-02-28,Промостатья: Моя история 1 | Цена перехода | Ж25-54,Липецк,5
2024-03-13,Промостатья: Моя история 1 | Цена перехода | Ж25-54,Не определено,5
2024-03-23,Промостатья: Моя история 1 | Цена перехода | Ж25-54,Не определено,5
2024-01-01,Промостатья: Моя история 2 | Цена перехода | 25-54,Не определено,4
2024-01-04,Промостатья: Моя история 2 | Цена перехода | 25-54,Нижний Новгород,4
2024-01-10,Промостатья: Моя история 2 | Цена перехода | 25-54,Санкт-Петербург,4
2024-01-10,Промостатья: Моя история 2 | Цена перехода | 25-54,Челябинск,4
2024-01-11,Промостатья: Моя история 2 | Цена перехода | 25-54,Не определено,4
2024-01-17,Промостатья: Моя история 1 | Цена перехода | Ж25-54,Не определено,4
2024-01-19,Промостатья: Моя история 1 | Цена перехода | Ж25-54,Не определено,4
2024-01-24,Промостатья: Моя история 1 | Цена перехода | Ж25-54,Не определено,4
2024-01-24,Промостатья: Моя история 1 | Цена перехода | Ж25-54,Москва,4
2024-01-26,Промостатья: Моя история 1 | Цена перехода | Ж25-54,Москва,4
2024-02-15,Промостатья: Моя история 1 | Цена перехода | Ж25-54,Москва,4
2024-02-20,Промостатья: Моя история 1 | Цена перехода | Ж25-54,Не определено,4
2024-02-27,Промостатья: Моя история 1 | Цена перехода | Ж25-54,Москва,4
2024-02-29,Промостатья: Моя история 1 | Цена перехода | Ж25-54,Не определено,4
2024-02-29,Промостатья: Моя история 1 | Цена перехода | Ж25-54,Екатеринбург,4
2024-03-12,Промостатья: Моя история 1 | Цена перехода | Ж25-54,Не определено,4
2024-03-13,Промостатья: Моя история 1 | Цена перехода | Ж25-54,Москва,4
2024-03-14,Промостатья: Моя история 1 | Цена перехода | Ж25-54,Не определено,4
2024-03-17,Промостатья: Моя история 1 | Цена перехода | Ж25-54,Не определено,4
2024-03-19,Промостатья: Моя история 1 | Цена перехода | Ж25-54,Не определено,4
2024-03-21,Промостатья: Моя история 1 | Цена перехода | Ж25-54,Москва,4
2024-03-22,Промостатья: Моя история 1 | Цена перехода | Ж25-54,Москва,4
2024-03-29,Промостатья: Моя история 1 | Цена перехода | Ж25-54,Не определено,4
2024-01-01,Промостатья: Моя история 2 | Цена перехода | 25-54,Москва,3
2024-01-01,Промостатья: Моя история 2 | Цена перехода | 25-54,Пермь,3
2024-01-02,Промостатья: Моя история 2 | Цена перехода | 25-54,Краснодар,3
2024-01-16,Промостатья: Моя история 1 | Цена перехода | Ж25-54,Не определено,3
2024-01-16,Промостатья: Моя история 2 | Цена перехода | 25-54,Не определено,3
2024-01-16,Промостатья: Моя история 2 | Цена перехода | 25-54,Москва,3
2024-01-17,Промостатья: Моя история 2 | Цена перехода | 25-54,Не определено,3
2024-01-18,Промостатья: Моя история 1 | Цена перехода | Ж25-54,Не определено,3
2024-01-20,Промостатья: Моя история 1 | Цена перехода | Ж25-54,Не определено,3
2024-01-22,Промостатья: Моя история 1 | Цена перехода | Ж25-54,Не определено,3
2024-01-25,Промостатья: Моя история 1 | Цена перехода | Ж25-54,Москва,3
2024-01-25,Промостатья: Моя история 1 | Цена перехода | Ж25-54,Санкт-Петербург,3
2024-01-29,Промостатья: Моя история 1 | Цена перехода | Ж25-54,Не определено,3
2024-02-01,Промостатья: Моя история 1 | Цена перехода | Ж25-54,Москва,3
2024-02-15,Промостатья: Моя история 1 | Цена перехода | Ж25-54,Не определено,3
2024-02-16,Промостатья: Моя история 1 | Цена перехода | Ж25-54,Красноярск,3
2024-02-18,Промостатья: Моя история 1 | Цена перехода | Ж25-54,Не определено,3
2024-02-20,Промостатья: Моя история 1 | Цена перехода | Ж25-54,Москва,3
2024-02-21,Промостатья: Моя история 1 | Цена перехода | Ж25-54,Не определено,3
2024-02-23,Промостатья: Моя история 1 | Цена перехода | Ж25-54,Москва,3
2024-02-26,Промостатья: Моя история 1 | Цена перехода | Ж25-54,Не определено,3
2024-02-26,Промостатья: Моя история 1 | Цена перехода | Ж25-54,Москва,3
2024-03-15,Промостатья: Моя история 1 | Цена перехода | Ж25-54,Не определено,3
2024-03-18,Промостатья: Моя история 1 | Цена перехода | Ж25-54,Москва,3
2024-03-19,Промостатья: Моя история 1 | Цена перехода | Ж25-54,Москва,3
2024-03-20,Промостатья: Моя история 1 | Цена перехода | Ж25-54,Не определено,3
2024-01-02,Промостатья: Моя история 2 | Цена перехода | 25-54,Москва,2
2024-01-02,Промостатья: Моя история 2 | Цена перехода | 25-54,Санкт-Петербург,2
2024-01-02,Промостатья: Моя история 2 | Цена перехода | 25-54,Саратов,2
2024-01-03,Промостатья: Моя история 2 | Цена перехода | 25-54,Санкт-Петербург,2
2024-01-04,Промостатья: Моя история 2 | Цена перехода | 25-54,Орёл,2
2024-01-04,Промостатья: Моя история 2 | Цена перехода | 25-54,Ростов-на-Дону,2
2024-01-04,Промостатья: Моя история 2 | Цена перехода | 25-54,Челябинск,2
2024-01-09,Промостатья: Моя история 2 | Цена перехода | 25-54,Не определено,2
2024-01-11,Промостатья: Моя история 2 | Цена перехода | 25-54,Екатеринбург,2
2024-01-11,Промостатья: Моя история 2 | Цена перехода | 25-54,Казань,2
2024-01-11,Промостатья: Моя история 2 | Цена перехода | 25-54,Санкт-Петербург,2
2024-01-13,Промостатья: Моя история 1 | Цена перехода | Ж25-54,Не определено,2
2024-01-14,Промостатья: Моя история 1 | Цена перехода | Ж25-54,Саратов,2
2024-01-15,Промостатья: Моя история 1 | Цена перехода | Ж25-54,Ростов-на-Дону,2
2024-01-15,Промостатья: Моя история 1 | Цена перехода | Ж25-54,Самара,2
2024-01-16,Промостатья: Моя история 1 | Цена перехода | Ж25-54,Пенза,2
2024-01-16,Промостатья: Моя история 1 | Цена перехода | Ж25-54,Ростов-на-Дону,2
2024-01-16,Промостатья: Моя история 2 | Цена перехода | 25-54,Самара,2
2024-01-17,Промостатья: Моя история 1 | Цена перехода | Ж25-54,Екатеринбург,2
2024-01-17,Промостатья: Моя история 2 | Цена перехода | 25-54,Нижний Новгород,2
2024-01-17,Промостатья: Моя история 2 | Цена перехода | 25-54,Уфа,2
2024-01-18,Промостатья: Моя история 1 | Цена перехода | Ж25-54,Санкт-Петербург,2
2024-01-19,Промостатья: Моя история 1 | Цена перехода | Ж25-54,Москва,2
2024-01-19,Промостатья: Моя история 1 | Цена перехода | Ж25-54,Санкт-Петербург,2
2024-01-20,Промостатья: Моя история 1 | Цена перехода | Ж25-54,Москва,2
2024-01-21,Промостатья: Моя история 1 | Цена перехода | Ж25-54,Астрахань,2
2024-01-22,Промостатья: Моя история 1 | Цена перехода | Ж25-54,Азов,2
2024-01-22,Промостатья: Моя история 1 | Цена перехода | Ж25-54,Москва,2
2024-01-22,Промостатья: Моя история 1 | Цена перехода | Ж25-54,Нижний Новгород,2
2024-01-23,Промостатья: Моя история 1 | Цена перехода | Ж25-54,Санкт-Петербург,2
2024-01-26,Промостатья: Моя история 1 | Цена перехода | Ж25-54,Черепаново,2
2024-01-30,Промостатья: Моя история 1 | Цена перехода | Ж25-54,Барнаул,2
2024-01-30,Промостатья: Моя история 1 | Цена перехода | Ж25-54,Москва,2
2024-01-30,Промостатья: Моя история 1 | Цена перехода | Ж25-54,Прокопьевск,2
2024-01-30,Промостатья: Моя история 1 | Цена перехода | Ж25-54,Черепаново,2
2024-01-30,Промостатья: Моя история 1 | Цена перехода | Ж25-54,Якутск,2
2024-01-31,Промостатья: Моя история 1 | Цена перехода | Ж25-54,Москва,2
2024-02-01,Промостатья: Моя история 1 | Цена перехода | Ж25-54,Черепаново,2
2024-02-14,Промостатья: Моя история 1 | Цена перехода | Ж25-54,Черепаново,2
2024-02-15,Промостатья: Моя история 1 | Цена перехода | Ж25-54,Вологда,2
2024-02-17,Промостатья: Моя история 1 | Цена перехода | Ж25-54,Санкт-Петербург,2
2024-02-17,Промостатья: Моя история 1 | Цена перехода | Ж25-54,Чита,2
2024-02-18,Промостатья: Моя история 1 | Цена перехода | Ж25-54,Москва,2
2024-02-18,Промостатья: Моя история 1 | Цена перехода | Ж25-54,Уфа,2
2024-02-19,Промостатья: Моя история 1 | Цена перехода | Ж25-54,Екатеринбург,2
2024-02-20,Промостатья: Моя история 1 | Цена перехода | Ж25-54,Самара,2
2024-02-20,Промостатья: Моя история 1 | Цена перехода | Ж25-54,Санкт-Петербург,2
2024-02-21,Промостатья: Моя история 1 | Цена перехода | Ж25-54,Ставрополь,2
2024-02-21,Промостатья: Моя история 1 | Цена перехода | Ж25-54,Челябинск,2
2024-02-22,Промостатья: Моя история 1 | Цена перехода | Ж25-54,Не определено,2
2024-02-22,Промостатья: Моя история 1 | Цена перехода | Ж25-54,Екатеринбург,2
2024-02-22,Промостатья: Моя история 1 | Цена перехода | Ж25-54,Санкт-Петербург,2
2024-02-24,Промостатья: Моя история 1 | Цена перехода | Ж25-54,Не определено,2
2024-02-26,Промостатья: Моя история 1 | Цена перехода | Ж25-54,Санкт-Петербург,2
2024-02-27,Промостатья: Моя история 1 | Цена перехода | Ж25-54,Санкт-Петербург,2
2024-02-28,Промостатья: Моя история 1 | Цена перехода | Ж25-54,Санкт-Петербург,2
2024-02-29,Промостатья: Моя история 1 | Цена перехода | Ж25-54,Домодедово,2
2024-02-29,Промостатья: Моя история 1 | Цена перехода | Ж25-54,Краснодар,2
2024-02-29,Промостатья: Моя история 1 | Цена перехода | Ж25-54,Москва,2
2024-02-29,Промостатья: Моя история 1 | Цена перехода | Ж25-54,Тюмень,2
2024-03-11,Промостатья: Моя история 1 | Цена перехода | Ж25-54,Не определено,2
2024-03-11,Промостатья: Моя история 1 | Цена перехода | Ж25-54,Москва,2
2024-03-12,Промостатья: Моя история 1 | Цена перехода | Ж25-54,Брянск,2
2024-03-12,Промостатья: Моя история 1 | Цена перехода | Ж25-54,Красноярск,2
2024-03-13,Промостатья: Моя история 1 | Цена перехода | Ж25-54,Новосибирск,2
2024-03-14,Промостатья: Моя история 1 | Цена перехода | Ж25-54,Уфа,2
2024-03-15,Промостатья: Моя история 1 | Цена перехода | Ж25-54,Москва,2
2024-03-15,Промостатья: Моя история 1 | Цена перехода | Ж25-54,Нижний Новгород,2
2024-03-15,Промостатья: Моя история 1 | Цена перехода | Ж25-54,Санкт-Петербург,2
2024-03-15,Промостатья: Моя история 1 | Цена перехода | Ж25-54,Якутск,2
2024-03-16,Промостатья: Моя история 1 | Цена перехода | Ж25-54,Волгоград,2
2024-03-16,Промостатья: Моя история 1 | Цена перехода | Ж25-54,Иркутск,2
2024-03-16,Промостатья: Моя история 1 | Цена перехода | Ж25-54,Санкт-Петербург,2
2024-03-18,Промостатья: Моя история 1 | Цена перехода | Ж25-54,Не определено,2
2024-03-18,Промостатья: Моя история 1 | Цена перехода | Ж25-54,Санкт-Петербург,2
2024-03-19,Промостатья: Моя история 1 | Цена перехода | Ж25-54,Екатеринбург,2
2024-03-19,Промостатья: Моя история 1 | Цена перехода | Ж25-54,Ижевск,2
2024-03-20,Промостатья: Моя история 1 | Цена перехода | Ж25-54,Краснодар,2
2024-03-20,Промостатья: Моя история 1 | Цена перехода | Ж25-54,Москва,2
2024-03-22,Промостатья: Моя история 1 | Цена перехода | Ж25-54,Волгоград,2
2024-03-22,Промостатья: Моя история 1 | Цена перехода | Ж25-54,Санкт-Петербург,2
2024-03-23,Промостатья: Моя история 1 | Цена перехода | Ж25-54,Екатеринбург,2
2024-03-23,Промостатья: Моя история 1 | Цена перехода | Ж25-54,Нижний Новгород,2
2024-03-23,Промостатья: Моя история 1 | Цена перехода | Ж25-54,Новосибирск,2
2024-03-25,Промостатья: Моя история 1 | Цена перехода | Ж25-54,Не определено,2
2024-03-27,Промостатья: Моя история 1 | Цена перехода | Ж25-54,Не определено,2
2024-03-28,Промостатья: Моя история 1 | Цена перехода | Ж25-54,Москва,2
2024-03-29,Промостатья: Моя история 1 | Цена перехода | Ж25-54,Санкт-Петербург,2
2024-03-31,Промостатья: Моя история 1 | Цена перехода | Ж25-54,Краснодар,2
2024-03-31,Промостатья: Моя история 1 | Цена перехода | Ж25-54,Санкт-Петербург,2
2024-01-01,Промостатья: Моя история 2 | Цена перехода | 25-54,Барнаул,1
2024-01-01,Промостатья: Моя история 2 | Цена перехода | 25-54,Воронеж,1
2024-01-01,Промостатья: Моя история 2 | Цена перехода | 25-54,Майкоп,1
2024-01-01,Промостатья: Моя история 2 | Цена перехода | 25-54,Махачкала,1
2024-01-01,Промостатья: Моя история 2 | Цена перехода | 25-54,Оренбург,1
2024-01-01,Промостатья: Моя история 2 | Цена перехода | 25-54,Ростов-на-Дону,1
2024-01-01,Промостатья: Моя история 2 | Цена перехода | 25-54,Самара,1
2024-01-01,Промостатья: Моя история 2 | Цена перехода | 25-54,Санкт-Петербург,1
2024-01-01,Промостатья: Моя история 2 | Цена перехода | 25-54,Ставрополь,1
2024-01-01,Промостатья: Моя история 2 | Цена перехода | 25-54,Челябинск,1
2024-01-02,Промостатья: Моя история 2 | Цена перехода | 25-54,Не определено,1
2024-01-02,Промостатья: Моя история 2 | Цена перехода | 25-54,Белово,1
2024-01-02,Промостатья: Моя история 2 | Цена перехода | 25-54,Боровичи,1
2024-01-02,Промостатья: Моя история 2 | Цена перехода | 25-54,Воронеж,1
2024-01-02,Промостатья: Моя история 2 | Цена перехода | 25-54,Киров,1
2024-01-02,Промостатья: Моя история 2 | Цена перехода | 25-54,Ставрополь,1
2024-01-02,Промостатья: Моя история 2 | Цена перехода | 25-54,Элиста,1
2024-01-02,Промостатья: Моя история 2 | Цена перехода | 25-54,Ярославль,1
2024-01-03,Промостатья: Моя история 2 | Цена перехода | 25-54,Апшеронск,1
2024-01-03,Промостатья: Моя история 2 | Цена перехода | 25-54,Домодедово,1
2024-01-03,Промостатья: Моя история 2 | Цена перехода | 25-54,Иркутск,1
2024-01-03,Промостатья: Моя история 2 | Цена перехода | 25-54,Краснодар,1
2024-01-03,Промостатья: Моя история 2 | Цена перехода | 25-54,Липецк,1
2024-01-03,Промостатья: Моя история 2 | Цена перехода | 25-54,Москва,1
2024-01-03,Промостатья: Моя история 2 | Цена перехода | 25-54,Новокузнецк,1
2024-01-03,Промостатья: Моя история 2 | Цена перехода | 25-54,Пермь,1
2024-01-03,Промостатья: Моя история 2 | Цена перехода | 25-54,Ростов-на-Дону,1
2024-01-03,Промостатья: Моя история 2 | Цена перехода | 25-54,Смоленск,1
2024-01-03,Промостатья: Моя история 2 | Цена перехода | 25-54,Ставрополь,1
2024-01-03,Промостатья: Моя история 2 | Цена перехода | 25-54,Стерлитамак,1
2024-01-03,Промостатья: Моя история 2 | Цена перехода | 25-54,Тольятти,1
2024-01-03,Промостатья: Моя история 2 | Цена перехода | 25-54,Тула,1
2024-01-03,Промостатья: Моя история 2 | Цена перехода | 25-54,Челябинск,1
2024-01-03,Промостатья: Моя история 2 | Цена перехода | 25-54,Ярославль,1
2024-01-04,Промостатья: Моя история 2 | Цена перехода | 25-54,Благовещенск,1
2024-01-04,Промостатья: Моя история 2 | Цена перехода | 25-54,Владикавказ,1
2024-01-04,Промостатья: Моя история 2 | Цена перехода | 25-54,Волгоград,1
2024-01-04,Промостатья: Моя история 2 | Цена перехода | 25-54,Железногорск,1
2024-01-04,Промостатья: Моя история 2 | Цена перехода | 25-54,Иркутск,1
2024-01-04,Промостатья: Моя история 2 | Цена перехода | 25-54,Коломна,1
2024-01-04,Промостатья: Моя история 2 | Цена перехода | 25-54,Краснодар,1
2024-01-04,Промостатья: Моя история 2 | Цена перехода | 25-54,Курган,1
2024-01-04,Промостатья: Моя история 2 | Цена перехода | 25-54,Новосибирск,1
2024-01-04,Промостатья: Моя история 2 | Цена перехода | 25-54,Пенза,1
2024-01-04,Промостатья: Моя история 2 | Цена перехода | 25-54,Севастополь,1
2024-01-04,Промостатья: Моя история 2 | Цена перехода | 25-54,Тольятти,1
2024-01-04,Промостатья: Моя история 2 | Цена перехода | 25-54,Чехов,1
2024-01-04,Промостатья: Моя история 2 | Цена перехода | 25-54,Якутск,1
2024-01-05,Промостатья: Моя история 2 | Цена перехода | 25-54,Барнаул,1
2024-01-05,Промостатья: Моя история 2 | Цена перехода | 25-54,Калуга,1
2024-01-05,Промостатья: Моя история 2 | Цена перехода | 25-54,Краснодар,1
2024-01-05,Промостатья: Моя история 2 | Цена перехода | 25-54,Москва,1
2024-01-05,Промостатья: Моя история 2 | Цена перехода | 25-54,Новокузнецк,1
2024-01-05,Промостатья: Моя история 2 | Цена перехода | 25-54,Саратов,1
2024-01-05,Промостатья: Моя история 2 | Цена перехода | 25-54,Уфа,1
2024-01-06,Промостатья: Моя история 2 | Цена перехода | 25-54,Благовещенск,1
2024-01-06,Промостатья: Моя история 2 | Цена перехода | 25-54,Екатеринбург,1
2024-01-09,Промостатья: Моя история 2 | Цена перехода | 25-54,Киров,1
2024-01-09,Промостатья: Моя история 2 | Цена перехода | 25-54,Пенза,1
2024-01-09,Промостатья: Моя история 2 | Цена перехода | 25-54,Санкт-Петербург,1
2024-01-09,Промостатья: Моя история 2 | Цена перехода | 25-54,Чита,1
2024-01-10,Промостатья: Моя история 2 | Цена перехода | 25-54,Астрахань,1
2024-01-10,Промостатья: Моя история 2 | Цена перехода | 25-54,Ижевск,1
2024-01-10,Промостатья: Моя история 2 | Цена перехода | 25-54,Иркутск,1
2024-01-10,Промостатья: Моя история 2 | Цена перехода | 25-54,Красноярск,1
2024-01-10,Промостатья: Моя история 2 | Цена перехода | 25-54,Кызыл,1
2024-01-10,Промостатья: Моя история 2 | Цена перехода | 25-54,Молодечно,1
2024-01-10,Промостатья: Моя история 2 | Цена перехода | 25-54,Москва,1
2024-01-10,Промостатья: Моя история 2 | Цена перехода | 25-54,Мурманск,1
2024-01-10,Промостатья: Моя история 2 | Цена перехода | 25-54,Нижний Новгород,1
2024-01-10,Промостатья: Моя история 2 | Цена перехода | 25-54,Омск,1
2024-01-10,Промостатья: Моя история 2 | Цена перехода | 25-54,Орёл,1
2024-01-10,Промостатья: Моя история 2 | Цена перехода | 25-54,Самара,1
2024-01-10,Промостатья: Моя история 2 | Цена перехода | 25-54,Симферополь,1
2024-01-10,Промостатья: Моя история 2 | Цена перехода | 25-54,Ставрополь,1
2024-01-10,Промостатья: Моя история 2 | Цена перехода | 25-54,Тверь,1
2024-01-10,Промостатья: Моя история 2 | Цена перехода | 25-54,Уфа,1
2024-01-11,Промостатья: Моя история 2 | Цена перехода | 25-54,Абакан,1
2024-01-11,Промостатья: Моя история 2 | Цена перехода | 25-54,Биробиджан,1
2024-01-11,Промостатья: Моя история 2 | Цена перехода | 25-54,Липецк,1
2024-01-11,Промостатья: Моя история 2 | Цена перехода | 25-54,Москва,1
2024-01-11,Промостатья: Моя история 2 | Цена перехода | 25-54,Омск,1
2024-01-11,Промостатья: Моя история 2 | Цена перехода | 25-54,Самара,1
2024-01-11,Промостатья: Моя история 2 | Цена перехода | 25-54,Старый Оскол,1
2024-01-11,Промостатья: Моя история 2 | Цена перехода | 25-54,Уфа,1
2024-01-11,Промостатья: Моя история 2 | Цена перехода | 25-54,Черепаново,1
2024-01-11,Промостатья: Моя история 2 | Цена перехода | 25-54,Южно-Сахалинск,1
2024-01-12,Промостатья: Моя история 1 | Цена перехода | Ж25-54,Улан-Удэ,1
2024-01-12,Промостатья: Моя история 1 | Цена перехода | Ж25-54,Чита,1
2024-01-12,Промостатья: Моя история 2 | Цена перехода | 25-54,Не определено,1
2024-01-12,Промостатья: Моя история 2 | Цена перехода | 25-54,Уфа,1
2024-01-13,Промостатья: Моя история 1 | Цена перехода | Ж25-54,Донской,1
2024-01-13,Промостатья: Моя история 1 | Цена перехода | Ж25-54,Курск,1
2024-01-13,Промостатья: Моя история 1 | Цена перехода | Ж25-54,Москва,1
2024-01-13,Промостатья: Моя история 1 | Цена перехода | Ж25-54,Находка,1
2024-01-13,Промостатья: Моя история 1 | Цена перехода | Ж25-54,Раменское,1
2024-01-13,Промостатья: Моя история 1 | Цена перехода | Ж25-54,Ростов-на-Дону,1
2024-01-14,Промостатья: Моя история 1 | Цена перехода | Ж25-54,Астрахань,1
2024-01-14,Промостатья: Моя история 1 | Цена перехода | Ж25-54,Москва,1
2024-01-14,Промостатья: Моя история 1 | Цена перехода | Ж25-54,Омск,1
2024-01-14,Промостатья: Моя история 1 | Цена перехода | Ж25-54,Пенза,1
2024-01-14,Промостатья: Моя история 1 | Цена перехода | Ж25-54,Санкт-Петербург,1
2024-01-15,Промостатья: Моя история 1 | Цена перехода | Ж25-54,Волгоград,1
2024-01-15,Промостатья: Моя история 1 | Цена перехода | Ж25-54,Москва,1
2024-01-15,Промостатья: Моя история 1 | Цена перехода | Ж25-54,Санкт-Петербург,1
2024-01-16,Промостатья: Моя история 1 | Цена перехода | Ж25-54,Иркутск,1
2024-01-16,Промостатья: Моя история 1 | Цена перехода | Ж25-54,Магадан,1
2024-01-16,Промостатья: Моя история 1 | Цена перехода | Ж25-54,Москва,1
2024-01-16,Промостатья: Моя история 1 | Цена перехода | Ж25-54,Мурманск,1
2024-01-16,Промостатья: Моя история 1 | Цена перехода | Ж25-54,Новороссийск,1
2024-01-16,Промостатья: Моя история 1 | Цена перехода | Ж25-54,Новосибирск,1
2024-01-16,Промостатья: Моя история 1 | Цена перехода | Ж25-54,Самара,1
2024-01-16,Промостатья: Моя история 1 | Цена перехода | Ж25-54,Сарапул,1
2024-01-16,Промостатья: Моя история 1 | Цена перехода | Ж25-54,Смоленск,1
2024-01-16,Промостатья: Моя история 1 | Цена перехода | Ж25-54,Ярославль,1
2024-01-16,Промостатья: Моя история 2 | Цена перехода | 25-54,Армавир,1
2024-01-16,Промостатья: Моя история 2 | Цена перехода | 25-54,Белгород,1
2024-01-16,Промостатья: Моя история 2 | Цена перехода | 25-54,Брянск,1
2024-01-16,Промостатья: Моя история 2 | Цена перехода | 25-54,Владимир,1
2024-01-16,Промостатья: Моя история 2 | Цена перехода | 25-54,Йошкар-Ола,1
2024-01-16,Промостатья: Моя история 2 | Цена перехода | 25-54,Казань,1
2024-01-16,Промостатья: Моя история 2 | Цена перехода | 25-54,Калуга,1
2024-01-16,Промостатья: Моя история 2 | Цена перехода | 25-54,Новосибирск,1
2024-01-16,Промостатья: Моя история 2 | Цена перехода | 25-54,Санкт-Петербург,1
2024-01-16,Промостатья: Моя история 2 | Цена перехода | 25-54,Уфа,1
2024-01-17,Промостатья: Моя история 1 | Цена перехода | Ж25-54,Волгоград,1
2024-01-17,Промостатья: Моя история 1 | Цена перехода | Ж25-54,Краснодар,1
2024-01-17,Промостатья: Моя история 1 | Цена перехода | Ж25-54,Красноярск,1
2024-01-17,Промостатья: Моя история 1 | Цена перехода | Ж25-54,Лениногорск,1
2024-01-17,Промостатья: Моя история 1 | Цена перехода | Ж25-54,Стерлитамак,1
2024-01-17,Промостатья: Моя история 1 | Цена перехода | Ж25-54,Челябинск,1
2024-01-17,Промостатья: Моя история 1 | Цена перехода | Ж25-54,Якутск,1
2024-01-17,Промостатья: Моя история 2 | Цена перехода | 25-54,Армавир,1
2024-01-17,Промостатья: Моя история 2 | Цена перехода | 25-54,Ишимбай,1
2024-01-17,Промостатья: Моя история 2 | Цена перехода | 25-54,Москва,1
2024-01-17,Промостатья: Моя история 2 | Цена перехода | 25-54,Новокузнецк,1
2024-01-17,Промостатья: Моя история 2 | Цена перехода | 25-54,Пермь,1
2024-01-17,Промостатья: Моя история 2 | Цена перехода | 25-54,Санкт-Петербург,1
2024-01-17,Промостатья: Моя история 2 | Цена перехода | 25-54,Среднеуральск,1
2024-01-18,Промостатья: Моя история 1 | Цена перехода | Ж25-54,Воронеж,1
2024-01-18,Промостатья: Моя история 1 | Цена перехода | Ж25-54,Екатеринбург,1
2024-01-18,Промостатья: Моя история 1 | Цена перехода | Ж25-54,Иркутск,1
2024-01-18,Промостатья: Моя история 1 | Цена перехода | Ж25-54,Калининград,1
2024-01-18,Промостатья: Моя история 1 | Цена перехода | Ж25-54,Липецк,1
2024-01-18,Промостатья: Моя история 1 | Цена перехода | Ж25-54,Невинномысск,1
2024-01-18,Промостатья: Моя история 1 | Цена перехода | Ж25-54,Раменское,1
2024-01-18,Промостатья: Моя история 1 | Цена перехода | Ж25-54,Тольятти,1
2024-01-18,Промостатья: Моя история 1 | Цена перехода | Ж25-54,Чебоксары,1
2024-01-18,Промостатья: Моя история 1 | Цена перехода | Ж25-54,Чехов,1
2024-01-18,Промостатья: Моя история 1 | Цена перехода | Ж25-54,Элиста,1
2024-01-19,Промостатья: Моя история 1 | Цена перехода | Ж25-54,Астрахань,1
2024-01-19,Промостатья: Моя история 1 | Цена перехода | Ж25-54,Воронеж,1
2024-01-19,Промостатья: Моя история 1 | Цена перехода | Ж25-54,Нижний Новгород,1
2024-01-19,Промостатья: Моя история 1 | Цена перехода | Ж25-54,Омск,1
2024-01-19,Промостатья: Моя история 1 | Цена перехода | Ж25-54,Ростов-на-Дону,1
2024-01-19,Промостатья: Моя история 1 | Цена перехода | Ж25-54,Шелехов,1
2024-01-20,Промостатья: Моя история 1 | Цена перехода | Ж25-54,Александров,1
2024-01-20,Промостатья: Моя история 1 | Цена перехода | Ж25-54,Казань,1
2024-01-20,Промостатья: Моя история 1 | Цена перехода | Ж25-54,Карабаново,1
2024-01-20,Промостатья: Моя история 1 | Цена перехода | Ж25-54,Киров,1
2024-01-20,Промостатья: Моя история 1 | Цена перехода | Ж25-54,Краснодар,1
2024-01-20,Промостатья: Моя история 1 | Цена перехода | Ж25-54,Красноярск,1
2024-01-20,Промостатья: Моя история 1 | Цена перехода | Ж25-54,Саранск,1
2024-01-20,Промостатья: Моя история 1 | Цена перехода | Ж25-54,Хабаровск,1
2024-01-21,Промостатья: Моя история 1 | Цена перехода | Ж25-54,Москва,1
2024-01-21,Промостатья: Моя история 1 | Цена перехода | Ж25-54,Саратов,1
2024-01-21,Промостатья: Моя история 2 | Цена перехода | 25-54,Москва,1
2024-01-22,Промостатья: Моя история 1 | Цена перехода | Ж25-54,Архангельск,1
2024-01-22,Промостатья: Моя история 1 | Цена перехода | Ж25-54,Волгоград,1
2024-01-22,Промостатья: Моя история 1 | Цена перехода | Ж25-54,Красноярск,1
2024-01-22,Промостатья: Моя история 1 | Цена перехода | Ж25-54,Курск,1
2024-01-22,Промостатья: Моя история 1 | Цена перехода | Ж25-54,Новосибирск,1
2024-01-22,Промостатья: Моя история 1 | Цена перехода | Ж25-54,Ростов-на-Дону,1
2024-01-22,Промостатья: Моя история 1 | Цена перехода | Ж25-54,Рязань,1
2024-01-22,Промостатья: Моя история 1 | Цена перехода | Ж25-54,Саранск,1
2024-01-22,Промостатья: Моя история 1 | Цена перехода | Ж25-54,Ульяновск,1
2024-01-22,Промостатья: Моя история 1 | Цена перехода | Ж25-54,Уфа,1
2024-01-23,Промостатья: Моя история 1 | Цена перехода | Ж25-54,Архангельск,1
2024-01-23,Промостатья: Моя история 1 | Цена перехода | Ж25-54,Владикавказ,1
2024-01-23,Промостатья: Моя история 1 | Цена перехода | Ж25-54,Воронеж,1
2024-01-23,Промостатья: Моя история 1 | Цена перехода | Ж25-54,Калуга,1
2024-01-23,Промостатья: Моя история 1 | Цена перехода | Ж25-54,Москва,1
2024-01-23,Промостатья: Моя история 1 | Цена перехода | Ж25-54,Нижний Новгород,1
2024-01-23,Промостатья: Моя история 1 | Цена перехода | Ж25-54,Петрозаводск,1
2024-01-23,Промостатья: Моя история 1 | Цена перехода | Ж25-54,Саратов,1
2024-01-23,Промостатья: Моя история 1 | Цена перехода | Ж25-54,Тула,1
2024-01-23,Промостатья: Моя история 1 | Цена перехода | Ж25-54,Уфа,1
2024-01-24,Промостатья: Моя история 1 | Цена перехода | Ж25-54,Воронеж,1
2024-01-24,Промостатья: Моя история 1 | Цена перехода | Ж25-54,Екатеринбург,1
2024-01-24,Промостатья: Моя история 1 | Цена перехода | Ж25-54,Новокузнецк,1
2024-01-24,Промостатья: Моя история 1 | Цена перехода | Ж25-54,Новосибирск,1
2024-01-24,Промостатья: Моя история 1 | Цена перехода | Ж25-54,Оренбург,1
2024-01-24,Промостатья: Моя история 1 | Цена перехода | Ж25-54,Пермь,1
2024-01-24,Промостатья: Моя история 1 | Цена перехода | Ж25-54,Подольск,1
2024-01-24,Промостатья: Моя история 1 | Цена перехода | Ж25-54,Самара,1
2024-01-24,Промостатья: Моя история 1 | Цена перехода | Ж25-54,Санкт-Петербург,1
2024-01-24,Промостатья: Моя история 1 | Цена перехода | Ж25-54,Саратов,1
2024-01-24,Промостатья: Моя история 1 | Цена перехода | Ж25-54,Сочи,1
2024-01-24,Промостатья: Моя история 1 | Цена перехода | Ж25-54,Тамбов,1
2024-01-24,Промостатья: Моя история 1 | Цена перехода | Ж25-54,Тюмень,1
2024-01-24,Промостатья: Моя история 1 | Цена перехода | Ж25-54,Ярославль,1
2024-01-25,Промостатья: Моя история 1 | Цена перехода | Ж25-54,Бакал,1
2024-01-25,Промостатья: Моя история 1 | Цена перехода | Ж25-54,Великий Новгород,1
2024-01-25,Промостатья: Моя история 1 | Цена перехода | Ж25-54,Владикавказ,1
2024-01-25,Промостатья: Моя история 1 | Цена перехода | Ж25-54,Воронеж,1
2024-01-25,Промостатья: Моя история 1 | Цена перехода | Ж25-54,Краснодар,1
2024-01-25,Промостатья: Моя история 1 | Цена перехода | Ж25-54,Курск,1
2024-01-25,Промостатья: Моя история 1 | Цена перехода | Ж25-54,Миасс,1
2024-01-25,Промостатья: Моя история 1 | Цена перехода | Ж25-54,Рязань,1
2024-01-25,Промостатья: Моя история 1 | Цена перехода | Ж25-54,Сочи,1
2024-01-25,Промостатья: Моя история 1 | Цена перехода | Ж25-54,Ставрополь,1
2024-01-25,Промостатья: Моя история 1 | Цена перехода | Ж25-54,Черепаново,1
2024-01-25,Промостатья: Моя история 1 | Цена перехода | Ж25-54,Ярославль,1
2024-01-26,Промостатья: Моя история 1 | Цена перехода | Ж25-54,Балашиха,1
2024-01-26,Промостатья: Моя история 1 | Цена перехода | Ж25-54,Екатеринбург,1
2024-01-26,Промостатья: Моя история 1 | Цена перехода | Ж25-54,Клин,1
2024-01-26,Промостатья: Моя история 1 | Цена перехода | Ж25-54,Краснодар,1
2024-01-26,Промостатья: Моя история 1 | Цена перехода | Ж25-54,Нижний Новгород,1
2024-01-26,Промостатья: Моя история 1 | Цена перехода | Ж25-54,Хабаровск,1
2024-01-27,Промостатья: Моя история 1 | Цена перехода | Ж25-54,Братск,1
2024-01-27,Промостатья: Моя история 1 | Цена перехода | Ж25-54,Кемерово,1
2024-01-27,Промостатья: Моя история 1 | Цена перехода | Ж25-54,Краснодар,1
2024-01-27,Промостатья: Моя история 1 | Цена перехода | Ж25-54,Москва,1
2024-01-27,Промостатья: Моя история 1 | Цена перехода | Ж25-54,Санкт-Петербург,1
2024-01-27,Промостатья: Моя история 1 | Цена перехода | Ж25-54,Уфа,1
2024-01-27,Промостатья: Моя история 1 | Цена перехода | Ж25-54,Черепаново,1
2024-01-29,Промостатья: Моя история 1 | Цена перехода | Ж25-54,Бийск,1
2024-01-29,Промостатья: Моя история 1 | Цена перехода | Ж25-54,Нижний Новгород,1
2024-01-29,Промостатья: Моя история 1 | Цена перехода | Ж25-54,Омск,1
2024-01-29,Промостатья: Моя история 1 | Цена перехода | Ж25-54,Тольятти,1
2024-01-29,Промостатья: Моя история 1 | Цена перехода | Ж25-54,Якутск,1
2024-01-30,Промостатья: Моя история 1 | Цена перехода | Ж25-54,Не определено,1
2024-01-30,Промостатья: Моя история 1 | Цена перехода | Ж25-54,Астрахань,1
2024-01-30,Промостатья: Моя история 1 | Цена перехода | Ж25-54,Краснодар,1
2024-01-30,Промостатья: Моя история 1 | Цена перехода | Ж25-54,Нижний Новгород,1
2024-01-30,Промостатья: Моя история 1 | Цена перехода | Ж25-54,Ростов-на-Дону,1
2024-01-30,Промостатья: Моя история 1 | Цена перехода | Ж25-54,Санкт-Петербург,1
2024-01-30,Промостатья: Моя история 1 | Цена перехода | Ж25-54,Саратов,1
2024-01-30,Промостатья: Моя история 1 | Цена перехода | Ж25-54,Ставрополь,1
2024-01-30,Промостатья: Моя история 1 | Цена перехода | Ж25-54,Тамбов,1
2024-01-31,Промостатья: Моя история 1 | Цена перехода | Ж25-54,Ангарск,1
2024-01-31,Промостатья: Моя история 1 | Цена перехода | Ж25-54,Барнаул,1
2024-01-31,Промостатья: Моя история 1 | Цена перехода | Ж25-54,Владикавказ,1
2024-01-31,Промостатья: Моя история 1 | Цена перехода | Ж25-54,Нальчик,1
2024-01-31,Промостатья: Моя история 1 | Цена перехода | Ж25-54,Новокузнецк,1
2024-01-31,Промостатья: Моя история 1 | Цена перехода | Ж25-54,Новосибирск,1
2024-01-31,Промостатья: Моя история 1 | Цена перехода | Ж25-54,Париж,1
2024-01-31,Промостатья: Моя история 1 | Цена перехода | Ж25-54,Саратов,1
2024-01-31,Промостатья: Моя история 1 | Цена перехода | Ж25-54,Тамбов,1
2024-01-31,Промостатья: Моя история 1 | Цена перехода | Ж25-54,Якутск,1
2024-02-01,Промостатья: Моя история 1 | Цена перехода | Ж25-54,Боровичи,1
2024-02-01,Промостатья: Моя история 1 | Цена перехода | Ж25-54,Омск,1
2024-02-01,Промостатья: Моя история 1 | Цена перехода | Ж25-54,Оренбург,1
2024-02-01,Промостатья: Моя история 1 | Цена перехода | Ж25-54,Ростов-на-Дону,1
2024-02-01,Промостатья: Моя история 1 | Цена перехода | Ж25-54,Саратов,1
2024-02-01,Промостатья: Моя история 1 | Цена перехода | Ж25-54,Челябинск,1
2024-02-03,Промостатья: Моя история 1 | Цена перехода | Ж25-54,Черепаново,1
2024-02-05,Промостатья: Моя история 2 | Цена перехода | 25-54,Москва,1
2024-02-08,Промостатья: Моя история 1 | Цена перехода | Ж25-54,Черепаново,1
2024-02-14,Промостатья: Моя история 1 | Цена перехода | Ж25-54,Не определено,1
2024-02-14,Промостатья: Моя история 1 | Цена перехода | Ж25-54,Мелеуз,1
2024-02-15,Промостатья: Моя история 1 | Цена перехода | Ж25-54,Архангельск,1
2024-02-15,Промостатья: Моя история 1 | Цена перехода | Ж25-54,Бабаево,1
2024-02-15,Промостатья: Моя история 1 | Цена перехода | Ж25-54,Волгоград,1
2024-02-15,Промостатья: Моя история 1 | Цена перехода | Ж25-54,Екатеринбург,1
2024-02-15,Промостатья: Моя история 1 | Цена перехода | Ж25-54,Кандалакша,1
2024-02-15,Промостатья: Моя история 1 | Цена перехода | Ж25-54,Обнинск,1
2024-02-15,Промостатья: Моя история 1 | Цена перехода | Ж25-54,Ростов-на-Дону,1
2024-02-15,Промостатья: Моя история 1 | Цена перехода | Ж25-54,Самара,1
2024-02-15,Промостатья: Моя история 1 | Цена перехода | Ж25-54,Санкт-Петербург,1
2024-02-15,Промостатья: Моя история 1 | Цена перехода | Ж25-54,Саратов,1
2024-02-16,Промостатья: Моя история 1 | Цена перехода | Ж25-54,Не определено,1
2024-02-16,Промостатья: Моя история 1 | Цена перехода | Ж25-54,Астрахань,1
2024-02-16,Промостатья: Моя история 1 | Цена перехода | Ж25-54,Волгоград,1
2024-02-16,Промостатья: Моя история 1 | Цена перехода | Ж25-54,Кинешма,1
2024-02-16,Промостатья: Моя история 1 | Цена перехода | Ж25-54,Краснодар,1
2024-02-16,Промостатья: Моя история 1 | Цена перехода | Ж25-54,Москва,1
2024-02-16,Промостатья: Моя история 1 | Цена перехода | Ж25-54,Нижний Новгород,1
2024-02-16,Промостатья: Моя история 1 | Цена перехода | Ж25-54,Новороссийск,1
2024-02-16,Промостатья: Моя история 1 | Цена перехода | Ж25-54,Новосибирск,1
2024-02-16,Промостатья: Моя история 1 | Цена перехода | Ж25-54,Омск,1
2024-02-16,Промостатья: Моя история 1 | Цена перехода | Ж25-54,Орёл,1
2024-02-16,Промостатья: Моя история 1 | Цена перехода | Ж25-54,Рязань,1
2024-02-16,Промостатья: Моя история 1 | Цена перехода | Ж25-54,Санкт-Петербург,1
2024-02-16,Промостатья: Моя история 1 | Цена перехода | Ж25-54,Саратов,1
2024-02-16,Промостатья: Моя история 1 | Цена перехода | Ж25-54,Чебоксары,1
2024-02-16,Промостатья: Моя история 1 | Цена перехода | Ж25-54,Чита,1
2024-02-17,Промостатья: Моя история 1 | Цена перехода | Ж25-54,Екатеринбург,1
2024-02-17,Промостатья: Моя история 1 | Цена перехода | Ж25-54,Йошкар-Ола,1
2024-02-17,Промостатья: Моя история 1 | Цена перехода | Ж25-54,Красноярск,1
2024-02-17,Промостатья: Моя история 1 | Цена перехода | Ж25-54,Москва,1
2024-02-17,Промостатья: Моя история 1 | Цена перехода | Ж25-54,Ростов,1
2024-02-17,Промостатья: Моя история 1 | Цена перехода | Ж25-54,Саратов,1
2024-02-18,Промостатья: Моя история 1 | Цена перехода | Ж25-54,Великий Новгород,1
2024-02-18,Промостатья: Моя история 1 | Цена перехода | Ж25-54,Железногорск,1
2024-02-18,Промостатья: Моя история 1 | Цена перехода | Ж25-54,Красноярск,1
2024-02-18,Промостатья: Моя история 1 | Цена перехода | Ж25-54,Омск,1
2024-02-18,Промостатья: Моя история 1 | Цена перехода | Ж25-54,Пермь,1
2024-02-18,Промостатья: Моя история 1 | Цена перехода | Ж25-54,Санкт-Петербург,1
2024-02-18,Промостатья: Моя история 1 | Цена перехода | Ж25-54,Саратов,1
2024-02-18,Промостатья: Моя история 1 | Цена перехода | Ж25-54,Ставрополь,1
2024-02-18,Промостатья: Моя история 1 | Цена перехода | Ж25-54,Тверь,1
2024-02-18,Промостатья: Моя история 1 | Цена перехода | Ж25-54,Челябинск,1
2024-02-18,Промостатья: Моя история 1 | Цена перехода | Ж25-54,Якутск,1
2024-02-19,Промостатья: Моя история 1 | Цена перехода | Ж25-54,Воронеж,1
2024-02-19,Промостатья: Моя история 1 | Цена перехода | Ж25-54,Краснодар,1
2024-02-19,Промостатья: Моя история 1 | Цена перехода | Ж25-54,Красноярск,1
2024-02-19,Промостатья: Моя история 1 | Цена перехода | Ж25-54,Новокузнецк,1
2024-02-19,Промостатья: Моя история 1 | Цена перехода | Ж25-54,Новосибирск,1
2024-02-19,Промостатья: Моя история 1 | Цена перехода | Ж25-54,Орёл,1
2024-02-19,Промостатья: Моя история 1 | Цена перехода | Ж25-54,Пермь,1
2024-02-19,Промостатья: Моя история 1 | Цена перехода | Ж25-54,Петрозаводск,1
2024-02-19,Промостатья: Моя история 1 | Цена перехода | Ж25-54,Тамбов,1
2024-02-19,Промостатья: Моя история 1 | Цена перехода | Ж25-54,Хабаровск,1
2024-02-19,Промостатья: Моя история 1 | Цена перехода | Ж25-54,Челябинск,1
2024-02-20,Промостатья: Моя история 1 | Цена перехода | Ж25-54,Березники,1
2024-02-20,Промостатья: Моя история 1 | Цена перехода | Ж25-54,Волжский,1
2024-02-20,Промостатья: Моя история 1 | Цена перехода | Ж25-54,Домодедово,1
2024-02-20,Промостатья: Моя история 1 | Цена перехода | Ж25-54,Киров,1
2024-02-20,Промостатья: Моя история 1 | Цена перехода | Ж25-54,Липецк,1
2024-02-20,Промостатья: Моя история 1 | Цена перехода | Ж25-54,Саратов,1
2024-02-20,Промостатья: Моя история 1 | Цена перехода | Ж25-54,Сочи,1
2024-02-20,Промостатья: Моя история 1 | Цена перехода | Ж25-54,Томск,1
2024-02-21,Промостатья: Моя история 1 | Цена перехода | Ж25-54,Боровск,1
2024-02-21,Промостатья: Моя история 1 | Цена перехода | Ж25-54,Екатеринбург,1
2024-02-21,Промостатья: Моя история 1 | Цена перехода | Ж25-54,Москва,1
2024-02-21,Промостатья: Моя история 1 | Цена перехода | Ж25-54,Санкт-Петербург,1
2024-02-22,Промостатья: Моя история 1 | Цена перехода | Ж25-54,Барнаул,1
2024-02-22,Промостатья: Моя история 1 | Цена перехода | Ж25-54,Брянск,1
2024-02-22,Промостатья: Моя история 1 | Цена перехода | Ж25-54,Домодедово,1
2024-02-22,Промостатья: Моя история 1 | Цена перехода | Ж25-54,Краснодар,1
2024-02-22,Промостатья: Моя история 1 | Цена перехода | Ж25-54,Междуреченск,1
2024-02-22,Промостатья: Моя история 1 | Цена перехода | Ж25-54,Москва,1
2024-02-22,Промостатья: Моя история 1 | Цена перехода | Ж25-54,Нижний Новгород,1
2024-02-22,Промостатья: Моя история 1 | Цена перехода | Ж25-54,Пермь,1
2024-02-22,Промостатья: Моя история 1 | Цена перехода | Ж25-54,Тверь,1
2024-02-22,Промостатья: Моя история 1 | Цена перехода | Ж25-54,Темрюк,1
2024-02-22,Промостатья: Моя история 1 | Цена перехода | Ж25-54,Челябинск,1
2024-02-23,Промостатья: Моя история 1 | Цена перехода | Ж25-54,Казань,1
2024-02-23,Промостатья: Моя история 1 | Цена перехода | Ж25-54,Конаково,1
2024-02-23,Промостатья: Моя история 1 | Цена перехода | Ж25-54,Королёв,1
2024-02-23,Промостатья: Моя история 1 | Цена перехода | Ж25-54,Омск,1
2024-02-23,Промостатья: Моя история 1 | Цена перехода | Ж25-54,Санкт-Петербург,1
2024-02-23,Промостатья: Моя история 1 | Цена перехода | Ж25-54,Саратов,1
2024-02-23,Промостатья: Моя история 1 | Цена перехода | Ж25-54,Челябинск,1
2024-02-24,Промостатья: Моя история 1 | Цена перехода | Ж25-54,Краснодар,1
2024-02-24,Промостатья: Моя история 1 | Цена перехода | Ж25-54,Шелехов,1
2024-02-24,Промостатья: Моя история 1 | Цена перехода | Ж25-54,Щёлково,1
2024-02-26,Промостатья: Моя история 1 | Цена перехода | Ж25-54,Домодедово,1
2024-02-26,Промостатья: Моя история 1 | Цена перехода | Ж25-54,Краснодар,1
2024-02-26,Промостатья: Моя история 1 | Цена перехода | Ж25-54,Липецк,1
2024-02-26,Промостатья: Моя история 1 | Цена перехода | Ж25-54,Новосибирск,1
2024-02-26,Промостатья: Моя история 1 | Цена перехода | Ж25-54,Ростов-на-Дону,1
2024-02-26,Промостатья: Моя история 1 | Цена перехода | Ж25-54,Саратов,1
2024-02-26,Промостатья: Моя история 1 | Цена перехода | Ж25-54,Тюмень,1
2024-02-26,Промостатья: Моя история 1 | Цена перехода | Ж25-54,Чебоксары,1
2024-02-26,Промостатья: Моя история 1 | Цена перехода | Ж25-54,Якутск,1
2024-02-27,Промостатья: Моя история 1 | Цена перехода | Ж25-54,Не определено,1
2024-02-27,Промостатья: Моя история 1 | Цена перехода | Ж25-54,Барнаул,1
2024-02-27,Промостатья: Моя история 1 | Цена перехода | Ж25-54,Благовещенск,1
2024-02-27,Промостатья: Моя история 1 | Цена перехода | Ж25-54,Волгоград,1
2024-02-27,Промостатья: Моя история 1 | Цена перехода | Ж25-54,Дивногорск,1
2024-02-27,Промостатья: Моя история 1 | Цена перехода | Ж25-54,Нижний Новгород,1
2024-02-27,Промостатья: Моя история 1 | Цена перехода | Ж25-54,Новокузнецк,1
2024-02-27,Промостатья: Моя история 1 | Цена перехода | Ж25-54,Раменское,1
2024-02-27,Промостатья: Моя история 1 | Цена перехода | Ж25-54,Ростов-на-Дону,1
2024-02-27,Промостатья: Моя история 1 | Цена перехода | Ж25-54,Смоленск,1
2024-02-27,Промостатья: Моя история 1 | Цена перехода | Ж25-54,Тюмень,1
2024-02-27,Промостатья: Моя история 1 | Цена перехода | Ж25-54,Чебоксары,1
2024-02-27,Промостатья: Моя история 1 | Цена перехода | Ж25-54,Ярославль,1
2024-02-28,Промостатья: Моя история 1 | Цена перехода | Ж25-54,Арамиль,1
2024-02-28,Промостатья: Моя история 1 | Цена перехода | Ж25-54,Екатеринбург,1
2024-02-28,Промостатья: Моя история 1 | Цена перехода | Ж25-54,Москва,1
2024-02-28,Промостатья: Моя история 1 | Цена перехода | Ж25-54,Нижний Новгород,1
2024-02-28,Промостатья: Моя история 1 | Цена перехода | Ж25-54,Новокузнецк,1
2024-02-28,Промостатья: Моя история 1 | Цена перехода | Ж25-54,Раменское,1
2024-02-28,Промостатья: Моя история 1 | Цена перехода | Ж25-54,Якутск,1
2024-02-29,Промостатья: Моя история 1 | Цена перехода | Ж25-54,Астрахань,1
2024-02-29,Промостатья: Моя история 1 | Цена перехода | Ж25-54,Воронеж,1
2024-02-29,Промостатья: Моя история 1 | Цена перехода | Ж25-54,Геленджик,1
2024-02-29,Промостатья: Моя история 1 | Цена перехода | Ж25-54,Иркутск,1
2024-02-29,Промостатья: Моя история 1 | Цена перехода | Ж25-54,Липецк,1
2024-02-29,Промостатья: Моя история 1 | Цена перехода | Ж25-54,Новосибирск,1
2024-02-29,Промостатья: Моя история 1 | Цена перехода | Ж25-54,Петропавловск-Камчатский,1
2024-02-29,Промостатья: Моя история 1 | Цена перехода | Ж25-54,Ставрополь,1
2024-03-01,Промостатья: Моя история 1 | Цена перехода | Ж25-54,Москва,1
2024-03-04,Промостатья: Моя история 1 | Цена перехода | Ж25-54,Липецк,1
2024-03-05,Промостатья: Моя история 1 | Цена перехода | Ж25-54,Домодедово,1
2024-03-11,Промостатья: Моя история 1 | Цена перехода | Ж25-54,Краснодар,1
2024-03-11,Промостатья: Моя история 1 | Цена перехода | Ж25-54,Таганрог,1
2024-03-12,Промостатья: Моя история 1 | Цена перехода | Ж25-54,Алексеевка,1
2024-03-12,Промостатья: Моя история 1 | Цена перехода | Ж25-54,Барнаул,1
2024-03-12,Промостатья: Моя история 1 | Цена перехода | Ж25-54,Владивосток,1
2024-03-12,Промостатья: Моя история 1 | Цена перехода | Ж25-54,Екатеринбург,1
2024-03-12,Промостатья: Моя история 1 | Цена перехода | Ж25-54,Калининград,1
2024-03-12,Промостатья: Моя история 1 | Цена перехода | Ж25-54,Киров,1
2024-03-12,Промостатья: Моя история 1 | Цена перехода | Ж25-54,Клин,1
2024-03-12,Промостатья: Моя история 1 | Цена перехода | Ж25-54,Краснодар,1
2024-03-12,Промостатья: Моя история 1 | Цена перехода | Ж25-54,Новосибирск,1
2024-03-12,Промостатья: Моя история 1 | Цена перехода | Ж25-54,Челябинск,1
2024-03-12,Промостатья: Моя история 1 | Цена перехода | Ж25-54,Щёлково,1
2024-03-13,Промостатья: Моя история 1 | Цена перехода | Ж25-54,Благовещенск,1
2024-03-13,Промостатья: Моя история 1 | Цена перехода | Ж25-54,Будённовск,1
2024-03-13,Промостатья: Моя история 1 | Цена перехода | Ж25-54,Владивосток,1
2024-03-13,Промостатья: Моя история 1 | Цена перехода | Ж25-54,Екатеринбург,1
2024-03-13,Промостатья: Моя история 1 | Цена перехода | Ж25-54,Ижевск,1
2024-03-13,Промостатья: Моя история 1 | Цена перехода | Ж25-54,Калуга,1
2024-03-13,Промостатья: Моя история 1 | Цена перехода | Ж25-54,Киров,1
2024-03-13,Промостатья: Моя история 1 | Цена перехода | Ж25-54,Нефтеюганск,1
2024-03-13,Промостатья: Моя история 1 | Цена перехода | Ж25-54,Оренбург,1
2024-03-13,Промостатья: Моя история 1 | Цена перехода | Ж25-54,Ростов-на-Дону,1
2024-03-13,Промостатья: Моя история 1 | Цена перехода | Ж25-54,Самара,1
2024-03-13,Промостатья: Моя история 1 | Цена перехода | Ж25-54,Санкт-Петербург,1
2024-03-14,Промостатья: Моя история 1 | Цена перехода | Ж25-54,Барнаул,1
2024-03-14,Промостатья: Моя история 1 | Цена перехода | Ж25-54,Белогорск,1
2024-03-14,Промостатья: Моя история 1 | Цена перехода | Ж25-54,Владивосток,1
2024-03-14,Промостатья: Моя история 1 | Цена перехода | Ж25-54,Волгоград,1
2024-03-14,Промостатья: Моя история 1 | Цена перехода | Ж25-54,Дзержинск,1
2024-03-14,Промостатья: Моя история 1 | Цена перехода | Ж25-54,Красноярск,1
2024-03-14,Промостатья: Моя история 1 | Цена перехода | Ж25-54,Магнитогорск,1
2024-03-14,Промостатья: Моя история 1 | Цена перехода | Ж25-54,Москва,1
2024-03-14,Промостатья: Моя история 1 | Цена перехода | Ж25-54,Новосибирск,1
2024-03-14,Промостатья: Моя история 1 | Цена перехода | Ж25-54,Оренбург,1
2024-03-14,Промостатья: Моя история 1 | Цена перехода | Ж25-54,Санкт-Петербург,1
2024-03-14,Промостатья: Моя история 1 | Цена перехода | Ж25-54,Старый Оскол,1
2024-03-14,Промостатья: Моя история 1 | Цена перехода | Ж25-54,Чита,1
2024-03-15,Промостатья: Моя история 1 | Цена перехода | Ж25-54,Брянск,1
2024-03-15,Промостатья: Моя история 1 | Цена перехода | Ж25-54,Волгоград,1
2024-03-15,Промостатья: Моя история 1 | Цена перехода | Ж25-54,Калининград,1
2024-03-15,Промостатья: Моя история 1 | Цена перехода | Ж25-54,Новосибирск,1
2024-03-15,Промостатья: Моя история 1 | Цена перехода | Ж25-54,Омск,1
2024-03-15,Промостатья: Моя история 1 | Цена перехода | Ж25-54,Самара,1
2024-03-15,Промостатья: Моя история 1 | Цена перехода | Ж25-54,Саратов,1
2024-03-15,Промостатья: Моя история 1 | Цена перехода | Ж25-54,Тольятти,1
2024-03-15,Промостатья: Моя история 1 | Цена перехода | Ж25-54,Уфа,1
2024-03-16,Промостатья: Моя история 1 | Цена перехода | Ж25-54,Екатеринбург,1
2024-03-16,Промостатья: Моя история 1 | Цена перехода | Ж25-54,Истра,1
2024-03-16,Промостатья: Моя история 1 | Цена перехода | Ж25-54,Красноярск,1
2024-03-16,Промостатья: Моя история 1 | Цена перехода | Ж25-54,Нижний Новгород,1
2024-03-16,Промостатья: Моя история 1 | Цена перехода | Ж25-54,Оренбург,1
2024-03-16,Промостатья: Моя история 1 | Цена перехода | Ж25-54,Уфа,1
2024-03-16,Промостатья: Моя история 1 | Цена перехода | Ж25-54,Челябинск,1
2024-03-17,Промостатья: Моя история 1 | Цена перехода | Ж25-54,Архангельск,1
2024-03-17,Промостатья: Моя история 1 | Цена перехода | Ж25-54,Москва,1
2024-03-17,Промостатья: Моя история 1 | Цена перехода | Ж25-54,Омск,1
2024-03-17,Промостатья: Моя история 1 | Цена перехода | Ж25-54,Санкт-Петербург,1
2024-03-17,Промостатья: Моя история 1 | Цена перехода | Ж25-54,Уфа,1
2024-03-18,Промостатья: Моя история 1 | Цена перехода | Ж25-54,Арамиль,1
2024-03-18,Промостатья: Моя история 1 | Цена перехода | Ж25-54,Благовещенск,1
2024-03-18,Промостатья: Моя история 1 | Цена перехода | Ж25-54,Дедовск,1
2024-03-18,Промостатья: Моя история 1 | Цена перехода | Ж25-54,Краснодар,1
2024-03-18,Промостатья: Моя история 1 | Цена перехода | Ж25-54,Курган,1
2024-03-18,Промостатья: Моя история 1 | Цена перехода | Ж25-54,Курск,1
2024-03-18,Промостатья: Моя история 1 | Цена перехода | Ж25-54,Нижний Новгород,1
2024-03-18,Промостатья: Моя история 1 | Цена перехода | Ж25-54,Пенза,1
2024-03-18,Промостатья: Моя история 1 | Цена перехода | Ж25-54,Самара,1
2024-03-18,Промостатья: Моя история 1 | Цена перехода | Ж25-54,Уфа,1
2024-03-18,Промостатья: Моя история 1 | Цена перехода | Ж25-54,Якутск,1
2024-03-19,Промостатья: Моя история 1 | Цена перехода | Ж25-54,Кондопога,1
2024-03-19,Промостатья: Моя история 1 | Цена перехода | Ж25-54,Краснодар,1
2024-03-19,Промостатья: Моя история 1 | Цена перехода | Ж25-54,Санкт-Петербург,1
2024-03-20,Промостатья: Моя история 1 | Цена перехода | Ж25-54,Гагарин,1
2024-03-20,Промостатья: Моя история 1 | Цена перехода | Ж25-54,Рязань,1
2024-03-20,Промостатья: Моя история 1 | Цена перехода | Ж25-54,Саратов,1
2024-03-21,Промостатья: Моя история 1 | Цена перехода | Ж25-54,Анапа,1
2024-03-21,Промостатья: Моя история 1 | Цена перехода | Ж25-54,Барнаул,1
2024-03-21,Промостатья: Моя история 1 | Цена перехода | Ж25-54,Екатеринбург,1
2024-03-21,Промостатья: Моя история 1 | Цена перехода | Ж25-54,Новосибирск,1
2024-03-21,Промостатья: Моя история 1 | Цена перехода | Ж25-54,Санкт-Петербург,1
2024-03-22,Промостатья: Моя история 1 | Цена перехода | Ж25-54,Не определено,1
2024-03-22,Промостатья: Моя история 1 | Цена перехода | Ж25-54,Владивосток,1
2024-03-22,Промостатья: Моя история 1 | Цена перехода | Ж25-54,Нижний Новгород,1
2024-03-22,Промостатья: Моя история 1 | Цена перехода | Ж25-54,Ростов-на-Дону,1
2024-03-22,Промостатья: Моя история 1 | Цена перехода | Ж25-54,Ставрополь,1
2024-03-22,Промостатья: Моя история 1 | Цена перехода | Ж25-54,Тула,1
2024-03-23,Промостатья: Моя история 1 | Цена перехода | Ж25-54,Абакан,1
2024-03-23,Промостатья: Моя история 1 | Цена перехода | Ж25-54,Брянск,1
2024-03-23,Промостатья: Моя история 1 | Цена перехода | Ж25-54,Иркутск,1
2024-03-23,Промостатья: Моя история 1 | Цена перехода | Ж25-54,Липецк,1
2024-03-23,Промостатья: Моя история 1 | Цена перехода | Ж25-54,Москва,1
2024-03-23,Промостатья: Моя история 1 | Цена перехода | Ж25-54,Омск,1
2024-03-23,Промостатья: Моя история 1 | Цена перехода | Ж25-54,Пермь,1
2024-03-23,Промостатья: Моя история 1 | Цена перехода | Ж25-54,Петрозаводск,1
2024-03-23,Промостатья: Моя история 1 | Цена перехода | Ж25-54,Тюмень,1
2024-03-23,Промостатья: Моя история 1 | Цена перехода | Ж25-54,Ульяновск,1
2024-03-23,Промостатья: Моя история 1 | Цена перехода | Ж25-54,Уфа,1
2024-03-23,Промостатья: Моя история 1 | Цена перехода | Ж25-54,Челябинск,1
2024-03-23,Промостатья: Моя история 1 | Цена перехода | Ж25-54,Шахты,1
2024-03-24,Промостатья: Моя история 1 | Цена перехода | Ж25-54,Волгореченск,1
2024-03-24,Промостатья: Моя история 1 | Цена перехода | Ж25-54,Екатеринбург,1
2024-03-24,Промостатья: Моя история 1 | Цена перехода | Ж25-54,Киров,1
2024-03-24,Промостатья: Моя история 1 | Цена перехода | Ж25-54,Ковров,1
2024-03-24,Промостатья: Моя история 1 | Цена перехода | Ж25-54,Петрозаводск,1
2024-03-25,Промостатья: Моя история 1 | Цена перехода | Ж25-54,Петрозаводск,1
2024-03-26,Промостатья: Моя история 1 | Цена перехода | Ж25-54,Кондопога,1
2024-03-27,Промостатья: Моя история 1 | Цена перехода | Ж25-54,Иркутск,1
2024-03-27,Промостатья: Моя история 1 | Цена перехода | Ж25-54,Москва,1
2024-03-27,Промостатья: Моя история 1 | Цена перехода | Ж25-54,Новосибирск,1
2024-03-27,Промостатья: Моя история 1 | Цена перехода | Ж25-54,Ростов-на-Дону,1
2024-03-27,Промостатья: Моя история 1 | Цена перехода | Ж25-54,Рязань,1
2024-03-27,Промостатья: Моя история 1 | Цена перехода | Ж25-54,Химки,1
2024-03-28,Промостатья: Моя история 1 | Цена перехода | Ж25-54,Владивосток,1
2024-03-28,Промостатья: Моя история 1 | Цена перехода | Ж25-54,Волгоград,1
2024-03-28,Промостатья: Моя история 1 | Цена перехода | Ж25-54,Домодедово,1
2024-03-28,Промостатья: Моя история 1 | Цена перехода | Ж25-54,Курган,1
2024-03-28,Промостатья: Моя история 1 | Цена перехода | Ж25-54,Липецк,1
2024-03-28,Промостатья: Моя история 1 | Цена перехода | Ж25-54,Пенза,1
2024-03-28,Промостатья: Моя история 1 | Цена перехода | Ж25-54,Санкт-Петербург,1
2024-03-29,Промостатья: Моя история 1 | Цена перехода | Ж25-54,Волгоград,1
2024-03-29,Промостатья: Моя история 1 | Цена перехода | Ж25-54,Домодедово,1
2024-03-29,Промостатья: Моя история 1 | Цена перехода | Ж25-54,Новомосковск,1
2024-03-29,Промостатья: Моя история 1 | Цена перехода | Ж25-54,Химки,1
2024-03-29,Промостатья: Моя история 1 | Цена перехода | Ж25-54,Челябинск,1
2024-03-30,Промостатья: Моя история 1 | Цена перехода | Ж25-54,Алексеевка,1
2024-03-30,Промостатья: Моя история 1 | Цена перехода | Ж25-54,Бронницы,1
2024-03-30,Промостатья: Моя история 1 | Цена перехода | Ж25-54,Екатеринбург,1
2024-03-30,Промостатья: Моя история 1 | Цена перехода | Ж25-54,Истра,1
2024-03-30,Промостатья: Моя история 1 | Цена перехода | Ж25-54,Нижний Новгород,1
2024-03-30,Промостатья: Моя история 1 | Цена перехода | Ж25-54,Санкт-Петербург,1
2024-03-30,Промостатья: Моя история 1 | Цена перехода | Ж25-54,Ставрополь,1
2024-03-30,Промостатья: Моя история 1 | Цена перехода | Ж25-54,Тольятти,1
2024-03-31,Промостатья: Моя история 1 | Цена перехода | Ж25-54,Екатеринбург,1
2024-03-31,Промостатья: Моя история 1 | Цена перехода | Ж25-54,Йошкар-Ола,1
2024-03-31,Промостатья: Моя история 1 | Цена перехода | Ж25-54,Омск,1
2024-03-31,Промостатья: Моя история 1 | Цена перехода | Ж25-54,Орёл,1
2024-06-20,Промостатья: Моя история 3 | Цена перехода | 25-54 | lp /dzen,Не определено,15
2024-06-07,Промостатья: Моя история 3 | Цена перехода | 25-54,Не определено,11
2024-04-21,Промостатья: Моя история 1 | Цена перехода | Ж25-54,Не определено,8
2024-04-16,Промостатья: Моя история 1 | Цена перехода | Ж25-54,Не определено,7
2024-04-18,Промостатья: Моя история 1 | Цена перехода | Ж25-54,Не определено,7
2024-04-19,Промостатья: Моя история 1 | Цена перехода | Ж25-54,Не определено,7
2024-04-20,Промостатья: Моя история 1 | Цена перехода | Ж25-54,Не определено,7
2024-05-07,Промостатья: Моя история 1 | Цена перехода | Ж25-54,Не определено,7
2024-04-02,Промостатья: Моя история 1 | Цена перехода | Ж25-54,Не определено,6
2024-04-06,Промостатья: Моя история 1 | Цена перехода | Ж25-54,Москва,6
2024-04-07,Промостатья: Моя история 1 | Цена перехода | Ж25-54,Не определено,6
2024-04-26,Промостатья: Моя история 1 | Цена перехода | Ж25-54,Не определено,6
2024-05-01,Промостатья: Моя история 1 | Цена перехода | Ж25-54,Не определено,6
2024-06-19,Промостатья: Моя история 3 | Цена перехода | 25-54 | lp /dzen,Не определено,6
2024-04-07,Промостатья: Моя история 1 | Цена перехода | Ж25-54,Москва,5
2024-04-08,Промостатья: Моя история 1 | Цена перехода | Ж25-54,Не определено,5
2024-04-17,Промостатья: Моя история 1 | Цена перехода | Ж25-54,Не определено,5
2024-04-19,Промостатья: Моя история 1 | Цена перехода | Ж25-54,Москва,5
2024-04-30,Промостатья: Моя история 1 | Цена перехода | Ж25-54,Санкт-Петербург,5
2024-05-06,Промостатья: Моя история 1 | Цена перехода | Ж25-54,Не определено,5
2024-05-14,Промостатья: Моя история 1 | Цена перехода | Ж25-54,Не определено,5
2024-05-14,Промостатья: Моя история 1 | Цена перехода | Ж25-54,Москва,5
2024-05-14,Промостатья: Моя история 1 | Цена перехода | Ж25-54,Санкт-Петербург,5
2024-05-30,Промостатья: Моя история 3 | Цена перехода | 25-54,Не определено,5
2024-06-06,Промостатья: Моя история 3 | Цена перехода | 25-54,Не определено,5
2024-06-19,Промостатья: Моя история 3 | Цена перехода | 25-54 | lp /dzen,Москва,5
2024-06-20,Промостатья: Моя история 3 | Цена перехода | 25-54 | lp /dzen,Москва,5
2024-04-01,Промостатья: Моя история 1 | Цена перехода | Ж25-54,Москва,4
2024-04-02,Промостатья: Моя история 1 | Цена перехода | Ж25-54,Москва,4
2024-04-04,Промостатья: Моя история 1 | Цена перехода | Ж25-54,Не определено,4
2024-04-06,Промостатья: Моя история 1 | Цена перехода | Ж25-54,Не определено,4
2024-04-09,Промостатья: Моя история 1 | Цена перехода | Ж25-54,Не определено,4
2024-04-09,Промостатья: Моя история 1 | Цена перехода | Ж25-54,Санкт-Петербург,4
2024-04-14,Промостатья: Моя история 1 | Цена перехода | Ж25-54,Санкт-Петербург,4
2024-04-23,Промостатья: Моя история 1 | Цена перехода | Ж25-54,Не определено,4
2024-04-25,Промостатья: Моя история 1 | Цена перехода | Ж25-54,Москва,4
2024-05-15,Промостатья: Моя история 1 | Цена перехода | Ж25-54,Санкт-Петербург,4
2024-06-20,Промостатья: Моя история 3 | Цена перехода | 25-54 | lp /dzen,Краснодар,4
2024-06-20,Промостатья: Моя история 3 | Цена перехода | 25-54 | lp /franchise,Не определено,4
2024-04-01,Промостатья: Моя история 1 | Цена перехода | Ж25-54,Не определено,3
2024-04-05,Промостатья: Моя история 1 | Цена перехода | Ж25-54,Москва,3
2024-04-10,Промостатья: Моя история 1 | Цена перехода | Ж25-54,Москва,3
2024-04-12,Промостатья: Моя история 1 | Цена перехода | Ж25-54,Не определено,3
2024-04-13,Промостатья: Моя история 1 | Цена перехода | Ж25-54,Не определено,3
2024-04-13,Промостатья: Моя история 1 | Цена перехода | Ж25-54,Москва,3
2024-04-14,Промостатья: Моя история 1 | Цена перехода | Ж25-54,Не определено,3
2024-04-20,Промостатья: Моя история 1 | Цена перехода | Ж25-54,Москва,3
2024-04-24,Промостатья: Моя история 1 | Цена перехода | Ж25-54,Не определено,3
2024-04-25,Промостатья: Моя история 1 | Цена перехода | Ж25-54,Не определено,3
2024-04-26,Промостатья: Моя история 1 | Цена перехода | Ж25-54,Москва,3
2024-04-26,Промостатья: Моя история 1 | Цена перехода | Ж25-54,Санкт-Петербург,3
2024-04-28,Промостатья: Моя история 1 | Цена перехода | Ж25-54,Не определено,3
2024-04-29,Промостатья: Моя история 1 | Цена перехода | Ж25-54,Не определено,3
2024-04-29,Промостатья: Моя история 1 | Цена перехода | Ж25-54,Москва,3
2024-05-01,Промостатья: Моя история 1 | Цена перехода | Ж25-54,Москва,3
2024-05-06,Промостатья: Моя история 1 | Цена перехода | Ж25-54,Казань,3
2024-05-07,Промостатья: Моя история 1 | Цена перехода | Ж25-54,Москва,3
2024-05-13,Промостатья: Моя история 1 | Цена перехода | Ж25-54,Не определено,3
2024-05-22,Промостатья: Моя история 1 | Цена перехода | Ж25-54,Не определено,3
2024-05-23,Промостатья: Моя история 1 | Цена перехода | Ж25-54,Не определено,3
2024-05-25,Промостатья: Моя история 1 | Цена перехода | Ж25-54,Москва,3
2024-05-31,Промостатья: Моя история 3 | Цена перехода | 25-54,Не определено,3
2024-06-07,Промостатья: Моя история 3 | Цена перехода | 25-54,Москва,3
2024-06-17,Промостатья: Моя история 3 | Цена перехода | 25-54,Не определено,3
2024-06-20,Промостатья: Моя история 3 | Цена перехода | 25-54 | lp /dzen,Якутск,3
2024-06-21,Промостатья: Моя история 3 | Цена перехода | 25-54 | lp /dzen,Не определено,3
2024-04-04,Промостатья: Моя история 1 | Цена перехода | Ж25-54,Москва,2
2024-04-05,Промостатья: Моя история 1 | Цена перехода | Ж25-54,Тула,2
2024-04-06,Промостатья: Моя история 1 | Цена перехода | Ж25-54,Екатеринбург,2
2024-04-07,Промостатья: Моя история 1 | Цена перехода | Ж25-54,Санкт-Петербург,2
2024-04-09,Промостатья: Моя история 1 | Цена перехода | Ж25-54,Москва,2
2024-04-11,Промостатья: Моя история 1 | Цена перехода | Ж25-54,Не определено,2
2024-04-11,Промостатья: Моя история 1 | Цена перехода | Ж25-54,Москва,2
2024-04-12,Промостатья: Моя история 1 | Цена перехода | Ж25-54,Уфа,2
2024-04-14,Промостатья: Моя история 1 | Цена перехода | Ж25-54,Москва,2
2024-04-16,Промостатья: Моя история 1 | Цена перехода | Ж25-54,Пенза,2
2024-04-18,Промостатья: Моя история 1 | Цена перехода | Ж25-54,Москва,2
2024-04-18,Промостатья: Моя история 1 | Цена перехода | Ж25-54,Тверь,2
2024-04-19,Промостатья: Моя история 1 | Цена перехода | Ж25-54,Самара,2
2024-04-19,Промостатья: Моя история 1 | Цена перехода | Ж25-54,Санкт-Петербург,2
2024-04-20,Промостатья: Моя история 1 | Цена перехода | Ж25-54,Барнаул,2
2024-04-20,Промостатья: Моя история 1 | Цена перехода | Ж25-54,Санкт-Петербург,2
2024-04-20,Промостатья: Моя история 1 | Цена перехода | Ж25-54,Тюмень,2
2024-04-24,Промостатья: Моя история 1 | Цена перехода | Ж25-54,Москва,2
2024-04-24,Промостатья: Моя история 2 | Цена перехода | 25-54,Не определено,2
2024-04-25,Промостатья: Моя история 1 | Цена перехода | Ж25-54,Барнаул,2
2024-04-25,Промостатья: Моя история 1 | Цена перехода | Ж25-54,Санкт-Петербург,2
2024-04-26,Промостатья: Моя история 1 | Цена перехода | Ж25-54,Новосибирск,2
2024-04-30,Промостатья: Моя история 1 | Цена перехода | Ж25-54,Не определено,2
2024-04-30,Промостатья: Моя история 1 | Цена перехода | Ж25-54,Москва,2
2024-05-06,Промостатья: Моя история 1 | Цена перехода | Ж25-54,Екатеринбург,2
2024-05-06,Промостатья: Моя история 1 | Цена перехода | Ж25-54,Москва,2
2024-05-06,Промостатья: Моя история 1 | Цена перехода | Ж25-54,Санкт-Петербург,2
2024-05-06,Промостатья: Моя история 1 | Цена перехода | Ж25-54,Тюмень,2
2024-05-06,Промостатья: Моя история 2 | Цена перехода | 25-54,Не определено,2
2024-05-07,Промостатья: Моя история 1 | Цена перехода | Ж25-54,Барнаул,2
2024-05-07,Промостатья: Моя история 1 | Цена перехода | Ж25-54,Новокузнецк,2
2024-05-07,Промостатья: Моя история 1 | Цена перехода | Ж25-54,Рязань,2
2024-05-07,Промостатья: Моя история 2 | Цена перехода | 25-54,Не определено,2
2024-05-14,Промостатья: Моя история 1 | Цена перехода | Ж25-54,Пенза,2
2024-05-15,Промостатья: Моя история 1 | Цена перехода | Ж25-54,Не определено,2
2024-05-18,Промостатья: Моя история 1 | Цена перехода | Ж25-54,Санкт-Петербург,2
2024-05-18,Промостатья: Моя история 2 | Цена перехода | 25-54,Смоленск,2
2024-05-21,Промостатья: Моя история 1 | Цена перехода | Ж25-54,Не определено,2
2024-05-21,Промостатья: Моя история 1 | Цена перехода | Ж25-54,Новосибирск,2
2024-05-25,Промостатья: Моя история 1 | Цена перехода | Ж25-54,Не определено,2
2024-05-28,Промостатья: Моя история 3 | Цена перехода | 25-54,Улан-Удэ,2
2024-05-30,Промостатья: Моя история 3 | Цена перехода | 25-54,Санкт-Петербург,2
2024-06-05,Промостатья: Моя история 3 | Цена перехода | 25-54,Не определено,2
2024-06-06,Промостатья: Моя история 3 | Цена перехода | 25-54,Нижний Новгород,2
2024-06-07,Промостатья: Моя история 3 | Цена перехода | 25-54,Нижний Новгород,2
2024-06-07,Промостатья: Моя история 3 | Цена перехода | 25-54,Якутск,2
2024-06-09,Промостатья: Моя история 3 | Цена перехода | 25-54,Не определено,2
2024-06-11,Промостатья: Моя история 3 | Цена перехода | 25-54,Не определено,2
2024-06-19,Промостатья: Моя история 3 | Цена перехода | 25-54 | lp /dzen,Краснодар,2
2024-06-19,Промостатья: Моя история 3 | Цена перехода | 25-54 | lp /dzen,Пенза,2
2024-06-20,Промостатья: Моя история 3 | Цена перехода | 25-54 | lp /dzen,Воронеж,2
2024-06-20,Промостатья: Моя история 3 | Цена перехода | 25-54 | lp /dzen,Екатеринбург,2
2024-06-20,Промостатья: Моя история 3 | Цена перехода | 25-54 | lp /dzen,Иркутск,2
2024-06-20,Промостатья: Моя история 3 | Цена перехода | 25-54 | lp /dzen,Нижний Новгород,2
2024-06-20,Промостатья: Моя история 3 | Цена перехода | 25-54 | lp /dzen,Ростов-на-Дону,2
2024-06-20,Промостатья: Моя история 3 | Цена перехода | 25-54 | lp /dzen,Северодвинск,2
2024-06-23,Промостатья: Моя история 3 | Цена перехода | 25-54 | lp /franchise,Не определено,2
2024-06-24,Промостатья: Моя история 3 | Цена перехода | 25-54 | lp /franchise,Не определено,2
2024-04-01,Промостатья: Моя история 1 | Цена перехода | Ж25-54,Астрахань,1
2024-04-01,Промостатья: Моя история 1 | Цена перехода | Ж25-54,Воронеж,1
2024-04-01,Промостатья: Моя история 1 | Цена перехода | Ж25-54,Набережные Челны,1
2024-04-01,Промостатья: Моя история 1 | Цена перехода | Ж25-54,Новосибирск,1
2024-04-01,Промостатья: Моя история 1 | Цена перехода | Ж25-54,Оренбург,1
2024-04-01,Промостатья: Моя история 1 | Цена перехода | Ж25-54,Ростов-на-Дону,1
2024-04-02,Промостатья: Моя история 1 | Цена перехода | Ж25-54,Уфа,1
2024-04-04,Промостатья: Моя история 1 | Цена перехода | Ж25-54,Волгоград,1
2024-04-04,Промостатья: Моя история 1 | Цена перехода | Ж25-54,Екатеринбург,1
2024-04-04,Промостатья: Моя история 1 | Цена перехода | Ж25-54,Ижевск,1
2024-04-04,Промостатья: Моя история 1 | Цена перехода | Ж25-54,Краснодар,1
2024-04-04,Промостатья: Моя история 1 | Цена перехода | Ж25-54,Новосибирск,1
2024-04-04,Промостатья: Моя история 1 | Цена перехода | Ж25-54,Ростов-на-Дону,1
2024-04-04,Промостатья: Моя история 1 | Цена перехода | Ж25-54,Рязань,1
2024-04-04,Промостатья: Моя история 1 | Цена перехода | Ж25-54,Щёлково,1
2024-04-05,Промостатья: Моя история 1 | Цена перехода | Ж25-54,Не определено,1
2024-04-05,Промостатья: Моя история 1 | Цена перехода | Ж25-54,Бангкок,1
2024-04-05,Промостатья: Моя история 1 | Цена перехода | Ж25-54,Волгоград,1
2024-04-05,Промостатья: Моя история 1 | Цена перехода | Ж25-54,Иркутск,1
2024-04-05,Промостатья: Моя история 1 | Цена перехода | Ж25-54,Коломна,1
2024-04-05,Промостатья: Моя история 1 | Цена перехода | Ж25-54,Кострома,1
2024-04-05,Промостатья: Моя история 1 | Цена перехода | Ж25-54,Кудрово,1
2024-04-05,Промостатья: Моя история 1 | Цена перехода | Ж25-54,Новосибирск,1
2024-04-05,Промостатья: Моя история 1 | Цена перехода | Ж25-54,Ростов,1
2024-04-05,Промостатья: Моя история 1 | Цена перехода | Ж25-54,Ярославль,1
2024-04-05,Промостатья: Моя история 2 | Цена перехода | 25-54,Не определено,1
2024-04-05,Промостатья: Моя история 2 | Цена перехода | 25-54,Брянск,1
2024-04-06,Промостатья: Моя история 1 | Цена перехода | Ж25-54,Краснодар,1
2024-04-06,Промостатья: Моя история 1 | Цена перехода | Ж25-54,Петропавловск-Камчатский,1
2024-04-06,Промостатья: Моя история 1 | Цена перехода | Ж25-54,Санкт-Петербург,1
2024-04-06,Промостатья: Моя история 2 | Цена перехода | 25-54,Москва,1
2024-04-07,Промостатья: Моя история 1 | Цена перехода | Ж25-54,Домодедово,1
2024-04-07,Промостатья: Моя история 1 | Цена перехода | Ж25-54,Екатеринбург,1
2024-04-07,Промостатья: Моя история 1 | Цена перехода | Ж25-54,Краснодар,1
2024-04-07,Промостатья: Моя история 1 | Цена перехода | Ж25-54,Новосибирск,1
2024-04-07,Промостатья: Моя история 1 | Цена перехода | Ж25-54,Саратов,1
2024-04-07,Промостатья: Моя история 1 | Цена перехода | Ж25-54,Челябинск,1
2024-04-08,Промостатья: Моя история 1 | Цена перехода | Ж25-54,Великий Новгород,1
2024-04-08,Промостатья: Моя история 1 | Цена перехода | Ж25-54,Кисловодск,1
2024-04-08,Промостатья: Моя история 1 | Цена перехода | Ж25-54,Липецк,1
2024-04-08,Промостатья: Моя история 1 | Цена перехода | Ж25-54,Москва,1
2024-04-08,Промостатья: Моя история 1 | Цена перехода | Ж25-54,Новосибирск,1
2024-04-08,Промостатья: Моя история 1 | Цена перехода | Ж25-54,Пушкино,1
2024-04-08,Промостатья: Моя история 1 | Цена перехода | Ж25-54,Санкт-Петербург,1
2024-04-09,Промостатья: Моя история 1 | Цена перехода | Ж25-54,Барнаул,1
2024-04-09,Промостатья: Моя история 1 | Цена перехода | Ж25-54,Новосибирск,1
2024-04-09,Промостатья: Моя история 1 | Цена перехода | Ж25-54,Норильск,1
2024-04-09,Промостатья: Моя история 1 | Цена перехода | Ж25-54,Ростов-на-Дону,1
2024-04-09,Промостатья: Моя история 1 | Цена перехода | Ж25-54,Сочи,1
2024-04-09,Промостатья: Моя история 1 | Цена перехода | Ж25-54,Ставрополь,1
2024-04-09,Промостатья: Моя история 1 | Цена перехода | Ж25-54,Хабаровск,1
2024-04-09,Промостатья: Моя история 1 | Цена перехода | Ж25-54,Челябинск,1
2024-04-09,Промостатья: Моя история 1 | Цена перехода | Ж25-54,Череповец,1
2024-04-10,Промостатья: Моя история 1 | Цена перехода | Ж25-54,Воронеж,1
2024-04-10,Промостатья: Моя история 1 | Цена перехода | Ж25-54,Нижний Новгород,1
2024-04-10,Промостатья: Моя история 1 | Цена перехода | Ж25-54,Ростов-на-Дону,1
2024-04-10,Промостатья: Моя история 1 | Цена перехода | Ж25-54,Санкт-Петербург,1
2024-04-10,Промостатья: Моя история 1 | Цена перехода | Ж25-54,Химки,1
2024-04-10,Промостатья: Моя история 1 | Цена перехода | Ж25-54,Якутск,1
2024-04-10,Промостатья: Моя история 1 | Цена перехода | Ж25-54,Ярославль,1
2024-04-10,Промостатья: Моя история 2 | Цена перехода | 25-54,Не определено,1
2024-04-10,Промостатья: Моя история 2 | Цена перехода | 25-54,Москва,1
2024-04-11,Промостатья: Моя история 1 | Цена перехода | Ж25-54,Владимир,1
2024-04-11,Промостатья: Моя история 1 | Цена перехода | Ж25-54,Волгоград,1
2024-04-11,Промостатья: Моя история 1 | Цена перехода | Ж25-54,Красноярск,1
2024-04-11,Промостатья: Моя история 1 | Цена перехода | Ж25-54,Минск,1
2024-04-11,Промостатья: Моя история 1 | Цена перехода | Ж25-54,Нижний Новгород,1
2024-04-11,Промостатья: Моя история 1 | Цена перехода | Ж25-54,Сочи,1
2024-04-11,Промостатья: Моя история 2 | Цена перехода | 25-54,Санкт-Петербург,1
2024-04-12,Промостатья: Моя история 1 | Цена перехода | Ж25-54,Барнаул,1
2024-04-12,Промостатья: Моя история 1 | Цена перехода | Ж25-54,Екатеринбург,1
2024-04-12,Промостатья: Моя история 1 | Цена перехода | Ж25-54,Жуковский,1
2024-04-12,Промостатья: Моя история 1 | Цена перехода | Ж25-54,Киров,1
2024-04-12,Промостатья: Моя история 1 | Цена перехода | Ж25-54,Новосибирск,1
2024-04-12,Промостатья: Моя история 1 | Цена перехода | Ж25-54,Пермь,1
2024-04-12,Промостатья: Моя история 1 | Цена перехода | Ж25-54,Сердобск,1
2024-04-12,Промостатья: Моя история 1 | Цена перехода | Ж25-54,Тамбов,1
2024-04-12,Промостатья: Моя история 1 | Цена перехода | Ж25-54,Якутск,1
2024-04-12,Промостатья: Моя история 2 | Цена перехода | 25-54,Не определено,1
2024-04-13,Промостатья: Моя история 1 | Цена перехода | Ж25-54,Иркутск,1
2024-04-13,Промостатья: Моя история 1 | Цена перехода | Ж25-54,Невинномысск,1
2024-04-13,Промостатья: Моя история 1 | Цена перехода | Ж25-54,Нижний Тагил,1
2024-04-13,Промостатья: Моя история 1 | Цена перехода | Ж25-54,Новосибирск,1
2024-04-13,Промостатья: Моя история 1 | Цена перехода | Ж25-54,Одинцово,1
2024-04-13,Промостатья: Моя история 1 | Цена перехода | Ж25-54,Пермь,1
2024-04-13,Промостатья: Моя история 1 | Цена перехода | Ж25-54,Рязань,1
2024-04-13,Промостатья: Моя история 1 | Цена перехода | Ж25-54,Санкт-Петербург,1
2024-04-13,Промостатья: Моя история 1 | Цена перехода | Ж25-54,Ханты-Мансийск,1
2024-04-13,Промостатья: Моя история 1 | Цена перехода | Ж25-54,Якутск,1
2024-04-13,Промостатья: Моя история 2 | Цена перехода | 25-54,Не определено,1
2024-04-14,Промостатья: Моя история 1 | Цена перехода | Ж25-54,Барнаул,1
2024-04-14,Промостатья: Моя история 1 | Цена перехода | Ж25-54,Казань,1
2024-04-14,Промостатья: Моя история 1 | Цена перехода | Ж25-54,Королёв,1
2024-04-14,Промостатья: Моя история 1 | Цена перехода | Ж25-54,Краснодар,1
2024-04-14,Промостатья: Моя история 1 | Цена перехода | Ж25-54,Ростов-на-Дону,1
2024-04-14,Промостатья: Моя история 1 | Цена перехода | Ж25-54,Ставрополь,1
2024-04-14,Промостатья: Моя история 1 | Цена перехода | Ж25-54,Томск,1
2024-04-14,Промостатья: Моя история 1 | Цена перехода | Ж25-54,Хабаровск,1
2024-04-14,Промостатья: Моя история 1 | Цена перехода | Ж25-54,Якутск,1
2024-04-14,Промостатья: Моя история 2 | Цена перехода | 25-54,Не определено,1
2024-04-14,Промостатья: Моя история 2 | Цена перехода | 25-54,Пенза,1
2024-04-15,Промостатья: Моя история 1 | Цена перехода | Ж25-54,Будённовск,1
2024-04-15,Промостатья: Моя история 1 | Цена перехода | Ж25-54,Краснодар,1
2024-04-15,Промостатья: Моя история 1 | Цена перехода | Ж25-54,Липецк,1
2024-04-15,Промостатья: Моя история 1 | Цена перехода | Ж25-54,Москва,1
2024-04-15,Промостатья: Моя история 1 | Цена перехода | Ж25-54,Нижний Новгород,1
2024-04-15,Промостатья: Моя история 1 | Цена перехода | Ж25-54,Новосибирск,1
2024-04-15,Промостатья: Моя история 1 | Цена перехода | Ж25-54,Норильск,1
2024-04-15,Промостатья: Моя история 1 | Цена перехода | Ж25-54,Ростов-на-Дону,1
2024-04-15,Промостатья: Моя история 1 | Цена перехода | Ж25-54,Рыбинск,1
2024-04-15,Промостатья: Моя история 1 | Цена перехода | Ж25-54,Самара,1
2024-04-15,Промостатья: Моя история 1 | Цена перехода | Ж25-54,Челябинск,1
2024-04-15,Промостатья: Моя история 2 | Цена перехода | 25-54,Не определено,1
2024-04-16,Промостатья: Моя история 1 | Цена перехода | Ж25-54,Архангельск,1
2024-04-16,Промостатья: Моя история 1 | Цена перехода | Ж25-54,Екатеринбург,1
2024-04-16,Промостатья: Моя история 1 | Цена перехода | Ж25-54,Конаково,1
2024-04-16,Промостатья: Моя история 1 | Цена перехода | Ж25-54,Королёв,1
2024-04-16,Промостатья: Моя история 1 | Цена перехода | Ж25-54,Люберцы,1
2024-04-16,Промостатья: Моя история 1 | Цена перехода | Ж25-54,Ростов-на-Дону,1
2024-04-16,Промостатья: Моя история 1 | Цена перехода | Ж25-54,Санкт-Петербург,1
2024-04-16,Промостатья: Моя история 1 | Цена перехода | Ж25-54,Стерлитамак,1
2024-04-16,Промостатья: Моя история 1 | Цена перехода | Ж25-54,Тверь,1
2024-04-16,Промостатья: Моя история 1 | Цена перехода | Ж25-54,Тула,1
2024-04-16,Промостатья: Моя история 2 | Цена перехода | 25-54,Самара,1
2024-04-17,Промостатья: Моя история 1 | Цена перехода | Ж25-54,Воронеж,1
2024-04-17,Промостатья: Моя история 1 | Цена перехода | Ж25-54,Москва,1
2024-04-17,Промостатья: Моя история 1 | Цена перехода | Ж25-54,Ставрополь,1
2024-04-17,Промостатья: Моя история 1 | Цена перехода | Ж25-54,Тверь,1
2024-04-17,Промостатья: Моя история 1 | Цена перехода | Ж25-54,Щёлково,1
2024-04-17,Промостатья: Моя история 2 | Цена перехода | 25-54,Не определено,1
2024-04-18,Промостатья: Моя история 1 | Цена перехода | Ж25-54,Великий Новгород,1
2024-04-18,Промостатья: Моя история 1 | Цена перехода | Ж25-54,Владивосток,1
2024-04-18,Промостатья: Моя история 1 | Цена перехода | Ж25-54,Генуя,1
2024-04-18,Промостатья: Моя история 1 | Цена перехода | Ж25-54,Иркутск,1
2024-04-18,Промостатья: Моя история 1 | Цена перехода | Ж25-54,Красноярск,1
2024-04-18,Промостатья: Моя история 1 | Цена перехода | Ж25-54,Нижний Новгород,1
2024-04-18,Промостатья: Моя история 1 | Цена перехода | Ж25-54,Новосибирск,1
2024-04-18,Промостатья: Моя история 1 | Цена перехода | Ж25-54,Пенза,1
2024-04-18,Промостатья: Моя история 1 | Цена перехода | Ж25-54,Санкт-Петербург,1
2024-04-19,Промостатья: Моя история 1 | Цена перехода | Ж25-54,Баку,1
2024-04-19,Промостатья: Моя история 1 | Цена перехода | Ж25-54,Воронеж,1
2024-04-19,Промостатья: Моя история 1 | Цена перехода | Ж25-54,Курск,1
2024-04-19,Промостатья: Моя история 1 | Цена перехода | Ж25-54,Пенза,1
2024-04-19,Промостатья: Моя история 1 | Цена перехода | Ж25-54,Саратов,1
2024-04-19,Промостатья: Моя история 1 | Цена перехода | Ж25-54,Ухта,1
2024-04-19,Промостатья: Моя история 1 | Цена перехода | Ж25-54,Хабаровск,1
2024-04-19,Промостатья: Моя история 1 | Цена перехода | Ж25-54,Ярославль,1
2024-04-19,Промостатья: Моя история 2 | Цена перехода | 25-54,Нижний Новгород,1
2024-04-20,Промостатья: Моя история 1 | Цена перехода | Ж25-54,Великие Луки,1
2024-04-20,Промостатья: Моя история 1 | Цена перехода | Ж25-54,Донской,1
2024-04-20,Промостатья: Моя история 1 | Цена перехода | Ж25-54,Калининград,1
2024-04-20,Промостатья: Моя история 1 | Цена перехода | Ж25-54,Краснодар,1
2024-04-20,Промостатья: Моя история 1 | Цена перехода | Ж25-54,Пенза,1
2024-04-20,Промостатья: Моя история 1 | Цена перехода | Ж25-54,Саратов,1
2024-04-20,Промостатья: Моя история 1 | Цена перехода | Ж25-54,Челябинск,1
2024-04-20,Промостатья: Моя история 2 | Цена перехода | 25-54,Нижний Новгород,1
2024-04-21,Промостатья: Моя история 1 | Цена перехода | Ж25-54,Москва,1
2024-04-21,Промостатья: Моя история 1 | Цена перехода | Ж25-54,Санкт-Петербург,1
2024-04-22,Промостатья: Моя история 1 | Цена перехода | Ж25-54,Не определено,1
2024-04-22,Промостатья: Моя история 1 | Цена перехода | Ж25-54,Тверь,1
2024-04-23,Промостатья: Моя история 1 | Цена перехода | Ж25-54,Липецк,1
2024-04-23,Промостатья: Моя история 1 | Цена перехода | Ж25-54,Москва,1
2024-04-23,Промостатья: Моя история 1 | Цена перехода | Ж25-54,Сургут,1
2024-04-23,Промостатья: Моя история 1 | Цена перехода | Ж25-54,Челябинск,1
2024-04-24,Промостатья: Моя история 1 | Цена перехода | Ж25-54,Волгодонск,1
2024-04-24,Промостатья: Моя история 1 | Цена перехода | Ж25-54,Волжский,1
2024-04-24,Промостатья: Моя история 1 | Цена перехода | Ж25-54,Гомель,1
2024-04-24,Промостатья: Моя история 1 | Цена перехода | Ж25-54,Краснодар,1
2024-04-24,Промостатья: Моя история 1 | Цена перехода | Ж25-54,Липецк,1
2024-04-24,Промостатья: Моя история 1 | Цена перехода | Ж25-54,Нижний Новгород,1
2024-04-24,Промостатья: Моя история 1 | Цена перехода | Ж25-54,Новокузнецк,1
2024-04-24,Промостатья: Моя история 1 | Цена перехода | Ж25-54,Омск,1
2024-04-24,Промостатья: Моя история 1 | Цена перехода | Ж25-54,Ростов-на-Дону,1
2024-04-24,Промостатья: Моя история 1 | Цена перехода | Ж25-54,Санкт-Петербург,1
2024-04-24,Промостатья: Моя история 2 | Цена перехода | 25-54,Екатеринбург,1
2024-04-24,Промостатья: Моя история 2 | Цена перехода | 25-54,Челябинск,1
2024-04-24,Промостатья: Моя история 2 | Цена перехода | 25-54,Чита,1
2024-04-25,Промостатья: Моя история 1 | Цена перехода | Ж25-54,Екатеринбург,1
2024-04-25,Промостатья: Моя история 1 | Цена перехода | Ж25-54,Киров,1
2024-04-25,Промостатья: Моя история 1 | Цена перехода | Ж25-54,Нижний Новгород,1
2024-04-25,Промостатья: Моя история 1 | Цена перехода | Ж25-54,Пенза,1
2024-04-25,Промостатья: Моя история 1 | Цена перехода | Ж25-54,Псков,1
2024-04-25,Промостатья: Моя история 1 | Цена перехода | Ж25-54,Пятигорск,1
2024-04-26,Промостатья: Моя история 1 | Цена перехода | Ж25-54,Барнаул,1
2024-04-26,Промостатья: Моя история 1 | Цена перехода | Ж25-54,Липецк,1
2024-04-26,Промостатья: Моя история 1 | Цена перехода | Ж25-54,Нижний Новгород,1
2024-04-26,Промостатья: Моя история 1 | Цена перехода | Ж25-54,Омск,1
2024-04-27,Промостатья: Моя история 1 | Цена перехода | Ж25-54,Москва,1
2024-04-27,Промостатья: Моя история 1 | Цена перехода | Ж25-54,Оренбург,1
2024-04-27,Промостатья: Моя история 1 | Цена перехода | Ж25-54,Смоленск,1
2024-04-27,Промостатья: Моя история 2 | Цена перехода | 25-54,Киров,1
2024-04-28,Промостатья: Моя история 1 | Цена перехода | Ж25-54,Екатеринбург,1
2024-04-28,Промостатья: Моя история 1 | Цена перехода | Ж25-54,Красноярск,1
2024-04-28,Промостатья: Моя история 1 | Цена перехода | Ж25-54,Москва,1
2024-04-29,Промостатья: Моя история 1 | Цена перехода | Ж25-54,Барнаул,1
2024-04-29,Промостатья: Моя история 1 | Цена перехода | Ж25-54,Владивосток,1
2024-04-29,Промостатья: Моя история 1 | Цена перехода | Ж25-54,Екатеринбург,1
2024-04-29,Промостатья: Моя история 1 | Цена перехода | Ж25-54,Краснодар,1
2024-04-29,Промостатья: Моя история 1 | Цена перехода | Ж25-54,Красноярск,1
2024-04-29,Промостатья: Моя история 1 | Цена перехода | Ж25-54,Новосибирск,1
2024-04-29,Промостатья: Моя история 1 | Цена перехода | Ж25-54,Пенза,1
2024-04-29,Промостатья: Моя история 1 | Цена перехода | Ж25-54,Санкт-Петербург,1
2024-04-30,Промостатья: Моя история 1 | Цена перехода | Ж25-54,Барнаул,1
2024-04-30,Промостатья: Моя история 1 | Цена перехода | Ж25-54,Волгоград,1
2024-04-30,Промостатья: Моя история 1 | Цена перехода | Ж25-54,Королёв,1
2024-04-30,Промостатья: Моя история 1 | Цена перехода | Ж25-54,Нижний Новгород,1
2024-04-30,Промостатья: Моя история 1 | Цена перехода | Ж25-54,Сургут,1
2024-05-01,Промостатья: Моя история 1 | Цена перехода | Ж25-54,Астрахань,1
2024-05-01,Промостатья: Моя история 1 | Цена перехода | Ж25-54,Брянск,1
2024-05-01,Промостатья: Моя история 1 | Цена перехода | Ж25-54,Волгоград,1
2024-05-01,Промостатья: Моя история 1 | Цена перехода | Ж25-54,Екатеринбург,1
2024-05-01,Промостатья: Моя история 1 | Цена перехода | Ж25-54,Краснодар,1
2024-05-05,Промостатья: Моя история 1 | Цена перехода | Ж25-54,Не определено,1
2024-05-06,Промостатья: Моя история 1 | Цена перехода | Ж25-54,Аксай,1
2024-05-06,Промостатья: Моя история 1 | Цена перехода | Ж25-54,Балаково,1
2024-05-06,Промостатья: Моя история 1 | Цена перехода | Ж25-54,Братск,1
2024-05-06,Промостатья: Моя история 1 | Цена перехода | Ж25-54,Владимир,1
2024-05-06,Промостатья: Моя история 1 | Цена перехода | Ж25-54,Волгоград,1
2024-05-06,Промостатья: Моя история 1 | Цена перехода | Ж25-54,Волжский,1
2024-05-06,Промостатья: Моя история 1 | Цена перехода | Ж25-54,Воронеж,1
2024-05-06,Промостатья: Моя история 1 | Цена перехода | Ж25-54,Иркутск,1
2024-05-06,Промостатья: Моя история 1 | Цена перехода | Ж25-54,Майкоп,1
2024-05-06,Промостатья: Моя история 1 | Цена перехода | Ж25-54,Нижний Новгород,1
2024-05-06,Промостатья: Моя история 1 | Цена перехода | Ж25-54,Ногинск,1
2024-05-06,Промостатья: Моя история 1 | Цена перехода | Ж25-54,Одинцово,1
2024-05-06,Промостатья: Моя история 1 | Цена перехода | Ж25-54,Пенза,1
2024-05-06,Промостатья: Моя история 1 | Цена перехода | Ж25-54,Таганрог,1
2024-05-06,Промостатья: Моя история 1 | Цена перехода | Ж25-54,Уфа,1
2024-05-06,Промостатья: Моя история 1 | Цена перехода | Ж25-54,Элиста,1
2024-05-06,Промостатья: Моя история 2 | Цена перехода | 25-54,Киров,1
2024-05-07,Промостатья: Моя история 1 | Цена перехода | Ж25-54,Артём,1
2024-05-07,Промостатья: Моя история 1 | Цена перехода | Ж25-54,Воронеж,1
2024-05-07,Промостатья: Моя история 1 | Цена перехода | Ж25-54,Екатеринбург,1
2024-05-07,Промостатья: Моя история 1 | Цена перехода | Ж25-54,Иркутск,1
2024-05-07,Промостатья: Моя история 1 | Цена перехода | Ж25-54,Киров,1
2024-05-07,Промостатья: Моя история 1 | Цена перехода | Ж25-54,Люберцы,1
2024-05-07,Промостатья: Моя история 1 | Цена перехода | Ж25-54,Мытищи,1
2024-05-07,Промостатья: Моя история 1 | Цена перехода | Ж25-54,Самара,1
2024-05-07,Промостатья: Моя история 1 | Цена перехода | Ж25-54,Санкт-Петербург,1
2024-05-07,Промостатья: Моя история 1 | Цена перехода | Ж25-54,Саратов,1
2024-05-07,Промостатья: Моя история 1 | Цена перехода | Ж25-54,Сочи,1
2024-05-07,Промостатья: Моя история 1 | Цена перехода | Ж25-54,Ступино,1
2024-05-07,Промостатья: Моя история 2 | Цена перехода | 25-54,Красноярск,1
2024-05-07,Промостатья: Моя история 2 | Цена перехода | 25-54,Москва,1
2024-05-07,Промостатья: Моя история 2 | Цена перехода | 25-54,Пермь,1
2024-05-13,Промостатья: Моя история 1 | Цена перехода | Ж25-54,Воскресенск,1
2024-05-13,Промостатья: Моя история 1 | Цена перехода | Ж25-54,Новосибирск,1
2024-05-13,Промостатья: Моя история 1 | Цена перехода | Ж25-54,Подольск,1
2024-05-13,Промостатья: Моя история 1 | Цена перехода | Ж25-54,Санкт-Петербург,1
2024-05-13,Промостатья: Моя история 2 | Цена перехода | 25-54,Не определено,1
2024-05-13,Промостатья: Моя история 2 | Цена перехода | 25-54,Иркутск,1
2024-05-13,Промостатья: Моя история 2 | Цена перехода | 25-54,Новосибирск,1
2024-05-13,Промостатья: Моя история 2 | Цена перехода | 25-54,Ростов-на-Дону,1
2024-05-13,Промостатья: Моя история 2 | Цена перехода | 25-54,Санкт-Петербург,1
2024-05-13,Промостатья: Моя история 2 | Цена перехода | 25-54,Челябинск,1
2024-05-14,Промостатья: Моя история 1 | Цена перехода | Ж25-54,Великий Новгород,1
2024-05-14,Промостатья: Моя история 1 | Цена перехода | Ж25-54,Волгоград,1
2024-05-14,Промостатья: Моя история 1 | Цена перехода | Ж25-54,Королёв,1
2024-05-14,Промостатья: Моя история 1 | Цена перехода | Ж25-54,Ростов-на-Дону,1
2024-05-15,Промостатья: Моя история 1 | Цена перехода | Ж25-54,Кириши,1
2024-05-15,Промостатья: Моя история 1 | Цена перехода | Ж25-54,Лыткарино,1
2024-05-15,Промостатья: Моя история 1 | Цена перехода | Ж25-54,Майкоп,1
2024-05-15,Промостатья: Моя история 1 | Цена перехода | Ж25-54,Москва,1
2024-05-15,Промостатья: Моя история 1 | Цена перехода | Ж25-54,Новосибирск,1
2024-05-15,Промостатья: Моя история 1 | Цена перехода | Ж25-54,Хабаровск,1
2024-05-16,Промостатья: Моя история 1 | Цена перехода | Ж25-54,Не определено,1
2024-05-16,Промостатья: Моя история 1 | Цена перехода | Ж25-54,Москва,1
2024-05-17,Промостатья: Моя история 1 | Цена перехода | Ж25-54,Не определено,1
2024-05-17,Промостатья: Моя история 1 | Цена перехода | Ж25-54,Нижний Новгород,1
2024-05-17,Промостатья: Моя история 2 | Цена перехода | 25-54,Не определено,1
2024-05-17,Промостатья: Моя история 2 | Цена перехода | 25-54,Воронеж,1
2024-05-17,Промостатья: Моя история 2 | Цена перехода | 25-54,Саратов,1
2024-05-18,Промостатья: Моя история 1 | Цена перехода | Ж25-54,Не определено,1
2024-05-18,Промостатья: Моя история 1 | Цена перехода | Ж25-54,Воронеж,1
2024-05-19,Промостатья: Моя история 1 | Цена перехода | Ж25-54,Азов,1
2024-05-19,Промостатья: Моя история 1 | Цена перехода | Ж25-54,Екатеринбург,1
2024-05-19,Промостатья: Моя история 1 | Цена перехода | Ж25-54,Самара,1
2024-05-20,Промостатья: Моя история 1 | Цена перехода | Ж25-54,Набережные Челны,1
2024-05-20,Промостатья: Моя история 1 | Цена перехода | Ж25-54,Пенза,1
2024-05-21,Промостатья: Моя история 1 | Цена перехода | Ж25-54,Александров,1
2024-05-21,Промостатья: Моя история 2 | Цена перехода | 25-54,Москва,1
2024-05-21,Промостатья: Моя история 2 | Цена перехода | 25-54,Томск,1
2024-05-22,Промостатья: Моя история 1 | Цена перехода | Ж25-54,Благовещенск,1
2024-05-22,Промостатья: Моя история 1 | Цена перехода | Ж25-54,Пенза,1
2024-05-22,Промостатья: Моя история 1 | Цена перехода | Ж25-54,Сыктывкар,1
2024-05-22,Промостатья: Моя история 1 | Цена перехода | Ж25-54,Тюмень,1
2024-05-22,Промостатья: Моя история 1 | Цена перехода | Ж25-54,Шелехов,1
2024-05-22,Промостатья: Моя история 2 | Цена перехода | 25-54,Пятигорск,1
2024-05-23,Промостатья: Моя история 1 | Цена перехода | Ж25-54,Москва,1
2024-05-23,Промостатья: Моя история 2 | Цена перехода | 25-54,Не определено,1
2024-05-23,Промостатья: Моя история 2 | Цена перехода | 25-54,Москва,1
2024-05-24,Промостатья: Моя история 1 | Цена перехода | Ж25-54,Не определено,1
2024-05-24,Промостатья: Моя история 1 | Цена перехода | Ж25-54,Архангельск,1
2024-05-24,Промостатья: Моя история 1 | Цена перехода | Ж25-54,Екатеринбург,1
2024-05-24,Промостатья: Моя история 1 | Цена перехода | Ж25-54,Иваново,1
2024-05-24,Промостатья: Моя история 1 | Цена перехода | Ж25-54,Краснодар,1
2024-05-24,Промостатья: Моя история 1 | Цена перехода | Ж25-54,Москва,1
2024-05-24,Промостатья: Моя история 1 | Цена перехода | Ж25-54,Орёл,1
2024-05-24,Промостатья: Моя история 1 | Цена перехода | Ж25-54,Пермь,1
2024-05-24,Промостатья: Моя история 2 | Цена перехода | 25-54,Не определено,1
2024-05-24,Промостатья: Моя история 2 | Цена перехода | 25-54,Екатеринбург,1
2024-05-25,Промостатья: Моя история 1 | Цена перехода | Ж25-54,Ачинск,1
2024-05-25,Промостатья: Моя история 1 | Цена перехода | Ж25-54,Великие Луки,1
2024-05-25,Промостатья: Моя история 1 | Цена перехода | Ж25-54,Волгоград,1
2024-05-25,Промостатья: Моя история 1 | Цена перехода | Ж25-54,Липецк,1
2024-05-25,Промостатья: Моя история 1 | Цена перехода | Ж25-54,Чебоксары,1
2024-05-26,Промостатья: Моя история 1 | Цена перехода | Ж25-54,Не определено,1
2024-05-26,Промостатья: Моя история 1 | Цена перехода | Ж25-54,Волжский,1
2024-05-26,Промостатья: Моя история 1 | Цена перехода | Ж25-54,Екатеринбург,1
2024-05-26,Промостатья: Моя история 1 | Цена перехода | Ж25-54,Красноярск,1
2024-05-26,Промостатья: Моя история 1 | Цена перехода | Ж25-54,Москва,1
2024-05-26,Промостатья: Моя история 1 | Цена перехода | Ж25-54,Новосибирск,1
2024-05-26,Промостатья: Моя история 1 | Цена перехода | Ж25-54,Ржев,1
2024-05-26,Промостатья: Моя история 1 | Цена перехода | Ж25-54,Чебоксары,1
2024-05-26,Промостатья: Моя история 1 | Цена перехода | Ж25-54,Челябинск,1
2024-05-27,Промостатья: Моя история 1 | Цена перехода | Ж25-54,Не определено,1
2024-05-27,Промостатья: Моя история 1 | Цена перехода | Ж25-54,Москва,1
2024-05-27,Промостатья: Моя история 1 | Цена перехода | Ж25-54,Нижний Новгород,1
2024-05-27,Промостатья: Моя история 3 | Цена перехода | 25-54,Тольятти,1
2024-05-29,Промостатья: Моя история 3 | Цена перехода | 25-54,Не определено,1
2024-05-29,Промостатья: Моя история 3 | Цена перехода | 25-54,Самара,1
2024-05-30,Промостатья: Моя история 3 | Цена перехода | 25-54,Армавир,1
2024-05-30,Промостатья: Моя история 3 | Цена перехода | 25-54,Барнаул,1
2024-05-30,Промостатья: Моя история 3 | Цена перехода | 25-54,Бишкек,1
2024-05-30,Промостатья: Моя история 3 | Цена перехода | 25-54,Кемерово,1
2024-05-30,Промостатья: Моя история 3 | Цена перехода | 25-54,Краснодар,1
2024-05-30,Промостатья: Моя история 3 | Цена перехода | 25-54,Москва,1
2024-05-30,Промостатья: Моя история 3 | Цена перехода | 25-54,Нижний Новгород,1
2024-05-30,Промостатья: Моя история 3 | Цена перехода | 25-54,Оренбург,1
2024-05-30,Промостатья: Моя история 3 | Цена перехода | 25-54,Прокопьевск,1
2024-05-30,Промостатья: Моя история 3 | Цена перехода | 25-54,Ростов-на-Дону,1
2024-05-30,Промостатья: Моя история 3 | Цена перехода | 25-54,Рубцовск,1
2024-05-30,Промостатья: Моя история 3 | Цена перехода | 25-54,Смоленск,1
2024-05-30,Промостатья: Моя история 3 | Цена перехода | 25-54,Чита,1
2024-05-31,Промостатья: Моя история 1 | Цена перехода | Ж25-54,Не определено,1
2024-05-31,Промостатья: Моя история 3 | Цена перехода | 25-54,Казань,1
2024-05-31,Промостатья: Моя история 3 | Цена перехода | 25-54,Королёв,1
2024-05-31,Промостатья: Моя история 3 | Цена перехода | 25-54,Москва,1
2024-05-31,Промостатья: Моя история 3 | Цена перехода | 25-54,Санкт-Петербург,1
2024-06-01,Промостатья: Моя история 3 | Цена перехода | 25-54,Нижний Новгород,1
2024-06-01,Промостатья: Моя история 3 | Цена перехода | 25-54,Санкт-Петербург,1
2024-06-01,Промостатья: Моя история 3 | Цена перехода | 25-54,Саратов,1
2024-06-01,Промостатья: Моя история 3 | Цена перехода | 25-54,Симферополь,1
2024-06-02,Промостатья: Моя история 3 | Цена перехода | 25-54,Екатеринбург,1
2024-06-04,Промостатья: Моя история 3 | Цена перехода | 25-54,Ростов-на-Дону,1
2024-06-04,Промостатья: Моя история 3 | Цена перехода | 25-54,Смоленск,1
2024-06-05,Промостатья: Моя история 3 | Цена перехода | 25-54,Курск,1
2024-06-05,Промостатья: Моя история 3 | Цена перехода | 25-54,Москва,1
2024-06-06,Промостатья: Моя история 3 | Цена перехода | 25-54,Александров,1
2024-06-06,Промостатья: Моя история 3 | Цена перехода | 25-54,Амстердам,1
2024-06-06,Промостатья: Моя история 3 | Цена перехода | 25-54,Владимир,1
2024-06-06,Промостатья: Моя история 3 | Цена перехода | 25-54,Волгоград,1
2024-06-06,Промостатья: Моя история 3 | Цена перехода | 25-54,Евпатория,1
2024-06-06,Промостатья: Моя история 3 | Цена перехода | 25-54,Йошкар-Ола,1
2024-06-06,Промостатья: Моя история 3 | Цена перехода | 25-54,Королёв,1
2024-06-06,Промостатья: Моя история 3 | Цена перехода | 25-54,Краснодар,1
2024-06-06,Промостатья: Моя история 3 | Цена перехода | 25-54,Москва,1
2024-06-06,Промостатья: Моя история 3 | Цена перехода | 25-54,Севастополь,1
2024-06-06,Промостатья: Моя история 3 | Цена перехода | 25-54,Смоленск,1
2024-06-07,Промостатья: Моя история 3 | Цена перехода | 25-54,Барнаул,1
2024-06-07,Промостатья: Моя история 3 | Цена перехода | 25-54,Екатеринбург,1
2024-06-07,Промостатья: Моя история 3 | Цена перехода | 25-54,Иркутск,1
2024-06-07,Промостатья: Моя история 3 | Цена перехода | 25-54,Ленинск-Кузнецкий,1
2024-06-07,Промостатья: Моя история 3 | Цена перехода | 25-54,Новороссийск,1
2024-06-07,Промостатья: Моя история 3 | Цена перехода | 25-54,Пенза,1
2024-06-08,Промостатья: Моя история 3 | Цена перехода | 25-54,Ташкент,1
2024-06-09,Промостатья: Моя история 3 | Цена перехода | 25-54,Казань,1
2024-06-09,Промостатья: Моя история 3 | Цена перехода | 25-54,Москва,1
2024-06-09,Промостатья: Моя история 3 | Цена перехода | 25-54,Саратов,1
2024-06-09,Промостатья: Моя история 3 | Цена перехода | 25-54,Томск,1
2024-06-10,Промостатья: Моя история 3 | Цена перехода | 25-54,Воронеж,1
2024-06-10,Промостатья: Моя история 3 | Цена перехода | 25-54,Коломна,1
2024-06-10,Промостатья: Моя история 3 | Цена перехода | 25-54,Пенза,1
2024-06-10,Промостатья: Моя история 3 | Цена перехода | 25-54,Рязань,1
2024-06-10,Промостатья: Моя история 3 | Цена перехода | 25-54,Санкт-Петербург,1
2024-06-10,Промостатья: Моя история 3 | Цена перехода | 25-54,Уфа,1
2024-06-11,Промостатья: Моя история 3 | Цена перехода | 25-54,Краснодар,1
2024-06-11,Промостатья: Моя история 3 | Цена перехода | 25-54,Севастополь,1
2024-06-12,Промостатья: Моя история 3 | Цена перехода | 25-54,Липецк,1
2024-06-13,Промостатья: Моя история 3 | Цена перехода | 25-54,Не определено,1
2024-06-13,Промостатья: Моя история 3 | Цена перехода | 25-54,Краснодар,1
2024-06-13,Промостатья: Моя история 3 | Цена перехода | 25-54,Санкт-Петербург,1
2024-06-14,Промостатья: Моя история 1 | Цена перехода | Ж25-54,Красноярск,1
2024-06-17,Промостатья: Моя история 3 | Цена перехода | 25-54,Владимир,1
2024-06-17,Промостатья: Моя история 3 | Цена перехода | 25-54,Воронеж,1
2024-06-17,Промостатья: Моя история 3 | Цена перехода | 25-54,Калуга,1
2024-06-17,Промостатья: Моя история 3 | Цена перехода | 25-54,Ростов-на-Дону,1
2024-06-18,Промостатья: Моя история 3 | Цена перехода | 25-54,Москва,1
2024-06-18,Промостатья: Моя история 3 | Цена перехода | 25-54,Петрозаводск,1
2024-06-19,Промостатья: Моя история 3 | Цена перехода | 25-54 | lp /dzen,Алатырь,1
2024-06-19,Промостатья: Моя история 3 | Цена перехода | 25-54 | lp /dzen,Барнаул,1
2024-06-19,Промостатья: Моя история 3 | Цена перехода | 25-54 | lp /dzen,Иркутск,1
2024-06-19,Промостатья: Моя история 3 | Цена перехода | 25-54 | lp /dzen,Казань,1
2024-06-19,Промостатья: Моя история 3 | Цена перехода | 25-54 | lp /dzen,Калуга,1
2024-06-19,Промостатья: Моя история 3 | Цена перехода | 25-54 | lp /dzen,Королёв,1
2024-06-19,Промостатья: Моя история 3 | Цена перехода | 25-54 | lp /dzen,Липецк,1
2024-06-19,Промостатья: Моя история 3 | Цена перехода | 25-54 | lp /dzen,Новосибирск,1
2024-06-19,Промостатья: Моя история 3 | Цена перехода | 25-54 | lp /dzen,Самара,1
2024-06-19,Промостатья: Моя история 3 | Цена перехода | 25-54 | lp /dzen,Санкт-Петербург,1
2024-06-19,Промостатья: Моя история 3 | Цена перехода | 25-54 | lp /dzen,Симферополь,1
2024-06-19,Промостатья: Моя история 3 | Цена перехода | 25-54 | lp /dzen,Чебоксары,1
2024-06-19,Промостатья: Моя история 3 | Цена перехода | 25-54 | lp /franchise,Майкоп,1
2024-06-19,Промостатья: Моя история 3 | Цена перехода | 25-54 | lp /franchise,Москва,1
2024-06-19,Промостатья: Моя история 3 | Цена перехода | 25-54 | lp /franchise,Рязань,1
2024-06-19,Промостатья: Моя история 3 | Цена перехода | 25-54 | lp /franchise,Санкт-Петербург,1
2024-06-20,Промостатья: Моя история 3 | Цена перехода | 25-54 | lp /dzen,Владимир,1
2024-06-20,Промостатья: Моя история 3 | Цена перехода | 25-54 | lp /dzen,Домодедово,1
2024-06-20,Промостатья: Моя история 3 | Цена перехода | 25-54 | lp /dzen,Ижевск,1
2024-06-20,Промостатья: Моя история 3 | Цена перехода | 25-54 | lp /dzen,Калининград,1
2024-06-20,Промостатья: Моя история 3 | Цена перехода | 25-54 | lp /dzen,Королёв,1
2024-06-20,Промостатья: Моя история 3 | Цена перехода | 25-54 | lp /dzen,Курск,1
2024-06-20,Промостатья: Моя история 3 | Цена перехода | 25-54 | lp /dzen,Мурманск,1
2024-06-20,Промостатья: Моя история 3 | Цена перехода | 25-54 | lp /dzen,Нижневартовск,1
2024-06-20,Промостатья: Моя история 3 | Цена перехода | 25-54 | lp /dzen,Омск,1
2024-06-20,Промостатья: Моя история 3 | Цена перехода | 25-54 | lp /dzen,Саранск,1
2024-06-20,Промостатья: Моя история 3 | Цена перехода | 25-54 | lp /dzen,Севастополь,1
2024-06-20,Промостатья: Моя история 3 | Цена перехода | 25-54 | lp /dzen,Сыктывкар,1
2024-06-20,Промостатья: Моя история 3 | Цена перехода | 25-54 | lp /dzen,Хабаровск,1
2024-06-20,Промостатья: Моя история 3 | Цена перехода | 25-54 | lp /dzen,Чебоксары,1
2024-06-20,Промостатья: Моя история 3 | Цена перехода | 25-54 | lp /franchise,Барнаул,1
2024-06-20,Промостатья: Моя история 3 | Цена перехода | 25-54 | lp /franchise,Брянск,1
2024-06-20,Промостатья: Моя история 3 | Цена перехода | 25-54 | lp /franchise,Ижевск,1
2024-06-20,Промостатья: Моя история 3 | Цена перехода | 25-54 | lp /franchise,Люберцы,1
2024-06-20,Промостатья: Моя история 3 | Цена перехода | 25-54 | lp /franchise,Москва,1
2024-06-20,Промостатья: Моя история 3 | Цена перехода | 25-54 | lp /franchise,Нижний Новгород,1
2024-06-20,Промостатья: Моя история 3 | Цена перехода | 25-54 | lp /franchise,Пермь,1
2024-06-20,Промостатья: Моя история 3 | Цена перехода | 25-54 | lp /franchise,Томск,1
2024-06-20,Промостатья: Моя история 3 | Цена перехода | 25-54 | lp /franchise,Тюмень,1
2024-06-20,Промостатья: Моя история 3 | Цена перехода | 25-54 | lp /franchise,Феодосия,1
2024-06-20,Промостатья: Моя история 3 | Цена перехода | 25-54 | lp /franchise,Франкфурт-на-Майне,1
2024-06-21,Промостатья: Моя история 3 | Цена перехода | 25-54 | lp /dzen,Калининград,1
2024-06-21,Промостатья: Моя история 3 | Цена перехода | 25-54 | lp /dzen,Новосибирск,1
2024-06-21,Промостатья: Моя история 3 | Цена перехода | 25-54 | lp /dzen,Петропавловск-Камчатский,1
2024-06-21,Промостатья: Моя история 3 | Цена перехода | 25-54 | lp /dzen,Санкт-Петербург,1
2024-06-21,Промостатья: Моя история 3 | Цена перехода | 25-54 | lp /dzen,Севастополь,1
2024-06-21,Промостатья: Моя история 3 | Цена перехода | 25-54 | lp /dzen,Туапсе,1
2024-06-21,Промостатья: Моя история 3 | Цена перехода | 25-54 | lp /dzen,Челябинск,1
2024-06-21,Промостатья: Моя история 3 | Цена перехода | 25-54 | lp /franchise,Арамиль,1
2024-06-21,Промостатья: Моя история 3 | Цена перехода | 25-54 | lp /franchise,Брянск,1
2024-06-21,Промостатья: Моя история 3 | Цена перехода | 25-54 | lp /franchise,Дорогобуж,1
2024-06-21,Промостатья: Моя история 3 | Цена перехода | 25-54 | lp /franchise,Липецк,1
2024-06-21,Промостатья: Моя история 3 | Цена перехода | 25-54 | lp /franchise,Франкфурт-на-Майне,1
2024-06-22,Промостатья: Моя история 3 | Цена перехода | 25-54 | lp /franchise,Иркутск,1
2024-06-22,Промостатья: Моя история 3 | Цена перехода | 25-54 | lp /franchise,Санкт-Петербург,1
2024-06-23,Промостатья: Моя история 3 | Цена перехода | 25-54 | lp /dzen,Новосибирск,1
2024-06-23,Промостатья: Моя история 3 | Цена перехода | 25-54 | lp /dzen,Санкт-Петербург,1
2024-06-23,Промостатья: Моя история 3 | Цена перехода | 25-54 | lp /franchise,Краснодар,1
2024-06-23,Промостатья: Моя история 3 | Цена перехода | 25-54 | lp /franchise,Москва,1
2024-06-25,Промостатья: Моя история 1 | Цена перехода | Ж25-54,Не определено,1
2024-06-25,Промостатья: Моя история 3 | Цена перехода | 25-54 | lp /franchise,Не определено,1
2024-06-25,Промостатья: Моя история 3 | Цена перехода | 25-54 | lp /franchise,Якутск,1
2024-06-29,Промостатья: Моя история 3 | Цена перехода | 25-54 | lp /franchise,Не определено,1
2024-08-01,Промостатья: Моя история 1 | Цена перехода | Ж25-54,Не определено,10
2024-08-06,Промостатья: Моя история 1 | Цена перехода | Ж25-54,Не определено,10
2024-09-21,Промостатья: Моя история 1 | Цена перехода | М,Не определено,10
2024-07-09,Промостатья: Моя история 3 | Цена перехода | 25-54 | lp /franchise,Не определено,9
2024-07-26,Промостатья: Моя история 1 | Цена перехода | Ж25-54,Не определено,9
2024-07-29,Промостатья: Моя история 1 | Цена перехода | Ж25-54,Не определено,9
2024-07-25,Промостатья: Моя история 1 | Цена перехода | Ж25-54,Не определено,8
2024-08-03,Промостатья: Моя история 1 | Цена перехода | Ж25-54,Не определено,8
2024-08-10,Промостатья: Моя история 1 | Цена перехода | Ж25-54,Не определено,8
2024-08-04,Промостатья: Моя история 1 | Цена перехода | Ж25-54,Не определено,7
2024-09-22,Промостатья: Моя история 1 | Цена перехода | М,Не определено,7
2024-07-11,Промостатья: Моя история 3 | Цена перехода | 25-54 | lp /franchise,Не определено,6
2024-08-09,Промостатья: Моя история 1 | Цена перехода | Ж25-54,Не определено,6
2024-07-09,Промостатья: Моя история 3 | Цена перехода | 25-54 | lp /franchise,Москва,5
2024-07-20,Промостатья: Моя история 3 | Цена перехода | 25-54 | lp /franchise,Москва,5
2024-07-27,Промостатья: Моя история 1 | Цена перехода | Ж25-54,Не определено,5
2024-07-28,Промостатья: Моя история 1 | Цена перехода | Ж25-54,Москва,5
2024-07-30,Промостатья: Моя история 1 | Цена перехода | Ж25-54,Не определено,5
2024-08-02,Промостатья: Моя история 1 | Цена перехода | Ж25-54,Не определено,5
2024-08-05,Промостатья: Моя история 1 | Цена перехода | Ж25-54,Не определено,5
2024-07-10,Промостатья: Моя история 3 | Цена перехода | 25-54 | lp /franchise,Не определено,4
2024-07-30,Промостатья: Моя история 1 | Цена перехода | Ж25-54,Москва,4
2024-08-08,Промостатья: Моя история 1 | Цена перехода | Ж25-54,Не определено,4
2024-08-09,Промостатья: Моя история 1 | Цена перехода | Ж25-54,Москва,4
2024-09-22,Промостатья: Моя история 1 | Цена перехода | М,Москва,4
2024-09-23,Промостатья: Моя история 1 | Цена перехода | М,Не определено,4
2024-07-12,Промостатья: Моя история 3 | Цена перехода | 25-54 | lp /franchise,Челябинск,3
2024-07-13,Промостатья: Моя история 3 | Цена перехода | 25-54 | lp /franchise,Судак,3
2024-07-21,Промостатья: Моя история 3 | Цена перехода | 25-54 | lp /franchise,Не определено,3
2024-07-25,Промостатья: Моя история 1 | Цена перехода | Ж25-54,Владивосток,3
2024-07-25,Промостатья: Моя история 1 | Цена перехода | Ж25-54,Челябинск,3
2024-07-31,Промостатья: Моя история 1 | Цена перехода | Ж25-54,Москва,3
2024-08-07,Промостатья: Моя история 1 | Цена перехода | Ж25-54,Не определено,3
2024-08-20,Промостатья: Моя история 1 | Цена перехода | Ж25-54,Не определено,3
2024-08-23,Промостатья: Моя история 1 | Цена перехода | Ж25-54,Москва,3
2024-09-07,Промостатья: Моя история 1 | Цена перехода | Ж25-54,Не определено,3
2024-09-19,Промостатья: Моя история 1 | Цена перехода | М,Не определено,3
2024-09-20,Промостатья: Моя история 1 | Цена перехода | М,Не определено,3
2024-09-20,Промостатья: Моя история 1 | Цена перехода | М,Архангельск,3
2024-07-09,Промостатья: Моя история 3 | Цена перехода | 25-54 | lp /franchise,Саратов,2
2024-07-12,Промостатья: Моя история 3 | Цена перехода | 25-54 | lp /franchise,Не определено,2
2024-07-12,Промостатья: Моя история 3 | Цена перехода | 25-54 | lp /franchise,Судак,2
2024-07-14,Промостатья: Моя история 3 | Цена перехода | 25-54 | lp /franchise,Казань,2
2024-07-19,Промостатья: Моя история 3 | Цена перехода | 25-54 | lp /franchise,Не определено,2
2024-07-20,Промостатья: Моя история 3 | Цена перехода | 25-54 | lp /franchise,Не определено,2
2024-07-22,Промостатья: Моя история 3 | Цена перехода | 25-54 | lp /franchise,Не определено,2
2024-07-25,Промостатья: Моя история 1 | Цена перехода | Ж25-54,Казань,2
2024-07-26,Промостатья: Моя история 1 | Цена перехода | Ж25-54,Москва,2
2024-07-27,Промостатья: Моя история 1 | Цена перехода | Ж25-54,Москва,2
2024-07-28,Промостатья: Моя история 1 | Цена перехода | Ж25-54,Не определено,2
2024-07-29,Промостатья: Моя история 1 | Цена перехода | Ж25-54,Москва,2
2024-07-30,Промостатья: Моя история 1 | Цена перехода | Ж25-54,Саратов,2
2024-07-31,Промостатья: Моя история 1 | Цена перехода | Ж25-54,Не определено,2
2024-08-01,Промостатья: Моя история 1 | Цена перехода | Ж25-54,Москва,2
2024-08-06,Промостатья: Моя история 1 | Цена перехода | Ж25-54,Москва,2
2024-08-09,Промостатья: Моя история 1 | Цена перехода | Ж25-54,Иркутск,2
2024-08-11,Промостатья: Моя история 1 | Цена перехода | Ж25-54,Краснодар,2
2024-08-13,Промостатья: Моя история 1 | Цена перехода | Ж25-54,Москва,2
2024-08-15,Статья: Цифры и факты / Интересы: франшиза,Севастополь,2
2024-08-17,Промостатья: Моя история 1 | Цена перехода | Ж25-54,Не определено,2
2024-08-18,Промостатья: Моя история 1 | Цена перехода | Ж25-54,Не определено,2
2024-08-19,Промостатья: Моя история 1 | Цена перехода | Ж25-54,Не определено,2
2024-08-22,Промостатья: Моя история 1 | Цена перехода | Ж25-54,Не определено,2
2024-08-24,Статья: Цифры и факты / Интересы: открытие бизнеса,Киров,2
2024-09-07,Промостатья: Моя история 1 | Цена перехода | Ж25-54,Москва,2
2024-09-08,Промостатья: Моя история 1 | Цена перехода | Ж25-54,Москва,2
2024-09-09,Статья: Цифры и факты / Интересы: франшиза,Не определено,2
2024-09-12,Статья: Цифры и факты / Интересы: франшиза,Не определено,2
2024-09-17,Промостатья: Моя история 1 | Цена перехода | Ж25-54,Москва,2
2024-09-18,Промостатья: Моя история 1 | Цена перехода | М,Не определено,2
2024-09-20,Промостатья: Моя история 1 | Цена перехода | М,Казань,2
2024-09-20,Промостатья: Моя история 1 | Цена перехода | М,Москва,2
2024-09-21,Промостатья: Моя история 1 | Цена перехода | М,Москва,2
2024-09-22,Промостатья: Моя история 1 | Цена перехода | М,Санкт-Петербург,2
2024-09-23,Промостатья: Моя история 1 | Цена перехода | М,Москва,2
2024-09-26,Промостатья: Моя история 1 | Цена перехода | Ж25-54,Не определено,2
2024-07-03,Промостатья: Моя история 3 | Цена перехода | 25-54 | lp /franchise,Не определено,1
2024-07-05,Промостатья: Моя история 3 | Цена перехода | 25-54 | lp /franchise,Томск,1
2024-07-08,Промостатья: Моя история 3 | Цена перехода | 25-54 | lp /franchise,Москва,1
2024-07-09,Промостатья: Моя история 3 | Цена перехода | 25-54 | lp /franchise,Екатеринбург,1
2024-07-09,Промостатья: Моя история 3 | Цена перехода | 25-54 | lp /franchise,Королёв,1
2024-07-09,Промостатья: Моя история 3 | Цена перехода | 25-54 | lp /franchise,Краснодар,1
2024-07-09,Промостатья: Моя история 3 | Цена перехода | 25-54 | lp /franchise,Красноярск,1
2024-07-09,Промостатья: Моя история 3 | Цена перехода | 25-54 | lp /franchise,Курск,1
2024-07-09,Промостатья: Моя история 3 | Цена перехода | 25-54 | lp /franchise,Нижний Новгород,1
2024-07-09,Промостатья: Моя история 3 | Цена перехода | 25-54 | lp /franchise,Новосибирск,1
2024-07-09,Промостатья: Моя история 3 | Цена перехода | 25-54 | lp /franchise,Рязань,1
2024-07-09,Промостатья: Моя история 3 | Цена перехода | 25-54 | lp /franchise,Самара,1
2024-07-09,Промостатья: Моя история 3 | Цена перехода | 25-54 | lp /franchise,Сочи,1
2024-07-09,Промостатья: Моя история 3 | Цена перехода | 25-54 | lp /franchise,Ульяновск,1
2024-07-09,Промостатья: Моя история 3 | Цена перехода | 25-54 | lp /franchise,Чебоксары,1
2024-07-09,Промостатья: Моя история 3 | Цена перехода | 25-54 | lp /franchise,Элиста,1
2024-07-10,Промостатья: Моя история 3 | Цена перехода | 25-54 | lp /franchise,Курск,1
2024-07-10,Промостатья: Моя история 3 | Цена перехода | 25-54 | lp /franchise,Москва,1
2024-07-10,Промостатья: Моя история 3 | Цена перехода | 25-54 | lp /franchise,Нижний Новгород,1
2024-07-10,Промостатья: Моя история 3 | Цена перехода | 25-54 | lp /franchise,Новосибирск,1
2024-07-10,Промостатья: Моя история 3 | Цена перехода | 25-54 | lp /franchise,Рязань,1
2024-07-10,Промостатья: Моя история 3 | Цена перехода | 25-54 | lp /franchise,Саратов,1
2024-07-11,Промостатья: Моя история 3 | Цена перехода | 25-54 | lp /franchise,Екатеринбург,1
2024-07-11,Промостатья: Моя история 3 | Цена перехода | 25-54 | lp /franchise,Краснодар,1
2024-07-11,Промостатья: Моя история 3 | Цена перехода | 25-54 | lp /franchise,Кыштым,1
2024-07-11,Промостатья: Моя история 3 | Цена перехода | 25-54 | lp /franchise,Новосибирск,1
2024-07-11,Промостатья: Моя история 3 | Цена перехода | 25-54 | lp /franchise,Рязань,1
2024-07-11,Промостатья: Моя история 3 | Цена перехода | 25-54 | lp /franchise,Санкт-Петербург,1
2024-07-11,Промостатья: Моя история 3 | Цена перехода | 25-54 | lp /franchise,Саратов,1
2024-07-11,Промостатья: Моя история 3 | Цена перехода | 25-54 | lp /franchise,Тольятти,1
2024-07-12,Промостатья: Моя история 3 | Цена перехода | 25-54 | lp /franchise,Воронеж,1
2024-07-12,Промостатья: Моя история 3 | Цена перехода | 25-54 | lp /franchise,Москва,1
2024-07-12,Промостатья: Моя история 3 | Цена перехода | 25-54 | lp /franchise,Севастополь,1
2024-07-12,Промостатья: Моя история 3 | Цена перехода | 25-54 | lp /franchise,Советск,1
2024-07-12,Промостатья: Моя история 3 | Цена перехода | 25-54 | lp /franchise,Феодосия,1
2024-07-14,Промостатья: Моя история 3 | Цена перехода | 25-54 | lp /franchise,Санкт-Петербург,1
2024-07-15,Промостатья: Моя история 3 | Цена перехода | 25-54 | lp /franchise,Не определено,1
2024-07-15,Промостатья: Моя история 3 | Цена перехода | 25-54 | lp /franchise,Калининград,1
2024-07-15,Промостатья: Моя история 3 | Цена перехода | 25-54 | lp /franchise,Кемерово,1
2024-07-15,Промостатья: Моя история 3 | Цена перехода | 25-54 | lp /franchise,Москва,1
2024-07-16,Промостатья: Моя история 3 | Цена перехода | 25-54 | lp /franchise,Пенза,1
2024-07-16,Промостатья: Моя история 3 | Цена перехода | 25-54 | lp /franchise,Уфа,1
2024-07-17,Промостатья: Моя история 3 | Цена перехода | 25-54 | lp /franchise,Москва,1
2024-07-17,Промостатья: Моя история 3 | Цена перехода | 25-54 | lp /franchise,Санкт-Петербург,1
2024-07-19,Промостатья: Моя история 3 | Цена перехода | 25-54 | lp /franchise,Калуга,1
2024-07-19,Промостатья: Моя история 3 | Цена перехода | 25-54 | lp /franchise,Междуреченск,1
2024-07-19,Промостатья: Моя история 3 | Цена перехода | 25-54 | lp /franchise,Ростов-на-Дону,1
2024-07-20,Промостатья: Моя история 3 | Цена перехода | 25-54 | lp /franchise,Брянск,1
2024-07-20,Промостатья: Моя история 3 | Цена перехода | 25-54 | lp /franchise,Ижевск,1
2024-07-21,Промостатья: Моя история 3 | Цена перехода | 25-54 | lp /franchise,Белогорск,1
2024-07-21,Промостатья: Моя история 3 | Цена перехода | 25-54 | lp /franchise,Краснодар,1
2024-07-21,Промостатья: Моя история 3 | Цена перехода | 25-54 | lp /franchise,Ярославль,1
2024-07-22,Промостатья: Моя история 3 | Цена перехода | 25-54 | lp /franchise,Екатеринбург,1
2024-07-22,Промостатья: Моя история 3 | Цена перехода | 25-54 | lp /franchise,Псков,1
2024-07-22,Промостатья: Моя история 3 | Цена перехода | 25-54 | lp /franchise,Саранск,1
2024-07-23,Промостатья: Моя история 1 | Цена перехода | Ж25-54,Архангельск,1
2024-07-23,Промостатья: Моя история 3 | Цена перехода | 25-54 | lp /franchise,Калининград,1
2024-07-23,Промостатья: Моя история 3 | Цена перехода | 25-54 | lp /franchise,Краснодар,1
2024-07-23,Промостатья: Моя история 3 | Цена перехода | 25-54 | lp /franchise,Омск,1
2024-07-24,Промостатья: Моя история 1 | Цена перехода | Ж25-54,Не определено,1
2024-07-24,Промостатья: Моя история 1 | Цена перехода | Ж25-54,Псков,1
2024-07-24,Промостатья: Моя история 3 | Цена перехода | 25-54 | lp /franchise,Не определено,1
2024-07-24,Промостатья: Моя история 3 | Цена перехода | 25-54 | lp /franchise,Ростов-на-Дону,1
2024-07-25,Промостатья: Моя история 1 | Цена перехода | Ж25-54,Иркутск,1
2024-07-25,Промостатья: Моя история 1 | Цена перехода | Ж25-54,Калуга,1
2024-07-25,Промостатья: Моя история 1 | Цена перехода | Ж25-54,Краснодар,1
2024-07-25,Промостатья: Моя история 1 | Цена перехода | Ж25-54,Москва,1
2024-07-25,Промостатья: Моя история 1 | Цена перехода | Ж25-54,Новоалтайск,1
2024-07-25,Промостатья: Моя история 1 | Цена перехода | Ж25-54,Ростов-на-Дону,1
2024-07-25,Промостатья: Моя история 1 | Цена перехода | Ж25-54,Смоленск,1
2024-07-25,Промостатья: Моя история 1 | Цена перехода | Ж25-54,Стерлитамак,1
2024-07-25,Промостатья: Моя история 1 | Цена перехода | Ж25-54,Тольятти,1
2024-07-25,Промостатья: Моя история 3 | Цена перехода | 25-54 | lp /franchise,Не определено,1
2024-07-25,Промостатья: Моя история 3 | Цена перехода | 25-54 | lp /franchise,Евпатория,1
2024-07-26,Промостатья: Моя история 1 | Цена перехода | Ж25-54,Екатеринбург,1
2024-07-26,Промостатья: Моя история 1 | Цена перехода | Ж25-54,Казань,1
2024-07-26,Промостатья: Моя история 1 | Цена перехода | Ж25-54,Новокузнецк,1
2024-07-26,Промостатья: Моя история 1 | Цена перехода | Ж25-54,Омск,1
2024-07-26,Промостатья: Моя история 1 | Цена перехода | Ж25-54,Тверь,1
2024-07-26,Промостатья: Моя история 1 | Цена перехода | Ж25-54,Чебоксары,1
2024-07-27,Промостатья: Моя история 1 | Цена перехода | Ж25-54,Краснодар,1
2024-07-27,Промостатья: Моя история 1 | Цена перехода | Ж25-54,Новосибирск,1
2024-07-27,Промостатья: Моя история 1 | Цена перехода | Ж25-54,Пенза,1
2024-07-27,Промостатья: Моя история 1 | Цена перехода | Ж25-54,Смоленск,1
2024-07-27,Промостатья: Моя история 1 | Цена перехода | Ж25-54,Тула,1
2024-07-27,Промостатья: Моя история 1 | Цена перехода | Ж25-54,Челябинск,1
2024-07-28,Промостатья: Моя история 1 | Цена перехода | Ж25-54,Астрахань,1
2024-07-28,Промостатья: Моя история 1 | Цена перехода | Ж25-54,Брянск,1
2024-07-28,Промостатья: Моя история 1 | Цена перехода | Ж25-54,Нижний Новгород,1
2024-07-28,Промостатья: Моя история 1 | Цена перехода | Ж25-54,Новотроицк,1
2024-07-28,Промостатья: Моя история 1 | Цена перехода | Ж25-54,Подольск,1
2024-07-28,Промостатья: Моя история 1 | Цена перехода | Ж25-54,Ростов-на-Дону,1
2024-07-28,Промостатья: Моя история 1 | Цена перехода | Ж25-54,Санкт-Петербург,1
2024-07-28,Промостатья: Моя история 1 | Цена перехода | Ж25-54,Сосновый Бор,1
2024-07-28,Промостатья: Моя история 1 | Цена перехода | Ж25-54,Тамбов,1
2024-07-29,Промостатья: Моя история 1 | Цена перехода | Ж25-54,Выборг,1
2024-07-29,Промостатья: Моя история 1 | Цена перехода | Ж25-54,Калуга,1
2024-07-29,Промостатья: Моя история 1 | Цена перехода | Ж25-54,Киров,1
2024-07-29,Промостатья: Моя история 1 | Цена перехода | Ж25-54,Нижний Тагил,1
2024-07-29,Промостатья: Моя история 1 | Цена перехода | Ж25-54,Новосибирск,1
2024-07-29,Промостатья: Моя история 1 | Цена перехода | Ж25-54,Пенза,1
2024-07-29,Промостатья: Моя история 1 | Цена перехода | Ж25-54,Петрозаводск,1
2024-07-29,Промостатья: Моя история 1 | Цена перехода | Ж25-54,Санкт-Петербург,1
2024-07-29,Промостатья: Моя история 1 | Цена перехода | Ж25-54,Саранск,1
2024-07-29,Промостатья: Моя история 1 | Цена перехода | Ж25-54,Томск,1
2024-07-29,Промостатья: Моя история 1 | Цена перехода | Ж25-54,Унеча,1
2024-07-29,Промостатья: Моя история 1 | Цена перехода | Ж25-54,Хабаровск,1
2024-07-29,Промостатья: Моя история 1 | Цена перехода | Ж25-54,Череповец,1
2024-07-30,Промостатья: Моя история 1 | Цена перехода | Ж25-54,Барнаул,1
2024-07-30,Промостатья: Моя история 1 | Цена перехода | Ж25-54,Белгород,1
2024-07-30,Промостатья: Моя история 1 | Цена перехода | Ж25-54,Екатеринбург,1
2024-07-30,Промостатья: Моя история 1 | Цена перехода | Ж25-54,Калининград,1
2024-07-30,Промостатья: Моя история 1 | Цена перехода | Ж25-54,Курск,1
2024-07-30,Промостатья: Моя история 1 | Цена перехода | Ж25-54,Санкт-Петербург,1
2024-07-30,Промостатья: Моя история 1 | Цена перехода | Ж25-54,Тольятти,1
2024-07-31,Промостатья: Моя история 1 | Цена перехода | Ж25-54,Барнаул,1
2024-07-31,Промостатья: Моя история 1 | Цена перехода | Ж25-54,Калининград,1
2024-07-31,Промостатья: Моя история 1 | Цена перехода | Ж25-54,Калуга,1
2024-07-31,Промостатья: Моя история 1 | Цена перехода | Ж25-54,Нижний Новгород,1
2024-07-31,Промостатья: Моя история 1 | Цена перехода | Ж25-54,Омск,1
2024-07-31,Промостатья: Моя история 1 | Цена перехода | Ж25-54,Пермь,1
2024-07-31,Промостатья: Моя история 1 | Цена перехода | Ж25-54,Тюмень,1
2024-08-01,Промостатья: Моя история 1 | Цена перехода | Ж25-54,Волжский,1
2024-08-01,Промостатья: Моя история 1 | Цена перехода | Ж25-54,Краснодар,1
2024-08-01,Промостатья: Моя история 1 | Цена перехода | Ж25-54,Энгельс,1
2024-08-02,Промостатья: Моя история 1 | Цена перехода | Ж25-54,Медногорск,1
2024-08-02,Промостатья: Моя история 1 | Цена перехода | Ж25-54,Москва,1
2024-08-03,Промостатья: Моя история 1 | Цена перехода | Ж25-54,Белгород,1
2024-08-03,Промостатья: Моя история 1 | Цена перехода | Ж25-54,Вилючинск,1
2024-08-03,Промостатья: Моя история 1 | Цена перехода | Ж25-54,Владивосток,1
2024-08-03,Промостатья: Моя история 1 | Цена перехода | Ж25-54,Константиновск,1
2024-08-03,Промостатья: Моя история 1 | Цена перехода | Ж25-54,Москва,1
2024-08-03,Промостатья: Моя история 1 | Цена перехода | Ж25-54,Новокузнецк,1
2024-08-03,Промостатья: Моя история 1 | Цена перехода | Ж25-54,Петропавловск-Камчатский,1
2024-08-03,Промостатья: Моя история 1 | Цена перехода | Ж25-54,Реутов,1
2024-08-03,Промостатья: Моя история 1 | Цена перехода | Ж25-54,Ростов-на-Дону,1
2024-08-03,Промостатья: Моя история 1 | Цена перехода | Ж25-54,Рязань,1
2024-08-03,Промостатья: Моя история 1 | Цена перехода | Ж25-54,Саратов,1
2024-08-04,Промостатья: Моя история 1 | Цена перехода | Ж25-54,Брянск,1
2024-08-04,Промостатья: Моя история 1 | Цена перехода | Ж25-54,Екатеринбург,1
2024-08-04,Промостатья: Моя история 1 | Цена перехода | Ж25-54,Киржач,1
2024-08-04,Промостатья: Моя история 1 | Цена перехода | Ж25-54,Москва,1
2024-08-04,Промостатья: Моя история 1 | Цена перехода | Ж25-54,Славгород,1
2024-08-04,Промостатья: Моя история 1 | Цена перехода | Ж25-54,Тула,1
2024-08-04,Промостатья: Моя история 1 | Цена перехода | Ж25-54,Чебоксары,1
2024-08-05,Промостатья: Моя история 1 | Цена перехода | Ж25-54,Иркутск,1
2024-08-06,Промостатья: Моя история 1 | Цена перехода | Ж25-54,Камень-на-Оби,1
2024-08-06,Промостатья: Моя история 1 | Цена перехода | Ж25-54,Кемерово,1
2024-08-06,Промостатья: Моя история 1 | Цена перехода | Ж25-54,Ковров,1
2024-08-06,Промостатья: Моя история 1 | Цена перехода | Ж25-54,Новосибирск,1
2024-08-06,Промостатья: Моя история 1 | Цена перехода | Ж25-54,Саратов,1
2024-08-06,Промостатья: Моя история 1 | Цена перехода | Ж25-54,Челябинск,1
2024-08-07,Промостатья: Моя история 1 | Цена перехода | Ж25-54,Пермь,1
2024-08-07,Промостатья: Моя история 1 | Цена перехода | Ж25-54,Самара,1
2024-08-07,Промостатья: Моя история 1 | Цена перехода | Ж25-54,Саратов,1
2024-08-07,Промостатья: Моя история 1 | Цена перехода | Ж25-54,Сочи,1
2024-08-07,Промостатья: Моя история 1 | Цена перехода | Ж25-54,Тюмень,1
2024-08-08,Промостатья: Моя история 1 | Цена перехода | Ж25-54,Истра,1
2024-08-08,Промостатья: Моя история 1 | Цена перехода | Ж25-54,Калининград,1
2024-08-08,Промостатья: Моя история 1 | Цена перехода | Ж25-54,Красноярск,1
2024-08-08,Промостатья: Моя история 1 | Цена перехода | Ж25-54,Москва,1
2024-08-08,Промостатья: Моя история 1 | Цена перехода | Ж25-54,Новороссийск,1
2024-08-08,Промостатья: Моя история 1 | Цена перехода | Ж25-54,Самара,1
2024-08-08,Промостатья: Моя история 1 | Цена перехода | Ж25-54,Санкт-Петербург,1
2024-08-08,Промостатья: Моя история 1 | Цена перехода | Ж25-54,Стрежевой,1
2024-08-08,Промостатья: Моя история 1 | Цена перехода | Ж25-54,Череповец,1
2024-08-08,Промостатья: Моя история 1 | Цена перехода | Ж25-54,Якутск,1
2024-08-09,Промостатья: Моя история 1 | Цена перехода | Ж25-54,Калининград,1
2024-08-09,Промостатья: Моя история 1 | Цена перехода | Ж25-54,Краснодар,1
2024-08-09,Промостатья: Моя история 1 | Цена перехода | Ж25-54,Нижний Новгород,1
2024-08-09,Промостатья: Моя история 1 | Цена перехода | Ж25-54,Новосибирск,1
2024-08-09,Промостатья: Моя история 1 | Цена перехода | Ж25-54,Орёл,1
2024-08-10,Промостатья: Моя история 1 | Цена перехода | Ж25-54,Анталья,1
2024-08-10,Промостатья: Моя история 1 | Цена перехода | Ж25-54,Архангельск,1
2024-08-10,Промостатья: Моя история 1 | Цена перехода | Ж25-54,Барнаул,1
2024-08-10,Промостатья: Моя история 1 | Цена перехода | Ж25-54,Краснодар,1
2024-08-11,Промостатья: Моя история 1 | Цена перехода | Ж25-54,Не определено,1
2024-08-11,Промостатья: Моя история 1 | Цена перехода | Ж25-54,Брянск,1
2024-08-11,Промостатья: Моя история 1 | Цена перехода | Ж25-54,Каменск-Шахтинский,1
2024-08-11,Промостатья: Моя история 1 | Цена перехода | Ж25-54,Уфа,1
2024-08-11,Промостатья: Моя история 1 | Цена перехода | Ж25-54,Челябинск,1
2024-08-12,Промостатья: Моя история 1 | Цена перехода | Ж25-54,Екатеринбург,1
2024-08-12,Промостатья: Моя история 1 | Цена перехода | Ж25-54,Краснодар,1
2024-08-12,Промостатья: Моя история 1 | Цена перехода | Ж25-54,Москва,1
2024-08-12,Промостатья: Моя история 1 | Цена перехода | Ж25-54,Нижний Новгород,1
2024-08-12,Промостатья: Моя история 1 | Цена перехода | Ж25-54,Оренбург,1
2024-08-12,Промостатья: Моя история 1 | Цена перехода | Ж25-54,Тюмень,1
2024-08-13,Промостатья: Моя история 1 | Цена перехода | Ж25-54,Не определено,1
2024-08-13,Промостатья: Моя история 1 | Цена перехода | Ж25-54,Саратов,1
2024-08-14,Промостатья: Моя история 1 | Цена перехода | Ж25-54,Не определено,1
2024-08-14,Статья: Цифры и факты / Интересы: франшиза,Не определено,1
2024-08-14,Статья: Цифры и факты / Интересы: франшиза,Москва,1
2024-08-14,Статья: Цифры и факты / Интересы: франшиза,Самара,1
2024-08-15,Статья: Цифры и факты / Интересы: франшиза,Нижний Новгород,1
2024-08-15,Статья: Цифры и факты / Интересы: франшиза,Старый Оскол,1
2024-08-16,Промостатья: Моя история 1 | Цена перехода | Ж25-54,Не определено,1
2024-08-16,Промостатья: Моя история 1 | Цена перехода | Ж25-54,Нижний Новгород,1
2024-08-18,Промостатья: Моя история 1 | Цена перехода | Ж25-54,Ростов-на-Дону,1
2024-08-19,Промостатья: Моя история 1 | Цена перехода | Ж25-54,Нижний Новгород,1
2024-08-20,Промостатья: Моя история 1 | Цена перехода | Ж25-54,Домодедово,1
2024-08-20,Промостатья: Моя история 1 | Цена перехода | Ж25-54,Тамбов,1
2024-08-20,Статья: Цифры и факты / Интересы: франшиза,Калининград,1
2024-08-20,Статья: Цифры и факты / Интересы: франшиза,Москва,1
2024-08-21,Промостатья: Моя история 1 | Цена перехода | Ж25-54,Владивосток,1
2024-08-21,Промостатья: Моя история 1 | Цена перехода | Ж25-54,Карасук,1
2024-08-21,Промостатья: Моя история 1 | Цена перехода | Ж25-54,Югорск,1
2024-08-23,Промостатья: Моя история 1 | Цена перехода | Ж25-54,Саратов,1
2024-08-24,Промостатья: Моя история 1 | Цена перехода | Ж25-54,Не определено,1
2024-08-24,Промостатья: Моя история 1 | Цена перехода | Ж25-54,Екатеринбург,1
2024-08-24,Промостатья: Моя история 1 | Цена перехода | Ж25-54,Москва,1
2024-08-24,Промостатья: Моя история 1 | Цена перехода | Ж25-54,Нижнекамск,1
2024-08-24,Статья: Цифры и факты / Интересы: открытие бизнеса,Не определено,1
2024-08-24,Статья: Цифры и факты / Интересы: открытие бизнеса,Домодедово,1
2024-08-24,Статья: Цифры и факты / Интересы: открытие бизнеса,Киров,1
2024-08-24,Статья: Цифры и факты / Интересы: открытие бизнеса,Нижний Новгород,1
2024-08-25,Промостатья: Моя история 1 | Цена перехода | Ж25-54,Кострома,1
2024-08-25,Промостатья: Моя история 1 | Цена перехода | Ж25-54,Москва,1
2024-08-25,Промостатья: Моя история 1 | Цена перехода | Ж25-54,Ростов-на-Дону,1
2024-08-25,Промостатья: Моя история 1 | Цена перехода | Ж25-54,Уфа,1
2024-08-25,Статья: Цифры и факты / Интересы: открытие бизнеса,Не определено,1
2024-08-26,Промостатья: Моя история 1 | Цена перехода | Ж25-54,Тула,1
2024-08-26,Статья: Цифры и факты / Интересы: открытие бизнеса,Не определено,1
2024-08-26,Статья: Цифры и факты / Интересы: открытие бизнеса,Ставрополь,1
2024-08-26,Статья: Цифры и факты / Интересы: франшиза,Таганрог,1
2024-08-27,Промостатья: Моя история 1 | Цена перехода | Ж25-54,Не определено,1
2024-08-27,Промостатья: Моя история 1 | Цена перехода | Ж25-54,Канск,1
2024-08-27,Промостатья: Моя история 1 | Цена перехода | Ж25-54,Мурманск,1
2024-08-27,Промостатья: Моя история 1 | Цена перехода | Ж25-54,Тюмень,1
2024-08-27,Статья: Цифры и факты / Интересы: открытие бизнеса,Волгоград,1
2024-08-28,Промостатья: Моя история 1 | Цена перехода | Ж25-54,Не определено,1
2024-08-28,Промостатья: Моя история 1 | Цена перехода | Ж25-54,Нижний Новгород,1
2024-08-28,Промостатья: Моя история 1 | Цена перехода | Ж25-54,Саратов,1
2024-08-28,Промостатья: Моя история 1 | Цена перехода | Ж25-54,Хабаровск,1
2024-08-28,Статья: Цифры и факты / Интересы: франшиза,Находка,1
2024-08-29,Промостатья: Моя история 1 | Цена перехода | Ж25-54,Не определено,1
2024-08-29,Промостатья: Моя история 1 | Цена перехода | Ж25-54,Красноярск,1
2024-08-29,Промостатья: Моя история 1 | Цена перехода | Ж25-54,Москва,1
2024-08-29,Промостатья: Моя история 1 | Цена перехода | Ж25-54,Саратов,1
2024-08-29,Статья: Цифры и факты / Интересы: открытие бизнеса,Киров,1
2024-08-29,Статья: Цифры и факты / Интересы: открытие бизнеса,Москва,1
2024-08-30,Промостатья: Моя история 1 | Цена перехода | Ж25-54,Краснодар,1
2024-08-30,Промостатья: Моя история 1 | Цена перехода | Ж25-54,Санкт-Петербург,1
2024-08-31,Промостатья: Моя история 1 | Цена перехода | Ж25-54,Не определено,1
2024-08-31,Промостатья: Моя история 1 | Цена перехода | Ж25-54,Санкт-Петербург,1
2024-09-01,Промостатья: Моя история 1 | Цена перехода | Ж25-54,Не определено,1
2024-09-01,Промостатья: Моя история 1 | Цена перехода | Ж25-54,Екатеринбург,1
2024-09-01,Промостатья: Моя история 1 | Цена перехода | Ж25-54,Красноярск,1
2024-09-01,Статья: Цифры и факты / Интересы: открытие бизнеса,Севастополь,1
2024-09-01,Статья: Цифры и факты / Интересы: франшиза,Не определено,1
2024-09-01,Статья: Цифры и факты / Интересы: франшиза,Киров,1
2024-09-02,Промостатья: Моя история 1 | Цена перехода | Ж25-54,Не определено,1
2024-09-02,Промостатья: Моя история 1 | Цена перехода | Ж25-54,Екатеринбург,1
2024-09-02,Промостатья: Моя история 1 | Цена перехода | Ж25-54,Ижевск,1
2024-09-02,Промостатья: Моя история 1 | Цена перехода | Ж25-54,Краснодар,1
2024-09-04,Статья: Цифры и факты / Интересы: открытие бизнеса,Калининград,1
2024-09-04,Статья: Цифры и факты / Интересы: франшиза,Череповец,1
2024-09-05,Статья: Цифры и факты / Интересы: франшиза,Мурманск,1
2024-09-06,Промостатья: Моя история 1 | Цена перехода | Ж25-54,Киров,1
2024-09-06,Промостатья: Моя история 1 | Цена перехода | Ж25-54,Москва,1
2024-09-06,Промостатья: Моя история 1 | Цена перехода | Ж25-54,Саки,1
2024-09-07,Промостатья: Моя история 1 | Цена перехода | Ж25-54,Астрахань,1
2024-09-07,Промостатья: Моя история 1 | Цена перехода | Ж25-54,Владивосток,1
2024-09-07,Промостатья: Моя история 1 | Цена перехода | Ж25-54,Сочи,1
2024-09-07,Промостатья: Моя история 1 | Цена перехода | Ж25-54,Череповец,1
2024-09-07,Статья: Цифры и факты / Интересы: открытие бизнеса,Не определено,1
2024-09-07,Статья: Цифры и факты / Интересы: франшиза,Не определено,1
2024-09-07,Статья: Цифры и факты / Интересы: франшиза,Екатеринбург,1
2024-09-08,Промостатья: Моя история 1 | Цена перехода | Ж25-54,Не определено,1
2024-09-08,Промостатья: Моя история 1 | Цена перехода | Ж25-54,Киров,1
2024-09-08,Промостатья: Моя история 1 | Цена перехода | Ж25-54,Пенза,1
2024-09-08,Статья: Цифры и факты / Интересы: франшиза,Не определено,1
2024-09-08,Статья: Цифры и факты / Интересы: франшиза,Казань,1
2024-09-09,Промостатья: Моя история 1 | Цена перехода | Ж25-54,Иваново,1
2024-09-09,Промостатья: Моя история 1 | Цена перехода | Ж25-54,Мурманск,1
2024-09-09,Промостатья: Моя история 1 | Цена перехода | Ж25-54,Пенза,1
2024-09-10,Промостатья: Моя история 1 | Цена перехода | Ж25-54,Не определено,1
2024-09-10,Промостатья: Моя история 1 | Цена перехода | Ж25-54,Ижевск,1
2024-09-10,Промостатья: Моя история 1 | Цена перехода | Ж25-54,Псков,1
2024-09-10,Промостатья: Моя история 1 | Цена перехода | Ж25-54,Уфа,1
2024-09-11,Промостатья: Моя история 1 | Цена перехода | Ж25-54,Волжский,1
2024-09-11,Промостатья: Моя история 1 | Цена перехода | Ж25-54,Москва,1
2024-09-11,Статья: Цифры и факты / Интересы: открытие бизнеса,Москва,1
2024-09-11,Статья: Цифры и факты / Интересы: франшиза,Не определено,1
2024-09-12,Промостатья: Моя история 1 | Цена перехода | Ж25-54,Якутск,1
2024-09-12,Промостатья: Моя история 1 | Цена перехода | Ж25-54,Ярославль,1
2024-09-12,Статья: Цифры и факты / Интересы: франшиза,Ярославль,1
2024-09-13,Статья: Цифры и факты / Интересы: франшиза,Волгоград,1
2024-09-13,Статья: Цифры и факты / Интересы: франшиза,Красноярск,1
2024-09-14,Промостатья: Моя история 1 | Цена перехода | Ж25-54,Долгопрудный,1
2024-09-14,Статья: Цифры и факты / Интересы: франшиза,Екатеринбург,1
2024-09-14,Статья: Цифры и факты / Интересы: франшиза,Москва,1
2024-09-15,Промостатья: Моя история 1 | Цена перехода | Ж25-54,Не определено,1
2024-09-15,Статья: Цифры и факты / Интересы: открытие бизнеса,Ижевск,1
2024-09-15,Статья: Цифры и факты / Интересы: франшиза,Энгельс,1
2024-09-16,Промостатья: Моя история 1 | Цена перехода | Ж25-54,Новосибирск,1
2024-09-16,Промостатья: Моя история 1 | Цена перехода | Ж25-54,Самара,1
2024-09-16,Статья: Цифры и факты / Интересы: франшиза,Не определено,1
2024-09-16,Статья: Цифры и факты / Интересы: франшиза,Казань,1
2024-09-17,Промостатья: Моя история 1 | Цена перехода | Ж25-54,Не определено,1
2024-09-17,Промостатья: Моя история 1 | Цена перехода | Ж25-54,Калуга,1
2024-09-17,Промостатья: Моя история 1 | Цена перехода | Ж25-54,Обнинск,1
2024-09-17,Промостатья: Моя история 1 | Цена перехода | Ж25-54,Пенза,1
2024-09-17,Промостатья: Моя история 1 | Цена перехода | Ж25-54,Раменское,1
2024-09-18,Промостатья: Моя история 1 | Цена перехода | М,Липецк,1
2024-09-19,Промостатья: Моя история 1 | Цена перехода | М,Архангельск,1
2024-09-19,Промостатья: Моя история 1 | Цена перехода | М,Барнаул,1
2024-09-19,Промостатья: Моя история 1 | Цена перехода | М,Екатеринбург,1
2024-09-19,Промостатья: Моя история 1 | Цена перехода | М,Красноярск,1
2024-09-19,Промостатья: Моя история 1 | Цена перехода | М,Москва,1
2024-09-19,Промостатья: Моя история 1 | Цена перехода | М,Омск,1
2024-09-19,Промостатья: Моя история 1 | Цена перехода | М,Тольятти,1
2024-09-19,Промостатья: Моя история 1 | Цена перехода | М,Уфа,1
2024-09-19,Промостатья: Моя история 1 | Цена перехода | М,Чебоксары,1
2024-09-20,Промостатья: Моя история 1 | Цена перехода | Ж25-54,Не определено,1
2024-09-20,Промостатья: Моя история 1 | Цена перехода | М,Иваново,1
2024-09-20,Промостатья: Моя история 1 | Цена перехода | М,Краснодар,1
2024-09-20,Промостатья: Моя история 1 | Цена перехода | М,Могилёв,1
2024-09-20,Промостатья: Моя история 1 | Цена перехода | М,Омск,1
2024-09-20,Промостатья: Моя история 1 | Цена перехода | М,Пенза,1
2024-09-20,Промостатья: Моя история 1 | Цена перехода | М,Саратов,1
2024-09-20,Промостатья: Моя история 1 | Цена перехода | М,Тверь,1
2024-09-21,Промостатья: Моя история 1 | Цена перехода | М,Березники,1
2024-09-21,Промостатья: Моя история 1 | Цена перехода | М,Воронеж,1
2024-09-21,Промостатья: Моя история 1 | Цена перехода | М,Вятские Поляны,1
2024-09-21,Промостатья: Моя история 1 | Цена перехода | М,Екатеринбург,1
2024-09-21,Промостатья: Моя история 1 | Цена перехода | М,Казань,1
2024-09-21,Промостатья: Моя история 1 | Цена перехода | М,Киров,1
2024-09-21,Промостатья: Моя история 1 | Цена перехода | М,Курск,1
2024-09-21,Промостатья: Моя история 1 | Цена перехода | М,Самара,1
2024-09-21,Промостатья: Моя история 1 | Цена перехода | М,Саратов,1
2024-09-22,Промостатья: Моя история 1 | Цена перехода | М,Воронеж,1
2024-09-22,Промостатья: Моя история 1 | Цена перехода | М,Екатеринбург,1
2024-09-22,Промостатья: Моя история 1 | Цена перехода | М,Казань,1
2024-09-22,Промостатья: Моя история 1 | Цена перехода | М,Королёв,1
2024-09-22,Промостатья: Моя история 1 | Цена перехода | М,Орёл,1
2024-09-22,Промостатья: Моя история 1 | Цена перехода | М,Хабаровск,1
2024-09-22,Статья: Цифры и факты / Интересы: франшиза,Екатеринбург,1
2024-09-23,Промостатья: Моя история 1 | Цена перехода | Ж25-54,Волгоград,1
2024-09-23,Промостатья: Моя история 1 | Цена перехода | Ж25-54,Москва,1
2024-09-23,Промостатья: Моя история 1 | Цена перехода | Ж25-54,Санкт-Петербург,1
2024-09-23,Промостатья: Моя история 1 | Цена перехода | М,Владивосток,1
2024-09-23,Промостатья: Моя история 1 | Цена перехода | М,Красноярск,1
2024-09-23,Промостатья: Моя история 1 | Цена перехода | М,Рязань,1
2024-09-23,Промостатья: Моя история 1 | Цена перехода | М,Санкт-Петербург,1
2024-09-23,Промостатья: Моя история 1 | Цена перехода | М,Ульяновск,1
2024-09-23,Промостатья: Моя история 1 | Цена перехода | М,Черноголовка,1
2024-09-23,Статья: Цифры и факты / Интересы: франшиза,Армавир,1
2024-09-24,Промостатья: Моя история 1 | Цена перехода | Ж25-54,Не определено,1
2024-09-25,Статья: Цифры и факты / Интересы: франшиза,Не определено,1
2024-09-26,Статья: Цифры и факты / Интересы: франшиза,Не определено,1
2024-09-27,Промостатья: Моя история 1 | Цена перехода | Ж25-54,Не определено,1
2024-09-27,Промостатья: Моя история 1 | Цена перехода | Ж25-54,Белгород,1
2024-09-27,Промостатья: Моя история 1 | Цена перехода | Ж25-54,Великий Новгород,1
2024-09-27,Промостатья: Моя история 1 | Цена перехода | Ж25-54,Краснодар,1
2024-09-27,Промостатья: Моя история 1 | Цена перехода | Ж25-54,Санкт-Петербург,1
2024-09-27,Статья: Цифры и факты / Интересы: франшиза,Не определено,1
2024-09-29,Промостатья: Моя история 1 | Цена перехода | Ж25-54,Не определено,1
2024-09-29,Промостатья: Моя история 1 | Цена перехода | Ж25-54,Ижевск,1
2024-09-29,Промостатья: Моя история 1 | Цена перехода | Ж25-54,Москва,1
2024-09-29,Промостатья: Моя история 1 | Цена перехода | Ж25-54,Подольск,1
2024-09-29,Статья: Цифры и факты / Интересы: франшиза,Красноярск,1
2024-09-29,Статья: Цифры и факты / Интересы: франшиза,Пенза,1
2024-09-29,Статья: Цифры и факты / Интересы: франшиза,Санкт-Петербург,1
2024-09-30,Промостатья: Моя история 1 | Цена перехода | Ж25-54,Ростов-на-Дону,1
2024-09-30,Статья: Цифры и факты / Интересы: открытие бизнеса,Москва,1
2024-09-30,Статья: Цифры и факты / Интересы: франшиза,Не определено,1
2024-11-29,Промостатья: Моя история 1 | Цена перехода | Ж25-54,Не определено,6
2024-10-30,Промостатья: Моя история 1 | Цена перехода | Ж25-54,Не определено,5
2024-11-13,Промостатья: Моя история 1 | Цена перехода | Ж25-54,Не определено,4
2024-10-10,Промостатья: Моя история 1 | Цена перехода | Ж25-54,Не определено,3
2024-10-24,Промостатья: Моя история 1 | Цена перехода | Ж25-54,Санкт-Петербург,3
2024-10-29,Промостатья: Моя история 1 | Цена перехода | Ж25-54,Не определено,3
2024-10-29,Промостатья: Моя история 1 | Цена перехода | Ж25-54,Москва,3
2024-11-01,Промостатья: Моя история 1 | Цена перехода | Ж25-54,Не определено,3
2024-11-07,Статья: Цифры и факты / Интересы: франшиза,Не определено,3
2024-11-27,Статья: Цифры и факты / Интересы: франшиза,Не определено,3
2024-11-30,Промостатья: Моя история 1 | Цена перехода | Ж25-54,Москва,3
2024-10-01,Статья: Цифры и факты / Интересы: открытие бизнеса,Москва,2
2024-10-06,Промостатья: Моя история 1 | Цена перехода | Ж25-54,Не определено,2
2024-10-06,Статья: Цифры и факты / Интересы: франшиза,Не определено,2
2024-10-08,Статья: Цифры и факты / Интересы: франшиза,Не определено,2
2024-10-17,Промостатья: Моя история 1 | Цена перехода | Ж25-54,Москва,2
2024-10-20,Промостатья: Моя история 1 | Цена перехода | Ж25-54,Не определено,2
2024-10-21,Промостатья: Моя история 1 | Цена перехода | Ж25-54,Москва,2
2024-10-22,Промостатья: Моя история 1 | Цена перехода | Ж25-54,Не определено,2
2024-10-22,Промостатья: Моя история 1 | Цена перехода | Ж25-54,Тюмень,2
2024-10-24,Промостатья: Моя история 1 | Цена перехода | Ж25-54,Не определено,2
2024-10-24,Статья: Цифры и факты / Интересы: франшиза,Казань,2
2024-10-26,Промостатья: Моя история 1 | Цена перехода | Ж25-54,Москва,2
2024-10-26,Промостатья: Моя история 1 | Цена перехода | Ж25-54,Самара,2
2024-10-30,Промостатья: Моя история 1 | Цена перехода | Ж25-54,Москва,2
2024-10-31,Промостатья: Моя история 1 | Цена перехода | Ж25-54,Не определено,2
2024-11-01,Статья: Цифры и факты / Интересы: франшиза,Михайловка,2
2024-11-02,Статья: Цифры и факты / Интересы: франшиза,Казань,2
2024-11-04,Промостатья: Моя история 1 | Цена перехода | Ж25-54,Не определено,2
2024-11-04,Промостатья: Моя история 1 | Цена перехода | Ж25-54,Санкт-Петербург,2
2024-11-04,Статья: Цифры и факты / Интересы: франшиза,Не определено,2
2024-11-07,Статья: Цифры и факты / Интересы: франшиза,Оренбург,2
2024-11-12,Статья: Цифры и факты / Интересы: открытие бизнеса,Нальчик,2
2024-11-17,Промостатья: Моя история 1 | Цена перехода | Ж25-54,Не определено,2
2024-11-22,Промостатья: Моя история 1 | Цена перехода | Ж25-54,Не определено,2
2024-11-22,Статья: Цифры и факты / Интересы: франшиза,Не определено,2
2024-11-25,Промостатья: Моя история 1 | Цена перехода | Ж25-54,Липецк,2
2024-11-27,Статья: Цифры и факты / Интересы: открытие бизнеса,Москва,2
2024-11-28,Промостатья: Моя история 1 | Цена перехода | Ж25-54,Не определено,2
2024-11-28,Статья: Цифры и факты / Интересы: франшиза,Санкт-Петербург,2
2024-11-29,Промостатья: Моя история 1 | Цена перехода | Ж25-54,Калининград,2
2024-11-29,Промостатья: Моя история 1 | Цена перехода | Ж25-54,Смоленск,2
2024-11-29,Статья: Цифры и факты / Интересы: открытие бизнеса,Не определено,2
2024-12-01,Промостатья: Моя история 1 | Цена перехода | Ж25-54,Не определено,2
2024-12-01,Промостатья: Моя история 1 | Цена перехода | Ж25-54,Казань,2
2024-12-23,Промостатья: Моя история 1 | Цена перехода | Ж25-54,Липецк,2
2024-12-24,Промостатья: Моя история 1 | Цена перехода | Ж25-54,Липецк,2
2024-10-01,Статья: Цифры и факты / Интересы: открытие бизнеса,Не определено,1
2024-10-01,Статья: Цифры и факты / Интересы: открытие бизнеса,Самара,1
2024-10-02,Промостатья: Моя история 1 | Цена перехода | Ж25-54,Не определено,1
2024-10-02,Статья: Цифры и факты / Интересы: открытие бизнеса,Не определено,1
2024-10-02,Статья: Цифры и факты / Интересы: открытие бизнеса,Екатеринбург,1
2024-10-03,Статья: Цифры и факты / Интересы: франшиза,Не определено,1
2024-10-04,Статья: Цифры и факты / Интересы: открытие бизнеса,Симферополь,1
2024-10-04,Статья: Цифры и факты / Интересы: франшиза,Не определено,1
2024-10-04,Статья: Цифры и факты / Интересы: франшиза,Белово,1
2024-10-05,Статья: Цифры и факты / Интересы: открытие бизнеса,Екатеринбург,1
2024-10-05,Статья: Цифры и факты / Интересы: открытие бизнеса,Киселёвск,1
2024-10-05,Статья: Цифры и факты / Интересы: открытие бизнеса,Ростов-на-Дону,1
2024-10-06,Промостатья: Моя история 1 | Цена перехода | Ж25-54,Шебекино,1
2024-10-06,Статья: Цифры и факты / Интересы: открытие бизнеса,Екатеринбург,1
2024-10-06,Статья: Цифры и факты / Интересы: открытие бизнеса,Минск,1
2024-10-06,Статья: Цифры и факты / Интересы: франшиза,Москва,1
2024-10-06,Статья: Цифры и факты / Интересы: франшиза,Щёлково,1
2024-10-07,Промостатья: Моя история 1 | Цена перехода | Ж25-54,Не определено,1
2024-10-07,Промостатья: Моя история 1 | Цена перехода | Ж25-54,Воронеж,1
2024-10-07,Промостатья: Моя история 1 | Цена перехода | Ж25-54,Дмитров,1
2024-10-07,Статья: Цифры и факты / Интересы: открытие бизнеса,Не определено,1
2024-10-08,Промостатья: Моя история 1 | Цена перехода | Ж25-54,Ижевск,1
2024-10-08,Промостатья: Моя история 1 | Цена перехода | Ж25-54,Пионерский,1
2024-10-08,Промостатья: Моя история 1 | Цена перехода | Ж25-54,Ростов-на-Дону,1
2024-10-08,Статья: Цифры и факты / Интересы: открытие бизнеса,Не определено,1
2024-10-08,Статья: Цифры и факты / Интересы: франшиза,Ярославль,1
2024-10-09,Промостатья: Моя история 1 | Цена перехода | Ж25-54,Москва,1
2024-10-09,Статья: Цифры и факты / Интересы: открытие бизнеса,Заречный,1
2024-10-09,Статья: Цифры и факты / Интересы: открытие бизнеса,Кемерово,1
2024-10-09,Статья: Цифры и факты / Интересы: франшиза,Воронеж,1
2024-10-09,Статья: Цифры и факты / Интересы: франшиза,Михайловка,1
2024-10-09,Статья: Цифры и факты / Интересы: франшиза,Санкт-Петербург,1
2024-10-09,Статья: Цифры и факты / Интересы: франшиза,Ставрополь,1
2024-10-10,Промостатья: Моя история 1 | Цена перехода | Ж25-54,Ростов-на-Дону,1
2024-10-10,Промостатья: Моя история 1 | Цена перехода | Ж25-54,Хабаровск,1
2024-10-11,Промостатья: Моя история 1 | Цена перехода | Ж25-54,Не определено,1
2024-10-11,Статья: Цифры и факты / Интересы: франшиза,Не определено,1
2024-10-12,Промостатья: Моя история 1 | Цена перехода | Ж25-54,Ростов-на-Дону,1
2024-10-13,Промостатья: Моя история 1 | Цена перехода | Ж25-54,Не определено,1
2024-10-14,Промостатья: Моя история 1 | Цена перехода | Ж25-54,Не определено,1
2024-10-15,Статья: Цифры и факты / Интересы: франшиза,Ульяновск,1
2024-10-16,Промостатья: Моя история 1 | Цена перехода | Ж25-54,Не определено,1
2024-10-16,Промостатья: Моя история 1 | Цена перехода | Ж25-54,Тихорецк,1
2024-10-16,Статья: Цифры и факты / Интересы: франшиза,Белгород,1
2024-10-17,Промостатья: Моя история 1 | Цена перехода | Ж25-54,Кириши,1
2024-10-17,Промостатья: Моя история 1 | Цена перехода | Ж25-54,Руза,1
2024-10-17,Промостатья: Моя история 1 | Цена перехода | Ж25-54,Санкт-Петербург,1
2024-10-17,Статья: Цифры и факты / Интересы: открытие бизнеса,Нижний Новгород,1
2024-10-17,Статья: Цифры и факты / Интересы: франшиза,Москва,1
2024-10-18,Промостатья: Моя история 1 | Цена перехода | Ж25-54,Санкт-Петербург,1
2024-10-19,Промостатья: Моя история 1 | Цена перехода | Ж25-54,Санкт-Петербург,1
2024-10-19,Промостатья: Моя история 1 | Цена перехода | Ж25-54,Челябинск,1
2024-10-19,Статья: Цифры и факты / Интересы: франшиза,Не определено,1
2024-10-19,Статья: Цифры и факты / Интересы: франшиза,Оренбург,1
2024-10-19,Статья: Цифры и факты / Интересы: франшиза,Южно-Сахалинск,1
2024-10-20,Промостатья: Моя история 1 | Цена перехода | Ж25-54,Москва,1
2024-10-20,Промостатья: Моя история 1 | Цена перехода | Ж25-54,Тюмень,1
2024-10-20,Промостатья: Моя история 1 | Цена перехода | Ж25-54,Шебекино,1
2024-10-20,Статья: Цифры и факты / Интересы: открытие бизнеса,Не определено,1
2024-10-20,Статья: Цифры и факты / Интересы: открытие бизнеса,Екатеринбург,1
2024-10-20,Статья: Цифры и факты / Интересы: франшиза,Не определено,1
2024-10-20,Статья: Цифры и факты / Интересы: франшиза,Бердск,1
2024-10-20,Статья: Цифры и факты / Интересы: франшиза,Москва,1
2024-10-20,Статья: Цифры и факты / Интересы: франшиза,Нижний Новгород,1
2024-10-20,Статья: Цифры и факты / Интересы: франшиза,Подольск,1
2024-10-21,Промостатья: Моя история 1 | Цена перехода | Ж25-54,Калининград,1
2024-10-21,Промостатья: Моя история 1 | Цена перехода | Ж25-54,Нижний Новгород,1
2024-10-21,Промостатья: Моя история 1 | Цена перехода | Ж25-54,Омск,1
2024-10-21,Статья: Цифры и факты / Интересы: франшиза,Петропавловск-Камчатский,1
2024-10-22,Промостатья: Моя история 1 | Цена перехода | Ж25-54,Санкт-Петербург,1
2024-10-22,Промостатья: Моя история 1 | Цена перехода | Ж25-54,Шебекино,1
2024-10-22,Статья: Цифры и факты / Интересы: открытие бизнеса,Москва,1
2024-10-22,Статья: Цифры и факты / Интересы: открытие бизнеса,Тверь,1
2024-10-22,Статья: Цифры и факты / Интересы: франшиза,Казань,1
2024-10-23,Статья: Цифры и факты / Интересы: открытие бизнеса,Ижевск,1
2024-10-23,Статья: Цифры и факты / Интересы: открытие бизнеса,Санкт-Петербург,1
2024-10-23,Статья: Цифры и факты / Интересы: франшиза,Москва,1
2024-10-24,Промостатья: Моя история 1 | Цена перехода | Ж25-54,Нижний Новгород,1
2024-10-24,Промостатья: Моя история 1 | Цена перехода | Ж25-54,Омск,1
2024-10-24,Промостатья: Моя история 1 | Цена перехода | Ж25-54,Уфа,1
2024-10-24,Статья: Цифры и факты / Интересы: открытие бизнеса,Мурманск,1
2024-10-24,Статья: Цифры и факты / Интересы: франшиза,Братск,1
2024-10-25,Промостатья: Моя история 1 | Цена перехода | Ж25-54,Котельники,1
2024-10-25,Промостатья: Моя история 1 | Цена перехода | Ж25-54,Омск,1
2024-10-25,Промостатья: Моя история 1 | Цена перехода | Ж25-54,Ростов-на-Дону,1
2024-10-25,Статья: Цифры и факты / Интересы: открытие бизнеса,Не определено,1
2024-10-25,Статья: Цифры и факты / Интересы: франшиза,Новокузнецк,1
2024-10-26,Промостатья: Моя история 1 | Цена перехода | Ж25-54,Не определено,1
2024-10-26,Промостатья: Моя история 1 | Цена перехода | Ж25-54,Бокситогорск,1
2024-10-26,Статья: Цифры и факты / Интересы: франшиза,Москва,1
2024-10-26,Статья: Цифры и факты / Интересы: франшиза,Ярославль,1
2024-10-27,Промостатья: Моя история 1 | Цена перехода | Ж25-54,Владивосток,1
2024-10-27,Промостатья: Моя история 1 | Цена перехода | Ж25-54,Владимир,1
2024-10-27,Промостатья: Моя история 1 | Цена перехода | Ж25-54,Москва,1
2024-10-27,Статья: Цифры и факты / Интересы: открытие бизнеса,Заринск,1
2024-10-27,Статья: Цифры и факты / Интересы: открытие бизнеса,Псков,1
2024-10-27,Статья: Цифры и факты / Интересы: франшиза,Санкт-Петербург,1
2024-10-28,Промостатья: Моя история 1 | Цена перехода | Ж25-54,Не определено,1
2024-10-28,Промостатья: Моя история 1 | Цена перехода | Ж25-54,Екатеринбург,1
2024-10-28,Промостатья: Моя история 1 | Цена перехода | Ж25-54,Москва,1
2024-10-28,Статья: Цифры и факты / Интересы: открытие бизнеса,Не определено,1
2024-10-28,Статья: Цифры и факты / Интересы: франшиза,Не определено,1
2024-10-29,Промостатья: Моя история 1 | Цена перехода | Ж25-54,Красноярск,1
2024-10-29,Промостатья: Моя история 1 | Цена перехода | Ж25-54,Ростов-на-Дону,1
2024-10-29,Промостатья: Моя история 1 | Цена перехода | Ж25-54,Санкт-Петербург,1
2024-10-29,Промостатья: Моя история 1 | Цена перехода | Ж25-54,Ульяновск,1
2024-10-29,Промостатья: Моя история 1 | Цена перехода | Ж25-54,Чита,1
2024-10-29,Статья: Цифры и факты / Интересы: открытие бизнеса,Екатеринбург,1
2024-10-29,Статья: Цифры и факты / Интересы: франшиза,Москва,1
2024-10-29,Статья: Цифры и факты / Интересы: франшиза,Ульяновск,1
2024-10-30,Промостатья: Моя история 1 | Цена перехода | Ж25-54,Биробиджан,1
2024-10-30,Промостатья: Моя история 1 | Цена перехода | Ж25-54,Калининград,1
2024-10-30,Промостатья: Моя история 1 | Цена перехода | Ж25-54,Каменск-Шахтинский,1
2024-10-30,Промостатья: Моя история 1 | Цена перехода | Ж25-54,Краснодар,1
2024-10-30,Промостатья: Моя история 1 | Цена перехода | Ж25-54,Новосибирск,1
2024-10-30,Промостатья: Моя история 1 | Цена перехода | Ж25-54,Ростов-на-Дону,1
2024-10-30,Промостатья: Моя история 1 | Цена перехода | Ж25-54,Томск,1
2024-10-30,Промостатья: Моя история 1 | Цена перехода | Ж25-54,Химки,1
2024-10-30,Промостатья: Моя история 1 | Цена перехода | Ж25-54,Чита,1
2024-10-30,Промостатья: Моя история 1 | Цена перехода | Ж25-54,Южно-Сахалинск,1
2024-10-30,Статья: Цифры и факты / Интересы: франшиза,Не определено,1
2024-10-31,Промостатья: Моя история 1 | Цена перехода | Ж25-54,Москва,1
2024-10-31,Статья: Цифры и факты / Интересы: открытие бизнеса,Не определено,1
2024-10-31,Статья: Цифры и факты / Интересы: франшиза,Ростов-на-Дону,1
2024-10-31,Статья: Цифры и факты / Интересы: франшиза,Северск,1
2024-11-01,Промостатья: Моя история 1 | Цена перехода | Ж25-54,Архангельск,1
2024-11-01,Промостатья: Моя история 1 | Цена перехода | Ж25-54,Омск,1
2024-11-02,Промостатья: Моя история 1 | Цена перехода | Ж25-54,Не определено,1
2024-11-02,Промостатья: Моя история 1 | Цена перехода | Ж25-54,Домодедово,1
2024-11-02,Промостатья: Моя история 1 | Цена перехода | Ж25-54,Санкт-Петербург,1
2024-11-02,Промостатья: Моя история 1 | Цена перехода | Ж25-54,Уфа,1
2024-11-02,Статья: Цифры и факты / Интересы: открытие бизнеса,Не определено,1
2024-11-03,Промостатья: Моя история 1 | Цена перехода | Ж25-54,Не определено,1
2024-11-03,Промостатья: Моя история 1 | Цена перехода | Ж25-54,Домодедово,1
2024-11-03,Промостатья: Моя история 1 | Цена перехода | Ж25-54,Ступино,1
2024-11-03,Статья: Цифры и факты / Интересы: франшиза,Саранск,1
2024-11-04,Статья: Цифры и факты / Интересы: открытие бизнеса,Курск,1
2024-11-05,Промостатья: Моя история 1 | Цена перехода | Ж25-54,Не определено,1
2024-11-05,Промостатья: Моя история 1 | Цена перехода | Ж25-54,Кострома,1
2024-11-05,Промостатья: Моя история 1 | Цена перехода | Ж25-54,Москва,1
2024-11-05,Статья: Цифры и факты / Интересы: франшиза,Вологда,1
2024-11-07,Промостатья: Моя история 1 | Цена перехода | Ж25-54,Не определено,1
2024-11-07,Промостатья: Моя история 1 | Цена перехода | Ж25-54,Коряжма,1
2024-11-07,Промостатья: Моя история 1 | Цена перехода | Ж25-54,Москва,1
2024-11-07,Промостатья: Моя история 1 | Цена перехода | Ж25-54,Нижний Новгород,1
2024-11-07,Промостатья: Моя история 1 | Цена перехода | Ж25-54,Пенза,1
2024-11-07,Промостатья: Моя история 1 | Цена перехода | Ж25-54,Санкт-Петербург,1
2024-11-07,Статья: Цифры и факты / Интересы: франшиза,Белгород,1
2024-11-07,Статья: Цифры и факты / Интересы: франшиза,Ногинск,1
2024-11-07,Статья: Цифры и факты / Интересы: франшиза,Ставрополь,1
2024-11-08,Статья: Цифры и факты / Интересы: открытие бизнеса,Москва,1
2024-11-09,Промостатья: Моя история 1 | Цена перехода | Ж25-54,Не определено,1
2024-11-09,Промостатья: Моя история 1 | Цена перехода | Ж25-54,Москва,1
2024-11-09,Статья: Цифры и факты / Интересы: франшиза,Не определено,1
2024-11-10,Промостатья: Моя история 1 | Цена перехода | Ж25-54,Не определено,1
2024-11-10,Промостатья: Моя история 1 | Цена перехода | Ж25-54,Волгоград,1
2024-11-10,Промостатья: Моя история 1 | Цена перехода | Ж25-54,Пенза,1
2024-11-10,Статья: Цифры и факты / Интересы: франшиза,Пенза,1
2024-11-10,Статья: Цифры и факты / Интересы: франшиза,Тюмень,1
2024-11-11,Промостатья: Моя история 1 | Цена перехода | Ж25-54,Санкт-Петербург,1
2024-11-11,Статья: Цифры и факты / Интересы: открытие бизнеса,Москва,1
2024-11-12,Промостатья: Моя история 1 | Цена перехода | Ж25-54,Ступино,1
2024-11-13,Промостатья: Моя история 1 | Цена перехода | Ж25-54,Новосибирск,1
2024-11-13,Статья: Цифры и факты / Интересы: открытие бизнеса,Смоленск,1
2024-11-14,Промостатья: Моя история 1 | Цена перехода | Ж25-54,Новосибирск,1
2024-11-14,Статья: Цифры и факты / Интересы: открытие бизнеса,Барнаул,1
2024-11-14,Статья: Цифры и факты / Интересы: открытие бизнеса,Нижний Новгород,1
2024-11-14,Статья: Цифры и факты / Интересы: франшиза,Казань,1
2024-11-14,Статья: Цифры и факты / Интересы: франшиза,Нижний Новгород,1
2024-11-14,Статья: Цифры и факты / Интересы: франшиза,Орёл,1
2024-11-14,Статья: Цифры и факты / Интересы: франшиза,Саратов,1
2024-11-14,Статья: Цифры и факты / Интересы: франшиза,Тамбов,1
2024-11-15,Статья: Цифры и факты / Интересы: открытие бизнеса,Москва,1
2024-11-15,Статья: Цифры и факты / Интересы: франшиза,Не определено,1
2024-11-15,Статья: Цифры и факты / Интересы: франшиза,Казань,1
2024-11-15,Статья: Цифры и факты / Интересы: франшиза,Нижний Новгород,1
2024-11-16,Промостатья: Моя история 1 | Цена перехода | Ж25-54,Санкт-Петербург,1
2024-11-16,Статья: Цифры и факты / Интересы: открытие бизнеса,Ногинск,1
2024-11-16,Статья: Цифры и факты / Интересы: открытие бизнеса,Ярославль,1
2024-11-16,Статья: Цифры и факты / Интересы: франшиза,Не определено,1
2024-11-16,Статья: Цифры и факты / Интересы: франшиза,Барнаул,1
2024-11-16,Статья: Цифры и факты / Интересы: франшиза,Казань,1
2024-11-16,Статья: Цифры и факты / Интересы: франшиза,Москва,1
2024-11-16,Статья: Цифры и факты / Интересы: франшиза,Новосибирск,1
2024-11-17,Промостатья: Моя история 1 | Цена перехода | Ж25-54,Москва,1
2024-11-17,Промостатья: Моя история 1 | Цена перехода | Ж25-54,Рязань,1
2024-11-17,Статья: Цифры и факты / Интересы: франшиза,Санкт-Петербург,1
2024-11-19,Промостатья: Моя история 1 | Цена перехода | Ж25-54,Брянск,1
2024-11-19,Промостатья: Моя история 1 | Цена перехода | Ж25-54,Липецк,1
2024-11-19,Промостатья: Моя история 1 | Цена перехода | Ж25-54,Москва,1
2024-11-19,Статья: Цифры и факты / Интересы: франшиза,Вологда,1
2024-11-20,Промостатья: Моя история 1 | Цена перехода | Ж25-54,Не определено,1
2024-11-20,Промостатья: Моя история 1 | Цена перехода | Ж25-54,Иваново,1
2024-11-20,Статья: Цифры и факты / Интересы: открытие бизнеса,Не определено,1
2024-11-20,Статья: Цифры и факты / Интересы: открытие бизнеса,Тверь,1
2024-11-21,Промостатья: Моя история 1 | Цена перехода | Ж25-54,Не определено,1
2024-11-21,Промостатья: Моя история 1 | Цена перехода | Ж25-54,Липецк,1
2024-11-21,Промостатья: Моя история 1 | Цена перехода | Ж25-54,Новосибирск,1
2024-11-21,Статья: Цифры и факты / Интересы: открытие бизнеса,Москва,1
2024-11-21,Статья: Цифры и факты / Интересы: открытие бизнеса,Нижний Новгород,1
2024-11-22,Промостатья: Моя история 1 | Цена перехода | Ж25-54,Курск,1
2024-11-22,Промостатья: Моя история 1 | Цена перехода | Ж25-54,Липецк,1
2024-11-22,Статья: Цифры и факты / Интересы: открытие бизнеса,Санкт-Петербург,1
2024-11-23,Промостатья: Моя история 1 | Цена перехода | Ж25-54,Краснодар,1
2024-11-23,Промостатья: Моя история 1 | Цена перехода | Ж25-54,Москва,1
2024-11-23,Промостатья: Моя история 1 | Цена перехода | Ж25-54,Новосибирск,1
2024-11-23,Статья: Цифры и факты / Интересы: открытие бизнеса,Воронеж,1
2024-11-23,Статья: Цифры и факты / Интересы: франшиза,Великий Новгород,1
2024-11-24,Промостатья: Моя история 1 | Цена перехода | Ж25-54,Ижевск,1
2024-11-24,Промостатья: Моя история 1 | Цена перехода | Ж25-54,Москва,1
2024-11-24,Промостатья: Моя история 1 | Цена перехода | Ж25-54,Наро-Фоминск,1
2024-11-24,Промостатья: Моя история 1 | Цена перехода | Ж25-54,Череповец,1
2024-11-24,Статья: Цифры и факты / Интересы: открытие бизнеса,Нальчик,1
2024-11-24,Статья: Цифры и факты / Интересы: франшиза,Екатеринбург,1
2024-11-24,Статья: Цифры и факты / Интересы: франшиза,Краснодар,1
2024-11-25,Промостатья: Моя история 1 | Цена перехода | Ж25-54,Ступино,1
2024-11-26,Промостатья: Моя история 1 | Цена перехода | Ж25-54,Не определено,1
2024-11-26,Промостатья: Моя история 1 | Цена перехода | Ж25-54,Краснодар,1
2024-11-26,Промостатья: Моя история 1 | Цена перехода | Ж25-54,Липецк,1
2024-11-26,Статья: Цифры и факты / Интересы: открытие бизнеса,Москва,1
2024-11-26,Статья: Цифры и факты / Интересы: франшиза,Воронеж,1
2024-11-26,Статья: Цифры и факты / Интересы: франшиза,Екатеринбург,1
2024-11-27,Промостатья: Моя история 1 | Цена перехода | Ж25-54,Воронеж,1
2024-11-27,Промостатья: Моя история 1 | Цена перехода | Ж25-54,Калининград,1
2024-11-27,Промостатья: Моя история 1 | Цена перехода | Ж25-54,Липецк,1
2024-11-27,Статья: Цифры и факты / Интересы: открытие бизнеса,Санкт-Петербург,1
2024-11-27,Статья: Цифры и факты / Интересы: франшиза,Уфа,1
2024-11-28,Промостатья: Моя история 1 | Цена перехода | Ж25-54,Липецк,1
2024-11-28,Промостатья: Моя история 1 | Цена перехода | Ж25-54,Михайловка,1
2024-11-28,Промостатья: Моя история 1 | Цена перехода | Ж25-54,Рыбинск,1
2024-11-28,Промостатья: Моя история 1 | Цена перехода | Ж25-54,Санкт-Петербург,1
2024-11-28,Статья: Цифры и факты / Интересы: открытие бизнеса,Оренбург,1
2024-11-28,Статья: Цифры и факты / Интересы: открытие бизнеса,Уфа,1
2024-11-28,Статья: Цифры и факты / Интересы: франшиза,Не определено,1
2024-11-28,Статья: Цифры и факты / Интересы: франшиза,Волгоград,1
2024-11-28,Статья: Цифры и факты / Интересы: франшиза,Казань,1
2024-11-29,Промостатья: Моя история 1 | Цена перехода | Ж25-54,Брянск,1
2024-11-29,Промостатья: Моя история 1 | Цена перехода | Ж25-54,Екатеринбург,1
2024-11-29,Промостатья: Моя история 1 | Цена перехода | Ж25-54,Ишим,1
2024-11-29,Промостатья: Моя история 1 | Цена перехода | Ж25-54,Краснодар,1
2024-11-29,Промостатья: Моя история 1 | Цена перехода | Ж25-54,Липецк,1
2024-11-29,Промостатья: Моя история 1 | Цена перехода | Ж25-54,Москва,1
2024-11-29,Промостатья: Моя история 1 | Цена перехода | Ж25-54,Нижний Новгород,1
2024-11-29,Промостатья: Моя история 1 | Цена перехода | Ж25-54,Обнинск,1
2024-11-29,Промостатья: Моя история 1 | Цена перехода | Ж25-54,Санкт-Петербург,1
2024-11-29,Промостатья: Моя история 1 | Цена перехода | Ж25-54,Челябинск,1
2024-11-29,Промостатья: Моя история 1 | Цена перехода | Ж25-54,Ялта,1
2024-11-29,Статья: Цифры и факты / Интересы: открытие бизнеса,Воткинск,1
2024-11-29,Статья: Цифры и факты / Интересы: франшиза,Не определено,1
2024-11-30,Промостатья: Моя история 1 | Цена перехода | Ж25-54,Не определено,1
2024-11-30,Промостатья: Моя история 1 | Цена перехода | Ж25-54,Белгород,1
2024-11-30,Промостатья: Моя история 1 | Цена перехода | Ж25-54,Владимир,1
2024-11-30,Промостатья: Моя история 1 | Цена перехода | Ж25-54,Екатеринбург,1
2024-11-30,Промостатья: Моя история 1 | Цена перехода | Ж25-54,Ижевск,1
2024-11-30,Промостатья: Моя история 1 | Цена перехода | Ж25-54,Казань,1
2024-11-30,Промостатья: Моя история 1 | Цена перехода | Ж25-54,Нижний Новгород,1
2024-11-30,Промостатья: Моя история 1 | Цена перехода | Ж25-54,Санкт-Петербург,1
2024-11-30,Статья: Цифры и факты / Интересы: франшиза,Красноярск,1
2024-12-01,Промостатья: Моя история 1 | Цена перехода | Ж25-54,Волгоград,1
2024-12-01,Промостатья: Моя история 1 | Цена перехода | Ж25-54,Москва,1
2024-12-01,Промостатья: Моя история 1 | Цена перехода | Ж25-54,Уфа,1
2024-12-01,Статья: Цифры и факты / Интересы: открытие бизнеса,Не определено,1
2024-12-01,Статья: Цифры и факты / Интересы: открытие бизнеса,Ярославль,1
2024-12-01,Статья: Цифры и факты / Интересы: франшиза,Мурманск,1
2024-12-01,Статья: Цифры и факты / Интересы: франшиза,Хабаровск,1
2024-12-02,Промостатья: Моя история 1 | Цена перехода | Ж25-54,Липецк,1
2024-12-03,Промостатья: Моя история 1 | Цена перехода | Ж25-54,Липецк,1
2024-12-04,Промостатья: Моя история 1 | Цена перехода | Ж25-54,Липецк,1
2024-12-05,Промостатья: Моя история 1 | Цена перехода | Ж25-54,Липецк,1
2024-12-06,Промостатья: Моя история 1 | Цена перехода | Ж25-54,Липецк,1
2024-12-09,Промостатья: Моя история 1 | Цена перехода | Ж25-54,Липецк,1
2024-12-11,Промостатья: Моя история 1 | Цена перехода | Ж25-54,Липецк,1
2024-12-12,Промостатья: Моя история 1 | Цена перехода | Ж25-54,Липецк,1
2024-12-13,Промостатья: Моя история 1 | Цена перехода | Ж25-54,Липецк,1
2024-12-14,Промостатья: Моя история 1 | Цена перехода | Ж25-54,Не определено,1
2024-12-16,Промостатья: Моя история 1 | Цена перехода | Ж25-54,Липецк,1
2024-12-17,Промостатья: Моя история 1 | Цена перехода | Ж25-54,Липецк,1
2024-12-18,Промостатья: Моя история 1 | Цена перехода | Ж25-54,Липецк,1
2024-12-19,Промостатья: Моя история 1 | Цена перехода | Ж25-54,Липецк,1
2024-12-20,Промостатья: Моя история 1 | Цена перехода | Ж25-54,Липецк,1
2024-12-26,Промостатья: Моя история 1 | Цена перехода | Ж25-54,Екатеринбург,1
2024-12-26,Промостатья: Моя история 1 | Цена перехода | Ж25-54,Липецк,1
2024-12-26,Промостатья: Моя история 1 | Цена перехода | Ж25-54,Санкт-Петербург,1
2024-12-27,Промостатья: Моя история 1 | Цена перехода | Ж25-54,Липецк,1
2024-12-28,Промостатья: Моя история 1 | Цена перехода | Ж25-54,Липецк,1
2025-03-21,Промостатья: Моя история 1 | Цена перехода | Ж25-54 (копия),Не определено,49
2025-03-23,Промостатья: Моя история 1 | Цена перехода | Ж25-54 (копия),Не определено,45
2025-03-22,Промостатья: Моя история 1 | Цена перехода | Ж25-54 (копия),Не определено,36
2025-03-22,Промостатья: Моя история 1 | Цена перехода | Ж25-54 (копия),Москва,20
2025-03-23,Промостатья: Моя история 1 | Цена перехода | Ж25-54 (копия),Москва,16
2025-03-22,Промостатья: Моя история 1 | Цена перехода | Ж25-54 (копия),Санкт-Петербург,11
2025-03-21,Промостатья: Моя история 1 | Цена перехода | Ж25-54 (копия),Москва,9
2025-03-23,Промостатья: Моя история 1 | Цена перехода | Ж25-54 (копия),Нижний Новгород,9
2025-03-22,Промостатья: Моя история 1 | Цена перехода | Ж25-54 (копия),Екатеринбург,7
2025-03-23,Промостатья: Моя история 1 | Цена перехода | Ж25-54 (копия),Санкт-Петербург,7
2025-03-29,Статья: Цифры и факты / Интересы: открытие бизнеса (копия),Не определено,7
2025-03-30,Статья: Цифры и факты / Интересы: открытие бизнеса (копия),Не определено,7
2025-03-21,Промостатья: Моя история 1 | Цена перехода | Ж25-54 (копия),Казань,6
2025-03-21,Промостатья: Моя история 1 | Цена перехода | Ж25-54 (копия),Саратов,6
2025-03-21,Промостатья: Моя история 1 | Цена перехода | Ж25-54 (копия),Уфа,6
2025-03-22,Промостатья: Моя история 1 | Цена перехода | Ж25-54 (копия),Краснодар,6
2025-03-22,Промостатья: Моя история 1 | Цена перехода | Ж25-54 (копия),Нижний Новгород,6
2025-03-24,Промостатья: Моя история 1 | Цена перехода | Ж25-54 (копия),Не определено,6
2025-03-29,Промостатья: Моя история 1 / Цена перехода / Ж25-54 / интерес_франшиза,Не определено,6
2025-03-21,Промостатья: Моя история 1 | Цена перехода | Ж25-54 (копия),Екатеринбург,5
2025-03-21,Промостатья: Моя история 1 | Цена перехода | Ж25-54 (копия),Новосибирск,5
2025-03-23,Промостатья: Моя история 1 | Цена перехода | Ж25-54 (копия),Краснодар,5
2025-03-30,Промостатья: Моя история 1 / Цена перехода / Ж25-54 / интерес_франшиза,Москва,5
2025-03-21,Промостатья: Моя история 1 | Цена перехода | Ж25-54 (копия),Калининград,4
2025-03-21,Промостатья: Моя история 1 | Цена перехода | Ж25-54 (копия),Красноярск,4
2025-03-22,Промостатья: Моя история 1 | Цена перехода | Ж25-54 (копия),Чита,4
2025-03-23,Промостатья: Моя история 1 | Цена перехода | Ж25-54 (копия),Екатеринбург,4
2025-03-29,Статья: Цифры и факты / Интересы: открытие бизнеса (копия),Москва,4
2025-03-06,Промостатья: Моя история 1 | Цена перехода | Ж25-54,Липецк,3
2025-03-21,Промостатья: Моя история 1 | Цена перехода | Ж25-54 (копия),Краснодар,3
2025-03-21,Промостатья: Моя история 1 | Цена перехода | Ж25-54 (копия),Нижний Новгород,3
2025-03-21,Промостатья: Моя история 1 | Цена перехода | Ж25-54 (копия),Санкт-Петербург,3
2025-03-21,Промостатья: Моя история 1 | Цена перехода | Ж25-54 (копия),Тамбов,3
2025-03-22,Промостатья: Моя история 1 | Цена перехода | Ж25-54 (копия),Владивосток,3
2025-03-23,Промостатья: Моя история 1 | Цена перехода | Ж25-54 (копия),Брянск,3
2025-03-23,Промостатья: Моя история 1 | Цена перехода | Ж25-54 (копия),Новосибирск,3
2025-03-24,Промостатья: Моя история 1 | Цена перехода | Ж25-54 (копия),Санкт-Петербург,3
2025-03-25,Промостатья: Моя история 1 | Цена перехода | Ж25-54 (копия),Не определено,3
2025-03-28,Статья: Цифры и факты / Интересы: открытие бизнеса (копия),Москва,3
2025-03-28,Статья: Цифры и факты / Интересы: открытие бизнеса (копия),Санкт-Петербург,3
2025-03-30,Статья: Цифры и факты / Интересы: открытие бизнеса (копия),Санкт-Петербург,3
2025-01-09,Промостатья: Моя история 1 | Цена перехода | Ж25-54,Липецк,2
2025-01-13,Промостатья: Моя история 1 | Цена перехода | Ж25-54,Липецк,2
2025-03-03,Промостатья: Моя история 1 | Цена перехода | Ж25-54,Липецк,2
2025-03-07,Промостатья: Моя история 1 | Цена перехода | Ж25-54,Липецк,2
2025-03-20,Промостатья: Моя история 1 | Цена перехода | Ж25-54,Не определено,2
2025-03-21,Промостатья: Моя история 1 | Цена перехода | Ж25-54 (копия),Астрахань,2
2025-03-21,Промостатья: Моя история 1 | Цена перехода | Ж25-54 (копия),Брянск,2
2025-03-21,Промостатья: Моя история 1 | Цена перехода | Ж25-54 (копия),Волгоград,2
2025-03-21,Промостатья: Моя история 1 | Цена перехода | Ж25-54 (копия),Ижевск,2
2025-03-21,Промостатья: Моя история 1 | Цена перехода | Ж25-54 (копия),Курск,2
2025-03-21,Промостатья: Моя история 1 | Цена перехода | Ж25-54 (копия),Набережные Челны,2
2025-03-21,Промостатья: Моя история 1 | Цена перехода | Ж25-54 (копия),Нижний Тагил,2
2025-03-21,Промостатья: Моя история 1 | Цена перехода | Ж25-54 (копия),Омск,2
2025-03-21,Промостатья: Моя история 1 | Цена перехода | Ж25-54 (копия),Псков,2
2025-03-21,Промостатья: Моя история 1 | Цена перехода | Ж25-54 (копия),Ростов-на-Дону,2
2025-03-21,Промостатья: Моя история 1 | Цена перехода | Ж25-54 (копия),Самара,2
2025-03-21,Промостатья: Моя история 1 | Цена перехода | Ж25-54 (копия),Тольятти,2
2025-03-21,Промостатья: Моя история 1 | Цена перехода | Ж25-54 (копия),Ульяновск,2
2025-03-22,Промостатья: Моя история 1 | Цена перехода | Ж25-54 (копия),Брянск,2
2025-03-22,Промостатья: Моя история 1 | Цена перехода | Ж25-54 (копия),Калининград,2
2025-03-22,Промостатья: Моя история 1 | Цена перехода | Ж25-54 (копия),Новосибирск,2
2025-03-22,Промостатья: Моя история 1 | Цена перехода | Ж25-54 (копия),Оренбург,2
2025-03-22,Промостатья: Моя история 1 | Цена перехода | Ж25-54 (копия),Смоленск,2
2025-03-22,Промостатья: Моя история 1 | Цена перехода | Ж25-54 (копия),Челябинск,2
2025-03-23,Промостатья: Моя история 1 | Цена перехода | Ж25-54 (копия),Благовещенск,2
2025-03-23,Промостатья: Моя история 1 | Цена перехода | Ж25-54 (копия),Богородицк,2
2025-03-23,Промостатья: Моя история 1 | Цена перехода | Ж25-54 (копия),Казань,2
2025-03-23,Промостатья: Моя история 1 | Цена перехода | Ж25-54 (копия),Омск,2
2025-03-23,Промостатья: Моя история 1 | Цена перехода | Ж25-54 (копия),Пенза,2
2025-03-23,Промостатья: Моя история 1 | Цена перехода | Ж25-54 (копия),Саратов,2
2025-03-23,Промостатья: Моя история 1 | Цена перехода | Ж25-54 (копия),Тверь,2
2025-03-24,Промостатья: Моя история 1 | Цена перехода | Ж25-54 (копия),Москва,2
2025-03-27,Статья: Цифры и факты / Интересы: открытие бизнеса (копия),Не определено,2
2025-03-28,Статья: Цифры и факты / Интересы: открытие бизнеса (копия),Якутск,2
2025-03-29,Промостатья: Моя история 1 / Цена перехода / Ж25-54 / интерес_франшиза,Москва,2
2025-03-29,Статья: Цифры и факты / Интересы: открытие бизнеса (копия),Владивосток,2
2025-03-29,Статья: Цифры и факты / Интересы: открытие бизнеса (копия),Нижний Новгород,2
2025-03-30,Промостатья: Моя история 1 / Цена перехода / Ж25-54 / интерес_франшиза,Екатеринбург,2
2025-03-30,Статья: Цифры и факты / Интересы: открытие бизнеса (копия),Екатеринбург,2
2025-01-10,Промостатья: Моя история 1 | Цена перехода | Ж25-54,Липецк,1
2025-01-14,Промостатья: Моя история 1 | Цена перехода | Ж25-54,Липецк,1
2025-01-14,Промостатья: Моя история 3 | Цена перехода | 25-54 | lp /franchise,Тамбов,1
2025-01-15,Промостатья: Моя история 1 | Цена перехода | Ж25-54,Липецк,1
2025-01-16,Промостатья: Моя история 1 | Цена перехода | Ж25-54,Липецк,1
2025-01-20,Промостатья: Моя история 1 | Цена перехода | Ж25-54,Липецк,1
2025-01-21,Промостатья: Моя история 1 | Цена перехода | Ж25-54,Липецк,1
2025-01-24,Промостатья: Моя история 1 | Цена перехода | Ж25-54,Липецк,1
2025-01-27,Промостатья: Моя история 1 | Цена перехода | Ж25-54,Липецк,1
2025-01-28,Промостатья: Моя история 1 | Цена перехода | Ж25-54,Липецк,1
2025-01-31,Промостатья: Моя история 1 | Цена перехода | Ж25-54,Липецк,1
2025-02-03,Промостатья: Моя история 1 | Цена перехода | Ж25-54,Липецк,1
2025-02-04,Промостатья: Моя история 1 | Цена перехода | Ж25-54,Липецк,1
2025-02-05,Промостатья: Моя история 1 | Цена перехода | Ж25-54,Липецк,1
2025-02-06,Промостатья: Моя история 1 | Цена перехода | Ж25-54,Липецк,1
2025-02-07,Промостатья: Моя история 1 | Цена перехода | Ж25-54,Липецк,1
2025-02-11,Промостатья: Моя история 1 | Цена перехода | Ж25-54,Липецк,1
2025-02-12,Промостатья: Моя история 1 | Цена перехода | Ж25-54,Липецк,1
2025-02-13,Промостатья: Моя история 1 | Цена перехода | Ж25-54,Липецк,1
2025-02-14,Промостатья: Моя история 1 | Цена перехода | Ж25-54,Липецк,1
2025-02-18,Промостатья: Моя история 1 | Цена перехода | Ж25-54,Липецк,1
2025-02-19,Промостатья: Моя история 1 | Цена перехода | Ж25-54,Липецк,1
2025-02-20,Промостатья: Моя история 1 | Цена перехода | Ж25-54,Липецк,1
2025-02-21,Промостатья: Моя история 1 | Цена перехода | Ж25-54,Липецк,1
2025-02-24,Промостатья: Моя история 1 | Цена перехода | Ж25-54,Липецк,1
2025-02-25,Промостатья: Моя история 1 | Цена перехода | Ж25-54,Липецк,1
2025-02-26,Промостатья: Моя история 1 | Цена перехода | Ж25-54,Липецк,1
2025-02-27,Промостатья: Моя история 1 | Цена перехода | Ж25-54,Липецк,1
2025-02-28,Промостатья: Моя история 1 | Цена перехода | Ж25-54,Липецк,1
2025-03-04,Промостатья: Моя история 1 | Цена перехода | Ж25-54,Липецк,1
2025-03-05,Промостатья: Моя история 1 | Цена перехода | Ж25-54,Липецк,1
2025-03-19,Промостатья: Моя история 1 | Цена перехода | Ж25-54,Якутск,1
2025-03-19,Промостатья: Моя история 1 | Цена перехода | Ж25-54,Ярославль,1
2025-03-19,Статья: Цифры и факты / Интересы: франшиза,Новосибирск,1
2025-03-19,Статья: Цифры и факты / Интересы: франшиза,Самара,1
2025-03-20,Статья: Цифры и факты / Интересы: открытие бизнеса,Не определено,1
2025-03-20,Статья: Цифры и факты / Интересы: открытие бизнеса,Новосибирск,1
2025-03-21,Промостатья: Моя история 1 | Цена перехода | Ж25-54 (копия),Александров,1
2025-03-21,Промостатья: Моя история 1 | Цена перехода | Ж25-54 (копия),Алушта,1
2025-03-21,Промостатья: Моя история 1 | Цена перехода | Ж25-54 (копия),Амстердам,1
2025-03-21,Промостатья: Моя история 1 | Цена перехода | Ж25-54 (копия),Барнаул,1
2025-03-21,Промостатья: Моя история 1 | Цена перехода | Ж25-54 (копия),Белебей,1
2025-03-21,Промостатья: Моя история 1 | Цена перехода | Ж25-54 (копия),Иваново,1
2025-03-21,Промостатья: Моя история 1 | Цена перехода | Ж25-54 (копия),Йошкар-Ола,1
2025-03-21,Промостатья: Моя история 1 | Цена перехода | Ж25-54 (копия),Калуга,1
2025-03-21,Промостатья: Моя история 1 | Цена перехода | Ж25-54 (копия),Киров,1
2025-03-21,Промостатья: Моя история 1 | Цена перехода | Ж25-54 (копия),Короча,1
2025-03-21,Промостатья: Моя история 1 | Цена перехода | Ж25-54 (копия),Мыски,1
2025-03-21,Промостатья: Моя история 1 | Цена перехода | Ж25-54 (копия),Переславль-Залесский,1
2025-03-21,Промостатья: Моя история 1 | Цена перехода | Ж25-54 (копия),Пермь,1
2025-03-21,Промостатья: Моя история 1 | Цена перехода | Ж25-54 (копия),Петрозаводск,1
2025-03-21,Промостатья: Моя история 1 | Цена перехода | Ж25-54 (копия),Саранск,1
2025-03-21,Промостатья: Моя история 1 | Цена перехода | Ж25-54 (копия),Смоленск,1
2025-03-21,Промостатья: Моя история 1 | Цена перехода | Ж25-54 (копия),Сыктывкар,1
2025-03-21,Промостатья: Моя история 1 | Цена перехода | Ж25-54 (копия),Тавда,1
2025-03-21,Промостатья: Моя история 1 | Цена перехода | Ж25-54 (копия),Томск,1
2025-03-21,Промостатья: Моя история 1 | Цена перехода | Ж25-54 (копия),Тула,1
2025-03-21,Промостатья: Моя история 1 | Цена перехода | Ж25-54 (копия),Тюмень,1
2025-03-21,Промостатья: Моя история 1 | Цена перехода | Ж25-54 (копия),Улан-Удэ,1
2025-03-21,Промостатья: Моя история 1 | Цена перехода | Ж25-54 (копия),Хадыженск,1
2025-03-21,Промостатья: Моя история 1 | Цена перехода | Ж25-54 (копия),Челябинск,1
2025-03-21,Промостатья: Моя история 1 | Цена перехода | Ж25-54 (копия),Чита,1
2025-03-22,Промостатья: Моя история 1 | Цена перехода | Ж25-54 (копия),Амстердам,1
2025-03-22,Промостатья: Моя история 1 | Цена перехода | Ж25-54 (копия),Арзамас,1
2025-03-22,Промостатья: Моя история 1 | Цена перехода | Ж25-54 (копия),Барнаул,1
2025-03-22,Промостатья: Моя история 1 | Цена перехода | Ж25-54 (копия),Богородицк,1
2025-03-22,Промостатья: Моя история 1 | Цена перехода | Ж25-54 (копия),Волгодонск,1
2025-03-22,Промостатья: Моя история 1 | Цена перехода | Ж25-54 (копия),Донецк,1
2025-03-22,Промостатья: Моя история 1 | Цена перехода | Ж25-54 (копия),Иркутск,1
2025-03-22,Промостатья: Моя история 1 | Цена перехода | Ж25-54 (копия),Казань,1
2025-03-22,Промостатья: Моя история 1 | Цена перехода | Ж25-54 (копия),Калуга,1
2025-03-22,Промостатья: Моя история 1 | Цена перехода | Ж25-54 (копия),Кемерово,1
2025-03-22,Промостатья: Моя история 1 | Цена перехода | Ж25-54 (копия),Киров,1
2025-03-22,Промостатья: Моя история 1 | Цена перехода | Ж25-54 (копия),Королёв,1
2025-03-22,Промостатья: Моя история 1 | Цена перехода | Ж25-54 (копия),Котельники,1
2025-03-22,Промостатья: Моя история 1 | Цена перехода | Ж25-54 (копия),Курган,1
2025-03-22,Промостатья: Моя история 1 | Цена перехода | Ж25-54 (копия),Курск,1
2025-03-22,Промостатья: Моя история 1 | Цена перехода | Ж25-54 (копия),Липецк,1
2025-03-22,Промостатья: Моя история 1 | Цена перехода | Ж25-54 (копия),Новокузнецк,1
2025-03-22,Промостатья: Моя история 1 | Цена перехода | Ж25-54 (копия),Омск,1
2025-03-22,Промостатья: Моя история 1 | Цена перехода | Ж25-54 (копия),Рязань,1
2025-03-22,Промостатья: Моя история 1 | Цена перехода | Ж25-54 (копия),Салават,1
2025-03-22,Промостатья: Моя история 1 | Цена перехода | Ж25-54 (копия),Саранск,1
2025-03-22,Промостатья: Моя история 1 | Цена перехода | Ж25-54 (копия),Северодвинск,1
2025-03-22,Промостатья: Моя история 1 | Цена перехода | Ж25-54 (копия),Тамбов,1
2025-03-22,Промостатья: Моя история 1 | Цена перехода | Ж25-54 (копия),Тверь,1
2025-03-22,Промостатья: Моя история 1 | Цена перехода | Ж25-54 (копия),Тюмень,1
2025-03-22,Промостатья: Моя история 1 | Цена перехода | Ж25-54 (копия),Уфа,1
2025-03-22,Промостатья: Моя история 1 | Цена перехода | Ж25-54 (копия),Ухта,1
2025-03-22,Промостатья: Моя история 1 | Цена перехода | Ж25-54 (копия),Хабаровск,1
2025-03-22,Промостатья: Моя история 1 | Цена перехода | Ж25-54 (копия),Чебоксары,1
2025-03-22,Статья: Цифры и факты / Интересы: открытие бизнеса,Не определено,1
2025-03-22,Статья: Цифры и факты / Интересы: открытие бизнеса,Будапешт,1
2025-03-23,Промостатья: Моя история 1 | Цена перехода | Ж25-54,Не определено,1
2025-03-23,Промостатья: Моя история 1 | Цена перехода | Ж25-54 (копия),Барнаул,1
2025-03-23,Промостатья: Моя история 1 | Цена перехода | Ж25-54 (копия),Бузулук,1
2025-03-23,Промостатья: Моя история 1 | Цена перехода | Ж25-54 (копия),Владивосток,1
2025-03-23,Промостатья: Моя история 1 | Цена перехода | Ж25-54 (копия),Владимир,1
2025-03-23,Промостатья: Моя история 1 | Цена перехода | Ж25-54 (копия),Волгоград,1
2025-03-23,Промостатья: Моя история 1 | Цена перехода | Ж25-54 (копия),Вязники,1
2025-03-23,Промостатья: Моя история 1 | Цена перехода | Ж25-54 (копия),Ижевск,1
2025-03-23,Промостатья: Моя история 1 | Цена перехода | Ж25-54 (копия),Иркутск,1
2025-03-23,Промостатья: Моя история 1 | Цена перехода | Ж25-54 (копия),Кемерово,1
2025-03-23,Промостатья: Моя история 1 | Цена перехода | Ж25-54 (копия),Киров,1
2025-03-23,Промостатья: Моя история 1 | Цена перехода | Ж25-54 (копия),Кольчугино,1
2025-03-23,Промостатья: Моя история 1 | Цена перехода | Ж25-54 (копия),Красноярск,1
2025-03-23,Промостатья: Моя история 1 | Цена перехода | Ж25-54 (копия),Липецк,1
2025-03-23,Промостатья: Моя история 1 | Цена перехода | Ж25-54 (копия),Мыски,1
2025-03-23,Промостатья: Моя история 1 | Цена перехода | Ж25-54 (копия),Находка,1
2025-03-23,Промостатья: Моя история 1 | Цена перехода | Ж25-54 (копия),Нижний Тагил,1
2025-03-23,Промостатья: Моя история 1 | Цена перехода | Ж25-54 (копия),Новочебоксарск,1
2025-03-23,Промостатья: Моя история 1 | Цена перехода | Ж25-54 (копия),Оренбург,1
2025-03-23,Промостатья: Моя история 1 | Цена перехода | Ж25-54 (копия),Подольск,1
2025-03-23,Промостатья: Моя история 1 | Цена перехода | Ж25-54 (копия),Ростов-на-Дону,1
2025-03-23,Промостатья: Моя история 1 | Цена перехода | Ж25-54 (копия),Самара,1
2025-03-23,Промостатья: Моя история 1 | Цена перехода | Ж25-54 (копия),Сочи,1
2025-03-23,Промостатья: Моя история 1 | Цена перехода | Ж25-54 (копия),Тольятти,1
2025-03-23,Промостатья: Моя история 1 | Цена перехода | Ж25-54 (копия),Ульяновск,1
2025-03-23,Промостатья: Моя история 1 | Цена перехода | Ж25-54 (копия),Уфа,1
2025-03-23,Промостатья: Моя история 1 | Цена перехода | Ж25-54 (копия),Чебоксары,1
2025-03-23,Промостатья: Моя история 1 | Цена перехода | Ж25-54 (копия),Челябинск,1
2025-03-23,Промостатья: Моя история 1 | Цена перехода | Ж25-54 (копия),Чита,1
2025-03-23,Промостатья: Моя история 1 | Цена перехода | Ж25-54 (копия),Якутск,1
2025-03-23,Статья: Цифры и факты / Интересы: открытие бизнеса,Москва,1
2025-03-23,Статья: Цифры и факты / Интересы: франшиза,Не определено,1
2025-03-24,Промостатья: Моя история 1 | Цена перехода | Ж25-54,Не определено,1
2025-03-24,Промостатья: Моя история 1 | Цена перехода | Ж25-54,Липецк,1
2025-03-24,Промостатья: Моя история 1 | Цена перехода | Ж25-54,Орёл,1
2025-03-24,Промостатья: Моя история 1 | Цена перехода | Ж25-54 (копия),Волгодонск,1
2025-03-24,Промостатья: Моя история 1 | Цена перехода | Ж25-54 (копия),Екатеринбург,1
2025-03-24,Промостатья: Моя история 1 | Цена перехода | Ж25-54 (копия),Краснодар,1
2025-03-25,Промостатья: Моя история 1 / Цена перехода / Ж25-54 / интерес_франшиза,Не определено,1
2025-03-25,Промостатья: Моя история 1 | Цена перехода | Ж25-54,Не определено,1
2025-03-25,Промостатья: Моя история 1 | Цена перехода | Ж25-54,Липецк,1
2025-03-25,Промостатья: Моя история 1 | Цена перехода | Ж25-54 (копия),Кострома,1
2025-03-25,Промостатья: Моя история 1 | Цена перехода | Ж25-54 (копия),Новосибирск,1
2025-03-25,Промостатья: Моя история 1 | Цена перехода | Ж25-54 (копия),Орёл,1
2025-03-25,Статья: Цифры и факты / Интересы: открытие бизнеса,Липецк,1
2025-03-26,Промостатья: Моя история 1 / Цена перехода / Ж25-54 / интерес_открытие бизнеса,Нижний Новгород,1
2025-03-26,Промостатья: Моя история 1 | Цена перехода | Ж25-54,Липецк,1
2025-03-26,Промостатья: Моя история 1 | Цена перехода | Ж25-54 (копия),Нижний Новгород,1
2025-03-26,Статья: Цифры и факты / Интересы: открытие бизнеса (копия),Не определено,1
2025-03-26,Статья: Цифры и факты / Интересы: открытие бизнеса (копия),Казань,1
2025-03-26,Статья: Цифры и факты / Интересы: открытие бизнеса (копия),Калуга,1
2025-03-27,Промостатья: Моя история 1 / Цена перехода / Ж25-54 / интерес_франшиза,Не определено,1
2025-03-27,Промостатья: Моя история 1 | Цена перехода | Ж25-54,Липецк,1
2025-03-27,Статья: Цифры и факты / Интересы: открытие бизнеса (копия),Иркутск,1
2025-03-27,Статья: Цифры и факты / Интересы: открытие бизнеса (копия),Краснодар,1
2025-03-27,Статья: Цифры и факты / Интересы: открытие бизнеса (копия),Красноярск,1
2025-03-27,Статья: Цифры и факты / Интересы: открытие бизнеса (копия),Пенза,1
2025-03-27,Статья: Цифры и факты / Интересы: открытие бизнеса (копия),Южно-Сахалинск,1
2025-03-28,Промостатья: Моя история 1 / Цена перехода / Ж25-54 / интерес_франшиза,Не определено,1
2025-03-28,Промостатья: Моя история 1 / Цена перехода / Ж25-54 / интерес_франшиза,Калининград,1
2025-03-28,Промостатья: Моя история 1 / Цена перехода / Ж25-54 / интерес_франшиза,Москва,1
2025-03-28,Промостатья: Моя история 1 / Цена перехода / Ж25-54 / интерес_франшиза,Санкт-Петербург,1
2025-03-28,Промостатья: Моя история 1 | Цена перехода | Ж25-54,Липецк,1
2025-03-28,Статья: Цифры и факты / Интересы: открытие бизнеса (копия),Не определено,1
2025-03-28,Статья: Цифры и факты / Интересы: открытие бизнеса (копия),Дзержинск,1
2025-03-28,Статья: Цифры и факты / Интересы: открытие бизнеса (копия),Екатеринбург,1
2025-03-28,Статья: Цифры и факты / Интересы: открытие бизнеса (копия),Казань,1
2025-03-28,Статья: Цифры и факты / Интересы: открытие бизнеса (копия),Калуга,1
2025-03-28,Статья: Цифры и факты / Интересы: открытие бизнеса (копия),Нижний Новгород,1
2025-03-28,Статья: Цифры и факты / Интересы: открытие бизнеса (копия),Пермь,1
2025-03-28,Статья: Цифры и факты / Интересы: открытие бизнеса (копия),Саратов,1
2025-03-28,Статья: Цифры и факты / Интересы: открытие бизнеса (копия),Тверь,1
2025-03-28,Статья: Цифры и факты / Интересы: открытие бизнеса (копия),Феодосия,1
2025-03-28,Статья: Цифры и факты / Интересы: открытие бизнеса (копия),Франкфурт-на-Майне,1
2025-03-28,Статья: Цифры и факты / Интересы: открытие бизнеса (копия),Хабаровск,1
2025-03-29,Промостатья: Моя история 1 / Цена перехода / Ж25-54 / интерес_открытие бизнеса,Краснодар,1
2025-03-29,Промостатья: Моя история 1 / Цена перехода / Ж25-54 / интерес_открытие бизнеса,Москва,1
2025-03-29,Промостатья: Моя история 1 / Цена перехода / Ж25-54 / интерес_франшиза,Архангельск,1
2025-03-29,Промостатья: Моя история 1 / Цена перехода / Ж25-54 / интерес_франшиза,Елец,1
2025-03-29,Промостатья: Моя история 1 / Цена перехода / Ж25-54 / интерес_франшиза,Ростов-на-Дону,1
2025-03-29,Промостатья: Моя история 1 / Цена перехода / Ж25-54 / интерес_франшиза,Тольятти,1
2025-03-29,Статья: Цифры и факты / Интересы: открытие бизнеса (копия),Астрахань,1
2025-03-29,Статья: Цифры и факты / Интересы: открытие бизнеса (копия),Барнаул,1
2025-03-29,Статья: Цифры и факты / Интересы: открытие бизнеса (копия),Дедовск,1
2025-03-29,Статья: Цифры и факты / Интересы: открытие бизнеса (копия),Екатеринбург,1
2025-03-29,Статья: Цифры и факты / Интересы: открытие бизнеса (копия),Ижевск,1
2025-03-29,Статья: Цифры и факты / Интересы: открытие бизнеса (копия),Кызыл,1
2025-03-29,Статья: Цифры и факты / Интересы: открытие бизнеса (копия),Новосибирск,1
2025-03-29,Статья: Цифры и факты / Интересы: открытие бизнеса (копия),Омск,1
2025-03-29,Статья: Цифры и факты / Интересы: открытие бизнеса (копия),Самара,1
2025-03-29,Статья: Цифры и факты / Интересы: открытие бизнеса (копия),Санкт-Петербург,1
2025-03-29,Статья: Цифры и факты / Интересы: открытие бизнеса (копия),Севастополь,1
2025-03-29,Статья: Цифры и факты / Интересы: открытие бизнеса (копия),Сочи,1
2025-03-29,Статья: Цифры и факты / Интересы: открытие бизнеса (копия),Тюмень,1
2025-03-29,Статья: Цифры и факты / Интересы: открытие бизнеса (копия),Улан-Удэ,1
2025-03-29,Статья: Цифры и факты / Интересы: открытие бизнеса (копия),Чита,1
2025-03-30,Промостатья: Моя история 1 / Цена перехода / Ж25-54 / интерес_открытие бизнеса,Стерлитамак,1
2025-03-30,Промостатья: Моя история 1 / Цена перехода / Ж25-54 / интерес_франшиза,Казань,1
2025-03-30,Промостатья: Моя история 1 / Цена перехода / Ж25-54 / интерес_франшиза,Пермь,1
2025-03-30,Промостатья: Моя история 1 / Цена перехода / Ж25-54 / интерес_франшиза,Южно-Сахалинск,1
2025-03-30,Статья: Цифры и факты / Интересы: открытие бизнеса (копия),Архангельск,1
2025-03-30,Статья: Цифры и факты / Интересы: открытие бизнеса (копия),Балабаново,1
2025-03-30,Статья: Цифры и факты / Интересы: открытие бизнеса (копия),Барнаул,1
2025-03-30,Статья: Цифры и факты / Интересы: открытие бизнеса (копия),Бийск,1
2025-03-30,Статья: Цифры и факты / Интересы: открытие бизнеса (копия),Иркутск,1
2025-03-30,Статья: Цифры и факты / Интересы: открытие бизнеса (копия),Краснодар,1
2025-03-30,Статья: Цифры и факты / Интересы: открытие бизнеса (копия),Москва,1
2025-03-30,Статья: Цифры и факты / Интересы: открытие бизнеса (копия),Мытищи,1
2025-03-30,Статья: Цифры и факты / Интересы: открытие бизнеса (копия),Севастополь,1
2025-03-30,Статья: Цифры и факты / Интересы: открытие бизнеса (копия),Сыктывкар,1
2025-03-30,Статья: Цифры и факты / Интересы: открытие бизнеса (копия),Челябинск,1
2025-03-30,Статья: Цифры и факты / Интересы: открытие бизнеса (копия),Якутск,1
2025-03-31,Промостатья: Моя история 1 / Цена перехода / Ж25-54 / интерес_франшиза,Не определено,1
2025-03-31,Промостатья: Моя история 1 / Цена перехода / Ж25-54 / интерес_франшиза,Барнаул,1
2025-03-31,Промостатья: Моя история 1 / Цена перехода / Ж25-54 / интерес_франшиза,Йошкар-Ола,1
2025-03-31,Промостатья: Моя история 1 / Цена перехода / Ж25-54 / интерес_франшиза,Краснодар,1
2025-03-31,Промостатья: Моя история 1 / Цена перехода / Ж25-54 / интерес_франшиза,Москва,1
2025-03-31,Промостатья: Моя история 1 / Цена перехода / Ж25-54 / интерес_франшиза,Новосибирск,1
2025-03-31,Промостатья: Моя история 1 / Цена перехода / Ж25-54 / интерес_франшиза,Омск,1
2025-03-31,Промостатья: Моя история 1 / Цена перехода / Ж25-54 / интерес_франшиза,Уфа,1
2025-03-31,Промостатья: Моя история 1 / Цена перехода / Ж25-54 / интерес_франшиза,Чебоксары,1
2025-04-30,Промостатья: Моя история 1 / Цена перехода / Ж25-54 / интерес_открытие бизнеса,Не определено,10
2025-04-30,Промостатья: Моя история 1 / Цена перехода / Ж25-54 / интерес_открытие бизнеса,Москва,6
2025-05-29,Промостатья: Моя история 1 / Цена перехода / Ж25-54 / интерес_франшиза,Ростов-на-Дону,6
2025-05-01,Промостатья: Моя история 1 / Цена перехода / Ж25-54 / интерес_открытие бизнеса,Не определено,5
2025-05-26,Промостатья: Моя история 1 / Цена перехода / Ж25-54 / интерес_франшиза,Не определено,5
2025-05-30,Промостатья: Моя история 1 / Цена перехода / Ж25-54 / интерес_открытие бизнеса,Не определено,4
2025-05-30,Промостатья: Моя история 1 / Цена перехода / Ж25-54 / интерес_открытие бизнеса,Москва,4
2025-05-31,Промостатья: Моя история 1 / Цена перехода / Ж25-54 / интерес_открытие бизнеса,Не определено,4
2025-04-25,Промостатья: Моя история 1 / Цена перехода / Ж25-54 / интерес_франшиза,Санкт-Петербург,3
2025-04-30,Промостатья: Моя история 1 / Цена перехода / Ж25-54 / интерес_открытие бизнеса,Санкт-Петербург,3
2025-05-28,Промостатья: Моя история 1 / Цена перехода / Ж25-54 / интерес_открытие бизнеса,Москва,3
2025-05-29,Промостатья: Моя история 1 / Цена перехода / Ж25-54 / интерес_открытие бизнеса,Не определено,3
2025-05-29,Промостатья: Моя история 1 / Цена перехода / Ж25-54 / интерес_открытие бизнеса,Москва,3
2025-05-30,Промостатья: Моя история 1 / Цена перехода / Ж25-54 / интерес_франшиза,Не определено,3
2025-04-01,Промостатья: Моя история 1 / Цена перехода / Ж25-54 / интерес_франшиза,Не определено,2
2025-04-02,Промостатья: Моя история 1 / Цена перехода / Ж25-54 / интерес_франшиза,Екатеринбург,2
2025-04-08,Промостатья: Моя история 1 / Цена перехода / Ж25-54 / интерес_франшиза,Не определено,2
2025-04-09,Статья: Цифры и факты / Интересы: открытие бизнеса (копия),Сочи,2
2025-04-10,Промостатья: Моя история 1 / Цена перехода / Ж25-54 / интерес_франшиза,Не определено,2
2025-04-10,Промостатья: Моя история 1 / Цена перехода / Ж25-54 / интерес_франшиза,Москва,2
2025-04-24,Промостатья: Моя история 1 / Цена перехода / Ж25-54 / интерес_франшиза,Не определено,2
2025-04-25,Промостатья: Моя история 1 / Цена перехода / Ж25-54 / интерес_франшиза,Не определено,2
2025-04-25,Промостатья: Моя история 1 / Цена перехода / Ж25-54 / интерес_франшиза,Москва,2
2025-04-26,Промостатья: Моя история 1 / Цена перехода / Ж25-54 / интерес_франшиза,Санкт-Петербург,2
2025-04-30,Промостатья: Моя история 1 / Цена перехода / Ж25-54 / интерес_открытие бизнеса,Иркутск,2
2025-05-01,Промостатья: Моя история 1 / Цена перехода / Ж25-54 / интерес_открытие бизнеса,Москва,2
2025-05-09,Промостатья: Моя история 1 / Цена перехода / Ж25-54 / интерес_открытие бизнеса,Красноярск,2
2025-05-14,Промостатья: Моя история 1 / Цена перехода / Ж25-54 / интерес_открытие бизнеса,Москва,2
2025-05-15,Промостатья: Моя история 1 / Цена перехода / Ж25-54 / интерес_франшиза,Санкт-Петербург,2
2025-05-22,Промостатья: Моя история 1 / Цена перехода / Ж25-54 / интерес_франшиза,Москва,2
2025-05-22,Промостатья: Моя история 1 / Цена перехода / Ж25-54 / интерес_франшиза,Санкт-Петербург,2
2025-05-24,Промостатья: Моя история 1 / Цена перехода / Ж25-54 / интерес_открытие бизнеса,Не определено,2
2025-05-26,Промостатья: Моя история 1 / Цена перехода / Ж25-54 / интерес_франшиза,Екатеринбург,2
2025-05-27,Промостатья: Моя история 1 / Цена перехода / Ж25-54 / интерес_франшиза,Екатеринбург,2
2025-05-29,Промостатья: Моя история 1 / Цена перехода / Ж25-54 / интерес_франшиза,Санкт-Петербург,2
2025-05-31,Промостатья: Моя история 1 / Цена перехода / Ж25-54 / интерес_открытие бизнеса,Москва,2
2025-05-31,Промостатья: Моя история 1 / Цена перехода / Ж25-54 / интерес_франшиза,Не определено,2
2025-06-12,Статья: Цифры и факты / Интересы: франшиза (копия),Не определено,2
2025-06-21,Статья: Цифры и факты / Интересы: франшиза (копия),Самара,2
2025-06-23,Промостатья: Моя история 1 / Цена перехода / Ж25-54 / интерес_франшиза,Санкт-Петербург,2
2025-06-24,Промостатья: Моя история 1 / Цена перехода / Ж25-54 / интерес_франшиза,Санкт-Петербург,2
2025-04-01,Промостатья: Моя история 1 / Цена перехода / Ж25-54 / интерес_франшиза,Барнаул,1
2025-04-01,Промостатья: Моя история 1 / Цена перехода / Ж25-54 / интерес_франшиза,Брянск,1
2025-04-01,Промостатья: Моя история 1 / Цена перехода / Ж25-54 / интерес_франшиза,Ростов-на-Дону,1
2025-04-01,Промостатья: Моя история 1 / Цена перехода / Ж25-54 / интерес_франшиза,Санкт-Петербург,1
2025-04-01,Промостатья: Моя история 1 | Цена перехода | Ж25-54,Липецк,1
2025-04-02,Промостатья: Моя история 1 / Цена перехода / Ж25-54 / интерес_открытие бизнеса,Абакан,1
2025-04-02,Промостатья: Моя история 1 / Цена перехода / Ж25-54 / интерес_франшиза,Липецк,1
2025-04-02,Промостатья: Моя история 1 / Цена перехода / Ж25-54 / интерес_франшиза,Мирный,1
2025-04-02,Промостатья: Моя история 1 / Цена перехода / Ж25-54 / интерес_франшиза,Москва,1
2025-04-02,Промостатья: Моя история 1 | Цена перехода | Ж25-54,Липецк,1
2025-04-02,Промостатья: Моя история 1 | Цена перехода | Ж25-54 (копия),Курган,1
2025-04-03,Промостатья: Моя история 1 | Цена перехода | Ж25-54,Липецк,1
2025-04-03,Промостатья: Моя история 1 | Цена перехода | Ж25-54 (копия),Улан-Удэ,1
2025-04-04,Промостатья: Моя история 1 / Цена перехода / Ж25-54 / интерес_открытие бизнеса,Вологда,1
2025-04-04,Промостатья: Моя история 1 / Цена перехода / Ж25-54 / интерес_открытие бизнеса,Екатеринбург,1
2025-04-04,Промостатья: Моя история 1 | Цена перехода | Ж25-54,Липецк,1
2025-04-05,Промостатья: Моя история 1 / Цена перехода / Ж25-54 / интерес_открытие бизнеса,Новокузнецк,1
2025-04-05,Промостатья: Моя история 1 | Цена перехода | Ж25-54 (копия),Курган,1
2025-04-07,Промостатья: Моя история 1 / Цена перехода / Ж25-54 / интерес_открытие бизнеса,Екатеринбург,1
2025-04-07,Промостатья: Моя история 1 / Цена перехода / Ж25-54 / интерес_франшиза,Санкт-Петербург,1
2025-04-07,Промостатья: Моя история 1 | Цена перехода | Ж25-54,Липецк,1
2025-04-07,Промостатья: Моя история 1 | Цена перехода | Ж25-54 (копия),Зима,1
2025-04-07,Промостатья: Моя история 1 | Цена перехода | Ж25-54 (копия),Санкт-Петербург,1
2025-04-08,Промостатья: Моя история 1 / Цена перехода / Ж25-54 / интерес_открытие бизнеса,Новосибирск,1
2025-04-08,Промостатья: Моя история 1 / Цена перехода / Ж25-54 / интерес_франшиза,Барнаул,1
2025-04-08,Промостатья: Моя история 1 / Цена перехода / Ж25-54 / интерес_франшиза,Новосибирск,1
2025-04-08,Промостатья: Моя история 1 / Цена перехода / Ж25-54 / интерес_франшиза,Санкт-Петербург,1
2025-04-08,Промостатья: Моя история 1 | Цена перехода | Ж25-54,Липецк,1
2025-04-09,Промостатья: Моя история 1 / Цена перехода / Ж25-54 / интерес_открытие бизнеса,Москва,1
2025-04-09,Промостатья: Моя история 1 / Цена перехода / Ж25-54 / интерес_франшиза,Гатчина,1
2025-04-09,Промостатья: Моя история 1 / Цена перехода / Ж25-54 / интерес_франшиза,Липецк,1
2025-04-09,Промостатья: Моя история 1 / Цена перехода / Ж25-54 / интерес_франшиза,Сургут,1
2025-04-09,Промостатья: Моя история 1 | Цена перехода | Ж25-54,Липецк,1
2025-04-09,Статья: Цифры и факты / Интересы: открытие бизнеса (копия),Не определено,1
2025-04-09,Статья: Цифры и факты / Интересы: открытие бизнеса (копия),Москва,1
2025-04-10,Промостатья: Моя история 1 / Цена перехода / Ж25-54 / интерес_франшиза,Златоуст,1
2025-04-10,Промостатья: Моя история 1 / Цена перехода / Ж25-54 / интерес_франшиза,Пермь,1
2025-04-10,Промостатья: Моя история 1 / Цена перехода / Ж25-54 / интерес_франшиза,Тверь,1
2025-04-10,Промостатья: Моя история 1 / Цена перехода / Ж25-54 / интерес_франшиза,Уфа,1
2025-04-10,Промостатья: Моя история 1 | Цена перехода | Ж25-54,Липецк,1
2025-04-11,Промостатья: Моя история 1 / Цена перехода / Ж25-54 / интерес_франшиза,Не определено,1
2025-04-11,Промостатья: Моя история 1 / Цена перехода / Ж25-54 / интерес_франшиза,Белгород,1
2025-04-11,Промостатья: Моя история 1 / Цена перехода / Ж25-54 / интерес_франшиза,Екатеринбург,1
2025-04-11,Промостатья: Моя история 1 / Цена перехода / Ж25-54 / интерес_франшиза,Петрозаводск,1
2025-04-11,Промостатья: Моя история 1 / Цена перехода / Ж25-54 / интерес_франшиза,Прокопьевск,1
2025-04-11,Промостатья: Моя история 1 | Цена перехода | Ж25-54,Липецк,1
2025-04-14,Промостатья: Моя история 1 | Цена перехода | Ж25-54,Липецк,1
2025-04-15,Промостатья: Моя история 1 | Цена перехода | Ж25-54,Липецк,1
2025-04-16,Промостатья: Моя история 1 / Цена перехода / Ж25-54 / интерес_франшиза,Ярославль,1
2025-04-16,Промостатья: Моя история 1 | Цена перехода | Ж25-54,Липецк,1
2025-04-17,Промостатья: Моя история 1 / Цена перехода / Ж25-54 / интерес_франшиза,Волгоград,1
2025-04-18,Промостатья: Моя история 1 / Цена перехода / Ж25-54 / интерес_франшиза,Москва,1
2025-04-18,Промостатья: Моя история 1 | Цена перехода | Ж25-54,Липецк,1
2025-04-21,Промостатья: Моя история 1 | Цена перехода | Ж25-54,Липецк,1
2025-04-22,Промостатья: Моя история 1 | Цена перехода | Ж25-54,Липецк,1
2025-04-22,Промостатья: Моя история 1 | Цена перехода | Ж25-54 (копия),Улан-Удэ,1
2025-04-23,Промостатья: Моя история 1 / Цена перехода / Ж25-54 / интерес_франшиза,Не определено,1
2025-04-23,Промостатья: Моя история 1 / Цена перехода / Ж25-54 / интерес_франшиза,Воронеж,1
2025-04-23,Промостатья: Моя история 1 | Цена перехода | Ж25-54,Липецк,1
2025-04-24,Промостатья: Моя история 1 / Цена перехода / Ж25-54 / интерес_франшиза,Екатеринбург,1
2025-04-24,Промостатья: Моя история 1 / Цена перехода / Ж25-54 / интерес_франшиза,Киров,1
2025-04-24,Промостатья: Моя история 1 / Цена перехода / Ж25-54 / интерес_франшиза,Краснодар,1
2025-04-24,Промостатья: Моя история 1 / Цена перехода / Ж25-54 / интерес_франшиза,Новосибирск,1
2025-04-24,Промостатья: Моя история 1 / Цена перехода / Ж25-54 / интерес_франшиза,Санкт-Петербург,1
2025-04-24,Промостатья: Моя история 1 / Цена перехода / Ж25-54 / интерес_франшиза,Тверь,1
2025-04-24,Промостатья: Моя история 1 | Цена перехода | Ж25-54,Липецк,1
2025-04-25,Промостатья: Моя история 1 / Цена перехода / Ж25-54 / интерес_франшиза,Домодедово,1
2025-04-25,Промостатья: Моя история 1 / Цена перехода / Ж25-54 / интерес_франшиза,Екатеринбург,1
2025-04-25,Промостатья: Моя история 1 / Цена перехода / Ж25-54 / интерес_франшиза,Калининград,1
2025-04-25,Промостатья: Моя история 1 / Цена перехода / Ж25-54 / интерес_франшиза,Краснодар,1
2025-04-25,Промостатья: Моя история 1 / Цена перехода / Ж25-54 / интерес_франшиза,Ростов-на-Дону,1
2025-04-25,Промостатья: Моя история 1 / Цена перехода / Ж25-54 / интерес_франшиза,Тверь,1
2025-04-25,Промостатья: Моя история 1 / Цена перехода / Ж25-54 / интерес_франшиза,Хабаровск,1
2025-04-25,Промостатья: Моя история 1 / Цена перехода / Ж25-54 / интерес_франшиза,Челябинск,1
2025-04-25,Промостатья: Моя история 1 / Цена перехода / Ж25-54 / интерес_франшиза,Ярославль,1
2025-04-25,Промостатья: Моя история 1 | Цена перехода | Ж25-54,Липецк,1
2025-04-26,Промостатья: Моя история 1 / Цена перехода / Ж25-54 / интерес_франшиза,Не определено,1
2025-04-26,Промостатья: Моя история 1 / Цена перехода / Ж25-54 / интерес_франшиза,Москва,1
2025-04-26,Промостатья: Моя история 1 / Цена перехода / Ж25-54 / интерес_франшиза,Тверь,1
2025-04-27,Промостатья: Моя история 1 / Цена перехода / Ж25-54 / интерес_франшиза,Москва,1
2025-04-28,Промостатья: Моя история 1 / Цена перехода / Ж25-54 / интерес_франшиза,Санкт-Петербург,1
2025-04-28,Промостатья: Моя история 1 | Цена перехода | Ж25-54,Липецк,1
2025-04-30,Промостатья: Моя история 1 / Цена перехода / Ж25-54 / интерес_открытие бизнеса,Домодедово,1
2025-04-30,Промостатья: Моя история 1 / Цена перехода / Ж25-54 / интерес_открытие бизнеса,Казань,1
2025-04-30,Промостатья: Моя история 1 / Цена перехода / Ж25-54 / интерес_открытие бизнеса,Кемерово,1
2025-04-30,Промостатья: Моя история 1 / Цена перехода / Ж25-54 / интерес_открытие бизнеса,Нижний Новгород,1
2025-04-30,Промостатья: Моя история 1 / Цена перехода / Ж25-54 / интерес_открытие бизнеса,Тверь,1
2025-04-30,Промостатья: Моя история 1 / Цена перехода / Ж25-54 / интерес_открытие бизнеса,Тольятти,1
2025-04-30,Промостатья: Моя история 1 / Цена перехода / Ж25-54 / интерес_открытие бизнеса,Электросталь,1
2025-04-30,Промостатья: Моя история 1 / Цена перехода / Ж25-54 / интерес_франшиза,Екатеринбург,1
2025-04-30,Промостатья: Моя история 1 / Цена перехода / Ж25-54 / интерес_франшиза,Новороссийск,1
2025-04-30,Промостатья: Моя история 1 | Цена перехода | Ж25-54,Липецк,1
2025-05-01,Промостатья: Моя история 1 / Цена перехода / Ж25-54 / интерес_открытие бизнеса,Домодедово,1
2025-05-01,Промостатья: Моя история 1 / Цена перехода / Ж25-54 / интерес_открытие бизнеса,Ростов-на-Дону,1
2025-05-01,Промостатья: Моя история 1 / Цена перехода / Ж25-54 / интерес_открытие бизнеса,Чебоксары,1
2025-05-01,Промостатья: Моя история 1 / Цена перехода / Ж25-54 / интерес_франшиза,Не определено,1
2025-05-01,Статья: Цифры и факты / Интересы: франшиза (копия),Не определено,1
2025-05-01,Статья: Цифры и факты / Интересы: франшиза (копия),Ульяновск,1
2025-05-02,Промостатья: Моя история 1 / Цена перехода / Ж25-54 / интерес_франшиза,Санкт-Петербург,1
2025-05-05,Промостатья: Моя история 1 / Цена перехода / Ж25-54 / интерес_открытие бизнеса,Не определено,1
2025-05-05,Промостатья: Моя история 1 / Цена перехода / Ж25-54 / интерес_открытие бизнеса,Киров,1
2025-05-05,Промостатья: Моя история 1 / Цена перехода / Ж25-54 / интерес_франшиза,Не определено,1
2025-05-05,Промостатья: Моя история 1 | Цена перехода | Ж25-54,Липецк,1
2025-05-06,Промостатья: Моя история 1 / Цена перехода / Ж25-54 / интерес_открытие бизнеса,Новосибирск,1
2025-05-06,Промостатья: Моя история 1 | Цена перехода | Ж25-54,Липецк,1
2025-05-07,Промостатья: Моя история 1 / Цена перехода / Ж25-54 / интерес_открытие бизнеса,Краснодар,1
2025-05-07,Промостатья: Моя история 1 / Цена перехода / Ж25-54 / интерес_открытие бизнеса,Курск,1
2025-05-07,Промостатья: Моя история 1 / Цена перехода / Ж25-54 / интерес_франшиза,Не определено,1
2025-05-07,Промостатья: Моя история 1 | Цена перехода | Ж25-54,Липецк,1
2025-05-08,Промостатья: Моя история 1 / Цена перехода / Ж25-54 / интерес_открытие бизнеса,Не определено,1
2025-05-08,Промостатья: Моя история 1 / Цена перехода / Ж25-54 / интерес_франшиза,Не определено,1
2025-05-08,Промостатья: Моя история 1 / Цена перехода / Ж25-54 / интерес_франшиза,Королёв,1
2025-05-09,Статья: Цифры и факты / Интересы: открытие бизнеса (копия),Сочи,1
2025-05-10,Промостатья: Моя история 1 / Цена перехода / Ж25-54 / интерес_франшиза,Москва,1
2025-05-10,Промостатья: Моя история 1 / Цена перехода / Ж25-54 / интерес_франшиза,Санкт-Петербург,1
2025-05-11,Промостатья: Моя история 1 / Цена перехода / Ж25-54 / интерес_открытие бизнеса,Не определено,1
2025-05-11,Промостатья: Моя история 1 / Цена перехода / Ж25-54 / интерес_франшиза,Не определено,1
2025-05-11,Промостатья: Моя история 1 / Цена перехода / Ж25-54 / интерес_франшиза,Краснодар,1
2025-05-12,Промостатья: Моя история 1 / Цена перехода / Ж25-54 / интерес_открытие бизнеса,Брянск,1
2025-05-12,Промостатья: Моя история 1 / Цена перехода / Ж25-54 / интерес_открытие бизнеса,Москва,1
2025-05-12,Промостатья: Моя история 1 / Цена перехода / Ж25-54 / интерес_открытие бизнеса,Оренбург,1
2025-05-12,Промостатья: Моя история 1 / Цена перехода / Ж25-54 / интерес_франшиза,Не определено,1
2025-05-12,Промостатья: Моя история 1 | Цена перехода | Ж25-54,Липецк,1
2025-05-13,Промостатья: Моя история 1 / Цена перехода / Ж25-54 / интерес_открытие бизнеса,Не определено,1
2025-05-13,Промостатья: Моя история 1 / Цена перехода / Ж25-54 / интерес_франшиза,Кострома,1
2025-05-13,Промостатья: Моя история 1 / Цена перехода / Ж25-54 / интерес_франшиза,Санкт-Петербург,1
2025-05-13,Промостатья: Моя история 1 | Цена перехода | Ж25-54,Липецк,1
2025-05-14,Промостатья: Моя история 1 / Цена перехода / Ж25-54 / интерес_открытие бизнеса,Екатеринбург,1
2025-05-14,Промостатья: Моя история 1 / Цена перехода / Ж25-54 / интерес_открытие бизнеса,Красноярск,1
2025-05-14,Промостатья: Моя история 1 / Цена перехода / Ж25-54 / интерес_открытие бизнеса,Нижний Новгород,1
2025-05-14,Промостатья: Моя история 1 / Цена перехода / Ж25-54 / интерес_открытие бизнеса,Сергиев Посад,1
2025-05-14,Промостатья: Моя история 1 / Цена перехода / Ж25-54 / интерес_открытие бизнеса,Тольятти,1
2025-05-14,Промостатья: Моя история 1 / Цена перехода / Ж25-54 / интерес_открытие бизнеса,Ульяновск,1
2025-05-14,Промостатья: Моя история 1 / Цена перехода / Ж25-54 / интерес_франшиза,Москва,1
2025-05-14,Промостатья: Моя история 1 / Цена перехода / Ж25-54 / интерес_франшиза,Ульяновск,1
2025-05-14,Промостатья: Моя история 1 | Цена перехода | Ж25-54,Липецк,1
2025-05-14,Статья: Цифры и факты / Интересы: франшиза (копия),Курган,1
2025-05-15,Промостатья: Моя история 1 / Цена перехода / Ж25-54 / интерес_открытие бизнеса,Не определено,1
2025-05-15,Промостатья: Моя история 1 / Цена перехода / Ж25-54 / интерес_франшиза,Москва,1
2025-05-15,Промостатья: Моя история 1 | Цена перехода | Ж25-54,Липецк,1
2025-05-15,Статья: Цифры и факты / Интересы: франшиза (копия),Не определено,1
2025-05-15,Статья: Цифры и факты / Интересы: франшиза (копия),Кемерово,1
2025-05-15,Статья: Цифры и факты / Интересы: франшиза (копия),Омск,1
2025-05-15,Статья: Цифры и факты / Интересы: франшиза (копия),Ростов-на-Дону,1
2025-05-15,Статья: Цифры и факты / Интересы: франшиза (копия),Симферополь,1
2025-05-16,Промостатья: Моя история 1 / Цена перехода / Ж25-54 / интерес_франшиза,Курск,1
2025-05-16,Промостатья: Моя история 1 / Цена перехода / Ж25-54 / интерес_франшиза,Москва,1
2025-05-16,Промостатья: Моя история 1 / Цена перехода / Ж25-54 / интерес_франшиза,Новосибирск,1
2025-05-16,Промостатья: Моя история 1 / Цена перехода / Ж25-54 / интерес_франшиза,Тюмень,1
2025-05-16,Промостатья: Моя история 1 | Цена перехода | Ж25-54,Липецк,1
2025-05-16,Статья: Цифры и факты / Интересы: франшиза (копия),Не определено,1
2025-05-16,Статья: Цифры и факты / Интересы: франшиза (копия),Брянск,1
2025-05-17,Промостатья: Моя история 1 / Цена перехода / Ж25-54 / интерес_франшиза,Саратов,1
2025-05-18,Промостатья: Моя история 1 / Цена перехода / Ж25-54 / интерес_франшиза,Москва,1
2025-05-18,Статья: Цифры и факты / Интересы: франшиза (копия),Москва,1
2025-05-19,Промостатья: Моя история 1 / Цена перехода / Ж25-54 / интерес_франшиза,Не определено,1
2025-05-19,Промостатья: Моя история 1 / Цена перехода / Ж25-54 / интерес_франшиза,Екатеринбург,1
2025-05-19,Промостатья: Моя история 1 / Цена перехода / Ж25-54 / интерес_франшиза,Москва,1
2025-05-19,Промостатья: Моя история 1 / Цена перехода / Ж25-54 / интерес_франшиза,Ростов-на-Дону,1
2025-05-19,Промостатья: Моя история 1 | Цена перехода | Ж25-54,Липецк,1
2025-05-19,Промостатья: Моя история 1 | Цена перехода | Ж25-54,Москва,1
2025-05-20,Промостатья: Моя история 1 / Цена перехода / Ж25-54 / интерес_франшиза,Екатеринбург,1
2025-05-20,Промостатья: Моя история 1 / Цена перехода / Ж25-54 / интерес_франшиза,Отрадный,1
2025-05-20,Промостатья: Моя история 1 | Цена перехода | Ж25-54,Липецк,1
2025-05-20,Статья: Цифры и факты / Интересы: франшиза (копия),Москва,1
2025-05-20,Статья: Цифры и факты / Интересы: франшиза (копия),Руза,1
2025-05-20,Статья: Цифры и факты / Интересы: франшиза (копия),Ульяновск,1
2025-05-21,Промостатья: Моя история 1 / Цена перехода / Ж25-54 / интерес_франшиза,Домодедово,1
2025-05-21,Промостатья: Моя история 1 | Цена перехода | Ж25-54,Липецк,1
2025-05-22,Промостатья: Моя история 1 / Цена перехода / Ж25-54 / интерес_франшиза,Иркутск,1
2025-05-22,Промостатья: Моя история 1 / Цена перехода / Ж25-54 / интерес_франшиза,Ростов-на-Дону,1
2025-05-22,Промостатья: Моя история 1 / Цена перехода / Ж25-54 / интерес_франшиза,Уфа,1
2025-05-22,Промостатья: Моя история 1 / Цена перехода / Ж25-54 / интерес_франшиза,Ялта,1
2025-05-22,Промостатья: Моя история 1 | Цена перехода | Ж25-54,Липецк,1
2025-05-23,Промостатья: Моя история 1 / Цена перехода / Ж25-54 / интерес_открытие бизнеса,Череповец,1
2025-05-23,Промостатья: Моя история 1 / Цена перехода / Ж25-54 / интерес_открытие бизнеса,Ярославль,1
2025-05-23,Промостатья: Моя история 1 / Цена перехода / Ж25-54 / интерес_франшиза,Тверь,1
2025-05-23,Промостатья: Моя история 1 | Цена перехода | Ж25-54,Липецк,1
2025-05-23,Статья: Цифры и факты / Интересы: франшиза (копия),Омск,1
2025-05-23,Статья: Цифры и факты / Интересы: франшиза (копия),Тверь,1
2025-05-24,Промостатья: Моя история 1 / Цена перехода / Ж25-54 / интерес_открытие бизнеса,Омск,1
2025-05-24,Промостатья: Моя история 1 / Цена перехода / Ж25-54 / интерес_открытие бизнеса,Ярославль,1
2025-05-24,Промостатья: Моя история 1 / Цена перехода / Ж25-54 / интерес_франшиза,Не определено,1
2025-05-24,Статья: Цифры и факты / Интересы: франшиза (копия),Екатеринбург,1
2025-05-25,Промостатья: Моя история 1 / Цена перехода / Ж25-54 / интерес_открытие бизнеса,Не определено,1
2025-05-25,Промостатья: Моя история 1 / Цена перехода / Ж25-54 / интерес_открытие бизнеса,Йошкар-Ола,1
2025-05-25,Промостатья: Моя история 1 / Цена перехода / Ж25-54 / интерес_открытие бизнеса,Махачкала,1
2025-05-25,Промостатья: Моя история 1 / Цена перехода / Ж25-54 / интерес_открытие бизнеса,Новосибирск,1
2025-05-25,Промостатья: Моя история 1 / Цена перехода / Ж25-54 / интерес_франшиза,Не определено,1
2025-05-25,Промостатья: Моя история 1 / Цена перехода / Ж25-54 / интерес_франшиза,Москва,1
2025-05-26,Промостатья: Моя история 1 / Цена перехода / Ж25-54 / интерес_открытие бизнеса,Нижний Новгород,1
2025-05-26,Промостатья: Моя история 1 / Цена перехода / Ж25-54 / интерес_франшиза,Дзержинск,1
2025-05-26,Промостатья: Моя история 1 / Цена перехода / Ж25-54 / интерес_франшиза,Ижевск,1
2025-05-26,Промостатья: Моя история 1 / Цена перехода / Ж25-54 / интерес_франшиза,Краснодар,1
2025-05-26,Промостатья: Моя история 1 / Цена перехода / Ж25-54 / интерес_франшиза,Москва,1
2025-05-26,Промостатья: Моя история 1 / Цена перехода / Ж25-54 / интерес_франшиза,Самара,1
2025-05-26,Промостатья: Моя история 1 / Цена перехода / Ж25-54 / интерес_франшиза,Санкт-Петербург,1
2025-05-26,Промостатья: Моя история 1 | Цена перехода | Ж25-54,Липецк,1
2025-05-27,Промостатья: Моя история 1 / Цена перехода / Ж25-54 / интерес_франшиза,Владивосток,1
2025-05-27,Промостатья: Моя история 1 / Цена перехода / Ж25-54 / интерес_франшиза,Москва,1
2025-05-27,Промостатья: Моя история 1 / Цена перехода / Ж25-54 / интерес_франшиза,Ростов-на-Дону,1
2025-05-27,Промостатья: Моя история 1 / Цена перехода / Ж25-54 / интерес_франшиза,Самара,1
2025-05-27,Промостатья: Моя история 1 / Цена перехода / Ж25-54 / интерес_франшиза,Симферополь,1
2025-05-27,Промостатья: Моя история 1 / Цена перехода / Ж25-54 / интерес_франшиза,Ставрополь,1
2025-05-27,Промостатья: Моя история 1 | Цена перехода | Ж25-54,Липецк,1
2025-05-28,Промостатья: Моя история 1 / Цена перехода / Ж25-54 / интерес_открытие бизнеса,Не определено,1
2025-05-28,Промостатья: Моя история 1 / Цена перехода / Ж25-54 / интерес_открытие бизнеса,Иркутск,1
2025-05-28,Промостатья: Моя история 1 / Цена перехода / Ж25-54 / интерес_открытие бизнеса,Краснодар,1
2025-05-28,Промостатья: Моя история 1 / Цена перехода / Ж25-54 / интерес_открытие бизнеса,Нижний Новгород,1
2025-05-28,Промостатья: Моя история 1 / Цена перехода / Ж25-54 / интерес_открытие бизнеса,Пермь,1
2025-05-28,Промостатья: Моя история 1 / Цена перехода / Ж25-54 / интерес_открытие бизнеса,Смоленск,1
2025-05-28,Промостатья: Моя история 1 / Цена перехода / Ж25-54 / интерес_открытие бизнеса,Сочи,1
2025-05-28,Промостатья: Моя история 1 / Цена перехода / Ж25-54 / интерес_открытие бизнеса,Тверь,1
2025-05-28,Промостатья: Моя история 1 / Цена перехода / Ж25-54 / интерес_открытие бизнеса,Тюмень,1
2025-05-28,Промостатья: Моя история 1 / Цена перехода / Ж25-54 / интерес_франшиза,Лыткарино,1
2025-05-28,Промостатья: Моя история 1 / Цена перехода / Ж25-54 / интерес_франшиза,Пермь,1
2025-05-28,Промостатья: Моя история 1 / Цена перехода / Ж25-54 / интерес_франшиза,Ростов-на-Дону,1
2025-05-28,Промостатья: Моя история 1 / Цена перехода / Ж25-54 / интерес_франшиза,Самара,1
2025-05-28,Промостатья: Моя история 1 / Цена перехода / Ж25-54 / интерес_франшиза,Сланцы,1
2025-05-28,Промостатья: Моя история 1 / Цена перехода / Ж25-54 / интерес_франшиза,Чебоксары,1
2025-05-28,Промостатья: Моя история 1 | Цена перехода | Ж25-54,Липецк,1
2025-05-29,Промостатья: Моя история 1 / Цена перехода / Ж25-54 / интерес_открытие бизнеса,Владикавказ,1
2025-05-29,Промостатья: Моя история 1 / Цена перехода / Ж25-54 / интерес_открытие бизнеса,Волгоград,1
2025-05-29,Промостатья: Моя история 1 / Цена перехода / Ж25-54 / интерес_открытие бизнеса,Екатеринбург,1
2025-05-29,Промостатья: Моя история 1 / Цена перехода / Ж25-54 / интерес_открытие бизнеса,Норильск,1
2025-05-29,Промостатья: Моя история 1 / Цена перехода / Ж25-54 / интерес_открытие бизнеса,Саранск,1
2025-05-29,Промостатья: Моя история 1 / Цена перехода / Ж25-54 / интерес_франшиза,Москва,1
2025-05-29,Промостатья: Моя история 1 / Цена перехода / Ж25-54 / интерес_франшиза,Пенза,1
2025-05-29,Промостатья: Моя история 1 / Цена перехода / Ж25-54 / интерес_франшиза,Сочи,1
2025-05-29,Промостатья: Моя история 1 | Цена перехода | Ж25-54,Липецк,1
2025-05-30,Промостатья: Моя история 1 / Цена перехода / Ж25-54 / интерес_открытие бизнеса,Домодедово,1
2025-05-30,Промостатья: Моя история 1 / Цена перехода / Ж25-54 / интерес_открытие бизнеса,Краснодар,1
2025-05-30,Промостатья: Моя история 1 / Цена перехода / Ж25-54 / интерес_открытие бизнеса,Красноярск,1
2025-05-30,Промостатья: Моя история 1 / Цена перехода / Ж25-54 / интерес_открытие бизнеса,Нижний Новгород,1
2025-05-30,Промостатья: Моя история 1 / Цена перехода / Ж25-54 / интерес_открытие бизнеса,Новокузнецк,1
2025-05-30,Промостатья: Моя история 1 / Цена перехода / Ж25-54 / интерес_открытие бизнеса,Новороссийск,1
2025-05-30,Промостатья: Моя история 1 / Цена перехода / Ж25-54 / интерес_открытие бизнеса,Новосибирск,1
2025-05-30,Промостатья: Моя история 1 / Цена перехода / Ж25-54 / интерес_открытие бизнеса,Самара,1
2025-05-30,Промостатья: Моя история 1 / Цена перехода / Ж25-54 / интерес_открытие бизнеса,Санкт-Петербург,1
2025-05-30,Промостатья: Моя история 1 / Цена перехода / Ж25-54 / интерес_открытие бизнеса,Ульяновск,1
2025-05-30,Промостатья: Моя история 1 / Цена перехода / Ж25-54 / интерес_франшиза,Брянск,1
2025-05-30,Промостатья: Моя история 1 / Цена перехода / Ж25-54 / интерес_франшиза,Новосибирск,1
2025-05-30,Промостатья: Моя история 1 / Цена перехода / Ж25-54 / интерес_франшиза,Ростов-на-Дону,1
2025-05-30,Промостатья: Моя история 1 / Цена перехода / Ж25-54 / интерес_франшиза,Тольятти,1
2025-05-30,Промостатья: Моя история 1 | Цена перехода | Ж25-54,Липецк,1
2025-05-31,Промостатья: Моя история 1 / Цена перехода / Ж25-54 / интерес_открытие бизнеса,Волгоград,1
2025-05-31,Промостатья: Моя история 1 / Цена перехода / Ж25-54 / интерес_открытие бизнеса,Красноярск,1
2025-05-31,Промостатья: Моя история 1 / Цена перехода / Ж25-54 / интерес_открытие бизнеса,Симферополь,1
2025-05-31,Промостатья: Моя история 1 / Цена перехода / Ж25-54 / интерес_открытие бизнеса,Смоленск,1
2025-05-31,Промостатья: Моя история 1 / Цена перехода / Ж25-54 / интерес_открытие бизнеса,Тверь,1
2025-05-31,Промостатья: Моя история 1 / Цена перехода / Ж25-54 / интерес_открытие бизнеса,Ульяновск,1
2025-05-31,Промостатья: Моя история 1 / Цена перехода / Ж25-54 / интерес_франшиза,Каспийск,1
2025-05-31,Промостатья: Моя история 1 / Цена перехода / Ж25-54 / интерес_франшиза,Ростов-на-Дону,1
2025-05-31,Промостатья: Моя история 1 / Цена перехода / Ж25-54 / интерес_франшиза,Саратов,1
2025-05-31,Промостатья: Моя история 1 / Цена перехода / Ж25-54 / интерес_франшиза,Якутск,1
2025-05-31,Статья: Цифры и факты / Интересы: франшиза (копия),Не определено,1
2025-06-01,Промостатья: Моя история 1 / Цена перехода / Ж25-54 / интерес_открытие бизнеса,Не определено,1
2025-06-01,Промостатья: Моя история 1 / Цена перехода / Ж25-54 / интерес_открытие бизнеса,Архангельск,1
2025-06-01,Промостатья: Моя история 1 / Цена перехода / Ж25-54 / интерес_открытие бизнеса,Балашиха,1
2025-06-01,Промостатья: Моя история 1 / Цена перехода / Ж25-54 / интерес_открытие бизнеса,Екатеринбург,1
2025-06-01,Промостатья: Моя история 1 / Цена перехода / Ж25-54 / интерес_открытие бизнеса,Краснодар,1
2025-06-01,Промостатья: Моя история 1 / Цена перехода / Ж25-54 / интерес_открытие бизнеса,Москва,1
2025-06-01,Промостатья: Моя история 1 / Цена перехода / Ж25-54 / интерес_открытие бизнеса,Новосибирск,1
2025-06-01,Промостатья: Моя история 1 / Цена перехода / Ж25-54 / интерес_франшиза,Не определено,1
2025-06-01,Промостатья: Моя история 1 / Цена перехода / Ж25-54 / интерес_франшиза,Калининград,1
2025-06-01,Промостатья: Моя история 1 / Цена перехода / Ж25-54 / интерес_франшиза,Оренбург,1
2025-06-01,Промостатья: Моя история 1 / Цена перехода / Ж25-54 / интерес_франшиза,Орёл,1
2025-06-01,Статья: Цифры и факты / Интересы: франшиза (копия),Краснодар,1
2025-06-01,Статья: Цифры и факты / Интересы: франшиза (копия),Москва,1
2025-06-01,Статья: Цифры и факты / Интересы: франшиза (копия),Новосибирск,1
2025-06-01,Статья: Цифры и факты / Интересы: франшиза (копия),Ульяновск,1
2025-06-02,Промостатья: Моя история 1 / Цена перехода / Ж25-54 / интерес_открытие бизнеса,Москва,1
2025-06-02,Промостатья: Моя история 1 / Цена перехода / Ж25-54 / интерес_открытие бизнеса,Нижний Новгород,1
2025-06-02,Промостатья: Моя история 1 / Цена перехода / Ж25-54 / интерес_франшиза,Не определено,1
2025-06-02,Промостатья: Моя история 1 / Цена перехода / Ж25-54 / интерес_франшиза,Балашиха,1
2025-06-02,Промостатья: Моя история 1 / Цена перехода / Ж25-54 / интерес_франшиза,Грозный,1
2025-06-02,Промостатья: Моя история 1 / Цена перехода / Ж25-54 / интерес_франшиза,Каспийск,1
2025-06-02,Промостатья: Моя история 1 / Цена перехода / Ж25-54 / интерес_франшиза,Красноярск,1
2025-06-02,Промостатья: Моя история 1 / Цена перехода / Ж25-54 / интерес_франшиза,Махачкала,1
2025-06-02,Промостатья: Моя история 1 / Цена перехода / Ж25-54 / интерес_франшиза,Нижний Новгород,1
2025-06-02,Промостатья: Моя история 1 / Цена перехода / Ж25-54 / интерес_франшиза,Новосибирск,1
2025-06-02,Промостатья: Моя история 1 / Цена перехода / Ж25-54 / интерес_франшиза,Санкт-Петербург,1
2025-06-02,Промостатья: Моя история 1 / Цена перехода / Ж25-54 / интерес_франшиза,Ульяновск,1
2025-06-02,Промостатья: Моя история 1 | Цена перехода | Ж25-54,Липецк,1
2025-06-03,Промостатья: Моя история 1 | Цена перехода | Ж25-54,Липецк,1
2025-06-04,Промостатья: Моя история 1 | Цена перехода | Ж25-54,Липецк,1
2025-06-04,Статья: Цифры и факты / Интересы: франшиза (копия),Дальнегорск,1
2025-06-04,Статья: Цифры и факты / Интересы: франшиза (копия),Ульяновск,1
2025-06-05,Статья: Цифры и факты / Интересы: франшиза (копия),Не определено,1
2025-06-05,Статья: Цифры и факты / Интересы: франшиза (копия),Новосибирск,1
2025-06-06,Промостатья: Моя история 1 / Цена перехода / Ж25-54 / интерес_открытие бизнеса,Не определено,1
2025-06-06,Промостатья: Моя история 1 / Цена перехода / Ж25-54 / интерес_открытие бизнеса,Барнаул,1
2025-06-06,Промостатья: Моя история 1 | Цена перехода | Ж25-54,Липецк,1
2025-06-06,Статья: Цифры и факты / Интересы: франшиза (копия),Мытищи,1
2025-06-06,Статья: Цифры и факты / Интересы: франшиза (копия),Севастополь,1
2025-06-06,Статья: Цифры и факты / Интересы: франшиза (копия),Смоленск,1
2025-06-07,Промостатья: Моя история 1 | Цена перехода | Ж25-54,Не определено,1
2025-06-07,Статья: Цифры и факты / Интересы: франшиза (копия),Белгород,1
2025-06-07,Статья: Цифры и факты / Интересы: франшиза (копия),Ижевск,1
2025-06-08,Статья: Цифры и факты / Интересы: франшиза (копия),Омск,1
2025-06-08,Статья: Цифры и факты / Интересы: франшиза (копия),Ульяновск,1
2025-06-09,Промостатья: Моя история 1 | Цена перехода | Ж25-54,Липецк,1
2025-06-09,Статья: Цифры и факты / Интересы: франшиза (копия),Сибай,1
2025-06-10,Промостатья: Моя история 1 / Цена перехода / Ж25-54 / интерес_открытие бизнеса,Барнаул,1
2025-06-10,Промостатья: Моя история 1 / Цена перехода / Ж25-54 / интерес_открытие бизнеса,Сочи,1
2025-06-10,Промостатья: Моя история 1 / Цена перехода / Ж25-54 / интерес_франшиза,Абакан,1
2025-06-10,Промостатья: Моя история 1 / Цена перехода / Ж25-54 / интерес_франшиза,Санкт-Петербург,1
2025-06-10,Промостатья: Моя история 1 | Цена перехода | Ж25-54,Липецк,1
2025-06-10,Статья: Цифры и факты / Интересы: франшиза (копия),Екатеринбург,1
2025-06-10,Статья: Цифры и факты / Интересы: франшиза (копия),Сибай,1
2025-06-10,Статья: Цифры и факты / Интересы: франшиза (копия),Ульяновск,1
2025-06-11,Промостатья: Моя история 1 / Цена перехода / Ж25-54 / интерес_открытие бизнеса,Архангельск,1
2025-06-11,Промостатья: Моя история 1 / Цена перехода / Ж25-54 / интерес_франшиза,Екатеринбург,1
2025-06-11,Промостатья: Моя история 1 / Цена перехода / Ж25-54 / интерес_франшиза,Пенза,1
2025-06-11,Промостатья: Моя история 1 | Цена перехода | Ж25-54,Липецк,1
2025-06-11,Статья: Цифры и факты / Интересы: франшиза (копия),Ростов-на-Дону,1
2025-06-12,Промостатья: Моя история 1 / Цена перехода / Ж25-54 / интерес_франшиза,Дедовск,1
2025-06-12,Промостатья: Моя история 1 / Цена перехода / Ж25-54 / интерес_франшиза,Москва,1
2025-06-12,Статья: Цифры и факты / Интересы: франшиза (копия),Екатеринбург,1
2025-06-12,Статья: Цифры и факты / Интересы: франшиза (копия),Нижний Новгород,1
2025-06-13,Статья: Цифры и факты / Интересы: франшиза (копия),Не определено,1
2025-06-13,Статья: Цифры и факты / Интересы: франшиза (копия),Уфа,1
2025-06-14,Статья: Цифры и факты / Интересы: франшиза (копия),Астрахань,1
2025-06-14,Статья: Цифры и факты / Интересы: франшиза (копия),Казань,1
2025-06-14,Статья: Цифры и факты / Интересы: франшиза (копия),Самара,1
2025-06-15,Промостатья: Моя история 1 / Цена перехода / Ж25-54 / интерес_франшиза,Брянск,1
2025-06-15,Статья: Цифры и факты / Интересы: франшиза (копия),Казань,1
2025-06-15,Статья: Цифры и факты / Интересы: франшиза (копия),Краснодар,1
2025-06-16,Промостатья: Моя история 1 / Цена перехода / Ж25-54 / интерес_франшиза,Майкоп,1
2025-06-16,Статья: Цифры и факты / Интересы: франшиза (копия),Не определено,1
2025-06-16,Статья: Цифры и факты / Интересы: франшиза (копия),Самара,1
2025-06-17,Промостатья: Моя история 1 / Цена перехода / Ж25-54 / интерес_открытие бизнеса,Санкт-Петербург,1
2025-06-17,Промостатья: Моя история 1 / Цена перехода / Ж25-54 / интерес_открытие бизнеса,Уфа,1
2025-06-17,Промостатья: Моя история 1 / Цена перехода / Ж25-54 / интерес_открытие бизнеса,Юрга,1
2025-06-18,Промостатья: Моя история 1 / Цена перехода / Ж25-54 / интерес_открытие бизнеса,Сибай,1
2025-06-18,Промостатья: Моя история 1 / Цена перехода / Ж25-54 / интерес_франшиза,Москва,1
2025-06-18,Статья: Цифры и факты / Интересы: франшиза (копия),Москва,1
2025-06-19,Статья: Цифры и факты / Интересы: франшиза (копия),Калуга,1
2025-06-20,Промостатья: Моя история 1 / Цена перехода / Ж25-54 / интерес_открытие бизнеса,Уфа,1
2025-06-20,Промостатья: Моя история 1 / Цена перехода / Ж25-54 / интерес_франшиза,Кемерово,1
2025-06-20,Промостатья: Моя история 1 / Цена перехода / Ж25-54 / интерес_франшиза,Псков,1
2025-06-20,Статья: Цифры и факты / Интересы: франшиза (копия),Екатеринбург,1
2025-06-20,Статья: Цифры и факты / Интересы: франшиза (копия),Москва,1
2025-06-20,Статья: Цифры и факты / Интересы: франшиза (копия),Смоленск,1
2025-06-21,Промостатья: Моя история 1 / Цена перехода / Ж25-54 / интерес_открытие бизнеса,Волгоград,1
2025-06-21,Промостатья: Моя история 1 / Цена перехода / Ж25-54 / интерес_франшиза,Не определено,1
2025-06-21,Промостатья: Моя история 1 / Цена перехода / Ж25-54 / интерес_франшиза,Москва,1
2025-06-21,Промостатья: Моя история 1 / Цена перехода / Ж25-54 / интерес_франшиза,Ростов-на-Дону,1
2025-06-21,Статья: Цифры и факты / Интересы: франшиза (копия),Не определено,1
2025-06-22,Промостатья: Моя история 1 / Цена перехода / Ж25-54 / интерес_открытие бизнеса,Не определено,1
2025-06-22,Статья: Цифры и факты / Интересы: франшиза (копия),Ульяновск,1
2025-06-22,Статья: Цифры и факты / Интересы: франшиза (копия),Уржум,1
2025-06-23,Промостатья: Моя история 1 / Цена перехода / Ж25-54 / интерес_франшиза,Екатеринбург,1
2025-06-23,Промостатья: Моя история 1 / Цена перехода / Ж25-54 / интерес_франшиза,Ульяновск,1
2025-06-23,Статья: Цифры и факты / Интересы: франшиза (копия),Самара,1
2025-06-23,Статья: Цифры и факты / Интересы: франшиза (копия),Чебоксары,1
2025-06-24,Статья: Цифры и факты / Интересы: франшиза (копия),Не определено,1
2025-06-24,Статья: Цифры и факты / Интересы: франшиза (копия),Ульяновск,1
2025-06-25,Промостатья: Моя история 1 / Цена перехода / Ж25-54 / интерес_франшиза,Не определено,1
2025-06-25,Промостатья: Моя история 1 / Цена перехода / Ж25-54 / интерес_франшиза,Санкт-Петербург,1
2025-06-25,Промостатья: Моя история 1 | Цена перехода | Ж25-54,Липецк,1
2025-06-25,Статья: Цифры и факты / Интересы: франшиза (копия),Самара,1
2025-06-25,Статья: Цифры и факты / Интересы: франшиза (копия),Сочи,1
2025-06-26,Промостатья: Моя история 1 / Цена перехода / Ж25-54 / интерес_франшиза,Санкт-Петербург,1
2025-06-26,Промостатья: Моя история 1 | Цена перехода | Ж25-54,Липецк,1
2025-06-27,Промостатья: Моя история 1 / Цена перехода / Ж25-54 / интерес_франшиза,Сургут,1
2025-06-27,Промостатья: Моя история 1 | Цена перехода | Ж25-54,Липецк,1
2025-06-28,Промостатья: Моя история 1 / Цена перехода / Ж25-54 / интерес_открытие бизнеса,Новосибирск,1
2025-06-28,Промостатья: Моя история 1 / Цена перехода / Ж25-54 / интерес_франшиза,Новороссийск,1
2025-06-28,Статья: Цифры и факты / Интересы: франшиза (копия),Не определено,1
2025-06-28,Статья: Цифры и факты / Интересы: франшиза (копия),Москва,1
2025-06-29,Промостатья: Моя история 1 / Цена перехода / Ж25-54 / интерес_франшиза,Саратов,1
2025-06-30,Промостатья: Моя история 1 / Цена перехода / Ж25-54 / интерес_открытие бизнеса,Жуковский,1
2025-06-30,Промостатья: Моя история 1 / Цена перехода / Ж25-54 / интерес_открытие бизнеса,Москва,1
2025-06-30,Промостатья: Моя история 1 / Цена перехода / Ж25-54 / интерес_открытие бизнеса,Ростов-на-Дону,1
2025-06-30,Промостатья: Моя история 1 / Цена перехода / Ж25-54 / интерес_франшиза,Санкт-Петербург,1
2025-06-30,Промостатья: Моя история 1 | Цена перехода | Ж25-54,Липецк,1
2025-07-25,Промостатья: Моя история 1 / Цена перехода / Ж25-54 / интерес_франшиза / 2507,Не определено,9
2025-07-11,Промостатья: Моя история 1 / Цена перехода / Ж25-54 / интерес_франшиза,Не определено,6
2025-07-05,Промостатья: Моя история 1 / Цена перехода / Ж25-54 / интерес_открытие бизнеса,Не определено,3
2025-07-09,Промостатья: Моя история 1 / Цена перехода / Ж25-54 / интерес_франшиза,Москва,3
2025-07-10,Промостатья: Моя история 1 / Цена перехода / Ж25-54 / интерес_франшиза,Не определено,3
2025-07-10,Промостатья: Моя история 1 / Цена перехода / Ж25-54 / интерес_франшиза,Ростов-на-Дону,3
2025-07-26,Промостатья: Моя история 1 / Цена перехода / Ж25-54 / интерес_франшиза / 2507,Не определено,3
2025-07-31,Промостатья: Моя история 1 / Цена перехода / Ж25-54 / интерес_франшиза,Санкт-Петербург,3
2025-07-31,Промостатья: Моя история 1 / Цена перехода / Ж25-54 / интерес_франшиза / 2507,Не определено,3
2025-08-21,Промостатья: Моя история 1 / Цена перехода / Ж25-54 / интерес_открытие бизнеса /2507-1 ,Не определено,3
2025-09-02,Промостатья: Моя история 1 / Цена перехода / Ж25-54 / интерес_франшиза,Санкт-Петербург,3
2025-09-16,Промостатья: Моя история 1 / Цена перехода / Ж25-54 / интерес_франшиза,Москва,3
2025-07-02,Промостатья: Моя история 1 / Цена перехода / Ж25-54 / интерес_франшиза,Санкт-Петербург,2
2025-07-06,Промостатья: Моя история 1 / Цена перехода / Ж25-54 / интерес_франшиза,Не определено,2
2025-07-10,Промостатья: Моя история 1 / Цена перехода / Ж25-54 / интерес_франшиза,Москва,2
2025-07-10,Промостатья: Моя история 1 / Цена перехода / Ж25-54 / интерес_франшиза,Санкт-Петербург,2
2025-07-10,Промостатья: Моя история 1 | Цена перехода | Ж25-54,Липецк,2
2025-07-11,Промостатья: Моя история 1 / Цена перехода / Ж25-54 / интерес_франшиза,Москва,2
2025-07-11,Промостатья: Моя история 1 / Цена перехода / Ж25-54 / интерес_франшиза,Пятигорск,2
2025-07-12,Промостатья: Моя история 1 / Цена перехода / Ж25-54 / интерес_франшиза,Не определено,2
2025-07-16,Промостатья: Моя история 1 / Цена перехода / Ж25-54 / интерес_франшиза,Санкт-Петербург,2
2025-07-22,Промостатья: Моя история 1 / Цена перехода / Ж25-54 / интерес_франшиза / 2507,Не определено,2
2025-07-24,Промостатья: Моя история 1 / Цена перехода / Ж25-54 / интерес_франшиза / 2507,Не определено,2
2025-07-25,Промостатья: Моя история 1 / Цена перехода / Ж25-54 / интерес_франшиза / 2507,Санкт-Петербург,2
2025-07-26,Промостатья: Моя история 1 / Цена перехода / Ж25-54 / интерес_франшиза / 2507,Санкт-Петербург,2
2025-07-27,Промостатья: Моя история 1 / Цена перехода / Ж25-54 / интерес_франшиза / 2507,Старый Оскол,2
2025-07-31,Промостатья: Моя история 1 / Цена перехода / Ж25-54 / интерес_франшиза / 2507,Москва,2
2025-08-08,Промостатья: Моя история 1 / Цена перехода / Ж25-54 / интерес_франшиза,Санкт-Петербург,2
2025-08-14,Промостатья: Моя история 1 / Цена перехода / Ж25-54 / интерес_франшиза,Санкт-Петербург,2
2025-08-27,Промостатья: Моя история 1 / Цена перехода / Ж25-54 / интерес_открытие бизнеса,Не определено,2
2025-08-28,Промостатья: Моя история 1 / Цена перехода / Ж25-54 / интерес_открытие бизнеса /2507-1 ,Не определено,2
2025-08-28,Промостатья: Моя история 1 / Цена перехода / Ж25-54 / интерес_франшиза,Санкт-Петербург,2
2025-09-01,Промостатья: Моя история 1 / Цена перехода / Ж25-54 / интерес_франшиза,Санкт-Петербург,2
2025-09-03,Промостатья: Моя история 1 / Цена перехода / Ж25-54 / интерес_франшиза,Санкт-Петербург,2
2025-09-04,Промостатья: Моя история 1 / Цена перехода / Ж25-54 / интерес_франшиза / 2507,Симферополь,2
2025-09-08,Промостатья: Моя история 1 / Цена перехода / Ж25-54 / интерес_франшиза,Санкт-Петербург,2
2025-09-14,Промостатья: Моя история 1 / Цена перехода / Ж25-54 / интерес_франшиза / 2507,Не определено,2
2025-09-26,Промостатья: Моя история 1 / Цена перехода / Ж25-54 / интерес_франшиза,Москва,2
2025-07-01,Промостатья: Моя история 1 / Цена перехода / Ж25-54 / интерес_франшиза,Самара,1
2025-07-01,Промостатья: Моя история 1 / Цена перехода / Ж25-54 / интерес_франшиза,Санкт-Петербург,1
2025-07-01,Промостатья: Моя история 1 | Цена перехода | Ж25-54,Липецк,1
2025-07-02,Промостатья: Моя история 1 | Цена перехода | Ж25-54,Липецк,1
2025-07-02,Статья: Цифры и факты / Интересы: франшиза (копия),Ульяновск,1
2025-07-03,Промостатья: Моя история 1 / Цена перехода / Ж25-54 / интерес_франшиза,Барнаул,1
2025-07-03,Промостатья: Моя история 1 / Цена перехода / Ж25-54 / интерес_франшиза,Санкт-Петербург,1
2025-07-03,Промостатья: Моя история 1 | Цена перехода | Ж25-54,Липецк,1
2025-07-04,Промостатья: Моя история 1 / Цена перехода / Ж25-54 / интерес_открытие бизнеса,Омск,1
2025-07-04,Промостатья: Моя история 1 / Цена перехода / Ж25-54 / интерес_открытие бизнеса,Саратов,1
2025-07-04,Промостатья: Моя история 1 | Цена перехода | Ж25-54,Липецк,1
2025-07-05,Промостатья: Моя история 1 / Цена перехода / Ж25-54 / интерес_открытие бизнеса,Москва,1
2025-07-06,Статья: Цифры и факты / Интересы: франшиза (копия),Не определено,1
2025-07-07,Промостатья: Моя история 1 / Цена перехода / Ж25-54 / интерес_открытие бизнеса,Не определено,1
2025-07-07,Промостатья: Моя история 1 / Цена перехода / Ж25-54 / интерес_франшиза,Не определено,1
2025-07-07,Промостатья: Моя история 1 / Цена перехода / Ж25-54 / интерес_франшиза,Раменское,1
2025-07-07,Промостатья: Моя история 1 | Цена перехода | Ж25-54,Липецк,1
2025-07-07,Статья: Цифры и факты / Интересы: франшиза (копия),Не определено,1
2025-07-08,Промостатья: Моя история 1 / Цена перехода / Ж25-54 / интерес_открытие бизнеса,Красноярск,1
2025-07-08,Промостатья: Моя история 1 | Цена перехода | Ж25-54,Липецк,1
2025-07-09,Промостатья: Моя история 1 / Цена перехода / Ж25-54 / интерес_франшиза,Владимир,1
2025-07-09,Промостатья: Моя история 1 | Цена перехода | Ж25-54,Липецк,1
2025-07-10,Промостатья: Моя история 1 / Цена перехода / Ж25-54 / интерес_франшиза,Вильнюс,1
2025-07-10,Промостатья: Моя история 1 / Цена перехода / Ж25-54 / интерес_франшиза,Волгоград,1
2025-07-10,Промостатья: Моя история 1 / Цена перехода / Ж25-54 / интерес_франшиза,Воронеж,1
2025-07-10,Промостатья: Моя история 1 / Цена перехода / Ж25-54 / интерес_франшиза,Иркутск,1
2025-07-10,Промостатья: Моя история 1 / Цена перехода / Ж25-54 / интерес_франшиза,Краснодар,1
2025-07-10,Промостатья: Моя история 1 / Цена перехода / Ж25-54 / интерес_франшиза,Самара,1
2025-07-10,Промостатья: Моя история 1 / Цена перехода / Ж25-54 / интерес_франшиза,Севастополь,1
2025-07-10,Статья: Цифры и факты / Интересы: франшиза (копия),Не определено,1
2025-07-10,Статья: Цифры и факты / Интересы: франшиза (копия),Ульяновск,1
2025-07-11,Промостатья: Моя история 1 / Цена перехода / Ж25-54 / интерес_франшиза,Альметьевск,1
2025-07-11,Промостатья: Моя история 1 / Цена перехода / Ж25-54 / интерес_франшиза,Архангельск,1
2025-07-11,Промостатья: Моя история 1 / Цена перехода / Ж25-54 / интерес_франшиза,Варшава,1
2025-07-11,Промостатья: Моя история 1 / Цена перехода / Ж25-54 / интерес_франшиза,Иркутск,1
2025-07-11,Промостатья: Моя история 1 / Цена перехода / Ж25-54 / интерес_франшиза,Люберцы,1
2025-07-11,Промостатья: Моя история 1 / Цена перехода / Ж25-54 / интерес_франшиза,Магнитогорск,1
2025-07-11,Промостатья: Моя история 1 / Цена перехода / Ж25-54 / интерес_франшиза,Нижний Новгород,1
2025-07-11,Промостатья: Моя история 1 / Цена перехода / Ж25-54 / интерес_франшиза,Новочеркасск,1
2025-07-11,Промостатья: Моя история 1 / Цена перехода / Ж25-54 / интерес_франшиза,Орёл,1
2025-07-11,Промостатья: Моя история 1 / Цена перехода / Ж25-54 / интерес_франшиза,Пермь,1
2025-07-11,Промостатья: Моя история 1 / Цена перехода / Ж25-54 / интерес_франшиза,Санкт-Петербург,1
2025-07-11,Промостатья: Моя история 1 / Цена перехода / Ж25-54 / интерес_франшиза,Ульяновск,1
2025-07-11,Промостатья: Моя история 1 / Цена перехода / Ж25-54 / интерес_франшиза,Ханты-Мансийск,1
2025-07-11,Промостатья: Моя история 1 | Цена перехода | Ж25-54,Липецк,1
2025-07-11,Статья: Цифры и факты / Интересы: франшиза (копия),Ульяновск,1
2025-07-12,Промостатья: Моя история 1 / Цена перехода / Ж25-54 / интерес_франшиза,Краснодар,1
2025-07-14,Промостатья: Моя история 1 / Цена перехода / Ж25-54 / интерес_франшиза,Нижний Новгород,1
2025-07-14,Промостатья: Моя история 1 / Цена перехода / Ж25-54 / интерес_франшиза,Санкт-Петербург,1
2025-07-14,Промостатья: Моя история 1 | Цена перехода | Ж25-54,Липецк,1
2025-07-15,Промостатья: Моя история 1 / Цена перехода / Ж25-54 / интерес_франшиза,Санкт-Петербург,1
2025-07-15,Промостатья: Моя история 1 | Цена перехода | Ж25-54,Липецк,1
2025-07-16,Промостатья: Моя история 1 | Цена перехода | Ж25-54,Липецк,1
2025-07-17,Промостатья: Моя история 1 / Цена перехода / Ж25-54 / интерес_франшиза,Санкт-Петербург,1
2025-07-17,Промостатья: Моя история 1 | Цена перехода | Ж25-54,Липецк,1
2025-07-18,Промостатья: Моя история 1 / Цена перехода / Ж25-54 / интерес_франшиза,Санкт-Петербург,1
2025-07-18,Промостатья: Моя история 1 | Цена перехода | Ж25-54,Липецк,1
2025-07-20,Промостатья: Моя история 1 / Цена перехода / Ж25-54 / интерес_франшиза,Не определено,1
2025-07-21,Промостатья: Моя история 1 / Цена перехода / Ж25-54 / интерес_франшиза,Санкт-Петербург,1
2025-07-21,Промостатья: Моя история 1 | Цена перехода | Ж25-54,Липецк,1
2025-07-22,Промостатья: Моя история 1 / Цена перехода / Ж25-54 / интерес_франшиза,Санкт-Петербург,1
2025-07-22,Промостатья: Моя история 1 / Цена перехода / Ж25-54 / интерес_франшиза / 2507,Иркутск,1
2025-07-23,Промостатья: Моя история 1 / Цена перехода / Ж25-54 / интерес_франшиза,Санкт-Петербург,1
2025-07-23,Промостатья: Моя история 1 / Цена перехода / Ж25-54 / интерес_франшиза / 2507,Сочи,1
2025-07-23,Промостатья: Моя история 1 | Цена перехода | Ж25-54,Липецк,1
2025-07-24,Промостатья: Моя история 1 / Цена перехода / Ж25-54 / интерес_франшиза,Санкт-Петербург,1
2025-07-24,Промостатья: Моя история 1 | Цена перехода | Ж25-54,Липецк,1
2025-07-25,Промостатья: Моя история 1 / Цена перехода / Ж25-54 / интерес_франшиза / 2507,Иркутск,1
2025-07-25,Промостатья: Моя история 1 / Цена перехода / Ж25-54 / интерес_франшиза / 2507,Лениногорск,1
2025-07-25,Промостатья: Моя история 1 / Цена перехода / Ж25-54 / интерес_франшиза / 2507,Омск,1
2025-07-25,Промостатья: Моя история 1 / Цена перехода / Ж25-54 / интерес_франшиза / 2507,Старый Оскол,1
2025-07-25,Промостатья: Моя история 1 / Цена перехода / Ж25-54 / интерес_франшиза / 2507,Ташкент,1
2025-07-25,Промостатья: Моя история 1 / Цена перехода / Ж25-54 / интерес_франшиза / 2507,Уфа,1
2025-07-25,Промостатья: Моя история 1 | Цена перехода | Ж25-54,Липецк,1
2025-07-26,Промостатья: Моя история 1 / Цена перехода / Ж25-54 / интерес_открытие бизнеса,Санкт-Петербург,1
2025-07-26,Промостатья: Моя история 1 / Цена перехода / Ж25-54 / интерес_франшиза / 2507,Екатеринбург,1
2025-07-26,Промостатья: Моя история 1 / Цена перехода / Ж25-54 / интерес_франшиза / 2507,Москва,1
2025-07-26,Промостатья: Моя история 1 / Цена перехода / Ж25-54 / интерес_франшиза / 2507,Новосибирск,1
2025-07-26,Промостатья: Моя история 1 / Цена перехода / Ж25-54 / интерес_франшиза / 2507,Ростов-на-Дону,1
2025-07-26,Промостатья: Моя история 1 / Цена перехода / Ж25-54 / интерес_франшиза / 2507,Старый Оскол,1
2025-07-26,Промостатья: Моя история 1 / Цена перехода / Ж25-54 / интерес_франшиза / 2507,Челябинск,1
2025-07-27,Промостатья: Моя история 1 / Цена перехода / Ж25-54 / интерес_франшиза / 2507,Иваново,1
2025-07-27,Промостатья: Моя история 1 / Цена перехода / Ж25-54 / интерес_франшиза / 2507,Саки,1
2025-07-28,Промостатья: Моя история 1 / Цена перехода / Ж25-54 / интерес_франшиза,Санкт-Петербург,1
2025-07-28,Промостатья: Моя история 1 | Цена перехода | Ж25-54,Липецк,1
2025-07-30,Промостатья: Моя история 1 / Цена перехода / Ж25-54 / интерес_открытие бизнеса /2507-1 ,Не определено,1
2025-07-30,Промостатья: Моя история 1 / Цена перехода / Ж25-54 / интерес_открытие бизнеса /2507-1 ,Москва,1
2025-07-30,Промостатья: Моя история 1 / Цена перехода / Ж25-54 / интерес_открытие бизнеса /2507-1 ,Нижний Новгород,1
2025-07-30,Промостатья: Моя история 1 / Цена перехода / Ж25-54 / интерес_франшиза,Санкт-Петербург,1
2025-07-30,Промостатья: Моя история 1 / Цена перехода / Ж25-54 / интерес_франшиза / 2507,Воронеж,1
2025-07-30,Промостатья: Моя история 1 / Цена перехода / Ж25-54 / интерес_франшиза / 2507,Городец,1
2025-07-30,Промостатья: Моя история 1 / Цена перехода / Ж25-54 / интерес_франшиза / 2507,Курган,1
2025-07-30,Промостатья: Моя история 1 / Цена перехода / Ж25-54 / интерес_франшиза / 2507,Туапсе,1
2025-07-30,Промостатья: Моя история 1 | Цена перехода | Ж25-54,Липецк,1
2025-07-31,Промостатья: Моя история 1 / Цена перехода / Ж25-54 / интерес_открытие бизнеса /2507-1 ,Волгоград,1
2025-07-31,Промостатья: Моя история 1 / Цена перехода / Ж25-54 / интерес_открытие бизнеса /2507-1 ,Чита,1
2025-07-31,Промостатья: Моя история 1 / Цена перехода / Ж25-54 / интерес_франшиза / 2507,Барнаул,1
2025-07-31,Промостатья: Моя история 1 / Цена перехода / Ж25-54 / интерес_франшиза / 2507,Истра,1
2025-07-31,Промостатья: Моя история 1 / Цена перехода / Ж25-54 / интерес_франшиза / 2507,Челябинск,1
2025-07-31,Промостатья: Моя история 1 | Цена перехода | Ж25-54,Липецк,1
2025-08-01,Промостатья: Моя история 1 | Цена перехода | Ж25-54,Липецк,1
2025-08-03,Промостатья: Моя история 1 / Цена перехода / Ж25-54 / интерес_открытие бизнеса /2507-1 ,Нижний Новгород,1
2025-08-04,Промостатья: Моя история 1 / Цена перехода / Ж25-54 / интерес_открытие бизнеса /2507-1 ,Не определено,1
2025-08-04,Промостатья: Моя история 1 / Цена перехода / Ж25-54 / интерес_франшиза,Санкт-Петербург,1
2025-08-04,Промостатья: Моя история 1 | Цена перехода | Ж25-54,Липецк,1
2025-08-05,Промостатья: Моя история 1 / Цена перехода / Ж25-54 / интерес_открытие бизнеса /2507-1 ,Новосибирск,1
2025-08-05,Промостатья: Моя история 1 | Цена перехода | Ж25-54,Липецк,1
2025-08-06,Промостатья: Моя история 1 / Цена перехода / Ж25-54 / интерес_франшиза,Санкт-Петербург,1
2025-08-06,Промостатья: Моя история 1 | Цена перехода | Ж25-54,Липецк,1
2025-08-07,Промостатья: Моя история 1 / Цена перехода / Ж25-54 / интерес_франшиза,Санкт-Петербург,1
2025-08-07,Промостатья: Моя история 1 | Цена перехода | Ж25-54,Липецк,1
2025-08-08,Промостатья: Моя история 1 | Цена перехода | Ж25-54,Липецк,1
2025-08-09,Промостатья: Моя история 1 / Цена перехода / Ж25-54 / интерес_открытие бизнеса,Челябинск,1
2025-08-11,Промостатья: Моя история 1 / Цена перехода / Ж25-54 / интерес_открытие бизнеса /2507-1 ,Самара,1
2025-08-11,Промостатья: Моя история 1 / Цена перехода / Ж25-54 / интерес_франшиза,Санкт-Петербург,1
2025-08-11,Промостатья: Моя история 1 | Цена перехода | Ж25-54,Липецк,1
2025-08-11,Статья: Цифры и факты / Интересы: франшиза (копия),Не определено,1
2025-08-12,Промостатья: Моя история 1 / Цена перехода / Ж25-54 / интерес_франшиза,Санкт-Петербург,1
2025-08-13,Промостатья: Моя история 1 / Цена перехода / Ж25-54 / интерес_франшиза,Санкт-Петербург,1
2025-08-15,Промостатья: Моя история 1 / Цена перехода / Ж25-54 / интерес_франшиза,Санкт-Петербург,1
2025-08-18,Промостатья: Моя история 1 / Цена перехода / Ж25-54 / интерес_открытие бизнеса /2507-1 ,Новосибирск,1
2025-08-18,Промостатья: Моя история 1 / Цена перехода / Ж25-54 / интерес_франшиза,Санкт-Петербург,1
2025-08-19,Промостатья: Моя история 1 / Цена перехода / Ж25-54 / интерес_открытие бизнеса /2507-1 ,Славгород,1
2025-08-19,Промостатья: Моя история 1 / Цена перехода / Ж25-54 / интерес_франшиза,Санкт-Петербург,1
2025-08-20,Промостатья: Моя история 1 / Цена перехода / Ж25-54 / интерес_открытие бизнеса /2507-1 ,Бор,1
2025-08-20,Промостатья: Моя история 1 / Цена перехода / Ж25-54 / интерес_открытие бизнеса /2507-1 ,Москва,1
2025-08-20,Промостатья: Моя история 1 / Цена перехода / Ж25-54 / интерес_открытие бизнеса /2507-1 ,Нижний Новгород,1
2025-08-20,Промостатья: Моя история 1 / Цена перехода / Ж25-54 / интерес_открытие бизнеса /2507-1 ,Санкт-Петербург,1
2025-08-20,Промостатья: Моя история 1 | Цена перехода | Ж25-54,Липецк,1
2025-08-21,Промостатья: Моя история 1 / Цена перехода / Ж25-54 / интерес_открытие бизнеса,Не определено,1
2025-08-21,Промостатья: Моя история 1 / Цена перехода / Ж25-54 / интерес_открытие бизнеса /2507-1 ,Вологда,1
2025-08-21,Промостатья: Моя история 1 / Цена перехода / Ж25-54 / интерес_открытие бизнеса /2507-1 ,Липецк,1
2025-08-21,Промостатья: Моя история 1 / Цена перехода / Ж25-54 / интерес_открытие бизнеса /2507-1 ,Новый Оскол,1
2025-08-21,Промостатья: Моя история 1 / Цена перехода / Ж25-54 / интерес_открытие бизнеса /2507-1 ,Санкт-Петербург,1
2025-08-21,Промостатья: Моя история 1 / Цена перехода / Ж25-54 / интерес_франшиза,Санкт-Петербург,1
2025-08-21,Промостатья: Моя история 1 | Цена перехода | Ж25-54,Липецк,1
2025-08-22,Промостатья: Моя история 1 / Цена перехода / Ж25-54 / интерес_открытие бизнеса,Тюмень,1
2025-08-22,Промостатья: Моя история 1 / Цена перехода / Ж25-54 / интерес_открытие бизнеса /2507-1 ,Не определено,1
2025-08-22,Промостатья: Моя история 1 / Цена перехода / Ж25-54 / интерес_открытие бизнеса /2507-1 ,Нижний Новгород,1
2025-08-22,Промостатья: Моя история 1 / Цена перехода / Ж25-54 / интерес_открытие бизнеса /2507-1 ,Ростов-на-Дону,1
2025-08-22,Промостатья: Моя история 1 / Цена перехода / Ж25-54 / интерес_открытие бизнеса /2507-1 ,Саратов,1
2025-08-22,Промостатья: Моя история 1 / Цена перехода / Ж25-54 / интерес_открытие бизнеса /2507-1 ,Ульяновск,1
2025-08-22,Промостатья: Моя история 1 / Цена перехода / Ж25-54 / интерес_открытие бизнеса /2507-1 ,Челябинск,1
2025-08-22,Промостатья: Моя история 1 / Цена перехода / Ж25-54 / интерес_франшиза,Санкт-Петербург,1
2025-08-23,Промостатья: Моя история 1 / Цена перехода / Ж25-54 / интерес_открытие бизнеса /2507-1 ,Ахтубинск,1
2025-08-23,Промостатья: Моя история 1 / Цена перехода / Ж25-54 / интерес_открытие бизнеса /2507-1 ,Омск,1
2025-08-24,Промостатья: Моя история 1 / Цена перехода / Ж25-54 / интерес_открытие бизнеса /2507-1 ,Гатчина,1
2025-08-24,Промостатья: Моя история 1 / Цена перехода / Ж25-54 / интерес_открытие бизнеса /2507-1 ,Домодедово,1
2025-08-24,Промостатья: Моя история 1 / Цена перехода / Ж25-54 / интерес_открытие бизнеса /2507-1 ,Калуга,1
2025-08-24,Промостатья: Моя история 1 / Цена перехода / Ж25-54 / интерес_открытие бизнеса /2507-1 ,Самара,1
2025-08-25,Промостатья: Моя история 1 / Цена перехода / Ж25-54 / интерес_открытие бизнеса /2507-1 ,Константиновск,1
2025-08-25,Промостатья: Моя история 1 / Цена перехода / Ж25-54 / интерес_открытие бизнеса /2507-1 ,Рубцовск,1
2025-08-25,Промостатья: Моя история 1 / Цена перехода / Ж25-54 / интерес_франшиза,Санкт-Петербург,1
2025-08-26,Промостатья: Моя история 1 / Цена перехода / Ж25-54 / интерес_открытие бизнеса,Истра,1
2025-08-26,Промостатья: Моя история 1 / Цена перехода / Ж25-54 / интерес_открытие бизнеса,Старый Оскол,1
2025-08-26,Промостатья: Моя история 1 / Цена перехода / Ж25-54 / интерес_открытие бизнеса /2507-1 ,Не определено,1
2025-08-26,Промостатья: Моя история 1 / Цена перехода / Ж25-54 / интерес_открытие бизнеса /2507-1 ,Бор,1
2025-08-26,Промостатья: Моя история 1 / Цена перехода / Ж25-54 / интерес_франшиза,Санкт-Петербург,1
2025-08-27,Промостатья: Моя история 1 / Цена перехода / Ж25-54 / интерес_открытие бизнеса,Екатеринбург,1
2025-08-27,Промостатья: Моя история 1 / Цена перехода / Ж25-54 / интерес_открытие бизнеса,Красноярск,1
2025-08-27,Промостатья: Моя история 1 / Цена перехода / Ж25-54 / интерес_открытие бизнеса,Москва,1
2025-08-27,Промостатья: Моя история 1 / Цена перехода / Ж25-54 / интерес_открытие бизнеса,Новосибирск,1
2025-08-27,Промостатья: Моя история 1 / Цена перехода / Ж25-54 / интерес_открытие бизнеса,Тюмень,1
2025-08-27,Промостатья: Моя история 1 / Цена перехода / Ж25-54 / интерес_открытие бизнеса /2507-1 ,Барнаул,1
2025-08-27,Промостатья: Моя история 1 / Цена перехода / Ж25-54 / интерес_открытие бизнеса /2507-1 ,Геленджик,1
2025-08-27,Промостатья: Моя история 1 / Цена перехода / Ж25-54 / интерес_открытие бизнеса /2507-1 ,Екатеринбург,1
2025-08-27,Промостатья: Моя история 1 / Цена перехода / Ж25-54 / интерес_открытие бизнеса /2507-1 ,Красногорск,1
2025-08-27,Промостатья: Моя история 1 / Цена перехода / Ж25-54 / интерес_открытие бизнеса /2507-1 ,Краснодар,1
2025-08-27,Промостатья: Моя история 1 / Цена перехода / Ж25-54 / интерес_открытие бизнеса /2507-1 ,Москва,1
2025-08-27,Промостатья: Моя история 1 / Цена перехода / Ж25-54 / интерес_открытие бизнеса /2507-1 ,Петрозаводск,1
2025-08-27,Промостатья: Моя история 1 / Цена перехода / Ж25-54 / интерес_франшиза,Санкт-Петербург,1
2025-08-27,Промостатья: Моя история 1 | Цена перехода | Ж25-54,Липецк,1
2025-08-28,Промостатья: Моя история 1 / Цена перехода / Ж25-54 / интерес_открытие бизнеса,Москва,1
2025-08-28,Промостатья: Моя история 1 / Цена перехода / Ж25-54 / интерес_открытие бизнеса,Саратов,1
2025-08-28,Промостатья: Моя история 1 / Цена перехода / Ж25-54 / интерес_открытие бизнеса /2507-1 ,Иваново,1
2025-08-28,Промостатья: Моя история 1 / Цена перехода / Ж25-54 / интерес_открытие бизнеса /2507-1 ,Курск,1
2025-08-29,Промостатья: Моя история 1 / Цена перехода / Ж25-54 / интерес_франшиза,Санкт-Петербург,1
2025-09-01,Статья: Цифры и факты / Интересы: франшиза (копия),Не определено,1
2025-09-02,Промостатья: Моя история 1 / Цена перехода / Ж25-54 / интерес_франшиза / 2507,Не определено,1
2025-09-02,Промостатья: Моя история 1 / Цена перехода / Ж25-54 / интерес_франшиза / 2507,Киров,1
2025-09-02,Промостатья: Моя история 1 / Цена перехода / Ж25-54 / интерес_франшиза / 2507,Санкт-Петербург,1
2025-09-02,Промостатья: Моя история 1 / Цена перехода / Ж25-54 / интерес_франшиза / 2507,Тольятти,1
2025-09-02,Промостатья: Моя история 1 | Цена перехода | Ж25-54,Новороссийск,1
2025-09-03,Промостатья: Моя история 1 / Цена перехода / Ж25-54 / интерес_франшиза / 2507,Не определено,1
2025-09-03,Промостатья: Моя история 1 / Цена перехода / Ж25-54 / интерес_франшиза / 2507,Каменск-Шахтинский,1
2025-09-03,Промостатья: Моя история 1 | Цена перехода | Ж25-54,Липецк,1
2025-09-04,Промостатья: Моя история 1 / Цена перехода / Ж25-54 / интерес_открытие бизнеса /2507-1 ,Не определено,1
2025-09-04,Промостатья: Моя история 1 / Цена перехода / Ж25-54 / интерес_открытие бизнеса /2507-1 ,Анапа,1
2025-09-04,Промостатья: Моя история 1 / Цена перехода / Ж25-54 / интерес_открытие бизнеса /2507-1 ,Воронеж,1
2025-09-04,Промостатья: Моя история 1 / Цена перехода / Ж25-54 / интерес_открытие бизнеса /2507-1 ,Кострома,1
2025-09-04,Промостатья: Моя история 1 / Цена перехода / Ж25-54 / интерес_открытие бизнеса /2507-1 ,Москва,1
2025-09-04,Промостатья: Моя история 1 / Цена перехода / Ж25-54 / интерес_открытие бизнеса /2507-1 ,Санкт-Петербург,1
2025-09-04,Промостатья: Моя история 1 / Цена перехода / Ж25-54 / интерес_открытие бизнеса /2507-1 ,Фрязино,1
2025-09-04,Промостатья: Моя история 1 / Цена перехода / Ж25-54 / интерес_открытие бизнеса /2507-1 ,Челябинск,1
2025-09-04,Промостатья: Моя история 1 / Цена перехода / Ж25-54 / интерес_франшиза,Санкт-Петербург,1
2025-09-04,Промостатья: Моя история 1 / Цена перехода / Ж25-54 / интерес_франшиза / 2507,Краснодар,1
2025-09-04,Промостатья: Моя история 1 / Цена перехода / Ж25-54 / интерес_франшиза / 2507,Новосибирск,1
2025-09-04,Промостатья: Моя история 1 / Цена перехода / Ж25-54 / интерес_франшиза / 2507,Прокопьевск,1
2025-09-04,Промостатья: Моя история 1 / Цена перехода / Ж25-54 / интерес_франшиза / 2507,Тольятти,1
2025-09-05,Промостатья: Моя история 1 / Цена перехода / Ж25-54 / интерес_франшиза,Санкт-Петербург,1
2025-09-06,Промостатья: Моя история 1 / Цена перехода / Ж25-54 / интерес_открытие бизнеса /2507-1 ,Москва,1
2025-09-09,Промостатья: Моя история 1 / Цена перехода / Ж25-54 / интерес_франшиза,Москва,1
2025-09-11,Промостатья: Моя история 1 / Цена перехода / Ж25-54 / интерес_франшиза,Москва,1
2025-09-11,Промостатья: Моя история 1 / Цена перехода / Ж25-54 / интерес_франшиза / 2507,Екатеринбург,1
2025-09-11,Промостатья: Моя история 1 | Цена перехода | Ж25-54,Липецк,1
2025-09-13,Промостатья: Моя история 1 / Цена перехода / Ж25-54 / интерес_открытие бизнеса /2507-1 ,Воронеж,1
2025-09-13,Промостатья: Моя история 1 / Цена перехода / Ж25-54 / интерес_открытие бизнеса /2507-1 ,Москва,1
2025-09-13,Промостатья: Моя история 1 / Цена перехода / Ж25-54 / интерес_открытие бизнеса /2507-1 ,Самара,1
2025-09-14,Промостатья: Моя история 1 / Цена перехода / Ж25-54 / интерес_открытие бизнеса /2507-1 ,Москва,1
2025-09-15,Промостатья: Моя история 1 / Цена перехода / Ж25-54 / интерес_франшиза,Москва,1
2025-09-15,Промостатья: Моя история 1 | Цена перехода | Ж25-54,Липецк,1
2025-09-16,Промостатья: Моя история 1 | Цена перехода | Ж25-54,Липецк,1
2025-09-17,Промостатья: Моя история 1 / Цена перехода / Ж25-54 / интерес_франшиза,Москва,1
2025-09-20,Промостатья: Моя история 1 / Цена перехода / Ж25-54 / интерес_открытие бизнеса,Москва,1
2025-09-22,Промостатья: Моя история 1 / Цена перехода / Ж25-54 / интерес_франшиза,Москва,1
2025-09-23,Промостатья: Моя история 1 / Цена перехода / Ж25-54 / интерес_франшиза,Москва,1
2025-09-23,Промостатья: Моя история 1 | Цена перехода | Ж25-54,Липецк,1
2025-09-24,Промостатья: Моя история 1 / Цена перехода / Ж25-54 / интерес_франшиза,Москва,1
2025-09-24,Промостатья: Моя история 1 | Цена перехода | Ж25-54,Липецк,1
2025-09-25,Промостатья: Моя история 1 / Цена перехода / Ж25-54 / интерес_франшиза,Москва,1
2025-09-25,Промостатья: Моя история 1 | Цена перехода | Ж25-54,Липецк,1
2025-09-26,Промостатья: Моя история 1 / Цена перехода / Ж25-54 / интерес_открытие бизнеса,Москва,1
2025-09-26,Промостатья: Моя история 1 | Цена перехода | Ж25-54,Липецк,1
2025-09-28,Промостатья: Моя история 1 / Цена перехода / Ж25-54 / интерес_франшиза / 2507,Тольятти,1
2025-09-29,Промостатья: Моя история 1 / Цена перехода / Ж25-54 / интерес_франшиза,Москва,1
2025-09-29,Промостатья: Моя история 1 | Цена перехода | Ж25-54,Липецк,1
2025-09-30,Промостатья: Моя история 1 | Цена перехода | Ж25-54,Липецк,1
2025-11-05,Промостатья: Моя история 1 | Цена перехода | Ж25-54,Липецк,5
2025-11-11,Промостатья: Моя история 1 | Цена перехода | Ж25-54,Липецк,4
2025-10-02,Промостатья: Моя история 1 | Цена перехода | Ж25-54,Липецк,3
2025-11-26,Промостатья: Моя история 1 / Цена перехода / Ж25-54 / интерес_франшиза,Москва,3
2025-12-22,Промостатья: Моя история 1 | Цена перехода | Ж25-54,Липецк,3
2025-10-03,Промостатья: Моя история 1 / Цена перехода / Ж25-54 / интерес_франшиза,Москва,2
2025-10-03,Промостатья: Моя история 1 | Цена перехода | Ж25-54,Липецк,2
2025-10-06,Промостатья: Моя история 1 | Цена перехода | Ж25-54,Липецк,2
2025-10-07,Промостатья: Моя история 1 | Цена перехода | Ж25-54,Липецк,2
2025-10-09,Промостатья: Моя история 1 / Цена перехода / Ж25-54 / интерес_франшиза,Москва,2
2025-10-10,Промостатья: Моя история 1 / Цена перехода / Ж25-54 / интерес_франшиза,Москва,2
2025-10-14,Промостатья: Моя история 1 / Цена перехода / Ж25-54 / интерес_франшиза,Москва,2
2025-10-15,Промостатья: Моя история 1 / Цена перехода / Ж25-54 / интерес_франшиза,Москва,2
2025-10-17,Промостатья: Моя история 1 / Цена перехода / Ж25-54 / интерес_франшиза,Москва,2
2025-10-27,Промостатья: Моя история 1 | Цена перехода | Ж25-54,Липецк,2
2025-10-29,Промостатья: Моя история 1 | Цена перехода | Ж25-54,Липецк,2
2025-11-10,Промостатья: Моя история 1 | Цена перехода | Ж25-54,Липецк,2
2025-11-18,Промостатья: Моя история 1 / Ж25-54 / интерес_открытие бизнеса/ рся / #franchise / 2511-1,Москва,2
2025-11-19,Промостатья: Моя история 1 / Ж25-54 / интерес_открытие бизнеса/ рся / #franchise / 2511-1,Не определено,2
2025-11-19,Промостатья: Моя история 1 / М 25-54 / интерес_франшиза / рся / #franchise / 2511-1,Не определено,2
2025-11-20,Промостатья: Моя история 1 / Ж25-54 / интерес_открытие бизнеса/ рся / #franchise / 2511-1,Не определено,2
2025-11-20,Промостатья: Моя история 1 | Цена перехода | Ж25-54,Липецк,2
2025-12-08,Промостатья: Моя история 1 / Ж25-54 / интерес_франшиза / рся / #franchise / 2511-1,Не определено,2
2025-12-08,Промостатья: Моя история 1 / Ж25-54 / интерес_франшиза / рся / #franchise / 2511-1,Москва,2
2025-12-08,Промостатья: Моя история 1 | Цена перехода | Ж25-54,Липецк,2
2025-12-15,Промостатья: Моя история 1 | Цена перехода | Ж25-54,Липецк,2
2025-12-19,Промостатья: Моя история 1 | Цена перехода | Ж25-54,Липецк,2
2025-12-19,Промостатья: рынок и тренды 1 / М/Ж25-54 / интерес_открытие бизнеса / рся / #promo / 2512-1,Не определено,2
2025-12-19,Промостатья: рынок и тренды 1 / М/Ж25-54 / интерес_франшиза / рся / #promo / 2512-1,Не определено,2
2025-12-25,Промостатья: рынок и тренды 1 / М/Ж25-54 / интерес_франшиза / рся / #promo / 2512-1,Не определено,2
2025-12-25,Промостатья: рынок и тренды 1 / М/Ж25-54 / интерес_франшиза / рся / #promo / 2512-1,Санкт-Петербург,2
2025-12-27,Промостатья: рынок и тренды 1 / М/Ж25-54 / интерес_франшиза / рся / #promo / 2512-1,Астрахань,2
2025-12-27,Промостатья: рынок и тренды 1 / М/Ж25-54 / интерес_франшиза / рся / #promo / 2512-1,Москва,2
2025-10-01,Промостатья: Моя история 1 | Цена перехода | Ж25-54,Липецк,1
2025-10-02,Промостатья: Моя история 1 / Цена перехода / Ж25-54 / интерес_франшиза,Москва,1
2025-10-06,Промостатья: Моя история 1 / Цена перехода / Ж25-54 / интерес_открытие бизнеса /2507-1 ,Смоленск,1
2025-10-06,Промостатья: Моя история 1 / Цена перехода / Ж25-54 / интерес_открытие бизнеса /2507-1 ,Тула,1
2025-10-06,Промостатья: Моя история 1 / Цена перехода / Ж25-54 / интерес_франшиза,Москва,1
2025-10-07,Промостатья: Моя история 1 / Цена перехода / Ж25-54 / интерес_франшиза,Москва,1
2025-10-08,Промостатья: Моя история 1 / Цена перехода / Ж25-54 / интерес_франшиза,Москва,1
2025-10-08,Промостатья: Моя история 1 | Цена перехода | Ж25-54,Липецк,1
2025-10-09,Промостатья: Моя история 1 | Цена перехода | Ж25-54,Липецк,1
2025-10-10,Промостатья: Моя история 1 / Цена перехода / Ж25-54 / интерес_франшиза / 2509-1,Сердобск,1
2025-10-10,Промостатья: Моя история 1 | Цена перехода | Ж25-54,Липецк,1
2025-10-12,Промостатья: Моя история 1 / Цена перехода / Ж25-54 / интерес_франшиза / 2509-1,Не определено,1
2025-10-13,Промостатья: Моя история 1 / Цена перехода / Ж25-54 / интерес_франшиза,Москва,1
2025-10-13,Промостатья: Моя история 1 / Цена перехода / Ж25-54 / интерес_франшиза / 2509-1,Не определено,1
2025-10-14,Промостатья: Моя история 1 / Цена перехода / Ж25-54 / интерес_франшиза / 2509-1,Не определено,1
2025-10-15,Промостатья: Моя история 1 | Цена перехода | Ж25-54,Липецк,1
2025-10-16,Промостатья: Моя история 1 / Цена перехода / Ж25-54 / интерес_франшиза,Москва,1
2025-10-20,Промостатья: Моя история 1 / Цена перехода / Ж25-54 / интерес_франшиза,Москва,1
2025-10-22,Промостатья: Моя история 1 / Цена перехода / Ж25-54 / интерес_франшиза / рся / 2510-1,Не определено,1
2025-10-23,Промостатья: Моя история 1 / Цена перехода / Ж25-54 / интерес_франшиза / рся / 2510-1,Челябинск,1
2025-10-24,Промостатья: Моя история 1 / Цена перехода / Ж25-54 / интерес_франшиза / поиск / 2510-1,Москва,1
2025-10-24,Промостатья: Моя история 1 / Цена перехода / Ж25-54 / интерес_франшиза / рся / 2510-1,Не определено,1
2025-10-24,Промостатья: Моя история 1 / Цена перехода / Ж25-54 / интерес_франшиза / рся / 2510-1,Ростов-на-Дону,1
2025-10-24,Промостатья: Моя история 1 / Цена перехода / Ж25-54 / интерес_франшиза / рся / 2510-1,Санкт-Петербург,1
2025-10-24,Промостатья: Моя история 1 / Цена перехода / Ж25-54 / интерес_франшиза / рся / 2510-1,Семенов,1
2025-10-28,Промостатья: Моя история 1 / Цена перехода / Ж25-54 / интерес_франшиза / рся / 2510-1,Не определено,1
2025-10-28,Промостатья: Моя история 1 | Цена перехода | Ж25-54,Липецк,1
2025-10-29,Промостатья: Моя история 1 / Цена перехода / Ж25-54 / интерес_франшиза / рся / 2510-1,Не определено,1
2025-10-29,Промостатья: Моя история 1 / Цена перехода / Ж25-54 / интерес_франшиза / рся / 2510-1,Пермь,1
2025-10-29,Промостатья: Моя история 1 / Цена перехода / Ж25-54 / интерес_франшиза / рся / 2510-1,Тамбов,1
2025-10-29,Промостатья: Моя история 1 / Цена перехода / Ж25-54 / интерес_франшиза / рся / 2510-1,Уфа,1
2025-10-30,Промостатья: Моя история 1 / Цена перехода / Ж25-54 / интерес_франшиза / рся / 2510-1,Владивосток,1
2025-10-30,Промостатья: Моя история 1 | Цена перехода | Ж25-54,Липецк,1
2025-10-31,Промостатья: Моя история 1 | Цена перехода | Ж25-54,Липецк,1
2025-11-01,Промостатья: Моя история 1 / Цена перехода / Ж25-54 / интерес_франшиза / рся / 2510-1,Не определено,1
2025-11-01,Промостатья: Моя история 1 / Цена перехода / Ж25-54 / интерес_франшиза / рся / 2510-1,Пенза,1
2025-11-01,Промостатья: Моя история 1 | Цена перехода | Ж25-54,Липецк,1
2025-11-02,Промостатья: Моя история 1 / Цена перехода / Ж25-54 / интерес_франшиза / рся / 2510-1,Новосибирск,1
2025-11-06,Промостатья: Моя история 1 | Цена перехода | Ж25-54,Липецк,1
2025-11-07,Промостатья: Моя история 1 / Цена перехода / Ж25-54 / интерес_франшиза / рся / 2510-1,Не определено,1
2025-11-07,Промостатья: Моя история 1 / Цена перехода / Ж25-54 / интерес_франшиза / рся / 2510-1,Ставрополь,1
2025-11-07,Промостатья: Моя история 1 | Цена перехода | Ж25-54,Липецк,1
2025-11-09,Промостатья: Моя история 1 / Цена перехода / Ж25-54 / интерес_франшиза / рся / 2510-1,Не определено,1
2025-11-11,Промостатья: Моя история 1 / Цена перехода / Ж25-54 / интерес_франшиза / рся / 2510-1,Ростов-на-Дону,1
2025-11-12,Промостатья: Моя история 1 | Цена перехода | Ж25-54,Липецк,1
2025-11-13,Промостатья: Моя история 1 | Цена перехода | Ж25-54,Липецк,1
2025-11-14,Промостатья: Моя история 1 | Цена перехода | Ж25-54,Липецк,1
2025-11-17,Промостатья: Моя история 1 / Цена перехода / Ж25-54 / интерес_франшиза / рся / 2510-1,Тюмень,1
2025-11-17,Промостатья: Моя история 1 | Цена перехода | Ж25-54,Липецк,1
2025-11-18,Промостатья: Моя история 1 / Ж25-54 / интерес_открытие бизнеса/ рся / #franchise / 2511-1,Не определено,1
2025-11-18,Промостатья: Моя история 1 / Ж25-54 / интерес_открытие бизнеса/ рся / #franchise / 2511-1,Набережные Челны,1
2025-11-18,Промостатья: Моя история 1 / Ж25-54 / интерес_открытие бизнеса/ рся / #franchise / 2511-1,Пермь,1
2025-11-18,Промостатья: Моя история 1 / М 25-54 / интерес_франшиза / рся / #franchise / 2511-1,Санкт-Петербург,1
2025-11-18,Промостатья: Моя история 1 / Цена перехода / Ж25-54 / интерес_франшиза / рся / 2510-1,Москва,1
2025-11-18,Промостатья: Моя история 1 | Цена перехода | Ж25-54,Липецк,1
2025-11-19,Промостатья: Моя история 1 / Ж25-54 / интерес_открытие бизнеса/ рся / #franchise / 2511-1,Большой Камень,1
2025-11-19,Промостатья: Моя история 1 / Ж25-54 / интерес_открытие бизнеса/ рся / #franchise / 2511-1,Гатчина,1
2025-11-19,Промостатья: Моя история 1 / Ж25-54 / интерес_открытие бизнеса/ рся / #franchise / 2511-1,Москва,1
2025-11-19,Промостатья: Моя история 1 / Ж25-54 / интерес_открытие бизнеса/ рся / #franchise / 2511-1,Тюмень,1
2025-11-19,Промостатья: Моя история 1 / Ж25-54 / интерес_франшиза / рся / #franchise / 2511-1,Красноярск,1
2025-11-19,Промостатья: Моя история 1 / Ж25-54 / интерес_франшиза / рся / #franchise / 2511-1,Питкяранта,1
2025-11-19,Промостатья: Моя история 1 / Ж25-54 / интерес_франшиза / рся / #franchise / 2511-1,Санкт-Петербург,1
2025-11-19,Промостатья: Моя история 1 / М 25-54 / интерес_франшиза / рся / #franchise / 2511-1,Абакан,1
2025-11-19,Промостатья: Моя история 1 / М 25-54 / интерес_франшиза / рся / #franchise / 2511-1,Нижний Новгород,1
2025-11-19,Промостатья: Моя история 1 / М 25-54 / интерес_франшиза / рся / #franchise / 2511-1,Новосибирск,1
2025-11-19,Промостатья: Моя история 1 / М 25-54 / интерес_франшиза / рся / #franchise / 2511-1,Рубцовск,1
2025-11-19,Промостатья: Моя история 1 / М 25-54 / интерес_франшиза / рся / #franchise / 2511-1,Санкт-Петербург,1
2025-11-19,Промостатья: Моя история 1 / М 25-54 / интерес_франшиза / рся / #franchise / 2511-1,Сочи,1
2025-11-19,Промостатья: Моя история 1 | Цена перехода | Ж25-54,Липецк,1
2025-11-20,Промостатья: Моя история 1 / Ж25-54 / интерес_открытие бизнеса/ рся / #franchise / 2511-1,Новокузнецк,1
2025-11-20,Промостатья: Моя история 1 / Ж25-54 / интерес_открытие бизнеса/ рся / #franchise / 2511-1,Ростов-на-Дону,1
2025-11-20,Промостатья: Моя история 1 / Ж25-54 / интерес_франшиза / рся / #franchise / 2511-1,Не определено,1
2025-11-20,Промостатья: Моя история 1 / Ж25-54 / интерес_франшиза / рся / #franchise / 2511-1,Иркутск,1
2025-11-20,Промостатья: Моя история 1 / Ж25-54 / интерес_франшиза / рся / #franchise / 2511-1,Санкт-Петербург,1
2025-11-20,Промостатья: Моя история 1 / М 25-54 / интерес_франшиза / рся / #franchise / 2511-1,Екатеринбург,1
2025-11-20,Промостатья: Моя история 1 / М 25-54 / интерес_франшиза / рся / #franchise / 2511-1,Киржач,1
2025-11-20,Промостатья: Моя история 1 / М 25-54 / интерес_франшиза / рся / #franchise / 2511-1,Нижний Новгород,1
2025-11-20,Промостатья: Моя история 1 / М 25-54 / интерес_франшиза / рся / #franchise / 2511-1,Пермь,1
2025-11-20,Промостатья: Моя история 1 / М 25-54 / интерес_франшиза / рся / #franchise / 2511-1,Санкт-Петербург,1
2025-11-21,Промостатья: Моя история 1 / Ж25-54 / интерес_франшиза / рся / #franchise / 2511-1,Архангельск,1
2025-11-21,Промостатья: Моя история 1 | Цена перехода | Ж25-54,Липецк,1
2025-11-24,Промостатья: Моя история 1 | Цена перехода | Ж25-54,Липецк,1
2025-11-25,Промостатья: Моя история 1 | Цена перехода | Ж25-54,Липецк,1
2025-11-26,Промостатья: Моя история 1 | Цена перехода | Ж25-54,Липецк,1
2025-11-27,Промостатья: Моя история 1 | Цена перехода | Ж25-54,Липецк,1
2025-11-28,Промостатья: Моя история 1 / Ж25-54 / интерес_франшиза / рся / #franchise / 2511-1,Хадыженск,1
2025-11-28,Промостатья: Моя история 1 | Цена перехода | Ж25-54,Липецк,1
2025-11-30,Промостатья: Моя история 1 / М 25-54 / интерес_франшиза / рся / #franchise / 2511-1,Невинномысск,1
2025-12-01,Промостатья: Моя история 1 / Ж25-54 / интерес_открытие бизнеса/ рся / #franchise / 2511-1,Берёзовский,1
2025-12-01,Промостатья: Моя история 1 / Ж25-54 / интерес_открытие бизнеса/ рся / #franchise / 2511-1,Москва,1
2025-12-01,Промостатья: Моя история 1 | Цена перехода | Ж25-54,Липецк,1
2025-12-02,Промостатья: Моя история 1 / Ж25-54 / интерес_открытие бизнеса/ рся / #franchise / 2511-1,Не определено,1
2025-12-02,Промостатья: Моя история 1 / Ж25-54 / интерес_открытие бизнеса/ рся / #franchise / 2511-1,Нижний Новгород,1
2025-12-02,Промостатья: Моя история 1 | Цена перехода | Ж25-54,Липецк,1
2025-12-03,Промостатья: Моя история 1 / М 25-54 / интерес_франшиза / рся / #franchise / 2511-1,Уфа,1
2025-12-03,Промостатья: Моя история 1 | Цена перехода | Ж25-54,Липецк,1
2025-12-04,Промостатья: Моя история 1 | Цена перехода | Ж25-54,Липецк,1
2025-12-05,Промостатья: Моя история 1 / Ж25-54 / интерес_открытие бизнеса/ рся / #franchise / 2511-1,Ульяновск,1
2025-12-05,Промостатья: Моя история 1 / М 25-54 / интерес_франшиза / рся / #franchise / 2511-1,Красноярск,1
2025-12-05,Промостатья: Моя история 1 | Цена перехода | Ж25-54,Липецк,1
2025-12-06,Промостатья: Моя история 1 / Ж25-54 / интерес_франшиза / рся / #franchise / 2511-1,Иваново,1
2025-12-06,Промостатья: Моя история 1 / Ж25-54 / интерес_франшиза / рся / #franchise / 2511-1,Москва,1
2025-12-06,Промостатья: Моя история 1 / Ж25-54 / интерес_франшиза / рся / #franchise / 2511-1,Тольятти,1
2025-12-07,Промостатья: Моя история 1 / Ж25-54 / интерес_открытие бизнеса/ рся / #franchise / 2511-1,Владивосток,1
2025-12-07,Промостатья: Моя история 1 / Ж25-54 / интерес_франшиза / рся / #franchise / 2511-1,Не определено,1
2025-12-07,Промостатья: Моя история 1 / Ж25-54 / интерес_франшиза / рся / #franchise / 2511-1,Калининград,1
2025-12-09,Промостатья: Моя история 1 / Ж25-54 / интерес_франшиза / рся / #franchise / 2511-1,Грозный,1
2025-12-09,Промостатья: Моя история 1 / Ж25-54 / интерес_франшиза / рся / #franchise / 2511-1,Краснодар,1
2025-12-09,Промостатья: Моя история 1 / Ж25-54 / интерес_франшиза / рся / #franchise / 2511-1,Нижний Новгород,1
2025-12-09,Промостатья: Моя история 1 / Ж25-54 / интерес_франшиза / рся / #franchise / 2511-1,Омск,1
2025-12-09,Промостатья: Моя история 1 / Ж25-54 / интерес_франшиза / рся / #franchise / 2511-1,Сарапул,1
2025-12-09,Промостатья: Моя история 1 | Цена перехода | Ж25-54,Липецк,1
2025-12-10,Промостатья: Моя история 1 / Ж25-54 / интерес_франшиза / рся / #franchise / 2511-1,Не определено,1
2025-12-10,Промостатья: Моя история 1 | Цена перехода | Ж25-54,Липецк,1
2025-12-11,Промостатья: Моя история 1 | Цена перехода | Ж25-54,Липецк,1
2025-12-13,Промостатья: Моя история 1 / М 25-54 / интерес_франшиза / рся / #franchise / 2511-1,Москва,1
2025-12-14,Промостатья: Моя история 1 / М 25-54 / интерес_франшиза / рся / #franchise / 2511-1,Москва,1
2025-12-16,Промостатья: Моя история 1 / Ж25-54 / интерес_франшиза / рся / #franchise / 2511-1,Не определено,1
2025-12-16,Промостатья: Моя история 1 | Цена перехода | Ж25-54,Липецк,1
2025-12-17,Промостатья: Моя история 1 | Цена перехода | Ж25-54,Липецк,1
2025-12-18,Промостатья: Моя история 1 | Цена перехода | Ж25-54,Липецк,1
2025-12-18,Промостатья: рынок и тренды 1 / Ж25-54 / интерес_франшиза / рся / #promo / 2512-1,Валенсия,1
2025-12-18,Промостатья: рынок и тренды 1 / М/Ж25-54 / интерес_открытие бизнеса / рся / #promo / 2512-1,Не определено,1
2025-12-18,Промостатья: рынок и тренды 1 / М/Ж25-54 / интерес_открытие бизнеса / рся / #promo / 2512-1,Кострома,1
2025-12-18,Промостатья: рынок и тренды 1 / М/Ж25-54 / интерес_франшиза / рся / #promo / 2512-1,Белгород,1
2025-12-18,Промостатья: рынок и тренды 1 / М/Ж25-54 / интерес_франшиза / рся / #promo / 2512-1,Великий Новгород,1
2025-12-18,Промостатья: рынок и тренды 1 / М/Ж25-54 / интерес_франшиза / рся / #promo / 2512-1,Вытегра,1
2025-12-18,Промостатья: рынок и тренды 1 / М/Ж25-54 / интерес_франшиза / рся / #promo / 2512-1,Петрозаводск,1
2025-12-18,Промостатья: рынок и тренды 1 / М/Ж25-54 / интерес_франшиза / рся / #promo / 2512-1,Чита,1
2025-12-19,Промостатья: рынок и тренды 1 / М/Ж25-54 / интерес_открытие бизнеса / рся / #promo / 2512-1,Воронеж,1
2025-12-19,Промостатья: рынок и тренды 1 / М/Ж25-54 / интерес_франшиза / рся / #promo / 2512-1,Нижневартовск,1
2025-12-19,Промостатья: рынок и тренды 1 / М/Ж25-54 / интерес_франшиза / рся / #promo / 2512-1,Ростов-на-Дону,1
2025-12-19,Промостатья: рынок и тренды 1 / М/Ж25-54 / интерес_франшиза / рся / #promo / 2512-1,Санкт-Петербург,1
2025-12-20,Промостатья: рынок и тренды 1 / М/Ж25-54 / интерес_франшиза / рся / #promo / 2512-1,Не определено,1
2025-12-22,Промостатья: рынок и тренды 1 / М/Ж25-54 / интерес_открытие бизнеса / рся / #promo / 2512-1,Челябинск,1
2025-12-23,Промостатья: Моя история 1 / М 25-54 / интерес_франшиза / рся / #franchise / 2511-1,Москва,1
2025-12-23,Промостатья: Моя история 1 | Цена перехода | Ж25-54,Липецк,1
2025-12-23,Промостатья: рынок и тренды 1 / М/Ж25-54 / интерес_открытие бизнеса / рся / #promo / 2512-1,Братск,1
2025-12-23,Промостатья: рынок и тренды 1 / М/Ж25-54 / интерес_открытие бизнеса / рся / #promo / 2512-1,Ленинск-Кузнецкий,1
2025-12-23,Промостатья: рынок и тренды 1 / М/Ж25-54 / интерес_открытие бизнеса / рся / #promo / 2512-1,Москва,1
2025-12-23,Промостатья: рынок и тренды 1 / М/Ж25-54 / интерес_открытие бизнеса / рся / #promo / 2512-1,Электросталь,1
2025-12-23,Промостатья: рынок и тренды 1 / М/Ж25-54 / интерес_франшиза / рся / #promo / 2512-1,Не определено,1
2025-12-23,Промостатья: рынок и тренды 1 / М/Ж25-54 / интерес_франшиза / рся / #promo / 2512-1,Волгоград,1
2025-12-23,Промостатья: рынок и тренды 1 / М/Ж25-54 / интерес_франшиза / рся / #promo / 2512-1,Екатеринбург,1
2025-12-23,Промостатья: рынок и тренды 1 / М/Ж25-54 / интерес_франшиза / рся / #promo / 2512-1,Новосибирск,1
2025-12-24,Промостатья: Моя история 1 / М 25-54 / интерес_франшиза / рся / #franchise / 2511-1,Красноярск,1
2025-12-24,Промостатья: Моя история 1 / М 25-54 / интерес_франшиза / рся / #franchise / 2511-1,Уфа,1
2025-12-24,Промостатья: Моя история 1 | Цена перехода | Ж25-54,Липецк,1
2025-12-24,Промостатья: рынок и тренды 1 / М/Ж25-54 / интерес_открытие бизнеса / рся / #promo / 2512-1,Не определено,1
2025-12-24,Промостатья: рынок и тренды 1 / М/Ж25-54 / интерес_открытие бизнеса / рся / #promo / 2512-1,Владивосток,1
2025-12-24,Промостатья: рынок и тренды 1 / М/Ж25-54 / интерес_франшиза / рся / #promo / 2512-1,Иркутск,1
2025-12-25,Промостатья: Моя история 1 / М 25-54 / интерес_франшиза / рся / #franchise / 2511-1,Краснокаменск,1
2025-12-25,Промостатья: Моя история 1 / М 25-54 / интерес_франшиза / рся / #franchise / 2511-1,Нижневартовск,1
2025-12-25,Промостатья: Моя история 1 | Цена перехода | Ж25-54,Липецк,1
2025-12-25,Промостатья: рынок и тренды 1 / М/Ж25-54 / интерес_франшиза / рся / #promo / 2512-1,Щёлково,1
2025-12-26,Промостатья: Моя история 1 | Цена перехода | Ж25-54,Липецк,1
2025-12-26,Промостатья: рынок и тренды 1 / М/Ж25-54 / интерес_открытие бизнеса / рся / #promo / 2512-1,Москва,1
2025-12-26,Промостатья: рынок и тренды 1 / М/Ж25-54 / интерес_франшиза / рся / #promo / 2512-1,Петропавловск-Камчатский,1
2025-12-26,Промостатья: рынок и тренды 1 / М/Ж25-54 / интерес_франшиза / рся / #promo / 2512-1,Сочи,1
2025-12-27,Промостатья: Моя история 1 / М 25-54 / интерес_франшиза / рся / #franchise / 2511-1,Москва,1
2025-12-28,Промостатья: Моя история 1 / М 25-54 / интерес_франшиза / рся / #franchise / 2511-1,Астрахань,1
2025-12-28,Промостатья: рынок и тренды 1 / М/Ж25-54 / интерес_открытие бизнеса / рся / #promo / 2512-1,Тула,1
2025-12-29,Промостатья: Моя история 1 / М 25-54 / интерес_франшиза / рся / #franchise / 2511-1,Не определено,1
2025-12-29,Промостатья: Моя история 1 | Цена перехода | Ж25-54,Липецк,1
2025-12-29,Промостатья: рынок и тренды 1 / М/Ж25-54 / интерес_франшиза / рся / #promo / 2512-1,Не определено,1
2025-12-30,Промостатья: Моя история 1 | Цена перехода | Ж25-54,Липецк,1
2025-12-31,Промостатья: рынок и тренды 1 / М/Ж25-54 / интерес_открытие бизнеса / рся / #promo / 2512-1,Не определено,1
2025-12-31,Промостатья: рынок и тренды 1 / М/Ж25-54 / интерес_открытие бизнеса / рся / #promo / 2512-1,Воронеж,1
2025-12-31,Промостатья: рынок и тренды 1 / М/Ж25-54 / интерес_франшиза / рся / #promo / 2512-1,Челябинск,1
2026-01-08,Промостатья: Моя история 1 / М/Ж 25-54 / интерес_франшиза / рся / #promo,Не определено,33
2026-01-29,Промостатья: Моя история 1 / Ж 25-54 / интерес_франшиза / рся / #dzen,Не определено,27
2026-03-25,Промостатья: Моя история 1 / Ж 25-54/ интерес_открытие бизнеса / рся / #dzen / 2603-1,Москва,27
2026-03-25,Промостатья: Моя история 1 / Ж 25-54/ интерес_открытие бизнеса / рся / #dzen / 2603-1,Не определено,24
2026-02-01,Промостатья: Моя история 1 / Ж 25-54 / интерес_франшиза / рся / #dzen,Не определено,23
2026-01-07,Промостатья: Моя история 1 / М/Ж 25-54 / интерес_франшиза / рся / #promo,Не определено,20
2026-02-25,Промостатья: рынок и тренды 1 / М/Ж25-54 / интерес_франшиза / рся / #promo / 2512-1,Не определено,19
2026-02-26,Промостатья: рынок и тренды 1 / М/Ж25-54 / интерес_франшиза / рся / #promo / 2512-1,Не определено,15
2026-01-28,Промостатья: Моя история 1 / Ж 25-54 / интерес_франшиза / рся / #dzen,Не определено,13
2026-01-28,Промостатья: Моя история 1 / Ж 25-54 / интерес_франшиза / рся / #dzen,Москва,13
2026-02-26,Промостатья: Моя история 1 / Ж 25-54 / интерес_франшиза / рся / #dzen / 2602-1,Не определено,13
2026-01-09,Промостатья: Моя история 1 / М/Ж 25-54 / интерес_франшиза / рся / #promo,Не определено,12
2026-01-27,Промостатья: Моя история 1 / Ж 25-54 / интерес_франшиза / рся / #dzen,Не определено,12
2026-02-27,Промостатья: Моя история 1 / Ж 25-54 / интерес_франшиза / рся / #dzen / 2602-1,Не определено,12
2026-01-30,Промостатья: Моя история 1 / Ж 25-54 / интерес_франшиза / рся / #dzen,Не определено,11
2026-02-25,Промостатья: рынок и тренды 1 / М/Ж25-54 / интерес_открытие бизнеса / рся / #promo / 2512-1 (копия),Не определено,11
2026-02-27,Промостатья: Моя история 1 / Ж 25-54 / интерес_франшиза / рся / #dzen / 2602-1,Москва,11
2026-03-09,Промостатья: рынок и тренды 1 / М/Ж25-54 / интерес_франшиза / рся / #promo / 2512-1,Не определено,11
2026-03-25,Промостатья: Моя история 1 / Ж 25-54/ интерес_открытие бизнеса / рся / #dzen / 2603-1,Санкт-Петербург,11
2026-01-06,Промостатья: Моя история 1 / М/Ж 25-54 / интерес_франшиза / рся / #promo,Не определено,10
2026-01-26,Промостатья: Моя история 1 / Ж 25-54 / интерес_франшиза / рся / #dzen,Не определено,10
2026-01-30,Промостатья: Моя история 1 / Ж 25-54 / интерес_франшиза / рся / #dzen,Москва,10
2026-01-31,Промостатья: Моя история 1 / Ж 25-54 / интерес_франшиза / рся / #dzen,Не определено,10
2026-02-25,Промостатья: Моя история 1 / Ж 25-54 / интерес_франшиза / рся / #dzen / 2602-1,Не определено,10
2026-01-07,Промостатья: Моя история 1 / М/Ж 25-54 / интерес_франшиза / рся / #promo,Москва,9
2026-01-14,Промостатья: Моя история 1 / М/Ж 25-54 / интерес_франшиза / рся / #promo,Не определено,9
2026-01-31,Промостатья: Моя история 1 / Ж 25-54 / интерес_франшиза / рся / #dzen,Москва,9
2026-02-26,Промостатья: Моя история 1 / Ж 25-54 / интерес_франшиза / рся / #dzen / 2602-1,Москва,9
2026-01-08,Промостатья: рынок и тренды 1 / М/Ж25-54 / интерес_франшиза / рся / #promo / 2512-1,Не определено,8
2026-02-01,Промостатья: Моя история 1 / Ж 25-54 / интерес_франшиза / рся / #dzen,Москва,8
2026-03-09,Промостатья: Моя история 1 / Ж 25-54 / интерес_франшиза / рся / #dzen / 2602-1,Не определено,8
2026-03-25,Промостатья: рынок и тренды 1 / М25-44 / интерес_франшиза / рся / #dzen / 2603-1,Москва,8
2026-03-26,Промостатья: рынок и тренды 1 / М25-44 / интерес_франшиза / рся / #dzen / 2603-1,Не определено,8
2026-01-06,Промостатья: Моя история 1 / М/Ж 25-54 / интерес_франшиза / рся / #promo,Санкт-Петербург,7
2026-02-25,Промостатья: Моя история 1 / Ж 25-54 / интерес_франшиза / рся / #dzen / 2602-1,Санкт-Петербург,7
2026-03-09,Промостатья: рынок и тренды 1 / М/Ж25-54 / интерес_открытие бизнеса / рся / #promo / 2512-1 (копия),Не определено,7
2026-03-24,Промостатья: рынок и тренды 1 / М25-44 / интерес_франшиза / рся / #dzen / 2603-1,Не определено,7
2026-01-06,Промостатья: Моя история 1 / М/Ж 25-54 / интерес_франшиза / рся / #promo,Москва,6
2026-01-15,Промостатья: Моя история 1 / М/Ж 25-54 / интерес_франшиза / рся / #promo,Не определено,6
2026-01-27,Промостатья: Моя история 1 / Ж 25-54 / интерес_франшиза / рся / #dzen,Москва,6
2026-01-29,Промостатья: Моя история 1 / Ж 25-54 / интерес_франшиза / рся / #dzen,Москва,6
2026-02-02,Промостатья: Моя история 1 / Ж 25-54 / интерес_франшиза / рся / #dzen,Москва,6
2026-03-26,Промостатья: рынок и тренды 1 / М25-44 / интерес_франшиза / рся / #dzen / 2603-1,Москва,6
2026-01-07,Промостатья: Моя история 1 / М/Ж 25-54 / интерес_франшиза / рся / #promo,Нижний Новгород,5
2026-01-08,Промостатья: Моя история 1 / М/Ж 25-54 / интерес_франшиза / рся / #promo,Москва,5
2026-01-08,Промостатья: Моя история 1 / М/Ж 25-54 / интерес_франшиза / рся / #promo,Санкт-Петербург,5
2026-01-10,Промостатья: Моя история 1 / М/Ж 25-54 / интерес_франшиза / рся / #promo,Не определено,5
2026-01-15,Промостатья: Моя история 1 / М/Ж 25-54 / интерес_франшиза / рся / #promo,Красноярск,5
2026-01-28,Промостатья: Моя история 1 / Ж 25-54 / интерес_франшиза / рся / #dzen,Санкт-Петербург,5
2026-01-29,Промостатья: Моя история 1 / Ж 25-54 / интерес_франшиза / рся / #dzen,Санкт-Петербург,5
2026-01-31,Промостатья: Моя история 1 / Ж 25-54 / интерес_франшиза / рся / #dzen,Екатеринбург,5
2026-02-02,Промостатья: Моя история 1 / Ж 25-54 / интерес_франшиза / рся / #dzen,Не определено,5
2026-02-12,Промостатья: рынок и тренды 1 / М/Ж25-54 / интерес_открытие бизнеса / рся / #promo / 2512-1,Не определено,5
2026-02-26,Промостатья: Моя история 1 / Ж 25-54 / интерес_франшиза / рся / #dzen / 2602-1,Новосибирск,5
2026-03-09,Промостатья: Моя история 1 / Ж 25-54 / интерес_франшиза / рся / #dzen / 2602-1,Москва,5
2026-03-09,Промостатья: рынок и тренды 1 / М/Ж25-54 / интерес_открытие бизнеса / рся / #promo / 2512-1 (копия),Москва,5
2026-03-12,Промостатья: Моя история 1 / Ж 25-54 / интерес_франшиза / рся / #dzen / 2602-1,Не определено,5
2026-03-24,Промостатья: Моя история 1 / Ж 25-54 / интерес_франшиза / рся / #dzen / 2602-1,Москва,5
2026-03-25,Промостатья: рынок и тренды 1 / М25-44 / интерес_франшиза / рся / #dzen / 2603-1,Не определено,5
2026-01-06,Промостатья: Моя история 1 / М/Ж 25-54 / интерес_франшиза / рся / #promo,Краснодар,4
2026-01-07,Промостатья: Моя история 1 / М/Ж 25-54 / интерес_франшиза / рся / #promo,Краснодар,4
2026-01-07,Промостатья: рынок и тренды 1 / М/Ж25-54 / интерес_франшиза / рся / #promo / 2512-1,Не определено,4
2026-01-08,Промостатья: Моя история 1 / М/Ж 25-54 / интерес_франшиза / рся / #promo,Омск,4
2026-01-09,Промостатья: Моя история 1 / М/Ж 25-54 / интерес_франшиза / рся / #promo,Москва,4
2026-01-14,Промостатья: Моя история 1 / М/Ж 25-54 / интерес_франшиза / рся / #promo,Москва,4
2026-01-15,Промостатья: Моя история 1 / М/Ж 25-54 / интерес_франшиза / рся / #promo,Москва,4
2026-01-16,Промостатья: Моя история 1 / М/Ж 25-54 / интерес_франшиза / рся / #promo,Не определено,4
2026-01-29,Промостатья: Моя история 1 / Ж 25-54 / интерес_франшиза / рся / #dzen,Саратов,4
2026-02-24,Промостатья: рынок и тренды 1 / М/Ж25-54 / интерес_франшиза / рся / #promo / 2512-1,Не определено,4
2026-02-26,Промостатья: рынок и тренды 1 / М/Ж25-54 / интерес_открытие бизнеса / рся / #promo / 2512-1 (копия),Не определено,4
2026-02-26,Промостатья: рынок и тренды 1 / М/Ж25-54 / интерес_франшиза / рся / #promo / 2512-1,Нижний Новгород,4
2026-03-11,Промостатья: Моя история 1 / Ж 25-54 / интерес_франшиза / рся / #dzen / 2602-1,Москва,4
2026-03-12,Промостатья: Моя история 1 / Ж 25-54 / интерес_франшиза / рся / #dzen / 2602-1,Москва,4
2026-03-25,Промостатья: Моя история 1 / Ж 25-54/ интерес_открытие бизнеса / рся / #dzen / 2603-1,Екатеринбург,4
2026-03-25,Промостатья: Моя история 1 / Ж 25-54/ интерес_открытие бизнеса / рся / #dzen / 2603-1,Нижний Новгород,4
2026-03-26,Промостатья: рынок и тренды 1 / М25-44 / интерес_франшиза / рся / #dzen / 2603-1,Екатеринбург,4
2026-01-06,Промостатья: Моя история 1 / М/Ж 25-54 / интерес_франшиза / рся / #promo,Владимир,3
2026-01-06,Промостатья: Моя история 1 / М/Ж 25-54 / интерес_франшиза / рся / #promo,Самара,3
2026-01-07,Промостатья: Моя история 1 / М/Ж 25-54 / интерес_франшиза / рся / #promo,Тверь,3
2026-01-08,Промостатья: Моя история 1 / М/Ж 25-54 / интерес_франшиза / рся / #promo,Краснодар,3
2026-01-08,Промостатья: Моя история 1 / М/Ж 25-54 / интерес_франшиза / рся / #promo,Самара,3
2026-01-12,Промостатья: Моя история 1 | Цена перехода | Ж25-54,Липецк,3
2026-01-13,Промостатья: Моя история 1 / М/Ж 25-54 / интерес_франшиза / рся / #promo,Не определено,3
2026-01-15,Промостатья: Моя история 1 / М/Ж 25-54 / интерес_франшиза / рся / #promo,Санкт-Петербург,3
2026-01-29,Промостатья: Моя история 1 / Ж 25-54 / интерес_франшиза / рся / #dzen,Екатеринбург,3
2026-01-29,Промостатья: Моя история 1 / Ж 25-54 / интерес_франшиза / рся / #dzen,Сочи,3
2026-01-30,Промостатья: Моя история 1 / Ж 25-54 / интерес_франшиза / рся / #dzen,Новосибирск,3
2026-02-01,Промостатья: Моя история 1 / Ж 25-54 / интерес_франшиза / рся / #dzen,Ростов-на-Дону,3
2026-02-01,Промостатья: Моя история 1 / Ж 25-54 / интерес_франшиза / рся / #dzen,Санкт-Петербург,3
2026-02-03,Промостатья: Моя история 1 / Ж 25-54 / интерес_франшиза / рся / #dzen,Не определено,3
2026-02-03,Промостатья: Моя история 1 / Ж 25-54 / интерес_франшиза / рся / #dzen,Москва,3
2026-02-03,Промостатья: Моя история 1 / Ж 25-54 / интерес_франшиза / рся / #dzen,Санкт-Петербург,3
2026-02-09,Промостатья: Моя история 1 / Ж 25-54 / интерес_франшиза / рся / #dzen,Не определено,3
2026-02-10,Промостатья: рынок и тренды 1 / М/Ж25-54 / интерес_открытие бизнеса / рся / #promo / 2512-1,Не определено,3
2026-02-11,Промостатья: рынок и тренды 1 / М/Ж25-54 / интерес_франшиза / рся / #promo / 2512-1,Великий Новгород,3
2026-02-17,Промостатья: рынок и тренды 1 / М/Ж25-54 / интерес_открытие бизнеса / рся / #promo / 2512-1,Уфа,3
2026-02-25,Промостатья: Моя история 1 / Ж 25-54 / интерес_франшиза / рся / #dzen / 2602-1,Москва,3
2026-02-25,Промостатья: рынок и тренды 1 / М/Ж25-54 / интерес_открытие бизнеса / рся / #promo / 2512-1 (копия),Новосибирск,3
2026-02-26,Промостатья: Моя история 1 / Ж 25-54 / интерес_франшиза / рся / #dzen / 2602-1,Екатеринбург,3
2026-02-26,Промостатья: Моя история 1 / Ж 25-54 / интерес_франшиза / рся / #dzen / 2602-1,Красноярск,3
2026-02-26,Промостатья: Моя история 1 / Ж 25-54 / интерес_франшиза / рся / #dzen / 2602-1,Ростов-на-Дону,3
2026-02-26,Промостатья: рынок и тренды 1 / М/Ж25-54 / интерес_открытие бизнеса / рся / #promo / 2512-1 (копия),Москва,3
2026-02-26,Промостатья: рынок и тренды 1 / М/Ж25-54 / интерес_франшиза / рся / #promo / 2512-1,Москва,3
2026-02-27,Промостатья: Моя история 1 / Ж 25-54 / интерес_франшиза / рся / #dzen / 2602-1,Александров,3
2026-02-27,Промостатья: рынок и тренды 1 / М/Ж25-54 / интерес_открытие бизнеса / рся / #promo / 2512-1 (копия),Не определено,3
2026-03-09,Промостатья: рынок и тренды 1 / М/Ж25-54 / интерес_франшиза / рся / #promo / 2512-1,Москва,3
2026-03-09,Промостатья: рынок и тренды 1 / М/Ж25-54 / интерес_франшиза / рся / #promo / 2512-1,Санкт-Петербург,3
2026-03-11,Промостатья: Моя история 1 / Ж 25-54 / интерес_франшиза / рся / #dzen / 2602-1,Не определено,3
2026-03-18,Промостатья: Моя история 1 / Ж 25-54 / интерес_франшиза / рся / #dzen / 2602-1,Владивосток,3
2026-03-24,Промостатья: Моя история 1 / Ж 25-54 / интерес_франшиза / рся / #dzen / 2602-1,Не определено,3
2026-03-25,Промостатья: Моя история 1 / Ж 25-54/ интерес_открытие бизнеса / рся / #dzen / 2603-1,Владимир,3
2026-03-25,Промостатья: Моя история 1 / Ж 25-54/ интерес_открытие бизнеса / рся / #dzen / 2603-1,Краснодар,3
2026-03-25,Промостатья: Моя история 1 / Ж 25-54/ интерес_открытие бизнеса / рся / #dzen / 2603-1,Новосибирск,3
2026-03-25,Промостатья: Моя история 1 / Ж 25-54/ интерес_открытие бизнеса / рся / #dzen / 2603-1,Саратов,3
2026-03-26,Промостатья: Моя история 1 / Ж 25-54 / интерес_франшиза / рся / #dzen / 2602-1,Не определено,3
2026-01-06,Промостатья: Моя история 1 / М/Ж 25-54 / интерес_франшиза / рся / #promo,Белгород,2
2026-01-06,Промостатья: Моя история 1 / М/Ж 25-54 / интерес_франшиза / рся / #promo,Иркутск,2
2026-01-06,Промостатья: Моя история 1 / М/Ж 25-54 / интерес_франшиза / рся / #promo,Новосибирск,2
2026-01-06,Промостатья: Моя история 1 / М/Ж 25-54 / интерес_франшиза / рся / #promo,Тамбов,2
2026-01-06,Промостатья: Моя история 1 / М/Ж 25-54 / интерес_франшиза / рся / #promo,Ульяновск,2
2026-01-06,Промостатья: рынок и тренды 1 / М/Ж25-54 / интерес_открытие бизнеса / рся / #promo / 2512-1,Москва,2
2026-01-07,Промостатья: Моя история 1 / М/Ж 25-54 / интерес_франшиза / рся / #promo,Екатеринбург,2
2026-01-07,Промостатья: Моя история 1 / М/Ж 25-54 / интерес_франшиза / рся / #promo,Казань,2
2026-01-07,Промостатья: Моя история 1 / М/Ж 25-54 / интерес_франшиза / рся / #promo,Ростов-на-Дону,2
2026-01-07,Промостатья: Моя история 1 / М/Ж 25-54 / интерес_франшиза / рся / #promo,Самара,2
2026-01-07,Промостатья: Моя история 1 / М/Ж 25-54 / интерес_франшиза / рся / #promo,Саратов,2
2026-01-07,Промостатья: Моя история 1 / М/Ж 25-54 / интерес_франшиза / рся / #promo,Сургут,2
2026-01-08,Промостатья: Моя история 1 / М/Ж 25-54 / интерес_франшиза / рся / #promo,Екатеринбург,2
2026-01-08,Промостатья: Моя история 1 / М/Ж 25-54 / интерес_франшиза / рся / #promo,Старый Оскол,2
2026-01-08,Промостатья: Моя история 1 / М/Ж 25-54 / интерес_франшиза / рся / #promo,Ульяновск,2
2026-01-08,Промостатья: рынок и тренды 1 / М/Ж25-54 / интерес_открытие бизнеса / рся / #promo / 2512-1,Не определено,2
2026-01-08,Промостатья: рынок и тренды 1 / М/Ж25-54 / интерес_франшиза / рся / #promo / 2512-1,Чита,2
2026-01-09,Промостатья: Моя история 1 / М/Ж 25-54 / интерес_франшиза / рся / #promo,Великий Новгород,2
2026-01-09,Промостатья: Моя история 1 / М/Ж 25-54 / интерес_франшиза / рся / #promo,Казань,2
2026-01-09,Промостатья: Моя история 1 / М/Ж 25-54 / интерес_франшиза / рся / #promo,Нижний Новгород,2
2026-01-09,Промостатья: Моя история 1 / М/Ж 25-54 / интерес_франшиза / рся / #promo,Омск,2
2026-01-09,Промостатья: рынок и тренды 1 / М/Ж25-54 / интерес_франшиза / рся / #promo / 2512-1,Не определено,2
2026-01-09,Промостатья: рынок и тренды 1 / М/Ж25-54 / интерес_франшиза / рся / #promo / 2512-1,Москва,2
2026-01-10,Промостатья: рынок и тренды 1 / М/Ж25-54 / интерес_франшиза / рся / #promo / 2512-1,Не определено,2
2026-01-11,Промостатья: рынок и тренды 1 / М/Ж25-54 / интерес_франшиза / рся / #promo / 2512-1,Не определено,2
2026-01-13,Промостатья: Моя история 1 / М/Ж 25-54 / интерес_франшиза / рся / #promo,Москва,2
2026-01-14,Промостатья: Моя история 1 / М/Ж 25-54 / интерес_франшиза / рся / #promo,Краснодар,2
2026-01-14,Промостатья: Моя история 1 / М/Ж 25-54 / интерес_франшиза / рся / #promo,Ростов-на-Дону,2
2026-01-14,Промостатья: Моя история 1 / М/Ж 25-54 / интерес_франшиза / рся / #promo,Саратов,2
2026-01-14,Промостатья: Моя история 1 / М/Ж 25-54 / интерес_франшиза / рся / #promo,Тюмень,2
2026-01-14,Промостатья: Моя история 1 | Цена перехода | Ж25-54,Липецк,2
2026-01-15,Промостатья: Моя история 1 / М/Ж 25-54 / интерес_франшиза / рся / #promo,Воронеж,2
2026-01-25,Промостатья: Моя история 1 / Ж 25-54 / интерес_франшиза / рся / #dzen,Не определено,2
2026-01-27,Промостатья: Моя история 1 / Ж 25-54 / интерес_франшиза / рся / #dzen,Краснодар,2
2026-01-27,Промостатья: Моя история 1 / Ж 25-54 / интерес_франшиза / рся / #dzen,Новосибирск,2
2026-01-27,Промостатья: Моя история 1 / Ж 25-54 / интерес_франшиза / рся / #dzen,Ростов-на-Дону,2
2026-01-27,Промостатья: Моя история 1 / Ж 25-54 / интерес_франшиза / рся / #dzen,Самара,2
2026-01-28,Промостатья: Моя история 1 / Ж 25-54 / интерес_франшиза / рся / #dzen,Екатеринбург,2
2026-01-28,Промостатья: Моя история 1 / Ж 25-54 / интерес_франшиза / рся / #dzen,Краснодар,2
2026-01-28,Промостатья: Моя история 1 / Ж 25-54 / интерес_франшиза / рся / #dzen,Ростов-на-Дону,2
2026-01-28,Промостатья: Моя история 1 / Ж 25-54 / интерес_франшиза / рся / #dzen,Саратов,2
2026-01-28,Промостатья: Моя история 1 / Ж 25-54 / интерес_франшиза / рся / #dzen,Тула,2
2026-01-28,Промостатья: Моя история 1 | Цена перехода | Ж25-54,Липецк,2
2026-01-29,Промостатья: Моя история 1 / Ж 25-54 / интерес_франшиза / рся / #dzen,Калининград,2
2026-01-29,Промостатья: Моя история 1 / Ж 25-54 / интерес_франшиза / рся / #dzen,Калуга,2
2026-01-29,Промостатья: Моя история 1 / Ж 25-54 / интерес_франшиза / рся / #dzen,Ростов-на-Дону,2
2026-01-29,Промостатья: Моя история 1 / Ж 25-54 / интерес_франшиза / рся / #dzen,Самара,2
2026-01-29,Промостатья: Моя история 1 / Ж 25-54 / интерес_франшиза / рся / #dzen,Тамбов,2
2026-01-29,Промостатья: Моя история 1 / Ж 25-54 / интерес_франшиза / рся / #dzen,Тверь,2
2026-01-29,Промостатья: Моя история 1 / Ж 25-54 / интерес_франшиза / рся / #dzen,Уфа,2
2026-01-30,Промостатья: Моя история 1 / Ж 25-54 / интерес_франшиза / рся / #dzen,Нижний Новгород,2
2026-01-30,Промостатья: Моя история 1 / Ж 25-54 / интерес_франшиза / рся / #dzen,Тула,2
2026-01-30,Промостатья: Моя история 1 / Ж 25-54 / интерес_франшиза / рся / #dzen,Челябинск,2
2026-01-31,Промостатья: Моя история 1 / Ж 25-54 / интерес_франшиза / рся / #dzen,Краснодар,2
2026-01-31,Промостатья: Моя история 1 / Ж 25-54 / интерес_франшиза / рся / #dzen,Красноярск,2
2026-01-31,Промостатья: Моя история 1 / Ж 25-54 / интерес_франшиза / рся / #dzen,Уфа,2
2026-02-01,Промостатья: Моя история 1 / Ж 25-54 / интерес_франшиза / рся / #dzen,Воронеж,2
2026-02-01,Промостатья: Моя история 1 / Ж 25-54 / интерес_франшиза / рся / #dzen,Новосибирск,2
2026-02-01,Промостатья: Моя история 1 / Ж 25-54 / интерес_франшиза / рся / #dzen,Тверь,2
2026-02-02,Промостатья: Моя история 1 / Ж 25-54 / интерес_франшиза / рся / #dzen,Абакан,2
2026-02-02,Промостатья: Моя история 1 / Ж 25-54 / интерес_франшиза / рся / #dzen,Ярославль,2
2026-02-03,Промостатья: Моя история 1 / Ж 25-54 / интерес_франшиза / рся / #dzen,Красноярск,2
2026-02-04,Промостатья: Моя история 1 / Ж 25-54 / интерес_франшиза / рся / #dzen,Нижний Новгород,2
2026-02-04,Промостатья: Моя история 1 | Цена перехода | Ж25-54,Липецк,2
2026-02-05,Промостатья: Моя история 1 / Ж 25-54 / интерес_франшиза / рся / #dzen,Ставрополь,2
2026-02-09,Промостатья: Моя история 1 | Цена перехода | Ж25-54,Липецк,2
2026-02-09,Промостатья: рынок и тренды 1 / М/Ж25-54 / интерес_франшиза / рся / #promo / 2512-1,Иркутск,2
2026-02-10,Промостатья: рынок и тренды 1 / М/Ж25-54 / интерес_франшиза / рся / #promo / 2512-1,Не определено,2
2026-02-12,Промостатья: рынок и тренды 1 / М/Ж25-54 / интерес_открытие бизнеса / рся / #promo / 2512-1,Омск,2
2026-02-12,Промостатья: рынок и тренды 1 / М/Ж25-54 / интерес_франшиза / рся / #promo / 2512-1,Не определено,2
2026-02-13,Промостатья: Моя история 1 / Ж 25-54 / интерес_франшиза / рся / #dzen,Не определено,2
2026-02-13,Промостатья: рынок и тренды 1 / М/Ж25-54 / интерес_открытие бизнеса / рся / #promo / 2512-1,Ярославль,2
2026-02-25,Промостатья: Моя история 1 / Ж 25-54 / интерес_франшиза / рся / #dzen / 2602-1,Барнаул,2
2026-02-25,Промостатья: Моя история 1 / Ж 25-54 / интерес_франшиза / рся / #dzen / 2602-1,Пермь,2
2026-02-25,Промостатья: Моя история 1 / Ж 25-54 / интерес_франшиза / рся / #dzen / 2602-1,Тюмень,2
2026-02-25,Промостатья: рынок и тренды 1 / М/Ж25-54 / интерес_франшиза / рся / #promo / 2512-1,Батайск,2
2026-02-25,Промостатья: рынок и тренды 1 / М/Ж25-54 / интерес_франшиза / рся / #promo / 2512-1,Волгоград,2
2026-02-25,Промостатья: рынок и тренды 1 / М/Ж25-54 / интерес_франшиза / рся / #promo / 2512-1,Казань,2
2026-02-25,Промостатья: рынок и тренды 1 / М/Ж25-54 / интерес_франшиза / рся / #promo / 2512-1,Новосибирск,2
2026-02-25,Промостатья: рынок и тренды 1 / М/Ж25-54 / интерес_франшиза / рся / #promo / 2512-1,Ростов-на-Дону,2
2026-02-26,Промостатья: Моя история 1 / Ж 25-54 / интерес_франшиза / рся / #dzen / 2602-1,Барнаул,2
2026-02-26,Промостатья: Моя история 1 / Ж 25-54 / интерес_франшиза / рся / #dzen / 2602-1,Пенза,2
2026-02-26,Промостатья: Моя история 1 / Ж 25-54 / интерес_франшиза / рся / #dzen / 2602-1,Санкт-Петербург,2
2026-02-26,Промостатья: Моя история 1 / Ж 25-54 / интерес_франшиза / рся / #dzen / 2602-1,Уфа,2
2026-02-26,Промостатья: Моя история 1 / Ж 25-54 / интерес_франшиза / рся / #dzen / 2602-1,Хабаровск,2
2026-02-26,Промостатья: рынок и тренды 1 / М/Ж25-54 / интерес_открытие бизнеса / рся / #promo / 2512-1 (копия),Барнаул,2
2026-02-26,Промостатья: рынок и тренды 1 / М/Ж25-54 / интерес_открытие бизнеса / рся / #promo / 2512-1 (копия),Челябинск,2
2026-02-26,Промостатья: рынок и тренды 1 / М/Ж25-54 / интерес_франшиза / рся / #promo / 2512-1,Барнаул,2
2026-02-26,Промостатья: рынок и тренды 1 / М/Ж25-54 / интерес_франшиза / рся / #promo / 2512-1,Воронеж,2
2026-02-26,Промостатья: рынок и тренды 1 / М/Ж25-54 / интерес_франшиза / рся / #promo / 2512-1,Иркутск,2
2026-02-27,Промостатья: Моя история 1 / Ж 25-54 / интерес_франшиза / рся / #dzen / 2602-1,Абакан,2
2026-02-27,Промостатья: Моя история 1 / Ж 25-54 / интерес_франшиза / рся / #dzen / 2602-1,Владивосток,2
2026-02-27,Промостатья: Моя история 1 / Ж 25-54 / интерес_франшиза / рся / #dzen / 2602-1,Новосибирск,2
2026-02-27,Промостатья: Моя история 1 / Ж 25-54 / интерес_франшиза / рся / #dzen / 2602-1,Ростов-на-Дону,2
2026-02-27,Промостатья: Моя история 1 / Ж 25-54 / интерес_франшиза / рся / #dzen / 2602-1,Санкт-Петербург,2
2026-02-27,Промостатья: Моя история 1 / Ж 25-54 / интерес_франшиза / рся / #dzen / 2602-1,Тверь,2
2026-03-09,Промостатья: рынок и тренды 1 / М/Ж25-54 / интерес_франшиза / рся / #promo / 2512-1,Екатеринбург,2
2026-03-09,Промостатья: рынок и тренды 1 / М/Ж25-54 / интерес_франшиза / рся / #promo / 2512-1,Красноярск,2
2026-03-09,Промостатья: рынок и тренды 1 / М/Ж25-54 / интерес_франшиза / рся / #promo / 2512-1,Пермь,2
2026-03-10,Промостатья: рынок и тренды 1 / М/Ж25-54 / интерес_открытие бизнеса / рся / #promo / 2512-1 (копия),Не определено,2
2026-03-12,Промостатья: Моя история 1 / Ж 25-54 / интерес_франшиза / рся / #dzen / 2602-1,Воронеж,2
2026-03-12,Промостатья: Моя история 1 / Ж 25-54 / интерес_франшиза / рся / #dzen / 2602-1,Краснодар,2
2026-03-12,Промостатья: Моя история 1 / Ж 25-54 / интерес_франшиза / рся / #dzen / 2602-1,Красноярск,2
2026-03-12,Промостатья: Моя история 1 / Ж 25-54 / интерес_франшиза / рся / #dzen / 2602-1,Новосибирск,2
2026-03-12,Промостатья: Моя история 1 / Ж 25-54 / интерес_франшиза / рся / #dzen / 2602-1,Тюмень,2
2026-03-24,Промостатья: рынок и тренды 1 / М25-44 / интерес_франшиза / рся / #dzen / 2603-1,Москва,2
2026-03-25,Промостатья: Моя история 1 / Ж 25-54/ интерес_открытие бизнеса / рся / #dzen / 2603-1,Благовещенск,2
2026-03-25,Промостатья: Моя история 1 / Ж 25-54/ интерес_открытие бизнеса / рся / #dzen / 2603-1,Волгоград,2
2026-03-25,Промостатья: Моя история 1 / Ж 25-54/ интерес_открытие бизнеса / рся / #dzen / 2603-1,Калининград,2
2026-03-25,Промостатья: Моя история 1 / Ж 25-54/ интерес_открытие бизнеса / рся / #dzen / 2603-1,Красноярск,2
2026-03-25,Промостатья: Моя история 1 / Ж 25-54/ интерес_открытие бизнеса / рся / #dzen / 2603-1,Курск,2
2026-03-25,Промостатья: Моя история 1 / Ж 25-54/ интерес_открытие бизнеса / рся / #dzen / 2603-1,Ставрополь,2
2026-03-25,Промостатья: Моя история 1 / Ж 25-54/ интерес_открытие бизнеса / рся / #dzen / 2603-1,Сургут,2
2026-03-25,Промостатья: рынок и тренды 1 / М25-44 / интерес_франшиза / рся / #dzen / 2603-1,Краснодар,2
2026-03-25,Промостатья: рынок и тренды 1 / М25-44 / интерес_франшиза / рся / #dzen / 2603-1,Санкт-Петербург,2
2026-03-26,Промостатья: рынок и тренды 1 / М25-44 / интерес_франшиза / рся / #dzen / 2603-1,Рязань,2
2026-01-01,Промостатья: Моя история 1 / М/Ж 25-54 / интерес_франшиза / рся / #promo,Архангельск,1
2026-01-01,Промостатья: рынок и тренды 1 / М/Ж25-54 / интерес_открытие бизнеса / рся / #promo / 2512-1,Иркутск,1
2026-01-01,Промостатья: рынок и тренды 1 / М/Ж25-54 / интерес_франшиза / рся / #promo / 2512-1,Не определено,1
2026-01-03,Промостатья: рынок и тренды 1 / М/Ж25-54 / интерес_франшиза / рся / #promo / 2512-1,Не определено,1
2026-01-04,Промостатья: Моя история 1 / М/Ж 25-54 / интерес_франшиза / рся / #promo,Не определено,1
2026-01-04,Промостатья: рынок и тренды 1 / М/Ж25-54 / интерес_франшиза / рся / #promo / 2512-1,Не определено,1
2026-01-04,Промостатья: рынок и тренды 1 / М/Ж25-54 / интерес_франшиза / рся / #promo / 2512-1,Екатеринбург,1
2026-01-04,Промостатья: рынок и тренды 1 / М/Ж25-54 / интерес_франшиза / рся / #promo / 2512-1,Саратов,1
2026-01-05,Промостатья: Моя история 1 / М/Ж 25-54 / интерес_франшиза / рся / #promo,Не определено,1
2026-01-05,Промостатья: Моя история 1 / М/Ж 25-54 / интерес_франшиза / рся / #promo,Вологда,1
2026-01-05,Промостатья: Моя история 1 / М/Ж 25-54 / интерес_франшиза / рся / #promo,Кстово,1
2026-01-05,Промостатья: Моя история 1 / М/Ж 25-54 / интерес_франшиза / рся / #promo,Москва,1
2026-01-05,Промостатья: рынок и тренды 1 / М/Ж25-54 / интерес_открытие бизнеса / рся / #promo / 2512-1,Ростов-на-Дону,1
2026-01-06,Промостатья: Моя история 1 / М/Ж 25-54 / интерес_франшиза / рся / #promo,Астрахань,1
2026-01-06,Промостатья: Моя история 1 / М/Ж 25-54 / интерес_франшиза / рся / #promo,Балаково,1
2026-01-06,Промостатья: Моя история 1 / М/Ж 25-54 / интерес_франшиза / рся / #promo,Волгоград,1
2026-01-06,Промостатья: Моя история 1 / М/Ж 25-54 / интерес_франшиза / рся / #promo,Екатеринбург,1
2026-01-06,Промостатья: Моя история 1 / М/Ж 25-54 / интерес_франшиза / рся / #promo,Ижевск,1
2026-01-06,Промостатья: Моя история 1 / М/Ж 25-54 / интерес_франшиза / рся / #promo,Кемерово,1
2026-01-06,Промостатья: Моя история 1 / М/Ж 25-54 / интерес_франшиза / рся / #promo,Липецк,1
2026-01-06,Промостатья: Моя история 1 / М/Ж 25-54 / интерес_франшиза / рся / #promo,Людиново,1
2026-01-06,Промостатья: Моя история 1 / М/Ж 25-54 / интерес_франшиза / рся / #promo,Нижний Новгород,1
2026-01-06,Промостатья: Моя история 1 / М/Ж 25-54 / интерес_франшиза / рся / #promo,Омск,1
2026-01-06,Промостатья: Моя история 1 / М/Ж 25-54 / интерес_франшиза / рся / #promo,Прокопьевск,1
2026-01-06,Промостатья: Моя история 1 / М/Ж 25-54 / интерес_франшиза / рся / #promo,Рязань,1
2026-01-06,Промостатья: Моя история 1 / М/Ж 25-54 / интерес_франшиза / рся / #promo,Севастополь,1
2026-01-06,Промостатья: Моя история 1 / М/Ж 25-54 / интерес_франшиза / рся / #promo,Смоленск,1
2026-01-06,Промостатья: Моя история 1 / М/Ж 25-54 / интерес_франшиза / рся / #promo,Сочи,1
2026-01-06,Промостатья: Моя история 1 / М/Ж 25-54 / интерес_франшиза / рся / #promo,Ставрополь,1
2026-01-06,Промостатья: Моя история 1 / М/Ж 25-54 / интерес_франшиза / рся / #promo,Тверь,1
2026-01-06,Промостатья: Моя история 1 / М/Ж 25-54 / интерес_франшиза / рся / #promo,Уфа,1
2026-01-06,Промостатья: Моя история 1 / М/Ж 25-54 / интерес_франшиза / рся / #promo,Феодосия,1
2026-01-06,Промостатья: Моя история 1 / М/Ж 25-54 / интерес_франшиза / рся / #promo,Хабаровск,1
2026-01-06,Промостатья: Моя история 1 / М/Ж 25-54 / интерес_франшиза / рся / #promo,Химки,1
2026-01-06,Промостатья: Моя история 1 / М/Ж 25-54 / интерес_франшиза / рся / #promo,Челябинск,1
2026-01-06,Промостатья: Моя история 1 / М/Ж 25-54 / интерес_франшиза / рся / #promo,Щёлково,1
2026-01-06,Промостатья: рынок и тренды 1 / М/Ж25-54 / интерес_франшиза / рся / #promo / 2512-1,Не определено,1
2026-01-06,Промостатья: рынок и тренды 1 / М/Ж25-54 / интерес_франшиза / рся / #promo / 2512-1,Воронеж,1
2026-01-07,Промостатья: Моя история 1 / М/Ж 25-54 / интерес_франшиза / рся / #promo,Барнаул,1
2026-01-07,Промостатья: Моя история 1 / М/Ж 25-54 / интерес_франшиза / рся / #promo,Владимир,1
2026-01-07,Промостатья: Моя история 1 / М/Ж 25-54 / интерес_франшиза / рся / #promo,Воронеж,1
2026-01-07,Промостатья: Моя история 1 / М/Ж 25-54 / интерес_франшиза / рся / #promo,Иркутск,1
2026-01-07,Промостатья: Моя история 1 / М/Ж 25-54 / интерес_франшиза / рся / #promo,Кызыл,1
2026-01-07,Промостатья: Моя история 1 / М/Ж 25-54 / интерес_франшиза / рся / #promo,Махачкала,1
2026-01-07,Промостатья: Моя история 1 / М/Ж 25-54 / интерес_франшиза / рся / #promo,Нальчик,1
2026-01-07,Промостатья: Моя история 1 / М/Ж 25-54 / интерес_франшиза / рся / #promo,Норильск,1
2026-01-07,Промостатья: Моя история 1 / М/Ж 25-54 / интерес_франшиза / рся / #promo,Пенза,1
2026-01-07,Промостатья: Моя история 1 / М/Ж 25-54 / интерес_франшиза / рся / #promo,Пятигорск,1
2026-01-07,Промостатья: Моя история 1 / М/Ж 25-54 / интерес_франшиза / рся / #promo,Санкт-Петербург,1
2026-01-07,Промостатья: Моя история 1 / М/Ж 25-54 / интерес_франшиза / рся / #promo,Симферополь,1
2026-01-07,Промостатья: Моя история 1 / М/Ж 25-54 / интерес_франшиза / рся / #promo,Сосновоборск,1
2026-01-07,Промостатья: Моя история 1 / М/Ж 25-54 / интерес_франшиза / рся / #promo,Сочи,1
2026-01-07,Промостатья: Моя история 1 / М/Ж 25-54 / интерес_франшиза / рся / #promo,Сыктывкар,1
2026-01-07,Промостатья: Моя история 1 / М/Ж 25-54 / интерес_франшиза / рся / #promo,Тула,1
2026-01-07,Промостатья: Моя история 1 / М/Ж 25-54 / интерес_франшиза / рся / #promo,Тюмень,1
2026-01-07,Промостатья: Моя история 1 / М/Ж 25-54 / интерес_франшиза / рся / #promo,Химки,1
2026-01-07,Промостатья: Моя история 1 / М/Ж 25-54 / интерес_франшиза / рся / #promo,Челябинск,1
2026-01-07,Промостатья: Моя история 1 / М/Ж 25-54 / интерес_франшиза / рся / #promo,Шахты,1
2026-01-07,Промостатья: рынок и тренды 1 / М/Ж25-54 / интерес_открытие бизнеса / рся / #promo / 2512-1,Воронеж,1
2026-01-07,Промостатья: рынок и тренды 1 / М/Ж25-54 / интерес_франшиза / рся / #promo / 2512-1,Краснодар,1
2026-01-07,Промостатья: рынок и тренды 1 / М/Ж25-54 / интерес_франшиза / рся / #promo / 2512-1,Омск,1
2026-01-08,Промостатья: Моя история 1 / М/Ж 25-54 / интерес_франшиза / рся / #promo,Азов,1
2026-01-08,Промостатья: Моя история 1 / М/Ж 25-54 / интерес_франшиза / рся / #promo,Бишкек,1
2026-01-08,Промостатья: Моя история 1 / М/Ж 25-54 / интерес_франшиза / рся / #promo,Брянск,1
2026-01-08,Промостатья: Моя история 1 / М/Ж 25-54 / интерес_франшиза / рся / #promo,Владимир,1
2026-01-08,Промостатья: Моя история 1 / М/Ж 25-54 / интерес_франшиза / рся / #promo,Вологда,1
2026-01-08,Промостатья: Моя история 1 / М/Ж 25-54 / интерес_франшиза / рся / #promo,Гулькевичи,1
2026-01-08,Промостатья: Моя история 1 / М/Ж 25-54 / интерес_франшиза / рся / #promo,Донской,1
2026-01-08,Промостатья: Моя история 1 / М/Ж 25-54 / интерес_франшиза / рся / #promo,Железногорск,1
2026-01-08,Промостатья: Моя история 1 / М/Ж 25-54 / интерес_франшиза / рся / #promo,Иркутск,1
2026-01-08,Промостатья: Моя история 1 / М/Ж 25-54 / интерес_франшиза / рся / #promo,Казань,1
2026-01-08,Промостатья: Моя история 1 / М/Ж 25-54 / интерес_франшиза / рся / #promo,Калининград,1
2026-01-08,Промостатья: Моя история 1 / М/Ж 25-54 / интерес_франшиза / рся / #promo,Калуга,1
2026-01-08,Промостатья: Моя история 1 / М/Ж 25-54 / интерес_франшиза / рся / #promo,Муром,1
2026-01-08,Промостатья: Моя история 1 / М/Ж 25-54 / интерес_франшиза / рся / #promo,Нижний Новгород,1
2026-01-08,Промостатья: Моя история 1 / М/Ж 25-54 / интерес_франшиза / рся / #promo,Новосибирск,1
2026-01-08,Промостатья: Моя история 1 / М/Ж 25-54 / интерес_франшиза / рся / #promo,Норильск,1
2026-01-08,Промостатья: Моя история 1 / М/Ж 25-54 / интерес_франшиза / рся / #promo,Пермь,1
2026-01-08,Промостатья: Моя история 1 / М/Ж 25-54 / интерес_франшиза / рся / #promo,Подольск,1
2026-01-08,Промостатья: Моя история 1 / М/Ж 25-54 / интерес_франшиза / рся / #promo,Прокопьевск,1
2026-01-08,Промостатья: Моя история 1 / М/Ж 25-54 / интерес_франшиза / рся / #promo,Ростов-на-Дону,1
2026-01-08,Промостатья: Моя история 1 / М/Ж 25-54 / интерес_франшиза / рся / #promo,Рыбинск,1
2026-01-08,Промостатья: Моя история 1 / М/Ж 25-54 / интерес_франшиза / рся / #promo,Саратов,1
2026-01-08,Промостатья: Моя история 1 / М/Ж 25-54 / интерес_франшиза / рся / #promo,Смоленск,1
2026-01-08,Промостатья: Моя история 1 / М/Ж 25-54 / интерес_франшиза / рся / #promo,Тверь,1
2026-01-08,Промостатья: Моя история 1 / М/Ж 25-54 / интерес_франшиза / рся / #promo,Щёлково,1
2026-01-08,Промостатья: рынок и тренды 1 / М/Ж25-54 / интерес_открытие бизнеса / рся / #promo / 2512-1,Томск,1
2026-01-08,Промостатья: рынок и тренды 1 / М/Ж25-54 / интерес_франшиза / рся / #promo / 2512-1,Барнаул,1
2026-01-08,Промостатья: рынок и тренды 1 / М/Ж25-54 / интерес_франшиза / рся / #promo / 2512-1,Нижний Новгород,1
2026-01-08,Промостатья: рынок и тренды 1 / М/Ж25-54 / интерес_франшиза / рся / #promo / 2512-1,Приморско-Ахтарск,1
2026-01-09,Промостатья: Моя история 1 / М/Ж 25-54 / интерес_франшиза / рся / #promo,Барнаул,1
2026-01-09,Промостатья: Моя история 1 / М/Ж 25-54 / интерес_франшиза / рся / #promo,Братск,1
2026-01-09,Промостатья: Моя история 1 / М/Ж 25-54 / интерес_франшиза / рся / #promo,Витебск,1
2026-01-09,Промостатья: Моя история 1 / М/Ж 25-54 / интерес_франшиза / рся / #promo,Владимир,1
2026-01-09,Промостатья: Моя история 1 / М/Ж 25-54 / интерес_франшиза / рся / #promo,Красноярск,1
2026-01-09,Промостатья: Моя история 1 / М/Ж 25-54 / интерес_франшиза / рся / #promo,Новосибирск,1
2026-01-09,Промостатья: Моя история 1 / М/Ж 25-54 / интерес_франшиза / рся / #promo,Оренбург,1
2026-01-09,Промостатья: Моя история 1 / М/Ж 25-54 / интерес_франшиза / рся / #promo,Санкт-Петербург,1
2026-01-09,Промостатья: Моя история 1 / М/Ж 25-54 / интерес_франшиза / рся / #promo,Смоленск,1
2026-01-09,Промостатья: Моя история 1 / М/Ж 25-54 / интерес_франшиза / рся / #promo,Сочи,1
2026-01-09,Промостатья: Моя история 1 / М/Ж 25-54 / интерес_франшиза / рся / #promo,Ставрополь,1
2026-01-09,Промостатья: Моя история 1 / М/Ж 25-54 / интерес_франшиза / рся / #promo,Тверь,1
2026-01-09,Промостатья: Моя история 1 / М/Ж 25-54 / интерес_франшиза / рся / #promo,Челябинск,1
2026-01-09,Промостатья: рынок и тренды 1 / М/Ж25-54 / интерес_открытие бизнеса / рся / #promo / 2512-1,Улан-Удэ,1
2026-01-09,Промостатья: рынок и тренды 1 / М/Ж25-54 / интерес_франшиза / рся / #promo / 2512-1,Хабаровск,1
2026-01-09,Промостатья: рынок и тренды 1 / М/Ж25-54 / интерес_франшиза / рся / #promo / 2512-1,Чебоксары,1
2026-01-10,Промостатья: рынок и тренды 1 / М/Ж25-54 / интерес_открытие бизнеса / рся / #promo / 2512-1,Арзамас,1
2026-01-10,Промостатья: рынок и тренды 1 / М/Ж25-54 / интерес_открытие бизнеса / рся / #promo / 2512-1,Пенза,1
2026-01-10,Промостатья: рынок и тренды 1 / М/Ж25-54 / интерес_открытие бизнеса / рся / #promo / 2512-1,Ставрополь,1
2026-01-10,Промостатья: рынок и тренды 1 / М/Ж25-54 / интерес_франшиза / рся / #promo / 2512-1,Архангельск,1
2026-01-10,Промостатья: рынок и тренды 1 / М/Ж25-54 / интерес_франшиза / рся / #promo / 2512-1,Краснодар,1
2026-01-10,Промостатья: рынок и тренды 1 / М/Ж25-54 / интерес_франшиза / рся / #promo / 2512-1,Москва,1
2026-01-10,Промостатья: рынок и тренды 1 / М/Ж25-54 / интерес_франшиза / рся / #promo / 2512-1,Черкесск,1
2026-01-11,Промостатья: рынок и тренды 1 / М/Ж25-54 / интерес_франшиза / рся / #promo / 2512-1,Екатеринбург,1
2026-01-11,Промостатья: рынок и тренды 1 / М/Ж25-54 / интерес_франшиза / рся / #promo / 2512-1,Казань,1
2026-01-11,Промостатья: рынок и тренды 1 / М/Ж25-54 / интерес_франшиза / рся / #promo / 2512-1,Москва,1
2026-01-11,Промостатья: рынок и тренды 1 / М/Ж25-54 / интерес_франшиза / рся / #promo / 2512-1,Санкт-Петербург,1
2026-01-11,Промостатья: рынок и тренды 1 / М/Ж25-54 / интерес_франшиза / рся / #promo / 2512-1,Чита,1
2026-01-12,Промостатья: Моя история 1 / М/Ж 25-54 / интерес_франшиза / рся / #promo,Не определено,1
2026-01-12,Промостатья: Моя история 1 / М/Ж 25-54 / интерес_франшиза / рся / #promo,Волгоград,1
2026-01-12,Промостатья: рынок и тренды 1 / М/Ж25-54 / интерес_открытие бизнеса / рся / #promo / 2512-1,Новосибирск,1
2026-01-12,Промостатья: рынок и тренды 1 / М/Ж25-54 / интерес_франшиза / рся / #promo / 2512-1,Не определено,1
2026-01-13,Промостатья: Моя история 1 / М/Ж 25-54 / интерес_франшиза / рся / #promo,Екатеринбург,1
2026-01-13,Промостатья: Моя история 1 / М/Ж 25-54 / интерес_франшиза / рся / #promo,Железногорск,1
2026-01-13,Промостатья: Моя история 1 / М/Ж 25-54 / интерес_франшиза / рся / #promo,Новосибирск,1
2026-01-13,Промостатья: Моя история 1 / М/Ж 25-54 / интерес_франшиза / рся / #promo,Орёл,1
2026-01-13,Промостатья: Моя история 1 / М/Ж 25-54 / интерес_франшиза / рся / #promo,Пермь,1
2026-01-13,Промостатья: Моя история 1 / М/Ж 25-54 / интерес_франшиза / рся / #promo,Петровск,1
2026-01-13,Промостатья: Моя история 1 / М/Ж 25-54 / интерес_франшиза / рся / #promo,Псков,1
2026-01-13,Промостатья: Моя история 1 / М/Ж 25-54 / интерес_франшиза / рся / #promo,Тверь,1
2026-01-13,Промостатья: Моя история 1 / М/Ж 25-54 / интерес_франшиза / рся / #promo,Тюмень,1
2026-01-13,Промостатья: Моя история 1 | Цена перехода | Ж25-54,Липецк,1
2026-01-13,Промостатья: рынок и тренды 1 / М/Ж25-54 / интерес_открытие бизнеса / рся / #promo / 2512-1,Не определено,1
2026-01-14,Промостатья: Моя история 1 / М/Ж 25-54 / интерес_франшиза / рся / #promo,Архангельск,1
2026-01-14,Промостатья: Моя история 1 / М/Ж 25-54 / интерес_франшиза / рся / #promo,Барнаул,1
2026-01-14,Промостатья: Моя история 1 / М/Ж 25-54 / интерес_франшиза / рся / #promo,Висбаден,1
2026-01-14,Промостатья: Моя история 1 / М/Ж 25-54 / интерес_франшиза / рся / #promo,Воронеж,1
2026-01-14,Промостатья: Моя история 1 / М/Ж 25-54 / интерес_франшиза / рся / #promo,Екатеринбург,1
2026-01-14,Промостатья: Моя история 1 / М/Ж 25-54 / интерес_франшиза / рся / #promo,Королёв,1
2026-01-14,Промостатья: Моя история 1 / М/Ж 25-54 / интерес_франшиза / рся / #promo,Красноярск,1
2026-01-14,Промостатья: Моя история 1 / М/Ж 25-54 / интерес_франшиза / рся / #promo,Мурманск,1
2026-01-14,Промостатья: Моя история 1 / М/Ж 25-54 / интерес_франшиза / рся / #promo,Подольск,1
2026-01-14,Промостатья: Моя история 1 / М/Ж 25-54 / интерес_франшиза / рся / #promo,Рязань,1
2026-01-14,Промостатья: Моя история 1 / М/Ж 25-54 / интерес_франшиза / рся / #promo,Саранск,1
2026-01-14,Промостатья: Моя история 1 / М/Ж 25-54 / интерес_франшиза / рся / #promo,Симферополь,1
2026-01-14,Промостатья: Моя история 1 / М/Ж 25-54 / интерес_франшиза / рся / #promo,Скопин,1
2026-01-14,Промостатья: Моя история 1 / М/Ж 25-54 / интерес_франшиза / рся / #promo,Сокол,1
2026-01-14,Промостатья: Моя история 1 / М/Ж 25-54 / интерес_франшиза / рся / #promo,Тверь,1
2026-01-14,Промостатья: Моя история 1 / М/Ж 25-54 / интерес_франшиза / рся / #promo,Томск,1
2026-01-14,Промостатья: Моя история 1 / М/Ж 25-54 / интерес_франшиза / рся / #promo,Ульяновск,1
2026-01-14,Промостатья: Моя история 1 / М/Ж 25-54 / интерес_франшиза / рся / #promo,Челябинск,1
2026-01-14,Промостатья: Моя история 1 / М/Ж 25-54 / интерес_франшиза / рся / #promo,Якутск,1
2026-01-15,Промостатья: Моя история 1 / М/Ж 25-54 / интерес_франшиза / рся / #promo,Ангарск,1
2026-01-15,Промостатья: Моя история 1 / М/Ж 25-54 / интерес_франшиза / рся / #promo,Балаково,1
2026-01-15,Промостатья: Моя история 1 / М/Ж 25-54 / интерес_франшиза / рся / #promo,Екатеринбург,1
2026-01-15,Промостатья: Моя история 1 / М/Ж 25-54 / интерес_франшиза / рся / #promo,Краснодар,1
2026-01-15,Промостатья: Моя история 1 / М/Ж 25-54 / интерес_франшиза / рся / #promo,Михайловск,1
2026-01-15,Промостатья: Моя история 1 / М/Ж 25-54 / интерес_франшиза / рся / #promo,Нижний Новгород,1
2026-01-15,Промостатья: Моя история 1 / М/Ж 25-54 / интерес_франшиза / рся / #promo,Ставрополь,1
2026-01-15,Промостатья: Моя история 1 / М/Ж 25-54 / интерес_франшиза / рся / #promo,Череповец,1
2026-01-15,Промостатья: Моя история 1 / М/Ж 25-54 / интерес_франшиза / рся / #promo,Ярославль,1
2026-01-15,Промостатья: Моя история 1 | Цена перехода | Ж25-54,Липецк,1
2026-01-16,Промостатья: Моя история 1 / М/Ж 25-54 / интерес_франшиза / рся / #promo,Нефтеюганск,1
2026-01-16,Промостатья: Моя история 1 / М/Ж 25-54 / интерес_франшиза / рся / #promo,Нижний Новгород,1
2026-01-16,Промостатья: Моя история 1 / М/Ж 25-54 / интерес_франшиза / рся / #promo,Новосибирск,1
2026-01-16,Промостатья: Моя история 1 / М/Ж 25-54 / интерес_франшиза / рся / #promo,Омск,1
2026-01-16,Промостатья: Моя история 1 / М/Ж 25-54 / интерес_франшиза / рся / #promo,Оренбург,1
2026-01-16,Промостатья: Моя история 1 / М/Ж 25-54 / интерес_франшиза / рся / #promo,Пенза,1
2026-01-16,Промостатья: Моя история 1 / М/Ж 25-54 / интерес_франшиза / рся / #promo,Санкт-Петербург,1
2026-01-16,Промостатья: Моя история 1 / М/Ж 25-54 / интерес_франшиза / рся / #promo,Саратов,1
2026-01-16,Промостатья: Моя история 1 / М/Ж 25-54 / интерес_франшиза / рся / #promo,Уфа,1
2026-01-16,Промостатья: Моя история 1 / М/Ж 25-54 / интерес_франшиза / рся / #promo,Ярославль,1
2026-01-16,Промостатья: Моя история 1 | Цена перехода | Ж25-54,Грязи,1
2026-01-16,Промостатья: рынок и тренды 1 / М/Ж25-54 / интерес_франшиза / рся / #promo / 2512-1,Не определено,1
2026-01-17,Промостатья: рынок и тренды 1 / М/Ж25-54 / интерес_открытие бизнеса / рся / #promo / 2512-1,Не определено,1
2026-01-17,Промостатья: рынок и тренды 1 / М/Ж25-54 / интерес_открытие бизнеса / рся / #promo / 2512-1,Москва,1
2026-01-17,Промостатья: рынок и тренды 1 / М/Ж25-54 / интерес_франшиза / рся / #promo / 2512-1,Владимир,1
2026-01-17,Промостатья: рынок и тренды 1 / М/Ж25-54 / интерес_франшиза / рся / #promo / 2512-1,Нижний Новгород,1
2026-01-18,Промостатья: рынок и тренды 1 / М/Ж25-54 / интерес_открытие бизнеса / рся / #promo / 2512-1,Не определено,1
2026-01-19,Промостатья: Моя история 1 | Цена перехода | Ж25-54,Липецк,1
2026-01-19,Промостатья: рынок и тренды 1 / М/Ж25-54 / интерес_открытие бизнеса / рся / #promo / 2512-1,Не определено,1
2026-01-19,Промостатья: рынок и тренды 1 / М/Ж25-54 / интерес_открытие бизнеса / рся / #promo / 2512-1,Казань,1
2026-01-20,Промостатья: Моя история 1 | Цена перехода | Ж25-54,Липецк,1
2026-01-20,Промостатья: рынок и тренды 1 / М/Ж25-54 / интерес_открытие бизнеса / рся / #promo / 2512-1,Не определено,1
2026-01-21,Промостатья: Моя история 1 | Цена перехода | Ж25-54,Липецк,1
2026-01-21,Промостатья: рынок и тренды 1 / М/Ж25-54 / интерес_открытие бизнеса / рся / #promo / 2512-1,Не определено,1
2026-01-21,Промостатья: рынок и тренды 1 / М/Ж25-54 / интерес_открытие бизнеса / рся / #promo / 2512-1,Киров,1
2026-01-22,Промостатья: Моя история 1 | Цена перехода | Ж25-54,Липецк,1
2026-01-23,Промостатья: Моя история 1 | Цена перехода | Ж25-54,Липецк,1
2026-01-23,Промостатья: рынок и тренды 1 / М/Ж25-54 / интерес_открытие бизнеса / рся / #promo / 2512-1,Не определено,1
2026-01-23,Промостатья: рынок и тренды 1 / М/Ж25-54 / интерес_франшиза / рся / #promo / 2512-1,Воронеж,1
2026-01-24,Промостатья: Моя история 1 / Ж 25-54 / интерес_франшиза / рся / #dzen,Не определено,1
2026-01-24,Промостатья: Моя история 1 / Ж 25-54 / интерес_франшиза / рся / #dzen,Берёзовский,1
2026-01-24,Промостатья: Моя история 1 / Ж 25-54 / интерес_франшиза / рся / #dzen,Краснодар,1
2026-01-24,Промостатья: Моя история 1 / Ж 25-54 / интерес_франшиза / рся / #dzen,Ростов-на-Дону,1
2026-01-24,Промостатья: Моя история 1 / Ж 25-54 / интерес_франшиза / рся / #dzen,Самара,1
2026-01-24,Промостатья: Моя история 1 / Ж 25-54 / интерес_франшиза / рся / #dzen,Сочи,1
2026-01-24,Промостатья: Моя история 1 / Ж 25-54 / интерес_франшиза / рся / #dzen,Ставрополь,1
2026-01-24,Промостатья: Моя история 1 / Ж 25-54 / интерес_франшиза / рся / #dzen,Ульяновск,1
2026-01-25,Промостатья: Моя история 1 / Ж 25-54 / интерес_франшиза / рся / #dzen,Екатеринбург,1
2026-01-25,Промостатья: Моя история 1 / Ж 25-54 / интерес_франшиза / рся / #dzen,Железногорск,1
2026-01-25,Промостатья: Моя история 1 / Ж 25-54 / интерес_франшиза / рся / #dzen,Иркутск,1
2026-01-25,Промостатья: Моя история 1 / Ж 25-54 / интерес_франшиза / рся / #dzen,Красноярск,1
2026-01-25,Промостатья: Моя история 1 / Ж 25-54 / интерес_франшиза / рся / #dzen,Москва,1
2026-01-25,Промостатья: Моя история 1 / Ж 25-54 / интерес_франшиза / рся / #dzen,Самара,1
2026-01-25,Промостатья: Моя история 1 / Ж 25-54 / интерес_франшиза / рся / #dzen,Саратов,1
2026-01-25,Промостатья: Моя история 1 / Ж 25-54 / интерес_франшиза / рся / #dzen,Учалы,1
2026-01-26,Промостатья: Моя история 1 / Ж 25-54 / интерес_франшиза / рся / #dzen,Благовещенск,1
2026-01-26,Промостатья: Моя история 1 / Ж 25-54 / интерес_франшиза / рся / #dzen,Казань,1
2026-01-26,Промостатья: Моя история 1 / Ж 25-54 / интерес_франшиза / рся / #dzen,Краснодар,1
2026-01-26,Промостатья: Моя история 1 / Ж 25-54 / интерес_франшиза / рся / #dzen,Липецк,1
2026-01-26,Промостатья: Моя история 1 / Ж 25-54 / интерес_франшиза / рся / #dzen,Новокузнецк,1
2026-01-26,Промостатья: Моя история 1 / Ж 25-54 / интерес_франшиза / рся / #dzen,Пермь,1
2026-01-26,Промостатья: Моя история 1 / Ж 25-54 / интерес_франшиза / рся / #dzen,Ростов-на-Дону,1
2026-01-26,Промостатья: Моя история 1 / Ж 25-54 / интерес_франшиза / рся / #dzen,Рязань,1
2026-01-26,Промостатья: Моя история 1 / Ж 25-54 / интерес_франшиза / рся / #dzen,Санкт-Петербург,1
2026-01-26,Промостатья: Моя история 1 / Ж 25-54 / интерес_франшиза / рся / #dzen,Тула,1
2026-01-26,Промостатья: Моя история 1 / Ж 25-54 / интерес_франшиза / рся / #dzen,Хотьково,1
2026-01-26,Промостатья: Моя история 1 / Ж 25-54 / интерес_франшиза / рся / #dzen,Челябинск,1
2026-01-26,Промостатья: Моя история 1 | Цена перехода | Ж25-54,Грязи,1
2026-01-26,Промостатья: рынок и тренды 1 / М/Ж25-54 / интерес_открытие бизнеса / рся / #promo / 2512-1,Не определено,1
2026-01-26,Промостатья: рынок и тренды 1 / М/Ж25-54 / интерес_открытие бизнеса / рся / #promo / 2512-1,Нягань,1
2026-01-26,Промостатья: рынок и тренды 1 / М/Ж25-54 / интерес_открытие бизнеса / рся / #promo / 2512-1,Петропавловск-Камчатский,1
2026-01-27,Промостатья: Моя история 1 / Ж 25-54 / интерес_франшиза / рся / #dzen,Брянск,1
2026-01-27,Промостатья: Моя история 1 / Ж 25-54 / интерес_франшиза / рся / #dzen,Владимир,1
2026-01-27,Промостатья: Моя история 1 / Ж 25-54 / интерес_франшиза / рся / #dzen,Волгоград,1
2026-01-27,Промостатья: Моя история 1 / Ж 25-54 / интерес_франшиза / рся / #dzen,Георгиевск,1
2026-01-27,Промостатья: Моя история 1 / Ж 25-54 / интерес_франшиза / рся / #dzen,Десногорск,1
2026-01-27,Промостатья: Моя история 1 / Ж 25-54 / интерес_франшиза / рся / #dzen,Екатеринбург,1
2026-01-27,Промостатья: Моя история 1 / Ж 25-54 / интерес_франшиза / рся / #dzen,Иркутск,1
2026-01-27,Промостатья: Моя история 1 / Ж 25-54 / интерес_франшиза / рся / #dzen,Кемерово,1
2026-01-27,Промостатья: Моя история 1 / Ж 25-54 / интерес_франшиза / рся / #dzen,Курган,1
2026-01-27,Промостатья: Моя история 1 / Ж 25-54 / интерес_франшиза / рся / #dzen,Кызыл,1
2026-01-27,Промостатья: Моя история 1 / Ж 25-54 / интерес_франшиза / рся / #dzen,Люберцы,1
2026-01-27,Промостатья: Моя история 1 / Ж 25-54 / интерес_франшиза / рся / #dzen,Мытищи,1
2026-01-27,Промостатья: Моя история 1 / Ж 25-54 / интерес_франшиза / рся / #dzen,Нижний Новгород,1
2026-01-27,Промостатья: Моя история 1 / Ж 25-54 / интерес_франшиза / рся / #dzen,Новый Уренгой,1
2026-01-27,Промостатья: Моя история 1 / Ж 25-54 / интерес_франшиза / рся / #dzen,Прокопьевск,1
2026-01-27,Промостатья: Моя история 1 / Ж 25-54 / интерес_франшиза / рся / #dzen,Санкт-Петербург,1
2026-01-27,Промостатья: Моя история 1 / Ж 25-54 / интерес_франшиза / рся / #dzen,Саратов,1
2026-01-27,Промостатья: Моя история 1 / Ж 25-54 / интерес_франшиза / рся / #dzen,Стерлитамак,1
2026-01-27,Промостатья: Моя история 1 / Ж 25-54 / интерес_франшиза / рся / #dzen,Томск,1
2026-01-27,Промостатья: Моя история 1 / Ж 25-54 / интерес_франшиза / рся / #dzen,Челябинск,1
2026-01-27,Промостатья: Моя история 1 | Цена перехода | Ж25-54,Липецк,1
2026-01-27,Промостатья: рынок и тренды 1 / М/Ж25-54 / интерес_открытие бизнеса / рся / #promo / 2512-1,Киров,1
2026-01-27,Промостатья: рынок и тренды 1 / М/Ж25-54 / интерес_открытие бизнеса / рся / #promo / 2512-1,Самара,1
2026-01-27,Промостатья: рынок и тренды 1 / М/Ж25-54 / интерес_франшиза / рся / #promo / 2512-1,Ростов-на-Дону,1
2026-01-28,Промостатья: Моя история 1 / Ж 25-54 / интерес_франшиза / рся / #dzen,Абакан,1
2026-01-28,Промостатья: Моя история 1 / Ж 25-54 / интерес_франшиза / рся / #dzen,Астрахань,1
2026-01-28,Промостатья: Моя история 1 / Ж 25-54 / интерес_франшиза / рся / #dzen,Барнаул,1
2026-01-28,Промостатья: Моя история 1 / Ж 25-54 / интерес_франшиза / рся / #dzen,Благовещенск,1
2026-01-28,Промостатья: Моя история 1 / Ж 25-54 / интерес_франшиза / рся / #dzen,Джанкой,1
2026-01-28,Промостатья: Моя история 1 / Ж 25-54 / интерес_франшиза / рся / #dzen,Дзержинск,1
2026-01-28,Промостатья: Моя история 1 / Ж 25-54 / интерес_франшиза / рся / #dzen,Домодедово,1
2026-01-28,Промостатья: Моя история 1 / Ж 25-54 / интерес_франшиза / рся / #dzen,Ижевск,1
2026-01-28,Промостатья: Моя история 1 / Ж 25-54 / интерес_франшиза / рся / #dzen,Комсомольск-на-Амуре,1
2026-01-28,Промостатья: Моя история 1 / Ж 25-54 / интерес_франшиза / рся / #dzen,Кострома,1
2026-01-28,Промостатья: Моя история 1 / Ж 25-54 / интерес_франшиза / рся / #dzen,Муром,1
2026-01-28,Промостатья: Моя история 1 / Ж 25-54 / интерес_франшиза / рся / #dzen,Нальчик,1
2026-01-28,Промостатья: Моя история 1 / Ж 25-54 / интерес_франшиза / рся / #dzen,Новоаннинский,1
2026-01-28,Промостатья: Моя история 1 / Ж 25-54 / интерес_франшиза / рся / #dzen,Новосибирск,1
2026-01-28,Промостатья: Моя история 1 / Ж 25-54 / интерес_франшиза / рся / #dzen,Омск,1
2026-01-28,Промостатья: Моя история 1 / Ж 25-54 / интерес_франшиза / рся / #dzen,Орёл,1
2026-01-28,Промостатья: Моя история 1 / Ж 25-54 / интерес_франшиза / рся / #dzen,Подольск,1
2026-01-28,Промостатья: Моя история 1 / Ж 25-54 / интерес_франшиза / рся / #dzen,Пятигорск,1
2026-01-28,Промостатья: Моя история 1 / Ж 25-54 / интерес_франшиза / рся / #dzen,Саранск,1
2026-01-28,Промостатья: Моя история 1 / Ж 25-54 / интерес_франшиза / рся / #dzen,Севастополь,1
2026-01-28,Промостатья: Моя история 1 / Ж 25-54 / интерес_франшиза / рся / #dzen,Ставрополь,1
2026-01-28,Промостатья: Моя история 1 / Ж 25-54 / интерес_франшиза / рся / #dzen,Сызрань,1
2026-01-28,Промостатья: Моя история 1 / Ж 25-54 / интерес_франшиза / рся / #dzen,Тамбов,1
2026-01-28,Промостатья: Моя история 1 / Ж 25-54 / интерес_франшиза / рся / #dzen,Тверь,1
2026-01-28,Промостатья: Моя история 1 / Ж 25-54 / интерес_франшиза / рся / #dzen,Томск,1
2026-01-28,Промостатья: Моя история 1 / Ж 25-54 / интерес_франшиза / рся / #dzen,Ульяновск,1
2026-01-28,Промостатья: Моя история 1 / Ж 25-54 / интерес_франшиза / рся / #dzen,Химки,1
2026-01-28,Промостатья: Моя история 1 / Ж 25-54 / интерес_франшиза / рся / #dzen,Череповец,1
2026-01-28,Промостатья: рынок и тренды 1 / М/Ж25-54 / интерес_открытие бизнеса / рся / #promo / 2512-1,Калуга,1
2026-01-28,Промостатья: рынок и тренды 1 / М/Ж25-54 / интерес_открытие бизнеса / рся / #promo / 2512-1,Саратов,1
2026-01-28,Промостатья: рынок и тренды 1 / М/Ж25-54 / интерес_открытие бизнеса / рся / #promo / 2512-1,Тула,1
2026-01-28,Промостатья: рынок и тренды 1 / М/Ж25-54 / интерес_франшиза / рся / #promo / 2512-1,Владимир,1
2026-01-28,Промостатья: рынок и тренды 1 / М/Ж25-54 / интерес_франшиза / рся / #promo / 2512-1,Сургут,1
2026-01-29,Промостатья: Моя история 1 / Ж 25-54 / интерес_франшиза / рся / #dzen,Астрахань,1
2026-01-29,Промостатья: Моя история 1 / Ж 25-54 / интерес_франшиза / рся / #dzen,Барнаул,1
2026-01-29,Промостатья: Моя история 1 / Ж 25-54 / интерес_франшиза / рся / #dzen,Белорецк,1
2026-01-29,Промостатья: Моя история 1 / Ж 25-54 / интерес_франшиза / рся / #dzen,Бийск,1
2026-01-29,Промостатья: Моя история 1 / Ж 25-54 / интерес_франшиза / рся / #dzen,Владимир,1
2026-01-29,Промостатья: Моя история 1 / Ж 25-54 / интерес_франшиза / рся / #dzen,Волжский,1
2026-01-29,Промостатья: Моя история 1 / Ж 25-54 / интерес_франшиза / рся / #dzen,Вытегра,1
2026-01-29,Промостатья: Моя история 1 / Ж 25-54 / интерес_франшиза / рся / #dzen,Гурьевск,1
2026-01-29,Промостатья: Моя история 1 / Ж 25-54 / интерес_франшиза / рся / #dzen,Дзержинский,1
2026-01-29,Промостатья: Моя история 1 / Ж 25-54 / интерес_франшиза / рся / #dzen,Иркутск,1
2026-01-29,Промостатья: Моя история 1 / Ж 25-54 / интерес_франшиза / рся / #dzen,Казань,1
2026-01-29,Промостатья: Моя история 1 / Ж 25-54 / интерес_франшиза / рся / #dzen,Кизляр,1
2026-01-29,Промостатья: Моя история 1 / Ж 25-54 / интерес_франшиза / рся / #dzen,Краснодар,1
2026-01-29,Промостатья: Моя история 1 / Ж 25-54 / интерес_франшиза / рся / #dzen,Красноярск,1
2026-01-29,Промостатья: Моя история 1 / Ж 25-54 / интерес_франшиза / рся / #dzen,Красный Сулин,1
2026-01-29,Промостатья: Моя история 1 / Ж 25-54 / интерес_франшиза / рся / #dzen,Липецк,1
2026-01-29,Промостатья: Моя история 1 / Ж 25-54 / интерес_франшиза / рся / #dzen,Междуреченск,1
2026-01-29,Промостатья: Моя история 1 / Ж 25-54 / интерес_франшиза / рся / #dzen,Мурино,1
2026-01-29,Промостатья: Моя история 1 / Ж 25-54 / интерес_франшиза / рся / #dzen,Наро-Фоминск,1
2026-01-29,Промостатья: Моя история 1 / Ж 25-54 / интерес_франшиза / рся / #dzen,Нижний Новгород,1
2026-01-29,Промостатья: Моя история 1 / Ж 25-54 / интерес_франшиза / рся / #dzen,Новосибирск,1
2026-01-29,Промостатья: Моя история 1 / Ж 25-54 / интерес_франшиза / рся / #dzen,Октябрьский,1
2026-01-29,Промостатья: Моя история 1 / Ж 25-54 / интерес_франшиза / рся / #dzen,Омск,1
2026-01-29,Промостатья: Моя история 1 / Ж 25-54 / интерес_франшиза / рся / #dzen,Севастополь,1
2026-01-29,Промостатья: Моя история 1 / Ж 25-54 / интерес_франшиза / рся / #dzen,Сертолово,1
2026-01-29,Промостатья: Моя история 1 / Ж 25-54 / интерес_франшиза / рся / #dzen,Симферополь,1
2026-01-29,Промостатья: Моя история 1 / Ж 25-54 / интерес_франшиза / рся / #dzen,Смоленск,1
2026-01-29,Промостатья: Моя история 1 / Ж 25-54 / интерес_франшиза / рся / #dzen,Сургут,1
2026-01-29,Промостатья: Моя история 1 / Ж 25-54 / интерес_франшиза / рся / #dzen,Тюмень,1
2026-01-29,Промостатья: Моя история 1 / Ж 25-54 / интерес_франшиза / рся / #dzen,Хабаровск,1
2026-01-29,Промостатья: Моя история 1 / Ж 25-54 / интерес_франшиза / рся / #dzen,Челябинск,1
2026-01-29,Промостатья: Моя история 1 | Цена перехода | Ж25-54,Липецк,1
2026-01-30,Промостатья: Моя история 1 / Ж 25-54 / интерес_франшиза / рся / #dzen,Абакан,1
2026-01-30,Промостатья: Моя история 1 / Ж 25-54 / интерес_франшиза / рся / #dzen,Барнаул,1
2026-01-30,Промостатья: Моя история 1 / Ж 25-54 / интерес_франшиза / рся / #dzen,Белово,1
2026-01-30,Промостатья: Моя история 1 / Ж 25-54 / интерес_франшиза / рся / #dzen,Борисоглебск,1
2026-01-30,Промостатья: Моя история 1 / Ж 25-54 / интерес_франшиза / рся / #dzen,Владимир,1
2026-01-30,Промостатья: Моя история 1 / Ж 25-54 / интерес_франшиза / рся / #dzen,Волгоград,1
2026-01-30,Промостатья: Моя история 1 / Ж 25-54 / интерес_франшиза / рся / #dzen,Вологда,1
2026-01-30,Промостатья: Моя история 1 / Ж 25-54 / интерес_франшиза / рся / #dzen,Горно-Алтайск,1
2026-01-30,Промостатья: Моя история 1 / Ж 25-54 / интерес_франшиза / рся / #dzen,Железногорск,1
2026-01-30,Промостатья: Моя история 1 / Ж 25-54 / интерес_франшиза / рся / #dzen,Краснодар,1
2026-01-30,Промостатья: Моя история 1 / Ж 25-54 / интерес_франшиза / рся / #dzen,Красноярск,1
2026-01-30,Промостатья: Моя история 1 / Ж 25-54 / интерес_франшиза / рся / #dzen,Липецк,1
2026-01-30,Промостатья: Моя история 1 / Ж 25-54 / интерес_франшиза / рся / #dzen,Пенза,1
2026-01-30,Промостатья: Моя история 1 / Ж 25-54 / интерес_франшиза / рся / #dzen,Петропавловск-Камчатский,1
2026-01-30,Промостатья: Моя история 1 / Ж 25-54 / интерес_франшиза / рся / #dzen,Ростов-на-Дону,1
2026-01-30,Промостатья: Моя история 1 / Ж 25-54 / интерес_франшиза / рся / #dzen,Санкт-Петербург,1
2026-01-30,Промостатья: Моя история 1 / Ж 25-54 / интерес_франшиза / рся / #dzen,Сочи,1
2026-01-30,Промостатья: Моя история 1 / Ж 25-54 / интерес_франшиза / рся / #dzen,Тольятти,1
2026-01-30,Промостатья: Моя история 1 / Ж 25-54 / интерес_франшиза / рся / #dzen,Энгельс,1
2026-01-30,Промостатья: Моя история 1 | Цена перехода | Ж25-54,Липецк,1
2026-01-30,Промостатья: рынок и тренды 1 / М/Ж25-54 / интерес_открытие бизнеса / рся / #promo / 2512-1,Санкт-Петербург,1
2026-01-31,Промостатья: Моя история 1 / Ж 25-54 / интерес_франшиза / рся / #dzen,Всеволожск,1
2026-01-31,Промостатья: Моя история 1 / Ж 25-54 / интерес_франшиза / рся / #dzen,Заречный,1
2026-01-31,Промостатья: Моя история 1 / Ж 25-54 / интерес_франшиза / рся / #dzen,Иваново,1
2026-01-31,Промостатья: Моя история 1 / Ж 25-54 / интерес_франшиза / рся / #dzen,Казань,1
2026-01-31,Промостатья: Моя история 1 / Ж 25-54 / интерес_франшиза / рся / #dzen,Кемерово,1
2026-01-31,Промостатья: Моя история 1 / Ж 25-54 / интерес_франшиза / рся / #dzen,Ковров,1
2026-01-31,Промостатья: Моя история 1 / Ж 25-54 / интерес_франшиза / рся / #dzen,Мурино,1
2026-01-31,Промостатья: Моя история 1 / Ж 25-54 / интерес_франшиза / рся / #dzen,Мурманск,1
2026-01-31,Промостатья: Моя история 1 / Ж 25-54 / интерес_франшиза / рся / #dzen,Новосибирск,1
2026-01-31,Промостатья: Моя история 1 / Ж 25-54 / интерес_франшиза / рся / #dzen,Одинцово,1
2026-01-31,Промостатья: Моя история 1 / Ж 25-54 / интерес_франшиза / рся / #dzen,Омск,1
2026-01-31,Промостатья: Моя история 1 / Ж 25-54 / интерес_франшиза / рся / #dzen,Петрозаводск,1
2026-01-31,Промостатья: Моя история 1 / Ж 25-54 / интерес_франшиза / рся / #dzen,Ростов-на-Дону,1
2026-01-31,Промостатья: Моя история 1 / Ж 25-54 / интерес_франшиза / рся / #dzen,Самара,1
2026-01-31,Промостатья: Моя история 1 / Ж 25-54 / интерес_франшиза / рся / #dzen,Саратов,1
2026-01-31,Промостатья: Моя история 1 / Ж 25-54 / интерес_франшиза / рся / #dzen,Ставрополь,1
2026-01-31,Промостатья: Моя история 1 / Ж 25-54 / интерес_франшиза / рся / #dzen,Тамбов,1
2026-01-31,Промостатья: Моя история 1 / Ж 25-54 / интерес_франшиза / рся / #dzen,Тверь,1
2026-01-31,Промостатья: Моя история 1 / Ж 25-54 / интерес_франшиза / рся / #dzen,Улан-Удэ,1
2026-01-31,Промостатья: Моя история 1 / Ж 25-54 / интерес_франшиза / рся / #dzen,Ульяновск,1
2026-02-01,Промостатья: Моя история 1 / Ж 25-54 / интерес_франшиза / рся / #dzen,Абакан,1
2026-02-01,Промостатья: Моя история 1 / Ж 25-54 / интерес_франшиза / рся / #dzen,Евпатория,1
2026-02-01,Промостатья: Моя история 1 / Ж 25-54 / интерес_франшиза / рся / #dzen,Ижевск,1
2026-02-01,Промостатья: Моя история 1 / Ж 25-54 / интерес_франшиза / рся / #dzen,Казань,1
2026-02-01,Промостатья: Моя история 1 / Ж 25-54 / интерес_франшиза / рся / #dzen,Красноярск,1
2026-02-01,Промостатья: Моя история 1 / Ж 25-54 / интерес_франшиза / рся / #dzen,Кстово,1
2026-02-01,Промостатья: Моя история 1 / Ж 25-54 / интерес_франшиза / рся / #dzen,Липецк,1
2026-02-01,Промостатья: Моя история 1 / Ж 25-54 / интерес_франшиза / рся / #dzen,Муром,1
2026-02-01,Промостатья: Моя история 1 / Ж 25-54 / интерес_франшиза / рся / #dzen,Орёл,1
2026-02-01,Промостатья: Моя история 1 / Ж 25-54 / интерес_франшиза / рся / #dzen,Пермь,1
2026-02-01,Промостатья: Моя история 1 / Ж 25-54 / интерес_франшиза / рся / #dzen,Рязань,1
2026-02-01,Промостатья: Моя история 1 / Ж 25-54 / интерес_франшиза / рся / #dzen,Севастополь,1
2026-02-01,Промостатья: Моя история 1 / Ж 25-54 / интерес_франшиза / рся / #dzen,Старый Оскол,1
2026-02-01,Промостатья: Моя история 1 / Ж 25-54 / интерес_франшиза / рся / #dzen,Туапсе,1
2026-02-01,Промостатья: Моя история 1 / Ж 25-54 / интерес_франшиза / рся / #dzen,Ухта,1
2026-02-01,Промостатья: Моя история 1 / Ж 25-54 / интерес_франшиза / рся / #dzen,Чебоксары,1
2026-02-01,Промостатья: Моя история 1 / Ж 25-54 / интерес_франшиза / рся / #dzen,Якутск,1
2026-02-01,Промостатья: рынок и тренды 1 / М/Ж25-54 / интерес_франшиза / рся / #promo / 2512-1,Не определено,1
2026-02-02,Промостатья: Моя история 1 / Ж 25-54 / интерес_франшиза / рся / #dzen,Белгород,1
2026-02-02,Промостатья: Моя история 1 / Ж 25-54 / интерес_франшиза / рся / #dzen,Брянск,1
2026-02-02,Промостатья: Моя история 1 / Ж 25-54 / интерес_франшиза / рся / #dzen,Долгопрудный,1
2026-02-02,Промостатья: Моя история 1 / Ж 25-54 / интерес_франшиза / рся / #dzen,Ивантеевка,1
2026-02-02,Промостатья: Моя история 1 / Ж 25-54 / интерес_франшиза / рся / #dzen,Калининград,1
2026-02-02,Промостатья: Моя история 1 / Ж 25-54 / интерес_франшиза / рся / #dzen,Кемерово,1
2026-02-02,Промостатья: Моя история 1 / Ж 25-54 / интерес_франшиза / рся / #dzen,Набережные Челны,1
2026-02-02,Промостатья: Моя история 1 / Ж 25-54 / интерес_франшиза / рся / #dzen,Норильск,1
2026-02-02,Промостатья: Моя история 1 / Ж 25-54 / интерес_франшиза / рся / #dzen,Ростов-на-Дону,1
2026-02-02,Промостатья: Моя история 1 / Ж 25-54 / интерес_франшиза / рся / #dzen,Севастополь,1
2026-02-02,Промостатья: Моя история 1 / Ж 25-54 / интерес_франшиза / рся / #dzen,Ставрополь,1
2026-02-02,Промостатья: Моя история 1 / Ж 25-54 / интерес_франшиза / рся / #dzen,Тверь,1
2026-02-02,Промостатья: Моя история 1 / Ж 25-54 / интерес_франшиза / рся / #dzen,Тольятти,1
2026-02-02,Промостатья: Моя история 1 / Ж 25-54 / интерес_франшиза / рся / #dzen,Уфа,1
2026-02-02,Промостатья: Моя история 1 / Ж 25-54 / интерес_франшиза / рся / #dzen,Чебоксары,1
2026-02-02,Промостатья: Моя история 1 | Цена перехода | Ж25-54,Липецк,1
2026-02-03,Промостатья: Моя история 1 / Ж 25-54 / интерес_франшиза / рся / #dzen,Абакан,1
2026-02-03,Промостатья: Моя история 1 / Ж 25-54 / интерес_франшиза / рся / #dzen,Александров,1
2026-02-03,Промостатья: Моя история 1 / Ж 25-54 / интерес_франшиза / рся / #dzen,Берлин,1
2026-02-03,Промостатья: Моя история 1 / Ж 25-54 / интерес_франшиза / рся / #dzen,Брянск,1
2026-02-03,Промостатья: Моя история 1 / Ж 25-54 / интерес_франшиза / рся / #dzen,Владивосток,1
2026-02-03,Промостатья: Моя история 1 / Ж 25-54 / интерес_франшиза / рся / #dzen,Волгоград,1
2026-02-03,Промостатья: Моя история 1 / Ж 25-54 / интерес_франшиза / рся / #dzen,Губкин,1
2026-02-03,Промостатья: Моя история 1 / Ж 25-54 / интерес_франшиза / рся / #dzen,Иркутск,1
2026-02-03,Промостатья: Моя история 1 / Ж 25-54 / интерес_франшиза / рся / #dzen,Йошкар-Ола,1
2026-02-03,Промостатья: Моя история 1 / Ж 25-54 / интерес_франшиза / рся / #dzen,Краснодар,1
2026-02-03,Промостатья: Моя история 1 / Ж 25-54 / интерес_франшиза / рся / #dzen,Набережные Челны,1
2026-02-03,Промостатья: Моя история 1 / Ж 25-54 / интерес_франшиза / рся / #dzen,Ростов-на-Дону,1
2026-02-03,Промостатья: Моя история 1 / Ж 25-54 / интерес_франшиза / рся / #dzen,Самара,1
2026-02-03,Промостатья: Моя история 1 / Ж 25-54 / интерес_франшиза / рся / #dzen,Сарапул,1
2026-02-03,Промостатья: Моя история 1 / Ж 25-54 / интерес_франшиза / рся / #dzen,Саратов,1
2026-02-03,Промостатья: Моя история 1 / Ж 25-54 / интерес_франшиза / рся / #dzen,Смоленск,1
2026-02-03,Промостатья: Моя история 1 / Ж 25-54 / интерес_франшиза / рся / #dzen,Ставрополь,1
2026-02-03,Промостатья: Моя история 1 / Ж 25-54 / интерес_франшиза / рся / #dzen,Старый Оскол,1
2026-02-03,Промостатья: Моя история 1 / Ж 25-54 / интерес_франшиза / рся / #dzen,Уфа,1
2026-02-03,Промостатья: Моя история 1 / Ж 25-54 / интерес_франшиза / рся / #dzen,Щёлково,1
2026-02-03,Промостатья: Моя история 1 | Цена перехода | Ж25-54,Липецк,1
2026-02-04,Промостатья: Моя история 1 / Ж 25-54 / интерес_франшиза / рся / #dzen,Киров,1
2026-02-04,Промостатья: Моя история 1 / Ж 25-54 / интерес_франшиза / рся / #dzen,Петропавловск-Камчатский,1
2026-02-04,Промостатья: Моя история 1 / Ж 25-54 / интерес_франшиза / рся / #dzen,Санкт-Петербург,1
2026-02-04,Промостатья: Моя история 1 / Ж 25-54 / интерес_франшиза / рся / #dzen,Томск,1
2026-02-05,Промостатья: Моя история 1 / Ж 25-54 / интерес_франшиза / рся / #dzen,Не определено,1
2026-02-05,Промостатья: Моя история 1 / Ж 25-54 / интерес_франшиза / рся / #dzen,Ковров,1
2026-02-05,Промостатья: Моя история 1 / Ж 25-54 / интерес_франшиза / рся / #dzen,Самара,1
2026-02-05,Промостатья: Моя история 1 | Цена перехода | Ж25-54,Липецк,1
2026-02-05,Промостатья: рынок и тренды 1 / М/Ж25-54 / интерес_франшиза / рся / #promo / 2512-1,Санкт-Петербург,1
2026-02-06,Промостатья: Моя история 1 / Ж 25-54 / интерес_франшиза / рся / #dzen,Москва,1
2026-02-06,Промостатья: Моя история 1 | Цена перехода | Ж25-54,Липецк,1
2026-02-06,Промостатья: рынок и тренды 1 / М/Ж25-54 / интерес_франшиза / рся / #promo / 2512-1,Москва,1
2026-02-07,Промостатья: Моя история 1 / Ж 25-54 / интерес_франшиза / рся / #dzen,Краснодар,1
2026-02-08,Промостатья: Моя история 1 / Ж 25-54 / интерес_франшиза / рся / #dzen,Не определено,1
2026-02-08,Промостатья: Моя история 1 / Ж 25-54 / интерес_франшиза / рся / #dzen,Йошкар-Ола,1
2026-02-08,Промостатья: Моя история 1 / Ж 25-54 / интерес_франшиза / рся / #dzen,Москва,1
2026-02-09,Промостатья: Моя история 1 / Ж 25-54 / интерес_франшиза / рся / #dzen,Арзамас,1
2026-02-09,Промостатья: Моя история 1 / Ж 25-54 / интерес_франшиза / рся / #dzen,Москва,1
2026-02-09,Промостатья: Моя история 1 / Ж 25-54 / интерес_франшиза / рся / #dzen,Новокузнецк,1
2026-02-09,Промостатья: Моя история 1 / Ж 25-54 / интерес_франшиза / рся / #dzen,Самара,1
2026-02-09,Промостатья: Моя история 1 / Ж 25-54 / интерес_франшиза / рся / #dzen,Энгельс,1
2026-02-09,Промостатья: рынок и тренды 1 / М/Ж25-54 / интерес_открытие бизнеса / рся / #promo / 2512-1,Ставрополь,1
2026-02-09,Промостатья: рынок и тренды 1 / М/Ж25-54 / интерес_франшиза / рся / #promo / 2512-1,Не определено,1
2026-02-09,Промостатья: рынок и тренды 1 / М/Ж25-54 / интерес_франшиза / рся / #promo / 2512-1,Самара,1
2026-02-10,Промостатья: Моя история 1 / Ж 25-54 / интерес_франшиза / рся / #dzen,Новосибирск,1
2026-02-10,Промостатья: Моя история 1 | Цена перехода | Ж25-54,Липецк,1
2026-02-10,Промостатья: рынок и тренды 1 / М/Ж25-54 / интерес_открытие бизнеса / рся / #promo / 2512-1,Краснодар,1
2026-02-10,Промостатья: рынок и тренды 1 / М/Ж25-54 / интерес_франшиза / рся / #promo / 2512-1,Киров,1
2026-02-11,Промостатья: Моя история 1 | Цена перехода | Ж25-54,Липецк,1
2026-02-11,Промостатья: рынок и тренды 1 / М/Ж25-54 / интерес_открытие бизнеса / рся / #promo / 2512-1,Батайск,1
2026-02-11,Промостатья: рынок и тренды 1 / М/Ж25-54 / интерес_открытие бизнеса / рся / #promo / 2512-1,Ростов-на-Дону,1
2026-02-11,Промостатья: рынок и тренды 1 / М/Ж25-54 / интерес_франшиза / рся / #promo / 2512-1,Челябинск,1
2026-02-12,Промостатья: Моя история 1 / Ж 25-54 / интерес_франшиза / рся / #dzen,Воронеж,1
2026-02-12,Промостатья: Моя история 1 / Ж 25-54 / интерес_франшиза / рся / #dzen,Кострома,1
2026-02-12,Промостатья: Моя история 1 / Ж 25-54 / интерес_франшиза / рся / #dzen,Рязань,1
2026-02-12,Промостатья: Моя история 1 / Ж 25-54 / интерес_франшиза / рся / #dzen,Тула,1
2026-02-12,Промостатья: Моя история 1 | Цена перехода | Ж25-54,Липецк,1
2026-02-12,Промостатья: рынок и тренды 1 / М/Ж25-54 / интерес_открытие бизнеса / рся / #promo / 2512-1,Киров,1
2026-02-12,Промостатья: рынок и тренды 1 / М/Ж25-54 / интерес_открытие бизнеса / рся / #promo / 2512-1,Южно-Сахалинск,1
2026-02-12,Промостатья: рынок и тренды 1 / М/Ж25-54 / интерес_франшиза / рся / #promo / 2512-1,Барнаул,1
2026-02-13,Промостатья: Моя история 1 / Ж 25-54 / интерес_франшиза / рся / #dzen,Воронеж,1
2026-02-13,Промостатья: Моя история 1 / Ж 25-54 / интерес_франшиза / рся / #dzen,Котельники,1
2026-02-13,Промостатья: Моя история 1 | Цена перехода | Ж25-54,Липецк,1
2026-02-13,Промостатья: рынок и тренды 1 / М/Ж25-54 / интерес_открытие бизнеса / рся / #promo / 2512-1,Не определено,1
2026-02-14,Промостатья: Моя история 1 / Ж 25-54 / интерес_франшиза / рся / #dzen,Санкт-Петербург,1
2026-02-14,Промостатья: рынок и тренды 1 / М/Ж25-54 / интерес_открытие бизнеса / рся / #promo / 2512-1,Евпатория,1
2026-02-14,Промостатья: рынок и тренды 1 / М/Ж25-54 / интерес_открытие бизнеса / рся / #promo / 2512-1,Иркутск,1
2026-02-15,Промостатья: Моя история 1 / Ж 25-54 / интерес_франшиза / рся / #dzen,Ставрополь,1
2026-02-16,Промостатья: Моя история 1 / Ж 25-54 / интерес_франшиза / рся / #dzen,Не определено,1
2026-02-16,Промостатья: Моя история 1 | Цена перехода | Ж25-54,Липецк,1
2026-02-16,Промостатья: рынок и тренды 1 / М/Ж25-54 / интерес_открытие бизнеса / рся / #promo / 2512-1,Уфа,1
2026-02-17,Промостатья: Моя история 1 / Ж 25-54 / интерес_франшиза / рся / #dzen,Новосибирск,1
2026-02-17,Промостатья: Моя история 1 / Ж 25-54 / интерес_франшиза / рся / #dzen,Новочеркасск,1
2026-02-17,Промостатья: Моя история 1 / Ж 25-54 / интерес_франшиза / рся / #dzen,Омск,1
2026-02-17,Промостатья: Моя история 1 / Ж 25-54 / интерес_франшиза / рся / #dzen,Ставрополь,1
2026-02-17,Промостатья: Моя история 1 / Ж 25-54 / интерес_франшиза / рся / #dzen,Якутск,1
2026-02-17,Промостатья: Моя история 1 | Цена перехода | Ж25-54,Липецк,1
2026-02-17,Промостатья: рынок и тренды 1 / М/Ж25-54 / интерес_открытие бизнеса / рся / #promo / 2512-1,Гусь-Хрустальный,1
2026-02-17,Промостатья: рынок и тренды 1 / М/Ж25-54 / интерес_открытие бизнеса / рся / #promo / 2512-1,Нижний Новгород,1
2026-02-18,Промостатья: Моя история 1 / Ж 25-54 / интерес_франшиза / рся / #dzen,Ставрополь,1
2026-02-18,Промостатья: Моя история 1 | Цена перехода | Ж25-54,Липецк,1
2026-02-19,Промостатья: Моя история 1 | Цена перехода | Ж25-54,Липецк,1
2026-02-20,Промостатья: рынок и тренды 1 / М/Ж25-54 / интерес_открытие бизнеса / рся / #promo / 2512-1 (копия),Владимир,1
2026-02-20,Промостатья: рынок и тренды 1 / М/Ж25-54 / интерес_франшиза / рся / #promo / 2512-1,Москва,1
2026-02-25,Промостатья: Моя история 1 / Ж 25-54 / интерес_франшиза / рся / #dzen / 2602-1,Астрахань,1
2026-02-25,Промостатья: Моя история 1 / Ж 25-54 / интерес_франшиза / рся / #dzen / 2602-1,Батайск,1
2026-02-25,Промостатья: Моя история 1 / Ж 25-54 / интерес_франшиза / рся / #dzen / 2602-1,Волгоград,1
2026-02-25,Промостатья: Моя история 1 / Ж 25-54 / интерес_франшиза / рся / #dzen / 2602-1,Екатеринбург,1
2026-02-25,Промостатья: Моя история 1 / Ж 25-54 / интерес_франшиза / рся / #dzen / 2602-1,Краснодар,1
2026-02-25,Промостатья: Моя история 1 / Ж 25-54 / интерес_франшиза / рся / #dzen / 2602-1,Курск,1
2026-02-25,Промостатья: Моя история 1 / Ж 25-54 / интерес_франшиза / рся / #dzen / 2602-1,Липецк,1
2026-02-25,Промостатья: Моя история 1 / Ж 25-54 / интерес_франшиза / рся / #dzen / 2602-1,Луховицы,1
2026-02-25,Промостатья: Моя история 1 / Ж 25-54 / интерес_франшиза / рся / #dzen / 2602-1,Нефтекамск,1
2026-02-25,Промостатья: Моя история 1 / Ж 25-54 / интерес_франшиза / рся / #dzen / 2602-1,Новотроицк,1
2026-02-25,Промостатья: Моя история 1 / Ж 25-54 / интерес_франшиза / рся / #dzen / 2602-1,Омск,1
2026-02-25,Промостатья: Моя история 1 / Ж 25-54 / интерес_франшиза / рся / #dzen / 2602-1,Пенза,1
2026-02-25,Промостатья: Моя история 1 / Ж 25-54 / интерес_франшиза / рся / #dzen / 2602-1,Рыбинск,1
2026-02-25,Промостатья: Моя история 1 / Ж 25-54 / интерес_франшиза / рся / #dzen / 2602-1,Самара,1
2026-02-25,Промостатья: Моя история 1 / Ж 25-54 / интерес_франшиза / рся / #dzen / 2602-1,Ставрополь,1
2026-02-25,Промостатья: Моя история 1 / Ж 25-54 / интерес_франшиза / рся / #dzen / 2602-1,Тамбов,1
2026-02-25,Промостатья: Моя история 1 / Ж 25-54 / интерес_франшиза / рся / #dzen / 2602-1,Тверь,1
2026-02-25,Промостатья: Моя история 1 / Ж 25-54 / интерес_франшиза / рся / #dzen / 2602-1,Уфа,1
2026-02-25,Промостатья: Моя история 1 / Ж 25-54 / интерес_франшиза / рся / #dzen / 2602-1,Челябинск,1
2026-02-25,Промостатья: Моя история 1 / Ж 25-54 / интерес_франшиза / рся / #dzen / 2602-1,Ярославль,1
2026-02-25,Промостатья: Моя история 1 | Цена перехода | Ж25-54,Липецк,1
2026-02-25,Промостатья: рынок и тренды 1 / М/Ж25-54 / интерес_открытие бизнеса / рся / #promo / 2512-1 (копия),Воронеж,1
2026-02-25,Промостатья: рынок и тренды 1 / М/Ж25-54 / интерес_открытие бизнеса / рся / #promo / 2512-1 (копия),Домодедово,1
2026-02-25,Промостатья: рынок и тренды 1 / М/Ж25-54 / интерес_открытие бизнеса / рся / #promo / 2512-1 (копия),Екатеринбург,1
2026-02-25,Промостатья: рынок и тренды 1 / М/Ж25-54 / интерес_открытие бизнеса / рся / #promo / 2512-1 (копия),Красноярск,1
2026-02-25,Промостатья: рынок и тренды 1 / М/Ж25-54 / интерес_открытие бизнеса / рся / #promo / 2512-1 (копия),Кузнецк,1
2026-02-25,Промостатья: рынок и тренды 1 / М/Ж25-54 / интерес_открытие бизнеса / рся / #promo / 2512-1 (копия),Курган,1
2026-02-25,Промостатья: рынок и тренды 1 / М/Ж25-54 / интерес_открытие бизнеса / рся / #promo / 2512-1 (копия),Москва,1
2026-02-25,Промостатья: рынок и тренды 1 / М/Ж25-54 / интерес_открытие бизнеса / рся / #promo / 2512-1 (копия),Нижний Тагил,1
2026-02-25,Промостатья: рынок и тренды 1 / М/Ж25-54 / интерес_открытие бизнеса / рся / #promo / 2512-1 (копия),Новокузнецк,1
2026-02-25,Промостатья: рынок и тренды 1 / М/Ж25-54 / интерес_открытие бизнеса / рся / #promo / 2512-1 (копия),Омск,1
2026-02-25,Промостатья: рынок и тренды 1 / М/Ж25-54 / интерес_открытие бизнеса / рся / #promo / 2512-1 (копия),Оренбург,1
2026-02-25,Промостатья: рынок и тренды 1 / М/Ж25-54 / интерес_открытие бизнеса / рся / #promo / 2512-1 (копия),Самара,1
2026-02-25,Промостатья: рынок и тренды 1 / М/Ж25-54 / интерес_открытие бизнеса / рся / #promo / 2512-1 (копия),Санкт-Петербург,1
2026-02-25,Промостатья: рынок и тренды 1 / М/Ж25-54 / интерес_открытие бизнеса / рся / #promo / 2512-1 (копия),Саранск,1
2026-02-25,Промостатья: рынок и тренды 1 / М/Ж25-54 / интерес_открытие бизнеса / рся / #promo / 2512-1 (копия),Сасово,1
2026-02-25,Промостатья: рынок и тренды 1 / М/Ж25-54 / интерес_открытие бизнеса / рся / #promo / 2512-1 (копия),Северодвинск,1
2026-02-25,Промостатья: рынок и тренды 1 / М/Ж25-54 / интерес_открытие бизнеса / рся / #promo / 2512-1 (копия),Сургут,1
2026-02-25,Промостатья: рынок и тренды 1 / М/Ж25-54 / интерес_открытие бизнеса / рся / #promo / 2512-1 (копия),Сыктывкар,1
2026-02-25,Промостатья: рынок и тренды 1 / М/Ж25-54 / интерес_открытие бизнеса / рся / #promo / 2512-1 (копия),Тверь,1
2026-02-25,Промостатья: рынок и тренды 1 / М/Ж25-54 / интерес_открытие бизнеса / рся / #promo / 2512-1 (копия),Ялта,1
2026-02-25,Промостатья: рынок и тренды 1 / М/Ж25-54 / интерес_франшиза / рся / #promo / 2512-1,Барнаул,1
2026-02-25,Промостатья: рынок и тренды 1 / М/Ж25-54 / интерес_франшиза / рся / #promo / 2512-1,Великий Устюг,1
2026-02-25,Промостатья: рынок и тренды 1 / М/Ж25-54 / интерес_франшиза / рся / #promo / 2512-1,Вязьма,1
2026-02-25,Промостатья: рынок и тренды 1 / М/Ж25-54 / интерес_франшиза / рся / #promo / 2512-1,Голицыно,1
2026-02-25,Промостатья: рынок и тренды 1 / М/Ж25-54 / интерес_франшиза / рся / #promo / 2512-1,Екатеринбург,1
2026-02-25,Промостатья: рынок и тренды 1 / М/Ж25-54 / интерес_франшиза / рся / #promo / 2512-1,Златоуст,1
2026-02-25,Промостатья: рынок и тренды 1 / М/Ж25-54 / интерес_франшиза / рся / #promo / 2512-1,Ижевск,1
2026-02-25,Промостатья: рынок и тренды 1 / М/Ж25-54 / интерес_франшиза / рся / #promo / 2512-1,Калуга,1
2026-02-25,Промостатья: рынок и тренды 1 / М/Ж25-54 / интерес_франшиза / рся / #promo / 2512-1,Краснодар,1
2026-02-25,Промостатья: рынок и тренды 1 / М/Ж25-54 / интерес_франшиза / рся / #promo / 2512-1,Лобня,1
2026-02-25,Промостатья: рынок и тренды 1 / М/Ж25-54 / интерес_франшиза / рся / #promo / 2512-1,Орёл,1
2026-02-25,Промостатья: рынок и тренды 1 / М/Ж25-54 / интерес_франшиза / рся / #promo / 2512-1,Пенза,1
2026-02-25,Промостатья: рынок и тренды 1 / М/Ж25-54 / интерес_франшиза / рся / #promo / 2512-1,Пермь,1
2026-02-25,Промостатья: рынок и тренды 1 / М/Ж25-54 / интерес_франшиза / рся / #promo / 2512-1,Саратов,1
2026-02-25,Промостатья: рынок и тренды 1 / М/Ж25-54 / интерес_франшиза / рся / #promo / 2512-1,Тверь,1
2026-02-25,Промостатья: рынок и тренды 1 / М/Ж25-54 / интерес_франшиза / рся / #promo / 2512-1,Ульяновск,1
2026-02-25,Промостатья: рынок и тренды 1 / М/Ж25-54 / интерес_франшиза / рся / #promo / 2512-1,Чита,1
2026-02-25,Промостатья: рынок и тренды 1 / М/Ж25-54 / интерес_франшиза / рся / #promo / 2512-1,Южно-Сахалинск,1
2026-02-26,Промостатья: Моя история 1 / Ж 25-54 / интерес_франшиза / рся / #dzen / 2602-1,Алексин,1
2026-02-26,Промостатья: Моя история 1 / Ж 25-54 / интерес_франшиза / рся / #dzen / 2602-1,Армавир,1
2026-02-26,Промостатья: Моя история 1 / Ж 25-54 / интерес_франшиза / рся / #dzen / 2602-1,Владивосток,1
2026-02-26,Промостатья: Моя история 1 / Ж 25-54 / интерес_франшиза / рся / #dzen / 2602-1,Воронеж,1
2026-02-26,Промостатья: Моя история 1 / Ж 25-54 / интерес_франшиза / рся / #dzen / 2602-1,Дзержинск,1
2026-02-26,Промостатья: Моя история 1 / Ж 25-54 / интерес_франшиза / рся / #dzen / 2602-1,Елец,1
2026-02-26,Промостатья: Моя история 1 / Ж 25-54 / интерес_франшиза / рся / #dzen / 2602-1,Йошкар-Ола,1
2026-02-26,Промостатья: Моя история 1 / Ж 25-54 / интерес_франшиза / рся / #dzen / 2602-1,Калуга,1
2026-02-26,Промостатья: Моя история 1 / Ж 25-54 / интерес_франшиза / рся / #dzen / 2602-1,Кемерово,1
2026-02-26,Промостатья: Моя история 1 / Ж 25-54 / интерес_франшиза / рся / #dzen / 2602-1,Кишинев,1
2026-02-26,Промостатья: Моя история 1 / Ж 25-54 / интерес_франшиза / рся / #dzen / 2602-1,Коломна,1
2026-02-26,Промостатья: Моя история 1 / Ж 25-54 / интерес_франшиза / рся / #dzen / 2602-1,Краснодар,1
2026-02-26,Промостатья: Моя история 1 / Ж 25-54 / интерес_франшиза / рся / #dzen / 2602-1,Курск,1
2026-02-26,Промостатья: Моя история 1 / Ж 25-54 / интерес_франшиза / рся / #dzen / 2602-1,Курчатов,1
2026-02-26,Промостатья: Моя история 1 / Ж 25-54 / интерес_франшиза / рся / #dzen / 2602-1,Нестеров,1
2026-02-26,Промостатья: Моя история 1 / Ж 25-54 / интерес_франшиза / рся / #dzen / 2602-1,Новороссийск,1
2026-02-26,Промостатья: Моя история 1 / Ж 25-54 / интерес_франшиза / рся / #dzen / 2602-1,Новоуральск,1
2026-02-26,Промостатья: Моя история 1 / Ж 25-54 / интерес_франшиза / рся / #dzen / 2602-1,Омск,1
2026-02-26,Промостатья: Моя история 1 / Ж 25-54 / интерес_франшиза / рся / #dzen / 2602-1,Оренбург,1
2026-02-26,Промостатья: Моя история 1 / Ж 25-54 / интерес_франшиза / рся / #dzen / 2602-1,Пермь,1
2026-02-26,Промостатья: Моя история 1 / Ж 25-54 / интерес_франшиза / рся / #dzen / 2602-1,Самара,1
2026-02-26,Промостатья: Моя история 1 / Ж 25-54 / интерес_франшиза / рся / #dzen / 2602-1,Саранск,1
2026-02-26,Промостатья: Моя история 1 / Ж 25-54 / интерес_франшиза / рся / #dzen / 2602-1,Тольятти,1
2026-02-26,Промостатья: Моя история 1 / Ж 25-54 / интерес_франшиза / рся / #dzen / 2602-1,Усть-Илимск,1
2026-02-26,Промостатья: Моя история 1 / Ж 25-54 / интерес_франшиза / рся / #dzen / 2602-1,Чита,1
2026-02-26,Промостатья: Моя история 1 | Цена перехода | Ж25-54,Липецк,1
2026-02-26,Промостатья: рынок и тренды 1 / М/Ж25-54 / интерес_открытие бизнеса / рся / #promo / 2512-1 (копия),Великий Новгород,1
2026-02-26,Промостатья: рынок и тренды 1 / М/Ж25-54 / интерес_открытие бизнеса / рся / #promo / 2512-1 (копия),Владивосток,1
2026-02-26,Промостатья: рынок и тренды 1 / М/Ж25-54 / интерес_открытие бизнеса / рся / #promo / 2512-1 (копия),Вольск,1
2026-02-26,Промостатья: рынок и тренды 1 / М/Ж25-54 / интерес_открытие бизнеса / рся / #promo / 2512-1 (копия),Дзержинск,1
2026-02-26,Промостатья: рынок и тренды 1 / М/Ж25-54 / интерес_открытие бизнеса / рся / #promo / 2512-1 (копия),Егорьевск,1
2026-02-26,Промостатья: рынок и тренды 1 / М/Ж25-54 / интерес_открытие бизнеса / рся / #promo / 2512-1 (копия),Екатеринбург,1
2026-02-26,Промостатья: рынок и тренды 1 / М/Ж25-54 / интерес_открытие бизнеса / рся / #promo / 2512-1 (копия),Ижевск,1
2026-02-26,Промостатья: рынок и тренды 1 / М/Ж25-54 / интерес_открытие бизнеса / рся / #promo / 2512-1 (копия),Кисловодск,1
2026-02-26,Промостатья: рынок и тренды 1 / М/Ж25-54 / интерес_открытие бизнеса / рся / #promo / 2512-1 (копия),Ковров,1
2026-02-26,Промостатья: рынок и тренды 1 / М/Ж25-54 / интерес_открытие бизнеса / рся / #promo / 2512-1 (копия),Красноярск,1
2026-02-26,Промостатья: рынок и тренды 1 / М/Ж25-54 / интерес_открытие бизнеса / рся / #promo / 2512-1 (копия),Кыштым,1
2026-02-26,Промостатья: рынок и тренды 1 / М/Ж25-54 / интерес_открытие бизнеса / рся / #promo / 2512-1 (копия),Новосибирск,1
2026-02-26,Промостатья: рынок и тренды 1 / М/Ж25-54 / интерес_открытие бизнеса / рся / #promo / 2512-1 (копия),Обнинск,1
2026-02-26,Промостатья: рынок и тренды 1 / М/Ж25-54 / интерес_открытие бизнеса / рся / #promo / 2512-1 (копия),Оренбург,1
2026-02-26,Промостатья: рынок и тренды 1 / М/Ж25-54 / интерес_открытие бизнеса / рся / #promo / 2512-1 (копия),Пермь,1
2026-02-26,Промостатья: рынок и тренды 1 / М/Ж25-54 / интерес_открытие бизнеса / рся / #promo / 2512-1 (копия),Петрозаводск,1
2026-02-26,Промостатья: рынок и тренды 1 / М/Ж25-54 / интерес_открытие бизнеса / рся / #promo / 2512-1 (копия),Тамбов,1
2026-02-26,Промостатья: рынок и тренды 1 / М/Ж25-54 / интерес_открытие бизнеса / рся / #promo / 2512-1 (копия),Тверь,1
2026-02-26,Промостатья: рынок и тренды 1 / М/Ж25-54 / интерес_открытие бизнеса / рся / #promo / 2512-1 (копия),Энгельс,1
2026-02-26,Промостатья: рынок и тренды 1 / М/Ж25-54 / интерес_франшиза / рся / #promo / 2512-1,Архангельск,1
2026-02-26,Промостатья: рынок и тренды 1 / М/Ж25-54 / интерес_франшиза / рся / #promo / 2512-1,Белгород,1
2026-02-26,Промостатья: рынок и тренды 1 / М/Ж25-54 / интерес_франшиза / рся / #promo / 2512-1,Белоозерский,1
2026-02-26,Промостатья: рынок и тренды 1 / М/Ж25-54 / интерес_франшиза / рся / #promo / 2512-1,Брянск,1
2026-02-26,Промостатья: рынок и тренды 1 / М/Ж25-54 / интерес_франшиза / рся / #promo / 2512-1,Казань,1
2026-02-26,Промостатья: рынок и тренды 1 / М/Ж25-54 / интерес_франшиза / рся / #promo / 2512-1,Краснодар,1
2026-02-26,Промостатья: рынок и тренды 1 / М/Ж25-54 / интерес_франшиза / рся / #promo / 2512-1,Красноярск,1
2026-02-26,Промостатья: рынок и тренды 1 / М/Ж25-54 / интерес_франшиза / рся / #promo / 2512-1,Новокузнецк,1
2026-02-26,Промостатья: рынок и тренды 1 / М/Ж25-54 / интерес_франшиза / рся / #promo / 2512-1,Новосибирск,1
2026-02-26,Промостатья: рынок и тренды 1 / М/Ж25-54 / интерес_франшиза / рся / #promo / 2512-1,Омск,1
2026-02-26,Промостатья: рынок и тренды 1 / М/Ж25-54 / интерес_франшиза / рся / #promo / 2512-1,Пермь,1
2026-02-26,Промостатья: рынок и тренды 1 / М/Ж25-54 / интерес_франшиза / рся / #promo / 2512-1,Самара,1
2026-02-26,Промостатья: рынок и тренды 1 / М/Ж25-54 / интерес_франшиза / рся / #promo / 2512-1,Санкт-Петербург,1
2026-02-26,Промостатья: рынок и тренды 1 / М/Ж25-54 / интерес_франшиза / рся / #promo / 2512-1,Тамбов,1
2026-02-26,Промостатья: рынок и тренды 1 / М/Ж25-54 / интерес_франшиза / рся / #promo / 2512-1,Тула,1
2026-02-27,Промостатья: Моя история 1 / Ж 25-54 / интерес_франшиза / рся / #dzen / 2602-1,Великий Новгород,1
2026-02-27,Промостатья: Моя история 1 / Ж 25-54 / интерес_франшиза / рся / #dzen / 2602-1,Вологда,1
2026-02-27,Промостатья: Моя история 1 / Ж 25-54 / интерес_франшиза / рся / #dzen / 2602-1,Горно-Алтайск,1
2026-02-27,Промостатья: Моя история 1 / Ж 25-54 / интерес_франшиза / рся / #dzen / 2602-1,Екатеринбург,1
2026-02-27,Промостатья: Моя история 1 / Ж 25-54 / интерес_франшиза / рся / #dzen / 2602-1,Ижевск,1
2026-02-27,Промостатья: Моя история 1 / Ж 25-54 / интерес_франшиза / рся / #dzen / 2602-1,Калуга,1
2026-02-27,Промостатья: Моя история 1 / Ж 25-54 / интерес_франшиза / рся / #dzen / 2602-1,Краснодар,1
2026-02-27,Промостатья: Моя история 1 / Ж 25-54 / интерес_франшиза / рся / #dzen / 2602-1,Нижневартовск,1
2026-02-27,Промостатья: Моя история 1 / Ж 25-54 / интерес_франшиза / рся / #dzen / 2602-1,Пермь,1
2026-02-27,Промостатья: Моя история 1 / Ж 25-54 / интерес_франшиза / рся / #dzen / 2602-1,Петрозаводск,1
2026-02-27,Промостатья: Моя история 1 / Ж 25-54 / интерес_франшиза / рся / #dzen / 2602-1,Ростов,1
2026-02-27,Промостатья: Моя история 1 / Ж 25-54 / интерес_франшиза / рся / #dzen / 2602-1,Сокол,1
2026-02-27,Промостатья: Моя история 1 / Ж 25-54 / интерес_франшиза / рся / #dzen / 2602-1,Сосновый Бор,1
2026-02-27,Промостатья: Моя история 1 / Ж 25-54 / интерес_франшиза / рся / #dzen / 2602-1,Ставрополь,1
2026-02-27,Промостатья: Моя история 1 / Ж 25-54 / интерес_франшиза / рся / #dzen / 2602-1,Тула,1
2026-02-27,Промостатья: Моя история 1 / Ж 25-54 / интерес_франшиза / рся / #dzen / 2602-1,Тюмень,1
2026-02-27,Промостатья: Моя история 1 / Ж 25-54 / интерес_франшиза / рся / #dzen / 2602-1,Уфа,1
2026-02-27,Промостатья: Моя история 1 / Ж 25-54 / интерес_франшиза / рся / #dzen / 2602-1,Хабаровск,1
2026-02-27,Промостатья: Моя история 1 / Ж 25-54 / интерес_франшиза / рся / #dzen / 2602-1,Электросталь,1
2026-02-27,Промостатья: Моя история 1 / Ж 25-54 / интерес_франшиза / рся / #dzen / 2602-1,Якутск,1
2026-02-28,Промостатья: Моя история 1 / Ж 25-54 / интерес_франшиза / рся / #dzen,Ставрополь,1
2026-02-28,Промостатья: Моя история 1 / Ж 25-54 / интерес_франшиза / рся / #dzen / 2602-1,Новосибирск,1
2026-03-02,Промостатья: Моя история 1 / Ж 25-54 / интерес_франшиза / рся / #dzen / 2602-1,Ростов-на-Дону,1
2026-03-02,Промостатья: рынок и тренды 1 / М/Ж25-54 / интерес_открытие бизнеса / рся / #promo / 2512-1 (копия),Не определено,1
2026-03-03,Промостатья: Моя история 1 / Ж 25-54 / интерес_франшиза / рся / #dzen,Ставрополь,1
2026-03-09,Промостатья: Моя история 1 / Ж 25-54 / интерес_франшиза / рся / #dzen / 2602-1,Ижевск,1
2026-03-09,Промостатья: Моя история 1 / Ж 25-54 / интерес_франшиза / рся / #dzen / 2602-1,Киров,1
2026-03-09,Промостатья: Моя история 1 / Ж 25-54 / интерес_франшиза / рся / #dzen / 2602-1,Новосибирск,1
2026-03-09,Промостатья: Моя история 1 / Ж 25-54 / интерес_франшиза / рся / #dzen / 2602-1,Тверь,1
2026-03-09,Промостатья: Моя история 1 / Ж 25-54 / интерес_франшиза / рся / #dzen / 2602-1,Тольятти,1
2026-03-09,Промостатья: рынок и тренды 1 / М/Ж25-54 / интерес_открытие бизнеса / рся / #promo / 2512-1 (копия),Видное,1
2026-03-09,Промостатья: рынок и тренды 1 / М/Ж25-54 / интерес_открытие бизнеса / рся / #promo / 2512-1 (копия),Казань,1
2026-03-09,Промостатья: рынок и тренды 1 / М/Ж25-54 / интерес_открытие бизнеса / рся / #promo / 2512-1 (копия),Калуга,1
2026-03-09,Промостатья: рынок и тренды 1 / М/Ж25-54 / интерес_открытие бизнеса / рся / #promo / 2512-1 (копия),Ленинск-Кузнецкий,1
2026-03-09,Промостатья: рынок и тренды 1 / М/Ж25-54 / интерес_открытие бизнеса / рся / #promo / 2512-1 (копия),Омск,1
2026-03-09,Промостатья: рынок и тренды 1 / М/Ж25-54 / интерес_открытие бизнеса / рся / #promo / 2512-1 (копия),Санкт-Петербург,1
2026-03-09,Промостатья: рынок и тренды 1 / М/Ж25-54 / интерес_открытие бизнеса / рся / #promo / 2512-1 (копия),Ставрополь,1
2026-03-09,Промостатья: рынок и тренды 1 / М/Ж25-54 / интерес_открытие бизнеса / рся / #promo / 2512-1 (копия),Тверь,1
2026-03-09,Промостатья: рынок и тренды 1 / М/Ж25-54 / интерес_открытие бизнеса / рся / #promo / 2512-1 (копия),Тюмень,1
2026-03-09,Промостатья: рынок и тренды 1 / М/Ж25-54 / интерес_открытие бизнеса / рся / #promo / 2512-1 (копия),Феодосия,1
2026-03-09,Промостатья: рынок и тренды 1 / М/Ж25-54 / интерес_франшиза / рся / #promo / 2512-1,Анжеро-Судженск,1
2026-03-09,Промостатья: рынок и тренды 1 / М/Ж25-54 / интерес_франшиза / рся / #promo / 2512-1,Астрахань,1
2026-03-09,Промостатья: рынок и тренды 1 / М/Ж25-54 / интерес_франшиза / рся / #promo / 2512-1,Белгород,1
2026-03-09,Промостатья: рынок и тренды 1 / М/Ж25-54 / интерес_франшиза / рся / #promo / 2512-1,Братск,1
2026-03-09,Промостатья: рынок и тренды 1 / М/Ж25-54 / интерес_франшиза / рся / #promo / 2512-1,Брянск,1
2026-03-09,Промостатья: рынок и тренды 1 / М/Ж25-54 / интерес_франшиза / рся / #promo / 2512-1,Иркутск,1
2026-03-09,Промостатья: рынок и тренды 1 / М/Ж25-54 / интерес_франшиза / рся / #promo / 2512-1,Калтан,1
2026-03-09,Промостатья: рынок и тренды 1 / М/Ж25-54 / интерес_франшиза / рся / #promo / 2512-1,Коломна,1
2026-03-09,Промостатья: рынок и тренды 1 / М/Ж25-54 / интерес_франшиза / рся / #promo / 2512-1,Липецк,1
2026-03-09,Промостатья: рынок и тренды 1 / М/Ж25-54 / интерес_франшиза / рся / #promo / 2512-1,Нижний Новгород,1
2026-03-09,Промостатья: рынок и тренды 1 / М/Ж25-54 / интерес_франшиза / рся / #promo / 2512-1,Новосибирск,1
2026-03-09,Промостатья: рынок и тренды 1 / М/Ж25-54 / интерес_франшиза / рся / #promo / 2512-1,Полысаево,1
2026-03-09,Промостатья: рынок и тренды 1 / М/Ж25-54 / интерес_франшиза / рся / #promo / 2512-1,Ростов-на-Дону,1
2026-03-09,Промостатья: рынок и тренды 1 / М/Ж25-54 / интерес_франшиза / рся / #promo / 2512-1,Рубцовск,1
2026-03-09,Промостатья: рынок и тренды 1 / М/Ж25-54 / интерес_франшиза / рся / #promo / 2512-1,Самара,1
2026-03-09,Промостатья: рынок и тренды 1 / М/Ж25-54 / интерес_франшиза / рся / #promo / 2512-1,Уфа,1
2026-03-09,Промостатья: рынок и тренды 1 / М/Ж25-54 / интерес_франшиза / рся / #promo / 2512-1,Хабаровск,1
2026-03-09,Промостатья: рынок и тренды 1 / М/Ж25-54 / интерес_франшиза / рся / #promo / 2512-1,Челябинск,1
2026-03-09,Промостатья: рынок и тренды 1 / М/Ж25-54 / интерес_франшиза / рся / #promo / 2512-1,Чита,1
2026-03-11,Промостатья: Моя история 1 / Ж 25-54 / интерес_франшиза / рся / #dzen / 2602-1,Калининград,1
2026-03-11,Промостатья: Моя история 1 / Ж 25-54 / интерес_франшиза / рся / #dzen / 2602-1,Краснодар,1
2026-03-11,Промостатья: Моя история 1 / Ж 25-54 / интерес_франшиза / рся / #dzen / 2602-1,Нижний Новгород,1
2026-03-11,Промостатья: Моя история 1 / Ж 25-54 / интерес_франшиза / рся / #dzen / 2602-1,Омск,1
2026-03-11,Промостатья: Моя история 1 / Ж 25-54 / интерес_франшиза / рся / #dzen / 2602-1,Самара,1
2026-03-12,Промостатья: Моя история 1 / Ж 25-54 / интерес_франшиза / рся / #dzen / 2602-1,Владимир,1
2026-03-12,Промостатья: Моя история 1 / Ж 25-54 / интерес_франшиза / рся / #dzen / 2602-1,Екатеринбург,1
2026-03-12,Промостатья: Моя история 1 / Ж 25-54 / интерес_франшиза / рся / #dzen / 2602-1,Зеленокумск,1
2026-03-12,Промостатья: Моя история 1 / Ж 25-54 / интерес_франшиза / рся / #dzen / 2602-1,Иваново,1
2026-03-12,Промостатья: Моя история 1 / Ж 25-54 / интерес_франшиза / рся / #dzen / 2602-1,Кемерово,1
2026-03-12,Промостатья: Моя история 1 / Ж 25-54 / интерес_франшиза / рся / #dzen / 2602-1,Котельнич,1
2026-03-12,Промостатья: Моя история 1 / Ж 25-54 / интерес_франшиза / рся / #dzen / 2602-1,Нижний Новгород,1
2026-03-12,Промостатья: Моя история 1 / Ж 25-54 / интерес_франшиза / рся / #dzen / 2602-1,Омск,1
2026-03-12,Промостатья: Моя история 1 / Ж 25-54 / интерес_франшиза / рся / #dzen / 2602-1,Оренбург,1
2026-03-12,Промостатья: Моя история 1 / Ж 25-54 / интерес_франшиза / рся / #dzen / 2602-1,Рязань,1
2026-03-12,Промостатья: Моя история 1 / Ж 25-54 / интерес_франшиза / рся / #dzen / 2602-1,Санкт-Петербург,1
2026-03-12,Промостатья: Моя история 1 / Ж 25-54 / интерес_франшиза / рся / #dzen / 2602-1,Саранск,1
2026-03-12,Промостатья: Моя история 1 / Ж 25-54 / интерес_франшиза / рся / #dzen / 2602-1,Саратов,1
2026-03-12,Промостатья: Моя история 1 / Ж 25-54 / интерес_франшиза / рся / #dzen / 2602-1,Ставрополь,1
2026-03-12,Промостатья: Моя история 1 / Ж 25-54 / интерес_франшиза / рся / #dzen / 2602-1,Ульяновск,1
2026-03-12,Промостатья: Моя история 1 / Ж 25-54 / интерес_франшиза / рся / #dzen / 2602-1,Уфа,1
2026-03-12,Промостатья: Моя история 1 / Ж 25-54 / интерес_франшиза / рся / #dzen / 2602-1,Чита,1
2026-03-13,Промостатья: Моя история 1 / Ж 25-54 / интерес_франшиза / рся / #dzen / 2602-1,Не определено,1
2026-03-13,Промостатья: Моя история 1 / Ж 25-54 / интерес_франшиза / рся / #dzen / 2602-1,Москва,1
2026-03-13,Промостатья: Моя история 1 / Ж 25-54 / интерес_франшиза / рся / #dzen / 2602-1,Смоленск,1
2026-03-13,Промостатья: Моя история 1 / Ж 25-54 / интерес_франшиза / рся / #dzen / 2602-1,Ялта,1
2026-03-14,Промостатья: рынок и тренды 1 / М/Ж25-54 / интерес_открытие бизнеса / рся / #promo / 2512-1 (копия),Не определено,1
2026-03-16,Промостатья: Моя история 1 / Ж 25-54 / интерес_франшиза / рся / #dzen / 2602-1,Не определено,1
2026-03-17,Промостатья: Моя история 1 / Ж 25-54 / интерес_франшиза / рся / #dzen / 2602-1,Не определено,1
2026-03-17,Промостатья: Моя история 1 / Ж 25-54 / интерес_франшиза / рся / #dzen / 2602-1,Воронеж,1
2026-03-17,Промостатья: Моя история 1 / Ж 25-54 / интерес_франшиза / рся / #dzen / 2602-1,Курск,1
2026-03-18,Промостатья: Моя история 1 / Ж 25-54 / интерес_франшиза / рся / #dzen / 2602-1,Ростов-на-Дону,1
2026-03-18,Промостатья: Моя история 1 / Ж 25-54 / интерес_франшиза / рся / #dzen / 2602-1,Тамбов,1
2026-03-23,Промостатья: рынок и тренды 1 / М/Ж25-54 / интерес_открытие бизнеса / рся / #promo / 2512-1 (копия),Не определено,1
2026-03-24,Промостатья: Моя история 1 / Ж 25-54 / интерес_франшиза / рся / #dzen / 2602-1,Грязи,1
2026-03-24,Промостатья: Моя история 1 / Ж 25-54 / интерес_франшиза / рся / #dzen / 2602-1,Новочебоксарск,1
2026-03-24,Промостатья: Моя история 1 / Ж 25-54 / интерес_франшиза / рся / #dzen / 2602-1,Санкт-Петербург,1
2026-03-24,Промостатья: Моя история 1 / Ж 25-54/ интерес_открытие бизнеса / рся / #dzen / 2603-1,Москва,1
2026-03-24,Промостатья: Моя история 1 / Ж 25-54/ интерес_открытие бизнеса / рся / #dzen / 2603-1,Уфа,1
2026-03-24,Промостатья: рынок и тренды 1 / М25-44 / интерес_франшиза / рся / #dzen / 2603-1,Благовещенск,1
2026-03-24,Промостатья: рынок и тренды 1 / М25-44 / интерес_франшиза / рся / #dzen / 2603-1,Брянск,1
2026-03-24,Промостатья: рынок и тренды 1 / М25-44 / интерес_франшиза / рся / #dzen / 2603-1,Воронеж,1
2026-03-24,Промостатья: рынок и тренды 1 / М25-44 / интерес_франшиза / рся / #dzen / 2603-1,Димитровград,1
2026-03-24,Промостатья: рынок и тренды 1 / М25-44 / интерес_франшиза / рся / #dzen / 2603-1,Екатеринбург,1
2026-03-24,Промостатья: рынок и тренды 1 / М25-44 / интерес_франшиза / рся / #dzen / 2603-1,Курск,1
2026-03-24,Промостатья: рынок и тренды 1 / М25-44 / интерес_франшиза / рся / #dzen / 2603-1,Пятигорск,1
2026-03-24,Промостатья: рынок и тренды 1 / М25-44 / интерес_франшиза / рся / #dzen / 2603-1,Ростов-на-Дону,1
2026-03-24,Промостатья: рынок и тренды 1 / М25-44 / интерес_франшиза / рся / #dzen / 2603-1,Самара,1
2026-03-24,Промостатья: рынок и тренды 1 / М25-44 / интерес_франшиза / рся / #dzen / 2603-1,Санкт-Петербург,1
2026-03-24,Промостатья: рынок и тренды 1 / М25-44 / интерес_франшиза / рся / #dzen / 2603-1,Томск,1
2026-03-24,Промостатья: рынок и тренды 1 / М25-44 / интерес_франшиза / рся / #dzen / 2603-1,Якутск,1
2026-03-25,Промостатья: Моя история 1 / Ж 25-54 / интерес_франшиза / рся / #dzen / 2602-1,Зерноград,1
2026-03-25,Промостатья: Моя история 1 / Ж 25-54 / интерес_франшиза / рся / #dzen / 2602-1,Краснодар,1
2026-03-25,Промостатья: Моя история 1 / Ж 25-54 / интерес_франшиза / рся / #dzen / 2602-1,Москва,1
2026-03-25,Промостатья: Моя история 1 / Ж 25-54 / интерес_франшиза / рся / #dzen / 2602-1,Хабаровск,1
2026-03-25,Промостатья: Моя история 1 / Ж 25-54/ интерес_открытие бизнеса / рся / #dzen / 2603-1,Абакан,1
2026-03-25,Промостатья: Моя история 1 / Ж 25-54/ интерес_открытие бизнеса / рся / #dzen / 2603-1,Амстердам,1
2026-03-25,Промостатья: Моя история 1 / Ж 25-54/ интерес_открытие бизнеса / рся / #dzen / 2603-1,Апшеронск,1
2026-03-25,Промостатья: Моя история 1 / Ж 25-54/ интерес_открытие бизнеса / рся / #dzen / 2603-1,Астрахань,1
2026-03-25,Промостатья: Моя история 1 / Ж 25-54/ интерес_открытие бизнеса / рся / #dzen / 2603-1,Барнаул,1
2026-03-25,Промостатья: Моя история 1 / Ж 25-54/ интерес_открытие бизнеса / рся / #dzen / 2603-1,Белгород,1
2026-03-25,Промостатья: Моя история 1 / Ж 25-54/ интерес_открытие бизнеса / рся / #dzen / 2603-1,Великие Луки,1
2026-03-25,Промостатья: Моя история 1 / Ж 25-54/ интерес_открытие бизнеса / рся / #dzen / 2603-1,Великий Новгород,1
2026-03-25,Промостатья: Моя история 1 / Ж 25-54/ интерес_открытие бизнеса / рся / #dzen / 2603-1,Владикавказ,1
2026-03-25,Промостатья: Моя история 1 / Ж 25-54/ интерес_открытие бизнеса / рся / #dzen / 2603-1,Домодедово,1
2026-03-25,Промостатья: Моя история 1 / Ж 25-54/ интерес_открытие бизнеса / рся / #dzen / 2603-1,Железногорск,1
2026-03-25,Промостатья: Моя история 1 / Ж 25-54/ интерес_открытие бизнеса / рся / #dzen / 2603-1,Иваново,1
2026-03-25,Промостатья: Моя история 1 / Ж 25-54/ интерес_открытие бизнеса / рся / #dzen / 2603-1,Истра,1
2026-03-25,Промостатья: Моя история 1 / Ж 25-54/ интерес_открытие бизнеса / рся / #dzen / 2603-1,Кемерово,1
2026-03-25,Промостатья: Моя история 1 / Ж 25-54/ интерес_открытие бизнеса / рся / #dzen / 2603-1,Королёв,1
2026-03-25,Промостатья: Моя история 1 / Ж 25-54/ интерес_открытие бизнеса / рся / #dzen / 2603-1,Краснознаменск,1
2026-03-25,Промостатья: Моя история 1 / Ж 25-54/ интерес_открытие бизнеса / рся / #dzen / 2603-1,Липецк,1
2026-03-25,Промостатья: Моя история 1 / Ж 25-54/ интерес_открытие бизнеса / рся / #dzen / 2603-1,Лиски,1
2026-03-25,Промостатья: Моя история 1 / Ж 25-54/ интерес_открытие бизнеса / рся / #dzen / 2603-1,Магнитогорск,1
2026-03-25,Промостатья: Моя история 1 / Ж 25-54/ интерес_открытие бизнеса / рся / #dzen / 2603-1,Нальчик,1
2026-03-25,Промостатья: Моя история 1 / Ж 25-54/ интерес_открытие бизнеса / рся / #dzen / 2603-1,Нижневартовск,1
2026-03-25,Промостатья: Моя история 1 / Ж 25-54/ интерес_открытие бизнеса / рся / #dzen / 2603-1,Нижний Тагил,1
2026-03-25,Промостатья: Моя история 1 / Ж 25-54/ интерес_открытие бизнеса / рся / #dzen / 2603-1,Новая Ляля,1
2026-03-25,Промостатья: Моя история 1 / Ж 25-54/ интерес_открытие бизнеса / рся / #dzen / 2603-1,Нягань,1
2026-03-25,Промостатья: Моя история 1 / Ж 25-54/ интерес_открытие бизнеса / рся / #dzen / 2603-1,Омск,1
2026-03-25,Промостатья: Моя история 1 / Ж 25-54/ интерес_открытие бизнеса / рся / #dzen / 2603-1,Оренбург,1
2026-03-25,Промостатья: Моя история 1 / Ж 25-54/ интерес_открытие бизнеса / рся / #dzen / 2603-1,Петрозаводск,1
2026-03-25,Промостатья: Моя история 1 / Ж 25-54/ интерес_открытие бизнеса / рся / #dzen / 2603-1,Ржев,1
2026-03-25,Промостатья: Моя история 1 / Ж 25-54/ интерес_открытие бизнеса / рся / #dzen / 2603-1,Ростов-на-Дону,1
2026-03-25,Промостатья: Моя история 1 / Ж 25-54/ интерес_открытие бизнеса / рся / #dzen / 2603-1,Рубцовск,1
2026-03-25,Промостатья: Моя история 1 / Ж 25-54/ интерес_открытие бизнеса / рся / #dzen / 2603-1,Рязань,1
2026-03-25,Промостатья: Моя история 1 / Ж 25-54/ интерес_открытие бизнеса / рся / #dzen / 2603-1,Севастополь,1
2026-03-25,Промостатья: Моя история 1 / Ж 25-54/ интерес_открытие бизнеса / рся / #dzen / 2603-1,Симферополь,1
2026-03-25,Промостатья: Моя история 1 / Ж 25-54/ интерес_открытие бизнеса / рся / #dzen / 2603-1,Солнечногорск,1
2026-03-25,Промостатья: Моя история 1 / Ж 25-54/ интерес_открытие бизнеса / рся / #dzen / 2603-1,Стрежевой,1
2026-03-25,Промостатья: Моя история 1 / Ж 25-54/ интерес_открытие бизнеса / рся / #dzen / 2603-1,Тамбов,1
2026-03-25,Промостатья: Моя история 1 / Ж 25-54/ интерес_открытие бизнеса / рся / #dzen / 2603-1,Улан-Удэ,1
2026-03-25,Промостатья: Моя история 1 / Ж 25-54/ интерес_открытие бизнеса / рся / #dzen / 2603-1,Ульяновск,1
2026-03-25,Промостатья: Моя история 1 / Ж 25-54/ интерес_открытие бизнеса / рся / #dzen / 2603-1,Хабаровск,1
2026-03-25,Промостатья: Моя история 1 / Ж 25-54/ интерес_открытие бизнеса / рся / #dzen / 2603-1,Ханты-Мансийск,1
2026-03-25,Промостатья: Моя история 1 / Ж 25-54/ интерес_открытие бизнеса / рся / #dzen / 2603-1,Чебоксары,1
2026-03-25,Промостатья: рынок и тренды 1 / М25-44 / интерес_франшиза / рся / #dzen / 2603-1,Барнаул,1
2026-03-25,Промостатья: рынок и тренды 1 / М25-44 / интерес_франшиза / рся / #dzen / 2603-1,Белгород,1
2026-03-25,Промостатья: рынок и тренды 1 / М25-44 / интерес_франшиза / рся / #dzen / 2603-1,Верещагино,1
2026-03-25,Промостатья: рынок и тренды 1 / М25-44 / интерес_франшиза / рся / #dzen / 2603-1,Зерноград,1
2026-03-25,Промостатья: рынок и тренды 1 / М25-44 / интерес_франшиза / рся / #dzen / 2603-1,Ижевск,1
2026-03-25,Промостатья: рынок и тренды 1 / М25-44 / интерес_франшиза / рся / #dzen / 2603-1,Кемерово,1
2026-03-25,Промостатья: рынок и тренды 1 / М25-44 / интерес_франшиза / рся / #dzen / 2603-1,Липецк,1
2026-03-25,Промостатья: рынок и тренды 1 / М25-44 / интерес_франшиза / рся / #dzen / 2603-1,Нижний Новгород,1
2026-03-25,Промостатья: рынок и тренды 1 / М25-44 / интерес_франшиза / рся / #dzen / 2603-1,Новосибирск,1
2026-03-25,Промостатья: рынок и тренды 1 / М25-44 / интерес_франшиза / рся / #dzen / 2603-1,Омск,1
2026-03-25,Промостатья: рынок и тренды 1 / М25-44 / интерес_франшиза / рся / #dzen / 2603-1,Орёл,1
2026-03-25,Промостатья: рынок и тренды 1 / М25-44 / интерес_франшиза / рся / #dzen / 2603-1,Пермь,1
2026-03-25,Промостатья: рынок и тренды 1 / М25-44 / интерес_франшиза / рся / #dzen / 2603-1,Ростов-на-Дону,1
2026-03-25,Промостатья: рынок и тренды 1 / М25-44 / интерес_франшиза / рся / #dzen / 2603-1,Рыбинск,1
2026-03-25,Промостатья: рынок и тренды 1 / М25-44 / интерес_франшиза / рся / #dzen / 2603-1,Самара,1
2026-03-25,Промостатья: рынок и тренды 1 / М25-44 / интерес_франшиза / рся / #dzen / 2603-1,Саратов,1
2026-03-25,Промостатья: рынок и тренды 1 / М25-44 / интерес_франшиза / рся / #dzen / 2603-1,Тамбов,1
2026-03-25,Промостатья: рынок и тренды 1 / М25-44 / интерес_франшиза / рся / #dzen / 2603-1,Уфа,1
2026-03-26,Промостатья: Моя история 1 / Ж 25-54 / интерес_франшиза / рся / #dzen / 2602-1,Алексин,1
2026-03-26,Промостатья: Моя история 1 / Ж 25-54 / интерес_франшиза / рся / #dzen / 2602-1,Алушта,1
2026-03-26,Промостатья: Моя история 1 / Ж 25-54 / интерес_франшиза / рся / #dzen / 2602-1,Москва,1
2026-03-26,Промостатья: Моя история 1 / Ж 25-54 / интерес_франшиза / рся / #dzen / 2602-1,Ростов-на-Дону,1
2026-03-26,Промостатья: Моя история 1 / Ж 25-54 / интерес_франшиза / рся / #dzen / 2602-1,Самара,1
2026-03-26,Промостатья: Моя история 1 / Ж 25-54 / интерес_франшиза / рся / #dzen / 2602-1,Санкт-Петербург,1
2026-03-26,Промостатья: Моя история 1 / Ж 25-54 / интерес_франшиза / рся / #dzen / 2602-1,Таганрог,1
2026-03-26,Промостатья: Моя история 1 / Ж 25-54 / интерес_франшиза / рся / #dzen / 2602-1,Челябинск,1
2026-03-26,Промостатья: Моя история 1 / Ж 25-54 / интерес_франшиза / рся / #dzen / 2602-1,Якутск,1
2026-03-26,Промостатья: рынок и тренды 1 / М25-44 / интерес_франшиза / рся / #dzen / 2603-1,Ангарск,1
2026-03-26,Промостатья: рынок и тренды 1 / М25-44 / интерес_франшиза / рся / #dzen / 2603-1,Белгород,1
2026-03-26,Промостатья: рынок и тренды 1 / М25-44 / интерес_франшиза / рся / #dzen / 2603-1,Белогорск,1
2026-03-26,Промостатья: рынок и тренды 1 / М25-44 / интерес_франшиза / рся / #dzen / 2603-1,Владивосток,1
2026-03-26,Промостатья: рынок и тренды 1 / М25-44 / интерес_франшиза / рся / #dzen / 2603-1,Волгоград,1
2026-03-26,Промостатья: рынок и тренды 1 / М25-44 / интерес_франшиза / рся / #dzen / 2603-1,Воронеж,1
2026-03-26,Промостатья: рынок и тренды 1 / М25-44 / интерес_франшиза / рся / #dzen / 2603-1,Краснодар,1
2026-03-26,Промостатья: рынок и тренды 1 / М25-44 / интерес_франшиза / рся / #dzen / 2603-1,Мурманск,1
2026-03-26,Промостатья: рынок и тренды 1 / М25-44 / интерес_франшиза / рся / #dzen / 2603-1,Нижний Новгород,1
2026-03-26,Промостатья: рынок и тренды 1 / М25-44 / интерес_франшиза / рся / #dzen / 2603-1,Новокузнецк,1
2026-03-26,Промостатья: рынок и тренды 1 / М25-44 / интерес_франшиза / рся / #dzen / 2603-1,Новосибирск,1
2026-03-26,Промостатья: рынок и тренды 1 / М25-44 / интерес_франшиза / рся / #dzen / 2603-1,Омск,1
2026-03-26,Промостатья: рынок и тренды 1 / М25-44 / интерес_франшиза / рся / #dzen / 2603-1,Самара,1
2026-03-26,Промостатья: рынок и тренды 1 / М25-44 / интерес_франшиза / рся / #dzen / 2603-1,Тверь,1
2026-03-27,Промостатья: Моя история 1 / Ж 25-54 / интерес_франшиза / рся / #dzen / 2602-1,Не определено,1
2026-03-27,Промостатья: Моя история 1 / Ж 25-54 / интерес_франшиза / рся / #dzen / 2602-1,Иркутск,1
2026-03-27,Промостатья: Моя история 1 / Ж 25-54 / интерес_франшиза / рся / #dzen / 2602-1,Кемерово,1
2026-03-27,Промостатья: Моя история 1 / Ж 25-54 / интерес_франшиза / рся / #dzen / 2602-1,Москва,1
2026-03-27,Промостатья: рынок и тренды 1 / М25-44 / интерес_франшиза / рся / #dzen / 2603-1,Не определено,1
2026-03-27,Промостатья: рынок и тренды 1 / М25-44 / интерес_франшиза / рся / #dzen / 2603-1,Омск,1
2026-03-29,Промостатья: Моя история 1 / Ж 25-54 / интерес_франшиза / рся / #dzen / 2602-1,Череповец,1
2026-04-21,Промостатья: рынок и тренды 1 / М25-44 / интерес_франшиза / рся / #dzen / 2603-1,Не определено,55
2026-04-27,Промостатья: Моя история 1 / Ж 25-54/ интерес_открытие бизнеса / рся / #dzen / 2603-1,Не определено,37
2026-04-28,Промостатья: Моя история 1 / Ж 25-54/ интерес_открытие бизнеса / рся / #dzen / 2603-1,Не определено,33
2026-04-21,Промостатья: рынок и тренды 1 / М25-44 / интерес_франшиза / рся / #dzen / 2603-1,Москва,24
2026-04-26,Промостатья: рынок и тренды 1 / М25-44 / интерес_франшиза / рся / #dzen / 2603-1,Не определено,23
2026-04-15,Промостатья: рынок и тренды 1 / М25-44 / интерес_франшиза / рся / #dzen / 2603-1,Не определено,19
2026-04-27,Промостатья: Моя история 1 / Ж 25-54/ интерес_открытие бизнеса / рся / #dzen / 2603-1,Москва,16
2026-04-25,Промостатья: рынок и тренды 1 / М25-44 / интерес_франшиза / рся / #dzen / 2603-1,Не определено,15
2026-04-15,Промостатья: рынок и тренды 1 / М25-44 / интерес_франшиза / рся / #dzen / 2603-1,Москва,14
2026-04-28,Промостатья: Моя история 1 / Ж 25-54/ интерес_открытие бизнеса / рся / #dzen / 2603-1,Москва,13
2026-04-21,Промостатья: рынок и тренды 1 / М25-44 / интерес_франшиза / рся / #dzen / 2603-1,Санкт-Петербург,12
2026-04-25,Промостатья: рынок и тренды 1 / Ж25-44 / интерес_франшиза / рся / #dzen / 2404,Не определено,12
2026-04-26,Промостатья: рынок и тренды 1 / Ж25-44 / интерес_франшиза / рся / #dzen / 2404,Не определено,11
2026-04-27,Промостатья: рынок и тренды 1 / Ж25-44 / интерес_франшиза / рся / #dzen / 2404,Не определено,11
2026-05-29,Промостатья: рынок и тренды 1 / Ж25-44 / интерес_франшиза / рся / #dzen / 2404,Не определено,10
2026-04-21,Промостатья: рынок и тренды 1 / М25-44 / интерес_франшиза / рся / #dzen / 2603-1,Самара,8
2026-04-21,Промостатья: рынок и тренды 1 / М25-44 / интерес_франшиза / рся / #dzen / 2603-1,Уфа,8
2026-04-25,Промостатья: рынок и тренды 1 / Ж25-44 / интерес_франшиза / рся / #dzen / 2404,Москва,8
2026-04-27,Промостатья: Моя история 1 / Ж 25-54/ интерес_открытие бизнеса / рся / #dzen / 2603-1,Санкт-Петербург,8
2026-05-29,Промостатья: Моя история 1 / Ж 25-54/ интерес_открытие бизнеса / рся / #dzen / 2603-1,Не определено,8
2026-04-21,Промостатья: рынок и тренды 1 / М25-44 / интерес_франшиза / рся / #dzen / 2603-1,Екатеринбург,7
2026-04-21,Промостатья: рынок и тренды 1 / М25-44 / интерес_франшиза / рся / #dzen / 2603-1,Ростов-на-Дону,7
2026-04-28,Промостатья: Моя история 1 / Ж 25-54/ интерес_открытие бизнеса / рся / #dzen / 2603-1,Нижний Новгород,7
2026-06-01,Промостатья: Моя история 1 / Ж 25-54/ интерес_открытие бизнеса / рся / #dzen / 2603-1,Не определено,7
2026-04-17,Промостатья: рынок и тренды 1 / М25-44 / интерес_франшиза / рся / #dzen / 2603-1,Не определено,6
2026-04-25,Промостатья: рынок и тренды 1 / М25-44 / интерес_франшиза / рся / #dzen / 2603-1,Москва,6
2026-04-26,Промостатья: рынок и тренды 1 / Ж25-44 / интерес_франшиза / рся / #dzen / 2404,Симферополь,6
2026-04-26,Промостатья: рынок и тренды 1 / М25-44 / интерес_франшиза / рся / #dzen / 2603-1,Москва,6
2026-04-28,Промостатья: Моя история 1 / Ж 25-54/ интерес_открытие бизнеса / рся / #dzen / 2603-1,Санкт-Петербург,6
2026-05-22,Промостатья: Моя история 1 / Ж 25-54/ интерес_открытие бизнеса / рся / #dzen / 2603-1,Не определено,6
2026-05-28,Промостатья: Моя история 1 / Ж 25-54/ интерес_открытие бизнеса / рся / #dzen / 2603-1,Не определено,6
2026-06-01,Промостатья: Моя история 1 / Ж 25-54/ интерес_открытие бизнеса / рся / #dzen / 2603-1,Москва,6
2026-04-15,Промостатья: рынок и тренды 1 / М25-44 / интерес_франшиза / рся / #dzen / 2603-1,Екатеринбург,5
2026-04-16,Промостатья: рынок и тренды 1 / М25-44 / интерес_франшиза / рся / #dzen / 2603-1,Не определено,5
2026-04-21,Промостатья: рынок и тренды 1 / М25-44 / интерес_франшиза / рся / #dzen / 2603-1,Краснодар,5
2026-04-21,Промостатья: рынок и тренды 1 / М25-44 / интерес_франшиза / рся / #dzen / 2603-1,Новокузнецк,5
2026-04-25,Промостатья: рынок и тренды 1 / Ж25-44 / интерес_франшиза / рся / #dzen / 2404,Симферополь,5
2026-04-29,Промостатья: рынок и тренды 1 / Ж25-44 / интерес_франшиза / рся / #dzen / 2404,Симферополь,5
2026-06-16,Промостатья: Моя история 1 / Ж 25-54/ интерес_открытие бизнеса / рся / #dzen / 2603-1,Не определено,5
2026-04-17,Промостатья: рынок и тренды 1 / М25-44 / интерес_франшиза / рся / #dzen / 2603-1,Москва,4
2026-04-17,Промостатья: рынок и тренды 1 / М25-44 / интерес_франшиза / рся / #dzen / 2603-1,Самара,4
2026-04-21,Промостатья: рынок и тренды 1 / М25-44 / интерес_франшиза / рся / #dzen / 2603-1,Владивосток,4
2026-04-21,Промостатья: рынок и тренды 1 / М25-44 / интерес_франшиза / рся / #dzen / 2603-1,Нижний Новгород,4
2026-04-21,Промостатья: рынок и тренды 1 / М25-44 / интерес_франшиза / рся / #dzen / 2603-1,Новосибирск,4
2026-04-21,Промостатья: рынок и тренды 1 / М25-44 / интерес_франшиза / рся / #dzen / 2603-1,Ульяновск,4
2026-04-24,Промостатья: рынок и тренды 1 / Ж25-44 / интерес_франшиза / рся / #dzen / 2404,Не определено,4
2026-04-26,Промостатья: рынок и тренды 1 / Ж25-44 / интерес_франшиза / рся / #dzen / 2404,Москва,4
2026-04-27,Промостатья: Моя история 1 / Ж 25-54/ интерес_открытие бизнеса / рся / #dzen / 2603-1,Брянск,4
2026-04-27,Промостатья: Моя история 1 / Ж 25-54/ интерес_открытие бизнеса / рся / #dzen / 2603-1,Омск,4
2026-04-27,Промостатья: рынок и тренды 1 / Ж25-44 / интерес_франшиза / рся / #dzen / 2404,Москва,4
2026-04-28,Промостатья: Моя история 1 / Ж 25-54/ интерес_открытие бизнеса / рся / #dzen / 2603-1,Брянск,4
2026-04-28,Промостатья: Моя история 1 / Ж 25-54/ интерес_открытие бизнеса / рся / #dzen / 2603-1,Екатеринбург,4
2026-04-30,Промостатья: рынок и тренды 1 / Ж25-44 / интерес_франшиза / рся / #dzen / 2404,Симферополь,4
2026-05-20,Промостатья: Моя история 1 / Ж 25-54/ интерес_открытие бизнеса / рся / #dzen / 2603-1,Не определено,4
2026-05-20,Промостатья: Моя история 1 / Ж 25-54/ интерес_открытие бизнеса / рся / #dzen / 2603-1,Москва,4
2026-05-24,Промостатья: Моя история 1 / Ж 25-54/ интерес_открытие бизнеса / рся / #dzen / 2603-1,Не определено,4
2026-05-28,Промостатья: Моя история 1 / Ж 25-54 / интерес_франшиза / рся / #dzen / 2602-1,Не определено,4
2026-05-28,Промостатья: Моя история 1 / Ж 25-54/ интерес_открытие бизнеса / рся / #dzen / 2603-1,Москва,4
2026-05-28,Промостатья: рынок и тренды 1 / Ж25-44 / интерес_франшиза / рся / #dzen / 2404,Не определено,4
2026-05-31,Промостатья: Моя история 1 / Ж 25-54/ интерес_открытие бизнеса / рся / #dzen / 2603-1,Не определено,4
2026-06-15,Промостатья: Моя история 1 / Ж 25-54 / интерес_франшиза / рся / #dzen / 2602-1,Москва,4
2026-06-28,Промостатья: Моя история 1 / Ж 25-54/ интерес_открытие бизнеса / рся / #dzen / 2603-1,Не определено,4
2026-04-15,Промостатья: рынок и тренды 1 / М25-44 / интерес_франшиза / рся / #dzen / 2603-1,Краснодар,3
2026-04-16,Промостатья: рынок и тренды 1 / М25-44 / интерес_франшиза / рся / #dzen / 2603-1,Москва,3
2026-04-16,Промостатья: рынок и тренды 1 / М25-44 / интерес_франшиза / рся / #dzen / 2603-1,Самара,3
2026-04-21,Промостатья: рынок и тренды 1 / М25-44 / интерес_франшиза / рся / #dzen / 2603-1,Волгоград,3
2026-04-21,Промостатья: рынок и тренды 1 / М25-44 / интерес_франшиза / рся / #dzen / 2603-1,Казань,3
2026-04-21,Промостатья: рынок и тренды 1 / М25-44 / интерес_франшиза / рся / #dzen / 2603-1,Пермь,3
2026-04-21,Промостатья: рынок и тренды 1 / М25-44 / интерес_франшиза / рся / #dzen / 2603-1,Челябинск,3
2026-04-21,Промостатья: рынок и тренды 1 / М25-44 / интерес_франшиза / рся / #dzen / 2603-1,Чита,3
2026-04-22,Промостатья: рынок и тренды 1 / М25-44 / интерес_франшиза / рся / #dzen / 2603-1,Не определено,3
2026-04-24,Промостатья: рынок и тренды 1 / Ж25-44 / интерес_франшиза / рся / #dzen / 2404,Москва,3
2026-04-25,Промостатья: рынок и тренды 1 / М25-44 / интерес_франшиза / рся / #dzen / 2603-1,Волгоград,3
2026-04-26,Промостатья: рынок и тренды 1 / М25-44 / интерес_франшиза / рся / #dzen / 2603-1,Киров,3
2026-04-26,Промостатья: рынок и тренды 1 / М25-44 / интерес_франшиза / рся / #dzen / 2603-1,Краснодар,3
2026-04-26,Промостатья: рынок и тренды 1 / М25-44 / интерес_франшиза / рся / #dzen / 2603-1,Ростов-на-Дону,3
2026-04-27,Промостатья: Моя история 1 / Ж 25-54/ интерес_открытие бизнеса / рся / #dzen / 2603-1,Екатеринбург,3
2026-04-27,Промостатья: Моя история 1 / Ж 25-54/ интерес_открытие бизнеса / рся / #dzen / 2603-1,Новосибирск,3
2026-04-27,Промостатья: Моя история 1 / Ж 25-54/ интерес_открытие бизнеса / рся / #dzen / 2603-1,Ростов-на-Дону,3
2026-04-27,Промостатья: Моя история 1 / Ж 25-54/ интерес_открытие бизнеса / рся / #dzen / 2603-1,Самара,3
2026-04-27,Промостатья: Моя история 1 / Ж 25-54/ интерес_открытие бизнеса / рся / #dzen / 2603-1,Ставрополь,3
2026-04-27,Промостатья: Моя история 1 / Ж 25-54/ интерес_открытие бизнеса / рся / #dzen / 2603-1,Тула,3
2026-04-28,Промостатья: Моя история 1 / Ж 25-54/ интерес_открытие бизнеса / рся / #dzen / 2603-1,Барнаул,3
2026-04-28,Промостатья: Моя история 1 / Ж 25-54/ интерес_открытие бизнеса / рся / #dzen / 2603-1,Тольятти,3
2026-04-28,Промостатья: рынок и тренды 1 / Ж25-44 / интерес_франшиза / рся / #dzen / 2404,Симферополь,3
2026-05-21,Промостатья: Моя история 1 / Ж 25-54/ интерес_открытие бизнеса / рся / #dzen / 2603-1,Не определено,3
2026-05-23,Промостатья: Моя история 1 / Ж 25-54/ интерес_открытие бизнеса / рся / #dzen / 2603-1,Не определено,3
2026-05-23,Промостатья: Моя история 1 / Ж 25-54/ интерес_открытие бизнеса / рся / #dzen / 2603-1,Москва,3
2026-05-25,Промостатья: Моя история 1 / Ж 25-54/ интерес_открытие бизнеса / рся / #dzen / 2603-1,Не определено,3
2026-05-27,Промостатья: Моя история 1 / Ж 25-54/ интерес_открытие бизнеса / рся / #dzen / 2603-1,Не определено,3
2026-05-30,Промостатья: Моя история 1 / Ж 25-54/ интерес_открытие бизнеса / рся / #dzen / 2603-1,Не определено,3
2026-06-16,Промостатья: Моя история 1 / Ж 25-54/ интерес_открытие бизнеса / рся / #dzen / 2603-1,Москва,3
2026-04-14,Промостатья: рынок и тренды 1 / М25-44 / интерес_франшиза / рся / #dzen / 2603-1,Не определено,2
2026-04-15,Промостатья: рынок и тренды 1 / М25-44 / интерес_франшиза / рся / #dzen / 2603-1,Архангельск,2
2026-04-15,Промостатья: рынок и тренды 1 / М25-44 / интерес_франшиза / рся / #dzen / 2603-1,Красноярск,2
2026-04-15,Промостатья: рынок и тренды 1 / М25-44 / интерес_франшиза / рся / #dzen / 2603-1,Пермь,2
2026-04-15,Промостатья: рынок и тренды 1 / М25-44 / интерес_франшиза / рся / #dzen / 2603-1,Самара,2
2026-04-15,Промостатья: рынок и тренды 1 / М25-44 / интерес_франшиза / рся / #dzen / 2603-1,Санкт-Петербург,2
2026-04-15,Промостатья: рынок и тренды 1 / М25-44 / интерес_франшиза / рся / #dzen / 2603-1,Саранск,2
2026-04-15,Промостатья: рынок и тренды 1 / М25-44 / интерес_франшиза / рся / #dzen / 2603-1,Чебоксары,2
2026-04-19,Промостатья: Моя история 1 / Ж 25-54 / интерес_франшиза / рся / #dzen / 2602-1,Не определено,2
2026-04-21,Промостатья: рынок и тренды 1 / М25-44 / интерес_франшиза / рся / #dzen / 2603-1,Амстердам,2
2026-04-21,Промостатья: рынок и тренды 1 / М25-44 / интерес_франшиза / рся / #dzen / 2603-1,Барнаул,2
2026-04-21,Промостатья: рынок и тренды 1 / М25-44 / интерес_франшиза / рся / #dzen / 2603-1,Воронеж,2
2026-04-21,Промостатья: рынок и тренды 1 / М25-44 / интерес_франшиза / рся / #dzen / 2603-1,Нальчик,2
2026-04-21,Промостатья: рынок и тренды 1 / М25-44 / интерес_франшиза / рся / #dzen / 2603-1,Пенза,2
2026-04-21,Промостатья: рынок и тренды 1 / М25-44 / интерес_франшиза / рся / #dzen / 2603-1,Ставрополь,2
2026-04-24,Промостатья: рынок и тренды 1 / Ж25-44 / интерес_франшиза / рся / #dzen / 2404,Ростов-на-Дону,2
2026-04-25,Промостатья: рынок и тренды 1 / Ж25-44 / интерес_франшиза / рся / #dzen / 2404,Ижевск,2
2026-04-25,Промостатья: рынок и тренды 1 / Ж25-44 / интерес_франшиза / рся / #dzen / 2404,Кызыл,2
2026-04-25,Промостатья: рынок и тренды 1 / Ж25-44 / интерес_франшиза / рся / #dzen / 2404,Нижний Новгород,2
2026-04-25,Промостатья: рынок и тренды 1 / Ж25-44 / интерес_франшиза / рся / #dzen / 2404,Новосибирск,2
2026-04-25,Промостатья: рынок и тренды 1 / Ж25-44 / интерес_франшиза / рся / #dzen / 2404,Пенза,2
2026-04-25,Промостатья: рынок и тренды 1 / Ж25-44 / интерес_франшиза / рся / #dzen / 2404,Ростов-на-Дону,2
2026-04-25,Промостатья: рынок и тренды 1 / Ж25-44 / интерес_франшиза / рся / #dzen / 2404,Тверь,2
2026-04-25,Промостатья: рынок и тренды 1 / М25-44 / интерес_франшиза / рся / #dzen / 2603-1,Краснодар,2
2026-04-25,Промостатья: рынок и тренды 1 / М25-44 / интерес_франшиза / рся / #dzen / 2603-1,Пенза,2
2026-04-25,Промостатья: рынок и тренды 1 / М25-44 / интерес_франшиза / рся / #dzen / 2603-1,Чебоксары,2
2026-04-26,Промостатья: рынок и тренды 1 / Ж25-44 / интерес_франшиза / рся / #dzen / 2404,Воронеж,2
2026-04-26,Промостатья: рынок и тренды 1 / Ж25-44 / интерес_франшиза / рся / #dzen / 2404,Тула,2
2026-04-26,Промостатья: рынок и тренды 1 / М25-44 / интерес_франшиза / рся / #dzen / 2603-1,Екатеринбург,2
2026-04-26,Промостатья: рынок и тренды 1 / М25-44 / интерес_франшиза / рся / #dzen / 2603-1,Ульяновск,2
2026-04-27,Промостатья: Моя история 1 / Ж 25-54/ интерес_открытие бизнеса / рся / #dzen / 2603-1,Волгоград,2
2026-04-27,Промостатья: Моя история 1 / Ж 25-54/ интерес_открытие бизнеса / рся / #dzen / 2603-1,Воронеж,2
2026-04-27,Промостатья: Моя история 1 / Ж 25-54/ интерес_открытие бизнеса / рся / #dzen / 2603-1,Казань,2
2026-04-27,Промостатья: Моя история 1 / Ж 25-54/ интерес_открытие бизнеса / рся / #dzen / 2603-1,Калуга,2
2026-04-27,Промостатья: Моя история 1 / Ж 25-54/ интерес_открытие бизнеса / рся / #dzen / 2603-1,Ковров,2
2026-04-27,Промостатья: Моя история 1 / Ж 25-54/ интерес_открытие бизнеса / рся / #dzen / 2603-1,Нальчик,2
2026-04-27,Промостатья: Моя история 1 / Ж 25-54/ интерес_открытие бизнеса / рся / #dzen / 2603-1,Саранск,2
2026-04-27,Промостатья: Моя история 1 / Ж 25-54/ интерес_открытие бизнеса / рся / #dzen / 2603-1,Саратов,2
2026-04-27,Промостатья: Моя история 1 / Ж 25-54/ интерес_открытие бизнеса / рся / #dzen / 2603-1,Тверь,2
2026-04-27,Промостатья: Моя история 1 / Ж 25-54/ интерес_открытие бизнеса / рся / #dzen / 2603-1,Уфа,2
2026-04-27,Промостатья: рынок и тренды 1 / Ж25-44 / интерес_франшиза / рся / #dzen / 2404,Киров,2
2026-04-27,Промостатья: рынок и тренды 1 / Ж25-44 / интерес_франшиза / рся / #dzen / 2404,Симферополь,2
2026-04-27,Промостатья: рынок и тренды 1 / Ж25-44 / интерес_франшиза / рся / #dzen / 2404,Чита,2
2026-04-28,Промостатья: Моя история 1 / Ж 25-54/ интерес_открытие бизнеса / рся / #dzen / 2603-1,Владимир,2
2026-04-28,Промостатья: Моя история 1 / Ж 25-54/ интерес_открытие бизнеса / рся / #dzen / 2603-1,Воронеж,2
2026-04-28,Промостатья: Моя история 1 / Ж 25-54/ интерес_открытие бизнеса / рся / #dzen / 2603-1,Калуга,2
2026-04-28,Промостатья: Моя история 1 / Ж 25-54/ интерес_открытие бизнеса / рся / #dzen / 2603-1,Киров,2
2026-04-28,Промостатья: Моя история 1 / Ж 25-54/ интерес_открытие бизнеса / рся / #dzen / 2603-1,Пенза,2
2026-04-28,Промостатья: Моя история 1 / Ж 25-54/ интерес_открытие бизнеса / рся / #dzen / 2603-1,Ростов-на-Дону,2
2026-04-28,Промостатья: Моя история 1 / Ж 25-54/ интерес_открытие бизнеса / рся / #dzen / 2603-1,Ставрополь,2
2026-04-29,Промостатья: Моя история 1 / Ж 25-54/ интерес_открытие бизнеса / рся / #dzen / 2603-1,Тольятти,2
2026-05-08,Промостатья: Моя история 1 / Ж 25-54 / интерес_франшиза / рся / #dzen / 2602-1,Волгоград,2
2026-05-15,Промостатья: Моя история 1 / Ж 25-54 / интерес_франшиза / рся / #dzen / 2602-1,Не определено,2
2026-05-16,Промостатья: Моя история 1 / Ж 25-54 / интерес_франшиза / рся / #dzen / 2602-1,Не определено,2
2026-05-19,Промостатья: Моя история 1 / Ж 25-54 / интерес_франшиза / рся / #dzen / 2602-1,Владикавказ,2
2026-05-20,Промостатья: Моя история 1 / Ж 25-54/ интерес_открытие бизнеса / рся / #dzen / 2603-1,Нижний Новгород,2
2026-05-20,Промостатья: Моя история 1 / Ж 25-54/ интерес_открытие бизнеса / рся / #dzen / 2603-1,Санкт-Петербург,2
2026-05-24,Промостатья: Моя история 1 / Ж 25-54/ интерес_открытие бизнеса / рся / #dzen / 2603-1,Владивосток,2
2026-05-24,Промостатья: Моя история 1 / Ж 25-54/ интерес_открытие бизнеса / рся / #dzen / 2603-1,Москва,2
2026-05-24,Промостатья: Моя история 1 / Ж 25-54/ интерес_открытие бизнеса / рся / #dzen / 2603-1,Новосибирск,2
2026-05-25,Промостатья: Моя история 1 / Ж 25-54/ интерес_открытие бизнеса / рся / #dzen / 2603-1,Волгоград,2
2026-05-25,Промостатья: Моя история 1 / Ж 25-54/ интерес_открытие бизнеса / рся / #dzen / 2603-1,Домодедово,2
2026-05-25,Промостатья: Моя история 1 / Ж 25-54/ интерес_открытие бизнеса / рся / #dzen / 2603-1,Нижний Новгород,2
2026-05-27,Промостатья: Моя история 1 / Ж 25-54/ интерес_открытие бизнеса / рся / #dzen / 2603-1,Санкт-Петербург,2
2026-05-28,Промостатья: рынок и тренды 1 / Ж25-44 / интерес_франшиза / рся / #dzen / 2404,Екатеринбург,2
2026-05-28,Промостатья: рынок и тренды 1 / Ж25-44 / интерес_франшиза / рся / #dzen / 2404,Ставрополь,2
2026-05-29,Промостатья: Моя история 1 / Ж 25-54 / интерес_франшиза / рся / #dzen / 2602-1,Не определено,2
2026-05-29,Промостатья: Моя история 1 / Ж 25-54/ интерес_открытие бизнеса / рся / #dzen / 2603-1,Москва,2
2026-05-29,Промостатья: Моя история 1 / Ж 25-54/ интерес_открытие бизнеса / рся / #dzen / 2603-1,Омск,2
2026-05-29,Промостатья: рынок и тренды 1 / Ж25-44 / интерес_франшиза / рся / #dzen / 2404,Ижевск,2
2026-05-29,Промостатья: рынок и тренды 1 / Ж25-44 / интерес_франшиза / рся / #dzen / 2404,Москва,2
2026-05-29,Промостатья: рынок и тренды 1 / Ж25-44 / интерес_франшиза / рся / #dzen / 2404,Севастополь,2
2026-05-29,Промостатья: рынок и тренды 1 / Ж25-44 / интерес_франшиза / рся / #dzen / 2404,Симферополь,2
2026-05-30,Промостатья: Моя история 1 / Ж 25-54/ интерес_открытие бизнеса / рся / #dzen / 2603-1,Санкт-Петербург,2
2026-05-31,Промостатья: Моя история 1 / Ж 25-54/ интерес_открытие бизнеса / рся / #dzen / 2603-1,Санкт-Петербург,2
2026-06-01,Промостатья: Моя история 1 / Ж 25-54/ интерес_открытие бизнеса / рся / #dzen / 2603-1,Краснодар,2
2026-06-08,Промостатья: Моя история 1 / Ж 25-54 / интерес_франшиза / рся / #dzen / 2602-1,Санкт-Петербург,2
2026-06-09,Промостатья: Моя история 1 / Ж 25-54 / интерес_франшиза / рся / #dzen / 2602-1,Не определено,2
2026-06-12,Промостатья: Моя история 1 / Ж 25-54 / интерес_франшиза / рся / #dzen / 2602-1,Не определено,2
2026-06-13,Промостатья: Моя история 1 / Ж 25-54 / интерес_франшиза / рся / #dzen / 2602-1,Не определено,2
2026-06-15,Промостатья: Моя история 1 / Ж 25-54 / интерес_франшиза / рся / #dzen / 2602-1,Не определено,2
2026-06-24,Промостатья: Моя история 1 / Ж 25-54/ интерес_открытие бизнеса / рся / #dzen / 2603-1,Не определено,2
2026-06-25,Промостатья: Моя история 1 / Ж 25-54 / интерес_франшиза / рся / #dzen / 2602-1,Не определено,2
2026-06-25,Промостатья: Моя история 1 / Ж 25-54/ интерес_открытие бизнеса / рся / #dzen / 2603-1,Не определено,2
2026-06-25,Промостатья: Моя история 1 / Ж 25-54/ интерес_открытие бизнеса / рся / #dzen / 2603-1,Москва,2
2026-06-29,Промостатья: Моя история 1 / Ж 25-54/ интерес_открытие бизнеса / рся / #dzen / 2603-1,Не определено,2
2026-06-29,Промостатья: Моя история 1 / Ж 25-54/ интерес_открытие бизнеса / рся / #dzen / 2603-1,Улан-Удэ,2
2026-06-30,Промостатья: Моя история 1 / Ж 25-54 / интерес_франшиза / рся / #dzen / 2602-1,Волгоград,2
2026-06-30,Промостатья: рынок и тренды 1 / М25-44 / интерес_франшиза / рся / #dzen / 2603-1,Ревда,2
2026-06-30,Промостатья: рынок и тренды 1 / М25-44 / интерес_франшиза / рся / #dzen / 2603-1,Санкт-Петербург,2
2026-04-06,Промостатья: Моя история 1 / Ж 25-54 / интерес_франшиза / рся / #dzen / 2602-1,Не определено,1
2026-04-07,Промостатья: Моя история 1 / Ж 25-54 / интерес_франшиза / рся / #dzen / 2602-1,Не определено,1
2026-04-09,Промостатья: Моя история 1 / Ж 25-54 / интерес_франшиза / рся / #dzen / 2602-1,Москва,1
2026-04-14,Промостатья: Моя история 1 / Ж 25-54 / интерес_франшиза / рся / #dzen / 2602-1,Не определено,1
2026-04-14,Промостатья: Моя история 1 / Ж 25-54 / интерес_франшиза / рся / #dzen / 2602-1,Барнаул,1
2026-04-14,Промостатья: Моя история 1 / Ж 25-54 / интерес_франшиза / рся / #dzen / 2602-1,Краснодар,1
2026-04-14,Промостатья: Моя история 1 / Ж 25-54 / интерес_франшиза / рся / #dzen / 2602-1,Раменское,1
2026-04-14,Промостатья: Моя история 1 / Ж 25-54 / интерес_франшиза / рся / #dzen / 2602-1,Санкт-Петербург,1
2026-04-14,Промостатья: рынок и тренды 1 / М25-44 / интерес_франшиза / рся / #dzen / 2603-1,Белгород,1
2026-04-14,Промостатья: рынок и тренды 1 / М25-44 / интерес_франшиза / рся / #dzen / 2603-1,Воронеж,1
2026-04-14,Промостатья: рынок и тренды 1 / М25-44 / интерес_франшиза / рся / #dzen / 2603-1,Калининград,1
2026-04-14,Промостатья: рынок и тренды 1 / М25-44 / интерес_франшиза / рся / #dzen / 2603-1,Кизел,1
2026-04-14,Промостатья: рынок и тренды 1 / М25-44 / интерес_франшиза / рся / #dzen / 2603-1,Липецк,1
2026-04-14,Промостатья: рынок и тренды 1 / М25-44 / интерес_франшиза / рся / #dzen / 2603-1,Магнитогорск,1
2026-04-14,Промостатья: рынок и тренды 1 / М25-44 / интерес_франшиза / рся / #dzen / 2603-1,Нижний Новгород,1
2026-04-14,Промостатья: рынок и тренды 1 / М25-44 / интерес_франшиза / рся / #dzen / 2603-1,Самара,1
2026-04-14,Промостатья: рынок и тренды 1 / М25-44 / интерес_франшиза / рся / #dzen / 2603-1,Санкт-Петербург,1
2026-04-14,Промостатья: рынок и тренды 1 / М25-44 / интерес_франшиза / рся / #dzen / 2603-1,Симферополь,1
2026-04-14,Промостатья: рынок и тренды 1 / М25-44 / интерес_франшиза / рся / #dzen / 2603-1,Южно-Сахалинск,1
2026-04-15,Промостатья: Моя история 1 / Ж 25-54 / интерес_франшиза / рся / #dzen / 2602-1,Воронеж,1
2026-04-15,Промостатья: Моя история 1 / Ж 25-54 / интерес_франшиза / рся / #dzen / 2602-1,Закаменск,1
2026-04-15,Промостатья: Моя история 1 / Ж 25-54 / интерес_франшиза / рся / #dzen / 2602-1,Москва,1
2026-04-15,Промостатья: Моя история 1 / Ж 25-54 / интерес_франшиза / рся / #dzen / 2602-1,Туймазы,1
2026-04-15,Промостатья: рынок и тренды 1 / М25-44 / интерес_франшиза / рся / #dzen / 2603-1,Ангарск,1
2026-04-15,Промостатья: рынок и тренды 1 / М25-44 / интерес_франшиза / рся / #dzen / 2603-1,Валенсия,1
2026-04-15,Промостатья: рынок и тренды 1 / М25-44 / интерес_франшиза / рся / #dzen / 2603-1,Владивосток,1
2026-04-15,Промостатья: рынок и тренды 1 / М25-44 / интерес_франшиза / рся / #dzen / 2603-1,Владимир,1
2026-04-15,Промостатья: рынок и тренды 1 / М25-44 / интерес_франшиза / рся / #dzen / 2603-1,Волгоград,1
2026-04-15,Промостатья: рынок и тренды 1 / М25-44 / интерес_франшиза / рся / #dzen / 2603-1,Волгореченск,1
2026-04-15,Промостатья: рынок и тренды 1 / М25-44 / интерес_франшиза / рся / #dzen / 2603-1,Воронеж,1
2026-04-15,Промостатья: рынок и тренды 1 / М25-44 / интерес_франшиза / рся / #dzen / 2603-1,Дербент,1
2026-04-15,Промостатья: рынок и тренды 1 / М25-44 / интерес_франшиза / рся / #dzen / 2603-1,Казань,1
2026-04-15,Промостатья: рынок и тренды 1 / М25-44 / интерес_франшиза / рся / #dzen / 2603-1,Керчь,1
2026-04-15,Промостатья: рынок и тренды 1 / М25-44 / интерес_франшиза / рся / #dzen / 2603-1,Красногорск,1
2026-04-15,Промостатья: рынок и тренды 1 / М25-44 / интерес_франшиза / рся / #dzen / 2603-1,Липецк,1
2026-04-15,Промостатья: рынок и тренды 1 / М25-44 / интерес_франшиза / рся / #dzen / 2603-1,Мурино,1
2026-04-15,Промостатья: рынок и тренды 1 / М25-44 / интерес_франшиза / рся / #dzen / 2603-1,Нижний Новгород,1
2026-04-15,Промостатья: рынок и тренды 1 / М25-44 / интерес_франшиза / рся / #dzen / 2603-1,Новосибирск,1
2026-04-15,Промостатья: рынок и тренды 1 / М25-44 / интерес_франшиза / рся / #dzen / 2603-1,Радужный,1
2026-04-15,Промостатья: рынок и тренды 1 / М25-44 / интерес_франшиза / рся / #dzen / 2603-1,Саратов,1
2026-04-15,Промостатья: рынок и тренды 1 / М25-44 / интерес_франшиза / рся / #dzen / 2603-1,Севастополь,1
2026-04-15,Промостатья: рынок и тренды 1 / М25-44 / интерес_франшиза / рся / #dzen / 2603-1,Северодвинск,1
2026-04-15,Промостатья: рынок и тренды 1 / М25-44 / интерес_франшиза / рся / #dzen / 2603-1,Серпухов,1
2026-04-15,Промостатья: рынок и тренды 1 / М25-44 / интерес_франшиза / рся / #dzen / 2603-1,Симферополь,1
2026-04-15,Промостатья: рынок и тренды 1 / М25-44 / интерес_франшиза / рся / #dzen / 2603-1,Ставрополь,1
2026-04-15,Промостатья: рынок и тренды 1 / М25-44 / интерес_франшиза / рся / #dzen / 2603-1,Туймазы,1
2026-04-15,Промостатья: рынок и тренды 1 / М25-44 / интерес_франшиза / рся / #dzen / 2603-1,Тула,1
2026-04-15,Промостатья: рынок и тренды 1 / М25-44 / интерес_франшиза / рся / #dzen / 2603-1,Уфа,1
2026-04-15,Промостатья: рынок и тренды 1 / М25-44 / интерес_франшиза / рся / #dzen / 2603-1,Франкфурт-на-Майне,1
2026-04-15,Промостатья: рынок и тренды 1 / М25-44 / интерес_франшиза / рся / #dzen / 2603-1,Хабаровск,1
2026-04-15,Промостатья: рынок и тренды 1 / М25-44 / интерес_франшиза / рся / #dzen / 2603-1,Челябинск,1
2026-04-15,Промостатья: рынок и тренды 1 / М25-44 / интерес_франшиза / рся / #dzen / 2603-1,Якутск,1
2026-04-16,Промостатья: Моя история 1 / Ж 25-54 / интерес_франшиза / рся / #dzen / 2602-1,Не определено,1
2026-04-16,Промостатья: Моя история 1 / Ж 25-54 / интерес_франшиза / рся / #dzen / 2602-1,Брянск,1
2026-04-16,Промостатья: Моя история 1 / Ж 25-54 / интерес_франшиза / рся / #dzen / 2602-1,Череповец,1
2026-04-16,Промостатья: рынок и тренды 1 / М25-44 / интерес_франшиза / рся / #dzen / 2603-1,Валенсия,1
2026-04-16,Промостатья: рынок и тренды 1 / М25-44 / интерес_франшиза / рся / #dzen / 2603-1,Керчь,1
2026-04-16,Промостатья: рынок и тренды 1 / М25-44 / интерес_франшиза / рся / #dzen / 2603-1,Кострома,1
2026-04-16,Промостатья: рынок и тренды 1 / М25-44 / интерес_франшиза / рся / #dzen / 2603-1,Курск,1
2026-04-16,Промостатья: рынок и тренды 1 / М25-44 / интерес_франшиза / рся / #dzen / 2603-1,Новосибирск,1
2026-04-16,Промостатья: рынок и тренды 1 / М25-44 / интерес_франшиза / рся / #dzen / 2603-1,Омск,1
2026-04-16,Промостатья: рынок и тренды 1 / М25-44 / интерес_франшиза / рся / #dzen / 2603-1,Орехово-Зуево,1
2026-04-16,Промостатья: рынок и тренды 1 / М25-44 / интерес_франшиза / рся / #dzen / 2603-1,Рязань,1
2026-04-16,Промостатья: рынок и тренды 1 / М25-44 / интерес_франшиза / рся / #dzen / 2603-1,Санкт-Петербург,1
2026-04-16,Промостатья: рынок и тренды 1 / М25-44 / интерес_франшиза / рся / #dzen / 2603-1,Саратов,1
2026-04-16,Промостатья: рынок и тренды 1 / М25-44 / интерес_франшиза / рся / #dzen / 2603-1,Тверь,1
2026-04-16,Промостатья: рынок и тренды 1 / М25-44 / интерес_франшиза / рся / #dzen / 2603-1,Тольятти,1
2026-04-16,Промостатья: рынок и тренды 1 / М25-44 / интерес_франшиза / рся / #dzen / 2603-1,Ульяновск,1
2026-04-17,Промостатья: Моя история 1 / Ж 25-54 / интерес_франшиза / рся / #dzen / 2602-1,Симферополь,1
2026-04-17,Промостатья: рынок и тренды 1 / М25-44 / интерес_франшиза / рся / #dzen / 2603-1,Барнаул,1
2026-04-17,Промостатья: рынок и тренды 1 / М25-44 / интерес_франшиза / рся / #dzen / 2603-1,Валенсия,1
2026-04-17,Промостатья: рынок и тренды 1 / М25-44 / интерес_франшиза / рся / #dzen / 2603-1,Владивосток,1
2026-04-17,Промостатья: рынок и тренды 1 / М25-44 / интерес_франшиза / рся / #dzen / 2603-1,Волгоград,1
2026-04-17,Промостатья: рынок и тренды 1 / М25-44 / интерес_франшиза / рся / #dzen / 2603-1,Нижний Новгород,1
2026-04-17,Промостатья: рынок и тренды 1 / М25-44 / интерес_франшиза / рся / #dzen / 2603-1,Нягань,1
2026-04-17,Промостатья: рынок и тренды 1 / М25-44 / интерес_франшиза / рся / #dzen / 2603-1,Ростов-на-Дону,1
2026-04-17,Промостатья: рынок и тренды 1 / М25-44 / интерес_франшиза / рся / #dzen / 2603-1,Севастополь,1
2026-04-18,Промостатья: рынок и тренды 1 / М25-44 / интерес_франшиза / рся / #dzen / 2603-1,Самара,1
2026-04-19,Промостатья: Моя история 1 / Ж 25-54 / интерес_франшиза / рся / #dzen / 2602-1,Нижний Новгород,1
2026-04-19,Промостатья: Моя история 1 / Ж 25-54 / интерес_франшиза / рся / #dzen / 2602-1,Челябинск,1
2026-04-21,Промостатья: Моя история 1 / Ж 25-54 / интерес_франшиза / рся / #dzen / 2602-1,Улан-Удэ,1
2026-04-21,Промостатья: рынок и тренды 1 / М25-44 / интерес_франшиза / рся / #dzen / 2603-1,Абакан,1
2026-04-21,Промостатья: рынок и тренды 1 / М25-44 / интерес_франшиза / рся / #dzen / 2603-1,Апрелевка,1
2026-04-21,Промостатья: рынок и тренды 1 / М25-44 / интерес_франшиза / рся / #dzen / 2603-1,Белгород,1
2026-04-21,Промостатья: рынок и тренды 1 / М25-44 / интерес_франшиза / рся / #dzen / 2603-1,Бор,1
2026-04-21,Промостатья: рынок и тренды 1 / М25-44 / интерес_франшиза / рся / #dzen / 2603-1,Брянск,1
2026-04-21,Промостатья: рынок и тренды 1 / М25-44 / интерес_франшиза / рся / #dzen / 2603-1,Великий Новгород,1
2026-04-21,Промостатья: рынок и тренды 1 / М25-44 / интерес_франшиза / рся / #dzen / 2603-1,Вологда,1
2026-04-21,Промостатья: рынок и тренды 1 / М25-44 / интерес_франшиза / рся / #dzen / 2603-1,Вышний Волочёк,1
2026-04-21,Промостатья: рынок и тренды 1 / М25-44 / интерес_франшиза / рся / #dzen / 2603-1,Горнозаводск,1
2026-04-21,Промостатья: рынок и тренды 1 / М25-44 / интерес_франшиза / рся / #dzen / 2603-1,Дзержинск,1
2026-04-21,Промостатья: рынок и тренды 1 / М25-44 / интерес_франшиза / рся / #dzen / 2603-1,Домодедово,1
2026-04-21,Промостатья: рынок и тренды 1 / М25-44 / интерес_франшиза / рся / #dzen / 2603-1,Жуковский,1
2026-04-21,Промостатья: рынок и тренды 1 / М25-44 / интерес_франшиза / рся / #dzen / 2603-1,Иваново,1
2026-04-21,Промостатья: рынок и тренды 1 / М25-44 / интерес_франшиза / рся / #dzen / 2603-1,Ижевск,1
2026-04-21,Промостатья: рынок и тренды 1 / М25-44 / интерес_франшиза / рся / #dzen / 2603-1,Иркутск,1
2026-04-21,Промостатья: рынок и тренды 1 / М25-44 / интерес_франшиза / рся / #dzen / 2603-1,Керчь,1
2026-04-21,Промостатья: рынок и тренды 1 / М25-44 / интерес_франшиза / рся / #dzen / 2603-1,Киров,1
2026-04-21,Промостатья: рынок и тренды 1 / М25-44 / интерес_франшиза / рся / #dzen / 2603-1,Кисловодск,1
2026-04-21,Промостатья: рынок и тренды 1 / М25-44 / интерес_франшиза / рся / #dzen / 2603-1,Комсомольск-на-Амуре,1
2026-04-21,Промостатья: рынок и тренды 1 / М25-44 / интерес_франшиза / рся / #dzen / 2603-1,Копейск,1
2026-04-21,Промостатья: рынок и тренды 1 / М25-44 / интерес_франшиза / рся / #dzen / 2603-1,Красноярск,1
2026-04-21,Промостатья: рынок и тренды 1 / М25-44 / интерес_франшиза / рся / #dzen / 2603-1,Люберцы,1
2026-04-21,Промостатья: рынок и тренды 1 / М25-44 / интерес_франшиза / рся / #dzen / 2603-1,Меленки,1
2026-04-21,Промостатья: рынок и тренды 1 / М25-44 / интерес_франшиза / рся / #dzen / 2603-1,Мытищи,1
2026-04-21,Промостатья: рынок и тренды 1 / М25-44 / интерес_франшиза / рся / #dzen / 2603-1,Набережные Челны,1
2026-04-21,Промостатья: рынок и тренды 1 / М25-44 / интерес_франшиза / рся / #dzen / 2603-1,Находка,1
2026-04-21,Промостатья: рынок и тренды 1 / М25-44 / интерес_франшиза / рся / #dzen / 2603-1,Пыть-Ях,1
2026-04-21,Промостатья: рынок и тренды 1 / М25-44 / интерес_франшиза / рся / #dzen / 2603-1,Саратов,1
2026-04-21,Промостатья: рынок и тренды 1 / М25-44 / интерес_франшиза / рся / #dzen / 2603-1,Севастополь,1
2026-04-21,Промостатья: рынок и тренды 1 / М25-44 / интерес_франшиза / рся / #dzen / 2603-1,Симферополь,1
2026-04-21,Промостатья: рынок и тренды 1 / М25-44 / интерес_франшиза / рся / #dzen / 2603-1,Сургут,1
2026-04-21,Промостатья: рынок и тренды 1 / М25-44 / интерес_франшиза / рся / #dzen / 2603-1,Таганрог,1
2026-04-21,Промостатья: рынок и тренды 1 / М25-44 / интерес_франшиза / рся / #dzen / 2603-1,Тамбов,1
2026-04-21,Промостатья: рынок и тренды 1 / М25-44 / интерес_франшиза / рся / #dzen / 2603-1,Удомля,1
2026-04-21,Промостатья: рынок и тренды 1 / М25-44 / интерес_франшиза / рся / #dzen / 2603-1,Хабаровск,1
2026-04-21,Промостатья: рынок и тренды 1 / М25-44 / интерес_франшиза / рся / #dzen / 2603-1,Хасавюрт,1
2026-04-21,Промостатья: рынок и тренды 1 / М25-44 / интерес_франшиза / рся / #dzen / 2603-1,Чебоксары,1
2026-04-22,Промостатья: Моя история 1 / Ж 25-54 / интерес_франшиза / рся / #dzen / 2602-1,Тверь,1
2026-04-22,Промостатья: рынок и тренды 1 / М25-44 / интерес_франшиза / рся / #dzen / 2603-1,Оренбург,1
2026-04-22,Промостатья: рынок и тренды 1 / М25-44 / интерес_франшиза / рся / #dzen / 2603-1,Санкт-Петербург,1
2026-04-22,Промостатья: рынок и тренды 1 / М25-44 / интерес_франшиза / рся / #dzen / 2603-1,Уфа,1
2026-04-23,Промостатья: Моя история 1 / Ж 25-54 / интерес_франшиза / рся / #dzen / 2602-1,Иваново,1
2026-04-23,Промостатья: рынок и тренды 1 / М25-44 / интерес_франшиза / рся / #dzen / 2603-1,Самара,1
2026-04-24,Промостатья: рынок и тренды 1 / Ж25-44 / интерес_франшиза / рся / #dzen / 2404,Брянск,1
2026-04-24,Промостатья: рынок и тренды 1 / Ж25-44 / интерес_франшиза / рся / #dzen / 2404,Калуга,1
2026-04-24,Промостатья: рынок и тренды 1 / Ж25-44 / интерес_франшиза / рся / #dzen / 2404,Кемерово,1
2026-04-24,Промостатья: рынок и тренды 1 / Ж25-44 / интерес_франшиза / рся / #dzen / 2404,Кобрин,1
2026-04-24,Промостатья: рынок и тренды 1 / Ж25-44 / интерес_франшиза / рся / #dzen / 2404,Псков,1
2026-04-24,Промостатья: рынок и тренды 1 / Ж25-44 / интерес_франшиза / рся / #dzen / 2404,Санкт-Петербург,1
2026-04-24,Промостатья: рынок и тренды 1 / Ж25-44 / интерес_франшиза / рся / #dzen / 2404,Северодвинск,1
2026-04-24,Промостатья: рынок и тренды 1 / Ж25-44 / интерес_франшиза / рся / #dzen / 2404,Ставрополь,1
2026-04-24,Промостатья: рынок и тренды 1 / Ж25-44 / интерес_франшиза / рся / #dzen / 2404,Тверь,1
2026-04-24,Промостатья: рынок и тренды 1 / Ж25-44 / интерес_франшиза / рся / #dzen / 2404,Тула,1
2026-04-24,Промостатья: рынок и тренды 1 / Ж25-44 / интерес_франшиза / рся / #dzen / 2404,Химки,1
2026-04-24,Промостатья: рынок и тренды 1 / Ж25-44 / интерес_франшиза / рся / #dzen / 2404,Челябинск,1
2026-04-24,Промостатья: рынок и тренды 1 / Ж25-44 / интерес_франшиза / рся / #dzen / 2404,Якутск,1
2026-04-24,Промостатья: рынок и тренды 1 / М25-44 / интерес_франшиза / рся / #dzen / 2603-1,Краснодар,1
2026-04-24,Промостатья: рынок и тренды 1 / М25-44 / интерес_франшиза / рся / #dzen / 2603-1,Санкт-Петербург,1
2026-04-25,Промостатья: рынок и тренды 1 / Ж25-44 / интерес_франшиза / рся / #dzen / 2404,Барнаул,1
2026-04-25,Промостатья: рынок и тренды 1 / Ж25-44 / интерес_франшиза / рся / #dzen / 2404,Белгород,1
2026-04-25,Промостатья: рынок и тренды 1 / Ж25-44 / интерес_франшиза / рся / #dzen / 2404,Волгоград,1
2026-04-25,Промостатья: рынок и тренды 1 / Ж25-44 / интерес_франшиза / рся / #dzen / 2404,Воронеж,1
2026-04-25,Промостатья: рынок и тренды 1 / Ж25-44 / интерес_франшиза / рся / #dzen / 2404,Дзержинск,1
2026-04-25,Промостатья: рынок и тренды 1 / Ж25-44 / интерес_франшиза / рся / #dzen / 2404,Жигулёвск,1
2026-04-25,Промостатья: рынок и тренды 1 / Ж25-44 / интерес_франшиза / рся / #dzen / 2404,Ивантеевка,1
2026-04-25,Промостатья: рынок и тренды 1 / Ж25-44 / интерес_франшиза / рся / #dzen / 2404,Иркутск,1
2026-04-25,Промостатья: рынок и тренды 1 / Ж25-44 / интерес_франшиза / рся / #dzen / 2404,Казань,1
2026-04-25,Промостатья: рынок и тренды 1 / Ж25-44 / интерес_франшиза / рся / #dzen / 2404,Карпинск,1
2026-04-25,Промостатья: рынок и тренды 1 / Ж25-44 / интерес_франшиза / рся / #dzen / 2404,Киров,1
2026-04-25,Промостатья: рынок и тренды 1 / Ж25-44 / интерес_франшиза / рся / #dzen / 2404,Ковров,1
2026-04-25,Промостатья: рынок и тренды 1 / Ж25-44 / интерес_франшиза / рся / #dzen / 2404,Кострома,1
2026-04-25,Промостатья: рынок и тренды 1 / Ж25-44 / интерес_франшиза / рся / #dzen / 2404,Кудымкар,1
2026-04-25,Промостатья: рынок и тренды 1 / Ж25-44 / интерес_франшиза / рся / #dzen / 2404,Набережные Челны,1
2026-04-25,Промостатья: рынок и тренды 1 / Ж25-44 / интерес_франшиза / рся / #dzen / 2404,Орёл,1
2026-04-25,Промостатья: рынок и тренды 1 / Ж25-44 / интерес_франшиза / рся / #dzen / 2404,Пермь,1
2026-04-25,Промостатья: рынок и тренды 1 / Ж25-44 / интерес_франшиза / рся / #dzen / 2404,Руза,1
2026-04-25,Промостатья: рынок и тренды 1 / Ж25-44 / интерес_франшиза / рся / #dzen / 2404,Санкт-Петербург,1
2026-04-25,Промостатья: рынок и тренды 1 / Ж25-44 / интерес_франшиза / рся / #dzen / 2404,Ставрополь,1
2026-04-25,Промостатья: рынок и тренды 1 / М25-44 / интерес_франшиза / рся / #dzen / 2603-1,Барнаул,1
2026-04-25,Промостатья: рынок и тренды 1 / М25-44 / интерес_франшиза / рся / #dzen / 2603-1,Владимир,1
2026-04-25,Промостатья: рынок и тренды 1 / М25-44 / интерес_франшиза / рся / #dzen / 2603-1,Вологда,1
2026-04-25,Промостатья: рынок и тренды 1 / М25-44 / интерес_франшиза / рся / #dzen / 2603-1,Евпатория,1
2026-04-25,Промостатья: рынок и тренды 1 / М25-44 / интерес_франшиза / рся / #dzen / 2603-1,Екатеринбург,1
2026-04-25,Промостатья: рынок и тренды 1 / М25-44 / интерес_франшиза / рся / #dzen / 2603-1,Иваново,1
2026-04-25,Промостатья: рынок и тренды 1 / М25-44 / интерес_франшиза / рся / #dzen / 2603-1,Иркутск,1
2026-04-25,Промостатья: рынок и тренды 1 / М25-44 / интерес_франшиза / рся / #dzen / 2603-1,Казань,1
2026-04-25,Промостатья: рынок и тренды 1 / М25-44 / интерес_франшиза / рся / #dzen / 2603-1,Калуга,1
2026-04-25,Промостатья: рынок и тренды 1 / М25-44 / интерес_франшиза / рся / #dzen / 2603-1,Киров,1
2026-04-25,Промостатья: рынок и тренды 1 / М25-44 / интерес_франшиза / рся / #dzen / 2603-1,Красноярск,1
2026-04-25,Промостатья: рынок и тренды 1 / М25-44 / интерес_франшиза / рся / #dzen / 2603-1,Липецк,1
2026-04-25,Промостатья: рынок и тренды 1 / М25-44 / интерес_франшиза / рся / #dzen / 2603-1,Новосибирск,1
2026-04-25,Промостатья: рынок и тренды 1 / М25-44 / интерес_франшиза / рся / #dzen / 2603-1,Норильск,1
2026-04-25,Промостатья: рынок и тренды 1 / М25-44 / интерес_франшиза / рся / #dzen / 2603-1,Омск,1
2026-04-25,Промостатья: рынок и тренды 1 / М25-44 / интерес_франшиза / рся / #dzen / 2603-1,Ростов-на-Дону,1
2026-04-25,Промостатья: рынок и тренды 1 / М25-44 / интерес_франшиза / рся / #dzen / 2603-1,Ряжск,1
2026-04-25,Промостатья: рынок и тренды 1 / М25-44 / интерес_франшиза / рся / #dzen / 2603-1,Санкт-Петербург,1
2026-04-25,Промостатья: рынок и тренды 1 / М25-44 / интерес_франшиза / рся / #dzen / 2603-1,Саранск,1
2026-04-25,Промостатья: рынок и тренды 1 / М25-44 / интерес_франшиза / рся / #dzen / 2603-1,Снежинск,1
2026-04-25,Промостатья: рынок и тренды 1 / М25-44 / интерес_франшиза / рся / #dzen / 2603-1,Сочи,1
2026-04-25,Промостатья: рынок и тренды 1 / М25-44 / интерес_франшиза / рся / #dzen / 2603-1,Ставрополь,1
2026-04-25,Промостатья: рынок и тренды 1 / М25-44 / интерес_франшиза / рся / #dzen / 2603-1,Тверь,1
2026-04-25,Промостатья: рынок и тренды 1 / М25-44 / интерес_франшиза / рся / #dzen / 2603-1,Тольятти,1
2026-04-25,Промостатья: рынок и тренды 1 / М25-44 / интерес_франшиза / рся / #dzen / 2603-1,Тосно,1
2026-04-25,Промостатья: рынок и тренды 1 / М25-44 / интерес_франшиза / рся / #dzen / 2603-1,Уфа,1
2026-04-25,Промостатья: рынок и тренды 1 / М25-44 / интерес_франшиза / рся / #dzen / 2603-1,Ярославль,1
2026-04-26,Промостатья: Моя история 1 / Ж 25-54 / интерес_франшиза / рся / #dzen / 2602-1,Не определено,1
2026-04-26,Промостатья: Моя история 1 / Ж 25-54/ интерес_открытие бизнеса / рся / #dzen / 2603-1,Мурманск,1
2026-04-26,Промостатья: рынок и тренды 1 / Ж25-44 / интерес_франшиза / рся / #dzen / 2404,Великий Новгород,1
2026-04-26,Промостатья: рынок и тренды 1 / Ж25-44 / интерес_франшиза / рся / #dzen / 2404,Екатеринбург,1
2026-04-26,Промостатья: рынок и тренды 1 / Ж25-44 / интерес_франшиза / рся / #dzen / 2404,Иркутск,1
2026-04-26,Промостатья: рынок и тренды 1 / Ж25-44 / интерес_франшиза / рся / #dzen / 2404,Красноярск,1
2026-04-26,Промостатья: рынок и тренды 1 / Ж25-44 / интерес_франшиза / рся / #dzen / 2404,Магадан,1
2026-04-26,Промостатья: рынок и тренды 1 / Ж25-44 / интерес_франшиза / рся / #dzen / 2404,Новосибирск,1
2026-04-26,Промостатья: рынок и тренды 1 / Ж25-44 / интерес_франшиза / рся / #dzen / 2404,Оренбург,1
2026-04-26,Промостатья: рынок и тренды 1 / Ж25-44 / интерес_франшиза / рся / #dzen / 2404,Остров,1
2026-04-26,Промостатья: рынок и тренды 1 / Ж25-44 / интерес_франшиза / рся / #dzen / 2404,Ростов-на-Дону,1
2026-04-26,Промостатья: рынок и тренды 1 / Ж25-44 / интерес_франшиза / рся / #dzen / 2404,Санкт-Петербург,1
2026-04-26,Промостатья: рынок и тренды 1 / Ж25-44 / интерес_франшиза / рся / #dzen / 2404,Саранск,1
2026-04-26,Промостатья: рынок и тренды 1 / Ж25-44 / интерес_франшиза / рся / #dzen / 2404,Севастополь,1
2026-04-26,Промостатья: рынок и тренды 1 / Ж25-44 / интерес_франшиза / рся / #dzen / 2404,Ставрополь,1
2026-04-26,Промостатья: рынок и тренды 1 / Ж25-44 / интерес_франшиза / рся / #dzen / 2404,Тихвин,1
2026-04-26,Промостатья: рынок и тренды 1 / Ж25-44 / интерес_франшиза / рся / #dzen / 2404,Ульяновск,1
2026-04-26,Промостатья: рынок и тренды 1 / Ж25-44 / интерес_франшиза / рся / #dzen / 2404,Хабаровск,1
2026-04-26,Промостатья: рынок и тренды 1 / Ж25-44 / интерес_франшиза / рся / #dzen / 2404,Чебоксары,1
2026-04-26,Промостатья: рынок и тренды 1 / Ж25-44 / интерес_франшиза / рся / #dzen / 2404,Чита,1
2026-04-26,Промостатья: рынок и тренды 1 / Ж25-44 / интерес_франшиза / рся / #dzen / 2404,Якутск,1
2026-04-26,Промостатья: рынок и тренды 1 / Ж25-44 / интерес_франшиза / рся / #dzen / 2404,Ярославль,1
2026-04-26,Промостатья: рынок и тренды 1 / М25-44 / интерес_франшиза / рся / #dzen / 2603-1,Архангельск,1
2026-04-26,Промостатья: рынок и тренды 1 / М25-44 / интерес_франшиза / рся / #dzen / 2603-1,Астрахань,1
2026-04-26,Промостатья: рынок и тренды 1 / М25-44 / интерес_франшиза / рся / #dzen / 2603-1,Белгород,1
2026-04-26,Промостатья: рынок и тренды 1 / М25-44 / интерес_франшиза / рся / #dzen / 2603-1,Владивосток,1
2026-04-26,Промостатья: рынок и тренды 1 / М25-44 / интерес_франшиза / рся / #dzen / 2603-1,Димитровград,1
2026-04-26,Промостатья: рынок и тренды 1 / М25-44 / интерес_франшиза / рся / #dzen / 2603-1,Евпатория,1
2026-04-26,Промостатья: рынок и тренды 1 / М25-44 / интерес_франшиза / рся / #dzen / 2603-1,Железногорск,1
2026-04-26,Промостатья: рынок и тренды 1 / М25-44 / интерес_франшиза / рся / #dzen / 2603-1,Иваново,1
2026-04-26,Промостатья: рынок и тренды 1 / М25-44 / интерес_франшиза / рся / #dzen / 2603-1,Ижевск,1
2026-04-26,Промостатья: рынок и тренды 1 / М25-44 / интерес_франшиза / рся / #dzen / 2603-1,Иркутск,1
2026-04-26,Промостатья: рынок и тренды 1 / М25-44 / интерес_франшиза / рся / #dzen / 2603-1,Ковров,1
2026-04-26,Промостатья: рынок и тренды 1 / М25-44 / интерес_франшиза / рся / #dzen / 2603-1,Кондопога,1
2026-04-26,Промостатья: рынок и тренды 1 / М25-44 / интерес_франшиза / рся / #dzen / 2603-1,Кызыл,1
2026-04-26,Промостатья: рынок и тренды 1 / М25-44 / интерес_франшиза / рся / #dzen / 2603-1,Ливны,1
2026-04-26,Промостатья: рынок и тренды 1 / М25-44 / интерес_франшиза / рся / #dzen / 2603-1,Нальчик,1
2026-04-26,Промостатья: рынок и тренды 1 / М25-44 / интерес_франшиза / рся / #dzen / 2603-1,Пенза,1
2026-04-26,Промостатья: рынок и тренды 1 / М25-44 / интерес_франшиза / рся / #dzen / 2603-1,Пятигорск,1
2026-04-26,Промостатья: рынок и тренды 1 / М25-44 / интерес_франшиза / рся / #dzen / 2603-1,Санкт-Петербург,1
2026-04-26,Промостатья: рынок и тренды 1 / М25-44 / интерес_франшиза / рся / #dzen / 2603-1,Севастополь,1
2026-04-26,Промостатья: рынок и тренды 1 / М25-44 / интерес_франшиза / рся / #dzen / 2603-1,Северодвинск,1
2026-04-26,Промостатья: рынок и тренды 1 / М25-44 / интерес_франшиза / рся / #dzen / 2603-1,Симферополь,1
2026-04-26,Промостатья: рынок и тренды 1 / М25-44 / интерес_франшиза / рся / #dzen / 2603-1,Смоленск,1
2026-04-26,Промостатья: рынок и тренды 1 / М25-44 / интерес_франшиза / рся / #dzen / 2603-1,Сыктывкар,1
2026-04-26,Промостатья: рынок и тренды 1 / М25-44 / интерес_франшиза / рся / #dzen / 2603-1,Тверь,1
2026-04-26,Промостатья: рынок и тренды 1 / М25-44 / интерес_франшиза / рся / #dzen / 2603-1,Тула,1
2026-04-26,Промостатья: рынок и тренды 1 / М25-44 / интерес_франшиза / рся / #dzen / 2603-1,Тюмень,1
2026-04-26,Промостатья: рынок и тренды 1 / М25-44 / интерес_франшиза / рся / #dzen / 2603-1,Чебоксары,1
2026-04-26,Промостатья: рынок и тренды 1 / М25-44 / интерес_франшиза / рся / #dzen / 2603-1,Челябинск,1
2026-04-26,Промостатья: рынок и тренды 1 / М25-44 / интерес_франшиза / рся / #dzen / 2603-1,Череповец,1
2026-04-27,Промостатья: Моя история 1 / Ж 25-54 / интерес_франшиза / рся / #dzen / 2602-1,Новосибирск,1
2026-04-27,Промостатья: Моя история 1 / Ж 25-54/ интерес_открытие бизнеса / рся / #dzen / 2603-1,Аксай,1
2026-04-27,Промостатья: Моя история 1 / Ж 25-54/ интерес_открытие бизнеса / рся / #dzen / 2603-1,Балашиха,1
2026-04-27,Промостатья: Моя история 1 / Ж 25-54/ интерес_открытие бизнеса / рся / #dzen / 2603-1,Владимир,1
2026-04-27,Промостатья: Моя история 1 / Ж 25-54/ интерес_открытие бизнеса / рся / #dzen / 2603-1,Дзержинск,1
2026-04-27,Промостатья: Моя история 1 / Ж 25-54/ интерес_открытие бизнеса / рся / #dzen / 2603-1,Железногорск,1
2026-04-27,Промостатья: Моя история 1 / Ж 25-54/ интерес_открытие бизнеса / рся / #dzen / 2603-1,Ижевск,1
2026-04-27,Промостатья: Моя история 1 / Ж 25-54/ интерес_открытие бизнеса / рся / #dzen / 2603-1,Иркутск,1
2026-04-27,Промостатья: Моя история 1 / Ж 25-54/ интерес_открытие бизнеса / рся / #dzen / 2603-1,Йошкар-Ола,1
2026-04-27,Промостатья: Моя история 1 / Ж 25-54/ интерес_открытие бизнеса / рся / #dzen / 2603-1,Кемерово,1
2026-04-27,Промостатья: Моя история 1 / Ж 25-54/ интерес_открытие бизнеса / рся / #dzen / 2603-1,Краснодар,1
2026-04-27,Промостатья: Моя история 1 / Ж 25-54/ интерес_открытие бизнеса / рся / #dzen / 2603-1,Красноярск,1
2026-04-27,Промостатья: Моя история 1 / Ж 25-54/ интерес_открытие бизнеса / рся / #dzen / 2603-1,Ладушкин,1
2026-04-27,Промостатья: Моя история 1 / Ж 25-54/ интерес_открытие бизнеса / рся / #dzen / 2603-1,Майкоп,1
2026-04-27,Промостатья: Моя история 1 / Ж 25-54/ интерес_открытие бизнеса / рся / #dzen / 2603-1,Набережные Челны,1
2026-04-27,Промостатья: Моя история 1 / Ж 25-54/ интерес_открытие бизнеса / рся / #dzen / 2603-1,Нижний Новгород,1
2026-04-27,Промостатья: Моя история 1 / Ж 25-54/ интерес_открытие бизнеса / рся / #dzen / 2603-1,Новороссийск,1
2026-04-27,Промостатья: Моя история 1 / Ж 25-54/ интерес_открытие бизнеса / рся / #dzen / 2603-1,Новочебоксарск,1
2026-04-27,Промостатья: Моя история 1 / Ж 25-54/ интерес_открытие бизнеса / рся / #dzen / 2603-1,Оренбург,1
2026-04-27,Промостатья: Моя история 1 / Ж 25-54/ интерес_открытие бизнеса / рся / #dzen / 2603-1,Пермь,1
2026-04-27,Промостатья: Моя история 1 / Ж 25-54/ интерес_открытие бизнеса / рся / #dzen / 2603-1,Петрозаводск,1
2026-04-27,Промостатья: Моя история 1 / Ж 25-54/ интерес_открытие бизнеса / рся / #dzen / 2603-1,Ржев,1
2026-04-27,Промостатья: Моя история 1 / Ж 25-54/ интерес_открытие бизнеса / рся / #dzen / 2603-1,Россошь,1
2026-04-27,Промостатья: Моя история 1 / Ж 25-54/ интерес_открытие бизнеса / рся / #dzen / 2603-1,Севастополь,1
2026-04-27,Промостатья: Моя история 1 / Ж 25-54/ интерес_открытие бизнеса / рся / #dzen / 2603-1,Таганрог,1
2026-04-27,Промостатья: Моя история 1 / Ж 25-54/ интерес_открытие бизнеса / рся / #dzen / 2603-1,Тамбов,1
2026-04-27,Промостатья: Моя история 1 / Ж 25-54/ интерес_открытие бизнеса / рся / #dzen / 2603-1,Тольятти,1
2026-04-27,Промостатья: Моя история 1 / Ж 25-54/ интерес_открытие бизнеса / рся / #dzen / 2603-1,Ульяновск,1
2026-04-27,Промостатья: Моя история 1 / Ж 25-54/ интерес_открытие бизнеса / рся / #dzen / 2603-1,Ухта,1
2026-04-27,Промостатья: Моя история 1 / Ж 25-54/ интерес_открытие бизнеса / рся / #dzen / 2603-1,Хабаровск,1
2026-04-27,Промостатья: Моя история 1 / Ж 25-54/ интерес_открытие бизнеса / рся / #dzen / 2603-1,Чебоксары,1
2026-04-27,Промостатья: Моя история 1 / Ж 25-54/ интерес_открытие бизнеса / рся / #dzen / 2603-1,Чита,1
2026-04-27,Промостатья: Моя история 1 / Ж 25-54/ интерес_открытие бизнеса / рся / #dzen / 2603-1,Южно-Сахалинск,1
2026-04-27,Промостатья: Моя история 1 / Ж 25-54/ интерес_открытие бизнеса / рся / #dzen / 2603-1,Якутск,1
2026-04-27,Промостатья: Моя история 1 / Ж 25-54/ интерес_открытие бизнеса / рся / #dzen / 2603-1,Ялта,1
2026-04-27,Промостатья: Моя история 1 / Ж 25-54/ интерес_открытие бизнеса / рся / #dzen / 2603-1,Ясный,1
2026-04-27,Промостатья: рынок и тренды 1 / Ж25-44 / интерес_франшиза / рся / #dzen / 2404,Армавир,1
2026-04-27,Промостатья: рынок и тренды 1 / Ж25-44 / интерес_франшиза / рся / #dzen / 2404,Владивосток,1
2026-04-27,Промостатья: рынок и тренды 1 / Ж25-44 / интерес_франшиза / рся / #dzen / 2404,Волгодонск,1
2026-04-27,Промостатья: рынок и тренды 1 / Ж25-44 / интерес_франшиза / рся / #dzen / 2404,Железногорск,1
2026-04-27,Промостатья: рынок и тренды 1 / Ж25-44 / интерес_франшиза / рся / #dzen / 2404,Калининград,1
2026-04-27,Промостатья: рынок и тренды 1 / Ж25-44 / интерес_франшиза / рся / #dzen / 2404,Кемерово,1
2026-04-27,Промостатья: рынок и тренды 1 / Ж25-44 / интерес_франшиза / рся / #dzen / 2404,Красноярск,1
2026-04-27,Промостатья: рынок и тренды 1 / Ж25-44 / интерес_франшиза / рся / #dzen / 2404,Лакинск,1
2026-04-27,Промостатья: рынок и тренды 1 / Ж25-44 / интерес_франшиза / рся / #dzen / 2404,Нижний Новгород,1
2026-04-27,Промостатья: рынок и тренды 1 / Ж25-44 / интерес_франшиза / рся / #dzen / 2404,Новосибирск,1
2026-04-27,Промостатья: рынок и тренды 1 / Ж25-44 / интерес_франшиза / рся / #dzen / 2404,Санкт-Петербург,1
2026-04-27,Промостатья: рынок и тренды 1 / Ж25-44 / интерес_франшиза / рся / #dzen / 2404,Уфа,1
2026-04-27,Промостатья: рынок и тренды 1 / Ж25-44 / интерес_франшиза / рся / #dzen / 2404,Челябинск,1
2026-04-27,Промостатья: рынок и тренды 1 / М25-44 / интерес_франшиза / рся / #dzen / 2603-1,Не определено,1
2026-04-27,Промостатья: рынок и тренды 1 / М25-44 / интерес_франшиза / рся / #dzen / 2603-1,Владивосток,1
2026-04-27,Промостатья: рынок и тренды 1 / М25-44 / интерес_франшиза / рся / #dzen / 2603-1,Вологда,1
2026-04-27,Промостатья: рынок и тренды 1 / М25-44 / интерес_франшиза / рся / #dzen / 2603-1,Махачкала,1
2026-04-27,Промостатья: рынок и тренды 1 / М25-44 / интерес_франшиза / рся / #dzen / 2603-1,Москва,1
2026-04-27,Промостатья: рынок и тренды 1 / М25-44 / интерес_франшиза / рся / #dzen / 2603-1,Новокузнецк,1
2026-04-27,Промостатья: рынок и тренды 1 / М25-44 / интерес_франшиза / рся / #dzen / 2603-1,Новосибирск,1
2026-04-27,Промостатья: рынок и тренды 1 / М25-44 / интерес_франшиза / рся / #dzen / 2603-1,Осинники,1
2026-04-27,Промостатья: рынок и тренды 1 / М25-44 / интерес_франшиза / рся / #dzen / 2603-1,Самара,1
2026-04-27,Промостатья: рынок и тренды 1 / М25-44 / интерес_франшиза / рся / #dzen / 2603-1,Санкт-Петербург,1
2026-04-27,Промостатья: рынок и тренды 1 / М25-44 / интерес_франшиза / рся / #dzen / 2603-1,Саранск,1
2026-04-27,Промостатья: рынок и тренды 1 / М25-44 / интерес_франшиза / рся / #dzen / 2603-1,Уфа,1
2026-04-27,Промостатья: рынок и тренды 1 / М25-44 / интерес_франшиза / рся / #dzen / 2603-1,Феодосия,1
2026-04-28,Промостатья: Моя история 1 / Ж 25-54 / интерес_франшиза / рся / #dzen / 2602-1,Валенсия,1
2026-04-28,Промостатья: Моя история 1 / Ж 25-54/ интерес_открытие бизнеса / рся / #dzen / 2603-1,Абакан,1
2026-04-28,Промостатья: Моя история 1 / Ж 25-54/ интерес_открытие бизнеса / рся / #dzen / 2603-1,Архангельск,1
2026-04-28,Промостатья: Моя история 1 / Ж 25-54/ интерес_открытие бизнеса / рся / #dzen / 2603-1,Бронницы,1
2026-04-28,Промостатья: Моя история 1 / Ж 25-54/ интерес_открытие бизнеса / рся / #dzen / 2603-1,Видное,1
2026-04-28,Промостатья: Моя история 1 / Ж 25-54/ интерес_открытие бизнеса / рся / #dzen / 2603-1,Владивосток,1
2026-04-28,Промостатья: Моя история 1 / Ж 25-54/ интерес_открытие бизнеса / рся / #dzen / 2603-1,Владикавказ,1
2026-04-28,Промостатья: Моя история 1 / Ж 25-54/ интерес_открытие бизнеса / рся / #dzen / 2603-1,Волгоград,1
2026-04-28,Промостатья: Моя история 1 / Ж 25-54/ интерес_открытие бизнеса / рся / #dzen / 2603-1,Домодедово,1
2026-04-28,Промостатья: Моя история 1 / Ж 25-54/ интерес_открытие бизнеса / рся / #dzen / 2603-1,Ижевск,1
2026-04-28,Промостатья: Моя история 1 / Ж 25-54/ интерес_открытие бизнеса / рся / #dzen / 2603-1,Йошкар-Ола,1
2026-04-28,Промостатья: Моя история 1 / Ж 25-54/ интерес_открытие бизнеса / рся / #dzen / 2603-1,Кисловодск,1
2026-04-28,Промостатья: Моя история 1 / Ж 25-54/ интерес_открытие бизнеса / рся / #dzen / 2603-1,Кострома,1
2026-04-28,Промостатья: Моя история 1 / Ж 25-54/ интерес_открытие бизнеса / рся / #dzen / 2603-1,Краснодар,1
2026-04-28,Промостатья: Моя история 1 / Ж 25-54/ интерес_открытие бизнеса / рся / #dzen / 2603-1,Красноярск,1
2026-04-28,Промостатья: Моя история 1 / Ж 25-54/ интерес_открытие бизнеса / рся / #dzen / 2603-1,Нальчик,1
2026-04-28,Промостатья: Моя история 1 / Ж 25-54/ интерес_открытие бизнеса / рся / #dzen / 2603-1,Новокузнецк,1
2026-04-28,Промостатья: Моя история 1 / Ж 25-54/ интерес_открытие бизнеса / рся / #dzen / 2603-1,Новосибирск,1
2026-04-28,Промостатья: Моя история 1 / Ж 25-54/ интерес_открытие бизнеса / рся / #dzen / 2603-1,Первоуральск,1
2026-04-28,Промостатья: Моя история 1 / Ж 25-54/ интерес_открытие бизнеса / рся / #dzen / 2603-1,Пермь,1
2026-04-28,Промостатья: Моя история 1 / Ж 25-54/ интерес_открытие бизнеса / рся / #dzen / 2603-1,Пугачев,1
2026-04-28,Промостатья: Моя история 1 / Ж 25-54/ интерес_открытие бизнеса / рся / #dzen / 2603-1,Реутов,1
2026-04-28,Промостатья: Моя история 1 / Ж 25-54/ интерес_открытие бизнеса / рся / #dzen / 2603-1,Рязань,1
2026-04-28,Промостатья: Моя история 1 / Ж 25-54/ интерес_открытие бизнеса / рся / #dzen / 2603-1,Саратов,1
2026-04-28,Промостатья: Моя история 1 / Ж 25-54/ интерес_открытие бизнеса / рся / #dzen / 2603-1,Сергиев Посад,1
2026-04-28,Промостатья: Моя история 1 / Ж 25-54/ интерес_открытие бизнеса / рся / #dzen / 2603-1,Сургут,1
2026-04-28,Промостатья: Моя история 1 / Ж 25-54/ интерес_открытие бизнеса / рся / #dzen / 2603-1,Тверь,1
2026-04-28,Промостатья: Моя история 1 / Ж 25-54/ интерес_открытие бизнеса / рся / #dzen / 2603-1,Томск,1
2026-04-28,Промостатья: Моя история 1 / Ж 25-54/ интерес_открытие бизнеса / рся / #dzen / 2603-1,Франкфурт-на-Майне,1
2026-04-28,Промостатья: Моя история 1 / Ж 25-54/ интерес_открытие бизнеса / рся / #dzen / 2603-1,Череповец,1
2026-04-28,Промостатья: Моя история 1 / Ж 25-54/ интерес_открытие бизнеса / рся / #dzen / 2603-1,Якутск,1
2026-04-28,Промостатья: рынок и тренды 1 / Ж25-44 / интерес_франшиза / рся / #dzen / 2404,Не определено,1
2026-04-28,Промостатья: рынок и тренды 1 / М25-44 / интерес_франшиза / рся / #dzen / 2603-1,Новокузнецк,1
2026-04-29,Промостатья: Моя история 1 / Ж 25-54 / интерес_франшиза / рся / #dzen / 2602-1,Валенсия,1
2026-04-29,Промостатья: Моя история 1 / Ж 25-54/ интерес_открытие бизнеса / рся / #dzen / 2603-1,Краснодар,1
2026-04-29,Промостатья: рынок и тренды 1 / Ж25-44 / интерес_франшиза / рся / #dzen / 2404,Не определено,1
2026-04-30,Промостатья: Моя история 1 / Ж 25-54 / интерес_франшиза / рся / #dzen / 2602-1,Валенсия,1
2026-04-30,Промостатья: Моя история 1 / Ж 25-54/ интерес_открытие бизнеса / рся / #dzen / 2603-1,Тольятти,1
2026-04-30,Промостатья: рынок и тренды 1 / М25-44 / интерес_франшиза / рся / #dzen / 2603-1,Екатеринбург,1
2026-05-01,Промостатья: Моя история 1 / Ж 25-54 / интерес_франшиза / рся / #dzen / 2602-1,Валенсия,1
2026-05-04,Промостатья: Моя история 1 / Ж 25-54 / интерес_франшиза / рся / #dzen / 2602-1,Не определено,1
2026-05-04,Промостатья: Моя история 1 / Ж 25-54 / интерес_франшиза / рся / #dzen / 2602-1,Валенсия,1
2026-05-04,Промостатья: Моя история 1 / Ж 25-54 / интерес_франшиза / рся / #dzen / 2602-1,Владикавказ,1
2026-05-04,Промостатья: Моя история 1 / Ж 25-54 / интерес_франшиза / рся / #dzen / 2602-1,Орёл,1
2026-05-04,Промостатья: Моя история 1 / Ж 25-54 / интерес_франшиза / рся / #dzen / 2602-1,Ростов-на-Дону,1
2026-05-06,Промостатья: Моя история 1 / Ж 25-54 / интерес_франшиза / рся / #dzen / 2602-1,Не определено,1
2026-05-09,Промостатья: Моя история 1 / Ж 25-54 / интерес_франшиза / рся / #dzen / 2602-1,Воронеж,1
2026-05-10,Промостатья: Моя история 1 / Ж 25-54 / интерес_франшиза / рся / #dzen / 2602-1,Екатеринбург,1
2026-05-10,Промостатья: Моя история 1 / Ж 25-54 / интерес_франшиза / рся / #dzen / 2602-1,Пермь,1
2026-05-10,Промостатья: Моя история 1 / Цена перехода / Ж25-54 / интерес_открытие бизнеса,Нижний Новгород,1
2026-05-11,Промостатья: Моя история 1 / Ж 25-54 / интерес_франшиза / рся / #dzen / 2602-1,Не определено,1
2026-05-11,Промостатья: Моя история 1 / Ж 25-54 / интерес_франшиза / рся / #dzen / 2602-1,Вилючинск,1
2026-05-11,Промостатья: Моя история 1 / Ж 25-54 / интерес_франшиза / рся / #dzen / 2602-1,Пенза,1
2026-05-13,Промостатья: Моя история 1 / Ж 25-54/ интерес_открытие бизнеса / рся / #dzen / 2603-1,Брянск,1
2026-05-14,Промостатья: Моя история 1 / Ж 25-54 / интерес_франшиза / рся / #dzen / 2602-1,Не определено,1
2026-05-14,Промостатья: Моя история 1 / Ж 25-54 / интерес_франшиза / рся / #dzen / 2602-1,Москва,1
2026-05-14,Промостатья: Моя история 1 / Ж 25-54 / интерес_франшиза / рся / #dzen / 2602-1,Новосибирск,1
2026-05-15,Промостатья: Моя история 1 / Ж 25-54 / интерес_франшиза / рся / #dzen / 2602-1,Воронеж,1
2026-05-15,Промостатья: Моя история 1 / Ж 25-54 / интерес_франшиза / рся / #dzen / 2602-1,Ростов-на-Дону,1
2026-05-15,Промостатья: Моя история 1 / Ж 25-54 / интерес_франшиза / рся / #dzen / 2602-1,Челябинск,1
2026-05-17,Промостатья: Моя история 1 / Ж 25-54 / интерес_франшиза / рся / #dzen / 2602-1,Не определено,1
2026-05-17,Промостатья: Моя история 1 / Ж 25-54 / интерес_франшиза / рся / #dzen / 2602-1,Владикавказ,1
2026-05-17,Промостатья: Моя история 1 / Ж 25-54 / интерес_франшиза / рся / #dzen / 2602-1,Волгоград,1
2026-05-17,Промостатья: Моя история 1 / Ж 25-54 / интерес_франшиза / рся / #dzen / 2602-1,Иркутск,1
2026-05-17,Промостатья: Моя история 1 / Ж 25-54 / интерес_франшиза / рся / #dzen / 2602-1,Ставрополь,1
2026-05-17,Промостатья: Моя история 1 / Ж 25-54 / интерес_франшиза / рся / #dzen / 2602-1,Тамбов,1
2026-05-17,Промостатья: Моя история 1 / Ж 25-54 / интерес_франшиза / рся / #dzen / 2602-1,Хабаровск,1
2026-05-18,Промостатья: Моя история 1 / Ж 25-54 / интерес_франшиза / рся / #dzen / 2602-1,Воронеж,1
2026-05-18,Промостатья: Моя история 1 / Ж 25-54 / интерес_франшиза / рся / #dzen / 2602-1,Санкт-Петербург,1
2026-05-18,Промостатья: Моя история 1 / Ж 25-54 / интерес_франшиза / рся / #dzen / 2602-1,Хабаровск,1
2026-05-18,Промостатья: Моя история 1 / Ж 25-54 / интерес_франшиза / рся / #dzen / 2602-1,Челябинск,1
2026-05-19,Промостатья: Моя история 1 / Ж 25-54 / интерес_франшиза / рся / #dzen / 2602-1,Не определено,1
2026-05-20,Промостатья: Моя история 1 / Ж 25-54/ интерес_открытие бизнеса / рся / #dzen / 2603-1,Архангельск,1
2026-05-20,Промостатья: Моя история 1 / Ж 25-54/ интерес_открытие бизнеса / рся / #dzen / 2603-1,Владивосток,1
2026-05-20,Промостатья: Моя история 1 / Ж 25-54/ интерес_открытие бизнеса / рся / #dzen / 2603-1,Набережные Челны,1
2026-05-20,Промостатья: Моя история 1 / Ж 25-54/ интерес_открытие бизнеса / рся / #dzen / 2603-1,Рязань,1
2026-05-20,Промостатья: Моя история 1 / Ж 25-54/ интерес_открытие бизнеса / рся / #dzen / 2603-1,Самара,1
2026-05-20,Промостатья: Моя история 1 / Ж 25-54/ интерес_открытие бизнеса / рся / #dzen / 2603-1,Ступино,1
2026-05-20,Промостатья: Моя история 1 / Ж 25-54/ интерес_открытие бизнеса / рся / #dzen / 2603-1,Томск,1
2026-05-20,Промостатья: Моя история 1 / Ж 25-54/ интерес_открытие бизнеса / рся / #dzen / 2603-1,Уфа,1
2026-05-21,Промостатья: Моя история 1 / Ж 25-54 / интерес_франшиза / рся / #dzen / 2602-1,Не определено,1
2026-05-21,Промостатья: Моя история 1 / Ж 25-54 / интерес_франшиза / рся / #dzen / 2602-1,Санкт-Петербург,1
2026-05-21,Промостатья: Моя история 1 / Ж 25-54/ интерес_открытие бизнеса / рся / #dzen / 2603-1,Бердск,1
2026-05-21,Промостатья: Моя история 1 / Ж 25-54/ интерес_открытие бизнеса / рся / #dzen / 2603-1,Брянск,1
2026-05-21,Промостатья: Моя история 1 / Ж 25-54/ интерес_открытие бизнеса / рся / #dzen / 2603-1,Верхняя Пышма,1
2026-05-21,Промостатья: Моя история 1 / Ж 25-54/ интерес_открытие бизнеса / рся / #dzen / 2603-1,Воронеж,1
2026-05-21,Промостатья: Моя история 1 / Ж 25-54/ интерес_открытие бизнеса / рся / #dzen / 2603-1,Екатеринбург,1
2026-05-21,Промостатья: Моя история 1 / Ж 25-54/ интерес_открытие бизнеса / рся / #dzen / 2603-1,Краснодар,1
2026-05-21,Промостатья: Моя история 1 / Ж 25-54/ интерес_открытие бизнеса / рся / #dzen / 2603-1,Москва,1
2026-05-21,Промостатья: Моя история 1 / Ж 25-54/ интерес_открытие бизнеса / рся / #dzen / 2603-1,Мурманск,1
2026-05-21,Промостатья: Моя история 1 / Ж 25-54/ интерес_открытие бизнеса / рся / #dzen / 2603-1,Пенза,1
2026-05-21,Промостатья: Моя история 1 / Ж 25-54/ интерес_открытие бизнеса / рся / #dzen / 2603-1,Самара,1
2026-05-21,Промостатья: Моя история 1 / Ж 25-54/ интерес_открытие бизнеса / рся / #dzen / 2603-1,Санкт-Петербург,1
2026-05-21,Промостатья: Моя история 1 / Ж 25-54/ интерес_открытие бизнеса / рся / #dzen / 2603-1,Симферополь,1
2026-05-21,Промостатья: Моя история 1 / Ж 25-54/ интерес_открытие бизнеса / рся / #dzen / 2603-1,Смоленск,1
2026-05-21,Промостатья: Моя история 1 / Ж 25-54/ интерес_открытие бизнеса / рся / #dzen / 2603-1,Ставрополь,1
2026-05-21,Промостатья: Моя история 1 / Ж 25-54/ интерес_открытие бизнеса / рся / #dzen / 2603-1,Стерлитамак,1
2026-05-21,Промостатья: Моя история 1 / Ж 25-54/ интерес_открытие бизнеса / рся / #dzen / 2603-1,Томск,1
2026-05-22,Промостатья: Моя история 1 / Ж 25-54/ интерес_открытие бизнеса / рся / #dzen / 2603-1,Казань,1
2026-05-22,Промостатья: Моя история 1 / Ж 25-54/ интерес_открытие бизнеса / рся / #dzen / 2603-1,Санкт-Петербург,1
2026-05-22,Промостатья: Моя история 1 / Ж 25-54/ интерес_открытие бизнеса / рся / #dzen / 2603-1,Тула,1
2026-05-22,Промостатья: Моя история 1 / Ж 25-54/ интерес_открытие бизнеса / рся / #dzen / 2603-1,Чита,1
2026-05-22,Промостатья: Моя история 1 / Ж 25-54/ интерес_открытие бизнеса / рся / #dzen / 2603-1,Ярославль,1
2026-05-23,Промостатья: Моя история 1 / Ж 25-54/ интерес_открытие бизнеса / рся / #dzen / 2603-1,Барнаул,1
2026-05-23,Промостатья: Моя история 1 / Ж 25-54/ интерес_открытие бизнеса / рся / #dzen / 2603-1,Белгород,1
2026-05-23,Промостатья: Моя история 1 / Ж 25-54/ интерес_открытие бизнеса / рся / #dzen / 2603-1,Иркутск,1
2026-05-23,Промостатья: Моя история 1 / Ж 25-54/ интерес_открытие бизнеса / рся / #dzen / 2603-1,Краснодар,1
2026-05-23,Промостатья: Моя история 1 / Ж 25-54/ интерес_открытие бизнеса / рся / #dzen / 2603-1,Подольск,1
2026-05-23,Промостатья: Моя история 1 / Ж 25-54/ интерес_открытие бизнеса / рся / #dzen / 2603-1,Самара,1
2026-05-23,Промостатья: Моя история 1 / Ж 25-54/ интерес_открытие бизнеса / рся / #dzen / 2603-1,Санкт-Петербург,1
2026-05-23,Промостатья: Моя история 1 / Ж 25-54/ интерес_открытие бизнеса / рся / #dzen / 2603-1,Ставрополь,1
2026-05-23,Промостатья: Моя история 1 / Ж 25-54/ интерес_открытие бизнеса / рся / #dzen / 2603-1,Тула,1
2026-05-23,Промостатья: Моя история 1 / Ж 25-54/ интерес_открытие бизнеса / рся / #dzen / 2603-1,Энгельс,1
2026-05-23,Промостатья: Моя история 1 | Цена перехода | Ж25-54,Не определено,1
2026-05-24,Промостатья: Моя история 1 / Ж 25-54 / интерес_франшиза / рся / #dzen / 2602-1,Муром,1
2026-05-24,Промостатья: Моя история 1 / Ж 25-54/ интерес_открытие бизнеса / рся / #dzen / 2603-1,Бийск,1
2026-05-24,Промостатья: Моя история 1 / Ж 25-54/ интерес_открытие бизнеса / рся / #dzen / 2603-1,Бурса,1
2026-05-24,Промостатья: Моя история 1 / Ж 25-54/ интерес_открытие бизнеса / рся / #dzen / 2603-1,Воронеж,1
2026-05-24,Промостатья: Моя история 1 / Ж 25-54/ интерес_открытие бизнеса / рся / #dzen / 2603-1,Дзержинск,1
2026-05-24,Промостатья: Моя история 1 / Ж 25-54/ интерес_открытие бизнеса / рся / #dzen / 2603-1,Екатеринбург,1
2026-05-24,Промостатья: Моя история 1 / Ж 25-54/ интерес_открытие бизнеса / рся / #dzen / 2603-1,Иркутск,1
2026-05-24,Промостатья: Моя история 1 / Ж 25-54/ интерес_открытие бизнеса / рся / #dzen / 2603-1,Кемерово,1
2026-05-24,Промостатья: Моя история 1 / Ж 25-54/ интерес_открытие бизнеса / рся / #dzen / 2603-1,Кострома,1
2026-05-24,Промостатья: Моя история 1 / Ж 25-54/ интерес_открытие бизнеса / рся / #dzen / 2603-1,Курск,1
2026-05-24,Промостатья: Моя история 1 / Ж 25-54/ интерес_открытие бизнеса / рся / #dzen / 2603-1,Липецк,1
2026-05-24,Промостатья: Моя история 1 / Ж 25-54/ интерес_открытие бизнеса / рся / #dzen / 2603-1,Новороссийск,1
2026-05-24,Промостатья: Моя история 1 / Ж 25-54/ интерес_открытие бизнеса / рся / #dzen / 2603-1,Самара,1
2026-05-24,Промостатья: Моя история 1 / Ж 25-54/ интерес_открытие бизнеса / рся / #dzen / 2603-1,Севастополь,1
2026-05-24,Промостатья: Моя история 1 / Ж 25-54/ интерес_открытие бизнеса / рся / #dzen / 2603-1,Старый Оскол,1
2026-05-24,Промостатья: Моя история 1 / Ж 25-54/ интерес_открытие бизнеса / рся / #dzen / 2603-1,Тула,1
2026-05-25,Промостатья: Моя история 1 / Ж 25-54 / интерес_франшиза / рся / #dzen / 2602-1,Не определено,1
2026-05-25,Промостатья: Моя история 1 / Ж 25-54/ интерес_открытие бизнеса / рся / #dzen / 2603-1,Дзержинск,1
2026-05-25,Промостатья: Моя история 1 / Ж 25-54/ интерес_открытие бизнеса / рся / #dzen / 2603-1,Москва,1
2026-05-25,Промостатья: Моя история 1 / Ж 25-54/ интерес_открытие бизнеса / рся / #dzen / 2603-1,Санкт-Петербург,1
2026-05-25,Промостатья: Моя история 1 / Ж 25-54/ интерес_открытие бизнеса / рся / #dzen / 2603-1,Ставрополь,1
2026-05-26,Промостатья: Моя история 1 / Ж 25-54 / интерес_франшиза / рся / #dzen / 2602-1,Не определено,1
2026-05-26,Промостатья: Моя история 1 / Ж 25-54/ интерес_открытие бизнеса / рся / #dzen / 2603-1,Не определено,1
2026-05-26,Промостатья: Моя история 1 / Ж 25-54/ интерес_открытие бизнеса / рся / #dzen / 2603-1,Владивосток,1
2026-05-26,Промостатья: Моя история 1 / Ж 25-54/ интерес_открытие бизнеса / рся / #dzen / 2603-1,Рязань,1
2026-05-27,Промостатья: Моя история 1 / Ж 25-54 / интерес_франшиза / рся / #dzen / 2602-1,Не определено,1
2026-05-27,Промостатья: Моя история 1 / Ж 25-54/ интерес_открытие бизнеса / рся / #dzen / 2603-1,Владимир,1
2026-05-27,Промостатья: Моя история 1 / Ж 25-54/ интерес_открытие бизнеса / рся / #dzen / 2603-1,Краснодар,1
2026-05-27,Промостатья: Моя история 1 / Ж 25-54/ интерес_открытие бизнеса / рся / #dzen / 2603-1,Курган,1
2026-05-27,Промостатья: Моя история 1 / Ж 25-54/ интерес_открытие бизнеса / рся / #dzen / 2603-1,Москва,1
2026-05-27,Промостатья: Моя история 1 / Ж 25-54/ интерес_открытие бизнеса / рся / #dzen / 2603-1,Новосибирск,1
2026-05-27,Промостатья: Моя история 1 / Ж 25-54/ интерес_открытие бизнеса / рся / #dzen / 2603-1,Таганрог,1
2026-05-27,Промостатья: Моя история 1 / Ж 25-54/ интерес_открытие бизнеса / рся / #dzen / 2603-1,Уфа,1
2026-05-28,Промостатья: Моя история 1 / Ж 25-54 / интерес_франшиза / рся / #dzen / 2602-1,Краснодар,1
2026-05-28,Промостатья: Моя история 1 / Ж 25-54 / интерес_франшиза / рся / #dzen / 2602-1,Липецк,1
2026-05-28,Промостатья: Моя история 1 / Ж 25-54 / интерес_франшиза / рся / #dzen / 2602-1,Оренбург,1
2026-05-28,Промостатья: Моя история 1 / Ж 25-54 / интерес_франшиза / рся / #dzen / 2602-1,Хабаровск,1
2026-05-28,Промостатья: Моя история 1 / Ж 25-54/ интерес_открытие бизнеса / рся / #dzen / 2603-1,Анапа,1
2026-05-28,Промостатья: Моя история 1 / Ж 25-54/ интерес_открытие бизнеса / рся / #dzen / 2603-1,Екатеринбург,1
2026-05-28,Промостатья: Моя история 1 / Ж 25-54/ интерес_открытие бизнеса / рся / #dzen / 2603-1,Казань,1
2026-05-28,Промостатья: Моя история 1 / Ж 25-54/ интерес_открытие бизнеса / рся / #dzen / 2603-1,Кисловодск,1
2026-05-28,Промостатья: Моя история 1 / Ж 25-54/ интерес_открытие бизнеса / рся / #dzen / 2603-1,Магадан,1
2026-05-28,Промостатья: Моя история 1 / Ж 25-54/ интерес_открытие бизнеса / рся / #dzen / 2603-1,Одинцово,1
2026-05-28,Промостатья: Моя история 1 / Ж 25-54/ интерес_открытие бизнеса / рся / #dzen / 2603-1,Пенза,1
2026-05-28,Промостатья: Моя история 1 / Ж 25-54/ интерес_открытие бизнеса / рся / #dzen / 2603-1,Самара,1
2026-05-28,Промостатья: Моя история 1 / Ж 25-54/ интерес_открытие бизнеса / рся / #dzen / 2603-1,Санкт-Петербург,1
2026-05-28,Промостатья: Моя история 1 / Ж 25-54/ интерес_открытие бизнеса / рся / #dzen / 2603-1,Тольятти,1
2026-05-28,Промостатья: Моя история 1 / Ж 25-54/ интерес_открытие бизнеса / рся / #dzen / 2603-1,Трёхгорный,1
2026-05-28,Промостатья: Моя история 1 / Ж 25-54/ интерес_открытие бизнеса / рся / #dzen / 2603-1,Якутск,1
2026-05-28,Промостатья: рынок и тренды 1 / Ж25-44 / интерес_франшиза / рся / #dzen / 2404,Алушта,1
2026-05-28,Промостатья: рынок и тренды 1 / Ж25-44 / интерес_франшиза / рся / #dzen / 2404,Архангельск,1
2026-05-28,Промостатья: рынок и тренды 1 / Ж25-44 / интерес_франшиза / рся / #dzen / 2404,Владимир,1
2026-05-28,Промостатья: рынок и тренды 1 / Ж25-44 / интерес_франшиза / рся / #dzen / 2404,Железногорск,1
2026-05-28,Промостатья: рынок и тренды 1 / Ж25-44 / интерес_франшиза / рся / #dzen / 2404,Ижевск,1
2026-05-28,Промостатья: рынок и тренды 1 / Ж25-44 / интерес_франшиза / рся / #dzen / 2404,Иркутск,1
2026-05-28,Промостатья: рынок и тренды 1 / Ж25-44 / интерес_франшиза / рся / #dzen / 2404,Казань,1
2026-05-28,Промостатья: рынок и тренды 1 / Ж25-44 / интерес_франшиза / рся / #dzen / 2404,Калининград,1
2026-05-28,Промостатья: рынок и тренды 1 / Ж25-44 / интерес_франшиза / рся / #dzen / 2404,Калуга,1
2026-05-28,Промостатья: рынок и тренды 1 / Ж25-44 / интерес_франшиза / рся / #dzen / 2404,Магнитогорск,1
2026-05-28,Промостатья: рынок и тренды 1 / Ж25-44 / интерес_франшиза / рся / #dzen / 2404,Набережные Челны,1
2026-05-28,Промостатья: рынок и тренды 1 / Ж25-44 / интерес_франшиза / рся / #dzen / 2404,Нижний Новгород,1
2026-05-28,Промостатья: рынок и тренды 1 / Ж25-44 / интерес_франшиза / рся / #dzen / 2404,Новосибирск,1
2026-05-28,Промостатья: рынок и тренды 1 / Ж25-44 / интерес_франшиза / рся / #dzen / 2404,Новый Уренгой,1
2026-05-28,Промостатья: рынок и тренды 1 / Ж25-44 / интерес_франшиза / рся / #dzen / 2404,Петрозаводск,1
2026-05-28,Промостатья: рынок и тренды 1 / Ж25-44 / интерес_франшиза / рся / #dzen / 2404,Пятигорск,1
2026-05-28,Промостатья: рынок и тренды 1 / Ж25-44 / интерес_франшиза / рся / #dzen / 2404,Севастополь,1
2026-05-28,Промостатья: рынок и тренды 1 / Ж25-44 / интерес_франшиза / рся / #dzen / 2404,Среднеуральск,1
2026-05-28,Промостатья: рынок и тренды 1 / Ж25-44 / интерес_франшиза / рся / #dzen / 2404,Тюмень,1
2026-05-28,Промостатья: рынок и тренды 1 / Ж25-44 / интерес_франшиза / рся / #dzen / 2404,Челябинск,1
2026-05-29,Промостатья: Моя история 1 / Ж 25-54 / интерес_франшиза / рся / #dzen / 2602-1,Москва,1
2026-05-29,Промостатья: Моя история 1 / Ж 25-54/ интерес_открытие бизнеса / рся / #dzen / 2603-1,Биробиджан,1
2026-05-29,Промостатья: Моя история 1 / Ж 25-54/ интерес_открытие бизнеса / рся / #dzen / 2603-1,Владимир,1
2026-05-29,Промостатья: Моя история 1 / Ж 25-54/ интерес_открытие бизнеса / рся / #dzen / 2603-1,Волгоград,1
2026-05-29,Промостатья: Моя история 1 / Ж 25-54/ интерес_открытие бизнеса / рся / #dzen / 2603-1,Воронеж,1
2026-05-29,Промостатья: Моя история 1 / Ж 25-54/ интерес_открытие бизнеса / рся / #dzen / 2603-1,Кирово-Чепецк,1
2026-05-29,Промостатья: Моя история 1 / Ж 25-54/ интерес_открытие бизнеса / рся / #dzen / 2603-1,Курск,1
2026-05-29,Промостатья: Моя история 1 / Ж 25-54/ интерес_открытие бизнеса / рся / #dzen / 2603-1,Магнитогорск,1
2026-05-29,Промостатья: Моя история 1 / Ж 25-54/ интерес_открытие бизнеса / рся / #dzen / 2603-1,Мурино,1
2026-05-29,Промостатья: Моя история 1 / Ж 25-54/ интерес_открытие бизнеса / рся / #dzen / 2603-1,Муром,1
2026-05-29,Промостатья: Моя история 1 / Ж 25-54/ интерес_открытие бизнеса / рся / #dzen / 2603-1,Нижний Новгород,1
2026-05-29,Промостатья: Моя история 1 / Ж 25-54/ интерес_открытие бизнеса / рся / #dzen / 2603-1,Павловский Посад,1
2026-05-29,Промостатья: Моя история 1 / Ж 25-54/ интерес_открытие бизнеса / рся / #dzen / 2603-1,Ртищево,1
2026-05-29,Промостатья: Моя история 1 / Ж 25-54/ интерес_открытие бизнеса / рся / #dzen / 2603-1,Санкт-Петербург,1
2026-05-29,Промостатья: Моя история 1 / Ж 25-54/ интерес_открытие бизнеса / рся / #dzen / 2603-1,Саратов,1
2026-05-29,Промостатья: Моя история 1 / Ж 25-54/ интерес_открытие бизнеса / рся / #dzen / 2603-1,Севастополь,1
2026-05-29,Промостатья: Моя история 1 / Ж 25-54/ интерес_открытие бизнеса / рся / #dzen / 2603-1,Тверь,1
2026-05-29,Промостатья: Моя история 1 / Ж 25-54/ интерес_открытие бизнеса / рся / #dzen / 2603-1,Тюмень,1
2026-05-29,Промостатья: рынок и тренды 1 / Ж25-44 / интерес_франшиза / рся / #dzen / 2404,Балашиха,1
2026-05-29,Промостатья: рынок и тренды 1 / Ж25-44 / интерес_франшиза / рся / #dzen / 2404,Кострома,1
2026-05-29,Промостатья: рынок и тренды 1 / Ж25-44 / интерес_франшиза / рся / #dzen / 2404,Новосибирск,1
2026-05-29,Промостатья: рынок и тренды 1 / Ж25-44 / интерес_франшиза / рся / #dzen / 2404,Рязань,1
2026-05-29,Промостатья: рынок и тренды 1 / Ж25-44 / интерес_франшиза / рся / #dzen / 2404,Санкт-Петербург,1
2026-05-29,Промостатья: рынок и тренды 1 / Ж25-44 / интерес_франшиза / рся / #dzen / 2404,Сызрань,1
2026-05-29,Промостатья: рынок и тренды 1 / Ж25-44 / интерес_франшиза / рся / #dzen / 2404,Тольятти,1
2026-05-29,Промостатья: рынок и тренды 1 / Ж25-44 / интерес_франшиза / рся / #dzen / 2404,Феодосия,1
2026-05-29,Промостатья: рынок и тренды 1 / Ж25-44 / интерес_франшиза / рся / #dzen / 2404,Якутск,1
2026-05-30,Промостатья: Моя история 1 / Ж 25-54/ интерес_открытие бизнеса / рся / #dzen / 2603-1,Саратов,1
2026-05-30,Промостатья: Моя история 1 / Ж 25-54/ интерес_открытие бизнеса / рся / #dzen / 2603-1,Смоленск,1
2026-05-31,Промостатья: Моя история 1 / Ж 25-54 / интерес_франшиза / рся / #dzen / 2602-1,Не определено,1
2026-05-31,Промостатья: Моя история 1 / Ж 25-54 / интерес_франшиза / рся / #dzen / 2602-1,Москва,1
2026-05-31,Промостатья: Моя история 1 / Ж 25-54 / интерес_франшиза / рся / #dzen / 2602-1,Якутск,1
2026-05-31,Промостатья: Моя история 1 / Ж 25-54/ интерес_открытие бизнеса / рся / #dzen / 2603-1,Астрахань,1
2026-05-31,Промостатья: Моя история 1 / Ж 25-54/ интерес_открытие бизнеса / рся / #dzen / 2603-1,Курган,1
2026-05-31,Промостатья: Моя история 1 / Ж 25-54/ интерес_открытие бизнеса / рся / #dzen / 2603-1,Пермь,1
2026-05-31,Промостатья: Моя история 1 / Ж 25-54/ интерес_открытие бизнеса / рся / #dzen / 2603-1,Самара,1
2026-05-31,Промостатья: Моя история 1 / Ж 25-54/ интерес_открытие бизнеса / рся / #dzen / 2603-1,Саратов,1
2026-06-01,Промостатья: Моя история 1 / Ж 25-54 / интерес_франшиза / рся / #dzen / 2602-1,Не определено,1
2026-06-01,Промостатья: Моя история 1 / Ж 25-54/ интерес_открытие бизнеса / рся / #dzen / 2603-1,Ачинск,1
2026-06-01,Промостатья: Моя история 1 / Ж 25-54/ интерес_открытие бизнеса / рся / #dzen / 2603-1,Владимир,1
2026-06-01,Промостатья: Моя история 1 / Ж 25-54/ интерес_открытие бизнеса / рся / #dzen / 2603-1,Дмитров,1
2026-06-01,Промостатья: Моя история 1 / Ж 25-54/ интерес_открытие бизнеса / рся / #dzen / 2603-1,Домодедово,1
2026-06-01,Промостатья: Моя история 1 / Ж 25-54/ интерес_открытие бизнеса / рся / #dzen / 2603-1,Иркутск,1
2026-06-01,Промостатья: Моя история 1 / Ж 25-54/ интерес_открытие бизнеса / рся / #dzen / 2603-1,Курган,1
2026-06-01,Промостатья: Моя история 1 / Ж 25-54/ интерес_открытие бизнеса / рся / #dzen / 2603-1,Липецк,1
2026-06-01,Промостатья: Моя история 1 / Ж 25-54/ интерес_открытие бизнеса / рся / #dzen / 2603-1,Новороссийск,1
2026-06-01,Промостатья: Моя история 1 / Ж 25-54/ интерес_открытие бизнеса / рся / #dzen / 2603-1,Ростов-на-Дону,1
2026-06-01,Промостатья: Моя история 1 / Ж 25-54/ интерес_открытие бизнеса / рся / #dzen / 2603-1,Рязань,1
2026-06-01,Промостатья: Моя история 1 / Ж 25-54/ интерес_открытие бизнеса / рся / #dzen / 2603-1,Саратов,1
2026-06-01,Промостатья: Моя история 1 / Ж 25-54/ интерес_открытие бизнеса / рся / #dzen / 2603-1,Сочи,1
2026-06-01,Промостатья: Моя история 1 / Ж 25-54/ интерес_открытие бизнеса / рся / #dzen / 2603-1,Ханты-Мансийск,1
2026-06-01,Промостатья: Моя история 1 / Ж 25-54/ интерес_открытие бизнеса / рся / #dzen / 2603-1,Ярославль,1
2026-06-02,Промостатья: Моя история 1 / Ж 25-54 / интерес_франшиза / рся / #dzen / 2602-1,Москва,1
2026-06-02,Промостатья: Моя история 1 / Ж 25-54 / интерес_франшиза / рся / #dzen / 2602-1,Ростов-на-Дону,1
2026-06-02,Промостатья: Моя история 1 / Ж 25-54 / интерес_франшиза / рся / #dzen / 2602-1,Тверь,1
2026-06-02,Промостатья: Моя история 1 / Ж 25-54/ интерес_открытие бизнеса / рся / #dzen / 2603-1,Не определено,1
2026-06-02,Промостатья: Моя история 1 / Ж 25-54/ интерес_открытие бизнеса / рся / #dzen / 2603-1,Севастополь,1
2026-06-02,Промостатья: Моя история 1 / Ж 25-54/ интерес_открытие бизнеса / рся / #dzen / 2603-1,Симферополь,1
2026-06-03,Промостатья: Моя история 1 / Ж 25-54 / интерес_франшиза / рся / #dzen / 2602-1,Волгоград,1
2026-06-03,Промостатья: Моя история 1 / Ж 25-54 / интерес_франшиза / рся / #dzen / 2602-1,Грозный,1
2026-06-03,Промостатья: Моя история 1 / Ж 25-54 / интерес_франшиза / рся / #dzen / 2602-1,Калининград,1
2026-06-03,Промостатья: Моя история 1 / Ж 25-54 / интерес_франшиза / рся / #dzen / 2602-1,Нижний Новгород,1
2026-06-03,Промостатья: Моя история 1 / Ж 25-54/ интерес_открытие бизнеса / рся / #dzen / 2603-1,Москва,1
2026-06-04,Промостатья: Моя история 1 / Ж 25-54/ интерес_открытие бизнеса / рся / #dzen / 2603-1,Аксай,1
2026-06-05,Промостатья: Моя история 1 / Ж 25-54 / интерес_франшиза / рся / #dzen / 2602-1,Не определено,1
2026-06-05,Промостатья: Моя история 1 / Ж 25-54 / интерес_франшиза / рся / #dzen / 2602-1,Воронеж,1
2026-06-05,Промостатья: Моя история 1 / Ж 25-54/ интерес_открытие бизнеса / рся / #dzen / 2603-1,Не определено,1
2026-06-05,Промостатья: Моя история 1 / Ж 25-54/ интерес_открытие бизнеса / рся / #dzen / 2603-1,Ростов-на-Дону,1
2026-06-05,Промостатья: Моя история 1 / Ж 25-54/ интерес_открытие бизнеса / рся / #dzen / 2603-1,Саратов,1
2026-06-06,Промостатья: Моя история 1 / Ж 25-54 / интерес_франшиза / рся / #dzen / 2602-1,Не определено,1
2026-06-06,Промостатья: Моя история 1 / Ж 25-54/ интерес_открытие бизнеса / рся / #dzen / 2603-1,Не определено,1
2026-06-06,Промостатья: Моя история 1 / Ж 25-54/ интерес_открытие бизнеса / рся / #dzen / 2603-1,Ижевск,1
2026-06-07,Промостатья: Моя история 1 / Ж 25-54/ интерес_открытие бизнеса / рся / #dzen / 2603-1,Чебоксары,1
2026-06-07,Промостатья: Моя история 1 / Ж 25-54/ интерес_открытие бизнеса / рся / #dzen / 2603-1,Якутск,1
2026-06-08,Промостатья: Моя история 1 / Ж 25-54/ интерес_открытие бизнеса / рся / #dzen / 2603-1,Тюмень,1
2026-06-09,Промостатья: Моя история 1 / Ж 25-54 / интерес_франшиза / рся / #dzen / 2602-1,Липецк,1
2026-06-10,Промостатья: Моя история 1 / Ж 25-54 / интерес_франшиза / рся / #dzen / 2602-1,Не определено,1
2026-06-10,Промостатья: Моя история 1 / Ж 25-54 / интерес_франшиза / рся / #dzen / 2602-1,Москва,1
2026-06-10,Промостатья: Моя история 1 / Ж 25-54 / интерес_франшиза / рся / #dzen / 2602-1,Чита,1
2026-06-11,Промостатья: Моя история 1 / Ж 25-54 / интерес_франшиза / рся / #dzen / 2602-1,Белгород,1
2026-06-11,Промостатья: Моя история 1 / Ж 25-54 / интерес_франшиза / рся / #dzen / 2602-1,Санкт-Петербург,1
2026-06-11,Промостатья: Моя история 1 / Ж 25-54/ интерес_открытие бизнеса / рся / #dzen / 2603-1,Ростов-на-Дону,1
2026-06-11,Промостатья: Моя история 1 / Ж 25-54/ интерес_открытие бизнеса / рся / #dzen / 2603-1,Ставрополь,1
2026-06-12,Промостатья: Моя история 1 / Ж 25-54/ интерес_открытие бизнеса / рся / #dzen / 2603-1,Не определено,1
2026-06-12,Промостатья: Моя история 1 / Ж 25-54/ интерес_открытие бизнеса / рся / #dzen / 2603-1,Ставрополь,1
2026-06-13,Промостатья: Моя история 1 / Ж 25-54 / интерес_франшиза / рся / #dzen / 2602-1,Самара,1
2026-06-13,Промостатья: Моя история 1 / Ж 25-54/ интерес_открытие бизнеса / рся / #dzen / 2603-1,Кемерово,1
2026-06-14,Промостатья: Моя история 1 / Ж 25-54/ интерес_открытие бизнеса / рся / #dzen / 2603-1,Нижний Тагил,1
2026-06-14,Промостатья: Моя история 1 / Ж 25-54/ интерес_открытие бизнеса / рся / #dzen / 2603-1,Уфа,1
2026-06-15,Промостатья: Моя история 1 / Ж 25-54 / интерес_франшиза / рся / #dzen / 2602-1,Чита,1
2026-06-15,Промостатья: Моя история 1 / Ж 25-54/ интерес_открытие бизнеса / рся / #dzen / 2603-1,Не определено,1
2026-06-15,Промостатья: Моя история 1 / Ж 25-54/ интерес_открытие бизнеса / рся / #dzen / 2603-1,Архангельск,1
2026-06-15,Промостатья: Моя история 1 / Ж 25-54/ интерес_открытие бизнеса / рся / #dzen / 2603-1,Липецк,1
2026-06-15,Промостатья: Моя история 1 / Ж 25-54/ интерес_открытие бизнеса / рся / #dzen / 2603-1,Сальск,1
2026-06-16,Промостатья: Моя история 1 / Ж 25-54/ интерес_открытие бизнеса / рся / #dzen / 2603-1,Иркутск,1
2026-06-16,Промостатья: Моя история 1 / Ж 25-54/ интерес_открытие бизнеса / рся / #dzen / 2603-1,Нижний Новгород,1
2026-06-16,Промостатья: Моя история 1 / Ж 25-54/ интерес_открытие бизнеса / рся / #dzen / 2603-1,Омск,1
2026-06-16,Промостатья: Моя история 1 / Ж 25-54/ интерес_открытие бизнеса / рся / #dzen / 2603-1,Раменское,1
2026-06-16,Промостатья: Моя история 1 / Ж 25-54/ интерес_открытие бизнеса / рся / #dzen / 2603-1,Самара,1
2026-06-16,Промостатья: Моя история 1 / Ж 25-54/ интерес_открытие бизнеса / рся / #dzen / 2603-1,Ульяновск,1
2026-06-16,Промостатья: Моя история 1 / Ж 25-54/ интерес_открытие бизнеса / рся / #dzen / 2603-1,Уфа,1
2026-06-16,Промостатья: Моя история 1 / Ж 25-54/ интерес_открытие бизнеса / рся / #dzen / 2603-1,Энгельс,1
2026-06-17,Промостатья: Моя история 1 / Ж 25-54 / интерес_франшиза / рся / #dzen / 2602-1,Углич,1
2026-06-17,Промостатья: Моя история 1 / Ж 25-54/ интерес_открытие бизнеса / рся / #dzen / 2603-1,Не определено,1
2026-06-17,Промостатья: Моя история 1 / Ж 25-54/ интерес_открытие бизнеса / рся / #dzen / 2603-1,Заречный,1
2026-06-17,Промостатья: Моя история 1 / Ж 25-54/ интерес_открытие бизнеса / рся / #dzen / 2603-1,Кострома,1
2026-06-17,Промостатья: Моя история 1 / Ж 25-54/ интерес_открытие бизнеса / рся / #dzen / 2603-1,Москва,1
2026-06-17,Промостатья: Моя история 1 / Ж 25-54/ интерес_открытие бизнеса / рся / #dzen / 2603-1,Обнинск,1
2026-06-17,Промостатья: Моя история 1 / Ж 25-54/ интерес_открытие бизнеса / рся / #dzen / 2603-1,Санкт-Петербург,1
2026-06-17,Промостатья: Моя история 1 / Ж 25-54/ интерес_открытие бизнеса / рся / #dzen / 2603-1,Ставрополь,1
2026-06-17,Промостатья: Моя история 1 / Ж 25-54/ интерес_открытие бизнеса / рся / #dzen / 2603-1,Тюмень,1
2026-06-17,Промостатья: Моя история 1 / Ж 25-54/ интерес_открытие бизнеса / рся / #dzen / 2603-1,Чебоксары,1
2026-06-17,Промостатья: рынок и тренды 1 / М25-44 / интерес_франшиза / рся / #dzen / 2603-1,Санкт-Петербург,1
2026-06-20,Промостатья: Моя история 1 / Ж 25-54 / интерес_франшиза / рся / #dzen / 2602-1,Не определено,1
2026-06-20,Промостатья: Моя история 1 / Ж 25-54 / интерес_франшиза / рся / #dzen / 2602-1,Москва,1
2026-06-20,Промостатья: Моя история 1 / Ж 25-54 / интерес_франшиза / рся / #dzen / 2602-1,Симферополь,1
2026-06-20,Промостатья: рынок и тренды 1 / М25-44 / интерес_франшиза / рся / #dzen / 2603-1,Кореновск,1
2026-06-25,Промостатья: Моя история 1 / Ж 25-54 / интерес_франшиза / рся / #dzen / 2602-1,Барнаул,1
2026-06-25,Промостатья: Моя история 1 / Ж 25-54 / интерес_франшиза / рся / #dzen / 2602-1,Геленджик,1
2026-06-25,Промостатья: Моя история 1 / Ж 25-54 / интерес_франшиза / рся / #dzen / 2602-1,Москва,1
2026-06-25,Промостатья: Моя история 1 / Ж 25-54 / интерес_франшиза / рся / #dzen / 2602-1,Ростов-на-Дону,1
2026-06-25,Промостатья: Моя история 1 / Ж 25-54 / интерес_франшиза / рся / #dzen / 2602-1,Рязань,1
2026-06-25,Промостатья: Моя история 1 / Ж 25-54 / интерес_франшиза / рся / #dzen / 2602-1,Тверь,1
2026-06-25,Промостатья: Моя история 1 / Ж 25-54 / интерес_франшиза / рся / #dzen / 2602-1,Феодосия,1
2026-06-25,Промостатья: Моя история 1 / Ж 25-54/ интерес_открытие бизнеса / рся / #dzen / 2603-1,Волжский,1
2026-06-25,Промостатья: Моя история 1 / Ж 25-54/ интерес_открытие бизнеса / рся / #dzen / 2603-1,Воронеж,1
2026-06-25,Промостатья: Моя история 1 / Ж 25-54/ интерес_открытие бизнеса / рся / #dzen / 2603-1,Екатеринбург,1
2026-06-25,Промостатья: Моя история 1 / Ж 25-54/ интерес_открытие бизнеса / рся / #dzen / 2603-1,Иваново,1
2026-06-25,Промостатья: Моя история 1 / Ж 25-54/ интерес_открытие бизнеса / рся / #dzen / 2603-1,Керчь,1
2026-06-25,Промостатья: Моя история 1 / Ж 25-54/ интерес_открытие бизнеса / рся / #dzen / 2603-1,Люберцы,1
2026-06-25,Промостатья: Моя история 1 / Ж 25-54/ интерес_открытие бизнеса / рся / #dzen / 2603-1,Орехово-Зуево,1
2026-06-25,Промостатья: Моя история 1 / Ж 25-54/ интерес_открытие бизнеса / рся / #dzen / 2603-1,Пенза,1
2026-06-25,Промостатья: Моя история 1 / Ж 25-54/ интерес_открытие бизнеса / рся / #dzen / 2603-1,Санкт-Петербург,1
2026-06-25,Промостатья: Моя история 1 / Ж 25-54/ интерес_открытие бизнеса / рся / #dzen / 2603-1,Тверь,1
2026-06-25,Промостатья: Моя история 1 / Ж 25-54/ интерес_открытие бизнеса / рся / #dzen / 2603-1,Тюмень,1
2026-06-25,Промостатья: Моя история 1 / Ж 25-54/ интерес_открытие бизнеса / рся / #dzen / 2603-1,Ялта,1
2026-06-26,Промостатья: Моя история 1 / Ж 25-54 / интерес_франшиза / рся / #dzen / 2602-1,Сердобск,1
2026-06-26,Промостатья: Моя история 1 / Ж 25-54/ интерес_открытие бизнеса / рся / #dzen / 2603-1,Не определено,1
2026-06-26,Промостатья: Моя история 1 / Ж 25-54/ интерес_открытие бизнеса / рся / #dzen / 2603-1,Воронеж,1
2026-06-26,Промостатья: Моя история 1 / Ж 25-54/ интерес_открытие бизнеса / рся / #dzen / 2603-1,Щекино,1
2026-06-26,Промостатья: рынок и тренды 1 / М25-44 / интерес_франшиза / рся / #dzen / 2603-1,Санкт-Петербург,1
2026-06-27,Промостатья: Моя история 1 / Ж 25-54/ интерес_открытие бизнеса / рся / #dzen / 2603-1,Казань,1
2026-06-27,Промостатья: Моя история 1 / Ж 25-54/ интерес_открытие бизнеса / рся / #dzen / 2603-1,Краснодар,1
2026-06-27,Промостатья: Моя история 1 / Ж 25-54/ интерес_открытие бизнеса / рся / #dzen / 2603-1,Пятигорск,1
2026-06-27,Промостатья: Моя история 1 / Ж 25-54/ интерес_открытие бизнеса / рся / #dzen / 2603-1,Ульяновск,1
2026-06-27,Промостатья: рынок и тренды 1 / М25-44 / интерес_франшиза / рся / #dzen / 2603-1,Екатеринбург,1
2026-06-28,Промостатья: Моя история 1 / Ж 25-54 / интерес_франшиза / рся / #dzen / 2602-1,Не определено,1
2026-06-28,Промостатья: Моя история 1 / Ж 25-54/ интерес_открытие бизнеса / рся / #dzen / 2603-1,Люберцы,1
2026-06-29,Промостатья: Моя история 1 / Ж 25-54 / интерес_франшиза / рся / #dzen / 2602-1,Не определено,1
2026-06-29,Промостатья: Моя история 1 / Ж 25-54 / интерес_франшиза / рся / #dzen / 2602-1,Самара,1
2026-06-29,Промостатья: Моя история 1 / Ж 25-54 / интерес_франшиза / рся / #dzen / 2602-1,Саратов,1
2026-06-29,Промостатья: Моя история 1 / Ж 25-54 / интерес_франшиза / рся / #dzen / 2602-1,Сочи,1
2026-06-29,Промостатья: Моя история 1 / Ж 25-54 / интерес_франшиза / рся / #dzen / 2602-1,Ярославль,1
2026-06-29,Промостатья: Моя история 1 / Ж 25-54/ интерес_открытие бизнеса / рся / #dzen / 2603-1,Воронеж,1
2026-06-29,Промостатья: Моя история 1 / Ж 25-54/ интерес_открытие бизнеса / рся / #dzen / 2603-1,Калининград,1
2026-06-29,Промостатья: Моя история 1 / Ж 25-54/ интерес_открытие бизнеса / рся / #dzen / 2603-1,Красноярск,1
2026-06-29,Промостатья: Моя история 1 / Ж 25-54/ интерес_открытие бизнеса / рся / #dzen / 2603-1,Москва,1
2026-06-29,Промостатья: Моя история 1 / Ж 25-54/ интерес_открытие бизнеса / рся / #dzen / 2603-1,Оренбург,1
2026-06-29,Промостатья: Моя история 1 / Ж 25-54/ интерес_открытие бизнеса / рся / #dzen / 2603-1,Пенза,1
2026-06-29,Промостатья: Моя история 1 / Ж 25-54/ интерес_открытие бизнеса / рся / #dzen / 2603-1,Самара,1
2026-06-29,Промостатья: Моя история 1 / Ж 25-54/ интерес_открытие бизнеса / рся / #dzen / 2603-1,Санкт-Петербург,1
2026-06-29,Промостатья: рынок и тренды 1 / М25-44 / интерес_франшиза / рся / #dzen / 2603-1,Минеральные Воды,1
2026-06-30,Промостатья: Моя история 1 / Ж 25-54 / интерес_франшиза / рся / #dzen / 2602-1,Не определено,1
2026-06-30,Промостатья: Моя история 1 / Ж 25-54 / интерес_франшиза / рся / #dzen / 2602-1,Екатеринбург,1
2026-06-30,Промостатья: Моя история 1 / Ж 25-54 / интерес_франшиза / рся / #dzen / 2602-1,Красноярск,1
2026-06-30,Промостатья: Моя история 1 / Ж 25-54 / интерес_франшиза / рся / #dzen / 2602-1,Москва,1
2026-06-30,Промостатья: Моя история 1 / Ж 25-54 / интерес_франшиза / рся / #dzen / 2602-1,Нижний Новгород,1
2026-06-30,Промостатья: Моя история 1 / Ж 25-54 / интерес_франшиза / рся / #dzen / 2602-1,Тамбов,1
2026-06-30,Промостатья: рынок и тренды 1 / М25-44 / интерес_франшиза / рся / #dzen / 2603-1,Краснодар,1
2026-06-30,Промостатья: рынок и тренды 1 / М25-44 / интерес_франшиза / рся / #dzen / 2603-1,Уфа,1
2026-07-18,Промостатья: Моя история 1 / Ж 25-54/ интерес_открытие бизнеса / рся / #dzen / 2603-1,Не определено,8
2026-07-19,Промостатья: Моя история 1 / Ж 25-54/ интерес_открытие бизнеса / рся / #dzen / 2603-1,Не определено,6
2026-07-01,Промостатья: Моя история 1 / Ж 25-54 / интерес_франшиза / рся / #dzen / 2602-1,Не определено,4
2026-07-01,Промостатья: Моя история 1 / Ж 25-54 / интерес_франшиза / рся / #dzen / 2602-1,Москва,4
2026-07-08,Промостатья: Моя история 1 / Ж 25-54/ интерес_открытие бизнеса / рся / #dzen / 2603-1,Не определено,4
2026-07-22,Промостатья: рынок и тренды 1 / М25-44 / интерес_франшиза / рся / #dzen / 2603-1,Не определено,4
2026-07-28,Промостатья: Моя история 1 / Ж 25-54 / интерес_франшиза / рся / #dzen / 2602-1,Москва,4
2026-07-04,Промостатья: Моя история 1 / Ж 25-54/ интерес_открытие бизнеса / рся / #dzen / 2603-1,Не определено,3
2026-07-05,Промостатья: Моя история 1 / Ж 25-54/ интерес_открытие бизнеса / рся / #dzen / 2603-1,Не определено,3
2026-07-17,Промостатья: Моя история 1 / Ж 25-54/ интерес_открытие бизнеса / рся / #dzen / 2603-1,Не определено,3
2026-07-19,Промостатья: Моя история 1 / Ж 25-54/ интерес_открытие бизнеса / рся / #dzen / 2603-1,Москва,3
2026-07-24,Промостатья: Моя история 1 / Ж 25-54/ интерес_открытие бизнеса / рся / #dzen / 2603-1,Москва,3
2026-07-28,Промостатья: Моя история 1 / Ж 25-54 / интерес_франшиза / рся / #dzen / 2602-1,Не определено,3
2026-08-18,Промостатья: Моя история 1 / Ж 25-54/ интерес_открытие бизнеса / рся / #dzen / 2603-1,Не определено,3
2026-07-01,Промостатья: Моя история 1 / Ж 25-54/ интерес_открытие бизнеса / рся / #dzen / 2603-1,Не определено,2
2026-07-01,Промостатья: Моя история 1 / Ж 25-54/ интерес_открытие бизнеса / рся / #dzen / 2603-1,Краснодар,2
2026-07-02,Промостатья: Моя история 1 / Ж 25-54/ интерес_открытие бизнеса / рся / #dzen / 2603-1,Не определено,2
2026-07-02,Промостатья: Моя история 1 / Ж 25-54/ интерес_открытие бизнеса / рся / #dzen / 2603-1,Москва,2
2026-07-03,Промостатья: Моя история 1 / Ж 25-54/ интерес_открытие бизнеса / рся / #dzen / 2603-1,Санкт-Петербург,2
2026-07-03,Промостатья: Моя история 1 / Ж 25-54/ интерес_открытие бизнеса / рся / #dzen / 2603-1,Челябинск,2
2026-07-04,Промостатья: Моя история 1 / Ж 25-54/ интерес_открытие бизнеса / рся / #dzen / 2603-1,Калуга,2
2026-07-04,Промостатья: Моя история 1 / Ж 25-54/ интерес_открытие бизнеса / рся / #dzen / 2603-1,Санкт-Петербург,2
2026-07-07,Промостатья: Моя история 1 / Ж 25-54/ интерес_открытие бизнеса / рся / #dzen / 2603-1,Не определено,2
2026-07-07,Промостатья: Моя история 1 / Ж 25-54/ интерес_открытие бизнеса / рся / #dzen / 2603-1,Заволжье,2
2026-07-07,Промостатья: Моя история 1 / Ж 25-54/ интерес_открытие бизнеса / рся / #dzen / 2603-1,Москва,2
2026-07-07,Промостатья: рынок и тренды 1 / М25-44 / интерес_франшиза / рся / #dzen / 2603-1,Белград,2
2026-07-08,Промостатья: Моя история 1 / Ж 25-54/ интерес_открытие бизнеса / рся / #dzen / 2603-1,Москва,2
2026-07-09,Промостатья: Моя история 1 / Ж 25-54/ интерес_открытие бизнеса / рся / #dzen / 2603-1,Москва,2
2026-07-11,Промостатья: Моя история 1 / Ж 25-54 / интерес_франшиза / рся / #dzen / 2602-1,Москва,2
2026-07-12,Промостатья: Моя история 1 / Ж 25-54/ интерес_открытие бизнеса / рся / #dzen / 2603-1,Воронеж,2
2026-07-13,Промостатья: Моя история 1 / Ж 25-54/ интерес_открытие бизнеса / рся / #dzen / 2603-1,Не определено,2
2026-07-14,Промостатья: Моя история 1 / Ж 25-54/ интерес_открытие бизнеса / рся / #dzen / 2603-1,Самара,2
2026-07-16,Промостатья: Моя история 1 / Ж 25-54/ интерес_открытие бизнеса / рся / #dzen / 2603-1,Краснодар,2
2026-07-17,Промостатья: Моя история 1 / Ж 25-54/ интерес_открытие бизнеса / рся / #dzen / 2603-1,Волгоград,2
2026-07-17,Промостатья: Моя история 1 / Ж 25-54/ интерес_открытие бизнеса / рся / #dzen / 2603-1,Ростов-на-Дону,2
2026-07-18,Промостатья: Моя история 1 / Ж 25-54 / интерес_франшиза / рся / #dzen / 2602-1,Краснодар,2
2026-07-18,Промостатья: Моя история 1 / Ж 25-54/ интерес_открытие бизнеса / рся / #dzen / 2603-1,Нижний Новгород,2
2026-07-18,Промостатья: Моя история 1 / Ж 25-54/ интерес_открытие бизнеса / рся / #dzen / 2603-1,Новосибирск,2
2026-07-18,Промостатья: Моя история 1 / Ж 25-54/ интерес_открытие бизнеса / рся / #dzen / 2603-1,Санкт-Петербург,2
2026-07-19,Промостатья: Моя история 1 / Ж 25-54/ интерес_открытие бизнеса / рся / #dzen / 2603-1,Екатеринбург,2
2026-07-19,Промостатья: Моя история 1 / Ж 25-54/ интерес_открытие бизнеса / рся / #dzen / 2603-1,Казань,2
2026-07-19,Промостатья: Моя история 1 / Ж 25-54/ интерес_открытие бизнеса / рся / #dzen / 2603-1,Новосибирск,2
2026-07-19,Промостатья: Моя история 1 / Ж 25-54/ интерес_открытие бизнеса / рся / #dzen / 2603-1,Оренбург,2
2026-07-19,Промостатья: Моя история 1 / Ж 25-54/ интерес_открытие бизнеса / рся / #dzen / 2603-1,Сергиев Посад,2
2026-07-19,Промостатья: Моя история 1 / Ж 25-54/ интерес_открытие бизнеса / рся / #dzen / 2603-1,Сочи,2
2026-07-21,Промостатья: Моя история 1 / Ж 25-54/ интерес_открытие бизнеса / рся / #dzen / 2603-1,Не определено,2
2026-07-22,Промостатья: Моя история 1 / Ж 25-54/ интерес_открытие бизнеса / рся / #dzen / 2603-1,Не определено,2
2026-07-25,Промостатья: Моя история 1 / Ж 25-54 / интерес_франшиза / рся / #dzen / 2602-1,Якутск,2
2026-07-26,Промостатья: Моя история 1 / Ж 25-54/ интерес_открытие бизнеса / рся / #dzen / 2603-1,Не определено,2
2026-07-27,Промостатья: Моя история 1 / Ж 25-54/ интерес_открытие бизнеса / рся / #dzen / 2603-1,Москва,2
2026-07-29,Промостатья: Моя история 1 / Ж 25-54/ интерес_открытие бизнеса / рся / #dzen / 2603-1,Екатеринбург,2
2026-08-01,Промостатья: Моя история 1 / Ж 25-54 / интерес_франшиза / рся / #dzen / 2602-1,Не определено,2
2026-08-01,Промостатья: Моя история 1 / Ж 25-54/ интерес_открытие бизнеса / рся / #dzen / 2603-1,Не определено,2
2026-08-09,Промостатья: рынок и тренды 1 / М25-44 / интерес_франшиза / рся / #dzen / 2603-1,Не определено,2
2026-08-10,Промостатья: Моя история 1 / Ж 25-54/ интерес_открытие бизнеса / рся / #dzen / 2603-1,Не определено,2
2026-08-10,Промостатья: рынок и тренды 1 / М25-44 / интерес_франшиза / рся / #dzen / 2603-1,Москва,2
2026-07-01,Промостатья: Моя история 1 / Ж 25-54 / интерес_франшиза / рся / #dzen / 2602-1,Екатеринбург,1
2026-07-01,Промостатья: Моя история 1 / Ж 25-54 / интерес_франшиза / рся / #dzen / 2602-1,Новосибирск,1
2026-07-01,Промостатья: Моя история 1 / Ж 25-54/ интерес_открытие бизнеса / рся / #dzen / 2603-1,Брянск,1
2026-07-01,Промостатья: Моя история 1 / Ж 25-54/ интерес_открытие бизнеса / рся / #dzen / 2603-1,Владивосток,1
2026-07-01,Промостатья: Моя история 1 / Ж 25-54/ интерес_открытие бизнеса / рся / #dzen / 2603-1,Омск,1
2026-07-02,Промостатья: Моя история 1 / Ж 25-54 / интерес_франшиза / рся / #dzen / 2602-1,Екатеринбург,1
2026-07-02,Промостатья: Моя история 1 / Ж 25-54 / интерес_франшиза / рся / #dzen / 2602-1,Калуга,1
2026-07-02,Промостатья: Моя история 1 / Ж 25-54 / интерес_франшиза / рся / #dzen / 2602-1,Москва,1
2026-07-02,Промостатья: Моя история 1 / Ж 25-54/ интерес_открытие бизнеса / рся / #dzen / 2603-1,Астрахань,1
2026-07-02,Промостатья: Моя история 1 / Ж 25-54/ интерес_открытие бизнеса / рся / #dzen / 2603-1,Донецк,1
2026-07-02,Промостатья: Моя история 1 / Ж 25-54/ интерес_открытие бизнеса / рся / #dzen / 2603-1,Краснодар,1
2026-07-02,Промостатья: Моя история 1 / Ж 25-54/ интерес_открытие бизнеса / рся / #dzen / 2603-1,Одинцово,1
2026-07-02,Промостатья: Моя история 1 / Ж 25-54/ интерес_открытие бизнеса / рся / #dzen / 2603-1,Тюмень,1
2026-07-02,Промостатья: Моя история 1 / Ж 25-54/ интерес_открытие бизнеса / рся / #dzen / 2603-1,Южноуральск,1
2026-07-02,Промостатья: рынок и тренды 1 / М25-44 / интерес_франшиза / рся / #dzen / 2603-1,Долгопрудный,1
2026-07-02,Промостатья: рынок и тренды 1 / М25-44 / интерес_франшиза / рся / #dzen / 2603-1,Иркутск,1
2026-07-03,Промостатья: Моя история 1 / Ж 25-54/ интерес_открытие бизнеса / рся / #dzen / 2603-1,Вологда,1
2026-07-03,Промостатья: Моя история 1 / Ж 25-54/ интерес_открытие бизнеса / рся / #dzen / 2603-1,Москва,1
2026-07-03,Промостатья: Моя история 1 / Ж 25-54/ интерес_открытие бизнеса / рся / #dzen / 2603-1,Новосибирск,1
2026-07-03,Промостатья: Моя история 1 / Ж 25-54/ интерес_открытие бизнеса / рся / #dzen / 2603-1,Саратов,1
2026-07-03,Промостатья: Моя история 1 / Ж 25-54/ интерес_открытие бизнеса / рся / #dzen / 2603-1,Томск,1
2026-07-03,Промостатья: Моя история 1 / Ж 25-54/ интерес_открытие бизнеса / рся / #dzen / 2603-1,Уфа,1
2026-07-03,Промостатья: рынок и тренды 1 / М25-44 / интерес_франшиза / рся / #dzen / 2603-1,Не определено,1
2026-07-03,Промостатья: рынок и тренды 1 / М25-44 / интерес_франшиза / рся / #dzen / 2603-1,Мадрид,1
2026-07-04,Промостатья: Моя история 1 / Ж 25-54 / интерес_франшиза / рся / #dzen / 2602-1,Домодедово,1
2026-07-04,Промостатья: Моя история 1 / Ж 25-54 / интерес_франшиза / рся / #dzen / 2602-1,Санкт-Петербург,1
2026-07-04,Промостатья: Моя история 1 / Ж 25-54/ интерес_открытие бизнеса / рся / #dzen / 2603-1,Иваново,1
2026-07-04,Промостатья: Моя история 1 / Ж 25-54/ интерес_открытие бизнеса / рся / #dzen / 2603-1,Йошкар-Ола,1
2026-07-04,Промостатья: Моя история 1 / Ж 25-54/ интерес_открытие бизнеса / рся / #dzen / 2603-1,Пермь,1
2026-07-04,Промостатья: Моя история 1 / Ж 25-54/ интерес_открытие бизнеса / рся / #dzen / 2603-1,Самара,1
2026-07-04,Промостатья: Моя история 1 / Ж 25-54/ интерес_открытие бизнеса / рся / #dzen / 2603-1,Старый Оскол,1
2026-07-05,Промостатья: Моя история 1 / Ж 25-54/ интерес_открытие бизнеса / рся / #dzen / 2603-1,Москва,1
2026-07-05,Промостатья: Моя история 1 / Ж 25-54/ интерес_открытие бизнеса / рся / #dzen / 2603-1,Санкт-Петербург,1
2026-07-06,Промостатья: Моя история 1 / Ж 25-54/ интерес_открытие бизнеса / рся / #dzen / 2603-1,Копейск,1
2026-07-06,Промостатья: Моя история 1 / Ж 25-54/ интерес_открытие бизнеса / рся / #dzen / 2603-1,Красноярск,1
2026-07-06,Промостатья: Моя история 1 / Ж 25-54/ интерес_открытие бизнеса / рся / #dzen / 2603-1,Саратов,1
2026-07-06,Промостатья: Моя история 1 / Ж 25-54/ интерес_открытие бизнеса / рся / #dzen / 2603-1,Таганрог,1
2026-07-07,Промостатья: Моя история 1 / Ж 25-54 / интерес_франшиза / рся / #dzen / 2602-1,Кострома,1
2026-07-07,Промостатья: Моя история 1 / Ж 25-54/ интерес_открытие бизнеса / рся / #dzen / 2603-1,Берёзовский,1
2026-07-07,Промостатья: Моя история 1 / Ж 25-54/ интерес_открытие бизнеса / рся / #dzen / 2603-1,Ивантеевка,1
2026-07-07,Промостатья: Моя история 1 / Ж 25-54/ интерес_открытие бизнеса / рся / #dzen / 2603-1,Улан-Удэ,1
2026-07-07,Промостатья: Моя история 1 / Ж 25-54/ интерес_открытие бизнеса / рся / #dzen / 2603-1,Шатура,1
2026-07-08,Промостатья: Моя история 1 / Ж 25-54/ интерес_открытие бизнеса / рся / #dzen / 2603-1,Ленинск-Кузнецкий,1
2026-07-08,Промостатья: Моя история 1 / Ж 25-54/ интерес_открытие бизнеса / рся / #dzen / 2603-1,Уфа,1
2026-07-09,Промостатья: Моя история 1 / Ж 25-54/ интерес_открытие бизнеса / рся / #dzen / 2603-1,Белгород,1
2026-07-09,Промостатья: Моя история 1 / Ж 25-54/ интерес_открытие бизнеса / рся / #dzen / 2603-1,Екатеринбург,1
2026-07-09,Промостатья: Моя история 1 / Ж 25-54/ интерес_открытие бизнеса / рся / #dzen / 2603-1,Ижевск,1
2026-07-09,Промостатья: Моя история 1 / Ж 25-54/ интерес_открытие бизнеса / рся / #dzen / 2603-1,Орёл,1
2026-07-09,Промостатья: Моя история 1 / Ж 25-54/ интерес_открытие бизнеса / рся / #dzen / 2603-1,Павлово,1
2026-07-09,Промостатья: Моя история 1 / Ж 25-54/ интерес_открытие бизнеса / рся / #dzen / 2603-1,Самара,1
2026-07-09,Промостатья: Моя история 1 / Ж 25-54/ интерес_открытие бизнеса / рся / #dzen / 2603-1,Якутск,1
2026-07-10,Промостатья: Моя история 1 / Ж 25-54/ интерес_открытие бизнеса / рся / #dzen / 2603-1,Не определено,1
2026-07-10,Промостатья: Моя история 1 / Ж 25-54/ интерес_открытие бизнеса / рся / #dzen / 2603-1,Новосибирск,1
2026-07-10,Промостатья: Моя история 1 / Ж 25-54/ интерес_открытие бизнеса / рся / #dzen / 2603-1,Туапсе,1
2026-07-11,Промостатья: Моя история 1 / Ж 25-54 / интерес_франшиза / рся / #dzen / 2602-1,Калуга,1
2026-07-12,Промостатья: Моя история 1 / Ж 25-54/ интерес_открытие бизнеса / рся / #dzen / 2603-1,Не определено,1
2026-07-12,Промостатья: Моя история 1 / Ж 25-54/ интерес_открытие бизнеса / рся / #dzen / 2603-1,Уфа,1
2026-07-13,Промостатья: Моя история 1 / Ж 25-54/ интерес_открытие бизнеса / рся / #dzen / 2603-1,Буй,1
2026-07-13,Промостатья: Моя история 1 / Ж 25-54/ интерес_открытие бизнеса / рся / #dzen / 2603-1,Санкт-Петербург,1
2026-07-13,Промостатья: Моя история 1 / Ж 25-54/ интерес_открытие бизнеса / рся / #dzen / 2603-1,Ставрополь,1
2026-07-14,Промостатья: Моя история 1 / Ж 25-54/ интерес_открытие бизнеса / рся / #dzen / 2603-1,Не определено,1
2026-07-14,Промостатья: Моя история 1 / Ж 25-54/ интерес_открытие бизнеса / рся / #dzen / 2603-1,Кирсанов,1
2026-07-14,Промостатья: Моя история 1 / Ж 25-54/ интерес_открытие бизнеса / рся / #dzen / 2603-1,Москва,1
2026-07-14,Промостатья: Моя история 1 / Ж 25-54/ интерес_открытие бизнеса / рся / #dzen / 2603-1,Санкт-Петербург,1
2026-07-14,Промостатья: Моя история 1 / Ж 25-54/ интерес_открытие бизнеса / рся / #dzen / 2603-1,Саратов,1
2026-07-14,Промостатья: Моя история 1 / Ж 25-54/ интерес_открытие бизнеса / рся / #dzen / 2603-1,Тюмень,1
2026-07-14,Промостатья: Моя история 1 / Ж 25-54/ интерес_открытие бизнеса / рся / #dzen / 2603-1,Ульяновск,1
2026-07-14,Промостатья: Моя история 1 / Ж 25-54/ интерес_открытие бизнеса / рся / #dzen / 2603-1,Уфа,1
2026-07-15,Промостатья: Моя история 1 / Ж 25-54/ интерес_открытие бизнеса / рся / #dzen / 2603-1,Не определено,1
2026-07-15,Промостатья: Моя история 1 / Ж 25-54/ интерес_открытие бизнеса / рся / #dzen / 2603-1,Волжск,1
2026-07-15,Промостатья: Моя история 1 / Ж 25-54/ интерес_открытие бизнеса / рся / #dzen / 2603-1,Липецк,1
2026-07-15,Промостатья: Моя история 1 / Ж 25-54/ интерес_открытие бизнеса / рся / #dzen / 2603-1,Новокузнецк,1
2026-07-15,Промостатья: Моя история 1 / Ж 25-54/ интерес_открытие бизнеса / рся / #dzen / 2603-1,Самара,1
2026-07-15,Промостатья: Моя история 1 / Ж 25-54/ интерес_открытие бизнеса / рся / #dzen / 2603-1,Ульяновск,1
2026-07-15,Промостатья: Моя история 1 / Ж 25-54/ интерес_открытие бизнеса / рся / #dzen / 2603-1,Челябинск,1
2026-07-16,Промостатья: Моя история 1 / Ж 25-54/ интерес_открытие бизнеса / рся / #dzen / 2603-1,Не определено,1
2026-07-16,Промостатья: Моя история 1 / Ж 25-54/ интерес_открытие бизнеса / рся / #dzen / 2603-1,Архангельск,1
2026-07-16,Промостатья: Моя история 1 / Ж 25-54/ интерес_открытие бизнеса / рся / #dzen / 2603-1,Москва,1
2026-07-16,Промостатья: Моя история 1 / Ж 25-54/ интерес_открытие бизнеса / рся / #dzen / 2603-1,Омск,1
2026-07-16,Промостатья: Моя история 1 / Ж 25-54/ интерес_открытие бизнеса / рся / #dzen / 2603-1,Оренбург,1
2026-07-16,Промостатья: Моя история 1 / Ж 25-54/ интерес_открытие бизнеса / рся / #dzen / 2603-1,Пенза,1
2026-07-17,Промостатья: Моя история 1 / Ж 25-54 / интерес_франшиза / рся / #dzen / 2602-1,Волгоград,1
2026-07-17,Промостатья: Моя история 1 / Ж 25-54 / интерес_франшиза / рся / #dzen / 2602-1,Оренбург,1
2026-07-17,Промостатья: Моя история 1 / Ж 25-54 / интерес_франшиза / рся / #dzen / 2602-1,Саратов,1
2026-07-17,Промостатья: Моя история 1 / Ж 25-54/ интерес_открытие бизнеса / рся / #dzen / 2603-1,Архангельск,1
2026-07-17,Промостатья: Моя история 1 / Ж 25-54/ интерес_открытие бизнеса / рся / #dzen / 2603-1,Астрахань,1
2026-07-17,Промостатья: Моя история 1 / Ж 25-54/ интерес_открытие бизнеса / рся / #dzen / 2603-1,Дюртюли,1
2026-07-17,Промостатья: Моя история 1 / Ж 25-54/ интерес_открытие бизнеса / рся / #dzen / 2603-1,Кашира,1
2026-07-17,Промостатья: Моя история 1 / Ж 25-54/ интерес_открытие бизнеса / рся / #dzen / 2603-1,Краснодар,1
2026-07-17,Промостатья: Моя история 1 / Ж 25-54/ интерес_открытие бизнеса / рся / #dzen / 2603-1,Новомосковск,1
2026-07-17,Промостатья: Моя история 1 / Ж 25-54/ интерес_открытие бизнеса / рся / #dzen / 2603-1,Орёл,1
2026-07-17,Промостатья: Моя история 1 / Ж 25-54/ интерес_открытие бизнеса / рся / #dzen / 2603-1,Пермь,1
2026-07-17,Промостатья: Моя история 1 / Ж 25-54/ интерес_открытие бизнеса / рся / #dzen / 2603-1,Санкт-Петербург,1
2026-07-17,Промостатья: Моя история 1 / Ж 25-54/ интерес_открытие бизнеса / рся / #dzen / 2603-1,Саратов,1
2026-07-17,Промостатья: Моя история 1 / Ж 25-54/ интерес_открытие бизнеса / рся / #dzen / 2603-1,Сургут,1
2026-07-17,Промостатья: Моя история 1 / Ж 25-54/ интерес_открытие бизнеса / рся / #dzen / 2603-1,Тамбов,1
2026-07-18,Промостатья: Моя история 1 / Ж 25-54/ интерес_открытие бизнеса / рся / #dzen / 2603-1,Вашингтон,1
2026-07-18,Промостатья: Моя история 1 / Ж 25-54/ интерес_открытие бизнеса / рся / #dzen / 2603-1,Вологда,1
2026-07-18,Промостатья: Моя история 1 / Ж 25-54/ интерес_открытие бизнеса / рся / #dzen / 2603-1,Воронеж,1
2026-07-18,Промостатья: Моя история 1 / Ж 25-54/ интерес_открытие бизнеса / рся / #dzen / 2603-1,Дубна,1
2026-07-18,Промостатья: Моя история 1 / Ж 25-54/ интерес_открытие бизнеса / рся / #dzen / 2603-1,Екатеринбург,1
2026-07-18,Промостатья: Моя история 1 / Ж 25-54/ интерес_открытие бизнеса / рся / #dzen / 2603-1,Краснодар,1
2026-07-18,Промостатья: Моя история 1 / Ж 25-54/ интерес_открытие бизнеса / рся / #dzen / 2603-1,Москва,1
2026-07-18,Промостатья: Моя история 1 / Ж 25-54/ интерес_открытие бизнеса / рся / #dzen / 2603-1,Наро-Фоминск,1
2026-07-18,Промостатья: Моя история 1 / Ж 25-54/ интерес_открытие бизнеса / рся / #dzen / 2603-1,Одинцово,1
2026-07-18,Промостатья: Моя история 1 / Ж 25-54/ интерес_открытие бизнеса / рся / #dzen / 2603-1,Пермь,1
2026-07-18,Промостатья: Моя история 1 / Ж 25-54/ интерес_открытие бизнеса / рся / #dzen / 2603-1,Ростов-на-Дону,1
2026-07-18,Промостатья: Моя история 1 / Ж 25-54/ интерес_открытие бизнеса / рся / #dzen / 2603-1,Самара,1
2026-07-18,Промостатья: Моя история 1 / Ж 25-54/ интерес_открытие бизнеса / рся / #dzen / 2603-1,Тольятти,1
2026-07-18,Промостатья: Моя история 1 / Ж 25-54/ интерес_открытие бизнеса / рся / #dzen / 2603-1,Тюмень,1
2026-07-18,Промостатья: Моя история 1 / Ж 25-54/ интерес_открытие бизнеса / рся / #dzen / 2603-1,Челябинск,1
2026-07-19,Промостатья: Моя история 1 / Ж 25-54/ интерес_открытие бизнеса / рся / #dzen / 2603-1,Амстердам,1
2026-07-19,Промостатья: Моя история 1 / Ж 25-54/ интерес_открытие бизнеса / рся / #dzen / 2603-1,Бишкек,1
2026-07-19,Промостатья: Моя история 1 / Ж 25-54/ интерес_открытие бизнеса / рся / #dzen / 2603-1,Калининград,1
2026-07-19,Промостатья: Моя история 1 / Ж 25-54/ интерес_открытие бизнеса / рся / #dzen / 2603-1,Калуга,1
2026-07-19,Промостатья: Моя история 1 / Ж 25-54/ интерес_открытие бизнеса / рся / #dzen / 2603-1,Кострома,1
2026-07-19,Промостатья: Моя история 1 / Ж 25-54/ интерес_открытие бизнеса / рся / #dzen / 2603-1,Мурманск,1
2026-07-19,Промостатья: Моя история 1 / Ж 25-54/ интерес_открытие бизнеса / рся / #dzen / 2603-1,Ростов-на-Дону,1
2026-07-19,Промостатья: Моя история 1 / Ж 25-54/ интерес_открытие бизнеса / рся / #dzen / 2603-1,Санкт-Петербург,1
2026-07-19,Промостатья: Моя история 1 / Ж 25-54/ интерес_открытие бизнеса / рся / #dzen / 2603-1,Симферополь,1
2026-07-19,Промостатья: Моя история 1 / Ж 25-54/ интерес_открытие бизнеса / рся / #dzen / 2603-1,Хабаровск,1
2026-07-19,Промостатья: Моя история 1 / Ж 25-54/ интерес_открытие бизнеса / рся / #dzen / 2603-1,Хасавюрт,1
2026-07-19,Промостатья: Моя история 1 / Ж 25-54/ интерес_открытие бизнеса / рся / #dzen / 2603-1,Южно-Сахалинск,1
2026-07-20,Промостатья: Моя история 1 / Ж 25-54 / интерес_франшиза / рся / #dzen / 2602-1,Не определено,1
2026-07-20,Промостатья: Моя история 1 / Ж 25-54 / интерес_франшиза / рся / #dzen / 2602-1,Барнаул,1
2026-07-20,Промостатья: Моя история 1 / Ж 25-54 / интерес_франшиза / рся / #dzen / 2602-1,Москва,1
2026-07-20,Промостатья: рынок и тренды 1 / Ж25-44 / интерес_франшиза / рся / #dzen / 2404,Барнаул,1
2026-07-21,Промостатья: Моя история 1 / Ж 25-54 / интерес_франшиза / рся / #dzen / 2602-1,Не определено,1
2026-07-21,Промостатья: Моя история 1 / Ж 25-54 / интерес_франшиза / рся / #dzen / 2602-1,Волгоград,1
2026-07-21,Промостатья: Моя история 1 / Ж 25-54 / интерес_франшиза / рся / #dzen / 2602-1,Санкт-Петербург,1
2026-07-21,Промостатья: Моя история 1 / Ж 25-54/ интерес_открытие бизнеса / рся / #dzen / 2603-1,Нижний Новгород,1
2026-07-21,Промостатья: рынок и тренды 1 / М25-44 / интерес_франшиза / рся / #dzen / 2603-1,Не определено,1
2026-07-22,Промостатья: Моя история 1 / Ж 25-54 / интерес_франшиза / рся / #dzen / 2602-1,Москва,1
2026-07-22,Промостатья: Моя история 1 / Ж 25-54 / интерес_франшиза / рся / #dzen / 2602-1,Санкт-Петербург,1
2026-07-22,Промостатья: Моя история 1 / Ж 25-54 / интерес_франшиза / рся / #dzen / 2602-1,Саратов,1
2026-07-22,Промостатья: Моя история 1 / Ж 25-54/ интерес_открытие бизнеса / рся / #dzen / 2603-1,Нижний Новгород,1
2026-07-22,Промостатья: Моя история 1 / Ж 25-54/ интерес_открытие бизнеса / рся / #dzen / 2603-1,Новосибирск,1
2026-07-22,Промостатья: Моя история 1 / Ж 25-54/ интерес_открытие бизнеса / рся / #dzen / 2603-1,Пермь,1
2026-07-22,Промостатья: рынок и тренды 1 / М25-44 / интерес_франшиза / рся / #dzen / 2603-1,Алексин,1
2026-07-23,Промостатья: Моя история 1 / Ж 25-54 / интерес_франшиза / поиск / #dzen / 2607-1,Новосибирск,1
2026-07-23,Промостатья: Моя история 1 / Ж 25-54 / интерес_франшиза / рся / #dzen / 2602-1,Калуга,1
2026-07-23,Промостатья: Моя история 1 / Ж 25-54 / интерес_франшиза / рся / #dzen / 2602-1,Новосибирск,1
2026-07-23,Промостатья: Моя история 1 / Ж 25-54 / интерес_франшиза / рся / #dzen / 2602-1,Якутск,1
2026-07-23,Промостатья: Моя история 1 / Ж 25-54/ интерес_открытие бизнеса / рся / #dzen / 2603-1,Витебск,1
2026-07-23,Промостатья: Моя история 1 / Ж 25-54/ интерес_открытие бизнеса / рся / #dzen / 2603-1,Миасс,1
2026-07-23,Промостатья: Моя история 1 / Ж 25-54/ интерес_открытие бизнеса / рся / #dzen / 2603-1,Москва,1
2026-07-23,Промостатья: Моя история 1 / Ж 25-54/ интерес_открытие бизнеса / рся / #dzen / 2603-1,Ростов-на-Дону,1
2026-07-23,Промостатья: рынок и тренды 1 / М25-44 / интерес_франшиза / рся / #dzen / 2603-1,Не определено,1
2026-07-24,Промостатья: Моя история 1 / Ж 25-54/ интерес_открытие бизнеса / рся / #dzen / 2603-1,Лесосибирск,1
2026-07-24,Промостатья: Моя история 1 / Ж 25-54/ интерес_открытие бизнеса / рся / #dzen / 2603-1,Магадан,1
2026-07-24,Промостатья: Моя история 1 / Ж 25-54/ интерес_открытие бизнеса / рся / #dzen / 2603-1,Санкт-Петербург,1
2026-07-25,Промостатья: Моя история 1 / Ж 25-54 / интерес_франшиза / рся / #dzen / 2602-1,Новосибирск,1
2026-07-25,Промостатья: Моя история 1 / Ж 25-54/ интерес_открытие бизнеса / рся / #dzen / 2603-1,Нижний Новгород,1
2026-07-25,Промостатья: Моя история 1 / Ж 25-54/ интерес_открытие бизнеса / рся / #dzen / 2603-1,Париж,1
2026-07-25,Промостатья: рынок и тренды 1 / Ж25-44 / интерес_франшиза / рся / #dzen / 2404,Барнаул,1
2026-07-26,Промостатья: Моя история 1 / Ж 25-54 / интерес_франшиза / поиск / #dzen / 2607-1,Уфа,1
2026-07-26,Промостатья: Моя история 1 / Ж 25-54 / интерес_франшиза / рся / #dzen / 2602-1,Ростов-на-Дону,1
2026-07-26,Промостатья: Моя история 1 / Ж 25-54/ интерес_открытие бизнеса / рся / #dzen / 2603-1,Барнаул,1
2026-07-26,Промостатья: Моя история 1 / Ж 25-54/ интерес_открытие бизнеса / рся / #dzen / 2603-1,Санкт-Петербург,1
2026-07-26,Промостатья: рынок и тренды 1 / Ж25-44 / интерес_франшиза / рся / #dzen / 2404,Амстердам,1
2026-07-27,Промостатья: Моя история 1 / Ж 25-54/ интерес_открытие бизнеса / рся / #dzen / 2603-1,Не определено,1
2026-07-27,Промостатья: Моя история 1 / Ж 25-54/ интерес_открытие бизнеса / рся / #dzen / 2603-1,Самара,1
2026-07-27,Промостатья: рынок и тренды 1 / Ж25-44 / интерес_франшиза / рся / #dzen / 2404,Не определено,1
2026-07-27,Промостатья: рынок и тренды 1 / Ж25-44 / интерес_франшиза / рся / #dzen / 2404,Калуга,1
2026-07-27,Промостатья: рынок и тренды 1 / М25-44 / интерес_франшиза / рся / #dzen / 2603-1,Москва,1
2026-07-28,Промостатья: Моя история 1 / Ж 25-54 / интерес_франшиза / рся / #dzen / 2602-1,Екатеринбург,1
2026-07-28,Промостатья: Моя история 1 / Ж 25-54 / интерес_франшиза / рся / #dzen / 2602-1,Новосибирск,1
2026-07-28,Промостатья: Моя история 1 / Ж 25-54/ интерес_открытие бизнеса / рся / #dzen / 2603-1,Москва,1
2026-07-28,Промостатья: Моя история 1 / Ж 25-54/ интерес_открытие бизнеса / рся / #dzen / 2603-1,Санкт-Петербург,1
2026-07-29,Промостатья: Моя история 1 / Ж 25-54/ интерес_открытие бизнеса / рся / #dzen / 2603-1,Не определено,1
2026-07-30,Промостатья: Моя история 1 / Ж 25-54 / интерес_франшиза / рся / #dzen / 2602-1,Не определено,1
2026-07-30,Промостатья: Моя история 1 / Ж 25-54 / интерес_франшиза / рся / #dzen / 2602-1,Москва,1
2026-07-30,Промостатья: Моя история 1 / Ж 25-54/ интерес_открытие бизнеса / рся / #dzen / 2603-1,Москва,1
2026-07-30,Промостатья: Моя история 1 / Ж 25-54/ интерес_открытие бизнеса / рся / #dzen / 2603-1,Париж,1
2026-07-31,Промостатья: Моя история 1 / Ж 25-54 / интерес_франшиза / рся / #dzen / 2602-1,Не определено,1
2026-07-31,Промостатья: Моя история 1 / Ж 25-54 / интерес_франшиза / рся / #dzen / 2602-1,Якутск,1
2026-08-01,Промостатья: Моя история 1 / Ж 25-54 / интерес_франшиза / поиск / #dzen / 2607-1,Красноярск,1
2026-08-01,Промостатья: Моя история 1 / Ж 25-54 / интерес_франшиза / рся / #dzen / 2602-1,Владивосток,1
2026-08-01,Промостатья: рынок и тренды 1 / Ж25-44 / интерес_франшиза / рся / #dzen / 2404,Не определено,1
2026-08-01,Промостатья: рынок и тренды 1 / М25-44 / интерес_франшиза / рся / #dzen / 2603-1,Ростов-на-Дону,1
2026-08-02,Промостатья: Моя история 1 / Ж 25-54/ интерес_открытие бизнеса / рся / #dzen / 2603-1,Омск,1
2026-08-04,Промостатья: Моя история 1 / Ж 25-54/ интерес_открытие бизнеса / рся / #dzen / 2603-1,Гатчина,1
2026-08-09,Промостатья: Моя история 1 / Ж 25-54 / интерес_франшиза / рся / #dzen / 2602-1,Не определено,1
2026-08-09,Промостатья: рынок и тренды 1 / М25-44 / интерес_франшиза / рся / #dzen / 2603-1,Екатеринбург,1
2026-08-09,Промостатья: рынок и тренды 1 / М25-44 / интерес_франшиза / рся / #dzen / 2603-1,Курск,1
2026-08-10,Промостатья: Моя история 1 / Ж 25-54 / интерес_франшиза / рся / #dzen / 2602-1,Не определено,1
2026-08-10,Промостатья: Моя история 1 / Ж 25-54/ интерес_открытие бизнеса / рся / #dzen / 2603-1,Уфа,1
2026-08-10,Промостатья: Моя история 1 / Ж 25-54/ интерес_открытие бизнеса / рся / #dzen / 2603-1,Ярославль,1
2026-08-11,Промостатья: Моя история 1 / Ж 25-54 / интерес_франшиза / рся / #dzen / 2602-1,Волоколамск,1
2026-08-11,Промостатья: Моя история 1 / Ж 25-54/ интерес_открытие бизнеса / рся / #dzen / 2603-1,Саратов,1
2026-08-11,Промостатья: Моя история 1 / Ж 25-54/ интерес_открытие бизнеса / рся / #dzen / 2603-1,Черкесск,1
2026-08-12,Промостатья: Моя история 1 / Ж 25-54 / интерес_франшиза / поиск / #dzen / 2607-1,Псков,1
2026-08-12,Промостатья: Моя история 1 / Ж 25-54/ интерес_открытие бизнеса / рся / #dzen / 2603-1,Москва,1
2026-08-18,Промостатья: Моя история 1 / Ж 25-54 / интерес_франшиза / рся / #dzen / 2602-1,Фрязино,1
2026-08-18,Промостатья: Моя история 1 / Ж 25-54/ интерес_открытие бизнеса / рся / #dzen / 2603-1,Санкт-Петербург,1
2026-08-18,Промостатья: рынок и тренды 1 / М25-44 / интерес_франшиза / рся / #dzen / 2603-1,Не определено,1
2026-08-19,Промостатья: рынок и тренды 1 / М25-44 / интерес_франшиза / рся / #dzen / 2603-1,Не определено,1
2026-08-19,Промостатья: рынок и тренды 1 / М25-44 / интерес_франшиза / рся / #dzen / 2603-1,Александров,1
2026-08-19,Промостатья: рынок и тренды 1 / М25-44 / интерес_франшиза / рся / #dzen / 2603-1,Новосибирск,1
2026-08-20,Промостатья: Моя история 1 / Ж 25-54 / интерес_франшиза / рся / #dzen / 2602-1,Йошкар-Ола,1
2026-08-20,Промостатья: рынок и тренды 1 / М25-44 / интерес_франшиза / рся / #dzen / 2603-1,Астрахань,1
2026-08-21,Промостатья: Моя история 1 / Ж 25-54 / интерес_франшиза / поиск / #dzen / 2607-1,Красноярск,1
2026-08-23,Промостатья: Моя история 1 / Ж 25-54 / интерес_франшиза / рся / #dzen / 2602-1,Санкт-Петербург,1
