Дата визита,UTM Campaign,Пол,Возраст,Визиты
2023-06-18,Промостатья: Моя история 1 | Цена перехода | Ж25-54,женский,45-54 года,15
2023-06-19,Промостатья: Моя история 1 | Цена перехода | Ж25-54,женский,45-54 года,10
2023-06-27,Промостатья: Моя история 1 | Цена перехода | Ж25-54,женский,45-54 года,9
2023-06-19,Промостатья: Моя история 1 | Цена перехода | Ж25-54,женский,35‑44 года,8
2023-06-20,Промостатья: Моя история 1 | Цена перехода | Ж25-54,женский,45-54 года,8
2023-06-18,Промостатья: Моя история 1 | Цена перехода | Ж25-54,женский,35‑44 года,7
2023-06-30,Промостатья: Моя история 1 | Цена перехода | Ж25-54,женский,45-54 года,7
2023-06-17,Промостатья: Моя история 1 | Цена перехода | Ж25-54,женский,45-54 года,6
2023-06-29,Промостатья: Моя история 1 | Цена перехода | Ж25-54,женский,45-54 года,5
2023-06-16,Промостатья: Моя история 1 | Цена перехода | Ж25-54,женский,45-54 года,4
2023-06-17,Промостатья: Моя история 1 | Цена перехода | Ж25-54,женский,35‑44 года,4
2023-06-20,Промостатья: Моя история 1 | Цена перехода | Ж25-54,женский,35‑44 года,4
2023-06-16,Промостатья: Моя история 1 | Цена перехода | Ж25-54,Не определено,Не определено,3
2023-06-27,Промостатья: Моя история 1 | Цена перехода | Ж25-54,Не определено,Не определено,3
2023-06-27,Промостатья: Моя история 1 | Цена перехода | Ж25-54,женский,25‑34 года,3
2023-06-27,Промостатья: Моя история 1 | Цена перехода | Ж25-54,женский,35‑44 года,3
2023-06-30,Промостатья: Моя история 1 | Цена перехода | Ж25-54,женский,35‑44 года,3
2023-06-18,Промостатья: Моя история 1 | Цена перехода | Ж25-54,мужской,55 лет и старше,2
2023-06-29,Промостатья: Моя история 1 | Цена перехода | Ж25-54,Не определено,Не определено,2
2023-06-29,Промостатья: Моя история 1 | Цена перехода | Ж25-54,женский,35‑44 года,2
2023-06-30,Промостатья: Моя история 1 | Цена перехода | Ж25-54,Не определено,Не определено,2
2023-06-15,Промостатья: Моя история 1 | Цена перехода | Ж25-54,женский,25‑34 года,1
2023-06-15,Промостатья: Моя история 1 | Цена перехода | Ж25-54,женский,35‑44 года,1
2023-06-15,Промостатья: Моя история 1 | Цена перехода | Ж25-54,женский,45-54 года,1
2023-06-16,Промостатья: Моя история 1 | Цена перехода | Ж25-54,женский,25‑34 года,1
2023-06-16,Промостатья: Моя история 1 | Цена перехода | Ж25-54,женский,35‑44 года,1
2023-06-16,Промостатья: Моя история 1 | Цена перехода | Ж25-54,женский,55 лет и старше,1
2023-06-17,Промостатья: Моя история 1 | Цена перехода | Ж25-54,женский,Не определено,1
2023-06-17,Промостатья: Моя история 1 | Цена перехода | Ж25-54,женский,25‑34 года,1
2023-06-18,Промостатья: Моя история 1 | Цена перехода | Ж25-54,Не определено,Не определено,1
2023-06-18,Промостатья: Моя история 1 | Цена перехода | Ж25-54,женский,25‑34 года,1
2023-06-20,Промостатья: Моя история 1 | Цена перехода | Ж25-54,Не определено,Не определено,1
2023-06-20,Промостатья: Моя история 1 | Цена перехода | Ж25-54,женский,Не определено,1
2023-06-22,Промостатья: Моя история 1 | Цена перехода | Ж25-54,женский,младше 18 лет,1
2023-06-26,Промостатья: Моя история 1 | Цена перехода | Ж25-54,женский,25‑34 года,1
2023-06-26,Промостатья: Моя история 1 | Цена перехода | Ж25-54,женский,45-54 года,1
2023-06-27,Промостатья: Моя история 1 | Цена перехода | Ж25-54,Не определено,55 лет и старше,1
2023-06-29,Промостатья: Моя история 1 | Цена перехода | Ж25-54,женский,Не определено,1
2023-06-29,Промостатья: Моя история 1 | Цена перехода | Ж25-54,женский,25‑34 года,1
2023-07-12,Промостатья: Моя история 1 | Цена перехода | Ж25-54,женский,45-54 года,19
2023-09-24,Промостатья: Моя история 1 | Цена перехода | Ж25-54,женский,45-54 года,18
2023-07-15,Промостатья: Моя история 1 | Цена перехода | Ж25-54,женский,45-54 года,17
2023-09-21,Промостатья: Моя история 1 | Цена перехода | Ж25-54,женский,45-54 года,14
2023-07-01,Промостатья: Моя история 1 | Цена перехода | Ж25-54,женский,45-54 года,13
2023-08-29,Промостатья: Моя история 1 | Цена перехода | Ж25-54,женский,45-54 года,13
2023-07-14,Промостатья: Моя история 1 | Цена перехода | Ж25-54,женский,45-54 года,12
2023-07-25,Промостатья: Моя история 1 | Цена перехода | Ж25-54,женский,45-54 года,12
2023-09-17,Промостатья: Моя история 1 | Цена перехода | Ж25-54,женский,45-54 года,12
2023-08-09,Промостатья: Моя история 1 | Цена перехода | Ж25-54,женский,45-54 года,11
2023-08-27,Промостатья: Моя история 1 | Цена перехода | Ж25-54,женский,45-54 года,11
2023-09-16,Промостатья: Моя история 1 | Цена перехода | Ж25-54,женский,45-54 года,11
2023-09-18,Промостатья: Моя история 1 | Цена перехода | Ж25-54,женский,45-54 года,11
2023-08-11,Промостатья: Моя история 1 | Цена перехода | Ж25-54,женский,45-54 года,10
2023-08-22,Промостатья: Моя история 1 | Цена перехода | Ж25-54,женский,45-54 года,10
2023-09-22,Промостатья: Моя история 1 | Цена перехода | Ж25-54,женский,45-54 года,10
2023-07-02,Промостатья: Моя история 1 | Цена перехода | Ж25-54,женский,45-54 года,9
2023-07-11,Промостатья: Моя история 1 | Цена перехода | Ж25-54,женский,45-54 года,9
2023-08-04,Промостатья: Моя история 1 | Цена перехода | Ж25-54,женский,45-54 года,9
2023-08-19,Промостатья: Моя история 1 | Цена перехода | Ж25-54,женский,45-54 года,9
2023-08-27,Промостатья: Моя история 1 | Цена перехода | Ж25-54,женский,35‑44 года,9
2023-09-20,Промостатья: Моя история 1 | Цена перехода | Ж25-54,женский,45-54 года,9
2023-09-25,Промостатья: Моя история 1 | Цена перехода | Ж25-54,женский,45-54 года,9
2023-07-03,Промостатья: Моя история 1 | Цена перехода | Ж25-54,женский,45-54 года,8
2023-07-26,Промостатья: Моя история 1 | Цена перехода | Ж25-54,женский,45-54 года,8
2023-08-12,Промостатья: Моя история 1 | Цена перехода | Ж25-54,женский,45-54 года,8
2023-08-21,Промостатья: Моя история 1 | Цена перехода | Ж25-54,женский,45-54 года,8
2023-08-29,Промостатья: Моя история 1 | Цена перехода | Ж25-54,женский,35‑44 года,8
2023-07-27,Промостатья: Моя история 1 | Цена перехода | Ж25-54,женский,45-54 года,7
2023-08-13,Промостатья: Моя история 1 | Цена перехода | Ж25-54,женский,45-54 года,7
2023-08-16,Промостатья: Моя история 1 | Цена перехода | Ж25-54,женский,45-54 года,7
2023-08-19,Промостатья: Моя история 1 | Цена перехода | Ж25-54,женский,35‑44 года,7
2023-09-19,Промостатья: Моя история 1 | Цена перехода | Ж25-54,женский,35‑44 года,7
2023-09-23,Промостатья: Моя история 1 | Цена перехода | Ж25-54,женский,45-54 года,7
2023-07-28,Промостатья: Моя история 1 | Цена перехода | Ж25-54,женский,45-54 года,6
2023-08-10,Промостатья: Моя история 1 | Цена перехода | Ж25-54,женский,45-54 года,6
2023-08-11,Промостатья: Моя история 1 | Цена перехода | Ж25-54,женский,35‑44 года,6
2023-08-18,Промостатья: Моя история 1 | Цена перехода | Ж25-54,женский,35‑44 года,6
2023-08-26,Промостатья: Моя история 1 | Цена перехода | Ж25-54,женский,45-54 года,6
2023-08-28,Промостатья: Моя история 1 | Цена перехода | Ж25-54,женский,45-54 года,6
2023-09-15,Промостатья: Моя история 1 | Цена перехода | Ж25-54,женский,45-54 года,6
2023-09-19,Промостатья: Моя история 1 | Цена перехода | Ж25-54,женский,45-54 года,6
2023-09-21,Промостатья: Моя история 1 | Цена перехода | Ж25-54,женский,35‑44 года,6
2023-09-25,Промостатья: Моя история 1 | Цена перехода | Ж25-54,женский,35‑44 года,6
2023-09-26,Промостатья: Моя история 1 | Цена перехода | Ж25-54,женский,35‑44 года,6
2023-09-26,Промостатья: Моя история 1 | Цена перехода | Ж25-54,женский,45-54 года,6
2023-07-13,Промостатья: Моя история 1 | Цена перехода | Ж25-54,женский,45-54 года,5
2023-07-24,Промостатья: Моя история 1 | Цена перехода | Ж25-54,женский,45-54 года,5
2023-08-01,Промостатья: Моя история 1 | Цена перехода | Ж25-54,женский,45-54 года,5
2023-08-10,Промостатья: Моя история 1 | Цена перехода | Ж25-54,женский,35‑44 года,5
2023-08-14,Промостатья: Моя история 1 | Цена перехода | Ж25-54,женский,45-54 года,5
2023-08-15,Промостатья: Моя история 1 | Цена перехода | Ж25-54,женский,35‑44 года,5
2023-08-18,Промостатья: Моя история 1 | Цена перехода | Ж25-54,женский,45-54 года,5
2023-08-20,Промостатья: Моя история 1 | Цена перехода | Ж25-54,женский,45-54 года,5
2023-08-22,Промостатья: Моя история 1 | Цена перехода | Ж25-54,женский,35‑44 года,5
2023-08-23,Промостатья: Моя история 1 | Цена перехода | Ж25-54,женский,45-54 года,5
2023-08-25,Промостатья: Моя история 1 | Цена перехода | Ж25-54,женский,45-54 года,5
2023-09-27,Промостатья: Моя история 1 | Цена перехода | Ж25-54,женский,45-54 года,5
2023-07-21,Промостатья: Моя история 1 | Цена перехода | Ж25-54,женский,45-54 года,4
2023-07-23,Промостатья: Моя история 1 | Цена перехода | Ж25-54,женский,45-54 года,4
2023-07-30,Промостатья: Моя история 1 | Цена перехода | Ж25-54,женский,45-54 года,4
2023-08-05,Промостатья: Моя история 1 | Цена перехода | Ж25-54,женский,45-54 года,4
2023-08-06,Промостатья: Моя история 1 | Цена перехода | Ж25-54,женский,45-54 года,4
2023-08-07,Промостатья: Моя история 1 | Цена перехода | Ж25-54,женский,45-54 года,4
2023-08-09,Промостатья: Моя история 1 | Цена перехода | Ж25-54,Не определено,Не определено,4
2023-08-14,Промостатья: Моя история 1 | Цена перехода | Ж25-54,женский,35‑44 года,4
2023-08-15,Промостатья: Моя история 1 | Цена перехода | Ж25-54,женский,45-54 года,4
2023-08-16,Промостатья: Моя история 1 | Цена перехода | Ж25-54,Не определено,Не определено,4
2023-08-17,Промостатья: Моя история 1 | Цена перехода | Ж25-54,женский,35‑44 года,4
2023-08-21,Промостатья: Моя история 1 | Цена перехода | Ж25-54,женский,35‑44 года,4
2023-08-22,Промостатья: Моя история 1 | Цена перехода | Ж25-54,Не определено,Не определено,4
2023-08-22,Промостатья: Моя история 1 | Цена перехода | Ж25-54,женский,55 лет и старше,4
2023-08-23,Промостатья: Моя история 1 | Цена перехода | Ж25-54,женский,35‑44 года,4
2023-08-26,Промостатья: Моя история 1 | Цена перехода | Ж25-54,женский,35‑44 года,4
2023-09-16,Промостатья: Моя история 1 | Цена перехода | Ж25-54,Не определено,Не определено,4
2023-09-16,Промостатья: Моя история 1 | Цена перехода | Ж25-54,женский,35‑44 года,4
2023-09-22,Промостатья: Моя история 1 | Цена перехода | Ж25-54,Не определено,Не определено,4
2023-09-22,Промостатья: Моя история 1 | Цена перехода | Ж25-54,женский,35‑44 года,4
2023-09-24,Промостатья: Моя история 1 | Цена перехода | Ж25-54,женский,35‑44 года,4
2023-07-03,Промостатья: Моя история 1 | Цена перехода | Ж25-54,женский,35‑44 года,3
2023-07-16,Промостатья: Моя история 1 | Цена перехода | Ж25-54,женский,45-54 года,3
2023-07-27,Промостатья: Моя история 1 | Цена перехода | Ж25-54,женский,35‑44 года,3
2023-07-28,Промостатья: Моя история 1 | Цена перехода | Ж25-54,Не определено,Не определено,3
2023-07-29,Промостатья: Моя история 1 | Цена перехода | Ж25-54,женский,45-54 года,3
2023-08-05,Промостатья: Моя история 1 | Цена перехода | Ж25-54,женский,35‑44 года,3
2023-08-08,Промостатья: Моя история 1 | Цена перехода | Ж25-54,женский,45-54 года,3
2023-08-12,Промостатья: Моя история 1 | Цена перехода | Ж25-54,женский,35‑44 года,3
2023-08-16,Промостатья: Моя история 1 | Цена перехода | Ж25-54,женский,35‑44 года,3
2023-08-17,Промостатья: Моя история 1 | Цена перехода | Ж25-54,Не определено,Не определено,3
2023-08-17,Промостатья: Моя история 1 | Цена перехода | Ж25-54,женский,45-54 года,3
2023-08-18,Промостатья: Моя история 1 | Цена перехода | Ж25-54,Не определено,Не определено,3
2023-08-25,Промостатья: Моя история 1 | Цена перехода | Ж25-54,Не определено,Не определено,3
2023-08-26,Промостатья: Моя история 1 | Цена перехода | Ж25-54,Не определено,Не определено,3
2023-08-28,Промостатья: Моя история 1 | Цена перехода | Ж25-54,Не определено,Не определено,3
2023-08-28,Промостатья: Моя история 1 | Цена перехода | Ж25-54,женский,35‑44 года,3
2023-09-17,Промостатья: Моя история 1 | Цена перехода | Ж25-54,женский,35‑44 года,3
2023-09-18,Промостатья: Моя история 1 | Цена перехода | Ж25-54,Не определено,Не определено,3
2023-09-21,Промостатья: Моя история 1 | Цена перехода | Ж25-54,Не определено,Не определено,3
2023-09-24,Промостатья: Моя история 1 | Цена перехода | Ж25-54,Не определено,Не определено,3
2023-09-25,Промостатья: Моя история 1 | Цена перехода | Ж25-54,Не определено,Не определено,3
2023-09-26,Промостатья: Моя история 1 | Цена перехода | Ж25-54,Не определено,Не определено,3
2023-07-01,Промостатья: Моя история 1 | Цена перехода | Ж25-54,женский,35‑44 года,2
2023-07-12,Промостатья: Моя история 1 | Цена перехода | Ж25-54,Не определено,Не определено,2
2023-07-14,Промостатья: Моя история 1 | Цена перехода | Ж25-54,Не определено,Не определено,2
2023-07-15,Промостатья: Моя история 1 | Цена перехода | Ж25-54,Не определено,Не определено,2
2023-07-20,Промостатья: Моя история 1 | Цена перехода | Ж25-54,женский,45-54 года,2
2023-07-22,Промостатья: Моя история 1 | Цена перехода | Ж25-54,женский,45-54 года,2
2023-07-23,Промостатья: Моя история 1 | Цена перехода | Ж25-54,Не определено,Не определено,2
2023-07-26,Промостатья: Моя история 1 | Цена перехода | Ж25-54,Не определено,Не определено,2
2023-08-03,Промостатья: Моя история 1 | Цена перехода | Ж25-54,женский,45-54 года,2
2023-08-04,Промостатья: Моя история 1 | Цена перехода | Ж25-54,Не определено,Не определено,2
2023-08-06,Промостатья: Моя история 1 | Цена перехода | Ж25-54,женский,Не определено,2
2023-08-07,Промостатья: Моя история 1 | Цена перехода | Ж25-54,женский,35‑44 года,2
2023-08-08,Промостатья: Моя история 1 | Цена перехода | Ж25-54,Не определено,Не определено,2
2023-08-10,Промостатья: Моя история 1 | Цена перехода | Ж25-54,женский,Не определено,2
2023-08-10,Промостатья: Моя история 1 | Цена перехода | Ж25-54,женский,55 лет и старше,2
2023-08-11,Промостатья: Моя история 1 | Цена перехода | Ж25-54,Не определено,Не определено,2
2023-08-13,Промостатья: Моя история 1 | Цена перехода | Ж25-54,женский,35‑44 года,2
2023-08-14,Промостатья: Моя история 1 | Цена перехода | Ж25-54,Не определено,Не определено,2
2023-08-15,Промостатья: Моя история 1 | Цена перехода | Ж25-54,Не определено,Не определено,2
2023-08-15,Промостатья: Моя история 1 | Цена перехода | Ж25-54,женский,Не определено,2
2023-08-19,Промостатья: Моя история 1 | Цена перехода | Ж25-54,Не определено,Не определено,2
2023-08-20,Промостатья: Моя история 1 | Цена перехода | Ж25-54,Не определено,Не определено,2
2023-08-20,Промостатья: Моя история 1 | Цена перехода | Ж25-54,женский,35‑44 года,2
2023-08-21,Промостатья: Моя история 1 | Цена перехода | Ж25-54,Не определено,Не определено,2
2023-08-25,Промостатья: Моя история 1 | Цена перехода | Ж25-54,женский,35‑44 года,2
2023-08-27,Промостатья: Моя история 1 | Цена перехода | Ж25-54,Не определено,Не определено,2
2023-08-29,Промостатья: Моя история 1 | Цена перехода | Ж25-54,Не определено,Не определено,2
2023-08-30,Промостатья: Моя история 1 | Цена перехода | Ж25-54,женский,35‑44 года,2
2023-08-30,Промостатья: Моя история 1 | Цена перехода | Ж25-54,женский,45-54 года,2
2023-09-17,Промостатья: Моя история 1 | Цена перехода | Ж25-54,Не определено,Не определено,2
2023-09-19,Промостатья: Моя история 1 | Цена перехода | Ж25-54,женский,55 лет и старше,2
2023-09-20,Промостатья: Моя история 1 | Цена перехода | Ж25-54,Не определено,Не определено,2
2023-09-20,Промостатья: Моя история 1 | Цена перехода | Ж25-54,женский,35‑44 года,2
2023-09-23,Промостатья: Моя история 1 | Цена перехода | Ж25-54,женский,35‑44 года,2
2023-09-27,Промостатья: Моя история 1 | Цена перехода | Ж25-54,женский,35‑44 года,2
2023-07-02,Промостатья: Моя история 1 | Цена перехода | Ж25-54,Не определено,Не определено,1
2023-07-03,Промостатья: Моя история 1 | Цена перехода | Ж25-54,женский,25‑34 года,1
2023-07-11,Промостатья: Моя история 1 | Цена перехода | Ж25-54,женский,35‑44 года,1
2023-07-12,Промостатья: Моя история 1 | Цена перехода | Ж25-54,женский,55 лет и старше,1
2023-07-16,Промостатья: Моя история 1 | Цена перехода | Ж25-54,Не определено,Не определено,1
2023-07-17,Промостатья: Моя история 1 | Цена перехода | Ж25-54,Не определено,Не определено,1
2023-07-17,Промостатья: Моя история 1 | Цена перехода | Ж25-54,женский,45-54 года,1
2023-07-18,Промостатья: Моя история 1 | Цена перехода | Ж25-54,женский,45-54 года,1
2023-07-21,Промостатья: Моя история 1 | Цена перехода | Ж25-54,Не определено,Не определено,1
2023-07-21,Промостатья: Моя история 1 | Цена перехода | Ж25-54,женский,младше 18 лет,1
2023-07-21,Промостатья: Моя история 1 | Цена перехода | Ж25-54,женский,25‑34 года,1
2023-07-22,Промостатья: Моя история 1 | Цена перехода | Ж25-54,женский,55 лет и старше,1
2023-07-24,Промостатья: Моя история 1 | Цена перехода | Ж25-54,женский,Не определено,1
2023-07-24,Промостатья: Моя история 1 | Цена перехода | Ж25-54,женский,35‑44 года,1
2023-07-25,Промостатья: Моя история 1 | Цена перехода | Ж25-54,женский,Не определено,1
2023-07-25,Промостатья: Моя история 1 | Цена перехода | Ж25-54,женский,35‑44 года,1
2023-07-26,Промостатья: Моя история 1 | Цена перехода | Ж25-54,женский,35‑44 года,1
2023-07-27,Промостатья: Моя история 1 | Цена перехода | Ж25-54,Не определено,Не определено,1
2023-07-27,Промостатья: Моя история 1 | Цена перехода | Ж25-54,женский,Не определено,1
2023-07-27,Промостатья: Моя история 1 | Цена перехода | Ж25-54,женский,55 лет и старше,1
2023-07-28,Промостатья: Моя история 1 | Цена перехода | Ж25-54,женский,Не определено,1
2023-07-28,Промостатья: Моя история 1 | Цена перехода | Ж25-54,женский,35‑44 года,1
2023-07-28,Промостатья: Моя история 1 | Цена перехода | Ж25-54,женский,55 лет и старше,1
2023-07-29,Промостатья: Моя история 1 | Цена перехода | Ж25-54,Не определено,Не определено,1
2023-07-29,Промостатья: Моя история 1 | Цена перехода | Ж25-54,женский,Не определено,1
2023-07-29,Промостатья: Моя история 1 | Цена перехода | Ж25-54,женский,35‑44 года,1
2023-07-30,Промостатья: Моя история 1 | Цена перехода | Ж25-54,женский,Не определено,1
2023-07-31,Промостатья: Моя история 1 | Цена перехода | Ж25-54,Не определено,Не определено,1
2023-07-31,Промостатья: Моя история 1 | Цена перехода | Ж25-54,женский,35‑44 года,1
2023-07-31,Промостатья: Моя история 1 | Цена перехода | Ж25-54,женский,45-54 года,1
2023-07-31,Промостатья: Моя история 1 | Цена перехода | Ж25-54,женский,55 лет и старше,1
2023-08-01,Промостатья: Моя история 1 | Цена перехода | Ж25-54,женский,Не определено,1
2023-08-02,Промостатья: Моя история 1 | Цена перехода | Ж25-54,Не определено,Не определено,1
2023-08-02,Промостатья: Моя история 1 | Цена перехода | Ж25-54,женский,45-54 года,1
2023-08-03,Промостатья: Моя история 1 | Цена перехода | Ж25-54,женский,младше 18 лет,1
2023-08-03,Промостатья: Моя история 1 | Цена перехода | Ж25-54,женский,35‑44 года,1
2023-08-05,Промостатья: Моя история 1 | Цена перехода | Ж25-54,Не определено,Не определено,1
2023-08-06,Промостатья: Моя история 1 | Цена перехода | Ж25-54,Не определено,Не определено,1
2023-08-06,Промостатья: Моя история 1 | Цена перехода | Ж25-54,женский,35‑44 года,1
2023-08-08,Промостатья: Моя история 1 | Цена перехода | Ж25-54,женский,35‑44 года,1
2023-08-10,Промостатья: Моя история 1 | Цена перехода | Ж25-54,мужской,45-54 года,1
2023-08-11,Промостатья: Моя история 1 | Цена перехода | Ж25-54,Не определено,45-54 года,1
2023-08-11,Промостатья: Моя история 1 | Цена перехода | Ж25-54,женский,Не определено,1
2023-08-13,Промостатья: Моя история 1 | Цена перехода | Ж25-54,женский,55 лет и старше,1
2023-08-14,Промостатья: Моя история 1 | Цена перехода | Ж25-54,мужской,45-54 года,1
2023-08-15,Промостатья: Моя история 1 | Цена перехода | Ж25-54,Не определено,25‑34 года,1
2023-08-15,Промостатья: Моя история 1 | Цена перехода | Ж25-54,Не определено,45-54 года,1
2023-08-16,Промостатья: Моя история 1 | Цена перехода | Ж25-54,женский,Не определено,1
2023-08-16,Промостатья: Моя история 1 | Цена перехода | Ж25-54,женский,младше 18 лет,1
2023-08-17,Промостатья: Моя история 1 | Цена перехода | Ж25-54,Не определено,45-54 года,1
2023-08-17,Промостатья: Моя история 1 | Цена перехода | Ж25-54,женский,Не определено,1
2023-08-17,Промостатья: Моя история 1 | Цена перехода | Ж25-54,женский,25‑34 года,1
2023-08-18,Промостатья: Моя история 1 | Цена перехода | Ж25-54,женский,Не определено,1
2023-08-19,Промостатья: Моя история 1 | Цена перехода | Ж25-54,женский,25‑34 года,1
2023-08-21,Промостатья: Моя история 1 | Цена перехода | Ж25-54,женский,55 лет и старше,1
2023-08-23,Промостатья: Моя история 1 | Цена перехода | Ж25-54,Не определено,Не определено,1
2023-08-23,Промостатья: Моя история 1 | Цена перехода | Ж25-54,мужской,55 лет и старше,1
2023-08-27,Промостатья: Моя история 1 | Цена перехода | Ж25-54,Не определено,35‑44 года,1
2023-08-28,Промостатья: Моя история 1 | Цена перехода | Ж25-54,Не определено,45-54 года,1
2023-08-29,Промостатья: Моя история 1 | Цена перехода | Ж25-54,женский,Не определено,1
2023-08-31,Промостатья: Моя история 1 | Цена перехода | Ж25-54,женский,45-54 года,1
2023-09-06,Промостатья: Моя история 1 | Цена перехода | Ж25-54,женский,45-54 года,1
2023-09-15,Промостатья: Моя история 1 | Цена перехода | Ж25-54,женский,Не определено,1
2023-09-18,Промостатья: Моя история 1 | Цена перехода | Ж25-54,женский,35‑44 года,1
2023-09-19,Промостатья: Моя история 1 | Цена перехода | Ж25-54,женский,Не определено,1
2023-09-21,Промостатья: Моя история 1 | Цена перехода | Ж25-54,женский,55 лет и старше,1
2023-09-22,Промостатья: Моя история 1 | Цена перехода | Ж25-54,женский,25‑34 года,1
2023-09-23,Промостатья: Моя история 1 | Цена перехода | Ж25-54,Не определено,Не определено,1
2023-09-23,Промостатья: Моя история 1 | Цена перехода | Ж25-54,женский,Не определено,1
2023-09-25,Промостатья: Моя история 1 | Цена перехода | Ж25-54,женский,Не определено,1
2023-09-27,Промостатья: Моя история 1 | Цена перехода | Ж25-54,Не определено,Не определено,1
2023-09-28,Промостатья: Моя история 1 | Цена перехода | Ж25-54,женский,55 лет и старше,1
2023-10-30,Промостатья: Моя история 1 | Цена перехода | Ж25-54,женский,45-54 года,14
2023-11-08,Промостатья: Моя история 1 | Цена перехода | Ж25-54,женский,45-54 года,13
2023-11-09,Промостатья: Моя история 1 | Цена перехода | Ж25-54,женский,45-54 года,13
2023-12-01,Промостатья: Моя история 1 | Цена перехода | Ж25-54,женский,45-54 года,13
2023-12-03,Промостатья: Моя история 1 | Цена перехода | Ж25-54,женский,45-54 года,11
2023-12-06,Промостатья: Моя история 1 | Цена перехода | Ж25-54,женский,45-54 года,11
2023-12-13,Промостатья: Моя история 1 | Цена перехода | Ж25-54,женский,45-54 года,11
2023-10-31,Промостатья: Моя история 1 | Цена перехода | Ж25-54,женский,45-54 года,9
2023-12-05,Промостатья: Моя история 1 | Цена перехода | Ж25-54,женский,45-54 года,9
2023-12-16,Промостатья: Моя история 1 | Цена перехода | Ж25-54,женский,45-54 года,9
2023-12-19,Промостатья: Моя история 1 | Цена перехода | Ж25-54,женский,45-54 года,9
2023-12-20,Промостатья: Моя история 1 | Цена перехода | Ж25-54,женский,45-54 года,9
2023-12-29,Промостатья: Моя история 2 | Цена перехода | 25-54,женский,45-54 года,9
2023-10-29,Промостатья: Моя история 1 | Цена перехода | Ж25-54,женский,45-54 года,8
2023-12-07,Промостатья: Моя история 1 | Цена перехода | Ж25-54,женский,45-54 года,8
2023-12-15,Промостатья: Моя история 1 | Цена перехода | Ж25-54,женский,45-54 года,8
2023-12-18,Промостатья: Моя история 1 | Цена перехода | Ж25-54,женский,45-54 года,8
2023-12-30,Промостатья: Моя история 2 | Цена перехода | 25-54,мужской,45-54 года,8
2023-10-26,Промостатья: Моя история 1 | Цена перехода | Ж25-54,женский,45-54 года,7
2023-10-28,Промостатья: Моя история 1 | Цена перехода | Ж25-54,женский,45-54 года,7
2023-11-07,Промостатья: Моя история 1 | Цена перехода | Ж25-54,женский,45-54 года,7
2023-11-30,Промостатья: Моя история 1 | Цена перехода | Ж25-54,женский,45-54 года,7
2023-12-02,Промостатья: Моя история 1 | Цена перехода | Ж25-54,женский,45-54 года,7
2023-12-03,Промостатья: Моя история 1 | Цена перехода | Ж25-54,Не определено,Не определено,7
2023-12-14,Промостатья: Моя история 1 | Цена перехода | Ж25-54,женский,45-54 года,7
2023-12-17,Промостатья: Моя история 1 | Цена перехода | Ж25-54,женский,45-54 года,7
2023-12-31,Промостатья: Моя история 2 | Цена перехода | 25-54,женский,45-54 года,7
2023-10-25,Промостатья: Моя история 1 | Цена перехода | Ж25-54,женский,45-54 года,6
2023-11-28,Промостатья: Моя история 1 | Цена перехода | Ж25-54,Не определено,Не определено,6
2023-11-28,Промостатья: Моя история 1 | Цена перехода | Ж25-54,женский,45-54 года,6
2023-12-01,Промостатья: Моя история 1 | Цена перехода | Ж25-54,Не определено,Не определено,6
2023-12-04,Промостатья: Моя история 1 | Цена перехода | Ж25-54,женский,45-54 года,6
2023-12-10,Промостатья: Моя история 1 | Цена перехода | Ж25-54,женский,45-54 года,6
2023-12-11,Промостатья: Моя история 1 | Цена перехода | Ж25-54,женский,35‑44 года,6
2023-12-12,Промостатья: Моя история 1 | Цена перехода | Ж25-54,Не определено,Не определено,6
2023-12-12,Промостатья: Моя история 1 | Цена перехода | Ж25-54,женский,45-54 года,6
2023-12-28,Промостатья: Моя история 2 | Цена перехода | 25-54,женский,45-54 года,6
2023-12-29,Промостатья: Моя история 2 | Цена перехода | 25-54,женский,35‑44 года,6
2023-12-30,Промостатья: Моя история 2 | Цена перехода | 25-54,женский,45-54 года,6
2023-12-31,Промостатья: Моя история 2 | Цена перехода | 25-54,Не определено,Не определено,6
2023-12-31,Промостатья: Моя история 2 | Цена перехода | 25-54,мужской,45-54 года,6
2023-11-19,Промостатья: Моя история 1 | Цена перехода | Ж25-54,женский,45-54 года,5
2023-11-24,Промостатья: Моя история 1 | Цена перехода | Ж25-54,Не определено,Не определено,5
2023-12-04,Промостатья: Моя история 1 | Цена перехода | Ж25-54,Не определено,Не определено,5
2023-12-06,Промостатья: Моя история 1 | Цена перехода | Ж25-54,Не определено,Не определено,5
2023-12-08,Промостатья: Моя история 1 | Цена перехода | Ж25-54,женский,45-54 года,5
2023-12-09,Промостатья: Моя история 1 | Цена перехода | Ж25-54,женский,45-54 года,5
2023-12-11,Промостатья: Моя история 1 | Цена перехода | Ж25-54,женский,45-54 года,5
2023-12-15,Промостатья: Моя история 1 | Цена перехода | Ж25-54,Не определено,Не определено,5
2023-12-18,Промостатья: Моя история 1 | Цена перехода | Ж25-54,женский,35‑44 года,5
2023-12-29,Промостатья: Моя история 2 | Цена перехода | 25-54,мужской,45-54 года,5
2023-12-30,Промостатья: Моя история 2 | Цена перехода | 25-54,женский,35‑44 года,5
2023-12-31,Промостатья: Моя история 2 | Цена перехода | 25-54,женский,35‑44 года,5
2023-10-25,Промостатья: Моя история 1 | Цена перехода | Ж25-54,Не определено,Не определено,4
2023-10-30,Промостатья: Моя история 1 | Цена перехода | Ж25-54,женский,35‑44 года,4
2023-11-07,Промостатья: Моя история 1 | Цена перехода | Ж25-54,Не определено,Не определено,4
2023-11-07,Промостатья: Моя история 1 | Цена перехода | Ж25-54,женский,35‑44 года,4
2023-11-08,Промостатья: Моя история 1 | Цена перехода | Ж25-54,Не определено,Не определено,4
2023-11-08,Промостатья: Моя история 1 | Цена перехода | Ж25-54,женский,35‑44 года,4
2023-11-11,Промостатья: Моя история 1 | Цена перехода | Ж25-54,женский,45-54 года,4
2023-11-13,Промостатья: Моя история 1 | Цена перехода | Ж25-54,женский,45-54 года,4
2023-11-14,Промостатья: Моя история 1 | Цена перехода | Ж25-54,женский,45-54 года,4
2023-11-16,Промостатья: Моя история 1 | Цена перехода | Ж25-54,женский,45-54 года,4
2023-11-23,Промостатья: Моя история 1 | Цена перехода | Ж25-54,Не определено,Не определено,4
2023-11-29,Промостатья: Моя история 1 | Цена перехода | Ж25-54,женский,45-54 года,4
2023-12-04,Промостатья: Моя история 1 | Цена перехода | Ж25-54,женский,25‑34 года,4
2023-12-05,Промостатья: Моя история 1 | Цена перехода | Ж25-54,Не определено,Не определено,4
2023-12-10,Промостатья: Моя история 1 | Цена перехода | Ж25-54,Не определено,Не определено,4
2023-12-16,Промостатья: Моя история 1 | Цена перехода | Ж25-54,женский,35‑44 года,4
2023-12-19,Промостатья: Моя история 1 | Цена перехода | Ж25-54,женский,35‑44 года,4
2023-12-20,Промостатья: Моя история 1 | Цена перехода | Ж25-54,Не определено,Не определено,4
2023-10-28,Промостатья: Моя история 1 | Цена перехода | Ж25-54,женский,35‑44 года,3
2023-10-29,Промостатья: Моя история 1 | Цена перехода | Ж25-54,Не определено,Не определено,3
2023-10-31,Промостатья: Моя история 1 | Цена перехода | Ж25-54,Не определено,Не определено,3
2023-11-10,Промостатья: Моя история 1 | Цена перехода | Ж25-54,женский,45-54 года,3
2023-11-20,Промостатья: Моя история 1 | Цена перехода | Ж25-54,женский,45-54 года,3
2023-11-22,Промостатья: Моя история 1 | Цена перехода | Ж25-54,женский,35‑44 года,3
2023-12-01,Промостатья: Моя история 1 | Цена перехода | Ж25-54,женский,35‑44 года,3
2023-12-02,Промостатья: Моя история 1 | Цена перехода | Ж25-54,Не определено,Не определено,3
2023-12-05,Промостатья: Моя история 1 | Цена перехода | Ж25-54,женский,35‑44 года,3
2023-12-06,Промостатья: Моя история 1 | Цена перехода | Ж25-54,женский,35‑44 года,3
2023-12-07,Промостатья: Моя история 1 | Цена перехода | Ж25-54,женский,35‑44 года,3
2023-12-11,Промостатья: Моя история 1 | Цена перехода | Ж25-54,женский,25‑34 года,3
2023-12-12,Промостатья: Моя история 1 | Цена перехода | Ж25-54,женский,35‑44 года,3
2023-12-13,Промостатья: Моя история 1 | Цена перехода | Ж25-54,женский,25‑34 года,3
2023-12-14,Промостатья: Моя история 1 | Цена перехода | Ж25-54,женский,35‑44 года,3
2023-12-16,Промостатья: Моя история 1 | Цена перехода | Ж25-54,Не определено,Не определено,3
2023-12-19,Промостатья: Моя история 1 | Цена перехода | Ж25-54,женский,25‑34 года,3
2023-12-28,Промостатья: Моя история 2 | Цена перехода | 25-54,мужской,45-54 года,3
2023-10-27,Промостатья: Моя история 1 | Цена перехода | Ж25-54,женский,35‑44 года,2
2023-10-27,Промостатья: Моя история 1 | Цена перехода | Ж25-54,женский,45-54 года,2
2023-10-30,Промостатья: Моя история 1 | Цена перехода | Ж25-54,Не определено,Не определено,2
2023-11-02,Промостатья: Моя история 1 | Цена перехода | Ж25-54,женский,45-54 года,2
2023-11-10,Промостатья: Моя история 1 | Цена перехода | Ж25-54,Не определено,Не определено,2
2023-11-11,Промостатья: Моя история 1 | Цена перехода | Ж25-54,Не определено,Не определено,2
2023-11-12,Промостатья: Моя история 1 | Цена перехода | Ж25-54,Не определено,Не определено,2
2023-11-12,Промостатья: Моя история 1 | Цена перехода | Ж25-54,женский,45-54 года,2
2023-11-13,Промостатья: Моя история 1 | Цена перехода | Ж25-54,женский,35‑44 года,2
2023-11-18,Промостатья: Моя история 1 | Цена перехода | Ж25-54,женский,45-54 года,2
2023-11-19,Промостатья: Моя история 1 | Цена перехода | Ж25-54,Не определено,Не определено,2
2023-11-21,Промостатья: Моя история 1 | Цена перехода | Ж25-54,женский,45-54 года,2
2023-11-22,Промостатья: Моя история 1 | Цена перехода | Ж25-54,женский,45-54 года,2
2023-11-23,Промостатья: Моя история 1 | Цена перехода | Ж25-54,женский,45-54 года,2
2023-11-25,Промостатья: Моя история 1 | Цена перехода | Ж25-54,женский,45-54 года,2
2023-11-26,Промостатья: Моя история 1 | Цена перехода | Ж25-54,женский,35‑44 года,2
2023-11-26,Промостатья: Моя история 1 | Цена перехода | Ж25-54,женский,45-54 года,2
2023-11-27,Промостатья: Моя история 1 | Цена перехода | Ж25-54,женский,45-54 года,2
2023-11-30,Промостатья: Моя история 1 | Цена перехода | Ж25-54,Не определено,Не определено,2
2023-12-01,Промостатья: Моя история 1 | Цена перехода | Ж25-54,женский,25‑34 года,2
2023-12-02,Промостатья: Моя история 1 | Цена перехода | Ж25-54,женский,35‑44 года,2
2023-12-03,Промостатья: Моя история 1 | Цена перехода | Ж25-54,женский,25‑34 года,2
2023-12-04,Промостатья: Моя история 1 | Цена перехода | Ж25-54,женский,35‑44 года,2
2023-12-05,Промостатья: Моя история 1 | Цена перехода | Ж25-54,женский,25‑34 года,2
2023-12-07,Промостатья: Моя история 1 | Цена перехода | Ж25-54,Не определено,Не определено,2
2023-12-07,Промостатья: Моя история 1 | Цена перехода | Ж25-54,женский,25‑34 года,2
2023-12-08,Промостатья: Моя история 1 | Цена перехода | Ж25-54,Не определено,Не определено,2
2023-12-09,Промостатья: Моя история 1 | Цена перехода | Ж25-54,женский,35‑44 года,2
2023-12-10,Промостатья: Моя история 1 | Цена перехода | Ж25-54,женский,25‑34 года,2
2023-12-11,Промостатья: Моя история 1 | Цена перехода | Ж25-54,Не определено,Не определено,2
2023-12-13,Промостатья: Моя история 1 | Цена перехода | Ж25-54,Не определено,Не определено,2
2023-12-16,Промостатья: Моя история 1 | Цена перехода | Ж25-54,женский,25‑34 года,2
2023-12-22,Промостатья: Моя история 2 | Цена перехода | 25-54,Не определено,Не определено,2
2023-12-22,Промостатья: Моя история 2 | Цена перехода | 25-54,женский,45-54 года,2
2023-12-23,Промостатья: Моя история 2 | Цена перехода | 25-54,женский,25‑34 года,2
2023-12-23,Промостатья: Моя история 2 | Цена перехода | 25-54,женский,35‑44 года,2
2023-12-29,Промостатья: Моя история 2 | Цена перехода | 25-54,мужской,25‑34 года,2
2023-12-30,Промостатья: Моя история 2 | Цена перехода | 25-54,мужской,35‑44 года,2
2023-10-25,Промостатья: Моя история 1 | Цена перехода | Ж25-54,женский,35‑44 года,1
2023-10-26,Промостатья: Моя история 1 | Цена перехода | Ж25-54,Не определено,Не определено,1
2023-10-26,Промостатья: Моя история 1 | Цена перехода | Ж25-54,женский,25‑34 года,1
2023-10-27,Промостатья: Моя история 1 | Цена перехода | Ж25-54,Не определено,Не определено,1
2023-10-27,Промостатья: Моя история 1 | Цена перехода | Ж25-54,Не определено,45-54 года,1
2023-10-28,Промостатья: Моя история 1 | Цена перехода | Ж25-54,Не определено,Не определено,1
2023-10-29,Промостатья: Моя история 1 | Цена перехода | Ж25-54,женский,35‑44 года,1
2023-10-31,Промостатья: Моя история 1 | Цена перехода | Ж25-54,женский,35‑44 года,1
2023-11-01,Промостатья: Моя история 1 | Цена перехода | Ж25-54,женский,45-54 года,1
2023-11-02,Промостатья: Моя история 1 | Цена перехода | Ж25-54,женский,35‑44 года,1
2023-11-04,Промостатья: Моя история 1 | Цена перехода | Ж25-54,женский,45-54 года,1
2023-11-06,Промостатья: Моя история 1 | Цена перехода | Ж25-54,мужской,45-54 года,1
2023-11-06,Промостатья: Моя история 1 | Цена перехода | Ж25-54,женский,45-54 года,1
2023-11-07,Промостатья: Моя история 1 | Цена перехода | Ж25-54,мужской,25‑34 года,1
2023-11-07,Промостатья: Моя история 1 | Цена перехода | Ж25-54,женский,55 лет и старше,1
2023-11-08,Промостатья: Моя история 1 | Цена перехода | Ж25-54,женский,18‑24 года,1
2023-11-08,Промостатья: Моя история 1 | Цена перехода | Ж25-54,женский,55 лет и старше,1
2023-11-09,Промостатья: Моя история 1 | Цена перехода | Ж25-54,Не определено,Не определено,1
2023-11-09,Промостатья: Моя история 1 | Цена перехода | Ж25-54,женский,25‑34 года,1
2023-11-09,Промостатья: Моя история 1 | Цена перехода | Ж25-54,женский,35‑44 года,1
2023-11-11,Промостатья: Моя история 1 | Цена перехода | Ж25-54,мужской,25‑34 года,1
2023-11-11,Промостатья: Моя история 1 | Цена перехода | Ж25-54,женский,55 лет и старше,1
2023-11-12,Промостатья: Моя история 1 | Цена перехода | Ж25-54,женский,35‑44 года,1
2023-11-13,Промостатья: Моя история 1 | Цена перехода | Ж25-54,Не определено,Не определено,1
2023-11-14,Промостатья: Моя история 1 | Цена перехода | Ж25-54,Не определено,Не определено,1
2023-11-17,Промостатья: Моя история 1 | Цена перехода | Ж25-54,Не определено,Не определено,1
2023-11-17,Промостатья: Моя история 1 | Цена перехода | Ж25-54,женский,35‑44 года,1
2023-11-19,Промостатья: Моя история 1 | Цена перехода | Ж25-54,женский,55 лет и старше,1
2023-11-22,Промостатья: Моя история 1 | Цена перехода | Ж25-54,Не определено,Не определено,1
2023-11-22,Промостатья: Моя история 1 | Цена перехода | Ж25-54,женский,25‑34 года,1
2023-11-23,Промостатья: Моя история 1 | Цена перехода | Ж25-54,женский,25‑34 года,1
2023-11-23,Промостатья: Моя история 1 | Цена перехода | Ж25-54,женский,35‑44 года,1
2023-11-24,Промостатья: Моя история 1 | Цена перехода | Ж25-54,женский,45-54 года,1
2023-11-25,Промостатья: Моя история 1 | Цена перехода | Ж25-54,Не определено,Не определено,1
2023-11-25,Промостатья: Моя история 1 | Цена перехода | Ж25-54,женский,Не определено,1
2023-11-26,Промостатья: Моя история 1 | Цена перехода | Ж25-54,Не определено,Не определено,1
2023-11-27,Промостатья: Моя история 1 | Цена перехода | Ж25-54,Не определено,Не определено,1
2023-11-27,Промостатья: Моя история 1 | Цена перехода | Ж25-54,женский,35‑44 года,1
2023-11-28,Промостатья: Моя история 1 | Цена перехода | Ж25-54,женский,35‑44 года,1
2023-11-29,Промостатья: Моя история 1 | Цена перехода | Ж25-54,Не определено,Не определено,1
2023-11-29,Промостатья: Моя история 1 | Цена перехода | Ж25-54,женский,Не определено,1
2023-11-29,Промостатья: Моя история 1 | Цена перехода | Ж25-54,женский,35‑44 года,1
2023-12-03,Промостатья: Моя история 1 | Цена перехода | Ж25-54,женский,35‑44 года,1
2023-12-04,Промостатья: Моя история 1 | Цена перехода | Ж25-54,женский,Не определено,1
2023-12-06,Промостатья: Моя история 1 | Цена перехода | Ж25-54,женский,Не определено,1
2023-12-06,Промостатья: Моя история 1 | Цена перехода | Ж25-54,женский,25‑34 года,1
2023-12-07,Промостатья: Моя история 1 | Цена перехода | Ж25-54,женский,Не определено,1
2023-12-08,Промостатья: Моя история 1 | Цена перехода | Ж25-54,женский,35‑44 года,1
2023-12-09,Промостатья: Моя история 1 | Цена перехода | Ж25-54,женский,25‑34 года,1
2023-12-10,Промостатья: Моя история 1 | Цена перехода | Ж25-54,женский,35‑44 года,1
2023-12-11,Промостатья: Моя история 1 | Цена перехода | Ж25-54,Не определено,45-54 года,1
2023-12-13,Промостатья: Моя история 1 | Цена перехода | Ж25-54,женский,35‑44 года,1
2023-12-14,Промостатья: Моя история 1 | Цена перехода | Ж25-54,Не определено,Не определено,1
2023-12-15,Промостатья: Моя история 1 | Цена перехода | Ж25-54,женский,25‑34 года,1
2023-12-15,Промостатья: Моя история 1 | Цена перехода | Ж25-54,женский,35‑44 года,1
2023-12-15,Промостатья: Моя история 1 | Цена перехода | Ж25-54,женский,55 лет и старше,1
2023-12-16,Промостатья: Моя история 1 | Цена перехода | Ж25-54,женский,Не определено,1
2023-12-17,Промостатья: Моя история 1 | Цена перехода | Ж25-54,Не определено,Не определено,1
2023-12-17,Промостатья: Моя история 1 | Цена перехода | Ж25-54,женский,25‑34 года,1
2023-12-18,Промостатья: Моя история 1 | Цена перехода | Ж25-54,Не определено,Не определено,1
2023-12-18,Промостатья: Моя история 1 | Цена перехода | Ж25-54,женский,Не определено,1
2023-12-18,Промостатья: Моя история 1 | Цена перехода | Ж25-54,женский,25‑34 года,1
2023-12-20,Промостатья: Моя история 1 | Цена перехода | Ж25-54,женский,35‑44 года,1
2023-12-21,Промостатья: Моя история 2 | Цена перехода | 25-54,мужской,45-54 года,1
2023-12-22,Промостатья: Моя история 2 | Цена перехода | 25-54,женский,Не определено,1
2023-12-22,Промостатья: Моя история 2 | Цена перехода | 25-54,женский,35‑44 года,1
2023-12-24,Промостатья: Моя история 2 | Цена перехода | 25-54,Не определено,Не определено,1
2023-12-24,Промостатья: Моя история 2 | Цена перехода | 25-54,мужской,Не определено,1
2023-12-24,Промостатья: Моя история 2 | Цена перехода | 25-54,мужской,45-54 года,1
2023-12-24,Промостатья: Моя история 2 | Цена перехода | 25-54,женский,25‑34 года,1
2023-12-24,Промостатья: Моя история 2 | Цена перехода | 25-54,женский,45-54 года,1
2023-12-26,Промостатья: Моя история 2 | Цена перехода | 25-54,мужской,25‑34 года,1
2023-12-26,Промостатья: Моя история 2 | Цена перехода | 25-54,мужской,45-54 года,1
2023-12-27,Промостатья: Моя история 2 | Цена перехода | 25-54,мужской,45-54 года,1
2023-12-27,Промостатья: Моя история 2 | Цена перехода | 25-54,женский,Не определено,1
2023-12-29,Промостатья: Моя история 2 | Цена перехода | 25-54,Не определено,Не определено,1
2023-12-29,Промостатья: Моя история 2 | Цена перехода | 25-54,Не определено,45-54 года,1
2023-12-29,Промостатья: Моя история 2 | Цена перехода | 25-54,женский,25‑34 года,1
2023-12-30,Промостатья: Моя история 2 | Цена перехода | 25-54,Не определено,Не определено,1
2023-12-30,Промостатья: Моя история 2 | Цена перехода | 25-54,мужской,25‑34 года,1
2023-12-30,Промостатья: Моя история 2 | Цена перехода | 25-54,женский,Не определено,1
2023-12-30,Промостатья: Моя история 2 | Цена перехода | 25-54,женский,25‑34 года,1
2023-12-31,Промостатья: Моя история 2 | Цена перехода | 25-54,женский,Не определено,1
2024-01-04,Промостатья: Моя история 2 | Цена перехода | 25-54,женский,45-54 года,16
2024-01-10,Промостатья: Моя история 2 | Цена перехода | 25-54,женский,45-54 года,15
2024-01-25,Промостатья: Моя история 1 | Цена перехода | Ж25-54,женский,45-54 года,15
2024-01-26,Промостатья: Моя история 1 | Цена перехода | Ж25-54,женский,45-54 года,14
2024-01-30,Промостатья: Моя история 1 | Цена перехода | Ж25-54,женский,45-54 года,13
2024-03-15,Промостатья: Моя история 1 | Цена перехода | Ж25-54,женский,45-54 года,13
2024-01-23,Промостатья: Моя история 1 | Цена перехода | Ж25-54,женский,45-54 года,12
2024-02-01,Промостатья: Моя история 1 | Цена перехода | Ж25-54,женский,45-54 года,12
2024-03-31,Промостатья: Моя история 1 | Цена перехода | Ж25-54,женский,45-54 года,12
2024-01-16,Промостатья: Моя история 2 | Цена перехода | 25-54,мужской,45-54 года,11
2024-01-18,Промостатья: Моя история 1 | Цена перехода | Ж25-54,женский,45-54 года,11
2024-01-24,Промостатья: Моя история 1 | Цена перехода | Ж25-54,женский,45-54 года,11
2024-02-28,Промостатья: Моя история 1 | Цена перехода | Ж25-54,женский,45-54 года,11
2024-03-23,Промостатья: Моя история 1 | Цена перехода | Ж25-54,женский,45-54 года,11
2024-01-01,Промостатья: Моя история 2 | Цена перехода | 25-54,женский,45-54 года,10
2024-01-03,Промостатья: Моя история 2 | Цена перехода | 25-54,женский,45-54 года,10
2024-01-14,Промостатья: Моя история 1 | Цена перехода | Ж25-54,женский,45-54 года,10
2024-01-31,Промостатья: Моя история 1 | Цена перехода | Ж25-54,женский,45-54 года,10
2024-02-19,Промостатья: Моя история 1 | Цена перехода | Ж25-54,женский,45-54 года,10
2024-02-22,Промостатья: Моя история 1 | Цена перехода | Ж25-54,женский,45-54 года,10
2024-02-23,Промостатья: Моя история 1 | Цена перехода | Ж25-54,женский,45-54 года,10
2024-03-30,Промостатья: Моя история 1 | Цена перехода | Ж25-54,женский,45-54 года,10
2024-01-10,Промостатья: Моя история 2 | Цена перехода | 25-54,мужской,45-54 года,9
2024-01-16,Промостатья: Моя история 1 | Цена перехода | Ж25-54,женский,45-54 года,9
2024-01-19,Промостатья: Моя история 1 | Цена перехода | Ж25-54,женский,45-54 года,9
2024-02-16,Промостатья: Моя история 1 | Цена перехода | Ж25-54,женский,45-54 года,9
2024-02-17,Промостатья: Моя история 1 | Цена перехода | Ж25-54,женский,45-54 года,9
2024-02-20,Промостатья: Моя история 1 | Цена перехода | Ж25-54,женский,45-54 года,9
2024-02-26,Промостатья: Моя история 1 | Цена перехода | Ж25-54,женский,45-54 года,9
2024-02-29,Промостатья: Моя история 1 | Цена перехода | Ж25-54,женский,35‑44 года,9
2024-03-12,Промостатья: Моя история 1 | Цена перехода | Ж25-54,женский,35‑44 года,9
2024-03-13,Промостатья: Моя история 1 | Цена перехода | Ж25-54,женский,45-54 года,9
2024-01-22,Промостатья: Моя история 1 | Цена перехода | Ж25-54,женский,45-54 года,8
2024-03-12,Промостатья: Моя история 1 | Цена перехода | Ж25-54,женский,45-54 года,8
2024-03-13,Промостатья: Моя история 1 | Цена перехода | Ж25-54,женский,35‑44 года,8
2024-03-16,Промостатья: Моя история 1 | Цена перехода | Ж25-54,женский,45-54 года,8
2024-03-18,Промостатья: Моя история 1 | Цена перехода | Ж25-54,женский,45-54 года,8
2024-03-21,Промостатья: Моя история 1 | Цена перехода | Ж25-54,женский,45-54 года,8
2024-03-30,Промостатья: Моя история 1 | Цена перехода | Ж25-54,женский,35‑44 года,8
2024-03-31,Промостатья: Моя история 1 | Цена перехода | Ж25-54,женский,35‑44 года,8
2024-01-04,Промостатья: Моя история 2 | Цена перехода | 25-54,мужской,45-54 года,7
2024-01-05,Промостатья: Моя история 2 | Цена перехода | 25-54,мужской,45-54 года,7
2024-01-11,Промостатья: Моя история 2 | Цена перехода | 25-54,мужской,45-54 года,7
2024-01-15,Промостатья: Моя история 1 | Цена перехода | Ж25-54,женский,45-54 года,7
2024-01-17,Промостатья: Моя история 2 | Цена перехода | 25-54,мужской,45-54 года,7
2024-02-18,Промостатья: Моя история 1 | Цена перехода | Ж25-54,женский,35‑44 года,7
2024-02-18,Промостатья: Моя история 1 | Цена перехода | Ж25-54,женский,45-54 года,7
2024-02-19,Промостатья: Моя история 1 | Цена перехода | Ж25-54,женский,35‑44 года,7
2024-02-27,Промостатья: Моя история 1 | Цена перехода | Ж25-54,женский,35‑44 года,7
2024-02-27,Промостатья: Моя история 1 | Цена перехода | Ж25-54,женский,45-54 года,7
2024-02-29,Промостатья: Моя история 1 | Цена перехода | Ж25-54,женский,45-54 года,7
2024-03-14,Промостатья: Моя история 1 | Цена перехода | Ж25-54,женский,45-54 года,7
2024-03-29,Промостатья: Моя история 1 | Цена перехода | Ж25-54,женский,45-54 года,7
2024-01-03,Промостатья: Моя история 2 | Цена перехода | 25-54,мужской,45-54 года,6
2024-01-04,Промостатья: Моя история 2 | Цена перехода | 25-54,женский,35‑44 года,6
2024-01-20,Промостатья: Моя история 1 | Цена перехода | Ж25-54,женский,45-54 года,6
2024-02-15,Промостатья: Моя история 1 | Цена перехода | Ж25-54,женский,35‑44 года,6
2024-02-15,Промостатья: Моя история 1 | Цена перехода | Ж25-54,женский,45-54 года,6
2024-02-26,Промостатья: Моя история 1 | Цена перехода | Ж25-54,Не определено,Не определено,6
2024-03-16,Промостатья: Моя история 1 | Цена перехода | Ж25-54,женский,35‑44 года,6
2024-03-19,Промостатья: Моя история 1 | Цена перехода | Ж25-54,женский,45-54 года,6
2024-03-22,Промостатья: Моя история 1 | Цена перехода | Ж25-54,женский,35‑44 года,6
2024-03-28,Промостатья: Моя история 1 | Цена перехода | Ж25-54,женский,45-54 года,6
2024-01-02,Промостатья: Моя история 2 | Цена перехода | 25-54,женский,45-54 года,5
2024-01-10,Промостатья: Моя история 2 | Цена перехода | 25-54,женский,35‑44 года,5
2024-01-11,Промостатья: Моя история 2 | Цена перехода | 25-54,мужской,35‑44 года,5
2024-01-13,Промостатья: Моя история 1 | Цена перехода | Ж25-54,женский,45-54 года,5
2024-01-17,Промостатья: Моя история 1 | Цена перехода | Ж25-54,женский,45-54 года,5
2024-01-29,Промостатья: Моя история 1 | Цена перехода | Ж25-54,Не определено,Не определено,5
2024-01-29,Промостатья: Моя история 1 | Цена перехода | Ж25-54,женский,35‑44 года,5
2024-01-31,Промостатья: Моя история 1 | Цена перехода | Ж25-54,женский,35‑44 года,5
2024-02-15,Промостатья: Моя история 1 | Цена перехода | Ж25-54,женский,25‑34 года,5
2024-02-20,Промостатья: Моя история 1 | Цена перехода | Ж25-54,женский,35‑44 года,5
2024-03-14,Промостатья: Моя история 1 | Цена перехода | Ж25-54,женский,25‑34 года,5
2024-03-18,Промостатья: Моя история 1 | Цена перехода | Ж25-54,женский,35‑44 года,5
2024-03-20,Промостатья: Моя история 1 | Цена перехода | Ж25-54,женский,45-54 года,5
2024-03-24,Промостатья: Моя история 1 | Цена перехода | Ж25-54,женский,45-54 года,5
2024-03-27,Промостатья: Моя история 1 | Цена перехода | Ж25-54,женский,45-54 года,5
2024-01-03,Промостатья: Моя история 2 | Цена перехода | 25-54,Не определено,Не определено,4
2024-01-05,Промостатья: Моя история 2 | Цена перехода | 25-54,женский,35‑44 года,4
2024-01-05,Промостатья: Моя история 2 | Цена перехода | 25-54,женский,45-54 года,4
2024-01-12,Промостатья: Моя история 1 | Цена перехода | Ж25-54,женский,45-54 года,4
2024-01-17,Промостатья: Моя история 1 | Цена перехода | Ж25-54,женский,25‑34 года,4
2024-01-17,Промостатья: Моя история 2 | Цена перехода | 25-54,мужской,35‑44 года,4
2024-01-19,Промостатья: Моя история 1 | Цена перехода | Ж25-54,женский,35‑44 года,4
2024-01-22,Промостатья: Моя история 1 | Цена перехода | Ж25-54,женский,35‑44 года,4
2024-01-24,Промостатья: Моя история 1 | Цена перехода | Ж25-54,женский,35‑44 года,4
2024-01-26,Промостатья: Моя история 1 | Цена перехода | Ж25-54,женский,35‑44 года,4
2024-01-29,Промостатья: Моя история 1 | Цена перехода | Ж25-54,женский,45-54 года,4
2024-02-20,Промостатья: Моя история 1 | Цена перехода | Ж25-54,Не определено,Не определено,4
2024-02-21,Промостатья: Моя история 1 | Цена перехода | Ж25-54,женский,45-54 года,4
2024-02-28,Промостатья: Моя история 1 | Цена перехода | Ж25-54,женский,35‑44 года,4
2024-02-29,Промостатья: Моя история 1 | Цена перехода | Ж25-54,Не определено,Не определено,4
2024-02-29,Промостатья: Моя история 1 | Цена перехода | Ж25-54,женский,25‑34 года,4
2024-03-12,Промостатья: Моя история 1 | Цена перехода | Ж25-54,женский,25‑34 года,4
2024-03-16,Промостатья: Моя история 1 | Цена перехода | Ж25-54,женский,25‑34 года,4
2024-03-17,Промостатья: Моя история 1 | Цена перехода | Ж25-54,женский,35‑44 года,4
2024-03-17,Промостатья: Моя история 1 | Цена перехода | Ж25-54,женский,45-54 года,4
2024-03-19,Промостатья: Моя история 1 | Цена перехода | Ж25-54,женский,35‑44 года,4
2024-03-23,Промостатья: Моя история 1 | Цена перехода | Ж25-54,женский,25‑34 года,4
2024-03-23,Промостатья: Моя история 1 | Цена перехода | Ж25-54,женский,35‑44 года,4
2024-03-24,Промостатья: Моя история 1 | Цена перехода | Ж25-54,женский,35‑44 года,4
2024-03-28,Промостатья: Моя история 1 | Цена перехода | Ж25-54,женский,35‑44 года,4
2024-01-01,Промостатья: Моя история 2 | Цена перехода | 25-54,мужской,45-54 года,3
2024-01-01,Промостатья: Моя история 2 | Цена перехода | 25-54,женский,35‑44 года,3
2024-01-02,Промостатья: Моя история 2 | Цена перехода | 25-54,мужской,35‑44 года,3
2024-01-02,Промостатья: Моя история 2 | Цена перехода | 25-54,мужской,45-54 года,3
2024-01-11,Промостатья: Моя история 2 | Цена перехода | 25-54,женский,45-54 года,3
2024-01-16,Промостатья: Моя история 1 | Цена перехода | Ж25-54,женский,25‑34 года,3
2024-01-16,Промостатья: Моя история 2 | Цена перехода | 25-54,мужской,35‑44 года,3
2024-01-17,Промостатья: Моя история 2 | Цена перехода | 25-54,Не определено,Не определено,3
2024-01-18,Промостатья: Моя история 1 | Цена перехода | Ж25-54,женский,35‑44 года,3
2024-01-20,Промостатья: Моя история 1 | Цена перехода | Ж25-54,женский,35‑44 года,3
2024-01-23,Промостатья: Моя история 1 | Цена перехода | Ж25-54,женский,35‑44 года,3
2024-01-24,Промостатья: Моя история 1 | Цена перехода | Ж25-54,женский,25‑34 года,3
2024-01-25,Промостатья: Моя история 1 | Цена перехода | Ж25-54,женский,25‑34 года,3
2024-01-25,Промостатья: Моя история 1 | Цена перехода | Ж25-54,женский,35‑44 года,3
2024-01-26,Промостатья: Моя история 1 | Цена перехода | Ж25-54,женский,Не определено,3
2024-01-27,Промостатья: Моя история 1 | Цена перехода | Ж25-54,женский,25‑34 года,3
2024-01-30,Промостатья: Моя история 1 | Цена перехода | Ж25-54,Не определено,Не определено,3
2024-02-14,Промостатья: Моя история 1 | Цена перехода | Ж25-54,женский,45-54 года,3
2024-02-16,Промостатья: Моя история 1 | Цена перехода | Ж25-54,женский,25‑34 года,3
2024-02-16,Промостатья: Моя история 1 | Цена перехода | Ж25-54,женский,35‑44 года,3
2024-02-16,Промостатья: Моя история 1 | Цена перехода | Ж25-54,женский,55 лет и старше,3
2024-02-17,Промостатья: Моя история 1 | Цена перехода | Ж25-54,женский,35‑44 года,3
2024-02-19,Промостатья: Моя история 1 | Цена перехода | Ж25-54,женский,25‑34 года,3
2024-02-21,Промостатья: Моя история 1 | Цена перехода | Ж25-54,женский,35‑44 года,3
2024-02-22,Промостатья: Моя история 1 | Цена перехода | Ж25-54,Не определено,Не определено,3
2024-02-23,Промостатья: Моя история 1 | Цена перехода | Ж25-54,женский,35‑44 года,3
2024-02-27,Промостатья: Моя история 1 | Цена перехода | Ж25-54,Не определено,Не определено,3
2024-02-28,Промостатья: Моя история 1 | Цена перехода | Ж25-54,Не определено,Не определено,3
2024-03-11,Промостатья: Моя история 1 | Цена перехода | Ж25-54,женский,45-54 года,3
2024-03-13,Промостатья: Моя история 1 | Цена перехода | Ж25-54,женский,25‑34 года,3
2024-03-14,Промостатья: Моя история 1 | Цена перехода | Ж25-54,Не определено,Не определено,3
2024-03-14,Промостатья: Моя история 1 | Цена перехода | Ж25-54,женский,35‑44 года,3
2024-03-15,Промостатья: Моя история 1 | Цена перехода | Ж25-54,Не определено,Не определено,3
2024-03-15,Промостатья: Моя история 1 | Цена перехода | Ж25-54,женский,25‑34 года,3
2024-03-18,Промостатья: Моя история 1 | Цена перехода | Ж25-54,Не определено,Не определено,3
2024-03-20,Промостатья: Моя история 1 | Цена перехода | Ж25-54,женский,35‑44 года,3
2024-03-21,Промостатья: Моя история 1 | Цена перехода | Ж25-54,Не определено,Не определено,3
2024-03-21,Промостатья: Моя история 1 | Цена перехода | Ж25-54,женский,35‑44 года,3
2024-03-22,Промостатья: Моя история 1 | Цена перехода | Ж25-54,женский,25‑34 года,3
2024-03-22,Промостатья: Моя история 1 | Цена перехода | Ж25-54,женский,45-54 года,3
2024-03-23,Промостатья: Моя история 1 | Цена перехода | Ж25-54,Не определено,Не определено,3
2024-03-24,Промостатья: Моя история 1 | Цена перехода | Ж25-54,женский,25‑34 года,3
2024-03-29,Промостатья: Моя история 1 | Цена перехода | Ж25-54,Не определено,Не определено,3
2024-03-31,Промостатья: Моя история 1 | Цена перехода | Ж25-54,Не определено,Не определено,3
2024-01-02,Промостатья: Моя история 2 | Цена перехода | 25-54,Не определено,Не определено,2
2024-01-02,Промостатья: Моя история 2 | Цена перехода | 25-54,женский,35‑44 года,2
2024-01-03,Промостатья: Моя история 2 | Цена перехода | 25-54,женский,25‑34 года,2
2024-01-03,Промостатья: Моя история 2 | Цена перехода | 25-54,женский,35‑44 года,2
2024-01-04,Промостатья: Моя история 2 | Цена перехода | 25-54,мужской,25‑34 года,2
2024-01-05,Промостатья: Моя история 2 | Цена перехода | 25-54,Не определено,Не определено,2
2024-01-05,Промостатья: Моя история 2 | Цена перехода | 25-54,женский,25‑34 года,2
2024-01-09,Промостатья: Моя история 2 | Цена перехода | 25-54,женский,35‑44 года,2
2024-01-11,Промостатья: Моя история 2 | Цена перехода | 25-54,Не определено,Не определено,2
2024-01-11,Промостатья: Моя история 2 | Цена перехода | 25-54,Не определено,45-54 года,2
2024-01-12,Промостатья: Моя история 1 | Цена перехода | Ж25-54,женский,Не определено,2
2024-01-13,Промостатья: Моя история 1 | Цена перехода | Ж25-54,женский,35‑44 года,2
2024-01-15,Промостатья: Моя история 1 | Цена перехода | Ж25-54,женский,25‑34 года,2
2024-01-15,Промостатья: Моя история 1 | Цена перехода | Ж25-54,женский,35‑44 года,2
2024-01-16,Промостатья: Моя история 1 | Цена перехода | Ж25-54,Не определено,Не определено,2
2024-01-16,Промостатья: Моя история 1 | Цена перехода | Ж25-54,женский,35‑44 года,2
2024-01-17,Промостатья: Моя история 1 | Цена перехода | Ж25-54,Не определено,Не определено,2
2024-01-17,Промостатья: Моя история 1 | Цена перехода | Ж25-54,женский,35‑44 года,2
2024-01-20,Промостатья: Моя история 1 | Цена перехода | Ж25-54,женский,Не определено,2
2024-01-20,Промостатья: Моя история 1 | Цена перехода | Ж25-54,женский,25‑34 года,2
2024-01-21,Промостатья: Моя история 1 | Цена перехода | Ж25-54,Не определено,Не определено,2
2024-01-22,Промостатья: Моя история 1 | Цена перехода | Ж25-54,Не определено,Не определено,2
2024-01-22,Промостатья: Моя история 1 | Цена перехода | Ж25-54,Не определено,55 лет и старше,2
2024-01-22,Промостатья: Моя история 1 | Цена перехода | Ж25-54,женский,Не определено,2
2024-01-24,Промостатья: Моя история 1 | Цена перехода | Ж25-54,Не определено,Не определено,2
2024-01-24,Промостатья: Моя история 1 | Цена перехода | Ж25-54,женский,Не определено,2
2024-01-25,Промостатья: Моя история 1 | Цена перехода | Ж25-54,женский,Не определено,2
2024-01-26,Промостатья: Моя история 1 | Цена перехода | Ж25-54,Не определено,Не определено,2
2024-01-27,Промостатья: Моя история 1 | Цена перехода | Ж25-54,женский,35‑44 года,2
2024-01-27,Промостатья: Моя история 1 | Цена перехода | Ж25-54,женский,45-54 года,2
2024-01-30,Промостатья: Моя история 1 | Цена перехода | Ж25-54,женский,35‑44 года,2
2024-01-31,Промостатья: Моя история 1 | Цена перехода | Ж25-54,женский,25‑34 года,2
2024-02-01,Промостатья: Моя история 1 | Цена перехода | Ж25-54,женский,35‑44 года,2
2024-02-15,Промостатья: Моя история 1 | Цена перехода | Ж25-54,Не определено,Не определено,2
2024-02-17,Промостатья: Моя история 1 | Цена перехода | Ж25-54,Не определено,Не определено,2
2024-02-17,Промостатья: Моя история 1 | Цена перехода | Ж25-54,женский,25‑34 года,2
2024-02-18,Промостатья: Моя история 1 | Цена перехода | Ж25-54,Не определено,Не определено,2
2024-02-18,Промостатья: Моя история 1 | Цена перехода | Ж25-54,женский,25‑34 года,2
2024-02-19,Промостатья: Моя история 1 | Цена перехода | Ж25-54,Не определено,Не определено,2
2024-02-21,Промостатья: Моя история 1 | Цена перехода | Ж25-54,Не определено,Не определено,2
2024-02-22,Промостатья: Моя история 1 | Цена перехода | Ж25-54,женский,25‑34 года,2
2024-02-22,Промостатья: Моя история 1 | Цена перехода | Ж25-54,женский,35‑44 года,2
2024-02-23,Промостатья: Моя история 1 | Цена перехода | Ж25-54,женский,25‑34 года,2
2024-02-24,Промостатья: Моя история 1 | Цена перехода | Ж25-54,женский,45-54 года,2
2024-02-26,Промостатья: Моя история 1 | Цена перехода | Ж25-54,женский,35‑44 года,2
2024-02-28,Промостатья: Моя история 1 | Цена перехода | Ж25-54,женский,25‑34 года,2
2024-03-11,Промостатья: Моя история 1 | Цена перехода | Ж25-54,женский,35‑44 года,2
2024-03-12,Промостатья: Моя история 1 | Цена перехода | Ж25-54,Не определено,Не определено,2
2024-03-18,Промостатья: Моя история 1 | Цена перехода | Ж25-54,женский,25‑34 года,2
2024-03-19,Промостатья: Моя история 1 | Цена перехода | Ж25-54,Не определено,Не определено,2
2024-03-19,Промостатья: Моя история 1 | Цена перехода | Ж25-54,женский,25‑34 года,2
2024-03-20,Промостатья: Моя история 1 | Цена перехода | Ж25-54,женский,25‑34 года,2
2024-03-25,Промостатья: Моя история 1 | Цена перехода | Ж25-54,женский,35‑44 года,2
2024-03-27,Промостатья: Моя история 1 | Цена перехода | Ж25-54,женский,25‑34 года,2
2024-03-28,Промостатья: Моя история 1 | Цена перехода | Ж25-54,Не определено,Не определено,2
2024-03-30,Промостатья: Моя история 1 | Цена перехода | Ж25-54,Не определено,Не определено,2
2024-03-31,Промостатья: Моя история 1 | Цена перехода | Ж25-54,женский,Не определено,2
2024-03-31,Промостатья: Моя история 1 | Цена перехода | Ж25-54,женский,25‑34 года,2
2024-01-01,Промостатья: Моя история 2 | Цена перехода | 25-54,Не определено,Не определено,1
2024-01-01,Промостатья: Моя история 2 | Цена перехода | 25-54,мужской,25‑34 года,1
2024-01-01,Промостатья: Моя история 2 | Цена перехода | 25-54,мужской,35‑44 года,1
2024-01-01,Промостатья: Моя история 2 | Цена перехода | 25-54,женский,25‑34 года,1
2024-01-02,Промостатья: Моя история 2 | Цена перехода | 25-54,женский,Не определено,1
2024-01-02,Промостатья: Моя история 2 | Цена перехода | 25-54,женский,25‑34 года,1
2024-01-03,Промостатья: Моя история 2 | Цена перехода | 25-54,мужской,25‑34 года,1
2024-01-03,Промостатья: Моя история 2 | Цена перехода | 25-54,мужской,35‑44 года,1
2024-01-04,Промостатья: Моя история 2 | Цена перехода | 25-54,Не определено,Не определено,1
2024-01-04,Промостатья: Моя история 2 | Цена перехода | 25-54,мужской,35‑44 года,1
2024-01-04,Промостатья: Моя история 2 | Цена перехода | 25-54,женский,25‑34 года,1
2024-01-06,Промостатья: Моя история 2 | Цена перехода | 25-54,Не определено,Не определено,1
2024-01-06,Промостатья: Моя история 2 | Цена перехода | 25-54,мужской,45-54 года,1
2024-01-09,Промостатья: Моя история 2 | Цена перехода | 25-54,Не определено,Не определено,1
2024-01-09,Промостатья: Моя история 2 | Цена перехода | 25-54,мужской,45-54 года,1
2024-01-09,Промостатья: Моя история 2 | Цена перехода | 25-54,женский,Не определено,1
2024-01-09,Промостатья: Моя история 2 | Цена перехода | 25-54,женский,45-54 года,1
2024-01-10,Промостатья: Моя история 2 | Цена перехода | 25-54,Не определено,Не определено,1
2024-01-10,Промостатья: Моя история 2 | Цена перехода | 25-54,мужской,35‑44 года,1
2024-01-10,Промостатья: Моя история 2 | Цена перехода | 25-54,женский,25‑34 года,1
2024-01-11,Промостатья: Моя история 2 | Цена перехода | 25-54,мужской,55 лет и старше,1
2024-01-12,Промостатья: Моя история 1 | Цена перехода | Ж25-54,женский,35‑44 года,1
2024-01-12,Промостатья: Моя история 2 | Цена перехода | 25-54,мужской,35‑44 года,1
2024-01-12,Промостатья: Моя история 2 | Цена перехода | 25-54,мужской,45-54 года,1
2024-01-13,Промостатья: Моя история 1 | Цена перехода | Ж25-54,женский,Не определено,1
2024-01-14,Промостатья: Моя история 1 | Цена перехода | Ж25-54,Не определено,Не определено,1
2024-01-14,Промостатья: Моя история 1 | Цена перехода | Ж25-54,женский,35‑44 года,1
2024-01-15,Промостатья: Моя история 1 | Цена перехода | Ж25-54,Не определено,Не определено,1
2024-01-16,Промостатья: Моя история 1 | Цена перехода | Ж25-54,женский,18‑24 года,1
2024-01-16,Промостатья: Моя история 2 | Цена перехода | 25-54,Не определено,Не определено,1
2024-01-16,Промостатья: Моя история 2 | Цена перехода | 25-54,мужской,25‑34 года,1
2024-01-16,Промостатья: Моя история 2 | Цена перехода | 25-54,женский,Не определено,1
2024-01-16,Промостатья: Моя история 2 | Цена перехода | 25-54,женский,45-54 года,1
2024-01-18,Промостатья: Моя история 1 | Цена перехода | Ж25-54,Не определено,Не определено,1
2024-01-18,Промостатья: Моя история 1 | Цена перехода | Ж25-54,женский,Не определено,1
2024-01-19,Промостатья: Моя история 1 | Цена перехода | Ж25-54,женский,25‑34 года,1
2024-01-21,Промостатья: Моя история 1 | Цена перехода | Ж25-54,женский,25‑34 года,1
2024-01-21,Промостатья: Моя история 1 | Цена перехода | Ж25-54,женский,45-54 года,1
2024-01-21,Промостатья: Моя история 2 | Цена перехода | 25-54,мужской,45-54 года,1
2024-01-22,Промостатья: Моя история 1 | Цена перехода | Ж25-54,женский,25‑34 года,1
2024-01-23,Промостатья: Моя история 1 | Цена перехода | Ж25-54,Не определено,Не определено,1
2024-01-23,Промостатья: Моя история 1 | Цена перехода | Ж25-54,женский,Не определено,1
2024-01-23,Промостатья: Моя история 1 | Цена перехода | Ж25-54,женский,25‑34 года,1
2024-01-23,Промостатья: Моя история 1 | Цена перехода | Ж25-54,женский,55 лет и старше,1
2024-01-25,Промостатья: Моя история 1 | Цена перехода | Ж25-54,Не определено,Не определено,1
2024-01-25,Промостатья: Моя история 1 | Цена перехода | Ж25-54,женский,55 лет и старше,1
2024-01-26,Промостатья: Моя история 1 | Цена перехода | Ж25-54,женский,25‑34 года,1
2024-01-30,Промостатья: Моя история 1 | Цена перехода | Ж25-54,женский,Не определено,1
2024-01-31,Промостатья: Моя история 1 | Цена перехода | Ж25-54,женский,55 лет и старше,1
2024-02-01,Промостатья: Моя история 1 | Цена перехода | Ж25-54,Не определено,Не определено,1
2024-02-01,Промостатья: Моя история 1 | Цена перехода | Ж25-54,женский,Не определено,1
2024-02-03,Промостатья: Моя история 1 | Цена перехода | Ж25-54,женский,45-54 года,1
2024-02-05,Промостатья: Моя история 2 | Цена перехода | 25-54,женский,45-54 года,1
2024-02-08,Промостатья: Моя история 1 | Цена перехода | Ж25-54,женский,45-54 года,1
2024-02-14,Промостатья: Моя история 1 | Цена перехода | Ж25-54,женский,35‑44 года,1
2024-02-16,Промостатья: Моя история 1 | Цена перехода | Ж25-54,Не определено,Не определено,1
2024-02-17,Промостатья: Моя история 1 | Цена перехода | Ж25-54,Не определено,45-54 года,1
2024-02-17,Промостатья: Моя история 1 | Цена перехода | Ж25-54,женский,Не определено,1
2024-02-17,Промостатья: Моя история 1 | Цена перехода | Ж25-54,женский,55 лет и старше,1
2024-02-19,Промостатья: Моя история 1 | Цена перехода | Ж25-54,женский,Не определено,1
2024-02-20,Промостатья: Моя история 1 | Цена перехода | Ж25-54,женский,25‑34 года,1
2024-02-21,Промостатья: Моя история 1 | Цена перехода | Ж25-54,женский,25‑34 года,1
2024-02-21,Промостатья: Моя история 1 | Цена перехода | Ж25-54,женский,55 лет и старше,1
2024-02-24,Промостатья: Моя история 1 | Цена перехода | Ж25-54,Не определено,Не определено,1
2024-02-24,Промостатья: Моя история 1 | Цена перехода | Ж25-54,Не определено,55 лет и старше,1
2024-02-24,Промостатья: Моя история 1 | Цена перехода | Ж25-54,женский,25‑34 года,1
2024-02-27,Промостатья: Моя история 1 | Цена перехода | Ж25-54,мужской,35‑44 года,1
2024-02-27,Промостатья: Моя история 1 | Цена перехода | Ж25-54,женский,25‑34 года,1
2024-03-01,Промостатья: Моя история 1 | Цена перехода | Ж25-54,Не определено,Не определено,1
2024-03-04,Промостатья: Моя история 1 | Цена перехода | Ж25-54,женский,45-54 года,1
2024-03-05,Промостатья: Моя история 1 | Цена перехода | Ж25-54,Не определено,Не определено,1
2024-03-11,Промостатья: Моя история 1 | Цена перехода | Ж25-54,женский,25‑34 года,1
2024-03-12,Промостатья: Моя история 1 | Цена перехода | Ж25-54,Не определено,35‑44 года,1
2024-03-12,Промостатья: Моя история 1 | Цена перехода | Ж25-54,женский,Не определено,1
2024-03-13,Промостатья: Моя история 1 | Цена перехода | Ж25-54,Не определено,Не определено,1
2024-03-13,Промостатья: Моя история 1 | Цена перехода | Ж25-54,Не определено,25‑34 года,1
2024-03-13,Промостатья: Моя история 1 | Цена перехода | Ж25-54,мужской,25‑34 года,1
2024-03-14,Промостатья: Моя история 1 | Цена перехода | Ж25-54,мужской,45-54 года,1
2024-03-15,Промостатья: Моя история 1 | Цена перехода | Ж25-54,женский,35‑44 года,1
2024-03-16,Промостатья: Моя история 1 | Цена перехода | Ж25-54,Не определено,Не определено,1
2024-03-17,Промостатья: Моя история 1 | Цена перехода | Ж25-54,женский,25‑34 года,1
2024-03-21,Промостатья: Моя история 1 | Цена перехода | Ж25-54,женский,25‑34 года,1
2024-03-22,Промостатья: Моя история 1 | Цена перехода | Ж25-54,Не определено,Не определено,1
2024-03-22,Промостатья: Моя история 1 | Цена перехода | Ж25-54,женский,Не определено,1
2024-03-23,Промостатья: Моя история 1 | Цена перехода | Ж25-54,Не определено,младше 18 лет,1
2024-03-23,Промостатья: Моя история 1 | Цена перехода | Ж25-54,женский,55 лет и старше,1
2024-03-24,Промостатья: Моя история 1 | Цена перехода | Ж25-54,Не определено,Не определено,1
2024-03-25,Промостатья: Моя история 1 | Цена перехода | Ж25-54,женский,45-54 года,1
2024-03-26,Промостатья: Моя история 1 | Цена перехода | Ж25-54,женский,25‑34 года,1
2024-03-27,Промостатья: Моя история 1 | Цена перехода | Ж25-54,Не определено,Не определено,1
2024-03-28,Промостатья: Моя история 1 | Цена перехода | Ж25-54,Не определено,45-54 года,1
2024-03-28,Промостатья: Моя история 1 | Цена перехода | Ж25-54,мужской,45-54 года,1
2024-03-28,Промостатья: Моя история 1 | Цена перехода | Ж25-54,женский,25‑34 года,1
2024-03-29,Промостатья: Моя история 1 | Цена перехода | Ж25-54,женский,Не определено,1
2024-03-30,Промостатья: Моя история 1 | Цена перехода | Ж25-54,женский,25‑34 года,1
2024-06-20,Промостатья: Моя история 3 | Цена перехода | 25-54 | lp /dzen,женский,45-54 года,43
2024-06-19,Промостатья: Моя история 3 | Цена перехода | 25-54 | lp /dzen,женский,45-54 года,18
2024-04-19,Промостатья: Моя история 1 | Цена перехода | Ж25-54,женский,45-54 года,16
2024-05-06,Промостатья: Моя история 1 | Цена перехода | Ж25-54,женский,35‑44 года,14
2024-04-07,Промостатья: Моя история 1 | Цена перехода | Ж25-54,женский,45-54 года,13
2024-05-07,Промостатья: Моя история 1 | Цена перехода | Ж25-54,женский,45-54 года,13
2024-06-20,Промостатья: Моя история 3 | Цена перехода | 25-54 | lp /franchise,женский,45-54 года,13
2024-05-06,Промостатья: Моя история 1 | Цена перехода | Ж25-54,женский,45-54 года,12
2024-04-09,Промостатья: Моя история 1 | Цена перехода | Ж25-54,женский,45-54 года,11
2024-04-16,Промостатья: Моя история 1 | Цена перехода | Ж25-54,женский,45-54 года,11
2024-04-18,Промостатья: Моя история 1 | Цена перехода | Ж25-54,женский,45-54 года,11
2024-04-25,Промостатья: Моя история 1 | Цена перехода | Ж25-54,женский,45-54 года,10
2024-05-14,Промостатья: Моя история 1 | Цена перехода | Ж25-54,женский,45-54 года,10
2024-04-08,Промостатья: Моя история 1 | Цена перехода | Ж25-54,женский,45-54 года,9
2024-04-13,Промостатья: Моя история 1 | Цена перехода | Ж25-54,женский,45-54 года,9
2024-04-14,Промостатья: Моя история 1 | Цена перехода | Ж25-54,женский,45-54 года,9
2024-04-20,Промостатья: Моя история 1 | Цена перехода | Ж25-54,женский,45-54 года,9
2024-04-26,Промостатья: Моя история 1 | Цена перехода | Ж25-54,женский,45-54 года,9
2024-04-30,Промостатья: Моя история 1 | Цена перехода | Ж25-54,женский,45-54 года,9
2024-06-07,Промостатья: Моя история 3 | Цена перехода | 25-54,женский,45-54 года,9
2024-04-15,Промостатья: Моя история 1 | Цена перехода | Ж25-54,женский,45-54 года,7
2024-05-14,Промостатья: Моя история 1 | Цена перехода | Ж25-54,женский,35‑44 года,7
2024-05-15,Промостатья: Моя история 1 | Цена перехода | Ж25-54,женский,35‑44 года,7
2024-06-06,Промостатья: Моя история 3 | Цена перехода | 25-54,мужской,45-54 года,7
2024-06-21,Промостатья: Моя история 3 | Цена перехода | 25-54 | lp /dzen,женский,45-54 года,7
2024-04-01,Промостатья: Моя история 1 | Цена перехода | Ж25-54,женский,45-54 года,6
2024-04-04,Промостатья: Моя история 1 | Цена перехода | Ж25-54,женский,45-54 года,6
2024-04-05,Промостатья: Моя история 1 | Цена перехода | Ж25-54,женский,35‑44 года,6
2024-04-10,Промостатья: Моя история 1 | Цена перехода | Ж25-54,женский,45-54 года,6
2024-04-11,Промостатья: Моя история 1 | Цена перехода | Ж25-54,женский,45-54 года,6
2024-04-12,Промостатья: Моя история 1 | Цена перехода | Ж25-54,женский,45-54 года,6
2024-04-17,Промостатья: Моя история 1 | Цена перехода | Ж25-54,женский,45-54 года,6
2024-04-29,Промостатья: Моя история 1 | Цена перехода | Ж25-54,женский,45-54 года,6
2024-05-06,Промостатья: Моя история 1 | Цена перехода | Ж25-54,женский,25‑34 года,6
2024-05-25,Промостатья: Моя история 1 | Цена перехода | Ж25-54,женский,45-54 года,6
2024-05-30,Промостатья: Моя история 3 | Цена перехода | 25-54,мужской,45-54 года,6
2024-04-06,Промостатья: Моя история 1 | Цена перехода | Ж25-54,женский,45-54 года,5
2024-04-09,Промостатья: Моя история 1 | Цена перехода | Ж25-54,женский,35‑44 года,5
2024-04-14,Промостатья: Моя история 1 | Цена перехода | Ж25-54,женский,25‑34 года,5
2024-04-16,Промостатья: Моя история 1 | Цена перехода | Ж25-54,женский,35‑44 года,5
2024-04-19,Промостатья: Моя история 1 | Цена перехода | Ж25-54,женский,35‑44 года,5
2024-04-20,Промостатья: Моя история 1 | Цена перехода | Ж25-54,женский,35‑44 года,5
2024-04-21,Промостатья: Моя история 1 | Цена перехода | Ж25-54,женский,45-54 года,5
2024-04-24,Промостатья: Моя история 1 | Цена перехода | Ж25-54,женский,25‑34 года,5
2024-04-26,Промостатья: Моя история 1 | Цена перехода | Ж25-54,женский,35‑44 года,5
2024-04-29,Промостатья: Моя история 1 | Цена перехода | Ж25-54,женский,35‑44 года,5
2024-04-30,Промостатья: Моя история 1 | Цена перехода | Ж25-54,женский,35‑44 года,5
2024-05-01,Промостатья: Моя история 1 | Цена перехода | Ж25-54,женский,35‑44 года,5
2024-05-07,Промостатья: Моя история 1 | Цена перехода | Ж25-54,женский,25‑34 года,5
2024-05-13,Промостатья: Моя история 2 | Цена перехода | 25-54,мужской,45-54 года,5
2024-06-19,Промостатья: Моя история 3 | Цена перехода | 25-54 | lp /dzen,Не определено,Не определено,5
2024-06-21,Промостатья: Моя история 3 | Цена перехода | 25-54 | lp /franchise,женский,45-54 года,5
2024-04-02,Промостатья: Моя история 1 | Цена перехода | Ж25-54,женский,25‑34 года,4
2024-04-02,Промостатья: Моя история 1 | Цена перехода | Ж25-54,женский,35‑44 года,4
2024-04-04,Промостатья: Моя история 1 | Цена перехода | Ж25-54,Не определено,Не определено,4
2024-04-05,Промостатья: Моя история 1 | Цена перехода | Ж25-54,женский,45-54 года,4
2024-04-06,Промостатья: Моя история 1 | Цена перехода | Ж25-54,женский,35‑44 года,4
2024-04-12,Промостатья: Моя история 1 | Цена перехода | Ж25-54,женский,35‑44 года,4
2024-04-20,Промостатья: Моя история 1 | Цена перехода | Ж25-54,женский,25‑34 года,4
2024-04-21,Промостатья: Моя история 1 | Цена перехода | Ж25-54,женский,35‑44 года,4
2024-04-24,Промостатья: Моя история 1 | Цена перехода | Ж25-54,женский,45-54 года,4
2024-05-01,Промостатья: Моя история 1 | Цена перехода | Ж25-54,женский,45-54 года,4
2024-05-07,Промостатья: Моя история 1 | Цена перехода | Ж25-54,женский,35‑44 года,4
2024-05-14,Промостатья: Моя история 1 | Цена перехода | Ж25-54,женский,25‑34 года,4
2024-05-24,Промостатья: Моя история 1 | Цена перехода | Ж25-54,женский,35‑44 года,4
2024-05-26,Промостатья: Моя история 1 | Цена перехода | Ж25-54,женский,45-54 года,4
2024-06-06,Промостатья: Моя история 3 | Цена перехода | 25-54,женский,45-54 года,4
2024-06-20,Промостатья: Моя история 3 | Цена перехода | 25-54 | lp /dzen,Не определено,Не определено,4
2024-04-01,Промостатья: Моя история 1 | Цена перехода | Ж25-54,Не определено,Не определено,3
2024-04-02,Промостатья: Моя история 1 | Цена перехода | Ж25-54,женский,45-54 года,3
2024-04-05,Промостатья: Моя история 1 | Цена перехода | Ж25-54,Не определено,Не определено,3
2024-04-06,Промостатья: Моя история 1 | Цена перехода | Ж25-54,Не определено,Не определено,3
2024-04-09,Промостатья: Моя история 1 | Цена перехода | Ж25-54,женский,25‑34 года,3
2024-04-13,Промостатья: Моя история 1 | Цена перехода | Ж25-54,Не определено,Не определено,3
2024-04-13,Промостатья: Моя история 1 | Цена перехода | Ж25-54,женский,35‑44 года,3
2024-04-14,Промостатья: Моя история 1 | Цена перехода | Ж25-54,женский,35‑44 года,3
2024-04-18,Промостатья: Моя история 1 | Цена перехода | Ж25-54,женский,35‑44 года,3
2024-04-20,Промостатья: Моя история 1 | Цена перехода | Ж25-54,Не определено,Не определено,3
2024-04-23,Промостатья: Моя история 1 | Цена перехода | Ж25-54,женский,45-54 года,3
2024-04-24,Промостатья: Моя история 1 | Цена перехода | Ж25-54,женский,35‑44 года,3
2024-04-24,Промостатья: Моя история 2 | Цена перехода | 25-54,мужской,45-54 года,3
2024-04-25,Промостатья: Моя история 1 | Цена перехода | Ж25-54,Не определено,Не определено,3
2024-04-28,Промостатья: Моя история 1 | Цена перехода | Ж25-54,женский,45-54 года,3
2024-05-07,Промостатья: Моя история 1 | Цена перехода | Ж25-54,Не определено,Не определено,3
2024-05-07,Промостатья: Моя история 2 | Цена перехода | 25-54,мужской,45-54 года,3
2024-05-13,Промостатья: Моя история 1 | Цена перехода | Ж25-54,женский,25‑34 года,3
2024-05-23,Промостатья: Моя история 1 | Цена перехода | Ж25-54,мужской,45-54 года,3
2024-05-25,Промостатья: Моя история 1 | Цена перехода | Ж25-54,женский,35‑44 года,3
2024-05-30,Промостатья: Моя история 3 | Цена перехода | 25-54,мужской,Не определено,3
2024-05-30,Промостатья: Моя история 3 | Цена перехода | 25-54,женский,45-54 года,3
2024-05-31,Промостатья: Моя история 3 | Цена перехода | 25-54,мужской,35‑44 года,3
2024-06-06,Промостатья: Моя история 3 | Цена перехода | 25-54,мужской,35‑44 года,3
2024-06-07,Промостатья: Моя история 3 | Цена перехода | 25-54,Не определено,Не определено,3
2024-06-07,Промостатья: Моя история 3 | Цена перехода | 25-54,мужской,25‑34 года,3
2024-06-09,Промостатья: Моя история 3 | Цена перехода | 25-54,мужской,45-54 года,3
2024-06-11,Промостатья: Моя история 3 | Цена перехода | 25-54,мужской,45-54 года,3
2024-06-17,Промостатья: Моя история 3 | Цена перехода | 25-54,женский,45-54 года,3
2024-06-19,Промостатья: Моя история 3 | Цена перехода | 25-54 | lp /dzen,женский,55 лет и старше,3
2024-06-19,Промостатья: Моя история 3 | Цена перехода | 25-54 | lp /franchise,женский,45-54 года,3
2024-06-20,Промостатья: Моя история 3 | Цена перехода | 25-54 | lp /dzen,женский,Не определено,3
2024-06-21,Промостатья: Моя история 3 | Цена перехода | 25-54 | lp /dzen,Не определено,Не определено,3
2024-06-23,Промостатья: Моя история 3 | Цена перехода | 25-54 | lp /franchise,женский,45-54 года,3
2024-04-01,Промостатья: Моя история 1 | Цена перехода | Ж25-54,женский,35‑44 года,2
2024-04-04,Промостатья: Моя история 1 | Цена перехода | Ж25-54,женский,25‑34 года,2
2024-04-04,Промостатья: Моя история 1 | Цена перехода | Ж25-54,женский,35‑44 года,2
2024-04-06,Промостатья: Моя история 1 | Цена перехода | Ж25-54,женский,25‑34 года,2
2024-04-07,Промостатья: Моя история 1 | Цена перехода | Ж25-54,Не определено,Не определено,2
2024-04-07,Промостатья: Моя история 1 | Цена перехода | Ж25-54,женский,25‑34 года,2
2024-04-07,Промостатья: Моя история 1 | Цена перехода | Ж25-54,женский,35‑44 года,2
2024-04-08,Промостатья: Моя история 1 | Цена перехода | Ж25-54,женский,35‑44 года,2
2024-04-11,Промостатья: Моя история 1 | Цена перехода | Ж25-54,женский,25‑34 года,2
2024-04-11,Промостатья: Моя история 1 | Цена перехода | Ж25-54,женский,35‑44 года,2
2024-04-12,Промостатья: Моя история 1 | Цена перехода | Ж25-54,Не определено,Не определено,2
2024-04-14,Промостатья: Моя история 2 | Цена перехода | 25-54,мужской,45-54 года,2
2024-04-15,Промостатья: Моя история 1 | Цена перехода | Ж25-54,женский,25‑34 года,2
2024-04-18,Промостатья: Моя история 1 | Цена перехода | Ж25-54,Не определено,Не определено,2
2024-04-18,Промостатья: Моя история 1 | Цена перехода | Ж25-54,женский,Не определено,2
2024-04-19,Промостатья: Моя история 1 | Цена перехода | Ж25-54,женский,25‑34 года,2
2024-04-22,Промостатья: Моя история 1 | Цена перехода | Ж25-54,женский,45-54 года,2
2024-04-23,Промостатья: Моя история 1 | Цена перехода | Ж25-54,женский,25‑34 года,2
2024-04-23,Промостатья: Моя история 1 | Цена перехода | Ж25-54,женский,35‑44 года,2
2024-04-24,Промостатья: Моя история 1 | Цена перехода | Ж25-54,Не определено,Не определено,2
2024-04-24,Промостатья: Моя история 2 | Цена перехода | 25-54,мужской,35‑44 года,2
2024-04-25,Промостатья: Моя история 1 | Цена перехода | Ж25-54,женский,Не определено,2
2024-04-25,Промостатья: Моя история 1 | Цена перехода | Ж25-54,женский,35‑44 года,2
2024-04-26,Промостатья: Моя история 1 | Цена перехода | Ж25-54,женский,25‑34 года,2
2024-04-28,Промостатья: Моя история 1 | Цена перехода | Ж25-54,Не определено,Не определено,2
2024-04-29,Промостатья: Моя история 1 | Цена перехода | Ж25-54,женский,25‑34 года,2
2024-05-01,Промостатья: Моя история 1 | Цена перехода | Ж25-54,Не определено,Не определено,2
2024-05-01,Промостатья: Моя история 1 | Цена перехода | Ж25-54,женский,25‑34 года,2
2024-05-13,Промостатья: Моя история 1 | Цена перехода | Ж25-54,женский,35‑44 года,2
2024-05-13,Промостатья: Моя история 1 | Цена перехода | Ж25-54,женский,45-54 года,2
2024-05-15,Промостатья: Моя история 1 | Цена перехода | Ж25-54,женский,25‑34 года,2
2024-05-15,Промостатья: Моя история 1 | Цена перехода | Ж25-54,женский,45-54 года,2
2024-05-18,Промостатья: Моя история 1 | Цена перехода | Ж25-54,Не определено,Не определено,2
2024-05-18,Промостатья: Моя история 1 | Цена перехода | Ж25-54,женский,25‑34 года,2
2024-05-18,Промостатья: Моя история 2 | Цена перехода | 25-54,Не определено,25‑34 года,2
2024-05-21,Промостатья: Моя история 1 | Цена перехода | Ж25-54,Не определено,Не определено,2
2024-05-21,Промостатья: Моя история 1 | Цена перехода | Ж25-54,мужской,25‑34 года,2
2024-05-22,Промостатья: Моя история 1 | Цена перехода | Ж25-54,мужской,35‑44 года,2
2024-05-22,Промостатья: Моя история 1 | Цена перехода | Ж25-54,мужской,45-54 года,2
2024-05-24,Промостатья: Моя история 1 | Цена перехода | Ж25-54,мужской,45-54 года,2
2024-05-26,Промостатья: Моя история 1 | Цена перехода | Ж25-54,Не определено,Не определено,2
2024-05-26,Промостатья: Моя история 1 | Цена перехода | Ж25-54,женский,35‑44 года,2
2024-05-27,Промостатья: Моя история 1 | Цена перехода | Ж25-54,женский,45-54 года,2
2024-05-28,Промостатья: Моя история 3 | Цена перехода | 25-54,мужской,25‑34 года,2
2024-05-29,Промостатья: Моя история 3 | Цена перехода | 25-54,мужской,35‑44 года,2
2024-05-30,Промостатья: Моя история 3 | Цена перехода | 25-54,Не определено,Не определено,2
2024-05-30,Промостатья: Моя история 3 | Цена перехода | 25-54,женский,25‑34 года,2
2024-05-30,Промостатья: Моя история 3 | Цена перехода | 25-54,женский,35‑44 года,2
2024-06-01,Промостатья: Моя история 3 | Цена перехода | 25-54,мужской,55 лет и старше,2
2024-06-06,Промостатья: Моя история 3 | Цена перехода | 25-54,женский,25‑34 года,2
2024-06-07,Промостатья: Моя история 3 | Цена перехода | 25-54,мужской,35‑44 года,2
2024-06-07,Промостатья: Моя история 3 | Цена перехода | 25-54,мужской,45-54 года,2
2024-06-07,Промостатья: Моя история 3 | Цена перехода | 25-54,женский,35‑44 года,2
2024-06-10,Промостатья: Моя история 3 | Цена перехода | 25-54,мужской,45-54 года,2
2024-06-10,Промостатья: Моя история 3 | Цена перехода | 25-54,женский,35‑44 года,2
2024-06-17,Промостатья: Моя история 3 | Цена перехода | 25-54,женский,35‑44 года,2
2024-06-22,Промостатья: Моя история 3 | Цена перехода | 25-54 | lp /franchise,женский,45-54 года,2
2024-06-23,Промостатья: Моя история 3 | Цена перехода | 25-54 | lp /dzen,женский,45-54 года,2
2024-06-24,Промостатья: Моя история 3 | Цена перехода | 25-54 | lp /franchise,женский,45-54 года,2
2024-06-25,Промостатья: Моя история 3 | Цена перехода | 25-54 | lp /franchise,женский,45-54 года,2
2024-04-01,Промостатья: Моя история 1 | Цена перехода | Ж25-54,женский,Не определено,1
2024-04-01,Промостатья: Моя история 1 | Цена перехода | Ж25-54,женский,младше 18 лет,1
2024-04-05,Промостатья: Моя история 1 | Цена перехода | Ж25-54,женский,25‑34 года,1
2024-04-05,Промостатья: Моя история 1 | Цена перехода | Ж25-54,женский,55 лет и старше,1
2024-04-05,Промостатья: Моя история 2 | Цена перехода | 25-54,мужской,25‑34 года,1
2024-04-05,Промостатья: Моя история 2 | Цена перехода | 25-54,мужской,35‑44 года,1
2024-04-06,Промостатья: Моя история 1 | Цена перехода | Ж25-54,Не определено,55 лет и старше,1
2024-04-06,Промостатья: Моя история 2 | Цена перехода | 25-54,мужской,55 лет и старше,1
2024-04-08,Промостатья: Моя история 1 | Цена перехода | Ж25-54,женский,25‑34 года,1
2024-04-10,Промостатья: Моя история 1 | Цена перехода | Ж25-54,Не определено,Не определено,1
2024-04-10,Промостатья: Моя история 1 | Цена перехода | Ж25-54,женский,Не определено,1
2024-04-10,Промостатья: Моя история 1 | Цена перехода | Ж25-54,женский,25‑34 года,1
2024-04-10,Промостатья: Моя история 1 | Цена перехода | Ж25-54,женский,35‑44 года,1
2024-04-10,Промостатья: Моя история 2 | Цена перехода | 25-54,мужской,45-54 года,1
2024-04-10,Промостатья: Моя история 2 | Цена перехода | 25-54,женский,55 лет и старше,1
2024-04-11,Промостатья: Моя история 2 | Цена перехода | 25-54,мужской,45-54 года,1
2024-04-12,Промостатья: Моя история 1 | Цена перехода | Ж25-54,женский,Не определено,1
2024-04-12,Промостатья: Моя история 1 | Цена перехода | Ж25-54,женский,25‑34 года,1
2024-04-12,Промостатья: Моя история 2 | Цена перехода | 25-54,мужской,45-54 года,1
2024-04-13,Промостатья: Моя история 1 | Цена перехода | Ж25-54,женский,Не определено,1
2024-04-13,Промостатья: Моя история 2 | Цена перехода | 25-54,женский,55 лет и старше,1
2024-04-14,Промостатья: Моя история 1 | Цена перехода | Ж25-54,женский,55 лет и старше,1
2024-04-15,Промостатья: Моя история 1 | Цена перехода | Ж25-54,Не определено,Не определено,1
2024-04-15,Промостатья: Моя история 1 | Цена перехода | Ж25-54,женский,35‑44 года,1
2024-04-15,Промостатья: Моя история 2 | Цена перехода | 25-54,мужской,45-54 года,1
2024-04-16,Промостатья: Моя история 1 | Цена перехода | Ж25-54,Не определено,Не определено,1
2024-04-16,Промостатья: Моя история 1 | Цена перехода | Ж25-54,женский,Не определено,1
2024-04-16,Промостатья: Моя история 1 | Цена перехода | Ж25-54,женский,25‑34 года,1
2024-04-16,Промостатья: Моя история 2 | Цена перехода | 25-54,мужской,25‑34 года,1
2024-04-17,Промостатья: Моя история 1 | Цена перехода | Ж25-54,Не определено,Не определено,1
2024-04-17,Промостатья: Моя история 1 | Цена перехода | Ж25-54,женский,Не определено,1
2024-04-17,Промостатья: Моя история 1 | Цена перехода | Ж25-54,женский,25‑34 года,1
2024-04-17,Промостатья: Моя история 1 | Цена перехода | Ж25-54,женский,35‑44 года,1
2024-04-17,Промостатья: Моя история 2 | Цена перехода | 25-54,мужской,35‑44 года,1
2024-04-18,Промостатья: Моя история 1 | Цена перехода | Ж25-54,мужской,45-54 года,1
2024-04-18,Промостатья: Моя история 1 | Цена перехода | Ж25-54,женский,25‑34 года,1
2024-04-19,Промостатья: Моя история 1 | Цена перехода | Ж25-54,Не определено,Не определено,1
2024-04-19,Промостатья: Моя история 2 | Цена перехода | 25-54,Не определено,45-54 года,1
2024-04-20,Промостатья: Моя история 1 | Цена перехода | Ж25-54,женский,Не определено,1
2024-04-20,Промостатья: Моя история 1 | Цена перехода | Ж25-54,женский,55 лет и старше,1
2024-04-20,Промостатья: Моя история 2 | Цена перехода | 25-54,Не определено,45-54 года,1
2024-04-21,Промостатья: Моя история 1 | Цена перехода | Ж25-54,мужской,Не определено,1
2024-04-23,Промостатья: Моя история 1 | Цена перехода | Ж25-54,Не определено,Не определено,1
2024-04-24,Промостатья: Моя история 1 | Цена перехода | Ж25-54,женский,Не определено,1
2024-04-26,Промостатья: Моя история 1 | Цена перехода | Ж25-54,Не определено,Не определено,1
2024-04-26,Промостатья: Моя история 1 | Цена перехода | Ж25-54,женский,Не определено,1
2024-04-27,Промостатья: Моя история 1 | Цена перехода | Ж25-54,женский,25‑34 года,1
2024-04-27,Промостатья: Моя история 1 | Цена перехода | Ж25-54,женский,35‑44 года,1
2024-04-27,Промостатья: Моя история 1 | Цена перехода | Ж25-54,женский,45-54 года,1
2024-04-27,Промостатья: Моя история 2 | Цена перехода | 25-54,мужской,45-54 года,1
2024-04-28,Промостатья: Моя история 1 | Цена перехода | Ж25-54,женский,35‑44 года,1
2024-04-29,Промостатья: Моя история 1 | Цена перехода | Ж25-54,Не определено,Не определено,1
2024-05-01,Промостатья: Моя история 1 | Цена перехода | Ж25-54,Не определено,45-54 года,1
2024-05-05,Промостатья: Моя история 1 | Цена перехода | Ж25-54,женский,35‑44 года,1
2024-05-06,Промостатья: Моя история 2 | Цена перехода | 25-54,Не определено,Не определено,1
2024-05-06,Промостатья: Моя история 2 | Цена перехода | 25-54,мужской,Не определено,1
2024-05-06,Промостатья: Моя история 2 | Цена перехода | 25-54,мужской,35‑44 года,1
2024-05-07,Промостатья: Моя история 1 | Цена перехода | Ж25-54,Не определено,35‑44 года,1
2024-05-07,Промостатья: Моя история 1 | Цена перехода | Ж25-54,женский,Не определено,1
2024-05-07,Промостатья: Моя история 1 | Цена перехода | Ж25-54,женский,55 лет и старше,1
2024-05-07,Промостатья: Моя история 2 | Цена перехода | 25-54,мужской,25‑34 года,1
2024-05-07,Промостатья: Моя история 2 | Цена перехода | 25-54,мужской,35‑44 года,1
2024-05-13,Промостатья: Моя история 2 | Цена перехода | 25-54,мужской,Не определено,1
2024-05-15,Промостатья: Моя история 1 | Цена перехода | Ж25-54,женский,55 лет и старше,1
2024-05-16,Промостатья: Моя история 1 | Цена перехода | Ж25-54,Не определено,55 лет и старше,1
2024-05-16,Промостатья: Моя история 1 | Цена перехода | Ж25-54,женский,45-54 года,1
2024-05-17,Промостатья: Моя история 1 | Цена перехода | Ж25-54,Не определено,Не определено,1
2024-05-17,Промостатья: Моя история 1 | Цена перехода | Ж25-54,женский,45-54 года,1
2024-05-17,Промостатья: Моя история 2 | Цена перехода | 25-54,Не определено,Не определено,1
2024-05-17,Промостатья: Моя история 2 | Цена перехода | 25-54,мужской,35‑44 года,1
2024-05-17,Промостатья: Моя история 2 | Цена перехода | 25-54,мужской,55 лет и старше,1
2024-05-19,Промостатья: Моя история 1 | Цена перехода | Ж25-54,Не определено,Не определено,1
2024-05-19,Промостатья: Моя история 1 | Цена перехода | Ж25-54,женский,35‑44 года,1
2024-05-19,Промостатья: Моя история 1 | Цена перехода | Ж25-54,женский,45-54 года,1
2024-05-20,Промостатья: Моя история 1 | Цена перехода | Ж25-54,женский,35‑44 года,1
2024-05-20,Промостатья: Моя история 1 | Цена перехода | Ж25-54,женский,45-54 года,1
2024-05-21,Промостатья: Моя история 1 | Цена перехода | Ж25-54,мужской,45-54 года,1
2024-05-21,Промостатья: Моя история 2 | Цена перехода | 25-54,мужской,55 лет и старше,1
2024-05-21,Промостатья: Моя история 2 | Цена перехода | 25-54,женский,45-54 года,1
2024-05-22,Промостатья: Моя история 1 | Цена перехода | Ж25-54,Не определено,55 лет и старше,1
2024-05-22,Промостатья: Моя история 1 | Цена перехода | Ж25-54,мужской,25‑34 года,1
2024-05-22,Промостатья: Моя история 1 | Цена перехода | Ж25-54,женский,Не определено,1
2024-05-22,Промостатья: Моя история 1 | Цена перехода | Ж25-54,женский,35‑44 года,1
2024-05-22,Промостатья: Моя история 2 | Цена перехода | 25-54,Не определено,Не определено,1
2024-05-23,Промостатья: Моя история 1 | Цена перехода | Ж25-54,мужской,35‑44 года,1
2024-05-23,Промостатья: Моя история 2 | Цена перехода | 25-54,мужской,Не определено,1
2024-05-23,Промостатья: Моя история 2 | Цена перехода | 25-54,женский,45-54 года,1
2024-05-24,Промостатья: Моя история 1 | Цена перехода | Ж25-54,мужской,25‑34 года,1
2024-05-24,Промостатья: Моя история 1 | Цена перехода | Ж25-54,женский,45-54 года,1
2024-05-24,Промостатья: Моя история 2 | Цена перехода | 25-54,женский,35‑44 года,1
2024-05-24,Промостатья: Моя история 2 | Цена перехода | 25-54,женский,55 лет и старше,1
2024-05-25,Промостатья: Моя история 1 | Цена перехода | Ж25-54,женский,25‑34 года,1
2024-05-26,Промостатья: Моя история 1 | Цена перехода | Ж25-54,женский,25‑34 года,1
2024-05-27,Промостатья: Моя история 1 | Цена перехода | Ж25-54,женский,Не определено,1
2024-05-27,Промостатья: Моя история 3 | Цена перехода | 25-54,мужской,35‑44 года,1
2024-05-30,Промостатья: Моя история 3 | Цена перехода | 25-54,мужской,25‑34 года,1
2024-05-30,Промостатья: Моя история 3 | Цена перехода | 25-54,мужской,55 лет и старше,1
2024-05-31,Промостатья: Моя история 1 | Цена перехода | Ж25-54,женский,45-54 года,1
2024-05-31,Промостатья: Моя история 3 | Цена перехода | 25-54,Не определено,Не определено,1
2024-05-31,Промостатья: Моя история 3 | Цена перехода | 25-54,мужской,Не определено,1
2024-05-31,Промостатья: Моя история 3 | Цена перехода | 25-54,мужской,45-54 года,1
2024-05-31,Промостатья: Моя история 3 | Цена перехода | 25-54,женский,45-54 года,1
2024-06-01,Промостатья: Моя история 3 | Цена перехода | 25-54,мужской,45-54 года,1
2024-06-01,Промостатья: Моя история 3 | Цена перехода | 25-54,женский,45-54 года,1
2024-06-02,Промостатья: Моя история 3 | Цена перехода | 25-54,женский,45-54 года,1
2024-06-04,Промостатья: Моя история 3 | Цена перехода | 25-54,женский,25‑34 года,1
2024-06-04,Промостатья: Моя история 3 | Цена перехода | 25-54,женский,45-54 года,1
2024-06-05,Промостатья: Моя история 3 | Цена перехода | 25-54,Не определено,25‑34 года,1
2024-06-05,Промостатья: Моя история 3 | Цена перехода | 25-54,мужской,35‑44 года,1
2024-06-05,Промостатья: Моя история 3 | Цена перехода | 25-54,мужской,45-54 года,1
2024-06-05,Промостатья: Моя история 3 | Цена перехода | 25-54,женский,25‑34 года,1
2024-06-06,Промостатья: Моя история 3 | Цена перехода | 25-54,Не определено,Не определено,1
2024-06-06,Промостатья: Моя история 3 | Цена перехода | 25-54,женский,35‑44 года,1
2024-06-07,Промостатья: Моя история 3 | Цена перехода | 25-54,Не определено,35‑44 года,1
2024-06-07,Промостатья: Моя история 3 | Цена перехода | 25-54,женский,25‑34 года,1
2024-06-07,Промостатья: Моя история 3 | Цена перехода | 25-54,женский,55 лет и старше,1
2024-06-08,Промостатья: Моя история 3 | Цена перехода | 25-54,женский,45-54 года,1
2024-06-09,Промостатья: Моя история 3 | Цена перехода | 25-54,Не определено,25‑34 года,1
2024-06-09,Промостатья: Моя история 3 | Цена перехода | 25-54,женский,25‑34 года,1
2024-06-09,Промостатья: Моя история 3 | Цена перехода | 25-54,женский,45-54 года,1
2024-06-10,Промостатья: Моя история 3 | Цена перехода | 25-54,Не определено,Не определено,1
2024-06-10,Промостатья: Моя история 3 | Цена перехода | 25-54,мужской,35‑44 года,1
2024-06-11,Промостатья: Моя история 3 | Цена перехода | 25-54,женский,45-54 года,1
2024-06-12,Промостатья: Моя история 3 | Цена перехода | 25-54,мужской,45-54 года,1
2024-06-13,Промостатья: Моя история 3 | Цена перехода | 25-54,женский,25‑34 года,1
2024-06-13,Промостатья: Моя история 3 | Цена перехода | 25-54,женский,35‑44 года,1
2024-06-13,Промостатья: Моя история 3 | Цена перехода | 25-54,женский,45-54 года,1
2024-06-14,Промостатья: Моя история 1 | Цена перехода | Ж25-54,Не определено,Не определено,1
2024-06-17,Промостатья: Моя история 3 | Цена перехода | 25-54,Не определено,45-54 года,1
2024-06-17,Промостатья: Моя история 3 | Цена перехода | 25-54,мужской,25‑34 года,1
2024-06-18,Промостатья: Моя история 3 | Цена перехода | 25-54,Не определено,Не определено,1
2024-06-18,Промостатья: Моя история 3 | Цена перехода | 25-54,мужской,25‑34 года,1
2024-06-19,Промостатья: Моя история 3 | Цена перехода | 25-54 | lp /dzen,женский,35‑44 года,1
2024-06-19,Промостатья: Моя история 3 | Цена перехода | 25-54 | lp /franchise,женский,Не определено,1
2024-06-20,Промостатья: Моя история 3 | Цена перехода | 25-54 | lp /dzen,Не определено,45-54 года,1
2024-06-20,Промостатья: Моя история 3 | Цена перехода | 25-54 | lp /dzen,мужской,45-54 года,1
2024-06-20,Промостатья: Моя история 3 | Цена перехода | 25-54 | lp /dzen,женский,55 лет и старше,1
2024-06-20,Промостатья: Моя история 3 | Цена перехода | 25-54 | lp /franchise,Не определено,Не определено,1
2024-06-20,Промостатья: Моя история 3 | Цена перехода | 25-54 | lp /franchise,Не определено,45-54 года,1
2024-06-23,Промостатья: Моя история 3 | Цена перехода | 25-54 | lp /franchise,Не определено,45-54 года,1
2024-06-25,Промостатья: Моя история 1 | Цена перехода | Ж25-54,Не определено,Не определено,1
2024-06-29,Промостатья: Моя история 3 | Цена перехода | 25-54 | lp /franchise,женский,45-54 года,1
2024-07-09,Промостатья: Моя история 3 | Цена перехода | 25-54 | lp /franchise,женский,45-54 года,20
2024-07-25,Промостатья: Моя история 1 | Цена перехода | Ж25-54,женский,45-54 года,15
2024-08-03,Промостатья: Моя история 1 | Цена перехода | Ж25-54,женский,45-54 года,15
2024-08-09,Промостатья: Моя история 1 | Цена перехода | Ж25-54,женский,45-54 года,13
2024-07-28,Промостатья: Моя история 1 | Цена перехода | Ж25-54,женский,45-54 года,12
2024-09-21,Промостатья: Моя история 1 | Цена перехода | М,мужской,45-54 года,12
2024-07-12,Промостатья: Моя история 3 | Цена перехода | 25-54 | lp /franchise,женский,45-54 года,11
2024-07-30,Промостатья: Моя история 1 | Цена перехода | Ж25-54,женский,45-54 года,11
2024-09-22,Промостатья: Моя история 1 | Цена перехода | М,мужской,45-54 года,11
2024-08-04,Промостатья: Моя история 1 | Цена перехода | Ж25-54,женский,45-54 года,10
2024-08-06,Промостатья: Моя история 1 | Цена перехода | Ж25-54,женский,45-54 года,10
2024-07-10,Промостатья: Моя история 3 | Цена перехода | 25-54 | lp /franchise,женский,45-54 года,9
2024-07-11,Промостатья: Моя история 3 | Цена перехода | 25-54 | lp /franchise,женский,45-54 года,9
2024-07-20,Промостатья: Моя история 3 | Цена перехода | 25-54 | lp /franchise,женский,45-54 года,9
2024-07-29,Промостатья: Моя история 1 | Цена перехода | Ж25-54,женский,45-54 года,8
2024-08-10,Промостатья: Моя история 1 | Цена перехода | Ж25-54,женский,45-54 года,8
2024-08-01,Промостатья: Моя история 1 | Цена перехода | Ж25-54,женский,45-54 года,7
2024-08-02,Промостатья: Моя история 1 | Цена перехода | Ж25-54,женский,45-54 года,7
2024-09-20,Промостатья: Моя история 1 | Цена перехода | М,мужской,45-54 года,7
2024-07-26,Промостатья: Моя история 1 | Цена перехода | Ж25-54,женский,45-54 года,6
2024-07-27,Промостатья: Моя история 1 | Цена перехода | Ж25-54,женский,45-54 года,6
2024-07-29,Промостатья: Моя история 1 | Цена перехода | Ж25-54,женский,35‑44 года,6
2024-07-31,Промостатья: Моя история 1 | Цена перехода | Ж25-54,женский,45-54 года,6
2024-08-06,Промостатья: Моя история 1 | Цена перехода | Ж25-54,женский,35‑44 года,6
2024-08-08,Промостатья: Моя история 1 | Цена перехода | Ж25-54,женский,45-54 года,6
2024-09-23,Промостатья: Моя история 1 | Цена перехода | М,мужской,45-54 года,6
2024-07-09,Промостатья: Моя история 3 | Цена перехода | 25-54 | lp /franchise,Не определено,Не определено,5
2024-07-22,Промостатья: Моя история 3 | Цена перехода | 25-54 | lp /franchise,женский,45-54 года,5
2024-07-25,Промостатья: Моя история 1 | Цена перехода | Ж25-54,женский,25‑34 года,5
2024-07-26,Промостатья: Моя история 1 | Цена перехода | Ж25-54,женский,35‑44 года,5
2024-08-07,Промостатья: Моя история 1 | Цена перехода | Ж25-54,женский,45-54 года,5
2024-09-19,Промостатья: Моя история 1 | Цена перехода | М,мужской,45-54 года,5
2024-09-20,Промостатья: Моя история 1 | Цена перехода | М,мужской,35‑44 года,5
2024-07-29,Промостатья: Моя история 1 | Цена перехода | Ж25-54,Не определено,Не определено,4
2024-08-01,Промостатья: Моя история 1 | Цена перехода | Ж25-54,женский,35‑44 года,4
2024-09-07,Промостатья: Моя история 1 | Цена перехода | Ж25-54,женский,45-54 года,4
2024-09-17,Промостатья: Моя история 1 | Цена перехода | Ж25-54,женский,45-54 года,4
2024-09-20,Промостатья: Моя история 1 | Цена перехода | М,Не определено,Не определено,4
2024-07-11,Промостатья: Моя история 3 | Цена перехода | 25-54 | lp /franchise,Не определено,Не определено,3
2024-07-13,Промостатья: Моя история 3 | Цена перехода | 25-54 | lp /franchise,женский,45-54 года,3
2024-07-14,Промостатья: Моя история 3 | Цена перехода | 25-54 | lp /franchise,женский,45-54 года,3
2024-07-15,Промостатья: Моя история 3 | Цена перехода | 25-54 | lp /franchise,женский,45-54 года,3
2024-07-21,Промостатья: Моя история 3 | Цена перехода | 25-54 | lp /franchise,женский,45-54 года,3
2024-07-23,Промостатья: Моя история 3 | Цена перехода | 25-54 | lp /franchise,женский,45-54 года,3
2024-07-25,Промостатья: Моя история 1 | Цена перехода | Ж25-54,женский,35‑44 года,3
2024-07-27,Промостатья: Моя история 1 | Цена перехода | Ж25-54,женский,35‑44 года,3
2024-07-29,Промостатья: Моя история 1 | Цена перехода | Ж25-54,женский,Не определено,3
2024-07-30,Промостатья: Моя история 1 | Цена перехода | Ж25-54,женский,35‑44 года,3
2024-08-05,Промостатья: Моя история 1 | Цена перехода | Ж25-54,женский,45-54 года,3
2024-08-08,Промостатья: Моя история 1 | Цена перехода | Ж25-54,Не определено,Не определено,3
2024-08-08,Промостатья: Моя история 1 | Цена перехода | Ж25-54,женский,25‑34 года,3
2024-08-11,Промостатья: Моя история 1 | Цена перехода | Ж25-54,женский,35‑44 года,3
2024-08-12,Промостатья: Моя история 1 | Цена перехода | Ж25-54,женский,45-54 года,3
2024-08-14,Статья: Цифры и факты / Интересы: франшиза,мужской,35‑44 года,3
2024-08-15,Статья: Цифры и факты / Интересы: франшиза,мужской,35‑44 года,3
2024-08-24,Промостатья: Моя история 1 | Цена перехода | Ж25-54,женский,45-54 года,3
2024-08-27,Промостатья: Моя история 1 | Цена перехода | Ж25-54,женский,45-54 года,3
2024-08-29,Промостатья: Моя история 1 | Цена перехода | Ж25-54,женский,45-54 года,3
2024-09-08,Промостатья: Моя история 1 | Цена перехода | Ж25-54,женский,45-54 года,3
2024-09-19,Промостатья: Моя история 1 | Цена перехода | М,Не определено,Не определено,3
2024-09-22,Промостатья: Моя история 1 | Цена перехода | М,Не определено,Не определено,3
2024-09-22,Промостатья: Моя история 1 | Цена перехода | М,мужской,35‑44 года,3
2024-07-09,Промостатья: Моя история 3 | Цена перехода | 25-54 | lp /franchise,женский,Не определено,2
2024-07-09,Промостатья: Моя история 3 | Цена перехода | 25-54 | lp /franchise,женский,35‑44 года,2
2024-07-16,Промостатья: Моя история 3 | Цена перехода | 25-54 | lp /franchise,женский,45-54 года,2
2024-07-19,Промостатья: Моя история 3 | Цена перехода | 25-54 | lp /franchise,женский,45-54 года,2
2024-07-21,Промостатья: Моя история 3 | Цена перехода | 25-54 | lp /franchise,Не определено,Не определено,2
2024-07-24,Промостатья: Моя история 3 | Цена перехода | 25-54 | lp /franchise,женский,45-54 года,2
2024-07-25,Промостатья: Моя история 3 | Цена перехода | 25-54 | lp /franchise,женский,45-54 года,2
2024-07-26,Промостатья: Моя история 1 | Цена перехода | Ж25-54,женский,Не определено,2
2024-07-26,Промостатья: Моя история 1 | Цена перехода | Ж25-54,женский,25‑34 года,2
2024-07-27,Промостатья: Моя история 1 | Цена перехода | Ж25-54,Не определено,Не определено,2
2024-07-27,Промостатья: Моя история 1 | Цена перехода | Ж25-54,женский,25‑34 года,2
2024-07-28,Промостатья: Моя история 1 | Цена перехода | Ж25-54,Не определено,Не определено,2
2024-07-28,Промостатья: Моя история 1 | Цена перехода | Ж25-54,женский,25‑34 года,2
2024-07-29,Промостатья: Моя история 1 | Цена перехода | Ж25-54,женский,25‑34 года,2
2024-07-30,Промостатья: Моя история 1 | Цена перехода | Ж25-54,Не определено,Не определено,2
2024-07-31,Промостатья: Моя история 1 | Цена перехода | Ж25-54,женский,Не определено,2
2024-08-01,Промостатья: Моя история 1 | Цена перехода | Ж25-54,женский,25‑34 года,2
2024-08-03,Промостатья: Моя история 1 | Цена перехода | Ж25-54,женский,35‑44 года,2
2024-08-07,Промостатья: Моя история 1 | Цена перехода | Ж25-54,женский,35‑44 года,2
2024-08-08,Промостатья: Моя история 1 | Цена перехода | Ж25-54,женский,35‑44 года,2
2024-08-10,Промостатья: Моя история 1 | Цена перехода | Ж25-54,женский,35‑44 года,2
2024-08-13,Промостатья: Моя история 1 | Цена перехода | Ж25-54,Не определено,Не определено,2
2024-08-16,Промостатья: Моя история 1 | Цена перехода | Ж25-54,женский,35‑44 года,2
2024-08-17,Промостатья: Моя история 1 | Цена перехода | Ж25-54,женский,45-54 года,2
2024-08-18,Промостатья: Моя история 1 | Цена перехода | Ж25-54,женский,45-54 года,2
2024-08-20,Промостатья: Моя история 1 | Цена перехода | Ж25-54,Не определено,Не определено,2
2024-08-20,Промостатья: Моя история 1 | Цена перехода | Ж25-54,женский,45-54 года,2
2024-08-20,Статья: Цифры и факты / Интересы: франшиза,женский,35‑44 года,2
2024-08-21,Промостатья: Моя история 1 | Цена перехода | Ж25-54,женский,35‑44 года,2
2024-08-23,Промостатья: Моя история 1 | Цена перехода | Ж25-54,женский,35‑44 года,2
2024-08-24,Статья: Цифры и факты / Интересы: открытие бизнеса,Не определено,Не определено,2
2024-08-24,Статья: Цифры и факты / Интересы: открытие бизнеса,женский,25‑34 года,2
2024-08-25,Промостатья: Моя история 1 | Цена перехода | Ж25-54,женский,45-54 года,2
2024-08-26,Статья: Цифры и факты / Интересы: открытие бизнеса,женский,35‑44 года,2
2024-08-28,Промостатья: Моя история 1 | Цена перехода | Ж25-54,женский,45-54 года,2
2024-08-29,Статья: Цифры и факты / Интересы: открытие бизнеса,Не определено,Не определено,2
2024-08-30,Промостатья: Моя история 1 | Цена перехода | Ж25-54,Не определено,Не определено,2
2024-08-31,Промостатья: Моя история 1 | Цена перехода | Ж25-54,женский,45-54 года,2
2024-09-01,Статья: Цифры и факты / Интересы: франшиза,мужской,35‑44 года,2
2024-09-02,Промостатья: Моя история 1 | Цена перехода | Ж25-54,женский,45-54 года,2
2024-09-07,Промостатья: Моя история 1 | Цена перехода | Ж25-54,мужской,45-54 года,2
2024-09-07,Статья: Цифры и факты / Интересы: франшиза,женский,45-54 года,2
2024-09-16,Статья: Цифры и факты / Интересы: франшиза,женский,45-54 года,2
2024-09-17,Промостатья: Моя история 1 | Цена перехода | Ж25-54,женский,35‑44 года,2
2024-09-18,Промостатья: Моя история 1 | Цена перехода | М,Не определено,Не определено,2
2024-09-19,Промостатья: Моя история 1 | Цена перехода | М,мужской,35‑44 года,2
2024-09-21,Промостатья: Моя история 1 | Цена перехода | М,мужской,25‑34 года,2
2024-09-23,Промостатья: Моя история 1 | Цена перехода | Ж25-54,женский,45-54 года,2
2024-09-23,Промостатья: Моя история 1 | Цена перехода | М,Не определено,Не определено,2
2024-09-23,Промостатья: Моя история 1 | Цена перехода | М,мужской,35‑44 года,2
2024-09-26,Промостатья: Моя история 1 | Цена перехода | Ж25-54,женский,35‑44 года,2
2024-09-27,Промостатья: Моя история 1 | Цена перехода | Ж25-54,женский,35‑44 года,2
2024-09-27,Промостатья: Моя история 1 | Цена перехода | Ж25-54,женский,45-54 года,2
2024-07-03,Промостатья: Моя история 3 | Цена перехода | 25-54 | lp /franchise,женский,45-54 года,1
2024-07-05,Промостатья: Моя история 3 | Цена перехода | 25-54 | lp /franchise,женский,45-54 года,1
2024-07-08,Промостатья: Моя история 3 | Цена перехода | 25-54 | lp /franchise,женский,45-54 года,1
2024-07-10,Промостатья: Моя история 3 | Цена перехода | 25-54 | lp /franchise,женский,Не определено,1
2024-07-11,Промостатья: Моя история 3 | Цена перехода | 25-54 | lp /franchise,женский,Не определено,1
2024-07-11,Промостатья: Моя история 3 | Цена перехода | 25-54 | lp /franchise,женский,25‑34 года,1
2024-07-12,Промостатья: Моя история 3 | Цена перехода | 25-54 | lp /franchise,женский,Не определено,1
2024-07-15,Промостатья: Моя история 3 | Цена перехода | 25-54 | lp /franchise,Не определено,Не определено,1
2024-07-17,Промостатья: Моя история 3 | Цена перехода | 25-54 | lp /franchise,Не определено,Не определено,1
2024-07-17,Промостатья: Моя история 3 | Цена перехода | 25-54 | lp /franchise,женский,45-54 года,1
2024-07-19,Промостатья: Моя история 3 | Цена перехода | 25-54 | lp /franchise,Не определено,45-54 года,1
2024-07-19,Промостатья: Моя история 3 | Цена перехода | 25-54 | lp /franchise,женский,Не определено,1
2024-07-19,Промостатья: Моя история 3 | Цена перехода | 25-54 | lp /franchise,женский,55 лет и старше,1
2024-07-21,Промостатья: Моя история 3 | Цена перехода | 25-54 | lp /franchise,женский,55 лет и старше,1
2024-07-23,Промостатья: Моя история 1 | Цена перехода | Ж25-54,женский,25‑34 года,1
2024-07-24,Промостатья: Моя история 1 | Цена перехода | Ж25-54,Не определено,55 лет и старше,1
2024-07-24,Промостатья: Моя история 1 | Цена перехода | Ж25-54,женский,35‑44 года,1
2024-07-25,Промостатья: Моя история 1 | Цена перехода | Ж25-54,Не определено,Не определено,1
2024-07-25,Промостатья: Моя история 1 | Цена перехода | Ж25-54,женский,Не определено,1
2024-07-26,Промостатья: Моя история 1 | Цена перехода | Ж25-54,Не определено,Не определено,1
2024-07-26,Промостатья: Моя история 1 | Цена перехода | Ж25-54,женский,55 лет и старше,1
2024-07-29,Промостатья: Моя история 1 | Цена перехода | Ж25-54,мужской,25‑34 года,1
2024-07-30,Промостатья: Моя история 1 | Цена перехода | Ж25-54,Не определено,35‑44 года,1
2024-07-30,Промостатья: Моя история 1 | Цена перехода | Ж25-54,женский,Не определено,1
2024-07-31,Промостатья: Моя история 1 | Цена перехода | Ж25-54,Не определено,Не определено,1
2024-07-31,Промостатья: Моя история 1 | Цена перехода | Ж25-54,Не определено,25‑34 года,1
2024-07-31,Промостатья: Моя история 1 | Цена перехода | Ж25-54,женский,25‑34 года,1
2024-07-31,Промостатья: Моя история 1 | Цена перехода | Ж25-54,женский,35‑44 года,1
2024-08-01,Промостатья: Моя история 1 | Цена перехода | Ж25-54,Не определено,25‑34 года,1
2024-08-01,Промостатья: Моя история 1 | Цена перехода | Ж25-54,мужской,45-54 года,1
2024-08-03,Промостатья: Моя история 1 | Цена перехода | Ж25-54,Не определено,Не определено,1
2024-08-03,Промостатья: Моя история 1 | Цена перехода | Ж25-54,женский,25‑34 года,1
2024-08-04,Промостатья: Моя история 1 | Цена перехода | Ж25-54,Не определено,Не определено,1
2024-08-04,Промостатья: Моя история 1 | Цена перехода | Ж25-54,женский,Не определено,1
2024-08-04,Промостатья: Моя история 1 | Цена перехода | Ж25-54,женский,25‑34 года,1
2024-08-04,Промостатья: Моя история 1 | Цена перехода | Ж25-54,женский,35‑44 года,1
2024-08-05,Промостатья: Моя история 1 | Цена перехода | Ж25-54,Не определено,Не определено,1
2024-08-05,Промостатья: Моя история 1 | Цена перехода | Ж25-54,Не определено,45-54 года,1
2024-08-05,Промостатья: Моя история 1 | Цена перехода | Ж25-54,женский,Не определено,1
2024-08-06,Промостатья: Моя история 1 | Цена перехода | Ж25-54,женский,Не определено,1
2024-08-06,Промостатья: Моя история 1 | Цена перехода | Ж25-54,женский,25‑34 года,1
2024-08-07,Промостатья: Моя история 1 | Цена перехода | Ж25-54,женский,Не определено,1
2024-08-09,Промостатья: Моя история 1 | Цена перехода | Ж25-54,Не определено,Не определено,1
2024-08-09,Промостатья: Моя история 1 | Цена перехода | Ж25-54,женский,Не определено,1
2024-08-09,Промостатья: Моя история 1 | Цена перехода | Ж25-54,женский,25‑34 года,1
2024-08-09,Промостатья: Моя история 1 | Цена перехода | Ж25-54,женский,35‑44 года,1
2024-08-10,Промостатья: Моя история 1 | Цена перехода | Ж25-54,Не определено,Не определено,1
2024-08-10,Промостатья: Моя история 1 | Цена перехода | Ж25-54,женский,Не определено,1
2024-08-11,Промостатья: Моя история 1 | Цена перехода | Ж25-54,Не определено,Не определено,1
2024-08-11,Промостатья: Моя история 1 | Цена перехода | Ж25-54,женский,Не определено,1
2024-08-11,Промостатья: Моя история 1 | Цена перехода | Ж25-54,женский,25‑34 года,1
2024-08-11,Промостатья: Моя история 1 | Цена перехода | Ж25-54,женский,45-54 года,1
2024-08-12,Промостатья: Моя история 1 | Цена перехода | Ж25-54,женский,Не определено,1
2024-08-12,Промостатья: Моя история 1 | Цена перехода | Ж25-54,женский,25‑34 года,1
2024-08-12,Промостатья: Моя история 1 | Цена перехода | Ж25-54,женский,35‑44 года,1
2024-08-13,Промостатья: Моя история 1 | Цена перехода | Ж25-54,женский,35‑44 года,1
2024-08-13,Промостатья: Моя история 1 | Цена перехода | Ж25-54,женский,45-54 года,1
2024-08-14,Промостатья: Моя история 1 | Цена перехода | Ж25-54,Не определено,Не определено,1
2024-08-15,Статья: Цифры и факты / Интересы: франшиза,женский,25‑34 года,1
2024-08-18,Промостатья: Моя история 1 | Цена перехода | Ж25-54,Не определено,Не определено,1
2024-08-19,Промостатья: Моя история 1 | Цена перехода | Ж25-54,Не определено,Не определено,1
2024-08-19,Промостатья: Моя история 1 | Цена перехода | Ж25-54,женский,Не определено,1
2024-08-19,Промостатья: Моя история 1 | Цена перехода | Ж25-54,женский,45-54 года,1
2024-08-20,Промостатья: Моя история 1 | Цена перехода | Ж25-54,женский,35‑44 года,1
2024-08-21,Промостатья: Моя история 1 | Цена перехода | Ж25-54,женский,25‑34 года,1
2024-08-22,Промостатья: Моя история 1 | Цена перехода | Ж25-54,женский,25‑34 года,1
2024-08-22,Промостатья: Моя история 1 | Цена перехода | Ж25-54,женский,45-54 года,1
2024-08-23,Промостатья: Моя история 1 | Цена перехода | Ж25-54,женский,25‑34 года,1
2024-08-23,Промостатья: Моя история 1 | Цена перехода | Ж25-54,женский,45-54 года,1
2024-08-24,Промостатья: Моя история 1 | Цена перехода | Ж25-54,женский,35‑44 года,1
2024-08-24,Статья: Цифры и факты / Интересы: открытие бизнеса,мужской,25‑34 года,1
2024-08-24,Статья: Цифры и факты / Интересы: открытие бизнеса,мужской,35‑44 года,1
2024-08-25,Промостатья: Моя история 1 | Цена перехода | Ж25-54,женский,25‑34 года,1
2024-08-25,Промостатья: Моя история 1 | Цена перехода | Ж25-54,женский,35‑44 года,1
2024-08-25,Статья: Цифры и факты / Интересы: открытие бизнеса,женский,35‑44 года,1
2024-08-26,Промостатья: Моя история 1 | Цена перехода | Ж25-54,женский,45-54 года,1
2024-08-26,Статья: Цифры и факты / Интересы: франшиза,мужской,25‑34 года,1
2024-08-27,Промостатья: Моя история 1 | Цена перехода | Ж25-54,женский,Не определено,1
2024-08-27,Статья: Цифры и факты / Интересы: открытие бизнеса,мужской,Не определено,1
2024-08-28,Промостатья: Моя история 1 | Цена перехода | Ж25-54,Не определено,Не определено,1
2024-08-28,Промостатья: Моя история 1 | Цена перехода | Ж25-54,женский,35‑44 года,1
2024-08-28,Статья: Цифры и факты / Интересы: франшиза,женский,35‑44 года,1
2024-08-29,Промостатья: Моя история 1 | Цена перехода | Ж25-54,женский,35‑44 года,1
2024-09-01,Промостатья: Моя история 1 | Цена перехода | Ж25-54,Не определено,Не определено,1
2024-09-01,Промостатья: Моя история 1 | Цена перехода | Ж25-54,женский,25‑34 года,1
2024-09-01,Промостатья: Моя история 1 | Цена перехода | Ж25-54,женский,55 лет и старше,1
2024-09-01,Статья: Цифры и факты / Интересы: открытие бизнеса,мужской,35‑44 года,1
2024-09-02,Промостатья: Моя история 1 | Цена перехода | Ж25-54,Не определено,25‑34 года,1
2024-09-02,Промостатья: Моя история 1 | Цена перехода | Ж25-54,женский,25‑34 года,1
2024-09-04,Статья: Цифры и факты / Интересы: открытие бизнеса,женский,35‑44 года,1
2024-09-04,Статья: Цифры и факты / Интересы: франшиза,женский,25‑34 года,1
2024-09-05,Статья: Цифры и факты / Интересы: франшиза,женский,45-54 года,1
2024-09-06,Промостатья: Моя история 1 | Цена перехода | Ж25-54,женский,Не определено,1
2024-09-06,Промостатья: Моя история 1 | Цена перехода | Ж25-54,женский,25‑34 года,1
2024-09-06,Промостатья: Моя история 1 | Цена перехода | Ж25-54,женский,45-54 года,1
2024-09-07,Промостатья: Моя история 1 | Цена перехода | Ж25-54,Не определено,25‑34 года,1
2024-09-07,Промостатья: Моя история 1 | Цена перехода | Ж25-54,женский,25‑34 года,1
2024-09-07,Промостатья: Моя история 1 | Цена перехода | Ж25-54,женский,35‑44 года,1
2024-09-07,Статья: Цифры и факты / Интересы: открытие бизнеса,женский,25‑34 года,1
2024-09-08,Промостатья: Моя история 1 | Цена перехода | Ж25-54,Не определено,45-54 года,1
2024-09-08,Промостатья: Моя история 1 | Цена перехода | Ж25-54,женский,35‑44 года,1
2024-09-08,Статья: Цифры и факты / Интересы: франшиза,мужской,45-54 года,1
2024-09-08,Статья: Цифры и факты / Интересы: франшиза,женский,45-54 года,1
2024-09-09,Промостатья: Моя история 1 | Цена перехода | Ж25-54,Не определено,Не определено,1
2024-09-09,Промостатья: Моя история 1 | Цена перехода | Ж25-54,женский,35‑44 года,1
2024-09-09,Промостатья: Моя история 1 | Цена перехода | Ж25-54,женский,45-54 года,1
2024-09-09,Статья: Цифры и факты / Интересы: франшиза,мужской,45-54 года,1
2024-09-09,Статья: Цифры и факты / Интересы: франшиза,женский,18‑24 года,1
2024-09-10,Промостатья: Моя история 1 | Цена перехода | Ж25-54,Не определено,Не определено,1
2024-09-10,Промостатья: Моя история 1 | Цена перехода | Ж25-54,женский,Не определено,1
2024-09-10,Промостатья: Моя история 1 | Цена перехода | Ж25-54,женский,25‑34 года,1
2024-09-10,Промостатья: Моя история 1 | Цена перехода | Ж25-54,женский,35‑44 года,1
2024-09-11,Промостатья: Моя история 1 | Цена перехода | Ж25-54,женский,25‑34 года,1
2024-09-11,Промостатья: Моя история 1 | Цена перехода | Ж25-54,женский,35‑44 года,1
2024-09-11,Статья: Цифры и факты / Интересы: открытие бизнеса,женский,35‑44 года,1
2024-09-11,Статья: Цифры и факты / Интересы: франшиза,женский,35‑44 года,1
2024-09-12,Промостатья: Моя история 1 | Цена перехода | Ж25-54,Не определено,45-54 года,1
2024-09-12,Промостатья: Моя история 1 | Цена перехода | Ж25-54,женский,35‑44 года,1
2024-09-12,Статья: Цифры и факты / Интересы: франшиза,мужской,18‑24 года,1
2024-09-12,Статья: Цифры и факты / Интересы: франшиза,мужской,45-54 года,1
2024-09-12,Статья: Цифры и факты / Интересы: франшиза,женский,18‑24 года,1
2024-09-13,Статья: Цифры и факты / Интересы: франшиза,Не определено,Не определено,1
2024-09-13,Статья: Цифры и факты / Интересы: франшиза,мужской,45-54 года,1
2024-09-14,Промостатья: Моя история 1 | Цена перехода | Ж25-54,женский,45-54 года,1
2024-09-14,Статья: Цифры и факты / Интересы: франшиза,мужской,25‑34 года,1
2024-09-14,Статья: Цифры и факты / Интересы: франшиза,женский,45-54 года,1
2024-09-15,Промостатья: Моя история 1 | Цена перехода | Ж25-54,женский,45-54 года,1
2024-09-15,Статья: Цифры и факты / Интересы: открытие бизнеса,женский,45-54 года,1
2024-09-15,Статья: Цифры и факты / Интересы: франшиза,мужской,35‑44 года,1
2024-09-16,Промостатья: Моя история 1 | Цена перехода | Ж25-54,женский,35‑44 года,1
2024-09-16,Промостатья: Моя история 1 | Цена перехода | Ж25-54,женский,45-54 года,1
2024-09-17,Промостатья: Моя история 1 | Цена перехода | Ж25-54,Не определено,Не определено,1
2024-09-18,Промостатья: Моя история 1 | Цена перехода | М,мужской,25‑34 года,1
2024-09-19,Промостатья: Моя история 1 | Цена перехода | М,Не определено,45-54 года,1
2024-09-19,Промостатья: Моя история 1 | Цена перехода | М,женский,55 лет и старше,1
2024-09-20,Промостатья: Моя история 1 | Цена перехода | Ж25-54,мужской,35‑44 года,1
2024-09-20,Промостатья: Моя история 1 | Цена перехода | М,Не определено,35‑44 года,1
2024-09-21,Промостатья: Моя история 1 | Цена перехода | М,Не определено,Не определено,1
2024-09-21,Промостатья: Моя история 1 | Цена перехода | М,Не определено,45-54 года,1
2024-09-21,Промостатья: Моя история 1 | Цена перехода | М,Не определено,55 лет и старше,1
2024-09-21,Промостатья: Моя история 1 | Цена перехода | М,мужской,35‑44 года,1
2024-09-21,Промостатья: Моя история 1 | Цена перехода | М,мужской,55 лет и старше,1
2024-09-21,Промостатья: Моя история 1 | Цена перехода | М,женский,Не определено,1
2024-09-21,Промостатья: Моя история 1 | Цена перехода | М,женский,25‑34 года,1
2024-09-22,Промостатья: Моя история 1 | Цена перехода | М,мужской,Не определено,1
2024-09-22,Промостатья: Моя история 1 | Цена перехода | М,женский,45-54 года,1
2024-09-22,Статья: Цифры и факты / Интересы: франшиза,мужской,45-54 года,1
2024-09-23,Промостатья: Моя история 1 | Цена перехода | Ж25-54,Не определено,Не определено,1
2024-09-23,Промостатья: Моя история 1 | Цена перехода | М,Не определено,25‑34 года,1
2024-09-23,Промостатья: Моя история 1 | Цена перехода | М,мужской,55 лет и старше,1
2024-09-23,Статья: Цифры и факты / Интересы: франшиза,женский,45-54 года,1
2024-09-24,Промостатья: Моя история 1 | Цена перехода | Ж25-54,женский,45-54 года,1
2024-09-25,Статья: Цифры и факты / Интересы: франшиза,женский,25‑34 года,1
2024-09-26,Статья: Цифры и факты / Интересы: франшиза,мужской,35‑44 года,1
2024-09-27,Промостатья: Моя история 1 | Цена перехода | Ж25-54,женский,55 лет и старше,1
2024-09-27,Статья: Цифры и факты / Интересы: франшиза,женский,45-54 года,1
2024-09-29,Промостатья: Моя история 1 | Цена перехода | Ж25-54,Не определено,Не определено,1
2024-09-29,Промостатья: Моя история 1 | Цена перехода | Ж25-54,женский,25‑34 года,1
2024-09-29,Промостатья: Моя история 1 | Цена перехода | Ж25-54,женский,45-54 года,1
2024-09-29,Промостатья: Моя история 1 | Цена перехода | Ж25-54,женский,55 лет и старше,1
2024-09-29,Статья: Цифры и факты / Интересы: франшиза,мужской,45-54 года,1
2024-09-29,Статья: Цифры и факты / Интересы: франшиза,женский,25‑34 года,1
2024-09-29,Статья: Цифры и факты / Интересы: франшиза,женский,45-54 года,1
2024-09-30,Промостатья: Моя история 1 | Цена перехода | Ж25-54,женский,55 лет и старше,1
2024-09-30,Статья: Цифры и факты / Интересы: открытие бизнеса,Не определено,Не определено,1
2024-09-30,Статья: Цифры и факты / Интересы: франшиза,женский,25‑34 года,1
2024-11-29,Промостатья: Моя история 1 | Цена перехода | Ж25-54,женский,55 лет и старше,13
2024-11-30,Промостатья: Моя история 1 | Цена перехода | Ж25-54,женский,55 лет и старше,8
2024-10-30,Промостатья: Моя история 1 | Цена перехода | Ж25-54,женский,45-54 года,7
2024-12-01,Промостатья: Моя история 1 | Цена перехода | Ж25-54,женский,55 лет и старше,6
2024-10-22,Промостатья: Моя история 1 | Цена перехода | Ж25-54,женский,55 лет и старше,5
2024-10-09,Статья: Цифры и факты / Интересы: франшиза,женский,45-54 года,4
2024-10-10,Промостатья: Моя история 1 | Цена перехода | Ж25-54,женский,55 лет и старше,4
2024-10-29,Промостатья: Моя история 1 | Цена перехода | Ж25-54,женский,55 лет и старше,4
2024-10-30,Промостатья: Моя история 1 | Цена перехода | Ж25-54,женский,55 лет и старше,4
2024-10-06,Промостатья: Моя история 1 | Цена перехода | Ж25-54,женский,55 лет и старше,3
2024-10-08,Статья: Цифры и факты / Интересы: франшиза,женский,45-54 года,3
2024-10-17,Промостатья: Моя история 1 | Цена перехода | Ж25-54,женский,55 лет и старше,3
2024-10-20,Промостатья: Моя история 1 | Цена перехода | Ж25-54,женский,55 лет и старше,3
2024-10-21,Промостатья: Моя история 1 | Цена перехода | Ж25-54,женский,55 лет и старше,3
2024-10-24,Промостатья: Моя история 1 | Цена перехода | Ж25-54,женский,55 лет и старше,3
2024-10-26,Промостатья: Моя история 1 | Цена перехода | Ж25-54,женский,55 лет и старше,3
2024-10-28,Промостатья: Моя история 1 | Цена перехода | Ж25-54,женский,55 лет и старше,3
2024-10-29,Промостатья: Моя история 1 | Цена перехода | Ж25-54,женский,45-54 года,3
2024-11-03,Промостатья: Моя история 1 | Цена перехода | Ж25-54,женский,55 лет и старше,3
2024-11-07,Статья: Цифры и факты / Интересы: франшиза,женский,45-54 года,3
2024-11-13,Промостатья: Моя история 1 | Цена перехода | Ж25-54,женский,45-54 года,3
2024-11-17,Промостатья: Моя история 1 | Цена перехода | Ж25-54,женский,55 лет и старше,3
2024-11-23,Промостатья: Моя история 1 | Цена перехода | Ж25-54,женский,55 лет и старше,3
2024-11-28,Промостатья: Моя история 1 | Цена перехода | Ж25-54,женский,55 лет и старше,3
2024-10-01,Статья: Цифры и факты / Интересы: открытие бизнеса,женский,35‑44 года,2
2024-10-02,Статья: Цифры и факты / Интересы: открытие бизнеса,Не определено,Не определено,2
2024-10-05,Статья: Цифры и факты / Интересы: открытие бизнеса,женский,35‑44 года,2
2024-10-08,Промостатья: Моя история 1 | Цена перехода | Ж25-54,женский,45-54 года,2
2024-10-20,Статья: Цифры и факты / Интересы: франшиза,женский,35‑44 года,2
2024-10-20,Статья: Цифры и факты / Интересы: франшиза,женский,45-54 года,2
2024-10-21,Промостатья: Моя история 1 | Цена перехода | Ж25-54,женский,45-54 года,2
2024-10-23,Статья: Цифры и факты / Интересы: открытие бизнеса,женский,25‑34 года,2
2024-10-24,Промостатья: Моя история 1 | Цена перехода | Ж25-54,Не определено,Не определено,2
2024-10-24,Промостатья: Моя история 1 | Цена перехода | Ж25-54,женский,Не определено,2
2024-10-24,Статья: Цифры и факты / Интересы: франшиза,женский,35‑44 года,2
2024-10-26,Промостатья: Моя история 1 | Цена перехода | Ж25-54,женский,35‑44 года,2
2024-10-27,Промостатья: Моя история 1 | Цена перехода | Ж25-54,женский,55 лет и старше,2
2024-10-29,Промостатья: Моя история 1 | Цена перехода | Ж25-54,женский,35‑44 года,2
2024-10-30,Промостатья: Моя история 1 | Цена перехода | Ж25-54,Не определено,Не определено,2
2024-10-30,Промостатья: Моя история 1 | Цена перехода | Ж25-54,женский,35‑44 года,2
2024-11-01,Промостатья: Моя история 1 | Цена перехода | Ж25-54,женский,55 лет и старше,2
2024-11-01,Статья: Цифры и факты / Интересы: франшиза,мужской,25‑34 года,2
2024-11-02,Промостатья: Моя история 1 | Цена перехода | Ж25-54,женский,45-54 года,2
2024-11-02,Промостатья: Моя история 1 | Цена перехода | Ж25-54,женский,55 лет и старше,2
2024-11-04,Промостатья: Моя история 1 | Цена перехода | Ж25-54,женский,55 лет и старше,2
2024-11-07,Промостатья: Моя история 1 | Цена перехода | Ж25-54,женский,45-54 года,2
2024-11-07,Статья: Цифры и факты / Интересы: франшиза,Не определено,Не определено,2
2024-11-09,Промостатья: Моя история 1 | Цена перехода | Ж25-54,женский,55 лет и старше,2
2024-11-12,Статья: Цифры и факты / Интересы: открытие бизнеса,мужской,35‑44 года,2
2024-11-14,Статья: Цифры и факты / Интересы: франшиза,Не определено,Не определено,2
2024-11-14,Статья: Цифры и факты / Интересы: франшиза,женский,35‑44 года,2
2024-11-15,Статья: Цифры и факты / Интересы: франшиза,женский,45-54 года,2
2024-11-21,Промостатья: Моя история 1 | Цена перехода | Ж25-54,женский,45-54 года,2
2024-11-22,Промостатья: Моя история 1 | Цена перехода | Ж25-54,женский,55 лет и старше,2
2024-11-24,Промостатья: Моя история 1 | Цена перехода | Ж25-54,женский,55 лет и старше,2
2024-11-25,Промостатья: Моя история 1 | Цена перехода | Ж25-54,женский,25‑34 года,2
2024-11-27,Промостатья: Моя история 1 | Цена перехода | Ж25-54,женский,55 лет и старше,2
2024-11-27,Статья: Цифры и факты / Интересы: открытие бизнеса,женский,35‑44 года,2
2024-11-27,Статья: Цифры и факты / Интересы: франшиза,Не определено,Не определено,2
2024-11-27,Статья: Цифры и факты / Интересы: франшиза,женский,35‑44 года,2
2024-11-28,Статья: Цифры и факты / Интересы: открытие бизнеса,женский,35‑44 года,2
2024-11-28,Статья: Цифры и факты / Интересы: франшиза,мужской,45-54 года,2
2024-11-29,Промостатья: Моя история 1 | Цена перехода | Ж25-54,Не определено,Не определено,2
2024-11-29,Промостатья: Моя история 1 | Цена перехода | Ж25-54,женский,45-54 года,2
2024-11-29,Статья: Цифры и факты / Интересы: открытие бизнеса,женский,35‑44 года,2
2024-11-30,Промостатья: Моя история 1 | Цена перехода | Ж25-54,женский,45-54 года,2
2024-12-23,Промостатья: Моя история 1 | Цена перехода | Ж25-54,женский,25‑34 года,2
2024-12-24,Промостатья: Моя история 1 | Цена перехода | Ж25-54,женский,25‑34 года,2
2024-12-26,Промостатья: Моя история 1 | Цена перехода | Ж25-54,женский,25‑34 года,2
2024-10-01,Статья: Цифры и факты / Интересы: открытие бизнеса,мужской,35‑44 года,1
2024-10-01,Статья: Цифры и факты / Интересы: открытие бизнеса,мужской,55 лет и старше,1
2024-10-02,Промостатья: Моя история 1 | Цена перехода | Ж25-54,женский,55 лет и старше,1
2024-10-03,Статья: Цифры и факты / Интересы: франшиза,женский,18‑24 года,1
2024-10-04,Статья: Цифры и факты / Интересы: открытие бизнеса,мужской,35‑44 года,1
2024-10-04,Статья: Цифры и факты / Интересы: франшиза,женский,35‑44 года,1
2024-10-04,Статья: Цифры и факты / Интересы: франшиза,женский,45-54 года,1
2024-10-05,Статья: Цифры и факты / Интересы: открытие бизнеса,Не определено,Не определено,1
2024-10-06,Статья: Цифры и факты / Интересы: открытие бизнеса,мужской,25‑34 года,1
2024-10-06,Статья: Цифры и факты / Интересы: открытие бизнеса,мужской,35‑44 года,1
2024-10-06,Статья: Цифры и факты / Интересы: франшиза,мужской,18‑24 года,1
2024-10-06,Статья: Цифры и факты / Интересы: франшиза,мужской,45-54 года,1
2024-10-06,Статья: Цифры и факты / Интересы: франшиза,женский,35‑44 года,1
2024-10-06,Статья: Цифры и факты / Интересы: франшиза,женский,45-54 года,1
2024-10-07,Промостатья: Моя история 1 | Цена перехода | Ж25-54,женский,25‑34 года,1
2024-10-07,Промостатья: Моя история 1 | Цена перехода | Ж25-54,женский,45-54 года,1
2024-10-07,Промостатья: Моя история 1 | Цена перехода | Ж25-54,женский,55 лет и старше,1
2024-10-07,Статья: Цифры и факты / Интересы: открытие бизнеса,мужской,25‑34 года,1
2024-10-08,Промостатья: Моя история 1 | Цена перехода | Ж25-54,женский,55 лет и старше,1
2024-10-08,Статья: Цифры и факты / Интересы: открытие бизнеса,мужской,25‑34 года,1
2024-10-09,Промостатья: Моя история 1 | Цена перехода | Ж25-54,женский,45-54 года,1
2024-10-09,Статья: Цифры и факты / Интересы: открытие бизнеса,женский,25‑34 года,1
2024-10-09,Статья: Цифры и факты / Интересы: открытие бизнеса,женский,35‑44 года,1
2024-10-10,Промостатья: Моя история 1 | Цена перехода | Ж25-54,женский,Не определено,1
2024-10-11,Промостатья: Моя история 1 | Цена перехода | Ж25-54,женский,45-54 года,1
2024-10-11,Статья: Цифры и факты / Интересы: франшиза,женский,18‑24 года,1
2024-10-12,Промостатья: Моя история 1 | Цена перехода | Ж25-54,Не определено,55 лет и старше,1
2024-10-13,Промостатья: Моя история 1 | Цена перехода | Ж25-54,женский,25‑34 года,1
2024-10-14,Промостатья: Моя история 1 | Цена перехода | Ж25-54,женский,55 лет и старше,1
2024-10-15,Статья: Цифры и факты / Интересы: франшиза,женский,45-54 года,1
2024-10-16,Промостатья: Моя история 1 | Цена перехода | Ж25-54,женский,18‑24 года,1
2024-10-16,Промостатья: Моя история 1 | Цена перехода | Ж25-54,женский,25‑34 года,1
2024-10-16,Статья: Цифры и факты / Интересы: франшиза,мужской,45-54 года,1
2024-10-17,Промостатья: Моя история 1 | Цена перехода | Ж25-54,Не определено,Не определено,1
2024-10-17,Промостатья: Моя история 1 | Цена перехода | Ж25-54,женский,35‑44 года,1
2024-10-17,Статья: Цифры и факты / Интересы: открытие бизнеса,Не определено,Не определено,1
2024-10-17,Статья: Цифры и факты / Интересы: франшиза,женский,25‑34 года,1
2024-10-18,Промостатья: Моя история 1 | Цена перехода | Ж25-54,женский,55 лет и старше,1
2024-10-19,Промостатья: Моя история 1 | Цена перехода | Ж25-54,женский,25‑34 года,1
2024-10-19,Промостатья: Моя история 1 | Цена перехода | Ж25-54,женский,45-54 года,1
2024-10-19,Статья: Цифры и факты / Интересы: франшиза,женский,25‑34 года,1
2024-10-19,Статья: Цифры и факты / Интересы: франшиза,женский,35‑44 года,1
2024-10-19,Статья: Цифры и факты / Интересы: франшиза,женский,45-54 года,1
2024-10-20,Промостатья: Моя история 1 | Цена перехода | Ж25-54,Не определено,Не определено,1
2024-10-20,Промостатья: Моя история 1 | Цена перехода | Ж25-54,женский,45-54 года,1
2024-10-20,Статья: Цифры и факты / Интересы: открытие бизнеса,мужской,25‑34 года,1
2024-10-20,Статья: Цифры и факты / Интересы: открытие бизнеса,мужской,35‑44 года,1
2024-10-20,Статья: Цифры и факты / Интересы: франшиза,женский,18‑24 года,1
2024-10-21,Статья: Цифры и факты / Интересы: франшиза,мужской,45-54 года,1
2024-10-22,Промостатья: Моя история 1 | Цена перехода | Ж25-54,Не определено,Не определено,1
2024-10-22,Статья: Цифры и факты / Интересы: открытие бизнеса,женский,25‑34 года,1
2024-10-22,Статья: Цифры и факты / Интересы: открытие бизнеса,женский,35‑44 года,1
2024-10-22,Статья: Цифры и факты / Интересы: франшиза,женский,45-54 года,1
2024-10-23,Статья: Цифры и факты / Интересы: франшиза,Не определено,Не определено,1
2024-10-24,Промостатья: Моя история 1 | Цена перехода | Ж25-54,женский,45-54 года,1
2024-10-24,Статья: Цифры и факты / Интересы: открытие бизнеса,женский,35‑44 года,1
2024-10-24,Статья: Цифры и факты / Интересы: франшиза,мужской,25‑34 года,1
2024-10-25,Промостатья: Моя история 1 | Цена перехода | Ж25-54,женский,25‑34 года,1
2024-10-25,Промостатья: Моя история 1 | Цена перехода | Ж25-54,женский,45-54 года,1
2024-10-25,Промостатья: Моя история 1 | Цена перехода | Ж25-54,женский,55 лет и старше,1
2024-10-25,Статья: Цифры и факты / Интересы: открытие бизнеса,женский,35‑44 года,1
2024-10-25,Статья: Цифры и факты / Интересы: франшиза,женский,25‑34 года,1
2024-10-26,Промостатья: Моя история 1 | Цена перехода | Ж25-54,женский,25‑34 года,1
2024-10-26,Статья: Цифры и факты / Интересы: франшиза,мужской,25‑34 года,1
2024-10-26,Статья: Цифры и факты / Интересы: франшиза,женский,25‑34 года,1
2024-10-27,Промостатья: Моя история 1 | Цена перехода | Ж25-54,женский,45-54 года,1
2024-10-27,Статья: Цифры и факты / Интересы: открытие бизнеса,женский,25‑34 года,1
2024-10-27,Статья: Цифры и факты / Интересы: открытие бизнеса,женский,35‑44 года,1
2024-10-27,Статья: Цифры и факты / Интересы: франшиза,женский,25‑34 года,1
2024-10-28,Статья: Цифры и факты / Интересы: открытие бизнеса,женский,25‑34 года,1
2024-10-28,Статья: Цифры и факты / Интересы: франшиза,женский,35‑44 года,1
2024-10-29,Промостатья: Моя история 1 | Цена перехода | Ж25-54,женский,18‑24 года,1
2024-10-29,Промостатья: Моя история 1 | Цена перехода | Ж25-54,женский,25‑34 года,1
2024-10-29,Статья: Цифры и факты / Интересы: открытие бизнеса,женский,35‑44 года,1
2024-10-29,Статья: Цифры и факты / Интересы: франшиза,женский,18‑24 года,1
2024-10-29,Статья: Цифры и факты / Интересы: франшиза,женский,45-54 года,1
2024-10-30,Промостатья: Моя история 1 | Цена перехода | Ж25-54,женский,Не определено,1
2024-10-30,Промостатья: Моя история 1 | Цена перехода | Ж25-54,женский,25‑34 года,1
2024-10-30,Статья: Цифры и факты / Интересы: франшиза,женский,45-54 года,1
2024-10-31,Промостатья: Моя история 1 | Цена перехода | Ж25-54,женский,25‑34 года,1
2024-10-31,Промостатья: Моя история 1 | Цена перехода | Ж25-54,женский,45-54 года,1
2024-10-31,Промостатья: Моя история 1 | Цена перехода | Ж25-54,женский,55 лет и старше,1
2024-10-31,Статья: Цифры и факты / Интересы: открытие бизнеса,женский,35‑44 года,1
2024-10-31,Статья: Цифры и факты / Интересы: франшиза,Не определено,Не определено,1
2024-10-31,Статья: Цифры и факты / Интересы: франшиза,женский,25‑34 года,1
2024-11-01,Промостатья: Моя история 1 | Цена перехода | Ж25-54,женский,18‑24 года,1
2024-11-01,Промостатья: Моя история 1 | Цена перехода | Ж25-54,женский,35‑44 года,1
2024-11-01,Промостатья: Моя история 1 | Цена перехода | Ж25-54,женский,45-54 года,1
2024-11-02,Статья: Цифры и факты / Интересы: открытие бизнеса,женский,25‑34 года,1
2024-11-02,Статья: Цифры и факты / Интересы: франшиза,Не определено,Не определено,1
2024-11-02,Статья: Цифры и факты / Интересы: франшиза,мужской,25‑34 года,1
2024-11-03,Статья: Цифры и факты / Интересы: франшиза,Не определено,Не определено,1
2024-11-04,Промостатья: Моя история 1 | Цена перехода | Ж25-54,Не определено,Не определено,1
2024-11-04,Промостатья: Моя история 1 | Цена перехода | Ж25-54,женский,25‑34 года,1
2024-11-04,Статья: Цифры и факты / Интересы: открытие бизнеса,женский,35‑44 года,1
2024-11-04,Статья: Цифры и факты / Интересы: франшиза,мужской,45-54 года,1
2024-11-04,Статья: Цифры и факты / Интересы: франшиза,женский,18‑24 года,1
2024-11-05,Промостатья: Моя история 1 | Цена перехода | Ж25-54,женский,35‑44 года,1
2024-11-05,Промостатья: Моя история 1 | Цена перехода | Ж25-54,женский,45-54 года,1
2024-11-05,Промостатья: Моя история 1 | Цена перехода | Ж25-54,женский,55 лет и старше,1
2024-11-05,Статья: Цифры и факты / Интересы: франшиза,женский,35‑44 года,1
2024-11-07,Промостатья: Моя история 1 | Цена перехода | Ж25-54,женский,18‑24 года,1
2024-11-07,Промостатья: Моя история 1 | Цена перехода | Ж25-54,женский,25‑34 года,1
2024-11-07,Промостатья: Моя история 1 | Цена перехода | Ж25-54,женский,35‑44 года,1
2024-11-07,Промостатья: Моя история 1 | Цена перехода | Ж25-54,женский,55 лет и старше,1
2024-11-07,Статья: Цифры и факты / Интересы: франшиза,мужской,45-54 года,1
2024-11-07,Статья: Цифры и факты / Интересы: франшиза,женский,18‑24 года,1
2024-11-07,Статья: Цифры и факты / Интересы: франшиза,женский,35‑44 года,1
2024-11-08,Статья: Цифры и факты / Интересы: открытие бизнеса,Не определено,Не определено,1
2024-11-09,Статья: Цифры и факты / Интересы: франшиза,Не определено,Не определено,1
2024-11-10,Промостатья: Моя история 1 | Цена перехода | Ж25-54,женский,25‑34 года,1
2024-11-10,Промостатья: Моя история 1 | Цена перехода | Ж25-54,женский,45-54 года,1
2024-11-10,Промостатья: Моя история 1 | Цена перехода | Ж25-54,женский,55 лет и старше,1
2024-11-10,Статья: Цифры и факты / Интересы: франшиза,мужской,45-54 года,1
2024-11-10,Статья: Цифры и факты / Интересы: франшиза,женский,45-54 года,1
2024-11-11,Промостатья: Моя история 1 | Цена перехода | Ж25-54,женский,45-54 года,1
2024-11-11,Статья: Цифры и факты / Интересы: открытие бизнеса,мужской,35‑44 года,1
2024-11-12,Промостатья: Моя история 1 | Цена перехода | Ж25-54,женский,55 лет и старше,1
2024-11-13,Промостатья: Моя история 1 | Цена перехода | Ж25-54,женский,25‑34 года,1
2024-11-13,Промостатья: Моя история 1 | Цена перехода | Ж25-54,женский,55 лет и старше,1
2024-11-13,Статья: Цифры и факты / Интересы: открытие бизнеса,женский,25‑34 года,1
2024-11-14,Промостатья: Моя история 1 | Цена перехода | Ж25-54,женский,45-54 года,1
2024-11-14,Статья: Цифры и факты / Интересы: открытие бизнеса,мужской,Не определено,1
2024-11-14,Статья: Цифры и факты / Интересы: открытие бизнеса,женский,25‑34 года,1
2024-11-14,Статья: Цифры и факты / Интересы: франшиза,мужской,45-54 года,1
2024-11-15,Статья: Цифры и факты / Интересы: открытие бизнеса,женский,25‑34 года,1
2024-11-15,Статья: Цифры и факты / Интересы: франшиза,Не определено,Не определено,1
2024-11-16,Промостатья: Моя история 1 | Цена перехода | Ж25-54,женский,55 лет и старше,1
2024-11-16,Статья: Цифры и факты / Интересы: открытие бизнеса,женский,25‑34 года,1
2024-11-16,Статья: Цифры и факты / Интересы: открытие бизнеса,женский,35‑44 года,1
2024-11-16,Статья: Цифры и факты / Интересы: франшиза,Не определено,Не определено,1
2024-11-16,Статья: Цифры и факты / Интересы: франшиза,мужской,25‑34 года,1
2024-11-16,Статья: Цифры и факты / Интересы: франшиза,женский,Не определено,1
2024-11-16,Статья: Цифры и факты / Интересы: франшиза,женский,18‑24 года,1
2024-11-16,Статья: Цифры и факты / Интересы: франшиза,женский,25‑34 года,1
2024-11-17,Промостатья: Моя история 1 | Цена перехода | Ж25-54,женский,25‑34 года,1
2024-11-17,Статья: Цифры и факты / Интересы: франшиза,женский,45-54 года,1
2024-11-19,Промостатья: Моя история 1 | Цена перехода | Ж25-54,Не определено,Не определено,1
2024-11-19,Промостатья: Моя история 1 | Цена перехода | Ж25-54,женский,25‑34 года,1
2024-11-19,Промостатья: Моя история 1 | Цена перехода | Ж25-54,женский,55 лет и старше,1
2024-11-19,Статья: Цифры и факты / Интересы: франшиза,женский,45-54 года,1
2024-11-20,Промостатья: Моя история 1 | Цена перехода | Ж25-54,женский,18‑24 года,1
2024-11-20,Промостатья: Моя история 1 | Цена перехода | Ж25-54,женский,35‑44 года,1
2024-11-20,Статья: Цифры и факты / Интересы: открытие бизнеса,мужской,25‑34 года,1
2024-11-20,Статья: Цифры и факты / Интересы: открытие бизнеса,женский,35‑44 года,1
2024-11-21,Промостатья: Моя история 1 | Цена перехода | Ж25-54,женский,25‑34 года,1
2024-11-21,Статья: Цифры и факты / Интересы: открытие бизнеса,женский,25‑34 года,1
2024-11-21,Статья: Цифры и факты / Интересы: открытие бизнеса,женский,35‑44 года,1
2024-11-22,Промостатья: Моя история 1 | Цена перехода | Ж25-54,женский,25‑34 года,1
2024-11-22,Промостатья: Моя история 1 | Цена перехода | Ж25-54,женский,45-54 года,1
2024-11-22,Статья: Цифры и факты / Интересы: открытие бизнеса,мужской,25‑34 года,1
2024-11-22,Статья: Цифры и факты / Интересы: франшиза,женский,35‑44 года,1
2024-11-22,Статья: Цифры и факты / Интересы: франшиза,женский,45-54 года,1
2024-11-23,Статья: Цифры и факты / Интересы: открытие бизнеса,Не определено,Не определено,1
2024-11-23,Статья: Цифры и факты / Интересы: франшиза,женский,45-54 года,1
2024-11-24,Промостатья: Моя история 1 | Цена перехода | Ж25-54,мужской,45-54 года,1
2024-11-24,Промостатья: Моя история 1 | Цена перехода | Ж25-54,женский,35‑44 года,1
2024-11-24,Статья: Цифры и факты / Интересы: открытие бизнеса,мужской,35‑44 года,1
2024-11-24,Статья: Цифры и факты / Интересы: франшиза,Не определено,Не определено,1
2024-11-24,Статья: Цифры и факты / Интересы: франшиза,женский,45-54 года,1
2024-11-25,Промостатья: Моя история 1 | Цена перехода | Ж25-54,женский,55 лет и старше,1
2024-11-26,Промостатья: Моя история 1 | Цена перехода | Ж25-54,женский,18‑24 года,1
2024-11-26,Промостатья: Моя история 1 | Цена перехода | Ж25-54,женский,25‑34 года,1
2024-11-26,Промостатья: Моя история 1 | Цена перехода | Ж25-54,женский,45-54 года,1
2024-11-26,Статья: Цифры и факты / Интересы: открытие бизнеса,мужской,35‑44 года,1
2024-11-26,Статья: Цифры и факты / Интересы: франшиза,мужской,18‑24 года,1
2024-11-26,Статья: Цифры и факты / Интересы: франшиза,мужской,45-54 года,1
2024-11-27,Промостатья: Моя история 1 | Цена перехода | Ж25-54,женский,25‑34 года,1
2024-11-27,Статья: Цифры и факты / Интересы: открытие бизнеса,Не определено,Не определено,1
2024-11-28,Промостатья: Моя история 1 | Цена перехода | Ж25-54,женский,18‑24 года,1
2024-11-28,Промостатья: Моя история 1 | Цена перехода | Ж25-54,женский,25‑34 года,1
2024-11-28,Промостатья: Моя история 1 | Цена перехода | Ж25-54,женский,45-54 года,1
2024-11-28,Статья: Цифры и факты / Интересы: франшиза,Не определено,Не определено,1
2024-11-28,Статья: Цифры и факты / Интересы: франшиза,мужской,35‑44 года,1
2024-11-28,Статья: Цифры и факты / Интересы: франшиза,женский,45-54 года,1
2024-11-29,Промостатья: Моя история 1 | Цена перехода | Ж25-54,Не определено,55 лет и старше,1
2024-11-29,Промостатья: Моя история 1 | Цена перехода | Ж25-54,женский,18‑24 года,1
2024-11-29,Промостатья: Моя история 1 | Цена перехода | Ж25-54,женский,25‑34 года,1
2024-11-29,Промостатья: Моя история 1 | Цена перехода | Ж25-54,женский,35‑44 года,1
2024-11-29,Статья: Цифры и факты / Интересы: открытие бизнеса,мужской,35‑44 года,1
2024-11-29,Статья: Цифры и факты / Интересы: франшиза,женский,25‑34 года,1
2024-11-30,Промостатья: Моя история 1 | Цена перехода | Ж25-54,Не определено,Не определено,1
2024-11-30,Статья: Цифры и факты / Интересы: франшиза,женский,45-54 года,1
2024-12-01,Промостатья: Моя история 1 | Цена перехода | Ж25-54,Не определено,Не определено,1
2024-12-01,Статья: Цифры и факты / Интересы: открытие бизнеса,мужской,25‑34 года,1
2024-12-01,Статья: Цифры и факты / Интересы: открытие бизнеса,женский,35‑44 года,1
2024-12-01,Статья: Цифры и факты / Интересы: франшиза,Не определено,Не определено,1
2024-12-01,Статья: Цифры и факты / Интересы: франшиза,женский,35‑44 года,1
2024-12-02,Промостатья: Моя история 1 | Цена перехода | Ж25-54,женский,25‑34 года,1
2024-12-03,Промостатья: Моя история 1 | Цена перехода | Ж25-54,женский,25‑34 года,1
2024-12-04,Промостатья: Моя история 1 | Цена перехода | Ж25-54,женский,25‑34 года,1
2024-12-05,Промостатья: Моя история 1 | Цена перехода | Ж25-54,женский,25‑34 года,1
2024-12-06,Промостатья: Моя история 1 | Цена перехода | Ж25-54,женский,25‑34 года,1
2024-12-09,Промостатья: Моя история 1 | Цена перехода | Ж25-54,женский,25‑34 года,1
2024-12-11,Промостатья: Моя история 1 | Цена перехода | Ж25-54,женский,25‑34 года,1
2024-12-12,Промостатья: Моя история 1 | Цена перехода | Ж25-54,женский,25‑34 года,1
2024-12-13,Промостатья: Моя история 1 | Цена перехода | Ж25-54,женский,25‑34 года,1
2024-12-14,Промостатья: Моя история 1 | Цена перехода | Ж25-54,женский,45-54 года,1
2024-12-16,Промостатья: Моя история 1 | Цена перехода | Ж25-54,женский,25‑34 года,1
2024-12-17,Промостатья: Моя история 1 | Цена перехода | Ж25-54,женский,25‑34 года,1
2024-12-18,Промостатья: Моя история 1 | Цена перехода | Ж25-54,женский,25‑34 года,1
2024-12-19,Промостатья: Моя история 1 | Цена перехода | Ж25-54,женский,25‑34 года,1
2024-12-20,Промостатья: Моя история 1 | Цена перехода | Ж25-54,женский,25‑34 года,1
2024-12-26,Промостатья: Моя история 1 | Цена перехода | Ж25-54,женский,45-54 года,1
2024-12-27,Промостатья: Моя история 1 | Цена перехода | Ж25-54,женский,25‑34 года,1
2024-12-28,Промостатья: Моя история 1 | Цена перехода | Ж25-54,женский,25‑34 года,1
2025-03-21,Промостатья: Моя история 1 | Цена перехода | Ж25-54 (копия),женский,55 лет и старше,106
2025-03-22,Промостатья: Моя история 1 | Цена перехода | Ж25-54 (копия),женский,55 лет и старше,95
2025-03-23,Промостатья: Моя история 1 | Цена перехода | Ж25-54 (копия),женский,55 лет и старше,86
2025-03-23,Промостатья: Моя история 1 | Цена перехода | Ж25-54 (копия),Не определено,Не определено,32
2025-03-22,Промостатья: Моя история 1 | Цена перехода | Ж25-54 (копия),Не определено,Не определено,29
2025-03-21,Промостатья: Моя история 1 | Цена перехода | Ж25-54 (копия),Не определено,Не определено,18
2025-03-21,Промостатья: Моя история 1 | Цена перехода | Ж25-54 (копия),Не определено,55 лет и старше,13
2025-03-24,Промостатья: Моя история 1 | Цена перехода | Ж25-54 (копия),женский,55 лет и старше,9
2025-03-30,Статья: Цифры и факты / Интересы: открытие бизнеса (копия),мужской,35‑44 года,9
2025-03-29,Статья: Цифры и факты / Интересы: открытие бизнеса (копия),Не определено,Не определено,8
2025-03-29,Статья: Цифры и факты / Интересы: открытие бизнеса (копия),женский,35‑44 года,7
2025-03-30,Промостатья: Моя история 1 / Цена перехода / Ж25-54 / интерес_франшиза,женский,35‑44 года,7
2025-03-21,Промостатья: Моя история 1 | Цена перехода | Ж25-54 (копия),мужской,55 лет и старше,6
2025-03-23,Промостатья: Моя история 1 | Цена перехода | Ж25-54 (копия),Не определено,55 лет и старше,6
2025-03-28,Статья: Цифры и факты / Интересы: открытие бизнеса (копия),мужской,35‑44 года,6
2025-03-21,Промостатья: Моя история 1 | Цена перехода | Ж25-54 (копия),женский,Не определено,5
2025-03-21,Промостатья: Моя история 1 | Цена перехода | Ж25-54 (копия),женский,45-54 года,5
2025-03-24,Промостатья: Моя история 1 | Цена перехода | Ж25-54 (копия),Не определено,Не определено,5
2025-03-25,Промостатья: Моя история 1 | Цена перехода | Ж25-54 (копия),женский,55 лет и старше,5
2025-03-28,Статья: Цифры и факты / Интересы: открытие бизнеса (копия),Не определено,Не определено,5
2025-03-29,Промостатья: Моя история 1 / Цена перехода / Ж25-54 / интерес_франшиза,женский,35‑44 года,5
2025-03-29,Статья: Цифры и факты / Интересы: открытие бизнеса (копия),женский,25‑34 года,5
2025-03-30,Статья: Цифры и факты / Интересы: открытие бизнеса (копия),мужской,25‑34 года,5
2025-03-22,Промостатья: Моя история 1 | Цена перехода | Ж25-54 (копия),женский,Не определено,4
2025-03-23,Промостатья: Моя история 1 | Цена перехода | Ж25-54 (копия),женский,Не определено,4
2025-03-28,Статья: Цифры и факты / Интересы: открытие бизнеса (копия),женский,25‑34 года,4
2025-03-28,Статья: Цифры и факты / Интересы: открытие бизнеса (копия),женский,35‑44 года,4
2025-03-30,Статья: Цифры и факты / Интересы: открытие бизнеса (копия),женский,35‑44 года,4
2025-03-31,Промостатья: Моя история 1 / Цена перехода / Ж25-54 / интерес_франшиза,женский,35‑44 года,4
2025-03-22,Промостатья: Моя история 1 | Цена перехода | Ж25-54 (копия),Не определено,55 лет и старше,3
2025-03-29,Промостатья: Моя история 1 / Цена перехода / Ж25-54 / интерес_франшиза,Не определено,Не определено,3
2025-03-29,Статья: Цифры и факты / Интересы: открытие бизнеса (копия),мужской,25‑34 года,3
2025-03-29,Статья: Цифры и факты / Интересы: открытие бизнеса (копия),мужской,35‑44 года,3
2025-03-30,Статья: Цифры и факты / Интересы: открытие бизнеса (копия),женский,25‑34 года,3
2025-03-31,Промостатья: Моя история 1 / Цена перехода / Ж25-54 / интерес_франшиза,Не определено,Не определено,3
2025-01-09,Промостатья: Моя история 1 | Цена перехода | Ж25-54,женский,25‑34 года,2
2025-01-13,Промостатья: Моя история 1 | Цена перехода | Ж25-54,женский,25‑34 года,2
2025-03-03,Промостатья: Моя история 1 | Цена перехода | Ж25-54,женский,45-54 года,2
2025-03-06,Промостатья: Моя история 1 | Цена перехода | Ж25-54,Не определено,Не определено,2
2025-03-07,Промостатья: Моя история 1 | Цена перехода | Ж25-54,Не определено,Не определено,2
2025-03-19,Промостатья: Моя история 1 | Цена перехода | Ж25-54,женский,55 лет и старше,2
2025-03-20,Промостатья: Моя история 1 | Цена перехода | Ж25-54,женский,55 лет и старше,2
2025-03-20,Статья: Цифры и факты / Интересы: открытие бизнеса,Не определено,Не определено,2
2025-03-23,Промостатья: Моя история 1 | Цена перехода | Ж25-54 (копия),женский,35‑44 года,2
2025-03-23,Промостатья: Моя история 1 | Цена перехода | Ж25-54 (копия),женский,45-54 года,2
2025-03-24,Промостатья: Моя история 1 | Цена перехода | Ж25-54,женский,55 лет и старше,2
2025-03-27,Статья: Цифры и факты / Интересы: открытие бизнеса (копия),мужской,25‑34 года,2
2025-03-27,Статья: Цифры и факты / Интересы: открытие бизнеса (копия),мужской,35‑44 года,2
2025-03-28,Промостатья: Моя история 1 / Цена перехода / Ж25-54 / интерес_франшиза,Не определено,Не определено,2
2025-03-29,Промостатья: Моя история 1 / Цена перехода / Ж25-54 / интерес_открытие бизнеса,женский,25‑34 года,2
2025-03-29,Промостатья: Моя история 1 / Цена перехода / Ж25-54 / интерес_франшиза,мужской,35‑44 года,2
2025-03-29,Промостатья: Моя история 1 / Цена перехода / Ж25-54 / интерес_франшиза,женский,Не определено,2
2025-03-29,Статья: Цифры и факты / Интересы: открытие бизнеса (копия),мужской,Не определено,2
2025-03-29,Статья: Цифры и факты / Интересы: открытие бизнеса (копия),мужской,55 лет и старше,2
2025-03-30,Статья: Цифры и факты / Интересы: открытие бизнеса (копия),Не определено,Не определено,2
2025-01-10,Промостатья: Моя история 1 | Цена перехода | Ж25-54,женский,25‑34 года,1
2025-01-14,Промостатья: Моя история 1 | Цена перехода | Ж25-54,женский,25‑34 года,1
2025-01-14,Промостатья: Моя история 3 | Цена перехода | 25-54 | lp /franchise,женский,35‑44 года,1
2025-01-15,Промостатья: Моя история 1 | Цена перехода | Ж25-54,женский,25‑34 года,1
2025-01-16,Промостатья: Моя история 1 | Цена перехода | Ж25-54,женский,25‑34 года,1
2025-01-20,Промостатья: Моя история 1 | Цена перехода | Ж25-54,женский,25‑34 года,1
2025-01-21,Промостатья: Моя история 1 | Цена перехода | Ж25-54,женский,25‑34 года,1
2025-01-24,Промостатья: Моя история 1 | Цена перехода | Ж25-54,женский,25‑34 года,1
2025-01-27,Промостатья: Моя история 1 | Цена перехода | Ж25-54,женский,25‑34 года,1
2025-01-28,Промостатья: Моя история 1 | Цена перехода | Ж25-54,женский,25‑34 года,1
2025-01-31,Промостатья: Моя история 1 | Цена перехода | Ж25-54,женский,25‑34 года,1
2025-02-03,Промостатья: Моя история 1 | Цена перехода | Ж25-54,женский,25‑34 года,1
2025-02-04,Промостатья: Моя история 1 | Цена перехода | Ж25-54,женский,25‑34 года,1
2025-02-05,Промостатья: Моя история 1 | Цена перехода | Ж25-54,женский,25‑34 года,1
2025-02-06,Промостатья: Моя история 1 | Цена перехода | Ж25-54,женский,25‑34 года,1
2025-02-07,Промостатья: Моя история 1 | Цена перехода | Ж25-54,женский,25‑34 года,1
2025-02-11,Промостатья: Моя история 1 | Цена перехода | Ж25-54,женский,45-54 года,1
2025-02-12,Промостатья: Моя история 1 | Цена перехода | Ж25-54,женский,45-54 года,1
2025-02-13,Промостатья: Моя история 1 | Цена перехода | Ж25-54,женский,45-54 года,1
2025-02-14,Промостатья: Моя история 1 | Цена перехода | Ж25-54,женский,45-54 года,1
2025-02-18,Промостатья: Моя история 1 | Цена перехода | Ж25-54,женский,45-54 года,1
2025-02-19,Промостатья: Моя история 1 | Цена перехода | Ж25-54,женский,45-54 года,1
2025-02-20,Промостатья: Моя история 1 | Цена перехода | Ж25-54,женский,45-54 года,1
2025-02-21,Промостатья: Моя история 1 | Цена перехода | Ж25-54,женский,45-54 года,1
2025-02-24,Промостатья: Моя история 1 | Цена перехода | Ж25-54,женский,45-54 года,1
2025-02-25,Промостатья: Моя история 1 | Цена перехода | Ж25-54,женский,45-54 года,1
2025-02-26,Промостатья: Моя история 1 | Цена перехода | Ж25-54,женский,45-54 года,1
2025-02-27,Промостатья: Моя история 1 | Цена перехода | Ж25-54,женский,45-54 года,1
2025-02-28,Промостатья: Моя история 1 | Цена перехода | Ж25-54,женский,45-54 года,1
2025-03-04,Промостатья: Моя история 1 | Цена перехода | Ж25-54,женский,45-54 года,1
2025-03-05,Промостатья: Моя история 1 | Цена перехода | Ж25-54,женский,45-54 года,1
2025-03-06,Промостатья: Моя история 1 | Цена перехода | Ж25-54,женский,45-54 года,1
2025-03-19,Статья: Цифры и факты / Интересы: франшиза,Не определено,Не определено,1
2025-03-19,Статья: Цифры и факты / Интересы: франшиза,женский,55 лет и старше,1
2025-03-21,Промостатья: Моя история 1 | Цена перехода | Ж25-54 (копия),мужской,35‑44 года,1
2025-03-21,Промостатья: Моя история 1 | Цена перехода | Ж25-54 (копия),женский,младше 18 лет,1
2025-03-21,Промостатья: Моя история 1 | Цена перехода | Ж25-54 (копия),женский,25‑34 года,1
2025-03-21,Промостатья: Моя история 1 | Цена перехода | Ж25-54 (копия),женский,35‑44 года,1
2025-03-22,Промостатья: Моя история 1 | Цена перехода | Ж25-54 (копия),мужской,55 лет и старше,1
2025-03-22,Промостатья: Моя история 1 | Цена перехода | Ж25-54 (копия),женский,25‑34 года,1
2025-03-22,Промостатья: Моя история 1 | Цена перехода | Ж25-54 (копия),женский,45-54 года,1
2025-03-22,Статья: Цифры и факты / Интересы: открытие бизнеса,Не определено,Не определено,1
2025-03-22,Статья: Цифры и факты / Интересы: открытие бизнеса,мужской,25‑34 года,1
2025-03-23,Промостатья: Моя история 1 | Цена перехода | Ж25-54,мужской,младше 18 лет,1
2025-03-23,Промостатья: Моя история 1 | Цена перехода | Ж25-54 (копия),мужской,35‑44 года,1
2025-03-23,Промостатья: Моя история 1 | Цена перехода | Ж25-54 (копия),мужской,55 лет и старше,1
2025-03-23,Промостатья: Моя история 1 | Цена перехода | Ж25-54 (копия),женский,25‑34 года,1
2025-03-23,Статья: Цифры и факты / Интересы: открытие бизнеса,женский,25‑34 года,1
2025-03-23,Статья: Цифры и факты / Интересы: франшиза,Не определено,Не определено,1
2025-03-24,Промостатья: Моя история 1 | Цена перехода | Ж25-54,женский,25‑34 года,1
2025-03-25,Промостатья: Моя история 1 / Цена перехода / Ж25-54 / интерес_франшиза,женский,35‑44 года,1
2025-03-25,Промостатья: Моя история 1 | Цена перехода | Ж25-54,женский,25‑34 года,1
2025-03-25,Промостатья: Моя история 1 | Цена перехода | Ж25-54,женский,55 лет и старше,1
2025-03-25,Промостатья: Моя история 1 | Цена перехода | Ж25-54 (копия),Не определено,Не определено,1
2025-03-25,Статья: Цифры и факты / Интересы: открытие бизнеса,женский,35‑44 года,1
2025-03-26,Промостатья: Моя история 1 / Цена перехода / Ж25-54 / интерес_открытие бизнеса,женский,Не определено,1
2025-03-26,Промостатья: Моя история 1 | Цена перехода | Ж25-54,женский,35‑44 года,1
2025-03-26,Промостатья: Моя история 1 | Цена перехода | Ж25-54 (копия),женский,Не определено,1
2025-03-26,Статья: Цифры и факты / Интересы: открытие бизнеса (копия),мужской,Не определено,1
2025-03-26,Статья: Цифры и факты / Интересы: открытие бизнеса (копия),мужской,35‑44 года,1
2025-03-26,Статья: Цифры и факты / Интересы: открытие бизнеса (копия),женский,25‑34 года,1
2025-03-27,Промостатья: Моя история 1 / Цена перехода / Ж25-54 / интерес_франшиза,женский,25‑34 года,1
2025-03-27,Промостатья: Моя история 1 | Цена перехода | Ж25-54,женский,35‑44 года,1
2025-03-27,Статья: Цифры и факты / Интересы: открытие бизнеса (копия),Не определено,25‑34 года,1
2025-03-27,Статья: Цифры и факты / Интересы: открытие бизнеса (копия),женский,Не определено,1
2025-03-27,Статья: Цифры и факты / Интересы: открытие бизнеса (копия),женский,25‑34 года,1
2025-03-28,Промостатья: Моя история 1 / Цена перехода / Ж25-54 / интерес_франшиза,мужской,55 лет и старше,1
2025-03-28,Промостатья: Моя история 1 / Цена перехода / Ж25-54 / интерес_франшиза,женский,25‑34 года,1
2025-03-28,Промостатья: Моя история 1 | Цена перехода | Ж25-54,женский,35‑44 года,1
2025-03-28,Статья: Цифры и факты / Интересы: открытие бизнеса (копия),мужской,55 лет и старше,1
2025-03-30,Промостатья: Моя история 1 / Цена перехода / Ж25-54 / интерес_открытие бизнеса,женский,25‑34 года,1
2025-03-30,Промостатья: Моя история 1 / Цена перехода / Ж25-54 / интерес_франшиза,Не определено,Не определено,1
2025-03-30,Промостатья: Моя история 1 / Цена перехода / Ж25-54 / интерес_франшиза,женский,25‑34 года,1
2025-03-30,Промостатья: Моя история 1 / Цена перехода / Ж25-54 / интерес_франшиза,женский,55 лет и старше,1
2025-03-30,Статья: Цифры и факты / Интересы: открытие бизнеса (копия),женский,45-54 года,1
2025-03-31,Промостатья: Моя история 1 / Цена перехода / Ж25-54 / интерес_франшиза,мужской,35‑44 года,1
2025-03-31,Промостатья: Моя история 1 / Цена перехода / Ж25-54 / интерес_франшиза,женский,25‑34 года,1
2025-04-30,Промостатья: Моя история 1 / Цена перехода / Ж25-54 / интерес_открытие бизнеса,Не определено,Не определено,11
2025-04-30,Промостатья: Моя история 1 / Цена перехода / Ж25-54 / интерес_открытие бизнеса,женский,35‑44 года,11
2025-05-30,Промостатья: Моя история 1 / Цена перехода / Ж25-54 / интерес_открытие бизнеса,Не определено,Не определено,9
2025-04-25,Промостатья: Моя история 1 / Цена перехода / Ж25-54 / интерес_франшиза,женский,35‑44 года,8
2025-05-26,Промостатья: Моя история 1 / Цена перехода / Ж25-54 / интерес_франшиза,женский,35‑44 года,7
2025-05-14,Промостатья: Моя история 1 / Цена перехода / Ж25-54 / интерес_открытие бизнеса,женский,25‑34 года,6
2025-05-28,Промостатья: Моя история 1 / Цена перехода / Ж25-54 / интерес_открытие бизнеса,женский,35‑44 года,6
2025-05-29,Промостатья: Моя история 1 / Цена перехода / Ж25-54 / интерес_открытие бизнеса,женский,35‑44 года,6
2025-05-29,Промостатья: Моя история 1 / Цена перехода / Ж25-54 / интерес_франшиза,мужской,35‑44 года,6
2025-04-25,Промостатья: Моя история 1 / Цена перехода / Ж25-54 / интерес_франшиза,Не определено,Не определено,5
2025-05-22,Промостатья: Моя история 1 / Цена перехода / Ж25-54 / интерес_франшиза,женский,35‑44 года,5
2025-05-27,Промостатья: Моя история 1 / Цена перехода / Ж25-54 / интерес_франшиза,женский,35‑44 года,5
2025-05-30,Промостатья: Моя история 1 / Цена перехода / Ж25-54 / интерес_франшиза,женский,35‑44 года,5
2025-04-09,Статья: Цифры и факты / Интересы: открытие бизнеса (копия),Не определено,Не определено,4
2025-04-30,Промостатья: Моя история 1 / Цена перехода / Ж25-54 / интерес_открытие бизнеса,женский,25‑34 года,4
2025-05-01,Промостатья: Моя история 1 / Цена перехода / Ж25-54 / интерес_открытие бизнеса,женский,35‑44 года,4
2025-05-28,Промостатья: Моя история 1 / Цена перехода / Ж25-54 / интерес_открытие бизнеса,Не определено,Не определено,4
2025-05-29,Промостатья: Моя история 1 / Цена перехода / Ж25-54 / интерес_франшиза,женский,35‑44 года,4
2025-05-30,Промостатья: Моя история 1 / Цена перехода / Ж25-54 / интерес_открытие бизнеса,женский,35‑44 года,4
2025-05-31,Промостатья: Моя история 1 / Цена перехода / Ж25-54 / интерес_открытие бизнеса,Не определено,Не определено,4
2025-06-02,Промостатья: Моя история 1 / Цена перехода / Ж25-54 / интерес_франшиза,Не определено,Не определено,4
2025-04-02,Промостатья: Моя история 1 / Цена перехода / Ж25-54 / интерес_франшиза,женский,35‑44 года,3
2025-04-08,Промостатья: Моя история 1 / Цена перехода / Ж25-54 / интерес_франшиза,женский,35‑44 года,3
2025-04-10,Промостатья: Моя история 1 / Цена перехода / Ж25-54 / интерес_франшиза,женский,35‑44 года,3
2025-04-24,Промостатья: Моя история 1 / Цена перехода / Ж25-54 / интерес_франшиза,женский,25‑34 года,3
2025-04-24,Промостатья: Моя история 1 / Цена перехода / Ж25-54 / интерес_франшиза,женский,35‑44 года,3
2025-04-26,Промостатья: Моя история 1 / Цена перехода / Ж25-54 / интерес_франшиза,Не определено,Не определено,3
2025-05-01,Промостатья: Моя история 1 / Цена перехода / Ж25-54 / интерес_открытие бизнеса,Не определено,Не определено,3
2025-05-26,Промостатья: Моя история 1 / Цена перехода / Ж25-54 / интерес_франшиза,женский,25‑34 года,3
2025-06-02,Промостатья: Моя история 1 / Цена перехода / Ж25-54 / интерес_франшиза,женский,35‑44 года,3
2025-06-12,Статья: Цифры и факты / Интересы: франшиза (копия),Не определено,Не определено,3
2025-04-01,Промостатья: Моя история 1 / Цена перехода / Ж25-54 / интерес_франшиза,Не определено,Не определено,2
2025-04-04,Промостатья: Моя история 1 / Цена перехода / Ж25-54 / интерес_открытие бизнеса,женский,35‑44 года,2
2025-04-09,Промостатья: Моя история 1 / Цена перехода / Ж25-54 / интерес_франшиза,женский,35‑44 года,2
2025-04-10,Промостатья: Моя история 1 / Цена перехода / Ж25-54 / интерес_франшиза,женский,25‑34 года,2
2025-04-11,Промостатья: Моя история 1 / Цена перехода / Ж25-54 / интерес_франшиза,Не определено,Не определено,2
2025-04-11,Промостатья: Моя история 1 / Цена перехода / Ж25-54 / интерес_франшиза,женский,35‑44 года,2
2025-04-24,Промостатья: Моя история 1 / Цена перехода / Ж25-54 / интерес_франшиза,Не определено,Не определено,2
2025-04-25,Промостатья: Моя история 1 / Цена перехода / Ж25-54 / интерес_франшиза,женский,25‑34 года,2
2025-05-01,Промостатья: Моя история 1 / Цена перехода / Ж25-54 / интерес_открытие бизнеса,мужской,55 лет и старше,2
2025-05-05,Промостатья: Моя история 1 / Цена перехода / Ж25-54 / интерес_открытие бизнеса,женский,35‑44 года,2
2025-05-08,Промостатья: Моя история 1 / Цена перехода / Ж25-54 / интерес_франшиза,женский,35‑44 года,2
2025-05-09,Промостатья: Моя история 1 / Цена перехода / Ж25-54 / интерес_открытие бизнеса,женский,35‑44 года,2
2025-05-12,Промостатья: Моя история 1 / Цена перехода / Ж25-54 / интерес_открытие бизнеса,женский,35‑44 года,2
2025-05-15,Промостатья: Моя история 1 / Цена перехода / Ж25-54 / интерес_франшиза,женский,25‑34 года,2
2025-05-15,Статья: Цифры и факты / Интересы: франшиза (копия),мужской,25‑34 года,2
2025-05-16,Промостатья: Моя история 1 / Цена перехода / Ж25-54 / интерес_франшиза,женский,35‑44 года,2
2025-05-16,Статья: Цифры и факты / Интересы: франшиза (копия),мужской,35‑44 года,2
2025-05-19,Промостатья: Моя история 1 / Цена перехода / Ж25-54 / интерес_франшиза,женский,35‑44 года,2
2025-05-20,Промостатья: Моя история 1 / Цена перехода / Ж25-54 / интерес_франшиза,Не определено,Не определено,2
2025-05-22,Промостатья: Моя история 1 / Цена перехода / Ж25-54 / интерес_франшиза,Не определено,Не определено,2
2025-05-24,Промостатья: Моя история 1 / Цена перехода / Ж25-54 / интерес_открытие бизнеса,женский,35‑44 года,2
2025-05-25,Промостатья: Моя история 1 / Цена перехода / Ж25-54 / интерес_открытие бизнеса,женский,35‑44 года,2
2025-05-25,Промостатья: Моя история 1 / Цена перехода / Ж25-54 / интерес_франшиза,женский,35‑44 года,2
2025-05-26,Промостатья: Моя история 1 / Цена перехода / Ж25-54 / интерес_франшиза,Не определено,Не определено,2
2025-05-27,Промостатья: Моя история 1 / Цена перехода / Ж25-54 / интерес_франшиза,женский,25‑34 года,2
2025-05-28,Промостатья: Моя история 1 / Цена перехода / Ж25-54 / интерес_франшиза,женский,25‑34 года,2
2025-05-28,Промостатья: Моя история 1 / Цена перехода / Ж25-54 / интерес_франшиза,женский,35‑44 года,2
2025-05-29,Промостатья: Моя история 1 / Цена перехода / Ж25-54 / интерес_открытие бизнеса,Не определено,Не определено,2
2025-05-31,Промостатья: Моя история 1 / Цена перехода / Ж25-54 / интерес_открытие бизнеса,женский,35‑44 года,2
2025-05-31,Промостатья: Моя история 1 / Цена перехода / Ж25-54 / интерес_открытие бизнеса,женский,55 лет и старше,2
2025-06-01,Промостатья: Моя история 1 / Цена перехода / Ж25-54 / интерес_открытие бизнеса,женский,Не определено,2
2025-06-01,Промостатья: Моя история 1 / Цена перехода / Ж25-54 / интерес_открытие бизнеса,женский,35‑44 года,2
2025-06-01,Промостатья: Моя история 1 / Цена перехода / Ж25-54 / интерес_открытие бизнеса,женский,55 лет и старше,2
2025-06-01,Промостатья: Моя история 1 / Цена перехода / Ж25-54 / интерес_франшиза,женский,35‑44 года,2
2025-06-01,Статья: Цифры и факты / Интересы: франшиза (копия),мужской,45-54 года,2
2025-06-10,Промостатья: Моя история 1 / Цена перехода / Ж25-54 / интерес_франшиза,женский,35‑44 года,2
2025-06-13,Статья: Цифры и факты / Интересы: франшиза (копия),Не определено,Не определено,2
2025-06-14,Статья: Цифры и факты / Интересы: франшиза (копия),Не определено,Не определено,2
2025-06-16,Статья: Цифры и факты / Интересы: франшиза (копия),Не определено,Не определено,2
2025-06-20,Статья: Цифры и факты / Интересы: франшиза (копия),Не определено,Не определено,2
2025-06-21,Промостатья: Моя история 1 / Цена перехода / Ж25-54 / интерес_франшиза,женский,35‑44 года,2
2025-06-21,Статья: Цифры и факты / Интересы: франшиза (копия),мужской,35‑44 года,2
2025-06-23,Промостатья: Моя история 1 / Цена перехода / Ж25-54 / интерес_франшиза,Не определено,Не определено,2
2025-06-23,Статья: Цифры и факты / Интересы: франшиза (копия),Не определено,Не определено,2
2025-06-24,Промостатья: Моя история 1 / Цена перехода / Ж25-54 / интерес_франшиза,Не определено,Не определено,2
2025-04-01,Промостатья: Моя история 1 / Цена перехода / Ж25-54 / интерес_франшиза,мужской,25‑34 года,1
2025-04-01,Промостатья: Моя история 1 / Цена перехода / Ж25-54 / интерес_франшиза,женский,Не определено,1
2025-04-01,Промостатья: Моя история 1 / Цена перехода / Ж25-54 / интерес_франшиза,женский,25‑34 года,1
2025-04-01,Промостатья: Моя история 1 / Цена перехода / Ж25-54 / интерес_франшиза,женский,35‑44 года,1
2025-04-01,Промостатья: Моя история 1 | Цена перехода | Ж25-54,женский,25‑34 года,1
2025-04-02,Промостатья: Моя история 1 / Цена перехода / Ж25-54 / интерес_открытие бизнеса,женский,35‑44 года,1
2025-04-02,Промостатья: Моя история 1 / Цена перехода / Ж25-54 / интерес_франшиза,Не определено,Не определено,1
2025-04-02,Промостатья: Моя история 1 / Цена перехода / Ж25-54 / интерес_франшиза,женский,25‑34 года,1
2025-04-02,Промостатья: Моя история 1 | Цена перехода | Ж25-54,Не определено,35‑44 года,1
2025-04-02,Промостатья: Моя история 1 | Цена перехода | Ж25-54 (копия),Не определено,Не определено,1
2025-04-03,Промостатья: Моя история 1 | Цена перехода | Ж25-54,Не определено,25‑34 года,1
2025-04-03,Промостатья: Моя история 1 | Цена перехода | Ж25-54 (копия),Не определено,Не определено,1
2025-04-04,Промостатья: Моя история 1 | Цена перехода | Ж25-54,Не определено,25‑34 года,1
2025-04-05,Промостатья: Моя история 1 / Цена перехода / Ж25-54 / интерес_открытие бизнеса,Не определено,Не определено,1
2025-04-05,Промостатья: Моя история 1 | Цена перехода | Ж25-54 (копия),Не определено,Не определено,1
2025-04-07,Промостатья: Моя история 1 / Цена перехода / Ж25-54 / интерес_открытие бизнеса,женский,Не определено,1
2025-04-07,Промостатья: Моя история 1 / Цена перехода / Ж25-54 / интерес_франшиза,женский,35‑44 года,1
2025-04-07,Промостатья: Моя история 1 | Цена перехода | Ж25-54,женский,35‑44 года,1
2025-04-07,Промостатья: Моя история 1 | Цена перехода | Ж25-54 (копия),Не определено,Не определено,1
2025-04-07,Промостатья: Моя история 1 | Цена перехода | Ж25-54 (копия),женский,25‑34 года,1
2025-04-08,Промостатья: Моя история 1 / Цена перехода / Ж25-54 / интерес_открытие бизнеса,Не определено,Не определено,1
2025-04-08,Промостатья: Моя история 1 / Цена перехода / Ж25-54 / интерес_франшиза,Не определено,Не определено,1
2025-04-08,Промостатья: Моя история 1 / Цена перехода / Ж25-54 / интерес_франшиза,женский,25‑34 года,1
2025-04-08,Промостатья: Моя история 1 | Цена перехода | Ж25-54,женский,35‑44 года,1
2025-04-09,Промостатья: Моя история 1 / Цена перехода / Ж25-54 / интерес_открытие бизнеса,женский,35‑44 года,1
2025-04-09,Промостатья: Моя история 1 / Цена перехода / Ж25-54 / интерес_франшиза,женский,25‑34 года,1
2025-04-09,Промостатья: Моя история 1 | Цена перехода | Ж25-54,женский,35‑44 года,1
2025-04-10,Промостатья: Моя история 1 / Цена перехода / Ж25-54 / интерес_франшиза,Не определено,Не определено,1
2025-04-10,Промостатья: Моя история 1 / Цена перехода / Ж25-54 / интерес_франшиза,Не определено,35‑44 года,1
2025-04-10,Промостатья: Моя история 1 / Цена перехода / Ж25-54 / интерес_франшиза,мужской,35‑44 года,1
2025-04-10,Промостатья: Моя история 1 | Цена перехода | Ж25-54,женский,35‑44 года,1
2025-04-11,Промостатья: Моя история 1 / Цена перехода / Ж25-54 / интерес_франшиза,женский,25‑34 года,1
2025-04-11,Промостатья: Моя история 1 | Цена перехода | Ж25-54,женский,35‑44 года,1
2025-04-14,Промостатья: Моя история 1 | Цена перехода | Ж25-54,женский,Не определено,1
2025-04-15,Промостатья: Моя история 1 | Цена перехода | Ж25-54,женский,Не определено,1
2025-04-16,Промостатья: Моя история 1 / Цена перехода / Ж25-54 / интерес_франшиза,женский,35‑44 года,1
2025-04-16,Промостатья: Моя история 1 | Цена перехода | Ж25-54,женский,35‑44 года,1
2025-04-17,Промостатья: Моя история 1 / Цена перехода / Ж25-54 / интерес_франшиза,женский,35‑44 года,1
2025-04-18,Промостатья: Моя история 1 / Цена перехода / Ж25-54 / интерес_франшиза,женский,25‑34 года,1
2025-04-18,Промостатья: Моя история 1 | Цена перехода | Ж25-54,женский,35‑44 года,1
2025-04-21,Промостатья: Моя история 1 | Цена перехода | Ж25-54,женский,35‑44 года,1
2025-04-22,Промостатья: Моя история 1 | Цена перехода | Ж25-54,женский,35‑44 года,1
2025-04-22,Промостатья: Моя история 1 | Цена перехода | Ж25-54 (копия),Не определено,Не определено,1
2025-04-23,Промостатья: Моя история 1 / Цена перехода / Ж25-54 / интерес_франшиза,женский,25‑34 года,1
2025-04-23,Промостатья: Моя история 1 / Цена перехода / Ж25-54 / интерес_франшиза,женский,35‑44 года,1
2025-04-23,Промостатья: Моя история 1 | Цена перехода | Ж25-54,женский,35‑44 года,1
2025-04-24,Промостатья: Моя история 1 | Цена перехода | Ж25-54,женский,45-54 года,1
2025-04-25,Промостатья: Моя история 1 / Цена перехода / Ж25-54 / интерес_франшиза,женский,Не определено,1
2025-04-25,Промостатья: Моя история 1 | Цена перехода | Ж25-54,женский,35‑44 года,1
2025-04-26,Промостатья: Моя история 1 / Цена перехода / Ж25-54 / интерес_франшиза,мужской,45-54 года,1
2025-04-26,Промостатья: Моя история 1 / Цена перехода / Ж25-54 / интерес_франшиза,женский,35‑44 года,1
2025-04-27,Промостатья: Моя история 1 / Цена перехода / Ж25-54 / интерес_франшиза,женский,35‑44 года,1
2025-04-28,Промостатья: Моя история 1 / Цена перехода / Ж25-54 / интерес_франшиза,женский,35‑44 года,1
2025-04-28,Промостатья: Моя история 1 | Цена перехода | Ж25-54,женский,35‑44 года,1
2025-04-30,Промостатья: Моя история 1 / Цена перехода / Ж25-54 / интерес_открытие бизнеса,женский,18‑24 года,1
2025-04-30,Промостатья: Моя история 1 / Цена перехода / Ж25-54 / интерес_открытие бизнеса,женский,45-54 года,1
2025-04-30,Промостатья: Моя история 1 / Цена перехода / Ж25-54 / интерес_франшиза,женский,25‑34 года,1
2025-04-30,Промостатья: Моя история 1 / Цена перехода / Ж25-54 / интерес_франшиза,женский,35‑44 года,1
2025-04-30,Промостатья: Моя история 1 | Цена перехода | Ж25-54,женский,35‑44 года,1
2025-05-01,Промостатья: Моя история 1 / Цена перехода / Ж25-54 / интерес_открытие бизнеса,женский,Не определено,1
2025-05-01,Промостатья: Моя история 1 / Цена перехода / Ж25-54 / интерес_франшиза,женский,25‑34 года,1
2025-05-01,Статья: Цифры и факты / Интересы: франшиза (копия),мужской,35‑44 года,1
2025-05-01,Статья: Цифры и факты / Интересы: франшиза (копия),мужской,45-54 года,1
2025-05-02,Промостатья: Моя история 1 / Цена перехода / Ж25-54 / интерес_франшиза,Не определено,Не определено,1
2025-05-05,Промостатья: Моя история 1 / Цена перехода / Ж25-54 / интерес_франшиза,женский,35‑44 года,1
2025-05-05,Промостатья: Моя история 1 | Цена перехода | Ж25-54,женский,35‑44 года,1
2025-05-06,Промостатья: Моя история 1 / Цена перехода / Ж25-54 / интерес_открытие бизнеса,Не определено,Не определено,1
2025-05-06,Промостатья: Моя история 1 | Цена перехода | Ж25-54,женский,35‑44 года,1
2025-05-07,Промостатья: Моя история 1 / Цена перехода / Ж25-54 / интерес_открытие бизнеса,Не определено,Не определено,1
2025-05-07,Промостатья: Моя история 1 / Цена перехода / Ж25-54 / интерес_открытие бизнеса,женский,35‑44 года,1
2025-05-07,Промостатья: Моя история 1 / Цена перехода / Ж25-54 / интерес_франшиза,женский,35‑44 года,1
2025-05-07,Промостатья: Моя история 1 | Цена перехода | Ж25-54,женский,45-54 года,1
2025-05-08,Промостатья: Моя история 1 / Цена перехода / Ж25-54 / интерес_открытие бизнеса,женский,35‑44 года,1
2025-05-09,Статья: Цифры и факты / Интересы: открытие бизнеса (копия),Не определено,Не определено,1
2025-05-10,Промостатья: Моя история 1 / Цена перехода / Ж25-54 / интерес_франшиза,женский,25‑34 года,1
2025-05-10,Промостатья: Моя история 1 / Цена перехода / Ж25-54 / интерес_франшиза,женский,35‑44 года,1
2025-05-11,Промостатья: Моя история 1 / Цена перехода / Ж25-54 / интерес_открытие бизнеса,женский,35‑44 года,1
2025-05-11,Промостатья: Моя история 1 / Цена перехода / Ж25-54 / интерес_франшиза,женский,Не определено,1
2025-05-11,Промостатья: Моя история 1 / Цена перехода / Ж25-54 / интерес_франшиза,женский,35‑44 года,1
2025-05-12,Промостатья: Моя история 1 / Цена перехода / Ж25-54 / интерес_открытие бизнеса,Не определено,Не определено,1
2025-05-12,Промостатья: Моя история 1 / Цена перехода / Ж25-54 / интерес_франшиза,женский,35‑44 года,1
2025-05-12,Промостатья: Моя история 1 | Цена перехода | Ж25-54,женский,45-54 года,1
2025-05-13,Промостатья: Моя история 1 / Цена перехода / Ж25-54 / интерес_открытие бизнеса,женский,35‑44 года,1
2025-05-13,Промостатья: Моя история 1 / Цена перехода / Ж25-54 / интерес_франшиза,Не определено,Не определено,1
2025-05-13,Промостатья: Моя история 1 / Цена перехода / Ж25-54 / интерес_франшиза,женский,35‑44 года,1
2025-05-13,Промостатья: Моя история 1 | Цена перехода | Ж25-54,женский,45-54 года,1
2025-05-14,Промостатья: Моя история 1 / Цена перехода / Ж25-54 / интерес_открытие бизнеса,Не определено,25‑34 года,1
2025-05-14,Промостатья: Моя история 1 / Цена перехода / Ж25-54 / интерес_открытие бизнеса,женский,35‑44 года,1
2025-05-14,Промостатья: Моя история 1 / Цена перехода / Ж25-54 / интерес_франшиза,женский,25‑34 года,1
2025-05-14,Промостатья: Моя история 1 / Цена перехода / Ж25-54 / интерес_франшиза,женский,35‑44 года,1
2025-05-14,Промостатья: Моя история 1 | Цена перехода | Ж25-54,женский,45-54 года,1
2025-05-14,Статья: Цифры и факты / Интересы: франшиза (копия),мужской,45-54 года,1
2025-05-15,Промостатья: Моя история 1 / Цена перехода / Ж25-54 / интерес_открытие бизнеса,женский,45-54 года,1
2025-05-15,Промостатья: Моя история 1 / Цена перехода / Ж25-54 / интерес_франшиза,женский,35‑44 года,1
2025-05-15,Промостатья: Моя история 1 | Цена перехода | Ж25-54,женский,45-54 года,1
2025-05-15,Статья: Цифры и факты / Интересы: франшиза (копия),Не определено,Не определено,1
2025-05-15,Статья: Цифры и факты / Интересы: франшиза (копия),мужской,18‑24 года,1
2025-05-15,Статья: Цифры и факты / Интересы: франшиза (копия),мужской,45-54 года,1
2025-05-16,Промостатья: Моя история 1 / Цена перехода / Ж25-54 / интерес_франшиза,Не определено,Не определено,1
2025-05-16,Промостатья: Моя история 1 / Цена перехода / Ж25-54 / интерес_франшиза,женский,Не определено,1
2025-05-16,Промостатья: Моя история 1 | Цена перехода | Ж25-54,женский,35‑44 года,1
2025-05-17,Промостатья: Моя история 1 / Цена перехода / Ж25-54 / интерес_франшиза,женский,35‑44 года,1
2025-05-18,Промостатья: Моя история 1 / Цена перехода / Ж25-54 / интерес_франшиза,женский,35‑44 года,1
2025-05-18,Статья: Цифры и факты / Интересы: франшиза (копия),мужской,35‑44 года,1
2025-05-19,Промостатья: Моя история 1 / Цена перехода / Ж25-54 / интерес_франшиза,Не определено,Не определено,1
2025-05-19,Промостатья: Моя история 1 / Цена перехода / Ж25-54 / интерес_франшиза,женский,25‑34 года,1
2025-05-19,Промостатья: Моя история 1 | Цена перехода | Ж25-54,женский,35‑44 года,1
2025-05-19,Промостатья: Моя история 1 | Цена перехода | Ж25-54,женский,45-54 года,1
2025-05-20,Промостатья: Моя история 1 | Цена перехода | Ж25-54,женский,45-54 года,1
2025-05-20,Статья: Цифры и факты / Интересы: франшиза (копия),мужской,35‑44 года,1
2025-05-20,Статья: Цифры и факты / Интересы: франшиза (копия),мужской,45-54 года,1
2025-05-20,Статья: Цифры и факты / Интересы: франшиза (копия),женский,45-54 года,1
2025-05-21,Промостатья: Моя история 1 / Цена перехода / Ж25-54 / интерес_франшиза,женский,25‑34 года,1
2025-05-21,Промостатья: Моя история 1 | Цена перехода | Ж25-54,женский,45-54 года,1
2025-05-22,Промостатья: Моя история 1 / Цена перехода / Ж25-54 / интерес_франшиза,женский,45-54 года,1
2025-05-22,Промостатья: Моя история 1 | Цена перехода | Ж25-54,женский,35‑44 года,1
2025-05-23,Промостатья: Моя история 1 / Цена перехода / Ж25-54 / интерес_открытие бизнеса,женский,35‑44 года,1
2025-05-23,Промостатья: Моя история 1 / Цена перехода / Ж25-54 / интерес_открытие бизнеса,женский,45-54 года,1
2025-05-23,Промостатья: Моя история 1 / Цена перехода / Ж25-54 / интерес_франшиза,Не определено,Не определено,1
2025-05-23,Промостатья: Моя история 1 | Цена перехода | Ж25-54,женский,35‑44 года,1
2025-05-23,Статья: Цифры и факты / Интересы: франшиза (копия),мужской,25‑34 года,1
2025-05-23,Статья: Цифры и факты / Интересы: франшиза (копия),мужской,35‑44 года,1
2025-05-24,Промостатья: Моя история 1 / Цена перехода / Ж25-54 / интерес_открытие бизнеса,мужской,55 лет и старше,1
2025-05-24,Промостатья: Моя история 1 / Цена перехода / Ж25-54 / интерес_открытие бизнеса,женский,25‑34 года,1
2025-05-24,Промостатья: Моя история 1 / Цена перехода / Ж25-54 / интерес_франшиза,женский,25‑34 года,1
2025-05-24,Статья: Цифры и факты / Интересы: франшиза (копия),мужской,25‑34 года,1
2025-05-25,Промостатья: Моя история 1 / Цена перехода / Ж25-54 / интерес_открытие бизнеса,Не определено,Не определено,1
2025-05-25,Промостатья: Моя история 1 / Цена перехода / Ж25-54 / интерес_открытие бизнеса,женский,25‑34 года,1
2025-05-26,Промостатья: Моя история 1 / Цена перехода / Ж25-54 / интерес_открытие бизнеса,женский,35‑44 года,1
2025-05-26,Промостатья: Моя история 1 / Цена перехода / Ж25-54 / интерес_франшиза,женский,Не определено,1
2025-05-26,Промостатья: Моя история 1 | Цена перехода | Ж25-54,женский,45-54 года,1
2025-05-27,Промостатья: Моя история 1 / Цена перехода / Ж25-54 / интерес_франшиза,Не определено,Не определено,1
2025-05-27,Промостатья: Моя история 1 | Цена перехода | Ж25-54,женский,45-54 года,1
2025-05-28,Промостатья: Моя история 1 / Цена перехода / Ж25-54 / интерес_открытие бизнеса,мужской,55 лет и старше,1
2025-05-28,Промостатья: Моя история 1 / Цена перехода / Ж25-54 / интерес_открытие бизнеса,женский,25‑34 года,1
2025-05-28,Промостатья: Моя история 1 / Цена перехода / Ж25-54 / интерес_франшиза,Не определено,Не определено,1
2025-05-28,Промостатья: Моя история 1 / Цена перехода / Ж25-54 / интерес_франшиза,Не определено,35‑44 года,1
2025-05-28,Промостатья: Моя история 1 | Цена перехода | Ж25-54,женский,35‑44 года,1
2025-05-29,Промостатья: Моя история 1 / Цена перехода / Ж25-54 / интерес_открытие бизнеса,Не определено,25‑34 года,1
2025-05-29,Промостатья: Моя история 1 / Цена перехода / Ж25-54 / интерес_открытие бизнеса,женский,25‑34 года,1
2025-05-29,Промостатья: Моя история 1 / Цена перехода / Ж25-54 / интерес_открытие бизнеса,женский,55 лет и старше,1
2025-05-29,Промостатья: Моя история 1 / Цена перехода / Ж25-54 / интерес_франшиза,женский,25‑34 года,1
2025-05-29,Промостатья: Моя история 1 | Цена перехода | Ж25-54,женский,35‑44 года,1
2025-05-30,Промостатья: Моя история 1 / Цена перехода / Ж25-54 / интерес_открытие бизнеса,Не определено,35‑44 года,1
2025-05-30,Промостатья: Моя история 1 / Цена перехода / Ж25-54 / интерес_открытие бизнеса,женский,18‑24 года,1
2025-05-30,Промостатья: Моя история 1 / Цена перехода / Ж25-54 / интерес_открытие бизнеса,женский,25‑34 года,1
2025-05-30,Промостатья: Моя история 1 / Цена перехода / Ж25-54 / интерес_открытие бизнеса,женский,45-54 года,1
2025-05-30,Промостатья: Моя история 1 / Цена перехода / Ж25-54 / интерес_открытие бизнеса,женский,55 лет и старше,1
2025-05-30,Промостатья: Моя история 1 / Цена перехода / Ж25-54 / интерес_франшиза,мужской,35‑44 года,1
2025-05-30,Промостатья: Моя история 1 / Цена перехода / Ж25-54 / интерес_франшиза,женский,25‑34 года,1
2025-05-30,Промостатья: Моя история 1 | Цена перехода | Ж25-54,женский,25‑34 года,1
2025-05-31,Промостатья: Моя история 1 / Цена перехода / Ж25-54 / интерес_открытие бизнеса,мужской,35‑44 года,1
2025-05-31,Промостатья: Моя история 1 / Цена перехода / Ж25-54 / интерес_открытие бизнеса,женский,Не определено,1
2025-05-31,Промостатья: Моя история 1 / Цена перехода / Ж25-54 / интерес_открытие бизнеса,женский,25‑34 года,1
2025-05-31,Промостатья: Моя история 1 / Цена перехода / Ж25-54 / интерес_открытие бизнеса,женский,45-54 года,1
2025-05-31,Промостатья: Моя история 1 / Цена перехода / Ж25-54 / интерес_франшиза,Не определено,Не определено,1
2025-05-31,Промостатья: Моя история 1 / Цена перехода / Ж25-54 / интерес_франшиза,мужской,35‑44 года,1
2025-05-31,Промостатья: Моя история 1 / Цена перехода / Ж25-54 / интерес_франшиза,мужской,45-54 года,1
2025-05-31,Промостатья: Моя история 1 / Цена перехода / Ж25-54 / интерес_франшиза,женский,Не определено,1
2025-05-31,Промостатья: Моя история 1 / Цена перехода / Ж25-54 / интерес_франшиза,женский,25‑34 года,1
2025-05-31,Промостатья: Моя история 1 / Цена перехода / Ж25-54 / интерес_франшиза,женский,35‑44 года,1
2025-05-31,Статья: Цифры и факты / Интересы: франшиза (копия),женский,Не определено,1
2025-06-01,Промостатья: Моя история 1 / Цена перехода / Ж25-54 / интерес_открытие бизнеса,Не определено,Не определено,1
2025-06-01,Промостатья: Моя история 1 / Цена перехода / Ж25-54 / интерес_франшиза,Не определено,Не определено,1
2025-06-01,Промостатья: Моя история 1 / Цена перехода / Ж25-54 / интерес_франшиза,Не определено,25‑34 года,1
2025-06-01,Статья: Цифры и факты / Интересы: франшиза (копия),Не определено,Не определено,1
2025-06-01,Статья: Цифры и факты / Интересы: франшиза (копия),мужской,35‑44 года,1
2025-06-02,Промостатья: Моя история 1 / Цена перехода / Ж25-54 / интерес_открытие бизнеса,Не определено,Не определено,1
2025-06-02,Промостатья: Моя история 1 / Цена перехода / Ж25-54 / интерес_открытие бизнеса,женский,45-54 года,1
2025-06-02,Промостатья: Моя история 1 / Цена перехода / Ж25-54 / интерес_франшиза,Не определено,35‑44 года,1
2025-06-02,Промостатья: Моя история 1 / Цена перехода / Ж25-54 / интерес_франшиза,мужской,35‑44 года,1
2025-06-02,Промостатья: Моя история 1 / Цена перехода / Ж25-54 / интерес_франшиза,женский,Не определено,1
2025-06-02,Промостатья: Моя история 1 | Цена перехода | Ж25-54,женский,35‑44 года,1
2025-06-03,Промостатья: Моя история 1 | Цена перехода | Ж25-54,женский,35‑44 года,1
2025-06-04,Промостатья: Моя история 1 | Цена перехода | Ж25-54,женский,35‑44 года,1
2025-06-04,Статья: Цифры и факты / Интересы: франшиза (копия),мужской,18‑24 года,1
2025-06-04,Статья: Цифры и факты / Интересы: франшиза (копия),мужской,35‑44 года,1
2025-06-05,Статья: Цифры и факты / Интересы: франшиза (копия),мужской,25‑34 года,1
2025-06-05,Статья: Цифры и факты / Интересы: франшиза (копия),мужской,45-54 года,1
2025-06-06,Промостатья: Моя история 1 / Цена перехода / Ж25-54 / интерес_открытие бизнеса,женский,25‑34 года,1
2025-06-06,Промостатья: Моя история 1 / Цена перехода / Ж25-54 / интерес_открытие бизнеса,женский,35‑44 года,1
2025-06-06,Промостатья: Моя история 1 | Цена перехода | Ж25-54,женский,25‑34 года,1
2025-06-06,Статья: Цифры и факты / Интересы: франшиза (копия),Не определено,25‑34 года,1
2025-06-06,Статья: Цифры и факты / Интересы: франшиза (копия),мужской,25‑34 года,1
2025-06-06,Статья: Цифры и факты / Интересы: франшиза (копия),мужской,35‑44 года,1
2025-06-07,Промостатья: Моя история 1 | Цена перехода | Ж25-54,мужской,45-54 года,1
2025-06-07,Статья: Цифры и факты / Интересы: франшиза (копия),мужской,35‑44 года,1
2025-06-07,Статья: Цифры и факты / Интересы: франшиза (копия),мужской,45-54 года,1
2025-06-08,Статья: Цифры и факты / Интересы: франшиза (копия),мужской,35‑44 года,1
2025-06-08,Статья: Цифры и факты / Интересы: франшиза (копия),женский,Не определено,1
2025-06-09,Промостатья: Моя история 1 | Цена перехода | Ж25-54,женский,25‑34 года,1
2025-06-09,Статья: Цифры и факты / Интересы: франшиза (копия),женский,45-54 года,1
2025-06-10,Промостатья: Моя история 1 / Цена перехода / Ж25-54 / интерес_открытие бизнеса,Не определено,Не определено,1
2025-06-10,Промостатья: Моя история 1 / Цена перехода / Ж25-54 / интерес_открытие бизнеса,женский,25‑34 года,1
2025-06-10,Промостатья: Моя история 1 | Цена перехода | Ж25-54,женский,25‑34 года,1
2025-06-10,Статья: Цифры и факты / Интересы: франшиза (копия),Не определено,Не определено,1
2025-06-10,Статья: Цифры и факты / Интересы: франшиза (копия),Не определено,25‑34 года,1
2025-06-10,Статья: Цифры и факты / Интересы: франшиза (копия),женский,35‑44 года,1
2025-06-11,Промостатья: Моя история 1 / Цена перехода / Ж25-54 / интерес_открытие бизнеса,женский,45-54 года,1
2025-06-11,Промостатья: Моя история 1 / Цена перехода / Ж25-54 / интерес_франшиза,женский,25‑34 года,1
2025-06-11,Промостатья: Моя история 1 / Цена перехода / Ж25-54 / интерес_франшиза,женский,35‑44 года,1
2025-06-11,Промостатья: Моя история 1 | Цена перехода | Ж25-54,женский,35‑44 года,1
2025-06-11,Статья: Цифры и факты / Интересы: франшиза (копия),Не определено,Не определено,1
2025-06-12,Промостатья: Моя история 1 / Цена перехода / Ж25-54 / интерес_франшиза,женский,Не определено,1
2025-06-12,Промостатья: Моя история 1 / Цена перехода / Ж25-54 / интерес_франшиза,женский,25‑34 года,1
2025-06-12,Статья: Цифры и факты / Интересы: франшиза (копия),мужской,25‑34 года,1
2025-06-14,Статья: Цифры и факты / Интересы: франшиза (копия),мужской,35‑44 года,1
2025-06-15,Промостатья: Моя история 1 / Цена перехода / Ж25-54 / интерес_франшиза,женский,25‑34 года,1
2025-06-15,Статья: Цифры и факты / Интересы: франшиза (копия),Не определено,Не определено,1
2025-06-15,Статья: Цифры и факты / Интересы: франшиза (копия),мужской,35‑44 года,1
2025-06-16,Промостатья: Моя история 1 / Цена перехода / Ж25-54 / интерес_франшиза,Не определено,Не определено,1
2025-06-17,Промостатья: Моя история 1 / Цена перехода / Ж25-54 / интерес_открытие бизнеса,женский,25‑34 года,1
2025-06-17,Промостатья: Моя история 1 / Цена перехода / Ж25-54 / интерес_открытие бизнеса,женский,35‑44 года,1
2025-06-17,Промостатья: Моя история 1 / Цена перехода / Ж25-54 / интерес_открытие бизнеса,женский,55 лет и старше,1
2025-06-18,Промостатья: Моя история 1 / Цена перехода / Ж25-54 / интерес_открытие бизнеса,Не определено,Не определено,1
2025-06-18,Промостатья: Моя история 1 / Цена перехода / Ж25-54 / интерес_франшиза,женский,25‑34 года,1
2025-06-18,Статья: Цифры и факты / Интересы: франшиза (копия),мужской,45-54 года,1
2025-06-19,Статья: Цифры и факты / Интересы: франшиза (копия),женский,55 лет и старше,1
2025-06-20,Промостатья: Моя история 1 / Цена перехода / Ж25-54 / интерес_открытие бизнеса,женский,25‑34 года,1
2025-06-20,Промостатья: Моя история 1 / Цена перехода / Ж25-54 / интерес_франшиза,Не определено,Не определено,1
2025-06-20,Промостатья: Моя история 1 / Цена перехода / Ж25-54 / интерес_франшиза,женский,35‑44 года,1
2025-06-20,Статья: Цифры и факты / Интересы: франшиза (копия),мужской,25‑34 года,1
2025-06-21,Промостатья: Моя история 1 / Цена перехода / Ж25-54 / интерес_открытие бизнеса,мужской,Не определено,1
2025-06-21,Промостатья: Моя история 1 / Цена перехода / Ж25-54 / интерес_франшиза,женский,25‑34 года,1
2025-06-21,Статья: Цифры и факты / Интересы: франшиза (копия),мужской,Не определено,1
2025-06-22,Промостатья: Моя история 1 / Цена перехода / Ж25-54 / интерес_открытие бизнеса,женский,35‑44 года,1
2025-06-22,Статья: Цифры и факты / Интересы: франшиза (копия),мужской,Не определено,1
2025-06-22,Статья: Цифры и факты / Интересы: франшиза (копия),мужской,35‑44 года,1
2025-06-23,Промостатья: Моя история 1 / Цена перехода / Ж25-54 / интерес_франшиза,женский,25‑34 года,1
2025-06-23,Промостатья: Моя история 1 / Цена перехода / Ж25-54 / интерес_франшиза,женский,35‑44 года,1
2025-06-24,Статья: Цифры и факты / Интересы: франшиза (копия),мужской,Не определено,1
2025-06-24,Статья: Цифры и факты / Интересы: франшиза (копия),мужской,35‑44 года,1
2025-06-25,Промостатья: Моя история 1 / Цена перехода / Ж25-54 / интерес_франшиза,Не определено,Не определено,1
2025-06-25,Промостатья: Моя история 1 / Цена перехода / Ж25-54 / интерес_франшиза,женский,35‑44 года,1
2025-06-25,Промостатья: Моя история 1 | Цена перехода | Ж25-54,женский,35‑44 года,1
2025-06-25,Статья: Цифры и факты / Интересы: франшиза (копия),Не определено,Не определено,1
2025-06-25,Статья: Цифры и факты / Интересы: франшиза (копия),женский,35‑44 года,1
2025-06-26,Промостатья: Моя история 1 / Цена перехода / Ж25-54 / интерес_франшиза,Не определено,Не определено,1
2025-06-26,Промостатья: Моя история 1 | Цена перехода | Ж25-54,женский,35‑44 года,1
2025-06-27,Промостатья: Моя история 1 / Цена перехода / Ж25-54 / интерес_франшиза,женский,25‑34 года,1
2025-06-27,Промостатья: Моя история 1 | Цена перехода | Ж25-54,женский,25‑34 года,1
2025-06-28,Промостатья: Моя история 1 / Цена перехода / Ж25-54 / интерес_открытие бизнеса,Не определено,Не определено,1
2025-06-28,Промостатья: Моя история 1 / Цена перехода / Ж25-54 / интерес_франшиза,женский,35‑44 года,1
2025-06-28,Статья: Цифры и факты / Интересы: франшиза (копия),мужской,35‑44 года,1
2025-06-28,Статья: Цифры и факты / Интересы: франшиза (копия),женский,55 лет и старше,1
2025-06-29,Промостатья: Моя история 1 / Цена перехода / Ж25-54 / интерес_франшиза,женский,35‑44 года,1
2025-06-30,Промостатья: Моя история 1 / Цена перехода / Ж25-54 / интерес_открытие бизнеса,мужской,35‑44 года,1
2025-06-30,Промостатья: Моя история 1 / Цена перехода / Ж25-54 / интерес_открытие бизнеса,женский,25‑34 года,1
2025-06-30,Промостатья: Моя история 1 / Цена перехода / Ж25-54 / интерес_открытие бизнеса,женский,45-54 года,1
2025-06-30,Промостатья: Моя история 1 / Цена перехода / Ж25-54 / интерес_франшиза,Не определено,Не определено,1
2025-06-30,Промостатья: Моя история 1 | Цена перехода | Ж25-54,женский,25‑34 года,1
2025-07-10,Промостатья: Моя история 1 / Цена перехода / Ж25-54 / интерес_франшиза,женский,35‑44 года,10
2025-07-11,Промостатья: Моя история 1 / Цена перехода / Ж25-54 / интерес_франшиза,женский,25‑34 года,9
2025-07-25,Промостатья: Моя история 1 / Цена перехода / Ж25-54 / интерес_франшиза / 2507,женский,45-54 года,9
2025-07-11,Промостатья: Моя история 1 / Цена перехода / Ж25-54 / интерес_франшиза,Не определено,Не определено,7
2025-07-11,Промостатья: Моя история 1 / Цена перехода / Ж25-54 / интерес_франшиза,женский,35‑44 года,6
2025-07-26,Промостатья: Моя история 1 / Цена перехода / Ж25-54 / интерес_франшиза / 2507,женский,45-54 года,6
2025-08-21,Промостатья: Моя история 1 / Цена перехода / Ж25-54 / интерес_открытие бизнеса /2507-1 ,женский,45-54 года,6
2025-07-31,Промостатья: Моя история 1 / Цена перехода / Ж25-54 / интерес_франшиза / 2507,женский,45-54 года,5
2025-07-30,Промостатья: Моя история 1 / Цена перехода / Ж25-54 / интерес_франшиза / 2507,женский,45-54 года,4
2025-08-27,Промостатья: Моя история 1 / Цена перехода / Ж25-54 / интерес_открытие бизнеса /2507-1 ,женский,45-54 года,4
2025-07-05,Промостатья: Моя история 1 / Цена перехода / Ж25-54 / интерес_открытие бизнеса,Не определено,Не определено,3
2025-07-10,Промостатья: Моя история 1 / Цена перехода / Ж25-54 / интерес_франшиза,Не определено,Не определено,3
2025-07-10,Промостатья: Моя история 1 / Цена перехода / Ж25-54 / интерес_франшиза,женский,25‑34 года,3
2025-07-25,Промостатья: Моя история 1 / Цена перехода / Ж25-54 / интерес_франшиза / 2507,женский,25‑34 года,3
2025-07-31,Промостатья: Моя история 1 / Цена перехода / Ж25-54 / интерес_франшиза,Не определено,Не определено,3
2025-08-20,Промостатья: Моя история 1 / Цена перехода / Ж25-54 / интерес_открытие бизнеса /2507-1 ,женский,45-54 года,3
2025-08-24,Промостатья: Моя история 1 / Цена перехода / Ж25-54 / интерес_открытие бизнеса /2507-1 ,женский,35‑44 года,3
2025-08-27,Промостатья: Моя история 1 / Цена перехода / Ж25-54 / интерес_открытие бизнеса,женский,45-54 года,3
2025-09-02,Промостатья: Моя история 1 / Цена перехода / Ж25-54 / интерес_франшиза,Не определено,Не определено,3
2025-09-04,Промостатья: Моя история 1 / Цена перехода / Ж25-54 / интерес_открытие бизнеса /2507-1 ,женский,35‑44 года,3
2025-09-04,Промостатья: Моя история 1 / Цена перехода / Ж25-54 / интерес_открытие бизнеса /2507-1 ,женский,45-54 года,3
2025-09-16,Промостатья: Моя история 1 / Цена перехода / Ж25-54 / интерес_франшиза,Не определено,Не определено,3
2025-07-07,Промостатья: Моя история 1 / Цена перехода / Ж25-54 / интерес_франшиза,женский,35‑44 года,2
2025-07-09,Промостатья: Моя история 1 / Цена перехода / Ж25-54 / интерес_франшиза,Не определено,Не определено,2
2025-07-10,Промостатья: Моя история 1 | Цена перехода | Ж25-54,женский,35‑44 года,2
2025-07-12,Промостатья: Моя история 1 / Цена перехода / Ж25-54 / интерес_франшиза,женский,35‑44 года,2
2025-07-14,Промостатья: Моя история 1 / Цена перехода / Ж25-54 / интерес_франшиза,Не определено,Не определено,2
2025-07-16,Промостатья: Моя история 1 / Цена перехода / Ж25-54 / интерес_франшиза,Не определено,Не определено,2
2025-07-25,Промостатья: Моя история 1 / Цена перехода / Ж25-54 / интерес_франшиза / 2507,Не определено,Не определено,2
2025-07-26,Промостатья: Моя история 1 / Цена перехода / Ж25-54 / интерес_франшиза / 2507,Не определено,Не определено,2
2025-07-26,Промостатья: Моя история 1 / Цена перехода / Ж25-54 / интерес_франшиза / 2507,женский,25‑34 года,2
2025-07-27,Промостатья: Моя история 1 / Цена перехода / Ж25-54 / интерес_франшиза / 2507,женский,35‑44 года,2
2025-07-27,Промостатья: Моя история 1 / Цена перехода / Ж25-54 / интерес_франшиза / 2507,женский,45-54 года,2
2025-07-31,Промостатья: Моя история 1 / Цена перехода / Ж25-54 / интерес_франшиза / 2507,женский,35‑44 года,2
2025-08-08,Промостатья: Моя история 1 / Цена перехода / Ж25-54 / интерес_франшиза,Не определено,Не определено,2
2025-08-14,Промостатья: Моя история 1 / Цена перехода / Ж25-54 / интерес_франшиза,Не определено,Не определено,2
2025-08-22,Промостатья: Моя история 1 / Цена перехода / Ж25-54 / интерес_открытие бизнеса /2507-1 ,женский,35‑44 года,2
2025-08-22,Промостатья: Моя история 1 / Цена перехода / Ж25-54 / интерес_открытие бизнеса /2507-1 ,женский,45-54 года,2
2025-08-25,Промостатья: Моя история 1 / Цена перехода / Ж25-54 / интерес_открытие бизнеса /2507-1 ,женский,35‑44 года,2
2025-08-26,Промостатья: Моя история 1 / Цена перехода / Ж25-54 / интерес_открытие бизнеса /2507-1 ,женский,45-54 года,2
2025-08-27,Промостатья: Моя история 1 / Цена перехода / Ж25-54 / интерес_открытие бизнеса,Не определено,Не определено,2
2025-08-27,Промостатья: Моя история 1 / Цена перехода / Ж25-54 / интерес_открытие бизнеса,женский,35‑44 года,2
2025-08-27,Промостатья: Моя история 1 / Цена перехода / Ж25-54 / интерес_открытие бизнеса /2507-1 ,женский,35‑44 года,2
2025-08-28,Промостатья: Моя история 1 / Цена перехода / Ж25-54 / интерес_открытие бизнеса,женский,45-54 года,2
2025-08-28,Промостатья: Моя история 1 / Цена перехода / Ж25-54 / интерес_открытие бизнеса /2507-1 ,женский,35‑44 года,2
2025-08-28,Промостатья: Моя история 1 / Цена перехода / Ж25-54 / интерес_открытие бизнеса /2507-1 ,женский,45-54 года,2
2025-08-28,Промостатья: Моя история 1 / Цена перехода / Ж25-54 / интерес_франшиза,Не определено,Не определено,2
2025-09-02,Промостатья: Моя история 1 / Цена перехода / Ж25-54 / интерес_франшиза / 2507,Не определено,Не определено,2
2025-09-03,Промостатья: Моя история 1 / Цена перехода / Ж25-54 / интерес_франшиза,Не определено,Не определено,2
2025-09-03,Промостатья: Моя история 1 / Цена перехода / Ж25-54 / интерес_франшиза / 2507,женский,45-54 года,2
2025-09-04,Промостатья: Моя история 1 / Цена перехода / Ж25-54 / интерес_открытие бизнеса /2507-1 ,женский,25‑34 года,2
2025-09-04,Промостатья: Моя история 1 / Цена перехода / Ж25-54 / интерес_франшиза / 2507,женский,35‑44 года,2
2025-09-04,Промостатья: Моя история 1 / Цена перехода / Ж25-54 / интерес_франшиза / 2507,женский,45-54 года,2
2025-09-08,Промостатья: Моя история 1 / Цена перехода / Ж25-54 / интерес_франшиза,Не определено,Не определено,2
2025-09-13,Промостатья: Моя история 1 / Цена перехода / Ж25-54 / интерес_открытие бизнеса /2507-1 ,женский,45-54 года,2
2025-09-26,Промостатья: Моя история 1 / Цена перехода / Ж25-54 / интерес_франшиза,Не определено,Не определено,2
2025-07-01,Промостатья: Моя история 1 / Цена перехода / Ж25-54 / интерес_франшиза,Не определено,Не определено,1
2025-07-01,Промостатья: Моя история 1 / Цена перехода / Ж25-54 / интерес_франшиза,женский,18‑24 года,1
2025-07-01,Промостатья: Моя история 1 | Цена перехода | Ж25-54,женский,25‑34 года,1
2025-07-02,Промостатья: Моя история 1 / Цена перехода / Ж25-54 / интерес_франшиза,Не определено,Не определено,1
2025-07-02,Промостатья: Моя история 1 / Цена перехода / Ж25-54 / интерес_франшиза,женский,35‑44 года,1
2025-07-02,Промостатья: Моя история 1 | Цена перехода | Ж25-54,женский,45-54 года,1
2025-07-02,Статья: Цифры и факты / Интересы: франшиза (копия),мужской,35‑44 года,1
2025-07-03,Промостатья: Моя история 1 / Цена перехода / Ж25-54 / интерес_франшиза,Не определено,Не определено,1
2025-07-03,Промостатья: Моя история 1 / Цена перехода / Ж25-54 / интерес_франшиза,женский,25‑34 года,1
2025-07-03,Промостатья: Моя история 1 | Цена перехода | Ж25-54,женский,35‑44 года,1
2025-07-04,Промостатья: Моя история 1 / Цена перехода / Ж25-54 / интерес_открытие бизнеса,женский,25‑34 года,1
2025-07-04,Промостатья: Моя история 1 / Цена перехода / Ж25-54 / интерес_открытие бизнеса,женский,35‑44 года,1
2025-07-04,Промостатья: Моя история 1 | Цена перехода | Ж25-54,женский,35‑44 года,1
2025-07-05,Промостатья: Моя история 1 / Цена перехода / Ж25-54 / интерес_открытие бизнеса,женский,35‑44 года,1
2025-07-06,Промостатья: Моя история 1 / Цена перехода / Ж25-54 / интерес_франшиза,мужской,25‑34 года,1
2025-07-06,Промостатья: Моя история 1 / Цена перехода / Ж25-54 / интерес_франшиза,женский,25‑34 года,1
2025-07-06,Статья: Цифры и факты / Интересы: франшиза (копия),Не определено,Не определено,1
2025-07-07,Промостатья: Моя история 1 / Цена перехода / Ж25-54 / интерес_открытие бизнеса,женский,35‑44 года,1
2025-07-07,Промостатья: Моя история 1 | Цена перехода | Ж25-54,женский,45-54 года,1
2025-07-07,Статья: Цифры и факты / Интересы: франшиза (копия),Не определено,Не определено,1
2025-07-08,Промостатья: Моя история 1 / Цена перехода / Ж25-54 / интерес_открытие бизнеса,женский,35‑44 года,1
2025-07-08,Промостатья: Моя история 1 | Цена перехода | Ж25-54,женский,45-54 года,1
2025-07-09,Промостатья: Моя история 1 / Цена перехода / Ж25-54 / интерес_франшиза,женский,25‑34 года,1
2025-07-09,Промостатья: Моя история 1 / Цена перехода / Ж25-54 / интерес_франшиза,женский,35‑44 года,1
2025-07-09,Промостатья: Моя история 1 | Цена перехода | Ж25-54,женский,35‑44 года,1
2025-07-10,Промостатья: Моя история 1 / Цена перехода / Ж25-54 / интерес_франшиза,женский,младше 18 лет,1
2025-07-10,Статья: Цифры и факты / Интересы: франшиза (копия),мужской,25‑34 года,1
2025-07-10,Статья: Цифры и факты / Интересы: франшиза (копия),мужской,35‑44 года,1
2025-07-11,Промостатья: Моя история 1 / Цена перехода / Ж25-54 / интерес_франшиза,Не определено,35‑44 года,1
2025-07-11,Промостатья: Моя история 1 | Цена перехода | Ж25-54,женский,35‑44 года,1
2025-07-11,Статья: Цифры и факты / Интересы: франшиза (копия),мужской,25‑34 года,1
2025-07-12,Промостатья: Моя история 1 / Цена перехода / Ж25-54 / интерес_франшиза,Не определено,18‑24 года,1
2025-07-14,Промостатья: Моя история 1 | Цена перехода | Ж25-54,женский,35‑44 года,1
2025-07-15,Промостатья: Моя история 1 / Цена перехода / Ж25-54 / интерес_франшиза,Не определено,Не определено,1
2025-07-15,Промостатья: Моя история 1 | Цена перехода | Ж25-54,женский,35‑44 года,1
2025-07-16,Промостатья: Моя история 1 | Цена перехода | Ж25-54,женский,35‑44 года,1
2025-07-17,Промостатья: Моя история 1 / Цена перехода / Ж25-54 / интерес_франшиза,Не определено,Не определено,1
2025-07-17,Промостатья: Моя история 1 | Цена перехода | Ж25-54,женский,45-54 года,1
2025-07-18,Промостатья: Моя история 1 / Цена перехода / Ж25-54 / интерес_франшиза,Не определено,Не определено,1
2025-07-18,Промостатья: Моя история 1 | Цена перехода | Ж25-54,женский,45-54 года,1
2025-07-20,Промостатья: Моя история 1 / Цена перехода / Ж25-54 / интерес_франшиза,Не определено,Не определено,1
2025-07-21,Промостатья: Моя история 1 / Цена перехода / Ж25-54 / интерес_франшиза,Не определено,Не определено,1
2025-07-21,Промостатья: Моя история 1 | Цена перехода | Ж25-54,женский,25‑34 года,1
2025-07-22,Промостатья: Моя история 1 / Цена перехода / Ж25-54 / интерес_франшиза,Не определено,Не определено,1
2025-07-22,Промостатья: Моя история 1 / Цена перехода / Ж25-54 / интерес_франшиза / 2507,женский,Не определено,1
2025-07-22,Промостатья: Моя история 1 / Цена перехода / Ж25-54 / интерес_франшиза / 2507,женский,35‑44 года,1
2025-07-22,Промостатья: Моя история 1 / Цена перехода / Ж25-54 / интерес_франшиза / 2507,женский,45-54 года,1
2025-07-23,Промостатья: Моя история 1 / Цена перехода / Ж25-54 / интерес_франшиза,Не определено,Не определено,1
2025-07-23,Промостатья: Моя история 1 / Цена перехода / Ж25-54 / интерес_франшиза / 2507,женский,45-54 года,1
2025-07-23,Промостатья: Моя история 1 | Цена перехода | Ж25-54,женский,35‑44 года,1
2025-07-24,Промостатья: Моя история 1 / Цена перехода / Ж25-54 / интерес_франшиза,Не определено,Не определено,1
2025-07-24,Промостатья: Моя история 1 / Цена перехода / Ж25-54 / интерес_франшиза / 2507,женский,25‑34 года,1
2025-07-24,Промостатья: Моя история 1 / Цена перехода / Ж25-54 / интерес_франшиза / 2507,женский,35‑44 года,1
2025-07-24,Промостатья: Моя история 1 | Цена перехода | Ж25-54,женский,35‑44 года,1
2025-07-25,Промостатья: Моя история 1 / Цена перехода / Ж25-54 / интерес_франшиза / 2507,мужской,45-54 года,1
2025-07-25,Промостатья: Моя история 1 / Цена перехода / Ж25-54 / интерес_франшиза / 2507,женский,Не определено,1
2025-07-25,Промостатья: Моя история 1 / Цена перехода / Ж25-54 / интерес_франшиза / 2507,женский,35‑44 года,1
2025-07-25,Промостатья: Моя история 1 | Цена перехода | Ж25-54,женский,35‑44 года,1
2025-07-26,Промостатья: Моя история 1 / Цена перехода / Ж25-54 / интерес_открытие бизнеса,Не определено,Не определено,1
2025-07-26,Промостатья: Моя история 1 / Цена перехода / Ж25-54 / интерес_франшиза / 2507,женский,35‑44 года,1
2025-07-28,Промостатья: Моя история 1 / Цена перехода / Ж25-54 / интерес_франшиза,Не определено,Не определено,1
2025-07-28,Промостатья: Моя история 1 | Цена перехода | Ж25-54,женский,35‑44 года,1
2025-07-30,Промостатья: Моя история 1 / Цена перехода / Ж25-54 / интерес_открытие бизнеса /2507-1 ,Не определено,25‑34 года,1
2025-07-30,Промостатья: Моя история 1 / Цена перехода / Ж25-54 / интерес_открытие бизнеса /2507-1 ,мужской,35‑44 года,1
2025-07-30,Промостатья: Моя история 1 / Цена перехода / Ж25-54 / интерес_открытие бизнеса /2507-1 ,женский,45-54 года,1
2025-07-30,Промостатья: Моя история 1 / Цена перехода / Ж25-54 / интерес_франшиза,Не определено,Не определено,1
2025-07-30,Промостатья: Моя история 1 | Цена перехода | Ж25-54,женский,35‑44 года,1
2025-07-31,Промостатья: Моя история 1 / Цена перехода / Ж25-54 / интерес_открытие бизнеса /2507-1 ,Не определено,25‑34 года,1
2025-07-31,Промостатья: Моя история 1 / Цена перехода / Ж25-54 / интерес_открытие бизнеса /2507-1 ,женский,35‑44 года,1
2025-07-31,Промостатья: Моя история 1 / Цена перехода / Ж25-54 / интерес_франшиза / 2507,женский,25‑34 года,1
2025-07-31,Промостатья: Моя история 1 | Цена перехода | Ж25-54,женский,35‑44 года,1
2025-08-01,Промостатья: Моя история 1 | Цена перехода | Ж25-54,женский,35‑44 года,1
2025-08-03,Промостатья: Моя история 1 / Цена перехода / Ж25-54 / интерес_открытие бизнеса /2507-1 ,женский,45-54 года,1
2025-08-04,Промостатья: Моя история 1 / Цена перехода / Ж25-54 / интерес_открытие бизнеса /2507-1 ,женский,45-54 года,1
2025-08-04,Промостатья: Моя история 1 / Цена перехода / Ж25-54 / интерес_франшиза,Не определено,Не определено,1
2025-08-04,Промостатья: Моя история 1 | Цена перехода | Ж25-54,женский,35‑44 года,1
2025-08-05,Промостатья: Моя история 1 / Цена перехода / Ж25-54 / интерес_открытие бизнеса /2507-1 ,мужской,35‑44 года,1
2025-08-05,Промостатья: Моя история 1 | Цена перехода | Ж25-54,женский,35‑44 года,1
2025-08-06,Промостатья: Моя история 1 / Цена перехода / Ж25-54 / интерес_франшиза,Не определено,Не определено,1
2025-08-06,Промостатья: Моя история 1 | Цена перехода | Ж25-54,женский,45-54 года,1
2025-08-07,Промостатья: Моя история 1 / Цена перехода / Ж25-54 / интерес_франшиза,Не определено,Не определено,1
2025-08-07,Промостатья: Моя история 1 | Цена перехода | Ж25-54,женский,35‑44 года,1
2025-08-08,Промостатья: Моя история 1 | Цена перехода | Ж25-54,женский,35‑44 года,1
2025-08-09,Промостатья: Моя история 1 / Цена перехода / Ж25-54 / интерес_открытие бизнеса,женский,35‑44 года,1
2025-08-11,Промостатья: Моя история 1 / Цена перехода / Ж25-54 / интерес_открытие бизнеса /2507-1 ,Не определено,Не определено,1
2025-08-11,Промостатья: Моя история 1 / Цена перехода / Ж25-54 / интерес_франшиза,Не определено,Не определено,1
2025-08-11,Промостатья: Моя история 1 | Цена перехода | Ж25-54,женский,35‑44 года,1
2025-08-11,Статья: Цифры и факты / Интересы: франшиза (копия),мужской,35‑44 года,1
2025-08-12,Промостатья: Моя история 1 / Цена перехода / Ж25-54 / интерес_франшиза,Не определено,Не определено,1
2025-08-13,Промостатья: Моя история 1 / Цена перехода / Ж25-54 / интерес_франшиза,Не определено,Не определено,1
2025-08-15,Промостатья: Моя история 1 / Цена перехода / Ж25-54 / интерес_франшиза,Не определено,Не определено,1
2025-08-18,Промостатья: Моя история 1 / Цена перехода / Ж25-54 / интерес_открытие бизнеса /2507-1 ,женский,35‑44 года,1
2025-08-18,Промостатья: Моя история 1 / Цена перехода / Ж25-54 / интерес_франшиза,Не определено,Не определено,1
2025-08-19,Промостатья: Моя история 1 / Цена перехода / Ж25-54 / интерес_открытие бизнеса /2507-1 ,Не определено,Не определено,1
2025-08-19,Промостатья: Моя история 1 / Цена перехода / Ж25-54 / интерес_франшиза,Не определено,Не определено,1
2025-08-20,Промостатья: Моя история 1 / Цена перехода / Ж25-54 / интерес_открытие бизнеса /2507-1 ,Не определено,Не определено,1
2025-08-20,Промостатья: Моя история 1 | Цена перехода | Ж25-54,женский,45-54 года,1
2025-08-21,Промостатья: Моя история 1 / Цена перехода / Ж25-54 / интерес_открытие бизнеса,женский,35‑44 года,1
2025-08-21,Промостатья: Моя история 1 / Цена перехода / Ж25-54 / интерес_открытие бизнеса /2507-1 ,женский,35‑44 года,1
2025-08-21,Промостатья: Моя история 1 / Цена перехода / Ж25-54 / интерес_франшиза,Не определено,Не определено,1
2025-08-21,Промостатья: Моя история 1 | Цена перехода | Ж25-54,женский,35‑44 года,1
2025-08-22,Промостатья: Моя история 1 / Цена перехода / Ж25-54 / интерес_открытие бизнеса,женский,45-54 года,1
2025-08-22,Промостатья: Моя история 1 / Цена перехода / Ж25-54 / интерес_открытие бизнеса /2507-1 ,Не определено,Не определено,1
2025-08-22,Промостатья: Моя история 1 / Цена перехода / Ж25-54 / интерес_открытие бизнеса /2507-1 ,женский,25‑34 года,1
2025-08-22,Промостатья: Моя история 1 / Цена перехода / Ж25-54 / интерес_франшиза,Не определено,Не определено,1
2025-08-23,Промостатья: Моя история 1 / Цена перехода / Ж25-54 / интерес_открытие бизнеса /2507-1 ,женский,35‑44 года,1
2025-08-23,Промостатья: Моя история 1 / Цена перехода / Ж25-54 / интерес_открытие бизнеса /2507-1 ,женский,45-54 года,1
2025-08-24,Промостатья: Моя история 1 / Цена перехода / Ж25-54 / интерес_открытие бизнеса /2507-1 ,женский,25‑34 года,1
2025-08-25,Промостатья: Моя история 1 / Цена перехода / Ж25-54 / интерес_франшиза,Не определено,Не определено,1
2025-08-26,Промостатья: Моя история 1 / Цена перехода / Ж25-54 / интерес_открытие бизнеса,женский,35‑44 года,1
2025-08-26,Промостатья: Моя история 1 / Цена перехода / Ж25-54 / интерес_открытие бизнеса,женский,45-54 года,1
2025-08-26,Промостатья: Моя история 1 / Цена перехода / Ж25-54 / интерес_франшиза,Не определено,Не определено,1
2025-08-27,Промостатья: Моя история 1 / Цена перехода / Ж25-54 / интерес_открытие бизнеса /2507-1 ,Не определено,Не определено,1
2025-08-27,Промостатья: Моя история 1 / Цена перехода / Ж25-54 / интерес_франшиза,Не определено,Не определено,1
2025-08-27,Промостатья: Моя история 1 | Цена перехода | Ж25-54,женский,35‑44 года,1
2025-08-29,Промостатья: Моя история 1 / Цена перехода / Ж25-54 / интерес_франшиза,Не определено,Не определено,1
2025-09-01,Промостатья: Моя история 1 / Цена перехода / Ж25-54 / интерес_франшиза,Не определено,Не определено,1
2025-09-01,Промостатья: Моя история 1 / Цена перехода / Ж25-54 / интерес_франшиза,женский,35‑44 года,1
2025-09-01,Статья: Цифры и факты / Интересы: франшиза (копия),мужской,45-54 года,1
2025-09-02,Промостатья: Моя история 1 / Цена перехода / Ж25-54 / интерес_франшиза / 2507,женский,35‑44 года,1
2025-09-02,Промостатья: Моя история 1 / Цена перехода / Ж25-54 / интерес_франшиза / 2507,женский,45-54 года,1
2025-09-02,Промостатья: Моя история 1 | Цена перехода | Ж25-54,женский,45-54 года,1
2025-09-03,Промостатья: Моя история 1 | Цена перехода | Ж25-54,женский,35‑44 года,1
2025-09-04,Промостатья: Моя история 1 / Цена перехода / Ж25-54 / интерес_франшиза,Не определено,Не определено,1
2025-09-04,Промостатья: Моя история 1 / Цена перехода / Ж25-54 / интерес_франшиза / 2507,женский,25‑34 года,1
2025-09-04,Промостатья: Моя история 1 / Цена перехода / Ж25-54 / интерес_франшиза / 2507,женский,55 лет и старше,1
2025-09-05,Промостатья: Моя история 1 / Цена перехода / Ж25-54 / интерес_франшиза,Не определено,Не определено,1
2025-09-06,Промостатья: Моя история 1 / Цена перехода / Ж25-54 / интерес_открытие бизнеса /2507-1 ,женский,25‑34 года,1
2025-09-09,Промостатья: Моя история 1 / Цена перехода / Ж25-54 / интерес_франшиза,Не определено,Не определено,1
2025-09-11,Промостатья: Моя история 1 / Цена перехода / Ж25-54 / интерес_франшиза,Не определено,Не определено,1
2025-09-11,Промостатья: Моя история 1 / Цена перехода / Ж25-54 / интерес_франшиза / 2507,женский,45-54 года,1
2025-09-11,Промостатья: Моя история 1 | Цена перехода | Ж25-54,женский,45-54 года,1
2025-09-13,Промостатья: Моя история 1 / Цена перехода / Ж25-54 / интерес_открытие бизнеса /2507-1 ,женский,35‑44 года,1
2025-09-14,Промостатья: Моя история 1 / Цена перехода / Ж25-54 / интерес_открытие бизнеса /2507-1 ,женский,35‑44 года,1
2025-09-14,Промостатья: Моя история 1 / Цена перехода / Ж25-54 / интерес_франшиза / 2507,Не определено,Не определено,1
2025-09-14,Промостатья: Моя история 1 / Цена перехода / Ж25-54 / интерес_франшиза / 2507,женский,45-54 года,1
2025-09-15,Промостатья: Моя история 1 / Цена перехода / Ж25-54 / интерес_франшиза,Не определено,Не определено,1
2025-09-15,Промостатья: Моя история 1 | Цена перехода | Ж25-54,женский,45-54 года,1
2025-09-16,Промостатья: Моя история 1 | Цена перехода | Ж25-54,женский,45-54 года,1
2025-09-17,Промостатья: Моя история 1 / Цена перехода / Ж25-54 / интерес_франшиза,Не определено,Не определено,1
2025-09-20,Промостатья: Моя история 1 / Цена перехода / Ж25-54 / интерес_открытие бизнеса,женский,35‑44 года,1
2025-09-22,Промостатья: Моя история 1 / Цена перехода / Ж25-54 / интерес_франшиза,Не определено,Не определено,1
2025-09-23,Промостатья: Моя история 1 / Цена перехода / Ж25-54 / интерес_франшиза,Не определено,Не определено,1
2025-09-23,Промостатья: Моя история 1 | Цена перехода | Ж25-54,женский,45-54 года,1
2025-09-24,Промостатья: Моя история 1 / Цена перехода / Ж25-54 / интерес_франшиза,Не определено,Не определено,1
2025-09-24,Промостатья: Моя история 1 | Цена перехода | Ж25-54,женский,45-54 года,1
2025-09-25,Промостатья: Моя история 1 / Цена перехода / Ж25-54 / интерес_франшиза,Не определено,Не определено,1
2025-09-25,Промостатья: Моя история 1 | Цена перехода | Ж25-54,женский,45-54 года,1
2025-09-26,Промостатья: Моя история 1 / Цена перехода / Ж25-54 / интерес_открытие бизнеса,женский,18‑24 года,1
2025-09-26,Промостатья: Моя история 1 | Цена перехода | Ж25-54,женский,45-54 года,1
2025-09-28,Промостатья: Моя история 1 / Цена перехода / Ж25-54 / интерес_франшиза / 2507,женский,45-54 года,1
2025-09-29,Промостатья: Моя история 1 / Цена перехода / Ж25-54 / интерес_франшиза,Не определено,Не определено,1
2025-09-29,Промостатья: Моя история 1 | Цена перехода | Ж25-54,женский,45-54 года,1
2025-09-30,Промостатья: Моя история 1 | Цена перехода | Ж25-54,женский,45-54 года,1
2025-11-05,Промостатья: Моя история 1 | Цена перехода | Ж25-54,женский,45-54 года,5
2025-11-19,Промостатья: Моя история 1 / Ж25-54 / интерес_открытие бизнеса/ рся / #franchise / 2511-1,женский,45-54 года,5
2025-10-02,Промостатья: Моя история 1 | Цена перехода | Ж25-54,женский,45-54 года,3
2025-10-24,Промостатья: Моя история 1 / Цена перехода / Ж25-54 / интерес_франшиза / рся / 2510-1,женский,45-54 года,3
2025-10-29,Промостатья: Моя история 1 / Цена перехода / Ж25-54 / интерес_франшиза / рся / 2510-1,женский,45-54 года,3
2025-11-19,Промостатья: Моя история 1 / М 25-54 / интерес_франшиза / рся / #franchise / 2511-1,мужской,45-54 года,3
2025-11-20,Промостатья: Моя история 1 / Ж25-54 / интерес_открытие бизнеса/ рся / #franchise / 2511-1,женский,35‑44 года,3
2025-11-26,Промостатья: Моя история 1 / Цена перехода / Ж25-54 / интерес_франшиза,женский,35‑44 года,3
2025-12-22,Промостатья: Моя история 1 | Цена перехода | Ж25-54,женский,45-54 года,3
2025-12-23,Промостатья: рынок и тренды 1 / М/Ж25-54 / интерес_франшиза / рся / #promo / 2512-1,женский,45-54 года,3
2025-12-25,Промостатья: рынок и тренды 1 / М/Ж25-54 / интерес_франшиза / рся / #promo / 2512-1,женский,45-54 года,3
2025-10-03,Промостатья: Моя история 1 / Цена перехода / Ж25-54 / интерес_франшиза,Не определено,Не определено,2
2025-10-03,Промостатья: Моя история 1 | Цена перехода | Ж25-54,женский,45-54 года,2
2025-10-06,Промостатья: Моя история 1 / Цена перехода / Ж25-54 / интерес_открытие бизнеса /2507-1 ,женский,25‑34 года,2
2025-10-06,Промостатья: Моя история 1 | Цена перехода | Ж25-54,женский,45-54 года,2
2025-10-07,Промостатья: Моя история 1 | Цена перехода | Ж25-54,женский,45-54 года,2
2025-10-09,Промостатья: Моя история 1 / Цена перехода / Ж25-54 / интерес_франшиза,Не определено,Не определено,2
2025-10-10,Промостатья: Моя история 1 / Цена перехода / Ж25-54 / интерес_франшиза,Не определено,Не определено,2
2025-10-14,Промостатья: Моя история 1 / Цена перехода / Ж25-54 / интерес_франшиза,Не определено,Не определено,2
2025-10-15,Промостатья: Моя история 1 / Цена перехода / Ж25-54 / интерес_франшиза,Не определено,Не определено,2
2025-10-17,Промостатья: Моя история 1 / Цена перехода / Ж25-54 / интерес_франшиза,Не определено,Не определено,2
2025-10-27,Промостатья: Моя история 1 | Цена перехода | Ж25-54,женский,45-54 года,2
2025-10-29,Промостатья: Моя история 1 | Цена перехода | Ж25-54,женский,45-54 года,2
2025-11-07,Промостатья: Моя история 1 / Цена перехода / Ж25-54 / интерес_франшиза / рся / 2510-1,женский,45-54 года,2
2025-11-10,Промостатья: Моя история 1 | Цена перехода | Ж25-54,женский,45-54 года,2
2025-11-11,Промостатья: Моя история 1 | Цена перехода | Ж25-54,женский,35‑44 года,2
2025-11-11,Промостатья: Моя история 1 | Цена перехода | Ж25-54,женский,45-54 года,2
2025-11-18,Промостатья: Моя история 1 / Ж25-54 / интерес_открытие бизнеса/ рся / #franchise / 2511-1,женский,25‑34 года,2
2025-11-19,Промостатья: Моя история 1 / Ж25-54 / интерес_франшиза / рся / #franchise / 2511-1,женский,45-54 года,2
2025-11-19,Промостатья: Моя история 1 / М 25-54 / интерес_франшиза / рся / #franchise / 2511-1,мужской,35‑44 года,2
2025-11-20,Промостатья: Моя история 1 / М 25-54 / интерес_франшиза / рся / #franchise / 2511-1,мужской,35‑44 года,2
2025-11-20,Промостатья: Моя история 1 | Цена перехода | Ж25-54,женский,35‑44 года,2
2025-12-02,Промостатья: Моя история 1 / Ж25-54 / интерес_открытие бизнеса/ рся / #franchise / 2511-1,женский,45-54 года,2
2025-12-06,Промостатья: Моя история 1 / Ж25-54 / интерес_франшиза / рся / #franchise / 2511-1,женский,35‑44 года,2
2025-12-08,Промостатья: Моя история 1 / Ж25-54 / интерес_франшиза / рся / #franchise / 2511-1,женский,35‑44 года,2
2025-12-08,Промостатья: Моя история 1 / Ж25-54 / интерес_франшиза / рся / #franchise / 2511-1,женский,45-54 года,2
2025-12-08,Промостатья: Моя история 1 | Цена перехода | Ж25-54,женский,45-54 года,2
2025-12-09,Промостатья: Моя история 1 / Ж25-54 / интерес_франшиза / рся / #franchise / 2511-1,женский,35‑44 года,2
2025-12-09,Промостатья: Моя история 1 / Ж25-54 / интерес_франшиза / рся / #franchise / 2511-1,женский,45-54 года,2
2025-12-18,Промостатья: рынок и тренды 1 / М/Ж25-54 / интерес_франшиза / рся / #promo / 2512-1,мужской,45-54 года,2
2025-12-18,Промостатья: рынок и тренды 1 / М/Ж25-54 / интерес_франшиза / рся / #promo / 2512-1,женский,45-54 года,2
2025-12-19,Промостатья: Моя история 1 | Цена перехода | Ж25-54,женский,45-54 года,2
2025-12-19,Промостатья: рынок и тренды 1 / М/Ж25-54 / интерес_открытие бизнеса / рся / #promo / 2512-1,мужской,45-54 года,2
2025-12-19,Промостатья: рынок и тренды 1 / М/Ж25-54 / интерес_франшиза / рся / #promo / 2512-1,мужской,45-54 года,2
2025-12-23,Промостатья: рынок и тренды 1 / М/Ж25-54 / интерес_открытие бизнеса / рся / #promo / 2512-1,мужской,45-54 года,2
2025-12-23,Промостатья: рынок и тренды 1 / М/Ж25-54 / интерес_открытие бизнеса / рся / #promo / 2512-1,женский,45-54 года,2
2025-12-24,Промостатья: рынок и тренды 1 / М/Ж25-54 / интерес_открытие бизнеса / рся / #promo / 2512-1,женский,35‑44 года,2
2025-12-27,Промостатья: рынок и тренды 1 / М/Ж25-54 / интерес_франшиза / рся / #promo / 2512-1,женский,45-54 года,2
2025-10-01,Промостатья: Моя история 1 | Цена перехода | Ж25-54,женский,45-54 года,1
2025-10-02,Промостатья: Моя история 1 / Цена перехода / Ж25-54 / интерес_франшиза,Не определено,Не определено,1
2025-10-06,Промостатья: Моя история 1 / Цена перехода / Ж25-54 / интерес_франшиза,Не определено,Не определено,1
2025-10-07,Промостатья: Моя история 1 / Цена перехода / Ж25-54 / интерес_франшиза,Не определено,Не определено,1
2025-10-08,Промостатья: Моя история 1 / Цена перехода / Ж25-54 / интерес_франшиза,Не определено,Не определено,1
2025-10-08,Промостатья: Моя история 1 | Цена перехода | Ж25-54,женский,45-54 года,1
2025-10-09,Промостатья: Моя история 1 | Цена перехода | Ж25-54,женский,45-54 года,1
2025-10-10,Промостатья: Моя история 1 / Цена перехода / Ж25-54 / интерес_франшиза / 2509-1,женский,45-54 года,1
2025-10-10,Промостатья: Моя история 1 | Цена перехода | Ж25-54,женский,45-54 года,1
2025-10-12,Промостатья: Моя история 1 / Цена перехода / Ж25-54 / интерес_франшиза / 2509-1,женский,45-54 года,1
2025-10-13,Промостатья: Моя история 1 / Цена перехода / Ж25-54 / интерес_франшиза,Не определено,Не определено,1
2025-10-13,Промостатья: Моя история 1 / Цена перехода / Ж25-54 / интерес_франшиза / 2509-1,женский,45-54 года,1
2025-10-14,Промостатья: Моя история 1 / Цена перехода / Ж25-54 / интерес_франшиза / 2509-1,женский,35‑44 года,1
2025-10-15,Промостатья: Моя история 1 | Цена перехода | Ж25-54,женский,45-54 года,1
2025-10-16,Промостатья: Моя история 1 / Цена перехода / Ж25-54 / интерес_франшиза,Не определено,Не определено,1
2025-10-20,Промостатья: Моя история 1 / Цена перехода / Ж25-54 / интерес_франшиза,Не определено,Не определено,1
2025-10-22,Промостатья: Моя история 1 / Цена перехода / Ж25-54 / интерес_франшиза / рся / 2510-1,женский,45-54 года,1
2025-10-23,Промостатья: Моя история 1 / Цена перехода / Ж25-54 / интерес_франшиза / рся / 2510-1,женский,45-54 года,1
2025-10-24,Промостатья: Моя история 1 / Цена перехода / Ж25-54 / интерес_франшиза / поиск / 2510-1,женский,35‑44 года,1
2025-10-24,Промостатья: Моя история 1 / Цена перехода / Ж25-54 / интерес_франшиза / рся / 2510-1,женский,35‑44 года,1
2025-10-28,Промостатья: Моя история 1 / Цена перехода / Ж25-54 / интерес_франшиза / рся / 2510-1,женский,35‑44 года,1
2025-10-28,Промостатья: Моя история 1 | Цена перехода | Ж25-54,женский,45-54 года,1
2025-10-29,Промостатья: Моя история 1 / Цена перехода / Ж25-54 / интерес_франшиза / рся / 2510-1,женский,35‑44 года,1
2025-10-30,Промостатья: Моя история 1 / Цена перехода / Ж25-54 / интерес_франшиза / рся / 2510-1,женский,45-54 года,1
2025-10-30,Промостатья: Моя история 1 | Цена перехода | Ж25-54,женский,45-54 года,1
2025-10-31,Промостатья: Моя история 1 | Цена перехода | Ж25-54,женский,45-54 года,1
2025-11-01,Промостатья: Моя история 1 / Цена перехода / Ж25-54 / интерес_франшиза / рся / 2510-1,Не определено,Не определено,1
2025-11-01,Промостатья: Моя история 1 / Цена перехода / Ж25-54 / интерес_франшиза / рся / 2510-1,женский,45-54 года,1
2025-11-01,Промостатья: Моя история 1 | Цена перехода | Ж25-54,женский,45-54 года,1
2025-11-02,Промостатья: Моя история 1 / Цена перехода / Ж25-54 / интерес_франшиза / рся / 2510-1,женский,25‑34 года,1
2025-11-06,Промостатья: Моя история 1 | Цена перехода | Ж25-54,женский,45-54 года,1
2025-11-07,Промостатья: Моя история 1 | Цена перехода | Ж25-54,женский,45-54 года,1
2025-11-09,Промостатья: Моя история 1 / Цена перехода / Ж25-54 / интерес_франшиза / рся / 2510-1,женский,45-54 года,1
2025-11-11,Промостатья: Моя история 1 / Цена перехода / Ж25-54 / интерес_франшиза / рся / 2510-1,женский,45-54 года,1
2025-11-12,Промостатья: Моя история 1 | Цена перехода | Ж25-54,женский,35‑44 года,1
2025-11-13,Промостатья: Моя история 1 | Цена перехода | Ж25-54,женский,35‑44 года,1
2025-11-14,Промостатья: Моя история 1 | Цена перехода | Ж25-54,женский,35‑44 года,1
2025-11-17,Промостатья: Моя история 1 / Цена перехода / Ж25-54 / интерес_франшиза / рся / 2510-1,женский,45-54 года,1
2025-11-17,Промостатья: Моя история 1 | Цена перехода | Ж25-54,женский,35‑44 года,1
2025-11-18,Промостатья: Моя история 1 / Ж25-54 / интерес_открытие бизнеса/ рся / #franchise / 2511-1,женский,18‑24 года,1
2025-11-18,Промостатья: Моя история 1 / Ж25-54 / интерес_открытие бизнеса/ рся / #franchise / 2511-1,женский,45-54 года,1
2025-11-18,Промостатья: Моя история 1 / Ж25-54 / интерес_открытие бизнеса/ рся / #franchise / 2511-1,женский,55 лет и старше,1
2025-11-18,Промостатья: Моя история 1 / М 25-54 / интерес_франшиза / рся / #franchise / 2511-1,женский,45-54 года,1
2025-11-18,Промостатья: Моя история 1 / Цена перехода / Ж25-54 / интерес_франшиза / рся / 2510-1,женский,45-54 года,1
2025-11-18,Промостатья: Моя история 1 | Цена перехода | Ж25-54,женский,35‑44 года,1
2025-11-19,Промостатья: Моя история 1 / Ж25-54 / интерес_открытие бизнеса/ рся / #franchise / 2511-1,женский,35‑44 года,1
2025-11-19,Промостатья: Моя история 1 / Ж25-54 / интерес_франшиза / рся / #franchise / 2511-1,женский,25‑34 года,1
2025-11-19,Промостатья: Моя история 1 / М 25-54 / интерес_франшиза / рся / #franchise / 2511-1,Не определено,Не определено,1
2025-11-19,Промостатья: Моя история 1 / М 25-54 / интерес_франшиза / рся / #franchise / 2511-1,женский,35‑44 года,1
2025-11-19,Промостатья: Моя история 1 / М 25-54 / интерес_франшиза / рся / #franchise / 2511-1,женский,55 лет и старше,1
2025-11-19,Промостатья: Моя история 1 | Цена перехода | Ж25-54,женский,35‑44 года,1
2025-11-20,Промостатья: Моя история 1 / Ж25-54 / интерес_открытие бизнеса/ рся / #franchise / 2511-1,женский,45-54 года,1
2025-11-20,Промостатья: Моя история 1 / Ж25-54 / интерес_франшиза / рся / #franchise / 2511-1,женский,Не определено,1
2025-11-20,Промостатья: Моя история 1 / Ж25-54 / интерес_франшиза / рся / #franchise / 2511-1,женский,35‑44 года,1
2025-11-20,Промостатья: Моя история 1 / Ж25-54 / интерес_франшиза / рся / #franchise / 2511-1,женский,45-54 года,1
2025-11-20,Промостатья: Моя история 1 / М 25-54 / интерес_франшиза / рся / #franchise / 2511-1,мужской,25‑34 года,1
2025-11-20,Промостатья: Моя история 1 / М 25-54 / интерес_франшиза / рся / #franchise / 2511-1,мужской,45-54 года,1
2025-11-20,Промостатья: Моя история 1 / М 25-54 / интерес_франшиза / рся / #franchise / 2511-1,женский,35‑44 года,1
2025-11-21,Промостатья: Моя история 1 / Ж25-54 / интерес_франшиза / рся / #franchise / 2511-1,женский,35‑44 года,1
2025-11-21,Промостатья: Моя история 1 | Цена перехода | Ж25-54,женский,35‑44 года,1
2025-11-24,Промостатья: Моя история 1 | Цена перехода | Ж25-54,женский,35‑44 года,1
2025-11-25,Промостатья: Моя история 1 | Цена перехода | Ж25-54,женский,35‑44 года,1
2025-11-26,Промостатья: Моя история 1 | Цена перехода | Ж25-54,женский,35‑44 года,1
2025-11-27,Промостатья: Моя история 1 | Цена перехода | Ж25-54,женский,35‑44 года,1
2025-11-28,Промостатья: Моя история 1 / Ж25-54 / интерес_франшиза / рся / #franchise / 2511-1,женский,45-54 года,1
2025-11-28,Промостатья: Моя история 1 | Цена перехода | Ж25-54,женский,35‑44 года,1
2025-11-30,Промостатья: Моя история 1 / М 25-54 / интерес_франшиза / рся / #franchise / 2511-1,Не определено,Не определено,1
2025-12-01,Промостатья: Моя история 1 / Ж25-54 / интерес_открытие бизнеса/ рся / #franchise / 2511-1,Не определено,Не определено,1
2025-12-01,Промостатья: Моя история 1 / Ж25-54 / интерес_открытие бизнеса/ рся / #franchise / 2511-1,женский,45-54 года,1
2025-12-01,Промостатья: Моя история 1 | Цена перехода | Ж25-54,женский,35‑44 года,1
2025-12-02,Промостатья: Моя история 1 | Цена перехода | Ж25-54,женский,35‑44 года,1
2025-12-03,Промостатья: Моя история 1 / М 25-54 / интерес_франшиза / рся / #franchise / 2511-1,мужской,45-54 года,1
2025-12-03,Промостатья: Моя история 1 | Цена перехода | Ж25-54,женский,35‑44 года,1
2025-12-04,Промостатья: Моя история 1 | Цена перехода | Ж25-54,женский,35‑44 года,1
2025-12-05,Промостатья: Моя история 1 / Ж25-54 / интерес_открытие бизнеса/ рся / #franchise / 2511-1,Не определено,25‑34 года,1
2025-12-05,Промостатья: Моя история 1 / М 25-54 / интерес_франшиза / рся / #franchise / 2511-1,мужской,45-54 года,1
2025-12-05,Промостатья: Моя история 1 | Цена перехода | Ж25-54,женский,35‑44 года,1
2025-12-06,Промостатья: Моя история 1 / Ж25-54 / интерес_франшиза / рся / #franchise / 2511-1,женский,45-54 года,1
2025-12-07,Промостатья: Моя история 1 / Ж25-54 / интерес_открытие бизнеса/ рся / #franchise / 2511-1,женский,45-54 года,1
2025-12-07,Промостатья: Моя история 1 / Ж25-54 / интерес_франшиза / рся / #franchise / 2511-1,женский,35‑44 года,1
2025-12-07,Промостатья: Моя история 1 / Ж25-54 / интерес_франшиза / рся / #franchise / 2511-1,женский,45-54 года,1
2025-12-09,Промостатья: Моя история 1 / Ж25-54 / интерес_франшиза / рся / #franchise / 2511-1,женский,25‑34 года,1
2025-12-09,Промостатья: Моя история 1 | Цена перехода | Ж25-54,женский,45-54 года,1
2025-12-10,Промостатья: Моя история 1 / Ж25-54 / интерес_франшиза / рся / #franchise / 2511-1,женский,45-54 года,1
2025-12-10,Промостатья: Моя история 1 | Цена перехода | Ж25-54,женский,45-54 года,1
2025-12-11,Промостатья: Моя история 1 | Цена перехода | Ж25-54,женский,45-54 года,1
2025-12-13,Промостатья: Моя история 1 / М 25-54 / интерес_франшиза / рся / #franchise / 2511-1,мужской,45-54 года,1
2025-12-14,Промостатья: Моя история 1 / М 25-54 / интерес_франшиза / рся / #franchise / 2511-1,мужской,45-54 года,1
2025-12-15,Промостатья: Моя история 1 | Цена перехода | Ж25-54,женский,35‑44 года,1
2025-12-15,Промостатья: Моя история 1 | Цена перехода | Ж25-54,женский,45-54 года,1
2025-12-16,Промостатья: Моя история 1 / Ж25-54 / интерес_франшиза / рся / #franchise / 2511-1,женский,45-54 года,1
2025-12-16,Промостатья: Моя история 1 | Цена перехода | Ж25-54,женский,35‑44 года,1
2025-12-17,Промостатья: Моя история 1 | Цена перехода | Ж25-54,женский,45-54 года,1
2025-12-18,Промостатья: Моя история 1 | Цена перехода | Ж25-54,женский,45-54 года,1
2025-12-18,Промостатья: рынок и тренды 1 / Ж25-54 / интерес_франшиза / рся / #promo / 2512-1,Не определено,Не определено,1
2025-12-18,Промостатья: рынок и тренды 1 / М/Ж25-54 / интерес_открытие бизнеса / рся / #promo / 2512-1,мужской,45-54 года,1
2025-12-18,Промостатья: рынок и тренды 1 / М/Ж25-54 / интерес_открытие бизнеса / рся / #promo / 2512-1,женский,35‑44 года,1
2025-12-18,Промостатья: рынок и тренды 1 / М/Ж25-54 / интерес_франшиза / рся / #promo / 2512-1,женский,25‑34 года,1
2025-12-19,Промостатья: рынок и тренды 1 / М/Ж25-54 / интерес_открытие бизнеса / рся / #promo / 2512-1,мужской,25‑34 года,1
2025-12-19,Промостатья: рынок и тренды 1 / М/Ж25-54 / интерес_франшиза / рся / #promo / 2512-1,мужской,35‑44 года,1
2025-12-19,Промостатья: рынок и тренды 1 / М/Ж25-54 / интерес_франшиза / рся / #promo / 2512-1,женский,18‑24 года,1
2025-12-19,Промостатья: рынок и тренды 1 / М/Ж25-54 / интерес_франшиза / рся / #promo / 2512-1,женский,45-54 года,1
2025-12-20,Промостатья: рынок и тренды 1 / М/Ж25-54 / интерес_франшиза / рся / #promo / 2512-1,мужской,45-54 года,1
2025-12-22,Промостатья: рынок и тренды 1 / М/Ж25-54 / интерес_открытие бизнеса / рся / #promo / 2512-1,мужской,45-54 года,1
2025-12-23,Промостатья: Моя история 1 / М 25-54 / интерес_франшиза / рся / #franchise / 2511-1,мужской,45-54 года,1
2025-12-23,Промостатья: Моя история 1 | Цена перехода | Ж25-54,женский,45-54 года,1
2025-12-23,Промостатья: рынок и тренды 1 / М/Ж25-54 / интерес_франшиза / рся / #promo / 2512-1,мужской,35‑44 года,1
2025-12-24,Промостатья: Моя история 1 / М 25-54 / интерес_франшиза / рся / #franchise / 2511-1,мужской,35‑44 года,1
2025-12-24,Промостатья: Моя история 1 / М 25-54 / интерес_франшиза / рся / #franchise / 2511-1,мужской,45-54 года,1
2025-12-24,Промостатья: Моя история 1 | Цена перехода | Ж25-54,женский,45-54 года,1
2025-12-24,Промостатья: рынок и тренды 1 / М/Ж25-54 / интерес_франшиза / рся / #promo / 2512-1,женский,45-54 года,1
2025-12-25,Промостатья: Моя история 1 / М 25-54 / интерес_франшиза / рся / #franchise / 2511-1,Не определено,Не определено,1
2025-12-25,Промостатья: Моя история 1 / М 25-54 / интерес_франшиза / рся / #franchise / 2511-1,мужской,45-54 года,1
2025-12-25,Промостатья: Моя история 1 | Цена перехода | Ж25-54,женский,45-54 года,1
2025-12-25,Промостатья: рынок и тренды 1 / М/Ж25-54 / интерес_франшиза / рся / #promo / 2512-1,Не определено,Не определено,1
2025-12-25,Промостатья: рынок и тренды 1 / М/Ж25-54 / интерес_франшиза / рся / #promo / 2512-1,женский,25‑34 года,1
2025-12-26,Промостатья: Моя история 1 | Цена перехода | Ж25-54,женский,25‑34 года,1
2025-12-26,Промостатья: рынок и тренды 1 / М/Ж25-54 / интерес_открытие бизнеса / рся / #promo / 2512-1,женский,35‑44 года,1
2025-12-26,Промостатья: рынок и тренды 1 / М/Ж25-54 / интерес_франшиза / рся / #promo / 2512-1,мужской,45-54 года,1
2025-12-26,Промостатья: рынок и тренды 1 / М/Ж25-54 / интерес_франшиза / рся / #promo / 2512-1,женский,45-54 года,1
2025-12-27,Промостатья: Моя история 1 / М 25-54 / интерес_франшиза / рся / #franchise / 2511-1,мужской,35‑44 года,1
2025-12-27,Промостатья: рынок и тренды 1 / М/Ж25-54 / интерес_франшиза / рся / #promo / 2512-1,мужской,35‑44 года,1
2025-12-27,Промостатья: рынок и тренды 1 / М/Ж25-54 / интерес_франшиза / рся / #promo / 2512-1,женский,25‑34 года,1
2025-12-28,Промостатья: Моя история 1 / М 25-54 / интерес_франшиза / рся / #franchise / 2511-1,мужской,35‑44 года,1
2025-12-28,Промостатья: рынок и тренды 1 / М/Ж25-54 / интерес_открытие бизнеса / рся / #promo / 2512-1,мужской,45-54 года,1
2025-12-29,Промостатья: Моя история 1 / М 25-54 / интерес_франшиза / рся / #franchise / 2511-1,мужской,35‑44 года,1
2025-12-29,Промостатья: Моя история 1 | Цена перехода | Ж25-54,женский,25‑34 года,1
2025-12-29,Промостатья: рынок и тренды 1 / М/Ж25-54 / интерес_франшиза / рся / #promo / 2512-1,женский,18‑24 года,1
2025-12-30,Промостатья: Моя история 1 | Цена перехода | Ж25-54,женский,35‑44 года,1
2025-12-31,Промостатья: рынок и тренды 1 / М/Ж25-54 / интерес_открытие бизнеса / рся / #promo / 2512-1,мужской,35‑44 года,1
2025-12-31,Промостатья: рынок и тренды 1 / М/Ж25-54 / интерес_открытие бизнеса / рся / #promo / 2512-1,женский,35‑44 года,1
2025-12-31,Промостатья: рынок и тренды 1 / М/Ж25-54 / интерес_франшиза / рся / #promo / 2512-1,мужской,45-54 года,1
2026-03-25,Промостатья: Моя история 1 / Ж 25-54/ интерес_открытие бизнеса / рся / #dzen / 2603-1,женский,45-54 года,66
2026-01-29,Промостатья: Моя история 1 / Ж 25-54 / интерес_франшиза / рся / #dzen,женский,45-54 года,54
2026-01-07,Промостатья: Моя история 1 / М/Ж 25-54 / интерес_франшиза / рся / #promo,женский,45-54 года,38
2026-01-28,Промостатья: Моя история 1 / Ж 25-54 / интерес_франшиза / рся / #dzen,женский,45-54 года,35
2026-02-26,Промостатья: Моя история 1 / Ж 25-54 / интерес_франшиза / рся / #dzen / 2602-1,женский,45-54 года,34
2026-02-01,Промостатья: Моя история 1 / Ж 25-54 / интерес_франшиза / рся / #dzen,женский,45-54 года,33
2026-03-25,Промостатья: Моя история 1 / Ж 25-54/ интерес_открытие бизнеса / рся / #dzen / 2603-1,женский,35‑44 года,31
2026-01-30,Промостатья: Моя история 1 / Ж 25-54 / интерес_франшиза / рся / #dzen,женский,45-54 года,29
2026-01-08,Промостатья: Моя история 1 / М/Ж 25-54 / интерес_франшиза / рся / #promo,женский,45-54 года,27
2026-02-27,Промостатья: Моя история 1 / Ж 25-54 / интерес_франшиза / рся / #dzen / 2602-1,женский,45-54 года,26
2026-01-06,Промостатья: Моя история 1 / М/Ж 25-54 / интерес_франшиза / рся / #promo,женский,45-54 года,25
2026-03-12,Промостатья: Моя история 1 / Ж 25-54 / интерес_франшиза / рся / #dzen / 2602-1,женский,45-54 года,25
2026-01-27,Промостатья: Моя история 1 / Ж 25-54 / интерес_франшиза / рся / #dzen,женский,45-54 года,24
2026-01-09,Промостатья: Моя история 1 / М/Ж 25-54 / интерес_франшиза / рся / #promo,женский,45-54 года,23
2026-02-25,Промостатья: рынок и тренды 1 / М/Ж25-54 / интерес_франшиза / рся / #promo / 2512-1,женский,45-54 года,23
2026-03-25,Промостатья: рынок и тренды 1 / М25-44 / интерес_франшиза / рся / #dzen / 2603-1,мужской,35‑44 года,23
2026-01-31,Промостатья: Моя история 1 / Ж 25-54 / интерес_франшиза / рся / #dzen,женский,45-54 года,22
2026-01-28,Промостатья: Моя история 1 / Ж 25-54 / интерес_франшиза / рся / #dzen,женский,35‑44 года,21
2026-01-14,Промостатья: Моя история 1 / М/Ж 25-54 / интерес_франшиза / рся / #promo,женский,45-54 года,20
2026-01-29,Промостатья: Моя история 1 / Ж 25-54 / интерес_франшиза / рся / #dzen,женский,35‑44 года,20
2026-02-25,Промостатья: Моя история 1 / Ж 25-54 / интерес_франшиза / рся / #dzen / 2602-1,женский,45-54 года,20
2026-02-26,Промостатья: Моя история 1 / Ж 25-54 / интерес_франшиза / рся / #dzen / 2602-1,женский,35‑44 года,17
2026-03-09,Промостатья: рынок и тренды 1 / М/Ж25-54 / интерес_франшиза / рся / #promo / 2512-1,женский,45-54 года,16
2026-01-08,Промостатья: Моя история 1 / М/Ж 25-54 / интерес_франшиза / рся / #promo,мужской,45-54 года,15
2026-02-01,Промостатья: Моя история 1 / Ж 25-54 / интерес_франшиза / рся / #dzen,женский,35‑44 года,15
2026-02-03,Промостатья: Моя история 1 / Ж 25-54 / интерес_франшиза / рся / #dzen,женский,45-54 года,15
2026-03-25,Промостатья: Моя история 1 / Ж 25-54/ интерес_открытие бизнеса / рся / #dzen / 2603-1,женский,25‑34 года,15
2026-01-15,Промостатья: Моя история 1 / М/Ж 25-54 / интерес_франшиза / рся / #promo,женский,45-54 года,14
2026-02-02,Промостатья: Моя история 1 / Ж 25-54 / интерес_франшиза / рся / #dzen,женский,45-54 года,14
2026-03-25,Промостатья: Моя история 1 / Ж 25-54/ интерес_открытие бизнеса / рся / #dzen / 2603-1,Не определено,Не определено,14
2026-03-26,Промостатья: рынок и тренды 1 / М25-44 / интерес_франшиза / рся / #dzen / 2603-1,мужской,35‑44 года,14
2026-01-07,Промостатья: Моя история 1 / М/Ж 25-54 / интерес_франшиза / рся / #promo,Не определено,Не определено,13
2026-02-26,Промостатья: рынок и тренды 1 / М/Ж25-54 / интерес_франшиза / рся / #promo / 2512-1,женский,45-54 года,13
2026-03-09,Промостатья: Моя история 1 / Ж 25-54 / интерес_франшиза / рся / #dzen / 2602-1,женский,45-54 года,13
2026-01-31,Промостатья: Моя история 1 / Ж 25-54 / интерес_франшиза / рся / #dzen,женский,35‑44 года,12
2026-02-03,Промостатья: Моя история 1 / Ж 25-54 / интерес_франшиза / рся / #dzen,женский,35‑44 года,12
2026-01-14,Промостатья: Моя история 1 / М/Ж 25-54 / интерес_франшиза / рся / #promo,женский,35‑44 года,11
2026-01-27,Промостатья: Моя история 1 / Ж 25-54 / интерес_франшиза / рся / #dzen,женский,35‑44 года,11
2026-02-27,Промостатья: Моя история 1 / Ж 25-54 / интерес_франшиза / рся / #dzen / 2602-1,Не определено,Не определено,11
2026-03-09,Промостатья: рынок и тренды 1 / М/Ж25-54 / интерес_франшиза / рся / #promo / 2512-1,мужской,45-54 года,11
2026-03-24,Промостатья: рынок и тренды 1 / М25-44 / интерес_франшиза / рся / #dzen / 2603-1,мужской,35‑44 года,11
2026-01-06,Промостатья: Моя история 1 / М/Ж 25-54 / интерес_франшиза / рся / #promo,мужской,45-54 года,10
2026-01-08,Промостатья: Моя история 1 / М/Ж 25-54 / интерес_франшиза / рся / #promo,Не определено,Не определено,10
2026-01-30,Промостатья: Моя история 1 / Ж 25-54 / интерес_франшиза / рся / #dzen,женский,35‑44 года,10
2026-02-26,Промостатья: Моя история 1 / Ж 25-54 / интерес_франшиза / рся / #dzen / 2602-1,женский,25‑34 года,10
2026-01-08,Промостатья: Моя история 1 / М/Ж 25-54 / интерес_франшиза / рся / #promo,женский,35‑44 года,9
2026-01-25,Промостатья: Моя история 1 / Ж 25-54 / интерес_франшиза / рся / #dzen,женский,45-54 года,9
2026-01-26,Промостатья: Моя история 1 / Ж 25-54 / интерес_франшиза / рся / #dzen,женский,45-54 года,9
2026-02-26,Промостатья: рынок и тренды 1 / М/Ж25-54 / интерес_открытие бизнеса / рся / #promo / 2512-1 (копия),мужской,45-54 года,9
2026-02-26,Промостатья: рынок и тренды 1 / М/Ж25-54 / интерес_франшиза / рся / #promo / 2512-1,мужской,45-54 года,9
2026-02-26,Промостатья: рынок и тренды 1 / М/Ж25-54 / интерес_франшиза / рся / #promo / 2512-1,женский,35‑44 года,9
2026-02-27,Промостатья: Моя история 1 / Ж 25-54 / интерес_франшиза / рся / #dzen / 2602-1,женский,35‑44 года,9
2026-03-09,Промостатья: рынок и тренды 1 / М/Ж25-54 / интерес_открытие бизнеса / рся / #promo / 2512-1 (копия),мужской,45-54 года,9
2026-01-06,Промостатья: Моя история 1 / М/Ж 25-54 / интерес_франшиза / рся / #promo,мужской,35‑44 года,8
2026-02-25,Промостатья: рынок и тренды 1 / М/Ж25-54 / интерес_открытие бизнеса / рся / #promo / 2512-1 (копия),женский,45-54 года,8
2026-02-27,Промостатья: Моя история 1 / Ж 25-54 / интерес_франшиза / рся / #dzen / 2602-1,женский,25‑34 года,8
2026-03-11,Промостатья: Моя история 1 / Ж 25-54 / интерес_франшиза / рся / #dzen / 2602-1,женский,45-54 года,8
2026-03-24,Промостатья: Моя история 1 / Ж 25-54 / интерес_франшиза / рся / #dzen / 2602-1,женский,45-54 года,8
2026-01-06,Промостатья: Моя история 1 / М/Ж 25-54 / интерес_франшиза / рся / #promo,женский,35‑44 года,7
2026-01-08,Промостатья: Моя история 1 / М/Ж 25-54 / интерес_франшиза / рся / #promo,женский,55 лет и старше,7
2026-01-29,Промостатья: Моя история 1 / Ж 25-54 / интерес_франшиза / рся / #dzen,женский,25‑34 года,7
2026-01-31,Промостатья: Моя история 1 / Ж 25-54 / интерес_франшиза / рся / #dzen,женский,25‑34 года,7
2026-02-02,Промостатья: Моя история 1 / Ж 25-54 / интерес_франшиза / рся / #dzen,женский,35‑44 года,7
2026-02-25,Промостатья: Моя история 1 / Ж 25-54 / интерес_франшиза / рся / #dzen / 2602-1,мужской,55 лет и старше,7
2026-02-26,Промостатья: Моя история 1 / Ж 25-54 / интерес_франшиза / рся / #dzen / 2602-1,Не определено,Не определено,7
2026-03-12,Промостатья: Моя история 1 / Ж 25-54 / интерес_франшиза / рся / #dzen / 2602-1,женский,35‑44 года,7
2026-03-26,Промостатья: Моя история 1 / Ж 25-54 / интерес_франшиза / рся / #dzen / 2602-1,женский,45-54 года,7
2026-03-26,Промостатья: рынок и тренды 1 / М25-44 / интерес_франшиза / рся / #dzen / 2603-1,Не определено,Не определено,7
2026-03-26,Промостатья: рынок и тренды 1 / М25-44 / интерес_франшиза / рся / #dzen / 2603-1,мужской,25‑34 года,7
2026-01-06,Промостатья: Моя история 1 / М/Ж 25-54 / интерес_франшиза / рся / #promo,Не определено,Не определено,6
2026-01-07,Промостатья: Моя история 1 / М/Ж 25-54 / интерес_франшиза / рся / #promo,мужской,45-54 года,6
2026-01-08,Промостатья: рынок и тренды 1 / М/Ж25-54 / интерес_франшиза / рся / #promo / 2512-1,женский,45-54 года,6
2026-01-09,Промостатья: Моя история 1 / М/Ж 25-54 / интерес_франшиза / рся / #promo,Не определено,Не определено,6
2026-01-28,Промостатья: Моя история 1 / Ж 25-54 / интерес_франшиза / рся / #dzen,женский,25‑34 года,6
2026-01-30,Промостатья: Моя история 1 / Ж 25-54 / интерес_франшиза / рся / #dzen,женский,25‑34 года,6
2026-02-25,Промостатья: рынок и тренды 1 / М/Ж25-54 / интерес_открытие бизнеса / рся / #promo / 2512-1 (копия),Не определено,Не определено,6
2026-02-25,Промостатья: рынок и тренды 1 / М/Ж25-54 / интерес_открытие бизнеса / рся / #promo / 2512-1 (копия),мужской,45-54 года,6
2026-02-25,Промостатья: рынок и тренды 1 / М/Ж25-54 / интерес_открытие бизнеса / рся / #promo / 2512-1 (копия),женский,35‑44 года,6
2026-03-24,Промостатья: рынок и тренды 1 / М25-44 / интерес_франшиза / рся / #dzen / 2603-1,мужской,25‑34 года,6
2026-01-10,Промостатья: Моя история 1 / М/Ж 25-54 / интерес_франшиза / рся / #promo,женский,45-54 года,5
2026-01-15,Промостатья: Моя история 1 / М/Ж 25-54 / интерес_франшиза / рся / #promo,женский,35‑44 года,5
2026-01-16,Промостатья: Моя история 1 / М/Ж 25-54 / интерес_франшиза / рся / #promo,женский,45-54 года,5
2026-01-26,Промостатья: Моя история 1 / Ж 25-54 / интерес_франшиза / рся / #dzen,женский,35‑44 года,5
2026-01-29,Промостатья: Моя история 1 / Ж 25-54 / интерес_франшиза / рся / #dzen,Не определено,Не определено,5
2026-02-25,Промостатья: Моя история 1 / Ж 25-54 / интерес_франшиза / рся / #dzen / 2602-1,женский,55 лет и старше,5
2026-02-25,Промостатья: рынок и тренды 1 / М/Ж25-54 / интерес_франшиза / рся / #promo / 2512-1,мужской,25‑34 года,5
2026-02-25,Промостатья: рынок и тренды 1 / М/Ж25-54 / интерес_франшиза / рся / #promo / 2512-1,мужской,45-54 года,5
2026-02-26,Промостатья: рынок и тренды 1 / М/Ж25-54 / интерес_открытие бизнеса / рся / #promo / 2512-1 (копия),мужской,35‑44 года,5
2026-02-26,Промостатья: рынок и тренды 1 / М/Ж25-54 / интерес_открытие бизнеса / рся / #promo / 2512-1 (копия),женский,25‑34 года,5
2026-02-26,Промостатья: рынок и тренды 1 / М/Ж25-54 / интерес_франшиза / рся / #promo / 2512-1,Не определено,Не определено,5
2026-03-25,Промостатья: Моя история 1 / Ж 25-54/ интерес_открытие бизнеса / рся / #dzen / 2603-1,женский,Не определено,5
2026-03-25,Промостатья: Моя история 1 / Ж 25-54/ интерес_открытие бизнеса / рся / #dzen / 2603-1,женский,55 лет и старше,5
2026-01-07,Промостатья: Моя история 1 / М/Ж 25-54 / интерес_франшиза / рся / #promo,мужской,25‑34 года,4
2026-01-07,Промостатья: Моя история 1 / М/Ж 25-54 / интерес_франшиза / рся / #promo,женский,35‑44 года,4
2026-01-08,Промостатья: Моя история 1 / М/Ж 25-54 / интерес_франшиза / рся / #promo,мужской,35‑44 года,4
2026-01-08,Промостатья: Моя история 1 / М/Ж 25-54 / интерес_франшиза / рся / #promo,женский,Не определено,4
2026-01-13,Промостатья: Моя история 1 / М/Ж 25-54 / интерес_франшиза / рся / #promo,женский,35‑44 года,4
2026-01-15,Промостатья: Моя история 1 / М/Ж 25-54 / интерес_франшиза / рся / #promo,женский,25‑34 года,4
2026-01-16,Промостатья: Моя история 1 / М/Ж 25-54 / интерес_франшиза / рся / #promo,женский,35‑44 года,4
2026-01-24,Промостатья: Моя история 1 / Ж 25-54 / интерес_франшиза / рся / #dzen,женский,45-54 года,4
2026-01-26,Промостатья: Моя история 1 / Ж 25-54 / интерес_франшиза / рся / #dzen,Не определено,Не определено,4
2026-01-26,Промостатья: Моя история 1 / Ж 25-54 / интерес_франшиза / рся / #dzen,женский,25‑34 года,4
2026-01-29,Промостатья: Моя история 1 / Ж 25-54 / интерес_франшиза / рся / #dzen,женский,Не определено,4
2026-01-31,Промостатья: Моя история 1 / Ж 25-54 / интерес_франшиза / рся / #dzen,женский,Не определено,4
2026-02-01,Промостатья: Моя история 1 / Ж 25-54 / интерес_франшиза / рся / #dzen,женский,25‑34 года,4
2026-02-02,Промостатья: Моя история 1 / Ж 25-54 / интерес_франшиза / рся / #dzen,женский,25‑34 года,4
2026-02-09,Промостатья: Моя история 1 / Ж 25-54 / интерес_франшиза / рся / #dzen,женский,45-54 года,4
2026-02-13,Промостатья: Моя история 1 / Ж 25-54 / интерес_франшиза / рся / #dzen,женский,45-54 года,4
2026-02-17,Промостатья: Моя история 1 / Ж 25-54 / интерес_франшиза / рся / #dzen,женский,45-54 года,4
2026-02-17,Промостатья: рынок и тренды 1 / М/Ж25-54 / интерес_открытие бизнеса / рся / #promo / 2512-1,мужской,25‑34 года,4
2026-02-25,Промостатья: Моя история 1 / Ж 25-54 / интерес_франшиза / рся / #dzen / 2602-1,женский,25‑34 года,4
2026-02-26,Промостатья: рынок и тренды 1 / М/Ж25-54 / интерес_открытие бизнеса / рся / #promo / 2512-1 (копия),женский,45-54 года,4
2026-03-09,Промостатья: рынок и тренды 1 / М/Ж25-54 / интерес_открытие бизнеса / рся / #promo / 2512-1 (копия),женский,45-54 года,4
2026-03-09,Промостатья: рынок и тренды 1 / М/Ж25-54 / интерес_франшиза / рся / #promo / 2512-1,Не определено,Не определено,4
2026-03-09,Промостатья: рынок и тренды 1 / М/Ж25-54 / интерес_франшиза / рся / #promo / 2512-1,женский,18‑24 года,4
2026-03-11,Промостатья: Моя история 1 / Ж 25-54 / интерес_франшиза / рся / #dzen / 2602-1,женский,35‑44 года,4
2026-01-06,Промостатья: Моя история 1 / М/Ж 25-54 / интерес_франшиза / рся / #promo,женский,25‑34 года,3
2026-01-07,Промостатья: Моя история 1 / М/Ж 25-54 / интерес_франшиза / рся / #promo,женский,55 лет и старше,3
2026-01-08,Промостатья: Моя история 1 / М/Ж 25-54 / интерес_франшиза / рся / #promo,мужской,25‑34 года,3
2026-01-09,Промостатья: рынок и тренды 1 / М/Ж25-54 / интерес_франшиза / рся / #promo / 2512-1,женский,45-54 года,3
2026-01-10,Промостатья: рынок и тренды 1 / М/Ж25-54 / интерес_франшиза / рся / #promo / 2512-1,мужской,45-54 года,3
2026-01-11,Промостатья: рынок и тренды 1 / М/Ж25-54 / интерес_франшиза / рся / #promo / 2512-1,Не определено,Не определено,3
2026-01-12,Промостатья: Моя история 1 | Цена перехода | Ж25-54,женский,35‑44 года,3
2026-01-13,Промостатья: Моя история 1 / М/Ж 25-54 / интерес_франшиза / рся / #promo,женский,45-54 года,3
2026-01-14,Промостатья: Моя история 1 / М/Ж 25-54 / интерес_франшиза / рся / #promo,мужской,45-54 года,3
2026-01-14,Промостатья: Моя история 1 / М/Ж 25-54 / интерес_франшиза / рся / #promo,женский,25‑34 года,3
2026-01-15,Промостатья: Моя история 1 / М/Ж 25-54 / интерес_франшиза / рся / #promo,Не определено,Не определено,3
2026-01-27,Промостатья: Моя история 1 / Ж 25-54 / интерес_франшиза / рся / #dzen,Не определено,Не определено,3
2026-01-27,Промостатья: Моя история 1 / Ж 25-54 / интерес_франшиза / рся / #dzen,женский,25‑34 года,3
2026-01-28,Промостатья: рынок и тренды 1 / М/Ж25-54 / интерес_открытие бизнеса / рся / #promo / 2512-1,мужской,45-54 года,3
2026-01-31,Промостатья: Моя история 1 / Ж 25-54 / интерес_франшиза / рся / #dzen,Не определено,Не определено,3
2026-02-01,Промостатья: Моя история 1 / Ж 25-54 / интерес_франшиза / рся / #dzen,Не определено,Не определено,3
2026-02-01,Промостатья: Моя история 1 / Ж 25-54 / интерес_франшиза / рся / #dzen,женский,Не определено,3
2026-02-02,Промостатья: Моя история 1 / Ж 25-54 / интерес_франшиза / рся / #dzen,Не определено,Не определено,3
2026-02-03,Промостатья: Моя история 1 / Ж 25-54 / интерес_франшиза / рся / #dzen,женский,25‑34 года,3
2026-02-05,Промостатья: Моя история 1 / Ж 25-54 / интерес_франшиза / рся / #dzen,женский,Не определено,3
2026-02-08,Промостатья: Моя история 1 / Ж 25-54 / интерес_франшиза / рся / #dzen,женский,45-54 года,3
2026-02-09,Промостатья: рынок и тренды 1 / М/Ж25-54 / интерес_франшиза / рся / #promo / 2512-1,женский,18‑24 года,3
2026-02-12,Промостатья: Моя история 1 / Ж 25-54 / интерес_франшиза / рся / #dzen,женский,45-54 года,3
2026-02-12,Промостатья: рынок и тренды 1 / М/Ж25-54 / интерес_открытие бизнеса / рся / #promo / 2512-1,мужской,25‑34 года,3
2026-02-12,Промостатья: рынок и тренды 1 / М/Ж25-54 / интерес_открытие бизнеса / рся / #promo / 2512-1,женский,45-54 года,3
2026-02-24,Промостатья: рынок и тренды 1 / М/Ж25-54 / интерес_франшиза / рся / #promo / 2512-1,женский,45-54 года,3
2026-02-25,Промостатья: Моя история 1 / Ж 25-54 / интерес_франшиза / рся / #dzen / 2602-1,Не определено,Не определено,3
2026-02-25,Промостатья: Моя история 1 / Ж 25-54 / интерес_франшиза / рся / #dzen / 2602-1,женский,35‑44 года,3
2026-02-25,Промостатья: рынок и тренды 1 / М/Ж25-54 / интерес_открытие бизнеса / рся / #promo / 2512-1 (копия),мужской,35‑44 года,3
2026-02-25,Промостатья: рынок и тренды 1 / М/Ж25-54 / интерес_франшиза / рся / #promo / 2512-1,Не определено,Не определено,3
2026-02-25,Промостатья: рынок и тренды 1 / М/Ж25-54 / интерес_франшиза / рся / #promo / 2512-1,мужской,35‑44 года,3
2026-02-25,Промостатья: рынок и тренды 1 / М/Ж25-54 / интерес_франшиза / рся / #promo / 2512-1,женский,18‑24 года,3
2026-02-26,Промостатья: рынок и тренды 1 / М/Ж25-54 / интерес_франшиза / рся / #promo / 2512-1,женский,18‑24 года,3
2026-02-27,Промостатья: Моя история 1 / Ж 25-54 / интерес_франшиза / рся / #dzen / 2602-1,женский,Не определено,3
2026-02-27,Промостатья: рынок и тренды 1 / М/Ж25-54 / интерес_открытие бизнеса / рся / #promo / 2512-1 (копия),женский,45-54 года,3
2026-03-09,Промостатья: Моя история 1 / Ж 25-54 / интерес_франшиза / рся / #dzen / 2602-1,женский,35‑44 года,3
2026-03-09,Промостатья: рынок и тренды 1 / М/Ж25-54 / интерес_открытие бизнеса / рся / #promo / 2512-1 (копия),мужской,25‑34 года,3
2026-03-13,Промостатья: Моя история 1 / Ж 25-54 / интерес_франшиза / рся / #dzen / 2602-1,женский,45-54 года,3
2026-03-25,Промостатья: рынок и тренды 1 / М25-44 / интерес_франшиза / рся / #dzen / 2603-1,Не определено,Не определено,3
2026-03-25,Промостатья: рынок и тренды 1 / М25-44 / интерес_франшиза / рся / #dzen / 2603-1,мужской,Не определено,3
2026-03-26,Промостатья: рынок и тренды 1 / М25-44 / интерес_франшиза / рся / #dzen / 2603-1,женский,55 лет и старше,3
2026-03-27,Промостатья: Моя история 1 / Ж 25-54 / интерес_франшиза / рся / #dzen / 2602-1,женский,45-54 года,3
2026-01-04,Промостатья: рынок и тренды 1 / М/Ж25-54 / интерес_франшиза / рся / #promo / 2512-1,мужской,45-54 года,2
2026-01-06,Промостатья: Моя история 1 / М/Ж 25-54 / интерес_франшиза / рся / #promo,Не определено,45-54 года,2
2026-01-07,Промостатья: Моя история 1 / М/Ж 25-54 / интерес_франшиза / рся / #promo,женский,Не определено,2
2026-01-07,Промостатья: рынок и тренды 1 / М/Ж25-54 / интерес_франшиза / рся / #promo / 2512-1,мужской,45-54 года,2
2026-01-07,Промостатья: рынок и тренды 1 / М/Ж25-54 / интерес_франшиза / рся / #promo / 2512-1,женский,45-54 года,2
2026-01-08,Промостатья: Моя история 1 / М/Ж 25-54 / интерес_франшиза / рся / #promo,мужской,55 лет и старше,2
2026-01-08,Промостатья: Моя история 1 / М/Ж 25-54 / интерес_франшиза / рся / #promo,женский,25‑34 года,2
2026-01-08,Промостатья: рынок и тренды 1 / М/Ж25-54 / интерес_открытие бизнеса / рся / #promo / 2512-1,мужской,45-54 года,2
2026-01-08,Промостатья: рынок и тренды 1 / М/Ж25-54 / интерес_франшиза / рся / #promo / 2512-1,мужской,25‑34 года,2
2026-01-08,Промостатья: рынок и тренды 1 / М/Ж25-54 / интерес_франшиза / рся / #promo / 2512-1,мужской,45-54 года,2
2026-01-08,Промостатья: рынок и тренды 1 / М/Ж25-54 / интерес_франшиза / рся / #promo / 2512-1,женский,55 лет и старше,2
2026-01-09,Промостатья: Моя история 1 / М/Ж 25-54 / интерес_франшиза / рся / #promo,мужской,25‑34 года,2
2026-01-09,Промостатья: Моя история 1 / М/Ж 25-54 / интерес_франшиза / рся / #promo,мужской,45-54 года,2
2026-01-09,Промостатья: Моя история 1 / М/Ж 25-54 / интерес_франшиза / рся / #promo,женский,25‑34 года,2
2026-01-10,Промостатья: рынок и тренды 1 / М/Ж25-54 / интерес_открытие бизнеса / рся / #promo / 2512-1,мужской,45-54 года,2
2026-01-10,Промостатья: рынок и тренды 1 / М/Ж25-54 / интерес_франшиза / рся / #promo / 2512-1,женский,45-54 года,2
2026-01-11,Промостатья: рынок и тренды 1 / М/Ж25-54 / интерес_франшиза / рся / #promo / 2512-1,женский,45-54 года,2
2026-01-13,Промостатья: Моя история 1 / М/Ж 25-54 / интерес_франшиза / рся / #promo,Не определено,Не определено,2
2026-01-13,Промостатья: Моя история 1 / М/Ж 25-54 / интерес_франшиза / рся / #promo,мужской,45-54 года,2
2026-01-13,Промостатья: Моя история 1 / М/Ж 25-54 / интерес_франшиза / рся / #promo,женский,25‑34 года,2
2026-01-14,Промостатья: Моя история 1 | Цена перехода | Ж25-54,женский,35‑44 года,2
2026-01-16,Промостатья: Моя история 1 / М/Ж 25-54 / интерес_франшиза / рся / #promo,мужской,45-54 года,2
2026-01-16,Промостатья: Моя история 1 / М/Ж 25-54 / интерес_франшиза / рся / #promo,женский,25‑34 года,2
2026-01-24,Промостатья: Моя история 1 / Ж 25-54 / интерес_франшиза / рся / #dzen,женский,25‑34 года,2
2026-01-27,Промостатья: Моя история 1 / Ж 25-54 / интерес_франшиза / рся / #dzen,женский,55 лет и старше,2
2026-01-28,Промостатья: Моя история 1 / Ж 25-54 / интерес_франшиза / рся / #dzen,Не определено,Не определено,2
2026-01-28,Промостатья: Моя история 1 / Ж 25-54 / интерес_франшиза / рся / #dzen,женский,Не определено,2
2026-01-28,Промостатья: Моя история 1 / Ж 25-54 / интерес_франшиза / рся / #dzen,женский,55 лет и старше,2
2026-01-28,Промостатья: Моя история 1 | Цена перехода | Ж25-54,женский,45-54 года,2
2026-01-29,Промостатья: Моя история 1 / Ж 25-54 / интерес_франшиза / рся / #dzen,женский,55 лет и старше,2
2026-01-30,Промостатья: Моя история 1 / Ж 25-54 / интерес_франшиза / рся / #dzen,женский,Не определено,2
2026-02-04,Промостатья: Моя история 1 / Ж 25-54 / интерес_франшиза / рся / #dzen,Не определено,Не определено,2
2026-02-04,Промостатья: Моя история 1 / Ж 25-54 / интерес_франшиза / рся / #dzen,женский,35‑44 года,2
2026-02-04,Промостатья: Моя история 1 / Ж 25-54 / интерес_франшиза / рся / #dzen,женский,45-54 года,2
2026-02-04,Промостатья: Моя история 1 | Цена перехода | Ж25-54,женский,45-54 года,2
2026-02-05,Промостатья: Моя история 1 / Ж 25-54 / интерес_франшиза / рся / #dzen,женский,45-54 года,2
2026-02-09,Промостатья: Моя история 1 | Цена перехода | Ж25-54,женский,45-54 года,2
2026-02-10,Промостатья: рынок и тренды 1 / М/Ж25-54 / интерес_открытие бизнеса / рся / #promo / 2512-1,женский,35‑44 года,2
2026-02-11,Промостатья: рынок и тренды 1 / М/Ж25-54 / интерес_франшиза / рся / #promo / 2512-1,мужской,55 лет и старше,2
2026-02-12,Промостатья: рынок и тренды 1 / М/Ж25-54 / интерес_открытие бизнеса / рся / #promo / 2512-1,Не определено,Не определено,2
2026-02-12,Промостатья: рынок и тренды 1 / М/Ж25-54 / интерес_франшиза / рся / #promo / 2512-1,женский,45-54 года,2
2026-02-13,Промостатья: рынок и тренды 1 / М/Ж25-54 / интерес_открытие бизнеса / рся / #promo / 2512-1,женский,45-54 года,2
2026-02-25,Промостатья: Моя история 1 / Ж 25-54 / интерес_франшиза / рся / #dzen / 2602-1,женский,младше 18 лет,2
2026-02-25,Промостатья: рынок и тренды 1 / М/Ж25-54 / интерес_открытие бизнеса / рся / #promo / 2512-1 (копия),мужской,Не определено,2
2026-02-25,Промостатья: рынок и тренды 1 / М/Ж25-54 / интерес_франшиза / рся / #promo / 2512-1,женский,25‑34 года,2
2026-02-25,Промостатья: рынок и тренды 1 / М/Ж25-54 / интерес_франшиза / рся / #promo / 2512-1,женский,55 лет и старше,2
2026-02-26,Промостатья: Моя история 1 / Ж 25-54 / интерес_франшиза / рся / #dzen / 2602-1,женский,55 лет и старше,2
2026-02-26,Промостатья: рынок и тренды 1 / М/Ж25-54 / интерес_открытие бизнеса / рся / #promo / 2512-1 (копия),Не определено,Не определено,2
2026-02-26,Промостатья: рынок и тренды 1 / М/Ж25-54 / интерес_открытие бизнеса / рся / #promo / 2512-1 (копия),женский,35‑44 года,2
2026-03-09,Промостатья: рынок и тренды 1 / М/Ж25-54 / интерес_открытие бизнеса / рся / #promo / 2512-1 (копия),Не определено,Не определено,2
2026-03-09,Промостатья: рынок и тренды 1 / М/Ж25-54 / интерес_открытие бизнеса / рся / #promo / 2512-1 (копия),мужской,35‑44 года,2
2026-03-09,Промостатья: рынок и тренды 1 / М/Ж25-54 / интерес_франшиза / рся / #promo / 2512-1,мужской,35‑44 года,2
2026-03-09,Промостатья: рынок и тренды 1 / М/Ж25-54 / интерес_франшиза / рся / #promo / 2512-1,женский,25‑34 года,2
2026-03-09,Промостатья: рынок и тренды 1 / М/Ж25-54 / интерес_франшиза / рся / #promo / 2512-1,женский,35‑44 года,2
2026-03-12,Промостатья: Моя история 1 / Ж 25-54 / интерес_франшиза / рся / #dzen / 2602-1,Не определено,Не определено,2
2026-03-18,Промостатья: Моя история 1 / Ж 25-54 / интерес_франшиза / рся / #dzen / 2602-1,женский,35‑44 года,2
2026-03-18,Промостатья: Моя история 1 / Ж 25-54 / интерес_франшиза / рся / #dzen / 2602-1,женский,45-54 года,2
2026-03-24,Промостатья: Моя история 1 / Ж 25-54 / интерес_франшиза / рся / #dzen / 2602-1,женский,35‑44 года,2
2026-03-25,Промостатья: Моя история 1 / Ж 25-54 / интерес_франшиза / рся / #dzen / 2602-1,женский,45-54 года,2
2026-03-25,Промостатья: рынок и тренды 1 / М25-44 / интерес_франшиза / рся / #dzen / 2603-1,Не определено,35‑44 года,2
2026-03-25,Промостатья: рынок и тренды 1 / М25-44 / интерес_франшиза / рся / #dzen / 2603-1,мужской,25‑34 года,2
2026-03-26,Промостатья: Моя история 1 / Ж 25-54 / интерес_франшиза / рся / #dzen / 2602-1,Не определено,Не определено,2
2026-01-01,Промостатья: Моя история 1 / М/Ж 25-54 / интерес_франшиза / рся / #promo,женский,45-54 года,1
2026-01-01,Промостатья: рынок и тренды 1 / М/Ж25-54 / интерес_открытие бизнеса / рся / #promo / 2512-1,мужской,45-54 года,1
2026-01-01,Промостатья: рынок и тренды 1 / М/Ж25-54 / интерес_франшиза / рся / #promo / 2512-1,женский,45-54 года,1
2026-01-03,Промостатья: рынок и тренды 1 / М/Ж25-54 / интерес_франшиза / рся / #promo / 2512-1,Не определено,45-54 года,1
2026-01-04,Промостатья: Моя история 1 / М/Ж 25-54 / интерес_франшиза / рся / #promo,женский,45-54 года,1
2026-01-04,Промостатья: рынок и тренды 1 / М/Ж25-54 / интерес_франшиза / рся / #promo / 2512-1,мужской,18‑24 года,1
2026-01-05,Промостатья: Моя история 1 / М/Ж 25-54 / интерес_франшиза / рся / #promo,мужской,Не определено,1
2026-01-05,Промостатья: Моя история 1 / М/Ж 25-54 / интерес_франшиза / рся / #promo,мужской,25‑34 года,1
2026-01-05,Промостатья: Моя история 1 / М/Ж 25-54 / интерес_франшиза / рся / #promo,мужской,35‑44 года,1
2026-01-05,Промостатья: Моя история 1 / М/Ж 25-54 / интерес_франшиза / рся / #promo,мужской,45-54 года,1
2026-01-05,Промостатья: рынок и тренды 1 / М/Ж25-54 / интерес_открытие бизнеса / рся / #promo / 2512-1,мужской,18‑24 года,1
2026-01-06,Промостатья: Моя история 1 / М/Ж 25-54 / интерес_франшиза / рся / #promo,Не определено,35‑44 года,1
2026-01-06,Промостатья: Моя история 1 / М/Ж 25-54 / интерес_франшиза / рся / #promo,мужской,Не определено,1
2026-01-06,Промостатья: Моя история 1 / М/Ж 25-54 / интерес_франшиза / рся / #promo,мужской,25‑34 года,1
2026-01-06,Промостатья: Моя история 1 / М/Ж 25-54 / интерес_франшиза / рся / #promo,мужской,55 лет и старше,1
2026-01-06,Промостатья: Моя история 1 / М/Ж 25-54 / интерес_франшиза / рся / #promo,женский,Не определено,1
2026-01-06,Промостатья: рынок и тренды 1 / М/Ж25-54 / интерес_открытие бизнеса / рся / #promo / 2512-1,женский,45-54 года,1
2026-01-06,Промостатья: рынок и тренды 1 / М/Ж25-54 / интерес_открытие бизнеса / рся / #promo / 2512-1,женский,55 лет и старше,1
2026-01-06,Промостатья: рынок и тренды 1 / М/Ж25-54 / интерес_франшиза / рся / #promo / 2512-1,мужской,45-54 года,1
2026-01-06,Промостатья: рынок и тренды 1 / М/Ж25-54 / интерес_франшиза / рся / #promo / 2512-1,женский,45-54 года,1
2026-01-07,Промостатья: Моя история 1 / М/Ж 25-54 / интерес_франшиза / рся / #promo,Не определено,55 лет и старше,1
2026-01-07,Промостатья: Моя история 1 / М/Ж 25-54 / интерес_франшиза / рся / #promo,мужской,Не определено,1
2026-01-07,Промостатья: Моя история 1 / М/Ж 25-54 / интерес_франшиза / рся / #promo,мужской,35‑44 года,1
2026-01-07,Промостатья: рынок и тренды 1 / М/Ж25-54 / интерес_открытие бизнеса / рся / #promo / 2512-1,мужской,35‑44 года,1
2026-01-07,Промостатья: рынок и тренды 1 / М/Ж25-54 / интерес_франшиза / рся / #promo / 2512-1,мужской,Не определено,1
2026-01-07,Промостатья: рынок и тренды 1 / М/Ж25-54 / интерес_франшиза / рся / #promo / 2512-1,женский,25‑34 года,1
2026-01-08,Промостатья: Моя история 1 / М/Ж 25-54 / интерес_франшиза / рся / #promo,мужской,Не определено,1
2026-01-08,Промостатья: рынок и тренды 1 / М/Ж25-54 / интерес_открытие бизнеса / рся / #promo / 2512-1,мужской,35‑44 года,1
2026-01-08,Промостатья: рынок и тренды 1 / М/Ж25-54 / интерес_франшиза / рся / #promo / 2512-1,Не определено,Не определено,1
2026-01-09,Промостатья: Моя история 1 / М/Ж 25-54 / интерес_франшиза / рся / #promo,мужской,55 лет и старше,1
2026-01-09,Промостатья: Моя история 1 / М/Ж 25-54 / интерес_франшиза / рся / #promo,женский,35‑44 года,1
2026-01-09,Промостатья: рынок и тренды 1 / М/Ж25-54 / интерес_открытие бизнеса / рся / #promo / 2512-1,женский,45-54 года,1
2026-01-09,Промостатья: рынок и тренды 1 / М/Ж25-54 / интерес_франшиза / рся / #promo / 2512-1,мужской,35‑44 года,1
2026-01-09,Промостатья: рынок и тренды 1 / М/Ж25-54 / интерес_франшиза / рся / #promo / 2512-1,женский,25‑34 года,1
2026-01-09,Промостатья: рынок и тренды 1 / М/Ж25-54 / интерес_франшиза / рся / #promo / 2512-1,женский,35‑44 года,1
2026-01-10,Промостатья: рынок и тренды 1 / М/Ж25-54 / интерес_открытие бизнеса / рся / #promo / 2512-1,женский,45-54 года,1
2026-01-10,Промостатья: рынок и тренды 1 / М/Ж25-54 / интерес_франшиза / рся / #promo / 2512-1,женский,25‑34 года,1
2026-01-11,Промостатья: рынок и тренды 1 / М/Ж25-54 / интерес_франшиза / рся / #promo / 2512-1,мужской,45-54 года,1
2026-01-11,Промостатья: рынок и тренды 1 / М/Ж25-54 / интерес_франшиза / рся / #promo / 2512-1,женский,35‑44 года,1
2026-01-12,Промостатья: Моя история 1 / М/Ж 25-54 / интерес_франшиза / рся / #promo,Не определено,Не определено,1
2026-01-12,Промостатья: Моя история 1 / М/Ж 25-54 / интерес_франшиза / рся / #promo,женский,35‑44 года,1
2026-01-12,Промостатья: рынок и тренды 1 / М/Ж25-54 / интерес_открытие бизнеса / рся / #promo / 2512-1,Не определено,Не определено,1
2026-01-12,Промостатья: рынок и тренды 1 / М/Ж25-54 / интерес_франшиза / рся / #promo / 2512-1,женский,45-54 года,1
2026-01-13,Промостатья: Моя история 1 / М/Ж 25-54 / интерес_франшиза / рся / #promo,женский,55 лет и старше,1
2026-01-13,Промостатья: Моя история 1 | Цена перехода | Ж25-54,женский,45-54 года,1
2026-01-13,Промостатья: рынок и тренды 1 / М/Ж25-54 / интерес_открытие бизнеса / рся / #promo / 2512-1,мужской,45-54 года,1
2026-01-14,Промостатья: Моя история 1 / М/Ж 25-54 / интерес_франшиза / рся / #promo,Не определено,35‑44 года,1
2026-01-14,Промостатья: Моя история 1 / М/Ж 25-54 / интерес_франшиза / рся / #promo,мужской,25‑34 года,1
2026-01-14,Промостатья: Моя история 1 / М/Ж 25-54 / интерес_франшиза / рся / #promo,женский,Не определено,1
2026-01-15,Промостатья: Моя история 1 / М/Ж 25-54 / интерес_франшиза / рся / #promo,мужской,Не определено,1
2026-01-15,Промостатья: Моя история 1 / М/Ж 25-54 / интерес_франшиза / рся / #promo,мужской,35‑44 года,1
2026-01-15,Промостатья: Моя история 1 / М/Ж 25-54 / интерес_франшиза / рся / #promo,женский,Не определено,1
2026-01-15,Промостатья: Моя история 1 | Цена перехода | Ж25-54,женский,45-54 года,1
2026-01-16,Промостатья: Моя история 1 / М/Ж 25-54 / интерес_франшиза / рся / #promo,Не определено,Не определено,1
2026-01-16,Промостатья: Моя история 1 | Цена перехода | Ж25-54,женский,45-54 года,1
2026-01-16,Промостатья: рынок и тренды 1 / М/Ж25-54 / интерес_франшиза / рся / #promo / 2512-1,женский,25‑34 года,1
2026-01-17,Промостатья: рынок и тренды 1 / М/Ж25-54 / интерес_открытие бизнеса / рся / #promo / 2512-1,мужской,25‑34 года,1
2026-01-17,Промостатья: рынок и тренды 1 / М/Ж25-54 / интерес_открытие бизнеса / рся / #promo / 2512-1,мужской,45-54 года,1
2026-01-17,Промостатья: рынок и тренды 1 / М/Ж25-54 / интерес_франшиза / рся / #promo / 2512-1,мужской,18‑24 года,1
2026-01-17,Промостатья: рынок и тренды 1 / М/Ж25-54 / интерес_франшиза / рся / #promo / 2512-1,мужской,45-54 года,1
2026-01-18,Промостатья: рынок и тренды 1 / М/Ж25-54 / интерес_открытие бизнеса / рся / #promo / 2512-1,мужской,45-54 года,1
2026-01-19,Промостатья: Моя история 1 | Цена перехода | Ж25-54,женский,45-54 года,1
2026-01-19,Промостатья: рынок и тренды 1 / М/Ж25-54 / интерес_открытие бизнеса / рся / #promo / 2512-1,мужской,45-54 года,1
2026-01-19,Промостатья: рынок и тренды 1 / М/Ж25-54 / интерес_открытие бизнеса / рся / #promo / 2512-1,женский,35‑44 года,1
2026-01-20,Промостатья: Моя история 1 | Цена перехода | Ж25-54,женский,45-54 года,1
2026-01-20,Промостатья: рынок и тренды 1 / М/Ж25-54 / интерес_открытие бизнеса / рся / #promo / 2512-1,мужской,45-54 года,1
2026-01-21,Промостатья: Моя история 1 | Цена перехода | Ж25-54,женский,45-54 года,1
2026-01-21,Промостатья: рынок и тренды 1 / М/Ж25-54 / интерес_открытие бизнеса / рся / #promo / 2512-1,мужской,35‑44 года,1
2026-01-21,Промостатья: рынок и тренды 1 / М/Ж25-54 / интерес_открытие бизнеса / рся / #promo / 2512-1,женский,35‑44 года,1
2026-01-22,Промостатья: Моя история 1 | Цена перехода | Ж25-54,женский,45-54 года,1
2026-01-23,Промостатья: Моя история 1 | Цена перехода | Ж25-54,женский,45-54 года,1
2026-01-23,Промостатья: рынок и тренды 1 / М/Ж25-54 / интерес_открытие бизнеса / рся / #promo / 2512-1,мужской,45-54 года,1
2026-01-23,Промостатья: рынок и тренды 1 / М/Ж25-54 / интерес_франшиза / рся / #promo / 2512-1,Не определено,Не определено,1
2026-01-24,Промостатья: Моя история 1 / Ж 25-54 / интерес_франшиза / рся / #dzen,женский,Не определено,1
2026-01-24,Промостатья: Моя история 1 / Ж 25-54 / интерес_франшиза / рся / #dzen,женский,55 лет и старше,1
2026-01-25,Промостатья: Моя история 1 / Ж 25-54 / интерес_франшиза / рся / #dzen,женский,35‑44 года,1
2026-01-26,Промостатья: Моя история 1 | Цена перехода | Ж25-54,женский,45-54 года,1
2026-01-26,Промостатья: рынок и тренды 1 / М/Ж25-54 / интерес_открытие бизнеса / рся / #promo / 2512-1,мужской,45-54 года,1
2026-01-26,Промостатья: рынок и тренды 1 / М/Ж25-54 / интерес_открытие бизнеса / рся / #promo / 2512-1,женский,18‑24 года,1
2026-01-26,Промостатья: рынок и тренды 1 / М/Ж25-54 / интерес_открытие бизнеса / рся / #promo / 2512-1,женский,45-54 года,1
2026-01-27,Промостатья: Моя история 1 / Ж 25-54 / интерес_франшиза / рся / #dzen,Не определено,35‑44 года,1
2026-01-27,Промостатья: Моя история 1 / Ж 25-54 / интерес_франшиза / рся / #dzen,мужской,25‑34 года,1
2026-01-27,Промостатья: Моя история 1 / Ж 25-54 / интерес_франшиза / рся / #dzen,женский,Не определено,1
2026-01-27,Промостатья: Моя история 1 | Цена перехода | Ж25-54,женский,45-54 года,1
2026-01-27,Промостатья: рынок и тренды 1 / М/Ж25-54 / интерес_открытие бизнеса / рся / #promo / 2512-1,женский,35‑44 года,1
2026-01-27,Промостатья: рынок и тренды 1 / М/Ж25-54 / интерес_открытие бизнеса / рся / #promo / 2512-1,женский,45-54 года,1
2026-01-27,Промостатья: рынок и тренды 1 / М/Ж25-54 / интерес_франшиза / рся / #promo / 2512-1,женский,45-54 года,1
2026-01-28,Промостатья: Моя история 1 / Ж 25-54 / интерес_франшиза / рся / #dzen,мужской,35‑44 года,1
2026-01-28,Промостатья: рынок и тренды 1 / М/Ж25-54 / интерес_франшиза / рся / #promo / 2512-1,женский,35‑44 года,1
2026-01-28,Промостатья: рынок и тренды 1 / М/Ж25-54 / интерес_франшиза / рся / #promo / 2512-1,женский,45-54 года,1
2026-01-29,Промостатья: Моя история 1 / Ж 25-54 / интерес_франшиза / рся / #dzen,мужской,Не определено,1
2026-01-29,Промостатья: Моя история 1 | Цена перехода | Ж25-54,женский,45-54 года,1
2026-01-30,Промостатья: Моя история 1 / Ж 25-54 / интерес_франшиза / рся / #dzen,мужской,55 лет и старше,1
2026-01-30,Промостатья: Моя история 1 / Ж 25-54 / интерес_франшиза / рся / #dzen,женский,55 лет и старше,1
2026-01-30,Промостатья: Моя история 1 | Цена перехода | Ж25-54,женский,45-54 года,1
2026-01-30,Промостатья: рынок и тренды 1 / М/Ж25-54 / интерес_открытие бизнеса / рся / #promo / 2512-1,мужской,25‑34 года,1
2026-01-31,Промостатья: Моя история 1 / Ж 25-54 / интерес_франшиза / рся / #dzen,мужской,45-54 года,1
2026-01-31,Промостатья: Моя история 1 / Ж 25-54 / интерес_франшиза / рся / #dzen,женский,55 лет и старше,1
2026-02-01,Промостатья: Моя история 1 / Ж 25-54 / интерес_франшиза / рся / #dzen,Не определено,45-54 года,1
2026-02-01,Промостатья: Моя история 1 / Ж 25-54 / интерес_франшиза / рся / #dzen,мужской,Не определено,1
2026-02-01,Промостатья: рынок и тренды 1 / М/Ж25-54 / интерес_франшиза / рся / #promo / 2512-1,женский,45-54 года,1
2026-02-02,Промостатья: Моя история 1 / Ж 25-54 / интерес_франшиза / рся / #dzen,женский,Не определено,1
2026-02-02,Промостатья: Моя история 1 / Ж 25-54 / интерес_франшиза / рся / #dzen,женский,18‑24 года,1
2026-02-02,Промостатья: Моя история 1 | Цена перехода | Ж25-54,женский,45-54 года,1
2026-02-03,Промостатья: Моя история 1 / Ж 25-54 / интерес_франшиза / рся / #dzen,Не определено,Не определено,1
2026-02-03,Промостатья: Моя история 1 | Цена перехода | Ж25-54,женский,45-54 года,1
2026-02-05,Промостатья: Моя история 1 | Цена перехода | Ж25-54,женский,45-54 года,1
2026-02-05,Промостатья: рынок и тренды 1 / М/Ж25-54 / интерес_франшиза / рся / #promo / 2512-1,Не определено,Не определено,1
2026-02-06,Промостатья: Моя история 1 / Ж 25-54 / интерес_франшиза / рся / #dzen,Не определено,Не определено,1
2026-02-06,Промостатья: Моя история 1 | Цена перехода | Ж25-54,женский,45-54 года,1
2026-02-06,Промостатья: рынок и тренды 1 / М/Ж25-54 / интерес_франшиза / рся / #promo / 2512-1,женский,35‑44 года,1
2026-02-07,Промостатья: Моя история 1 / Ж 25-54 / интерес_франшиза / рся / #dzen,женский,45-54 года,1
2026-02-09,Промостатья: Моя история 1 / Ж 25-54 / интерес_франшиза / рся / #dzen,Не определено,Не определено,1
2026-02-09,Промостатья: Моя история 1 / Ж 25-54 / интерес_франшиза / рся / #dzen,женский,25‑34 года,1
2026-02-09,Промостатья: Моя история 1 / Ж 25-54 / интерес_франшиза / рся / #dzen,женский,35‑44 года,1
2026-02-09,Промостатья: Моя история 1 / Ж 25-54 / интерес_франшиза / рся / #dzen,женский,55 лет и старше,1
2026-02-09,Промостатья: рынок и тренды 1 / М/Ж25-54 / интерес_открытие бизнеса / рся / #promo / 2512-1,Не определено,45-54 года,1
2026-02-09,Промостатья: рынок и тренды 1 / М/Ж25-54 / интерес_франшиза / рся / #promo / 2512-1,женский,45-54 года,1
2026-02-10,Промостатья: Моя история 1 / Ж 25-54 / интерес_франшиза / рся / #dzen,женский,45-54 года,1
2026-02-10,Промостатья: Моя история 1 | Цена перехода | Ж25-54,женский,45-54 года,1
2026-02-10,Промостатья: рынок и тренды 1 / М/Ж25-54 / интерес_открытие бизнеса / рся / #promo / 2512-1,мужской,35‑44 года,1
2026-02-10,Промостатья: рынок и тренды 1 / М/Ж25-54 / интерес_открытие бизнеса / рся / #promo / 2512-1,мужской,45-54 года,1
2026-02-10,Промостатья: рынок и тренды 1 / М/Ж25-54 / интерес_франшиза / рся / #promo / 2512-1,мужской,18‑24 года,1
2026-02-10,Промостатья: рынок и тренды 1 / М/Ж25-54 / интерес_франшиза / рся / #promo / 2512-1,женский,35‑44 года,1
2026-02-10,Промостатья: рынок и тренды 1 / М/Ж25-54 / интерес_франшиза / рся / #promo / 2512-1,женский,45-54 года,1
2026-02-11,Промостатья: Моя история 1 | Цена перехода | Ж25-54,женский,45-54 года,1
2026-02-11,Промостатья: рынок и тренды 1 / М/Ж25-54 / интерес_открытие бизнеса / рся / #promo / 2512-1,женский,35‑44 года,1
2026-02-11,Промостатья: рынок и тренды 1 / М/Ж25-54 / интерес_открытие бизнеса / рся / #promo / 2512-1,женский,45-54 года,1
2026-02-11,Промостатья: рынок и тренды 1 / М/Ж25-54 / интерес_франшиза / рся / #promo / 2512-1,Не определено,Не определено,1
2026-02-11,Промостатья: рынок и тренды 1 / М/Ж25-54 / интерес_франшиза / рся / #promo / 2512-1,мужской,45-54 года,1
2026-02-12,Промостатья: Моя история 1 / Ж 25-54 / интерес_франшиза / рся / #dzen,женский,35‑44 года,1
2026-02-12,Промостатья: Моя история 1 | Цена перехода | Ж25-54,женский,45-54 года,1
2026-02-12,Промостатья: рынок и тренды 1 / М/Ж25-54 / интерес_открытие бизнеса / рся / #promo / 2512-1,женский,18‑24 года,1
2026-02-12,Промостатья: рынок и тренды 1 / М/Ж25-54 / интерес_франшиза / рся / #promo / 2512-1,Не определено,45-54 года,1
2026-02-13,Промостатья: Моя история 1 | Цена перехода | Ж25-54,женский,45-54 года,1
2026-02-13,Промостатья: рынок и тренды 1 / М/Ж25-54 / интерес_открытие бизнеса / рся / #promo / 2512-1,женский,35‑44 года,1
2026-02-14,Промостатья: Моя история 1 / Ж 25-54 / интерес_франшиза / рся / #dzen,женский,45-54 года,1
2026-02-14,Промостатья: рынок и тренды 1 / М/Ж25-54 / интерес_открытие бизнеса / рся / #promo / 2512-1,мужской,45-54 года,1
2026-02-14,Промостатья: рынок и тренды 1 / М/Ж25-54 / интерес_открытие бизнеса / рся / #promo / 2512-1,женский,25‑34 года,1
2026-02-15,Промостатья: Моя история 1 / Ж 25-54 / интерес_франшиза / рся / #dzen,женский,45-54 года,1
2026-02-16,Промостатья: Моя история 1 / Ж 25-54 / интерес_франшиза / рся / #dzen,женский,45-54 года,1
2026-02-16,Промостатья: Моя история 1 | Цена перехода | Ж25-54,женский,45-54 года,1
2026-02-16,Промостатья: рынок и тренды 1 / М/Ж25-54 / интерес_открытие бизнеса / рся / #promo / 2512-1,мужской,25‑34 года,1
2026-02-17,Промостатья: Моя история 1 / Ж 25-54 / интерес_франшиза / рся / #dzen,женский,25‑34 года,1
2026-02-17,Промостатья: Моя история 1 | Цена перехода | Ж25-54,женский,45-54 года,1
2026-02-17,Промостатья: рынок и тренды 1 / М/Ж25-54 / интерес_открытие бизнеса / рся / #promo / 2512-1,мужской,45-54 года,1
2026-02-18,Промостатья: Моя история 1 / Ж 25-54 / интерес_франшиза / рся / #dzen,женский,45-54 года,1
2026-02-18,Промостатья: Моя история 1 | Цена перехода | Ж25-54,женский,45-54 года,1
2026-02-19,Промостатья: Моя история 1 | Цена перехода | Ж25-54,женский,45-54 года,1
2026-02-20,Промостатья: рынок и тренды 1 / М/Ж25-54 / интерес_открытие бизнеса / рся / #promo / 2512-1 (копия),мужской,25‑34 года,1
2026-02-20,Промостатья: рынок и тренды 1 / М/Ж25-54 / интерес_франшиза / рся / #promo / 2512-1,женский,45-54 года,1
2026-02-24,Промостатья: рынок и тренды 1 / М/Ж25-54 / интерес_франшиза / рся / #promo / 2512-1,женский,Не определено,1
2026-02-25,Промостатья: Моя история 1 / Ж 25-54 / интерес_франшиза / рся / #dzen / 2602-1,мужской,Не определено,1
2026-02-25,Промостатья: Моя история 1 / Ж 25-54 / интерес_франшиза / рся / #dzen / 2602-1,мужской,45-54 года,1
2026-02-25,Промостатья: Моя история 1 | Цена перехода | Ж25-54,женский,45-54 года,1
2026-02-25,Промостатья: рынок и тренды 1 / М/Ж25-54 / интерес_открытие бизнеса / рся / #promo / 2512-1 (копия),Не определено,25‑34 года,1
2026-02-25,Промостатья: рынок и тренды 1 / М/Ж25-54 / интерес_открытие бизнеса / рся / #promo / 2512-1 (копия),Не определено,55 лет и старше,1
2026-02-25,Промостатья: рынок и тренды 1 / М/Ж25-54 / интерес_открытие бизнеса / рся / #promo / 2512-1 (копия),женский,25‑34 года,1
2026-02-25,Промостатья: рынок и тренды 1 / М/Ж25-54 / интерес_франшиза / рся / #promo / 2512-1,женский,35‑44 года,1
2026-02-26,Промостатья: Моя история 1 / Ж 25-54 / интерес_франшиза / рся / #dzen / 2602-1,женский,Не определено,1
2026-02-26,Промостатья: Моя история 1 | Цена перехода | Ж25-54,женский,45-54 года,1
2026-02-26,Промостатья: рынок и тренды 1 / М/Ж25-54 / интерес_открытие бизнеса / рся / #promo / 2512-1 (копия),мужской,Не определено,1
2026-02-26,Промостатья: рынок и тренды 1 / М/Ж25-54 / интерес_открытие бизнеса / рся / #promo / 2512-1 (копия),мужской,25‑34 года,1
2026-02-26,Промостатья: рынок и тренды 1 / М/Ж25-54 / интерес_открытие бизнеса / рся / #promo / 2512-1 (копия),женский,Не определено,1
2026-02-26,Промостатья: рынок и тренды 1 / М/Ж25-54 / интерес_франшиза / рся / #promo / 2512-1,Не определено,45-54 года,1
2026-02-26,Промостатья: рынок и тренды 1 / М/Ж25-54 / интерес_франшиза / рся / #promo / 2512-1,мужской,18‑24 года,1
2026-02-26,Промостатья: рынок и тренды 1 / М/Ж25-54 / интерес_франшиза / рся / #promo / 2512-1,мужской,25‑34 года,1
2026-02-26,Промостатья: рынок и тренды 1 / М/Ж25-54 / интерес_франшиза / рся / #promo / 2512-1,мужской,35‑44 года,1
2026-02-27,Промостатья: Моя история 1 / Ж 25-54 / интерес_франшиза / рся / #dzen / 2602-1,мужской,25‑34 года,1
2026-02-28,Промостатья: Моя история 1 / Ж 25-54 / интерес_франшиза / рся / #dzen,женский,45-54 года,1
2026-02-28,Промостатья: Моя история 1 / Ж 25-54 / интерес_франшиза / рся / #dzen / 2602-1,женский,45-54 года,1
2026-03-02,Промостатья: Моя история 1 / Ж 25-54 / интерес_франшиза / рся / #dzen / 2602-1,женский,35‑44 года,1
2026-03-02,Промостатья: рынок и тренды 1 / М/Ж25-54 / интерес_открытие бизнеса / рся / #promo / 2512-1 (копия),женский,45-54 года,1
2026-03-03,Промостатья: Моя история 1 / Ж 25-54 / интерес_франшиза / рся / #dzen,женский,45-54 года,1
2026-03-09,Промостатья: Моя история 1 / Ж 25-54 / интерес_франшиза / рся / #dzen / 2602-1,Не определено,Не определено,1
2026-03-09,Промостатья: Моя история 1 / Ж 25-54 / интерес_франшиза / рся / #dzen / 2602-1,женский,25‑34 года,1
2026-03-09,Промостатья: рынок и тренды 1 / М/Ж25-54 / интерес_открытие бизнеса / рся / #promo / 2512-1 (копия),мужской,Не определено,1
2026-03-09,Промостатья: рынок и тренды 1 / М/Ж25-54 / интерес_открытие бизнеса / рся / #promo / 2512-1 (копия),женский,Не определено,1
2026-03-09,Промостатья: рынок и тренды 1 / М/Ж25-54 / интерес_франшиза / рся / #promo / 2512-1,мужской,18‑24 года,1
2026-03-10,Промостатья: рынок и тренды 1 / М/Ж25-54 / интерес_открытие бизнеса / рся / #promo / 2512-1 (копия),мужской,35‑44 года,1
2026-03-10,Промостатья: рынок и тренды 1 / М/Ж25-54 / интерес_открытие бизнеса / рся / #promo / 2512-1 (копия),женский,45-54 года,1
2026-03-12,Промостатья: Моя история 1 / Ж 25-54 / интерес_франшиза / рся / #dzen / 2602-1,мужской,45-54 года,1
2026-03-12,Промостатья: Моя история 1 / Ж 25-54 / интерес_франшиза / рся / #dzen / 2602-1,женский,25‑34 года,1
2026-03-13,Промостатья: Моя история 1 / Ж 25-54 / интерес_франшиза / рся / #dzen / 2602-1,женский,25‑34 года,1
2026-03-14,Промостатья: рынок и тренды 1 / М/Ж25-54 / интерес_открытие бизнеса / рся / #promo / 2512-1 (копия),женский,45-54 года,1
2026-03-16,Промостатья: Моя история 1 / Ж 25-54 / интерес_франшиза / рся / #dzen / 2602-1,женский,35‑44 года,1
2026-03-17,Промостатья: Моя история 1 / Ж 25-54 / интерес_франшиза / рся / #dzen / 2602-1,Не определено,Не определено,1
2026-03-17,Промостатья: Моя история 1 / Ж 25-54 / интерес_франшиза / рся / #dzen / 2602-1,женский,35‑44 года,1
2026-03-17,Промостатья: Моя история 1 / Ж 25-54 / интерес_франшиза / рся / #dzen / 2602-1,женский,45-54 года,1
2026-03-18,Промостатья: Моя история 1 / Ж 25-54 / интерес_франшиза / рся / #dzen / 2602-1,Не определено,Не определено,1
2026-03-23,Промостатья: рынок и тренды 1 / М/Ж25-54 / интерес_открытие бизнеса / рся / #promo / 2512-1 (копия),женский,45-54 года,1
2026-03-24,Промостатья: Моя история 1 / Ж 25-54 / интерес_франшиза / рся / #dzen / 2602-1,женский,25‑34 года,1
2026-03-24,Промостатья: Моя история 1 / Ж 25-54/ интерес_открытие бизнеса / рся / #dzen / 2603-1,женский,25‑34 года,1
2026-03-24,Промостатья: Моя история 1 / Ж 25-54/ интерес_открытие бизнеса / рся / #dzen / 2603-1,женский,35‑44 года,1
2026-03-24,Промостатья: рынок и тренды 1 / М25-44 / интерес_франшиза / рся / #dzen / 2603-1,мужской,Не определено,1
2026-03-24,Промостатья: рынок и тренды 1 / М25-44 / интерес_франшиза / рся / #dzen / 2603-1,мужской,45-54 года,1
2026-03-24,Промостатья: рынок и тренды 1 / М25-44 / интерес_франшиза / рся / #dzen / 2603-1,женский,Не определено,1
2026-03-24,Промостатья: рынок и тренды 1 / М25-44 / интерес_франшиза / рся / #dzen / 2603-1,женский,45-54 года,1
2026-03-25,Промостатья: Моя история 1 / Ж 25-54 / интерес_франшиза / рся / #dzen / 2602-1,женский,Не определено,1
2026-03-25,Промостатья: Моя история 1 / Ж 25-54 / интерес_франшиза / рся / #dzen / 2602-1,женский,35‑44 года,1
2026-03-25,Промостатья: Моя история 1 / Ж 25-54/ интерес_открытие бизнеса / рся / #dzen / 2603-1,мужской,55 лет и старше,1
2026-03-25,Промостатья: рынок и тренды 1 / М25-44 / интерес_франшиза / рся / #dzen / 2603-1,женский,Не определено,1
2026-03-25,Промостатья: рынок и тренды 1 / М25-44 / интерес_франшиза / рся / #dzen / 2603-1,женский,45-54 года,1
2026-03-26,Промостатья: Моя история 1 / Ж 25-54 / интерес_франшиза / рся / #dzen / 2602-1,Не определено,25‑34 года,1
2026-03-26,Промостатья: Моя история 1 / Ж 25-54 / интерес_франшиза / рся / #dzen / 2602-1,женский,25‑34 года,1
2026-03-26,Промостатья: Моя история 1 / Ж 25-54 / интерес_франшиза / рся / #dzen / 2602-1,женский,35‑44 года,1
2026-03-26,Промостатья: рынок и тренды 1 / М25-44 / интерес_франшиза / рся / #dzen / 2603-1,Не определено,25‑34 года,1
2026-03-26,Промостатья: рынок и тренды 1 / М25-44 / интерес_франшиза / рся / #dzen / 2603-1,женский,Не определено,1
2026-03-26,Промостатья: рынок и тренды 1 / М25-44 / интерес_франшиза / рся / #dzen / 2603-1,женский,35‑44 года,1
2026-03-27,Промостатья: Моя история 1 / Ж 25-54 / интерес_франшиза / рся / #dzen / 2602-1,женский,35‑44 года,1
2026-03-27,Промостатья: рынок и тренды 1 / М25-44 / интерес_франшиза / рся / #dzen / 2603-1,Не определено,Не определено,1
2026-03-27,Промостатья: рынок и тренды 1 / М25-44 / интерес_франшиза / рся / #dzen / 2603-1,мужской,35‑44 года,1
2026-03-29,Промостатья: Моя история 1 / Ж 25-54 / интерес_франшиза / рся / #dzen / 2602-1,женский,35‑44 года,1
2026-04-21,Промостатья: рынок и тренды 1 / М25-44 / интерес_франшиза / рся / #dzen / 2603-1,Не определено,Не определено,59
2026-04-27,Промостатья: Моя история 1 / Ж 25-54/ интерес_открытие бизнеса / рся / #dzen / 2603-1,женский,45-54 года,53
2026-04-21,Промостатья: рынок и тренды 1 / М25-44 / интерес_франшиза / рся / #dzen / 2603-1,мужской,45-54 года,46
2026-04-28,Промостатья: Моя история 1 / Ж 25-54/ интерес_открытие бизнеса / рся / #dzen / 2603-1,женский,45-54 года,42
2026-04-26,Промостатья: рынок и тренды 1 / М25-44 / интерес_франшиза / рся / #dzen / 2603-1,мужской,45-54 года,36
2026-04-27,Промостатья: Моя история 1 / Ж 25-54/ интерес_открытие бизнеса / рся / #dzen / 2603-1,женский,35‑44 года,36
2026-04-28,Промостатья: Моя история 1 / Ж 25-54/ интерес_открытие бизнеса / рся / #dzen / 2603-1,женский,35‑44 года,36
2026-04-21,Промостатья: рынок и тренды 1 / М25-44 / интерес_франшиза / рся / #dzen / 2603-1,мужской,35‑44 года,35
2026-04-26,Промостатья: рынок и тренды 1 / Ж25-44 / интерес_франшиза / рся / #dzen / 2404,женский,45-54 года,29
2026-04-15,Промостатья: рынок и тренды 1 / М25-44 / интерес_франшиза / рся / #dzen / 2603-1,мужской,35‑44 года,27
2026-04-25,Промостатья: рынок и тренды 1 / Ж25-44 / интерес_франшиза / рся / #dzen / 2404,женский,45-54 года,27
2026-04-25,Промостатья: рынок и тренды 1 / М25-44 / интерес_франшиза / рся / #dzen / 2603-1,мужской,45-54 года,27
2026-04-21,Промостатья: рынок и тренды 1 / М25-44 / интерес_франшиза / рся / #dzen / 2603-1,мужской,25‑34 года,22
2026-04-15,Промостатья: рынок и тренды 1 / М25-44 / интерес_франшиза / рся / #dzen / 2603-1,Не определено,Не определено,21
2026-04-27,Промостатья: рынок и тренды 1 / Ж25-44 / интерес_франшиза / рся / #dzen / 2404,женский,45-54 года,18
2026-04-25,Промостатья: рынок и тренды 1 / Ж25-44 / интерес_франшиза / рся / #dzen / 2404,женский,35‑44 года,17
2026-04-27,Промостатья: Моя история 1 / Ж 25-54/ интерес_открытие бизнеса / рся / #dzen / 2603-1,Не определено,Не определено,17
2026-05-24,Промостатья: Моя история 1 / Ж 25-54/ интерес_открытие бизнеса / рся / #dzen / 2603-1,женский,45-54 года,17
2026-04-15,Промостатья: рынок и тренды 1 / М25-44 / интерес_франшиза / рся / #dzen / 2603-1,мужской,25‑34 года,16
2026-05-29,Промостатья: Моя история 1 / Ж 25-54/ интерес_открытие бизнеса / рся / #dzen / 2603-1,женский,45-54 года,16
2026-04-21,Промостатья: рынок и тренды 1 / М25-44 / интерес_франшиза / рся / #dzen / 2603-1,мужской,55 лет и старше,15
2026-04-21,Промостатья: рынок и тренды 1 / М25-44 / интерес_франшиза / рся / #dzen / 2603-1,мужской,Не определено,13
2026-04-25,Промостатья: рынок и тренды 1 / М25-44 / интерес_франшиза / рся / #dzen / 2603-1,мужской,35‑44 года,13
2026-04-26,Промостатья: рынок и тренды 1 / М25-44 / интерес_франшиза / рся / #dzen / 2603-1,мужской,35‑44 года,13
2026-04-28,Промостатья: Моя история 1 / Ж 25-54/ интерес_открытие бизнеса / рся / #dzen / 2603-1,женский,25‑34 года,13
2026-05-23,Промостатья: Моя история 1 / Ж 25-54/ интерес_открытие бизнеса / рся / #dzen / 2603-1,женский,45-54 года,13
2026-04-27,Промостатья: Моя история 1 / Ж 25-54/ интерес_открытие бизнеса / рся / #dzen / 2603-1,женский,Не определено,12
2026-05-20,Промостатья: Моя история 1 / Ж 25-54/ интерес_открытие бизнеса / рся / #dzen / 2603-1,женский,45-54 года,12
2026-05-29,Промостатья: рынок и тренды 1 / Ж25-44 / интерес_франшиза / рся / #dzen / 2404,женский,45-54 года,11
2026-06-01,Промостатья: Моя история 1 / Ж 25-54/ интерес_открытие бизнеса / рся / #dzen / 2603-1,женский,35‑44 года,11
2026-06-01,Промостатья: Моя история 1 / Ж 25-54/ интерес_открытие бизнеса / рся / #dzen / 2603-1,женский,45-54 года,11
2026-04-27,Промостатья: Моя история 1 / Ж 25-54/ интерес_открытие бизнеса / рся / #dzen / 2603-1,женский,25‑34 года,10
2026-04-28,Промостатья: Моя история 1 / Ж 25-54/ интерес_открытие бизнеса / рся / #dzen / 2603-1,Не определено,Не определено,10
2026-05-28,Промостатья: Моя история 1 / Ж 25-54/ интерес_открытие бизнеса / рся / #dzen / 2603-1,женский,45-54 года,10
2026-05-28,Промостатья: рынок и тренды 1 / Ж25-44 / интерес_франшиза / рся / #dzen / 2404,женский,45-54 года,10
2026-04-15,Промостатья: рынок и тренды 1 / М25-44 / интерес_франшиза / рся / #dzen / 2603-1,женский,Не определено,9
2026-04-24,Промостатья: рынок и тренды 1 / Ж25-44 / интерес_франшиза / рся / #dzen / 2404,женский,45-54 года,9
2026-04-26,Промостатья: рынок и тренды 1 / Ж25-44 / интерес_франшиза / рся / #dzen / 2404,женский,35‑44 года,9
2026-04-26,Промостатья: рынок и тренды 1 / М25-44 / интерес_франшиза / рся / #dzen / 2603-1,мужской,25‑34 года,9
2026-04-27,Промостатья: рынок и тренды 1 / М25-44 / интерес_франшиза / рся / #dzen / 2603-1,мужской,45-54 года,9
2026-05-28,Промостатья: Моя история 1 / Ж 25-54/ интерес_открытие бизнеса / рся / #dzen / 2603-1,женский,25‑34 года,9
2026-04-16,Промостатья: рынок и тренды 1 / М25-44 / интерес_франшиза / рся / #dzen / 2603-1,мужской,35‑44 года,8
2026-04-28,Промостатья: Моя история 1 / Ж 25-54/ интерес_открытие бизнеса / рся / #dzen / 2603-1,женский,Не определено,8
2026-05-21,Промостатья: Моя история 1 / Ж 25-54/ интерес_открытие бизнеса / рся / #dzen / 2603-1,женский,45-54 года,8
2026-05-22,Промостатья: Моя история 1 / Ж 25-54/ интерес_открытие бизнеса / рся / #dzen / 2603-1,женский,45-54 года,8
2026-05-28,Промостатья: рынок и тренды 1 / Ж25-44 / интерес_франшиза / рся / #dzen / 2404,женский,35‑44 года,8
2026-06-16,Промостатья: Моя история 1 / Ж 25-54/ интерес_открытие бизнеса / рся / #dzen / 2603-1,женский,45-54 года,8
2026-04-25,Промостатья: рынок и тренды 1 / М25-44 / интерес_франшиза / рся / #dzen / 2603-1,мужской,25‑34 года,7
2026-04-27,Промостатья: рынок и тренды 1 / Ж25-44 / интерес_франшиза / рся / #dzen / 2404,женский,35‑44 года,7
2026-04-16,Промостатья: рынок и тренды 1 / М25-44 / интерес_франшиза / рся / #dzen / 2603-1,Не определено,Не определено,6
2026-04-17,Промостатья: рынок и тренды 1 / М25-44 / интерес_франшиза / рся / #dzen / 2603-1,Не определено,Не определено,6
2026-04-17,Промостатья: рынок и тренды 1 / М25-44 / интерес_франшиза / рся / #dzen / 2603-1,мужской,35‑44 года,6
2026-04-24,Промостатья: рынок и тренды 1 / Ж25-44 / интерес_франшиза / рся / #dzen / 2404,женский,35‑44 года,6
2026-04-27,Промостатья: Моя история 1 / Ж 25-54/ интерес_открытие бизнеса / рся / #dzen / 2603-1,женский,55 лет и старше,6
2026-04-29,Промостатья: рынок и тренды 1 / Ж25-44 / интерес_франшиза / рся / #dzen / 2404,женский,35‑44 года,6
2026-05-21,Промостатья: Моя история 1 / Ж 25-54/ интерес_открытие бизнеса / рся / #dzen / 2603-1,женский,35‑44 года,6
2026-05-25,Промостатья: Моя история 1 / Ж 25-54/ интерес_открытие бизнеса / рся / #dzen / 2603-1,женский,45-54 года,6
2026-05-29,Промостатья: Моя история 1 / Ж 25-54/ интерес_открытие бизнеса / рся / #dzen / 2603-1,женский,35‑44 года,6
2026-05-29,Промостатья: рынок и тренды 1 / Ж25-44 / интерес_франшиза / рся / #dzen / 2404,женский,25‑34 года,6
2026-05-29,Промостатья: рынок и тренды 1 / Ж25-44 / интерес_франшиза / рся / #dzen / 2404,женский,35‑44 года,6
2026-06-25,Промостатья: Моя история 1 / Ж 25-54/ интерес_открытие бизнеса / рся / #dzen / 2603-1,женский,45-54 года,6
2026-04-14,Промостатья: рынок и тренды 1 / М25-44 / интерес_франшиза / рся / #dzen / 2603-1,Не определено,Не определено,5
2026-04-15,Промостатья: рынок и тренды 1 / М25-44 / интерес_франшиза / рся / #dzen / 2603-1,мужской,55 лет и старше,5
2026-04-16,Промостатья: рынок и тренды 1 / М25-44 / интерес_франшиза / рся / #dzen / 2603-1,мужской,25‑34 года,5
2026-04-17,Промостатья: рынок и тренды 1 / М25-44 / интерес_франшиза / рся / #dzen / 2603-1,мужской,25‑34 года,5
2026-04-21,Промостатья: рынок и тренды 1 / М25-44 / интерес_франшиза / рся / #dzen / 2603-1,женский,25‑34 года,5
2026-04-21,Промостатья: рынок и тренды 1 / М25-44 / интерес_франшиза / рся / #dzen / 2603-1,женский,55 лет и старше,5
2026-04-25,Промостатья: рынок и тренды 1 / Ж25-44 / интерес_франшиза / рся / #dzen / 2404,Не определено,Не определено,5
2026-04-25,Промостатья: рынок и тренды 1 / Ж25-44 / интерес_франшиза / рся / #dzen / 2404,женский,25‑34 года,5
2026-04-25,Промостатья: рынок и тренды 1 / М25-44 / интерес_франшиза / рся / #dzen / 2603-1,Не определено,Не определено,5
2026-04-26,Промостатья: рынок и тренды 1 / М25-44 / интерес_франшиза / рся / #dzen / 2603-1,Не определено,Не определено,5
2026-04-26,Промостатья: рынок и тренды 1 / М25-44 / интерес_франшиза / рся / #dzen / 2603-1,мужской,Не определено,5
2026-05-20,Промостатья: Моя история 1 / Ж 25-54/ интерес_открытие бизнеса / рся / #dzen / 2603-1,женский,35‑44 года,5
2026-05-24,Промостатья: Моя история 1 / Ж 25-54/ интерес_открытие бизнеса / рся / #dzen / 2603-1,женский,35‑44 года,5
2026-05-27,Промостатья: Моя история 1 / Ж 25-54/ интерес_открытие бизнеса / рся / #dzen / 2603-1,женский,45-54 года,5
2026-05-28,Промостатья: рынок и тренды 1 / Ж25-44 / интерес_франшиза / рся / #dzen / 2404,Не определено,Не определено,5
2026-05-31,Промостатья: Моя история 1 / Ж 25-54/ интерес_открытие бизнеса / рся / #dzen / 2603-1,женский,45-54 года,5
2026-06-17,Промостатья: Моя история 1 / Ж 25-54/ интерес_открытие бизнеса / рся / #dzen / 2603-1,женский,45-54 года,5
2026-06-25,Промостатья: Моя история 1 / Ж 25-54 / интерес_франшиза / рся / #dzen / 2602-1,женский,45-54 года,5
2026-06-25,Промостатья: Моя история 1 / Ж 25-54/ интерес_открытие бизнеса / рся / #dzen / 2603-1,женский,35‑44 года,5
2026-06-29,Промостатья: Моя история 1 / Ж 25-54/ интерес_открытие бизнеса / рся / #dzen / 2603-1,женский,35‑44 года,5
2026-06-29,Промостатья: Моя история 1 / Ж 25-54/ интерес_открытие бизнеса / рся / #dzen / 2603-1,женский,45-54 года,5
2026-06-30,Промостатья: Моя история 1 / Ж 25-54 / интерес_франшиза / рся / #dzen / 2602-1,женский,45-54 года,5
2026-04-14,Промостатья: Моя история 1 / Ж 25-54 / интерес_франшиза / рся / #dzen / 2602-1,женский,45-54 года,4
2026-04-15,Промостатья: рынок и тренды 1 / М25-44 / интерес_франшиза / рся / #dzen / 2603-1,мужской,Не определено,4
2026-04-24,Промостатья: рынок и тренды 1 / Ж25-44 / интерес_франшиза / рся / #dzen / 2404,женский,25‑34 года,4
2026-04-27,Промостатья: рынок и тренды 1 / Ж25-44 / интерес_франшиза / рся / #dzen / 2404,женский,25‑34 года,4
2026-04-30,Промостатья: рынок и тренды 1 / Ж25-44 / интерес_франшиза / рся / #dzen / 2404,женский,35‑44 года,4
2026-05-29,Промостатья: Моя история 1 / Ж 25-54/ интерес_открытие бизнеса / рся / #dzen / 2603-1,женский,25‑34 года,4
2026-06-16,Промостатья: Моя история 1 / Ж 25-54/ интерес_открытие бизнеса / рся / #dzen / 2603-1,женский,35‑44 года,4
2026-06-28,Промостатья: Моя история 1 / Ж 25-54/ интерес_открытие бизнеса / рся / #dzen / 2603-1,женский,45-54 года,4
2026-04-14,Промостатья: рынок и тренды 1 / М25-44 / интерес_франшиза / рся / #dzen / 2603-1,мужской,25‑34 года,3
2026-04-14,Промостатья: рынок и тренды 1 / М25-44 / интерес_франшиза / рся / #dzen / 2603-1,мужской,35‑44 года,3
2026-04-17,Промостатья: рынок и тренды 1 / М25-44 / интерес_франшиза / рся / #dzen / 2603-1,женский,Не определено,3
2026-04-21,Промостатья: рынок и тренды 1 / М25-44 / интерес_франшиза / рся / #dzen / 2603-1,женский,Не определено,3
2026-04-22,Промостатья: рынок и тренды 1 / М25-44 / интерес_франшиза / рся / #dzen / 2603-1,мужской,45-54 года,3
2026-04-26,Промостатья: рынок и тренды 1 / Ж25-44 / интерес_франшиза / рся / #dzen / 2404,женский,25‑34 года,3
2026-04-27,Промостатья: рынок и тренды 1 / М25-44 / интерес_франшиза / рся / #dzen / 2603-1,мужской,35‑44 года,3
2026-05-17,Промостатья: Моя история 1 / Ж 25-54 / интерес_франшиза / рся / #dzen / 2602-1,женский,Не определено,3
2026-05-19,Промостатья: Моя история 1 / Ж 25-54 / интерес_франшиза / рся / #dzen / 2602-1,женский,25‑34 года,3
2026-05-20,Промостатья: Моя история 1 / Ж 25-54/ интерес_открытие бизнеса / рся / #dzen / 2603-1,женский,25‑34 года,3
2026-05-25,Промостатья: Моя история 1 / Ж 25-54/ интерес_открытие бизнеса / рся / #dzen / 2603-1,Не определено,Не определено,3
2026-05-26,Промостатья: Моя история 1 / Ж 25-54/ интерес_открытие бизнеса / рся / #dzen / 2603-1,женский,45-54 года,3
2026-05-27,Промостатья: Моя история 1 / Ж 25-54/ интерес_открытие бизнеса / рся / #dzen / 2603-1,Не определено,Не определено,3
2026-05-27,Промостатья: Моя история 1 / Ж 25-54/ интерес_открытие бизнеса / рся / #dzen / 2603-1,женский,35‑44 года,3
2026-05-28,Промостатья: рынок и тренды 1 / Ж25-44 / интерес_франшиза / рся / #dzen / 2404,женский,Не определено,3
2026-05-29,Промостатья: Моя история 1 / Ж 25-54 / интерес_франшиза / рся / #dzen / 2602-1,женский,45-54 года,3
2026-06-01,Промостатья: Моя история 1 / Ж 25-54/ интерес_открытие бизнеса / рся / #dzen / 2603-1,Не определено,Не определено,3
2026-06-02,Промостатья: Моя история 1 / Ж 25-54/ интерес_открытие бизнеса / рся / #dzen / 2603-1,женский,45-54 года,3
2026-06-15,Промостатья: Моя история 1 / Ж 25-54 / интерес_франшиза / рся / #dzen / 2602-1,женский,45-54 года,3
2026-06-15,Промостатья: Моя история 1 / Ж 25-54/ интерес_открытие бизнеса / рся / #dzen / 2603-1,женский,45-54 года,3
2026-06-25,Промостатья: Моя история 1 / Ж 25-54/ интерес_открытие бизнеса / рся / #dzen / 2603-1,женский,25‑34 года,3
2026-06-27,Промостатья: Моя история 1 / Ж 25-54/ интерес_открытие бизнеса / рся / #dzen / 2603-1,женский,45-54 года,3
2026-04-16,Промостатья: рынок и тренды 1 / М25-44 / интерес_франшиза / рся / #dzen / 2603-1,женский,55 лет и старше,2
2026-04-19,Промостатья: Моя история 1 / Ж 25-54 / интерес_франшиза / рся / #dzen / 2602-1,женский,35‑44 года,2
2026-04-21,Промостатья: рынок и тренды 1 / М25-44 / интерес_франшиза / рся / #dzen / 2603-1,Не определено,25‑34 года,2
2026-04-21,Промостатья: рынок и тренды 1 / М25-44 / интерес_франшиза / рся / #dzen / 2603-1,женский,45-54 года,2
2026-04-22,Промостатья: рынок и тренды 1 / М25-44 / интерес_франшиза / рся / #dzen / 2603-1,Не определено,Не определено,2
2026-04-25,Промостатья: рынок и тренды 1 / Ж25-44 / интерес_франшиза / рся / #dzen / 2404,мужской,55 лет и старше,2
2026-04-25,Промостатья: рынок и тренды 1 / Ж25-44 / интерес_франшиза / рся / #dzen / 2404,женский,Не определено,2
2026-04-25,Промостатья: рынок и тренды 1 / М25-44 / интерес_франшиза / рся / #dzen / 2603-1,мужской,Не определено,2
2026-04-25,Промостатья: рынок и тренды 1 / М25-44 / интерес_франшиза / рся / #dzen / 2603-1,женский,Не определено,2
2026-04-26,Промостатья: рынок и тренды 1 / Ж25-44 / интерес_франшиза / рся / #dzen / 2404,Не определено,Не определено,2
2026-04-26,Промостатья: рынок и тренды 1 / М25-44 / интерес_франшиза / рся / #dzen / 2603-1,мужской,55 лет и старше,2
2026-04-27,Промостатья: Моя история 1 / Ж 25-54/ интерес_открытие бизнеса / рся / #dzen / 2603-1,мужской,Не определено,2
2026-04-27,Промостатья: Моя история 1 / Ж 25-54/ интерес_открытие бизнеса / рся / #dzen / 2603-1,мужской,35‑44 года,2
2026-04-27,Промостатья: рынок и тренды 1 / Ж25-44 / интерес_франшиза / рся / #dzen / 2404,Не определено,35‑44 года,2
2026-04-28,Промостатья: Моя история 1 / Ж 25-54/ интерес_открытие бизнеса / рся / #dzen / 2603-1,Не определено,35‑44 года,2
2026-04-28,Промостатья: Моя история 1 / Ж 25-54/ интерес_открытие бизнеса / рся / #dzen / 2603-1,мужской,Не определено,2
2026-04-28,Промостатья: Моя история 1 / Ж 25-54/ интерес_открытие бизнеса / рся / #dzen / 2603-1,женский,55 лет и старше,2
2026-04-28,Промостатья: рынок и тренды 1 / Ж25-44 / интерес_франшиза / рся / #dzen / 2404,женский,35‑44 года,2
2026-04-28,Промостатья: рынок и тренды 1 / Ж25-44 / интерес_франшиза / рся / #dzen / 2404,женский,45-54 года,2
2026-04-29,Промостатья: Моя история 1 / Ж 25-54/ интерес_открытие бизнеса / рся / #dzen / 2603-1,женский,35‑44 года,2
2026-05-04,Промостатья: Моя история 1 / Ж 25-54 / интерес_франшиза / рся / #dzen / 2602-1,Не определено,Не определено,2
2026-05-04,Промостатья: Моя история 1 / Ж 25-54 / интерес_франшиза / рся / #dzen / 2602-1,женский,25‑34 года,2
2026-05-08,Промостатья: Моя история 1 / Ж 25-54 / интерес_франшиза / рся / #dzen / 2602-1,женский,35‑44 года,2
2026-05-10,Промостатья: Моя история 1 / Ж 25-54 / интерес_франшиза / рся / #dzen / 2602-1,женский,45-54 года,2
2026-05-11,Промостатья: Моя история 1 / Ж 25-54 / интерес_франшиза / рся / #dzen / 2602-1,женский,45-54 года,2
2026-05-14,Промостатья: Моя история 1 / Ж 25-54 / интерес_франшиза / рся / #dzen / 2602-1,женский,45-54 года,2
2026-05-15,Промостатья: Моя история 1 / Ж 25-54 / интерес_франшиза / рся / #dzen / 2602-1,Не определено,Не определено,2
2026-05-15,Промостатья: Моя история 1 / Ж 25-54 / интерес_франшиза / рся / #dzen / 2602-1,женский,35‑44 года,2
2026-05-16,Промостатья: Моя история 1 / Ж 25-54 / интерес_франшиза / рся / #dzen / 2602-1,женский,45-54 года,2
2026-05-18,Промостатья: Моя история 1 / Ж 25-54 / интерес_франшиза / рся / #dzen / 2602-1,Не определено,Не определено,2
2026-05-18,Промостатья: Моя история 1 / Ж 25-54 / интерес_франшиза / рся / #dzen / 2602-1,женский,35‑44 года,2
2026-05-21,Промостатья: Моя история 1 / Ж 25-54/ интерес_открытие бизнеса / рся / #dzen / 2603-1,женский,25‑34 года,2
2026-05-22,Промостатья: Моя история 1 / Ж 25-54/ интерес_открытие бизнеса / рся / #dzen / 2603-1,женский,35‑44 года,2
2026-05-24,Промостатья: Моя история 1 / Ж 25-54/ интерес_открытие бизнеса / рся / #dzen / 2603-1,женский,25‑34 года,2
2026-05-25,Промостатья: Моя история 1 / Ж 25-54/ интерес_открытие бизнеса / рся / #dzen / 2603-1,женский,25‑34 года,2
2026-05-25,Промостатья: Моя история 1 / Ж 25-54/ интерес_открытие бизнеса / рся / #dzen / 2603-1,женский,35‑44 года,2
2026-05-28,Промостатья: Моя история 1 / Ж 25-54 / интерес_франшиза / рся / #dzen / 2602-1,женский,25‑34 года,2
2026-05-28,Промостатья: Моя история 1 / Ж 25-54 / интерес_франшиза / рся / #dzen / 2602-1,женский,35‑44 года,2
2026-05-28,Промостатья: Моя история 1 / Ж 25-54 / интерес_франшиза / рся / #dzen / 2602-1,женский,45-54 года,2
2026-05-28,Промостатья: Моя история 1 / Ж 25-54/ интерес_открытие бизнеса / рся / #dzen / 2603-1,Не определено,Не определено,2
2026-05-28,Промостатья: рынок и тренды 1 / Ж25-44 / интерес_франшиза / рся / #dzen / 2404,женский,25‑34 года,2
2026-05-29,Промостатья: рынок и тренды 1 / Ж25-44 / интерес_франшиза / рся / #dzen / 2404,Не определено,Не определено,2
2026-05-29,Промостатья: рынок и тренды 1 / Ж25-44 / интерес_франшиза / рся / #dzen / 2404,женский,Не определено,2
2026-05-30,Промостатья: Моя история 1 / Ж 25-54/ интерес_открытие бизнеса / рся / #dzen / 2603-1,Не определено,Не определено,2
2026-05-30,Промостатья: Моя история 1 / Ж 25-54/ интерес_открытие бизнеса / рся / #dzen / 2603-1,женский,25‑34 года,2
2026-05-30,Промостатья: Моя история 1 / Ж 25-54/ интерес_открытие бизнеса / рся / #dzen / 2603-1,женский,35‑44 года,2
2026-05-31,Промостатья: Моя история 1 / Ж 25-54/ интерес_открытие бизнеса / рся / #dzen / 2603-1,Не определено,Не определено,2
2026-05-31,Промостатья: Моя история 1 / Ж 25-54/ интерес_открытие бизнеса / рся / #dzen / 2603-1,женский,35‑44 года,2
2026-06-01,Промостатья: Моя история 1 / Ж 25-54/ интерес_открытие бизнеса / рся / #dzen / 2603-1,женский,25‑34 года,2
2026-06-05,Промостатья: Моя история 1 / Ж 25-54/ интерес_открытие бизнеса / рся / #dzen / 2603-1,женский,35‑44 года,2
2026-06-08,Промостатья: Моя история 1 / Ж 25-54 / интерес_франшиза / рся / #dzen / 2602-1,женский,45-54 года,2
2026-06-09,Промостатья: Моя история 1 / Ж 25-54 / интерес_франшиза / рся / #dzen / 2602-1,женский,35‑44 года,2
2026-06-10,Промостатья: Моя история 1 / Ж 25-54 / интерес_франшиза / рся / #dzen / 2602-1,женский,45-54 года,2
2026-06-11,Промостатья: Моя история 1 / Ж 25-54 / интерес_франшиза / рся / #dzen / 2602-1,женский,45-54 года,2
2026-06-11,Промостатья: Моя история 1 / Ж 25-54/ интерес_открытие бизнеса / рся / #dzen / 2603-1,женский,35‑44 года,2
2026-06-12,Промостатья: Моя история 1 / Ж 25-54 / интерес_франшиза / рся / #dzen / 2602-1,женский,35‑44 года,2
2026-06-13,Промостатья: Моя история 1 / Ж 25-54 / интерес_франшиза / рся / #dzen / 2602-1,женский,35‑44 года,2
2026-06-15,Промостатья: Моя история 1 / Ж 25-54 / интерес_франшиза / рся / #dzen / 2602-1,Не определено,Не определено,2
2026-06-16,Промостатья: Моя история 1 / Ж 25-54/ интерес_открытие бизнеса / рся / #dzen / 2603-1,Не определено,Не определено,2
2026-06-17,Промостатья: Моя история 1 / Ж 25-54/ интерес_открытие бизнеса / рся / #dzen / 2603-1,Не определено,Не определено,2
2026-06-24,Промостатья: Моя история 1 / Ж 25-54/ интерес_открытие бизнеса / рся / #dzen / 2603-1,женский,45-54 года,2
2026-06-26,Промостатья: Моя история 1 / Ж 25-54/ интерес_открытие бизнеса / рся / #dzen / 2603-1,женский,45-54 года,2
2026-06-29,Промостатья: Моя история 1 / Ж 25-54 / интерес_франшиза / рся / #dzen / 2602-1,женский,25‑34 года,2
2026-06-29,Промостатья: Моя история 1 / Ж 25-54 / интерес_франшиза / рся / #dzen / 2602-1,женский,45-54 года,2
2026-06-30,Промостатья: рынок и тренды 1 / М25-44 / интерес_франшиза / рся / #dzen / 2603-1,мужской,55 лет и старше,2
2026-04-06,Промостатья: Моя история 1 / Ж 25-54 / интерес_франшиза / рся / #dzen / 2602-1,женский,45-54 года,1
2026-04-07,Промостатья: Моя история 1 / Ж 25-54 / интерес_франшиза / рся / #dzen / 2602-1,женский,45-54 года,1
2026-04-09,Промостатья: Моя история 1 / Ж 25-54 / интерес_франшиза / рся / #dzen / 2602-1,женский,45-54 года,1
2026-04-14,Промостатья: Моя история 1 / Ж 25-54 / интерес_франшиза / рся / #dzen / 2602-1,женский,35‑44 года,1
2026-04-14,Промостатья: рынок и тренды 1 / М25-44 / интерес_франшиза / рся / #dzen / 2603-1,мужской,45-54 года,1
2026-04-14,Промостатья: рынок и тренды 1 / М25-44 / интерес_франшиза / рся / #dzen / 2603-1,женский,55 лет и старше,1
2026-04-15,Промостатья: Моя история 1 / Ж 25-54 / интерес_франшиза / рся / #dzen / 2602-1,Не определено,Не определено,1
2026-04-15,Промостатья: Моя история 1 / Ж 25-54 / интерес_франшиза / рся / #dzen / 2602-1,женский,35‑44 года,1
2026-04-15,Промостатья: Моя история 1 / Ж 25-54 / интерес_франшиза / рся / #dzen / 2602-1,женский,45-54 года,1
2026-04-15,Промостатья: Моя история 1 / Ж 25-54 / интерес_франшиза / рся / #dzen / 2602-1,женский,55 лет и старше,1
2026-04-15,Промостатья: рынок и тренды 1 / М25-44 / интерес_франшиза / рся / #dzen / 2603-1,мужской,45-54 года,1
2026-04-15,Промостатья: рынок и тренды 1 / М25-44 / интерес_франшиза / рся / #dzen / 2603-1,женский,55 лет и старше,1
2026-04-16,Промостатья: Моя история 1 / Ж 25-54 / интерес_франшиза / рся / #dzen / 2602-1,женский,35‑44 года,1
2026-04-16,Промостатья: Моя история 1 / Ж 25-54 / интерес_франшиза / рся / #dzen / 2602-1,женский,45-54 года,1
2026-04-16,Промостатья: Моя история 1 / Ж 25-54 / интерес_франшиза / рся / #dzen / 2602-1,женский,55 лет и старше,1
2026-04-16,Промостатья: рынок и тренды 1 / М25-44 / интерес_франшиза / рся / #dzen / 2603-1,Не определено,25‑34 года,1
2026-04-16,Промостатья: рынок и тренды 1 / М25-44 / интерес_франшиза / рся / #dzen / 2603-1,Не определено,55 лет и старше,1
2026-04-16,Промостатья: рынок и тренды 1 / М25-44 / интерес_франшиза / рся / #dzen / 2603-1,мужской,Не определено,1
2026-04-17,Промостатья: Моя история 1 / Ж 25-54 / интерес_франшиза / рся / #dzen / 2602-1,Не определено,Не определено,1
2026-04-17,Промостатья: рынок и тренды 1 / М25-44 / интерес_франшиза / рся / #dzen / 2603-1,женский,35‑44 года,1
2026-04-17,Промостатья: рынок и тренды 1 / М25-44 / интерес_франшиза / рся / #dzen / 2603-1,женский,55 лет и старше,1
2026-04-18,Промостатья: рынок и тренды 1 / М25-44 / интерес_франшиза / рся / #dzen / 2603-1,женский,Не определено,1
2026-04-19,Промостатья: Моя история 1 / Ж 25-54 / интерес_франшиза / рся / #dzen / 2602-1,Не определено,Не определено,1
2026-04-19,Промостатья: Моя история 1 / Ж 25-54 / интерес_франшиза / рся / #dzen / 2602-1,женский,45-54 года,1
2026-04-21,Промостатья: Моя история 1 / Ж 25-54 / интерес_франшиза / рся / #dzen / 2602-1,женский,45-54 года,1
2026-04-21,Промостатья: рынок и тренды 1 / М25-44 / интерес_франшиза / рся / #dzen / 2603-1,Не определено,18‑24 года,1
2026-04-21,Промостатья: рынок и тренды 1 / М25-44 / интерес_франшиза / рся / #dzen / 2603-1,Не определено,45-54 года,1
2026-04-21,Промостатья: рынок и тренды 1 / М25-44 / интерес_франшиза / рся / #dzen / 2603-1,Не определено,55 лет и старше,1
2026-04-21,Промостатья: рынок и тренды 1 / М25-44 / интерес_франшиза / рся / #dzen / 2603-1,женский,35‑44 года,1
2026-04-22,Промостатья: Моя история 1 / Ж 25-54 / интерес_франшиза / рся / #dzen / 2602-1,женский,35‑44 года,1
2026-04-22,Промостатья: рынок и тренды 1 / М25-44 / интерес_франшиза / рся / #dzen / 2603-1,мужской,55 лет и старше,1
2026-04-23,Промостатья: Моя история 1 / Ж 25-54 / интерес_франшиза / рся / #dzen / 2602-1,женский,45-54 года,1
2026-04-23,Промостатья: рынок и тренды 1 / М25-44 / интерес_франшиза / рся / #dzen / 2603-1,мужской,25‑34 года,1
2026-04-24,Промостатья: рынок и тренды 1 / Ж25-44 / интерес_франшиза / рся / #dzen / 2404,мужской,55 лет и старше,1
2026-04-24,Промостатья: рынок и тренды 1 / Ж25-44 / интерес_франшиза / рся / #dzen / 2404,женский,Не определено,1
2026-04-24,Промостатья: рынок и тренды 1 / Ж25-44 / интерес_франшиза / рся / #dzen / 2404,женский,55 лет и старше,1
2026-04-24,Промостатья: рынок и тренды 1 / М25-44 / интерес_франшиза / рся / #dzen / 2603-1,мужской,25‑34 года,1
2026-04-24,Промостатья: рынок и тренды 1 / М25-44 / интерес_франшиза / рся / #dzen / 2603-1,мужской,45-54 года,1
2026-04-25,Промостатья: рынок и тренды 1 / Ж25-44 / интерес_франшиза / рся / #dzen / 2404,женский,55 лет и старше,1
2026-04-25,Промостатья: рынок и тренды 1 / М25-44 / интерес_франшиза / рся / #dzen / 2603-1,Не определено,25‑34 года,1
2026-04-26,Промостатья: Моя история 1 / Ж 25-54 / интерес_франшиза / рся / #dzen / 2602-1,Не определено,35‑44 года,1
2026-04-26,Промостатья: Моя история 1 / Ж 25-54/ интерес_открытие бизнеса / рся / #dzen / 2603-1,женский,45-54 года,1
2026-04-26,Промостатья: рынок и тренды 1 / Ж25-44 / интерес_франшиза / рся / #dzen / 2404,Не определено,45-54 года,1
2026-04-26,Промостатья: рынок и тренды 1 / Ж25-44 / интерес_франшиза / рся / #dzen / 2404,женский,55 лет и старше,1
2026-04-26,Промостатья: рынок и тренды 1 / М25-44 / интерес_франшиза / рся / #dzen / 2603-1,женский,45-54 года,1
2026-04-27,Промостатья: Моя история 1 / Ж 25-54 / интерес_франшиза / рся / #dzen / 2602-1,женский,45-54 года,1
2026-04-27,Промостатья: Моя история 1 / Ж 25-54/ интерес_открытие бизнеса / рся / #dzen / 2603-1,Не определено,35‑44 года,1
2026-04-27,Промостатья: Моя история 1 / Ж 25-54/ интерес_открытие бизнеса / рся / #dzen / 2603-1,мужской,55 лет и старше,1
2026-04-27,Промостатья: Моя история 1 / Ж 25-54/ интерес_открытие бизнеса / рся / #dzen / 2603-1,женский,младше 18 лет,1
2026-04-27,Промостатья: Моя история 1 / Ж 25-54/ интерес_открытие бизнеса / рся / #dzen / 2603-1,женский,18‑24 года,1
2026-04-27,Промостатья: рынок и тренды 1 / Ж25-44 / интерес_франшиза / рся / #dzen / 2404,Не определено,Не определено,1
2026-04-27,Промостатья: рынок и тренды 1 / Ж25-44 / интерес_франшиза / рся / #dzen / 2404,Не определено,55 лет и старше,1
2026-04-27,Промостатья: рынок и тренды 1 / Ж25-44 / интерес_франшиза / рся / #dzen / 2404,мужской,Не определено,1
2026-04-27,Промостатья: рынок и тренды 1 / М25-44 / интерес_франшиза / рся / #dzen / 2603-1,Не определено,Не определено,1
2026-04-28,Промостатья: Моя история 1 / Ж 25-54 / интерес_франшиза / рся / #dzen / 2602-1,Не определено,Не определено,1
2026-04-28,Промостатья: Моя история 1 / Ж 25-54/ интерес_открытие бизнеса / рся / #dzen / 2603-1,Не определено,25‑34 года,1
2026-04-28,Промостатья: Моя история 1 / Ж 25-54/ интерес_открытие бизнеса / рся / #dzen / 2603-1,мужской,45-54 года,1
2026-04-28,Промостатья: рынок и тренды 1 / М25-44 / интерес_франшиза / рся / #dzen / 2603-1,мужской,35‑44 года,1
2026-04-29,Промостатья: Моя история 1 / Ж 25-54 / интерес_франшиза / рся / #dzen / 2602-1,Не определено,Не определено,1
2026-04-29,Промостатья: Моя история 1 / Ж 25-54/ интерес_открытие бизнеса / рся / #dzen / 2603-1,женский,55 лет и старше,1
2026-04-30,Промостатья: Моя история 1 / Ж 25-54 / интерес_франшиза / рся / #dzen / 2602-1,Не определено,Не определено,1
2026-04-30,Промостатья: Моя история 1 / Ж 25-54/ интерес_открытие бизнеса / рся / #dzen / 2603-1,женский,35‑44 года,1
2026-04-30,Промостатья: рынок и тренды 1 / М25-44 / интерес_франшиза / рся / #dzen / 2603-1,Не определено,Не определено,1
2026-05-01,Промостатья: Моя история 1 / Ж 25-54 / интерес_франшиза / рся / #dzen / 2602-1,Не определено,Не определено,1
2026-05-04,Промостатья: Моя история 1 / Ж 25-54 / интерес_франшиза / рся / #dzen / 2602-1,женский,Не определено,1
2026-05-06,Промостатья: Моя история 1 / Ж 25-54 / интерес_франшиза / рся / #dzen / 2602-1,мужской,Не определено,1
2026-05-09,Промостатья: Моя история 1 / Ж 25-54 / интерес_франшиза / рся / #dzen / 2602-1,Не определено,Не определено,1
2026-05-10,Промостатья: Моя история 1 / Цена перехода / Ж25-54 / интерес_открытие бизнеса,женский,35‑44 года,1
2026-05-11,Промостатья: Моя история 1 / Ж 25-54 / интерес_франшиза / рся / #dzen / 2602-1,Не определено,45-54 года,1
2026-05-13,Промостатья: Моя история 1 / Ж 25-54/ интерес_открытие бизнеса / рся / #dzen / 2603-1,женский,35‑44 года,1
2026-05-14,Промостатья: Моя история 1 / Ж 25-54 / интерес_франшиза / рся / #dzen / 2602-1,женский,35‑44 года,1
2026-05-15,Промостатья: Моя история 1 / Ж 25-54 / интерес_франшиза / рся / #dzen / 2602-1,женский,45-54 года,1
2026-05-17,Промостатья: Моя история 1 / Ж 25-54 / интерес_франшиза / рся / #dzen / 2602-1,Не определено,35‑44 года,1
2026-05-17,Промостатья: Моя история 1 / Ж 25-54 / интерес_франшиза / рся / #dzen / 2602-1,мужской,35‑44 года,1
2026-05-17,Промостатья: Моя история 1 / Ж 25-54 / интерес_франшиза / рся / #dzen / 2602-1,женский,25‑34 года,1
2026-05-17,Промостатья: Моя история 1 / Ж 25-54 / интерес_франшиза / рся / #dzen / 2602-1,женский,35‑44 года,1
2026-05-21,Промостатья: Моя история 1 / Ж 25-54 / интерес_франшиза / рся / #dzen / 2602-1,Не определено,35‑44 года,1
2026-05-21,Промостатья: Моя история 1 / Ж 25-54 / интерес_франшиза / рся / #dzen / 2602-1,женский,25‑34 года,1
2026-05-21,Промостатья: Моя история 1 / Ж 25-54/ интерес_открытие бизнеса / рся / #dzen / 2603-1,Не определено,Не определено,1
2026-05-21,Промостатья: Моя история 1 / Ж 25-54/ интерес_открытие бизнеса / рся / #dzen / 2603-1,Не определено,25‑34 года,1
2026-05-21,Промостатья: Моя история 1 / Ж 25-54/ интерес_открытие бизнеса / рся / #dzen / 2603-1,женский,55 лет и старше,1
2026-05-22,Промостатья: Моя история 1 / Ж 25-54/ интерес_открытие бизнеса / рся / #dzen / 2603-1,Не определено,Не определено,1
2026-05-23,Промостатья: Моя история 1 / Ж 25-54/ интерес_открытие бизнеса / рся / #dzen / 2603-1,Не определено,Не определено,1
2026-05-23,Промостатья: Моя история 1 / Ж 25-54/ интерес_открытие бизнеса / рся / #dzen / 2603-1,женский,Не определено,1
2026-05-23,Промостатья: Моя история 1 / Ж 25-54/ интерес_открытие бизнеса / рся / #dzen / 2603-1,женский,35‑44 года,1
2026-05-23,Промостатья: Моя история 1 | Цена перехода | Ж25-54,Не определено,Не определено,1
2026-05-24,Промостатья: Моя история 1 / Ж 25-54 / интерес_франшиза / рся / #dzen / 2602-1,женский,Не определено,1
2026-05-24,Промостатья: Моя история 1 / Ж 25-54/ интерес_открытие бизнеса / рся / #dzen / 2603-1,женский,Не определено,1
2026-05-25,Промостатья: Моя история 1 / Ж 25-54 / интерес_франшиза / рся / #dzen / 2602-1,Не определено,Не определено,1
2026-05-26,Промостатья: Моя история 1 / Ж 25-54 / интерес_франшиза / рся / #dzen / 2602-1,женский,25‑34 года,1
2026-05-27,Промостатья: Моя история 1 / Ж 25-54 / интерес_франшиза / рся / #dzen / 2602-1,женский,45-54 года,1
2026-05-27,Промостатья: Моя история 1 / Ж 25-54/ интерес_открытие бизнеса / рся / #dzen / 2603-1,женский,25‑34 года,1
2026-05-28,Промостатья: Моя история 1 / Ж 25-54 / интерес_франшиза / рся / #dzen / 2602-1,Не определено,Не определено,1
2026-05-28,Промостатья: Моя история 1 / Ж 25-54 / интерес_франшиза / рся / #dzen / 2602-1,мужской,35‑44 года,1
2026-05-28,Промостатья: Моя история 1 / Ж 25-54/ интерес_открытие бизнеса / рся / #dzen / 2603-1,женский,35‑44 года,1
2026-05-29,Промостатья: Моя история 1 / Ж 25-54/ интерес_открытие бизнеса / рся / #dzen / 2603-1,Не определено,Не определено,1
2026-05-29,Промостатья: Моя история 1 / Ж 25-54/ интерес_открытие бизнеса / рся / #dzen / 2603-1,Не определено,25‑34 года,1
2026-05-29,Промостатья: Моя история 1 / Ж 25-54/ интерес_открытие бизнеса / рся / #dzen / 2603-1,женский,55 лет и старше,1
2026-05-30,Промостатья: Моя история 1 / Ж 25-54/ интерес_открытие бизнеса / рся / #dzen / 2603-1,женский,45-54 года,1
2026-05-31,Промостатья: Моя история 1 / Ж 25-54 / интерес_франшиза / рся / #dzen / 2602-1,женский,35‑44 года,1
2026-05-31,Промостатья: Моя история 1 / Ж 25-54 / интерес_франшиза / рся / #dzen / 2602-1,женский,45-54 года,1
2026-05-31,Промостатья: Моя история 1 / Ж 25-54 / интерес_франшиза / рся / #dzen / 2602-1,женский,55 лет и старше,1
2026-05-31,Промостатья: Моя история 1 / Ж 25-54/ интерес_открытие бизнеса / рся / #dzen / 2603-1,мужской,25‑34 года,1
2026-05-31,Промостатья: Моя история 1 / Ж 25-54/ интерес_открытие бизнеса / рся / #dzen / 2603-1,женский,55 лет и старше,1
2026-06-01,Промостатья: Моя история 1 / Ж 25-54 / интерес_франшиза / рся / #dzen / 2602-1,мужской,45-54 года,1
2026-06-01,Промостатья: Моя история 1 / Ж 25-54/ интерес_открытие бизнеса / рся / #dzen / 2603-1,женский,Не определено,1
2026-06-01,Промостатья: Моя история 1 / Ж 25-54/ интерес_открытие бизнеса / рся / #dzen / 2603-1,женский,55 лет и старше,1
2026-06-02,Промостатья: Моя история 1 / Ж 25-54 / интерес_франшиза / рся / #dzen / 2602-1,женский,25‑34 года,1
2026-06-02,Промостатья: Моя история 1 / Ж 25-54 / интерес_франшиза / рся / #dzen / 2602-1,женский,35‑44 года,1
2026-06-02,Промостатья: Моя история 1 / Ж 25-54 / интерес_франшиза / рся / #dzen / 2602-1,женский,45-54 года,1
2026-06-03,Промостатья: Моя история 1 / Ж 25-54 / интерес_франшиза / рся / #dzen / 2602-1,мужской,55 лет и старше,1
2026-06-03,Промостатья: Моя история 1 / Ж 25-54 / интерес_франшиза / рся / #dzen / 2602-1,женский,Не определено,1
2026-06-03,Промостатья: Моя история 1 / Ж 25-54 / интерес_франшиза / рся / #dzen / 2602-1,женский,25‑34 года,1
2026-06-03,Промостатья: Моя история 1 / Ж 25-54 / интерес_франшиза / рся / #dzen / 2602-1,женский,45-54 года,1
2026-06-03,Промостатья: Моя история 1 / Ж 25-54/ интерес_открытие бизнеса / рся / #dzen / 2603-1,женский,25‑34 года,1
2026-06-04,Промостатья: Моя история 1 / Ж 25-54/ интерес_открытие бизнеса / рся / #dzen / 2603-1,женский,45-54 года,1
2026-06-05,Промостатья: Моя история 1 / Ж 25-54 / интерес_франшиза / рся / #dzen / 2602-1,женский,35‑44 года,1
2026-06-05,Промостатья: Моя история 1 / Ж 25-54 / интерес_франшиза / рся / #dzen / 2602-1,женский,45-54 года,1
2026-06-05,Промостатья: Моя история 1 / Ж 25-54/ интерес_открытие бизнеса / рся / #dzen / 2603-1,женский,Не определено,1
2026-06-06,Промостатья: Моя история 1 / Ж 25-54 / интерес_франшиза / рся / #dzen / 2602-1,женский,45-54 года,1
2026-06-06,Промостатья: Моя история 1 / Ж 25-54/ интерес_открытие бизнеса / рся / #dzen / 2603-1,женский,25‑34 года,1
2026-06-06,Промостатья: Моя история 1 / Ж 25-54/ интерес_открытие бизнеса / рся / #dzen / 2603-1,женский,35‑44 года,1
2026-06-07,Промостатья: Моя история 1 / Ж 25-54/ интерес_открытие бизнеса / рся / #dzen / 2603-1,женский,35‑44 года,1
2026-06-07,Промостатья: Моя история 1 / Ж 25-54/ интерес_открытие бизнеса / рся / #dzen / 2603-1,женский,45-54 года,1
2026-06-08,Промостатья: Моя история 1 / Ж 25-54/ интерес_открытие бизнеса / рся / #dzen / 2603-1,женский,45-54 года,1
2026-06-09,Промостатья: Моя история 1 / Ж 25-54 / интерес_франшиза / рся / #dzen / 2602-1,Не определено,Не определено,1
2026-06-10,Промостатья: Моя история 1 / Ж 25-54 / интерес_франшиза / рся / #dzen / 2602-1,женский,35‑44 года,1
2026-06-12,Промостатья: Моя история 1 / Ж 25-54/ интерес_открытие бизнеса / рся / #dzen / 2603-1,женский,25‑34 года,1
2026-06-12,Промостатья: Моя история 1 / Ж 25-54/ интерес_открытие бизнеса / рся / #dzen / 2603-1,женский,35‑44 года,1
2026-06-13,Промостатья: Моя история 1 / Ж 25-54 / интерес_франшиза / рся / #dzen / 2602-1,женский,45-54 года,1
2026-06-13,Промостатья: Моя история 1 / Ж 25-54/ интерес_открытие бизнеса / рся / #dzen / 2603-1,женский,35‑44 года,1
2026-06-14,Промостатья: Моя история 1 / Ж 25-54/ интерес_открытие бизнеса / рся / #dzen / 2603-1,женский,35‑44 года,1
2026-06-14,Промостатья: Моя история 1 / Ж 25-54/ интерес_открытие бизнеса / рся / #dzen / 2603-1,женский,45-54 года,1
2026-06-15,Промостатья: Моя история 1 / Ж 25-54 / интерес_франшиза / рся / #dzen / 2602-1,женский,Не определено,1
2026-06-15,Промостатья: Моя история 1 / Ж 25-54 / интерес_франшиза / рся / #dzen / 2602-1,женский,35‑44 года,1
2026-06-15,Промостатья: Моя история 1 / Ж 25-54/ интерес_открытие бизнеса / рся / #dzen / 2603-1,женский,35‑44 года,1
2026-06-16,Промостатья: Моя история 1 / Ж 25-54/ интерес_открытие бизнеса / рся / #dzen / 2603-1,женский,25‑34 года,1
2026-06-16,Промостатья: Моя история 1 / Ж 25-54/ интерес_открытие бизнеса / рся / #dzen / 2603-1,женский,55 лет и старше,1
2026-06-17,Промостатья: Моя история 1 / Ж 25-54 / интерес_франшиза / рся / #dzen / 2602-1,женский,25‑34 года,1
2026-06-17,Промостатья: Моя история 1 / Ж 25-54/ интерес_открытие бизнеса / рся / #dzen / 2603-1,женский,25‑34 года,1
2026-06-17,Промостатья: Моя история 1 / Ж 25-54/ интерес_открытие бизнеса / рся / #dzen / 2603-1,женский,35‑44 года,1
2026-06-17,Промостатья: рынок и тренды 1 / М25-44 / интерес_франшиза / рся / #dzen / 2603-1,мужской,35‑44 года,1
2026-06-20,Промостатья: Моя история 1 / Ж 25-54 / интерес_франшиза / рся / #dzen / 2602-1,женский,Не определено,1
2026-06-20,Промостатья: Моя история 1 / Ж 25-54 / интерес_франшиза / рся / #dzen / 2602-1,женский,25‑34 года,1
2026-06-20,Промостатья: Моя история 1 / Ж 25-54 / интерес_франшиза / рся / #dzen / 2602-1,женский,45-54 года,1
2026-06-20,Промостатья: рынок и тренды 1 / М25-44 / интерес_франшиза / рся / #dzen / 2603-1,женский,55 лет и старше,1
2026-06-25,Промостатья: Моя история 1 / Ж 25-54 / интерес_франшиза / рся / #dzen / 2602-1,Не определено,Не определено,1
2026-06-25,Промостатья: Моя история 1 / Ж 25-54 / интерес_франшиза / рся / #dzen / 2602-1,Не определено,35‑44 года,1
2026-06-25,Промостатья: Моя история 1 / Ж 25-54 / интерес_франшиза / рся / #dzen / 2602-1,женский,25‑34 года,1
2026-06-25,Промостатья: Моя история 1 / Ж 25-54 / интерес_франшиза / рся / #dzen / 2602-1,женский,35‑44 года,1
2026-06-25,Промостатья: Моя история 1 / Ж 25-54/ интерес_открытие бизнеса / рся / #dzen / 2603-1,Не определено,Не определено,1
2026-06-25,Промостатья: Моя история 1 / Ж 25-54/ интерес_открытие бизнеса / рся / #dzen / 2603-1,женский,55 лет и старше,1
2026-06-26,Промостатья: Моя история 1 / Ж 25-54 / интерес_франшиза / рся / #dzen / 2602-1,женский,25‑34 года,1
2026-06-26,Промостатья: Моя история 1 / Ж 25-54/ интерес_открытие бизнеса / рся / #dzen / 2603-1,женский,35‑44 года,1
2026-06-26,Промостатья: рынок и тренды 1 / М25-44 / интерес_франшиза / рся / #dzen / 2603-1,мужской,35‑44 года,1
2026-06-27,Промостатья: Моя история 1 / Ж 25-54/ интерес_открытие бизнеса / рся / #dzen / 2603-1,женский,35‑44 года,1
2026-06-27,Промостатья: рынок и тренды 1 / М25-44 / интерес_франшиза / рся / #dzen / 2603-1,Не определено,Не определено,1
2026-06-28,Промостатья: Моя история 1 / Ж 25-54 / интерес_франшиза / рся / #dzen / 2602-1,женский,45-54 года,1
2026-06-28,Промостатья: Моя история 1 / Ж 25-54/ интерес_открытие бизнеса / рся / #dzen / 2603-1,Не определено,Не определено,1
2026-06-29,Промостатья: Моя история 1 / Ж 25-54 / интерес_франшиза / рся / #dzen / 2602-1,женский,35‑44 года,1
2026-06-29,Промостатья: Моя история 1 / Ж 25-54/ интерес_открытие бизнеса / рся / #dzen / 2603-1,женский,Не определено,1
2026-06-29,Промостатья: Моя история 1 / Ж 25-54/ интерес_открытие бизнеса / рся / #dzen / 2603-1,женский,55 лет и старше,1
2026-06-29,Промостатья: рынок и тренды 1 / М25-44 / интерес_франшиза / рся / #dzen / 2603-1,мужской,45-54 года,1
2026-06-30,Промостатья: Моя история 1 / Ж 25-54 / интерес_франшиза / рся / #dzen / 2602-1,Не определено,Не определено,1
2026-06-30,Промостатья: Моя история 1 / Ж 25-54 / интерес_франшиза / рся / #dzen / 2602-1,женский,25‑34 года,1
2026-06-30,Промостатья: Моя история 1 / Ж 25-54 / интерес_франшиза / рся / #dzen / 2602-1,женский,35‑44 года,1
2026-06-30,Промостатья: рынок и тренды 1 / М25-44 / интерес_франшиза / рся / #dzen / 2603-1,мужской,25‑34 года,1
2026-06-30,Промостатья: рынок и тренды 1 / М25-44 / интерес_франшиза / рся / #dzen / 2603-1,женский,25‑34 года,1
2026-06-30,Промостатья: рынок и тренды 1 / М25-44 / интерес_франшиза / рся / #dzen / 2603-1,женский,35‑44 года,1
2026-06-30,Промостатья: рынок и тренды 1 / М25-44 / интерес_франшиза / рся / #dzen / 2603-1,женский,55 лет и старше,1
2026-07-19,Промостатья: Моя история 1 / Ж 25-54/ интерес_открытие бизнеса / рся / #dzen / 2603-1,женский,45-54 года,18
2026-07-18,Промостатья: Моя история 1 / Ж 25-54/ интерес_открытие бизнеса / рся / #dzen / 2603-1,женский,45-54 года,14
2026-07-17,Промостатья: Моя история 1 / Ж 25-54/ интерес_открытие бизнеса / рся / #dzen / 2603-1,женский,35‑44 года,8
2026-07-17,Промостатья: Моя история 1 / Ж 25-54/ интерес_открытие бизнеса / рся / #dzen / 2603-1,женский,45-54 года,8
2026-07-04,Промостатья: Моя история 1 / Ж 25-54/ интерес_открытие бизнеса / рся / #dzen / 2603-1,женский,45-54 года,7
2026-07-19,Промостатья: Моя история 1 / Ж 25-54/ интерес_открытие бизнеса / рся / #dzen / 2603-1,женский,35‑44 года,7
2026-07-02,Промостатья: Моя история 1 / Ж 25-54/ интерес_открытие бизнеса / рся / #dzen / 2603-1,женский,45-54 года,6
2026-07-18,Промостатья: Моя история 1 / Ж 25-54/ интерес_открытие бизнеса / рся / #dzen / 2603-1,женский,35‑44 года,6
2026-07-09,Промостатья: Моя история 1 / Ж 25-54/ интерес_открытие бизнеса / рся / #dzen / 2603-1,женский,35‑44 года,5
2026-07-15,Промостатья: Моя история 1 / Ж 25-54/ интерес_открытие бизнеса / рся / #dzen / 2603-1,женский,45-54 года,5
2026-07-22,Промостатья: Моя история 1 / Ж 25-54/ интерес_открытие бизнеса / рся / #dzen / 2603-1,женский,35‑44 года,5
2026-07-01,Промостатья: Моя история 1 / Ж 25-54 / интерес_франшиза / рся / #dzen / 2602-1,женский,35‑44 года,4
2026-07-01,Промостатья: Моя история 1 / Ж 25-54/ интерес_открытие бизнеса / рся / #dzen / 2603-1,женский,45-54 года,4
2026-07-03,Промостатья: Моя история 1 / Ж 25-54/ интерес_открытие бизнеса / рся / #dzen / 2603-1,женский,45-54 года,4
2026-07-07,Промостатья: Моя история 1 / Ж 25-54/ интерес_открытие бизнеса / рся / #dzen / 2603-1,женский,35‑44 года,4
2026-07-08,Промостатья: Моя история 1 / Ж 25-54/ интерес_открытие бизнеса / рся / #dzen / 2603-1,женский,35‑44 года,4
2026-07-14,Промостатья: Моя история 1 / Ж 25-54/ интерес_открытие бизнеса / рся / #dzen / 2603-1,женский,35‑44 года,4
2026-07-14,Промостатья: Моя история 1 / Ж 25-54/ интерес_открытие бизнеса / рся / #dzen / 2603-1,женский,45-54 года,4
2026-07-16,Промостатья: Моя история 1 / Ж 25-54/ интерес_открытие бизнеса / рся / #dzen / 2603-1,женский,45-54 года,4
2026-07-28,Промостатья: Моя история 1 / Ж 25-54 / интерес_франшиза / рся / #dzen / 2602-1,женский,35‑44 года,4
2026-07-01,Промостатья: Моя история 1 / Ж 25-54 / интерес_франшиза / рся / #dzen / 2602-1,Не определено,Не определено,3
2026-07-03,Промостатья: Моя история 1 / Ж 25-54/ интерес_открытие бизнеса / рся / #dzen / 2603-1,женский,35‑44 года,3
2026-07-06,Промостатья: Моя история 1 / Ж 25-54/ интерес_открытие бизнеса / рся / #dzen / 2603-1,женский,45-54 года,3
2026-07-07,Промостатья: Моя история 1 / Ж 25-54/ интерес_открытие бизнеса / рся / #dzen / 2603-1,женский,25‑34 года,3
2026-07-08,Промостатья: Моя история 1 / Ж 25-54/ интерес_открытие бизнеса / рся / #dzen / 2603-1,женский,45-54 года,3
2026-07-09,Промостатья: Моя история 1 / Ж 25-54/ интерес_открытие бизнеса / рся / #dzen / 2603-1,женский,45-54 года,3
2026-07-18,Промостатья: Моя история 1 / Ж 25-54/ интерес_открытие бизнеса / рся / #dzen / 2603-1,женский,Не определено,3
2026-07-18,Промостатья: Моя история 1 / Ж 25-54/ интерес_открытие бизнеса / рся / #dzen / 2603-1,женский,25‑34 года,3
2026-07-22,Промостатья: Моя история 1 / Ж 25-54 / интерес_франшиза / рся / #dzen / 2602-1,женский,45-54 года,3
2026-07-22,Промостатья: рынок и тренды 1 / М25-44 / интерес_франшиза / рся / #dzen / 2603-1,мужской,45-54 года,3
2026-07-23,Промостатья: Моя история 1 / Ж 25-54/ интерес_открытие бизнеса / рся / #dzen / 2603-1,женский,35‑44 года,3
2026-07-24,Промостатья: Моя история 1 / Ж 25-54/ интерес_открытие бизнеса / рся / #dzen / 2603-1,женский,35‑44 года,3
2026-08-09,Промостатья: рынок и тренды 1 / М25-44 / интерес_франшиза / рся / #dzen / 2603-1,мужской,45-54 года,3
2026-07-01,Промостатья: Моя история 1 / Ж 25-54/ интерес_открытие бизнеса / рся / #dzen / 2603-1,женский,35‑44 года,2
2026-07-02,Промостатья: Моя история 1 / Ж 25-54 / интерес_франшиза / рся / #dzen / 2602-1,женский,35‑44 года,2
2026-07-02,Промостатья: Моя история 1 / Ж 25-54/ интерес_открытие бизнеса / рся / #dzen / 2603-1,женский,35‑44 года,2
2026-07-04,Промостатья: Моя история 1 / Ж 25-54/ интерес_открытие бизнеса / рся / #dzen / 2603-1,женский,25‑34 года,2
2026-07-04,Промостатья: Моя история 1 / Ж 25-54/ интерес_открытие бизнеса / рся / #dzen / 2603-1,женский,35‑44 года,2
2026-07-05,Промостатья: Моя история 1 / Ж 25-54/ интерес_открытие бизнеса / рся / #dzen / 2603-1,женский,25‑34 года,2
2026-07-07,Промостатья: Моя история 1 / Ж 25-54/ интерес_открытие бизнеса / рся / #dzen / 2603-1,женский,45-54 года,2
2026-07-07,Промостатья: рынок и тренды 1 / М25-44 / интерес_франшиза / рся / #dzen / 2603-1,мужской,45-54 года,2
2026-07-11,Промостатья: Моя история 1 / Ж 25-54 / интерес_франшиза / рся / #dzen / 2602-1,женский,45-54 года,2
2026-07-12,Промостатья: Моя история 1 / Ж 25-54/ интерес_открытие бизнеса / рся / #dzen / 2603-1,женский,35‑44 года,2
2026-07-13,Промостатья: Моя история 1 / Ж 25-54/ интерес_открытие бизнеса / рся / #dzen / 2603-1,женский,35‑44 года,2
2026-07-13,Промостатья: Моя история 1 / Ж 25-54/ интерес_открытие бизнеса / рся / #dzen / 2603-1,женский,45-54 года,2
2026-07-17,Промостатья: Моя история 1 / Ж 25-54/ интерес_открытие бизнеса / рся / #dzen / 2603-1,Не определено,Не определено,2
2026-07-18,Промостатья: Моя история 1 / Ж 25-54 / интерес_франшиза / рся / #dzen / 2602-1,женский,35‑44 года,2
2026-07-18,Промостатья: Моя история 1 / Ж 25-54/ интерес_открытие бизнеса / рся / #dzen / 2603-1,Не определено,Не определено,2
2026-07-19,Промостатья: Моя история 1 / Ж 25-54/ интерес_открытие бизнеса / рся / #dzen / 2603-1,женский,25‑34 года,2
2026-07-21,Промостатья: Моя история 1 / Ж 25-54 / интерес_франшиза / рся / #dzen / 2602-1,женский,35‑44 года,2
2026-07-21,Промостатья: Моя история 1 / Ж 25-54/ интерес_открытие бизнеса / рся / #dzen / 2603-1,женский,35‑44 года,2
2026-07-22,Промостатья: рынок и тренды 1 / М25-44 / интерес_франшиза / рся / #dzen / 2603-1,мужской,35‑44 года,2
2026-07-24,Промостатья: Моя история 1 / Ж 25-54/ интерес_открытие бизнеса / рся / #dzen / 2603-1,женский,25‑34 года,2
2026-07-25,Промостатья: Моя история 1 / Ж 25-54 / интерес_франшиза / рся / #dzen / 2602-1,Не определено,45-54 года,2
2026-07-25,Промостатья: Моя история 1 / Ж 25-54/ интерес_открытие бизнеса / рся / #dzen / 2603-1,женский,35‑44 года,2
2026-07-26,Промостатья: Моя история 1 / Ж 25-54/ интерес_открытие бизнеса / рся / #dzen / 2603-1,женский,35‑44 года,2
2026-07-27,Промостатья: Моя история 1 / Ж 25-54/ интерес_открытие бизнеса / рся / #dzen / 2603-1,женский,35‑44 года,2
2026-07-28,Промостатья: Моя история 1 / Ж 25-54 / интерес_франшиза / рся / #dzen / 2602-1,женский,45-54 года,2
2026-07-29,Промостатья: Моя история 1 / Ж 25-54/ интерес_открытие бизнеса / рся / #dzen / 2603-1,женский,35‑44 года,2
2026-07-30,Промостатья: Моя история 1 / Ж 25-54/ интерес_открытие бизнеса / рся / #dzen / 2603-1,женский,25‑34 года,2
2026-08-01,Промостатья: Моя история 1 / Ж 25-54/ интерес_открытие бизнеса / рся / #dzen / 2603-1,женский,35‑44 года,2
2026-08-10,Промостатья: Моя история 1 / Ж 25-54/ интерес_открытие бизнеса / рся / #dzen / 2603-1,женский,35‑44 года,2
2026-08-10,Промостатья: рынок и тренды 1 / М25-44 / интерес_франшиза / рся / #dzen / 2603-1,мужской,25‑34 года,2
2026-08-18,Промостатья: Моя история 1 / Ж 25-54/ интерес_открытие бизнеса / рся / #dzen / 2603-1,женский,35‑44 года,2
2026-08-19,Промостатья: рынок и тренды 1 / М25-44 / интерес_франшиза / рся / #dzen / 2603-1,мужской,25‑34 года,2
2026-07-01,Промостатья: Моя история 1 / Ж 25-54 / интерес_франшиза / рся / #dzen / 2602-1,мужской,45-54 года,1
2026-07-01,Промостатья: Моя история 1 / Ж 25-54 / интерес_франшиза / рся / #dzen / 2602-1,женский,25‑34 года,1
2026-07-01,Промостатья: Моя история 1 / Ж 25-54 / интерес_франшиза / рся / #dzen / 2602-1,женский,45-54 года,1
2026-07-01,Промостатья: Моя история 1 / Ж 25-54/ интерес_открытие бизнеса / рся / #dzen / 2603-1,мужской,55 лет и старше,1
2026-07-02,Промостатья: Моя история 1 / Ж 25-54 / интерес_франшиза / рся / #dzen / 2602-1,женский,45-54 года,1
2026-07-02,Промостатья: Моя история 1 / Ж 25-54/ интерес_открытие бизнеса / рся / #dzen / 2603-1,женский,младше 18 лет,1
2026-07-02,Промостатья: Моя история 1 / Ж 25-54/ интерес_открытие бизнеса / рся / #dzen / 2603-1,женский,25‑34 года,1
2026-07-02,Промостатья: рынок и тренды 1 / М25-44 / интерес_франшиза / рся / #dzen / 2603-1,Не определено,Не определено,1
2026-07-02,Промостатья: рынок и тренды 1 / М25-44 / интерес_франшиза / рся / #dzen / 2603-1,женский,25‑34 года,1
2026-07-03,Промостатья: Моя история 1 / Ж 25-54/ интерес_открытие бизнеса / рся / #dzen / 2603-1,Не определено,Не определено,1
2026-07-03,Промостатья: Моя история 1 / Ж 25-54/ интерес_открытие бизнеса / рся / #dzen / 2603-1,Не определено,45-54 года,1
2026-07-03,Промостатья: Моя история 1 / Ж 25-54/ интерес_открытие бизнеса / рся / #dzen / 2603-1,женский,25‑34 года,1
2026-07-03,Промостатья: рынок и тренды 1 / М25-44 / интерес_франшиза / рся / #dzen / 2603-1,мужской,25‑34 года,1
2026-07-03,Промостатья: рынок и тренды 1 / М25-44 / интерес_франшиза / рся / #dzen / 2603-1,мужской,35‑44 года,1
2026-07-04,Промостатья: Моя история 1 / Ж 25-54 / интерес_франшиза / рся / #dzen / 2602-1,Не определено,Не определено,1
2026-07-04,Промостатья: Моя история 1 / Ж 25-54 / интерес_франшиза / рся / #dzen / 2602-1,женский,25‑34 года,1
2026-07-04,Промостатья: Моя история 1 / Ж 25-54/ интерес_открытие бизнеса / рся / #dzen / 2603-1,мужской,45-54 года,1
2026-07-05,Промостатья: Моя история 1 / Ж 25-54/ интерес_открытие бизнеса / рся / #dzen / 2603-1,Не определено,Не определено,1
2026-07-05,Промостатья: Моя история 1 / Ж 25-54/ интерес_открытие бизнеса / рся / #dzen / 2603-1,женский,35‑44 года,1
2026-07-05,Промостатья: Моя история 1 / Ж 25-54/ интерес_открытие бизнеса / рся / #dzen / 2603-1,женский,45-54 года,1
2026-07-06,Промостатья: Моя история 1 / Ж 25-54/ интерес_открытие бизнеса / рся / #dzen / 2603-1,женский,35‑44 года,1
2026-07-07,Промостатья: Моя история 1 / Ж 25-54 / интерес_франшиза / рся / #dzen / 2602-1,женский,45-54 года,1
2026-07-07,Промостатья: Моя история 1 / Ж 25-54/ интерес_открытие бизнеса / рся / #dzen / 2603-1,Не определено,младше 18 лет,1
2026-07-08,Промостатья: Моя история 1 / Ж 25-54/ интерес_открытие бизнеса / рся / #dzen / 2603-1,женский,25‑34 года,1
2026-07-09,Промостатья: Моя история 1 / Ж 25-54/ интерес_открытие бизнеса / рся / #dzen / 2603-1,Не определено,Не определено,1
2026-07-10,Промостатья: Моя история 1 / Ж 25-54/ интерес_открытие бизнеса / рся / #dzen / 2603-1,Не определено,Не определено,1
2026-07-10,Промостатья: Моя история 1 / Ж 25-54/ интерес_открытие бизнеса / рся / #dzen / 2603-1,женский,25‑34 года,1
2026-07-10,Промостатья: Моя история 1 / Ж 25-54/ интерес_открытие бизнеса / рся / #dzen / 2603-1,женский,35‑44 года,1
2026-07-11,Промостатья: Моя история 1 / Ж 25-54 / интерес_франшиза / рся / #dzen / 2602-1,женский,35‑44 года,1
2026-07-12,Промостатья: Моя история 1 / Ж 25-54/ интерес_открытие бизнеса / рся / #dzen / 2603-1,мужской,35‑44 года,1
2026-07-12,Промостатья: Моя история 1 / Ж 25-54/ интерес_открытие бизнеса / рся / #dzen / 2603-1,женский,45-54 года,1
2026-07-13,Промостатья: Моя история 1 / Ж 25-54/ интерес_открытие бизнеса / рся / #dzen / 2603-1,женский,25‑34 года,1
2026-07-14,Промостатья: Моя история 1 / Ж 25-54/ интерес_открытие бизнеса / рся / #dzen / 2603-1,Не определено,Не определено,1
2026-07-14,Промостатья: Моя история 1 / Ж 25-54/ интерес_открытие бизнеса / рся / #dzen / 2603-1,женский,55 лет и старше,1
2026-07-15,Промостатья: Моя история 1 / Ж 25-54/ интерес_открытие бизнеса / рся / #dzen / 2603-1,женский,25‑34 года,1
2026-07-15,Промостатья: Моя история 1 / Ж 25-54/ интерес_открытие бизнеса / рся / #dzen / 2603-1,женский,35‑44 года,1
2026-07-16,Промостатья: Моя история 1 / Ж 25-54/ интерес_открытие бизнеса / рся / #dzen / 2603-1,Не определено,Не определено,1
2026-07-16,Промостатья: Моя история 1 / Ж 25-54/ интерес_открытие бизнеса / рся / #dzen / 2603-1,женский,25‑34 года,1
2026-07-16,Промостатья: Моя история 1 / Ж 25-54/ интерес_открытие бизнеса / рся / #dzen / 2603-1,женский,35‑44 года,1
2026-07-16,Промостатья: Моя история 1 / Ж 25-54/ интерес_открытие бизнеса / рся / #dzen / 2603-1,женский,55 лет и старше,1
2026-07-17,Промостатья: Моя история 1 / Ж 25-54 / интерес_франшиза / рся / #dzen / 2602-1,женский,25‑34 года,1
2026-07-17,Промостатья: Моя история 1 / Ж 25-54 / интерес_франшиза / рся / #dzen / 2602-1,женский,35‑44 года,1
2026-07-17,Промостатья: Моя история 1 / Ж 25-54 / интерес_франшиза / рся / #dzen / 2602-1,женский,45-54 года,1
2026-07-17,Промостатья: Моя история 1 / Ж 25-54/ интерес_открытие бизнеса / рся / #dzen / 2603-1,женский,25‑34 года,1
2026-07-18,Промостатья: Моя история 1 / Ж 25-54/ интерес_открытие бизнеса / рся / #dzen / 2603-1,женский,55 лет и старше,1
2026-07-19,Промостатья: Моя история 1 / Ж 25-54/ интерес_открытие бизнеса / рся / #dzen / 2603-1,Не определено,Не определено,1
2026-07-19,Промостатья: Моя история 1 / Ж 25-54/ интерес_открытие бизнеса / рся / #dzen / 2603-1,мужской,35‑44 года,1
2026-07-19,Промостатья: Моя история 1 / Ж 25-54/ интерес_открытие бизнеса / рся / #dzen / 2603-1,мужской,45-54 года,1
2026-07-19,Промостатья: Моя история 1 / Ж 25-54/ интерес_открытие бизнеса / рся / #dzen / 2603-1,мужской,55 лет и старше,1
2026-07-19,Промостатья: Моя история 1 / Ж 25-54/ интерес_открытие бизнеса / рся / #dzen / 2603-1,женский,Не определено,1
2026-07-19,Промостатья: Моя история 1 / Ж 25-54/ интерес_открытие бизнеса / рся / #dzen / 2603-1,женский,55 лет и старше,1
2026-07-20,Промостатья: Моя история 1 / Ж 25-54 / интерес_франшиза / рся / #dzen / 2602-1,женский,25‑34 года,1
2026-07-20,Промостатья: Моя история 1 / Ж 25-54 / интерес_франшиза / рся / #dzen / 2602-1,женский,35‑44 года,1
2026-07-20,Промостатья: Моя история 1 / Ж 25-54 / интерес_франшиза / рся / #dzen / 2602-1,женский,45-54 года,1
2026-07-20,Промостатья: рынок и тренды 1 / Ж25-44 / интерес_франшиза / рся / #dzen / 2404,женский,35‑44 года,1
2026-07-21,Промостатья: Моя история 1 / Ж 25-54 / интерес_франшиза / рся / #dzen / 2602-1,женский,45-54 года,1
2026-07-21,Промостатья: Моя история 1 / Ж 25-54/ интерес_открытие бизнеса / рся / #dzen / 2603-1,женский,18‑24 года,1
2026-07-21,Промостатья: рынок и тренды 1 / М25-44 / интерес_франшиза / рся / #dzen / 2603-1,мужской,45-54 года,1
2026-07-23,Промостатья: Моя история 1 / Ж 25-54 / интерес_франшиза / поиск / #dzen / 2607-1,женский,35‑44 года,1
2026-07-23,Промостатья: Моя история 1 / Ж 25-54 / интерес_франшиза / рся / #dzen / 2602-1,женский,25‑34 года,1
2026-07-23,Промостатья: Моя история 1 / Ж 25-54 / интерес_франшиза / рся / #dzen / 2602-1,женский,35‑44 года,1
2026-07-23,Промостатья: Моя история 1 / Ж 25-54 / интерес_франшиза / рся / #dzen / 2602-1,женский,55 лет и старше,1
2026-07-23,Промостатья: Моя история 1 / Ж 25-54/ интерес_открытие бизнеса / рся / #dzen / 2603-1,женский,25‑34 года,1
2026-07-23,Промостатья: рынок и тренды 1 / М25-44 / интерес_франшиза / рся / #dzen / 2603-1,мужской,45-54 года,1
2026-07-24,Промостатья: Моя история 1 / Ж 25-54/ интерес_открытие бизнеса / рся / #dzen / 2603-1,женский,45-54 года,1
2026-07-25,Промостатья: Моя история 1 / Ж 25-54 / интерес_франшиза / рся / #dzen / 2602-1,Не определено,Не определено,1
2026-07-25,Промостатья: рынок и тренды 1 / Ж25-44 / интерес_франшиза / рся / #dzen / 2404,женский,35‑44 года,1
2026-07-26,Промостатья: Моя история 1 / Ж 25-54 / интерес_франшиза / поиск / #dzen / 2607-1,женский,35‑44 года,1
2026-07-26,Промостатья: Моя история 1 / Ж 25-54 / интерес_франшиза / рся / #dzen / 2602-1,женский,45-54 года,1
2026-07-26,Промостатья: Моя история 1 / Ж 25-54/ интерес_открытие бизнеса / рся / #dzen / 2603-1,женский,25‑34 года,1
2026-07-26,Промостатья: Моя история 1 / Ж 25-54/ интерес_открытие бизнеса / рся / #dzen / 2603-1,женский,45-54 года,1
2026-07-26,Промостатья: рынок и тренды 1 / Ж25-44 / интерес_франшиза / рся / #dzen / 2404,женский,35‑44 года,1
2026-07-27,Промостатья: Моя история 1 / Ж 25-54/ интерес_открытие бизнеса / рся / #dzen / 2603-1,женский,45-54 года,1
2026-07-27,Промостатья: Моя история 1 / Ж 25-54/ интерес_открытие бизнеса / рся / #dzen / 2603-1,женский,55 лет и старше,1
2026-07-27,Промостатья: рынок и тренды 1 / Ж25-44 / интерес_франшиза / рся / #dzen / 2404,женский,25‑34 года,1
2026-07-27,Промостатья: рынок и тренды 1 / Ж25-44 / интерес_франшиза / рся / #dzen / 2404,женский,35‑44 года,1
2026-07-27,Промостатья: рынок и тренды 1 / М25-44 / интерес_франшиза / рся / #dzen / 2603-1,женский,Не определено,1
2026-07-28,Промостатья: Моя история 1 / Ж 25-54 / интерес_франшиза / рся / #dzen / 2602-1,Не определено,Не определено,1
2026-07-28,Промостатья: Моя история 1 / Ж 25-54 / интерес_франшиза / рся / #dzen / 2602-1,мужской,35‑44 года,1
2026-07-28,Промостатья: Моя история 1 / Ж 25-54 / интерес_франшиза / рся / #dzen / 2602-1,женский,25‑34 года,1
2026-07-28,Промостатья: Моя история 1 / Ж 25-54/ интерес_открытие бизнеса / рся / #dzen / 2603-1,женский,35‑44 года,1
2026-07-28,Промостатья: Моя история 1 / Ж 25-54/ интерес_открытие бизнеса / рся / #dzen / 2603-1,женский,45-54 года,1
2026-07-29,Промостатья: Моя история 1 / Ж 25-54/ интерес_открытие бизнеса / рся / #dzen / 2603-1,мужской,35‑44 года,1
2026-07-30,Промостатья: Моя история 1 / Ж 25-54 / интерес_франшиза / рся / #dzen / 2602-1,женский,Не определено,1
2026-07-30,Промостатья: Моя история 1 / Ж 25-54 / интерес_франшиза / рся / #dzen / 2602-1,женский,45-54 года,1
2026-07-31,Промостатья: Моя история 1 / Ж 25-54 / интерес_франшиза / рся / #dzen / 2602-1,мужской,45-54 года,1
2026-07-31,Промостатья: Моя история 1 / Ж 25-54 / интерес_франшиза / рся / #dzen / 2602-1,женский,45-54 года,1
2026-08-01,Промостатья: Моя история 1 / Ж 25-54 / интерес_франшиза / поиск / #dzen / 2607-1,женский,25‑34 года,1
2026-08-01,Промостатья: Моя история 1 / Ж 25-54 / интерес_франшиза / рся / #dzen / 2602-1,женский,25‑34 года,1
2026-08-01,Промостатья: Моя история 1 / Ж 25-54 / интерес_франшиза / рся / #dzen / 2602-1,женский,45-54 года,1
2026-08-01,Промостатья: Моя история 1 / Ж 25-54 / интерес_франшиза / рся / #dzen / 2602-1,женский,55 лет и старше,1
2026-08-01,Промостатья: рынок и тренды 1 / Ж25-44 / интерес_франшиза / рся / #dzen / 2404,женский,45-54 года,1
2026-08-01,Промостатья: рынок и тренды 1 / М25-44 / интерес_франшиза / рся / #dzen / 2603-1,мужской,25‑34 года,1
2026-08-02,Промостатья: Моя история 1 / Ж 25-54/ интерес_открытие бизнеса / рся / #dzen / 2603-1,женский,35‑44 года,1
2026-08-04,Промостатья: Моя история 1 / Ж 25-54/ интерес_открытие бизнеса / рся / #dzen / 2603-1,женский,35‑44 года,1
2026-08-09,Промостатья: Моя история 1 / Ж 25-54 / интерес_франшиза / рся / #dzen / 2602-1,женский,45-54 года,1
2026-08-09,Промостатья: рынок и тренды 1 / М25-44 / интерес_франшиза / рся / #dzen / 2603-1,мужской,35‑44 года,1
2026-08-10,Промостатья: Моя история 1 / Ж 25-54 / интерес_франшиза / рся / #dzen / 2602-1,женский,45-54 года,1
2026-08-10,Промостатья: Моя история 1 / Ж 25-54/ интерес_открытие бизнеса / рся / #dzen / 2603-1,женский,младше 18 лет,1
2026-08-10,Промостатья: Моя история 1 / Ж 25-54/ интерес_открытие бизнеса / рся / #dzen / 2603-1,женский,25‑34 года,1
2026-08-11,Промостатья: Моя история 1 / Ж 25-54 / интерес_франшиза / рся / #dzen / 2602-1,женский,35‑44 года,1
2026-08-11,Промостатья: Моя история 1 / Ж 25-54/ интерес_открытие бизнеса / рся / #dzen / 2603-1,женский,25‑34 года,1
2026-08-11,Промостатья: Моя история 1 / Ж 25-54/ интерес_открытие бизнеса / рся / #dzen / 2603-1,женский,35‑44 года,1
2026-08-12,Промостатья: Моя история 1 / Ж 25-54 / интерес_франшиза / поиск / #dzen / 2607-1,женский,35‑44 года,1
2026-08-12,Промостатья: Моя история 1 / Ж 25-54/ интерес_открытие бизнеса / рся / #dzen / 2603-1,женский,55 лет и старше,1
2026-08-18,Промостатья: Моя история 1 / Ж 25-54 / интерес_франшиза / рся / #dzen / 2602-1,женский,35‑44 года,1
2026-08-18,Промостатья: Моя история 1 / Ж 25-54/ интерес_открытие бизнеса / рся / #dzen / 2603-1,женский,25‑34 года,1
2026-08-18,Промостатья: Моя история 1 / Ж 25-54/ интерес_открытие бизнеса / рся / #dzen / 2603-1,женский,45-54 года,1
2026-08-18,Промостатья: рынок и тренды 1 / М25-44 / интерес_франшиза / рся / #dzen / 2603-1,мужской,25‑34 года,1
2026-08-19,Промостатья: рынок и тренды 1 / М25-44 / интерес_франшиза / рся / #dzen / 2603-1,Не определено,Не определено,1
2026-08-20,Промостатья: Моя история 1 / Ж 25-54 / интерес_франшиза / рся / #dzen / 2602-1,женский,35‑44 года,1
2026-08-20,Промостатья: рынок и тренды 1 / М25-44 / интерес_франшиза / рся / #dzen / 2603-1,мужской,45-54 года,1
2026-08-21,Промостатья: Моя история 1 / Ж 25-54 / интерес_франшиза / поиск / #dzen / 2607-1,женский,35‑44 года,1
2026-08-23,Промостатья: Моя история 1 / Ж 25-54 / интерес_франшиза / рся / #dzen / 2602-1,женский,45-54 года,1
