Дата визита,Источник трафика (детально),UTM Source,UTM Campaign,UTM Content,Визиты
2023-06-18,Яндекс ПромоСтраницы,yandex.promopages,Промостатья: Моя история 1 | Цена перехода | Ж25-54,"Как я преобразила свою жизнь, открыв зоомагазин_6489b3c2b218576c1a6c58ed",25
2023-06-27,Яндекс ПромоСтраницы,yandex.promopages,Промостатья: Моя история 1 | Цена перехода | Ж25-54,"Как я преобразила свою жизнь, открыв зоомагазин_6489b3c2b218576c1a6c58ed",19
2023-06-19,Яндекс ПромоСтраницы,yandex.promopages,Промостатья: Моя история 1 | Цена перехода | Ж25-54,"Как я преобразила свою жизнь, открыв зоомагазин_6489b3c2b218576c1a6c58ed",17
2023-06-20,Яндекс ПромоСтраницы,yandex.promopages,Промостатья: Моя история 1 | Цена перехода | Ж25-54,"Как я преобразила свою жизнь, открыв зоомагазин_6489b3c2b218576c1a6c58ed",14
2023-06-17,Яндекс ПромоСтраницы,yandex.promopages,Промостатья: Моя история 1 | Цена перехода | Ж25-54,"Как я преобразила свою жизнь, открыв зоомагазин_6489b3c2b218576c1a6c58ed",12
2023-06-30,Яндекс ПромоСтраницы,yandex.promopages,Промостатья: Моя история 1 | Цена перехода | Ж25-54,"Как я преобразила свою жизнь, открыв зоомагазин_6489b3c2b218576c1a6c58ed",12
2023-06-29,Яндекс ПромоСтраницы,yandex.promopages,Промостатья: Моя история 1 | Цена перехода | Ж25-54,"Как я преобразила свою жизнь, открыв зоомагазин_6489b3c2b218576c1a6c58ed",11
2023-06-16,Яндекс ПромоСтраницы,yandex.promopages,Промостатья: Моя история 1 | Цена перехода | Ж25-54,"Как ""Мокрый нос"" помог мне достичь успеха в бизнесе_6489b3c2b218576c1a6c58ed",5
2023-06-16,Яндекс ПромоСтраницы,yandex.promopages,Промостатья: Моя история 1 | Цена перехода | Ж25-54,"Как я преобразила свою жизнь, открыв зоомагазин_6489b3c2b218576c1a6c58ed",5
2023-06-15,Яндекс ПромоСтраницы,yandex.promopages,Промостатья: Моя история 1 | Цена перехода | Ж25-54,"Как я преобразила свою жизнь, открыв зоомагазин_6489b3c2b218576c1a6c58ed",2
2023-06-26,Яндекс ПромоСтраницы,yandex.promopages,Промостатья: Моя история 1 | Цена перехода | Ж25-54,"Как я преобразила свою жизнь, открыв зоомагазин_6489b3c2b218576c1a6c58ed",2
2023-06-15,Яндекс ПромоСтраницы,yandex.promopages,Промостатья: Моя история 1 | Цена перехода | Ж25-54,История успеха: мой путь от работницы к предпринимателю_6489b3c2b218576c1a6c58ed,1
2023-06-18,Яндекс ПромоСтраницы,yandex.promopages,Промостатья: Моя история 1 | Цена перехода | Ж25-54,"Как ""Мокрый нос"" помог мне достичь успеха в бизнесе_6489b3c2b218576c1a6c58ed",1
2023-06-19,Яндекс: Директ,yandex.promopages,Промостатья: Моя история 1 | Цена перехода | Ж25-54,"Как я преобразила свою жизнь, открыв зоомагазин_6489b3c2b218576c1a6c58ed",1
2023-06-22,Яндекс ПромоСтраницы,yandex.promopages,Промостатья: Моя история 1 | Цена перехода | Ж25-54,"Как я преобразила свою жизнь, открыв зоомагазин_6489b3c2b218576c1a6c58ed",1
2023-09-21,Яндекс ПромоСтраницы,yandex.promopages,Промостатья: Моя история 1 | Цена перехода | Ж25-54,"Как я преобразила свою жизнь, открыв зоомагазин_6489b3c2b218576c1a6c58ed",24
2023-08-22,Яндекс ПромоСтраницы,yandex.promopages,Промостатья: Моя история 1 | Цена перехода | Ж25-54,"Как я преобразила свою жизнь, открыв зоомагазин_6489b3c2b218576c1a6c58ed",23
2023-08-27,Яндекс ПромоСтраницы,yandex.promopages,Промостатья: Моя история 1 | Цена перехода | Ж25-54,"Как я преобразила свою жизнь, открыв зоомагазин_6489b3c2b218576c1a6c58ed",23
2023-08-29,Яндекс ПромоСтраницы,yandex.promopages,Промостатья: Моя история 1 | Цена перехода | Ж25-54,"Как я преобразила свою жизнь, открыв зоомагазин_6489b3c2b218576c1a6c58ed",23
2023-09-24,Яндекс ПромоСтраницы,yandex.promopages,Промостатья: Моя история 1 | Цена перехода | Ж25-54,"Как я преобразила свою жизнь, открыв зоомагазин_6489b3c2b218576c1a6c58ed",23
2023-07-12,Яндекс ПромоСтраницы,yandex.promopages,Промостатья: Моя история 1 | Цена перехода | Ж25-54,"Как я преобразила свою жизнь, открыв зоомагазин_6489b3c2b218576c1a6c58ed",21
2023-08-11,Яндекс ПромоСтраницы,yandex.promopages,Промостатья: Моя история 1 | Цена перехода | Ж25-54,"Как я преобразила свою жизнь, открыв зоомагазин_6489b3c2b218576c1a6c58ed",20
2023-07-15,Яндекс ПромоСтраницы,yandex.promopages,Промостатья: Моя история 1 | Цена перехода | Ж25-54,"Как я преобразила свою жизнь, открыв зоомагазин_6489b3c2b218576c1a6c58ed",19
2023-09-16,Яндекс ПромоСтраницы,yandex.promopages,Промостатья: Моя история 1 | Цена перехода | Ж25-54,"Как я преобразила свою жизнь, открыв зоомагазин_6489b3c2b218576c1a6c58ed",19
2023-09-22,Яндекс ПромоСтраницы,yandex.promopages,Промостатья: Моя история 1 | Цена перехода | Ж25-54,"Как я преобразила свою жизнь, открыв зоомагазин_6489b3c2b218576c1a6c58ed",19
2023-09-25,Яндекс ПромоСтраницы,yandex.promopages,Промостатья: Моя история 1 | Цена перехода | Ж25-54,"Как я преобразила свою жизнь, открыв зоомагазин_6489b3c2b218576c1a6c58ed",19
2023-08-19,Яндекс ПромоСтраницы,yandex.promopages,Промостатья: Моя история 1 | Цена перехода | Ж25-54,"Как я преобразила свою жизнь, открыв зоомагазин_6489b3c2b218576c1a6c58ed",18
2023-08-16,Яндекс ПромоСтраницы,yandex.promopages,Промостатья: Моя история 1 | Цена перехода | Ж25-54,"Как я преобразила свою жизнь, открыв зоомагазин_6489b3c2b218576c1a6c58ed",16
2023-09-17,Яндекс ПромоСтраницы,yandex.promopages,Промостатья: Моя история 1 | Цена перехода | Ж25-54,"Как я преобразила свою жизнь, открыв зоомагазин_6489b3c2b218576c1a6c58ed",16
2023-09-19,Яндекс ПромоСтраницы,yandex.promopages,Промостатья: Моя история 1 | Цена перехода | Ж25-54,"Как я преобразила свою жизнь, открыв зоомагазин_6489b3c2b218576c1a6c58ed",16
2023-07-01,Яндекс ПромоСтраницы,yandex.promopages,Промостатья: Моя история 1 | Цена перехода | Ж25-54,"Как я преобразила свою жизнь, открыв зоомагазин_6489b3c2b218576c1a6c58ed",15
2023-08-09,Яндекс ПромоСтраницы,yandex.promopages,Промостатья: Моя история 1 | Цена перехода | Ж25-54,"Как я преобразила свою жизнь, открыв зоомагазин_6489b3c2b218576c1a6c58ed",15
2023-08-10,Яндекс ПромоСтраницы,yandex.promopages,Промостатья: Моя история 1 | Цена перехода | Ж25-54,"Как я преобразила свою жизнь, открыв зоомагазин_6489b3c2b218576c1a6c58ed",15
2023-08-15,Яндекс ПромоСтраницы,yandex.promopages,Промостатья: Моя история 1 | Цена перехода | Ж25-54,"Как я преобразила свою жизнь, открыв зоомагазин_6489b3c2b218576c1a6c58ed",15
2023-08-18,Яндекс ПромоСтраницы,yandex.promopages,Промостатья: Моя история 1 | Цена перехода | Ж25-54,"Как я преобразила свою жизнь, открыв зоомагазин_6489b3c2b218576c1a6c58ed",15
2023-07-25,Яндекс ПромоСтраницы,yandex.promopages,Промостатья: Моя история 1 | Цена перехода | Ж25-54,"Как я преобразила свою жизнь, открыв зоомагазин_6489b3c2b218576c1a6c58ed",14
2023-08-21,Яндекс ПромоСтраницы,yandex.promopages,Промостатья: Моя история 1 | Цена перехода | Ж25-54,"Как я преобразила свою жизнь, открыв зоомагазин_6489b3c2b218576c1a6c58ed",14
2023-09-18,Яндекс ПромоСтраницы,yandex.promopages,Промостатья: Моя история 1 | Цена перехода | Ж25-54,"Как я преобразила свою жизнь, открыв зоомагазин_6489b3c2b218576c1a6c58ed",14
2023-09-26,Яндекс ПромоСтраницы,yandex.promopages,Промостатья: Моя история 1 | Цена перехода | Ж25-54,"Как я преобразила свою жизнь, открыв зоомагазин_6489b3c2b218576c1a6c58ed",14
2023-07-14,Яндекс ПромоСтраницы,yandex.promopages,Промостатья: Моя история 1 | Цена перехода | Ж25-54,"Как я преобразила свою жизнь, открыв зоомагазин_6489b3c2b218576c1a6c58ed",13
2023-07-27,Яндекс ПромоСтраницы,yandex.promopages,Промостатья: Моя история 1 | Цена перехода | Ж25-54,"Как я преобразила свою жизнь, открыв зоомагазин_6489b3c2b218576c1a6c58ed",13
2023-08-17,Яндекс ПромоСтраницы,yandex.promopages,Промостатья: Моя история 1 | Цена перехода | Ж25-54,"Как я преобразила свою жизнь, открыв зоомагазин_6489b3c2b218576c1a6c58ed",13
2023-08-26,Яндекс ПромоСтраницы,yandex.promopages,Промостатья: Моя история 1 | Цена перехода | Ж25-54,"Как я преобразила свою жизнь, открыв зоомагазин_6489b3c2b218576c1a6c58ed",13
2023-08-28,Яндекс ПромоСтраницы,yandex.promopages,Промостатья: Моя история 1 | Цена перехода | Ж25-54,"Как я преобразила свою жизнь, открыв зоомагазин_6489b3c2b218576c1a6c58ed",13
2023-09-20,Яндекс ПромоСтраницы,yandex.promopages,Промостатья: Моя история 1 | Цена перехода | Ж25-54,"Как я преобразила свою жизнь, открыв зоомагазин_6489b3c2b218576c1a6c58ed",13
2023-07-28,Яндекс ПромоСтраницы,yandex.promopages,Промостатья: Моя история 1 | Цена перехода | Ж25-54,"Как я преобразила свою жизнь, открыв зоомагазин_6489b3c2b218576c1a6c58ed",12
2023-08-14,Яндекс ПромоСтраницы,yandex.promopages,Промостатья: Моя история 1 | Цена перехода | Ж25-54,"Как я преобразила свою жизнь, открыв зоомагазин_6489b3c2b218576c1a6c58ed",12
2023-07-03,Яндекс ПромоСтраницы,yandex.promopages,Промостатья: Моя история 1 | Цена перехода | Ж25-54,"Как я преобразила свою жизнь, открыв зоомагазин_6489b3c2b218576c1a6c58ed",11
2023-07-26,Яндекс ПромоСтраницы,yandex.promopages,Промостатья: Моя история 1 | Цена перехода | Ж25-54,"Как я преобразила свою жизнь, открыв зоомагазин_6489b3c2b218576c1a6c58ed",11
2023-08-04,Яндекс ПромоСтраницы,yandex.promopages,Промостатья: Моя история 1 | Цена перехода | Ж25-54,"Как я преобразила свою жизнь, открыв зоомагазин_6489b3c2b218576c1a6c58ed",11
2023-08-12,Яндекс ПромоСтраницы,yandex.promopages,Промостатья: Моя история 1 | Цена перехода | Ж25-54,"Как я преобразила свою жизнь, открыв зоомагазин_6489b3c2b218576c1a6c58ed",11
2023-08-23,Яндекс ПромоСтраницы,yandex.promopages,Промостатья: Моя история 1 | Цена перехода | Ж25-54,"Как я преобразила свою жизнь, открыв зоомагазин_6489b3c2b218576c1a6c58ed",11
2023-07-02,Яндекс ПромоСтраницы,yandex.promopages,Промостатья: Моя история 1 | Цена перехода | Ж25-54,"Как я преобразила свою жизнь, открыв зоомагазин_6489b3c2b218576c1a6c58ed",10
2023-07-11,Яндекс ПромоСтраницы,yandex.promopages,Промостатья: Моя история 1 | Цена перехода | Ж25-54,"Как я преобразила свою жизнь, открыв зоомагазин_6489b3c2b218576c1a6c58ed",10
2023-08-13,Яндекс ПромоСтраницы,yandex.promopages,Промостатья: Моя история 1 | Цена перехода | Ж25-54,"Как я преобразила свою жизнь, открыв зоомагазин_6489b3c2b218576c1a6c58ed",10
2023-08-25,Яндекс ПромоСтраницы,yandex.promopages,Промостатья: Моя история 1 | Цена перехода | Ж25-54,"Как я преобразила свою жизнь, открыв зоомагазин_6489b3c2b218576c1a6c58ed",10
2023-09-23,Яндекс ПромоСтраницы,yandex.promopages,Промостатья: Моя история 1 | Цена перехода | Ж25-54,"Как я преобразила свою жизнь, открыв зоомагазин_6489b3c2b218576c1a6c58ed",10
2023-08-20,Яндекс ПромоСтраницы,yandex.promopages,Промостатья: Моя история 1 | Цена перехода | Ж25-54,"Как я преобразила свою жизнь, открыв зоомагазин_6489b3c2b218576c1a6c58ed",9
2023-08-05,Яндекс ПромоСтраницы,yandex.promopages,Промостатья: Моя история 1 | Цена перехода | Ж25-54,"Как я преобразила свою жизнь, открыв зоомагазин_6489b3c2b218576c1a6c58ed",8
2023-08-06,Яндекс ПромоСтраницы,yandex.promopages,Промостатья: Моя история 1 | Цена перехода | Ж25-54,"Как я преобразила свою жизнь, открыв зоомагазин_6489b3c2b218576c1a6c58ed",8
2023-09-27,Яндекс ПромоСтраницы,yandex.promopages,Промостатья: Моя история 1 | Цена перехода | Ж25-54,"Как я преобразила свою жизнь, открыв зоомагазин_6489b3c2b218576c1a6c58ed",8
2023-07-23,Яндекс ПромоСтраницы,yandex.promopages,Промостатья: Моя история 1 | Цена перехода | Ж25-54,"Как я преобразила свою жизнь, открыв зоомагазин_6489b3c2b218576c1a6c58ed",6
2023-07-24,Яндекс ПромоСтраницы,yandex.promopages,Промостатья: Моя история 1 | Цена перехода | Ж25-54,"Как я преобразила свою жизнь, открыв зоомагазин_6489b3c2b218576c1a6c58ed",6
2023-07-29,Яндекс ПромоСтраницы,yandex.promopages,Промостатья: Моя история 1 | Цена перехода | Ж25-54,"Как я преобразила свою жизнь, открыв зоомагазин_6489b3c2b218576c1a6c58ed",6
2023-08-01,Яндекс ПромоСтраницы,yandex.promopages,Промостатья: Моя история 1 | Цена перехода | Ж25-54,"Как я преобразила свою жизнь, открыв зоомагазин_6489b3c2b218576c1a6c58ed",6
2023-08-08,Яндекс ПромоСтраницы,yandex.promopages,Промостатья: Моя история 1 | Цена перехода | Ж25-54,"Как я преобразила свою жизнь, открыв зоомагазин_6489b3c2b218576c1a6c58ed",6
2023-09-15,Яндекс ПромоСтраницы,yandex.promopages,Промостатья: Моя история 1 | Цена перехода | Ж25-54,"Как я преобразила свою жизнь, открыв зоомагазин_6489b3c2b218576c1a6c58ed",6
2023-07-21,Яндекс ПромоСтраницы,yandex.promopages,Промостатья: Моя история 1 | Цена перехода | Ж25-54,"Как я преобразила свою жизнь, открыв зоомагазин_6489b3c2b218576c1a6c58ed",5
2023-08-07,Яндекс ПромоСтраницы,yandex.promopages,Промостатья: Моя история 1 | Цена перехода | Ж25-54,"Как я преобразила свою жизнь, открыв зоомагазин_6489b3c2b218576c1a6c58ed",5
2023-07-13,Яндекс ПромоСтраницы,yandex.promopages,Промостатья: Моя история 1 | Цена перехода | Ж25-54,"Как я преобразила свою жизнь, открыв зоомагазин_6489b3c2b218576c1a6c58ed",4
2023-07-16,Яндекс ПромоСтраницы,yandex.promopages,Промостатья: Моя история 1 | Цена перехода | Ж25-54,"Как я преобразила свою жизнь, открыв зоомагазин_6489b3c2b218576c1a6c58ed",4
2023-07-30,Яндекс ПромоСтраницы,yandex.promopages,Промостатья: Моя история 1 | Цена перехода | Ж25-54,"Как я преобразила свою жизнь, открыв зоомагазин_6489b3c2b218576c1a6c58ed",4
2023-08-30,Яндекс ПромоСтраницы,yandex.promopages,Промостатья: Моя история 1 | Цена перехода | Ж25-54,"Как я преобразила свою жизнь, открыв зоомагазин_6489b3c2b218576c1a6c58ed",4
2023-07-22,Яндекс ПромоСтраницы,yandex.promopages,Промостатья: Моя история 1 | Цена перехода | Ж25-54,"Как я преобразила свою жизнь, открыв зоомагазин_6489b3c2b218576c1a6c58ed",3
2023-07-31,Яндекс ПромоСтраницы,yandex.promopages,Промостатья: Моя история 1 | Цена перехода | Ж25-54,"Как я преобразила свою жизнь, открыв зоомагазин_6489b3c2b218576c1a6c58ed",3
2023-08-03,Яндекс ПромоСтраницы,yandex.promopages,Промостатья: Моя история 1 | Цена перехода | Ж25-54,"Как я преобразила свою жизнь, открыв зоомагазин_6489b3c2b218576c1a6c58ed",3
2023-07-17,Яндекс ПромоСтраницы,yandex.promopages,Промостатья: Моя история 1 | Цена перехода | Ж25-54,"Как я преобразила свою жизнь, открыв зоомагазин_6489b3c2b218576c1a6c58ed",2
2023-07-20,Яндекс ПромоСтраницы,yandex.promopages,Промостатья: Моя история 1 | Цена перехода | Ж25-54,"Как я преобразила свою жизнь, открыв зоомагазин_6489b3c2b218576c1a6c58ed",2
2023-07-21,Яндекс ПромоСтраницы,yandex.promopages,Промостатья: Моя история 1 | Цена перехода | Ж25-54,"Как ""Мокрый нос"" помог мне достичь успеха в бизнесе_6489b3c2b218576c1a6c58ed",2
2023-08-02,Яндекс ПромоСтраницы,yandex.promopages,Промостатья: Моя история 1 | Цена перехода | Ж25-54,"Как я преобразила свою жизнь, открыв зоомагазин_6489b3c2b218576c1a6c58ed",2
2023-07-03,Яндекс: Директ,yandex.promopages,Промостатья: Моя история 1 | Цена перехода | Ж25-54,"Как я преобразила свою жизнь, открыв зоомагазин_6489b3c2b218576c1a6c58ed",1
2023-07-12,Яндекс ПромоСтраницы,yandex.promopages,Промостатья: Моя история 1 | Цена перехода | Ж25-54,"Как ""Мокрый нос"" помог мне достичь успеха в бизнесе_6489b3c2b218576c1a6c58ed",1
2023-07-13,Яндекс: Директ,yandex.promopages,Промостатья: Моя история 1 | Цена перехода | Ж25-54,"Как я преобразила свою жизнь, открыв зоомагазин_6489b3c2b218576c1a6c58ed",1
2023-07-14,Яндекс: Директ,yandex.promopages,Промостатья: Моя история 1 | Цена перехода | Ж25-54,"Как я преобразила свою жизнь, открыв зоомагазин_6489b3c2b218576c1a6c58ed",1
2023-07-18,Яндекс ПромоСтраницы,yandex.promopages,Промостатья: Моя история 1 | Цена перехода | Ж25-54,"Как я преобразила свою жизнь, открыв зоомагазин_6489b3c2b218576c1a6c58ed",1
2023-07-24,Яндекс ПромоСтраницы,yandex.promopages,Промостатья: Моя история 1 | Цена перехода | Ж25-54,"Как ""Мокрый нос"" помог мне достичь успеха в бизнесе_6489b3c2b218576c1a6c58ed",1
2023-07-30,Яндекс: Директ,yandex.promopages,Промостатья: Моя история 1 | Цена перехода | Ж25-54,"Как я преобразила свою жизнь, открыв зоомагазин_6489b3c2b218576c1a6c58ed",1
2023-07-31,Яндекс: Директ,yandex.promopages,Промостатья: Моя история 1 | Цена перехода | Ж25-54,"Как я преобразила свою жизнь, открыв зоомагазин_6489b3c2b218576c1a6c58ed",1
2023-08-03,Яндекс: Директ,yandex.promopages,Промостатья: Моя история 1 | Цена перехода | Ж25-54,"Как я преобразила свою жизнь, открыв зоомагазин_6489b3c2b218576c1a6c58ed",1
2023-08-07,Яндекс: Директ,yandex.promopages,Промостатья: Моя история 1 | Цена перехода | Ж25-54,"Как я преобразила свою жизнь, открыв зоомагазин_6489b3c2b218576c1a6c58ed",1
2023-08-10,Яндекс: Директ,yandex.promopages,Промостатья: Моя история 1 | Цена перехода | Ж25-54,"Как я преобразила свою жизнь, открыв зоомагазин_6489b3c2b218576c1a6c58ed",1
2023-08-19,Яндекс: Директ,yandex.promopages,Промостатья: Моя история 1 | Цена перехода | Ж25-54,"Как я преобразила свою жизнь, открыв зоомагазин_6489b3c2b218576c1a6c58ed",1
2023-08-21,Яндекс: Директ,yandex.promopages,Промостатья: Моя история 1 | Цена перехода | Ж25-54,"Как я преобразила свою жизнь, открыв зоомагазин_6489b3c2b218576c1a6c58ed",1
2023-08-29,Яндекс: Директ,yandex.promopages,Промостатья: Моя история 1 | Цена перехода | Ж25-54,"Как я преобразила свою жизнь, открыв зоомагазин_6489b3c2b218576c1a6c58ed",1
2023-08-31,Яндекс ПромоСтраницы,yandex.promopages,Промостатья: Моя история 1 | Цена перехода | Ж25-54,"Как я преобразила свою жизнь, открыв зоомагазин_6489b3c2b218576c1a6c58ed",1
2023-09-06,Яндекс ПромоСтраницы,yandex.promopages,Промостатья: Моя история 1 | Цена перехода | Ж25-54,"Как я преобразила свою жизнь, открыв зоомагазин_6489b3c2b218576c1a6c58ed",1
2023-09-15,Яндекс,yandex.promopages,Промостатья: Моя история 1 | Цена перехода | Ж25-54,"Как я преобразила свою жизнь, открыв зоомагазин_6489b3c2b218576c1a6c58ed",1
2023-09-17,Яндекс ПромоСтраницы,yandex.promopages,Промостатья: Моя история 1 | Цена перехода | Ж25-54,"Как ""Мокрый нос"" помог мне достичь успеха в бизнесе_6489b3c2b218576c1a6c58ed",1
2023-09-18,Яндекс ПромоСтраницы,yandex.promopages,Промостатья: Моя история 1 | Цена перехода | Ж25-54,"Как ""Мокрый нос"" помог мне достичь успеха в бизнесе_6489b3c2b218576c1a6c58ed",1
2023-09-23,Яндекс: Директ,yandex.promopages,Промостатья: Моя история 1 | Цена перехода | Ж25-54,"Как я преобразила свою жизнь, открыв зоомагазин_6489b3c2b218576c1a6c58ed",1
2023-09-24,promo.turbopages.org,yandex.promopages,Промостатья: Моя история 1 | Цена перехода | Ж25-54,"Как я преобразила свою жизнь, открыв зоомагазин_6489b3c2b218576c1a6c58ed",1
2023-09-24,Яндекс: Директ,yandex.promopages,Промостатья: Моя история 1 | Цена перехода | Ж25-54,"Как я преобразила свою жизнь, открыв зоомагазин_6489b3c2b218576c1a6c58ed",1
2023-09-26,Яндекс ПромоСтраницы,yandex.promopages,Промостатья: Моя история 1 | Цена перехода | Ж25-54,"Как я преобразила свою жизнь, ",1
2023-09-28,Яндекс ПромоСтраницы,yandex.promopages,Промостатья: Моя история 1 | Цена перехода | Ж25-54,"Как я преобразила свою жизнь, открыв зоомагазин_6489b3c2b218576c1a6c58ed",1
2023-12-01,Яндекс ПромоСтраницы,yandex.promopages,Промостатья: Моя история 1 | Цена перехода | Ж25-54,"Как я преобразила свою жизнь, открыв зоомагазин_6489b3c2b218576c1a6c58ed",24
2023-11-08,Яндекс ПромоСтраницы,yandex.promopages,Промостатья: Моя история 1 | Цена перехода | Ж25-54,"Как я преобразила свою жизнь, открыв зоомагазин_6489b3c2b218576c1a6c58ed",23
2023-12-29,Яндекс ПромоСтраницы,yandex.promopages,Промостатья: Моя история 2 | Цена перехода | 25-54,Зоомагазин как идеальный бизнес: Почему это мой выбор_6581a8808e730e6f79d09159,23
2023-12-31,Яндекс ПромоСтраницы,yandex.promopages,Промостатья: Моя история 2 | Цена перехода | 25-54,Зоомагазин как идеальный бизнес: Почему это мой выбор_6581a8808e730e6f79d09159,22
2023-12-03,Яндекс ПромоСтраницы,yandex.promopages,Промостатья: Моя история 1 | Цена перехода | Ж25-54,"Как я преобразила свою жизнь, открыв зоомагазин_6489b3c2b218576c1a6c58ed",21
2023-12-06,Яндекс ПромоСтраницы,yandex.promopages,Промостатья: Моя история 1 | Цена перехода | Ж25-54,"Как я преобразила свою жизнь, открыв зоомагазин_6489b3c2b218576c1a6c58ed",21
2023-12-16,Яндекс ПромоСтраницы,yandex.promopages,Промостатья: Моя история 1 | Цена перехода | Ж25-54,"Как я преобразила свою жизнь, открыв зоомагазин_6489b3c2b218576c1a6c58ed",19
2023-10-30,Яндекс ПромоСтраницы,yandex.promopages,Промостатья: Моя история 1 | Цена перехода | Ж25-54,"Как я преобразила свою жизнь, открыв зоомагазин_6489b3c2b218576c1a6c58ed",18
2023-12-04,Яндекс ПромоСтраницы,yandex.promopages,Промостатья: Моя история 1 | Цена перехода | Ж25-54,"Как я преобразила свою жизнь, открыв зоомагазин_6489b3c2b218576c1a6c58ed",18
2023-12-05,Яндекс ПромоСтраницы,yandex.promopages,Промостатья: Моя история 1 | Цена перехода | Ж25-54,"Как я преобразила свою жизнь, открыв зоомагазин_6489b3c2b218576c1a6c58ed",18
2023-12-11,Яндекс ПромоСтраницы,yandex.promopages,Промостатья: Моя история 1 | Цена перехода | Ж25-54,"Как я преобразила свою жизнь, открыв зоомагазин_6489b3c2b218576c1a6c58ed",17
2023-11-07,Яндекс ПромоСтраницы,yandex.promopages,Промостатья: Моя история 1 | Цена перехода | Ж25-54,"Как я преобразила свою жизнь, открыв зоомагазин_6489b3c2b218576c1a6c58ed",16
2023-11-09,Яндекс ПромоСтраницы,yandex.promopages,Промостатья: Моя история 1 | Цена перехода | Ж25-54,"Как я преобразила свою жизнь, открыв зоомагазин_6489b3c2b218576c1a6c58ed",16
2023-12-07,Яндекс ПромоСтраницы,yandex.promopages,Промостатья: Моя история 1 | Цена перехода | Ж25-54,"Как я преобразила свою жизнь, открыв зоомагазин_6489b3c2b218576c1a6c58ed",16
2023-12-13,Яндекс ПромоСтраницы,yandex.promopages,Промостатья: Моя история 1 | Цена перехода | Ж25-54,"Как я преобразила свою жизнь, открыв зоомагазин_6489b3c2b218576c1a6c58ed",16
2023-12-15,Яндекс ПромоСтраницы,yandex.promopages,Промостатья: Моя история 1 | Цена перехода | Ж25-54,"Как я преобразила свою жизнь, открыв зоомагазин_6489b3c2b218576c1a6c58ed",16
2023-12-19,Яндекс ПромоСтраницы,yandex.promopages,Промостатья: Моя история 1 | Цена перехода | Ж25-54,"Как я преобразила свою жизнь, открыв зоомагазин_6489b3c2b218576c1a6c58ed",16
2023-12-12,Яндекс ПромоСтраницы,yandex.promopages,Промостатья: Моя история 1 | Цена перехода | Ж25-54,"Как я преобразила свою жизнь, открыв зоомагазин_6489b3c2b218576c1a6c58ed",15
2023-12-18,Яндекс ПромоСтраницы,yandex.promopages,Промостатья: Моя история 1 | Цена перехода | Ж25-54,"Как я преобразила свою жизнь, открыв зоомагазин_6489b3c2b218576c1a6c58ed",15
2023-12-30,Яндекс ПромоСтраницы,yandex.promopages,Промостатья: Моя история 2 | Цена перехода | 25-54,Зоомагазин как идеальный бизнес: Почему это мой выбор_6581a8808e730e6f79d09159,15
2023-12-20,Яндекс ПромоСтраницы,yandex.promopages,Промостатья: Моя история 1 | Цена перехода | Ж25-54,"Как я преобразила свою жизнь, открыв зоомагазин_6489b3c2b218576c1a6c58ed",14
2023-10-31,Яндекс ПромоСтраницы,yandex.promopages,Промостатья: Моя история 1 | Цена перехода | Ж25-54,"Как я преобразила свою жизнь, открыв зоомагазин_6489b3c2b218576c1a6c58ed",13
2023-11-28,Яндекс ПромоСтраницы,yandex.promopages,Промостатья: Моя история 1 | Цена перехода | Ж25-54,"Как я преобразила свою жизнь, открыв зоомагазин_6489b3c2b218576c1a6c58ed",13
2023-12-10,Яндекс ПромоСтраницы,yandex.promopages,Промостатья: Моя история 1 | Цена перехода | Ж25-54,"Как я преобразила свою жизнь, открыв зоомагазин_6489b3c2b218576c1a6c58ed",13
2023-12-02,Яндекс ПромоСтраницы,yandex.promopages,Промостатья: Моя история 1 | Цена перехода | Ж25-54,"Как я преобразила свою жизнь, открыв зоомагазин_6489b3c2b218576c1a6c58ed",12
2023-10-25,Яндекс ПромоСтраницы,yandex.promopages,Промостатья: Моя история 1 | Цена перехода | Ж25-54,"Как я преобразила свою жизнь, открыв зоомагазин_6489b3c2b218576c1a6c58ed",11
2023-10-28,Яндекс ПромоСтраницы,yandex.promopages,Промостатья: Моя история 1 | Цена перехода | Ж25-54,"Как я преобразила свою жизнь, открыв зоомагазин_6489b3c2b218576c1a6c58ed",11
2023-10-29,Яндекс ПромоСтраницы,yandex.promopages,Промостатья: Моя история 1 | Цена перехода | Ж25-54,"Как я преобразила свою жизнь, открыв зоомагазин_6489b3c2b218576c1a6c58ed",11
2023-12-14,Яндекс ПромоСтраницы,yandex.promopages,Промостатья: Моя история 1 | Цена перехода | Ж25-54,"Как я преобразила свою жизнь, открыв зоомагазин_6489b3c2b218576c1a6c58ed",11
2023-10-26,Яндекс ПромоСтраницы,yandex.promopages,Промостатья: Моя история 1 | Цена перехода | Ж25-54,"Как я преобразила свою жизнь, открыв зоомагазин_6489b3c2b218576c1a6c58ed",9
2023-11-30,Яндекс ПромоСтраницы,yandex.promopages,Промостатья: Моя история 1 | Цена перехода | Ж25-54,"Как я преобразила свою жизнь, открыв зоомагазин_6489b3c2b218576c1a6c58ed",9
2023-12-17,Яндекс ПромоСтраницы,yandex.promopages,Промостатья: Моя история 1 | Цена перехода | Ж25-54,"Как я преобразила свою жизнь, открыв зоомагазин_6489b3c2b218576c1a6c58ed",9
2023-11-11,Яндекс ПромоСтраницы,yandex.promopages,Промостатья: Моя история 1 | Цена перехода | Ж25-54,"Как я преобразила свою жизнь, открыв зоомагазин_6489b3c2b218576c1a6c58ed",8
2023-11-19,Яндекс ПромоСтраницы,yandex.promopages,Промостатья: Моя история 1 | Цена перехода | Ж25-54,"Как я преобразила свою жизнь, открыв зоомагазин_6489b3c2b218576c1a6c58ed",8
2023-11-23,Яндекс ПромоСтраницы,yandex.promopages,Промостатья: Моя история 1 | Цена перехода | Ж25-54,"Как я преобразила свою жизнь, открыв зоомагазин_6489b3c2b218576c1a6c58ed",8
2023-12-08,Яндекс ПромоСтраницы,yandex.promopages,Промостатья: Моя история 1 | Цена перехода | Ж25-54,"Как я преобразила свою жизнь, открыв зоомагазин_6489b3c2b218576c1a6c58ed",8
2023-12-09,Яндекс ПромоСтраницы,yandex.promopages,Промостатья: Моя история 1 | Цена перехода | Ж25-54,"Как я преобразила свою жизнь, открыв зоомагазин_6489b3c2b218576c1a6c58ed",8
2023-12-28,Яндекс ПромоСтраницы,yandex.promopages,Промостатья: Моя история 2 | Цена перехода | 25-54,Зоомагазин как идеальный бизнес: Почему это мой выбор_6581a8808e730e6f79d09159,8
2023-11-13,Яндекс ПромоСтраницы,yandex.promopages,Промостатья: Моя история 1 | Цена перехода | Ж25-54,"Как я преобразила свою жизнь, открыв зоомагазин_6489b3c2b218576c1a6c58ed",7
2023-11-22,Яндекс ПромоСтраницы,yandex.promopages,Промостатья: Моя история 1 | Цена перехода | Ж25-54,"Как я преобразила свою жизнь, открыв зоомагазин_6489b3c2b218576c1a6c58ed",7
2023-11-29,Яндекс ПромоСтраницы,yandex.promopages,Промостатья: Моя история 1 | Цена перехода | Ж25-54,"Как я преобразила свою жизнь, открыв зоомагазин_6489b3c2b218576c1a6c58ed",7
2023-11-24,Яндекс ПромоСтраницы,yandex.promopages,Промостатья: Моя история 1 | Цена перехода | Ж25-54,"Как я преобразила свою жизнь, открыв зоомагазин_6489b3c2b218576c1a6c58ed",6
2023-12-22,Яндекс ПромоСтраницы,yandex.promopages,Промостатья: Моя история 2 | Цена перехода | 25-54,Зоомагазин как идеальный бизнес: Почему это мой выбор_6581a8808e730e6f79d09159,6
2023-12-30,Яндекс ПромоСтраницы,yandex.promopages,Промостатья: Моя история 2 | Цена перехода | 25-54,Зоомагазин: Почему он стал идельным бизнесом для меня_6581a8808e730e6f79d09159,6
2023-11-12,Яндекс ПромоСтраницы,yandex.promopages,Промостатья: Моя история 1 | Цена перехода | Ж25-54,"Как я преобразила свою жизнь, открыв зоомагазин_6489b3c2b218576c1a6c58ed",5
2023-11-14,Яндекс ПромоСтраницы,yandex.promopages,Промостатья: Моя история 1 | Цена перехода | Ж25-54,"Как я преобразила свою жизнь, открыв зоомагазин_6489b3c2b218576c1a6c58ed",5
2023-11-26,Яндекс ПромоСтраницы,yandex.promopages,Промостатья: Моя история 1 | Цена перехода | Ж25-54,"Как я преобразила свою жизнь, открыв зоомагазин_6489b3c2b218576c1a6c58ed",5
2023-10-27,Яндекс ПромоСтраницы,yandex.promopages,Промостатья: Моя история 1 | Цена перехода | Ж25-54,"Как я преобразила свою жизнь, открыв зоомагазин_6489b3c2b218576c1a6c58ed",4
2023-11-10,Яндекс ПромоСтраницы,yandex.promopages,Промостатья: Моя история 1 | Цена перехода | Ж25-54,"Как я преобразила свою жизнь, открыв зоомагазин_6489b3c2b218576c1a6c58ed",4
2023-11-16,Яндекс ПромоСтраницы,yandex.promopages,Промостатья: Моя история 1 | Цена перехода | Ж25-54,"Как я преобразила свою жизнь, открыв зоомагазин_6489b3c2b218576c1a6c58ed",4
2023-11-25,Яндекс ПромоСтраницы,yandex.promopages,Промостатья: Моя история 1 | Цена перехода | Ж25-54,"Как я преобразила свою жизнь, открыв зоомагазин_6489b3c2b218576c1a6c58ed",4
2023-11-27,Яндекс ПромоСтраницы,yandex.promopages,Промостатья: Моя история 1 | Цена перехода | Ж25-54,"Как я преобразила свою жизнь, открыв зоомагазин_6489b3c2b218576c1a6c58ed",4
2023-12-30,Яндекс ПромоСтраницы,yandex.promopages,Промостатья: Моя история 2 | Цена перехода | 25-54,Поиск идеального бизнеса: Как я открыл свой зоомагазин_6581a8808e730e6f79d09159,4
2023-11-02,Яндекс ПромоСтраницы,yandex.promopages,Промостатья: Моя история 1 | Цена перехода | Ж25-54,"Как я преобразила свою жизнь, открыв зоомагазин_6489b3c2b218576c1a6c58ed",3
2023-11-20,Яндекс ПромоСтраницы,yandex.promopages,Промостатья: Моя история 1 | Цена перехода | Ж25-54,"Как я преобразила свою жизнь, открыв зоомагазин_6489b3c2b218576c1a6c58ed",3
2023-12-23,Яндекс ПромоСтраницы,yandex.promopages,Промостатья: Моя история 2 | Цена перехода | 25-54,Поиск идеального бизнеса: Как я открыл свой зоомагазин_6581a8808e730e6f79d09159,3
2023-12-24,Яндекс ПромоСтраницы,yandex.promopages,Промостатья: Моя история 2 | Цена перехода | 25-54,Зоомагазин как идеальный бизнес: Почему это мой выбор_6581a8808e730e6f79d09159,3
2023-10-27,Яндекс ПромоСтраницы,yandex.promopages,Промостатья: Моя история 1 | Цена перехода | Ж25-54,"Как ""Мокрый нос"" помог мне достичь успеха в бизнесе_6489b3c2b218576c1a6c58ed",2
2023-10-30,Яндекс: Директ,yandex.promopages,Промостатья: Моя история 1 | Цена перехода | Ж25-54,"Как я преобразила свою жизнь, открыв зоомагазин_6489b3c2b218576c1a6c58ed",2
2023-11-06,Яндекс ПромоСтраницы,yandex.promopages,Промостатья: Моя история 1 | Цена перехода | Ж25-54,"Как я преобразила свою жизнь, открыв зоомагазин_6489b3c2b218576c1a6c58ed",2
2023-11-17,Яндекс ПромоСтраницы,yandex.promopages,Промостатья: Моя история 1 | Цена перехода | Ж25-54,"Как я преобразила свою жизнь, открыв зоомагазин_6489b3c2b218576c1a6c58ed",2
2023-11-18,Яндекс ПромоСтраницы,yandex.promopages,Промостатья: Моя история 1 | Цена перехода | Ж25-54,"Как я преобразила свою жизнь, открыв зоомагазин_6489b3c2b218576c1a6c58ed",2
2023-11-21,Яндекс ПромоСтраницы,yandex.promopages,Промостатья: Моя история 1 | Цена перехода | Ж25-54,"Как я преобразила свою жизнь, открыв зоомагазин_6489b3c2b218576c1a6c58ed",2
2023-12-24,Яндекс ПромоСтраницы,yandex.promopages,Промостатья: Моя история 2 | Цена перехода | 25-54,Поиск идеального бизнеса: Как я открыл свой зоомагазин_6581a8808e730e6f79d09159,2
2023-12-29,Яндекс ПромоСтраницы,yandex.promopages,Промостатья: Моя история 2 | Цена перехода | 25-54,Поиск идеального бизнеса: Как я открыл свой зоомагазин_6581a8808e730e6f79d09159,2
2023-12-31,Яндекс ПромоСтраницы,yandex.promopages,Промостатья: Моя история 2 | Цена перехода | 25-54,Зоомагазин: Почему он стал идельным бизнесом для меня_6581a8808e730e6f79d09159,2
2023-10-29,Яндекс ПромоСтраницы,yandex.promopages,Промостатья: Моя история 1 | Цена перехода | Ж25-54,"Как ""Мокрый нос"" помог мне достичь успеха в бизнесе_6489b3c2b218576c1a6c58ed",1
2023-11-01,Яндекс ПромоСтраницы,yandex.promopages,Промостатья: Моя история 1 | Цена перехода | Ж25-54,"Как я преобразила свою жизнь, открыв зоомагазин_6489b3c2b218576c1a6c58ed",1
2023-11-04,Яндекс ПромоСтраницы,yandex.promopages,Промостатья: Моя история 1 | Цена перехода | Ж25-54,"Как я преобразила свою жизнь, открыв зоомагазин_6489b3c2b218576c1a6c58ed",1
2023-11-07,Яндекс: Директ,yandex.promopages,Промостатья: Моя история 1 | Цена перехода | Ж25-54,"Как я преобразила свою жизнь, открыв зоомагазин_6489b3c2b218576c1a6c58ed",1
2023-11-10,Яндекс ПромоСтраницы,yandex.promopages,Промостатья: Моя история 1 | Цена перехода | Ж25-54,История успеха: мой путь от работницы к предпринимателю_6489b3c2b218576c1a6c58ed,1
2023-12-13,Яндекс ПромоСтраницы,yandex.promopages,Промостатья: Моя история 1 | Цена перехода | Ж25-54,"Как я преобразила свою жизнь, ",1
2023-12-18,Яндекс ПромоСтраницы,yandex.promopages,Промостатья: Моя история 1 | Цена перехода | Ж25-54,"Как ""Мокрый нос"" помог мне достичь успеха в бизнесе_6489b3c2b218576c1a6c58ed",1
2023-12-21,Яндекс ПромоСтраницы,yandex.promopages,Промостатья: Моя история 2 | Цена перехода | 25-54,Зоомагазин как идеальный бизнес: Почему это мой выбор_6581a8808e730e6f79d09159,1
2023-12-23,Яндекс ПромоСтраницы,yandex.promopages,Промостатья: Моя история 2 | Цена перехода | 25-54,Зоомагазин как идеальный бизнес: Почему это мой выбор_6581a8808e730e6f79d09159,1
2023-12-26,Яндекс ПромоСтраницы,yandex.promopages,Промостатья: Моя история 2 | Цена перехода | 25-54,Зоомагазин как идеальный бизнес: Почему это мой выбор_6581a8808e730e6f79d09159,1
2023-12-26,Яндекс ПромоСтраницы,yandex.promopages,Промостатья: Моя история 2 | Цена перехода | 25-54,Поиск идеального бизнеса: Как я открыл свой зоомагазин_6581a8808e730e6f79d09159,1
2023-12-27,Яндекс ПромоСтраницы,yandex.promopages,Промостатья: Моя история 2 | Цена перехода | 25-54,Зоомагазин как идеальный бизнес: Почему это мой выбор_6581a8808e730e6f79d09159,1
2023-12-27,Яндекс ПромоСтраницы,yandex.promopages,Промостатья: Моя история 2 | Цена перехода | 25-54,Поиск идеального бизнеса: Как я открыл свой зоомагазин_6581a8808e730e6f79d09159,1
2023-12-28,Яндекс: Директ,yandex.promopages,Промостатья: Моя история 2 | Цена перехода | 25-54,Зоомагазин как идеальный бизнес: Почему это мой выбор_6581a8808e730e6f79d09159,1
2023-12-31,Яндекс ПромоСтраницы,yandex.promopages,Промостатья: Моя история 2 | Цена перехода | 25-54,Поиск идеального бизнеса: Как я открыл свой зоомагазин_6581a8808e730e6f79d09159,1
2024-01-25,Яндекс ПромоСтраницы,yandex.promopages,Промостатья: Моя история 1 | Цена перехода | Ж25-54,"Как я преобразила свою жизнь, открыв зоомагазин_6489b3c2b218576c1a6c58ed",25
2024-03-12,Яндекс ПромоСтраницы,yandex.promopages,Промостатья: Моя история 1 | Цена перехода | Ж25-54,"Как я преобразила свою жизнь, открыв зоомагазин_6489b3c2b218576c1a6c58ed",25
2024-03-31,Яндекс ПромоСтраницы,yandex.promopages,Промостатья: Моя история 1 | Цена перехода | Ж25-54,"Как я преобразила свою жизнь, открыв зоомагазин_6489b3c2b218576c1a6c58ed",25
2024-02-19,Яндекс ПромоСтраницы,yandex.promopages,Промостатья: Моя история 1 | Цена перехода | Ж25-54,"Как я преобразила свою жизнь, открыв зоомагазин_6489b3c2b218576c1a6c58ed",23
2024-02-29,Яндекс ПромоСтраницы,yandex.promopages,Промостатья: Моя история 1 | Цена перехода | Ж25-54,"Как я преобразила свою жизнь, открыв зоомагазин_6489b3c2b218576c1a6c58ed",23
2024-03-13,Яндекс ПромоСтраницы,yandex.promopages,Промостатья: Моя история 1 | Цена перехода | Ж25-54,"Как я преобразила свою жизнь, открыв зоомагазин_6489b3c2b218576c1a6c58ed",23
2024-01-26,Яндекс ПромоСтраницы,yandex.promopages,Промостатья: Моя история 1 | Цена перехода | Ж25-54,"Как я преобразила свою жизнь, открыв зоомагазин_6489b3c2b218576c1a6c58ed",22
2024-03-23,Яндекс ПромоСтраницы,yandex.promopages,Промостатья: Моя история 1 | Цена перехода | Ж25-54,"Как я преобразила свою жизнь, открыв зоомагазин_6489b3c2b218576c1a6c58ed",22
2024-01-24,Яндекс ПромоСтраницы,yandex.promopages,Промостатья: Моя история 1 | Цена перехода | Ж25-54,"Как я преобразила свою жизнь, открыв зоомагазин_6489b3c2b218576c1a6c58ed",21
2024-03-30,Яндекс ПромоСтраницы,yandex.promopages,Промостатья: Моя история 1 | Цена перехода | Ж25-54,"Как я преобразила свою жизнь, открыв зоомагазин_6489b3c2b218576c1a6c58ed",21
2024-01-04,Яндекс ПромоСтраницы,yandex.promopages,Промостатья: Моя история 2 | Цена перехода | 25-54,Зоомагазин как идеальный бизнес: Почему это мой выбор_6581a8808e730e6f79d09159,20
2024-02-28,Яндекс ПромоСтраницы,yandex.promopages,Промостатья: Моя история 1 | Цена перехода | Ж25-54,"Как я преобразила свою жизнь, открыв зоомагазин_6489b3c2b218576c1a6c58ed",20
2024-01-22,Яндекс ПромоСтраницы,yandex.promopages,Промостатья: Моя история 1 | Цена перехода | Ж25-54,"Как я преобразила свою жизнь, открыв зоомагазин_6489b3c2b218576c1a6c58ed",19
2024-01-30,Яндекс ПромоСтраницы,yandex.promopages,Промостатья: Моя история 1 | Цена перехода | Ж25-54,"Как я преобразила свою жизнь, открыв зоомагазин_6489b3c2b218576c1a6c58ed",19
2024-02-17,Яндекс ПромоСтраницы,yandex.promopages,Промостатья: Моя история 1 | Цена перехода | Ж25-54,"Как я преобразила свою жизнь, открыв зоомагазин_6489b3c2b218576c1a6c58ed",19
2024-02-20,Яндекс ПромоСтраницы,yandex.promopages,Промостатья: Моя история 1 | Цена перехода | Ж25-54,"Как я преобразила свою жизнь, открыв зоомагазин_6489b3c2b218576c1a6c58ed",19
2024-02-27,Яндекс ПромоСтраницы,yandex.promopages,Промостатья: Моя история 1 | Цена перехода | Ж25-54,"Как я преобразила свою жизнь, открыв зоомагазин_6489b3c2b218576c1a6c58ed",19
2024-03-14,Яндекс ПромоСтраницы,yandex.promopages,Промостатья: Моя история 1 | Цена перехода | Ж25-54,"Как я преобразила свою жизнь, открыв зоомагазин_6489b3c2b218576c1a6c58ed",19
2024-03-15,Яндекс ПромоСтраницы,yandex.promopages,Промостатья: Моя история 1 | Цена перехода | Ж25-54,"Как я преобразила свою жизнь, открыв зоомагазин_6489b3c2b218576c1a6c58ed",19
2024-01-23,Яндекс ПромоСтраницы,yandex.promopages,Промостатья: Моя история 1 | Цена перехода | Ж25-54,"Как я преобразила свою жизнь, открыв зоомагазин_6489b3c2b218576c1a6c58ed",18
2024-01-31,Яндекс ПромоСтраницы,yandex.promopages,Промостатья: Моя история 1 | Цена перехода | Ж25-54,"Как я преобразила свою жизнь, открыв зоомагазин_6489b3c2b218576c1a6c58ed",18
2024-02-16,Яндекс ПромоСтраницы,yandex.promopages,Промостатья: Моя история 1 | Цена перехода | Ж25-54,"Как я преобразила свою жизнь, открыв зоомагазин_6489b3c2b218576c1a6c58ed",18
2024-02-18,Яндекс ПромоСтраницы,yandex.promopages,Промостатья: Моя история 1 | Цена перехода | Ж25-54,"Как я преобразила свою жизнь, открыв зоомагазин_6489b3c2b218576c1a6c58ed",18
2024-03-16,Яндекс ПромоСтраницы,yandex.promopages,Промостатья: Моя история 1 | Цена перехода | Ж25-54,"Как я преобразила свою жизнь, открыв зоомагазин_6489b3c2b218576c1a6c58ed",18
2024-03-18,Яндекс ПромоСтраницы,yandex.promopages,Промостатья: Моя история 1 | Цена перехода | Ж25-54,"Как я преобразила свою жизнь, открыв зоомагазин_6489b3c2b218576c1a6c58ed",18
2024-01-01,Яндекс ПромоСтраницы,yandex.promopages,Промостатья: Моя история 2 | Цена перехода | 25-54,Зоомагазин как идеальный бизнес: Почему это мой выбор_6581a8808e730e6f79d09159,17
2024-01-16,Яндекс ПромоСтраницы,yandex.promopages,Промостатья: Моя история 1 | Цена перехода | Ж25-54,"Как я преобразила свою жизнь, открыв зоомагазин_6489b3c2b218576c1a6c58ed",17
2024-02-15,Яндекс ПромоСтраницы,yandex.promopages,Промостатья: Моя история 1 | Цена перехода | Ж25-54,"Как я преобразила свою жизнь, открыв зоомагазин_6489b3c2b218576c1a6c58ed",17
2024-02-22,Яндекс ПромоСтраницы,yandex.promopages,Промостатья: Моя история 1 | Цена перехода | Ж25-54,"Как я преобразила свою жизнь, открыв зоомагазин_6489b3c2b218576c1a6c58ed",17
2024-02-26,Яндекс ПромоСтраницы,yandex.promopages,Промостатья: Моя история 1 | Цена перехода | Ж25-54,"Как я преобразила свою жизнь, открыв зоомагазин_6489b3c2b218576c1a6c58ed",17
2024-01-10,Яндекс ПромоСтраницы,yandex.promopages,Промостатья: Моя история 2 | Цена перехода | 25-54,Зоомагазин как идеальный бизнес: Почему это мой выбор_6581a8808e730e6f79d09159,16
2024-01-18,Яндекс ПромоСтраницы,yandex.promopages,Промостатья: Моя история 1 | Цена перехода | Ж25-54,"Как я преобразила свою жизнь, открыв зоомагазин_6489b3c2b218576c1a6c58ed",16
2024-02-01,Яндекс ПромоСтраницы,yandex.promopages,Промостатья: Моя история 1 | Цена перехода | Ж25-54,"Как я преобразила свою жизнь, открыв зоомагазин_6489b3c2b218576c1a6c58ed",16
2024-02-23,Яндекс ПромоСтраницы,yandex.promopages,Промостатья: Моя история 1 | Цена перехода | Ж25-54,"Как я преобразила свою жизнь, открыв зоомагазин_6489b3c2b218576c1a6c58ed",15
2024-03-21,Яндекс ПромоСтраницы,yandex.promopages,Промостатья: Моя история 1 | Цена перехода | Ж25-54,"Как я преобразила свою жизнь, открыв зоомагазин_6489b3c2b218576c1a6c58ed",15
2024-03-28,Яндекс ПромоСтраницы,yandex.promopages,Промостатья: Моя история 1 | Цена перехода | Ж25-54,"Как я преобразила свою жизнь, открыв зоомагазин_6489b3c2b218576c1a6c58ed",15
2024-01-03,Яндекс ПромоСтраницы,yandex.promopages,Промостатья: Моя история 2 | Цена перехода | 25-54,Зоомагазин как идеальный бизнес: Почему это мой выбор_6581a8808e730e6f79d09159,14
2024-01-11,Яндекс ПромоСтраницы,yandex.promopages,Промостатья: Моя история 2 | Цена перехода | 25-54,Зоомагазин как идеальный бизнес: Почему это мой выбор_6581a8808e730e6f79d09159,14
2024-01-16,Яндекс ПромоСтраницы,yandex.promopages,Промостатья: Моя история 2 | Цена перехода | 25-54,Зоомагазин: Почему он стал идельным бизнесом для меня_6581a8808e730e6f79d09159,14
2024-01-29,Яндекс ПромоСтраницы,yandex.promopages,Промостатья: Моя история 1 | Цена перехода | Ж25-54,"Как я преобразила свою жизнь, открыв зоомагазин_6489b3c2b218576c1a6c58ed",14
2024-03-19,Яндекс ПромоСтраницы,yandex.promopages,Промостатья: Моя история 1 | Цена перехода | Ж25-54,"Как я преобразила свою жизнь, открыв зоомагазин_6489b3c2b218576c1a6c58ed",14
2024-01-17,Яндекс ПромоСтраницы,yandex.promopages,Промостатья: Моя история 1 | Цена перехода | Ж25-54,"Как я преобразила свою жизнь, открыв зоомагазин_6489b3c2b218576c1a6c58ed",13
2024-01-19,Яндекс ПромоСтраницы,yandex.promopages,Промостатья: Моя история 1 | Цена перехода | Ж25-54,"Как я преобразила свою жизнь, открыв зоомагазин_6489b3c2b218576c1a6c58ed",13
2024-01-20,Яндекс ПромоСтраницы,yandex.promopages,Промостатья: Моя история 1 | Цена перехода | Ж25-54,"Как я преобразила свою жизнь, открыв зоомагазин_6489b3c2b218576c1a6c58ed",13
2024-03-22,Яндекс ПромоСтраницы,yandex.promopages,Промостатья: Моя история 1 | Цена перехода | Ж25-54,"Как я преобразила свою жизнь, открыв зоомагазин_6489b3c2b218576c1a6c58ed",13
2024-03-24,Яндекс ПромоСтраницы,yandex.promopages,Промостатья: Моя история 1 | Цена перехода | Ж25-54,"Как я преобразила свою жизнь, открыв зоомагазин_6489b3c2b218576c1a6c58ed",13
2024-01-05,Яндекс ПромоСтраницы,yandex.promopages,Промостатья: Моя история 2 | Цена перехода | 25-54,Зоомагазин: Почему он стал идельным бизнесом для меня_6581a8808e730e6f79d09159,12
2024-01-15,Яндекс ПромоСтраницы,yandex.promopages,Промостатья: Моя история 1 | Цена перехода | Ж25-54,"Как я преобразила свою жизнь, открыв зоомагазин_6489b3c2b218576c1a6c58ed",12
2024-01-14,Яндекс ПромоСтраницы,yandex.promopages,Промостатья: Моя история 1 | Цена перехода | Ж25-54,"Как я преобразила свою жизнь, открыв зоомагазин_6489b3c2b218576c1a6c58ed",11
2024-02-21,Яндекс ПромоСтраницы,yandex.promopages,Промостатья: Моя история 1 | Цена перехода | Ж25-54,"Как я преобразила свою жизнь, открыв зоомагазин_6489b3c2b218576c1a6c58ed",11
2024-01-02,Яндекс ПромоСтраницы,yandex.promopages,Промостатья: Моя история 2 | Цена перехода | 25-54,Зоомагазин как идеальный бизнес: Почему это мой выбор_6581a8808e730e6f79d09159,10
2024-01-03,Яндекс ПромоСтраницы,yandex.promopages,Промостатья: Моя история 2 | Цена перехода | 25-54,Зоомагазин: Почему он стал идельным бизнесом для меня_6581a8808e730e6f79d09159,10
2024-01-17,Яндекс ПромоСтраницы,yandex.promopages,Промостатья: Моя история 2 | Цена перехода | 25-54,Зоомагазин как идеальный бизнес: Почему это мой выбор_6581a8808e730e6f79d09159,10
2024-03-20,Яндекс ПромоСтраницы,yandex.promopages,Промостатья: Моя история 1 | Цена перехода | Ж25-54,"Как я преобразила свою жизнь, открыв зоомагазин_6489b3c2b218576c1a6c58ed",10
2024-03-29,Яндекс ПромоСтраницы,yandex.promopages,Промостатья: Моя история 1 | Цена перехода | Ж25-54,"Как я преобразила свою жизнь, открыв зоомагазин_6489b3c2b218576c1a6c58ed",10
2024-01-13,Яндекс ПромоСтраницы,yandex.promopages,Промостатья: Моя история 1 | Цена перехода | Ж25-54,"Как я преобразила свою жизнь, открыв зоомагазин_6489b3c2b218576c1a6c58ed",8
2024-03-17,Яндекс ПромоСтраницы,yandex.promopages,Промостатья: Моя история 1 | Цена перехода | Ж25-54,"Как я преобразила свою жизнь, открыв зоомагазин_6489b3c2b218576c1a6c58ed",8
2024-03-27,Яндекс ПромоСтраницы,yandex.promopages,Промостатья: Моя история 1 | Цена перехода | Ж25-54,"Как я преобразила свою жизнь, открыв зоомагазин_6489b3c2b218576c1a6c58ed",8
2024-01-04,Яндекс ПромоСтраницы,yandex.promopages,Промостатья: Моя история 2 | Цена перехода | 25-54,Зоомагазин: Почему он стал идельным бизнесом для меня_6581a8808e730e6f79d09159,7
2024-01-05,Яндекс ПромоСтраницы,yandex.promopages,Промостатья: Моя история 2 | Цена перехода | 25-54,Зоомагазин как идеальный бизнес: Почему это мой выбор_6581a8808e730e6f79d09159,7
2024-01-10,Яндекс ПромоСтраницы,yandex.promopages,Промостатья: Моя история 2 | Цена перехода | 25-54,Зоомагазин: Почему он стал идельным бизнесом для меня_6581a8808e730e6f79d09159,7
2024-01-12,Яндекс ПромоСтраницы,yandex.promopages,Промостатья: Моя история 1 | Цена перехода | Ж25-54,"Как я преобразила свою жизнь, открыв зоомагазин_6489b3c2b218576c1a6c58ed",7
2024-01-27,Яндекс ПромоСтраницы,yandex.promopages,Промостатья: Моя история 1 | Цена перехода | Ж25-54,"Как я преобразила свою жизнь, открыв зоомагазин_6489b3c2b218576c1a6c58ed",7
2024-03-11,Яндекс ПромоСтраницы,yandex.promopages,Промостатья: Моя история 1 | Цена перехода | Ж25-54,"Как я преобразила свою жизнь, открыв зоомагазин_6489b3c2b218576c1a6c58ed",6
2024-01-04,Яндекс ПромоСтраницы,yandex.promopages,Промостатья: Моя история 2 | Цена перехода | 25-54,Поиск идеального бизнеса: Как я открыл свой зоомагазин_6581a8808e730e6f79d09159,5
2024-01-10,Яндекс ПромоСтраницы,yandex.promopages,Промостатья: Моя история 2 | Цена перехода | 25-54,Поиск идеального бизнеса: Как я открыл свой зоомагазин_6581a8808e730e6f79d09159,5
2024-02-24,Яндекс ПромоСтраницы,yandex.promopages,Промостатья: Моя история 1 | Цена перехода | Ж25-54,"Как я преобразила свою жизнь, открыв зоомагазин_6489b3c2b218576c1a6c58ed",5
2024-01-02,Яндекс ПромоСтраницы,yandex.promopages,Промостатья: Моя история 2 | Цена перехода | 25-54,Поиск идеального бизнеса: Как я открыл свой зоомагазин_6581a8808e730e6f79d09159,4
2024-01-09,Яндекс ПромоСтраницы,yandex.promopages,Промостатья: Моя история 2 | Цена перехода | 25-54,Зоомагазин: Почему он стал идельным бизнесом для меня_6581a8808e730e6f79d09159,4
2024-01-10,Яндекс: Директ,yandex.promopages,Промостатья: Моя история 2 | Цена перехода | 25-54,Зоомагазин: Почему он стал идельным бизнесом для меня_6581a8808e730e6f79d09159,4
2024-01-11,Яндекс ПромоСтраницы,yandex.promopages,Промостатья: Моя история 2 | Цена перехода | 25-54,Зоомагазин: Почему он стал идельным бизнесом для меня_6581a8808e730e6f79d09159,4
2024-01-21,Яндекс ПромоСтраницы,yandex.promopages,Промостатья: Моя история 1 | Цена перехода | Ж25-54,"Как я преобразила свою жизнь, открыв зоомагазин_6489b3c2b218576c1a6c58ed",4
2024-02-14,Яндекс ПромоСтраницы,yandex.promopages,Промостатья: Моя история 1 | Цена перехода | Ж25-54,"Как я преобразила свою жизнь, открыв зоомагазин_6489b3c2b218576c1a6c58ed",4
2024-01-02,Яндекс ПромоСтраницы,yandex.promopages,Промостатья: Моя история 2 | Цена перехода | 25-54,Зоомагазин: Почему он стал идельным бизнесом для меня_6581a8808e730e6f79d09159,3
2024-01-16,Яндекс ПромоСтраницы,yandex.promopages,Промостатья: Моя история 2 | Цена перехода | 25-54,Зоомагазин как идеальный бизнес: Почему это мой выбор_6581a8808e730e6f79d09159,3
2024-01-17,Яндекс ПромоСтраницы,yandex.promopages,Промостатья: Моя история 2 | Цена перехода | 25-54,Зоомагазин: Почему он стал идельным бизнесом для меня_6581a8808e730e6f79d09159,3
2024-03-25,Яндекс ПромоСтраницы,yandex.promopages,Промостатья: Моя история 1 | Цена перехода | Ж25-54,"Как я преобразила свою жизнь, открыв зоомагазин_6489b3c2b218576c1a6c58ed",3
2024-01-01,Яндекс ПромоСтраницы,yandex.promopages,Промостатья: Моя история 2 | Цена перехода | 25-54,Поиск идеального бизнеса: Как я открыл свой зоомагазин_6581a8808e730e6f79d09159,2
2024-01-03,Яндекс ПромоСтраницы,yandex.promopages,Промостатья: Моя история 2 | Цена перехода | 25-54,Поиск идеального бизнеса: Как я открыл свой зоомагазин_6581a8808e730e6f79d09159,2
2024-01-04,Яндекс: Директ,yandex.promopages,Промостатья: Моя история 2 | Цена перехода | 25-54,Зоомагазин: Почему он стал идельным бизнесом для меня_6581a8808e730e6f79d09159,2
2024-01-09,Яндекс ПромоСтраницы,yandex.promopages,Промостатья: Моя история 2 | Цена перехода | 25-54,Поиск идеального бизнеса: Как я открыл свой зоомагазин_6581a8808e730e6f79d09159,2
2024-01-11,Яндекс ПромоСтраницы,yandex.promopages,Промостатья: Моя история 2 | Цена перехода | 25-54,Поиск идеального бизнеса: Как я открыл свой зоомагазин_6581a8808e730e6f79d09159,2
2024-02-15,Яндекс: Директ,yandex.promopages,Промостатья: Моя история 1 | Цена перехода | Ж25-54,"Как я преобразила свою жизнь, открыв зоомагазин_6489b3c2b218576c1a6c58ed",2
2024-03-23,Яндекс ПромоСтраницы,yandex.promopages,Промостатья: Моя история 1 | Цена перехода | Ж25-54,"Как ""Мокрый нос"" помог мне достичь успеха в бизнесе_6489b3c2b218576c1a6c58ed",2
2024-01-01,Яндекс ПромоСтраницы,yandex.promopages,Промостатья: Моя история 2 | Цена перехода | 25-54,Зоомагазин: Почему он стал идельным бизнесом для меня_6581a8808e730e6f79d09159,1
2024-01-06,Яндекс ПромоСтраницы,yandex.promopages,Промостатья: Моя история 2 | Цена перехода | 25-54,Зоомагазин как идеальный бизнес: Почему это мой выбор_6581a8808e730e6f79d09159,1
2024-01-06,Яндекс ПромоСтраницы,yandex.promopages,Промостатья: Моя история 2 | Цена перехода | 25-54,Зоомагазин: Почему он стал идельным бизнесом для меня_6581a8808e730e6f79d09159,1
2024-01-12,Яндекс ПромоСтраницы,yandex.promopages,Промостатья: Моя история 2 | Цена перехода | 25-54,Зоомагазин как идеальный бизнес: Почему это мой выбор_6581a8808e730e6f79d09159,1
2024-01-12,Яндекс ПромоСтраницы,yandex.promopages,Промостатья: Моя история 2 | Цена перехода | 25-54,Поиск идеального бизнеса: Как я открыл свой зоомагазин_6581a8808e730e6f79d09159,1
2024-01-14,Яндекс: Директ,yandex.promopages,Промостатья: Моя история 1 | Цена перехода | Ж25-54,"Как я преобразила свою жизнь, открыв зоомагазин_6489b3c2b218576c1a6c58ed",1
2024-01-16,Яндекс ПромоСтраницы,yandex.promopages,Промостатья: Моя история 2 | Цена перехода | 25-54,Поиск идеального бизнеса: Как я открыл свой зоомагазин_6581a8808e730e6f79d09159,1
2024-01-17,Яндекс ПромоСтраницы,yandex.promopages,Промостатья: Моя история 2 | Цена перехода | 25-54,Поиск идеального бизнеса: Как я открыл свой зоомагазин_6581a8808e730e6f79d09159,1
2024-01-19,Яндекс: Директ,yandex.promopages,Промостатья: Моя история 1 | Цена перехода | Ж25-54,"Как я преобразила свою жизнь, открыв зоомагазин_6489b3c2b218576c1a6c58ed",1
2024-01-21,Яндекс ПромоСтраницы,yandex.promopages,Промостатья: Моя история 2 | Цена перехода | 25-54,Зоомагазин: Почему он стал идельным бизнесом для меня_6581a8808e730e6f79d09159,1
2024-01-23,Яндекс ПромоСтраницы,yandex.promopages,Промостатья: Моя история 1 | Цена перехода | Ж25-54,"Как ""Мокрый нос"" помог мне достичь успеха в бизнесе_6489b3c2b218576c1a6c58ed",1
2024-01-24,Яндекс: Директ,yandex.promopages,Промостатья: Моя история 1 | Цена перехода | Ж25-54,"Как я преобразила свою жизнь, открыв зоомагазин_6489b3c2b218576c1a6c58ed",1
2024-01-26,Яндекс ПромоСтраницы,yandex.promopages,Промостатья: Моя история 1 | Цена перехода | Ж25-54,"Как ""Мокрый нос"" помог мне достичь успеха в бизнесе_6489b3c2b218576c1a6c58ed",1
2024-01-26,Яндекс: Директ,yandex.promopages,Промостатья: Моя история 1 | Цена перехода | Ж25-54,"Как я преобразила свою жизнь, открыв зоомагазин_6489b3c2b218576c1a6c58ed",1
2024-02-03,Яндекс ПромоСтраницы,yandex.promopages,Промостатья: Моя история 1 | Цена перехода | Ж25-54,"Как я преобразила свою жизнь, открыв зоомагазин_6489b3c2b218576c1a6c58ed",1
2024-02-05,Яндекс ПромоСтраницы,yandex.promopages,Промостатья: Моя история 2 | Цена перехода | 25-54,Зоомагазин как идеальный бизнес: Почему это мой выбор_6581a8808e730e6f79d09159,1
2024-02-08,Яндекс ПромоСтраницы,yandex.promopages,Промостатья: Моя история 1 | Цена перехода | Ж25-54,"Как я преобразила свою жизнь, открыв зоомагазин_6489b3c2b218576c1a6c58ed",1
2024-02-16,Яндекс: Директ,yandex.promopages,Промостатья: Моя история 1 | Цена перехода | Ж25-54,"Как я преобразила свою жизнь, открыв зоомагазин_6489b3c2b218576c1a6c58ed",1
2024-02-29,Яндекс ПромоСтраницы,yandex.promopages,Промостатья: Моя история 1 | Цена перехода | Ж25-54,Как я преобразила свою ,1
2024-03-01,Яндекс ПромоСтраницы,yandex.promopages,Промостатья: Моя история 1 | Цена перехода | Ж25-54,"Как я преобразила свою жизнь, открыв зоомагазин_6489b3c2b218576c1a6c58ed",1
2024-03-04,Яндекс ПромоСтраницы,yandex.promopages,Промостатья: Моя история 1 | Цена перехода | Ж25-54,"Как я преобразила свою жизнь, открыв зоомагазин_6489b3c2b218576c1a6c58ed",1
2024-03-05,Яндекс ПромоСтраницы,yandex.promopages,Промостатья: Моя история 1 | Цена перехода | Ж25-54,"Как я преобразила свою жизнь, открыв зоомагазин_6489b3c2b218576c1a6c58ed",1
2024-03-15,Яндекс: Директ,yandex.promopages,Промостатья: Моя история 1 | Цена перехода | Ж25-54,"Как я преобразила свою жизнь, открыв зоомагазин_6489b3c2b218576c1a6c58ed",1
2024-03-16,Яндекс ПромоСтраницы,yandex.promopages,Промостатья: Моя история 1 | Цена перехода | Ж25-54,История успеха: мой путь от работницы к предпринимателю_6489b3c2b218576c1a6c58ed,1
2024-03-17,Яндекс ПромоСтраницы,yandex.promopages,Промостатья: Моя история 1 | Цена перехода | Ж25-54,"Как ""Мокрый нос"" помог мне достичь успеха в бизнесе_6489b3c2b218576c1a6c58ed",1
2024-03-22,Яндекс ПромоСтраницы,yandex.promopages,Промостатья: Моя история 1 | Цена перехода | Ж25-54,История успеха: мой путь от работницы к предпринимателю_6489b3c2b218576c1a6c58ed,1
2024-03-26,Яндекс ПромоСтраницы,yandex.promopages,Промостатья: Моя история 1 | Цена перехода | Ж25-54,"Как я преобразила свою жизнь, открыв зоомагазин_6489b3c2b218576c1a6c58ed",1
2024-03-29,Яндекс ПромоСтраницы,yandex.promopages,Промостатья: Моя история 1 | Цена перехода | Ж25-54,"Как ""Мокрый нос"" помог мне достичь успеха в бизнесе_6489b3c2b218576c1a6c58ed",1
2024-03-31,franchise-mokryinos-ru.turbopages.org,yandex.promopages,Промостатья: Моя история 1 | Цена перехода | Ж25-54,"Как я преобразила свою жизнь, открыв зоомагазин_6489b3c2b218576c1a6c58ed",1
2024-03-31,Яндекс ПромоСтраницы,yandex.promopages,Промостатья: Моя история 1 | Цена перехода | Ж25-54,"Как ""Мокрый нос"" помог мне достичь успеха в бизнесе_6489b3c2b218576c1a6c58ed",1
2024-05-06,Яндекс: Директ,yandex.promopages,Промостатья: Моя история 1 | Цена перехода | Ж25-54,"Как я преобразила свою жизнь, открыв зоомагазин_6489b3c2b218576c1a6c58ed",25
2024-04-19,Яндекс ПромоСтраницы,yandex.promopages,Промостатья: Моя история 1 | Цена перехода | Ж25-54,"Как я преобразила свою жизнь, открыв зоомагазин_6489b3c2b218576c1a6c58ed",24
2024-05-07,Яндекс: Директ,yandex.promopages,Промостатья: Моя история 1 | Цена перехода | Ж25-54,"Как я преобразила свою жизнь, открыв зоомагазин_6489b3c2b218576c1a6c58ed",24
2024-04-20,Яндекс ПромоСтраницы,yandex.promopages,Промостатья: Моя история 1 | Цена перехода | Ж25-54,"Как я преобразила свою жизнь, открыв зоомагазин_6489b3c2b218576c1a6c58ed",23
2024-06-20,Яндекс ПромоСтраницы,yandex.promopages,Промостатья: Моя история 3 | Цена перехода | 25-54 | lp /dzen,Зоомагазин как идеальный бизнес: Почему это мой выбор_667147a1f598e415f34e8ecb,23
2024-05-14,Яндекс ПромоСтраницы,yandex.promopages,Промостатья: Моя история 1 | Цена перехода | Ж25-54,"Как я преобразила свою жизнь, открыв зоомагазин_6489b3c2b218576c1a6c58ed",21
2024-04-18,Яндекс ПромоСтраницы,yandex.promopages,Промостатья: Моя история 1 | Цена перехода | Ж25-54,"Как я преобразила свою жизнь, открыв зоомагазин_6489b3c2b218576c1a6c58ed",20
2024-04-07,Яндекс ПромоСтраницы,yandex.promopages,Промостатья: Моя история 1 | Цена перехода | Ж25-54,"Как я преобразила свою жизнь, открыв зоомагазин_6489b3c2b218576c1a6c58ed",19
2024-04-09,Яндекс ПромоСтраницы,yandex.promopages,Промостатья: Моя история 1 | Цена перехода | Ж25-54,"Как я преобразила свою жизнь, открыв зоомагазин_6489b3c2b218576c1a6c58ed",19
2024-04-14,Яндекс ПромоСтраницы,yandex.promopages,Промостатья: Моя история 1 | Цена перехода | Ж25-54,"Как я преобразила свою жизнь, открыв зоомагазин_6489b3c2b218576c1a6c58ed",18
2024-04-16,Яндекс ПромоСтраницы,yandex.promopages,Промостатья: Моя история 1 | Цена перехода | Ж25-54,"Как я преобразила свою жизнь, открыв зоомагазин_6489b3c2b218576c1a6c58ed",18
2024-04-26,Яндекс ПромоСтраницы,yandex.promopages,Промостатья: Моя история 1 | Цена перехода | Ж25-54,"Как я преобразила свою жизнь, открыв зоомагазин_6489b3c2b218576c1a6c58ed",18
2024-06-07,Яндекс ПромоСтраницы,yandex.promopages,Промостатья: Моя история 3 | Цена перехода | 25-54,Поиск идеального бизнеса: Как я открыла свой зоомагазин_66546aa6d9304216bde5c510,18
2024-04-25,Яндекс ПромоСтраницы,yandex.promopages,Промостатья: Моя история 1 | Цена перехода | Ж25-54,"Как я преобразила свою жизнь, открыв зоомагазин_6489b3c2b218576c1a6c58ed",17
2024-05-30,Яндекс ПромоСтраницы,yandex.promopages,Промостатья: Моя история 3 | Цена перехода | 25-54,Зоомагазин как идеальный бизнес: Почему это мой выбор_66546aa6d9304216bde5c510,17
2024-04-13,Яндекс ПромоСтраницы,yandex.promopages,Промостатья: Моя история 1 | Цена перехода | Ж25-54,"Как я преобразила свою жизнь, открыв зоомагазин_6489b3c2b218576c1a6c58ed",16
2024-06-20,Яндекс ПромоСтраницы,yandex.promopages,Промостатья: Моя история 3 | Цена перехода | 25-54 | lp /dzen,Поиск идеального бизнеса: Как я открыла свой зоомагазин_667147a1f598e415f34e8ecb,16
2024-04-06,Яндекс ПромоСтраницы,yandex.promopages,Промостатья: Моя история 1 | Цена перехода | Ж25-54,"Как я преобразила свою жизнь, открыв зоомагазин_6489b3c2b218576c1a6c58ed",15
2024-06-19,Яндекс ПромоСтраницы,yandex.promopages,Промостатья: Моя история 3 | Цена перехода | 25-54 | lp /dzen,Зоомагазин: Почему он стал идельным бизнесом для меня_667147a1f598e415f34e8ecb,15
2024-04-05,Яндекс ПромоСтраницы,yandex.promopages,Промостатья: Моя история 1 | Цена перехода | Ж25-54,"Как я преобразила свою жизнь, открыв зоомагазин_6489b3c2b218576c1a6c58ed",14
2024-04-12,Яндекс ПромоСтраницы,yandex.promopages,Промостатья: Моя история 1 | Цена перехода | Ж25-54,"Как я преобразила свою жизнь, открыв зоомагазин_6489b3c2b218576c1a6c58ed",14
2024-04-24,Яндекс ПромоСтраницы,yandex.promopages,Промостатья: Моя история 1 | Цена перехода | Ж25-54,"Как я преобразила свою жизнь, открыв зоомагазин_6489b3c2b218576c1a6c58ed",14
2024-04-29,Яндекс ПромоСтраницы,yandex.promopages,Промостатья: Моя история 1 | Цена перехода | Ж25-54,"Как я преобразила свою жизнь, открыв зоомагазин_6489b3c2b218576c1a6c58ed",14
2024-04-30,Яндекс ПромоСтраницы,yandex.promopages,Промостатья: Моя история 1 | Цена перехода | Ж25-54,"Как я преобразила свою жизнь, открыв зоомагазин_6489b3c2b218576c1a6c58ed",14
2024-04-01,Яндекс ПромоСтраницы,yandex.promopages,Промостатья: Моя история 1 | Цена перехода | Ж25-54,"Как я преобразила свою жизнь, открыв зоомагазин_6489b3c2b218576c1a6c58ed",13
2024-04-04,Яндекс ПромоСтраницы,yandex.promopages,Промостатья: Моя история 1 | Цена перехода | Ж25-54,"Как я преобразила свою жизнь, открыв зоомагазин_6489b3c2b218576c1a6c58ed",13
2024-04-08,Яндекс ПромоСтраницы,yandex.promopages,Промостатья: Моя история 1 | Цена перехода | Ж25-54,"Как я преобразила свою жизнь, открыв зоомагазин_6489b3c2b218576c1a6c58ed",12
2024-05-15,Яндекс ПромоСтраницы,yandex.promopages,Промостатья: Моя история 1 | Цена перехода | Ж25-54,"Как я преобразила свою жизнь, открыв зоомагазин_6489b3c2b218576c1a6c58ed",12
2024-06-06,Яндекс ПромоСтраницы,yandex.promopages,Промостатья: Моя история 3 | Цена перехода | 25-54,Зоомагазин: Почему он стал идельным бизнесом для меня_66546aa6d9304216bde5c510,12
2024-06-20,Яндекс ПромоСтраницы,yandex.promopages,Промостатья: Моя история 3 | Цена перехода | 25-54 | lp /dzen,Поиск идеального бизнеса: Как я открыла свой зоо_667147a1f598e415f34e8ecb,12
2024-04-15,Яндекс ПромоСтраницы,yandex.promopages,Промостатья: Моя история 1 | Цена перехода | Ж25-54,"Как я преобразила свою жизнь, открыв зоомагазин_6489b3c2b218576c1a6c58ed",11
2024-04-02,Яндекс ПромоСтраницы,yandex.promopages,Промостатья: Моя история 1 | Цена перехода | Ж25-54,"Как я преобразила свою жизнь, открыв зоомагазин_6489b3c2b218576c1a6c58ed",10
2024-04-10,Яндекс ПромоСтраницы,yandex.promopages,Промостатья: Моя история 1 | Цена перехода | Ж25-54,"Как я преобразила свою жизнь, открыв зоомагазин_6489b3c2b218576c1a6c58ed",10
2024-04-21,Яндекс ПромоСтраницы,yandex.promopages,Промостатья: Моя история 1 | Цена перехода | Ж25-54,"Как я преобразила свою жизнь, открыв зоомагазин_6489b3c2b218576c1a6c58ed",10
2024-04-11,Яндекс ПромоСтраницы,yandex.promopages,Промостатья: Моя история 1 | Цена перехода | Ж25-54,"Как я преобразила свою жизнь, открыв зоомагазин_6489b3c2b218576c1a6c58ed",9
2024-04-17,Яндекс ПромоСтраницы,yandex.promopages,Промостатья: Моя история 1 | Цена перехода | Ж25-54,"Как я преобразила свою жизнь, открыв зоомагазин_6489b3c2b218576c1a6c58ed",9
2024-05-01,Яндекс ПромоСтраницы,yandex.promopages,Промостатья: Моя история 1 | Цена перехода | Ж25-54,"Как я преобразила свою жизнь, открыв зоомагазин_6489b3c2b218576c1a6c58ed",9
2024-05-25,Яндекс ПромоСтраницы,yandex.promopages,Промостатья: Моя история 1 | Цена перехода | Ж25-54,"Как я преобразила свою жизнь, открыв зоомагазин_6489b3c2b218576c1a6c58ed",9
2024-05-26,Яндекс ПромоСтраницы,yandex.promopages,Промостатья: Моя история 1 | Цена перехода | Ж25-54,"Как я преобразила свою жизнь, открыв зоомагазин_6489b3c2b218576c1a6c58ed",9
2024-06-21,Яндекс ПромоСтраницы,yandex.promopages,Промостатья: Моя история 3 | Цена перехода | 25-54 | lp /dzen,Зоомагазин: Почему он стал идельным бизнесом для меня_667147a1f598e415f34e8ecb,9
2024-05-24,Яндекс ПромоСтраницы,yandex.promopages,Промостатья: Моя история 1 | Цена перехода | Ж25-54,"Как я преобразила свою жизнь, открыв зоомагазин_6489b3c2b218576c1a6c58ed",8
2024-06-20,Яндекс ПромоСтраницы,yandex.promopages,Промостатья: Моя история 3 | Цена перехода | 25-54 | lp /franchise,Поиск идеального бизнеса: Как я открыла свой зоомагазин_66546aa6d9304216bde5c510,8
2024-04-23,Яндекс ПромоСтраницы,yandex.promopages,Промостатья: Моя история 1 | Цена перехода | Ж25-54,"Как я преобразила свою жизнь, открыв зоомагазин_6489b3c2b218576c1a6c58ed",7
2024-05-13,Яндекс ПромоСтраницы,yandex.promopages,Промостатья: Моя история 1 | Цена перехода | Ж25-54,"Как я преобразила свою жизнь, открыв зоомагазин_6489b3c2b218576c1a6c58ed",7
2024-05-06,Яндекс: Директ,yandex.promopages,Промостатья: Моя история 1 | Цена перехода | Ж25-54,История успеха: мой путь от работницы к предпринимателю_6489b3c2b218576c1a6c58ed,6
2024-05-22,Яндекс ПромоСтраницы,yandex.promopages,Промостатья: Моя история 1 | Цена перехода | Ж25-54,"Как я преобразила свою жизнь, открыв зоомагазин_6489b3c2b218576c1a6c58ed",6
2024-06-10,Яндекс ПромоСтраницы,yandex.promopages,Промостатья: Моя история 3 | Цена перехода | 25-54,Зоомагазин: Почему он стал идельным бизнесом для меня_66546aa6d9304216bde5c510,6
2024-06-19,Яндекс ПромоСтраницы,yandex.promopages,Промостатья: Моя история 3 | Цена перехода | 25-54 | lp /dzen,Поиск идеального бизнеса: Как я открыла свой зоомагазин_667147a1f598e415f34e8ecb,6
2024-06-20,Яндекс ПромоСтраницы,yandex.promopages,Промостатья: Моя история 3 | Цена перехода | 25-54 | lp /franchise,Зоомагазин: Почему он стал идельным бизнесом для меня_66546aa6d9304216bde5c510,6
2024-04-28,Яндекс ПромоСтраницы,yandex.promopages,Промостатья: Моя история 1 | Цена перехода | Ж25-54,"Как я преобразила свою жизнь, открыв зоомагазин_6489b3c2b218576c1a6c58ed",5
2024-05-21,Яндекс ПромоСтраницы,yandex.promopages,Промостатья: Моя история 1 | Цена перехода | Ж25-54,"Как я преобразила свою жизнь, открыв зоомагазин_6489b3c2b218576c1a6c58ed",5
2024-06-06,Яндекс ПромоСтраницы,yandex.promopages,Промостатья: Моя история 3 | Цена перехода | 25-54,Поиск идеального бизнеса: Как я открыла свой зоомагазин_66546aa6d9304216bde5c510,5
2024-05-23,Яндекс ПромоСтраницы,yandex.promopages,Промостатья: Моя история 1 | Цена перехода | Ж25-54,"Как я преобразила свою жизнь, открыв зоомагазин_6489b3c2b218576c1a6c58ed",4
2024-05-31,Яндекс ПромоСтраницы,yandex.promopages,Промостатья: Моя история 3 | Цена перехода | 25-54,Зоомагазин: Почему он стал идельным бизнесом для меня_66546aa6d9304216bde5c510,4
2024-06-07,Яндекс ПромоСтраницы,yandex.promopages,Промостатья: Моя история 3 | Цена перехода | 25-54,Зоомагазин: Почему он стал идельным бизнесом для меня_66546aa6d9304216bde5c510,4
2024-06-11,Яндекс ПромоСтраницы,yandex.promopages,Промостатья: Моя история 3 | Цена перехода | 25-54,Зоомагазин: Почему он стал идельным бизнесом для меня_66546aa6d9304216bde5c510,4
2024-06-21,Яндекс ПромоСтраницы,yandex.promopages,Промостатья: Моя история 3 | Цена перехода | 25-54 | lp /franchise,Зоомагазин как идеальный бизнес: Почему это мой выбор_66546aa6d9304216bde5c510,4
2024-04-24,Яндекс ПромоСтраницы,yandex.promopages,Промостатья: Моя история 2 | Цена перехода | 25-54,Зоомагазин как идеальный бизнес: Почему это мой выбор_6581a8808e730e6f79d09159,3
2024-04-27,Яндекс ПромоСтраницы,yandex.promopages,Промостатья: Моя история 1 | Цена перехода | Ж25-54,"Как я преобразила свою жизнь, открыв зоомагазин_6489b3c2b218576c1a6c58ed",3
2024-05-01,Яндекс ПромоСтраницы,yandex.promopages,Промостатья: Моя история 1 | Цена перехода | Ж25-54,История успеха: мой путь от работницы к предпринимателю_6489b3c2b218576c1a6c58ed,3
2024-05-07,Яндекс.Директ: Не определено,yandex.promopages,Промостатья: Моя история 1 | Цена перехода | Ж25-54,"Как я преобразила свою жизнь, открыв зоомагазин_6489b3c2b218576c1a6c58ed",3
2024-05-13,Яндекс ПромоСтраницы,yandex.promopages,Промостатья: Моя история 2 | Цена перехода | 25-54,Зоомагазин как идеальный бизнес: Почему это мой выбор_6581a8808e730e6f79d09159,3
2024-05-13,Яндекс ПромоСтраницы,yandex.promopages,Промостатья: Моя история 2 | Цена перехода | 25-54,Поиск идеального бизнеса: Как я открыл свой зоомагазин_6581a8808e730e6f79d09159,3
2024-05-19,Яндекс ПромоСтраницы,yandex.promopages,Промостатья: Моя история 1 | Цена перехода | Ж25-54,"Как я преобразила свою жизнь, открыв зоомагазин_6489b3c2b218576c1a6c58ed",3
2024-05-27,Яндекс ПромоСтраницы,yandex.promopages,Промостатья: Моя история 1 | Цена перехода | Ж25-54,"Как я преобразила свою жизнь, открыв зоомагазин_6489b3c2b218576c1a6c58ed",3
2024-05-31,Яндекс ПромоСтраницы,yandex.promopages,Промостатья: Моя история 3 | Цена перехода | 25-54,Зоомагазин как идеальный бизнес: Почему это мой выбор_66546aa6d9304216bde5c510,3
2024-06-05,Яндекс ПромоСтраницы,yandex.promopages,Промостатья: Моя история 3 | Цена перехода | 25-54,Зоомагазин: Почему он стал идельным бизнесом для меня_66546aa6d9304216bde5c510,3
2024-06-09,Яндекс ПромоСтраницы,yandex.promopages,Промостатья: Моя история 3 | Цена перехода | 25-54,Поиск идеального бизнеса: Как я открыла свой зоомагазин_66546aa6d9304216bde5c510,3
2024-06-17,Яндекс ПромоСтраницы,yandex.promopages,Промостатья: Моя история 3 | Цена перехода | 25-54,Зоомагазин как идеальный бизнес: Почему это мой выбор_66546aa6d9304216bde5c510,3
2024-06-19,Яндекс ПромоСтраницы,yandex.promopages,Промостатья: Моя история 3 | Цена перехода | 25-54 | lp /dzen,Зоомагазин как идеальный бизнес: Почему это мой выбор_667147a1f598e415f34e8ecb,3
2024-06-19,Яндекс ПромоСтраницы,yandex.promopages,Промостатья: Моя история 3 | Цена перехода | 25-54 | lp /dzen,Поиск идеального бизнеса: Как я открыла свой зоо_667147a1f598e415f34e8ecb,3
2024-06-19,Яндекс ПромоСтраницы,yandex.promopages,Промостатья: Моя история 3 | Цена перехода | 25-54 | lp /franchise,Поиск идеального бизнеса: Как я открыла свой зоомагазин_66546aa6d9304216bde5c510,3
2024-06-23,Яндекс ПромоСтраницы,yandex.promopages,Промостатья: Моя история 3 | Цена перехода | 25-54 | lp /franchise,Зоомагазин как идеальный бизнес: Почему это мой выбор_66546aa6d9304216bde5c510,3
2024-04-05,Яндекс ПромоСтраницы,yandex.promopages,Промостатья: Моя история 2 | Цена перехода | 25-54,Зоомагазин: Почему он стал идельным бизнесом для меня_6581a8808e730e6f79d09159,2
2024-04-14,Яндекс ПромоСтраницы,yandex.promopages,Промостатья: Моя история 2 | Цена перехода | 25-54,Зоомагазин как идеальный бизнес: Почему это мой выбор_6581a8808e730e6f79d09159,2
2024-04-22,Яндекс ПромоСтраницы,yandex.promopages,Промостатья: Моя история 1 | Цена перехода | Ж25-54,"Как я преобразила свою жизнь, открыв зоомагазин_6489b3c2b218576c1a6c58ed",2
2024-05-01,Яндекс ПромоСтраницы,yandex.promopages,Промостатья: Моя история 1 | Цена перехода | Ж25-54,"Как ""Мокрый нос"" помог мне достичь успеха в бизнесе_6489b3c2b218576c1a6c58ed",2
2024-05-06,Яндекс ПромоСтраницы,yandex.promopages,Промостатья: Моя история 2 | Цена перехода | 25-54,Поиск идеального бизнеса: Как я открыл свой зоомагазин_6581a8808e730e6f79d09159,2
2024-05-07,Яндекс ПромоСтраницы,yandex.promopages,Промостатья: Моя история 2 | Цена перехода | 25-54,Поиск идеального бизнеса: Как я открыл свой зоомагазин_6581a8808e730e6f79d09159,2
2024-05-16,Яндекс ПромоСтраницы,yandex.promopages,Промостатья: Моя история 1 | Цена перехода | Ж25-54,"Как я преобразила свою жизнь, открыв зоомагазин_6489b3c2b218576c1a6c58ed",2
2024-05-17,Яндекс ПромоСтраницы,yandex.promopages,Промостатья: Моя история 1 | Цена перехода | Ж25-54,"Как я преобразила свою жизнь, открыв зоомагазин_6489b3c2b218576c1a6c58ed",2
2024-05-17,Яндекс ПромоСтраницы,yandex.promopages,Промостатья: Моя история 2 | Цена перехода | 25-54,Зоомагазин: Почему он стал идельным бизнесом для меня_6581a8808e730e6f79d09159,2
2024-05-18,Яндекс ПромоСтраницы,yandex.promopages,Промостатья: Моя история 1 | Цена перехода | Ж25-54,Как я преобразила свою ,2
2024-05-18,Яндекс ПромоСтраницы,yandex.promopages,Промостатья: Моя история 1 | Цена перехода | Ж25-54,"Как я преобразила свою жизнь, открыв зоомагазин_6489b3c2b218576c1a6c58ed",2
2024-05-18,Яндекс ПромоСтраницы,yandex.promopages,Промостатья: Моя история 2 | Цена перехода | 25-54,Зоомагазин: Почему он стал идельным бизнесом для меня_6581a8808e730e6f79d09159,2
2024-05-20,Яндекс ПромоСтраницы,yandex.promopages,Промостатья: Моя история 1 | Цена перехода | Ж25-54,"Как я преобразила свою жизнь, открыв зоомагазин_6489b3c2b218576c1a6c58ed",2
2024-05-21,Яндекс ПромоСтраницы,yandex.promopages,Промостатья: Моя история 2 | Цена перехода | 25-54,Поиск идеального бизнеса: Как я открыл свой зоомагазин_6581a8808e730e6f79d09159,2
2024-05-24,Яндекс ПромоСтраницы,yandex.promopages,Промостатья: Моя история 2 | Цена перехода | 25-54,Зоомагазин: Почему он стал идельным бизнесом для меня_6581a8808e730e6f79d09159,2
2024-05-28,Яндекс ПромоСтраницы,yandex.promopages,Промостатья: Моя история 3 | Цена перехода | 25-54,Зоомагазин как идеальный бизнес: Почему это мой выбор_66546aa6d9304216bde5c510,2
2024-05-29,Яндекс ПромоСтраницы,yandex.promopages,Промостатья: Моя история 3 | Цена перехода | 25-54,Зоомагазин как идеальный бизнес: Почему это мой выбор_66546aa6d9304216bde5c510,2
2024-05-30,Яндекс ПромоСтраницы,yandex.promopages,Промостатья: Моя история 3 | Цена перехода | 25-54,Зоомагазин: Почему он стал идельным бизнесом для меня_66546aa6d9304216bde5c510,2
2024-06-01,Яндекс ПромоСтраницы,yandex.promopages,Промостатья: Моя история 3 | Цена перехода | 25-54,Зоомагазин как идеальный бизнес: Почему это мой выбор_66546aa6d9304216bde5c510,2
2024-06-01,Яндекс ПромоСтраницы,yandex.promopages,Промостатья: Моя история 3 | Цена перехода | 25-54,Зоомагазин: Почему он стал идельным бизнесом для меня_66546aa6d9304216bde5c510,2
2024-06-09,Яндекс ПромоСтраницы,yandex.promopages,Промостатья: Моя история 3 | Цена перехода | 25-54,Зоомагазин: Почему он стал идельным бизнесом для меня_66546aa6d9304216bde5c510,2
2024-06-17,Яндекс ПромоСтраницы,yandex.promopages,Промостатья: Моя история 3 | Цена перехода | 25-54,Зоомагазин: Почему он стал идельным бизнесом для меня_66546aa6d9304216bde5c510,2
2024-06-17,Яндекс ПромоСтраницы,yandex.promopages,Промостатья: Моя история 3 | Цена перехода | 25-54,Поиск идеального бизнеса: Как я открыла свой зоомагазин_66546aa6d9304216bde5c510,2
2024-06-20,Яндекс ПромоСтраницы,yandex.promopages,Промостатья: Моя история 3 | Цена перехода | 25-54 | lp /dzen,Зоомагазин: Почему он стал идельным бизнесом для меня_667147a1f598e415f34e8ecb,2
2024-06-22,Яндекс ПромоСтраницы,yandex.promopages,Промостатья: Моя история 3 | Цена перехода | 25-54 | lp /franchise,Зоомагазин как идеальный бизнес: Почему это мой выбор_66546aa6d9304216bde5c510,2
2024-06-24,Яндекс ПромоСтраницы,yandex.promopages,Промостатья: Моя история 3 | Цена перехода | 25-54 | lp /franchise,Зоомагазин: Почему он стал идельным бизнесом для меня_66546aa6d9304216bde5c510,2
2024-06-25,Яндекс ПромоСтраницы,yandex.promopages,Промостатья: Моя история 3 | Цена перехода | 25-54 | lp /franchise,Зоомагазин: Почему он стал идельным бизнесом для меня_66546aa6d9304216bde5c510,2
2024-04-02,Яндекс: Директ,yandex.promopages,Промостатья: Моя история 1 | Цена перехода | Ж25-54,"Как я преобразила свою жизнь, открыв зоомагазин_6489b3c2b218576c1a6c58ed",1
2024-04-04,Яндекс ПромоСтраницы,yandex.promopages,Промостатья: Моя история 1 | Цена перехода | Ж25-54,История успеха: мой путь от работницы к предпринимателю_6489b3c2b218576c1a6c58ed,1
2024-04-05,franchise-mokryinos-ru.turbopages.org,yandex.promopages,Промостатья: Моя история 1 | Цена перехода | Ж25-54,"Как я преобразила свою жизнь, открыв зоомагазин_6489b3c2b218576c1a6c58ed",1
2024-04-06,Яндекс ПромоСтраницы,yandex.promopages,Промостатья: Моя история 2 | Цена перехода | 25-54,Зоомагазин: Почему он стал идельным бизнесом для меня_6581a8808e730e6f79d09159,1
2024-04-10,Яндекс ПромоСтраницы,yandex.promopages,Промостатья: Моя история 2 | Цена перехода | 25-54,Зоомагазин как идеальный бизнес: Почему это мой выбор_6581a8808e730e6f79d09159,1
2024-04-10,Яндекс ПромоСтраницы,yandex.promopages,Промостатья: Моя история 2 | Цена перехода | 25-54,Зоомагазин: Почему он стал идельным бизнесом для меня_6581a8808e730e6f79d09159,1
2024-04-11,Яндекс ПромоСтраницы,yandex.promopages,Промостатья: Моя история 2 | Цена перехода | 25-54,Зоомагазин как идеальный бизнес: Почему это мой выбор_6581a8808e730e6f79d09159,1
2024-04-11,Яндекс: Директ,yandex.promopages,Промостатья: Моя история 1 | Цена перехода | Ж25-54,"Как я преобразила свою жизнь, открыв зоомагазин_6489b3c2b218576c1a6c58ed",1
2024-04-12,Яндекс ПромоСтраницы,yandex.promopages,Промостатья: Моя история 2 | Цена перехода | 25-54,Зоомагазин как идеальный бизнес: Почему это мой выбор_6581a8808e730e6f79d09159,1
2024-04-13,Яндекс ПромоСтраницы,yandex.promopages,Промостатья: Моя история 2 | Цена перехода | 25-54,Зоомагазин: Почему он стал идельным бизнесом для меня_6581a8808e730e6f79d09159,1
2024-04-15,Яндекс ПромоСтраницы,yandex.promopages,Промостатья: Моя история 2 | Цена перехода | 25-54,Зоомагазин как идеальный бизнес: Почему это мой выбор_6581a8808e730e6f79d09159,1
2024-04-16,franchise-mokryinos-ru.turbopages.org,yandex.promopages,Промостатья: Моя история 1 | Цена перехода | Ж25-54,"Как я преобразила свою жизнь, открыв зоомагазин_6489b3c2b218576c1a6c58ed",1
2024-04-16,Яндекс ПромоСтраницы,yandex.promopages,Промостатья: Моя история 2 | Цена перехода | 25-54,Зоомагазин как идеальный бизнес: Почему это мой выбор_6581a8808e730e6f79d09159,1
2024-04-17,franchise-mokryinos-ru.turbopages.org,yandex.promopages,Промостатья: Моя история 1 | Цена перехода | Ж25-54,"Как я преобразила свою жизнь, открыв зоомагазин_6489b3c2b218576c1a6c58ed",1
2024-04-17,Яндекс ПромоСтраницы,yandex.promopages,Промостатья: Моя история 2 | Цена перехода | 25-54,Зоомагазин как идеальный бизнес: Почему это мой выбор_6581a8808e730e6f79d09159,1
2024-04-19,Яндекс ПромоСтраницы,yandex.promopages,Промостатья: Моя история 2 | Цена перехода | 25-54,Зоомагазин как идеальный бизнес: Почему это мой выбор_6581a8808e730e6f79d09159,1
2024-04-20,Яндекс ПромоСтраницы,yandex.promopages,Промостатья: Моя история 2 | Цена перехода | 25-54,Зоомагазин как идеальный бизнес: Почему это мой выбор_6581a8808e730e6f79d09159,1
2024-04-23,Яндекс ПромоСтраницы,yandex.promopages,Промостатья: Моя история 1 | Цена перехода | Ж25-54,"Как ""Мокрый нос"" помог мне достичь успеха в бизнесе_6489b3c2b218576c1a6c58ed",1
2024-04-24,Яндекс ПромоСтраницы,yandex.promopages,Промостатья: Моя история 1 | Цена перехода | Ж25-54,"Как ""Мокрый нос"" помог мне достичь успеха в бизнесе_6489b3c2b218576c1a6c58ed",1
2024-04-24,Яндекс ПромоСтраницы,yandex.promopages,Промостатья: Моя история 2 | Цена перехода | 25-54,Зоомагазин: Почему он стал идельным бизнесом для меня_6581a8808e730e6f79d09159,1
2024-04-24,Яндекс ПромоСтраницы,yandex.promopages,Промостатья: Моя история 2 | Цена перехода | 25-54,Поиск идеального бизнеса: Как я открыл свой зоомагазин_6581a8808e730e6f79d09159,1
2024-04-27,Яндекс ПромоСтраницы,yandex.promopages,Промостатья: Моя история 2 | Цена перехода | 25-54,Поиск идеального бизнеса: Как я открыл свой зоомагазин_6581a8808e730e6f79d09159,1
2024-04-28,Яндекс ПромоСтраницы,yandex.promopages,Промостатья: Моя история 1 | Цена перехода | Ж25-54,"Как ""Мокрый нос"" помог мне достичь успеха в бизнесе_6489b3c2b218576c1a6c58ed",1
2024-05-05,Яндекс ПромоСтраницы,yandex.promopages,Промостатья: Моя история 1 | Цена перехода | Ж25-54,"Как я преобразила свою жизнь, открыв зоомагазин_6489b3c2b218576c1a6c58ed",1
2024-05-06,Яндекс ПромоСтраницы,yandex.promopages,Промостатья: Моя история 2 | Цена перехода | 25-54,Зоомагазин: Почему он стал идельным бизнесом для меня_6581a8808e730e6f79d09159,1
2024-05-06,Яндекс: Директ,yandex.promopages,Промостатья: Моя история 1 | Цена перехода | Ж25-54,"Как ""Мокрый нос"" помог мне достичь успеха в бизнесе_6489b3c2b218576c1a6c58ed",1
2024-05-07,Яндекс ПромоСтраницы,yandex.promopages,Промостатья: Моя история 1 | Цена перехода | Ж25-54,"Как я преобразила свою жизнь, открыв зоомагазин_6489b3c2b218576c1a6c58ed",1
2024-05-07,Яндекс ПромоСтраницы,yandex.promopages,Промостатья: Моя история 2 | Цена перехода | 25-54,Зоомагазин: Почему он стал идельным бизнесом для меня_6581a8808e730e6f79d09159,1
2024-05-07,Яндекс: Директ,yandex.promopages,Промостатья: Моя история 2 | Цена перехода | 25-54,Зоомагазин как идеальный бизнес: Почему это мой выбор_6581a8808e730e6f79d09159,1
2024-05-07,Яндекс: Директ,yandex.promopages,Промостатья: Моя история 2 | Цена перехода | 25-54,Поиск идеального бизнеса: Как я открыл свой зоомагазин_6581a8808e730e6f79d09159,1
2024-05-17,Яндекс ПромоСтраницы,yandex.promopages,Промостатья: Моя история 2 | Цена перехода | 25-54,Зоомагазин как идеальный бизнес: Почему это мой выбор_6581a8808e730e6f79d09159,1
2024-05-22,Яндекс ПромоСтраницы,yandex.promopages,Промостатья: Моя история 1 | Цена перехода | Ж25-54,"Как ""Мокрый нос"" помог мне достичь успеха в бизнесе_6489b3c2b218576c1a6c58ed",1
2024-05-22,Яндекс ПромоСтраницы,yandex.promopages,Промостатья: Моя история 2 | Цена перехода | 25-54,Поиск идеального бизнеса: Как я открыл свой зоомагазин_6581a8808e730e6f79d09159,1
2024-05-22,Яндекс.Директ: Не определено,yandex.promopages,Промостатья: Моя история 1 | Цена перехода | Ж25-54,"Как я преобразила свою жизнь, открыв зоомагазин_6489b3c2b218576c1a6c58ed",1
2024-05-23,Яндекс ПромоСтраницы,yandex.promopages,Промостатья: Моя история 2 | Цена перехода | 25-54,Зоомагазин: Почему он стал идельным бизнесом для меня_6581a8808e730e6f79d09159,1
2024-05-23,Яндекс ПромоСтраницы,yandex.promopages,Промостатья: Моя история 2 | Цена перехода | 25-54,Поиск идеального бизнеса: Как я открыл свой зоомагазин_6581a8808e730e6f79d09159,1
2024-05-25,Яндекс ПромоСтраницы,yandex.promopages,Промостатья: Моя история 1 | Цена перехода | Ж25-54,История успеха: мой путь от работницы к предпринимателю_6489b3c2b218576c1a6c58ed,1
2024-05-27,Другая реклама: определено по меткам,yandex.promopages,Промостатья: Моя история 3 | Цена перехода | 25-54,Зоомагазин как идеальный бизнес: Почему это мой выбор_66546aa6d9304216bde5c510,1
2024-05-30,franchise-mokryinos-ru.turbopages.org,yandex.promopages,Промостатья: Моя история 3 | Цена перехода | 25-54,Зоомагазин как идеальный бизнес: Почему это мой выбор_66546aa6d9304216bde5c510,1
2024-05-31,Яндекс ПромоСтраницы,yandex.promopages,Промостатья: Моя история 1 | Цена перехода | Ж25-54,"Как я преобразила свою жизнь, открыв зоомагазин_6489b3c2b218576c1a6c58ed",1
2024-06-02,Яндекс ПромоСтраницы,yandex.promopages,Промостатья: Моя история 3 | Цена перехода | 25-54,Зоомагазин: Почему он стал идельным бизнесом для меня_66546aa6d9304216bde5c510,1
2024-06-04,Яндекс ПромоСтраницы,yandex.promopages,Промостатья: Моя история 3 | Цена перехода | 25-54,Зоомагазин как идеальный бизнес: Почему это мой выбор_66546aa6d9304216bde5c510,1
2024-06-04,Яндекс ПромоСтраницы,yandex.promopages,Промостатья: Моя история 3 | Цена перехода | 25-54,Поиск идеального бизнеса: Как я открыла свой зоомагазин_66546aa6d9304216bde5c510,1
2024-06-05,Яндекс ПромоСтраницы,yandex.promopages,Промостатья: Моя история 3 | Цена перехода | 25-54,Поиск идеального бизнеса: Как я открыла свой зоомагазин_66546aa6d9304216bde5c510,1
2024-06-06,promopages.yandex.ru,yandex.promopages,Промостатья: Моя история 3 | Цена перехода | 25-54,Зоомагазин: Почему он стал идельным бизнесом для меня_66546aa6d9304216bde5c510,1
2024-06-07,Яндекс ПромоСтраницы,yandex.promopages,Промостатья: Моя история 3 | Цена перехода | 25-54,Зоомагазин как идеальный бизнес: Почему это мой выбор_66546aa6d9304216bde5c510,1
2024-06-07,Яндекс: Директ,yandex.promopages,Промостатья: Моя история 3 | Цена перехода | 25-54,Поиск идеального бизнеса: Как я открыла свой зоомагазин_66546aa6d9304216bde5c510,1
2024-06-08,Яндекс ПромоСтраницы,yandex.promopages,Промостатья: Моя история 3 | Цена перехода | 25-54,Поиск идеального бизнеса: Как я открыла свой зоомагазин_66546aa6d9304216bde5c510,1
2024-06-09,Яндекс: Директ,yandex.promopages,Промостатья: Моя история 3 | Цена перехода | 25-54,Поиск идеального бизнеса: Как я открыла свой зоомагазин_66546aa6d9304216bde5c510,1
2024-06-12,Яндекс ПромоСтраницы,yandex.promopages,Промостатья: Моя история 3 | Цена перехода | 25-54,Зоомагазин как идеальный бизнес: Почему это мой выбор_66546aa6d9304216bde5c510,1
2024-06-13,Яндекс ПромоСтраницы,yandex.promopages,Промостатья: Моя история 3 | Цена перехода | 25-54,Зоомагазин как идеальный бизнес: Почему это мой выбор_66546aa6d9304216bde5c510,1
2024-06-13,Яндекс ПромоСтраницы,yandex.promopages,Промостатья: Моя история 3 | Цена перехода | 25-54,Зоомагазин: Почему он стал идельным бизнесом для меня_66546aa6d9304216bde5c510,1
2024-06-13,Яндекс ПромоСтраницы,yandex.promopages,Промостатья: Моя история 3 | Цена перехода | 25-54,Поиск идеального бизнеса: Как я открыла свой зоомагазин_66546aa6d9304216bde5c510,1
2024-06-14,Яндекс ПромоСтраницы,yandex.promopages,Промостатья: Моя история 1 | Цена перехода | Ж25-54,"Как я преобразила свою жизнь, открыв зоомагазин_6489b3c2b218576c1a6c58ed",1
2024-06-18,Яндекс ПромоСтраницы,yandex.promopages,Промостатья: Моя история 3 | Цена перехода | 25-54,Зоомагазин как идеальный бизнес: Почему это мой выбор_66546aa6d9304216bde5c510,1
2024-06-18,Яндекс ПромоСтраницы,yandex.promopages,Промостатья: Моя история 3 | Цена перехода | 25-54,Зоомагазин: Почему он стал идельным бизнесом для меня_66546aa6d9304216bde5c510,1
2024-06-19,Яндекс ПромоСтраницы,yandex.promopages,Промостатья: Моя история 3 | Цена перехода | 25-54 | lp /franchise,Зоомагазин: Почему он стал идельным бизнесом для меня_66546aa6d9304216bde5c510,1
2024-06-20,Яндекс ПромоСтраницы,yandex.promopages,Промостатья: Моя история 3 | Цена перехода | 25-54 | lp /franchise,Зоомагазин как идеальный бизнес: Почему это мой выбор_66546aa6d9304216bde5c510,1
2024-06-21,Яндекс ПромоСтраницы,yandex.promopages,Промостатья: Моя история 3 | Цена перехода | 25-54 | lp /dzen,Зоомагазин как идеальный бизнес: Почему это мой выбор_667147a1f598e415f34e8ecb,1
2024-06-21,Яндекс ПромоСтраницы,yandex.promopages,Промостатья: Моя история 3 | Цена перехода | 25-54 | lp /franchise,Поиск идеального бизнеса: Как я открыла свой зоомагазин_66546aa6d9304216bde5c510,1
2024-06-23,Яндекс ПромоСтраницы,yandex.promopages,Промостатья: Моя история 3 | Цена перехода | 25-54 | lp /dzen,Зоомагазин: Почему он стал идельным бизнесом для меня_667147a1f598e415f34e8ecb,1
2024-06-23,Яндекс ПромоСтраницы,yandex.promopages,Промостатья: Моя история 3 | Цена перехода | 25-54 | lp /dzen,Поиск идеального бизнеса: Как я открыла свой зоомагазин_667147a1f598e415f34e8ecb,1
2024-06-23,Яндекс ПромоСтраницы,yandex.promopages,Промостатья: Моя история 3 | Цена перехода | 25-54 | lp /franchise,Зоомагазин: Почему он стал идельным бизнесом для меня_66546aa6d9304216bde5c510,1
2024-06-25,Яндекс ПромоСтраницы,yandex.promopages,Промостатья: Моя история 1 | Цена перехода | Ж25-54,"Как я преобразила свою жизнь, открыв зоомагазин_6489b3c2b218576c1a6c58ed",1
2024-06-29,Яндекс ПромоСтраницы,yandex.promopages,Промостатья: Моя история 3 | Цена перехода | 25-54 | lp /franchise,Поиск идеального бизнеса: Как я открыла свой зоомагазин_66546aa6d9304216bde5c510,1
2024-07-25,Яндекс ПромоСтраницы,yandex.promopages,Промостатья: Моя история 1 | Цена перехода | Ж25-54,"Как я преобразила свою жизнь, открыв зоомагазин_6489b3c2b218576c1a6c58ed",23
2024-07-09,Яндекс ПромоСтраницы,yandex.promopages,Промостатья: Моя история 3 | Цена перехода | 25-54 | lp /franchise,Зоомагазин: Почему он стал идельным бизнесом для меня_66546aa6d9304216bde5c510,22
2024-07-29,Яндекс ПромоСтраницы,yandex.promopages,Промостатья: Моя история 1 | Цена перехода | Ж25-54,"Как я преобразила свою жизнь, открыв зоомагазин_6489b3c2b218576c1a6c58ed",20
2024-08-03,Яндекс ПромоСтраницы,yandex.promopages,Промостатья: Моя история 1 | Цена перехода | Ж25-54,"Как я преобразила свою жизнь, открыв зоомагазин_6489b3c2b218576c1a6c58ed",19
2024-07-30,Яндекс ПромоСтраницы,yandex.promopages,Промостатья: Моя история 1 | Цена перехода | Ж25-54,"Как я преобразила свою жизнь, открыв зоомагазин_6489b3c2b218576c1a6c58ed",18
2024-08-06,Яндекс ПромоСтраницы,yandex.promopages,Промостатья: Моя история 1 | Цена перехода | Ж25-54,"Как я преобразила свою жизнь, открыв зоомагазин_6489b3c2b218576c1a6c58ed",18
2024-07-26,Яндекс ПромоСтраницы,yandex.promopages,Промостатья: Моя история 1 | Цена перехода | Ж25-54,"Как я преобразила свою жизнь, открыв зоомагазин_6489b3c2b218576c1a6c58ed",17
2024-09-22,Яндекс ПромоСтраницы,yandex.promopages,Промостатья: Моя история 1 | Цена перехода | М,"Как я преобразила свою жизнь, открыв зоомагазин_6650951bb80be65343a7d8e9",17
2024-08-09,Яндекс ПромоСтраницы,yandex.promopages,Промостатья: Моя история 1 | Цена перехода | Ж25-54,"Как я преобразила свою жизнь, открыв зоомагазин_6489b3c2b218576c1a6c58ed",16
2024-07-28,Яндекс ПромоСтраницы,yandex.promopages,Промостатья: Моя история 1 | Цена перехода | Ж25-54,"Как я преобразила свою жизнь, открыв зоомагазин_6489b3c2b218576c1a6c58ed",15
2024-09-21,Яндекс ПромоСтраницы,yandex.promopages,Промостатья: Моя история 1 | Цена перехода | М,"Как я преобразила свою жизнь, открыв зоомагазин_6650951bb80be65343a7d8e9",15
2024-08-01,Яндекс ПромоСтраницы,yandex.promopages,Промостатья: Моя история 1 | Цена перехода | Ж25-54,"Как я преобразила свою жизнь, открыв зоомагазин_6489b3c2b218576c1a6c58ed",14
2024-08-04,Яндекс ПромоСтраницы,yandex.promopages,Промостатья: Моя история 1 | Цена перехода | Ж25-54,"Как я преобразила свою жизнь, открыв зоомагазин_6489b3c2b218576c1a6c58ed",14
2024-08-08,Яндекс ПромоСтраницы,yandex.promopages,Промостатья: Моя история 1 | Цена перехода | Ж25-54,"Как я преобразила свою жизнь, открыв зоомагазин_6489b3c2b218576c1a6c58ed",14
2024-09-20,Яндекс ПромоСтраницы,yandex.promopages,Промостатья: Моя история 1 | Цена перехода | М,"Как я преобразила свою жизнь, открыв зоомагазин_6650951bb80be65343a7d8e9",13
2024-07-27,Яндекс ПромоСтраницы,yandex.promopages,Промостатья: Моя история 1 | Цена перехода | Ж25-54,"Как я преобразила свою жизнь, открыв зоомагазин_6489b3c2b218576c1a6c58ed",12
2024-07-31,Яндекс ПромоСтраницы,yandex.promopages,Промостатья: Моя история 1 | Цена перехода | Ж25-54,"Как я преобразила свою жизнь, открыв зоомагазин_6489b3c2b218576c1a6c58ed",12
2024-08-10,Яндекс ПромоСтраницы,yandex.promopages,Промостатья: Моя история 1 | Цена перехода | Ж25-54,"Как я преобразила свою жизнь, открыв зоомагазин_6489b3c2b218576c1a6c58ed",12
2024-07-12,Яндекс ПромоСтраницы,yandex.promopages,Промостатья: Моя история 3 | Цена перехода | 25-54 | lp /franchise,Зоомагазин: Почему он стал идельным бизнесом для меня_66546aa6d9304216bde5c510,10
2024-09-19,Яндекс ПромоСтраницы,yandex.promopages,Промостатья: Моя история 1 | Цена перехода | М,"Как я преобразила свою жизнь, открыв зоомагазин_6650951bb80be65343a7d8e9",10
2024-07-11,Яндекс ПромоСтраницы,yandex.promopages,Промостатья: Моя история 3 | Цена перехода | 25-54 | lp /franchise,Зоомагазин: Почему он стал идельным бизнесом для меня_66546aa6d9304216bde5c510,9
2024-07-20,Яндекс ПромоСтраницы,yandex.promopages,Промостатья: Моя история 3 | Цена перехода | 25-54 | lp /franchise,Зоомагазин: Почему он стал идельным бизнесом для меня_66546aa6d9304216bde5c510,9
2024-08-07,Яндекс ПромоСтраницы,yandex.promopages,Промостатья: Моя история 1 | Цена перехода | Ж25-54,"Как я преобразила свою жизнь, открыв зоомагазин_6489b3c2b218576c1a6c58ed",8
2024-09-23,Яндекс ПромоСтраницы,yandex.promopages,Промостатья: Моя история 1 | Цена перехода | М,"Как я преобразила свою жизнь, открыв зоомагазин_6650951bb80be65343a7d8e9",8
2024-08-02,Яндекс ПромоСтраницы,yandex.promopages,Промостатья: Моя история 1 | Цена перехода | Ж25-54,"Как я преобразила свою жизнь, открыв зоомагазин_6489b3c2b218576c1a6c58ed",7
2024-08-11,Яндекс ПромоСтраницы,yandex.promopages,Промостатья: Моя история 1 | Цена перехода | Ж25-54,"Как я преобразила свою жизнь, открыв зоомагазин_6489b3c2b218576c1a6c58ed",7
2024-09-17,Яндекс ПромоСтраницы,yandex.promopages,Промостатья: Моя история 1 | Цена перехода | Ж25-54,"Как я преобразила свою жизнь, открыв зоомагазин_6489b3c2b218576c1a6c58ed",7
2024-07-10,Яндекс ПромоСтраницы,yandex.promopages,Промостатья: Моя история 3 | Цена перехода | 25-54 | lp /franchise,Зоомагазин: Почему он стал идельным бизнесом для меня_66546aa6d9304216bde5c510,6
2024-08-05,Яндекс ПромоСтраницы,yandex.promopages,Промостатья: Моя история 1 | Цена перехода | Ж25-54,"Как я преобразила свою жизнь, открыв зоомагазин_6489b3c2b218576c1a6c58ed",6
2024-09-07,Яндекс ПромоСтраницы,yandex.promopages,Промостатья: Моя история 1 | Цена перехода | Ж25-54,"Как я преобразила свою жизнь, открыв зоомагазин_6489b3c2b218576c1a6c58ed",6
2024-09-21,Яндекс ПромоСтраницы,yandex.promopages,Промостатья: Моя история 1 | Цена перехода | М,"Как ""Мокрый нос"" помог мне достичь успеха в бизнесе_6650951bb80be65343a7d8e9",6
2024-07-19,Яндекс ПромоСтраницы,yandex.promopages,Промостатья: Моя история 3 | Цена перехода | 25-54 | lp /franchise,Зоомагазин: Почему он стал идельным бизнесом для меня_66546aa6d9304216bde5c510,5
2024-07-21,Яндекс ПромоСтраницы,yandex.promopages,Промостатья: Моя история 3 | Цена перехода | 25-54 | lp /franchise,Зоомагазин: Почему он стал идельным бизнесом для меня_66546aa6d9304216bde5c510,5
2024-08-12,Яндекс ПромоСтраницы,yandex.promopages,Промостатья: Моя история 1 | Цена перехода | Ж25-54,"Как я преобразила свою жизнь, открыв зоомагазин_6489b3c2b218576c1a6c58ed",5
2024-08-20,Яндекс ПромоСтраницы,yandex.promopages,Промостатья: Моя история 1 | Цена перехода | Ж25-54,"Как я преобразила свою жизнь, открыв зоомагазин_6489b3c2b218576c1a6c58ed",5
2024-09-27,Яндекс ПромоСтраницы,yandex.promopages,Промостатья: Моя история 1 | Цена перехода | Ж25-54,"Как я преобразила свою жизнь, открыв зоомагазин_6489b3c2b218576c1a6c58ed",5
2024-07-09,Яндекс ПромоСтраницы,yandex.promopages,Промостатья: Моя история 3 | Цена перехода | 25-54 | lp /franchise,Поиск идеального бизнеса: Как я открыла свой зоомагазин_66546aa6d9304216bde5c510,4
2024-08-13,Яндекс ПромоСтраницы,yandex.promopages,Промостатья: Моя история 1 | Цена перехода | Ж25-54,"Как я преобразила свою жизнь, открыв зоомагазин_6489b3c2b218576c1a6c58ed",4
2024-08-15,Яндекс ПромоСтраницы,yandex.promopages,Статья: Цифры и факты / Интересы: франшиза,Почему стоит открыть зоомагаз по франшизе Мокрый Нос_66bb527ae551a90e2f296f95,4
2024-08-23,Яндекс ПромоСтраницы,yandex.promopages,Промостатья: Моя история 1 | Цена перехода | Ж25-54,"Как я преобразила свою жизнь, открыв зоомагазин_6489b3c2b218576c1a6c58ed",4
2024-08-24,Яндекс ПромоСтраницы,yandex.promopages,Промостатья: Моя история 1 | Цена перехода | Ж25-54,"Как я преобразила свою жизнь, открыв зоомагазин_6489b3c2b218576c1a6c58ed",4
2024-08-25,Яндекс ПромоСтраницы,yandex.promopages,Промостатья: Моя история 1 | Цена перехода | Ж25-54,"Как я преобразила свою жизнь, открыв зоомагазин_6489b3c2b218576c1a6c58ed",4
2024-08-27,Яндекс ПромоСтраницы,yandex.promopages,Промостатья: Моя история 1 | Цена перехода | Ж25-54,"Как я преобразила свою жизнь, открыв зоомагазин_6489b3c2b218576c1a6c58ed",4
2024-08-28,Яндекс ПромоСтраницы,yandex.promopages,Промостатья: Моя история 1 | Цена перехода | Ж25-54,"Как я преобразила свою жизнь, открыв зоомагазин_6489b3c2b218576c1a6c58ed",4
2024-09-02,Яндекс ПромоСтраницы,yandex.promopages,Промостатья: Моя история 1 | Цена перехода | Ж25-54,"Как я преобразила свою жизнь, открыв зоомагазин_6489b3c2b218576c1a6c58ed",4
2024-09-20,Яндекс ПромоСтраницы,yandex.promopages,Промостатья: Моя история 1 | Цена перехода | М,"Как ""Мокрый нос"" помог мне достичь успеха в бизнесе_6650951bb80be65343a7d8e9",4
2024-07-09,Яндекс ПромоСтраницы,yandex.promopages,Промостатья: Моя история 3 | Цена перехода | 25-54 | lp /franchise,Зоомагазин как идеальный бизнес: Почему это мой выбор_66546aa6d9304216bde5c510,3
2024-07-10,Яндекс ПромоСтраницы,yandex.promopages,Промостатья: Моя история 3 | Цена перехода | 25-54 | lp /franchise,Поиск идеального бизнеса: Как я открыла свой зоомагазин_66546aa6d9304216bde5c510,3
2024-07-11,Яндекс ПромоСтраницы,yandex.promopages,Промостатья: Моя история 3 | Цена перехода | 25-54 | lp /franchise,Поиск идеального бизнеса: Как я открыла свой зоомагазин_66546aa6d9304216bde5c510,3
2024-07-13,Яндекс ПромоСтраницы,yandex.promopages,Промостатья: Моя история 3 | Цена перехода | 25-54 | lp /franchise,Зоомагазин: Почему он стал идельным бизнесом для меня_66546aa6d9304216bde5c510,3
2024-07-15,Яндекс ПромоСтраницы,yandex.promopages,Промостатья: Моя история 3 | Цена перехода | 25-54 | lp /franchise,Зоомагазин: Почему он стал идельным бизнесом для меня_66546aa6d9304216bde5c510,3
2024-07-22,Яндекс ПромоСтраницы,yandex.promopages,Промостатья: Моя история 3 | Цена перехода | 25-54 | lp /franchise,Зоомагазин: Почему он стал идельным бизнесом для меня_66546aa6d9304216bde5c510,3
2024-07-23,Яндекс ПромоСтраницы,yandex.promopages,Промостатья: Моя история 3 | Цена перехода | 25-54 | lp /franchise,Зоомагазин: Почему он стал идельным бизнесом для меня_66546aa6d9304216bde5c510,3
2024-08-18,Яндекс ПромоСтраницы,yandex.promopages,Промостатья: Моя история 1 | Цена перехода | Ж25-54,"Как я преобразила свою жизнь, открыв зоомагазин_6489b3c2b218576c1a6c58ed",3
2024-08-24,Яндекс ПромоСтраницы,yandex.promopages,Статья: Цифры и факты / Интересы: открытие бизнеса,Почему стоит открыть зоомагаз по франшизе Мокрый Нос_66c6fd7880ce265d420a0974,3
2024-08-29,Яндекс ПромоСтраницы,yandex.promopages,Промостатья: Моя история 1 | Цена перехода | Ж25-54,"Как я преобразила свою жизнь, открыв зоомагазин_6489b3c2b218576c1a6c58ed",3
2024-09-01,Яндекс ПромоСтраницы,yandex.promopages,Промостатья: Моя история 1 | Цена перехода | Ж25-54,"Как я преобразила свою жизнь, открыв зоомагазин_6489b3c2b218576c1a6c58ed",3
2024-09-07,Яндекс ПромоСтраницы,yandex.promopages,Промостатья: Моя история 1 | Цена перехода | Ж25-54,"Как ""Мокрый нос"" помог мне достичь успеха в бизнесе_6489b3c2b218576c1a6c58ed",3
2024-09-08,Яндекс ПромоСтраницы,yandex.promopages,Промостатья: Моя история 1 | Цена перехода | Ж25-54,"Как я преобразила свою жизнь, открыв зоомагазин_6489b3c2b218576c1a6c58ed",3
2024-09-12,Яндекс ПромоСтраницы,yandex.promopages,Статья: Цифры и факты / Интересы: франшиза,"Откройте успешный зоомагазин с франшизой ""Мокрый Нос""_66bb527ae551a90e2f296f95",3
2024-09-23,Яндекс ПромоСтраницы,yandex.promopages,Промостатья: Моя история 1 | Цена перехода | Ж25-54,"Как я преобразила свою жизнь, открыв зоомагазин_6489b3c2b218576c1a6c58ed",3
2024-09-29,Яндекс ПромоСтраницы,yandex.promopages,Промостатья: Моя история 1 | Цена перехода | Ж25-54,"Как я преобразила свою жизнь, открыв зоомагазин_6489b3c2b218576c1a6c58ed",3
2024-09-29,Яндекс ПромоСтраницы,yandex.promopages,Статья: Цифры и факты / Интересы: франшиза,"Откройте успешный зоомагазин с франшизой ""Мокрый Нос""_66bb527ae551a90e2f296f95",3
2024-07-12,Яндекс ПромоСтраницы,yandex.promopages,Промостатья: Моя история 3 | Цена перехода | 25-54 | lp /franchise,Зоомагазин как идеальный бизнес: Почему это мой выбор_66546aa6d9304216bde5c510,2
2024-07-14,Яндекс: Директ,yandex.promopages,Промостатья: Моя история 3 | Цена перехода | 25-54 | lp /franchise,Зоомагазин: Почему он стал идельным бизнесом для меня_66546aa6d9304216bde5c510,2
2024-07-16,Яндекс ПромоСтраницы,yandex.promopages,Промостатья: Моя история 3 | Цена перехода | 25-54 | lp /franchise,Зоомагазин: Почему он стал идельным бизнесом для меня_66546aa6d9304216bde5c510,2
2024-07-17,Яндекс ПромоСтраницы,yandex.promopages,Промостатья: Моя история 3 | Цена перехода | 25-54 | lp /franchise,Зоомагазин: Почему он стал идельным бизнесом для меня_66546aa6d9304216bde5c510,2
2024-07-22,Яндекс ПромоСтраницы,yandex.promopages,Промостатья: Моя история 3 | Цена перехода | 25-54 | lp /franchise,Поиск идеального бизнеса: Как я открыла свой зоомагазин_66546aa6d9304216bde5c510,2
2024-07-24,Яндекс ПромоСтраницы,yandex.promopages,Промостатья: Моя история 1 | Цена перехода | Ж25-54,История успеха: мой путь от работницы к предпринимателю_6489b3c2b218576c1a6c58ed,2
2024-07-24,Яндекс ПромоСтраницы,yandex.promopages,Промостатья: Моя история 3 | Цена перехода | 25-54 | lp /franchise,Зоомагазин: Почему он стал идельным бизнесом для меня_66546aa6d9304216bde5c510,2
2024-07-25,Яндекс ПромоСтраницы,yandex.promopages,Промостатья: Моя история 3 | Цена перехода | 25-54 | lp /franchise,Зоомагазин: Почему он стал идельным бизнесом для меня_66546aa6d9304216bde5c510,2
2024-07-29,Яндекс ПромоСтраницы,yandex.promopages,Промостатья: Моя история 1 | Цена перехода | Ж25-54,История успеха: мой путь от работницы к предпринимателю_6489b3c2b218576c1a6c58ed,2
2024-08-14,Яндекс ПромоСтраницы,yandex.promopages,Статья: Цифры и факты / Интересы: франшиза,Почему стоит открыть зоомагаз по франшизе Мокрый Нос_66bb527ae551a90e2f296f95,2
2024-08-16,Яндекс ПромоСтраницы,yandex.promopages,Промостатья: Моя история 1 | Цена перехода | Ж25-54,"Как я преобразила свою жизнь, открыв зоомагазин_6489b3c2b218576c1a6c58ed",2
2024-08-17,Яндекс ПромоСтраницы,yandex.promopages,Промостатья: Моя история 1 | Цена перехода | Ж25-54,"Как я преобразила свою жизнь, открыв зоомагазин_6489b3c2b218576c1a6c58ed",2
2024-08-20,Яндекс ПромоСтраницы,yandex.promopages,Статья: Цифры и факты / Интересы: франшиза,Почему стоит открыть зоомагаз по франшизе Мокрый Нос_66bb527ae551a90e2f296f95,2
2024-08-22,Яндекс ПромоСтраницы,yandex.promopages,Промостатья: Моя история 1 | Цена перехода | Ж25-54,"Как я преобразила свою жизнь, открыв зоомагазин_6489b3c2b218576c1a6c58ed",2
2024-08-24,Яндекс ПромоСтраницы,yandex.promopages,Статья: Цифры и факты / Интересы: открытие бизнеса,"Откройте успешный зоомагазин с франшизой ""Мокрый Нос""_66c6fd7880ce265d420a0974",2
2024-08-30,Яндекс ПромоСтраницы,yandex.promopages,Промостатья: Моя история 1 | Цена перехода | Ж25-54,"Как я преобразила свою жизнь, открыв зоомагазин_6489b3c2b218576c1a6c58ed",2
2024-08-31,Яндекс ПромоСтраницы,yandex.promopages,Промостатья: Моя история 1 | Цена перехода | Ж25-54,"Как я преобразила свою жизнь, открыв зоомагазин_6489b3c2b218576c1a6c58ed",2
2024-09-01,Яндекс ПромоСтраницы,yandex.promopages,Статья: Цифры и факты / Интересы: франшиза,Почему стоит открыть зоомагаз по франшизе Мокрый Нос_66bb527ae551a90e2f296f95,2
2024-09-08,Яндекс ПромоСтраницы,yandex.promopages,Промостатья: Моя история 1 | Цена перехода | Ж25-54,"Как ""Мокрый нос"" помог мне достичь успеха в бизнесе_6489b3c2b218576c1a6c58ed",2
2024-09-08,Яндекс ПромоСтраницы,yandex.promopages,Статья: Цифры и факты / Интересы: франшиза,"Откройте успешный зоомагазин с франшизой ""Мокрый Нос""_66bb527ae551a90e2f296f95",2
2024-09-09,Яндекс ПромоСтраницы,yandex.promopages,Промостатья: Моя история 1 | Цена перехода | Ж25-54,"Как я преобразила свою жизнь, открыв зоомагазин_6489b3c2b218576c1a6c58ed",2
2024-09-09,Яндекс ПромоСтраницы,yandex.promopages,Статья: Цифры и факты / Интересы: франшиза,"Откройте успешный зоомагазин с франшизой ""Мокрый Нос""_66bb527ae551a90e2f296f95",2
2024-09-10,Яндекс ПромоСтраницы,yandex.promopages,Промостатья: Моя история 1 | Цена перехода | Ж25-54,"Как ""Мокрый нос"" помог мне достичь успеха в бизнесе_6489b3c2b218576c1a6c58ed",2
2024-09-10,Яндекс ПромоСтраницы,yandex.promopages,Промостатья: Моя история 1 | Цена перехода | Ж25-54,"Как я преобразила свою жизнь, открыв зоомагазин_6489b3c2b218576c1a6c58ed",2
2024-09-11,Яндекс ПромоСтраницы,yandex.promopages,Промостатья: Моя история 1 | Цена перехода | Ж25-54,"Как я преобразила свою жизнь, открыв зоомагазин_6489b3c2b218576c1a6c58ed",2
2024-09-13,Яндекс ПромоСтраницы,yandex.promopages,Статья: Цифры и факты / Интересы: франшиза,"Откройте успешный зоомагазин с франшизой ""Мокрый Нос""_66bb527ae551a90e2f296f95",2
2024-09-14,Яндекс ПромоСтраницы,yandex.promopages,Статья: Цифры и факты / Интересы: франшиза,"Откройте успешный зоомагазин с франшизой ""Мокрый Нос""_66bb527ae551a90e2f296f95",2
2024-09-16,Яндекс ПромоСтраницы,yandex.promopages,Статья: Цифры и факты / Интересы: франшиза,"Откройте успешный зоомагазин с франшизой ""Мокрый Нос""_66bb527ae551a90e2f296f95",2
2024-09-18,Яндекс ПромоСтраницы,yandex.promopages,Промостатья: Моя история 1 | Цена перехода | М,История успеха: мой путь от работницы к предпринимателю_6650951bb80be65343a7d8e9,2
2024-09-19,Яндекс ПромоСтраницы,yandex.promopages,Промостатья: Моя история 1 | Цена перехода | М,"Как ""Мокрый нос"" помог мне достичь успеха в бизнесе_6650951bb80be65343a7d8e9",2
2024-09-22,Яндекс ПромоСтраницы,yandex.promopages,Промостатья: Моя история 1 | Цена перехода | М,"Как ""Мокрый нос"" помог мне достичь успеха в бизнесе_6650951bb80be65343a7d8e9",2
2024-09-23,Яндекс ПромоСтраницы,yandex.promopages,Промостатья: Моя история 1 | Цена перехода | М,"Как ""Мокрый нос"" помог мне достичь успеха в бизнесе_6650951bb80be65343a7d8e9",2
2024-09-26,Яндекс ПромоСтраницы,yandex.promopages,Промостатья: Моя история 1 | Цена перехода | Ж25-54,"Как я преобразила свою жизнь, открыв зоомагазин_6489b3c2b218576c1a6c58ed",2
2024-07-03,Яндекс ПромоСтраницы,yandex.promopages,Промостатья: Моя история 3 | Цена перехода | 25-54 | lp /franchise,Поиск идеального бизнеса: Как я открыла свой зоомагазин_66546aa6d9304216bde5c510,1
2024-07-05,Яндекс ПромоСтраницы,yandex.promopages,Промостатья: Моя история 3 | Цена перехода | 25-54 | lp /franchise,Поиск идеального бизнеса: Как я открыла свой зоомагазин_66546aa6d9304216bde5c510,1
2024-07-08,Яндекс ПромоСтраницы,yandex.promopages,Промостатья: Моя история 3 | Цена перехода | 25-54 | lp /franchise,Зоомагазин как идеальный бизнес: Почему это мой выбор_66546aa6d9304216bde5c510,1
2024-07-10,Яндекс ПромоСтраницы,yandex.promopages,Промостатья: Моя история 3 | Цена перехода | 25-54 | lp /franchise,Зоомагазин как идеальный бизнес: Почему это мой выбор_66546aa6d9304216bde5c510,1
2024-07-11,Яндекс ПромоСтраницы,yandex.promopages,Промостатья: Моя история 3 | Цена перехода | 25-54 | lp /franchise,Зоомагазин как идеальный бизнес: Почему это мой выбор_66546aa6d9304216bde5c510,1
2024-07-11,Яндекс: Директ,yandex.promopages,Промостатья: Моя история 3 | Цена перехода | 25-54 | lp /franchise,Зоомагазин как идеальный бизнес: Почему это мой выбор_66546aa6d9304216bde5c510,1
2024-07-14,Яндекс ПромоСтраницы,yandex.promopages,Промостатья: Моя история 3 | Цена перехода | 25-54 | lp /franchise,Зоомагазин: Почему он стал идельным бизнесом для меня_66546aa6d9304216bde5c510,1
2024-07-15,Яндекс ПромоСтраницы,yandex.promopages,Промостатья: Моя история 3 | Цена перехода | 25-54 | lp /franchise,Поиск идеального бизнеса: Как я открыла свой зоомагазин_66546aa6d9304216bde5c510,1
2024-07-21,Яндекс ПромоСтраницы,yandex.promopages,Промостатья: Моя история 3 | Цена перехода | 25-54 | lp /franchise,Поиск идеального бизнеса: Как я открыла свой зоомагазин_66546aa6d9304216bde5c510,1
2024-07-23,Яндекс ПромоСтраницы,yandex.promopages,Промостатья: Моя история 1 | Цена перехода | Ж25-54,"Как я преобразила свою жизнь, открыв зоомагазин_6489b3c2b218576c1a6c58ed",1
2024-07-25,Яндекс ПромоСтраницы,yandex.promopages,Промостатья: Моя история 1 | Цена перехода | Ж25-54,"Как я преобразила свою жизнь, о",1
2024-07-25,Яндекс: Директ,yandex.promopages,Промостатья: Моя история 1 | Цена перехода | Ж25-54,"Как я преобразила свою жизнь, открыв зоомагазин_6489b3c2b218576c1a6c58ed",1
2024-07-27,franchise-mokryinos-ru.turbopages.org,yandex.promopages,Промостатья: Моя история 1 | Цена перехода | Ж25-54,"Как я преобразила свою жизнь, открыв зоомагазин_6489b3c2b218576c1a6c58ed",1
2024-07-28,Яндекс: Директ,yandex.promopages,Промостатья: Моя история 1 | Цена перехода | Ж25-54,"Как я преобразила свою жизнь, открыв зоомагазин_6489b3c2b218576c1a6c58ed",1
2024-07-29,franchise-mokryinos-ru.turbopages.org,yandex.promopages,Промостатья: Моя история 1 | Цена перехода | Ж25-54,"Как я преобразила свою жизнь, открыв зоомагазин_6489b3c2b218576c1a6c58ed",1
2024-07-29,Яндекс ПромоСтраницы,yandex.promopages,Промостатья: Моя история 1 | Цена перехода | Ж25-54,"Как ""Мокрый нос"" помог мне достичь успеха в бизнесе_6489b3c2b218576c1a6c58ed",1
2024-08-01,Яндекс ПромоСтраницы,yandex.promopages,Промостатья: Моя история 1 | Цена перехода | Ж25-54,История успеха: мой путь от работницы к предпринимателю_6489b3c2b218576c1a6c58ed,1
2024-08-09,Яндекс: Директ,yandex.promopages,Промостатья: Моя история 1 | Цена перехода | Ж25-54,"Как я преобразила свою жизнь, открыв зоомагазин_6489b3c2b218576c1a6c58ed",1
2024-08-12,franchise-mokryinos-ru.turbopages.org,yandex.promopages,Промостатья: Моя история 1 | Цена перехода | Ж25-54,"Как я преобразила свою жизнь, открыв зоомагазин_6489b3c2b218576c1a6c58ed",1
2024-08-14,Яндекс ПромоСтраницы,yandex.promopages,Промостатья: Моя история 1 | Цена перехода | Ж25-54,"Как я преобразила свою жизнь, открыв зоомагазин_6489b3c2b218576c1a6c58ed",1
2024-08-14,Яндекс: Директ,yandex.promopages,Статья: Цифры и факты / Интересы: франшиза,Почему стоит открыть зоомагаз по франшизе Мокрый Нос_66bb527ae551a90e2f296f95,1
2024-08-19,Не определено,yandex.promopages,Промостатья: Моя история 1 | Цена перехода | Ж25-54,"Как я преобразила свою жизнь, открыв зоомагазин_6489b3c2b218576c1a6c58ed",1
2024-08-19,Яндекс ПромоСтраницы,yandex.promopages,Промостатья: Моя история 1 | Цена перехода | Ж25-54,История успеха: мой путь от работницы к предпринимателю_6489b3c2b218576c1a6c58ed,1
2024-08-19,Яндекс ПромоСтраницы,yandex.promopages,Промостатья: Моя история 1 | Цена перехода | Ж25-54,"Как я преобразила свою жизнь, открыв зоомагазин_6489b3c2b218576c1a6c58ed",1
2024-08-21,Яндекс ПромоСтраницы,yandex.promopages,Промостатья: Моя история 1 | Цена перехода | Ж25-54,История успеха: мой путь от работницы к предпринимателю_6489b3c2b218576c1a6c58ed,1
2024-08-21,Яндекс ПромоСтраницы,yandex.promopages,Промостатья: Моя история 1 | Цена перехода | Ж25-54,"Как я преобразила свою жизнь, открыв зоомагазин_6489b3c2b218576c1a6c58ed",1
2024-08-21,Яндекс: Директ,yandex.promopages,Промостатья: Моя история 1 | Цена перехода | Ж25-54,"Как я преобразила свою жизнь, открыв зоомагазин_6489b3c2b218576c1a6c58ed",1
2024-08-24,Яндекс ПромоСтраницы,yandex.promopages,Статья: Цифры и факты / Интересы: открытие бизнеса,Почему франшиза зоомагазина — это выгодно_66c6fd7880ce265d420a0974,1
2024-08-25,Яндекс ПромоСтраницы,yandex.promopages,Статья: Цифры и факты / Интересы: открытие бизнеса,Почему стоит открыть зоомагаз по франшизе Мокрый Нос_66c6fd7880ce265d420a0974,1
2024-08-26,Яндекс ПромоСтраницы,yandex.promopages,Промостатья: Моя история 1 | Цена перехода | Ж25-54,"Как я преобразила свою жизнь, открыв зоомагазин_6489b3c2b218576c1a6c58ed",1
2024-08-26,Яндекс ПромоСтраницы,yandex.promopages,Статья: Цифры и факты / Интересы: открытие бизнеса,"Откройте успешный зоомагазин с франшизой ""Мокрый Нос""_66c6fd7880ce265d420a0974",1
2024-08-26,Яндекс ПромоСтраницы,yandex.promopages,Статья: Цифры и факты / Интересы: открытие бизнеса,Почему стоит открыть зоомагаз по франшизе Мокрый Нос_66c6fd7880ce265d420a0974,1
2024-08-26,Яндекс ПромоСтраницы,yandex.promopages,Статья: Цифры и факты / Интересы: франшиза,Почему стоит открыть зоомагаз по франшизе Мокрый Нос_66bb527ae551a90e2f296f95,1
2024-08-27,Яндекс ПромоСтраницы,yandex.promopages,Статья: Цифры и факты / Интересы: открытие бизнеса,"Откройте успешный зоомагазин с франшизой ""Мокрый_66c6fd7880ce265d420a0974",1
2024-08-28,Яндекс ПромоСтраницы,yandex.promopages,Статья: Цифры и факты / Интересы: франшиза,"Откройте успешный зоомагазин с франшизой ""Мокрый Нос""_66bb527ae551a90e2f296f95",1
2024-08-29,franchise-mokryinos-ru.turbopages.org,yandex.promopages,Статья: Цифры и факты / Интересы: открытие бизнеса,Почему франшиза зоомагазина — это выгодно_66c6fd7880ce265d420a0974,1
2024-08-29,Яндекс ПромоСтраницы,yandex.promopages,Статья: Цифры и факты / Интересы: открытие бизнеса,"Откройте успешный зоомагазин с франшизой ""Мокрый Нос""_66c6fd7880ce265d420a0974",1
2024-08-29,Яндекс: Директ,yandex.promopages,Промостатья: Моя история 1 | Цена перехода | Ж25-54,"Как я преобразила свою жизнь, открыв зоомагазин_6489b3c2b218576c1a6c58ed",1
2024-09-01,Яндекс ПромоСтраницы,yandex.promopages,Статья: Цифры и факты / Интересы: открытие бизнеса,Почему стоит открыть зоомагаз по франшизе Мокрый Нос_66c6fd7880ce265d420a0974,1
2024-09-04,Яндекс ПромоСтраницы,yandex.promopages,Статья: Цифры и факты / Интересы: открытие бизнеса,"Откройте успешный зоомагазин с франшизой ""Мокрый Нос""_66c6fd7880ce265d420a0974",1
2024-09-04,Яндекс ПромоСтраницы,yandex.promopages,Статья: Цифры и факты / Интересы: франшиза,"Откройте успешный зоомагазин с франшизой ""Мокрый Нос""_66bb527ae551a90e2f296f95",1
2024-09-05,Яндекс ПромоСтраницы,yandex.promopages,Статья: Цифры и факты / Интересы: франшиза,"Откройте успешный зоомагазин с франшизой ""Мокрый Нос""_66bb527ae551a90e2f296f95",1
2024-09-06,Яндекс ПромоСтраницы,yandex.promopages,Промостатья: Моя история 1 | Цена перехода | Ж25-54,История успеха: мой путь от работницы к предпринимателю_6489b3c2b218576c1a6c58ed,1
2024-09-06,Яндекс ПромоСтраницы,yandex.promopages,Промостатья: Моя история 1 | Цена перехода | Ж25-54,"Как ""Мокрый нос"" помог мне достичь успеха в бизнесе_6489b3c2b218576c1a6c58ed",1
2024-09-06,Яндекс ПромоСтраницы,yandex.promopages,Промостатья: Моя история 1 | Цена перехода | Ж25-54,"Как я преобразила свою жизнь, открыв зоомагазин_6489b3c2b218576c1a6c58ed",1
2024-09-07,Яндекс ПромоСтраницы,yandex.promopages,Статья: Цифры и факты / Интересы: открытие бизнеса,"Откройте успешный зоомагазин с франшизой ""Мокрый Нос""_66c6fd7880ce265d420a0974",1
2024-09-07,Яндекс ПромоСтраницы,yandex.promopages,Статья: Цифры и факты / Интересы: франшиза,"Откройте успешный зоомагазин с франшизой ""Мокрый Нос""_66bb527ae551a90e2f296f95",1
2024-09-07,Яндекс ПромоСтраницы,yandex.promopages,Статья: Цифры и факты / Интересы: франшиза,Почему стоит открыть зоомагаз по франшизе Мокрый Нос_66bb527ae551a90e2f296f95,1
2024-09-09,Яндекс ПромоСтраницы,yandex.promopages,Промостатья: Моя история 1 | Цена перехода | Ж25-54,"Как ""Мокрый нос"" помог мне достичь успеха в бизнесе_6489b3c2b218576c1a6c58ed",1
2024-09-11,Яндекс ПромоСтраницы,yandex.promopages,Статья: Цифры и факты / Интересы: открытие бизнеса,Почему стоит открыть зоомагаз по франшизе Мокрый Нос_66c6fd7880ce265d420a0974,1
2024-09-11,Яндекс ПромоСтраницы,yandex.promopages,Статья: Цифры и факты / Интересы: франшиза,"Откройте успешный зоомагазин с франшизой ""Мокрый Нос""_66bb527ae551a90e2f296f95",1
2024-09-12,Не определено,yandex.promopages,Промостатья: Моя история 1 | Цена перехода | Ж25-54,"Как ""Мокрый нос"" помог мне достичь успеха в бизнесе_6489b3c2b218576c1a6c58ed",1
2024-09-12,Яндекс ПромоСтраницы,yandex.promopages,Промостатья: Моя история 1 | Цена перехода | Ж25-54,История успеха: мой путь от работницы к предпринимателю_6489b3c2b218576c1a6c58ed,1
2024-09-14,Яндекс ПромоСтраницы,yandex.promopages,Промостатья: Моя история 1 | Цена перехода | Ж25-54,"Как я преобразила свою жизнь, открыв зоомагазин_6489b3c2b218576c1a6c58ed",1
2024-09-15,Яндекс ПромоСтраницы,yandex.promopages,Промостатья: Моя история 1 | Цена перехода | Ж25-54,"Как я преобразила свою жизнь, открыв зоомагазин_6489b3c2b218576c1a6c58ed",1
2024-09-15,Яндекс ПромоСтраницы,yandex.promopages,Статья: Цифры и факты / Интересы: открытие бизнеса,"Откройте успешный зоомагазин с франшизой ""Мокрый Нос""_66c6fd7880ce265d420a0974",1
2024-09-15,Яндекс ПромоСтраницы,yandex.promopages,Статья: Цифры и факты / Интересы: франшиза,"Откройте успешный зоомагазин с франшизой ""Мокрый Нос""_66bb527ae551a90e2f296f95",1
2024-09-16,Яндекс ПромоСтраницы,yandex.promopages,Промостатья: Моя история 1 | Цена перехода | Ж25-54,"Как ""Мокрый нос"" помог мне достичь успеха в бизнесе_6489b3c2b218576c1a6c58ed",1
2024-09-16,Яндекс ПромоСтраницы,yandex.promopages,Промостатья: Моя история 1 | Цена перехода | Ж25-54,"Как я преобразила свою жизнь, открыв зоомагазин_6489b3c2b218576c1a6c58ed",1
2024-09-18,Яндекс ПромоСтраницы,yandex.promopages,Промостатья: Моя история 1 | Цена перехода | М,"Как я преобразила свою жизнь, открыв зоомагазин_6650951bb80be65343a7d8e9",1
2024-09-20,Яндекс ПромоСтраницы,yandex.promopages,Промостатья: Моя история 1 | Цена перехода | Ж25-54,"Как я преобразила свою жизнь, открыв зоомагазин_6489b3c2b218576c1a6c58ed",1
2024-09-22,Яндекс ПромоСтраницы,yandex.promopages,Статья: Цифры и факты / Интересы: франшиза,Почему стоит открыть зоомагаз по франшизе Мокрый Нос_66bb527ae551a90e2f296f95,1
2024-09-23,franchise-mokryinos-ru.turbopages.org,yandex.promopages,Промостатья: Моя история 1 | Цена перехода | М,"Как я преобразила свою жизнь, открыв зоомагазин_6650951bb80be65343a7d8e9",1
2024-09-23,Яндекс ПромоСтраницы,yandex.promopages,Промостатья: Моя история 1 | Цена перехода | М,История успеха: мой путь от работницы к предпринимателю_6650951bb80be65343a7d8e9,1
2024-09-23,Яндекс ПромоСтраницы,yandex.promopages,Статья: Цифры и факты / Интересы: франшиза,Почему стоит открыть зоомагаз по франшизе Мокрый Нос_66bb527ae551a90e2f296f95,1
2024-09-24,Яндекс ПромоСтраницы,yandex.promopages,Промостатья: Моя история 1 | Цена перехода | Ж25-54,"Как я преобразила свою жизнь, открыв зоомагазин_6489b3c2b218576c1a6c58ed",1
2024-09-25,Яндекс ПромоСтраницы,yandex.promopages,Статья: Цифры и факты / Интересы: франшиза,Почему франшиза зоомагазина — это выгодно_66bb527ae551a90e2f296f95,1
2024-09-26,Яндекс ПромоСтраницы,yandex.promopages,Статья: Цифры и факты / Интересы: франшиза,Почему стоит открыть зоомагаз по франшизе Мокрый Нос_66bb527ae551a90e2f296f95,1
2024-09-27,Яндекс ПромоСтраницы,yandex.promopages,Статья: Цифры и факты / Интересы: франшиза,"Откройте успешный зоомагазин с франшизой ""Мокрый Нос""_66bb527ae551a90e2f296f95",1
2024-09-29,Яндекс ПромоСтраницы,yandex.promopages,Промостатья: Моя история 1 | Цена перехода | Ж25-54,"Как ""Мокрый нос"" помог мне достичь успеха в бизнесе_6489b3c2b218576c1a6c58ed",1
2024-09-30,Яндекс ПромоСтраницы,yandex.promopages,Промостатья: Моя история 1 | Цена перехода | Ж25-54,"Как я преобразила свою жизнь, открыв зоомагазин_6489b3c2b218576c1a6c58ed",1
2024-09-30,Яндекс ПромоСтраницы,yandex.promopages,Статья: Цифры и факты / Интересы: открытие бизнеса,"Откройте успешный зоомагазин с франшизой ""Мокрый Нос""_66c6fd7880ce265d420a0974",1
2024-09-30,Яндекс ПромоСтраницы,yandex.promopages,Статья: Цифры и факты / Интересы: франшиза,"Откройте успешный зоомагазин с франшизой ""Мокрый Нос""_66bb527ae551a90e2f296f95",1
2024-11-29,Яндекс ПромоСтраницы,yandex.promopages,Промостатья: Моя история 1 | Цена перехода | Ж25-54,"Как я преобразила свою жизнь, открыв зоомагазин_6489b3c2b218576c1a6c58ed",20
2024-10-30,Яндекс ПромоСтраницы,yandex.promopages,Промостатья: Моя история 1 | Цена перехода | Ж25-54,"Как я преобразила свою жизнь, открыв зоомагазин_6489b3c2b218576c1a6c58ed",14
2024-11-30,Яндекс ПромоСтраницы,yandex.promopages,Промостатья: Моя история 1 | Цена перехода | Ж25-54,"Как я преобразила свою жизнь, открыв зоомагазин_6489b3c2b218576c1a6c58ed",11
2024-10-29,Яндекс ПромоСтраницы,yandex.promopages,Промостатья: Моя история 1 | Цена перехода | Ж25-54,"Как я преобразила свою жизнь, открыв зоомагазин_6489b3c2b218576c1a6c58ed",10
2024-10-24,Яндекс ПромоСтраницы,yandex.promopages,Промостатья: Моя история 1 | Цена перехода | Ж25-54,"Как я преобразила свою жизнь, открыв зоомагазин_6489b3c2b218576c1a6c58ed",8
2024-11-07,Яндекс ПромоСтраницы,yandex.promopages,Статья: Цифры и факты / Интересы: франшиза,"Откройте успешный зоомагазин с франшизой ""Мокрый Нос""_66bb527ae551a90e2f296f95",7
2024-12-01,Яндекс ПромоСтраницы,yandex.promopages,Промостатья: Моя история 1 | Цена перехода | Ж25-54,"Как я преобразила свою жизнь, открыв зоомагазин_6489b3c2b218576c1a6c58ed",7
2024-10-22,Яндекс ПромоСтраницы,yandex.promopages,Промостатья: Моя история 1 | Цена перехода | Ж25-54,"Как я преобразила свою жизнь, открыв зоомагазин_6489b3c2b218576c1a6c58ed",6
2024-10-26,Яндекс ПромоСтраницы,yandex.promopages,Промостатья: Моя история 1 | Цена перехода | Ж25-54,"Как я преобразила свою жизнь, открыв зоомагазин_6489b3c2b218576c1a6c58ed",6
2024-11-28,Яндекс ПромоСтраницы,yandex.promopages,Промостатья: Моя история 1 | Цена перехода | Ж25-54,"Как я преобразила свою жизнь, открыв зоомагазин_6489b3c2b218576c1a6c58ed",6
2024-10-10,Яндекс ПромоСтраницы,yandex.promopages,Промостатья: Моя история 1 | Цена перехода | Ж25-54,"Как я преобразила свою жизнь, открыв зоомагазин_6489b3c2b218576c1a6c58ed",5
2024-10-17,Яндекс ПромоСтраницы,yandex.promopages,Промостатья: Моя история 1 | Цена перехода | Ж25-54,"Как я преобразила свою жизнь, открыв зоомагазин_6489b3c2b218576c1a6c58ed",5
2024-10-20,Яндекс ПромоСтраницы,yandex.promopages,Промостатья: Моя история 1 | Цена перехода | Ж25-54,"Как я преобразила свою жизнь, открыв зоомагазин_6489b3c2b218576c1a6c58ed",5
2024-10-20,Яндекс ПромоСтраницы,yandex.promopages,Статья: Цифры и факты / Интересы: франшиза,"Откройте успешный зоомагазин с франшизой ""Мокрый Нос""_66bb527ae551a90e2f296f95",5
2024-11-07,Яндекс ПромоСтраницы,yandex.promopages,Промостатья: Моя история 1 | Цена перехода | Ж25-54,"Как я преобразила свою жизнь, открыв зоомагазин_6489b3c2b218576c1a6c58ed",5
2024-11-13,Яндекс ПромоСтраницы,yandex.promopages,Промостатья: Моя история 1 | Цена перехода | Ж25-54,"Как я преобразила свою жизнь, открыв зоомагазин_6489b3c2b218576c1a6c58ed",5
2024-11-28,Яндекс ПромоСтраницы,yandex.promopages,Статья: Цифры и факты / Интересы: франшиза,"Откройте успешный зоомагазин с франшизой ""Мокрый Нос""_66bb527ae551a90e2f296f95",5
2024-10-09,Яндекс ПромоСтраницы,yandex.promopages,Статья: Цифры и факты / Интересы: франшиза,"Откройте успешный зоомагазин с франшизой ""Мокрый Нос""_66bb527ae551a90e2f296f95",4
2024-10-21,Яндекс ПромоСтраницы,yandex.promopages,Промостатья: Моя история 1 | Цена перехода | Ж25-54,"Как я преобразила свою жизнь, открыв зоомагазин_6489b3c2b218576c1a6c58ed",4
2024-11-01,Яндекс ПромоСтраницы,yandex.promopages,Промостатья: Моя история 1 | Цена перехода | Ж25-54,"Как я преобразила свою жизнь, открыв зоомагазин_6489b3c2b218576c1a6c58ed",4
2024-11-02,Яндекс ПромоСтраницы,yandex.promopages,Промостатья: Моя история 1 | Цена перехода | Ж25-54,"Как я преобразила свою жизнь, открыв зоомагазин_6489b3c2b218576c1a6c58ed",4
2024-11-04,Яндекс ПромоСтраницы,yandex.promopages,Промостатья: Моя история 1 | Цена перехода | Ж25-54,"Как я преобразила свою жизнь, открыв зоомагазин_6489b3c2b218576c1a6c58ed",4
2024-11-16,Яндекс ПромоСтраницы,yandex.promopages,Статья: Цифры и факты / Интересы: франшиза,"Откройте успешный зоомагазин с франшизой ""Мокрый Нос""_66bb527ae551a90e2f296f95",4
2024-11-17,Яндекс ПромоСтраницы,yandex.promopages,Промостатья: Моя история 1 | Цена перехода | Ж25-54,"Как я преобразила свою жизнь, открыв зоомагазин_6489b3c2b218576c1a6c58ed",4
2024-11-22,Яндекс ПромоСтраницы,yandex.promopages,Промостатья: Моя история 1 | Цена перехода | Ж25-54,"Как я преобразила свою жизнь, открыв зоомагазин_6489b3c2b218576c1a6c58ed",4
2024-11-24,Яндекс ПромоСтраницы,yandex.promopages,Промостатья: Моя история 1 | Цена перехода | Ж25-54,"Как я преобразила свою жизнь, открыв зоомагазин_6489b3c2b218576c1a6c58ed",4
2024-11-27,Яндекс ПромоСтраницы,yandex.promopages,Статья: Цифры и факты / Интересы: франшиза,"Откройте успешный зоомагазин с франшизой ""Мокрый Нос""_66bb527ae551a90e2f296f95",4
2024-10-01,Яндекс ПромоСтраницы,yandex.promopages,Статья: Цифры и факты / Интересы: открытие бизнеса,Почему стоит открыть зоомагаз по франшизе Мокрый Нос_66c6fd7880ce265d420a0974,3
2024-10-05,Яндекс ПромоСтраницы,yandex.promopages,Статья: Цифры и факты / Интересы: открытие бизнеса,"Откройте успешный зоомагазин с франшизой ""Мокрый Нос""_66c6fd7880ce265d420a0974",3
2024-10-06,Яндекс ПромоСтраницы,yandex.promopages,Промостатья: Моя история 1 | Цена перехода | Ж25-54,"Как я преобразила свою жизнь, открыв зоомагазин_6489b3c2b218576c1a6c58ed",3
2024-10-06,Яндекс ПромоСтраницы,yandex.promopages,Статья: Цифры и факты / Интересы: франшиза,"Откройте успешный зоомагазин с франшизой ""Мокрый Нос""_66bb527ae551a90e2f296f95",3
2024-10-07,Яндекс ПромоСтраницы,yandex.promopages,Промостатья: Моя история 1 | Цена перехода | Ж25-54,"Как я преобразила свою жизнь, открыв зоомагазин_6489b3c2b218576c1a6c58ed",3
2024-10-08,Яндекс ПромоСтраницы,yandex.promopages,Промостатья: Моя история 1 | Цена перехода | Ж25-54,"Как я преобразила свою жизнь, открыв зоомагазин_6489b3c2b218576c1a6c58ed",3
2024-10-08,Яндекс ПромоСтраницы,yandex.promopages,Статья: Цифры и факты / Интересы: франшиза,"Откройте успешный зоомагазин с франшизой ""Мокрый Нос""_66bb527ae551a90e2f296f95",3
2024-10-19,Яндекс ПромоСтраницы,yandex.promopages,Статья: Цифры и факты / Интересы: франшиза,"Откройте успешный зоомагазин с франшизой ""Мокрый Нос""_66bb527ae551a90e2f296f95",3
2024-10-24,Яндекс ПромоСтраницы,yandex.promopages,Статья: Цифры и факты / Интересы: франшиза,"Откройте успешный зоомагазин с франшизой ""Мокрый Нос""_66bb527ae551a90e2f296f95",3
2024-10-25,Яндекс ПромоСтраницы,yandex.promopages,Промостатья: Моя история 1 | Цена перехода | Ж25-54,"Как я преобразила свою жизнь, открыв зоомагазин_6489b3c2b218576c1a6c58ed",3
2024-10-27,Яндекс ПромоСтраницы,yandex.promopages,Промостатья: Моя история 1 | Цена перехода | Ж25-54,"Как я преобразила свою жизнь, открыв зоомагазин_6489b3c2b218576c1a6c58ed",3
2024-10-28,Яндекс ПромоСтраницы,yandex.promopages,Промостатья: Моя история 1 | Цена перехода | Ж25-54,"Как я преобразила свою жизнь, открыв зоомагазин_6489b3c2b218576c1a6c58ed",3
2024-10-31,Яндекс ПромоСтраницы,yandex.promopages,Промостатья: Моя история 1 | Цена перехода | Ж25-54,"Как я преобразила свою жизнь, открыв зоомагазин_6489b3c2b218576c1a6c58ed",3
2024-11-03,Яндекс ПромоСтраницы,yandex.promopages,Промостатья: Моя история 1 | Цена перехода | Ж25-54,"Как я преобразила свою жизнь, открыв зоомагазин_6489b3c2b218576c1a6c58ed",3
2024-11-05,Яндекс ПромоСтраницы,yandex.promopages,Промостатья: Моя история 1 | Цена перехода | Ж25-54,"Как я преобразила свою жизнь, открыв зоомагазин_6489b3c2b218576c1a6c58ed",3
2024-11-14,Яндекс ПромоСтраницы,yandex.promopages,Статья: Цифры и факты / Интересы: франшиза,"Откройте успешный зоомагазин с франшизой ""Мокрый Нос""_66bb527ae551a90e2f296f95",3
2024-11-19,Яндекс ПромоСтраницы,yandex.promopages,Промостатья: Моя история 1 | Цена перехода | Ж25-54,"Как я преобразила свою жизнь, открыв зоомагазин_6489b3c2b218576c1a6c58ed",3
2024-11-21,Яндекс ПромоСтраницы,yandex.promopages,Промостатья: Моя история 1 | Цена перехода | Ж25-54,"Как я преобразила свою жизнь, открыв зоомагазин_6489b3c2b218576c1a6c58ed",3
2024-11-23,Яндекс ПромоСтраницы,yandex.promopages,Промостатья: Моя история 1 | Цена перехода | Ж25-54,"Как я преобразила свою жизнь, открыв зоомагазин_6489b3c2b218576c1a6c58ed",3
2024-11-25,Яндекс ПромоСтраницы,yandex.promopages,Промостатья: Моя история 1 | Цена перехода | Ж25-54,"Как я преобразила свою жизнь, открыв зоомагазин_6489b3c2b218576c1a6c58ed",3
2024-11-26,Яндекс ПромоСтраницы,yandex.promopages,Промостатья: Моя история 1 | Цена перехода | Ж25-54,"Как я преобразила свою жизнь, открыв зоомагазин_6489b3c2b218576c1a6c58ed",3
2024-11-27,Яндекс ПромоСтраницы,yandex.promopages,Промостатья: Моя история 1 | Цена перехода | Ж25-54,"Как я преобразила свою жизнь, открыв зоомагазин_6489b3c2b218576c1a6c58ed",3
2024-11-27,Яндекс ПромоСтраницы,yandex.promopages,Статья: Цифры и факты / Интересы: открытие бизнеса,"Откройте успешный зоомагазин с франшизой ""Мокрый Нос""_66c6fd7880ce265d420a0974",3
2024-11-29,Яндекс ПромоСтраницы,yandex.promopages,Статья: Цифры и факты / Интересы: открытие бизнеса,"Откройте успешный зоомагазин с франшизой ""Мокрый Нос""_66c6fd7880ce265d420a0974",3
2024-10-04,Яндекс ПромоСтраницы,yandex.promopages,Статья: Цифры и факты / Интересы: франшиза,"Откройте успешный зоомагазин с франшизой ""Мокрый Нос""_66bb527ae551a90e2f296f95",2
2024-10-16,Яндекс ПромоСтраницы,yandex.promopages,Промостатья: Моя история 1 | Цена перехода | Ж25-54,"Как я преобразила свою жизнь, открыв зоомагазин_6489b3c2b218576c1a6c58ed",2
2024-10-19,Яндекс ПромоСтраницы,yandex.promopages,Промостатья: Моя история 1 | Цена перехода | Ж25-54,"Как я преобразила свою жизнь, открыв зоомагазин_6489b3c2b218576c1a6c58ed",2
2024-10-20,Яндекс ПромоСтраницы,yandex.promopages,Статья: Цифры и факты / Интересы: открытие бизнеса,"Откройте успешный зоомагазин с франшизой ""Мокрый Нос""_66c6fd7880ce265d420a0974",2
2024-10-26,Яндекс ПромоСтраницы,yandex.promopages,Статья: Цифры и факты / Интересы: франшиза,"Откройте успешный зоомагазин с франшизой ""Мокрый Нос""_66bb527ae551a90e2f296f95",2
2024-10-27,Яндекс ПромоСтраницы,yandex.promopages,Статья: Цифры и факты / Интересы: открытие бизнеса,"Откройте успешный зоомагазин с франшизой ""Мокрый Нос""_66c6fd7880ce265d420a0974",2
2024-10-29,Яндекс ПромоСтраницы,yandex.promopages,Статья: Цифры и факты / Интересы: франшиза,"Откройте успешный зоомагазин с франшизой ""Мокрый Нос""_66bb527ae551a90e2f296f95",2
2024-10-31,Яндекс ПромоСтраницы,yandex.promopages,Статья: Цифры и факты / Интересы: франшиза,"Откройте успешный зоомагазин с франшизой ""Мокрый Нос""_66bb527ae551a90e2f296f95",2
2024-11-01,Яндекс ПромоСтраницы,yandex.promopages,Статья: Цифры и факты / Интересы: франшиза,"Откройте успешный зоомагазин с франшизой ""Мокрый Нос""_66bb527ae551a90e2f296f95",2
2024-11-02,Яндекс ПромоСтраницы,yandex.promopages,Статья: Цифры и факты / Интересы: франшиза,"Откройте успешный зоомагазин с франшизой ""Мокрый Нос""_66bb527ae551a90e2f296f95",2
2024-11-09,Яндекс ПромоСтраницы,yandex.promopages,Промостатья: Моя история 1 | Цена перехода | Ж25-54,"Как я преобразила свою жизнь, открыв зоомагазин_6489b3c2b218576c1a6c58ed",2
2024-11-10,Яндекс ПромоСтраницы,yandex.promopages,Промостатья: Моя история 1 | Цена перехода | Ж25-54,"Как я преобразила свою жизнь, открыв зоомагазин_6489b3c2b218576c1a6c58ed",2
2024-11-10,Яндекс ПромоСтраницы,yandex.promopages,Статья: Цифры и факты / Интересы: франшиза,"Откройте успешный зоомагазин с франшизой ""Мокрый Нос""_66bb527ae551a90e2f296f95",2
2024-11-12,Яндекс ПромоСтраницы,yandex.promopages,Статья: Цифры и факты / Интересы: открытие бизнеса,"Откройте успешный зоомагазин с франшизой ""Мокрый Нос""_66c6fd7880ce265d420a0974",2
2024-11-14,Яндекс ПромоСтраницы,yandex.promopages,Статья: Цифры и факты / Интересы: открытие бизнеса,"Откройте успешный зоомагазин с франшизой ""Мокрый Нос""_66c6fd7880ce265d420a0974",2
2024-11-15,Яндекс ПромоСтраницы,yandex.promopages,Статья: Цифры и факты / Интересы: франшиза,"Откройте успешный зоомагазин с франшизой ""Мокрый Нос""_66bb527ae551a90e2f296f95",2
2024-11-16,Яндекс ПромоСтраницы,yandex.promopages,Статья: Цифры и факты / Интересы: открытие бизнеса,"Откройте успешный зоомагазин с франшизой ""Мокрый Нос""_66c6fd7880ce265d420a0974",2
2024-11-20,Яндекс ПромоСтраницы,yandex.promopages,Промостатья: Моя история 1 | Цена перехода | Ж25-54,"Как я преобразила свою жизнь, открыв зоомагазин_6489b3c2b218576c1a6c58ed",2
2024-11-20,Яндекс ПромоСтраницы,yandex.promopages,Статья: Цифры и факты / Интересы: открытие бизнеса,"Откройте успешный зоомагазин с франшизой ""Мокрый Нос""_66c6fd7880ce265d420a0974",2
2024-11-21,Яндекс ПромоСтраницы,yandex.promopages,Статья: Цифры и факты / Интересы: открытие бизнеса,"Откройте успешный зоомагазин с франшизой ""Мокрый Нос""_66c6fd7880ce265d420a0974",2
2024-11-22,Яндекс ПромоСтраницы,yandex.promopages,Статья: Цифры и факты / Интересы: франшиза,"Откройте успешный зоомагазин с франшизой ""Мокрый Нос""_66bb527ae551a90e2f296f95",2
2024-11-24,Яндекс ПромоСтраницы,yandex.promopages,Статья: Цифры и факты / Интересы: франшиза,"Откройте успешный зоомагазин с франшизой ""Мокрый Нос""_66bb527ae551a90e2f296f95",2
2024-11-26,Яндекс ПромоСтраницы,yandex.promopages,Статья: Цифры и факты / Интересы: франшиза,"Откройте успешный зоомагазин с франшизой ""Мокрый Нос""_66bb527ae551a90e2f296f95",2
2024-11-28,Яндекс ПромоСтраницы,yandex.promopages,Статья: Цифры и факты / Интересы: открытие бизнеса,"Откройте успешный зоомагазин с франшизой ""Мокрый Нос""_66c6fd7880ce265d420a0974",2
2024-12-01,Яндекс ПромоСтраницы,yandex.promopages,Статья: Цифры и факты / Интересы: открытие бизнеса,"Откройте успешный зоомагазин с франшизой ""Мокрый Нос""_66c6fd7880ce265d420a0974",2
2024-12-01,Яндекс ПромоСтраницы,yandex.promopages,Статья: Цифры и факты / Интересы: франшиза,"Откройте успешный зоомагазин с франшизой ""Мокрый Нос""_66bb527ae551a90e2f296f95",2
2024-12-23,Яндекс ПромоСтраницы,yandex.promopages,Промостатья: Моя история 1 | Цена перехода | Ж25-54,"Как я преобразила свою жизнь, открыв зоомагазин_6489b3c2b218576c1a6c58ed",2
2024-12-24,Яндекс ПромоСтраницы,yandex.promopages,Промостатья: Моя история 1 | Цена перехода | Ж25-54,"Как я преобразила свою жизнь, открыв зоомагазин_6489b3c2b218576c1a6c58ed",2
2024-12-26,Яндекс ПромоСтраницы,yandex.promopages,Промостатья: Моя история 1 | Цена перехода | Ж25-54,"Как я преобразила свою жизнь, открыв зоомагазин_6489b3c2b218576c1a6c58ed",2
2024-10-01,Яндекс ПромоСтраницы,yandex.promopages,Статья: Цифры и факты / Интересы: открытие бизнеса,"Откройте успешный зоомагазин с франшизой ""Мокрый Нос""_66c6fd7880ce265d420a0974",1
2024-10-02,Яндекс ПромоСтраницы,yandex.promopages,Промостатья: Моя история 1 | Цена перехода | Ж25-54,"Как я преобразила свою жизнь, открыв зоомагазин_6489b3c2b218576c1a6c58ed",1
2024-10-02,Яндекс ПромоСтраницы,yandex.promopages,Статья: Цифры и факты / Интересы: открытие бизнеса,"Откройте успешный зоомагазин с франшизой ""Мокрый_66c6fd7880ce265d420a0974",1
2024-10-02,Яндекс ПромоСтраницы,yandex.promopages,Статья: Цифры и факты / Интересы: открытие бизнеса,Почему стоит открыть зоомагаз по франшизе Мокрый Нос_66c6fd7880ce265d420a0974,1
2024-10-03,Яндекс ПромоСтраницы,yandex.promopages,Статья: Цифры и факты / Интересы: франшиза,"Откройте успешный зоомагазин с франшизой ""Мокрый Нос""_66bb527ae551a90e2f296f95",1
2024-10-04,Яндекс,yandex.promopages,Статья: Цифры и факты / Интересы: открытие бизнеса,"Откройте успешный зоомагазин с франшизой ""Мокрый Нос""_66c6fd7880ce265d420a0974",1
2024-10-06,Яндекс ПромоСтраницы,yandex.promopages,Статья: Цифры и факты / Интересы: открытие бизнеса,"Откройте успешный зоомагазин с франшизой ""Мокрый Нос""_66c6fd7880ce265d420a0974",1
2024-10-06,Яндекс ПромоСтраницы,yandex.promopages,Статья: Цифры и факты / Интересы: открытие бизнеса,Почему стоит открыть зоомагаз по франшизе Мокрый Нос_66c6fd7880ce265d420a0974,1
2024-10-06,Яндекс ПромоСтраницы,yandex.promopages,Статья: Цифры и факты / Интересы: франшиза,Почему стоит открыть зоомагаз по франшизе Мокрый Нос_66bb527ae551a90e2f296f95,1
2024-10-07,Яндекс ПромоСтраницы,yandex.promopages,Статья: Цифры и факты / Интересы: открытие бизнеса,"Откройте успешный зоомагазин с франшизой ""Мокрый Нос""_66c6fd7880ce265d420a0974",1
2024-10-08,Яндекс ПромоСтраницы,yandex.promopages,Статья: Цифры и факты / Интересы: открытие бизнеса,"Откройте успешный зоомагазин с франшизой ""Мокрый Нос""_66c6fd7880ce265d420a0974",1
2024-10-09,Яндекс ПромоСтраницы,yandex.promopages,Промостатья: Моя история 1 | Цена перехода | Ж25-54,"Как я преобразила свою жизнь, открыв зоомагазин_6489b3c2b218576c1a6c58ed",1
2024-10-09,Яндекс ПромоСтраницы,yandex.promopages,Статья: Цифры и факты / Интересы: открытие бизнеса,"Откройте успешный зоомагазин с франшизой ""Мокрый Нос""_66c6fd7880ce265d420a0974",1
2024-10-09,Яндекс ПромоСтраницы,yandex.promopages,Статья: Цифры и факты / Интересы: открытие бизнеса,Почему стоит открыть зоомагаз по франшизе Мокрый Нос_66c6fd7880ce265d420a0974,1
2024-10-11,Яндекс ПромоСтраницы,yandex.promopages,Промостатья: Моя история 1 | Цена перехода | Ж25-54,"Как я преобразила свою жизнь, открыв зоомагазин_6489b3c2b218576c1a6c58ed",1
2024-10-11,Яндекс ПромоСтраницы,yandex.promopages,Статья: Цифры и факты / Интересы: франшиза,"Откройте успешный зоомагазин с франшизой ""Мокрый Нос""_66bb527ae551a90e2f296f95",1
2024-10-12,Яндекс ПромоСтраницы,yandex.promopages,Промостатья: Моя история 1 | Цена перехода | Ж25-54,"Как я преобразила свою жизнь, открыв зоомагазин_6489b3c2b218576c1a6c58ed",1
2024-10-13,Яндекс ПромоСтраницы,yandex.promopages,Промостатья: Моя история 1 | Цена перехода | Ж25-54,"Как я преобразила свою жизнь, открыв зоомагазин_6489b3c2b218576c1a6c58ed",1
2024-10-14,Яндекс ПромоСтраницы,yandex.promopages,Промостатья: Моя история 1 | Цена перехода | Ж25-54,"Как я преобразила свою жизнь, открыв зоомагазин_6489b3c2b218576c1a6c58ed",1
2024-10-15,Яндекс ПромоСтраницы,yandex.promopages,Статья: Цифры и факты / Интересы: франшиза,"Откройте успешный зоомагазин с франшизой ""Мокрый Нос""_66bb527ae551a90e2f296f95",1
2024-10-16,Яндекс ПромоСтраницы,yandex.promopages,Статья: Цифры и факты / Интересы: франшиза,"Откройте успешный зоомагазин с франшизой ""Мокрый Нос""_66bb527ae551a90e2f296f95",1
2024-10-17,franchise-mokryinos-ru.turbopages.org,yandex.promopages,Статья: Цифры и факты / Интересы: франшиза,"Откройте успешный зоомагазин с франшизой ""Мокрый Нос""_66bb527ae551a90e2f296f95",1
2024-10-17,Яндекс ПромоСтраницы,yandex.promopages,Статья: Цифры и факты / Интересы: открытие бизнеса,"Откройте успешный зоомагазин с франшизой ""Мокрый Нос""_66c6fd7880ce265d420a0974",1
2024-10-18,Яндекс ПромоСтраницы,yandex.promopages,Промостатья: Моя история 1 | Цена перехода | Ж25-54,"Как я преобразила свою жизнь, открыв зоомагазин_6489b3c2b218576c1a6c58ed",1
2024-10-21,Яндекс ПромоСтраницы,yandex.promopages,Промостатья: Моя история 1 | Цена перехода | Ж25-54,"Как ""Мокрый нос"" помог мне достичь успеха в бизнесе_6489b3c2b218576c1a6c58ed",1
2024-10-21,Яндекс ПромоСтраницы,yandex.promopages,Статья: Цифры и факты / Интересы: франшиза,"Откройте успешный зоомагазин с франшизой ""Мокрый Нос""_66bb527ae551a90e2f296f95",1
2024-10-22,Google,yandex.promopages,Статья: Цифры и факты / Интересы: открытие бизнеса,"Откройте успешный зоомагазин с франшизой ""Мокрый Нос""_66c6fd7880ce265d420a0974",1
2024-10-22,Яндекс ПромоСтраницы,yandex.promopages,Статья: Цифры и факты / Интересы: открытие бизнеса,"Откройте успешный зоомагазин с франшизой ""Мокрый Нос""_66c6fd7880ce265d420a0974",1
2024-10-22,Яндекс ПромоСтраницы,yandex.promopages,Статья: Цифры и факты / Интересы: франшиза,"Откройте успешный зоомагазин с франшизой ""Мокрый Нос""_66bb527ae551a90e2f296f95",1
2024-10-23,Яндекс ПромоСтраницы,yandex.promopages,Статья: Цифры и факты / Интересы: открытие бизнеса,"Откройте успешный зоомагазин с франшизой ""Мокрый Нос""_66c6fd7880ce265d420a0974",1
2024-10-23,Яндекс ПромоСтраницы,yandex.promopages,Статья: Цифры и факты / Интересы: открытие бизнеса,Почему стоит открыть зоомагаз по франшизе Мокрый Нос_66c6fd7880ce265d420a0974,1
2024-10-23,Яндекс ПромоСтраницы,yandex.promopages,Статья: Цифры и факты / Интересы: франшиза,"Откройте успешный зоомагазин с франшизой ""Мокрый Нос""_66bb527ae551a90e2f296f95",1
2024-10-24,Яндекс ПромоСтраницы,yandex.promopages,Статья: Цифры и факты / Интересы: открытие бизнеса,Почему стоит открыть зоомагаз по франшизе Мокрый Нос_66c6fd7880ce265d420a0974,1
2024-10-25,Яндекс ПромоСтраницы,yandex.promopages,Статья: Цифры и факты / Интересы: открытие бизнеса,"Откройте успешный зоомагазин с франшизой ""Мокрый Нос""_66c6fd7880ce265d420a0974",1
2024-10-25,Яндекс ПромоСтраницы,yandex.promopages,Статья: Цифры и факты / Интересы: франшиза,"Откройте успешный зоомагазин с франшизой ""Мокрый Нос""_66bb527ae551a90e2f296f95",1
2024-10-27,Яндекс ПромоСтраницы,yandex.promopages,Статья: Цифры и факты / Интересы: франшиза,"Откройте успешный зоомагазин с франшизой ""Мокрый Нос""_66bb527ae551a90e2f296f95",1
2024-10-28,Яндекс ПромоСтраницы,yandex.promopages,Статья: Цифры и факты / Интересы: открытие бизнеса,"Откройте успешный зоомагазин с франшизой ""Мокрый Нос""_66c6fd7880ce265d420a0974",1
2024-10-28,Яндекс ПромоСтраницы,yandex.promopages,Статья: Цифры и факты / Интересы: франшиза,"Откройте успешный зоомагазин с франшизой ""Мокрый Нос""_66bb527ae551a90e2f296f95",1
2024-10-29,Яндекс ПромоСтраницы,yandex.promopages,Промостатья: Моя история 1 | Цена перехода | Ж25-54,История успеха: мой путь от работницы к предпринимателю_6489b3c2b218576c1a6c58ed,1
2024-10-29,Яндекс ПромоСтраницы,yandex.promopages,Статья: Цифры и факты / Интересы: открытие бизнеса,"Откройте успешный зоомагазин с франшизой ""Мокрый Нос""_66c6fd7880ce265d420a0974",1
2024-10-30,franchise-mokryinos-ru.turbopages.org,yandex.promopages,Промостатья: Моя история 1 | Цена перехода | Ж25-54,"Как я преобразила свою жизнь, открыв зоомагазин_6489b3c2b218576c1a6c58ed",1
2024-10-30,Яндекс ПромоСтраницы,yandex.promopages,Промостатья: Моя история 1 | Цена перехода | Ж25-54,История успеха: мой путь от работницы к предпринимателю_6489b3c2b218576c1a6c58ed,1
2024-10-30,Яндекс ПромоСтраницы,yandex.promopages,Промостатья: Моя история 1 | Цена перехода | Ж25-54,"Как ""Мокрый нос"" помог мне достичь успеха в бизнесе_6489b3c2b218576c1a6c58ed",1
2024-10-30,Яндекс ПромоСтраницы,yandex.promopages,Статья: Цифры и факты / Интересы: франшиза,"Откройте успешный зоомагазин с франшизой ""Мокрый Нос""_66bb527ae551a90e2f296f95",1
2024-10-31,Яндекс ПромоСтраницы,yandex.promopages,Статья: Цифры и факты / Интересы: открытие бизнеса,"Откройте успешный зоомагазин с франшизой ""Мокрый Нос""_66c6fd7880ce265d420a0974",1
2024-11-01,Яндекс: Директ,yandex.promopages,Промостатья: Моя история 1 | Цена перехода | Ж25-54,"Как я преобразила свою жизнь, открыв зоомагазин_6489b3c2b218576c1a6c58ed",1
2024-11-02,Яндекс ПромоСтраницы,yandex.promopages,Статья: Цифры и факты / Интересы: открытие бизнеса,"Откройте успешный зоомагазин с франшизой ""Мокрый Нос""_66c6fd7880ce265d420a0974",1
2024-11-03,Яндекс ПромоСтраницы,yandex.promopages,Статья: Цифры и факты / Интересы: франшиза,"Откройте успешный зоомагазин с франшизой ""Мокрый Нос""_66bb527ae551a90e2f296f95",1
2024-11-04,Яндекс ПромоСтраницы,yandex.promopages,Статья: Цифры и факты / Интересы: открытие бизнеса,"Откройте успешный зоомагазин с франшизой ""Мокрый Нос""_66c6fd7880ce265d420a0974",1
2024-11-04,Яндекс ПромоСтраницы,yandex.promopages,Статья: Цифры и факты / Интересы: франшиза,"Откройте успешный зоомагазин с франшизой ""Мокрый Нос""_66bb527ae551a90e2f296f95",1
2024-11-04,Яндекс ПромоСтраницы,yandex.promopages,Статья: Цифры и факты / Интересы: франшиза,Почему стоит открыть зоомагаз по франшизе Мокрый Нос_66bb527ae551a90e2f296f95,1
2024-11-05,Яндекс ПромоСтраницы,yandex.promopages,Статья: Цифры и факты / Интересы: франшиза,"Откройте успешный зоомагазин с франшизой ""Мокрый Нос""_66bb527ae551a90e2f296f95",1
2024-11-07,franchise-mokryinos-ru.turbopages.org,yandex.promopages,Промостатья: Моя история 1 | Цена перехода | Ж25-54,"Как я преобразила свою жизнь, открыв зоомагазин_6489b3c2b218576c1a6c58ed",1
2024-11-07,Яндекс ПромоСтраницы,yandex.promopages,Статья: Цифры и факты / Интересы: франшиза,Почему стоит открыть зоомагаз по франшизе Мокрый Нос_66bb527ae551a90e2f296f95,1
2024-11-08,Другая реклама: определено по меткам,yandex.promopages,Статья: Цифры и факты / Интересы: открытие бизнеса,"Откройте успешный зоомагазин с франшизой ""Мокрый Нос""_66c6fd7880ce265d420a0974",1
2024-11-09,Яндекс ПромоСтраницы,yandex.promopages,Статья: Цифры и факты / Интересы: франшиза,"Откройте успешный зоомагазин с франшизой ""Мокрый Нос""_66bb527ae551a90e2f296f95",1
2024-11-10,Яндекс ПромоСтраницы,yandex.promopages,Промостатья: Моя история 1 | Цена перехода | Ж25-54,"Как ""Мокрый нос"" помог мне достичь успеха в бизнесе_6489b3c2b218576c1a6c58ed",1
2024-11-11,Яндекс ПромоСтраницы,yandex.promopages,Промостатья: Моя история 1 | Цена перехода | Ж25-54,"Как я преобразила свою жизнь, открыв зоомагазин_6489b3c2b218576c1a6c58ed",1
2024-11-11,Яндекс ПромоСтраницы,yandex.promopages,Статья: Цифры и факты / Интересы: открытие бизнеса,"Откройте успешный зоомагазин с франшизой ""Мокрый Нос""_66c6fd7880ce265d420a0974",1
2024-11-12,Яндекс ПромоСтраницы,yandex.promopages,Промостатья: Моя история 1 | Цена перехода | Ж25-54,"Как ""Мокрый нос"" помог мне достичь успеха в бизнесе_6489b3c2b218576c1a6c58ed",1
2024-11-13,Яндекс ПромоСтраницы,yandex.promopages,Статья: Цифры и факты / Интересы: открытие бизнеса,"Откройте успешный зоомагазин с франшизой ""Мокрый Нос""_66c6fd7880ce265d420a0974",1
2024-11-14,Яндекс ПромоСтраницы,yandex.promopages,Промостатья: Моя история 1 | Цена перехода | Ж25-54,"Как я преобразила свою жизнь, открыв зоомагазин_6489b3c2b218576c1a6c58ed",1
2024-11-14,Яндекс ПромоСтраницы,yandex.promopages,Статья: Цифры и факты / Интересы: франшиза,Почему стоит открыть зоомагаз по франшизе Мокрый Нос_66bb527ae551a90e2f296f95,1
2024-11-14,Яндекс ПромоСтраницы,yandex.promopages,Статья: Цифры и факты / Интересы: франшиза,Почему франшиза зоомагазина — это выгодно_66bb527ae551a90e2f296f95,1
2024-11-15,franchise-mokryinos-ru.turbopages.org,yandex.promopages,Статья: Цифры и факты / Интересы: франшиза,"Откройте успешный зоомагазин с франшизой ""Мокрый Нос""_66bb527ae551a90e2f296f95",1
2024-11-15,Яндекс ПромоСтраницы,yandex.promopages,Статья: Цифры и факты / Интересы: открытие бизнеса,"Откройте успешный зоомагазин с франшизой ""Мокрый Нос""_66c6fd7880ce265d420a0974",1
2024-11-16,Яндекс ПромоСтраницы,yandex.promopages,Промостатья: Моя история 1 | Цена перехода | Ж25-54,"Как я преобразила свою жизнь, открыв зоомагазин_6489b3c2b218576c1a6c58ed",1
2024-11-16,Яндекс ПромоСтраницы,yandex.promopages,Статья: Цифры и факты / Интересы: франшиза,Почему стоит открыть зоомагаз по франшизе Мокрый Нос_66bb527ae551a90e2f296f95,1
2024-11-17,Яндекс ПромоСтраницы,yandex.promopages,Статья: Цифры и факты / Интересы: франшиза,"Откройте успешный зоомагазин с франшизой ""Мокрый Нос""_66bb527ae551a90e2f296f95",1
2024-11-19,Яндекс ПромоСтраницы,yandex.promopages,Статья: Цифры и факты / Интересы: франшиза,"Откройте успешный зоомагазин с франшизой ""Мокрый Нос""_66bb527ae551a90e2f296f95",1
2024-11-22,Яндекс ПромоСтраницы,yandex.promopages,Статья: Цифры и факты / Интересы: открытие бизнеса,"Откройте успешный зоомагазин с франшизой ""Мокрый Нос""_66c6fd7880ce265d420a0974",1
2024-11-23,Яндекс ПромоСтраницы,yandex.promopages,Статья: Цифры и факты / Интересы: открытие бизнеса,"Откройте успешный зоомагазин с франшизой ""Мокрый Нос""_66c6fd7880ce265d420a0974",1
2024-11-23,Яндекс ПромоСтраницы,yandex.promopages,Статья: Цифры и факты / Интересы: франшиза,"Откройте успешный зоомагазин с франшизой ""Мокрый Нос""_66bb527ae551a90e2f296f95",1
2024-11-24,Яндекс ПромоСтраницы,yandex.promopages,Статья: Цифры и факты / Интересы: открытие бизнеса,"Откройте успешный зоомагазин с франшизой ""Мокрый Нос""_66c6fd7880ce265d420a0974",1
2024-11-26,Яндекс ПромоСтраницы,yandex.promopages,Статья: Цифры и факты / Интересы: открытие бизнеса,"Откройте успешный зоомагазин с франшизой ""Мокрый Нос""_66c6fd7880ce265d420a0974",1
2024-11-29,Яндекс ПромоСтраницы,yandex.promopages,Промостатья: Моя история 1 | Цена перехода | Ж25-54,"Как ""Мокрый нос"" помог мне достичь успеха в бизнесе_6489b3c2b218576c1a6c58ed",1
2024-11-29,Яндекс ПромоСтраницы,yandex.promopages,Статья: Цифры и факты / Интересы: франшиза,"Откройте успешный зоомагазин с франшизой ""Мокрый Нос""_66bb527ae551a90e2f296f95",1
2024-11-30,Яндекс ПромоСтраницы,yandex.promopages,Статья: Цифры и факты / Интересы: франшиза,"Откройте успешный зоомагазин с франшизой ""Мокрый Нос""_66bb527ae551a90e2f296f95",1
2024-12-02,Яндекс ПромоСтраницы,yandex.promopages,Промостатья: Моя история 1 | Цена перехода | Ж25-54,"Как я преобразила свою жизнь, открыв зоомагазин_6489b3c2b218576c1a6c58ed",1
2024-12-03,Яндекс ПромоСтраницы,yandex.promopages,Промостатья: Моя история 1 | Цена перехода | Ж25-54,"Как я преобразила свою жизнь, открыв зоомагазин_6489b3c2b218576c1a6c58ed",1
2024-12-04,Яндекс ПромоСтраницы,yandex.promopages,Промостатья: Моя история 1 | Цена перехода | Ж25-54,"Как я преобразила свою жизнь, открыв зоомагазин_6489b3c2b218576c1a6c58ed",1
2024-12-05,Яндекс ПромоСтраницы,yandex.promopages,Промостатья: Моя история 1 | Цена перехода | Ж25-54,"Как я преобразила свою жизнь, открыв зоомагазин_6489b3c2b218576c1a6c58ed",1
2024-12-06,Яндекс ПромоСтраницы,yandex.promopages,Промостатья: Моя история 1 | Цена перехода | Ж25-54,"Как я преобразила свою жизнь, открыв зоомагазин_6489b3c2b218576c1a6c58ed",1
2024-12-09,Яндекс ПромоСтраницы,yandex.promopages,Промостатья: Моя история 1 | Цена перехода | Ж25-54,"Как я преобразила свою жизнь, открыв зоомагазин_6489b3c2b218576c1a6c58ed",1
2024-12-11,Яндекс ПромоСтраницы,yandex.promopages,Промостатья: Моя история 1 | Цена перехода | Ж25-54,"Как я преобразила свою жизнь, открыв зоомагазин_6489b3c2b218576c1a6c58ed",1
2024-12-12,Яндекс ПромоСтраницы,yandex.promopages,Промостатья: Моя история 1 | Цена перехода | Ж25-54,"Как я преобразила свою жизнь, открыв зоомагазин_6489b3c2b218576c1a6c58ed",1
2024-12-13,Яндекс ПромоСтраницы,yandex.promopages,Промостатья: Моя история 1 | Цена перехода | Ж25-54,"Как я преобразила свою жизнь, открыв зоомагазин_6489b3c2b218576c1a6c58ed",1
2024-12-14,Яндекс ПромоСтраницы,yandex.promopages,Промостатья: Моя история 1 | Цена перехода | Ж25-54,"Как я преобразила свою жизнь, открыв зоомагазин_6489b3c2b218576c1a6c58ed",1
2024-12-16,Яндекс ПромоСтраницы,yandex.promopages,Промостатья: Моя история 1 | Цена перехода | Ж25-54,"Как я преобразила свою жизнь, открыв зоомагазин_6489b3c2b218576c1a6c58ed",1
2024-12-17,Яндекс ПромоСтраницы,yandex.promopages,Промостатья: Моя история 1 | Цена перехода | Ж25-54,"Как я преобразила свою жизнь, открыв зоомагазин_6489b3c2b218576c1a6c58ed",1
2024-12-18,Яндекс ПромоСтраницы,yandex.promopages,Промостатья: Моя история 1 | Цена перехода | Ж25-54,"Как я преобразила свою жизнь, открыв зоомагазин_6489b3c2b218576c1a6c58ed",1
2024-12-19,Яндекс ПромоСтраницы,yandex.promopages,Промостатья: Моя история 1 | Цена перехода | Ж25-54,"Как я преобразила свою жизнь, открыв зоомагазин_6489b3c2b218576c1a6c58ed",1
2024-12-20,Яндекс ПромоСтраницы,yandex.promopages,Промостатья: Моя история 1 | Цена перехода | Ж25-54,"Как я преобразила свою жизнь, открыв зоомагазин_6489b3c2b218576c1a6c58ed",1
2024-12-26,franchise-mokryinos.promo.page,yandex.promopages,Промостатья: Моя история 1 | Цена перехода | Ж25-54,"Как ""Мокрый нос"" помог мне достичь успеха в бизнесе_6489b3c2b218576c1a6c58ed",1
2024-12-27,Яндекс ПромоСтраницы,yandex.promopages,Промостатья: Моя история 1 | Цена перехода | Ж25-54,"Как я преобразила свою жизнь, открыв зоомагазин_6489b3c2b218576c1a6c58ed",1
2024-12-28,Яндекс ПромоСтраницы,yandex.promopages,Промостатья: Моя история 1 | Цена перехода | Ж25-54,"Как я преобразила свою жизнь, открыв зоомагазин_6489b3c2b218576c1a6c58ed",1
2025-03-23,Яндекс ПромоСтраницы,yandex.promopages,Промостатья: Моя история 1 | Цена перехода | Ж25-54 (копия),"Как я преобразила свою жизнь, открыв зоомагазин_67dd175da853554dcf7a941e",103
2025-03-21,Яндекс ПромоСтраницы,yandex.promopages,Промостатья: Моя история 1 | Цена перехода | Ж25-54 (копия),"Как я преобразила свою жизнь, открыв зоомагазин_67dd175da853554dcf7a941e",92
2025-03-22,Яндекс ПромоСтраницы,yandex.promopages,Промостатья: Моя история 1 | Цена перехода | Ж25-54 (копия),"Как я преобразила свою жизнь, открыв зоомагазин_67dd175da853554dcf7a941e",90
2025-03-21,Яндекс ПромоСтраницы,yandex.promopages,Промостатья: Моя история 1 | Цена перехода | Ж25-54 (копия),"Как ""Мокрый нос"" помог мне достичь успеха в бизнесе_67dd175da853554dcf7a941e",43
2025-03-29,Яндекс ПромоСтраницы,yandex.promopages,Статья: Цифры и факты / Интересы: открытие бизнеса (копия),"Откройте успешный зоомагазин с франшизой ""Мокрый Нос""_67e2ce70ebc3680fe449675b",30
2025-03-30,Яндекс ПромоСтраницы,yandex.promopages,Статья: Цифры и факты / Интересы: открытие бизнеса (копия),"Откройте успешный зоомагазин с франшизой ""Мокрый Нос""_67e2ce70ebc3680fe449675b",24
2025-03-22,Яндекс ПромоСтраницы,yandex.promopages,Промостатья: Моя история 1 | Цена перехода | Ж25-54 (копия),"Как ""Мокрый нос"" помог мне достичь успеха в бизнесе_67dd175da853554dcf7a941e",22
2025-03-21,Яндекс ПромоСтраницы,yandex.promopages,Промостатья: Моя история 1 | Цена перехода | Ж25-54 (копия),История успеха: мой путь от работницы к предприн_67dd175da853554dcf7a941e,20
2025-03-28,Яндекс ПромоСтраницы,yandex.promopages,Статья: Цифры и факты / Интересы: открытие бизнеса (копия),"Откройте успешный зоомагазин с франшизой ""Мокрый Нос""_67e2ce70ebc3680fe449675b",20
2025-03-22,Яндекс ПромоСтраницы,yandex.promopages,Промостатья: Моя история 1 | Цена перехода | Ж25-54 (копия),История успеха: мой путь от работницы к предприн_67dd175da853554dcf7a941e,15
2025-03-23,Яндекс ПромоСтраницы,yandex.promopages,Промостатья: Моя история 1 | Цена перехода | Ж25-54 (копия),"Как ""Мокрый нос"" помог мне достичь успеха в бизнесе_67dd175da853554dcf7a941e",13
2025-03-23,Яндекс ПромоСтраницы,yandex.promopages,Промостатья: Моя история 1 | Цена перехода | Ж25-54 (копия),История успеха: мой путь от работницы к предприн_67dd175da853554dcf7a941e,10
2025-03-23,Яндекс ПромоСтраницы,yandex.promopages,Промостатья: Моя история 1 | Цена перехода | Ж25-54 (копия),История успеха: мой путь от работницы к предпринимателю_67dd175da853554dcf7a941e,9
2025-03-30,Яндекс ПромоСтраницы,yandex.promopages,Промостатья: Моя история 1 / Цена перехода / Ж25-54 / интерес_франшиза,"Как я преобразила свою жизнь, открыв зоомагазин_67dd175da853554dcf7a941e",9
2025-03-29,Яндекс ПромоСтраницы,yandex.promopages,Промостатья: Моя история 1 / Цена перехода / Ж25-54 / интерес_франшиза,"Как я преобразила свою жизнь, открыв зоомагазин_67dd175da853554dcf7a941e",8
2025-03-31,Яндекс ПромоСтраницы,yandex.promopages,Промостатья: Моя история 1 / Цена перехода / Ж25-54 / интерес_франшиза,"Как я преобразила свою жизнь, открыв зоомагазин_67dd175da853554dcf7a941e",8
2025-03-22,Яндекс ПромоСтраницы,yandex.promopages,Промостатья: Моя история 1 | Цена перехода | Ж25-54 (копия),История успеха: мой путь от работницы к предпринимателю_67dd175da853554dcf7a941e,7
2025-03-24,Яндекс ПромоСтраницы,yandex.promopages,Промостатья: Моя история 1 | Цена перехода | Ж25-54 (копия),История успеха: мой путь от работницы к предприн_67dd175da853554dcf7a941e,7
2025-03-27,Яндекс ПромоСтраницы,yandex.promopages,Статья: Цифры и факты / Интересы: открытие бизнеса (копия),"Откройте успешный зоомагазин с франшизой ""Мокрый Нос""_67e2ce70ebc3680fe449675b",7
2025-03-24,Яндекс ПромоСтраницы,yandex.promopages,Промостатья: Моя история 1 | Цена перехода | Ж25-54 (копия),"Как я преобразила свою жизнь, открыв зоомагазин_67dd175da853554dcf7a941e",6
2025-03-29,Яндекс ПромоСтраницы,yandex.promopages,Промостатья: Моя история 1 / Цена перехода / Ж25-54 / интерес_франшиза,История успеха: мой путь от работницы к предприн_67dd175da853554dcf7a941e,4
2025-03-06,Яндекс ПромоСтраницы,yandex.promopages,Промостатья: Моя история 1 | Цена перехода | Ж25-54,"Как я преобразила свою жизнь, открыв зоомагазин_6489b3c2b218576c1a6c58ed",3
2025-03-24,Яндекс ПромоСтраницы,yandex.promopages,Промостатья: Моя история 1 | Цена перехода | Ж25-54,"Как я преобразила свою жизнь, открыв зоомагазин_6489b3c2b218576c1a6c58ed",3
2025-03-25,Яндекс ПромоСтраницы,yandex.promopages,Промостатья: Моя история 1 | Цена перехода | Ж25-54 (копия),История успеха: мой путь от работницы к предприн_67dd175da853554dcf7a941e,3
2025-03-26,Яндекс ПромоСтраницы,yandex.promopages,Статья: Цифры и факты / Интересы: открытие бизнеса (копия),"Откройте успешный зоомагазин с франшизой ""Мокрый Нос""_67e2ce70ebc3680fe449675b",3
2025-03-28,Яндекс ПромоСтраницы,yandex.promopages,Промостатья: Моя история 1 / Цена перехода / Ж25-54 / интерес_франшиза,"Как я преобразила свою жизнь, открыв зоомагазин_67dd175da853554dcf7a941e",3
2025-01-09,Яндекс ПромоСтраницы,yandex.promopages,Промостатья: Моя история 1 | Цена перехода | Ж25-54,"Как я преобразила свою жизнь, открыв зоомагазин_6489b3c2b218576c1a6c58ed",2
2025-01-13,Яндекс ПромоСтраницы,yandex.promopages,Промостатья: Моя история 1 | Цена перехода | Ж25-54,"Как я преобразила свою жизнь, открыв зоомагазин_6489b3c2b218576c1a6c58ed",2
2025-03-03,Яндекс ПромоСтраницы,yandex.promopages,Промостатья: Моя история 1 | Цена перехода | Ж25-54,"Как я преобразила свою жизнь, открыв зоомагазин_6489b3c2b218576c1a6c58ed",2
2025-03-07,Яндекс ПромоСтраницы,yandex.promopages,Промостатья: Моя история 1 | Цена перехода | Ж25-54,"Как я преобразила свою жизнь, открыв зоомагазин_6489b3c2b218576c1a6c58ed",2
2025-03-19,Яндекс ПромоСтраницы,yandex.promopages,Промостатья: Моя история 1 | Цена перехода | Ж25-54,"Как я преобразила свою жизнь, открыв зоомагазин_6489b3c2b218576c1a6c58ed",2
2025-03-20,Яндекс ПромоСтраницы,yandex.promopages,Промостатья: Моя история 1 | Цена перехода | Ж25-54,"Как я преобразила свою жизнь, открыв зоомагазин_6489b3c2b218576c1a6c58ed",2
2025-03-20,Яндекс ПромоСтраницы,yandex.promopages,Статья: Цифры и факты / Интересы: открытие бизнеса,"Откройте успешный зоомагазин с франшизой ""Мокрый Нос""_66c6fd7880ce265d420a0974",2
2025-03-21,Яндекс ПромоСтраницы,yandex.promopages,Промостатья: Моя история 1 | Цена перехода | Ж25-54 (копия),История успеха: мой путь от работницы к предпринимателю_67dd175da853554dcf7a941e,2
2025-03-22,Яндекс ПромоСтраницы,yandex.promopages,Статья: Цифры и факты / Интересы: открытие бизнеса,"Откройте успешный зоомагазин с франшизой ""Мокрый Нос""_66c6fd7880ce265d420a0974",2
2025-03-25,Яндекс ПромоСтраницы,yandex.promopages,Промостатья: Моя история 1 | Цена перехода | Ж25-54,"Как я преобразила свою жизнь, открыв зоомагазин_6489b3c2b218576c1a6c58ed",2
2025-03-25,Яндекс ПромоСтраницы,yandex.promopages,Промостатья: Моя история 1 | Цена перехода | Ж25-54 (копия),"Как я преобразила свою жизнь, открыв зоомагазин_67dd175da853554dcf7a941e",2
2025-03-29,Яндекс ПромоСтраницы,yandex.promopages,Промостатья: Моя история 1 / Цена перехода / Ж25-54 / интерес_открытие бизнеса,"Как я преобразила свою жизнь, открыв зоомагазин_67e2d1fb02adb863df447f39",2
2025-01-10,Яндекс ПромоСтраницы,yandex.promopages,Промостатья: Моя история 1 | Цена перехода | Ж25-54,"Как я преобразила свою жизнь, открыв зоомагазин_6489b3c2b218576c1a6c58ed",1
2025-01-14,franchise-mokryinos-ru.turbopages.org,yandex.promopages,Промостатья: Моя история 3 | Цена перехода | 25-54 | lp /franchise,Поиск идеального бизнеса: Как я открыла свой зоомагазин_66546aa6d9304216bde5c510,1
2025-01-14,Яндекс ПромоСтраницы,yandex.promopages,Промостатья: Моя история 1 | Цена перехода | Ж25-54,"Как я преобразила свою жизнь, открыв зоомагазин_6489b3c2b218576c1a6c58ed",1
2025-01-15,Яндекс ПромоСтраницы,yandex.promopages,Промостатья: Моя история 1 | Цена перехода | Ж25-54,"Как я преобразила свою жизнь, открыв зоомагазин_6489b3c2b218576c1a6c58ed",1
2025-01-16,Яндекс ПромоСтраницы,yandex.promopages,Промостатья: Моя история 1 | Цена перехода | Ж25-54,"Как я преобразила свою жизнь, открыв зоомагазин_6489b3c2b218576c1a6c58ed",1
2025-01-20,Яндекс ПромоСтраницы,yandex.promopages,Промостатья: Моя история 1 | Цена перехода | Ж25-54,"Как я преобразила свою жизнь, открыв зоомагазин_6489b3c2b218576c1a6c58ed",1
2025-01-21,Яндекс ПромоСтраницы,yandex.promopages,Промостатья: Моя история 1 | Цена перехода | Ж25-54,"Как я преобразила свою жизнь, открыв зоомагазин_6489b3c2b218576c1a6c58ed",1
2025-01-24,Яндекс ПромоСтраницы,yandex.promopages,Промостатья: Моя история 1 | Цена перехода | Ж25-54,"Как я преобразила свою жизнь, открыв зоомагазин_6489b3c2b218576c1a6c58ed",1
2025-01-27,Яндекс ПромоСтраницы,yandex.promopages,Промостатья: Моя история 1 | Цена перехода | Ж25-54,"Как я преобразила свою жизнь, открыв зоомагазин_6489b3c2b218576c1a6c58ed",1
2025-01-28,Яндекс ПромоСтраницы,yandex.promopages,Промостатья: Моя история 1 | Цена перехода | Ж25-54,"Как я преобразила свою жизнь, открыв зоомагазин_6489b3c2b218576c1a6c58ed",1
2025-01-31,Яндекс ПромоСтраницы,yandex.promopages,Промостатья: Моя история 1 | Цена перехода | Ж25-54,"Как я преобразила свою жизнь, открыв зоомагазин_6489b3c2b218576c1a6c58ed",1
2025-02-03,Яндекс ПромоСтраницы,yandex.promopages,Промостатья: Моя история 1 | Цена перехода | Ж25-54,"Как я преобразила свою жизнь, открыв зоомагазин_6489b3c2b218576c1a6c58ed",1
2025-02-04,Яндекс ПромоСтраницы,yandex.promopages,Промостатья: Моя история 1 | Цена перехода | Ж25-54,"Как я преобразила свою жизнь, открыв зоомагазин_6489b3c2b218576c1a6c58ed",1
2025-02-05,Яндекс ПромоСтраницы,yandex.promopages,Промостатья: Моя история 1 | Цена перехода | Ж25-54,"Как я преобразила свою жизнь, открыв зоомагазин_6489b3c2b218576c1a6c58ed",1
2025-02-06,Яндекс ПромоСтраницы,yandex.promopages,Промостатья: Моя история 1 | Цена перехода | Ж25-54,"Как я преобразила свою жизнь, открыв зоомагазин_6489b3c2b218576c1a6c58ed",1
2025-02-07,Яндекс ПромоСтраницы,yandex.promopages,Промостатья: Моя история 1 | Цена перехода | Ж25-54,"Как я преобразила свою жизнь, открыв зоомагазин_6489b3c2b218576c1a6c58ed",1
2025-02-11,Яндекс ПромоСтраницы,yandex.promopages,Промостатья: Моя история 1 | Цена перехода | Ж25-54,"Как я преобразила свою жизнь, открыв зоомагазин_6489b3c2b218576c1a6c58ed",1
2025-02-12,Яндекс ПромоСтраницы,yandex.promopages,Промостатья: Моя история 1 | Цена перехода | Ж25-54,"Как я преобразила свою жизнь, открыв зоомагазин_6489b3c2b218576c1a6c58ed",1
2025-02-13,Яндекс ПромоСтраницы,yandex.promopages,Промостатья: Моя история 1 | Цена перехода | Ж25-54,"Как я преобразила свою жизнь, открыв зоомагазин_6489b3c2b218576c1a6c58ed",1
2025-02-14,Яндекс ПромоСтраницы,yandex.promopages,Промостатья: Моя история 1 | Цена перехода | Ж25-54,"Как я преобразила свою жизнь, открыв зоомагазин_6489b3c2b218576c1a6c58ed",1
2025-02-18,Яндекс ПромоСтраницы,yandex.promopages,Промостатья: Моя история 1 | Цена перехода | Ж25-54,"Как я преобразила свою жизнь, открыв зоомагазин_6489b3c2b218576c1a6c58ed",1
2025-02-19,Яндекс ПромоСтраницы,yandex.promopages,Промостатья: Моя история 1 | Цена перехода | Ж25-54,"Как я преобразила свою жизнь, открыв зоомагазин_6489b3c2b218576c1a6c58ed",1
2025-02-20,Яндекс ПромоСтраницы,yandex.promopages,Промостатья: Моя история 1 | Цена перехода | Ж25-54,"Как я преобразила свою жизнь, открыв зоомагазин_6489b3c2b218576c1a6c58ed",1
2025-02-21,Яндекс ПромоСтраницы,yandex.promopages,Промостатья: Моя история 1 | Цена перехода | Ж25-54,"Как я преобразила свою жизнь, открыв зоомагазин_6489b3c2b218576c1a6c58ed",1
2025-02-24,Яндекс ПромоСтраницы,yandex.promopages,Промостатья: Моя история 1 | Цена перехода | Ж25-54,"Как я преобразила свою жизнь, открыв зоомагазин_6489b3c2b218576c1a6c58ed",1
2025-02-25,Яндекс ПромоСтраницы,yandex.promopages,Промостатья: Моя история 1 | Цена перехода | Ж25-54,"Как я преобразила свою жизнь, открыв зоомагазин_6489b3c2b218576c1a6c58ed",1
2025-02-26,Яндекс ПромоСтраницы,yandex.promopages,Промостатья: Моя история 1 | Цена перехода | Ж25-54,"Как я преобразила свою жизнь, открыв зоомагазин_6489b3c2b218576c1a6c58ed",1
2025-02-27,Яндекс ПромоСтраницы,yandex.promopages,Промостатья: Моя история 1 | Цена перехода | Ж25-54,"Как я преобразила свою жизнь, открыв зоомагазин_6489b3c2b218576c1a6c58ed",1
2025-02-28,Яндекс ПромоСтраницы,yandex.promopages,Промостатья: Моя история 1 | Цена перехода | Ж25-54,"Как я преобразила свою жизнь, открыв зоомагазин_6489b3c2b218576c1a6c58ed",1
2025-03-04,Яндекс ПромоСтраницы,yandex.promopages,Промостатья: Моя история 1 | Цена перехода | Ж25-54,"Как я преобразила свою жизнь, открыв зоомагазин_6489b3c2b218576c1a6c58ed",1
2025-03-05,Яндекс ПромоСтраницы,yandex.promopages,Промостатья: Моя история 1 | Цена перехода | Ж25-54,"Как я преобразила свою жизнь, открыв зоомагазин_6489b3c2b218576c1a6c58ed",1
2025-03-19,Яндекс ПромоСтраницы,yandex.promopages,Статья: Цифры и факты / Интересы: франшиза,"Откройте успешный зоомагазин с франшизой ""Мокрый Нос""_66bb527ae551a90e2f296f95",1
2025-03-19,Яндекс ПромоСтраницы,yandex.promopages,Статья: Цифры и факты / Интересы: франшиза,Почему стоит открыть зоомагаз по франшизе Мокрый Нос_66bb527ae551a90e2f296f95,1
2025-03-23,Яндекс ПромоСтраницы,yandex.promopages,Промостатья: Моя история 1 | Цена перехода | Ж25-54,"Как я преобразила свою жизнь, открыв зоомагазин_6489b3c2b218576c1a6c58ed",1
2025-03-23,Яндекс ПромоСтраницы,yandex.promopages,Статья: Цифры и факты / Интересы: открытие бизнеса,"Откройте успешный зоомагазин с франшизой ""Мокрый Нос""_66c6fd7880ce265d420a0974",1
2025-03-23,Яндекс ПромоСтраницы,yandex.promopages,Статья: Цифры и факты / Интересы: франшиза,"Откройте успешный зоомагазин с франшизой ""Мокрый Нос""_66bb527ae551a90e2f296f95",1
2025-03-24,Яндекс ПромоСтраницы,yandex.promopages,Промостатья: Моя история 1 | Цена перехода | Ж25-54 (копия),История успеха: мой путь от работницы к предпринимателю_67dd175da853554dcf7a941e,1
2025-03-25,Яндекс ПромоСтраницы,yandex.promopages,Промостатья: Моя история 1 / Цена перехода / Ж25-54 / интерес_франшиза,История успеха: мой путь от работницы к предприн_67dd175da853554dcf7a941e,1
2025-03-25,Яндекс ПромоСтраницы,yandex.promopages,Промостатья: Моя история 1 | Цена перехода | Ж25-54 (копия),История успеха: мой путь от работницы к предпринимателю_67dd175da853554dcf7a941e,1
2025-03-25,Яндекс ПромоСтраницы,yandex.promopages,Статья: Цифры и факты / Интересы: открытие бизнеса,"Откройте успешный зоомагазин с франшизой ""Мокрый Нос""_66c6fd7880ce265d420a0974",1
2025-03-26,Яндекс ПромоСтраницы,yandex.promopages,Промостатья: Моя история 1 / Цена перехода / Ж25-54 / интерес_открытие бизнеса,История успеха: мой путь от работницы к предприн_67e2d1fb02adb863df447f39,1
2025-03-26,Яндекс ПромоСтраницы,yandex.promopages,Промостатья: Моя история 1 | Цена перехода | Ж25-54,"Как я преобразила свою жизнь, открыв зоомагазин_6489b3c2b218576c1a6c58ed",1
2025-03-26,Яндекс ПромоСтраницы,yandex.promopages,Промостатья: Моя история 1 | Цена перехода | Ж25-54 (копия),"Как ""Мокрый нос"" помог мне достичь успеха в бизнесе_67dd175da853554dcf7a941e",1
2025-03-27,Яндекс ПромоСтраницы,yandex.promopages,Промостатья: Моя история 1 / Цена перехода / Ж25-54 / интерес_франшиза,"Как я преобразила свою жизнь, открыв зоомагазин_67dd175da853554dcf7a941e",1
2025-03-27,Яндекс ПромоСтраницы,yandex.promopages,Промостатья: Моя история 1 | Цена перехода | Ж25-54,"Как я преобразила свою жизнь, открыв зоомагазин_6489b3c2b218576c1a6c58ed",1
2025-03-28,Яндекс ПромоСтраницы,yandex.promopages,Промостатья: Моя история 1 / Цена перехода / Ж25-54 / интерес_франшиза,История успеха: мой путь от работницы к предприн_67dd175da853554dcf7a941e,1
2025-03-28,Яндекс ПромоСтраницы,yandex.promopages,Промостатья: Моя история 1 | Цена перехода | Ж25-54,"Как я преобразила свою жизнь, открыв зоомагазин_6489b3c2b218576c1a6c58ed",1
2025-03-30,Яндекс ПромоСтраницы,yandex.promopages,Промостатья: Моя история 1 / Цена перехода / Ж25-54 / интерес_открытие бизнеса,"Как я преобразила свою жизнь, открыв зоомагазин_67e2d1fb02adb863df447f39",1
2025-03-30,Яндекс ПромоСтраницы,yandex.promopages,Промостатья: Моя история 1 / Цена перехода / Ж25-54 / интерес_франшиза,История успеха: мой путь от работницы к предприн_67dd175da853554dcf7a941e,1
2025-03-31,Яндекс ПромоСтраницы,yandex.promopages,Промостатья: Моя история 1 / Цена перехода / Ж25-54 / интерес_франшиза,История успеха: мой путь от работницы к предприн_67dd175da853554dcf7a941e,1
2025-04-30,Яндекс ПромоСтраницы,yandex.promopages,Промостатья: Моя история 1 / Цена перехода / Ж25-54 / интерес_открытие бизнеса,"Как я преобразила свою жизнь, открыв зоомагазин_67e2d1fb02adb863df447f39",19
2025-04-25,Яндекс ПромоСтраницы,yandex.promopages,Промостатья: Моя история 1 / Цена перехода / Ж25-54 / интерес_франшиза,"Как я преобразила свою жизнь, открыв зоомагазин_67dd175da853554dcf7a941e",16
2025-05-31,Яндекс ПромоСтраницы,yandex.promopages,Промостатья: Моя история 1 / Цена перехода / Ж25-54 / интерес_открытие бизнеса,История успеха: мой путь от работницы к предпринимателю_67e2d1fb02adb863df447f39,12
2025-05-29,Яндекс: Директ,yandex.promopages,Промостатья: Моя история 1 / Цена перехода / Ж25-54 / интерес_франшиза,"Как я преобразила свою жизнь, открыв зоомагазин_67dd175da853554dcf7a941e",11
2025-05-30,Яндекс ПромоСтраницы,yandex.promopages,Промостатья: Моя история 1 / Цена перехода / Ж25-54 / интерес_открытие бизнеса,"Как я преобразила свою жизнь, открыв зоомагазин_67e2d1fb02adb863df447f39",11
2025-05-26,Яндекс: Директ,yandex.promopages,Промостатья: Моя история 1 / Цена перехода / Ж25-54 / интерес_франшиза,"Как я преобразила свою жизнь, открыв зоомагазин_67dd175da853554dcf7a941e",9
2025-05-29,Яндекс ПромоСтраницы,yandex.promopages,Промостатья: Моя история 1 / Цена перехода / Ж25-54 / интерес_открытие бизнеса,"Как я преобразила свою жизнь, открыв зоомагазин_67e2d1fb02adb863df447f39",9
2025-04-24,Яндекс ПромоСтраницы,yandex.promopages,Промостатья: Моя история 1 / Цена перехода / Ж25-54 / интерес_франшиза,"Как я преобразила свою жизнь, открыв зоомагазин_67dd175da853554dcf7a941e",8
2025-04-30,Яндекс ПромоСтраницы,yandex.promopages,Промостатья: Моя история 1 / Цена перехода / Ж25-54 / интерес_открытие бизнеса,"Как ""Мокрый нос"" помог мне достичь успеха в бизнесе_67e2d1fb02adb863df447f39",8
2025-05-22,Яндекс ПромоСтраницы,yandex.promopages,Промостатья: Моя история 1 / Цена перехода / Ж25-54 / интерес_франшиза,"Как я преобразила свою жизнь, открыв зоомагазин_67dd175da853554dcf7a941e",8
2025-05-28,Яндекс ПромоСтраницы,yandex.promopages,Промостатья: Моя история 1 / Цена перехода / Ж25-54 / интерес_открытие бизнеса,"Как я преобразила свою жизнь, открыв зоомагазин_67e2d1fb02adb863df447f39",8
2025-05-01,Яндекс ПромоСтраницы,yandex.promopages,Промостатья: Моя история 1 / Цена перехода / Ж25-54 / интерес_открытие бизнеса,"Как я преобразила свою жизнь, открыв зоомагазин_67e2d1fb02adb863df447f39",7
2025-05-27,Яндекс: Директ,yandex.promopages,Промостатья: Моя история 1 / Цена перехода / Ж25-54 / интерес_франшиза,"Как я преобразила свою жизнь, открыв зоомагазин_67dd175da853554dcf7a941e",7
2025-05-30,Яндекс ПромоСтраницы,yandex.promopages,Промостатья: Моя история 1 / Цена перехода / Ж25-54 / интерес_открытие бизнеса,История успеха: мой путь от работницы к предпринимателю_67e2d1fb02adb863df447f39,7
2025-05-30,Яндекс: Директ,yandex.promopages,Промостатья: Моя история 1 / Цена перехода / Ж25-54 / интерес_франшиза,"Как я преобразила свою жизнь, открыв зоомагазин_67dd175da853554dcf7a941e",7
2025-05-28,Яндекс: Директ,yandex.promopages,Промостатья: Моя история 1 / Цена перехода / Ж25-54 / интерес_франшиза,"Как я преобразила свою жизнь, открыв зоомагазин_67dd175da853554dcf7a941e",6
2025-04-02,Яндекс ПромоСтраницы,yandex.promopages,Промостатья: Моя история 1 / Цена перехода / Ж25-54 / интерес_франшиза,"Как я преобразила свою жизнь, открыв зоомагазин_67dd175da853554dcf7a941e",5
2025-04-08,Яндекс ПромоСтраницы,yandex.promopages,Промостатья: Моя история 1 / Цена перехода / Ж25-54 / интерес_франшиза,"Как я преобразила свою жизнь, открыв зоомагазин_67dd175da853554dcf7a941e",5
2025-04-26,Яндекс ПромоСтраницы,yandex.promopages,Промостатья: Моя история 1 / Цена перехода / Ж25-54 / интерес_франшиза,"Как я преобразила свою жизнь, открыв зоомагазин_67dd175da853554dcf7a941e",5
2025-05-14,Яндекс: Директ,yandex.promopages,Промостатья: Моя история 1 / Цена перехода / Ж25-54 / интерес_открытие бизнеса,"Как я преобразила свою жизнь, открыв зоомагазин_67e2d1fb02adb863df447f39",5
2025-06-01,Яндекс ПромоСтраницы,yandex.promopages,Промостатья: Моя история 1 / Цена перехода / Ж25-54 / интерес_открытие бизнеса,История успеха: мой путь от работницы к предпринимателю_67e2d1fb02adb863df447f39,5
2025-06-02,Яндекс: Директ,yandex.promopages,Промостатья: Моя история 1 / Цена перехода / Ж25-54 / интерес_франшиза,"Как я преобразила свою жизнь, открыв зоомагазин_67dd175da853554dcf7a941e",5
2025-04-09,Яндекс ПромоСтраницы,yandex.promopages,Статья: Цифры и факты / Интересы: открытие бизнеса (копия),"Откройте успешный зоомагазин с франшизой ""Мокрый Нос""_67e2ce70ebc3680fe449675b",4
2025-04-11,Яндекс: Директ,yandex.promopages,Промостатья: Моя история 1 / Цена перехода / Ж25-54 / интерес_франшиза,"Как я преобразила свою жизнь, открыв зоомагазин_67dd175da853554dcf7a941e",4
2025-05-16,Яндекс ПромоСтраницы,yandex.promopages,Промостатья: Моя история 1 / Цена перехода / Ж25-54 / интерес_франшиза,"Как я преобразила свою жизнь, открыв зоомагазин_67dd175da853554dcf7a941e",4
2025-05-19,Яндекс ПромоСтраницы,yandex.promopages,Промостатья: Моя история 1 / Цена перехода / Ж25-54 / интерес_франшиза,"Как я преобразила свою жизнь, открыв зоомагазин_67dd175da853554dcf7a941e",4
2025-05-31,Яндекс: Директ,yandex.promopages,Промостатья: Моя история 1 / Цена перехода / Ж25-54 / интерес_франшиза,"Как я преобразила свою жизнь, открыв зоомагазин_67dd175da853554dcf7a941e",4
2025-06-01,Яндекс ПромоСтраницы,yandex.promopages,Статья: Цифры и факты / Интересы: франшиза (копия),"Откройте успешный зоомагазин с франшизой ""Мокрый нос""_6810d9ba9f74a13dc8cba5e7",4
2025-06-02,Яндекс: Директ,yandex.promopages,Промостатья: Моя история 1 / Цена перехода / Ж25-54 / интерес_франшиза,История успеха: мой путь от работницы к предпринимателю_67dd175da853554dcf7a941e,4
2025-04-01,Яндекс ПромоСтраницы,yandex.promopages,Промостатья: Моя история 1 / Цена перехода / Ж25-54 / интерес_франшиза,История успеха: мой путь от работницы к предприн_67dd175da853554dcf7a941e,3
2025-04-01,Яндекс ПромоСтраницы,yandex.promopages,Промостатья: Моя история 1 / Цена перехода / Ж25-54 / интерес_франшиза,"Как я преобразила свою жизнь, открыв зоомагазин_67dd175da853554dcf7a941e",3
2025-04-10,Яндекс: Директ,yandex.promopages,Промостатья: Моя история 1 / Цена перехода / Ж25-54 / интерес_франшиза,"Как я преобразила свою жизнь, открыв зоомагазин_67dd175da853554dcf7a941e",3
2025-05-01,Яндекс ПромоСтраницы,yandex.promopages,Промостатья: Моя история 1 / Цена перехода / Ж25-54 / интерес_открытие бизнеса,"Как ""Мокрый нос"" помог мне достичь успеха в бизнесе_67e2d1fb02adb863df447f39",3
2025-05-15,Яндекс ПромоСтраницы,yandex.promopages,Промостатья: Моя история 1 / Цена перехода / Ж25-54 / интерес_франшиза,"Как я преобразила свою жизнь, открыв зоомагазин_67dd175da853554dcf7a941e",3
2025-05-15,Яндекс ПромоСтраницы,yandex.promopages,Статья: Цифры и факты / Интересы: франшиза (копия),"Откройте успешный зоомагазин с франшизой ""Мокрый нос""_6810d9ba9f74a13dc8cba5e7",3
2025-05-20,Яндекс ПромоСтраницы,yandex.promopages,Статья: Цифры и факты / Интересы: франшиза (копия),"Откройте успешный зоомагазин с франшизой ""Мокрый нос""_6810d9ba9f74a13dc8cba5e7",3
2025-06-01,Яндекс: Директ,yandex.promopages,Промостатья: Моя история 1 / Цена перехода / Ж25-54 / интерес_франшиза,"Как я преобразила свою жизнь, открыв зоомагазин_67dd175da853554dcf7a941e",3
2025-06-12,Яндекс ПромоСтраницы,yandex.promopages,Статья: Цифры и факты / Интересы: франшиза (копия),"Откройте успешный зоомагазин с франшизой ""Мокрый нос""_6810d9ba9f74a13dc8cba5e7",3
2025-06-14,Яндекс ПромоСтраницы,yandex.promopages,Статья: Цифры и факты / Интересы: франшиза (копия),"Откройте успешный зоомагазин с франшизой ""Мокрый нос""_6810d9ba9f74a13dc8cba5e7",3
2025-06-21,Яндекс ПромоСтраницы,yandex.promopages,Промостатья: Моя история 1 / Цена перехода / Ж25-54 / интерес_франшиза,"Как я преобразила свою жизнь, открыв зоомагазин_67dd175da853554dcf7a941e",3
2025-06-23,Яндекс: Директ,yandex.promopages,Промостатья: Моя история 1 / Цена перехода / Ж25-54 / интерес_франшиза,"Как я преобразила свою жизнь, открыв зоомагазин_67dd175da853554dcf7a941e",3
2025-04-04,Яндекс ПромоСтраницы,yandex.promopages,Промостатья: Моя история 1 / Цена перехода / Ж25-54 / интерес_открытие бизнеса,"Как я преобразила свою жизнь, открыв зоомагазин_67e2d1fb02adb863df447f39",2
2025-04-09,Яндекс ПромоСтраницы,yandex.promopages,Промостатья: Моя история 1 / Цена перехода / Ж25-54 / интерес_франшиза,"Как я преобразила свою жизнь, открыв зоомагазин_67dd175da853554dcf7a941e",2
2025-04-10,Яндекс: Директ,yandex.promopages,Промостатья: Моя история 1 / Цена перехода / Ж25-54 / интерес_франшиза,"Как ""Мокрый нос"" помог мне достичь успеха в бизнесе_67dd175da853554dcf7a941e",2
2025-04-23,Яндекс ПромоСтраницы,yandex.promopages,Промостатья: Моя история 1 / Цена перехода / Ж25-54 / интерес_франшиза,"Как я преобразила свою жизнь, открыв зоомагазин_67dd175da853554dcf7a941e",2
2025-04-30,Яндекс ПромоСтраницы,yandex.promopages,Промостатья: Моя история 1 / Цена перехода / Ж25-54 / интерес_франшиза,"Как я преобразила свою жизнь, открыв зоомагазин_67dd175da853554dcf7a941e",2
2025-05-05,Яндекс ПромоСтраницы,yandex.promopages,Промостатья: Моя история 1 / Цена перехода / Ж25-54 / интерес_открытие бизнеса,"Как я преобразила свою жизнь, открыв зоомагазин_67e2d1fb02adb863df447f39",2
2025-05-07,Яндекс ПромоСтраницы,yandex.promopages,Промостатья: Моя история 1 / Цена перехода / Ж25-54 / интерес_открытие бизнеса,"Как я преобразила свою жизнь, открыв зоомагазин_67e2d1fb02adb863df447f39",2
2025-05-08,Яндекс ПромоСтраницы,yandex.promopages,Промостатья: Моя история 1 / Цена перехода / Ж25-54 / интерес_франшиза,"Как я преобразила свою жизнь, открыв зоомагазин_67dd175da853554dcf7a941e",2
2025-05-09,Яндекс ПромоСтраницы,yandex.promopages,Промостатья: Моя история 1 / Цена перехода / Ж25-54 / интерес_открытие бизнеса,"Как я преобразила свою жизнь, открыв зоомагазин_67e2d1fb02adb863df447f39",2
2025-05-10,Яндекс ПромоСтраницы,yandex.promopages,Промостатья: Моя история 1 / Цена перехода / Ж25-54 / интерес_франшиза,"Как я преобразила свою жизнь, открыв зоомагазин_67dd175da853554dcf7a941e",2
2025-05-12,Яндекс ПромоСтраницы,yandex.promopages,Промостатья: Моя история 1 / Цена перехода / Ж25-54 / интерес_открытие бизнеса,"Как я преобразила свою жизнь, открыв зоомагазин_67e2d1fb02adb863df447f39",2
2025-05-13,Яндекс ПромоСтраницы,yandex.promopages,Промостатья: Моя история 1 / Цена перехода / Ж25-54 / интерес_франшиза,"Как я преобразила свою жизнь, открыв зоомагазин_67dd175da853554dcf7a941e",2
2025-05-14,Яндекс ПромоСтраницы,yandex.promopages,Промостатья: Моя история 1 / Цена перехода / Ж25-54 / интерес_франшиза,"Как я преобразила свою жизнь, открыв зоомагазин_67dd175da853554dcf7a941e",2
2025-05-16,Яндекс ПромоСтраницы,yandex.promopages,Статья: Цифры и факты / Интересы: франшиза (копия),"Откройте успешный зоомагазин с франшизой ""Мокрый нос""_6810d9ba9f74a13dc8cba5e7",2
2025-05-20,Яндекс ПромоСтраницы,yandex.promopages,Промостатья: Моя история 1 / Цена перехода / Ж25-54 / интерес_франшиза,"Как я преобразила свою жизнь, открыв зоомагазин_67dd175da853554dcf7a941e",2
2025-05-23,Яндекс ПромоСтраницы,yandex.promopages,Промостатья: Моя история 1 / Цена перехода / Ж25-54 / интерес_открытие бизнеса,"Как я преобразила свою жизнь, открыв зоомагазин_67e2d1fb02adb863df447f39",2
2025-05-23,Яндекс ПромоСтраницы,yandex.promopages,Статья: Цифры и факты / Интересы: франшиза (копия),"Откройте успешный зоомагазин с франшизой ""Мокрый нос""_6810d9ba9f74a13dc8cba5e7",2
2025-05-24,Яндекс ПромоСтраницы,yandex.promopages,Промостатья: Моя история 1 / Цена перехода / Ж25-54 / интерес_открытие бизнеса,"Как я преобразила свою жизнь, открыв зоомагазин_67e2d1fb02adb863df447f39",2
2025-05-25,Яндекс ПромоСтраницы,yandex.promopages,Промостатья: Моя история 1 / Цена перехода / Ж25-54 / интерес_открытие бизнеса,"Как я преобразила свою жизнь, открыв зоомагазин_67e2d1fb02adb863df447f39",2
2025-05-25,Яндекс ПромоСтраницы,yandex.promopages,Промостатья: Моя история 1 / Цена перехода / Ж25-54 / интерес_франшиза,"Как я преобразила свою жизнь, открыв зоомагазин_67dd175da853554dcf7a941e",2
2025-05-26,Яндекс ПромоСтраницы,yandex.promopages,Промостатья: Моя история 1 / Цена перехода / Ж25-54 / интерес_франшиза,"Как я преобразила свою жизнь, открыв зоомагазин_67dd175da853554dcf7a941e",2
2025-05-26,Яндекс.Директ: Не определено,yandex.promopages,Промостатья: Моя история 1 / Цена перехода / Ж25-54 / интерес_франшиза,"Как я преобразила свою жизнь, открыв зоомагазин_67dd175da853554dcf7a941e",2
2025-05-28,Яндекс ПромоСтраницы,yandex.promopages,Промостатья: Моя история 1 / Цена перехода / Ж25-54 / интерес_открытие бизнеса,История успеха: мой путь от работницы к предприн_67e2d1fb02adb863df447f39,2
2025-05-28,Яндекс ПромоСтраницы,yandex.promopages,Промостатья: Моя история 1 / Цена перехода / Ж25-54 / интерес_открытие бизнеса,История успеха: мой путь от работницы к предпринимателю_67e2d1fb02adb863df447f39,2
2025-05-31,Яндекс: Директ,yandex.promopages,Промостатья: Моя история 1 / Цена перехода / Ж25-54 / интерес_франшиза,История успеха: мой путь от работницы к предпринимателю_67dd175da853554dcf7a941e,2
2025-06-01,Яндекс ПромоСтраницы,yandex.promopages,Промостатья: Моя история 1 / Цена перехода / Ж25-54 / интерес_открытие бизнеса,"Как я преобразила свою жизнь, открыв зоомагазин_67e2d1fb02adb863df447f39",2
2025-06-04,Яндекс ПромоСтраницы,yandex.promopages,Статья: Цифры и факты / Интересы: франшиза (копия),"Откройте успешный зоомагазин с франшизой ""Мокрый нос""_6810d9ba9f74a13dc8cba5e7",2
2025-06-05,Яндекс ПромоСтраницы,yandex.promopages,Статья: Цифры и факты / Интересы: франшиза (копия),"Откройте успешный зоомагазин с франшизой ""Мокрый нос""_6810d9ba9f74a13dc8cba5e7",2
2025-06-06,Яндекс ПромоСтраницы,yandex.promopages,Статья: Цифры и факты / Интересы: франшиза (копия),"Откройте успешный зоомагазин с франшизой ""Мокрый нос""_6810d9ba9f74a13dc8cba5e7",2
2025-06-07,Яндекс ПромоСтраницы,yandex.promopages,Статья: Цифры и факты / Интересы: франшиза (копия),"Откройте успешный зоомагазин с франшизой ""Мокрый нос""_6810d9ba9f74a13dc8cba5e7",2
2025-06-08,Яндекс ПромоСтраницы,yandex.promopages,Статья: Цифры и факты / Интересы: франшиза (копия),"Откройте успешный зоомагазин с франшизой ""Мокрый нос""_6810d9ba9f74a13dc8cba5e7",2
2025-06-10,Яндекс ПромоСтраницы,yandex.promopages,Промостатья: Моя история 1 / Цена перехода / Ж25-54 / интерес_открытие бизнеса,"Как я преобразила свою жизнь, открыв зоомагазин_67e2d1fb02adb863df447f39",2
2025-06-10,Яндекс ПромоСтраницы,yandex.promopages,Промостатья: Моя история 1 / Цена перехода / Ж25-54 / интерес_франшиза,"Как я преобразила свою жизнь, открыв зоомагазин_67dd175da853554dcf7a941e",2
2025-06-10,Яндекс ПромоСтраницы,yandex.promopages,Статья: Цифры и факты / Интересы: франшиза (копия),"Откройте успешный зоомагазин с франшизой ""Мокрый Нос""_6810d9ba9f74a13dc8cba5e7",2
2025-06-11,Яндекс ПромоСтраницы,yandex.promopages,Промостатья: Моя история 1 / Цена перехода / Ж25-54 / интерес_франшиза,"Как я преобразила свою жизнь, открыв зоомагазин_67dd175da853554dcf7a941e",2
2025-06-12,Яндекс ПромоСтраницы,yandex.promopages,Промостатья: Моя история 1 / Цена перехода / Ж25-54 / интерес_франшиза,"Как я преобразила свою жизнь, открыв зоомагазин_67dd175da853554dcf7a941e",2
2025-06-13,Яндекс ПромоСтраницы,yandex.promopages,Статья: Цифры и факты / Интересы: франшиза (копия),"Откройте успешный зоомагазин с франшизой ""Мокрый нос""_6810d9ba9f74a13dc8cba5e7",2
2025-06-15,Яндекс ПромоСтраницы,yandex.promopages,Статья: Цифры и факты / Интересы: франшиза (копия),"Откройте успешный зоомагазин с франшизой ""Мокрый нос""_6810d9ba9f74a13dc8cba5e7",2
2025-06-16,Яндекс ПромоСтраницы,yandex.promopages,Статья: Цифры и факты / Интересы: франшиза (копия),"Откройте успешный зоомагазин с франшизой ""Мокрый нос""_6810d9ba9f74a13dc8cba5e7",2
2025-06-17,Яндекс: Директ,yandex.promopages,Промостатья: Моя история 1 / Цена перехода / Ж25-54 / интерес_открытие бизнеса,"Как я преобразила свою жизнь, открыв зоомагазин_67e2d1fb02adb863df447f39",2
2025-06-20,Яндекс ПромоСтраницы,yandex.promopages,Статья: Цифры и факты / Интересы: франшиза (копия),"Откройте успешный зоомагазин с франшизой ""Мокрый нос""_6810d9ba9f74a13dc8cba5e7",2
2025-06-21,Яндекс ПромоСтраницы,yandex.promopages,Статья: Цифры и факты / Интересы: франшиза (копия),"Откройте успешный зоомагазин с франшизой ""Мокрый нос""_6810d9ba9f74a13dc8cba5e7",2
2025-06-23,Яндекс ПромоСтраницы,yandex.promopages,Статья: Цифры и факты / Интересы: франшиза (копия),"Откройте успешный зоомагазин с франшизой ""Мокрый нос""_6810d9ba9f74a13dc8cba5e7",2
2025-06-24,Яндекс ПромоСтраницы,yandex.promopages,Статья: Цифры и факты / Интересы: франшиза (копия),"Откройте успешный зоомагазин с франшизой ""Мокрый нос""_6810d9ba9f74a13dc8cba5e7",2
2025-06-24,Яндекс: Директ,yandex.promopages,Промостатья: Моя история 1 / Цена перехода / Ж25-54 / интерес_франшиза,"Как я преобразила свою жизнь, открыв зоомагазин_67dd175da853554dcf7a941e",2
2025-06-25,Яндекс ПромоСтраницы,yandex.promopages,Статья: Цифры и факты / Интересы: франшиза (копия),"Откройте успешный зоомагазин с франшизой ""Мокрый нос""_6810d9ba9f74a13dc8cba5e7",2
2025-06-30,Яндекс ПромоСтраницы,yandex.promopages,Промостатья: Моя история 1 / Цена перехода / Ж25-54 / интерес_открытие бизнеса,"Как ""Мокрый нос"" помог мне достичь успеха в бизнесе_67e2d1fb02adb863df447f39",2
2025-04-01,Яндекс ПромоСтраницы,yandex.promopages,Промостатья: Моя история 1 | Цена перехода | Ж25-54,"Как я преобразила свою жизнь, открыв зоомагазин_6489b3c2b218576c1a6c58ed",1
2025-04-02,Яндекс ПромоСтраницы,yandex.promopages,Промостатья: Моя история 1 / Цена перехода / Ж25-54 / интерес_открытие бизнеса,"Как я преобразила свою жизнь, открыв зоомагазин_67e2d1fb02adb863df447f39",1
2025-04-02,Яндекс ПромоСтраницы,yandex.promopages,Промостатья: Моя история 1 | Цена перехода | Ж25-54,"Как я преобразила свою жизнь, открыв зоомагазин_6489b3c2b218576c1a6c58ed",1
2025-04-02,Яндекс ПромоСтраницы,yandex.promopages,Промостатья: Моя история 1 | Цена перехода | Ж25-54 (копия),"Как я преобразила свою жизнь, открыв зоомагазин_67dd175da853554dcf7a941e",1
2025-04-03,Яндекс ПромоСтраницы,yandex.promopages,Промостатья: Моя история 1 | Цена перехода | Ж25-54,"Как я преобразила свою жизнь, открыв зоомагазин_6489b3c2b218576c1a6c58ed",1
2025-04-03,Яндекс ПромоСтраницы,yandex.promopages,Промостатья: Моя история 1 | Цена перехода | Ж25-54 (копия),"Как я преобразила свою жизнь, открыв зоомагазин_67dd175da853554dcf7a941e",1
2025-04-04,Яндекс ПромоСтраницы,yandex.promopages,Промостатья: Моя история 1 | Цена перехода | Ж25-54,"Как я преобразила свою жизнь, открыв зоомагазин_6489b3c2b218576c1a6c58ed",1
2025-04-05,Яндекс ПромоСтраницы,yandex.promopages,Промостатья: Моя история 1 / Цена перехода / Ж25-54 / интерес_открытие бизнеса,"Как я преобразила свою жизнь, открыв зоомагазин_67e2d1fb02adb863df447f39",1
2025-04-05,Яндекс ПромоСтраницы,yandex.promopages,Промостатья: Моя история 1 | Цена перехода | Ж25-54 (копия),"Как я преобразила свою жизнь, открыв зоомагазин_67dd175da853554dcf7a941e",1
2025-04-07,Яндекс ПромоСтраницы,yandex.promopages,Промостатья: Моя история 1 / Цена перехода / Ж25-54 / интерес_открытие бизнеса,История успеха: мой путь от работницы к предприн_67e2d1fb02adb863df447f39,1
2025-04-07,Яндекс ПромоСтраницы,yandex.promopages,Промостатья: Моя история 1 / Цена перехода / Ж25-54 / интерес_франшиза,"Как я преобразила свою жизнь, открыв зоомагазин_67dd175da853554dcf7a941e",1
2025-04-07,Яндекс ПромоСтраницы,yandex.promopages,Промостатья: Моя история 1 | Цена перехода | Ж25-54,"Как я преобразила свою жизнь, открыв зоомагазин_6489b3c2b218576c1a6c58ed",1
2025-04-07,Яндекс ПромоСтраницы,yandex.promopages,Промостатья: Моя история 1 | Цена перехода | Ж25-54 (копия),История успеха: мой путь от работницы к предприн_67dd175da853554dcf7a941e,1
2025-04-07,Яндекс ПромоСтраницы,yandex.promopages,Промостатья: Моя история 1 | Цена перехода | Ж25-54 (копия),"Как я преобразила свою жизнь, открыв зоомагазин_67dd175da853554dcf7a941e",1
2025-04-08,Яндекс ПромоСтраницы,yandex.promopages,Промостатья: Моя история 1 / Цена перехода / Ж25-54 / интерес_открытие бизнеса,"Как ""Мокрый нос"" помог мне достичь успеха в бизнесе_67e2d1fb02adb863df447f39",1
2025-04-08,Яндекс ПромоСтраницы,yandex.promopages,Промостатья: Моя история 1 | Цена перехода | Ж25-54,"Как я преобразила свою жизнь, открыв зоомагазин_6489b3c2b218576c1a6c58ed",1
2025-04-09,Яндекс ПромоСтраницы,yandex.promopages,Промостатья: Моя история 1 / Цена перехода / Ж25-54 / интерес_открытие бизнеса,История успеха: мой путь от работницы к предпринимателю_67e2d1fb02adb863df447f39,1
2025-04-09,Яндекс ПромоСтраницы,yandex.promopages,Промостатья: Моя история 1 / Цена перехода / Ж25-54 / интерес_франшиза,История успеха: мой путь от работницы к предприн_67dd175da853554dcf7a941e,1
2025-04-09,Яндекс ПромоСтраницы,yandex.promopages,Промостатья: Моя история 1 | Цена перехода | Ж25-54,"Как я преобразила свою жизнь, открыв зоомагазин_6489b3c2b218576c1a6c58ed",1
2025-04-10,Яндекс ПромоСтраницы,yandex.promopages,Промостатья: Моя история 1 | Цена перехода | Ж25-54,"Как я преобразила свою жизнь, открыв зоомагазин_6489b3c2b218576c1a6c58ed",1
2025-04-10,Яндекс.Директ: Не определено,yandex.promopages,Промостатья: Моя история 1 / Цена перехода / Ж25-54 / интерес_франшиза,"Как я преобразила свою жизнь, открыв зоомагазин_67dd175da853554dcf7a941e",1
2025-04-10,Яндекс: Директ,yandex.promopages,Промостатья: Моя история 1 / Цена перехода / Ж25-54 / интерес_франшиза,История успеха: мой путь от работницы к предприн_67dd175da853554dcf7a941e,1
2025-04-10,Яндекс: Директ,yandex.promopages,Промостатья: Моя история 1 / Цена перехода / Ж25-54 / интерес_франшиза,"Как я преобразила свою жизнь, открыв зоомагази",1
2025-04-11,Яндекс ПромоСтраницы,yandex.promopages,Промостатья: Моя история 1 | Цена перехода | Ж25-54,"Как я преобразила свою жизнь, открыв зоомагазин_6489b3c2b218576c1a6c58ed",1
2025-04-11,Яндекс: Директ,yandex.promopages,Промостатья: Моя история 1 / Цена перехода / Ж25-54 / интерес_франшиза,История успеха: мой путь от работницы к предпринимателю_67dd175da853554dcf7a941e,1
2025-04-14,Яндекс ПромоСтраницы,yandex.promopages,Промостатья: Моя история 1 | Цена перехода | Ж25-54,"Как я преобразила свою жизнь, открыв зоомагазин_6489b3c2b218576c1a6c58ed",1
2025-04-15,Яндекс ПромоСтраницы,yandex.promopages,Промостатья: Моя история 1 | Цена перехода | Ж25-54,"Как я преобразила свою жизнь, открыв зоомагазин_6489b3c2b218576c1a6c58ed",1
2025-04-16,Яндекс ПромоСтраницы,yandex.promopages,Промостатья: Моя история 1 / Цена перехода / Ж25-54 / интерес_франшиза,"Как я преобразила свою жизнь, открыв зоомагазин_67dd175da853554dcf7a941e",1
2025-04-16,Яндекс ПромоСтраницы,yandex.promopages,Промостатья: Моя история 1 | Цена перехода | Ж25-54,"Как я преобразила свою жизнь, открыв зоомагазин_6489b3c2b218576c1a6c58ed",1
2025-04-17,Яндекс ПромоСтраницы,yandex.promopages,Промостатья: Моя история 1 / Цена перехода / Ж25-54 / интерес_франшиза,"Как я преобразила свою жизнь, открыв зоомагазин_67dd175da853554dcf7a941e",1
2025-04-18,Яндекс ПромоСтраницы,yandex.promopages,Промостатья: Моя история 1 / Цена перехода / Ж25-54 / интерес_франшиза,"Как я преобразила свою жизнь, открыв зоомагазин_67dd175da853554dcf7a941e",1
2025-04-18,Яндекс ПромоСтраницы,yandex.promopages,Промостатья: Моя история 1 | Цена перехода | Ж25-54,"Как я преобразила свою жизнь, открыв зоомагазин_6489b3c2b218576c1a6c58ed",1
2025-04-21,Яндекс ПромоСтраницы,yandex.promopages,Промостатья: Моя история 1 | Цена перехода | Ж25-54,"Как я преобразила свою жизнь, открыв зоомагазин_6489b3c2b218576c1a6c58ed",1
2025-04-22,Яндекс ПромоСтраницы,yandex.promopages,Промостатья: Моя история 1 | Цена перехода | Ж25-54,"Как я преобразила свою жизнь, открыв зоомагазин_6489b3c2b218576c1a6c58ed",1
2025-04-22,Яндекс ПромоСтраницы,yandex.promopages,Промостатья: Моя история 1 | Цена перехода | Ж25-54 (копия),"Как я преобразила свою жизнь, открыв зоомагазин_67dd175da853554dcf7a941e",1
2025-04-23,Яндекс ПромоСтраницы,yandex.promopages,Промостатья: Моя история 1 | Цена перехода | Ж25-54,"Как я преобразила свою жизнь, открыв зоомагазин_6489b3c2b218576c1a6c58ed",1
2025-04-24,Яндекс ПромоСтраницы,yandex.promopages,Промостатья: Моя история 1 | Цена перехода | Ж25-54,"Как я преобразила свою жизнь, открыв зоомагазин_6489b3c2b218576c1a6c58ed",1
2025-04-25,Яндекс ПромоСтраницы,yandex.promopages,Промостатья: Моя история 1 | Цена перехода | Ж25-54,"Как я преобразила свою жизнь, открыв зоомагазин_6489b3c2b218576c1a6c58ed",1
2025-04-27,Яндекс ПромоСтраницы,yandex.promopages,Промостатья: Моя история 1 / Цена перехода / Ж25-54 / интерес_франшиза,"Как я преобразила свою жизнь, открыв зоомагазин_67dd175da853554dcf7a941e",1
2025-04-28,Яндекс ПромоСтраницы,yandex.promopages,Промостатья: Моя история 1 / Цена перехода / Ж25-54 / интерес_франшиза,"Как я преобразила свою жизнь, открыв зоомагазин_67dd175da853554dcf7a941e",1
2025-04-28,Яндекс ПромоСтраницы,yandex.promopages,Промостатья: Моя история 1 | Цена перехода | Ж25-54,"Как я преобразила свою жизнь, открыв зоомагазин_6489b3c2b218576c1a6c58ed",1
2025-04-30,franchise-mokryinos.promo.page,yandex.promopages,Промостатья: Моя история 1 / Цена перехода / Ж25-54 / интерес_открытие бизнеса,"Как я преобразила свою жизнь, открыв зоомагазин_67e2d1fb02adb863df447f39",1
2025-04-30,Яндекс ПромоСтраницы,yandex.promopages,Промостатья: Моя история 1 | Цена перехода | Ж25-54,"Как я преобразила свою жизнь, открыв зоомагазин_6489b3c2b218576c1a6c58ed",1
2025-05-01,Яндекс ПромоСтраницы,yandex.promopages,Промостатья: Моя история 1 / Цена перехода / Ж25-54 / интерес_франшиза,"Как я преобразила свою жизнь, открыв зоомагазин_67dd175da853554dcf7a941e",1
2025-05-01,Яндекс ПромоСтраницы,yandex.promopages,Статья: Цифры и факты / Интересы: франшиза (копия),"Откройте успешный зоомагазин с франшизой ""Мокрый Нос""_6810d9ba9f74a13dc8cba5e7",1
2025-05-01,Яндекс ПромоСтраницы,yandex.promopages,Статья: Цифры и факты / Интересы: франшиза (копия),"Откройте успешный зоомагазин с франшизой ""Мокрый нос""_6810d9ba9f74a13dc8cba5e7",1
2025-05-02,Яндекс ПромоСтраницы,yandex.promopages,Промостатья: Моя история 1 / Цена перехода / Ж25-54 / интерес_франшиза,"Как я преобразила свою жизнь, открыв зоомагазин_67dd175da853554dcf7a941e",1
2025-05-05,Яндекс ПромоСтраницы,yandex.promopages,Промостатья: Моя история 1 / Цена перехода / Ж25-54 / интерес_франшиза,"Как я преобразила свою жизнь, открыв зоомагазин_67dd175da853554dcf7a941e",1
2025-05-05,Яндекс ПромоСтраницы,yandex.promopages,Промостатья: Моя история 1 | Цена перехода | Ж25-54,"Как я преобразила свою жизнь, открыв зоомагазин_6489b3c2b218576c1a6c58ed",1
2025-05-06,Яндекс ПромоСтраницы,yandex.promopages,Промостатья: Моя история 1 / Цена перехода / Ж25-54 / интерес_открытие бизнеса,"Как я преобразила свою жизнь, открыв зоомагазин_67e2d1fb02adb863df447f39",1
2025-05-06,Яндекс ПромоСтраницы,yandex.promopages,Промостатья: Моя история 1 | Цена перехода | Ж25-54,"Как я преобразила свою жизнь, открыв зоомагазин_6489b3c2b218576c1a6c58ed",1
2025-05-07,Яндекс ПромоСтраницы,yandex.promopages,Промостатья: Моя история 1 / Цена перехода / Ж25-54 / интерес_франшиза,"Как я преобразила свою жизнь, открыв зоомагазин_67dd175da853554dcf7a941e",1
2025-05-07,Яндекс ПромоСтраницы,yandex.promopages,Промостатья: Моя история 1 | Цена перехода | Ж25-54,"Как я преобразила свою жизнь, открыв зоомагазин_6489b3c2b218576c1a6c58ed",1
2025-05-08,Яндекс ПромоСтраницы,yandex.promopages,Промостатья: Моя история 1 / Цена перехода / Ж25-54 / интерес_открытие бизнеса,"Как я преобразила свою жизнь, открыв зоомагазин_67e2d1fb02adb863df447f39",1
2025-05-09,Яндекс ПромоСтраницы,yandex.promopages,Статья: Цифры и факты / Интересы: открытие бизнеса (копия),"Откройте успешный зоомагазин с франшизой ""Мокрый Нос""_67e2ce70ebc3680fe449675b",1
2025-05-11,Яндекс ПромоСтраницы,yandex.promopages,Промостатья: Моя история 1 / Цена перехода / Ж25-54 / интерес_открытие бизнеса,"Как я преобразила свою жизнь, открыв зоомагазин_67e2d1fb02adb863df447f39",1
2025-05-11,Яндекс ПромоСтраницы,yandex.promopages,Промостатья: Моя история 1 / Цена перехода / Ж25-54 / интерес_франшиза,История успеха: мой путь от работницы к предприн_67dd175da853554dcf7a941e,1
2025-05-11,Яндекс ПромоСтраницы,yandex.promopages,Промостатья: Моя история 1 / Цена перехода / Ж25-54 / интерес_франшиза,"Как я преобразила свою жизнь, открыв зоомагазин_67dd175da853554dcf7a941e",1
2025-05-12,Яндекс ПромоСтраницы,yandex.promopages,Промостатья: Моя история 1 / Цена перехода / Ж25-54 / интерес_открытие бизнеса,История успеха: мой путь от работницы к предприн_67e2d1fb02adb863df447f39,1
2025-05-12,Яндекс ПромоСтраницы,yandex.promopages,Промостатья: Моя история 1 / Цена перехода / Ж25-54 / интерес_франшиза,"Как я преобразила свою жизнь, открыв зоомагазин_67dd175da853554dcf7a941e",1
2025-05-12,Яндекс ПромоСтраницы,yandex.promopages,Промостатья: Моя история 1 | Цена перехода | Ж25-54,"Как я преобразила свою жизнь, открыв зоомагазин_6489b3c2b218576c1a6c58ed",1
2025-05-13,Яндекс ПромоСтраницы,yandex.promopages,Промостатья: Моя история 1 / Цена перехода / Ж25-54 / интерес_открытие бизнеса,"Как я преобразила свою жизнь, открыв зоомагазин_67e2d1fb02adb863df447f39",1
2025-05-13,Яндекс ПромоСтраницы,yandex.promopages,Промостатья: Моя история 1 | Цена перехода | Ж25-54,"Как я преобразила свою жизнь, открыв зоомагазин_6489b3c2b218576c1a6c58ed",1
2025-05-14,Яндекс ПромоСтраницы,yandex.promopages,Промостатья: Моя история 1 | Цена перехода | Ж25-54,"Как я преобразила свою жизнь, открыв зоомагазин_6489b3c2b218576c1a6c58ed",1
2025-05-14,Яндекс ПромоСтраницы,yandex.promopages,Статья: Цифры и факты / Интересы: франшиза (копия),"Откройте успешный зоомагазин с франшизой ""Мокрый Нос""_6810d9ba9f74a13dc8cba5e7",1
2025-05-14,Яндекс.Директ: Не определено,yandex.promopages,Промостатья: Моя история 1 / Цена перехода / Ж25-54 / интерес_открытие бизнеса,"Как я преобразила свою жизнь, открыв зоомагазин_67e2d1fb02adb863df447f39",1
2025-05-14,Яндекс: Директ,yandex.promopages,Промостатья: Моя история 1 / Цена перехода / Ж25-54 / интерес_открытие бизнеса,История успеха: мой путь от работницы к предпринимателю_67e2d1fb02adb863df447f39,1
2025-05-14,Яндекс: Директ,yandex.promopages,Промостатья: Моя история 1 / Цена перехода / Ж25-54 / интерес_открытие бизнеса,"Как ""Мокрый нос"" помог мне достичь успеха в бизнесе_67e2d1fb02adb863df447f39",1
2025-05-15,franchise-mokryinos.promo.page,yandex.promopages,Статья: Цифры и факты / Интересы: франшиза (копия),"Откройте успешный зоомагазин с франшизой ""Мокрый Нос""_6810d9ba9f74a13dc8cba5e7",1
2025-05-15,Яндекс ПромоСтраницы,yandex.promopages,Промостатья: Моя история 1 | Цена перехода | Ж25-54,"Как я преобразила свою жизнь, открыв зоомагазин_6489b3c2b218576c1a6c58ed",1
2025-05-15,Яндекс ПромоСтраницы,yandex.promopages,Статья: Цифры и факты / Интересы: франшиза (копия),"Откройте успешный зоомагазин с франшизой ""Мокрый Нос""_6810d9ba9f74a13dc8cba5e7",1
2025-05-15,Яндекс: Директ,yandex.promopages,Промостатья: Моя история 1 / Цена перехода / Ж25-54 / интерес_открытие бизнеса,"Как я преобразила свою жизнь, открыв зоомагазин_67e2d1fb02adb863df447f39",1
2025-05-16,Яндекс ПромоСтраницы,yandex.promopages,Промостатья: Моя история 1 | Цена перехода | Ж25-54,"Как я преобразила свою жизнь, открыв зоомагазин_6489b3c2b218576c1a6c58ed",1
2025-05-17,Яндекс ПромоСтраницы,yandex.promopages,Промостатья: Моя история 1 / Цена перехода / Ж25-54 / интерес_франшиза,"Как я преобразила свою жизнь, открыв зоомагазин_67dd175da853554dcf7a941e",1
2025-05-18,Яндекс ПромоСтраницы,yandex.promopages,Промостатья: Моя история 1 / Цена перехода / Ж25-54 / интерес_франшиза,"Как я преобразила свою жизнь, открыв зоомагазин_67dd175da853554dcf7a941e",1
2025-05-18,Яндекс ПромоСтраницы,yandex.promopages,Статья: Цифры и факты / Интересы: франшиза (копия),"Откройте успешный зоомагазин с франшизой ""Мокрый нос""_6810d9ba9f74a13dc8cba5e7",1
2025-05-19,franchise-mokryinos-ru.turbopages.org,yandex.promopages,Промостатья: Моя история 1 | Цена перехода | Ж25-54,"Как я преобразила свою жизнь, открыв зоомагазин_6489b3c2b218576c1a6c58ed",1
2025-05-19,Яндекс ПромоСтраницы,yandex.promopages,Промостатья: Моя история 1 | Цена перехода | Ж25-54,"Как я преобразила свою жизнь, открыв зоомагазин_6489b3c2b218576c1a6c58ed",1
2025-05-20,Яндекс ПромоСтраницы,yandex.promopages,Промостатья: Моя история 1 | Цена перехода | Ж25-54,"Как я преобразила свою жизнь, открыв зоомагазин_6489b3c2b218576c1a6c58ed",1
2025-05-21,Яндекс ПромоСтраницы,yandex.promopages,Промостатья: Моя история 1 / Цена перехода / Ж25-54 / интерес_франшиза,"Как я преобразила свою жизнь, открыв зоомагазин_67dd175da853554dcf7a941e",1
2025-05-21,Яндекс ПромоСтраницы,yandex.promopages,Промостатья: Моя история 1 | Цена перехода | Ж25-54,"Как я преобразила свою жизнь, открыв зоомагазин_6489b3c2b218576c1a6c58ed",1
2025-05-22,Яндекс ПромоСтраницы,yandex.promopages,Промостатья: Моя история 1 | Цена перехода | Ж25-54,"Как я преобразила свою жизнь, открыв зоомагазин_6489b3c2b218576c1a6c58ed",1
2025-05-23,Яндекс ПромоСтраницы,yandex.promopages,Промостатья: Моя история 1 / Цена перехода / Ж25-54 / интерес_франшиза,"Как я преобразила свою жизнь, открыв зоомагазин_67dd175da853554dcf7a941e",1
2025-05-23,Яндекс ПромоСтраницы,yandex.promopages,Промостатья: Моя история 1 | Цена перехода | Ж25-54,"Как я преобразила свою жизнь, открыв зоомагазин_6489b3c2b218576c1a6c58ed",1
2025-05-24,Яндекс ПромоСтраницы,yandex.promopages,Промостатья: Моя история 1 / Цена перехода / Ж25-54 / интерес_открытие бизнеса,История успеха: мой путь от работницы к предприн_67e2d1fb02adb863df447f39,1
2025-05-24,Яндекс ПромоСтраницы,yandex.promopages,Промостатья: Моя история 1 / Цена перехода / Ж25-54 / интерес_открытие бизнеса,История успеха: мой путь от работницы к предпринимателю_67e2d1fb02adb863df447f39,1
2025-05-24,Яндекс ПромоСтраницы,yandex.promopages,Промостатья: Моя история 1 / Цена перехода / Ж25-54 / интерес_франшиза,"Как я преобразила свою жизнь, открыв зоомагазин_67dd175da853554dcf7a941e",1
2025-05-24,Яндекс ПромоСтраницы,yandex.promopages,Статья: Цифры и факты / Интересы: франшиза (копия),"Откройте успешный зоомагазин с франшизой ""Мокрый нос""_6810d9ba9f74a13dc8cba5e7",1
2025-05-25,Яндекс ПромоСтраницы,yandex.promopages,Промостатья: Моя история 1 / Цена перехода / Ж25-54 / интерес_открытие бизнеса,История успеха: мой путь от работницы к предприн_67e2d1fb02adb863df447f39,1
2025-05-25,Яндекс ПромоСтраницы,yandex.promopages,Промостатья: Моя история 1 / Цена перехода / Ж25-54 / интерес_открытие бизнеса,История успеха: мой путь от работницы к предпринимателю_67e2d1fb02adb863df447f39,1
2025-05-26,Яндекс ПромоСтраницы,yandex.promopages,Промостатья: Моя история 1 / Цена перехода / Ж25-54 / интерес_открытие бизнеса,"Как ""Мокрый нос"" помог мне достичь успеха в бизнесе_67e2d1fb02adb863df447f39",1
2025-05-26,Яндекс ПромоСтраницы,yandex.promopages,Промостатья: Моя история 1 | Цена перехода | Ж25-54,"Как я преобразила свою жизнь, открыв зоомагазин_6489b3c2b218576c1a6c58ed",1
2025-05-27,Яндекс ПромоСтраницы,yandex.promopages,Промостатья: Моя история 1 / Цена перехода / Ж25-54 / интерес_франшиза,"Как я преобразила свою жизнь, открыв зоомагазин_67dd175da853554dcf7a941e",1
2025-05-27,Яндекс ПромоСтраницы,yandex.promopages,Промостатья: Моя история 1 | Цена перехода | Ж25-54,"Как я преобразила свою жизнь, открыв зоомагазин_6489b3c2b218576c1a6c58ed",1
2025-05-28,Яндекс ПромоСтраницы,yandex.promopages,Промостатья: Моя история 1 | Цена перехода | Ж25-54,"Как я преобразила свою жизнь, открыв зоомагазин_6489b3c2b218576c1a6c58ed",1
2025-05-29,Яндекс ПромоСтраницы,yandex.promopages,Промостатья: Моя история 1 / Цена перехода / Ж25-54 / интерес_открытие бизнеса,История успеха: мой путь от работницы к предприн_67e2d1fb02adb863df447f39,1
2025-05-29,Яндекс ПромоСтраницы,yandex.promopages,Промостатья: Моя история 1 / Цена перехода / Ж25-54 / интерес_открытие бизнеса,История успеха: мой путь от работницы к предпринимателю_67e2d1fb02adb863df447f39,1
2025-05-29,Яндекс ПромоСтраницы,yandex.promopages,Промостатья: Моя история 1 | Цена перехода | Ж25-54,"Как я преобразила свою жизнь, открыв зоомагазин_6489b3c2b218576c1a6c58ed",1
2025-05-30,Яндекс ПромоСтраницы,yandex.promopages,Промостатья: Моя история 1 | Цена перехода | Ж25-54,"Как я преобразила свою жизнь, открыв зоомагазин_6489b3c2b218576c1a6c58ed",1
2025-05-31,Яндекс ПромоСтраницы,yandex.promopages,Статья: Цифры и факты / Интересы: франшиза (копия),"Откройте успешный зоомагазин с франшизой ""Мокрый нос""_6810d9ba9f74a13dc8cba5e7",1
2025-06-01,Яндекс: Директ,yandex.promopages,Промостатья: Моя история 1 / Цена перехода / Ж25-54 / интерес_франшиза,История успеха: мой путь от работницы к предпринимателю_67dd175da853554dcf7a941e,1
2025-06-02,Яндекс ПромоСтраницы,yandex.promopages,Промостатья: Моя история 1 / Цена перехода / Ж25-54 / интерес_открытие бизнеса,История успеха: мой путь от работницы к предпринимателю_67e2d1fb02adb863df447f39,1
2025-06-02,Яндекс ПромоСтраницы,yandex.promopages,Промостатья: Моя история 1 / Цена перехода / Ж25-54 / интерес_открытие бизнеса,"Как я преобразила свою жизнь, открыв зоомагазин_67e2d1fb02adb863df447f39",1
2025-06-02,Яндекс ПромоСтраницы,yandex.promopages,Промостатья: Моя история 1 | Цена перехода | Ж25-54,"Как я преобразила свою жизнь, открыв зоомагазин_6489b3c2b218576c1a6c58ed",1
2025-06-02,Яндекс: Директ,yandex.promopages,Промостатья: Моя история 1 / Цена перехода / Ж25-54 / интерес_франшиза,История успеха: мой путь от работницы к предприн_67dd175da853554dcf7a941e,1
2025-06-03,Яндекс ПромоСтраницы,yandex.promopages,Промостатья: Моя история 1 | Цена перехода | Ж25-54,"Как я преобразила свою жизнь, открыв зоомагазин_6489b3c2b218576c1a6c58ed",1
2025-06-04,Яндекс ПромоСтраницы,yandex.promopages,Промостатья: Моя история 1 | Цена перехода | Ж25-54,"Как я преобразила свою жизнь, открыв зоомагазин_6489b3c2b218576c1a6c58ed",1
2025-06-06,Яндекс ПромоСтраницы,yandex.promopages,Промостатья: Моя история 1 / Цена перехода / Ж25-54 / интерес_открытие бизнеса,"Как ""Мокрый нос"" помог мне достичь успеха в бизнесе_67e2d1fb02adb863df447f39",1
2025-06-06,Яндекс ПромоСтраницы,yandex.promopages,Промостатья: Моя история 1 / Цена перехода / Ж25-54 / интерес_открытие бизнеса,"Как я преобразила свою жизнь, открыв зоомагазин_67e2d1fb02adb863df447f39",1
2025-06-06,Яндекс ПромоСтраницы,yandex.promopages,Промостатья: Моя история 1 | Цена перехода | Ж25-54,"Как я преобразила свою жизнь, открыв зоомагазин_6489b3c2b218576c1a6c58ed",1
2025-06-06,Яндекс ПромоСтраницы,yandex.promopages,Статья: Цифры и факты / Интересы: франшиза (копия),"Откройте успешный зоомагазин с франшизой ""Мокрый Нос""_6810d9ba9f74a13dc8cba5e7",1
2025-06-07,Яндекс ПромоСтраницы,yandex.promopages,Промостатья: Моя история 1 | Цена перехода | Ж25-54,"Как я преобразила свою жизнь, открыв зоомагазин_6489b3c2b218576c1a6c58ed",1
2025-06-09,Яндекс ПромоСтраницы,yandex.promopages,Промостатья: Моя история 1 | Цена перехода | Ж25-54,"Как я преобразила свою жизнь, открыв зоомагазин_6489b3c2b218576c1a6c58ed",1
2025-06-09,Яндекс ПромоСтраницы,yandex.promopages,Статья: Цифры и факты / Интересы: франшиза (копия),"Откройте успешный зоомагазин с франшизой ""Мокрый нос""_6810d9ba9f74a13dc8cba5e7",1
2025-06-10,Яндекс ПромоСтраницы,yandex.promopages,Промостатья: Моя история 1 | Цена перехода | Ж25-54,"Как я преобразила свою жизнь, открыв зоомагазин_6489b3c2b218576c1a6c58ed",1
2025-06-10,Яндекс ПромоСтраницы,yandex.promopages,Статья: Цифры и факты / Интересы: франшиза (копия),"Откройте успешный зоомагазин с франшизой ""Мокрый нос""_6810d9ba9f74a13dc8cba5e7",1
2025-06-11,Яндекс ПромоСтраницы,yandex.promopages,Промостатья: Моя история 1 / Цена перехода / Ж25-54 / интерес_открытие бизнеса,История успеха: мой путь от работницы к предпринимателю_67e2d1fb02adb863df447f39,1
2025-06-11,Яндекс ПромоСтраницы,yandex.promopages,Промостатья: Моя история 1 | Цена перехода | Ж25-54,"Как я преобразила свою жизнь, открыв зоомагазин_6489b3c2b218576c1a6c58ed",1
2025-06-11,Яндекс ПромоСтраницы,yandex.promopages,Статья: Цифры и факты / Интересы: франшиза (копия),"Откройте успешный зоомагазин с франшизой ""Мокрый нос""_6810d9ba9f74a13dc8cba5e7",1
2025-06-12,Яндекс ПромоСтраницы,yandex.promopages,Статья: Цифры и факты / Интересы: франшиза (копия),"Откройте успешный зоомагазин с франшизой ""Мокрый Нос""_6810d9ba9f74a13dc8cba5e7",1
2025-06-15,Яндекс ПромоСтраницы,yandex.promopages,Промостатья: Моя история 1 / Цена перехода / Ж25-54 / интерес_франшиза,"Как я преобразила свою жизнь, открыв зоомагазин_67dd175da853554dcf7a941e",1
2025-06-16,Яндекс ПромоСтраницы,yandex.promopages,Промостатья: Моя история 1 / Цена перехода / Ж25-54 / интерес_франшиза,"Как я преобразила свою жизнь, открыв зоомагазин_67dd175da853554dcf7a941e",1
2025-06-17,Яндекс: Директ,yandex.promopages,Промостатья: Моя история 1 / Цена перехода / Ж25-54 / интерес_открытие бизнеса,История успеха: мой путь от работницы к предприн_67e2d1fb02adb863df447f39,1
2025-06-18,Google,yandex.promopages,Статья: Цифры и факты / Интересы: франшиза (копия),"Откройте успешный зоомагазин с франшизой ""Мокрый нос""_6810d9ba9f74a13dc8cba5e7",1
2025-06-18,Яндекс ПромоСтраницы,yandex.promopages,Промостатья: Моя история 1 / Цена перехода / Ж25-54 / интерес_франшиза,"Как я преобразила свою жизнь, открыв зоомагазин_67dd175da853554dcf7a941e",1
2025-06-18,Яндекс: Директ,yandex.promopages,Промостатья: Моя история 1 / Цена перехода / Ж25-54 / интерес_открытие бизнеса,История успеха: мой путь от работницы к предприн_67e2d1fb02adb863df447f39,1
2025-06-19,Яндекс ПромоСтраницы,yandex.promopages,Статья: Цифры и факты / Интересы: франшиза (копия),"Откройте успешный зоомагазин с франшизой ""Мокрый нос""_6810d9ba9f74a13dc8cba5e7",1
2025-06-20,Яндекс ПромоСтраницы,yandex.promopages,Промостатья: Моя история 1 / Цена перехода / Ж25-54 / интерес_франшиза,История успеха: мой путь от работницы к предпринимателю_67dd175da853554dcf7a941e,1
2025-06-20,Яндекс ПромоСтраницы,yandex.promopages,Промостатья: Моя история 1 / Цена перехода / Ж25-54 / интерес_франшиза,"Как я преобразила свою жизнь, открыв зоомагазин_67dd175da853554dcf7a941e",1
2025-06-20,Яндекс ПромоСтраницы,yandex.promopages,Статья: Цифры и факты / Интересы: франшиза (копия),"Откройте успешный зоомагазин с франшизой ""Мокрый Нос""_6810d9ba9f74a13dc8cba5e7",1
2025-06-20,Яндекс: Директ,yandex.promopages,Промостатья: Моя история 1 / Цена перехода / Ж25-54 / интерес_открытие бизнеса,"Как я преобразила свою жизнь, открыв зоомагазин_67e2d1fb02adb863df447f39",1
2025-06-21,Яндекс ПромоСтраницы,yandex.promopages,Промостатья: Моя история 1 / Цена перехода / Ж25-54 / интерес_открытие бизнеса,История успеха: мой путь от работницы к предпринимателю_67e2d1fb02adb863df447f39,1
2025-06-21,Яндекс ПромоСтраницы,yandex.promopages,Статья: Цифры и факты / Интересы: франшиза (копия),"Откройте успешный зоомагазин с франшизой ""Мокрый Нос""_6810d9ba9f74a13dc8cba5e7",1
2025-06-22,Яндекс ПромоСтраницы,yandex.promopages,Промостатья: Моя история 1 / Цена перехода / Ж25-54 / интерес_открытие бизнеса,"Как ""Мокрый нос"" помог мне достичь успеха в бизнесе_67e2d1fb02adb863df447f39",1
2025-06-22,Яндекс ПромоСтраницы,yandex.promopages,Статья: Цифры и факты / Интересы: франшиза (копия),"Откройте успешный зоомагазин с франшизой ""Мокрый Нос""_6810d9ba9f74a13dc8cba5e7",1
2025-06-22,Яндекс ПромоСтраницы,yandex.promopages,Статья: Цифры и факты / Интересы: франшиза (копия),"Откройте успешный зоомагазин с франшизой ""Мокрый нос""_6810d9ba9f74a13dc8cba5e7",1
2025-06-23,Яндекс ПромоСтраницы,yandex.promopages,Промостатья: Моя история 1 / Цена перехода / Ж25-54 / интерес_франшиза,История успеха: мой путь от работницы к предпринимателю_67dd175da853554dcf7a941e,1
2025-06-25,Яндекс ПромоСтраницы,yandex.promopages,Промостатья: Моя история 1 / Цена перехода / Ж25-54 / интерес_франшиза,"Как я преобразила свою жизнь, открыв зоомагазин_67dd175da853554dcf7a941e",1
2025-06-25,Яндекс ПромоСтраницы,yandex.promopages,Промостатья: Моя история 1 | Цена перехода | Ж25-54,"Как я преобразила свою жизнь, открыв зоомагазин_6489b3c2b218576c1a6c58ed",1
2025-06-25,Яндекс: Директ,yandex.promopages,Промостатья: Моя история 1 / Цена перехода / Ж25-54 / интерес_франшиза,"Как я преобразила свою жизнь, открыв зоомагазин_67dd175da853554dcf7a941e",1
2025-06-26,Яндекс ПромоСтраницы,yandex.promopages,Промостатья: Моя история 1 | Цена перехода | Ж25-54,"Как я преобразила свою жизнь, открыв зоомагазин_6489b3c2b218576c1a6c58ed",1
2025-06-26,Яндекс: Директ,yandex.promopages,Промостатья: Моя история 1 / Цена перехода / Ж25-54 / интерес_франшиза,"Как я преобразила свою жизнь, открыв зоомагазин_67dd175da853554dcf7a941e",1
2025-06-27,Яндекс ПромоСтраницы,yandex.promopages,Промостатья: Моя история 1 / Цена перехода / Ж25-54 / интерес_франшиза,"Как я преобразила свою жизнь, открыв зоомагазин_67dd175da853554dcf7a941e",1
2025-06-27,Яндекс ПромоСтраницы,yandex.promopages,Промостатья: Моя история 1 | Цена перехода | Ж25-54,"Как я преобразила свою жизнь, открыв зоомагазин_6489b3c2b218576c1a6c58ed",1
2025-06-28,Яндекс ПромоСтраницы,yandex.promopages,Промостатья: Моя история 1 / Цена перехода / Ж25-54 / интерес_открытие бизнеса,"Как ""Мокрый нос"" помог мне достичь успеха в бизнесе_67e2d1fb02adb863df447f39",1
2025-06-28,Яндекс ПромоСтраницы,yandex.promopages,Промостатья: Моя история 1 / Цена перехода / Ж25-54 / интерес_франшиза,"Как я преобразила свою жизнь, открыв зоомагазин_67dd175da853554dcf7a941e",1
2025-06-28,Яндекс ПромоСтраницы,yandex.promopages,Статья: Цифры и факты / Интересы: франшиза (копия),"Откройте успешный зоомагазин с франшизой ""Мокрый Нос""_6810d9ba9f74a13dc8cba5e7",1
2025-06-28,Яндекс ПромоСтраницы,yandex.promopages,Статья: Цифры и факты / Интересы: франшиза (копия),"Откройте успешный зоомагазин с франшизой ""Мокрый нос""_6810d9ba9f74a13dc8cba5e7",1
2025-06-29,Яндекс ПромоСтраницы,yandex.promopages,Промостатья: Моя история 1 / Цена перехода / Ж25-54 / интерес_франшиза,"Как я преобразила свою жизнь, открыв зоомагазин_67dd175da853554dcf7a941e",1
2025-06-30,Яндекс ПромоСтраницы,yandex.promopages,Промостатья: Моя история 1 / Цена перехода / Ж25-54 / интерес_открытие бизнеса,"Как я преобразила свою жизнь, открыв зоомагазин_67e2d1fb02adb863df447f39",1
2025-06-30,Яндекс ПромоСтраницы,yandex.promopages,Промостатья: Моя история 1 | Цена перехода | Ж25-54,"Как я преобразила свою жизнь, открыв зоомагазин_6489b3c2b218576c1a6c58ed",1
2025-06-30,Яндекс: Директ,yandex.promopages,Промостатья: Моя история 1 / Цена перехода / Ж25-54 / интерес_франшиза,"Как я преобразила свою жизнь, открыв зоомагазин_67dd175da853554dcf7a941e",1
2025-07-11,Яндекс ПромоСтраницы,yandex.promopages,Промостатья: Моя история 1 / Цена перехода / Ж25-54 / интерес_франшиза,"Как я преобразила свою жизнь, открыв зоомагазин_67dd175da853554dcf7a941e",19
2025-07-25,Яндекс ПромоСтраницы,yandex.promopages,Промостатья: Моя история 1 / Цена перехода / Ж25-54 / интерес_франшиза / 2507,"Как я преобразила свою жизнь, открыв зоомагазин_687f9795e4759b77bb17ce53",16
2025-07-10,Яндекс ПромоСтраницы,yandex.promopages,Промостатья: Моя история 1 / Цена перехода / Ж25-54 / интерес_франшиза,"Как я преобразила свою жизнь, открыв зоомагазин_67dd175da853554dcf7a941e",14
2025-07-26,Яндекс ПромоСтраницы,yandex.promopages,Промостатья: Моя история 1 / Цена перехода / Ж25-54 / интерес_франшиза / 2507,"Как я преобразила свою жизнь, открыв зоомагазин_687f9795e4759b77bb17ce53",11
2025-09-04,Яндекс: Директ,yandex.promopages,Промостатья: Моя история 1 / Цена перехода / Ж25-54 / интерес_открытие бизнеса /2507-1 ,"Как я преобразила свою жизнь, открыв зоомагазин_6889da93c8ef1065d87d4f0f",8
2025-07-31,Яндекс: Директ,yandex.promopages,Промостатья: Моя история 1 / Цена перехода / Ж25-54 / интерес_франшиза / 2507,"Как я преобразила свою жизнь, открыв зоомагазин_687f9795e4759b77bb17ce53",7
2025-08-27,Яндекс: Директ,yandex.promopages,Промостатья: Моя история 1 / Цена перехода / Ж25-54 / интерес_открытие бизнеса /2507-1 ,"Как я преобразила свою жизнь, открыв зоомагазин_6889da93c8ef1065d87d4f0f",7
2025-08-27,Яндекс ПромоСтраницы,yandex.promopages,Промостатья: Моя история 1 / Цена перехода / Ж25-54 / интерес_открытие бизнеса,"Как я преобразила свою жизнь, открыв зоомагазин_67e2d1fb02adb863df447f39",6
2025-08-21,Яндекс: Директ,yandex.promopages,Промостатья: Моя история 1 / Цена перехода / Ж25-54 / интерес_открытие бизнеса /2507-1 ,"Как я преобразила свою жизнь, открыв зоомагазин_6889da93c8ef1065d87d4f0f",5
2025-08-22,Яндекс: Директ,yandex.promopages,Промостатья: Моя история 1 / Цена перехода / Ж25-54 / интерес_открытие бизнеса /2507-1 ,"Как я преобразила свою жизнь, открыв зоомагазин_6889da93c8ef1065d87d4f0f",5
2025-07-09,Яндекс ПромоСтраницы,yandex.promopages,Промостатья: Моя история 1 / Цена перехода / Ж25-54 / интерес_франшиза,"Как я преобразила свою жизнь, открыв зоомагазин_67dd175da853554dcf7a941e",4
2025-07-27,Яндекс ПромоСтраницы,yandex.promopages,Промостатья: Моя история 1 / Цена перехода / Ж25-54 / интерес_франшиза / 2507,"Как я преобразила свою жизнь, открыв зоомагазин_687f9795e4759b77bb17ce53",4
2025-07-30,Яндекс: Директ,yandex.promopages,Промостатья: Моя история 1 / Цена перехода / Ж25-54 / интерес_франшиза / 2507,"Как я преобразила свою жизнь, открыв зоомагазин_687f9795e4759b77bb17ce53",4
2025-08-20,Яндекс: Директ,yandex.promopages,Промостатья: Моя история 1 / Цена перехода / Ж25-54 / интерес_открытие бизнеса /2507-1 ,"Как я преобразила свою жизнь, открыв зоомагазин_6889da93c8ef1065d87d4f0f",4
2025-08-24,Яндекс: Директ,yandex.promopages,Промостатья: Моя история 1 / Цена перехода / Ж25-54 / интерес_открытие бизнеса /2507-1 ,"Как я преобразила свою жизнь, открыв зоомагазин_6889da93c8ef1065d87d4f0f",4
2025-09-04,Яндекс: Директ,yandex.promopages,Промостатья: Моя история 1 / Цена перехода / Ж25-54 / интерес_франшиза / 2507,"Как я преобразила свою жизнь, открыв зоомагазин_687f9795e4759b77bb17ce53",4
2025-07-05,Яндекс ПромоСтраницы,yandex.promopages,Промостатья: Моя история 1 / Цена перехода / Ж25-54 / интерес_открытие бизнеса,"Как ""Мокрый нос"" помог мне достичь успеха в бизнесе_67e2d1fb02adb863df447f39",3
2025-07-12,Яндекс ПромоСтраницы,yandex.promopages,Промостатья: Моя история 1 / Цена перехода / Ж25-54 / интерес_франшиза,"Как я преобразила свою жизнь, открыв зоомагазин_67dd175da853554dcf7a941e",3
2025-07-31,Яндекс.Директ: Не определено,yandex.promopages,Промостатья: Моя история 1 / Цена перехода / Ж25-54 / интерес_франшиза,"Как я преобразила свою жизнь, открыв зоомагазин_67dd175da853554dcf7a941e",3
2025-08-28,Яндекс: Директ,yandex.promopages,Промостатья: Моя история 1 / Цена перехода / Ж25-54 / интерес_открытие бизнеса /2507-1 ,"Как я преобразила свою жизнь, открыв зоомагазин_6889da93c8ef1065d87d4f0f",3
2025-09-02,Яндекс.Директ: Не определено,yandex.promopages,Промостатья: Моя история 1 / Цена перехода / Ж25-54 / интерес_франшиза,"Как я преобразила свою жизнь, открыв зоомагазин_67dd175da853554dcf7a941e",3
2025-09-02,Яндекс: Директ,yandex.promopages,Промостатья: Моя история 1 / Цена перехода / Ж25-54 / интерес_франшиза / 2507,"Как я преобразила свою жизнь, открыв зоомагазин_687f9795e4759b77bb17ce53",3
2025-09-13,Яндекс ПромоСтраницы,yandex.promopages,Промостатья: Моя история 1 / Цена перехода / Ж25-54 / интерес_открытие бизнеса /2507-1 ,"Как я преобразила свою жизнь, открыв зоомагазин_6889da93c8ef1065d87d4f0f",3
2025-09-16,Яндекс.Директ: Не определено,yandex.promopages,Промостатья: Моя история 1 / Цена перехода / Ж25-54 / интерес_франшиза,"Как я преобразила свою жизнь, открыв зоомагазин_67dd175da853554dcf7a941e",3
2025-07-04,Яндекс ПромоСтраницы,yandex.promopages,Промостатья: Моя история 1 / Цена перехода / Ж25-54 / интерес_открытие бизнеса,"Как я преобразила свою жизнь, открыв зоомагазин_67e2d1fb02adb863df447f39",2
2025-07-06,Яндекс ПромоСтраницы,yandex.promopages,Промостатья: Моя история 1 / Цена перехода / Ж25-54 / интерес_франшиза,"Как я преобразила свою жизнь, открыв зоомагазин_67dd175da853554dcf7a941e",2
2025-07-07,Яндекс ПромоСтраницы,yandex.promopages,Промостатья: Моя история 1 / Цена перехода / Ж25-54 / интерес_франшиза,"Как я преобразила свою жизнь, открыв зоомагазин_67dd175da853554dcf7a941e",2
2025-07-10,Яндекс ПромоСтраницы,yandex.promopages,Промостатья: Моя история 1 | Цена перехода | Ж25-54,"Как я преобразила свою жизнь, открыв зоомагазин_6489b3c2b218576c1a6c58ed",2
2025-07-10,Яндекс ПромоСтраницы,yandex.promopages,Статья: Цифры и факты / Интересы: франшиза (копия),"Откройте успешный зоомагазин с франшизой ""Мокрый нос""_6810d9ba9f74a13dc8cba5e7",2
2025-07-10,Яндекс: Директ,yandex.promopages,Промостатья: Моя история 1 / Цена перехода / Ж25-54 / интерес_франшиза,"Как я преобразила свою жизнь, открыв зоомагазин_67dd175da853554dcf7a941e",2
2025-07-11,Яндекс ПромоСтраницы,yandex.promopages,Промостатья: Моя история 1 / Цена перехода / Ж25-54 / интерес_франшиза,"Как ""Мокрый нос"" помог мне достичь успеха в бизнесе_67dd175da853554dcf7a941e",2
2025-07-16,Яндекс: Директ,yandex.promopages,Промостатья: Моя история 1 / Цена перехода / Ж25-54 / интерес_франшиза,"Как я преобразила свою жизнь, открыв зоомагазин_67dd175da853554dcf7a941e",2
2025-07-22,Яндекс ПромоСтраницы,yandex.promopages,Промостатья: Моя история 1 / Цена перехода / Ж25-54 / интерес_франшиза / 2507,"Как я преобразила свою жизнь, открыв зоомагазин_687f9795e4759b77bb17ce53",2
2025-07-24,Яндекс ПромоСтраницы,yandex.promopages,Промостатья: Моя история 1 / Цена перехода / Ж25-54 / интерес_франшиза / 2507,"Как я преобразила свою жизнь, открыв зоомагазин_687f9795e4759b77bb17ce53",2
2025-08-08,Яндекс.Директ: Не определено,yandex.promopages,Промостатья: Моя история 1 / Цена перехода / Ж25-54 / интерес_франшиза,"Как я преобразила свою жизнь, открыв зоомагазин_67dd175da853554dcf7a941e",2
2025-08-14,Яндекс.Директ: Не определено,yandex.promopages,Промостатья: Моя история 1 / Цена перехода / Ж25-54 / интерес_франшиза,"Как я преобразила свою жизнь, открыв зоомагазин_67dd175da853554dcf7a941e",2
2025-08-21,Яндекс: Директ,yandex.promopages,Промостатья: Моя история 1 / Цена перехода / Ж25-54 / интерес_открытие бизнеса /2507-1 ,История успеха: мой путь от работницы к предпринимателю_6889da93c8ef1065d87d4f0f,2
2025-08-25,Яндекс: Директ,yandex.promopages,Промостатья: Моя история 1 / Цена перехода / Ж25-54 / интерес_открытие бизнеса /2507-1 ,"Как я преобразила свою жизнь, открыв зоомагазин_6889da93c8ef1065d87d4f0f",2
2025-08-26,Яндекс ПромоСтраницы,yandex.promopages,Промостатья: Моя история 1 / Цена перехода / Ж25-54 / интерес_открытие бизнеса,"Как я преобразила свою жизнь, открыв зоомагазин_67e2d1fb02adb863df447f39",2
2025-08-26,Яндекс: Директ,yandex.promopages,Промостатья: Моя история 1 / Цена перехода / Ж25-54 / интерес_открытие бизнеса /2507-1 ,"Как я преобразила свою жизнь, открыв зоомагазин_6889da93c8ef1065d87d4f0f",2
2025-08-28,Яндекс.Директ: Не определено,yandex.promopages,Промостатья: Моя история 1 / Цена перехода / Ж25-54 / интерес_франшиза,"Как я преобразила свою жизнь, открыв зоомагазин_67dd175da853554dcf7a941e",2
2025-09-03,Яндекс.Директ: Не определено,yandex.promopages,Промостатья: Моя история 1 / Цена перехода / Ж25-54 / интерес_франшиза,"Как я преобразила свою жизнь, открыв зоомагазин_67dd175da853554dcf7a941e",2
2025-09-08,Яндекс.Директ: Не определено,yandex.promopages,Промостатья: Моя история 1 / Цена перехода / Ж25-54 / интерес_франшиза,"Как я преобразила свою жизнь, открыв зоомагазин_67dd175da853554dcf7a941e",2
2025-09-26,Яндекс.Директ: Не определено,yandex.promopages,Промостатья: Моя история 1 / Цена перехода / Ж25-54 / интерес_франшиза,"Как я преобразила свою жизнь, открыв зоомагазин_67dd175da853554dcf7a941e",2
2025-07-01,Яндекс ПромоСтраницы,yandex.promopages,Промостатья: Моя история 1 / Цена перехода / Ж25-54 / интерес_франшиза,"Как я преобразила свою жизнь, открыв зоомагазин_67dd175da853554dcf7a941e",1
2025-07-01,Яндекс ПромоСтраницы,yandex.promopages,Промостатья: Моя история 1 | Цена перехода | Ж25-54,"Как я преобразила свою жизнь, открыв зоомагазин_6489b3c2b218576c1a6c58ed",1
2025-07-01,Яндекс: Директ,yandex.promopages,Промостатья: Моя история 1 / Цена перехода / Ж25-54 / интерес_франшиза,"Как я преобразила свою жизнь, открыв зоомагазин_67dd175da853554dcf7a941e",1
2025-07-02,Яндекс ПромоСтраницы,yandex.promopages,Промостатья: Моя история 1 / Цена перехода / Ж25-54 / интерес_франшиза,"Как я преобразила свою жизнь, открыв зоомагазин_67dd175da853554dcf7a941e",1
2025-07-02,Яндекс ПромоСтраницы,yandex.promopages,Промостатья: Моя история 1 | Цена перехода | Ж25-54,"Как я преобразила свою жизнь, открыв зоомагазин_6489b3c2b218576c1a6c58ed",1
2025-07-02,Яндекс ПромоСтраницы,yandex.promopages,Статья: Цифры и факты / Интересы: франшиза (копия),"Откройте успешный зоомагазин с франшизой ""Мокрый нос""_6810d9ba9f74a13dc8cba5e7",1
2025-07-02,Яндекс: Директ,yandex.promopages,Промостатья: Моя история 1 / Цена перехода / Ж25-54 / интерес_франшиза,"Как я преобразила свою жизнь, открыв зоомагазин_67dd175da853554dcf7a941e",1
2025-07-03,Яндекс ПромоСтраницы,yandex.promopages,Промостатья: Моя история 1 / Цена перехода / Ж25-54 / интерес_франшиза,"Как я преобразила свою жизнь, открыв зоомагазин_67dd175da853554dcf7a941e",1
2025-07-03,Яндекс ПромоСтраницы,yandex.promopages,Промостатья: Моя история 1 | Цена перехода | Ж25-54,"Как я преобразила свою жизнь, открыв зоомагазин_6489b3c2b218576c1a6c58ed",1
2025-07-03,Яндекс: Директ,yandex.promopages,Промостатья: Моя история 1 / Цена перехода / Ж25-54 / интерес_франшиза,"Как я преобразила свою жизнь, открыв зоомагазин_67dd175da853554dcf7a941e",1
2025-07-04,Яндекс ПромоСтраницы,yandex.promopages,Промостатья: Моя история 1 | Цена перехода | Ж25-54,"Как я преобразила свою жизнь, открыв зоомагазин_6489b3c2b218576c1a6c58ed",1
2025-07-05,Яндекс: Директ,yandex.promopages,Промостатья: Моя история 1 / Цена перехода / Ж25-54 / интерес_открытие бизнеса,"Как я преобразила свою жизнь, открыв зоомагазин_67e2d1fb02adb863df447f39",1
2025-07-06,Яндекс ПромоСтраницы,yandex.promopages,Статья: Цифры и факты / Интересы: франшиза (копия),"Откройте успешный зоомагазин с франшизой ""Мокрый Нос""_6810d9ba9f74a13dc8cba5e7",1
2025-07-07,Яндекс ПромоСтраницы,yandex.promopages,Промостатья: Моя история 1 / Цена перехода / Ж25-54 / интерес_открытие бизнеса,"Как ""Мокрый нос"" помог мне достичь успеха в бизнесе_67e2d1fb02adb863df447f39",1
2025-07-07,Яндекс ПромоСтраницы,yandex.promopages,Промостатья: Моя история 1 | Цена перехода | Ж25-54,"Как я преобразила свою жизнь, открыв зоомагазин_6489b3c2b218576c1a6c58ed",1
2025-07-07,Яндекс ПромоСтраницы,yandex.promopages,Статья: Цифры и факты / Интересы: франшиза (копия),"Откройте успешный зоомагазин с франшизой ""Мокрый нос""_6810d9ba9f74a13dc8cba5e7",1
2025-07-08,Яндекс ПромоСтраницы,yandex.promopages,Промостатья: Моя история 1 / Цена перехода / Ж25-54 / интерес_открытие бизнеса,История успеха: мой путь от работницы к предприн_67e2d1fb02adb863df447f39,1
2025-07-08,Яндекс ПромоСтраницы,yandex.promopages,Промостатья: Моя история 1 | Цена перехода | Ж25-54,"Как я преобразила свою жизнь, открыв зоомагазин_6489b3c2b218576c1a6c58ed",1
2025-07-09,Яндекс ПромоСтраницы,yandex.promopages,Промостатья: Моя история 1 | Цена перехода | Ж25-54,"Как я преобразила свою жизнь, открыв зоомагазин_6489b3c2b218576c1a6c58ed",1
2025-07-10,Яндекс ПромоСтраницы,yandex.promopages,Промостатья: Моя история 1 / Цена перехода / Ж25-54 / интерес_франшиза,"Как ""Мокрый нос"" помог мне достичь успеха в бизнесе_67dd175da853554dcf7a941e",1
2025-07-11,Яндекс ПромоСтраницы,yandex.promopages,Промостатья: Моя история 1 / Цена перехода / Ж25-54 / интерес_франшиза,История успеха: мой путь от работницы к предприн_67dd175da853554dcf7a941e,1
2025-07-11,Яндекс ПромоСтраницы,yandex.promopages,Промостатья: Моя история 1 | Цена перехода | Ж25-54,"Как я преобразила свою жизнь, открыв зоомагазин_6489b3c2b218576c1a6c58ed",1
2025-07-11,Яндекс ПромоСтраницы,yandex.promopages,Статья: Цифры и факты / Интересы: франшиза (копия),"Откройте успешный зоомагазин с франшизой ""Мокрый нос""_6810d9ba9f74a13dc8cba5e7",1
2025-07-11,Яндекс: Директ,yandex.promopages,Промостатья: Моя история 1 / Цена перехода / Ж25-54 / интерес_франшиза,"Как я преобразила свою жизнь, открыв зоомагазин_67dd175da853554dcf7a941e",1
2025-07-14,Яндекс ПромоСтраницы,yandex.promopages,Промостатья: Моя история 1 / Цена перехода / Ж25-54 / интерес_франшиза,"Как я преобразила свою жизнь, открыв зоомагазин_67dd175da853554dcf7a941e",1
2025-07-14,Яндекс ПромоСтраницы,yandex.promopages,Промостатья: Моя история 1 | Цена перехода | Ж25-54,"Как я преобразила свою жизнь, открыв зоомагазин_6489b3c2b218576c1a6c58ed",1
2025-07-14,Яндекс: Директ,yandex.promopages,Промостатья: Моя история 1 / Цена перехода / Ж25-54 / интерес_франшиза,"Как я преобразила свою жизнь, открыв зоомагазин_67dd175da853554dcf7a941e",1
2025-07-15,Яндекс ПромоСтраницы,yandex.promopages,Промостатья: Моя история 1 | Цена перехода | Ж25-54,"Как я преобразила свою жизнь, открыв зоомагазин_6489b3c2b218576c1a6c58ed",1
2025-07-15,Яндекс: Директ,yandex.promopages,Промостатья: Моя история 1 / Цена перехода / Ж25-54 / интерес_франшиза,"Как я преобразила свою жизнь, открыв зоомагазин_67dd175da853554dcf7a941e",1
2025-07-16,Яндекс ПромоСтраницы,yandex.promopages,Промостатья: Моя история 1 | Цена перехода | Ж25-54,"Как я преобразила свою жизнь, открыв зоомагазин_6489b3c2b218576c1a6c58ed",1
2025-07-17,Яндекс ПромоСтраницы,yandex.promopages,Промостатья: Моя история 1 | Цена перехода | Ж25-54,"Как я преобразила свою жизнь, открыв зоомагазин_6489b3c2b218576c1a6c58ed",1
2025-07-17,Яндекс: Директ,yandex.promopages,Промостатья: Моя история 1 / Цена перехода / Ж25-54 / интерес_франшиза,"Как я преобразила свою жизнь, открыв зоомагазин_67dd175da853554dcf7a941e",1
2025-07-18,Яндекс ПромоСтраницы,yandex.promopages,Промостатья: Моя история 1 | Цена перехода | Ж25-54,"Как я преобразила свою жизнь, открыв зоомагазин_6489b3c2b218576c1a6c58ed",1
2025-07-18,Яндекс: Директ,yandex.promopages,Промостатья: Моя история 1 / Цена перехода / Ж25-54 / интерес_франшиза,"Как я преобразила свою жизнь, открыв зоомагазин_67dd175da853554dcf7a941e",1
2025-07-20,Яндекс ПромоСтраницы,yandex.promopages,Промостатья: Моя история 1 / Цена перехода / Ж25-54 / интерес_франшиза,"Как я преобразила свою жизнь, открыв зоомагазин_67dd175da853554dcf7a941e",1
2025-07-21,Яндекс ПромоСтраницы,yandex.promopages,Промостатья: Моя история 1 | Цена перехода | Ж25-54,"Как я преобразила свою жизнь, открыв зоомагазин_6489b3c2b218576c1a6c58ed",1
2025-07-21,Яндекс: Директ,yandex.promopages,Промостатья: Моя история 1 / Цена перехода / Ж25-54 / интерес_франшиза,"Как я преобразила свою жизнь, открыв зоомагазин_67dd175da853554dcf7a941e",1
2025-07-22,Яндекс ПромоСтраницы,yandex.promopages,Промостатья: Моя история 1 / Цена перехода / Ж25-54 / интерес_франшиза / 2507,История успеха: мой путь от работницы к предпринимателю_687f9795e4759b77bb17ce53,1
2025-07-22,Яндекс: Директ,yandex.promopages,Промостатья: Моя история 1 / Цена перехода / Ж25-54 / интерес_франшиза,"Как я преобразила свою жизнь, открыв зоомагазин_67dd175da853554dcf7a941e",1
2025-07-23,Яндекс ПромоСтраницы,yandex.promopages,Промостатья: Моя история 1 / Цена перехода / Ж25-54 / интерес_франшиза / 2507,"Как ""Мокрый нос"" помог мне достичь успеха в бизнесе_687f9795e4759b77bb17ce53",1
2025-07-23,Яндекс ПромоСтраницы,yandex.promopages,Промостатья: Моя история 1 | Цена перехода | Ж25-54,"Как я преобразила свою жизнь, открыв зоомагазин_6489b3c2b218576c1a6c58ed",1
2025-07-23,Яндекс: Директ,yandex.promopages,Промостатья: Моя история 1 / Цена перехода / Ж25-54 / интерес_франшиза,"Как я преобразила свою жизнь, открыв зоомагазин_67dd175da853554dcf7a941e",1
2025-07-24,Яндекс ПромоСтраницы,yandex.promopages,Промостатья: Моя история 1 | Цена перехода | Ж25-54,"Как я преобразила свою жизнь, открыв зоомагазин_6489b3c2b218576c1a6c58ed",1
2025-07-24,Яндекс.Директ: Не определено,yandex.promopages,Промостатья: Моя история 1 / Цена перехода / Ж25-54 / интерес_франшиза,"Как я преобразила свою жизнь, открыв зоомагазин_67dd175da853554dcf7a941e",1
2025-07-25,Яндекс ПромоСтраницы,yandex.promopages,Промостатья: Моя история 1 / Цена перехода / Ж25-54 / интерес_франшиза / 2507,История успеха: мой путь от работницы к предпринимателю_687f9795e4759b77bb17ce53,1
2025-07-25,Яндекс ПромоСтраницы,yandex.promopages,Промостатья: Моя история 1 | Цена перехода | Ж25-54,"Как я преобразила свою жизнь, открыв зоомагазин_6489b3c2b218576c1a6c58ed",1
2025-07-26,Яндекс ПромоСтраницы,yandex.promopages,Промостатья: Моя история 1 / Цена перехода / Ж25-54 / интерес_открытие бизнеса,"Как я преобразила свою жизнь, открыв зоомагазин_67e2d1fb02adb863df447f39",1
2025-07-28,Яндекс ПромоСтраницы,yandex.promopages,Промостатья: Моя история 1 | Цена перехода | Ж25-54,"Как я преобразила свою жизнь, открыв зоомагазин_6489b3c2b218576c1a6c58ed",1
2025-07-28,Яндекс.Директ: Не определено,yandex.promopages,Промостатья: Моя история 1 / Цена перехода / Ж25-54 / интерес_франшиза,"Как я преобразила свою жизнь, открыв зоомагазин_67dd175da853554dcf7a941e",1
2025-07-30,franchise-mokryinos.promo.page,yandex.promopages,Промостатья: Моя история 1 / Цена перехода / Ж25-54 / интерес_открытие бизнеса /2507-1 ,История успеха: мой путь от работницы к предпринимателю_6889da93c8ef1065d87d4f0f,1
2025-07-30,Яндекс ПромоСтраницы,yandex.promopages,Промостатья: Моя история 1 / Цена перехода / Ж25-54 / интерес_открытие бизнеса /2507-1 ,"Как ""Мокрый нос"" помог мне достичь успеха в бизнесе_6889da93c8ef1065d87d4f0f",1
2025-07-30,Яндекс ПромоСтраницы,yandex.promopages,Промостатья: Моя история 1 / Цена перехода / Ж25-54 / интерес_открытие бизнеса /2507-1 ,"Как я преобразила свою жизнь, открыв зоомагазин_6889da93c8ef1065d87d4f0f",1
2025-07-30,Яндекс ПромоСтраницы,yandex.promopages,Промостатья: Моя история 1 | Цена перехода | Ж25-54,"Как я преобразила свою жизнь, открыв зоомагазин_6489b3c2b218576c1a6c58ed",1
2025-07-30,Яндекс.Директ: Не определено,yandex.promopages,Промостатья: Моя история 1 / Цена перехода / Ж25-54 / интерес_франшиза,"Как я преобразила свою жизнь, открыв зоомагазин_67dd175da853554dcf7a941e",1
2025-07-31,Яндекс ПромоСтраницы,yandex.promopages,Промостатья: Моя история 1 / Цена перехода / Ж25-54 / интерес_открытие бизнеса /2507-1 ,"Как ""Мокрый нос"" помог мне достичь успеха в бизнесе_6889da93c8ef1065d87d4f0f",1
2025-07-31,Яндекс ПромоСтраницы,yandex.promopages,Промостатья: Моя история 1 / Цена перехода / Ж25-54 / интерес_открытие бизнеса /2507-1 ,"Как я преобразила свою жизнь, открыв зоомагазин_6889da93c8ef1065d87d4f0f",1
2025-07-31,Яндекс ПромоСтраницы,yandex.promopages,Промостатья: Моя история 1 | Цена перехода | Ж25-54,"Как я преобразила свою жизнь, открыв зоомагазин_6489b3c2b218576c1a6c58ed",1
2025-07-31,Яндекс: Директ,yandex.promopages,Промостатья: Моя история 1 / Цена перехода / Ж25-54 / интерес_франшиза / 2507,"Как ""Мокрый нос"" помог мне достичь успеха в бизнесе_687f9795e4759b77bb17ce53",1
2025-08-01,Яндекс ПромоСтраницы,yandex.promopages,Промостатья: Моя история 1 | Цена перехода | Ж25-54,"Как я преобразила свою жизнь, открыв зоомагазин_6489b3c2b218576c1a6c58ed",1
2025-08-03,Яндекс ПромоСтраницы,yandex.promopages,Промостатья: Моя история 1 / Цена перехода / Ж25-54 / интерес_открытие бизнеса /2507-1 ,"Как я преобразила свою жизнь, открыв зоомагазин_6889da93c8ef1065d87d4f0f",1
2025-08-04,Яндекс ПромоСтраницы,yandex.promopages,Промостатья: Моя история 1 / Цена перехода / Ж25-54 / интерес_открытие бизнеса /2507-1 ,"Как ""Мокрый нос"" помог мне достичь успеха в бизнесе_6889da93c8ef1065d87d4f0f",1
2025-08-04,Яндекс ПромоСтраницы,yandex.promopages,Промостатья: Моя история 1 | Цена перехода | Ж25-54,"Как я преобразила свою жизнь, открыв зоомагазин_6489b3c2b218576c1a6c58ed",1
2025-08-04,Яндекс.Директ: Не определено,yandex.promopages,Промостатья: Моя история 1 / Цена перехода / Ж25-54 / интерес_франшиза,"Как я преобразила свою жизнь, открыв зоомагазин_67dd175da853554dcf7a941e",1
2025-08-05,Яндекс ПромоСтраницы,yandex.promopages,Промостатья: Моя история 1 / Цена перехода / Ж25-54 / интерес_открытие бизнеса /2507-1 ,"Как ""Мокрый нос"" помог мне достичь успеха в бизнесе_6889da93c8ef1065d87d4f0f",1
2025-08-05,Яндекс ПромоСтраницы,yandex.promopages,Промостатья: Моя история 1 | Цена перехода | Ж25-54,"Как я преобразила свою жизнь, открыв зоомагазин_6489b3c2b218576c1a6c58ed",1
2025-08-06,Яндекс ПромоСтраницы,yandex.promopages,Промостатья: Моя история 1 | Цена перехода | Ж25-54,"Как я преобразила свою жизнь, открыв зоомагазин_6489b3c2b218576c1a6c58ed",1
2025-08-06,Яндекс.Директ: Не определено,yandex.promopages,Промостатья: Моя история 1 / Цена перехода / Ж25-54 / интерес_франшиза,"Как я преобразила свою жизнь, открыв зоомагазин_67dd175da853554dcf7a941e",1
2025-08-07,Яндекс ПромоСтраницы,yandex.promopages,Промостатья: Моя история 1 | Цена перехода | Ж25-54,"Как я преобразила свою жизнь, открыв зоомагазин_6489b3c2b218576c1a6c58ed",1
2025-08-07,Яндекс.Директ: Не определено,yandex.promopages,Промостатья: Моя история 1 / Цена перехода / Ж25-54 / интерес_франшиза,"Как я преобразила свою жизнь, открыв зоомагазин_67dd175da853554dcf7a941e",1
2025-08-08,Яндекс ПромоСтраницы,yandex.promopages,Промостатья: Моя история 1 | Цена перехода | Ж25-54,"Как я преобразила свою жизнь, открыв зоомагазин_6489b3c2b218576c1a6c58ed",1
2025-08-09,Яндекс ПромоСтраницы,yandex.promopages,Промостатья: Моя история 1 / Цена перехода / Ж25-54 / интерес_открытие бизнеса,"Как ""Мокрый нос"" помог мне достичь успеха в бизнесе_67e2d1fb02adb863df447f39",1
2025-08-11,Яндекс ПромоСтраницы,yandex.promopages,Промостатья: Моя история 1 / Цена перехода / Ж25-54 / интерес_открытие бизнеса /2507-1 ,"Как я преобразила свою жизнь, открыв зоомагазин_6889da93c8ef1065d87d4f0f",1
2025-08-11,Яндекс ПромоСтраницы,yandex.promopages,Промостатья: Моя история 1 | Цена перехода | Ж25-54,"Как я преобразила свою жизнь, открыв зоомагазин_6489b3c2b218576c1a6c58ed",1
2025-08-11,Яндекс ПромоСтраницы,yandex.promopages,Статья: Цифры и факты / Интересы: франшиза (копия),"Откройте успешный зоомагазин с франшизой ""Мокрый Нос""_6810d9ba9f74a13dc8cba5e7",1
2025-08-11,Яндекс.Директ: Не определено,yandex.promopages,Промостатья: Моя история 1 / Цена перехода / Ж25-54 / интерес_франшиза,"Как я преобразила свою жизнь, открыв зоомагазин_67dd175da853554dcf7a941e",1
2025-08-12,Яндекс.Директ: Не определено,yandex.promopages,Промостатья: Моя история 1 / Цена перехода / Ж25-54 / интерес_франшиза,"Как я преобразила свою жизнь, открыв зоомагазин_67dd175da853554dcf7a941e",1
2025-08-13,Яндекс.Директ: Не определено,yandex.promopages,Промостатья: Моя история 1 / Цена перехода / Ж25-54 / интерес_франшиза,"Как я преобразила свою жизнь, открыв зоомагазин_67dd175da853554dcf7a941e",1
2025-08-15,Яндекс.Директ: Не определено,yandex.promopages,Промостатья: Моя история 1 / Цена перехода / Ж25-54 / интерес_франшиза,"Как я преобразила свою жизнь, открыв зоомагазин_67dd175da853554dcf7a941e",1
2025-08-18,Яндекс.Директ: Не определено,yandex.promopages,Промостатья: Моя история 1 / Цена перехода / Ж25-54 / интерес_франшиза,"Как я преобразила свою жизнь, открыв зоомагазин_67dd175da853554dcf7a941e",1
2025-08-18,Яндекс: Директ,yandex.promopages,Промостатья: Моя история 1 / Цена перехода / Ж25-54 / интерес_открытие бизнеса /2507-1 ,"Как я преобразила свою жизнь, открыв зоомагазин_6889da93c8ef1065d87d4f0f",1
2025-08-19,Яндекс.Директ: Не определено,yandex.promopages,Промостатья: Моя история 1 / Цена перехода / Ж25-54 / интерес_франшиза,"Как я преобразила свою жизнь, открыв зоомагазин_67dd175da853554dcf7a941e",1
2025-08-19,Яндекс: Директ,yandex.promopages,Промостатья: Моя история 1 / Цена перехода / Ж25-54 / интерес_открытие бизнеса /2507-1 ,"Как я преобразила свою жизнь, открыв зоомагазин_6889da93c8ef1065d87d4f0f",1
2025-08-20,Яндекс ПромоСтраницы,yandex.promopages,Промостатья: Моя история 1 | Цена перехода | Ж25-54,"Как я преобразила свою жизнь, открыв зоомагазин_6489b3c2b218576c1a6c58ed",1
2025-08-21,Яндекс ПромоСтраницы,yandex.promopages,Промостатья: Моя история 1 | Цена перехода | Ж25-54,"Как я преобразила свою жизнь, открыв зоомагазин_6489b3c2b218576c1a6c58ed",1
2025-08-21,Яндекс.Директ: Не определено,yandex.promopages,Промостатья: Моя история 1 / Цена перехода / Ж25-54 / интерес_франшиза,"Как я преобразила свою жизнь, открыв зоомагазин_67dd175da853554dcf7a941e",1
2025-08-21,Яндекс: Директ,yandex.promopages,Промостатья: Моя история 1 / Цена перехода / Ж25-54 / интерес_открытие бизнеса,"Как ""Мокрый нос"" помог мне достичь успеха в бизнесе_67e2d1fb02adb863df447f39",1
2025-08-22,Яндекс ПромоСтраницы,yandex.promopages,Промостатья: Моя история 1 / Цена перехода / Ж25-54 / интерес_открытие бизнеса,"Как я преобразила свою жизнь, открыв зоомагазин_67e2d1fb02adb863df447f39",1
2025-08-22,Яндекс.Директ: Не определено,yandex.promopages,Промостатья: Моя история 1 / Цена перехода / Ж25-54 / интерес_франшиза,"Как я преобразила свою жизнь, открыв зоомагазин_67dd175da853554dcf7a941e",1
2025-08-22,Яндекс: Директ,yandex.promopages,Промостатья: Моя история 1 / Цена перехода / Ж25-54 / интерес_открытие бизнеса /2507-1 ,"Как ""Мокрый нос"" помог мне достичь успеха в бизнесе_6889da93c8ef1065d87d4f0f",1
2025-08-23,Яндекс: Директ,yandex.promopages,Промостатья: Моя история 1 / Цена перехода / Ж25-54 / интерес_открытие бизнеса /2507-1 ,История успеха: мой путь от работницы к предпринимателю_6889da93c8ef1065d87d4f0f,1
2025-08-23,Яндекс: Директ,yandex.promopages,Промостатья: Моя история 1 / Цена перехода / Ж25-54 / интерес_открытие бизнеса /2507-1 ,"Как ""Мокрый нос"" помог мне достичь успеха в бизнесе_6889da93c8ef1065d87d4f0f",1
2025-08-25,Яндекс.Директ: Не определено,yandex.promopages,Промостатья: Моя история 1 / Цена перехода / Ж25-54 / интерес_франшиза,"Как я преобразила свою жизнь, открыв зоомагазин_67dd175da853554dcf7a941e",1
2025-08-26,Яндекс.Директ: Не определено,yandex.promopages,Промостатья: Моя история 1 / Цена перехода / Ж25-54 / интерес_франшиза,"Как я преобразила свою жизнь, открыв зоомагазин_67dd175da853554dcf7a941e",1
2025-08-27,Яндекс ПромоСтраницы,yandex.promopages,Промостатья: Моя история 1 / Цена перехода / Ж25-54 / интерес_открытие бизнеса,История успеха: мой путь от работницы к предпринимателю_67e2d1fb02adb863df447f39,1
2025-08-27,Яндекс ПромоСтраницы,yandex.promopages,Промостатья: Моя история 1 | Цена перехода | Ж25-54,"Как я преобразила свою жизнь, открыв зоомагазин_6489b3c2b218576c1a6c58ed",1
2025-08-27,Яндекс.Директ: Не определено,yandex.promopages,Промостатья: Моя история 1 / Цена перехода / Ж25-54 / интерес_франшиза,"Как я преобразила свою жизнь, открыв зоомагазин_67dd175da853554dcf7a941e",1
2025-08-28,Яндекс ПромоСтраницы,yandex.promopages,Промостатья: Моя история 1 / Цена перехода / Ж25-54 / интерес_открытие бизнеса,"Как я преобразила свою жизнь, открыв зоомагазин_67e2d1fb02adb863df447f39",1
2025-08-28,Яндекс: Директ,yandex.promopages,Промостатья: Моя история 1 / Цена перехода / Ж25-54 / интерес_открытие бизнеса,"Как ""Мокрый нос"" помог мне достичь успеха в бизнесе_67e2d1fb02adb863df447f39",1
2025-08-28,Яндекс: Директ,yandex.promopages,Промостатья: Моя история 1 / Цена перехода / Ж25-54 / интерес_открытие бизнеса /2507-1 ,История успеха: мой путь от работницы к предпринимателю_6889da93c8ef1065d87d4f0f,1
2025-08-29,Яндекс.Директ: Не определено,yandex.promopages,Промостатья: Моя история 1 / Цена перехода / Ж25-54 / интерес_франшиза,"Как я преобразила свою жизнь, открыв зоомагазин_67dd175da853554dcf7a941e",1
2025-09-01,Яндекс ПромоСтраницы,yandex.promopages,Промостатья: Моя история 1 / Цена перехода / Ж25-54 / интерес_франшиза,"Как я преобразила свою жизнь, открыв зоомагазин_67dd175da853554dcf7a941e",1
2025-09-01,Яндекс ПромоСтраницы,yandex.promopages,Статья: Цифры и факты / Интересы: франшиза (копия),"Откройте успешный зоомагазин с франшизой ""Мокрый нос""_6810d9ba9f74a13dc8cba5e7",1
2025-09-01,Яндекс.Директ: Не определено,yandex.promopages,Промостатья: Моя история 1 / Цена перехода / Ж25-54 / интерес_франшиза,"Как я преобразила свою жизнь, открыв зоомагазин_67dd175da853554dcf7a941e",1
2025-09-02,Яндекс ПромоСтраницы,yandex.promopages,Промостатья: Моя история 1 | Цена перехода | Ж25-54,"Как я преобразила свою жизнь, открыв зоомагазин_6489b3c2b218576c1a6c58ed",1
2025-09-02,Яндекс: Директ,yandex.promopages,Промостатья: Моя история 1 / Цена перехода / Ж25-54 / интерес_франшиза / 2507,История успеха: мой путь от работницы к предпринимателю_687f9795e4759b77bb17ce53,1
2025-09-03,Яндекс ПромоСтраницы,yandex.promopages,Промостатья: Моя история 1 | Цена перехода | Ж25-54,"Как я преобразила свою жизнь, открыв зоомагазин_6489b3c2b218576c1a6c58ed",1
2025-09-03,Яндекс: Директ,yandex.promopages,Промостатья: Моя история 1 / Цена перехода / Ж25-54 / интерес_франшиза / 2507,История успеха: мой путь от работницы к предпринимателю_687f9795e4759b77bb17ce53,1
2025-09-03,Яндекс: Директ,yandex.promopages,Промостатья: Моя история 1 / Цена перехода / Ж25-54 / интерес_франшиза / 2507,"Как я преобразила свою жизнь, открыв зоомагазин_687f9795e4759b77bb17ce53",1
2025-09-04,Яндекс ПромоСтраницы,yandex.promopages,Промостатья: Моя история 1 / Цена перехода / Ж25-54 / интерес_франшиза / 2507,"Как я преобразила свою жизнь, открыв зоомагазин_687f9795e4759b77bb17ce53",1
2025-09-04,Яндекс.Директ: Не определено,yandex.promopages,Промостатья: Моя история 1 / Цена перехода / Ж25-54 / интерес_франшиза,"Как я преобразила свою жизнь, открыв зоомагазин_67dd175da853554dcf7a941e",1
2025-09-04,Яндекс: Директ,yandex.promopages,Промостатья: Моя история 1 / Цена перехода / Ж25-54 / интерес_франшиза / 2507,"Как ""Мокрый нос"" помог мне достичь успеха в бизнесе_687f9795e4759b77bb17ce53",1
2025-09-05,Яндекс.Директ: Не определено,yandex.promopages,Промостатья: Моя история 1 / Цена перехода / Ж25-54 / интерес_франшиза,"Как я преобразила свою жизнь, открыв зоомагазин_67dd175da853554dcf7a941e",1
2025-09-06,Яндекс: Директ,yandex.promopages,Промостатья: Моя история 1 / Цена перехода / Ж25-54 / интерес_открытие бизнеса /2507-1 ,"Как я преобразила свою жизнь, открыв зоомагазин_6889da93c8ef1065d87d4f0f",1
2025-09-09,Яндекс.Директ: Не определено,yandex.promopages,Промостатья: Моя история 1 / Цена перехода / Ж25-54 / интерес_франшиза,"Как я преобразила свою жизнь, открыв зоомагазин_67dd175da853554dcf7a941e",1
2025-09-11,Яндекс ПромоСтраницы,yandex.promopages,Промостатья: Моя история 1 | Цена перехода | Ж25-54,"Как я преобразила свою жизнь, открыв зоомагазин_6489b3c2b218576c1a6c58ed",1
2025-09-11,Яндекс.Директ: Не определено,yandex.promopages,Промостатья: Моя история 1 / Цена перехода / Ж25-54 / интерес_франшиза,"Как я преобразила свою жизнь, открыв зоомагазин_67dd175da853554dcf7a941e",1
2025-09-11,Яндекс: Директ,yandex.promopages,Промостатья: Моя история 1 / Цена перехода / Ж25-54 / интерес_франшиза / 2507,"Как я преобразила свою жизнь, открыв зоомагазин_687f9795e4759b77bb17ce53",1
2025-09-14,Яндекс ПромоСтраницы,yandex.promopages,Промостатья: Моя история 1 / Цена перехода / Ж25-54 / интерес_открытие бизнеса /2507-1 ,"Как я преобразила свою жизнь, открыв зоомагазин_6889da93c8ef1065d87d4f0f",1
2025-09-14,Яндекс ПромоСтраницы,yandex.promopages,Промостатья: Моя история 1 / Цена перехода / Ж25-54 / интерес_франшиза / 2507,"Как ""Мокрый нос"" помог мне достичь успеха в бизнесе_687f9795e4759b77bb17ce53",1
2025-09-14,Яндекс ПромоСтраницы,yandex.promopages,Промостатья: Моя история 1 / Цена перехода / Ж25-54 / интерес_франшиза / 2507,"Как я преобразила свою жизнь, открыв зоомагазин_687f9795e4759b77bb17ce53",1
2025-09-15,Яндекс ПромоСтраницы,yandex.promopages,Промостатья: Моя история 1 | Цена перехода | Ж25-54,"Как я преобразила свою жизнь, открыв зоомагазин_6489b3c2b218576c1a6c58ed",1
2025-09-15,Яндекс.Директ: Не определено,yandex.promopages,Промостатья: Моя история 1 / Цена перехода / Ж25-54 / интерес_франшиза,"Как я преобразила свою жизнь, открыв зоомагазин_67dd175da853554dcf7a941e",1
2025-09-16,Яндекс ПромоСтраницы,yandex.promopages,Промостатья: Моя история 1 | Цена перехода | Ж25-54,"Как я преобразила свою жизнь, открыв зоомагазин_6489b3c2b218576c1a6c58ed",1
2025-09-17,Яндекс.Директ: Не определено,yandex.promopages,Промостатья: Моя история 1 / Цена перехода / Ж25-54 / интерес_франшиза,"Как я преобразила свою жизнь, открыв зоомагазин_67dd175da853554dcf7a941e",1
2025-09-20,franchise-mokryinos.promo.page,yandex.promopages,Промостатья: Моя история 1 / Цена перехода / Ж25-54 / интерес_открытие бизнеса,"Как я преобразила свою жизнь, открыв зоомагазин_67e2d1fb02adb863df447f39",1
2025-09-22,Яндекс.Директ: Не определено,yandex.promopages,Промостатья: Моя история 1 / Цена перехода / Ж25-54 / интерес_франшиза,"Как я преобразила свою жизнь, открыв зоомагазин_67dd175da853554dcf7a941e",1
2025-09-23,Яндекс ПромоСтраницы,yandex.promopages,Промостатья: Моя история 1 | Цена перехода | Ж25-54,"Как я преобразила свою жизнь, открыв зоомагазин_6489b3c2b218576c1a6c58ed",1
2025-09-23,Яндекс.Директ: Не определено,yandex.promopages,Промостатья: Моя история 1 / Цена перехода / Ж25-54 / интерес_франшиза,"Как я преобразила свою жизнь, открыв зоомагазин_67dd175da853554dcf7a941e",1
2025-09-24,Яндекс ПромоСтраницы,yandex.promopages,Промостатья: Моя история 1 | Цена перехода | Ж25-54,"Как я преобразила свою жизнь, открыв зоомагазин_6489b3c2b218576c1a6c58ed",1
2025-09-24,Яндекс.Директ: Не определено,yandex.promopages,Промостатья: Моя история 1 / Цена перехода / Ж25-54 / интерес_франшиза,"Как я преобразила свою жизнь, открыв зоомагазин_67dd175da853554dcf7a941e",1
2025-09-25,Яндекс ПромоСтраницы,yandex.promopages,Промостатья: Моя история 1 | Цена перехода | Ж25-54,"Как я преобразила свою жизнь, открыв зоомагазин_6489b3c2b218576c1a6c58ed",1
2025-09-25,Яндекс.Директ: Не определено,yandex.promopages,Промостатья: Моя история 1 / Цена перехода / Ж25-54 / интерес_франшиза,"Как я преобразила свою жизнь, открыв зоомагазин_67dd175da853554dcf7a941e",1
2025-09-26,Яндекс ПромоСтраницы,yandex.promopages,Промостатья: Моя история 1 / Цена перехода / Ж25-54 / интерес_открытие бизнеса,"Как я преобразила свою жизнь, открыв зоомагазин_67e2d1fb02adb863df447f39",1
2025-09-26,Яндекс ПромоСтраницы,yandex.promopages,Промостатья: Моя история 1 | Цена перехода | Ж25-54,"Как я преобразила свою жизнь, открыв зоомагазин_6489b3c2b218576c1a6c58ed",1
2025-09-28,Яндекс ПромоСтраницы,yandex.promopages,Промостатья: Моя история 1 / Цена перехода / Ж25-54 / интерес_франшиза / 2507,"Как я преобразила свою жизнь, открыв зоомагазин_687f9795e4759b77bb17ce53",1
2025-09-29,Яндекс ПромоСтраницы,yandex.promopages,Промостатья: Моя история 1 | Цена перехода | Ж25-54,"Как я преобразила свою жизнь, открыв зоомагазин_6489b3c2b218576c1a6c58ed",1
2025-09-29,Яндекс.Директ: Не определено,yandex.promopages,Промостатья: Моя история 1 / Цена перехода / Ж25-54 / интерес_франшиза,"Как я преобразила свою жизнь, открыв зоомагазин_67dd175da853554dcf7a941e",1
2025-09-30,Яндекс ПромоСтраницы,yandex.promopages,Промостатья: Моя история 1 | Цена перехода | Ж25-54,"Как я преобразила свою жизнь, открыв зоомагазин_6489b3c2b218576c1a6c58ed",1
2025-11-19,Яндекс ПромоСтраницы,yandex.promopages,Промостатья: Моя история 1 / М 25-54 / интерес_франшиза / рся / #franchise / 2511-1,"Как я преобразила свою жизнь, открыв зоомагазин_691c6a492c2c3c3d96f6c1ef",7
2025-11-05,Яндекс ПромоСтраницы,yandex.promopages,Промостатья: Моя история 1 | Цена перехода | Ж25-54,"Как я преобразила свою жизнь, открыв зоомагазин_6489b3c2b218576c1a6c58ed",5
2025-11-18,Яндекс ПромоСтраницы,yandex.promopages,Промостатья: Моя история 1 / Ж25-54 / интерес_открытие бизнеса/ рся / #franchise / 2511-1,"Как я преобразила свою жизнь, открыв зоомагазин_691c6d23506dd82332b5b863",5
2025-12-18,Яндекс ПромоСтраницы,yandex.promopages,Промостатья: рынок и тренды 1 / М/Ж25-54 / интерес_франшиза / рся / #promo / 2512-1,"Почему зоомагазины процветают, пока другие закрываются_6943ddc5d441fa401a721f35",5
2025-12-25,Яндекс ПромоСтраницы,yandex.promopages,Промостатья: рынок и тренды 1 / М/Ж25-54 / интерес_франшиза / рся / #promo / 2512-1,"Почему зоомагазины процветают, пока другие закрываются_6943ddc5d441fa401a721f35",5
2025-10-24,Яндекс ПромоСтраницы,yandex.promopages,Промостатья: Моя история 1 / Цена перехода / Ж25-54 / интерес_франшиза / рся / 2510-1,"Как я преобразила свою жизнь, открыв зоомагазин_68f8b06c55f9e8662beff784",4
2025-11-11,Яндекс ПромоСтраницы,yandex.promopages,Промостатья: Моя история 1 | Цена перехода | Ж25-54,"Как я преобразила свою жизнь, открыв зоомагазин_6489b3c2b218576c1a6c58ed",4
2025-11-19,Яндекс ПромоСтраницы,yandex.promopages,Промостатья: Моя история 1 / Ж25-54 / интерес_открытие бизнеса/ рся / #franchise / 2511-1,"Как я преобразила свою жизнь, открыв зоомагазин_691c6d23506dd82332b5b863",4
2025-11-20,Яндекс ПромоСтраницы,yandex.promopages,Промостатья: Моя история 1 / М 25-54 / интерес_франшиза / рся / #franchise / 2511-1,"Как я преобразила свою жизнь, открыв зоомагазин_691c6a492c2c3c3d96f6c1ef",4
2025-12-09,Яндекс ПромоСтраницы,yandex.promopages,Промостатья: Моя история 1 / Ж25-54 / интерес_франшиза / рся / #franchise / 2511-1,Как франшиза меняет жизнь: история успеха_691c6dbb2c2c3c3d96f6f88d,4
2025-12-19,Яндекс ПромоСтраницы,yandex.promopages,Промостатья: рынок и тренды 1 / М/Ж25-54 / интерес_франшиза / рся / #promo / 2512-1,"Почему зоомагазины процветают, пока другие закрываются_6943ddc5d441fa401a721f35",4
2025-12-23,Яндекс ПромоСтраницы,yandex.promopages,Промостатья: рынок и тренды 1 / М/Ж25-54 / интерес_открытие бизнеса / рся / #promo / 2512-1,"Почему зоомагазины процветают, пока другие закрываются_6943e83c924d6d6e4f7b8e27",4
2025-12-23,Яндекс ПромоСтраницы,yandex.promopages,Промостатья: рынок и тренды 1 / М/Ж25-54 / интерес_франшиза / рся / #promo / 2512-1,"Почему зоомагазины процветают, пока другие закрываются_6943ddc5d441fa401a721f35",4
2025-12-27,Яндекс ПромоСтраницы,yandex.promopages,Промостатья: рынок и тренды 1 / М/Ж25-54 / интерес_франшиза / рся / #promo / 2512-1,"Почему зоомагазины процветают, пока другие закрываются_6943ddc5d441fa401a721f35",4
2025-10-02,Яндекс ПромоСтраницы,yandex.promopages,Промостатья: Моя история 1 | Цена перехода | Ж25-54,"Как я преобразила свою жизнь, открыв зоомагазин_6489b3c2b218576c1a6c58ed",3
2025-10-29,Яндекс ПромоСтраницы,yandex.promopages,Промостатья: Моя история 1 / Цена перехода / Ж25-54 / интерес_франшиза / рся / 2510-1,"Как я преобразила свою жизнь, открыв зоомагазин_68f8b06c55f9e8662beff784",3
2025-11-20,Яндекс ПромоСтраницы,yandex.promopages,Промостатья: Моя история 1 / Ж25-54 / интерес_открытие бизнеса/ рся / #franchise / 2511-1,"Как я преобразила свою жизнь, открыв зоомагазин_691c6d23506dd82332b5b863",3
2025-11-26,Яндекс ПромоСтраницы,yandex.promopages,Промостатья: Моя история 1 / Цена перехода / Ж25-54 / интерес_франшиза,"Как я преобразила свою жизнь, открыв зоомагазин_67dd175da853554dcf7a941e",3
2025-12-06,Яндекс ПромоСтраницы,yandex.promopages,Промостатья: Моя история 1 / Ж25-54 / интерес_франшиза / рся / #franchise / 2511-1,Как франшиза меняет жизнь: история успеха_691c6dbb2c2c3c3d96f6f88d,3
2025-12-08,Яндекс ПромоСтраницы,yandex.promopages,Промостатья: Моя история 1 / Ж25-54 / интерес_франшиза / рся / #franchise / 2511-1,Как франшиза меняет жизнь: история успеха_691c6dbb2c2c3c3d96f6f88d,3
2025-12-19,Яндекс ПромоСтраницы,yandex.promopages,Промостатья: рынок и тренды 1 / М/Ж25-54 / интерес_открытие бизнеса / рся / #promo / 2512-1,"Почему зоомагазины процветают, пока другие закрываются_6943e83c924d6d6e4f7b8e27",3
2025-12-22,Яндекс ПромоСтраницы,yandex.promopages,Промостатья: Моя история 1 | Цена перехода | Ж25-54,"Как я преобразила свою жизнь, открыв зоомагазин_6489b3c2b218576c1a6c58ed",3
2025-10-03,Яндекс ПромоСтраницы,yandex.promopages,Промостатья: Моя история 1 | Цена перехода | Ж25-54,"Как я преобразила свою жизнь, открыв зоомагазин_6489b3c2b218576c1a6c58ed",2
2025-10-03,Яндекс.Директ: Не определено,yandex.promopages,Промостатья: Моя история 1 / Цена перехода / Ж25-54 / интерес_франшиза,"Как я преобразила свою жизнь, открыв зоомагазин_67dd175da853554dcf7a941e",2
2025-10-06,Яндекс ПромоСтраницы,yandex.promopages,Промостатья: Моя история 1 / Цена перехода / Ж25-54 / интерес_открытие бизнеса /2507-1 ,"Как я преобразила свою жизнь, открыв зоомагазин_6889da93c8ef1065d87d4f0f",2
2025-10-06,Яндекс ПромоСтраницы,yandex.promopages,Промостатья: Моя история 1 | Цена перехода | Ж25-54,"Как я преобразила свою жизнь, открыв зоомагазин_6489b3c2b218576c1a6c58ed",2
2025-10-07,Яндекс ПромоСтраницы,yandex.promopages,Промостатья: Моя история 1 | Цена перехода | Ж25-54,"Как я преобразила свою жизнь, открыв зоомагазин_6489b3c2b218576c1a6c58ed",2
2025-10-09,Яндекс.Директ: Не определено,yandex.promopages,Промостатья: Моя история 1 / Цена перехода / Ж25-54 / интерес_франшиза,"Как я преобразила свою жизнь, открыв зоомагазин_67dd175da853554dcf7a941e",2
2025-10-10,Яндекс.Директ: Не определено,yandex.promopages,Промостатья: Моя история 1 / Цена перехода / Ж25-54 / интерес_франшиза,"Как я преобразила свою жизнь, открыв зоомагазин_67dd175da853554dcf7a941e",2
2025-10-14,Яндекс.Директ: Не определено,yandex.promopages,Промостатья: Моя история 1 / Цена перехода / Ж25-54 / интерес_франшиза,"Как я преобразила свою жизнь, открыв зоомагазин_67dd175da853554dcf7a941e",2
2025-10-15,Яндекс.Директ: Не определено,yandex.promopages,Промостатья: Моя история 1 / Цена перехода / Ж25-54 / интерес_франшиза,"Как я преобразила свою жизнь, открыв зоомагазин_67dd175da853554dcf7a941e",2
2025-10-17,Яндекс.Директ: Не определено,yandex.promopages,Промостатья: Моя история 1 / Цена перехода / Ж25-54 / интерес_франшиза,"Как я преобразила свою жизнь, открыв зоомагазин_67dd175da853554dcf7a941e",2
2025-10-27,Яндекс ПромоСтраницы,yandex.promopages,Промостатья: Моя история 1 | Цена перехода | Ж25-54,"Как я преобразила свою жизнь, открыв зоомагазин_6489b3c2b218576c1a6c58ed",2
2025-10-29,Яндекс ПромоСтраницы,yandex.promopages,Промостатья: Моя история 1 | Цена перехода | Ж25-54,"Как я преобразила свою жизнь, открыв зоомагазин_6489b3c2b218576c1a6c58ed",2
2025-11-01,Яндекс ПромоСтраницы,yandex.promopages,Промостатья: Моя история 1 / Цена перехода / Ж25-54 / интерес_франшиза / рся / 2510-1,"Как я преобразила свою жизнь, открыв зоомагазин_68f8b06c55f9e8662beff784",2
2025-11-07,Яндекс ПромоСтраницы,yandex.promopages,Промостатья: Моя история 1 / Цена перехода / Ж25-54 / интерес_франшиза / рся / 2510-1,"Как я преобразила свою жизнь, открыв зоомагазин_68f8b06c55f9e8662beff784",2
2025-11-10,Яндекс ПромоСтраницы,yandex.promopages,Промостатья: Моя история 1 | Цена перехода | Ж25-54,"Как я преобразила свою жизнь, открыв зоомагазин_6489b3c2b218576c1a6c58ed",2
2025-11-19,Яндекс ПромоСтраницы,yandex.promopages,Промостатья: Моя история 1 / Ж25-54 / интерес_открытие бизнеса/ рся / #franchise / 2511-1,Как франшиза меняет жизнь: история успеха_691c6d23506dd82332b5b863,2
2025-11-19,Яндекс ПромоСтраницы,yandex.promopages,Промостатья: Моя история 1 / Ж25-54 / интерес_франшиза / рся / #franchise / 2511-1,"Как я преобразила свою жизнь, открыв зоомагазин_691c6dbb2c2c3c3d96f6f88d",2
2025-11-20,Яндекс ПромоСтраницы,yandex.promopages,Промостатья: Моя история 1 / Ж25-54 / интерес_франшиза / рся / #franchise / 2511-1,Как франшиза меняет жизнь: история успеха_691c6dbb2c2c3c3d96f6f88d,2
2025-11-20,Яндекс ПромоСтраницы,yandex.promopages,Промостатья: Моя история 1 | Цена перехода | Ж25-54,"Как я преобразила свою жизнь, открыв зоомагазин_6489b3c2b218576c1a6c58ed",2
2025-12-01,Яндекс ПромоСтраницы,yandex.promopages,Промостатья: Моя история 1 / Ж25-54 / интерес_открытие бизнеса/ рся / #franchise / 2511-1,"Как я преобразила свою жизнь, открыв зоомагазин_691c6d23506dd82332b5b863",2
2025-12-02,Яндекс ПромоСтраницы,yandex.promopages,Промостатья: Моя история 1 / Ж25-54 / интерес_открытие бизнеса/ рся / #franchise / 2511-1,"Как я преобразила свою жизнь, открыв зоомагазин_691c6d23506dd82332b5b863",2
2025-12-07,Яндекс ПромоСтраницы,yandex.promopages,Промостатья: Моя история 1 / Ж25-54 / интерес_франшиза / рся / #franchise / 2511-1,Как франшиза меняет жизнь: история успеха_691c6dbb2c2c3c3d96f6f88d,2
2025-12-08,Яндекс ПромоСтраницы,yandex.promopages,Промостатья: Моя история 1 | Цена перехода | Ж25-54,"Как я преобразила свою жизнь, открыв зоомагазин_6489b3c2b218576c1a6c58ed",2
2025-12-15,Яндекс ПромоСтраницы,yandex.promopages,Промостатья: Моя история 1 | Цена перехода | Ж25-54,"Как я преобразила свою жизнь, открыв зоомагазин_6489b3c2b218576c1a6c58ed",2
2025-12-18,Яндекс ПромоСтраницы,yandex.promopages,Промостатья: рынок и тренды 1 / М/Ж25-54 / интерес_открытие бизнеса / рся / #promo / 2512-1,"Почему зоомагазины процветают, пока другие закрываются_6943e83c924d6d6e4f7b8e27",2
2025-12-19,Яндекс ПромоСтраницы,yandex.promopages,Промостатья: Моя история 1 | Цена перехода | Ж25-54,"Как я преобразила свою жизнь, открыв зоомагазин_6489b3c2b218576c1a6c58ed",2
2025-12-24,Яндекс ПромоСтраницы,yandex.promopages,Промостатья: Моя история 1 / М 25-54 / интерес_франшиза / рся / #franchise / 2511-1,"Как я преобразила свою жизнь, открыв зоомагазин_691c6a492c2c3c3d96f6c1ef",2
2025-12-24,Яндекс ПромоСтраницы,yandex.promopages,Промостатья: рынок и тренды 1 / М/Ж25-54 / интерес_открытие бизнеса / рся / #promo / 2512-1,"Почему зоомагазины процветают, пока другие закрываются_6943e83c924d6d6e4f7b8e27",2
2025-12-26,Яндекс ПромоСтраницы,yandex.promopages,Промостатья: рынок и тренды 1 / М/Ж25-54 / интерес_франшиза / рся / #promo / 2512-1,"Почему зоомагазины процветают, пока другие закрываются_6943ddc5d441fa401a721f35",2
2025-12-31,Яндекс ПромоСтраницы,yandex.promopages,Промостатья: рынок и тренды 1 / М/Ж25-54 / интерес_открытие бизнеса / рся / #promo / 2512-1,"Почему зоомагазины процветают, пока другие закрываются_6943e83c924d6d6e4f7b8e27",2
2025-10-01,Яндекс ПромоСтраницы,yandex.promopages,Промостатья: Моя история 1 | Цена перехода | Ж25-54,"Как я преобразила свою жизнь, открыв зоомагазин_6489b3c2b218576c1a6c58ed",1
2025-10-02,Яндекс.Директ: Не определено,yandex.promopages,Промостатья: Моя история 1 / Цена перехода / Ж25-54 / интерес_франшиза,"Как я преобразила свою жизнь, открыв зоомагазин_67dd175da853554dcf7a941e",1
2025-10-06,Яндекс.Директ: Не определено,yandex.promopages,Промостатья: Моя история 1 / Цена перехода / Ж25-54 / интерес_франшиза,"Как я преобразила свою жизнь, открыв зоомагазин_67dd175da853554dcf7a941e",1
2025-10-07,Яндекс.Директ: Не определено,yandex.promopages,Промостатья: Моя история 1 / Цена перехода / Ж25-54 / интерес_франшиза,"Как я преобразила свою жизнь, открыв зоомагазин_67dd175da853554dcf7a941e",1
2025-10-08,Яндекс ПромоСтраницы,yandex.promopages,Промостатья: Моя история 1 | Цена перехода | Ж25-54,"Как я преобразила свою жизнь, открыв зоомагазин_6489b3c2b218576c1a6c58ed",1
2025-10-08,Яндекс.Директ: Не определено,yandex.promopages,Промостатья: Моя история 1 / Цена перехода / Ж25-54 / интерес_франшиза,"Как я преобразила свою жизнь, открыв зоомагазин_67dd175da853554dcf7a941e",1
2025-10-09,Яндекс ПромоСтраницы,yandex.promopages,Промостатья: Моя история 1 | Цена перехода | Ж25-54,"Как я преобразила свою жизнь, открыв зоомагазин_6489b3c2b218576c1a6c58ed",1
2025-10-10,Яндекс ПромоСтраницы,yandex.promopages,Промостатья: Моя история 1 / Цена перехода / Ж25-54 / интерес_франшиза / 2509-1,"Как я преобразила свою жизнь, открыв зоомагазин_68e77f515eb9354ca6dc2556",1
2025-10-10,Яндекс ПромоСтраницы,yandex.promopages,Промостатья: Моя история 1 | Цена перехода | Ж25-54,"Как я преобразила свою жизнь, открыв зоомагазин_6489b3c2b218576c1a6c58ed",1
2025-10-12,Яндекс ПромоСтраницы,yandex.promopages,Промостатья: Моя история 1 / Цена перехода / Ж25-54 / интерес_франшиза / 2509-1,"Как я преобразила свою жизнь, открыв зоомагазин_68e77f515eb9354ca6dc2556",1
2025-10-13,Яндекс ПромоСтраницы,yandex.promopages,Промостатья: Моя история 1 / Цена перехода / Ж25-54 / интерес_франшиза / 2509-1,"Как я преобразила свою жизнь, открыв зоомагазин_68e77f515eb9354ca6dc2556",1
2025-10-13,Яндекс.Директ: Не определено,yandex.promopages,Промостатья: Моя история 1 / Цена перехода / Ж25-54 / интерес_франшиза,"Как я преобразила свою жизнь, открыв зоомагазин_67dd175da853554dcf7a941e",1
2025-10-14,Яндекс ПромоСтраницы,yandex.promopages,Промостатья: Моя история 1 / Цена перехода / Ж25-54 / интерес_франшиза / 2509-1,"Как я преобразила свою жизнь, открыв зоомагазин_68e77f515eb9354ca6dc2556",1
2025-10-15,Яндекс ПромоСтраницы,yandex.promopages,Промостатья: Моя история 1 | Цена перехода | Ж25-54,"Как я преобразила свою жизнь, открыв зоомагазин_6489b3c2b218576c1a6c58ed",1
2025-10-16,Яндекс.Директ: Не определено,yandex.promopages,Промостатья: Моя история 1 / Цена перехода / Ж25-54 / интерес_франшиза,"Как я преобразила свою жизнь, открыв зоомагазин_67dd175da853554dcf7a941e",1
2025-10-20,Яндекс.Директ: Не определено,yandex.promopages,Промостатья: Моя история 1 / Цена перехода / Ж25-54 / интерес_франшиза,"Как я преобразила свою жизнь, открыв зоомагазин_67dd175da853554dcf7a941e",1
2025-10-22,Яндекс ПромоСтраницы,yandex.promopages,Промостатья: Моя история 1 / Цена перехода / Ж25-54 / интерес_франшиза / рся / 2510-1,"Как я преобразила свою жизнь, открыв зоомагазин_68f8b06c55f9e8662beff784",1
2025-10-23,Яндекс ПромоСтраницы,yandex.promopages,Промостатья: Моя история 1 / Цена перехода / Ж25-54 / интерес_франшиза / рся / 2510-1,"Как я преобразила свою жизнь, открыв зоомагазин_68f8b06c55f9e8662beff784",1
2025-10-24,Яндекс ПромоСтраницы,yandex.promopages,Промостатья: Моя история 1 / Цена перехода / Ж25-54 / интерес_франшиза / поиск / 2510-1,"Как ""Мокрый нос"" помог мне достичь успеха в бизнесе_68f8b1e755f9e8662bf00a87",1
2025-10-28,Яндекс ПромоСтраницы,yandex.promopages,Промостатья: Моя история 1 / Цена перехода / Ж25-54 / интерес_франшиза / рся / 2510-1,"Как я преобразила свою жизнь, открыв зоомагазин_68f8b06c55f9e8662beff784",1
2025-10-28,Яндекс ПромоСтраницы,yandex.promopages,Промостатья: Моя история 1 | Цена перехода | Ж25-54,"Как я преобразила свою жизнь, открыв зоомагазин_6489b3c2b218576c1a6c58ed",1
2025-10-29,Яндекс: Директ,yandex.promopages,Промостатья: Моя история 1 / Цена перехода / Ж25-54 / интерес_франшиза / рся / 2510-1,"Как ""Мокрый нос"" помог мне достичь успеха в бизнесе_68f8b06c55f9e8662beff784",1
2025-10-30,Яндекс ПромоСтраницы,yandex.promopages,Промостатья: Моя история 1 / Цена перехода / Ж25-54 / интерес_франшиза / рся / 2510-1,"Как я преобразила свою жизнь, открыв зоомагазин_68f8b06c55f9e8662beff784",1
2025-10-30,Яндекс ПромоСтраницы,yandex.promopages,Промостатья: Моя история 1 | Цена перехода | Ж25-54,"Как я преобразила свою жизнь, открыв зоомагазин_6489b3c2b218576c1a6c58ed",1
2025-10-31,Яндекс ПромоСтраницы,yandex.promopages,Промостатья: Моя история 1 | Цена перехода | Ж25-54,"Как я преобразила свою жизнь, открыв зоомагазин_6489b3c2b218576c1a6c58ed",1
2025-11-01,Яндекс ПромоСтраницы,yandex.promopages,Промостатья: Моя история 1 | Цена перехода | Ж25-54,"Как я преобразила свою жизнь, открыв зоомагазин_6489b3c2b218576c1a6c58ed",1
2025-11-02,Яндекс ПромоСтраницы,yandex.promopages,Промостатья: Моя история 1 / Цена перехода / Ж25-54 / интерес_франшиза / рся / 2510-1,"Как я преобразила свою жизнь, открыв зоомагазин_68f8b06c55f9e8662beff784",1
2025-11-06,Яндекс ПромоСтраницы,yandex.promopages,Промостатья: Моя история 1 | Цена перехода | Ж25-54,"Как я преобразила свою жизнь, открыв зоомагазин_6489b3c2b218576c1a6c58ed",1
2025-11-07,Яндекс ПромоСтраницы,yandex.promopages,Промостатья: Моя история 1 | Цена перехода | Ж25-54,"Как я преобразила свою жизнь, открыв зоомагазин_6489b3c2b218576c1a6c58ed",1
2025-11-09,Яндекс ПромоСтраницы,yandex.promopages,Промостатья: Моя история 1 / Цена перехода / Ж25-54 / интерес_франшиза / рся / 2510-1,"Как я преобразила свою жизнь, открыв зоомагазин_68f8b06c55f9e8662beff784",1
2025-11-11,Яндекс ПромоСтраницы,yandex.promopages,Промостатья: Моя история 1 / Цена перехода / Ж25-54 / интерес_франшиза / рся / 2510-1,"Как я преобразила свою жизнь, открыв зоомагазин_68f8b06c55f9e8662beff784",1
2025-11-12,Яндекс ПромоСтраницы,yandex.promopages,Промостатья: Моя история 1 | Цена перехода | Ж25-54,"Как я преобразила свою жизнь, открыв зоомагазин_6489b3c2b218576c1a6c58ed",1
2025-11-13,Яндекс ПромоСтраницы,yandex.promopages,Промостатья: Моя история 1 | Цена перехода | Ж25-54,"Как я преобразила свою жизнь, открыв зоомагазин_6489b3c2b218576c1a6c58ed",1
2025-11-14,Яндекс ПромоСтраницы,yandex.promopages,Промостатья: Моя история 1 | Цена перехода | Ж25-54,"Как я преобразила свою жизнь, открыв зоомагазин_6489b3c2b218576c1a6c58ed",1
2025-11-17,Яндекс ПромоСтраницы,yandex.promopages,Промостатья: Моя история 1 | Цена перехода | Ж25-54,"Как я преобразила свою жизнь, открыв зоомагазин_6489b3c2b218576c1a6c58ed",1
2025-11-17,Яндекс: Директ,yandex.promopages,Промостатья: Моя история 1 / Цена перехода / Ж25-54 / интерес_франшиза / рся / 2510-1,"Как я преобразила свою жизнь, открыв зоомагазин_68f8b06c55f9e8662beff784",1
2025-11-18,Яндекс ПромоСтраницы,yandex.promopages,Промостатья: Моя история 1 / М 25-54 / интерес_франшиза / рся / #franchise / 2511-1,"Как я преобразила свою жизнь, открыв зоомагазин_691c6a492c2c3c3d96f6c1ef",1
2025-11-18,Яндекс ПромоСтраницы,yandex.promopages,Промостатья: Моя история 1 / Цена перехода / Ж25-54 / интерес_франшиза / рся / 2510-1,"Как я преобразила свою жизнь, открыв зоомагазин_68f8b06c55f9e8662beff784",1
2025-11-18,Яндекс ПромоСтраницы,yandex.promopages,Промостатья: Моя история 1 | Цена перехода | Ж25-54,"Как я преобразила свою жизнь, открыв зоомагазин_6489b3c2b218576c1a6c58ed",1
2025-11-19,Яндекс ПромоСтраницы,yandex.promopages,Промостатья: Моя история 1 / Ж25-54 / интерес_франшиза / рся / #franchise / 2511-1,Как франшиза меняет жизнь: история успеха_691c6dbb2c2c3c3d96f6f88d,1
2025-11-19,Яндекс ПромоСтраницы,yandex.promopages,Промостатья: Моя история 1 / М 25-54 / интерес_франшиза / рся / #franchise / 2511-1,Зообизнес без рисков: франшиза «Мокрый нос»_691c6a492c2c3c3d96f6c1ef,1
2025-11-19,Яндекс ПромоСтраницы,yandex.promopages,Промостатья: Моя история 1 | Цена перехода | Ж25-54,"Как я преобразила свою жизнь, открыв зоомагазин_6489b3c2b218576c1a6c58ed",1
2025-11-20,Яндекс ПромоСтраницы,yandex.promopages,Промостатья: Моя история 1 / Ж25-54 / интерес_открытие бизнеса/ рся / #franchise / 2511-1,Как франшиза меняет жизнь: история успеха_691c6d23506dd82332b5b863,1
2025-11-20,Яндекс ПромоСтраницы,yandex.promopages,Промостатья: Моя история 1 / Ж25-54 / интерес_франшиза / рся / #franchise / 2511-1,"Как я преобразила свою жизнь, открыв зоомагазин_691c6dbb2c2c3c3d96f6f88d",1
2025-11-20,Яндекс ПромоСтраницы,yandex.promopages,Промостатья: Моя история 1 / М 25-54 / интерес_франшиза / рся / #franchise / 2511-1,Зообизнес без рисков: франшиза «Мокрый нос»_691c6a492c2c3c3d96f6c1ef,1
2025-11-21,Яндекс ПромоСтраницы,yandex.promopages,Промостатья: Моя история 1 / Ж25-54 / интерес_франшиза / рся / #franchise / 2511-1,"Как я преобразила свою жизнь, открыв зоомагазин_691c6dbb2c2c3c3d96f6f88d",1
2025-11-21,Яндекс ПромоСтраницы,yandex.promopages,Промостатья: Моя история 1 | Цена перехода | Ж25-54,"Как я преобразила свою жизнь, открыв зоомагазин_6489b3c2b218576c1a6c58ed",1
2025-11-24,Яндекс ПромоСтраницы,yandex.promopages,Промостатья: Моя история 1 | Цена перехода | Ж25-54,"Как я преобразила свою жизнь, открыв зоомагазин_6489b3c2b218576c1a6c58ed",1
2025-11-25,Яндекс ПромоСтраницы,yandex.promopages,Промостатья: Моя история 1 | Цена перехода | Ж25-54,"Как я преобразила свою жизнь, открыв зоомагазин_6489b3c2b218576c1a6c58ed",1
2025-11-26,Яндекс ПромоСтраницы,yandex.promopages,Промостатья: Моя история 1 | Цена перехода | Ж25-54,"Как я преобразила свою жизнь, открыв зоомагазин_6489b3c2b218576c1a6c58ed",1
2025-11-27,Яндекс ПромоСтраницы,yandex.promopages,Промостатья: Моя история 1 | Цена перехода | Ж25-54,"Как я преобразила свою жизнь, открыв зоомагазин_6489b3c2b218576c1a6c58ed",1
2025-11-28,Яндекс ПромоСтраницы,yandex.promopages,Промостатья: Моя история 1 / Ж25-54 / интерес_франшиза / рся / #franchise / 2511-1,Как франшиза меняет жизнь: история успеха_691c6dbb2c2c3c3d96f6f88d,1
2025-11-28,Яндекс ПромоСтраницы,yandex.promopages,Промостатья: Моя история 1 | Цена перехода | Ж25-54,"Как я преобразила свою жизнь, открыв зоомагазин_6489b3c2b218576c1a6c58ed",1
2025-11-30,Яндекс ПромоСтраницы,yandex.promopages,Промостатья: Моя история 1 / М 25-54 / интерес_франшиза / рся / #franchise / 2511-1,"Как я преобразила свою жизнь, открыв зоомагазин_691c6a492c2c3c3d96f6c1ef",1
2025-12-01,Яндекс ПромоСтраницы,yandex.promopages,Промостатья: Моя история 1 | Цена перехода | Ж25-54,"Как я преобразила свою жизнь, открыв зоомагазин_6489b3c2b218576c1a6c58ed",1
2025-12-02,Яндекс ПромоСтраницы,yandex.promopages,Промостатья: Моя история 1 | Цена перехода | Ж25-54,"Как я преобразила свою жизнь, открыв зоомагазин_6489b3c2b218576c1a6c58ed",1
2025-12-03,Яндекс ПромоСтраницы,yandex.promopages,Промостатья: Моя история 1 | Цена перехода | Ж25-54,"Как я преобразила свою жизнь, открыв зоомагазин_6489b3c2b218576c1a6c58ed",1
2025-12-03,Яндекс.Директ: Не определено,yandex.promopages,Промостатья: Моя история 1 / М 25-54 / интерес_франшиза / рся / #franchise / 2511-1,"Как я преобразила свою жизнь, открыв зоомагазин_691c6a492c2c3c3d96f6c1ef",1
2025-12-04,Яндекс ПромоСтраницы,yandex.promopages,Промостатья: Моя история 1 | Цена перехода | Ж25-54,"Как я преобразила свою жизнь, открыв зоомагазин_6489b3c2b218576c1a6c58ed",1
2025-12-05,Яндекс ПромоСтраницы,yandex.promopages,Промостатья: Моя история 1 | Цена перехода | Ж25-54,"Как я преобразила свою жизнь, открыв зоомагазин_6489b3c2b218576c1a6c58ed",1
2025-12-05,Яндекс.Директ: Не определено,yandex.promopages,Промостатья: Моя история 1 / Ж25-54 / интерес_открытие бизнеса/ рся / #franchise / 2511-1,"Как я преобразила свою жизнь, открыв зоомагазин_691c6d23506dd82332b5b863",1
2025-12-05,Яндекс.Директ: Не определено,yandex.promopages,Промостатья: Моя история 1 / М 25-54 / интерес_франшиза / рся / #franchise / 2511-1,"Как я преобразила свою жизнь, открыв зоомагазин_691c6a492c2c3c3d96f6c1ef",1
2025-12-07,Яндекс ПромоСтраницы,yandex.promopages,Промостатья: Моя история 1 / Ж25-54 / интерес_открытие бизнеса/ рся / #franchise / 2511-1,"Как я преобразила свою жизнь, открыв зоомагазин_691c6d23506dd82332b5b863",1
2025-12-08,Яндекс ПромоСтраницы,yandex.promopages,Промостатья: Моя история 1 / Ж25-54 / интерес_франшиза / рся / #franchise / 2511-1,"Как я преобразила свою жизнь, открыв зоомагазин_691c6dbb2c2c3c3d96f6f88d",1
2025-12-09,Яндекс ПромоСтраницы,yandex.promopages,Промостатья: Моя история 1 / Ж25-54 / интерес_франшиза / рся / #franchise / 2511-1,"Как я преобразила свою жизнь, открыв зоомагазин_691c6dbb2c2c3c3d96f6f88d",1
2025-12-09,Яндекс ПромоСтраницы,yandex.promopages,Промостатья: Моя история 1 | Цена перехода | Ж25-54,"Как я преобразила свою жизнь, открыв зоомагазин_6489b3c2b218576c1a6c58ed",1
2025-12-10,Яндекс ПромоСтраницы,yandex.promopages,Промостатья: Моя история 1 / Ж25-54 / интерес_франшиза / рся / #franchise / 2511-1,Как франшиза меняет жизнь: история успеха_691c6dbb2c2c3c3d96f6f88d,1
2025-12-10,Яндекс ПромоСтраницы,yandex.promopages,Промостатья: Моя история 1 | Цена перехода | Ж25-54,"Как я преобразила свою жизнь, открыв зоомагазин_6489b3c2b218576c1a6c58ed",1
2025-12-11,Яндекс ПромоСтраницы,yandex.promopages,Промостатья: Моя история 1 | Цена перехода | Ж25-54,"Как я преобразила свою жизнь, открыв зоомагазин_6489b3c2b218576c1a6c58ed",1
2025-12-13,Яндекс ПромоСтраницы,yandex.promopages,Промостатья: Моя история 1 / М 25-54 / интерес_франшиза / рся / #franchise / 2511-1,"Как я преобразила свою жизнь, открыв зоомагазин_691c6a492c2c3c3d96f6c1ef",1
2025-12-14,Яндекс ПромоСтраницы,yandex.promopages,Промостатья: Моя история 1 / М 25-54 / интерес_франшиза / рся / #franchise / 2511-1,"Как я преобразила свою жизнь, открыв зоомагазин_691c6a492c2c3c3d96f6c1ef",1
2025-12-16,Яндекс ПромоСтраницы,yandex.promopages,Промостатья: Моя история 1 / Ж25-54 / интерес_франшиза / рся / #franchise / 2511-1,"Как я преобразила свою жизнь, открыв зоомагазин_691c6dbb2c2c3c3d96f6f88d",1
2025-12-16,Яндекс ПромоСтраницы,yandex.promopages,Промостатья: Моя история 1 | Цена перехода | Ж25-54,"Как я преобразила свою жизнь, открыв зоомагазин_6489b3c2b218576c1a6c58ed",1
2025-12-17,Яндекс ПромоСтраницы,yandex.promopages,Промостатья: Моя история 1 | Цена перехода | Ж25-54,"Как я преобразила свою жизнь, открыв зоомагазин_6489b3c2b218576c1a6c58ed",1
2025-12-18,Не определено,yandex.promopages,Промостатья: рынок и тренды 1 / Ж25-54 / интерес_франшиза / рся / #promo / 2512-1,Этот бизнес вырос на 39% за 2025г. Пока другие выживали_6943ddc5d441fa401a721f35,1
2025-12-18,Яндекс ПромоСтраницы,yandex.promopages,Промостатья: Моя история 1 | Цена перехода | Ж25-54,"Как я преобразила свою жизнь, открыв зоомагазин_6489b3c2b218576c1a6c58ed",1
2025-12-19,Яндекс: Директ,yandex.promopages,Промостатья: рынок и тренды 1 / М/Ж25-54 / интерес_франшиза / рся / #promo / 2512-1,"Почему зоомагазины процветают, пока другие закрываются_6943ddc5d441fa401a721f35",1
2025-12-20,Яндекс ПромоСтраницы,yandex.promopages,Промостатья: рынок и тренды 1 / М/Ж25-54 / интерес_франшиза / рся / #promo / 2512-1,"Почему зоомагазины процветают, пока другие закрываются_6943ddc5d441fa401a721f35",1
2025-12-22,Яндекс ПромоСтраницы,yandex.promopages,Промостатья: рынок и тренды 1 / М/Ж25-54 / интерес_открытие бизнеса / рся / #promo / 2512-1,"Почему зоомагазины процветают, пока другие закрываются_6943e83c924d6d6e4f7b8e27",1
2025-12-23,Яндекс ПромоСтраницы,yandex.promopages,Промостатья: Моя история 1 / М 25-54 / интерес_франшиза / рся / #franchise / 2511-1,"Как я преобразила свою жизнь, открыв зоомагазин_691c6a492c2c3c3d96f6c1ef",1
2025-12-23,Яндекс ПромоСтраницы,yandex.promopages,Промостатья: Моя история 1 | Цена перехода | Ж25-54,"Как я преобразила свою жизнь, открыв зоомагазин_6489b3c2b218576c1a6c58ed",1
2025-12-24,Яндекс ПромоСтраницы,yandex.promopages,Промостатья: Моя история 1 | Цена перехода | Ж25-54,"Как я преобразила свою жизнь, открыв зоомагазин_6489b3c2b218576c1a6c58ed",1
2025-12-24,Яндекс ПромоСтраницы,yandex.promopages,Промостатья: рынок и тренды 1 / М/Ж25-54 / интерес_франшиза / рся / #promo / 2512-1,"Почему зоомагазины процветают, пока другие закрываются_6943ddc5d441fa401a721f35",1
2025-12-25,Яндекс ПромоСтраницы,yandex.promopages,Промостатья: Моя история 1 / М 25-54 / интерес_франшиза / рся / #franchise / 2511-1,Зообизнес без рисков: франшиза «Мокрый нос»_691c6a492c2c3c3d96f6c1ef,1
2025-12-25,Яндекс ПромоСтраницы,yandex.promopages,Промостатья: Моя история 1 / М 25-54 / интерес_франшиза / рся / #franchise / 2511-1,"Как я преобразила свою жизнь, открыв зоомагазин_691c6a492c2c3c3d96f6c1ef",1
2025-12-25,Яндекс ПромоСтраницы,yandex.promopages,Промостатья: Моя история 1 | Цена перехода | Ж25-54,"Как я преобразила свою жизнь, открыв зоомагазин_6489b3c2b218576c1a6c58ed",1
2025-12-26,Яндекс ПромоСтраницы,yandex.promopages,Промостатья: Моя история 1 | Цена перехода | Ж25-54,"Как я преобразила свою жизнь, открыв зоомагазин_6489b3c2b218576c1a6c58ed",1
2025-12-26,Яндекс ПромоСтраницы,yandex.promopages,Промостатья: рынок и тренды 1 / М/Ж25-54 / интерес_открытие бизнеса / рся / #promo / 2512-1,"Почему зоомагазины процветают, пока другие закрываются_6943e83c924d6d6e4f7b8e27",1
2025-12-27,Яндекс ПромоСтраницы,yandex.promopages,Промостатья: Моя история 1 / М 25-54 / интерес_франшиза / рся / #franchise / 2511-1,"Как я преобразила свою жизнь, открыв зоомагазин_691c6a492c2c3c3d96f6c1ef",1
2025-12-28,Яндекс ПромоСтраницы,yandex.promopages,Промостатья: Моя история 1 / М 25-54 / интерес_франшиза / рся / #franchise / 2511-1,"Как я преобразила свою жизнь, открыв зоомагазин_691c6a492c2c3c3d96f6c1ef",1
2025-12-28,Яндекс ПромоСтраницы,yandex.promopages,Промостатья: рынок и тренды 1 / М/Ж25-54 / интерес_открытие бизнеса / рся / #promo / 2512-1,"Почему зоомагазины процветают, пока другие закрываются_6943e83c924d6d6e4f7b8e27",1
2025-12-29,Яндекс ПромоСтраницы,yandex.promopages,Промостатья: Моя история 1 / М 25-54 / интерес_франшиза / рся / #franchise / 2511-1,"Как я преобразила свою жизнь, открыв зоомагазин_691c6a492c2c3c3d96f6c1ef",1
2025-12-29,Яндекс ПромоСтраницы,yandex.promopages,Промостатья: Моя история 1 | Цена перехода | Ж25-54,"Как я преобразила свою жизнь, открыв зоомагазин_6489b3c2b218576c1a6c58ed",1
2025-12-29,Яндекс ПромоСтраницы,yandex.promopages,Промостатья: рынок и тренды 1 / М/Ж25-54 / интерес_франшиза / рся / #promo / 2512-1,"Почему зоомагазины процветают, пока другие закрываются_6943ddc5d441fa401a721f35",1
2025-12-30,Яндекс ПромоСтраницы,yandex.promopages,Промостатья: Моя история 1 | Цена перехода | Ж25-54,"Как я преобразила свою жизнь, открыв зоомагазин_6489b3c2b218576c1a6c58ed",1
2025-12-31,Яндекс ПромоСтраницы,yandex.promopages,Промостатья: рынок и тренды 1 / М/Ж25-54 / интерес_франшиза / рся / #promo / 2512-1,"Почему зоомагазины процветают, пока другие закрываются_6943ddc5d441fa401a721f35",1
2026-03-25,Яндекс ПромоСтраницы,yandex.promopages,Промостатья: Моя история 1 / Ж 25-54/ интерес_открытие бизнеса / рся / #dzen / 2603-1,history,137
2026-01-29,Яндекс ПромоСтраницы,yandex.promopages,Промостатья: Моя история 1 / Ж 25-54 / интерес_франшиза / рся / #dzen,"Как я преобразила свою жизнь, открыв зоомагазин_6971f7f0c57fdb2965e9f7a5",93
2026-01-28,Яндекс ПромоСтраницы,yandex.promopages,Промостатья: Моя история 1 / Ж 25-54 / интерес_франшиза / рся / #dzen,"Как я преобразила свою жизнь, открыв зоомагазин_6971f7f0c57fdb2965e9f7a5",68
2026-01-06,Яндекс ПромоСтраницы,yandex.promopages,Промостатья: Моя история 1 / М/Ж 25-54 / интерес_франшиза / рся / #promo,История успеха: мой путь от работницы к предприн_6953d568464f9a5900fb5aba,65
2026-01-07,Яндекс ПромоСтраницы,yandex.promopages,Промостатья: Моя история 1 / М/Ж 25-54 / интерес_франшиза / рся / #promo,История успеха: мой путь от работницы к предприн_6953d568464f9a5900fb5aba,55
2026-02-01,Яндекс ПромоСтраницы,yandex.promopages,Промостатья: Моя история 1 / Ж 25-54 / интерес_франшиза / рся / #dzen,"Как я преобразила свою жизнь, открыв зоомагазин_6971f7f0c57fdb2965e9f7a5",54
2026-02-26,Яндекс ПромоСтраницы,yandex.promopages,Промостатья: Моя история 1 / Ж 25-54 / интерес_франшиза / рся / #dzen / 2602-1,Как франшиза меняет жизнь: история успеха_699eb80cb8de026b403a2e45,51
2026-01-08,Яндекс ПромоСтраницы,yandex.promopages,Промостатья: Моя история 1 / М/Ж 25-54 / интерес_франшиза / рся / #promo,"Как я преобразила свою жизнь, открыв зоомагазин_6953d568464f9a5900fb5aba",49
2026-01-30,Яндекс ПромоСтраницы,yandex.promopages,Промостатья: Моя история 1 / Ж 25-54 / интерес_франшиза / рся / #dzen,"Как я преобразила свою жизнь, открыв зоомагазин_6971f7f0c57fdb2965e9f7a5",47
2026-02-25,Яндекс ПромоСтраницы,yandex.promopages,Промостатья: рынок и тренды 1 / М/Ж25-54 / интерес_франшиза / рся / #promo / 2512-1,"Почему зоомагазины процветают, пока другие закрываются_6943ddc5d441fa401a721f35",47
2026-01-27,Яндекс ПромоСтраницы,yandex.promopages,Промостатья: Моя история 1 / Ж 25-54 / интерес_франшиза / рся / #dzen,"Как я преобразила свою жизнь, открыв зоомагазин_6971f7f0c57fdb2965e9f7a5",45
2026-01-31,Яндекс ПромоСтраницы,yandex.promopages,Промостатья: Моя история 1 / Ж 25-54 / интерес_франшиза / рся / #dzen,"Как я преобразила свою жизнь, открыв зоомагазин_6971f7f0c57fdb2965e9f7a5",44
2026-02-26,Яндекс ПромоСтраницы,yandex.promopages,Промостатья: рынок и тренды 1 / М/Ж25-54 / интерес_франшиза / рся / #promo / 2512-1,"Почему зоомагазины процветают, пока другие закрываются_6943ddc5d441fa401a721f35",43
2026-03-09,Яндекс ПромоСтраницы,yandex.promopages,Промостатья: рынок и тренды 1 / М/Ж25-54 / интерес_франшиза / рся / #promo / 2512-1,"Почему зоомагазины процветают, пока другие закрываются_6943ddc5d441fa401a721f35",42
2026-01-14,Яндекс ПромоСтраницы,yandex.promopages,Промостатья: Моя история 1 / М/Ж 25-54 / интерес_франшиза / рся / #promo,"Как я преобразила свою жизнь, открыв зоомагазин_6953d568464f9a5900fb5aba",39
2026-02-25,Яндекс ПромоСтраницы,yandex.promopages,Промостатья: Моя история 1 / Ж 25-54 / интерес_франшиза / рся / #dzen / 2602-1,"Как я преобразила свою жизнь, открыв зоомагазин_699eb80cb8de026b403a2e45",36
2026-03-25,Яндекс ПромоСтраницы,yandex.promopages,Промостатья: рынок и тренды 1 / М25-44 / интерес_франшиза / рся / #dzen / 2603-1,market,35
2026-03-26,Яндекс ПромоСтраницы,yandex.promopages,Промостатья: рынок и тренды 1 / М25-44 / интерес_франшиза / рся / #dzen / 2603-1,market,34
2026-02-27,Яндекс ПромоСтраницы,yandex.promopages,Промостатья: Моя история 1 / Ж 25-54 / интерес_франшиза / рся / #dzen / 2602-1,"Как я преобразила свою жизнь, открыв зоомагазин_699eb80cb8de026b403a2e45",33
2026-02-25,Яндекс ПромоСтраницы,yandex.promopages,Промостатья: рынок и тренды 1 / М/Ж25-54 / интерес_открытие бизнеса / рся / #promo / 2512-1 (копия),"Почему зоомагазины процветают, пока другие закрываются_69970bd31dce5f2f22da16f1",31
2026-01-09,Яндекс ПромоСтраницы,yandex.promopages,Промостатья: Моя история 1 / М/Ж 25-54 / интерес_франшиза / рся / #promo,"Как я преобразила свою жизнь, открыв зоомагазин_6953d568464f9a5900fb5aba",30
2026-02-03,Яндекс ПромоСтраницы,yandex.promopages,Промостатья: Моя история 1 / Ж 25-54 / интерес_франшиза / рся / #dzen,"Как я преобразила свою жизнь, открыв зоомагазин_6971f7f0c57fdb2965e9f7a5",29
2026-01-15,Яндекс ПромоСтраницы,yandex.promopages,Промостатья: Моя история 1 / М/Ж 25-54 / интерес_франшиза / рся / #promo,"Как я преобразила свою жизнь, открыв зоомагазин_6953d568464f9a5900fb5aba",27
2026-02-02,Яндекс ПромоСтраницы,yandex.promopages,Промостатья: Моя история 1 / Ж 25-54 / интерес_франшиза / рся / #dzen,"Как я преобразила свою жизнь, открыв зоомагазин_6971f7f0c57fdb2965e9f7a5",27
2026-02-26,Яндекс ПромоСтраницы,yandex.promopages,Промостатья: рынок и тренды 1 / М/Ж25-54 / интерес_открытие бизнеса / рся / #promo / 2512-1 (копия),"Почему зоомагазины процветают, пока другие закрываются_69970bd31dce5f2f22da16f1",25
2026-02-27,Яндекс ПромоСтраницы,yandex.promopages,Промостатья: Моя история 1 / Ж 25-54 / интерес_франшиза / рся / #dzen / 2602-1,Как франшиза меняет жизнь: история успеха_699eb80cb8de026b403a2e45,24
2026-01-08,Яндекс ПромоСтраницы,yandex.promopages,Промостатья: Моя история 1 / М/Ж 25-54 / интерес_франшиза / рся / #promo,История успеха: мой путь от работницы к предприн_6953d568464f9a5900fb5aba,23
2026-03-09,Яндекс ПромоСтраницы,yandex.promopages,Промостатья: рынок и тренды 1 / М/Ж25-54 / интерес_открытие бизнеса / рся / #promo / 2512-1 (копия),"Почему зоомагазины процветают, пока другие закрываются_69970bd31dce5f2f22da16f1",22
2026-03-24,Яндекс ПромоСтраницы,yandex.promopages,Промостатья: рынок и тренды 1 / М25-44 / интерес_франшиза / рся / #dzen / 2603-1,market,21
2026-01-26,Яндекс ПромоСтраницы,yandex.promopages,Промостатья: Моя история 1 / Ж 25-54 / интерес_франшиза / рся / #dzen,"Как я преобразила свою жизнь, открыв зоомагазин_6971f7f0c57fdb2965e9f7a5",20
2026-02-26,Яндекс ПромоСтраницы,yandex.promopages,Промостатья: Моя история 1 / Ж 25-54 / интерес_франшиза / рся / #dzen / 2602-1,"Как я преобразила свою жизнь, открыв зоомагазин_699eb80cb8de026b403a2e45",19
2026-03-12,Яндекс ПромоСтраницы,yandex.promopages,Промостатья: Моя история 1 / Ж 25-54 / интерес_франшиза / рся / #dzen / 2602-1,Как франшиза меняет жизнь: история успеха_699eb80cb8de026b403a2e45,19
2026-03-12,Яндекс ПромоСтраницы,yandex.promopages,Промостатья: Моя история 1 / Ж 25-54 / интерес_франшиза / рся / #dzen / 2602-1,"Как я преобразила свою жизнь, открыв зоомагазин_699eb80cb8de026b403a2e45",15
2026-01-07,Яндекс ПромоСтраницы,yandex.promopages,Промостатья: Моя история 1 / М/Ж 25-54 / интерес_франшиза / рся / #promo,"Как я преобразила свою жизнь, открыв зоомагазин_6953d568464f9a5900fb5aba",14
2026-01-16,Яндекс ПромоСтраницы,yandex.promopages,Промостатья: Моя история 1 / М/Ж 25-54 / интерес_франшиза / рся / #promo,"Как я преобразила свою жизнь, открыв зоомагазин_6953d568464f9a5900fb5aba",14
2026-01-08,Яндекс ПромоСтраницы,yandex.promopages,Промостатья: рынок и тренды 1 / М/Ж25-54 / интерес_франшиза / рся / #promo / 2512-1,"Почему зоомагазины процветают, пока другие закрываются_6943ddc5d441fa401a721f35",13
2026-03-26,Яндекс ПромоСтраницы,yandex.promopages,Промостатья: Моя история 1 / Ж 25-54 / интерес_франшиза / рся / #dzen / 2602-1,history,12
2026-03-24,Яндекс ПромоСтраницы,yandex.promopages,Промостатья: Моя история 1 / Ж 25-54 / интерес_франшиза / рся / #dzen / 2602-1,history,11
2026-01-13,Яндекс ПромоСтраницы,yandex.promopages,Промостатья: Моя история 1 / М/Ж 25-54 / интерес_франшиза / рся / #promo,"Как я преобразила свою жизнь, открыв зоомагазин_6953d568464f9a5900fb5aba",10
2026-02-25,Яндекс ПромоСтраницы,yandex.promopages,Промостатья: Моя история 1 / Ж 25-54 / интерес_франшиза / рся / #dzen / 2602-1,Как франшиза меняет жизнь: история успеха_699eb80cb8de026b403a2e45,10
2026-03-09,Яндекс ПромоСтраницы,yandex.promopages,Промостатья: Моя история 1 / Ж 25-54 / интерес_франшиза / рся / #dzen / 2602-1,Как франшиза меняет жизнь: история успеха_699eb80cb8de026b403a2e45,10
2026-02-12,Яндекс ПромоСтраницы,yandex.promopages,Промостатья: рынок и тренды 1 / М/Ж25-54 / интерес_открытие бизнеса / рся / #promo / 2512-1,"Почему зоомагазины процветают, пока другие закрываются_6943e83c924d6d6e4f7b8e27",9
2026-02-09,Яндекс ПромоСтраницы,yandex.promopages,Промостатья: Моя история 1 / Ж 25-54 / интерес_франшиза / рся / #dzen,"Как я преобразила свою жизнь, открыв зоомагазин_6971f7f0c57fdb2965e9f7a5",8
2026-01-08,Яндекс ПромоСтраницы,yandex.promopages,Промостатья: Моя история 1 / М/Ж 25-54 / интерес_франшиза / рся / #promo,История успеха: мой путь от работницы к предпринимателю_6953d568464f9a5900fb5aba,7
2026-01-11,Яндекс ПромоСтраницы,yandex.promopages,Промостатья: рынок и тренды 1 / М/Ж25-54 / интерес_франшиза / рся / #promo / 2512-1,"Почему зоомагазины процветают, пока другие закрываются_6943ddc5d441fa401a721f35",7
2026-03-09,Яндекс ПромоСтраницы,yandex.promopages,Промостатья: Моя история 1 / Ж 25-54 / интерес_франшиза / рся / #dzen / 2602-1,"Как я преобразила свою жизнь, открыв зоомагазин_699eb80cb8de026b403a2e45",7
2026-01-07,Яндекс ПромоСтраницы,yandex.promopages,Промостатья: рынок и тренды 1 / М/Ж25-54 / интерес_франшиза / рся / #promo / 2512-1,"Почему зоомагазины процветают, пока другие закрываются_6943ddc5d441fa401a721f35",6
2026-01-09,Яндекс ПромоСтраницы,yandex.promopages,Промостатья: рынок и тренды 1 / М/Ж25-54 / интерес_франшиза / рся / #promo / 2512-1,"Почему зоомагазины процветают, пока другие закрываются_6943ddc5d441fa401a721f35",6
2026-01-10,Яндекс ПромоСтраницы,yandex.promopages,Промостатья: рынок и тренды 1 / М/Ж25-54 / интерес_франшиза / рся / #promo / 2512-1,"Почему зоомагазины процветают, пока другие закрываются_6943ddc5d441fa401a721f35",6
2026-01-25,Яндекс ПромоСтраницы,yandex.promopages,Промостатья: Моя история 1 / Ж 25-54 / интерес_франшиза / рся / #dzen,"Как я преобразила свою жизнь, открыв зоомагазин_6971f7f0c57fdb2965e9f7a5",6
2026-01-31,Яндекс ПромоСтраницы,yandex.promopages,Промостатья: Моя история 1 / Ж 25-54 / интерес_франшиза / рся / #dzen,История успеха: мой путь от работницы к предпринимателю_6971f7f0c57fdb2965e9f7a5,6
2026-02-01,Яндекс ПромоСтраницы,yandex.promopages,Промостатья: Моя история 1 / Ж 25-54 / интерес_франшиза / рся / #dzen,История успеха: мой путь от работницы к предпринимателю_6971f7f0c57fdb2965e9f7a5,6
2026-02-04,Яндекс ПромоСтраницы,yandex.promopages,Промостатья: Моя история 1 / Ж 25-54 / интерес_франшиза / рся / #dzen,"Как я преобразила свою жизнь, открыв зоомагазин_6971f7f0c57fdb2965e9f7a5",6
2026-03-11,Яндекс ПромоСтраницы,yandex.promopages,Промостатья: Моя история 1 / Ж 25-54 / интерес_франшиза / рся / #dzen / 2602-1,Как франшиза меняет жизнь: история успеха_699eb80cb8de026b403a2e45,6
2026-03-11,Яндекс ПромоСтраницы,yandex.promopages,Промостатья: Моя история 1 / Ж 25-54 / интерес_франшиза / рся / #dzen / 2602-1,"Как я преобразила свою жизнь, открыв зоомагазин_699eb80cb8de026b403a2e45",6
2026-01-08,Яндекс ПромоСтраницы,yandex.promopages,Промостатья: Моя история 1 / М/Ж 25-54 / интерес_франшиза / рся / #promo,"Как ""Мокрый нос"" помог мне достичь успеха в бизнесе_6953d568464f9a5900fb5aba",5
2026-01-10,Яндекс ПромоСтраницы,yandex.promopages,Промостатья: Моя история 1 / М/Ж 25-54 / интерес_франшиза / рся / #promo,"Как я преобразила свою жизнь, открыв зоомагазин_6953d568464f9a5900fb5aba",5
2026-01-24,Яндекс ПромоСтраницы,yandex.promopages,Промостатья: Моя история 1 / Ж 25-54 / интерес_франшиза / рся / #dzen,"Как я преобразила свою жизнь, открыв зоомагазин_6971f7f0c57fdb2965e9f7a5",5
2026-02-05,Яндекс ПромоСтраницы,yandex.promopages,Промостатья: Моя история 1 / Ж 25-54 / интерес_франшиза / рся / #dzen,"Как я преобразила свою жизнь, открыв зоомагазин_6971f7f0c57fdb2965e9f7a5",5
2026-02-17,Яндекс ПромоСтраницы,yandex.promopages,Промостатья: Моя история 1 / Ж 25-54 / интерес_франшиза / рся / #dzen,"Как я преобразила свою жизнь, открыв зоомагазин_6971f7f0c57fdb2965e9f7a5",5
2026-02-17,Яндекс ПромоСтраницы,yandex.promopages,Промостатья: рынок и тренды 1 / М/Ж25-54 / интерес_открытие бизнеса / рся / #promo / 2512-1,"Почему зоомагазины процветают, пока другие закрываются_6943e83c924d6d6e4f7b8e27",5
2026-03-18,Яндекс ПромоСтраницы,yandex.promopages,Промостатья: Моя история 1 / Ж 25-54 / интерес_франшиза / рся / #dzen / 2602-1,history,5
2026-01-05,Яндекс ПромоСтраницы,yandex.promopages,Промостатья: Моя история 1 / М/Ж 25-54 / интерес_франшиза / рся / #promo,История успеха: мой путь от работницы к предприн_6953d568464f9a5900fb5aba,4
2026-01-07,Яндекс ПромоСтраницы,yandex.promopages,Промостатья: Моя история 1 / М/Ж 25-54 / интерес_франшиза / рся / #promo,История успеха: мой путь от работницы к предпринимателю_6953d568464f9a5900fb5aba,4
2026-01-13,Яндекс ПромоСтраницы,yandex.promopages,Промостатья: Моя история 1 / М/Ж 25-54 / интерес_франшиза / рся / #promo,"Как ""Мокрый нос"" помог мне достичь успеха в бизнесе_6953d568464f9a5900fb5aba",4
2026-01-25,Яндекс ПромоСтраницы,yandex.promopages,Промостатья: Моя история 1 / Ж 25-54 / интерес_франшиза / рся / #dzen,История успеха: мой путь от работницы к предпринимателю_6971f7f0c57fdb2965e9f7a5,4
2026-02-09,Яндекс ПромоСтраницы,yandex.promopages,Промостатья: рынок и тренды 1 / М/Ж25-54 / интерес_франшиза / рся / #promo / 2512-1,"Почему зоомагазины процветают, пока другие закрываются_6943ddc5d441fa401a721f35",4
2026-02-11,Яндекс ПромоСтраницы,yandex.promopages,Промостатья: рынок и тренды 1 / М/Ж25-54 / интерес_франшиза / рся / #promo / 2512-1,"Почему зоомагазины процветают, пока другие закрываются_6943ddc5d441fa401a721f35",4
2026-02-12,Яндекс ПромоСтраницы,yandex.promopages,Промостатья: Моя история 1 / Ж 25-54 / интерес_франшиза / рся / #dzen,"Как я преобразила свою жизнь, открыв зоомагазин_6971f7f0c57fdb2965e9f7a5",4
2026-02-13,Яндекс ПромоСтраницы,yandex.promopages,Промостатья: Моя история 1 / Ж 25-54 / интерес_франшиза / рся / #dzen,"Как я преобразила свою жизнь, открыв зоомагазин_6971f7f0c57fdb2965e9f7a5",4
2026-03-13,Яндекс ПромоСтраницы,yandex.promopages,Промостатья: Моя история 1 / Ж 25-54 / интерес_франшиза / рся / #dzen / 2602-1,history,4
2026-03-25,Яндекс ПромоСтраницы,yandex.promopages,Промостатья: Моя история 1 / Ж 25-54 / интерес_франшиза / рся / #dzen / 2602-1,history,4
2026-03-27,Яндекс ПромоСтраницы,yandex.promopages,Промостатья: Моя история 1 / Ж 25-54 / интерес_франшиза / рся / #dzen / 2602-1,history,4
2026-01-08,Яндекс ПромоСтраницы,yandex.promopages,Промостатья: рынок и тренды 1 / М/Ж25-54 / интерес_открытие бизнеса / рся / #promo / 2512-1,"Почему зоомагазины процветают, пока другие закрываются_6943e83c924d6d6e4f7b8e27",3
2026-01-09,Яндекс ПромоСтраницы,yandex.promopages,Промостатья: Моя история 1 / М/Ж 25-54 / интерес_франшиза / рся / #promo,История успеха: мой путь от работницы к предприн_6953d568464f9a5900fb5aba,3
2026-01-09,Яндекс ПромоСтраницы,yandex.promopages,Промостатья: Моя история 1 / М/Ж 25-54 / интерес_франшиза / рся / #promo,История успеха: мой путь от работницы к предпринимателю_6953d568464f9a5900fb5aba,3
2026-01-12,Яндекс ПромоСтраницы,yandex.promopages,Промостатья: Моя история 1 | Цена перехода | Ж25-54,"Как я преобразила свою жизнь, открыв зоомагазин_6489b3c2b218576c1a6c58ed",3
2026-01-26,Яндекс ПромоСтраницы,yandex.promopages,Промостатья: рынок и тренды 1 / М/Ж25-54 / интерес_открытие бизнеса / рся / #promo / 2512-1,"Почему зоомагазины процветают, пока другие закрываются_6943e83c924d6d6e4f7b8e27",3
2026-01-28,Яндекс ПромоСтраницы,yandex.promopages,Промостатья: рынок и тренды 1 / М/Ж25-54 / интерес_открытие бизнеса / рся / #promo / 2512-1,"Почему зоомагазины процветают, пока другие закрываются_6943e83c924d6d6e4f7b8e27",3
2026-02-02,Яндекс ПромоСтраницы,yandex.promopages,Промостатья: Моя история 1 / Ж 25-54 / интерес_франшиза / рся / #dzen,История успеха: мой путь от работницы к предпринимателю_6971f7f0c57fdb2965e9f7a5,3
2026-02-08,Яндекс ПромоСтраницы,yandex.promopages,Промостатья: Моя история 1 / Ж 25-54 / интерес_франшиза / рся / #dzen,"Как я преобразила свою жизнь, открыв зоомагазин_6971f7f0c57fdb2965e9f7a5",3
2026-02-10,Яндекс ПромоСтраницы,yandex.promopages,Промостатья: рынок и тренды 1 / М/Ж25-54 / интерес_открытие бизнеса / рся / #promo / 2512-1,"Почему зоомагазины процветают, пока другие закрываются_6943e83c924d6d6e4f7b8e27",3
2026-02-10,Яндекс ПромоСтраницы,yandex.promopages,Промостатья: рынок и тренды 1 / М/Ж25-54 / интерес_франшиза / рся / #promo / 2512-1,"Почему зоомагазины процветают, пока другие закрываются_6943ddc5d441fa401a721f35",3
2026-02-12,Яндекс ПромоСтраницы,yandex.promopages,Промостатья: рынок и тренды 1 / М/Ж25-54 / интерес_франшиза / рся / #promo / 2512-1,"Почему зоомагазины процветают, пока другие закрываются_6943ddc5d441fa401a721f35",3
2026-02-13,Яндекс ПромоСтраницы,yandex.promopages,Промостатья: рынок и тренды 1 / М/Ж25-54 / интерес_открытие бизнеса / рся / #promo / 2512-1,"Почему зоомагазины процветают, пока другие закрываются_6943e83c924d6d6e4f7b8e27",3
2026-02-25,Яндекс ПромоСтраницы,yandex.promopages,Промостатья: рынок и тренды 1 / М/Ж25-54 / интерес_открытие бизнеса / рся / #promo / 2512-1 (копия),Этот бизнес вырос на 39% за 2025г. Пока другие выживали_69970bd31dce5f2f22da16f1,3
2026-02-26,Яндекс ПромоСтраницы,yandex.promopages,Промостатья: рынок и тренды 1 / М/Ж25-54 / интерес_открытие бизнеса / рся / #promo / 2512-1 (копия),Этот бизнес вырос на 39% за 2025г. Пока другие выживали_69970bd31dce5f2f22da16f1,3
2026-02-27,Яндекс ПромоСтраницы,yandex.promopages,Промостатья: рынок и тренды 1 / М/Ж25-54 / интерес_открытие бизнеса / рся / #promo / 2512-1 (копия),"Почему зоомагазины процветают, пока другие закрываются_69970bd31dce5f2f22da16f1",3
2026-03-17,Яндекс ПромоСтраницы,yandex.promopages,Промостатья: Моя история 1 / Ж 25-54 / интерес_франшиза / рся / #dzen / 2602-1,history,3
2026-01-04,Яндекс ПромоСтраницы,yandex.promopages,Промостатья: рынок и тренды 1 / М/Ж25-54 / интерес_франшиза / рся / #promo / 2512-1,"Почему зоомагазины процветают, пока другие закрываются_6943ddc5d441fa401a721f35",2
2026-01-06,Яндекс ПромоСтраницы,yandex.promopages,Промостатья: рынок и тренды 1 / М/Ж25-54 / интерес_открытие бизнеса / рся / #promo / 2512-1,"Почему зоомагазины процветают, пока другие закрываются_6943e83c924d6d6e4f7b8e27",2
2026-01-06,Яндекс ПромоСтраницы,yandex.promopages,Промостатья: рынок и тренды 1 / М/Ж25-54 / интерес_франшиза / рся / #promo / 2512-1,"Почему зоомагазины процветают, пока другие закрываются_6943ddc5d441fa401a721f35",2
2026-01-10,Яндекс ПромоСтраницы,yandex.promopages,Промостатья: рынок и тренды 1 / М/Ж25-54 / интерес_открытие бизнеса / рся / #promo / 2512-1,"Почему зоомагазины процветают, пока другие закрываются_6943e83c924d6d6e4f7b8e27",2
2026-01-12,Яндекс ПромоСтраницы,yandex.promopages,Промостатья: Моя история 1 / М/Ж 25-54 / интерес_франшиза / рся / #promo,"Как я преобразила свою жизнь, открыв зоомагазин_6953d568464f9a5900fb5aba",2
2026-01-14,Яндекс ПромоСтраницы,yandex.promopages,Промостатья: Моя история 1 | Цена перехода | Ж25-54,"Как я преобразила свою жизнь, открыв зоомагазин_6489b3c2b218576c1a6c58ed",2
2026-01-17,Яндекс ПромоСтраницы,yandex.promopages,Промостатья: рынок и тренды 1 / М/Ж25-54 / интерес_открытие бизнеса / рся / #promo / 2512-1,"Почему зоомагазины процветают, пока другие закрываются_6943e83c924d6d6e4f7b8e27",2
2026-01-17,Яндекс ПромоСтраницы,yandex.promopages,Промостатья: рынок и тренды 1 / М/Ж25-54 / интерес_франшиза / рся / #promo / 2512-1,"Почему зоомагазины процветают, пока другие закрываются_6943ddc5d441fa401a721f35",2
2026-01-19,Яндекс ПромоСтраницы,yandex.promopages,Промостатья: рынок и тренды 1 / М/Ж25-54 / интерес_открытие бизнеса / рся / #promo / 2512-1,"Почему зоомагазины процветают, пока другие закрываются_6943e83c924d6d6e4f7b8e27",2
2026-01-24,Яндекс ПромоСтраницы,yandex.promopages,Промостатья: Моя история 1 / Ж 25-54 / интерес_франшиза / рся / #dzen,История успеха: мой путь от работницы к предпринимателю_6971f7f0c57fdb2965e9f7a5,2
2026-01-26,Яндекс ПромоСтраницы,yandex.promopages,Промостатья: Моя история 1 / Ж 25-54 / интерес_франшиза / рся / #dzen,История успеха: мой путь от работницы к предпринимателю_6971f7f0c57fdb2965e9f7a5,2
2026-01-28,Яндекс ПромоСтраницы,yandex.promopages,Промостатья: Моя история 1 | Цена перехода | Ж25-54,"Как я преобразила свою жизнь, открыв зоомагазин_6489b3c2b218576c1a6c58ed",2
2026-01-28,Яндекс ПромоСтраницы,yandex.promopages,Промостатья: рынок и тренды 1 / М/Ж25-54 / интерес_франшиза / рся / #promo / 2512-1,"Почему зоомагазины процветают, пока другие закрываются_6943ddc5d441fa401a721f35",2
2026-02-03,Яндекс ПромоСтраницы,yandex.promopages,Промостатья: Моя история 1 / Ж 25-54 / интерес_франшиза / рся / #dzen,История успеха: мой путь от работницы к предпринимателю_6971f7f0c57fdb2965e9f7a5,2
2026-02-04,Яндекс ПромоСтраницы,yandex.promopages,Промостатья: Моя история 1 | Цена перехода | Ж25-54,"Как я преобразила свою жизнь, открыв зоомагазин_6489b3c2b218576c1a6c58ed",2
2026-02-09,Яндекс ПромоСтраницы,yandex.promopages,Промостатья: Моя история 1 | Цена перехода | Ж25-54,"Как я преобразила свою жизнь, открыв зоомагазин_6489b3c2b218576c1a6c58ed",2
2026-02-11,Яндекс ПромоСтраницы,yandex.promopages,Промостатья: рынок и тренды 1 / М/Ж25-54 / интерес_открытие бизнеса / рся / #promo / 2512-1,"Почему зоомагазины процветают, пока другие закрываются_6943e83c924d6d6e4f7b8e27",2
2026-02-14,Яндекс ПромоСтраницы,yandex.promopages,Промостатья: рынок и тренды 1 / М/Ж25-54 / интерес_открытие бизнеса / рся / #promo / 2512-1,"Почему зоомагазины процветают, пока другие закрываются_6943e83c924d6d6e4f7b8e27",2
2026-02-24,Яндекс ПромоСтраницы,yandex.promopages,Промостатья: рынок и тренды 1 / М/Ж25-54 / интерес_франшиза / рся / #promo / 2512-1,"Почему зоомагазины процветают, пока другие закрываются_6943ddc5d441fa401a721f35",2
2026-02-24,Яндекс: Директ,yandex.promopages,Промостатья: рынок и тренды 1 / М/Ж25-54 / интерес_франшиза / рся / #promo / 2512-1,"Почему зоомагазины процветают, пока другие закрываются_6943ddc5d441fa401a721f35",2
2026-02-26,Яндекс ПромоСтраницы,yandex.promopages,Промостатья: рынок и тренды 1 / М/Ж25-54 / интерес_открытие бизнеса / рся / #promo / 2512-1 (копия),Рынок зоотоваров вырос на 39%: в чём секрет успеха_69970bd31dce5f2f22da16f1,2
2026-03-10,Яндекс ПромоСтраницы,yandex.promopages,Промостатья: рынок и тренды 1 / М/Ж25-54 / интерес_открытие бизнеса / рся / #promo / 2512-1 (копия),"Почему зоомагазины процветают, пока другие закрываются_69970bd31dce5f2f22da16f1",2
2026-03-24,Яндекс ПромоСтраницы,yandex.promopages,Промостатья: Моя история 1 / Ж 25-54/ интерес_открытие бизнеса / рся / #dzen / 2603-1,history,2
2026-03-27,Яндекс ПромоСтраницы,yandex.promopages,Промостатья: рынок и тренды 1 / М25-44 / интерес_франшиза / рся / #dzen / 2603-1,market,2
2026-01-01,Яндекс ПромоСтраницы,yandex.promopages,Промостатья: Моя история 1 / М/Ж 25-54 / интерес_франшиза / рся / #promo,История успеха: мой путь от работницы к предприн_6953d568464f9a5900fb5aba,1
2026-01-01,Яндекс ПромоСтраницы,yandex.promopages,Промостатья: рынок и тренды 1 / М/Ж25-54 / интерес_открытие бизнеса / рся / #promo / 2512-1,"Почему зоомагазины процветают, пока другие закрываются_6943e83c924d6d6e4f7b8e27",1
2026-01-01,Яндекс ПромоСтраницы,yandex.promopages,Промостатья: рынок и тренды 1 / М/Ж25-54 / интерес_франшиза / рся / #promo / 2512-1,"Почему зоомагазины процветают, пока другие закрываются_6943ddc5d441fa401a721f35",1
2026-01-03,Яндекс ПромоСтраницы,yandex.promopages,Промостатья: рынок и тренды 1 / М/Ж25-54 / интерес_франшиза / рся / #promo / 2512-1,"Почему зоомагазины процветают, пока другие закрываются_6943ddc5d441fa401a721f35",1
2026-01-04,Яндекс ПромоСтраницы,yandex.promopages,Промостатья: Моя история 1 / М/Ж 25-54 / интерес_франшиза / рся / #promo,История успеха: мой путь от работницы к предприн_6953d568464f9a5900fb5aba,1
2026-01-04,Яндекс ПромоСтраницы,yandex.promopages,Промостатья: рынок и тренды 1 / М/Ж25-54 / интерес_франшиза / рся / #promo / 2512-1,Этот бизнес вырос на 39% за 2025г. Пока другие выживали_6943ddc5d441fa401a721f35,1
2026-01-05,Яндекс ПромоСтраницы,yandex.promopages,Промостатья: рынок и тренды 1 / М/Ж25-54 / интерес_открытие бизнеса / рся / #promo / 2512-1,"Почему зоомагазины процветают, пока другие закрываются_6943e83c924d6d6e4f7b8e27",1
2026-01-06,Яндекс ПромоСтраницы,yandex.promopages,Промостатья: Моя история 1 / М/Ж 25-54 / интерес_франшиза / рся / #promo,"Как я преобразила свою жизнь, открыв зоомагазин_6953d568464f9a5900fb5aba",1
2026-01-07,Яндекс ПромоСтраницы,yandex.promopages,Промостатья: рынок и тренды 1 / М/Ж25-54 / интерес_открытие бизнеса / рся / #promo / 2512-1,"Почему зоомагазины процветают, пока другие закрываются_6943e83c924d6d6e4f7b8e27",1
2026-01-09,Не определено,yandex.promopages,Промостатья: Моя история 1 / М/Ж 25-54 / интерес_франшиза / рся / #promo,"Как я преобразила свою жизнь, открыв зоомагазин_6953d568464f9a5900fb5aba",1
2026-01-09,Яндекс ПромоСтраницы,yandex.promopages,Промостатья: рынок и тренды 1 / М/Ж25-54 / интерес_открытие бизнеса / рся / #promo / 2512-1,"Почему зоомагазины процветают, пока другие закрываются_6943e83c924d6d6e4f7b8e27",1
2026-01-10,Яндекс ПромоСтраницы,yandex.promopages,Промостатья: рынок и тренды 1 / М/Ж25-54 / интерес_открытие бизнеса / рся / #promo / 2512-1,Этот бизнес вырос на 39% за 2025г. Пока другие выживали_6943e83c924d6d6e4f7b8e27,1
2026-01-12,Яндекс ПромоСтраницы,yandex.promopages,Промостатья: рынок и тренды 1 / М/Ж25-54 / интерес_открытие бизнеса / рся / #promo / 2512-1,"Почему зоомагазины процветают, пока другие закрываются_6943e83c924d6d6e4f7b8e27",1
2026-01-12,Яндекс ПромоСтраницы,yandex.promopages,Промостатья: рынок и тренды 1 / М/Ж25-54 / интерес_франшиза / рся / #promo / 2512-1,"Почему зоомагазины процветают, пока другие закрываются_6943ddc5d441fa401a721f35",1
2026-01-13,Яндекс ПромоСтраницы,yandex.promopages,Промостатья: Моя история 1 | Цена перехода | Ж25-54,"Как я преобразила свою жизнь, открыв зоомагазин_6489b3c2b218576c1a6c58ed",1
2026-01-13,Яндекс ПромоСтраницы,yandex.promopages,Промостатья: рынок и тренды 1 / М/Ж25-54 / интерес_открытие бизнеса / рся / #promo / 2512-1,"Почему зоомагазины процветают, пока другие закрываются_6943e83c924d6d6e4f7b8e27",1
2026-01-14,Яндекс ПромоСтраницы,yandex.promopages,Промостатья: Моя история 1 / М/Ж 25-54 / интерес_франшиза / рся / #promo,История успеха: мой путь от работницы к предприн_6953d568464f9a5900fb5aba,1
2026-01-15,Яндекс ПромоСтраницы,yandex.promopages,Промостатья: Моя история 1 / М/Ж 25-54 / интерес_франшиза / рся / #promo,История успеха: мой путь от работницы к предпринимателю_6953d568464f9a5900fb5aba,1
2026-01-15,Яндекс ПромоСтраницы,yandex.promopages,Промостатья: Моя история 1 | Цена перехода | Ж25-54,"Как я преобразила свою жизнь, открыв зоомагазин_6489b3c2b218576c1a6c58ed",1
2026-01-15,Яндекс: Директ,yandex.promopages,Промостатья: Моя история 1 / М/Ж 25-54 / интерес_франшиза / рся / #promo,"Как я преобразила свою жизнь, открыв зоомагазин_6953d568464f9a5900fb5aba",1
2026-01-16,Яндекс ПромоСтраницы,yandex.promopages,Промостатья: Моя история 1 | Цена перехода | Ж25-54,"Как я преобразила свою жизнь, открыв зоомагазин_6489b3c2b218576c1a6c58ed",1
2026-01-16,Яндекс ПромоСтраницы,yandex.promopages,Промостатья: рынок и тренды 1 / М/Ж25-54 / интерес_франшиза / рся / #promo / 2512-1,"Почему зоомагазины процветают, пока другие закрываются_6943ddc5d441fa401a721f35",1
2026-01-18,Яндекс ПромоСтраницы,yandex.promopages,Промостатья: рынок и тренды 1 / М/Ж25-54 / интерес_открытие бизнеса / рся / #promo / 2512-1,"Почему зоомагазины процветают, пока другие закрываются_6943e83c924d6d6e4f7b8e27",1
2026-01-19,Яндекс ПромоСтраницы,yandex.promopages,Промостатья: Моя история 1 | Цена перехода | Ж25-54,"Как я преобразила свою жизнь, открыв зоомагазин_6489b3c2b218576c1a6c58ed",1
2026-01-20,Яндекс ПромоСтраницы,yandex.promopages,Промостатья: Моя история 1 | Цена перехода | Ж25-54,"Как я преобразила свою жизнь, открыв зоомагазин_6489b3c2b218576c1a6c58ed",1
2026-01-20,Яндекс ПромоСтраницы,yandex.promopages,Промостатья: рынок и тренды 1 / М/Ж25-54 / интерес_открытие бизнеса / рся / #promo / 2512-1,"Почему зоомагазины процветают, пока другие закрываются_6943e83c924d6d6e4f7b8e27",1
2026-01-21,Яндекс ПромоСтраницы,yandex.promopages,Промостатья: Моя история 1 | Цена перехода | Ж25-54,"Как я преобразила свою жизнь, открыв зоомагазин_6489b3c2b218576c1a6c58ed",1
2026-01-21,Яндекс ПромоСтраницы,yandex.promopages,Промостатья: рынок и тренды 1 / М/Ж25-54 / интерес_открытие бизнеса / рся / #promo / 2512-1,Почему зообизнес растёт в кризис: разбираем по цифрам_6943e83c924d6d6e4f7b8e27,1
2026-01-21,Яндекс ПромоСтраницы,yandex.promopages,Промостатья: рынок и тренды 1 / М/Ж25-54 / интерес_открытие бизнеса / рся / #promo / 2512-1,"Почему зоомагазины процветают, пока другие закрываются_6943e83c924d6d6e4f7b8e27",1
2026-01-22,Яндекс ПромоСтраницы,yandex.promopages,Промостатья: Моя история 1 | Цена перехода | Ж25-54,"Как я преобразила свою жизнь, открыв зоомагазин_6489b3c2b218576c1a6c58ed",1
2026-01-23,Яндекс ПромоСтраницы,yandex.promopages,Промостатья: Моя история 1 | Цена перехода | Ж25-54,"Как я преобразила свою жизнь, открыв зоомагазин_6489b3c2b218576c1a6c58ed",1
2026-01-23,Яндекс ПромоСтраницы,yandex.promopages,Промостатья: рынок и тренды 1 / М/Ж25-54 / интерес_открытие бизнеса / рся / #promo / 2512-1,"Почему зоомагазины процветают, пока другие закрываются_6943e83c924d6d6e4f7b8e27",1
2026-01-23,Яндекс ПромоСтраницы,yandex.promopages,Промостатья: рынок и тренды 1 / М/Ж25-54 / интерес_франшиза / рся / #promo / 2512-1,"Почему зоомагазины процветают, пока другие закрываются_6943ddc5d441fa401a721f35",1
2026-01-24,Яндекс ПромоСтраницы,yandex.promopages,Промостатья: Моя история 1 / Ж 25-54 / интерес_франшиза / рся / #dzen,Открыть зоомагазин: история одной предпринимательницы_6971f7f0c57fdb2965e9f7a5,1
2026-01-26,Яндекс ПромоСтраницы,yandex.promopages,Промостатья: Моя история 1 | Цена перехода | Ж25-54,"Как я преобразила свою жизнь, открыв зоомагазин_6489b3c2b218576c1a6c58ed",1
2026-01-27,Яндекс ПромоСтраницы,yandex.promopages,Промостатья: Моя история 1 / Ж 25-54 / интерес_франшиза / рся / #dzen,История успеха: мой путь от работницы к предпринимателю_6971f7f0c57fdb2965e9f7a5,1
2026-01-27,Яндекс ПромоСтраницы,yandex.promopages,Промостатья: Моя история 1 | Цена перехода | Ж25-54,"Как я преобразила свою жизнь, открыв зоомагазин_6489b3c2b218576c1a6c58ed",1
2026-01-27,Яндекс ПромоСтраницы,yandex.promopages,Промостатья: рынок и тренды 1 / М/Ж25-54 / интерес_открытие бизнеса / рся / #promo / 2512-1,Почему зообизнес растёт в кризис: разбираем по цифрам_6943e83c924d6d6e4f7b8e27,1
2026-01-27,Яндекс ПромоСтраницы,yandex.promopages,Промостатья: рынок и тренды 1 / М/Ж25-54 / интерес_открытие бизнеса / рся / #promo / 2512-1,"Почему зоомагазины процветают, пока другие закрываются_6943e83c924d6d6e4f7b8e27",1
2026-01-27,Яндекс ПромоСтраницы,yandex.promopages,Промостатья: рынок и тренды 1 / М/Ж25-54 / интерес_франшиза / рся / #promo / 2512-1,"Почему зоомагазины процветают, пока другие закрываются_6943ddc5d441fa401a721f35",1
2026-01-28,Яндекс.Директ: Не определено,yandex.promopages,Промостатья: Моя история 1 / Ж 25-54 / интерес_франшиза / рся / #dzen,"Как я преобразила свою жизнь, открыв зоомагазин_6971f7f0c57fdb2965e9f7a5",1
2026-01-29,Яндекс ПромоСтраницы,yandex.promopages,Промостатья: Моя история 1 | Цена перехода | Ж25-54,"Как я преобразила свою жизнь, открыв зоомагазин_6489b3c2b218576c1a6c58ed",1
2026-01-30,Яндекс ПромоСтраницы,yandex.promopages,Промостатья: Моя история 1 / Ж 25-54 / интерес_франшиза / рся / #dzen,История успеха: мой путь от работницы к предпринимателю_6971f7f0c57fdb2965e9f7a5,1
2026-01-30,Яндекс ПромоСтраницы,yandex.promopages,Промостатья: Моя история 1 | Цена перехода | Ж25-54,"Как я преобразила свою жизнь, открыв зоомагазин_6489b3c2b218576c1a6c58ed",1
2026-01-30,Яндекс ПромоСтраницы,yandex.promopages,Промостатья: рынок и тренды 1 / М/Ж25-54 / интерес_открытие бизнеса / рся / #promo / 2512-1,"Почему зоомагазины процветают, пока другие закрываются_6943e83c924d6d6e4f7b8e27",1
2026-01-30,Яндекс: Директ,yandex.promopages,Промостатья: Моя история 1 / Ж 25-54 / интерес_франшиза / рся / #dzen,"Как я преобразила свою жизнь, открыв зоомагазин_6971f7f0c57fdb2965e9f7a5",1
2026-02-01,Яндекс ПромоСтраницы,yandex.promopages,Промостатья: рынок и тренды 1 / М/Ж25-54 / интерес_франшиза / рся / #promo / 2512-1,"Почему зоомагазины процветают, пока другие закрываются_6943ddc5d441fa401a721f35",1
2026-02-02,Яндекс ПромоСтраницы,yandex.promopages,Промостатья: Моя история 1 | Цена перехода | Ж25-54,"Как я преобразила свою жизнь, открыв зоомагазин_6489b3c2b218576c1a6c58ed",1
2026-02-03,Яндекс ПромоСтраницы,yandex.promopages,Промостатья: Моя история 1 | Цена перехода | Ж25-54,"Как я преобразила свою жизнь, открыв зоомагазин_6489b3c2b218576c1a6c58ed",1
2026-02-05,Яндекс ПромоСтраницы,yandex.promopages,Промостатья: Моя история 1 | Цена перехода | Ж25-54,"Как я преобразила свою жизнь, открыв зоомагазин_6489b3c2b218576c1a6c58ed",1
2026-02-05,Яндекс ПромоСтраницы,yandex.promopages,Промостатья: рынок и тренды 1 / М/Ж25-54 / интерес_франшиза / рся / #promo / 2512-1,"Почему зоомагазины процветают, пока другие закрываются_6943ddc5d441fa401a721f35",1
2026-02-06,Яндекс ПромоСтраницы,yandex.promopages,Промостатья: Моя история 1 / Ж 25-54 / интерес_франшиза / рся / #dzen,"Как я преобразила свою жизнь, открыв зоомагазин_6971f7f0c57fdb2965e9f7a5",1
2026-02-06,Яндекс ПромоСтраницы,yandex.promopages,Промостатья: Моя история 1 | Цена перехода | Ж25-54,"Как я преобразила свою жизнь, открыв зоомагазин_6489b3c2b218576c1a6c58ed",1
2026-02-06,Яндекс ПромоСтраницы,yandex.promopages,Промостатья: рынок и тренды 1 / М/Ж25-54 / интерес_франшиза / рся / #promo / 2512-1,"Почему зоомагазины процветают, пока другие закрываются_6943ddc5d441fa401a721f35",1
2026-02-07,Яндекс ПромоСтраницы,yandex.promopages,Промостатья: Моя история 1 / Ж 25-54 / интерес_франшиза / рся / #dzen,"Как я преобразила свою жизнь, открыв зоомагазин_6971f7f0c57fdb2965e9f7a5",1
2026-02-09,Яндекс ПромоСтраницы,yandex.promopages,Промостатья: рынок и тренды 1 / М/Ж25-54 / интерес_открытие бизнеса / рся / #promo / 2512-1,"Почему зоомагазины процветают, пока другие закрываются_6943e83c924d6d6e4f7b8e27",1
2026-02-10,Яндекс ПромоСтраницы,yandex.promopages,Промостатья: Моя история 1 / Ж 25-54 / интерес_франшиза / рся / #dzen,"Как я преобразила свою жизнь, открыв зоомагазин_6971f7f0c57fdb2965e9f7a5",1
2026-02-10,Яндекс ПромоСтраницы,yandex.promopages,Промостатья: Моя история 1 | Цена перехода | Ж25-54,"Как я преобразила свою жизнь, открыв зоомагазин_6489b3c2b218576c1a6c58ed",1
2026-02-10,Яндекс ПромоСтраницы,yandex.promopages,Промостатья: рынок и тренды 1 / М/Ж25-54 / интерес_открытие бизнеса / рся / #promo / 2512-1,Рынок зоотоваров вырос на 39%: в чём секрет успеха_6943e83c924d6d6e4f7b8e27,1
2026-02-11,Яндекс ПромоСтраницы,yandex.promopages,Промостатья: Моя история 1 | Цена перехода | Ж25-54,"Как я преобразила свою жизнь, открыв зоомагазин_6489b3c2b218576c1a6c58ed",1
2026-02-12,Яндекс ПромоСтраницы,yandex.promopages,Промостатья: Моя история 1 | Цена перехода | Ж25-54,"Как я преобразила свою жизнь, открыв зоомагазин_6489b3c2b218576c1a6c58ed",1
2026-02-13,Яндекс ПромоСтраницы,yandex.promopages,Промостатья: Моя история 1 | Цена перехода | Ж25-54,"Как я преобразила свою жизнь, открыв зоомагазин_6489b3c2b218576c1a6c58ed",1
2026-02-14,Яндекс ПромоСтраницы,yandex.promopages,Промостатья: Моя история 1 / Ж 25-54 / интерес_франшиза / рся / #dzen,"Как я преобразила свою жизнь, открыв зоомагазин_6971f7f0c57fdb2965e9f7a5",1
2026-02-15,Яндекс ПромоСтраницы,yandex.promopages,Промостатья: Моя история 1 / Ж 25-54 / интерес_франшиза / рся / #dzen,"Как я преобразила свою жизнь, открыв зоомагазин_6971f7f0c57fdb2965e9f7a5",1
2026-02-16,Яндекс ПромоСтраницы,yandex.promopages,Промостатья: Моя история 1 / Ж 25-54 / интерес_франшиза / рся / #dzen,"Как я преобразила свою жизнь, открыв зоомагазин_6971f7f0c57fdb2965e9f7a5",1
2026-02-16,Яндекс ПромоСтраницы,yandex.promopages,Промостатья: Моя история 1 | Цена перехода | Ж25-54,"Как я преобразила свою жизнь, открыв зоомагазин_6489b3c2b218576c1a6c58ed",1
2026-02-16,Яндекс ПромоСтраницы,yandex.promopages,Промостатья: рынок и тренды 1 / М/Ж25-54 / интерес_открытие бизнеса / рся / #promo / 2512-1,"Почему зоомагазины процветают, пока другие закрываются_6943e83c924d6d6e4f7b8e27",1
2026-02-17,Яндекс ПромоСтраницы,yandex.promopages,Промостатья: Моя история 1 | Цена перехода | Ж25-54,"Как я преобразила свою жизнь, открыв зоомагазин_6489b3c2b218576c1a6c58ed",1
2026-02-18,Яндекс ПромоСтраницы,yandex.promopages,Промостатья: Моя история 1 / Ж 25-54 / интерес_франшиза / рся / #dzen,"Как я преобразила свою жизнь, открыв зоомагазин_6971f7f0c57fdb2965e9f7a5",1
2026-02-18,Яндекс ПромоСтраницы,yandex.promopages,Промостатья: Моя история 1 | Цена перехода | Ж25-54,"Как я преобразила свою жизнь, открыв зоомагазин_6489b3c2b218576c1a6c58ed",1
2026-02-19,Яндекс ПромоСтраницы,yandex.promopages,Промостатья: Моя история 1 | Цена перехода | Ж25-54,"Как я преобразила свою жизнь, открыв зоомагазин_6489b3c2b218576c1a6c58ed",1
2026-02-20,Яндекс ПромоСтраницы,yandex.promopages,Промостатья: рынок и тренды 1 / М/Ж25-54 / интерес_открытие бизнеса / рся / #promo / 2512-1 (копия),"Почему зоомагазины процветают, пока другие закрываются_69970bd31dce5f2f22da16f1",1
2026-02-20,Яндекс ПромоСтраницы,yandex.promopages,Промостатья: рынок и тренды 1 / М/Ж25-54 / интерес_франшиза / рся / #promo / 2512-1,"Почему зоомагазины процветают, пока другие закрываются_6943ddc5d441fa401a721f35",1
2026-02-25,Яндекс ПромоСтраницы,yandex.promopages,Промостатья: Моя история 1 | Цена перехода | Ж25-54,"Как я преобразила свою жизнь, открыв зоомагазин_6489b3c2b218576c1a6c58ed",1
2026-02-26,Google,yandex.promopages,Промостатья: Моя история 1 / Ж 25-54 / интерес_франшиза / рся / #dzen / 2602-1,Как франшиза меняет жизнь: история успеха_699eb80cb8de026b403a2e45,1
2026-02-26,Яндекс ПромоСтраницы,yandex.promopages,Промостатья: Моя история 1 | Цена перехода | Ж25-54,"Как я преобразила свою жизнь, открыв зоомагазин_6489b3c2b218576c1a6c58ed",1
2026-02-27,Яндекс ПромоСтраницы,yandex.promopages,Промостатья: Моя история 1 / Ж 25-54 / интерес_франшиза / рся / #dzen / 2602-1,Мой путь к успеху: зоомагазин по франшизе_699eb80cb8de026b403a2e45,1
2026-02-28,Яндекс ПромоСтраницы,yandex.promopages,Промостатья: Моя история 1 / Ж 25-54 / интерес_франшиза / рся / #dzen,"Как я преобразила свою жизнь, открыв зоомагазин_6971f7f0c57fdb2965e9f7a5",1
2026-02-28,Яндекс ПромоСтраницы,yandex.promopages,Промостатья: Моя история 1 / Ж 25-54 / интерес_франшиза / рся / #dzen / 2602-1,Как франшиза меняет жизнь: история успеха_699eb80cb8de026b403a2e45,1
2026-03-02,Яндекс ПромоСтраницы,yandex.promopages,Промостатья: Моя история 1 / Ж 25-54 / интерес_франшиза / рся / #dzen / 2602-1,"Как я преобразила свою жизнь, открыв зоомагазин_699eb80cb8de026b403a2e45",1
2026-03-02,Яндекс ПромоСтраницы,yandex.promopages,Промостатья: рынок и тренды 1 / М/Ж25-54 / интерес_открытие бизнеса / рся / #promo / 2512-1 (копия),"Почему зоомагазины процветают, пока другие закрываются_69970bd31dce5f2f22da16f1",1
2026-03-03,Яндекс ПромоСтраницы,yandex.promopages,Промостатья: Моя история 1 / Ж 25-54 / интерес_франшиза / рся / #dzen,"Как я преобразила свою жизнь, открыв зоомагазин_6971f7f0c57fdb2965e9f7a5",1
2026-03-09,Яндекс ПромоСтраницы,yandex.promopages,Промостатья: Моя история 1 / Ж 25-54 / интерес_франшиза / рся / #dzen / 2602-1,Мой путь к успеху: зоомагазин по франшизе_699eb80cb8de026b403a2e45,1
2026-03-12,Яндекс ПромоСтраницы,yandex.promopages,Промостатья: Моя история 1 / Ж 25-54 / интерес_франшиза / рся / #dzen / 2602-1,Зообизнес без рисков: франшиза «Мокрый нос»_699eb80cb8de026b403a2e45,1
2026-03-12,Яндекс: Директ,yandex.promopages,Промостатья: Моя история 1 / Ж 25-54 / интерес_франшиза / рся / #dzen / 2602-1,"Как я преобразила свою жизнь, открыв зоомагазин_699eb80cb8de026b403a2e45",1
2026-03-14,Яндекс ПромоСтраницы,yandex.promopages,Промостатья: рынок и тренды 1 / М/Ж25-54 / интерес_открытие бизнеса / рся / #promo / 2512-1 (копия),"Почему зоомагазины процветают, пока другие закрываются_69970bd31dce5f2f22da16f1",1
2026-03-16,Яндекс ПромоСтраницы,yandex.promopages,Промостатья: Моя история 1 / Ж 25-54 / интерес_франшиза / рся / #dzen / 2602-1,history,1
2026-03-23,Яндекс ПромоСтраницы,yandex.promopages,Промостатья: рынок и тренды 1 / М/Ж25-54 / интерес_открытие бизнеса / рся / #promo / 2512-1 (копия),"Почему зоомагазины процветают, пока другие закрываются_69970bd31dce5f2f22da16f1",1
2026-03-29,Яндекс ПромоСтраницы,yandex.promopages,Промостатья: Моя история 1 / Ж 25-54 / интерес_франшиза / рся / #dzen / 2602-1,history,1
2026-04-21,Яндекс ПромоСтраницы,yandex.promopages,Промостатья: рынок и тренды 1 / М25-44 / интерес_франшиза / рся / #dzen / 2603-1,market,211
2026-04-27,Яндекс ПромоСтраницы,yandex.promopages,Промостатья: Моя история 1 / Ж 25-54/ интерес_открытие бизнеса / рся / #dzen / 2603-1,history,141
2026-04-28,Яндекс ПромоСтраницы,yandex.promopages,Промостатья: Моя история 1 / Ж 25-54/ интерес_открытие бизнеса / рся / #dzen / 2603-1,history,117
2026-04-15,Яндекс ПромоСтраницы,yandex.promopages,Промостатья: рынок и тренды 1 / М25-44 / интерес_франшиза / рся / #dzen / 2603-1,market,83
2026-04-26,Яндекс ПромоСтраницы,yandex.promopages,Промостатья: рынок и тренды 1 / М25-44 / интерес_франшиза / рся / #dzen / 2603-1,market,71
2026-04-25,Яндекс ПромоСтраницы,yandex.promopages,Промостатья: рынок и тренды 1 / Ж25-44 / интерес_франшиза / рся / #dzen / 2404,market,58
2026-04-25,Яндекс ПромоСтраницы,yandex.promopages,Промостатья: рынок и тренды 1 / М25-44 / интерес_франшиза / рся / #dzen / 2603-1,market,57
2026-04-26,Яндекс ПромоСтраницы,yandex.promopages,Промостатья: рынок и тренды 1 / Ж25-44 / интерес_франшиза / рся / #dzen / 2404,market,45
2026-04-27,Яндекс ПромоСтраницы,yandex.promopages,Промостатья: рынок и тренды 1 / Ж25-44 / интерес_франшиза / рся / #dzen / 2404,market,34
2026-06-01,Яндекс ПромоСтраницы,yandex.promopages,Промостатья: Моя история 1 / Ж 25-54/ интерес_открытие бизнеса / рся / #dzen / 2603-1,history,29
2026-05-28,Яндекс ПромоСтраницы,yandex.promopages,Промостатья: рынок и тренды 1 / Ж25-44 / интерес_франшиза / рся / #dzen / 2404,market,28
2026-05-29,Яндекс ПромоСтраницы,yandex.promopages,Промостатья: Моя история 1 / Ж 25-54/ интерес_открытие бизнеса / рся / #dzen / 2603-1,history,28
2026-05-29,Яндекс ПромоСтраницы,yandex.promopages,Промостатья: рынок и тренды 1 / Ж25-44 / интерес_франшиза / рся / #dzen / 2404,market,27
2026-05-24,Яндекс ПромоСтраницы,yandex.promopages,Промостатья: Моя история 1 / Ж 25-54/ интерес_открытие бизнеса / рся / #dzen / 2603-1,history,25
2026-04-16,Яндекс ПромоСтраницы,yandex.promopages,Промостатья: рынок и тренды 1 / М25-44 / интерес_франшиза / рся / #dzen / 2603-1,market,22
2026-04-24,Яндекс ПромоСтраницы,yandex.promopages,Промостатья: рынок и тренды 1 / Ж25-44 / интерес_франшиза / рся / #dzen / 2404,market,22
2026-05-28,Яндекс ПромоСтраницы,yandex.promopages,Промостатья: Моя история 1 / Ж 25-54/ интерес_открытие бизнеса / рся / #dzen / 2603-1,history,22
2026-04-17,Яндекс ПромоСтраницы,yandex.promopages,Промостатья: рынок и тренды 1 / М25-44 / интерес_франшиза / рся / #dzen / 2603-1,market,21
2026-05-20,Яндекс ПромоСтраницы,yandex.promopages,Промостатья: Моя история 1 / Ж 25-54/ интерес_открытие бизнеса / рся / #dzen / 2603-1,history,20
2026-05-21,Яндекс ПромоСтраницы,yandex.promopages,Промостатья: Моя история 1 / Ж 25-54/ интерес_открытие бизнеса / рся / #dzen / 2603-1,history,19
2026-05-23,Яндекс ПромоСтраницы,yandex.promopages,Промостатья: Моя история 1 / Ж 25-54/ интерес_открытие бизнеса / рся / #dzen / 2603-1,history,16
2026-06-16,Яндекс ПромоСтраницы,yandex.promopages,Промостатья: Моя история 1 / Ж 25-54/ интерес_открытие бизнеса / рся / #dzen / 2603-1,history,16
2026-06-25,Яндекс ПромоСтраницы,yandex.promopages,Промостатья: Моя история 1 / Ж 25-54/ интерес_открытие бизнеса / рся / #dzen / 2603-1,history,16
2026-04-14,Яндекс ПромоСтраницы,yandex.promopages,Промостатья: рынок и тренды 1 / М25-44 / интерес_франшиза / рся / #dzen / 2603-1,market,13
2026-04-27,Яндекс ПромоСтраницы,yandex.promopages,Промостатья: рынок и тренды 1 / М25-44 / интерес_франшиза / рся / #dzen / 2603-1,market,13
2026-05-25,Яндекс ПромоСтраницы,yandex.promopages,Промостатья: Моя история 1 / Ж 25-54/ интерес_открытие бизнеса / рся / #dzen / 2603-1,history,13
2026-05-27,Яндекс ПромоСтраницы,yandex.promopages,Промостатья: Моя история 1 / Ж 25-54/ интерес_открытие бизнеса / рся / #dzen / 2603-1,history,12
2026-06-29,Яндекс ПромоСтраницы,yandex.promopages,Промостатья: Моя история 1 / Ж 25-54/ интерес_открытие бизнеса / рся / #dzen / 2603-1,history,12
2026-05-22,Яндекс ПромоСтраницы,yandex.promopages,Промостатья: Моя история 1 / Ж 25-54/ интерес_открытие бизнеса / рся / #dzen / 2603-1,history,11
2026-05-31,Яндекс ПромоСтраницы,yandex.promopages,Промостатья: Моя история 1 / Ж 25-54/ интерес_открытие бизнеса / рся / #dzen / 2603-1,history,11
2026-06-17,Яндекс ПромоСтраницы,yandex.promopages,Промостатья: Моя история 1 / Ж 25-54/ интерес_открытие бизнеса / рся / #dzen / 2603-1,history,9
2026-06-25,Яндекс ПромоСтраницы,yandex.promopages,Промостатья: Моя история 1 / Ж 25-54 / интерес_франшиза / рся / #dzen / 2602-1,history,9
2026-05-28,Яндекс ПромоСтраницы,yandex.promopages,Промостатья: Моя история 1 / Ж 25-54 / интерес_франшиза / рся / #dzen / 2602-1,history,8
2026-06-30,Яндекс ПромоСтраницы,yandex.promopages,Промостатья: Моя история 1 / Ж 25-54 / интерес_франшиза / рся / #dzen / 2602-1,history,8
2026-05-17,Яндекс ПромоСтраницы,yandex.promopages,Промостатья: Моя история 1 / Ж 25-54 / интерес_франшиза / рся / #dzen / 2602-1,history,7
2026-05-30,Яндекс ПромоСтраницы,yandex.promopages,Промостатья: Моя история 1 / Ж 25-54/ интерес_открытие бизнеса / рся / #dzen / 2603-1,history,7
2026-06-15,Яндекс ПромоСтраницы,yandex.promopages,Промостатья: Моя история 1 / Ж 25-54 / интерес_франшиза / рся / #dzen / 2602-1,history,7
2026-04-22,Яндекс ПромоСтраницы,yandex.promopages,Промостатья: рынок и тренды 1 / М25-44 / интерес_франшиза / рся / #dzen / 2603-1,market,6
2026-04-29,Яндекс ПромоСтраницы,yandex.promopages,Промостатья: рынок и тренды 1 / Ж25-44 / интерес_франшиза / рся / #dzen / 2404,market,6
2026-06-30,Яндекс ПромоСтраницы,yandex.promopages,Промостатья: рынок и тренды 1 / М25-44 / интерес_франшиза / рся / #dzen / 2603-1,market,6
2026-04-14,Яндекс ПромоСтраницы,yandex.promopages,Промостатья: Моя история 1 / Ж 25-54 / интерес_франшиза / рся / #dzen / 2602-1,history,5
2026-05-04,Яндекс ПромоСтраницы,yandex.promopages,Промостатья: Моя история 1 / Ж 25-54 / интерес_франшиза / рся / #dzen / 2602-1,history,5
2026-05-15,Яндекс ПромоСтраницы,yandex.promopages,Промостатья: Моя история 1 / Ж 25-54 / интерес_франшиза / рся / #dzen / 2602-1,history,5
2026-06-28,Яндекс ПромоСтраницы,yandex.promopages,Промостатья: Моя история 1 / Ж 25-54/ интерес_открытие бизнеса / рся / #dzen / 2603-1,history,5
2026-06-29,Яндекс ПромоСтраницы,yandex.promopages,Промостатья: Моя история 1 / Ж 25-54 / интерес_франшиза / рся / #dzen / 2602-1,history,5
2026-04-15,Яндекс ПромоСтраницы,yandex.promopages,Промостатья: Моя история 1 / Ж 25-54 / интерес_франшиза / рся / #dzen / 2602-1,history,4
2026-04-19,Яндекс ПромоСтраницы,yandex.promopages,Промостатья: Моя история 1 / Ж 25-54 / интерес_франшиза / рся / #dzen / 2602-1,history,4
2026-04-28,Яндекс ПромоСтраницы,yandex.promopages,Промостатья: рынок и тренды 1 / Ж25-44 / интерес_франшиза / рся / #dzen / 2404,market,4
2026-04-30,Яндекс ПромоСтраницы,yandex.promopages,Промостатья: рынок и тренды 1 / Ж25-44 / интерес_франшиза / рся / #dzen / 2404,market,4
2026-05-18,Яндекс ПромоСтраницы,yandex.promopages,Промостатья: Моя история 1 / Ж 25-54 / интерес_франшиза / рся / #dzen / 2602-1,history,4
2026-06-03,Яндекс ПромоСтраницы,yandex.promopages,Промостатья: Моя история 1 / Ж 25-54 / интерес_франшиза / рся / #dzen / 2602-1,history,4
2026-06-15,Яндекс ПромоСтраницы,yandex.promopages,Промостатья: Моя история 1 / Ж 25-54/ интерес_открытие бизнеса / рся / #dzen / 2603-1,history,4
2026-06-27,Яндекс ПромоСтраницы,yandex.promopages,Промостатья: Моя история 1 / Ж 25-54/ интерес_открытие бизнеса / рся / #dzen / 2603-1,history,4
2026-04-16,Яндекс ПромоСтраницы,yandex.promopages,Промостатья: Моя история 1 / Ж 25-54 / интерес_франшиза / рся / #dzen / 2602-1,history,3
2026-04-29,Яндекс ПромоСтраницы,yandex.promopages,Промостатья: Моя история 1 / Ж 25-54/ интерес_открытие бизнеса / рся / #dzen / 2603-1,history,3
2026-05-11,Яндекс ПромоСтраницы,yandex.promopages,Промостатья: Моя история 1 / Ж 25-54 / интерес_франшиза / рся / #dzen / 2602-1,history,3
2026-05-14,Яндекс ПромоСтраницы,yandex.promopages,Промостатья: Моя история 1 / Ж 25-54 / интерес_франшиза / рся / #dzen / 2602-1,history,3
2026-05-19,Яндекс ПромоСтраницы,yandex.promopages,Промостатья: Моя история 1 / Ж 25-54 / интерес_франшиза / рся / #dzen / 2602-1,history,3
2026-05-26,Яндекс ПромоСтраницы,yandex.promopages,Промостатья: Моя история 1 / Ж 25-54/ интерес_открытие бизнеса / рся / #dzen / 2603-1,history,3
2026-05-29,Яндекс ПромоСтраницы,yandex.promopages,Промостатья: Моя история 1 / Ж 25-54 / интерес_франшиза / рся / #dzen / 2602-1,history,3
2026-05-31,Яндекс ПромоСтраницы,yandex.promopages,Промостатья: Моя история 1 / Ж 25-54 / интерес_франшиза / рся / #dzen / 2602-1,history,3
2026-06-02,Яндекс ПромоСтраницы,yandex.promopages,Промостатья: Моя история 1 / Ж 25-54 / интерес_франшиза / рся / #dzen / 2602-1,history,3
2026-06-02,Яндекс ПромоСтраницы,yandex.promopages,Промостатья: Моя история 1 / Ж 25-54/ интерес_открытие бизнеса / рся / #dzen / 2603-1,history,3
2026-06-05,Яндекс ПромоСтраницы,yandex.promopages,Промостатья: Моя история 1 / Ж 25-54/ интерес_открытие бизнеса / рся / #dzen / 2603-1,history,3
2026-06-09,Яндекс ПромоСтраницы,yandex.promopages,Промостатья: Моя история 1 / Ж 25-54 / интерес_франшиза / рся / #dzen / 2602-1,history,3
2026-06-10,Яндекс ПромоСтраницы,yandex.promopages,Промостатья: Моя история 1 / Ж 25-54 / интерес_франшиза / рся / #dzen / 2602-1,history,3
2026-06-13,Яндекс ПромоСтраницы,yandex.promopages,Промостатья: Моя история 1 / Ж 25-54 / интерес_франшиза / рся / #dzen / 2602-1,history,3
2026-06-20,Яндекс ПромоСтраницы,yandex.promopages,Промостатья: Моя история 1 / Ж 25-54 / интерес_франшиза / рся / #dzen / 2602-1,history,3
2026-06-26,Яндекс ПромоСтраницы,yandex.promopages,Промостатья: Моя история 1 / Ж 25-54/ интерес_открытие бизнеса / рся / #dzen / 2603-1,history,3
2026-04-16,Не определено,yandex.promopages,Промостатья: рынок и тренды 1 / М25-44 / интерес_франшиза / рся / #dzen / 2603-1,market,2
2026-04-24,Яндекс ПромоСтраницы,yandex.promopages,Промостатья: рынок и тренды 1 / М25-44 / интерес_франшиза / рся / #dzen / 2603-1,market,2
2026-05-08,Яндекс ПромоСтраницы,yandex.promopages,Промостатья: Моя история 1 / Ж 25-54 / интерес_франшиза / рся / #dzen / 2602-1,history,2
2026-05-10,Яндекс ПромоСтраницы,yandex.promopages,Промостатья: Моя история 1 / Ж 25-54 / интерес_франшиза / рся / #dzen / 2602-1,history,2
2026-05-16,Яндекс ПромоСтраницы,yandex.promopages,Промостатья: Моя история 1 / Ж 25-54 / интерес_франшиза / рся / #dzen / 2602-1,history,2
2026-05-21,Яндекс ПромоСтраницы,yandex.promopages,Промостатья: Моя история 1 / Ж 25-54 / интерес_франшиза / рся / #dzen / 2602-1,history,2
2026-06-05,Яндекс ПромоСтраницы,yandex.promopages,Промостатья: Моя история 1 / Ж 25-54 / интерес_франшиза / рся / #dzen / 2602-1,history,2
2026-06-06,Яндекс ПромоСтраницы,yandex.promopages,Промостатья: Моя история 1 / Ж 25-54/ интерес_открытие бизнеса / рся / #dzen / 2603-1,history,2
2026-06-07,Яндекс ПромоСтраницы,yandex.promopages,Промостатья: Моя история 1 / Ж 25-54/ интерес_открытие бизнеса / рся / #dzen / 2603-1,history,2
2026-06-08,Яндекс ПромоСтраницы,yandex.promopages,Промостатья: Моя история 1 / Ж 25-54 / интерес_франшиза / рся / #dzen / 2602-1,history,2
2026-06-11,Яндекс ПромоСтраницы,yandex.promopages,Промостатья: Моя история 1 / Ж 25-54 / интерес_франшиза / рся / #dzen / 2602-1,history,2
2026-06-11,Яндекс ПромоСтраницы,yandex.promopages,Промостатья: Моя история 1 / Ж 25-54/ интерес_открытие бизнеса / рся / #dzen / 2603-1,history,2
2026-06-12,Яндекс ПромоСтраницы,yandex.promopages,Промостатья: Моя история 1 / Ж 25-54 / интерес_франшиза / рся / #dzen / 2602-1,history,2
2026-06-12,Яндекс ПромоСтраницы,yandex.promopages,Промостатья: Моя история 1 / Ж 25-54/ интерес_открытие бизнеса / рся / #dzen / 2603-1,history,2
2026-06-14,Яндекс ПромоСтраницы,yandex.promopages,Промостатья: Моя история 1 / Ж 25-54/ интерес_открытие бизнеса / рся / #dzen / 2603-1,history,2
2026-06-24,Яндекс ПромоСтраницы,yandex.promopages,Промостатья: Моя история 1 / Ж 25-54/ интерес_открытие бизнеса / рся / #dzen / 2603-1,history,2
2026-04-06,Яндекс ПромоСтраницы,yandex.promopages,Промостатья: Моя история 1 / Ж 25-54 / интерес_франшиза / рся / #dzen / 2602-1,history,1
2026-04-07,Яндекс ПромоСтраницы,yandex.promopages,Промостатья: Моя история 1 / Ж 25-54 / интерес_франшиза / рся / #dzen / 2602-1,history,1
2026-04-09,Яндекс ПромоСтраницы,yandex.promopages,Промостатья: Моя история 1 / Ж 25-54 / интерес_франшиза / рся / #dzen / 2602-1,history,1
2026-04-15,Не определено,yandex.promopages,Промостатья: рынок и тренды 1 / М25-44 / интерес_франшиза / рся / #dzen / 2603-1,market,1
2026-04-17,Не определено,yandex.promopages,Промостатья: рынок и тренды 1 / М25-44 / интерес_франшиза / рся / #dzen / 2603-1,market,1
2026-04-17,Яндекс ПромоСтраницы,yandex.promopages,Промостатья: Моя история 1 / Ж 25-54 / интерес_франшиза / рся / #dzen / 2602-1,history,1
2026-04-18,Яндекс ПромоСтраницы,yandex.promopages,Промостатья: рынок и тренды 1 / М25-44 / интерес_франшиза / рся / #dzen / 2603-1,market,1
2026-04-21,Яндекс ПромоСтраницы,yandex.promopages,Промостатья: Моя история 1 / Ж 25-54 / интерес_франшиза / рся / #dzen / 2602-1,history,1
2026-04-22,Яндекс ПромоСтраницы,yandex.promopages,Промостатья: Моя история 1 / Ж 25-54 / интерес_франшиза / рся / #dzen / 2602-1,history,1
2026-04-23,Яндекс ПромоСтраницы,yandex.promopages,Промостатья: Моя история 1 / Ж 25-54 / интерес_франшиза / рся / #dzen / 2602-1,history,1
2026-04-23,Яндекс ПромоСтраницы,yandex.promopages,Промостатья: рынок и тренды 1 / М25-44 / интерес_франшиза / рся / #dzen / 2603-1,market,1
2026-04-25,Яндекс: Директ,yandex.promopages,Промостатья: рынок и тренды 1 / Ж25-44 / интерес_франшиза / рся / #dzen / 2404,market,1
2026-04-26,Яндекс ПромоСтраницы,yandex.promopages,Промостатья: Моя история 1 / Ж 25-54 / интерес_франшиза / рся / #dzen / 2602-1,history,1
2026-04-26,Яндекс ПромоСтраницы,yandex.promopages,Промостатья: Моя история 1 / Ж 25-54/ интерес_открытие бизнеса / рся / #dzen / 2603-1,history,1
2026-04-27,Яндекс ПромоСтраницы,yandex.promopages,Промостатья: Моя история 1 / Ж 25-54 / интерес_франшиза / рся / #dzen / 2602-1,history,1
2026-04-27,Яндекс: Директ,yandex.promopages,Промостатья: Моя история 1 / Ж 25-54/ интерес_открытие бизнеса / рся / #dzen / 2603-1,history,1
2026-04-28,Яндекс ПромоСтраницы,yandex.promopages,Промостатья: рынок и тренды 1 / М25-44 / интерес_франшиза / рся / #dzen / 2603-1,market,1
2026-04-28,Яндекс.Директ: Не определено,yandex.promopages,Промостатья: Моя история 1 / Ж 25-54 / интерес_франшиза / рся / #dzen / 2602-1,history,1
2026-04-29,Не определено,yandex.promopages,Промостатья: Моя история 1 / Ж 25-54 / интерес_франшиза / рся / #dzen / 2602-1,history,1
2026-04-30,Яндекс ПромоСтраницы,yandex.promopages,Промостатья: Моя история 1 / Ж 25-54 / интерес_франшиза / рся / #dzen / 2602-1,history,1
2026-04-30,Яндекс ПромоСтраницы,yandex.promopages,Промостатья: Моя история 1 / Ж 25-54/ интерес_открытие бизнеса / рся / #dzen / 2603-1,history,1
2026-04-30,Яндекс ПромоСтраницы,yandex.promopages,Промостатья: рынок и тренды 1 / М25-44 / интерес_франшиза / рся / #dzen / 2603-1,market,1
2026-05-01,Яндекс ПромоСтраницы,yandex.promopages,Промостатья: Моя история 1 / Ж 25-54 / интерес_франшиза / рся / #dzen / 2602-1,history,1
2026-05-06,Яндекс ПромоСтраницы,yandex.promopages,Промостатья: Моя история 1 / Ж 25-54 / интерес_франшиза / рся / #dzen / 2602-1,history,1
2026-05-09,Яндекс ПромоСтраницы,yandex.promopages,Промостатья: Моя история 1 / Ж 25-54 / интерес_франшиза / рся / #dzen / 2602-1,history,1
2026-05-10,Яндекс: Директ,yandex.promopages,Промостатья: Моя история 1 / Цена перехода / Ж25-54 / интерес_открытие бизнеса,История успеха: мой путь от работницы к предпринимателю_67e2d1fb02adb863df447f39,1
2026-05-13,Яндекс ПромоСтраницы,yandex.promopages,Промостатья: Моя история 1 / Ж 25-54/ интерес_открытие бизнеса / рся / #dzen / 2603-1,history,1
2026-05-23,Яндекс ПромоСтраницы,yandex.promopages,Промостатья: Моя история 1 | Цена перехода | Ж25-54,"Как я преобразила свою жизнь, открыв зоомагазин_6489b3c2b218576c1a6c58ed",1
2026-05-24,Яндекс ПромоСтраницы,yandex.promopages,Промостатья: Моя история 1 / Ж 25-54 / интерес_франшиза / рся / #dzen / 2602-1,history,1
2026-05-25,Яндекс ПромоСтраницы,yandex.promopages,Промостатья: Моя история 1 / Ж 25-54 / интерес_франшиза / рся / #dzen / 2602-1,history,1
2026-05-26,Яндекс ПромоСтраницы,yandex.promopages,Промостатья: Моя история 1 / Ж 25-54 / интерес_франшиза / рся / #dzen / 2602-1,history,1
2026-05-27,Яндекс ПромоСтраницы,yandex.promopages,Промостатья: Моя история 1 / Ж 25-54 / интерес_франшиза / рся / #dzen / 2602-1,history,1
2026-05-29,Яндекс: Директ,yandex.promopages,Промостатья: Моя история 1 / Ж 25-54/ интерес_открытие бизнеса / рся / #dzen / 2603-1,history,1
2026-06-01,Яндекс ПромоСтраницы,yandex.promopages,Промостатья: Моя история 1 / Ж 25-54 / интерес_франшиза / рся / #dzen / 2602-1,history,1
2026-06-03,Яндекс ПромоСтраницы,yandex.promopages,Промостатья: Моя история 1 / Ж 25-54/ интерес_открытие бизнеса / рся / #dzen / 2603-1,history,1
2026-06-04,Яндекс ПромоСтраницы,yandex.promopages,Промостатья: Моя история 1 / Ж 25-54/ интерес_открытие бизнеса / рся / #dzen / 2603-1,history,1
2026-06-06,Яндекс ПромоСтраницы,yandex.promopages,Промостатья: Моя история 1 / Ж 25-54 / интерес_франшиза / рся / #dzen / 2602-1,history,1
2026-06-08,Яндекс ПромоСтраницы,yandex.promopages,Промостатья: Моя история 1 / Ж 25-54/ интерес_открытие бизнеса / рся / #dzen / 2603-1,history,1
2026-06-13,Яндекс ПромоСтраницы,yandex.promopages,Промостатья: Моя история 1 / Ж 25-54/ интерес_открытие бизнеса / рся / #dzen / 2603-1,history,1
2026-06-17,Яндекс ПромоСтраницы,yandex.promopages,Промостатья: Моя история 1 / Ж 25-54 / интерес_франшиза / рся / #dzen / 2602-1,history,1
2026-06-17,Яндекс ПромоСтраницы,yandex.promopages,Промостатья: рынок и тренды 1 / М25-44 / интерес_франшиза / рся / #dzen / 2603-1,market,1
2026-06-20,Яндекс ПромоСтраницы,yandex.promopages,Промостатья: рынок и тренды 1 / М25-44 / интерес_франшиза / рся / #dzen / 2603-1,market,1
2026-06-26,Яндекс ПромоСтраницы,yandex.promopages,Промостатья: Моя история 1 / Ж 25-54 / интерес_франшиза / рся / #dzen / 2602-1,history,1
2026-06-26,Яндекс ПромоСтраницы,yandex.promopages,Промостатья: рынок и тренды 1 / М25-44 / интерес_франшиза / рся / #dzen / 2603-1,market,1
2026-06-27,Яндекс ПромоСтраницы,yandex.promopages,Промостатья: рынок и тренды 1 / М25-44 / интерес_франшиза / рся / #dzen / 2603-1,market,1
2026-06-28,Яндекс ПромоСтраницы,yandex.promopages,Промостатья: Моя история 1 / Ж 25-54 / интерес_франшиза / рся / #dzen / 2602-1,history,1
2026-06-29,Яндекс ПромоСтраницы,yandex.promopages,Промостатья: рынок и тренды 1 / М25-44 / интерес_франшиза / рся / #dzen / 2603-1,market,1
2026-07-19,Яндекс ПромоСтраницы,yandex.promopages,Промостатья: Моя история 1 / Ж 25-54/ интерес_открытие бизнеса / рся / #dzen / 2603-1,history,33
2026-07-18,Яндекс ПромоСтраницы,yandex.promopages,Промостатья: Моя история 1 / Ж 25-54/ интерес_открытие бизнеса / рся / #dzen / 2603-1,history,29
2026-07-17,Яндекс ПромоСтраницы,yandex.promopages,Промостатья: Моя история 1 / Ж 25-54/ интерес_открытие бизнеса / рся / #dzen / 2603-1,history,19
2026-07-04,Яндекс ПромоСтраницы,yandex.promopages,Промостатья: Моя история 1 / Ж 25-54/ интерес_открытие бизнеса / рся / #dzen / 2603-1,history,12
2026-07-02,Яндекс ПромоСтраницы,yandex.promopages,Промостатья: Моя история 1 / Ж 25-54/ интерес_открытие бизнеса / рся / #dzen / 2603-1,history,10
2026-07-03,Яндекс ПромоСтраницы,yandex.promopages,Промостатья: Моя история 1 / Ж 25-54/ интерес_открытие бизнеса / рся / #dzen / 2603-1,history,10
2026-07-07,Яндекс ПромоСтраницы,yandex.promopages,Промостатья: Моя история 1 / Ж 25-54/ интерес_открытие бизнеса / рся / #dzen / 2603-1,history,10
2026-07-14,Яндекс ПромоСтраницы,yandex.promopages,Промостатья: Моя история 1 / Ж 25-54/ интерес_открытие бизнеса / рся / #dzen / 2603-1,history,10
2026-07-01,Яндекс ПромоСтраницы,yandex.promopages,Промостатья: Моя история 1 / Ж 25-54 / интерес_франшиза / рся / #dzen / 2602-1,history,9
2026-07-09,Яндекс ПромоСтраницы,yandex.promopages,Промостатья: Моя история 1 / Ж 25-54/ интерес_открытие бизнеса / рся / #dzen / 2603-1,history,9
2026-07-28,Яндекс ПромоСтраницы,yandex.promopages,Промостатья: Моя история 1 / Ж 25-54 / интерес_франшиза / рся / #dzen / 2602-1,history,9
2026-07-08,Яндекс ПромоСтраницы,yandex.promopages,Промостатья: Моя история 1 / Ж 25-54/ интерес_открытие бизнеса / рся / #dzen / 2603-1,history,8
2026-07-16,Яндекс ПромоСтраницы,yandex.promopages,Промостатья: Моя история 1 / Ж 25-54/ интерес_открытие бизнеса / рся / #dzen / 2603-1,history,8
2026-07-01,Яндекс ПромоСтраницы,yandex.promopages,Промостатья: Моя история 1 / Ж 25-54/ интерес_открытие бизнеса / рся / #dzen / 2603-1,history,7
2026-07-15,Яндекс ПромоСтраницы,yandex.promopages,Промостатья: Моя история 1 / Ж 25-54/ интерес_открытие бизнеса / рся / #dzen / 2603-1,history,7
2026-07-24,Яндекс ПромоСтраницы,yandex.promopages,Промостатья: Моя история 1 / Ж 25-54/ интерес_открытие бизнеса / рся / #dzen / 2603-1,history,6
2026-07-05,Яндекс ПромоСтраницы,yandex.promopages,Промостатья: Моя история 1 / Ж 25-54/ интерес_открытие бизнеса / рся / #dzen / 2603-1,history,5
2026-07-13,Яндекс ПромоСтраницы,yandex.promopages,Промостатья: Моя история 1 / Ж 25-54/ интерес_открытие бизнеса / рся / #dzen / 2603-1,history,5
2026-07-22,Яндекс ПромоСтраницы,yandex.promopages,Промостатья: Моя история 1 / Ж 25-54/ интерес_открытие бизнеса / рся / #dzen / 2603-1,history,5
2026-07-22,Яндекс ПромоСтраницы,yandex.promopages,Промостатья: рынок и тренды 1 / М25-44 / интерес_франшиза / рся / #dzen / 2603-1,market,5
2026-07-06,Яндекс ПромоСтраницы,yandex.promopages,Промостатья: Моя история 1 / Ж 25-54/ интерес_открытие бизнеса / рся / #dzen / 2603-1,history,4
2026-07-12,Яндекс ПромоСтраницы,yandex.promopages,Промостатья: Моя история 1 / Ж 25-54/ интерес_открытие бизнеса / рся / #dzen / 2603-1,history,4
2026-07-23,Яндекс ПромоСтраницы,yandex.promopages,Промостатья: Моя история 1 / Ж 25-54/ интерес_открытие бизнеса / рся / #dzen / 2603-1,history,4
2026-07-26,Яндекс ПромоСтраницы,yandex.promopages,Промостатья: Моя история 1 / Ж 25-54/ интерес_открытие бизнеса / рся / #dzen / 2603-1,history,4
2026-07-27,Яндекс ПромоСтраницы,yandex.promopages,Промостатья: Моя история 1 / Ж 25-54/ интерес_открытие бизнеса / рся / #dzen / 2603-1,history,4
2026-08-09,Яндекс ПромоСтраницы,yandex.promopages,Промостатья: рынок и тренды 1 / М25-44 / интерес_франшиза / рся / #dzen / 2603-1,market,4
2026-08-10,Яндекс ПромоСтраницы,yandex.promopages,Промостатья: Моя история 1 / Ж 25-54/ интерес_открытие бизнеса / рся / #dzen / 2603-1,history,4
2026-08-18,Яндекс ПромоСтраницы,yandex.promopages,Промостатья: Моя история 1 / Ж 25-54/ интерес_открытие бизнеса / рся / #dzen / 2603-1,history,4
2026-07-02,Яндекс ПромоСтраницы,yandex.promopages,Промостатья: Моя история 1 / Ж 25-54 / интерес_франшиза / рся / #dzen / 2602-1,history,3
2026-07-10,Яндекс ПромоСтраницы,yandex.promopages,Промостатья: Моя история 1 / Ж 25-54/ интерес_открытие бизнеса / рся / #dzen / 2603-1,history,3
2026-07-11,Яндекс ПромоСтраницы,yandex.promopages,Промостатья: Моя история 1 / Ж 25-54 / интерес_франшиза / рся / #dzen / 2602-1,history,3
2026-07-17,Яндекс ПромоСтраницы,yandex.promopages,Промостатья: Моя история 1 / Ж 25-54 / интерес_франшиза / рся / #dzen / 2602-1,history,3
2026-07-20,Яндекс ПромоСтраницы,yandex.promopages,Промостатья: Моя история 1 / Ж 25-54 / интерес_франшиза / рся / #dzen / 2602-1,history,3
2026-07-21,Яндекс ПромоСтраницы,yandex.promopages,Промостатья: Моя история 1 / Ж 25-54 / интерес_франшиза / рся / #dzen / 2602-1,history,3
2026-07-21,Яндекс ПромоСтраницы,yandex.promopages,Промостатья: Моя история 1 / Ж 25-54/ интерес_открытие бизнеса / рся / #dzen / 2603-1,history,3
2026-07-22,Яндекс ПромоСтраницы,yandex.promopages,Промостатья: Моя история 1 / Ж 25-54 / интерес_франшиза / рся / #dzen / 2602-1,history,3
2026-07-23,Яндекс ПромоСтраницы,yandex.promopages,Промостатья: Моя история 1 / Ж 25-54 / интерес_франшиза / рся / #dzen / 2602-1,history,3
2026-07-25,Яндекс ПромоСтраницы,yandex.promopages,Промостатья: Моя история 1 / Ж 25-54 / интерес_франшиза / рся / #dzen / 2602-1,history,3
2026-07-29,Яндекс ПромоСтраницы,yandex.promopages,Промостатья: Моя история 1 / Ж 25-54/ интерес_открытие бизнеса / рся / #dzen / 2603-1,history,3
2026-08-01,Яндекс ПромоСтраницы,yandex.promopages,Промостатья: Моя история 1 / Ж 25-54 / интерес_франшиза / рся / #dzen / 2602-1,history,3
2026-08-19,Яндекс ПромоСтраницы,yandex.promopages,Промостатья: рынок и тренды 1 / М25-44 / интерес_франшиза / рся / #dzen / 2603-1,market,3
2026-07-02,Яндекс ПромоСтраницы,yandex.promopages,Промостатья: рынок и тренды 1 / М25-44 / интерес_франшиза / рся / #dzen / 2603-1,market,2
2026-07-03,Яндекс ПромоСтраницы,yandex.promopages,Промостатья: рынок и тренды 1 / М25-44 / интерес_франшиза / рся / #dzen / 2603-1,market,2
2026-07-04,Яндекс ПромоСтраницы,yandex.promopages,Промостатья: Моя история 1 / Ж 25-54 / интерес_франшиза / рся / #dzen / 2602-1,history,2
2026-07-07,Яндекс ПромоСтраницы,yandex.promopages,Промостатья: рынок и тренды 1 / М25-44 / интерес_франшиза / рся / #dzen / 2603-1,market,2
2026-07-18,Яндекс ПромоСтраницы,yandex.promopages,Промостатья: Моя история 1 / Ж 25-54 / интерес_франшиза / рся / #dzen / 2602-1,history,2
2026-07-25,Яндекс ПромоСтраницы,yandex.promopages,Промостатья: Моя история 1 / Ж 25-54/ интерес_открытие бизнеса / рся / #dzen / 2603-1,history,2
2026-07-27,Яндекс ПромоСтраницы,yandex.promopages,Промостатья: рынок и тренды 1 / Ж25-44 / интерес_франшиза / рся / #dzen / 2404,market,2
2026-07-28,Яндекс ПромоСтраницы,yandex.promopages,Промостатья: Моя история 1 / Ж 25-54/ интерес_открытие бизнеса / рся / #dzen / 2603-1,history,2
2026-07-30,Яндекс ПромоСтраницы,yandex.promopages,Промостатья: Моя история 1 / Ж 25-54 / интерес_франшиза / рся / #dzen / 2602-1,history,2
2026-07-30,Яндекс ПромоСтраницы,yandex.promopages,Промостатья: Моя история 1 / Ж 25-54/ интерес_открытие бизнеса / рся / #dzen / 2603-1,history,2
2026-07-31,Яндекс ПромоСтраницы,yandex.promopages,Промостатья: Моя история 1 / Ж 25-54 / интерес_франшиза / рся / #dzen / 2602-1,history,2
2026-08-01,Яндекс ПромоСтраницы,yandex.promopages,Промостатья: Моя история 1 / Ж 25-54/ интерес_открытие бизнеса / рся / #dzen / 2603-1,history,2
2026-08-10,Яндекс ПромоСтраницы,yandex.promopages,Промостатья: рынок и тренды 1 / М25-44 / интерес_франшиза / рся / #dzen / 2603-1,market,2
2026-08-11,Яндекс ПромоСтраницы,yandex.promopages,Промостатья: Моя история 1 / Ж 25-54/ интерес_открытие бизнеса / рся / #dzen / 2603-1,history,2
2026-07-01,Яндекс: Директ,yandex.promopages,Промостатья: Моя история 1 / Ж 25-54 / интерес_франшиза / рся / #dzen / 2602-1,history,1
2026-07-07,Яндекс ПромоСтраницы,yandex.promopages,Промостатья: Моя история 1 / Ж 25-54 / интерес_франшиза / рся / #dzen / 2602-1,history,1
2026-07-20,Яндекс ПромоСтраницы,yandex.promopages,Промостатья: рынок и тренды 1 / Ж25-44 / интерес_франшиза / рся / #dzen / 2404,market,1
2026-07-21,Яндекс ПромоСтраницы,yandex.promopages,Промостатья: рынок и тренды 1 / М25-44 / интерес_франшиза / рся / #dzen / 2603-1,market,1
2026-07-23,Яндекс ПромоСтраницы,yandex.promopages,Промостатья: Моя история 1 / Ж 25-54 / интерес_франшиза / поиск / #dzen / 2607-1,history,1
2026-07-23,Яндекс ПромоСтраницы,yandex.promopages,Промостатья: рынок и тренды 1 / М25-44 / интерес_франшиза / рся / #dzen / 2603-1,market,1
2026-07-25,Яндекс ПромоСтраницы,yandex.promopages,Промостатья: рынок и тренды 1 / Ж25-44 / интерес_франшиза / рся / #dzen / 2404,market,1
2026-07-26,Яндекс ПромоСтраницы,yandex.promopages,Промостатья: Моя история 1 / Ж 25-54 / интерес_франшиза / поиск / #dzen / 2607-1,history,1
2026-07-26,Яндекс ПромоСтраницы,yandex.promopages,Промостатья: Моя история 1 / Ж 25-54 / интерес_франшиза / рся / #dzen / 2602-1,history,1
2026-07-26,Яндекс ПромоСтраницы,yandex.promopages,Промостатья: рынок и тренды 1 / Ж25-44 / интерес_франшиза / рся / #dzen / 2404,market,1
2026-07-27,Яндекс ПромоСтраницы,yandex.promopages,Промостатья: рынок и тренды 1 / М25-44 / интерес_франшиза / рся / #dzen / 2603-1,market,1
2026-08-01,Яндекс ПромоСтраницы,yandex.promopages,Промостатья: Моя история 1 / Ж 25-54 / интерес_франшиза / поиск / #dzen / 2607-1,history,1
2026-08-01,Яндекс ПромоСтраницы,yandex.promopages,Промостатья: рынок и тренды 1 / Ж25-44 / интерес_франшиза / рся / #dzen / 2404,market,1
2026-08-01,Яндекс ПромоСтраницы,yandex.promopages,Промостатья: рынок и тренды 1 / М25-44 / интерес_франшиза / рся / #dzen / 2603-1,market,1
2026-08-02,Яндекс ПромоСтраницы,yandex.promopages,Промостатья: Моя история 1 / Ж 25-54/ интерес_открытие бизнеса / рся / #dzen / 2603-1,history,1
2026-08-04,Яндекс ПромоСтраницы,yandex.promopages,Промостатья: Моя история 1 / Ж 25-54/ интерес_открытие бизнеса / рся / #dzen / 2603-1,history,1
2026-08-09,Яндекс ПромоСтраницы,yandex.promopages,Промостатья: Моя история 1 / Ж 25-54 / интерес_франшиза / рся / #dzen / 2602-1,history,1
2026-08-10,Яндекс ПромоСтраницы,yandex.promopages,Промостатья: Моя история 1 / Ж 25-54 / интерес_франшиза / рся / #dzen / 2602-1,history,1
2026-08-11,Яндекс ПромоСтраницы,yandex.promopages,Промостатья: Моя история 1 / Ж 25-54 / интерес_франшиза / рся / #dzen / 2602-1,history,1
2026-08-12,Яндекс ПромоСтраницы,yandex.promopages,Промостатья: Моя история 1 / Ж 25-54 / интерес_франшиза / поиск / #dzen / 2607-1,history,1
2026-08-12,Яндекс ПромоСтраницы,yandex.promopages,Промостатья: Моя история 1 / Ж 25-54/ интерес_открытие бизнеса / рся / #dzen / 2603-1,history,1
2026-08-18,Яндекс ПромоСтраницы,yandex.promopages,Промостатья: Моя история 1 / Ж 25-54 / интерес_франшиза / рся / #dzen / 2602-1,history,1
2026-08-18,Яндекс ПромоСтраницы,yandex.promopages,Промостатья: рынок и тренды 1 / М25-44 / интерес_франшиза / рся / #dzen / 2603-1,market,1
2026-08-20,Яндекс ПромоСтраницы,yandex.promopages,Промостатья: Моя история 1 / Ж 25-54 / интерес_франшиза / рся / #dzen / 2602-1,history,1
2026-08-20,Яндекс ПромоСтраницы,yandex.promopages,Промостатья: рынок и тренды 1 / М25-44 / интерес_франшиза / рся / #dzen / 2603-1,market,1
2026-08-21,Яндекс ПромоСтраницы,yandex.promopages,Промостатья: Моя история 1 / Ж 25-54 / интерес_франшиза / поиск / #dzen / 2607-1,history,1
2026-08-23,Яндекс ПромоСтраницы,yandex.promopages,Промостатья: Моя история 1 / Ж 25-54 / интерес_франшиза / рся / #dzen / 2602-1,history,1
