Campaign,Placement,Display_name,Target_url,Impressions
dspl / ca,1-450722833,"Mobile App: ibis Paint X (iTunes App Store), by ibis inc.",https://itunes.apple.com/us/app/id450722833,1033
search / car accident / ca - google search + network,reviews.everydayxperts.com/search,reviews.everydayxperts.com/search,reviews.everydayxperts.com/search,766
search / car accident / ca - google search + network,bozuktus.com/blog/query,bozuktus.com/blog/query,bozuktus.com/blog/query,683
pmax / ca,youtube.com,youtube.com,youtube.com,591
search / all injuries,reviews.everydayxperts.com/search,reviews.everydayxperts.com/search,reviews.everydayxperts.com/search,423
search / all injuries,bozuktus.com/blog/query,bozuktus.com/blog/query,bozuktus.com/blog/query,384
dspl / ca,1-1671705818,"Mobile App: Character AI: Chat, Talk, Text (iTunes App Store), by Character Technologies, Inc.",https://itunes.apple.com/us/app/id1671705818,333
dspl / ca,1-1407852246,"Mobile App: Happy Color® – Coloring Games (iTunes App Store), by X-FLOW LTD",https://itunes.apple.com/us/app/id1407852246,329
dspl / ca,2-com.block.juggle,"Mobile App: Block Blast! (Google Play), by HungryStudio",https://play.google.com/store/apps/details?id=com.block.juggle,214
search / car accident / ca - google search + network,wiseinmind.com/search,wiseinmind.com/search,wiseinmind.com/search,192
dspl / ca,2-com.fungames.blockcraft,"Mobile App: Block Craft 3D：Building Game (Google Play), by Wildlife Studios",https://play.google.com/store/apps/details?id=com.fungames.blockcraft,186
dspl / ca,2-com.metro.minus1,"Mobile App: MetroPlay® (Google Play), by Metro by T-Mobile",https://play.google.com/store/apps/details?id=com.metro.minus1,178
dspl / ca,1-488514298,"Mobile App: Hong Kong Mahjong Club (iTunes App Store), by Recax Technology Limited",https://itunes.apple.com/us/app/id488514298,169
search / all injuries,wiseinmind.com/search,wiseinmind.com/search,wiseinmind.com/search,163
dspl / ca,1-1589762792,"Mobile App: Jigsawscapes® - Jigsaw Puzzles (iTunes App Store), by OAKEVER GAMES PTE. LTD.",https://itunes.apple.com/us/app/id1589762792,148
search / car accident / ca - google search + network,searchjobsplus.com/afs,searchjobsplus.com/afs,searchjobsplus.com/afs,147
search / all injuries / s& n / lp - tilda,reviews.everydayxperts.com/search,reviews.everydayxperts.com/search,reviews.everydayxperts.com/search,121
dspl / ca,2-com.vitastudio.mahjong,"Mobile App: Vita Mahjong (Google Play), by Vita Studio.",https://play.google.com/store/apps/details?id=com.vitastudio.mahjong,118
search / all injuries / geo - la specific,reviews.everydayxperts.com/search,reviews.everydayxperts.com/search,reviews.everydayxperts.com/search,118
search / car accident / ca - google search + network,infonowplus.com/afs,infonowplus.com/afs,infonowplus.com/afs,113
dspl / ca,1-439873467,"Mobile App: Magic Jigsaw Puzzles－Games HD (iTunes App Store), by XIMAD, Inc.",https://itunes.apple.com/us/app/id439873467,113
search / car accident / ca - google search + network,selectanswers.com/topic/5731003,selectanswers.com/topic/5731003,selectanswers.com/topic/5731003,108
dspl / ca,1-642831690,"Mobile App: Jigsaw Puzzles for Adults HD (iTunes App Store), by Veraxen Ltd",https://itunes.apple.com/us/app/id642831690,106
dspl / ca,2-ai.character.app,"Mobile App: Character AI: Chat, Talk, Text (Google Play), by Character.AI",https://play.google.com/store/apps/details?id=ai.character.app,103
dspl / ca,2-com.Beauchamp.Messenger.external,"Mobile App: Chai: Chat AI Platform (Google Play), by Chai Research",https://play.google.com/store/apps/details?id=com.Beauchamp.Messenger.external,102
dspl / ca,1-6451403685,"Mobile App: Vita Jigsaw for Seniors (iTunes App Store), by VITA STUDIO PTE. LTD.",https://itunes.apple.com/us/app/id6451403685,101
dspl / ca,1-440185993,"Mobile App: Adam4Adam Gay Dating Chat A4A (iTunes App Store), by A4A Network Inc",https://itunes.apple.com/us/app/id440185993,94
dspl / ca,1-1557392270,"Mobile App: Zen Color - Color By Number (iTunes App Store), by OAKEVER GAMES PTE. LTD.",https://itunes.apple.com/us/app/id1557392270,94
dspl / ca,2-com.smilerlee.klondike,"Mobile App: Solitaire (Google Play), by Mouse Games",https://play.google.com/store/apps/details?id=com.smilerlee.klondike,91
dspl / ca,1-6756288168,"Mobile App: Cookingo: Perfect Meal (iTunes App Store), by Higame Global Limited",https://itunes.apple.com/us/app/id6756288168,90
dspl / ca,1-1420294918,"Mobile App: Wordscapes Search - Word Game (iTunes App Store), by PeopleFun, Inc.",https://itunes.apple.com/us/app/id1420294918,86
dspl / ca,1-6467188602,"Mobile App: 閱友小說 (iTunes App Store), by Tianjin Yueyou Culture Technology Co., Ltd.",https://itunes.apple.com/us/app/id6467188602,84
search / car accident / ca - google search + network,www.indiasite.com/get/result,www.indiasite.com/get/result,www.indiasite.com/get/result,83
search / car accident / ca - google search + network,supremeinsights.com/topic/5731003,supremeinsights.com/topic/5731003,supremeinsights.com/topic/5731003,82
search / all injuries,search.savvyvita.com/serp,search.savvyvita.com/serp,search.savvyvita.com/serp,80
dspl / ca,1-6477358134,"Mobile App: Playground Mod (iTunes App Store), by Vladimir Chernenko",https://itunes.apple.com/us/app/id6477358134,80
dspl / ca,1-1515874052,"Mobile App: Block Puzzle - Brain Test Game (iTunes App Store), by Doodle Mobile Limited",https://itunes.apple.com/us/app/id1515874052,77
dspl / ca,1-1476370680,"Mobile App: Solitaire - Card Solitaire (iTunes App Store), by Doodle Mobile Limited",https://itunes.apple.com/us/app/id1476370680,77
dspl / ca,1-6504914846,"Mobile App: SoulTalk: AI Friends Chat (iTunes App Store), by SINGULARITY MUTUAL ENTERTAINMENT CULTURE MEDIA LIMITED",https://itunes.apple.com/us/app/id6504914846,77
dspl / ca,1-6756707460,"Mobile App: Tricky Dramas: Short Stories (iTunes App Store), by 9UP COMPANY LIMITED",https://itunes.apple.com/us/app/id6756707460,76
search / all injuries,selectanswers.com/topic/5731003,selectanswers.com/topic/5731003,selectanswers.com/topic/5731003,76
dspl / ca,2-tek.games.net.jigsawpuzzle,"Mobile App: Jigsaw Puzzles Crown: HD Games (Google Play), by Jigsaw Puzzles Master",https://play.google.com/store/apps/details?id=tek.games.net.jigsawpuzzle,75
dspl / ca,1-6478738305,"Mobile App: Vigor Solitaire for Seniors (iTunes App Store), by Doodle Mobile Limited",https://itunes.apple.com/us/app/id6478738305,73
dspl / ca,1-551252620,"Mobile App: Mahjong 13 tiles (iTunes App Store), by Zhengzhou Anlansiqin Automobile Service Co., Ltd.",https://itunes.apple.com/us/app/id551252620,72
dspl / ca,2-com.oakever.tiletrip,"Mobile App: Tile Explorer - Triple Match (Google Play), by Oakever Games",https://play.google.com/store/apps/details?id=com.oakever.tiletrip,71
dspl / ca,1-1563340662,"Mobile App: DMV Practice Test - 2026 (iTunes App Store), by Minh Pham",https://itunes.apple.com/us/app/id1563340662,70
dspl / ca,1-1299956969,"Mobile App: Word Collect : Word Search (iTunes App Store), by Super Lucky Games LLC",https://itunes.apple.com/us/app/id1299956969,68
search / all injuries,youtube.com,youtube.com,youtube.com,64
dspl / ca,1-6449243946,"Mobile App: Snake Clash! (iTunes App Store), by Supercent Inc.",https://itunes.apple.com/us/app/id6449243946,64
dspl / ca,1-6478847787,"Mobile App: Vigor Mahjong (iTunes App Store), by Doodle Mobile Limited",https://itunes.apple.com/us/app/id6478847787,63
dspl / ca,1-1404715677,"Mobile App: 3D Bubble Shoot - ASMR Game (iTunes App Store), by Ta Ta Game Technology Limited",https://itunes.apple.com/us/app/id1404715677,62
dspl / ca,2-jp.ne.ibis.ibispaintx.app,"Mobile App: ibis Paint X (Google Play), by ibis inc.",https://play.google.com/store/apps/details?id=jp.ne.ibis.ibispaintx.app,60
dspl / ca,1-1628300409,"Mobile App: BestNovel: Read Romance Novels (iTunes App Store), by Fuzhou Changjian Culture Communication Co.Ltd",https://itunes.apple.com/us/app/id1628300409,55
dspl / ca,1-1082940965,"Mobile App: Sound Board for Vine - FREE Soundboard Best Vines! (iTunes App Store), by Aamir Elahi",https://itunes.apple.com/us/app/id1082940965,54
dspl / ca,1-6747734279,"Mobile App: Jigblock™ Puzzle (iTunes App Store), by Beijing Hong Hai Wu Xian Technology Development Co., Ltd.",https://itunes.apple.com/us/app/id6747734279,54
dspl / ca,1-1482887935,"Mobile App: Classic Solitaire - Card Games (iTunes App Store), by Aged Studio Limited",https://itunes.apple.com/us/app/id1482887935,54
dspl / ca,1-1324604053,"Mobile App: Jigsaw Puzzles - Puzzle Games (iTunes App Store), by Easybrain Ltd",https://itunes.apple.com/us/app/id1324604053,53
dspl / ca,1-981633844,"Mobile App: Block Craft 3D: Building Games (iTunes App Store), by Wildlife Studios, Inc",https://itunes.apple.com/us/app/id981633844,52
dspl / ca,1-373942073,"Mobile App: Real Solitaire for iPad (iTunes App Store), by EdgeRift, Inc.",https://itunes.apple.com/us/app/id373942073,51
dspl / ca,1-6757518670,"Mobile App: Jigmerge™ Puzzle (iTunes App Store), by RED INFINITY LIMITED",https://itunes.apple.com/us/app/id6757518670,51
dspl / ca,1-6478063606,"Mobile App: Color Block: Combo Blast (iTunes App Store), by FLYYES TECHNOLOGY PTE. LTD.",https://itunes.apple.com/us/app/id6478063606,51
dspl / ca,2-com.u1.relax.minigame3,"Mobile App: Mini Challenges: Calm Games (Google Play), by UltraPub",https://play.google.com/store/apps/details?id=com.u1.relax.minigame3,50
dspl / ca,1-604044220,"Mobile App: Bubble Shooter: Pop & Blast (iTunes App Store), by Ilyon Dynamics Ltd.",https://itunes.apple.com/us/app/id604044220,49
dspl / ca,2-com.htt.alpha.shooter.fps,"Mobile App: Monster Shooter: Survival FPS (Google Play), by Unicorn Studio Official",https://play.google.com/store/apps/details?id=com.htt.alpha.shooter.fps,48
dspl / ca,1-6474173988,"Mobile App: Car Driving Master:Police Race (iTunes App Store), by Ngoc vinh trading service company limited",https://itunes.apple.com/us/app/id6474173988,48
dspl / ca,1-6742221896,"Mobile App: Dreamy Room (iTunes App Store), by ABI GLOBAL LTD.",https://itunes.apple.com/us/app/id6742221896,47
search / all injuries,supremeinsights.com/topic/5731003,supremeinsights.com/topic/5731003,supremeinsights.com/topic/5731003,46
dspl / ca,1-6475333050,"Mobile App: Anima Color - Color by Number (iTunes App Store), by Doodle Mobile Limited",https://itunes.apple.com/us/app/id6475333050,45
dspl / ca,1-1212951043,"Mobile App: Woody Block Puzzle Brain Game (iTunes App Store), by Athena FZE",https://itunes.apple.com/us/app/id1212951043,45
dspl / ca,1-6450409028,"Mobile App: Color Blast:Block Puzzle (iTunes App Store), by Topsmart Mobile Limited",https://itunes.apple.com/us/app/id6450409028,45
dspl / ca,1-898285634,"Mobile App: Stress Free Jigsaw Puzzles (iTunes App Store), by Boy Howdy Technology LLC",https://itunes.apple.com/us/app/id898285634,43
dspl / ca,2-com.h.momsim,"Mobile App: Mother Life Simulator: Prank (Google Play), by Unicorn Studio Official",https://play.google.com/store/apps/details?id=com.h.momsim,43
dspl / ca,2-com.godlike.vigormahjong,"Mobile App: Vigor Mahjong (Google Play), by CanaryDroid",https://play.google.com/store/apps/details?id=com.godlike.vigormahjong,42
dspl / ca,2-com.dxm.nopuzzle,"Mobile App: Block Puzzle (Google Play), by Candy Mobile",https://play.google.com/store/apps/details?id=com.dxm.nopuzzle,41
dspl / ca,www.foxnews.com/us/missouri-neighbor-accused-killing-mother-teen-daughter-after-confronting-family-over-dispute,www.foxnews.com/us/missouri-neighbor-accused-killing-mother-teen-daughter-after-confronting-family-over-dispute,www.foxnews.com/us/missouri-neighbor-accused-killing-mother-teen-daughter-after-confronting-family-over-dispute,41
pmax / ca,atlas.taboolanews.com/video-page,atlas.taboolanews.com/video-page,atlas.taboolanews.com/video-page,41
search / all injuries,www.indiasite.com/get/result,www.indiasite.com/get/result,www.indiasite.com/get/result,41
dspl / ca,1-1617245942,"Mobile App: Jungle Adventure: Tribe Boy (iTunes App Store), by PIXON PTE. LTD.",https://itunes.apple.com/us/app/id1617245942,40
dspl / ca,2-com.iceors.colorbook.release,"Mobile App: Coloring Book: Color by Number (Google Play), by Candy Mobile",https://play.google.com/store/apps/details?id=com.iceors.colorbook.release,39
pmax / ca,reviews.everydayxperts.com/search,reviews.everydayxperts.com/search,reviews.everydayxperts.com/search,38
dspl / ca,1-6476594201,"Mobile App: Lane Pursue Adventure (iTunes App Store), by Muhammad Hussain",https://itunes.apple.com/us/app/id6476594201,38
dspl / ca,1-6740228508,"Mobile App: Shanghai Mahjongg Puzzle (iTunes App Store), by UniRise Digital Limited",https://itunes.apple.com/us/app/id6740228508,38
dspl / ca,1-579581125,"Mobile App: SmartNews: Breaking News (iTunes App Store), by SmartNews, Inc.",https://itunes.apple.com/us/app/id579581125,38
dspl / ca,1-6474012858,"Mobile App: Jigsawpad® - jigsaw puzzles HD (iTunes App Store), by OAKEVER GAMES PTE. LTD.",https://itunes.apple.com/us/app/id6474012858,38
dspl / ca,2-com.cdtg.ragdoll.playground,"Mobile App: Ragdoll Playground (Google Play), by Reggae True Love",https://play.google.com/store/apps/details?id=com.cdtg.ragdoll.playground,38
dspl / ca,1-351331194,"Mobile App: Badoo Dating: Meet New People (iTunes App Store), by Badoo Software Ltd",https://itunes.apple.com/us/app/id351331194,38
dspl / ca,1-523001403,"Mobile App: Domino! - Multiplayer Dominoes (iTunes App Store), by Flyclops, LLC",https://itunes.apple.com/us/app/id523001403,38
dspl / ca,2-com.puzzlegames.puzzlebrickslegend,"Mobile App: Color Block: Combo Blast (Google Play), by Ivy",https://play.google.com/store/apps/details?id=com.puzzlegames.puzzlebrickslegend,37
search / car accident / ca - google search + network,selectadvise.com/topic/5731003,selectadvise.com/topic/5731003,selectadvise.com/topic/5731003,37
dspl / ca,1-6738373534,"Mobile App: Musivibe - Enjoy Offline Music (iTunes App Store), by Chengdu Feixiao Tech Co., Ltd.",https://itunes.apple.com/us/app/id6738373534,36
search / all injuries / geo - la specific,bozuktus.com/blog/query,bozuktus.com/blog/query,bozuktus.com/blog/query,36
dspl / ca,1-514485964,"Mobile App: Text Me - Phone Call + Texting (iTunes App Store), by TextMe, Inc.",https://itunes.apple.com/us/app/id514485964,35
dspl / ca,1-1466197423,"Mobile App: Wood Block Puzzle Games (iTunes App Store), by OAKEVER GAMES PTE. LTD.",https://itunes.apple.com/us/app/id1466197423,35
dspl / ca,1-1102415991,"Mobile App: RealmCraft: mine & craft world (iTunes App Store), by Tellurion mobile, Limited Liability Company",https://itunes.apple.com/us/app/id1102415991,35
dspl / ca,1-1073936461,"Mobile App: Solitaire: Cards Games Classic (iTunes App Store), by nerByte GmbH",https://itunes.apple.com/us/app/id1073936461,35
dspl / ca,1-1360098321,"Mobile App: Solitaire Card Games · (iTunes App Store), by Solitaire Games Free Inc.",https://itunes.apple.com/us/app/id1360098321,34
dspl / ca,2-com.pixel.art.coloring.color.number,"Mobile App: Happy Color®: Color by Number (Google Play), by X-FLOW",https://play.google.com/store/apps/details?id=com.pixel.art.coloring.color.number,34
dspl / ca,1-1528940523,"Mobile App: VPN - Fast VPN Super ™ (iTunes App Store), by TOPAPPS TECH PTE LTD",https://itunes.apple.com/us/app/id1528940523,33
dspl / ca,1-6768646630,"Mobile App: Bubble Match - Connect Puzzle (iTunes App Store), by MAGLAB OYUN TEKNOLOJILERI BILISIM YAZILIM TASARIM YAYINCILIK TICARET A S",https://itunes.apple.com/us/app/id6768646630,33
dspl / ca,2-com.native.messages,"Mobile App: Messages (Google Play), by SMS Text Messages",https://play.google.com/store/apps/details?id=com.native.messages,33
dspl / ca,2-com.tsyatsya.mechangelion,"Mobile App: Mechangelion - Robot Fighting (Google Play), by MOONEE PUBLISHING LTD",https://play.google.com/store/apps/details?id=com.tsyatsya.mechangelion,33
dspl / ca,2-kidultlovin.word.zen,"Mobile App: Zen Word® - Relax Puzzle Game (Google Play), by Oakever Games",https://play.google.com/store/apps/details?id=kidultlovin.word.zen,33
dspl / ca,2-com.uc.animal.hide.seek,"Mobile App: Prank House Escape (Google Play), by Dinosaur House",https://play.google.com/store/apps/details?id=com.uc.animal.hide.seek,33
dspl / ca,1-1672847314,"Mobile App: Hush – Express Freely (iTunes App Store), by Hush Incorporated",https://itunes.apple.com/us/app/id1672847314,32
dspl / ca,1-1551772472,"Mobile App: Pool Tour - Pocket Billiards (iTunes App Store), by Doodle Mobile Limited",https://itunes.apple.com/us/app/id1551772472,32
dspl / ca,1-1315540005,"Mobile App: Fill Wooden Block Puzzle 8x8 (iTunes App Store), by LIHUHU PTE. LTD.",https://itunes.apple.com/us/app/id1315540005,32
pmax / ca,resultsfordeals.com/search.webm,resultsfordeals.com/search.webm,resultsfordeals.com/search.webm,32
dspl / ca,1-1658308218,"Mobile App: Monster Demolition - Giants 3D (iTunes App Store), by SayGames LTD",https://itunes.apple.com/us/app/id1658308218,31
dspl / ca,2-com.europosit.pixelcoloring,"Mobile App: Pixel Art - Color by Number (Google Play), by Easybrain",https://play.google.com/store/apps/details?id=com.europosit.pixelcoloring,31
dspl / ca,2-com.Easy.Parkour.Obby,"Mobile App: Easy Parkour: Escape Run Obby (Google Play), by Blox Global",https://play.google.com/store/apps/details?id=com.Easy.Parkour.Obby,31
dspl / ca,1-6443933664,"Mobile App: Spider Solitaire - ACE (iTunes App Store), by Conifer Limited",https://itunes.apple.com/us/app/id6443933664,29
dspl / ca,1-1496007149,"Mobile App: CardGames.io (iTunes App Store), by Raudas Hugbunadur ehf.",https://itunes.apple.com/us/app/id1496007149,29
search / car accident / ca - google search + network,youtube.com,youtube.com,youtube.com,29
dspl / ca,2-com.ImaginativeGames.GunUp2048,"Mobile App: Gun up Weapon Ball Shooter (Google Play), by Fun Games Teknoloji",https://play.google.com/store/apps/details?id=com.ImaginativeGames.GunUp2048,29
dspl / ca,1-526641427,"Mobile App: Flow Free (iTunes App Store), by Big Duck Games LLC",https://itunes.apple.com/us/app/id526641427,29
dspl / ca,1-6444042347,"Mobile App: Aha World: Avatar & Family Fun (iTunes App Store), by IHUMAN (SG) PTE. LTD.",https://itunes.apple.com/us/app/id6444042347,29
dspl / ca,1-6464395186,"Mobile App: BloodBox Sandbox (iTunes App Store), by Payge Limited",https://itunes.apple.com/us/app/id6464395186,29
dspl / ca,1-797625615,"Mobile App: Stress Free Yatzy Dice Game (iTunes App Store), by Boy Howdy Technology LLC",https://itunes.apple.com/us/app/id797625615,28
dspl / ca,2-com.hookah.sandboxinspace,"Mobile App: Sandbox In Space (Google Play), by HOOKAH GAMES IT SERVICE L.L.C",https://play.google.com/store/apps/details?id=com.hookah.sandboxinspace,28
dspl / ca,1-1356820483,"Mobile App: Block Puzzle · (iTunes App Store), by Block Puzzle Games Inc.",https://itunes.apple.com/us/app/id1356820483,28
pmax / ca,www.redesigndaily.com/dcg/search,www.redesigndaily.com/dcg/search,www.redesigndaily.com/dcg/search,27
dspl / ca,2-com.hp.survival.night.room.escape,"Mobile App: Survival Night: Room Escape (Google Play), by HIGAME Studio",https://play.google.com/store/apps/details?id=com.hp.survival.night.room.escape,27
dspl / ca,1-479280326,"Mobile App: ⋆Solitaire: Classic Card Games (iTunes App Store), by Playstudios, Inc.",https://itunes.apple.com/us/app/id479280326,26
dspl / ca,1-6779177480,"Mobile App: JewelPainter™ Color by Number (iTunes App Store), by Shoyo Mobi Tech LImited",https://itunes.apple.com/us/app/id6779177480,26
dspl / ca,2-com.Kayac.ShurikenCut,"Mobile App: Shuriken Cut (Google Play), by KAYAC Inc.",https://play.google.com/store/apps/details?id=com.Kayac.ShurikenCut,26
dspl / ca,1-6742475176,"Mobile App: Hospital Story: Perfect Care (iTunes App Store), by Higame Global Limited",https://itunes.apple.com/us/app/id6742475176,26
dspl / ca,2-com.Speed.Keyboard.Parkour.Escape,"Mobile App: Keyboard Escape: Speed Parkour (Google Play), by H2T GLOBAL PTE. LTD.",https://play.google.com/store/apps/details?id=com.Speed.Keyboard.Parkour.Escape,26
dspl / ca,1-1603978681,"Mobile App: Word Guess - Word Games (iTunes App Store), by Mediaflex Ltd",https://itunes.apple.com/us/app/id1603978681,26
dspl / ca,1-6479604972,"Mobile App: Jigsaw Master - Jigsaw Puzzles (iTunes App Store), by Yang Li",https://itunes.apple.com/us/app/id6479604972,26
dspl / ca,1-6768216194,"Mobile App: +1 Obby Speed: Keyboard (iTunes App Store), by Khanh Pham Van",https://itunes.apple.com/us/app/id6768216194,26
dspl / ca,1-1615015886,"Mobile App: Bird Sort Color Puzzle Game (iTunes App Store), by Hang Nguyen Minh",https://itunes.apple.com/us/app/id1615015886,25
dspl / ca,1-1512344831,"Mobile App: Coloring Book -Color by Number (iTunes App Store), by Doodle Mobile Limited",https://itunes.apple.com/us/app/id1512344831,25
search / car accident / ca - google search + network,www.redesigndaily.com/dcg/search,www.redesigndaily.com/dcg/search,www.redesigndaily.com/dcg/search,25
dspl / ca,1-6741703805,"Mobile App: Daily Mahjong Match (iTunes App Store), by Shanghai Diguo Network Technology Co., Ltd.",https://itunes.apple.com/us/app/id6741703805,25
dspl / ca,2-com.ifnovel.read,"Mobile App: 風閱小説 - 全網爆火小説免費看 (Google Play), by HK Yueyou Technology Limited",https://play.google.com/store/apps/details?id=com.ifnovel.read,25
dspl / ca,2-com.good.boy.education.craft.best.building.sun,"Mobile App: Craft World Block Building 3D (Google Play), by Patane Global",https://play.google.com/store/apps/details?id=com.good.boy.education.craft.best.building.sun,25
dspl / ca,1-6746737173,"Mobile App: Tricky Prank: Annoying Quest (iTunes App Store), by Higame Global Limited",https://itunes.apple.com/us/app/id6746737173,25
dspl / ca,1-1245525899,"Mobile App: Word Wars - Word Game (iTunes App Store), by PlaySimple Games Pte Ltd",https://itunes.apple.com/us/app/id1245525899,24
dspl / ca,1-1182341536,"Mobile App: Yazy yatzy dice game (iTunes App Store), by FIOGONIA LIMITED",https://itunes.apple.com/us/app/id1182341536,24
dspl / ca,1-6757172065,"Mobile App: Monkey Student: School Prank (iTunes App Store), by CTC TECHNOLOGY LIMITED",https://itunes.apple.com/us/app/id6757172065,24
dspl / ca,1-6445890717,"Mobile App: Jigsaw Puzzles Explorer (iTunes App Store), by Doodle Mobile Limited",https://itunes.apple.com/us/app/id6445890717,24
dspl / ca,2-jigsaw.puzzle.game.banana,"Mobile App: Jigsawscapes® - Jigsaw Puzzles (Google Play), by Oakever Games",https://play.google.com/store/apps/details?id=jigsaw.puzzle.game.banana,24
dspl / ca,2-com.enflick.android.TextNow,"Mobile App: TextNow: Call + Text Unlimited (Google Play), by TextNow, Inc.",https://play.google.com/store/apps/details?id=com.enflick.android.TextNow,24
dspl / ca,1-387301602,"Mobile App: Solitaire: Deluxe® Classic (iTunes App Store), by Murka Contracting Limited",https://itunes.apple.com/us/app/id387301602,23
dspl / ca,1-1625050310,"Mobile App: Zen Blossom: Flower Tile Match (iTunes App Store), by BRAINWORKS PUBLISHING PTE. LTD.",https://itunes.apple.com/us/app/id1625050310,23
dspl / ca,2-com.one.m1.world,"Mobile App: Pop's World - Running game (Google Play), by ABI GAME",https://play.google.com/store/apps/details?id=com.one.m1.world,23
dspl / ca,1-6788598307,"Mobile App: Hide and Seek: Paint Escape (iTunes App Store), by Dung Tran Phi",https://itunes.apple.com/us/app/id6788598307,22
dspl / ca,1-6745003362,"Mobile App: Word Oasis: Calm Puzzle Game (iTunes App Store), by SEIWA Co., Ltd.",https://itunes.apple.com/us/app/id6745003362,22
dspl / ca,2-com.gamovation.mahjongclub,"Mobile App: Mahjong Club - Solitaire Game (Google Play), by GamoVation",https://play.google.com/store/apps/details?id=com.gamovation.mahjongclub,22
dspl / ca,1-1557197419,"Mobile App: Solitaire Classic - Classic (iTunes App Store), by Yang Li",https://itunes.apple.com/us/app/id1557197419,22
dspl / ca,2-com.peoplefun.wordcross,"Mobile App: Wordscapes (Google Play), by PeopleFun",https://play.google.com/store/apps/details?id=com.peoplefun.wordcross,22
dspl / ca,1-6444454360,"Mobile App: Wood Block Doku: Brain Games (iTunes App Store), by Block Puzzle Games Inc.",https://itunes.apple.com/us/app/id6444454360,22
dspl / ca,1-1445691600,"Mobile App: Differences - Find & Spot Them (iTunes App Store), by Easybrain Ltd",https://itunes.apple.com/us/app/id1445691600,22
dspl / ca,2-com.robtopx.geometryjumplite,"Mobile App: Geometry Dash Lite (Google Play), by RobTop Games",https://play.google.com/store/apps/details?id=com.robtopx.geometryjumplite,21
dspl / ca,2-com.vitastudio.senior.jigsaw,"Mobile App: Vita Jigsaw for Seniors (Google Play), by Vita Studio.",https://play.google.com/store/apps/details?id=com.vitastudio.senior.jigsaw,21
dspl / ca,2-com.goallegan.dian,"Mobile App: Goal Legend-Penalty Guardian (Google Play), by appstartstudio",https://play.google.com/store/apps/details?id=com.goallegan.dian,21
dspl / ca,1-1434957889,"Mobile App: Dominoes - Classic Edition (iTunes App Store), by Loop Games",https://itunes.apple.com/us/app/id1434957889,21
dspl / ca,2-io.supercent.linkedcubic,"Mobile App: Snake Clash! (Google Play), by Supercent, Inc.",https://play.google.com/store/apps/details?id=io.supercent.linkedcubic,21
dspl / ca,1-429610587,"Mobile App: iFunny－funny videos，memes，GIFs (iTunes App Store), by iFunny Inc.",https://itunes.apple.com/us/app/id429610587,21
dspl / ca,2-game.puzzle.blockpuzzle,"Mobile App: Block Puzzle (Google Play), by Addict Puzzle Games",https://play.google.com/store/apps/details?id=game.puzzle.blockpuzzle,21
dspl / ca,1-6761900868,"Mobile App: Hexascapes - Block Puzzle (iTunes App Store), by EASY PLAY GAME TECHNOLOGY LIMITED",https://itunes.apple.com/us/app/id6761900868,21
dspl / ca,1-6760742606,"Mobile App: Nature Puzzles Jigsaw Game (iTunes App Store), by YUANTU INTERACTIVE TECHNOLOGY PTE. LTD.",https://itunes.apple.com/us/app/id6760742606,20
dspl / ca,badoo.com/encounters,badoo.com/encounters,badoo.com/encounters,20
dspl / ca,2-com.real.car.racing.stunt.master.driving.game,"Mobile App: Real Car Driving Midnight Club (Google Play), by Zendios",https://play.google.com/store/apps/details?id=com.real.car.racing.stunt.master.driving.game,20
dspl / ca,1-447555850,"Mobile App: Solitaire ++ (iTunes App Store), by JELLY BOX APPS LTD",https://itunes.apple.com/us/app/id447555850,20
dspl / ca,1-6749930027,"Mobile App: Hidden Quest: Seek & Discover (iTunes App Store), by 乐 于",https://itunes.apple.com/us/app/id6749930027,20
dspl / ca,1-1624437334,"Mobile App: Sudoku No Pop-up Ads (iTunes App Store), by Faraj Ebrahimi",https://itunes.apple.com/us/app/id1624437334,20
dspl / ca,1-495583717,"Mobile App: Jigsaw Puzzle: Daily Puzzles (iTunes App Store), by Critical Hit Software",https://itunes.apple.com/us/app/id495583717,20
search / car accident / ca - google search + network,search.savvyvita.com/serp,search.savvyvita.com/serp,search.savvyvita.com/serp,20
dspl / ca,1-1107507527,"Mobile App: Room Escape: 50 rooms I (iTunes App Store), by Shenzhen Zhonglian Interactive Technology Co.,Ltd.",https://itunes.apple.com/us/app/id1107507527,19
dspl / ca,1-6446669987,"Mobile App: Vita Solitaire for Seniors (iTunes App Store), by VITA STUDIO PTE. LTD.",https://itunes.apple.com/us/app/id6446669987,19
dspl / ca,1-1254017637,"Mobile App: Boy Howdy Solitaire Collection (iTunes App Store), by Boy Howdy Technology LLC",https://itunes.apple.com/us/app/id1254017637,19
dspl / ca,1-6743926718,"Mobile App: Tile Vacation - Triple Match (iTunes App Store), by Vision Studio (HK) Limited",https://itunes.apple.com/us/app/id6743926718,19
dspl / ca,2-com.visionstudio.tilevacation,"Mobile App: Tile Vacation - Triple Match (Google Play), by VisionStudio(HK)",https://play.google.com/store/apps/details?id=com.visionstudio.tilevacation,19
dspl / ca,1-1420058690,"Mobile App: Paint by Number Coloring Game (iTunes App Store), by OAKEVER GAMES PTE. LTD.",https://itunes.apple.com/us/app/id1420058690,19
dspl / ca,1-924089770,"Mobile App: Totally Free-Space Bingo! (iTunes App Store), by Boy Howdy Technology LLC",https://itunes.apple.com/us/app/id924089770,19
dspl / ca,1-6630378520,"Mobile App: Annoying Uncle Punch Game (iTunes App Store), by Zain UI Abideen",https://itunes.apple.com/us/app/id6630378520,18
search / all injuries / s& n / lp - tilda,wiseinmind.com/search,wiseinmind.com/search,wiseinmind.com/search,18
dspl / ca,1-6740383289,"Mobile App: Pyramid Mahjong:Match Tile (iTunes App Store), by UniRise Digital Limited",https://itunes.apple.com/us/app/id6740383289,18
dspl / ca,2-linkdesks.tile.match.fun,"Mobile App: Tile Match: Triple Puzzle Game (Google Play), by LinkDesks Daily Puzzle",https://play.google.com/store/apps/details?id=linkdesks.tile.match.fun,18
dspl / ca,1-1191642382,"Mobile App: TVBAnywhere North America (EN) (iTunes App Store), by TVB (USA) Inc.",https://itunes.apple.com/us/app/id1191642382,18
dspl / ca,1-934792851,"Mobile App: Landlords Mania (iTunes App Store), by Hangzhou Moxing Technology Co., Ltd.",https://itunes.apple.com/us/app/id934792851,18
dspl / ca,1-1547762178,"Mobile App: BlockPuz - Block Puzzles Crush (iTunes App Store), by LI SAIHUA",https://itunes.apple.com/us/app/id1547762178,18
dspl / ca,1-1564143097,"Mobile App: Spider Solitaire Deluxe® 2 (iTunes App Store), by Murka Contracting Limited",https://itunes.apple.com/us/app/id1564143097,18
pmax / ca,2-com.handmark.expressweather,"Mobile App: 1Weather: Forecast & Radar (Google Play), by OneLouder Apps",https://play.google.com/store/apps/details?id=com.handmark.expressweather,18
dspl / ca,1-6743738094,"Mobile App: My Sticker Room - Decor Game (iTunes App Store), by SayGames LTD",https://itunes.apple.com/us/app/id6743738094,18
dspl / ca,1-889571826,"Mobile App: Smart Metronome & Tuner (iTunes App Store), by Ihara Products Co., Ltd.",https://itunes.apple.com/us/app/id889571826,18
dspl / ca,1-6468921495,"Mobile App: Vita Mahjong (iTunes App Store), by VITA STUDIO PTE. LTD.",https://itunes.apple.com/us/app/id6468921495,18
dspl / ca,1-6737214802,"Mobile App: Mini Games: Calm & Chill (iTunes App Store), by CTC TECHNOLOGY LIMITED",https://itunes.apple.com/us/app/id6737214802,18
dspl / ca,1-1494864196,"Mobile App: Block Puzzle-Wood Sudoku Game (iTunes App Store), by OAKEVER GAMES PTE. LTD.",https://itunes.apple.com/us/app/id1494864196,18
dspl / ca,1-6472233094,"Mobile App: Puzzlit - Puzzles Made Social (iTunes App Store), by PuzzLit LLC",https://itunes.apple.com/us/app/id6472233094,18
dspl / ca,1-6755216191,"Mobile App: Color Maze - Puzzle Game (iTunes App Store), by Beijing Youyoutang Technology Co.,ltd.",https://itunes.apple.com/us/app/id6755216191,18
dspl / ca,1-6740477802,"Mobile App: Tile Voyage: Match Puzzle (iTunes App Store), by UniRise Digital Limited",https://itunes.apple.com/us/app/id6740477802,18
dspl / ca,1-1190439381,"Mobile App: Wooden 100 Block Puzzle Game (iTunes App Store), by LIHUHU PTE. LTD.",https://itunes.apple.com/us/app/id1190439381,17
dspl / ca,1-1639646894,"Mobile App: TimeWarp – Time Warp Scan (iTunes App Store), by BRALY COMPANY LIMITED",https://itunes.apple.com/us/app/id1639646894,17
dspl / ca,1-1503128132,"Mobile App: GoodNovel - Booktok, Stories (iTunes App Store), by SINGAPORE NEW READING TECHNOLOGY PTE. LTD.",https://itunes.apple.com/us/app/id1503128132,17
dspl / ca,1-933135994,"Mobile App: Akinator (iTunes App Store), by Elokence.com",https://itunes.apple.com/us/app/id933135994,17
dspl / ca,1-357218860,"Mobile App: Kik Messaging & Chat App (iTunes App Store), by Ai Medialab Inc",https://itunes.apple.com/us/app/id357218860,17
dspl / ca,1-1596254632,"Mobile App: Dark Color: Paint by Number (iTunes App Store), by POMELO TECH (HK) HOLDINGS CO., LIMITED",https://itunes.apple.com/us/app/id1596254632,17
dspl / ca,1-1618185567,"Mobile App: Idiom Solitaire - 成語猜猜 (iTunes App Store), by Aged Studio Limited",https://itunes.apple.com/us/app/id1618185567,17
dspl / ca,2-com.uc.minigame.relax,"Mobile App: Mini Games: Calm & Relax (Google Play), by Unicorn Studio Official",https://play.google.com/store/apps/details?id=com.uc.minigame.relax,17
dspl / ca,1-1139609950,"Mobile App: Ballz (iTunes App Store), by Ketchapp",https://itunes.apple.com/us/app/id1139609950,17
dspl / ca,1-1078160821,"Mobile App: Block Puzzle Woody Origin (iTunes App Store), by Athena FZE",https://itunes.apple.com/us/app/id1078160821,17
dspl / ca,1-6757208488,"Mobile App: House Jigsaw Puzzles Game (iTunes App Store), by Joystar Media Limited",https://itunes.apple.com/us/app/id6757208488,17
dspl / ca,2-com.fbg.traffic,"Mobile App: Traffic Master - Jam Buster (Google Play), by Words Mobile",https://play.google.com/store/apps/details?id=com.fbg.traffic,17
dspl / ca,1-1660583025,"Mobile App: Build A Queen (iTunes App Store), by SUPERSONIC STUDIOS LTD",https://itunes.apple.com/us/app/id1660583025,17
dspl / ca,1-1587319072,"Mobile App: Block Puzzle Gem (iTunes App Store), by Shanghai Freemind Software Co., Ltd.",https://itunes.apple.com/us/app/id1587319072,17
dspl / ca,1-6738948332,"Mobile App: Skincare Time: Makeover ASMR (iTunes App Store), by DO VAN HUY",https://itunes.apple.com/us/app/id6738948332,16
dspl / ca,1-6689494714,"Mobile App: Bird Sort 2 Color Puzzle Game (iTunes App Store), by FALCON GAMES PTE. LTD.",https://itunes.apple.com/us/app/id6689494714,16
dspl / ca,2-com.gsr.wordcross,"Mobile App: Crossword Quest (Google Play), by Words Mobile",https://play.google.com/store/apps/details?id=com.gsr.wordcross,16
dspl / ca,1-1609369954,"Mobile App: KineMaster - Video Editor (iTunes App Store), by KineMaster Corporation",https://itunes.apple.com/us/app/id1609369954,16
dspl / ca,1-6762498428,"Mobile App: Loot and Grab: Enter Brainjot (iTunes App Store), by Quang Bui",https://itunes.apple.com/us/app/id6762498428,16
dspl / ca,2-com.h.zoo.prank,"Mobile App: Zoo Prank: Crazy Animals (Google Play), by Unicorn Studio Official",https://play.google.com/store/apps/details?id=com.h.zoo.prank,16
dspl / ca,1-1024928081,"Mobile App: Word Search: Unlimited Puzzles (iTunes App Store), by Emmanuel Mathis",https://itunes.apple.com/us/app/id1024928081,16
dspl / ca,1-1440923431,"Mobile App: 臺灣麻將16張 (iTunes App Store), by Sugarcane Network Technology Co., Ltd.",https://itunes.apple.com/us/app/id1440923431,16
dspl / ca,2-com.cookingo.perfect.meal,"Mobile App: Cookingo: Perfect Meal (Google Play), by DIGO Lab",https://play.google.com/store/apps/details?id=com.cookingo.perfect.meal,16
dspl / ca,1-1495723103,"Mobile App: Solar Smash (iTunes App Store), by PARADYME LIMITED",https://itunes.apple.com/us/app/id1495723103,16
dspl / ca,1-473550276,"Mobile App: Spider Solitaire (iTunes App Store), by Chronological Ltd",https://itunes.apple.com/us/app/id473550276,16
dspl / ca,1-6768223461,"Mobile App: Storyca (iTunes App Store), by HONGKONG COLLECT VISION LIMITED",https://itunes.apple.com/us/app/id6768223461,16
dspl / ca,1-500962489,"Mobile App: Spider ▻ Solitaire (iTunes App Store), by PeopleFun CG, LLC",https://itunes.apple.com/us/app/id500962489,16
dspl / ca,1-1159360534,"Mobile App: Bubble Shooter Classic Puzzle (iTunes App Store), by 德建 刘",https://itunes.apple.com/us/app/id1159360534,16
dspl / ca,1-6451237392,"Mobile App: Color Aura: Paint by Number (iTunes App Store), by OAKEVER GAMES PTE. LTD.",https://itunes.apple.com/us/app/id6451237392,16
dspl / ca,2-at.ner.SolitaireKlondike,"Mobile App: Solitaire - Classic Card Games (Google Play), by nerByte GmbH",https://play.google.com/store/apps/details?id=at.ner.SolitaireKlondike,16
dspl / ca,1-6479394113,"Mobile App: Otium Word: Relax Puzzle Game (iTunes App Store), by Palmax Group Limited",https://itunes.apple.com/us/app/id6479394113,16
search / all injuries / s& n / lp - tilda,search.savvyvita.com/serp,search.savvyvita.com/serp,search.savvyvita.com/serp,15
dspl / ca,1-6756168327,"Mobile App: Boom Chip Challenge: 2 Player (iTunes App Store), by KHIZER RAZA",https://itunes.apple.com/us/app/id6756168327,15
dspl / ca,2-color.number.paint.pixle.art.sort.jigsaw,"Mobile App: Jewel Coloring (Google Play), by TaTa Game Technology Limited",https://play.google.com/store/apps/details?id=color.number.paint.pixle.art.sort.jigsaw,15
search / all injuries,www.redesigndaily.com/dcg/search,www.redesigndaily.com/dcg/search,www.redesigndaily.com/dcg/search,15
dspl / ca,1-1486214495,"Mobile App: Brain Test: Tricky Puzzles (iTunes App Store), by UNICO STUDIO LLC",https://itunes.apple.com/us/app/id1486214495,15
dspl / ca,1-6744055140,"Mobile App: Fantasy Jigsaw (iTunes App Store), by GREYFUN GAME LIMITED",https://itunes.apple.com/us/app/id6744055140,15
pmax / ca,infonowplus.com/afs,infonowplus.com/afs,infonowplus.com/afs,15
dspl / ca,1-527176002,"Mobile App: Word Jewels® (iTunes App Store), by Boy Howdy Technology LLC",https://itunes.apple.com/us/app/id527176002,15
dspl / ca,1-1543845882,"Mobile App: Bridge Race (iTunes App Store), by SUPERSONIC STUDIOS LTD",https://itunes.apple.com/us/app/id1543845882,15
dspl / ca,1-1357131935,"Mobile App: Hearts - Card Game Classic (iTunes App Store), by FIOGONIA LIMITED",https://itunes.apple.com/us/app/id1357131935,15
dspl / ca,2-com.tgmedia.wordrelax,"Mobile App: Word Relax: Word Puzzle Games (Google Play), by MASTERMIND WORD GAMES",https://play.google.com/store/apps/details?id=com.tgmedia.wordrelax,15
dspl / ca,1-6730118370,"Mobile App: Ball Sort : Color Sort Game (iTunes App Store), by FLYFOX PTE. LTD.",https://itunes.apple.com/us/app/id6730118370,15
search / all injuries,searchjobsplus.com/afs,searchjobsplus.com/afs,searchjobsplus.com/afs,15
dspl / ca,1-1454538656,"Mobile App: Solitaire by Staple Games (iTunes App Store), by Staple Games, LLC",https://itunes.apple.com/us/app/id1454538656,15
dspl / ca,1-6748057256,"Mobile App: Jigsaw Puzzles Game HD JoyStar (iTunes App Store), by Joystar Media Limited",https://itunes.apple.com/us/app/id6748057256,15
dspl / ca,1-421978997,"Mobile App: NBTD FreeCell Lite (iTunes App Store), by NBTD Productions",https://itunes.apple.com/us/app/id421978997,15
dspl / ca,1-1469342474,"Mobile App: Dicedom - Merge Puzzle (iTunes App Store), by 松 郑",https://itunes.apple.com/us/app/id1469342474,15
dspl / ca,1-387865782,"Mobile App: Lexulous Word Game Lite (iTunes App Store), by RJS Tech Solutions LLP",https://itunes.apple.com/us/app/id387865782,15
dspl / ca,2-com.explodecraft.blockblasttnt,"Mobile App: Block Blast TNT (Google Play), by GreenPixel Games",https://play.google.com/store/apps/details?id=com.explodecraft.blockblasttnt,15
dspl / ca,1-1487585438,"Mobile App: Word Serenity: Fun Brain Game (iTunes App Store), by HI STUDIO LIMITED",https://itunes.apple.com/us/app/id1487585438,15
dspl / ca,2-com.metax.climb.jump.tower.obby.challenge,"Mobile App: Climb & Jump: Obby 3D Tower (Google Play), by Metagame.Ltd",https://play.google.com/store/apps/details?id=com.metax.climb.jump.tower.obby.challenge,15
dspl / ca,1-1166981451,"Mobile App: Solitaire - Patience Game (iTunes App Store), by ReachJunction Media Limited",https://itunes.apple.com/us/app/id1166981451,14
dspl / ca,2-com.d20d.sport.car.diving.crazy.in.the.city,"Mobile App: Car Driving: Drag Racing 3D (Google Play), by Universe Game Labs",https://play.google.com/store/apps/details?id=com.d20d.sport.car.diving.crazy.in.the.city,14
dspl / ca,1-6741509379,"Mobile App: Shuriken Cut: Split (iTunes App Store), by KAYAC Inc.",https://itunes.apple.com/us/app/id6741509379,14
dspl / ca,1-1583884012,"Mobile App: Swipewipe: Fotoğraf Temizleme (iTunes App Store), by MWM",https://itunes.apple.com/us/app/id1583884012,14
search / all injuries / geo - la specific,gkinmarathi.in/wp-code,gkinmarathi.in/wp-code,gkinmarathi.in/wp-code,14
dspl / ca,1-6755186586,"Mobile App: Worditaire: Word Solitaire (iTunes App Store), by SPEEDGO TECHNOLOGY CO., LIMITED",https://itunes.apple.com/us/app/id6755186586,14
dspl / ca,1-6754964161,"Mobile App: Classic Jigsaw - HD Puzzle (iTunes App Store), by GREYFUN GAME LIMITED",https://itunes.apple.com/us/app/id6754964161,14
dspl / ca,1-486645049,"Mobile App: Calculator‰ (iTunes App Store), by Tim O's Studios, LLC",https://itunes.apple.com/us/app/id486645049,14
dspl / ca,1-6742278442,"Mobile App: Ball Sort - Color Sort Puzzles (iTunes App Store), by Doodle Mobile Limited",https://itunes.apple.com/us/app/id6742278442,14
dspl / ca,2-com.u1.prank.school.monkey,"Mobile App: Monkey Student: School Prank (Google Play), by Unicorn Studio Official",https://play.google.com/store/apps/details?id=com.u1.prank.school.monkey,14
dspl / ca,1-6755670637,"Mobile App: Jigsort®: Solitaire (iTunes App Store), by 静 杜",https://itunes.apple.com/us/app/id6755670637,14
dspl / ca,1-6462018010,"Mobile App: Banana Cat: Hide and Seek (iTunes App Store), by THAO NGUYEN THI",https://itunes.apple.com/us/app/id6462018010,14
dspl / ca,1-1315531311,"Mobile App: Puzzle Game Blast (iTunes App Store), by 大鹏 孙",https://itunes.apple.com/us/app/id1315531311,14
dspl / ca,1-6761477956,"Mobile App: Path Flow - Maze Puzzle (iTunes App Store), by GlimmerJoy Limited",https://itunes.apple.com/us/app/id6761477956,14
search / car accident / ca - google search + network,cureequip.com/search,cureequip.com/search,cureequip.com/search,14
dspl / ca,1-6748971650,"Mobile App: Traffic Master - Jam Buster (iTunes App Store), by Doodle Mobile Limited",https://itunes.apple.com/us/app/id6748971650,14
dspl / ca,2-com.vitastudio.solitaire,"Mobile App: Vita Solitaire for Seniors (Google Play), by Vita Studio.",https://play.google.com/store/apps/details?id=com.vitastudio.solitaire,14
dspl / ca,1-6670187846,"Mobile App: Ball Sort - Color Sort Puzzle! (iTunes App Store), by WONDERFUL ENTERTAINMENT CO., LTD.",https://itunes.apple.com/us/app/id6670187846,14
dspl / ca,1-1586816456,"Mobile App: Bike Life! (iTunes App Store), by TapNation",https://itunes.apple.com/us/app/id1586816456,14
dspl / ca,2-com.find.spot.hidden.seek.object,"Mobile App: Find N Spot - Hidden Object (Google Play), by TerranDroid",https://play.google.com/store/apps/details?id=com.find.spot.hidden.seek.object,14
dspl / ca,1-1132762804,"Mobile App: NewsBreak: Local News & Alerts (iTunes App Store), by Particle Media Inc.",https://itunes.apple.com/us/app/id1132762804,13
dspl / ca,1-1579072162,"Mobile App: Race Master 3D: Car Racing (iTunes App Store), by BERESNEV s.r.o.",https://itunes.apple.com/us/app/id1579072162,13
dspl / ca,1-359917414,"Mobile App: Solitaire (iTunes App Store), by MobilityWare",https://itunes.apple.com/us/app/id359917414,13
dspl / ca,1-1191831883,"Mobile App: Block Puzzle: Puzzle Games (iTunes App Store), by Pengbo LI",https://itunes.apple.com/us/app/id1191831883,13
dspl / ca,2-in.playsimple.tripcross,"Mobile App: Crossword Jam (Google Play), by PlaySimple Games",https://play.google.com/store/apps/details?id=in.playsimple.tripcross,13
dspl / ca,1-6751319615,"Mobile App: Block Flower: Wood Puzzle (iTunes App Store), by SIXTY BUCKS LIMITED",https://itunes.apple.com/us/app/id6751319615,13
dspl / ca,2-com.adam4adam.radar2.ui,"Mobile App: Adam4Adam Gay Chat Dating A4A (Google Play), by A4A Network Inc",https://play.google.com/store/apps/details?id=com.adam4adam.radar2.ui,13
dspl / ca,1-6736731265,"Mobile App: Rash Drive Car Crash Simulator (iTunes App Store), by Muhammad Hussain",https://itunes.apple.com/us/app/id6736731265,13
dspl / ca,1-1452906710,"Mobile App: Wizz App - chat now (iTunes App Store), by VLB",https://itunes.apple.com/us/app/id1452906710,13
dspl / ca,1-1586304393,"Mobile App: My Little Universe (iTunes App Store), by SayGames LTD",https://itunes.apple.com/us/app/id1586304393,13
dspl / ca,1-1563848232,"Mobile App: Magic Jump: EDM Dancing (iTunes App Store), by BADSNOWBALL HONGKONG LIMITED",https://itunes.apple.com/us/app/id1563848232,13
search / all injuries / s& n / lp - tilda,bozuktus.com/blog/query,bozuktus.com/blog/query,bozuktus.com/blog/query,13
dspl / ca,1-1021946968,"Mobile App: Spider Solitaire ・2026 (iTunes App Store), by nerByte GmbH",https://itunes.apple.com/us/app/id1021946968,13
dspl / ca,2-com.mobilityware.solitaire,"Mobile App: Solitaire - Classic Card Games (Google Play), by MobilityWare",https://play.google.com/store/apps/details?id=com.mobilityware.solitaire,13
dspl / ca,2-com.dreamcraft.city,"Mobile App: DreamCraft City (Google Play), by funtab999",https://play.google.com/store/apps/details?id=com.dreamcraft.city,13
dspl / ca,1-1522667579,"Mobile App: Classic Solitaire． (iTunes App Store), by 蕾 郭",https://itunes.apple.com/us/app/id1522667579,13
dspl / ca,1-6775131778,"Mobile App: Jigblock: flip match (iTunes App Store), by RED INFINITY LIMITED",https://itunes.apple.com/us/app/id6775131778,13
dspl / ca,1-6480371584,"Mobile App: Urban Street Car Driver (iTunes App Store), by MINOR BUGS",https://itunes.apple.com/us/app/id6480371584,13
search / all injuries,selectadvise.com/topic/5731003,selectadvise.com/topic/5731003,selectadvise.com/topic/5731003,13
dspl / ca,1-6753987369,"Mobile App: Puzzle Artis: Jigsaw Art Game (iTunes App Store), by Brightika, Inc.",https://itunes.apple.com/us/app/id6753987369,13
dspl / ca,2-com.chating.messages.chat.fun,"Mobile App: Messages (Google Play), by Text Messaging",https://play.google.com/store/apps/details?id=com.chating.messages.chat.fun,13
dspl / ca,2-com.cheese.exit.escape2025,"Mobile App: Cheese Exit: Run Multi-mode (Google Play), by CptGaming",https://play.google.com/store/apps/details?id=com.cheese.exit.escape2025,13
dspl / ca,1-1026575503,"Mobile App: TVBAnywhere North America (iTunes App Store), by TVB (USA) Inc.",https://itunes.apple.com/us/app/id1026575503,12
dspl / ca,2-com.metropcs.metrozone,"Mobile App: MetroZone (Google Play), by Metro by T-Mobile",https://play.google.com/store/apps/details?id=com.metropcs.metrozone,12
dspl / ca,1-6754129633,"Mobile App: Bible Jigsaw - Jigsaw Puzzle (iTunes App Store), by YUANTU INTERACTIVE TECHNOLOGY PTE. LTD.",https://itunes.apple.com/us/app/id6754129633,12
dspl / ca,1-1175031987,"Mobile App: My Lightning Tracker & Alerts (iTunes App Store), by JRustonApps B.V.",https://itunes.apple.com/us/app/id1175031987,12
dspl / ca,1-6761473147,"Mobile App: Find Differences - Spot it all (iTunes App Store), by Yang Li",https://itunes.apple.com/us/app/id6761473147,12
dspl / ca,1-6752590225,"Mobile App: Woody Block:Puzzle Blast (iTunes App Store), by Guangzhou Quba Technology Co., Ltd",https://itunes.apple.com/us/app/id6752590225,12
dspl / ca,2-com.traffic.motorcycle.rider.driving.racing.open.sandbox.world,"Mobile App: Driving Motor Racing Simulator (Google Play), by Digital Payment Tech",https://play.google.com/store/apps/details?id=com.traffic.motorcycle.rider.driving.racing.open.sandbox.world,12
dspl / ca,2-com.cashwalklabs.cashwalk,"Mobile App: CashWalk - Daily pedometer app (Google Play), by CASHWALK LABS, INC.",https://play.google.com/store/apps/details?id=com.cashwalklabs.cashwalk,12
dspl / ca,1-6742224257,"Mobile App: Jigsaw Puzzles - Fancy Jigsaw (iTunes App Store), by Yang Li",https://itunes.apple.com/us/app/id6742224257,12
dspl / ca,1-1452227871,"Mobile App: Blockudoku - Block Puzzle Game (iTunes App Store), by Easybrain Ltd",https://itunes.apple.com/us/app/id1452227871,12
dspl / ca,1-1598506904,"Mobile App: Word Maker - Puzzle Game (iTunes App Store), by NewPubCo, Inc",https://itunes.apple.com/us/app/id1598506904,12
dspl / ca,2-com.craft.city.blockbuilder.pro,"Mobile App: Craft Explore: Block Builder (Google Play), by LogicLabs Limited",https://play.google.com/store/apps/details?id=com.craft.city.blockbuilder.pro,12
dspl / ca,2-spider.solitaire.card.games.free.no.ads.klondike.solitare.patience.king,"Mobile App: Spider Solitaire - Card Games (Google Play), by Fantasy Games Ltd",https://play.google.com/store/apps/details?id=spider.solitaire.card.games.free.no.ads.klondike.solitare.patience.king,12
dspl / ca,1-6466299204,"Mobile App: Block Bloom Journey (iTunes App Store), by Andaman Media Limited",https://itunes.apple.com/us/app/id6466299204,12
dspl / ca,2-phonecall.log.manager.contacts,"Mobile App: Phone Call (Google Play), by Call Log Manager",https://play.google.com/store/apps/details?id=phonecall.log.manager.contacts,12
search / all injuries / s& n / lp - tilda,supremeinsights.com/topic/5731003,supremeinsights.com/topic/5731003,supremeinsights.com/topic/5731003,12
dspl / ca,2-com.sandbox.playground.kpop.demon.hunters,"Mobile App: KPOP Sandbox: Demon Hunters (Google Play), by Q8Power",https://play.google.com/store/apps/details?id=com.sandbox.playground.kpop.demon.hunters,12
dspl / ca,1-6474243187,"Mobile App: Watermelon Merge Fruits Puzzle (iTunes App Store), by Hai Yen Nguyen Thi",https://itunes.apple.com/us/app/id6474243187,12
dspl / ca,1-6758832704,"Mobile App: Pure Color by Number Book (iTunes App Store), by YUANTU INTERACTIVE TECHNOLOGY PTE. LTD.",https://itunes.apple.com/us/app/id6758832704,12
dspl / ca,1-6746745281,"Mobile App: Fashion Mermaid Princess Life (iTunes App Store), by Hainan Hengdou Network Technology Co., Ltd.",https://itunes.apple.com/us/app/id6746745281,12
dspl / ca,1-6471572249,"Mobile App: Fruit Merge™: Match Game (iTunes App Store), by Brave HK Limited",https://itunes.apple.com/us/app/id6471572249,12
search / car accident / ca - google search + network / spanish,youtube.com,youtube.com,youtube.com,12
dspl / ca,1-6738694162,"Mobile App: Jelly Master: Mukbang ASMR (iTunes App Store), by Hieu Nguyen Trung",https://itunes.apple.com/us/app/id6738694162,12
dspl / ca,1-6462385558,"Mobile App: House Color - Paint by number (iTunes App Store), by YUANTU INTERACTIVE TECHNOLOGY PTE. LTD.",https://itunes.apple.com/us/app/id6462385558,12
dspl / ca,1-1434400630,"Mobile App: Traffic Run! (iTunes App Store), by Geisha Tokyo Inc.",https://itunes.apple.com/us/app/id1434400630,12
dspl / ca,1-6745092139,"Mobile App: Lucky Balls - Erase sand game (iTunes App Store), by HYPERCELL SIA",https://itunes.apple.com/us/app/id6745092139,12
dspl / ca,1-1617391485,"Mobile App: Block Blast！ (iTunes App Store), by ARETIS LIMITED",https://itunes.apple.com/us/app/id1617391485,12
dspl / ca,1-1575519620,"Mobile App: Solitaire (Classic Klondike) (iTunes App Store), by Shanghai Zhenglang Technology Co., Ltd.",https://itunes.apple.com/us/app/id1575519620,12
dspl / ca,2-com.nights.forest.sandbox.playground,"Mobile App: Survival Sandbox: Playground (Google Play), by Ghaddan Studios",https://play.google.com/store/apps/details?id=com.nights.forest.sandbox.playground,12
dspl / ca,1-6762603004,"Mobile App: ReadReel: Romance Novels (iTunes App Store), by 雪丽 庄",https://itunes.apple.com/us/app/id6762603004,12
dspl / ca,2-com.gamblechaos.withfriends.game,"Mobile App: Vice Streets: Open World (Google Play), by STOCK AGE INTERNATIONAL",https://play.google.com/store/apps/details?id=com.gamblechaos.withfriends.game,12
dspl / ca,2-com.maxnovel.android.app,"Mobile App: MaxNovel: Endless Web Novels (Google Play), by Feel Refreshed Studio Limited",https://play.google.com/store/apps/details?id=com.maxnovel.android.app,12
dspl / ca,2-linkdesks.storymatch,"Mobile App: Story Match (Google Play), by LinkDesks Daily Puzzle",https://play.google.com/store/apps/details?id=linkdesks.storymatch,12
dspl / ca,2-com.tricky.dramas.shortstories,"Mobile App: Tricky Dramas: Short Stories (Google Play), by DIGO Lab",https://play.google.com/store/apps/details?id=com.tricky.dramas.shortstories,12
dspl / ca,1-409644287,"Mobile App: Cribbage Pro (iTunes App Store), by Fuller Systems, Inc.",https://itunes.apple.com/us/app/id409644287,12
dspl / ca,2-com.flyfox.arrow.away.escape.out.color.master.game,"Mobile App: Zapout™: Tap Away Puzzle (Google Play), by Flyfox Games",https://play.google.com/store/apps/details?id=com.flyfox.arrow.away.escape.out.color.master.game,11
dspl / ca,1-398129933,"Mobile App: Calculator₊ (iTunes App Store), by Impala Studios B.V.",https://itunes.apple.com/us/app/id398129933,11
dspl / ca,2-com.easybrain.art.puzzle,"Mobile App: Art Puzzle - Puzzle Games (Google Play), by Easybrain",https://play.google.com/store/apps/details?id=com.easybrain.art.puzzle,11
dspl / ca,1-1342112505,"Mobile App: Bible Word Puzzle - Word Games (iTunes App Store), by OAKEVER GAMES PTE. LTD.",https://itunes.apple.com/us/app/id1342112505,11
dspl / ca,1-6767139723,"Mobile App: Spooky Fun Clicker (iTunes App Store), by Thuy On",https://itunes.apple.com/us/app/id6767139723,11
dspl / ca,1-834107022,"Mobile App: Sudoku Puzzle World (iTunes App Store), by NewsLeap, LLC",https://itunes.apple.com/us/app/id834107022,11
dspl / ca,1-1660171117,"Mobile App: Zen Word® - Relax Puzzle Game (iTunes App Store), by OAKEVER GAMES PTE. LTD.",https://itunes.apple.com/us/app/id1660171117,11
dspl / ca,1-6642698438,"Mobile App: Wood Screw: Muttere og bolter (iTunes App Store), by LONGSEA LINK LIMITED",https://itunes.apple.com/us/app/id6642698438,11
dspl / ca,2-com.pocket.drama.pinzs,"Mobile App: ClariToon: Photo Editor (Google Play), by Brosoft Technologies",https://play.google.com/store/apps/details?id=com.pocket.drama.pinzs,11
dspl / ca,1-6758813543,"Mobile App: Jigsaw Puzzles - Country Life (iTunes App Store), by Joystar Media Limited",https://itunes.apple.com/us/app/id6758813543,11
dspl / ca,2-com.diamond.city.house.best.building.craft.vip,"Mobile App: Block World - Craft City (Google Play), by Patane Global",https://play.google.com/store/apps/details?id=com.diamond.city.house.best.building.craft.vip,11
dspl / ca,2-com.musicupper.boostersong,"Mobile App: Music Upper: MP3 Player & Edit (Google Play), by Afran sarkar",https://play.google.com/store/apps/details?id=com.musicupper.boostersong,11
dspl / ca,1-1523402128,"Mobile App: Solitare HD- Classic Card Game (iTunes App Store), by Longwind Studio",https://itunes.apple.com/us/app/id1523402128,11
dspl / ca,2-com.tgame.sand.box,"Mobile App: Sandbox - Physics Simulator (Google Play), by Reggae True Love",https://play.google.com/store/apps/details?id=com.tgame.sand.box,11
dspl / ca,1-6449934686,"Mobile App: Jenny Solitaire - Card Games (iTunes App Store), by OAKEVER GAMES PTE. LTD.",https://itunes.apple.com/us/app/id6449934686,11
dspl / ca,1-1526615135,"Mobile App: Spider – Classic Card Game (iTunes App Store), by BREW STUDIO LIMITED",https://itunes.apple.com/us/app/id1526615135,11
dspl / ca,1-1207472156,"Mobile App: Wordscapes - Word Game (iTunes App Store), by PeopleFun, Inc.",https://itunes.apple.com/us/app/id1207472156,11
dspl / ca,2-com.binge.shorts.mmnx,"Mobile App: VelaCut - Video Maker & Editor (Google Play), by Kenmbugua",https://play.google.com/store/apps/details?id=com.binge.shorts.mmnx,11
dspl / ca,1-1645052152,"Mobile App: Evolution Merge - Eat and Grow (iTunes App Store), by SayGames LTD",https://itunes.apple.com/us/app/id1645052152,11
dspl / ca,1-6502597181,"Mobile App: Screw Pin Jam Puzzle (iTunes App Store), by Shanghai Renplay Network Technology Co., Ltd.",https://itunes.apple.com/us/app/id6502597181,11
dspl / ca,2-com.oakever.blockrush,"Mobile App: Block Rush - Block Puzzle Game (Google Play), by Oakever Games",https://play.google.com/store/apps/details?id=com.oakever.blockrush,11
dspl / ca,1-1437615191,"Mobile App: Tap Color - Paint by Number (iTunes App Store), by Talefun Technologies Limited",https://itunes.apple.com/us/app/id1437615191,11
dspl / ca,1-6444740511,"Mobile App: Real Car Driving Night City (iTunes App Store), by Quan Vu",https://itunes.apple.com/us/app/id6444740511,11
dspl / ca,2-com.iceors.color.joy,"Mobile App: Anima Color - Paint by Number (Google Play), by Candy Mobile",https://play.google.com/store/apps/details?id=com.iceors.color.joy,11
dspl / ca,2-com.coloring.game.black.app.by.number,"Mobile App: Cute Funny Animal Color (Google Play), by Fancy Games Studio",https://play.google.com/store/apps/details?id=com.coloring.game.black.app.by.number,11
dspl / ca,1-1632384400,"Mobile App: Solitaire Collection-Card Game (iTunes App Store), by Aged Studio Limited",https://itunes.apple.com/us/app/id1632384400,11
dspl / ca,1-6498883328,"Mobile App: Tile Explorer: Tiles Clear! (iTunes App Store), by OAKEVER GAMES PTE. LTD.",https://itunes.apple.com/us/app/id6498883328,11
dspl / ca,1-1574455218,"Mobile App: Gun Sprint (iTunes App Store), by KAYAC Inc.",https://itunes.apple.com/us/app/id1574455218,11
dspl / ca,2-com.fenghenda.mahjong,"Mobile App: Mahjong (Google Play), by CanaryDroid",https://play.google.com/store/apps/details?id=com.fenghenda.mahjong,11
dspl / ca,1-635828559,"Mobile App: Tuner Lite by Piascore (iTunes App Store), by Piascore, Inc.",https://itunes.apple.com/us/app/id635828559,11
dspl / ca,2-com.Parkour.Master.Obby.Games,"Mobile App: Parkour Master: Obby Games (Google Play), by H2T GLOBAL PTE. LTD.",https://play.google.com/store/apps/details?id=com.Parkour.Master.Obby.Games,11
dspl / ca,1-1566174072,"Mobile App: Block Puzzle - Sudoku Style (iTunes App Store), by Staple Games, LLC",https://itunes.apple.com/us/app/id1566174072,11
dspl / ca,1-1123930673,"Mobile App: Word Search Pro‧ (iTunes App Store), by NODRIX GAMES PTE. LTD.",https://itunes.apple.com/us/app/id1123930673,11
dspl / ca,2-com.hectopixel.match3,"Mobile App: Match 3 Jewels (Google Play), by Hectopixel - Great Jewel Games",https://play.google.com/store/apps/details?id=com.hectopixel.match3,11
dspl / ca,1-6443555191,"Mobile App: Lazy Jump 3D (iTunes App Store), by SayGames LTD",https://itunes.apple.com/us/app/id6443555191,11
dspl / ca,1-6465898527,"Mobile App: Nolem Playland Addons (iTunes App Store), by Quan Nguyen",https://itunes.apple.com/us/app/id6465898527,11
dspl / ca,1-1596684882,"Mobile App: Shoot Bubbles - Bubble Pop (iTunes App Store), by IVYMOBILE INTERNATIONAL ENTERPRISE LIMITED",https://itunes.apple.com/us/app/id1596684882,11
dspl / ca,1-722987199,"Mobile App: Breitbart (iTunes App Store), by Breitbart News Network, LLC",https://itunes.apple.com/us/app/id722987199,10
dspl / ca,1-398890666,"Mobile App: Hearts+ (iTunes App Store), by A Star Software LLC",https://itunes.apple.com/us/app/id398890666,10
dspl / ca,1-1669217910,"Mobile App: Coloring ASMR (iTunes App Store), by Zego Global Pte Ltd",https://itunes.apple.com/us/app/id1669217910,10
dspl / ca,1-6473832648,"Mobile App: Number Match - Fun Puzzle Game (iTunes App Store), by Shanghai Diguo Network Technology Co., Ltd.",https://itunes.apple.com/us/app/id6473832648,10
dspl / ca,1-1584318864,"Mobile App: Wood Block Puzzle Sudoku (iTunes App Store), by 海强 黄",https://itunes.apple.com/us/app/id1584318864,10
dspl / ca,1-407262916,"Mobile App: Bubble Jewels™ (iTunes App Store), by Boy Howdy Technology LLC",https://itunes.apple.com/us/app/id407262916,10
dspl / ca,2-com.grus.dress.room.doll.fashion,"Mobile App: Fashion Impress: Dress Up Star (Google Play), by UltraPub",https://play.google.com/store/apps/details?id=com.grus.dress.room.doll.fashion,10
search / car accident / ca - google search + network,resultsnova.com/topic/5431003,resultsnova.com/topic/5431003,resultsnova.com/topic/5431003,10
search / all injuries / geo - la specific,selectanswers.com/topic/5731003,selectanswers.com/topic/5731003,selectanswers.com/topic/5731003,10
dspl / ca,1-307466242,"Mobile App: Sudoku (Full Version) (iTunes App Store), by Icenta, Inc.",https://itunes.apple.com/us/app/id307466242,10
dspl / ca,2-com.sanbox.ragdoll.playground.ragdollfall.dismount,"Mobile App: Doll PlayGround (Google Play), by Tappy Game",https://play.google.com/store/apps/details?id=com.sanbox.ragdoll.playground.ragdollfall.dismount,10
dspl / ca,1-1178823466,"Mobile App: 100 Blocks - Best Puzzle Games (iTunes App Store), by Eternus Games Ltd",https://itunes.apple.com/us/app/id1178823466,10
dspl / ca,1-398990729,"Mobile App: Sudoku :) (iTunes App Store), by Maple Media Apps, LLC",https://itunes.apple.com/us/app/id398990729,10
dspl / ca,1-6736890116,"Mobile App: This Or That Test: Fun Filter (iTunes App Store), by BRALY COMPANY LIMITED",https://itunes.apple.com/us/app/id6736890116,10
dspl / ca,2-org.dashnet.cookieclicker,"Mobile App: Cookie Clicker (Google Play), by DashNet B.V.",https://play.google.com/store/apps/details?id=org.dashnet.cookieclicker,10
dspl / ca,2-com.candywriter.bitlife,"Mobile App: BitLife - Life Simulator (Google Play), by Candywriter, LLC",https://play.google.com/store/apps/details?id=com.candywriter.bitlife,10
dspl / ca,1-6761760135,"Mobile App: Meowdoku! (iTunes App Store), by OAKEVER GAMES PTE. LTD.",https://itunes.apple.com/us/app/id6761760135,10
dspl / ca,1-6739694698,"Mobile App: Solitaire Master - Classic (iTunes App Store), by Guangzhou Baoyong Information Technology Co., Ltd",https://itunes.apple.com/us/app/id6739694698,10
dspl / ca,2-com.badoo.mobile,"Mobile App: Badoo Dating App: Meet & Date (Google Play), by Badoo",https://play.google.com/store/apps/details?id=com.badoo.mobile,10
dspl / ca,1-6748660921,"Mobile App: Buus racing and transport sim (iTunes App Store), by Faraz Tariq",https://itunes.apple.com/us/app/id6748660921,10
dspl / ca,2-com.tripledot.solitaire,"Mobile App: Solitaire.com - Classic Cards (Google Play), by Tripledot Studios Limited",https://play.google.com/store/apps/details?id=com.tripledot.solitaire,10
dspl / ca,1-6736755876,"Mobile App: Hidden Spots - Hidden Objects (iTunes App Store), by Easybrain Ltd",https://itunes.apple.com/us/app/id6736755876,10
dspl / ca,1-6739333674,"Mobile App: Hexa Run: Hexa Puzzle Game (iTunes App Store), by Guru Future Holding Limited",https://itunes.apple.com/us/app/id6739333674,10
dspl / ca,2-in.playsimple.wordtrip,"Mobile App: Word Trip - Word Puzzle Game (Google Play), by PlaySimple Games",https://play.google.com/store/apps/details?id=in.playsimple.wordtrip,10
dspl / ca,1-937309909,"Mobile App: Double Deck Solitaire (iTunes App Store), by Boy Howdy Technology LLC",https://itunes.apple.com/us/app/id937309909,10
search / car accident / ca - google search + network,targetfaqs.com/topic/5731003,targetfaqs.com/topic/5731003,targetfaqs.com/topic/5731003,10
dspl / ca,2-com.red.arrows.android,"Mobile App: Color Maze (Google Play), by Beijing Youyoutang Technology Co.,ltd.",https://play.google.com/store/apps/details?id=com.red.arrows.android,10
dspl / ca,1-1248966041,"Mobile App: SmartWOD Timer - WOD Clock (iTunes App Store), by SmartWOD GmbH",https://itunes.apple.com/us/app/id1248966041,10
dspl / ca,1-1586980403,"Mobile App: Coloring Match (iTunes App Store), by SUPERSONIC STUDIOS LTD",https://itunes.apple.com/us/app/id1586980403,10
dspl / ca,1-1636236989,"Mobile App: Spider Solitaire (Classic) (iTunes App Store), by WONDERFUL ENTERTAINMENT CO., LTD.",https://itunes.apple.com/us/app/id1636236989,10
dspl / ca,2-com.bacon.bc06b.car.parking.simulation,"Mobile App: Driving School: Car Parking 3D (Google Play), by Cheetah Game Studios",https://play.google.com/store/apps/details?id=com.bacon.bc06b.car.parking.simulation,10
dspl / ca,2-com.hp.penguin.jump.prison.parkour,"Mobile App: Penguin Jump: Prison Parkour (Google Play), by HIGAME GLOBAL",https://play.google.com/store/apps/details?id=com.hp.penguin.jump.prison.parkour,10
dspl / ca,1-645704840,"Mobile App: Solitaire Deluxe® 2: Card Game (iTunes App Store), by Murka Contracting Limited",https://itunes.apple.com/us/app/id645704840,10
dspl / ca,1-901900997,"Mobile App: Cribbage Classic (iTunes App Store), by Games By Post LLC",https://itunes.apple.com/us/app/id901900997,10
dspl / ca,2-linkdesks.jigsaw.family,"Mobile App: Jigsaw Family - Jigsaw Puzzles (Google Play), by LinkDesks Daily Puzzle",https://play.google.com/store/apps/details?id=linkdesks.jigsaw.family,10
dspl / ca,1-6744103022,"Mobile App: Bible Tiles - Christian Puzzle (iTunes App Store), by Sophun Games Ltd",https://itunes.apple.com/us/app/id6744103022,10
dspl / ca,1-6471930492,"Mobile App: Block Puzzle - Blast (iTunes App Store), by BREW STUDIO LIMITED",https://itunes.apple.com/us/app/id6471930492,10
pmax / ca,2-com.jeyluta.timestampcamerafree,"Mobile App: Timestamp Camera (Google Play), by Bian Di",https://play.google.com/store/apps/details?id=com.jeyluta.timestampcamerafree,10
dspl / ca,1-1448360185,"Mobile App: Fork N Sausage (iTunes App Store), by SayGames LTD",https://itunes.apple.com/us/app/id1448360185,10
dspl / ca,2-com.rnovel.android.app,"Mobile App: NovelFlow-FreeNovel&Story (Google Play), by rnovel",https://play.google.com/store/apps/details?id=com.rnovel.android.app,10
dspl / ca,2-enjoy.jigsaw.puzzles.game,"Mobile App: Jigsaw Puzzles & Story (Google Play), by Bobodoo Game",https://play.google.com/store/apps/details?id=enjoy.jigsaw.puzzles.game,10
dspl / ca,1-1622154250,"Mobile App: Merge Anything - Mutant Battle (iTunes App Store), by SayGames LTD",https://itunes.apple.com/us/app/id1622154250,10
dspl / ca,1-1347840679,"Mobile App: Meme Soundboard 2016-2026 (iTunes App Store), by Danylo Andriushchenko",https://itunes.apple.com/us/app/id1347840679,10
dspl / ca,2-com.Zgame.BlockPuzzle,"Mobile App: Wood Block Puzzle (Google Play), by Candy Mobile",https://play.google.com/store/apps/details?id=com.Zgame.BlockPuzzle,10
dspl / ca,1-6443484197,"Mobile App: Backgammon - Board Games (iTunes App Store), by Easybrain Ltd",https://itunes.apple.com/us/app/id6443484197,10
dspl / ca,2-cos.mos.jigsaw,"Mobile App: Jigsaw Puzzles Explorer (Google Play), by TerranDroid",https://play.google.com/store/apps/details?id=cos.mos.jigsaw,10
dspl / ca,1-6756092561,"Mobile App: Escape Rush: Obby Run (iTunes App Store), by Dung Tran Phi",https://itunes.apple.com/us/app/id6756092561,10
dspl / ca,2-com.billiards.shooting.ball.pool,"Mobile App: Shooting Ball (Google Play), by PopStoneGameTechnologyLimited-Shooting",https://play.google.com/store/apps/details?id=com.billiards.shooting.ball.pool,10
dspl / ca,1-1627205148,"Mobile App: NovelFlow-Unlimited Books (iTunes App Store), by RNOVEL PTE. LTD",https://itunes.apple.com/us/app/id1627205148,10
dspl / ca,2-com.mydogtown.mydogtown,"Mobile App: My Dog Town: Animal Sim Games (Google Play), by kunping",https://play.google.com/store/apps/details?id=com.mydogtown.mydogtown,9
dspl / ca,1-631719454,"Mobile App: 掌中文学城 (iTunes App Store), by yuan quntao",https://itunes.apple.com/us/app/id631719454,9
dspl / ca,2-com.merge6.mergeremove.goods,"Mobile App: Goods Group™ - Sort Game (Google Play), by POP STONE GAME TECHNOLOGY LIMITED-FlyDogGame",https://play.google.com/store/apps/details?id=com.merge6.mergeremove.goods,9
dspl / ca,2-com.tile.traveler.puzzle,"Mobile App: Tile Traveler: Triple Match (Google Play), by STELLASOFT GAMES",https://play.google.com/store/apps/details?id=com.tile.traveler.puzzle,9
dspl / ca,1-6749558340,"Mobile App: Jigsaw Puzzles & Story (iTunes App Store), by BOBODOO PTE. LTD.",https://itunes.apple.com/us/app/id6749558340,9
dspl / ca,2-com.pratilipi.mobile.android,"Mobile App: Pratilipi - Read Stories (Google Play), by Pratilipi",https://play.google.com/store/apps/details?id=com.pratilipi.mobile.android,9
dspl / ca,1-949091095,"Mobile App: B-Bro Big2 (Pusoy Dos/Capsa) (iTunes App Store), by Recax Technology Limited",https://itunes.apple.com/us/app/id949091095,9
dspl / ca,1-6450103715,"Mobile App: Real Car Driving - Racing City (iTunes App Store), by Tripsoft Pte. Ltd",https://itunes.apple.com/us/app/id6450103715,9
dspl / ca,2-com.rimashev.nextbot,"Mobile App: Nextbots In Backrooms: Shooter (Google Play), by HOOKAH GAMES IT SERVICE L.L.C",https://play.google.com/store/apps/details?id=com.rimashev.nextbot,9
dspl / ca,1-477091717,"Mobile App: 1001 Ultimate Mahjong ™ (iTunes App Store), by NAWIA GAMES Sp. z o.o.",https://itunes.apple.com/us/app/id477091717,9
dspl / ca,1-6749926017,"Mobile App: Prison Blox: Obby 3D Parkour (iTunes App Store), by Cuong Le Hung",https://itunes.apple.com/us/app/id6749926017,9
dspl / ca,2-com.easybrain.jigsaw.puzzles,"Mobile App: Jigsaw Puzzles - Puzzle Games (Google Play), by Easybrain",https://play.google.com/store/apps/details?id=com.easybrain.jigsaw.puzzles,9
dspl / ca,1-6450030269,"Mobile App: Solitaire · Classic Card Game (iTunes App Store), by GREYFUN GAME LIMITED",https://itunes.apple.com/us/app/id6450030269,9
dspl / ca,1-487208855,"Mobile App: Bubble Mags - bubble shooter (iTunes App Store), by Roy Hamm",https://itunes.apple.com/us/app/id487208855,9
dspl / ca,2-com.music.pulse.beats,"Mobile App: PulseBeats - Music Player (Google Play), by devopskbw23",https://play.google.com/store/apps/details?id=com.music.pulse.beats,9
dspl / ca,1-6689516283,"Mobile App: Perfect Tidy (iTunes App Store), by ABI GLOBAL LTD.",https://itunes.apple.com/us/app/id6689516283,9
dspl / ca,1-6754307505,"Mobile App: Classic Jigsaw - Puzzle Games (iTunes App Store), by Conifer Limited",https://itunes.apple.com/us/app/id6754307505,9
dspl / ca,2-com.blockpuzzle.comboblastmaster.freegame,"Mobile App: Block Pop:Combo Master (Google Play), by Flyyes, Inc.",https://play.google.com/store/apps/details?id=com.blockpuzzle.comboblastmaster.freegame,9
dspl / ca,2-com.bigcake.android.mahjongmatch,"Mobile App: Daily Mahjong Match (Google Play), by Big Cake",https://play.google.com/store/apps/details?id=com.bigcake.android.mahjongmatch,9
dspl / ca,1-482066631,"Mobile App: The Roku App (Official) (iTunes App Store), by ROKU INC",https://itunes.apple.com/us/app/id482066631,9
dspl / ca,2-com.trace.art.draw.drawing.paint,"Mobile App: Artmate: Drawing Together (Google Play), by Braly JSC",https://play.google.com/store/apps/details?id=com.trace.art.draw.drawing.paint,9
dspl / ca,1-1639354550,"Mobile App: Word Galaxy Challenge (iTunes App Store), by FIOGONIA LIMITED",https://itunes.apple.com/us/app/id1639354550,9
dspl / ca,2-com.puzzlegame.match.jewels.adventure,"Mobile App: Jewels Adventure Match Blast (Google Play), by Lynn Mobile Puzzle Games",https://play.google.com/store/apps/details?id=com.puzzlegame.match.jewels.adventure,9
dspl / ca,1-1308294523,"Mobile App: Bubble Shooter Blast Ball Pop (iTunes App Store), by Ilyon Dynamics Ltd.",https://itunes.apple.com/us/app/id1308294523,9
dspl / ca,2-com.tangle.happy.paint.by.number.coloring.game,"Mobile App: Tangle Color by Number Book (Google Play), by LoveColoring Game",https://play.google.com/store/apps/details?id=com.tangle.happy.paint.by.number.coloring.game,9
pmax / ca,2-com.inmobi.weather,"Mobile App: Weather (Google Play), by OneLouder Apps",https://play.google.com/store/apps/details?id=com.inmobi.weather,9
dspl / ca,1-1453795744,"Mobile App: Word Calm (iTunes App Store), by FUNJOY TECHNOLOGY LIMITED",https://itunes.apple.com/us/app/id1453795744,9
dspl / ca,1-6756004390,"Mobile App: Spider Solitaire - Retro Card (iTunes App Store), by Worthy Journey Limited",https://itunes.apple.com/us/app/id6756004390,9
dspl / ca,1-6757188521,"Mobile App: Rocket Out - Puzzle Away Game (iTunes App Store), by COMMANDOO JOINT STOCK COMPANY",https://itunes.apple.com/us/app/id6757188521,9
dspl / ca,2-com.ttterbagames.businesssimulator,"Mobile App: Business Empire: RichMan (Google Play), by AAA Fun",https://play.google.com/store/apps/details?id=com.ttterbagames.businesssimulator,9
dspl / ca,1-847281000,"Mobile App: i.Game 13 Mahjong 香港麻雀Lite (iTunes App Store), by Webi & Neti Internet Services Inc.",https://itunes.apple.com/us/app/id847281000,9
dspl / ca,2-com.sona.localplayer,"Mobile App: Sona - Music Player (Google Play), by Merlis",https://play.google.com/store/apps/details?id=com.sona.localplayer,9
dspl / ca,1-531263194,"Mobile App: Piano for iPhone (iTunes App Store), by 宗明 杨",https://itunes.apple.com/us/app/id531263194,9
dspl / ca,1-6499322184,"Mobile App: Mini Monsters: Card Collector (iTunes App Store), by HOMA GAMES",https://itunes.apple.com/us/app/id6499322184,9
dspl / ca,1-1439434588,"Mobile App: SAKURA School Simulator (iTunes App Store), by GARUSOFT K.K.",https://itunes.apple.com/us/app/id1439434588,9
dspl / ca,1-1519174001,"Mobile App: Art Puzzle - Jigsaw Games (iTunes App Store), by Easybrain Ltd",https://itunes.apple.com/us/app/id1519174001,9
dspl / ca,2-com.leafnovel.app,"Mobile App: LeafNovel - Novels & Stories (Google Play), by Dancing Leaf",https://play.google.com/store/apps/details?id=com.leafnovel.app,9
dspl / ca,2-com.freeplay.crazyoffice,"Mobile App: Crazy Office — Slap & Smash (Google Play), by Freeplay Inc",https://play.google.com/store/apps/details?id=com.freeplay.crazyoffice,9
dspl / ca,1-993090598,"Mobile App: Ludo King (iTunes App Store), by GAMETION GLOBAL TECHNOLOGIES PTE LIMITED",https://itunes.apple.com/us/app/id993090598,9
dspl / ca,1-1637207591,"Mobile App: Bike Stunt Racing Extreme 3D (iTunes App Store), by Chung Nguyen",https://itunes.apple.com/us/app/id1637207591,9
dspl / ca,2-com.wonderfultown.wonderfultown,"Mobile App: My little unicorn：Pets academy (Google Play), by guihua",https://play.google.com/store/apps/details?id=com.wonderfultown.wonderfultown,9
dspl / ca,1-6752883564,"Mobile App: Whimsical House Jigsaw (iTunes App Store), by YUANTU INTERACTIVE TECHNOLOGY PTE. LTD.",https://itunes.apple.com/us/app/id6752883564,9
dspl / ca,1-1334311990,"Mobile App: Solitaire Classic Card Game #1 (iTunes App Store), by FIOGONIA LIMITED",https://itunes.apple.com/us/app/id1334311990,9
pmax / ca,1-1407852246,"Mobile App: Happy Color® – Coloring Games (iTunes App Store), by X-FLOW LTD",https://itunes.apple.com/us/app/id1407852246,9
dspl / ca,2-com.uc.sprunki.transform,"Mobile App: Sprunki Transformer Monster (Google Play), by Dinosaur House",https://play.google.com/store/apps/details?id=com.uc.sprunki.transform,9
dspl / ca,1-1587118395,"Mobile App: Ocean Fish Evolution (iTunes App Store), by 明炬 蒋",https://itunes.apple.com/us/app/id1587118395,9
dspl / ca,2-game.bubble.physics.world,"Mobile App: 3D Bubble Shoot - ASMR Game (Google Play), by TaTa Game Technology Limited",https://play.google.com/store/apps/details?id=game.bubble.physics.world,9
dspl / ca,1-301987699,"Mobile App: FreeCell: Card Game (iTunes App Store), by MobilityWare",https://itunes.apple.com/us/app/id301987699,9
dspl / ca,1-6738574112,"Mobile App: Math Club: cross number games (iTunes App Store), by EVRIKA GAMES LLC-FZ",https://itunes.apple.com/us/app/id6738574112,9
dspl / ca,1-6475700817,"Mobile App: Artrace: AR Drawing & Sketch (iTunes App Store), by BRALY COMPANY LIMITED",https://itunes.apple.com/us/app/id6475700817,9
dspl / ca,1-6476164708,"Mobile App: Connect Words - Puzzle Game (iTunes App Store), by Infinitous Limited",https://itunes.apple.com/us/app/id6476164708,9
dspl / ca,1-6754246945,"Mobile App: Cottage Color (iTunes App Store), by ORION FUTURE TECHNOLOGY LIMITED",https://itunes.apple.com/us/app/id6754246945,9
dspl / ca,1-1533569824,"Mobile App: Word Search - Fun Word Puzzle (iTunes App Store), by Doodle Mobile Limited",https://itunes.apple.com/us/app/id1533569824,9
dspl / ca,1-1510189987,"Mobile App: Puzzle Games: Jigsaw Puzzles (iTunes App Store), by Guru Smart Holding Limited",https://itunes.apple.com/us/app/id1510189987,9
dspl / ca,1-6502278761,"Mobile App: Traffic 3D Parking: Escape Jam (iTunes App Store), by Orange One Limited",https://itunes.apple.com/us/app/id6502278761,9
dspl / ca,1-6661024747,"Mobile App: Gangs Wars City: Pixel Shooter (iTunes App Store), by ACTOPOLUS GAMES, TOO",https://itunes.apple.com/us/app/id6661024747,8
dspl / ca,1-1575684487,"Mobile App: Solitaire Card Game by Mint (iTunes App Store), by Yang Li",https://itunes.apple.com/us/app/id1575684487,8
dspl / ca,2-com.novacore.reader,"Mobile App: WeToon: Comics & Manga (Google Play), by GR MOBILE PRO",https://play.google.com/store/apps/details?id=com.novacore.reader,8
dspl / ca,2-com.slots.casino.free.lucky.bonus.vegas.jackpot,"Mobile App: Lucky Winner (Google Play), by Combine.inc",https://play.google.com/store/apps/details?id=com.slots.casino.free.lucky.bonus.vegas.jackpot,8
dspl / ca,2-com.RC12B.ragdoll.sandbox.monster,"Mobile App: Ragdoll Monster Sandbox ! (Google Play), by Sprigame",https://play.google.com/store/apps/details?id=com.RC12B.ragdoll.sandbox.monster,8
dspl / ca,1-1508942891,"Mobile App: Fun Block Brick Puzzle (iTunes App Store), by Sonat Technology Limited",https://itunes.apple.com/us/app/id1508942891,8
dspl / ca,1-1577300311,"Mobile App: Block Puzzle Gem Blast (iTunes App Store), by NEVER OLD PTE. LTD.",https://itunes.apple.com/us/app/id1577300311,8
dspl / ca,2-com.bracelet.diy.handmade.asmr,"Mobile App: Bracelet Maker: DIY ASMR (Google Play), by Brocker Bus Studio",https://play.google.com/store/apps/details?id=com.bracelet.diy.handmade.asmr,8
dspl / ca,2-com.rc18.ragdoll.shinsonic.monster.playground.sandbox,"Mobile App: Brainrot Playground (Google Play), by Tappy Game",https://play.google.com/store/apps/details?id=com.rc18.ragdoll.shinsonic.monster.playground.sandbox,8
dspl / ca,1-6453701396,"Mobile App: Monster Battle Series (iTunes App Store), by Tang Thi Thuy",https://itunes.apple.com/us/app/id6453701396,8
dspl / ca,1-1039731496,"Mobile App: Free to Fit: Color block puzzle logic stack dots (iTunes App Store), by Lam Thanh",https://itunes.apple.com/us/app/id1039731496,8
dspl / ca,1-1501665743,"Mobile App: Lera: Livros Story & Audiobook (iTunes App Store), by CHANGDU (HK) TECHNOLOGY LIMITED",https://itunes.apple.com/us/app/id1501665743,8
dspl / ca,1-6762173085,"Mobile App: Steal Monster: Catch n Run (iTunes App Store), by Nguyen Ba Chien",https://itunes.apple.com/us/app/id6762173085,8
dspl / ca,1-6474995152,"Mobile App: Paper Doll Makeover & Dress Up (iTunes App Store), by Superboost Soft Limited",https://itunes.apple.com/us/app/id6474995152,8
dspl / ca,1-1581708116,"Mobile App: Spider Solitaire by Mint (iTunes App Store), by Yang Li",https://itunes.apple.com/us/app/id1581708116,8
dspl / ca,1-399129662,"Mobile App: Bobble Shooter (iTunes App Store), by REANIX ENTERTAINMENT LIMITED",https://itunes.apple.com/us/app/id399129662,8
dspl / ca,2-com.fastfun.tetris,"Mobile App: Wood Block Puzzle (Google Play), by SimPlay Games",https://play.google.com/store/apps/details?id=com.fastfun.tetris,8
dspl / ca,1-1528844711,"Mobile App: ColorPlanet® Jigsaw Puzzle (iTunes App Store), by Games Vessel Pte. Ltd.",https://itunes.apple.com/us/app/id1528844711,8
dspl / ca,1-382233851,"Mobile App: Flightradar24 | Flight Tracker (iTunes App Store), by Flightradar24 AB",https://itunes.apple.com/us/app/id382233851,8
dspl / ca,1-6759588311,"Mobile App: Merge Shooter: Match Puzzle (iTunes App Store), by DINH THIHONGNGAN",https://itunes.apple.com/us/app/id6759588311,8
dspl / ca,1-1469889140,"Mobile App: Crazy Kick! Fun Football game (iTunes App Store), by Voodoo",https://itunes.apple.com/us/app/id1469889140,8
dspl / ca,2-com.chibi.avatar.chibimaker,"Mobile App: Chibi Avatar: Doll Maker (Google Play), by Turnip King",https://play.google.com/store/apps/details?id=com.chibi.avatar.chibimaker,8
dspl / ca,1-6754588514,"Mobile App: Monster Remix Beat Maker (iTunes App Store), by Linh Le",https://itunes.apple.com/us/app/id6754588514,8
dspl / ca,www.foxnews.com/live-news/iran-war-us-trump-hormuz-august-6,www.foxnews.com/live-news/iran-war-us-trump-hormuz-august-6,www.foxnews.com/live-news/iran-war-us-trump-hormuz-august-6,8
dspl / ca,1-6747888207,"Mobile App: Fashion Games-Makeup, Dress Up (iTunes App Store), by Asim Ashraf",https://itunes.apple.com/us/app/id6747888207,8
dspl / ca,1-6743194343,"Mobile App: Candyville:Avatar City (iTunes App Store), by Xiamen Yiju Network Technology Company Limited",https://itunes.apple.com/us/app/id6743194343,8
dspl / ca,2-com.htt.vape.simulator.tn,"Mobile App: Vape 'N Pod Trick Simulator (Google Play), by UltraPub",https://play.google.com/store/apps/details?id=com.htt.vape.simulator.tn,8
dspl / ca,1-6758748106,"Mobile App: Seekee AI Browser & Search (iTunes App Store), by Raman Kathwal",https://itunes.apple.com/us/app/id6758748106,8
dspl / ca,2-com.mecatronium.mezquite,"Mobile App: Mezquite Diatonic Accordion (Google Play), by Mecatronium Apps",https://play.google.com/store/apps/details?id=com.mecatronium.mezquite,8
dspl / ca,1-1336527043,"Mobile App: Knife Hit (iTunes App Store), by Ketchapp",https://itunes.apple.com/us/app/id1336527043,8
dspl / ca,1-1337578317,"Mobile App: My Talking Tom 2 (iTunes App Store), by Outfit7 Limited",https://itunes.apple.com/us/app/id1337578317,8
dspl / ca,1-1497532365,"Mobile App: Draw Joust! (iTunes App Store), by Voodoo",https://itunes.apple.com/us/app/id1497532365,8
dspl / ca,tracker.gg/r6siege,tracker.gg/r6siege,tracker.gg/r6siege,8
dspl / ca,2-com.kayac.ball_run,"Mobile App: Ball Run 2048: merge number (Google Play), by KAYAC Inc.",https://play.google.com/store/apps/details?id=com.kayac.ball_run,8
dspl / ca,1-1495787932,"Mobile App: Color Adventure: Draw the Path (iTunes App Store), by AI GAMES FZ LLC",https://itunes.apple.com/us/app/id1495787932,8
dspl / ca,2-com.HMS.ObbyMemes,"Mobile App: Obby Memes: Grow Fruits (Google Play), by Take Top Entertainment",https://play.google.com/store/apps/details?id=com.HMS.ObbyMemes,8
dspl / ca,2-com.kilmerminibrose.watchnow,"Mobile App: Kilmer Mini (Google Play), by Key Joy Realty",https://play.google.com/store/apps/details?id=com.kilmerminibrose.watchnow,8
dspl / ca,2-com.hotmini.drama.hot,"Mobile App: HotMiniDrama (Google Play), by Tasawq",https://play.google.com/store/apps/details?id=com.hotmini.drama.hot,8
pmax / ca,typedeal.com/search.webm,typedeal.com/search.webm,typedeal.com/search.webm,8
dspl / ca,1-1613339445,"Mobile App: Word Blocks - Word Game (iTunes App Store), by NP YAZILIM VE BILISIM HIZMETLERI ANONIM SIRKETI",https://itunes.apple.com/us/app/id1613339445,8
dspl / ca,1-423783267,"Mobile App: Backgammon Gold (iTunes App Store), by mobivention GmbH",https://itunes.apple.com/us/app/id423783267,8
dspl / ca,2-com.domin.tgrow,"Mobile App: Ocean Domination - Fish.IO (Google Play), by Ryan Rusk Games",https://play.google.com/store/apps/details?id=com.domin.tgrow,8
dspl / ca,1-6503280598,"Mobile App: Musico Vision - Listen, Sounds (iTunes App Store), by Thi Tam Hoang",https://itunes.apple.com/us/app/id6503280598,8
dspl / ca,2-com.elemental.gloves,"Mobile App: Elemental Gloves - Magic Power (Google Play), by MOONEE PUBLISHING LTD",https://play.google.com/store/apps/details?id=com.elemental.gloves,8
dspl / ca,1-6451967325,"Mobile App: Spider Solitaire: Classic Card (iTunes App Store), by HOMA GAMES",https://itunes.apple.com/us/app/id6451967325,8
dspl / ca,1-6776603076,"Mobile App: LunaRead (iTunes App Store), by John Morrison",https://itunes.apple.com/us/app/id6776603076,8
dspl / ca,2-com.sg.tap.away.tile3d.master.game,"Mobile App: Tap Block Away 3D: Tap Master (Google Play), by Sugame",https://play.google.com/store/apps/details?id=com.sg.tap.away.tile3d.master.game,8
dspl / ca,1-1602244029,"Mobile App: Tile Pair 3D - Tap Tile Match (iTunes App Store), by BRAINWORKS PUBLISHING PTE. LTD.",https://itunes.apple.com/us/app/id1602244029,8
dspl / ca,1-1593801388,"Mobile App: Water Sort Puzzle Sorting Game (iTunes App Store), by Thu Dau",https://itunes.apple.com/us/app/id1593801388,8
pmax / ca,2-easy.launcher,"Mobile App: Easy Homescreen (Google Play), by Homescreen Apps",https://play.google.com/store/apps/details?id=easy.launcher,8
search / all injuries / geo - la specific,search.savvyvita.com/serp,search.savvyvita.com/serp,search.savvyvita.com/serp,8
dspl / ca,1-1493125671,"Mobile App: Sort It 3D (iTunes App Store), by SUPERSONIC STUDIOS LTD",https://itunes.apple.com/us/app/id1493125671,8
dspl / ca,2-com.outfit7.mytalkingtom2,"Mobile App: My Talking Tom 2: Pet Game (Google Play), by Outfit7 Limited",https://play.google.com/store/apps/details?id=com.outfit7.mytalkingtom2,8
dspl / ca,1-6760633478,"Mobile App: Gown Jigsaw Puzzles (iTunes App Store), by Joystar Media Limited",https://itunes.apple.com/us/app/id6760633478,8
dspl / ca,1-1263036818,"Mobile App: botim (iTunes App Store), by Algento Cloud Computing Limited",https://itunes.apple.com/us/app/id1263036818,8
dspl / ca,1-1618397460,"Mobile App: Crazy Mining Team (iTunes App Store), by 智 饶",https://itunes.apple.com/us/app/id1618397460,8
dspl / ca,2-net.novelfox.freenovel,"Mobile App: FantacyStory: novels, fictions (Google Play), by Novel Studio",https://play.google.com/store/apps/details?id=net.novelfox.freenovel,8
dspl / ca,1-1518963006,"Mobile App: Word Card: Fun Collect Game (iTunes App Store), by VERTEX GAMES PTE. LTD.",https://itunes.apple.com/us/app/id1518963006,8
dspl / ca,1-6479727880,"Mobile App: StickerHub - Sticker Exchange (iTunes App Store), by Meta Innovation Limited",https://itunes.apple.com/us/app/id6479727880,8
dspl / ca,1-1273162445,"Mobile App: Word Crossy - A Crossword game (iTunes App Store), by REIN TECHNOLOGY LIMITED",https://itunes.apple.com/us/app/id1273162445,8
dspl / ca,tracker.gg/valorant,tracker.gg/valorant,tracker.gg/valorant,8
dspl / ca,1-6754984411,"Mobile App: Calm Solitaire: Classic Card (iTunes App Store), by Jun Zhang",https://itunes.apple.com/us/app/id6754984411,8
dspl / ca,1-335445524,"Mobile App: Backgammon ∙ (iTunes App Store), by Optime Software LLC",https://itunes.apple.com/us/app/id335445524,7
dspl / ca,1-1600844711,"Mobile App: MegaNovel - fiction & webtoon (iTunes App Store), by SINGAPORE NEW READING TECHNOLOGY PTE. LTD.",https://itunes.apple.com/us/app/id1600844711,7
dspl / ca,2-com.mahjong.op.gp,"Mobile App: Shanghai Mahjongg (Google Play), by UniRise Studio",https://play.google.com/store/apps/details?id=com.mahjong.op.gp,7
dspl / ca,1-6760698955,"Mobile App: Magical Animal Jigsaw (iTunes App Store), by YUANTU INTERACTIVE TECHNOLOGY PTE. LTD.",https://itunes.apple.com/us/app/id6760698955,7
dspl / ca,1-1530781272,"Mobile App: Nonogram - Logic Number Games (iTunes App Store), by 俊杰 龚",https://itunes.apple.com/us/app/id1530781272,7
dspl / ca,1-468993187,"Mobile App: Spider Solitaire Classic ◆ (iTunes App Store), by Do More Mobile, LLC.",https://itunes.apple.com/us/app/id468993187,7
dspl / ca,1-640135436,"Mobile App: Yatzy Multiplayer - Play Dice (iTunes App Store), by LITE Games GmbH",https://itunes.apple.com/us/app/id640135436,7
dspl / ca,1-1548350785,"Mobile App: Ball ◯ Sort ◯ Puzzle ◯ Game (iTunes App Store), by Boy Howdy Technology LLC",https://itunes.apple.com/us/app/id1548350785,7
dspl / ca,2-onetap.game.tictactoe,"Mobile App: Tic Tac Toe 2 Player: XO Game (Google Play), by Onetap Global",https://play.google.com/store/apps/details?id=onetap.game.tictactoe,7
dspl / ca,1-1394436000,"Mobile App: Wood Cube Puzzle (iTunes App Store), by 松 郑",https://itunes.apple.com/us/app/id1394436000,7
dspl / ca,2-com.yatzy.classic.dice.duel.game,"Mobile App: Yatzy GO! Classic Dice Game (Google Play), by Game In Life",https://play.google.com/store/apps/details?id=com.yatzy.classic.dice.duel.game,7
dspl / ca,2-com.cwgame.app.mahjong,"Mobile App: Zen Mahjong Solitaire (Google Play), by Arbo Game",https://play.google.com/store/apps/details?id=com.cwgame.app.mahjong,7
dspl / ca,2-com.alfaondo.monstersgang,"Mobile App: Monsters Gang 3D: beast fights (Google Play), by MOONEE PUBLISHING LTD",https://play.google.com/store/apps/details?id=com.alfaondo.monstersgang,7
dspl / ca,1-857769289,"Mobile App: Mahjong 3! (iTunes App Store), by Gamos Mobile Limited",https://itunes.apple.com/us/app/id857769289,7
dspl / ca,1-1061462269,"Mobile App: Comic Super Hero Trivia Quiz - For Marvel & DC Edition (iTunes App Store), by Goutom Dhar",https://itunes.apple.com/us/app/id1061462269,7
dspl / ca,1-6453362362,"Mobile App: Fairy Color - Paint by number (iTunes App Store), by YUANTU INTERACTIVE TECHNOLOGY PTE. LTD.",https://itunes.apple.com/us/app/id6453362362,7
dspl / ca,1-1305545723,"Mobile App: Wood Puzzle Game (iTunes App Store), by Mindgo Limited",https://itunes.apple.com/us/app/id1305545723,7
dspl / ca,1-6474727682,"Mobile App: NovelPub (iTunes App Store), by HK CULTURE PLUS TECHNOLOGY LIMITED",https://itunes.apple.com/us/app/id6474727682,7
dspl / ca,1-6762267817,"Mobile App: Jigslip (iTunes App Store), by CO AND EF LIMITED",https://itunes.apple.com/us/app/id6762267817,7
dspl / ca,1-6498701816,"Mobile App: Color Oasis - Color by Number (iTunes App Store), by Talefun Technologies Limited",https://itunes.apple.com/us/app/id6498701816,7
dspl / ca,1-6761885574,"Mobile App: color block crush (iTunes App Store), by Gamehot Limited",https://itunes.apple.com/us/app/id6761885574,7
dspl / ca,1-449780743,"Mobile App: Pano Tuner Lite (iTunes App Store), by Kaleloft Limited Liability Company",https://itunes.apple.com/us/app/id449780743,7
dspl / ca,1-1490583447,"Mobile App: Sudoku Blocks: Brain Puzzles (iTunes App Store), by VGChartz Limited",https://itunes.apple.com/us/app/id1490583447,7
dspl / ca,2-com.BBCompany.BB,"Mobile App: BloodBox 2 (Google Play), by Freeplay Inc",https://play.google.com/store/apps/details?id=com.BBCompany.BB,7
dspl / ca,1-1590453365,"Mobile App: Block Puzzle! Brain Test Game (iTunes App Store), by IVYMOBI LIMITED",https://itunes.apple.com/us/app/id1590453365,7
dspl / ca,1-6480587666,"Mobile App: Block-Tok: Puzzle Game (iTunes App Store), by NewPubCo, Inc",https://itunes.apple.com/us/app/id6480587666,7
dspl / ca,2-spelling.quiz.trivia.question.answer.correct.word.learn.language.puzzle,"Mobile App: Spelling Quiz - Word Trivia (Google Play), by Topy Games",https://play.google.com/store/apps/details?id=spelling.quiz.trivia.question.answer.correct.word.learn.language.puzzle,7
dspl / ca,1-1257992754,"Mobile App: Jewel Fever - Match 3 Games (iTunes App Store), by Mindgo Limited",https://itunes.apple.com/us/app/id1257992754,7
dspl / ca,2-fun.memesoundboard.andanylo,"Mobile App: Meme Soundboard 2016-2026 (Google Play), by Oleh Andriushchenko",https://play.google.com/store/apps/details?id=fun.memesoundboard.andanylo,7
dspl / ca,1-6785346949,"Mobile App: Quilt Color By Number Book (iTunes App Store), by YUANTU INTERACTIVE TECHNOLOGY PTE. LTD.",https://itunes.apple.com/us/app/id6785346949,7
dspl / ca,1-6758259490,"Mobile App: Bird Sort 3: Color Puzzle (iTunes App Store), by Hang Nguyen Minh",https://itunes.apple.com/us/app/id6758259490,7
dspl / ca,1-1546088542,"Mobile App: Suspects: Mystery Mansion (iTunes App Store), by Wildlife Studios, Inc",https://itunes.apple.com/us/app/id1546088542,7
dspl / ca,2-com.lemongame.freecell.solitaire,"Mobile App: FreeCell Solitaire (Google Play), by Solitaire Card Games , Inc.",https://play.google.com/store/apps/details?id=com.lemongame.freecell.solitaire,7
dspl / ca,1-600446812,"Mobile App: Pacer Pedometer Step Counter (iTunes App Store), by Pacer Health, Inc",https://itunes.apple.com/us/app/id600446812,7
dspl / ca,1-6754626282,"Mobile App: Mahjong Tile: Triple Match (iTunes App Store), by 俊威 钟",https://itunes.apple.com/us/app/id6754626282,7
dspl / ca,2-com.nature.happy.art.jigsaw.puzzle.free.game,"Mobile App: Nature Jigsaw - Jigsaw Puzzles (Google Play), by LoveColoring Game",https://play.google.com/store/apps/details?id=com.nature.happy.art.jigsaw.puzzle.free.game,7
dspl / ca,1-367637700,"Mobile App: Chess HD  ∙ (iTunes App Store), by Optime Software LLC",https://itunes.apple.com/us/app/id367637700,7
dspl / ca,1-1487614236,"Mobile App: Bazooka Boy (iTunes App Store), by SUPERSONIC STUDIOS LTD",https://itunes.apple.com/us/app/id1487614236,7
dspl / ca,2-com.inspiredsquare.jupiter,"Mobile App: 2248 - Numbers Game 2048 (Google Play), by Inspired Square FZE",https://play.google.com/store/apps/details?id=com.inspiredsquare.jupiter,7
dspl / ca,1-6590876141,"Mobile App: Color Slide - Hexa Puzzle (iTunes App Store), by SayGames LTD",https://itunes.apple.com/us/app/id6590876141,7
dspl / ca,1-6739529158,"Mobile App: This or That: Funny Filter (iTunes App Store), by CEM SOFTWARE COMPANY LIMITED",https://itunes.apple.com/us/app/id6739529158,7
dspl / ca,1-945885228,"Mobile App: Jigsaw Puzzles Real Jigsaws (iTunes App Store), by Rottz Mobile Games LLC",https://itunes.apple.com/us/app/id945885228,7
dspl / ca,www.foxnews.com,www.foxnews.com,www.foxnews.com,7
dspl / ca,2-com.baviux.voicechanger,"Mobile App: Voice changer with effects (Google Play), by Baviux",https://play.google.com/store/apps/details?id=com.baviux.voicechanger,7
dspl / ca,1-1482276073,"Mobile App: Wordplay: Search Word Puzzle (iTunes App Store), by G5 Entertainment AB",https://itunes.apple.com/us/app/id1482276073,7
dspl / ca,2-com.cinedash.lwp,"Mobile App: CineDash (Google Play), by Smart it support",https://play.google.com/store/apps/details?id=com.cinedash.lwp,7
dspl / ca,1-1483439031,"Mobile App: Spider Solitaire Fun (iTunes App Store), by WePlay Technologies Limited",https://itunes.apple.com/us/app/id1483439031,7
dspl / ca,2-com.momokmonijy.funnyoparkgreatgg,"Mobile App: Funny Park : Idle Game (Google Play), by zame",https://play.google.com/store/apps/details?id=com.momokmonijy.funnyoparkgreatgg,7
dspl / ca,1-1494422884,"Mobile App: Solitaire – Classic Card Game (iTunes App Store), by BREW STUDIO LIMITED",https://itunes.apple.com/us/app/id1494422884,7
dspl / ca,2-com.hotbuku.hotbuku,"Mobile App: Novelory – Addictive Novels (Google Play), by Super Novels Maker",https://play.google.com/store/apps/details?id=com.hotbuku.hotbuku,7
dspl / ca,1-6754450031,"Mobile App: Redirect It! - Logic Puzzle (iTunes App Store), by SayGames LTD",https://itunes.apple.com/us/app/id6754450031,7
dspl / ca,1-1463351287,"Mobile App: Jewel Adventure - Match 3 Game (iTunes App Store), by Mindgo Limited",https://itunes.apple.com/us/app/id1463351287,7
dspl / ca,2-misplayer.games.archery,"Mobile App: Hero of Archery (Google Play), by Dear Dream Game",https://play.google.com/store/apps/details?id=misplayer.games.archery,7
dspl / ca,1-6737143440,"Mobile App: Arcadia Dominoes for Seniors (iTunes App Store), by Metajoy Limited",https://itunes.apple.com/us/app/id6737143440,7
dspl / ca,1-6673905758,"Mobile App: Tile Rush: Explore the World (iTunes App Store), by Shanghai Fubian Technology Co., Ltd.",https://itunes.apple.com/us/app/id6673905758,7
dspl / ca,www.foxnews.com/outkick-sports/top-womens-tennis-players-not-giving-left-wing-activists-wta-sex-testing-outrage-wanted,www.foxnews.com/outkick-sports/top-womens-tennis-players-not-giving-left-wing-activists-wta-sex-testing-outrage-wanted,www.foxnews.com/outkick-sports/top-womens-tennis-players-not-giving-left-wing-activists-wta-sex-testing-outrage-wanted,7
dspl / ca,1-1457846652,"Mobile App: MindPal - Brain Training Games (iTunes App Store), by Elektron Labs Inc.",https://itunes.apple.com/us/app/id1457846652,7
dspl / ca,2-com.yueyou.sea,"Mobile App: 閲友小說-不花錢看小說電子書閱讀器總裁言情甜寵玄幻修仙科幻 (Google Play), by HK Yueyou Technology Limited",https://play.google.com/store/apps/details?id=com.yueyou.sea,7
dspl / ca,1-1494648714,"Mobile App: Ball Sort Puzzle (iTunes App Store), by HM GAMES LLC FZ",https://itunes.apple.com/us/app/id1494648714,7
dspl / ca,2-com.Kayac.BushiFight,"Mobile App: Bushi Fight (Google Play), by KAYAC Inc.",https://play.google.com/store/apps/details?id=com.Kayac.BushiFight,7
dspl / ca,1-1579693904,"Mobile App: Zoo - Happy Animals (iTunes App Store), by SayGames LTD",https://itunes.apple.com/us/app/id1579693904,7
dspl / ca,1-6748592609,"Mobile App: Classic Fantasy Jigsaw Puzzles (iTunes App Store), by Joystar Media Limited",https://itunes.apple.com/us/app/id6748592609,7
dspl / ca,1-434781441,"Mobile App: Mahjong Unlimited HD (iTunes App Store), by CodeQX",https://itunes.apple.com/us/app/id434781441,7
dspl / ca,1-6776189843,"Mobile App: Pure Jigsaw Puzzles (iTunes App Store), by Joystar Media Limited",https://itunes.apple.com/us/app/id6776189843,7
dspl / ca,2-com.vividreel.lite.record,"Mobile App: VividReel Lite-Easy Memoir (Google Play), by DUTRA GOMES DIEGO",https://play.google.com/store/apps/details?id=com.vividreel.lite.record,7
dspl / ca,1-6449570140,"Mobile App: Vita Spider for Seniors (iTunes App Store), by VITA STUDIO PTE. LTD.",https://itunes.apple.com/us/app/id6449570140,7
dspl / ca,2-com.RastleksGames.MergeFighters,"Mobile App: Merge Fighting: Hit Fight Game (Google Play), by Freeplay Inc",https://play.google.com/store/apps/details?id=com.RastleksGames.MergeFighters,7
dspl / ca,1-6717605146,"Mobile App: Creative Art: Puzzles Jigsaw (iTunes App Store), by CRAZYART TECHNOLOGY LLC",https://itunes.apple.com/us/app/id6717605146,7
dspl / ca,2-com.par.survival.master.challenge.music,"Mobile App: Beatbox Survival: Mini Games (Google Play), by HIGAME GLOBAL",https://play.google.com/store/apps/details?id=com.par.survival.master.challenge.music,7
dspl / ca,1-6744523968,"Mobile App: Zen Math Crossword (iTunes App Store), by Spillvoy Gaming Private Limited",https://itunes.apple.com/us/app/id6744523968,7
dspl / ca,2-com.cookapps.redesignstar.homemakeover,"Mobile App: Home Design Star (Google Play), by NSTAGE",https://play.google.com/store/apps/details?id=com.cookapps.redesignstar.homemakeover,7
dspl / ca,2-com.vegas.casino.free.lucky.bonus.jackpot.dragon.slots,"Mobile App: Lucky Jackpot - Slots Casino (Google Play), by C.C.T Games",https://play.google.com/store/apps/details?id=com.vegas.casino.free.lucky.bonus.jackpot.dragon.slots,7
dspl / ca,2-com.rimashev.nextbots.sandbox,"Mobile App: Nextbots In Playground mod (Google Play), by HOOKAH GAMES IT SERVICE L.L.C",https://play.google.com/store/apps/details?id=com.rimashev.nextbots.sandbox,7
dspl / ca,1-6633436144,"Mobile App: Water Sort! (iTunes App Store), by FLYFOX PTE. LTD.",https://itunes.apple.com/us/app/id6633436144,7
dspl / ca,1-1556196882,"Mobile App: Business Deal: Fun Card Game (iTunes App Store), by Goutam Shetty",https://itunes.apple.com/us/app/id1556196882,7
dspl / ca,1-1445451332,"Mobile App: Watercolor Jewels™ (iTunes App Store), by Boy Howdy Technology LLC",https://itunes.apple.com/us/app/id1445451332,7
dspl / ca,1-6751270213,"Mobile App: Hidden Object Games: Seek It (iTunes App Store), by NimbleMind Network Inc.",https://itunes.apple.com/us/app/id6751270213,7
dspl / ca,1-6743225842,"Mobile App: Cribbage - Card Game (iTunes App Store), by 举 郑",https://itunes.apple.com/us/app/id6743225842,7
dspl / ca,1-6744677667,"Mobile App: Amen Color-Bible Coloring Book (iTunes App Store), by DRNPY LLC",https://itunes.apple.com/us/app/id6744677667,7
dspl / ca,1-6444019594,"Mobile App: lovely cat dream party (iTunes App Store), by Xiamen Yiju Network Technology Company Limited",https://itunes.apple.com/us/app/id6444019594,7
dspl / ca,1-1141819532,"Mobile App: White Tiles 4 Pro : Piano Master  (All games in 1) (iTunes App Store), by Shanghai Brightapp Studio",https://itunes.apple.com/us/app/id1141819532,7
dspl / ca,1-1626655770,"Mobile App: Monster Draft: Running Game (iTunes App Store), by OREON STUDIOS OYUN YAZILIM TEKNOLOJI TICARET ANONIM SIRKETI",https://itunes.apple.com/us/app/id1626655770,7
dspl / ca,2-com.dubani.dub,"Mobile App: Venabox Hub - Ani Planet (Google Play), by white6657",https://play.google.com/store/apps/details?id=com.dubani.dub,7
dspl / ca,1-1242854141,"Mobile App: Sudoku - Classic Sudoku Games (iTunes App Store), by 勇 殷",https://itunes.apple.com/us/app/id1242854141,7
dspl / ca,2-com.bngame.app.woodblock,"Mobile App: Wood Block -Sudoku Puzzle Game (Google Play), by Arbo Game",https://play.google.com/store/apps/details?id=com.bngame.app.woodblock,7
dspl / ca,2-com.islandlife.islandlife,"Mobile App: Fashion Mermaid Princess Life (Google Play), by guihua",https://play.google.com/store/apps/details?id=com.islandlife.islandlife,7
dspl / ca,2-net.zedge.android,"Mobile App: Zedge™ Wallpapers & Ringtones (Google Play), by Zedge",https://play.google.com/store/apps/details?id=net.zedge.android,7
dspl / ca,1-1217925171,"Mobile App: Mahjong City Tours: Tile Match (iTunes App Store), by Jam City, Inc.",https://itunes.apple.com/us/app/id1217925171,7
dspl / ca,1-710390634,"Mobile App: colorlinez-DIOSAPP (iTunes App Store), by 鹏 吴",https://itunes.apple.com/us/app/id710390634,7
dspl / ca,2-com.bibidabo.pixelartcolorhouse,"Mobile App: Pixel Art - Color House (Google Play), by BIBIDABU GAMES, S.L.",https://play.google.com/store/apps/details?id=com.bibidabo.pixelartcolorhouse,7
dspl / ca,1-6738767164,"Mobile App: SatisPuzzle: Perfect Tidy (iTunes App Store), by HK LEKAILE TECHNOLOGY CO., LIMITED",https://itunes.apple.com/us/app/id6738767164,7
dspl / ca,2-net.game.mahjong,"Mobile App: Mahjong (Google Play), by 1bsyl",https://play.google.com/store/apps/details?id=net.game.mahjong,7
dspl / ca,1-6747335391,"Mobile App: Ivy Wood Block (iTunes App Store), by PARTYPOP PTE. LTD.",https://itunes.apple.com/us/app/id6747335391,7
dspl / ca,1-6479165492,"Mobile App: Dog Rescue - Virtual Pet Games (iTunes App Store), by Sunday GmbH",https://itunes.apple.com/us/app/id6479165492,7
dspl / ca,www.foxnews.com/us/dashcam-captures-split-second-routine-tennessee-traffic-stop-goes-sideways,www.foxnews.com/us/dashcam-captures-split-second-routine-tennessee-traffic-stop-goes-sideways,www.foxnews.com/us/dashcam-captures-split-second-routine-tennessee-traffic-stop-goes-sideways,7
dspl / ca,1-1547821053,"Mobile App: Backgammon for iPad & iPhone (iTunes App Store), by Appgeneration, Software Technologies, Lda",https://itunes.apple.com/us/app/id1547821053,7
dspl / ca,1-1539562220,"Mobile App: Mahjong Triple 3D: Tile Match (iTunes App Store), by LIHUHU PTE. LTD.",https://itunes.apple.com/us/app/id1539562220,7
dspl / ca,1-1445642543,"Mobile App: Slapstick Fighter: Fight Games (iTunes App Store), by Cybernate PTY LTD",https://itunes.apple.com/us/app/id1445642543,7
dspl / ca,1-901793885,"Mobile App: DEAD TARGET: FPS Zombie Games (iTunes App Store), by VNGGAMES PTE. LTD.",https://itunes.apple.com/us/app/id901793885,7
dspl / ca,1-500963785,"Mobile App: ▻ Solitaire: Classic Cards (iTunes App Store), by PeopleFun CG, LLC",https://itunes.apple.com/us/app/id500963785,7
dspl / ca,1-6752633322,"Mobile App: My Fish Shop! - Seafood Tycoon (iTunes App Store), by Supercent Inc.",https://itunes.apple.com/us/app/id6752633322,7
dspl / ca,2-com.kidultlovin.royalsolitaire,"Mobile App: Jenny Solitaire® - Card Games (Google Play), by Oakever Games",https://play.google.com/store/apps/details?id=com.kidultlovin.royalsolitaire,7
dspl / ca,1-6760751569,"Mobile App: Goods Sort Match - Sorting Fun (iTunes App Store), by Gamovation B.V.",https://itunes.apple.com/us/app/id6760751569,7
dspl / ca,www.huffpost.com/entry/trump-contractor-lincoln-memorial-reflecting-pool_n_6a746257e4b04fcbf74d5c4c,www.huffpost.com/entry/trump-contractor-lincoln-memorial-reflecting-pool_n_6a746257e4b04fcbf74d5c4c,www.huffpost.com/entry/trump-contractor-lincoln-memorial-reflecting-pool_n_6a746257e4b04fcbf74d5c4c,6
dspl / ca,2-com.soulcompany.bubbleshooter.relaxing,"Mobile App: Bubble Shooter Relaxing (Google Play), by Mint Games",https://play.google.com/store/apps/details?id=com.soulcompany.bubbleshooter.relaxing,6
dspl / ca,1-1514322479,"Mobile App: Kilonotes-Notes & Mark up PDF (iTunes App Store), by Hefei T-Stack Information Technology Co., Ltd.",https://itunes.apple.com/us/app/id1514322479,6
dspl / ca,contentmap-a1705.web.app,contentmap-a1705.web.app,contentmap-a1705.web.app,6
pmax / ca,2-com.life360.android.safetymapd,"Mobile App: Life360: Family Safety & GPS (Google Play), by Life360",https://play.google.com/store/apps/details?id=com.life360.android.safetymapd,6
dspl / ca,2-com.gergedan.trapgame,"Mobile App: Trap Master - Squish Enemies (Google Play), by Mobsmile Yazilim Hizmetleri Limited Sirketi",https://play.google.com/store/apps/details?id=com.gergedan.trapgame,6
dspl / ca,1-6463730695,"Mobile App: Rainbow Prank : Find Daddy (iTunes App Store), by Trang Nguyen Thi",https://itunes.apple.com/us/app/id6463730695,6
dspl / ca,1-1176914042,"Mobile App: 2048 Number Logic Games (iTunes App Store), by Eternus Games Ltd",https://itunes.apple.com/us/app/id1176914042,6
dspl / ca,1-6742734220,"Mobile App: Serene Word Puzzle (iTunes App Store), by Guangzhou GongchengShi Technology Co.,Ltd",https://itunes.apple.com/us/app/id6742734220,6
dspl / ca,1-1580215003,"Mobile App: Jewel Quest - Magic Match3 (iTunes App Store), by Blackout Lab SL",https://itunes.apple.com/us/app/id1580215003,6
dspl / ca,1-6444705312,"Mobile App: Vehicle Masters (iTunes App Store), by SayGames LTD",https://itunes.apple.com/us/app/id6444705312,6
dspl / ca,1-1446234339,"Mobile App: Block Puzzle Jewel World (iTunes App Store), by Mindgo Limited",https://itunes.apple.com/us/app/id1446234339,6
dspl / ca,allwebgames.com/g/393683,allwebgames.com/g/393683,allwebgames.com/g/393683,6
dspl / ca,1-6738904704,"Mobile App: Sandbox: Powder Alchemy (iTunes App Store), by INSGAME TECHNOLOGY JOINT STOCK COMPANY",https://itunes.apple.com/us/app/id6738904704,6
dspl / ca,1-1501065307,"Mobile App: Fantasy Mahjong World Voyage (iTunes App Store), by F Permadi",https://itunes.apple.com/us/app/id1501065307,6
dspl / ca,1-1444813385,"Mobile App: Mahjong Solitaire• (iTunes App Store), by MobilityWare",https://itunes.apple.com/us/app/id1444813385,6
dspl / ca,1-6760379229,"Mobile App: Tip Tap Challenge: Minigame (iTunes App Store), by Duy Pham",https://itunes.apple.com/us/app/id6760379229,6
dspl / ca,1-921138156,"Mobile App: Happy Soccer Physics (iTunes App Store), by Hainan Lechuang Network Technology Co., Ltd.",https://itunes.apple.com/us/app/id921138156,6
dspl / ca,1-663923934,"Mobile App: Jewel Games Quest 2 - Match 3# (iTunes App Store), by 培明 夏",https://itunes.apple.com/us/app/id663923934,6
dspl / ca,2-com.mintgames.jigsolitaire,"Mobile App: Jigsolitaire Master Puzzle (Google Play), by Mint XX Games",https://play.google.com/store/apps/details?id=com.mintgames.jigsolitaire,6
dspl / ca,1-1357802596,"Mobile App: Word Search · (iTunes App Store), by Word Search Games Inc.",https://itunes.apple.com/us/app/id1357802596,6
dspl / ca,2-com.car.driving.city.open.world,"Mobile App: Car Driving Open World Game 3D (Google Play), by SpeedZone",https://play.google.com/store/apps/details?id=com.car.driving.city.open.world,6
dspl / ca,1-680387756,"Mobile App: Ultimate Jewel (iTunes App Store), by Balloon Island Limited",https://itunes.apple.com/us/app/id680387756,6
dspl / ca,1-1489839722,"Mobile App: Manga Man - Manga reader (iTunes App Store), by anh pham",https://itunes.apple.com/us/app/id1489839722,6
dspl / ca,1-1579681838,"Mobile App: Crossword Quest - Word Puzzles (iTunes App Store), by Doodle Mobile Limited",https://itunes.apple.com/us/app/id1579681838,6
dspl / ca,1-6751650671,"Mobile App: Bird Away (iTunes App Store), by USTAR GAMES PTE. LTD.",https://itunes.apple.com/us/app/id6751650671,6
dspl / ca,1-6741846066,"Mobile App: Monster Mukbang (iTunes App Store), by Tin Nguyen Tu",https://itunes.apple.com/us/app/id6741846066,6
dspl / ca,2-com.mini.football.filter.games,"Mobile App: Mini Soccer: Football Cup 2026 (Google Play), by TSACom",https://play.google.com/store/apps/details?id=com.mini.football.filter.games,6
dspl / ca,2-com.vimo.editfilm.play,"Mobile App: Vimo-CreativeCut (Google Play), by Night2Night PM Services",https://play.google.com/store/apps/details?id=com.vimo.editfilm.play,6
dspl / ca,1-1080487957,"Mobile App: Stack (iTunes App Store), by Ketchapp",https://itunes.apple.com/us/app/id1080487957,6
dspl / ca,2-com.paradyme.solarsmash,"Mobile App: Solar Smash (Google Play), by Paradyme Games",https://play.google.com/store/apps/details?id=com.paradyme.solarsmash,6
dspl / ca,1-6547847764,"Mobile App: Fantasy Color-Color by Number (iTunes App Store), by Yang Li",https://itunes.apple.com/us/app/id6547847764,6
dspl / ca,2-com.mobirix.blockpuzzle,"Mobile App: Block Puzzle King (Google Play), by mobirix",https://play.google.com/store/apps/details?id=com.mobirix.blockpuzzle,6
dspl / ca,1-345382715,"Mobile App: Pentix - Block Puzzle PVP Game (iTunes App Store), by AkaTek LLC",https://itunes.apple.com/us/app/id345382715,6
dspl / ca,1-463419280,"Mobile App: Sudoku World - Brainstorming!! (iTunes App Store), by Chaohsien Lee",https://itunes.apple.com/us/app/id463419280,6
dspl / ca,1-6642642713,"Mobile App: Flow Free: Shapes (iTunes App Store), by Big Duck Games LLC",https://itunes.apple.com/us/app/id6642642713,6
dspl / ca,1-959498315,"Mobile App: Extreme Car Driving Simulator (iTunes App Store), by AxesInMotion S.L.",https://itunes.apple.com/us/app/id959498315,6
dspl / ca,2-com.androbaby.game2048,"Mobile App: 2048 (Google Play), by Androbaby",https://play.google.com/store/apps/details?id=com.androbaby.game2048,6
dspl / ca,2-com.playstrom.puzzle.pics,"Mobile App: CPI - Connect Puzzle Image (Google Play), by SayGames Ltd",https://play.google.com/store/apps/details?id=com.playstrom.puzzle.pics,6
pmax / ca,1-284035177,"Mobile App: Pandora: Music & Podcasts (iTunes App Store), by Pandora Media, LLC",https://itunes.apple.com/us/app/id284035177,6
dspl / ca,1-6503060634,"Mobile App: Block Away - Tap Out Puzzle (iTunes App Store), by Tripledot Studios Limited",https://itunes.apple.com/us/app/id6503060634,6
dspl / ca,2-jp.garud.ssimulator,"Mobile App: SAKURA School Simulator (Google Play), by GARUSOFT K.K.",https://play.google.com/store/apps/details?id=jp.garud.ssimulator,6
dspl / ca,2-com.cliffs.pro.cell.building.crazy.clever.craft,"Mobile App: Block Crazy Robo World Craft (Google Play), by Prokids Studio",https://play.google.com/store/apps/details?id=com.cliffs.pro.cell.building.crazy.clever.craft,6
dspl / ca,2-com.bigcake.android.spadesclassic,"Mobile App: Spades - Classic Card Games (Google Play), by Big Cake",https://play.google.com/store/apps/details?id=com.bigcake.android.spadesclassic,6
dspl / ca,2-com.no1ornothing.bloom.tile.match.puzzle,"Mobile App: Bloom Tile: Match Puzzle Game (Google Play), by FALCON GAME",https://play.google.com/store/apps/details?id=com.no1ornothing.bloom.tile.match.puzzle,6
pmax / ca,cureequip.com/search,cureequip.com/search,cureequip.com/search,6
dspl / ca,1-6758127539,"Mobile App: Bible Jigstory: Jigsaw Puzzle (iTunes App Store), by Playdayy Technologies Pte. Ltd.",https://itunes.apple.com/us/app/id6758127539,6
dspl / ca,2-com.water.sort.puzzle.game.color.magic.free,"Mobile App: Water Sort: Color Match (Google Play), by FunForge Studios",https://play.google.com/store/apps/details?id=com.water.sort.puzzle.game.color.magic.free,6
pmax / ca,1-6744552355,"Mobile App: Unravel Master (iTunes App Store), by SUPERSONIC STUDIOS LTD",https://itunes.apple.com/us/app/id6744552355,6
dspl / ca,2-com.glow.block.puzzle.classicpuzzlegame,"Mobile App: Glow Blast - Block Puzzle (Google Play), by Aura Games Inc",https://play.google.com/store/apps/details?id=com.glow.block.puzzle.classicpuzzlegame,6
dspl / ca,2-com.zd.arrow.puzzle.game,"Mobile App: Ace Away! (Google Play), by Doodle Mobile Ltd.",https://play.google.com/store/apps/details?id=com.zd.arrow.puzzle.game,6
dspl / ca,1-1151464344,"Mobile App: PrimalСraft 3D: Block Building (iTunes App Store), by Tellurion mobile, Limited Liability Company",https://itunes.apple.com/us/app/id1151464344,6
dspl / ca,1-6743790404,"Mobile App: Tic Tac Toe - No Wifi Games (iTunes App Store), by DAT VIET PROLAB COMPANY LIMITED",https://itunes.apple.com/us/app/id6743790404,6
dspl / ca,1-1164088669,"Mobile App: القرآن الكريم كاملا دون انترنت (iTunes App Store), by Maher Al Masri",https://itunes.apple.com/us/app/id1164088669,6
dspl / ca,2-homeworkout.homeworkouts.noequipment,"Mobile App: Home Workout - No Equipment (Google Play), by Leap Fitness Group",https://play.google.com/store/apps/details?id=homeworkout.homeworkouts.noequipment,6
dspl / ca,2-com.animal.avatar.charactor.maker,"Mobile App: OC Maker: Animal Avatar (Google Play), by Image Manufactory",https://play.google.com/store/apps/details?id=com.animal.avatar.charactor.maker,6
dspl / ca,1-1659964432,"Mobile App: Driving Real Race City 3D (iTunes App Store), by Zendios Studio",https://itunes.apple.com/us/app/id1659964432,6
dspl / ca,2-com.iodfixairvie.televshow.search,"Mobile App: lodfix Air+ (Google Play), by Smart Tech solutions",https://play.google.com/store/apps/details?id=com.iodfixairvie.televshow.search,6
dspl / ca,1-6738239508,"Mobile App: Prison Survival: Tap Challenge (iTunes App Store), by Apus media joint stock company",https://itunes.apple.com/us/app/id6738239508,6
dspl / ca,1-1409130685,"Mobile App: Block Puzzle | Block Games (iTunes App Store), by Veraxen Ltd",https://itunes.apple.com/us/app/id1409130685,6
dspl / ca,2-com.mega.reel.drama,"Mobile App: Mega Drama (Google Play), by balilima rasadasa hiisi",https://play.google.com/store/apps/details?id=com.mega.reel.drama,6
dspl / ca,2-com.turf.warzone,"Mobile App: Turf War - Skeleton Warzone (Google Play), by GreenTTeaGame",https://play.google.com/store/apps/details?id=com.turf.warzone,6
dspl / ca,1-1499081620,"Mobile App: Going Balls (iTunes App Store), by SUPERSONIC STUDIOS LTD",https://itunes.apple.com/us/app/id1499081620,6
dspl / ca,2-com.gamovation.tileclub,"Mobile App: Tile Club - Match Puzzle Games (Google Play), by GamoVation",https://play.google.com/store/apps/details?id=com.gamovation.tileclub,6
dspl / ca,1-967659458,"Mobile App: Solitaire∙ (iTunes App Store), by Funnerware LLC",https://itunes.apple.com/us/app/id967659458,6
dspl / ca,1-1518047412,"Mobile App: IQ Boost: Training Brain Games (iTunes App Store), by Brightika, Inc.",https://itunes.apple.com/us/app/id1518047412,6
dspl / ca,cricket.get-moment.com/sponsored,cricket.get-moment.com/sponsored,cricket.get-moment.com/sponsored,6
dspl / ca,1-1631490226,"Mobile App: Draw Creatures (iTunes App Store), by TATSUMAKI GAMES INC.",https://itunes.apple.com/us/app/id1631490226,6
dspl / ca,2-game.puzzle.woodypuzzle,"Mobile App: Woody Block Puzzle ® (Google Play), by Athena.Studio",https://play.google.com/store/apps/details?id=game.puzzle.woodypuzzle,6
dspl / ca,1-1544750895,"Mobile App: CHAI: Social AI Platform- Chat (iTunes App Store), by Chai Research Corp.",https://itunes.apple.com/us/app/id1544750895,6
dspl / ca,1-1160728947,"Mobile App: Durak Online 3D (iTunes App Store), by PLVS GAMES LTD",https://itunes.apple.com/us/app/id1160728947,6
dspl / ca,1-529258853,"Mobile App: Bridge Base Online - BBO (iTunes App Store), by Bridge Base On Line, LLC",https://itunes.apple.com/us/app/id529258853,6
dspl / ca,1-1441949789,"Mobile App: Bible Coloring Paint by Number (iTunes App Store), by OAKEVER GAMES PTE. LTD.",https://itunes.apple.com/us/app/id1441949789,6
dspl / ca,1-1505744884,"Mobile App: Rage Road - Car Shooting (iTunes App Store), by SayGames LTD",https://itunes.apple.com/us/app/id1505744884,6
dspl / ca,1-570608914,"Mobile App: My Digital Clock (iTunes App Store), by Arumugam Kalaichelvan",https://itunes.apple.com/us/app/id570608914,6
dspl / ca,1-1518389230,"Mobile App: Stealth Master: Assassin Ninja (iTunes App Store), by SayGames LTD",https://itunes.apple.com/us/app/id1518389230,6
dspl / ca,2-com.globalplay.birdsort2.color.puzzle,"Mobile App: Bird Sort 2: Color Puzzle (Google Play), by FALCON GAME",https://play.google.com/store/apps/details?id=com.globalplay.birdsort2.color.puzzle,6
dspl / ca,2-com.steal.brainrotcraft,"Mobile App: Steal Brainrot Craft (Google Play), by AnnA",https://play.google.com/store/apps/details?id=com.steal.brainrotcraft,6
dspl / ca,2-in.playsimple.triple.tile.matchgame.pair.three.puzzle.object.royale,"Mobile App: Tile Match puzzle - Tiletopia (Google Play), by PlaySimple Games",https://play.google.com/store/apps/details?id=in.playsimple.triple.tile.matchgame.pair.three.puzzle.object.royale,6
dspl / ca,cricket.get-moment.com/feed,cricket.get-moment.com/feed,cricket.get-moment.com/feed,6
dspl / ca,2-com.hp.tip.tap.trend.mini.games.challenges,"Mobile App: Mini Tap Games: Relax Finger (Google Play), by AppTown Global",https://play.google.com/store/apps/details?id=com.hp.tip.tap.trend.mini.games.challenges,6
dspl / ca,1-6475913597,"Mobile App: Euchre - Card Game Offline (iTunes App Store), by 俊威 钟",https://itunes.apple.com/us/app/id6475913597,6
dspl / ca,2-com.time.bomb.gun.sound.simulator.prank,"Mobile App: Time Bomb Prank, Gun Simulator (Google Play), by Braly JSC",https://play.google.com/store/apps/details?id=com.time.bomb.gun.sound.simulator.prank,6
dspl / ca,1-999930119,"Mobile App: 한국일보 USA (iTunes App Store), by The Korea Times USA",https://itunes.apple.com/us/app/id999930119,6
dspl / ca,1-408188960,"Mobile App: Sudoku ′ (iTunes App Store), by Mind The Frog, Inc.",https://itunes.apple.com/us/app/id408188960,6
dspl / ca,1-1561193287,"Mobile App: Sudoku by Staple Games (iTunes App Store), by Staple Games, LLC",https://itunes.apple.com/us/app/id1561193287,6
dspl / ca,1-1059376267,"Mobile App: Block Puzzle Star Plus (iTunes App Store), by 鸿鸣 秦",https://itunes.apple.com/us/app/id1059376267,6
dspl / ca,1-6443434229,"Mobile App: Wood Block Puzzle - Block Game (iTunes App Store), by Aged Studio Limited",https://itunes.apple.com/us/app/id6443434229,6
dspl / ca,1-1574265659,"Mobile App: Block Puzzle Wood Blast (iTunes App Store), by Shanghai Unfov Fin-Tech Service Co., Ltd.",https://itunes.apple.com/us/app/id1574265659,6
dspl / ca,2-com.gamesbypost.cribbageclassic,"Mobile App: Cribbage Classic (Google Play), by Games By Post",https://play.google.com/store/apps/details?id=com.gamesbypost.cribbageclassic,6
dspl / ca,2-com.hit.master,"Mobile App: Hit Master 3D - Knife Assassin (Google Play), by CASUAL AZUR GAMES",https://play.google.com/store/apps/details?id=com.hit.master,6
dspl / ca,1-6767091927,"Mobile App: Jigsaw Drop: Solitaire Puzzle (iTunes App Store), by Chengdu Runyou Technology Co., Ltd",https://itunes.apple.com/us/app/id6767091927,6
dspl / ca,1-6464458481,"Mobile App: Wood Block Puzzle: Brain Games (iTunes App Store), by VITA STUDIO PTE. LTD.",https://itunes.apple.com/us/app/id6464458481,6
dspl / ca,2-casino.vegas.fortune.rolling.slots.android,"Mobile App: Fortune Rolling Slots - Casino (Google Play), by Triple Sevens Games",https://play.google.com/store/apps/details?id=casino.vegas.fortune.rolling.slots.android,6
dspl / ca,1-1209986063,"Mobile App: Solitary Classic card game (iTunes App Store), by FBIG CORPORATION LTD",https://itunes.apple.com/us/app/id1209986063,6
dspl / ca,2-com.beat.cat.dancing.hop.tiles.music.game,"Mobile App: Beat Cats (Google Play), by SAMFEN LIMITED",https://play.google.com/store/apps/details?id=com.beat.cat.dancing.hop.tiles.music.game,6
dspl / ca,1-546983235,"Mobile App: Voice Record Pro (iTunes App Store), by Dayana Networks Ltd",https://itunes.apple.com/us/app/id546983235,6
dspl / ca,1-6479947010,"Mobile App: Connections Word Game (iTunes App Store), by WIXOT TEKNOLOJI ANONIM SIRKETI",https://itunes.apple.com/us/app/id6479947010,6
dspl / ca,1-1435899684,"Mobile App: Snowball.io™ (iTunes App Store), by Geisha Tokyo Inc.",https://itunes.apple.com/us/app/id1435899684,6
dspl / ca,1-6772970800,"Mobile App: Sweet Home Jigsaw Puzzle (iTunes App Store), by 腾飞 李",https://itunes.apple.com/us/app/id6772970800,6
dspl / ca,1-457535034,"Mobile App: FreeCell Solitaire Card Game. (iTunes App Store), by Richard Buckingham",https://itunes.apple.com/us/app/id457535034,6
dspl / ca,tracker.gg/fortnite,tracker.gg/fortnite,tracker.gg/fortnite,6
dspl / ca,1-1549815540,"Mobile App: Word Blast: Search Puzzle Game (iTunes App Store), by HI STUDIO LIMITED",https://itunes.apple.com/us/app/id1549815540,6
dspl / ca,2-com.rubicon.dev.yachty,"Mobile App: Yachty (Google Play), by Rubicon Development",https://play.google.com/store/apps/details?id=com.rubicon.dev.yachty,6
dspl / ca,1-6740205332,"Mobile App: Universal TV Remote Control . (iTunes App Store), by Apps Venture Inc.",https://itunes.apple.com/us/app/id6740205332,6
dspl / ca,1-292987597,"Mobile App: White Noise Lite (iTunes App Store), by TMSOFT",https://itunes.apple.com/us/app/id292987597,6
dspl / ca,1-766443283,"Mobile App: Flashscore: Live Scores & News (iTunes App Store), by Livesport s.r.o.",https://itunes.apple.com/us/app/id766443283,6
dspl / ca,2-com.videoflow.filevideo.player,"Mobile App: videous lite (Google Play), by devsss 2222",https://play.google.com/store/apps/details?id=com.videoflow.filevideo.player,6
dspl / ca,1-6745968046,"Mobile App: Hockey Legacy Manager 26 (iTunes App Store), by Elie Lamoureux",https://itunes.apple.com/us/app/id6745968046,6
dspl / ca,1-6467504434,"Mobile App: Bible Oil Painting By Number (iTunes App Store), by Quynh Nhu",https://itunes.apple.com/us/app/id6467504434,6
dspl / ca,1-6444895544,"Mobile App: Solitaire - Kult kortspill (iTunes App Store), by EverGreen MLJ Limited",https://itunes.apple.com/us/app/id6444895544,6
dspl / ca,1-840919914,"Mobile App: 2048 (iTunes App Store), by Ketchapp",https://itunes.apple.com/us/app/id840919914,6
dspl / ca,2-com.themeart.icons.widgets,"Mobile App: ThemeArt - Widgets, App icons (Google Play), by Ahc Foundation Inc",https://play.google.com/store/apps/details?id=com.themeart.icons.widgets,6
dspl / ca,1-6450958246,"Mobile App: Solitaire Classic Klondike2025 (iTunes App Store), by Standard Game Limited",https://itunes.apple.com/us/app/id6450958246,6
dspl / ca,1-1523148570,"Mobile App: Brain Games : Logic Puzzles (iTunes App Store), by Wisdomlogix Solutions Private Limited",https://itunes.apple.com/us/app/id1523148570,6
dspl / ca,1-6452946592,"Mobile App: Ragdoll Break: Let's destroy! (iTunes App Store), by KAYAC Inc.",https://itunes.apple.com/us/app/id6452946592,6
dspl / ca,2-com.outfit7.mytalkingangela2,"Mobile App: My Talking Angela 2 (Google Play), by Outfit7 Limited",https://play.google.com/store/apps/details?id=com.outfit7.mytalkingangela2,6
dspl / ca,1-1582608854,"Mobile App: Bounce Merge (iTunes App Store), by Geisha Tokyo Inc.",https://itunes.apple.com/us/app/id1582608854,6
dspl / ca,2-com.fashionlink.northstone,"Mobile App: Jigsaw Link Puzzles (Google Play), by RedInfinity Studio",https://play.google.com/store/apps/details?id=com.fashionlink.northstone,6
dspl / ca,1-6757181121,"Mobile App: Arrow Go! Tap to Escape (iTunes App Store), by 燕 肖",https://itunes.apple.com/us/app/id6757181121,6
dspl / ca,2-com.dicedom.mergepuzzle,"Mobile App: Dicedom - Merge Puzzle (Google Play), by AIM TOP GAME TECHNOLOGY LIMITED",https://play.google.com/store/apps/details?id=com.dicedom.mergepuzzle,6
dspl / ca,1-6444258258,"Mobile App: Crush the monsters・Brain Games (iTunes App Store), by HEROCRAFT LTD",https://itunes.apple.com/us/app/id6444258258,6
dspl / ca,1-6745133405,"Mobile App: Otium Mahjong: Wafū Tile Match (iTunes App Store), by Palmax Group Limited",https://itunes.apple.com/us/app/id6745133405,6
dspl / ca,1-1562726050,"Mobile App: Water Physics Simulation (iTunes App Store), by Lukas Oertel",https://itunes.apple.com/us/app/id1562726050,6
dspl / ca,1-6689516366,"Mobile App: Bus Escape: Traffic Jam (iTunes App Store), by ABI GLOBAL LTD.",https://itunes.apple.com/us/app/id6689516366,6
dspl / ca,2-com.draw.sketch.ardrawing.trace.anime.paint,"Mobile App: Artrace: AR Easy Draw & Sketch (Google Play), by Braly JSC",https://play.google.com/store/apps/details?id=com.draw.sketch.ardrawing.trace.anime.paint,6
dspl / ca,1-6747063674,"Mobile App: Brain Puzzle 2: Logic Twist (iTunes App Store), by Guangzhou SmallStep Information Technology Co., Ltd",https://itunes.apple.com/us/app/id6747063674,6
dspl / ca,2-com.Kayac.RagdollShooting,"Mobile App: Ragdoll Shooting (Google Play), by KAYAC Inc.",https://play.google.com/store/apps/details?id=com.Kayac.RagdollShooting,6
dspl / ca,1-1096041471,"Mobile App: Galaxy Attack: Alien Invaders (iTunes App Store), by Onegame Global Limited",https://itunes.apple.com/us/app/id1096041471,5
dspl / ca,2-linkdesks.classic.solitaire,"Mobile App: Solitaire (Google Play), by LinkDesks Classic Puzzle Games",https://play.google.com/store/apps/details?id=linkdesks.classic.solitaire,5
dspl / ca,1-1661397188,"Mobile App: Pull The Pin 2026 (iTunes App Store), by Tu Nguyen",https://itunes.apple.com/us/app/id1661397188,5
dspl / ca,2-com.videousstudio.andapp,"Mobile App: Videous Studio-Light operation (Google Play), by Obsidian Circuit",https://play.google.com/store/apps/details?id=com.videousstudio.andapp,5
dspl / ca,1-6756259695,"Mobile App: Jigsawflow Solitaire Puzzle (iTunes App Store), by NEVER OLD PTE. LTD.",https://itunes.apple.com/us/app/id6756259695,5
dspl / ca,1-1247758515,"Mobile App: शहर गाड़ी ड्राइविंग स्कूल सिम (iTunes App Store), by Better Games Studio Pty Ltd",https://itunes.apple.com/us/app/id1247758515,5
pmax / ca,2-com.streema.simpleradio,"Mobile App: Simple Radio: Live AM FM Radio (Google Play), by Streema, Inc.",https://play.google.com/store/apps/details?id=com.streema.simpleradio,5
dspl / ca,1-6758487574,"Mobile App: Arrow Carnival (iTunes App Store), by META SLOTS LIMITED",https://itunes.apple.com/us/app/id6758487574,5
dspl / ca,2-org.cocos2d.flower,"Mobile App: Flowering (Google Play), by LisaGame",https://play.google.com/store/apps/details?id=org.cocos2d.flower,5
dspl / ca,1-6742222069,"Mobile App: Cookingdom (iTunes App Store), by ABI GLOBAL LTD.",https://itunes.apple.com/us/app/id6742222069,5
dspl / ca,1-453573402,"Mobile App: Equibase (iTunes App Store), by Equibase Company LLC",https://itunes.apple.com/us/app/id453573402,5
dspl / ca,1-1500918157,"Mobile App: ABPV－America’s best pics, vids (iTunes App Store), by FUNTECH PUBLISHING LIMITED",https://itunes.apple.com/us/app/id1500918157,5
dspl / ca,1-1471592644,"Mobile App: Solitaire Classic Puzzle Game (iTunes App Store), by OAKEVER GAMES PTE. LTD.",https://itunes.apple.com/us/app/id1471592644,5
dspl / ca,1-6755416879,"Mobile App: Dress Up Fashion Star (iTunes App Store), by Khanh Pham Van",https://itunes.apple.com/us/app/id6755416879,5
dspl / ca,1-6754906411,"Mobile App: ASMR Makeover: Skincare Games (iTunes App Store), by M S Game Notch",https://itunes.apple.com/us/app/id6754906411,5
dspl / ca,1-6755458265,"Mobile App: Jigsaw Puzzle Art: Relax Book (iTunes App Store), by Chengdu Runyou Technology Co., Ltd",https://itunes.apple.com/us/app/id6755458265,5
dspl / ca,1-6459449232,"Mobile App: Meme Color: Paint by Number (iTunes App Store), by WOOHOO LIMITED",https://itunes.apple.com/us/app/id6459449232,5
dspl / ca,1-6737221366,"Mobile App: Serene Word Search (iTunes App Store), by Guangzhou GongchengShi Technology Co.,Ltd",https://itunes.apple.com/us/app/id6737221366,5
dspl / ca,2-tilescapes.mahjong.solitaire.onet.free.puzzle,"Mobile App: Tile Journey - Classic Puzzle (Google Play), by Metajoy",https://play.google.com/store/apps/details?id=tilescapes.mahjong.solitaire.onet.free.puzzle,5
dspl / ca,2-com.easybrain.backgammon.board.games,"Mobile App: Backgammon - Board Game (Google Play), by Easybrain",https://play.google.com/store/apps/details?id=com.easybrain.backgammon.board.games,5
dspl / ca,1-1494706291,"Mobile App: Laser Cutting (iTunes App Store), by Dual Cat",https://itunes.apple.com/us/app/id1494706291,5
dspl / ca,1-1575516934,"Mobile App: Solitaire Ocean (iTunes App Store), by Shanghai Zhenglang Technology Co., Ltd.",https://itunes.apple.com/us/app/id1575516934,5
dspl / ca,1-770203204,"Mobile App: Best Bubble Breaker (iTunes App Store), by Ramil Kusyapkulov",https://itunes.apple.com/us/app/id770203204,5
dspl / ca,1-6738051188,"Mobile App: Raptor Evolution: Survival (iTunes App Store), by Estoty LLC",https://itunes.apple.com/us/app/id6738051188,5
dspl / ca,1-6774421650,"Mobile App: ASMR Keyboard: Tower Climb (iTunes App Store), by Tuyen Tran",https://itunes.apple.com/us/app/id6774421650,5
dspl / ca,1-1485525355,"Mobile App: 家庭農民曆 (iTunes App Store), by Hung Chieh Peng",https://itunes.apple.com/us/app/id1485525355,5
dspl / ca,2-com.spinthewheeldecider,"Mobile App: Spin The Wheel - Random Picker (Google Play), by noblepete",https://play.google.com/store/apps/details?id=com.spinthewheeldecider,5
dspl / ca,2-weezer.musica.musicfree.mp3app,"Mobile App: Weezer-Sonic Bloom (Google Play), by Sangri Solutions",https://play.google.com/store/apps/details?id=weezer.musica.musicfree.mp3app,5
dspl / ca,2-com.pop.bubbleshooter.gem.classic.games,"Mobile App: Bubble Shooter Gem Puzzle Pop (Google Play), by Lynn Mobile Puzzle Games",https://play.google.com/store/apps/details?id=com.pop.bubbleshooter.gem.classic.games,5
dspl / ca,2-com.musicbox.scary.beats,"Mobile App: Horror Beats: Scary Music (Google Play), by TSACom",https://play.google.com/store/apps/details?id=com.musicbox.scary.beats,5
dspl / ca,1-1487577418,"Mobile App: Solitaire Collection Fun (iTunes App Store), by WePlay Technologies Limited",https://itunes.apple.com/us/app/id1487577418,5
dspl / ca,2-com.karmangames.freecell,"Mobile App: FreeCell (Google Play), by KARMAN Games (CY) LTD",https://play.google.com/store/apps/details?id=com.karmangames.freecell,5
dspl / ca,2-com.cdg.tictactoe,"Mobile App: Tic Tac Toe - 2 Player XO (Google Play), by CDT Puzzle Studio",https://play.google.com/store/apps/details?id=com.cdg.tictactoe,5
dspl / ca,1-6742448523,"Mobile App: Doodle Magic: Glow Art Drawing (iTunes App Store), by Hai Nguyen Minh",https://itunes.apple.com/us/app/id6742448523,5
dspl / ca,1-6479279339,"Mobile App: Bubble Pop Star: Shoot Bubbles (iTunes App Store), by FLYYES TECHNOLOGY PTE. LTD.",https://itunes.apple.com/us/app/id6479279339,5
dspl / ca,1-675628523,"Mobile App: Skinseed for Minecraft Skins (iTunes App Store), by Jason Taylor",https://itunes.apple.com/us/app/id675628523,5
dspl / ca,1-1664433234,"Mobile App: Cube Block - Woody Puzzle Game (iTunes App Store), by Wisdom Network Ltd.",https://itunes.apple.com/us/app/id1664433234,5
dspl / ca,2-com.xiyou.puzzle.card.solitaire.classic,"Mobile App: Solitaire Classic Card (Google Play), by Classic Cozy Games",https://play.google.com/store/apps/details?id=com.xiyou.puzzle.card.solitaire.classic,5
dspl / ca,1-427814191,"Mobile App: The Klondike Solitaire (iTunes App Store), by OutOfTheBit Ltd",https://itunes.apple.com/us/app/id427814191,5
dspl / ca,2-com.RC13B.ragdoll.survival.playground,"Mobile App: Ragdoll Survival Playground (Google Play), by oZ Studio",https://play.google.com/store/apps/details?id=com.RC13B.ragdoll.survival.playground,5
dspl / ca,2-com.ketchapp.rider.evolution.world.race.car.bike.flip,"Mobile App: Rider Worlds - Neon Bike Races (Google Play), by Ketchapp",https://play.google.com/store/apps/details?id=com.ketchapp.rider.evolution.world.race.car.bike.flip,5
dspl / ca,1-6472873089,"Mobile App: 一番小說 (iTunes App Store), by Tianjin Yueyou Culture Technology Co., Ltd.",https://itunes.apple.com/us/app/id6472873089,5
dspl / ca,1-1622165569,"Mobile App: 3 of the Same: Match 3 Mahjong (iTunes App Store), by FIOGONIA LIMITED",https://itunes.apple.com/us/app/id1622165569,5
dspl / ca,1-6502332995,"Mobile App: Mini Relaxing Game - pop it (iTunes App Store), by M S Game Notch",https://itunes.apple.com/us/app/id6502332995,5
dspl / ca,2-linkdesks.block.puzzle.classic.puzzlegames,"Mobile App: Block Puzzle (Google Play), by LinkDesks Daily Puzzle",https://play.google.com/store/apps/details?id=linkdesks.block.puzzle.classic.puzzlegames,5
dspl / ca,1-6738555889,"Mobile App: Monster Design: Music Beat Box (iTunes App Store), by Tin Nguyen Tu",https://itunes.apple.com/us/app/id6738555889,5
dspl / ca,2-com.perfect.real.piano.keyboard,"Mobile App: Play Piano Keyboard (Google Play), by Gamex Studios",https://play.google.com/store/apps/details?id=com.perfect.real.piano.keyboard,5
dspl / ca,1-6755752509,"Mobile App: Lie Detector - Prank Simulator (iTunes App Store), by NEKO SOFT COMPANY LIMITED",https://itunes.apple.com/us/app/id6755752509,5
dspl / ca,2-com.Parkour.Master.Escape.Games,"Mobile App: Parkour Master: Escape Game (Google Play), by H2T GLOBAL PTE. LTD.",https://play.google.com/store/apps/details?id=com.Parkour.Master.Escape.Games,5
dspl / ca,2-com.bigcake.android.classicdominoes,"Mobile App: Classic Dominoes: Dominos Game (Google Play), by Big Cake",https://play.google.com/store/apps/details?id=com.bigcake.android.classicdominoes,5
dspl / ca,1-6467467424,"Mobile App: 番茄热门小说 全本小说大全电子书阅读器 (iTunes App Store), by 宏图 曹",https://itunes.apple.com/us/app/id6467467424,5
dspl / ca,2-com.LoopGames.Domino,"Mobile App: Dominoes (Google Play), by Loop Games",https://play.google.com/store/apps/details?id=com.LoopGames.Domino,5
dspl / ca,2-com.vidlyplayer.allvideo,"Mobile App: Vidly: Video Manager & Player (Google Play), by ft inc",https://play.google.com/store/apps/details?id=com.vidlyplayer.allvideo,5
dspl / ca,1-1200891906,"Mobile App: Gin Rummy * The Best Card Game (iTunes App Store), by FBIG CORPORATION LTD",https://itunes.apple.com/us/app/id1200891906,5
dspl / ca,2-com.gplay.bird.triple.match.master,"Mobile App: Bird Sort Match Triple (Google Play), by 1Soft Go Global",https://play.google.com/store/apps/details?id=com.gplay.bird.triple.match.master,5
dspl / ca,1-6743437405,"Mobile App: NetFic (iTunes App Store), by jian jin",https://itunes.apple.com/us/app/id6743437405,5
dspl / ca,1-6751948253,"Mobile App: Christmas Puzzle: Jigsaw Games (iTunes App Store), by Joystar Media Limited",https://itunes.apple.com/us/app/id6751948253,5
dspl / ca,1-6755671033,"Mobile App: Tile Pyramid: Match Quest (iTunes App Store), by SKYLINK STUDIO JOINT STOCK COMPANY",https://itunes.apple.com/us/app/id6755671033,5
dspl / ca,2-com.blockpuzzle.games.classic,"Mobile App: Block Puzzle Classic (Google Play), by SOFISH GAMES",https://play.google.com/store/apps/details?id=com.blockpuzzle.games.classic,5
dspl / ca,1-652591905,"Mobile App: iLines 2026 (iTunes App Store), by 玉龙 曹",https://itunes.apple.com/us/app/id652591905,5
dspl / ca,1-1473705776,"Mobile App: City Smash: Sandbox Game (iTunes App Store), by PARADYME LIMITED",https://itunes.apple.com/us/app/id1473705776,5
dspl / ca,1-1581750845,"Mobile App: Solitaire-Brain Training (iTunes App Store), by Conifer Limited",https://itunes.apple.com/us/app/id1581750845,5
dspl / ca,1-6463715491,"Mobile App: Fish Go.io 2 (iTunes App Store), by Whitedot International Group Limited",https://itunes.apple.com/us/app/id6463715491,5
dspl / ca,1-6768220600,"Mobile App: Mind Puzzle: Hidden Code (iTunes App Store), by Thuy On",https://itunes.apple.com/us/app/id6768220600,5
dspl / ca,1-1357352041,"Mobile App: Word Hunt · (iTunes App Store), by Word Search Games Inc.",https://itunes.apple.com/us/app/id1357352041,5
dspl / ca,1-1628542227,"Mobile App: New Classic Solitaire Klondike (iTunes App Store), by HOMA GAMES",https://itunes.apple.com/us/app/id1628542227,5
dspl / ca,www.foxnews.com/us/delaware-dance-teacher-arrested-alleged-sexual-abuse-solicitation-teen-students,www.foxnews.com/us/delaware-dance-teacher-arrested-alleged-sexual-abuse-solicitation-teen-students,www.foxnews.com/us/delaware-dance-teacher-arrested-alleged-sexual-abuse-solicitation-teen-students,5
dspl / ca,1-1144533571,"Mobile App: Chinese Chess - Best XiangQi (iTunes App Store), by Tuyen Mai",https://itunes.apple.com/us/app/id1144533571,5
dspl / ca,1-290638154,"Mobile App: iHeart: Radio, Music, Podcasts (iTunes App Store), by iHeartMedia Management Services, Inc.",https://itunes.apple.com/us/app/id290638154,5
dspl / ca,2-com.novel.fiction.read.story.book,"Mobile App: Readict -One Click Away Novels (Google Play), by VitalTek, Inc.",https://play.google.com/store/apps/details?id=com.novel.fiction.read.story.book,5
dspl / ca,1-6758132826,"Mobile App: Solitaire Pocket: Quick Play (iTunes App Store), by PLAYMINT PTE. LTD.",https://itunes.apple.com/us/app/id6758132826,5
dspl / ca,1-649073310,"Mobile App: Totally Fun Solitaire! (iTunes App Store), by Boy Howdy Technology LLC",https://itunes.apple.com/us/app/id649073310,5
dspl / ca,1-6769231642,"Mobile App: Easy Color: Color by Number (iTunes App Store), by BOBODOO PTE. LTD.",https://itunes.apple.com/us/app/id6769231642,5
dspl / ca,1-6447961802,"Mobile App: Football League™ 2026 (iTunes App Store), by MOBILE SOCCER PTE. LTD.",https://itunes.apple.com/us/app/id6447961802,5
dspl / ca,www.foxnews.com/us/oklahoma-teen-accused-raping-two-girls-walks-free-da-furiously-calls-feds-made-blood-boil,www.foxnews.com/us/oklahoma-teen-accused-raping-two-girls-walks-free-da-furiously-calls-feds-made-blood-boil,www.foxnews.com/us/oklahoma-teen-accused-raping-two-girls-walks-free-da-furiously-calls-feds-made-blood-boil,5
dspl / ca,1-796882776,"Mobile App: Jigsaw Puzzles Epic (iTunes App Store), by Kristanix AS",https://itunes.apple.com/us/app/id796882776,5
dspl / ca,1-1612182545,"Mobile App: Super Goal: Fun Soccer Game (iTunes App Store), by Gamegou Limited",https://itunes.apple.com/us/app/id1612182545,5
dspl / ca,www.foxnews.com/politics/mamdani-booed-off-stage-new-york-city-pro-police-celebration-walked-off-shame,www.foxnews.com/politics/mamdani-booed-off-stage-new-york-city-pro-police-celebration-walked-off-shame,www.foxnews.com/politics/mamdani-booed-off-stage-new-york-city-pro-police-celebration-walked-off-shame,5
dspl / ca,2-linkdesks.pop.bubblegames.bubbleshooter,"Mobile App: Bubble Shooter (Google Play), by LinkDesks - Jewel Games Star",https://play.google.com/store/apps/details?id=linkdesks.pop.bubblegames.bubbleshooter,5
dspl / ca,2-com.dopuz.klotski.riddle,"Mobile App: Numpuz: Classic Number Games (Google Play), by HDuo Fun Games",https://play.google.com/store/apps/details?id=com.dopuz.klotski.riddle,5
dspl / ca,1-6449429925,"Mobile App: Rider Worlds - Neon Bike Races (iTunes App Store), by Ketchapp",https://itunes.apple.com/us/app/id6449429925,5
dspl / ca,1-715165066,"Mobile App: Bubble Jewels™ 2 (iTunes App Store), by Boy Howdy Technology LLC",https://itunes.apple.com/us/app/id715165066,5
pmax / ca,1-440185993,"Mobile App: Adam4Adam Gay Dating Chat A4A (iTunes App Store), by A4A Network Inc",https://itunes.apple.com/us/app/id440185993,5
dspl / ca,1-6466394286,"Mobile App: Block Crush: Wood Block Puzzle (iTunes App Store), by FLYFOX PTE. LTD.",https://itunes.apple.com/us/app/id6466394286,5
dspl / ca,1-1631079182,"Mobile App: Block Puzzle - Fun Games (iTunes App Store), by Aged Studio Limited",https://itunes.apple.com/us/app/id1631079182,5
dspl / ca,1-1215933788,"Mobile App: Scrabble® GO – Fun with Words! (iTunes App Store), by Scopely, Inc.",https://itunes.apple.com/us/app/id1215933788,5
dspl / ca,1-509928358,"Mobile App: Chess By Post (iTunes App Store), by Games By Post LLC",https://itunes.apple.com/us/app/id509928358,5
dspl / ca,1-6742438338,"Mobile App: Mahjong Solitaire - Match (iTunes App Store), by 俊威 钟",https://itunes.apple.com/us/app/id6742438338,5
dspl / ca,1-6744240478,"Mobile App: Maze Escape: Block Puzzle (iTunes App Store), by FIOGONIA LIMITED",https://itunes.apple.com/us/app/id6744240478,5
dspl / ca,1-6670537117,"Mobile App: Merge Fruit 3D: Sweet Merge (iTunes App Store), by Superboost Soft Limited",https://itunes.apple.com/us/app/id6670537117,5
dspl / ca,2-com.cooking.cozy.yummy.dishes,"Mobile App: Cooking Cozy: Yummy Dishes (Google Play), by GAMIX LTD",https://play.google.com/store/apps/details?id=com.cooking.cozy.yummy.dishes,5
dspl / ca,1-6450917563,"Mobile App: Pizza Ready! (iTunes App Store), by Supercent Inc.",https://itunes.apple.com/us/app/id6450917563,5
dspl / ca,1-689173439,"Mobile App: Simple Classic Solitaire (iTunes App Store), by 少箐 岑",https://itunes.apple.com/us/app/id689173439,5
dspl / ca,1-6452723380,"Mobile App: Country Farm Coloring Book (iTunes App Store), by YUANTU INTERACTIVE TECHNOLOGY PTE. LTD.",https://itunes.apple.com/us/app/id6452723380,5
dspl / ca,1-1289152098,"Mobile App: Monster High™ Beauty Salon (iTunes App Store), by CRAZY LABS BY TABTALE , G.P.",https://itunes.apple.com/us/app/id1289152098,5
dspl / ca,1-6759652657,"Mobile App: Idol Mini Games: Finger Rush (iTunes App Store), by Apus media joint stock company",https://itunes.apple.com/us/app/id6759652657,5
dspl / ca,1-1585788136,"Mobile App: Duck Hunting 3D - FPS Shooting (iTunes App Store), by MINOR BUGS",https://itunes.apple.com/us/app/id1585788136,5
dspl / ca,1-6450138816,"Mobile App: DIY Makeover: Mask 3D (iTunes App Store), by DO HAI HA",https://itunes.apple.com/us/app/id6450138816,5
dspl / ca,1-6740428939,"Mobile App: Jigsaw Puzzles - Daily Jigsaw (iTunes App Store), by Aged Studio Limited",https://itunes.apple.com/us/app/id6740428939,5
dspl / ca,1-6743131179,"Mobile App: Cursed house Multiplayer(GMM) (iTunes App Store), by Abdul Rafy Muhammad",https://itunes.apple.com/us/app/id6743131179,5
dspl / ca,2-com.vitastudio.mahjongwood,"Mobile App: Vita Mahjong Wood (Google Play), by Vita Studio.",https://play.google.com/store/apps/details?id=com.vitastudio.mahjongwood,5
dspl / ca,1-6764277420,"Mobile App: Hidden Quest:Seek & Spot Pro (iTunes App Store), by 乐 于",https://itunes.apple.com/us/app/id6764277420,5
dspl / ca,2-com.fc.p.cp.jelly.mukbang.asmr.live.diy,"Mobile App: Jelly Master: Mukbang ASMR (Google Play), by FALCON GAME",https://play.google.com/store/apps/details?id=com.fc.p.cp.jelly.mukbang.asmr.live.diy,5
dspl / ca,1-6761456897,"Mobile App: Love Coloring: Couple Draw Art (iTunes App Store), by Bich Hong",https://itunes.apple.com/us/app/id6761456897,5
dspl / ca,2-com.sleep.panda.adventure.game,"Mobile App: Panda Forest Rescue (Google Play), by Sleep Stories",https://play.google.com/store/apps/details?id=com.sleep.panda.adventure.game,5
dspl / ca,1-6756482832,"Mobile App: Brain Puzzle 3: Crazy Mind (iTunes App Store), by Guangzhou SmallStep Information Technology Co., Ltd",https://itunes.apple.com/us/app/id6756482832,5
dspl / ca,1-6480174499,"Mobile App: TDS - Tower Destiny Survive (iTunes App Store), by SayGames LTD",https://itunes.apple.com/us/app/id6480174499,5
dspl / ca,1-1484750572,"Mobile App: Halloween Color by Number Game (iTunes App Store), by POMELO TECH (HK) HOLDINGS CO., LIMITED",https://itunes.apple.com/us/app/id1484750572,5
dspl / ca,1-6755109921,"Mobile App: Moto Bike Wheelie Master (iTunes App Store), by Mansoor Saddique",https://itunes.apple.com/us/app/id6755109921,5
dspl / ca,1-1515957122,"Mobile App: Stacky Dash (iTunes App Store), by SUPERSONIC STUDIOS LTD",https://itunes.apple.com/us/app/id1515957122,5
dspl / ca,1-1616801312,"Mobile App: Pop Antistress Simulator (iTunes App Store), by 勇彬 张",https://itunes.apple.com/us/app/id1616801312,5
dspl / ca,1-6465175605,"Mobile App: Makeup ASMR: Makeover Story (iTunes App Store), by JUNGFRAU TECH PTE. LTD.",https://itunes.apple.com/us/app/id6465175605,5
dspl / ca,1-6756252665,"Mobile App: Silly Monsters Invasion (iTunes App Store), by DARAZ BRIDGE LTD",https://itunes.apple.com/us/app/id6756252665,5
dspl / ca,1-6745461865,"Mobile App: Droid Playground (iTunes App Store), by Ritter Transport, Inc.",https://itunes.apple.com/us/app/id6745461865,5
dspl / ca,2-com.blackout.word,"Mobile App: Word Search Quest - Puzzles (Google Play), by Blackout Lab",https://play.google.com/store/apps/details?id=com.blackout.word,5
dspl / ca,1-6473984307,"Mobile App: Vista Color: Coloring Book HD (iTunes App Store), by OAKEVER GAMES PTE. LTD.",https://itunes.apple.com/us/app/id6473984307,5
dspl / ca,1-6474420242,"Mobile App: Super Santa: Video Call & Chat (iTunes App Store), by Ma Ngan",https://itunes.apple.com/us/app/id6474420242,5
dspl / ca,2-com.aim.racing,"Mobile App: Extreme Car Driving Simulator (Google Play), by AxesInMotion Racing",https://play.google.com/store/apps/details?id=com.aim.racing,5
dspl / ca,1-1452526406,"Mobile App: AMAZE!!! (iTunes App Store), by CRAZY LABS BY TABTALE , G.P.",https://itunes.apple.com/us/app/id1452526406,5
pmax / ca,www.snowblower.com/dcg/search,www.snowblower.com/dcg/search,www.snowblower.com/dcg/search,5
dspl / ca,1-431847426,"Mobile App: 한판맞고 (iTunes App Store), by Andromeda Games Co., Ltd.",https://itunes.apple.com/us/app/id431847426,5
dspl / ca,2-com.astranovel.app,"Mobile App: AstraNovel - Infinite Books (Google Play), by HONGKONG COLLECT VISION LIMITED",https://play.google.com/store/apps/details?id=com.astranovel.app,5
dspl / ca,2-com.hatunnel.plus,"Mobile App: HA Tunnel Plus (Google Play), by Art Of Tunnel",https://play.google.com/store/apps/details?id=com.hatunnel.plus,5
dspl / ca,2-com.blackout.spades,"Mobile App: Spades - Card Game (Google Play), by Blackout Lab",https://play.google.com/store/apps/details?id=com.blackout.spades,5
dspl / ca,2-com.gs.gangster.game.grand.city.mafia,"Mobile App: Gangster Game Grand City Mafia (Google Play), by Gaming Circle",https://play.google.com/store/apps/details?id=com.gs.gangster.game.grand.city.mafia,5
dspl / ca,1-1619719913,"Mobile App: Makeup Stylist -DIY Salon game (iTunes App Store), by LI SAIHUA",https://itunes.apple.com/us/app/id1619719913,5
dspl / ca,1-337248563,"Mobile App: pixiv (iTunes App Store), by Pixiv Inc.",https://itunes.apple.com/us/app/id337248563,5
dspl / ca,1-1175251692,"Mobile App: Rescue Run Offroad Snow Heroes (iTunes App Store), by Irfan Siddique",https://itunes.apple.com/us/app/id1175251692,5
dspl / ca,1-1564391515,"Mobile App: Solitaire - Card Games Classic (iTunes App Store), by Guru Smart Holding Limited",https://itunes.apple.com/us/app/id1564391515,5
dspl / ca,2-st.ows.lexicosolitaire,"Mobile App: Solitaire Word Match (Google Play), by One Way Street",https://play.google.com/store/apps/details?id=st.ows.lexicosolitaire,5
dspl / ca,1-1598537187,"Mobile App: Tanks Brawl 3D (iTunes App Store), by 文晖 游",https://itunes.apple.com/us/app/id1598537187,5
dspl / ca,1-6447738224,"Mobile App: Bird Triple Match (iTunes App Store), by Hang Nguyen Minh",https://itunes.apple.com/us/app/id6447738224,5
search / all injuries,targetfaqs.com/topic/5731003,targetfaqs.com/topic/5731003,targetfaqs.com/topic/5731003,5
dspl / ca,2-com.zdb.cn03.bike.racing.gp,"Mobile App: Moto Racer: Bike Racing Game (Google Play), by Bacon Ltd",https://play.google.com/store/apps/details?id=com.zdb.cn03.bike.racing.gp,5
dspl / ca,1-1253455582,"Mobile App: Dominoes - Best Dominos Game (iTunes App Store), by FBIG CORPORATION LTD",https://itunes.apple.com/us/app/id1253455582,5
dspl / ca,2-com.pokellector.supermarket.ccgplayer,"Mobile App: Pokellector Card Battle (Google Play), by Europa Game Studio",https://play.google.com/store/apps/details?id=com.pokellector.supermarket.ccgplayer,4
dspl / ca,2-com.app.pinballs,"Mobile App: Pull the Pin - Garden Balls (Google Play), by HYPERCELL",https://play.google.com/store/apps/details?id=com.app.pinballs,4
dspl / ca,2-com.brain.puzzle.tricky.test.annoying.quest,"Mobile App: Brain Puzzle: Tricky Test (Google Play), by SLEEK CHARM LIMITED",https://play.google.com/store/apps/details?id=com.brain.puzzle.tricky.test.annoying.quest,4
dspl / ca,1-1523592505,"Mobile App: Sky Dragon Dash (iTunes App Store), by 梅兰 刘",https://itunes.apple.com/us/app/id1523592505,4
dspl / ca,1-326299304,"Mobile App: Hearts ∙ (iTunes App Store), by Optime Software LLC",https://itunes.apple.com/us/app/id326299304,4
dspl / ca,2-game.bubble.shooter.happy.bird,"Mobile App: Birdpapa - Bubble Crush (Google Play), by TaTa Game Technology Limited",https://play.google.com/store/apps/details?id=game.bubble.shooter.happy.bird,4
dspl / ca,1-6514291564,"Mobile App: Animation Creator: Flipbook 2D (iTunes App Store), by CEM SOFTWARE COMPANY LIMITED",https://itunes.apple.com/us/app/id6514291564,4
dspl / ca,2-com.rich.mahjong.match,"Mobile App: Rich Mahjong Match (Google Play), by Jva TTC",https://play.google.com/store/apps/details?id=com.rich.mahjong.match,4
dspl / ca,2-com.number.merge2248.tiles,"Mobile App: 2248 - Merge Tile Number Game (Google Play), by Adaric Ltd",https://play.google.com/store/apps/details?id=com.number.merge2248.tiles,4
dspl / ca,2-com.contacts.phonecall,"Mobile App: Contacts (Google Play), by Calendario",https://play.google.com/store/apps/details?id=com.contacts.phonecall,4
dspl / ca,2-com.meta.trafficcar.racer.driving3d,"Mobile App: Traffic Car Racer: Driving 3D (Google Play), by Meta Play Studio",https://play.google.com/store/apps/details?id=com.meta.trafficcar.racer.driving3d,4
dspl / ca,1-1584342274,"Mobile App: iFunny X - hot memes & videos (iTunes App Store), by GNEXT Incorporated",https://itunes.apple.com/us/app/id1584342274,4
dspl / ca,2-com.weaver.app.prod,"Mobile App: Talkie: Creative AI Community (Google Play), by SUBSUP",https://play.google.com/store/apps/details?id=com.weaver.app.prod,4
dspl / ca,2-com.hi.horror.story.tricky.quest,"Mobile App: Fear Story: Tricky Quest (Google Play), by DIGO Lab",https://play.google.com/store/apps/details?id=com.hi.horror.story.tricky.quest,4
dspl / ca,1-1518267642,"Mobile App: Scribble Rider (iTunes App Store), by Voodoo",https://itunes.apple.com/us/app/id1518267642,4
pmax / ca,growerguides.com/games-us/rec-robux-method-revealed,growerguides.com/games-us/rec-robux-method-revealed,growerguides.com/games-us/rec-robux-method-revealed,4
dspl / ca,2-com.sado.short.tv,"Mobile App: Lite Player (Google Play), by Mohit Kanaujia",https://play.google.com/store/apps/details?id=com.sado.short.tv,3
dspl / ca,2-com.carswande.spran,"Mobile App: Truck Sprint 3D-Swing Racing (Google Play), by GuonianGame",https://play.google.com/store/apps/details?id=com.carswande.spran,3
dspl / ca,2-com.cctgames.woodblock.puzzleblock,"Mobile App: Wood Block - Classic Puzzle (Google Play), by C.C.T Games",https://play.google.com/store/apps/details?id=com.cctgames.woodblock.puzzleblock,3
dspl / ca,1-563831514,"Mobile App: Beastie Bay (iTunes App Store), by Kairosoft Co.,Ltd",https://itunes.apple.com/us/app/id563831514,3
dspl / ca,2-com.ragdoll.city.playground,"Mobile App: Ragdoll City Playground (Google Play), by Reggae True Love",https://play.google.com/store/apps/details?id=com.ragdoll.city.playground,3
dspl / ca,2-com.yg.two.player.battle,"Mobile App: Antistress Two Player Battle (Google Play), by SUPERIOR  STUDIO",https://play.google.com/store/apps/details?id=com.yg.two.player.battle,3
dspl / ca,2-com.flick.vibe.xnsi,"Mobile App: FlickVibe (Google Play), by KHADIJA AGDAL",https://play.google.com/store/apps/details?id=com.flick.vibe.xnsi,3
dspl / ca,1-1475678781,"Mobile App: Flow Fit: Sudoku (iTunes App Store), by Big Duck Games LLC",https://itunes.apple.com/us/app/id1475678781,3
dspl / ca,2-com.teh.software.hand.magic.control,"Mobile App: Hand Magic: Control AR (Google Play), by TeH Software",https://play.google.com/store/apps/details?id=com.teh.software.hand.magic.control,3
dspl / ca,1-541364463,"Mobile App: Words With Friends 2 Cheats (iTunes App Store), by Local Network Media, S.L.",https://itunes.apple.com/us/app/id541364463,3
dspl / ca,1-6460642608,"Mobile App: City Survival Challenge (iTunes App Store), by Hoa Pham",https://itunes.apple.com/us/app/id6460642608,3
dspl / ca,1-6474863416,"Mobile App: Gun Up Ball Master (iTunes App Store), by FUN GAMES TEKNOLOJI LIMITED SIRKETI",https://itunes.apple.com/us/app/id6474863416,3
dspl / ca,2-com.chillies.real.car.driving.simulator,"Mobile App: Car Simulator Driving City (Google Play), by Robocon.Std",https://play.google.com/store/apps/details?id=com.chillies.real.car.driving.simulator,3
dspl / ca,2-com.momoklucky.goconvenstorrasd,"Mobile App: Go Convenience store Ready (Google Play), by zame",https://play.google.com/store/apps/details?id=com.momoklucky.goconvenstorrasd,3
dspl / ca,1-1269701118,"Mobile App: Classic Drum: electronic drums (iTunes App Store), by KOLB SISTEMAS - EIRELI",https://itunes.apple.com/us/app/id1269701118,3
dspl / ca,2-com.myhometown2.myhometown2,"Mobile App: Super City2:Tut Life World (Google Play), by Hainan Hengdou Network Technology Co., Ltd.",https://play.google.com/store/apps/details?id=com.myhometown2.myhometown2,3
dspl / ca,1-6450403706,"Mobile App: Mahjong - Brain Puzzle Games (iTunes App Store), by Doodle Mobile Limited",https://itunes.apple.com/us/app/id6450403706,3
dspl / ca,1-6762591965,"Mobile App: Consoler：Tuning Master (iTunes App Store), by ECHELON MATRIX LTD",https://itunes.apple.com/us/app/id6762591965,3
dspl / ca,1-1569132959,"Mobile App: Piano Game 7: Tiles Music Song (iTunes App Store), by Thai Mai",https://itunes.apple.com/us/app/id1569132959,3
dspl / ca,2-com.RC56.crafty.blox.world,"Mobile App: Crafty Blox World (Google Play), by Tappy Game",https://play.google.com/store/apps/details?id=com.RC56.crafty.blox.world,3
dspl / ca,2-com.city.building.master,"Mobile App: Super City: Building Master (Google Play), by XGame Global",https://play.google.com/store/apps/details?id=com.city.building.master,3
pmax / ca,planetdz.com/games/rec-games-en-us-roblox-pro-high,planetdz.com/games/rec-games-en-us-roblox-pro-high,planetdz.com/games/rec-games-en-us-roblox-pro-high,3
dspl / ca,1-6760957454,"Mobile App: Escape Game: Amsterdam (iTunes App Store), by Jammsworks Inc.",https://itunes.apple.com/us/app/id6760957454,3
dspl / ca,1-6680157737,"Mobile App: Farm Escape! (iTunes App Store), by 运涛 赵",https://itunes.apple.com/us/app/id6680157737,3
dspl / ca,2-com.stickman.warriors.stickwarriors.dragon.shadow.fight,"Mobile App: Stickman Warriors (Google Play), by SkySoft Studio",https://play.google.com/store/apps/details?id=com.stickman.warriors.stickwarriors.dragon.shadow.fight,3
dspl / ca,2-com.bsoftlimited.qr.scanner.quick.safe.android,"Mobile App: QR Scanner - Quick & Safe (Google Play), by bSoft Limited",https://play.google.com/store/apps/details?id=com.bsoftlimited.qr.scanner.quick.safe.android,3
dspl / ca,1-1620679167,"Mobile App: SSME - 8K Live Wallpaper (iTunes App Store), by 忠 叶",https://itunes.apple.com/us/app/id1620679167,3
dspl / ca,2-com.fluency.wshlow,"Mobile App: Flux TV - Dramas & Joy (Google Play), by robjdevl",https://play.google.com/store/apps/details?id=com.fluency.wshlow,3
dspl / ca,2-com.butchersgames.infectorsniper3d,"Mobile App: Infector Sniper 3D (Google Play), by appstartstudio",https://play.google.com/store/apps/details?id=com.butchersgames.infectorsniper3d,2
dspl / ca,2-com.getamusic.alertmusic,"Mobile App: Geta Alarm Music Player (Google Play), by raastcoin.dev",https://play.google.com/store/apps/details?id=com.getamusic.alertmusic,2
dspl / ca,2-com.catool.solitaire.card,"Mobile App: Zen Card: Classic Solitaire (Google Play), by DREAMGO",https://play.google.com/store/apps/details?id=com.catool.solitaire.card,2
dspl / ca,2-com.RC42.prison.escape.journey3d,"Mobile App: Prison Escape Journey 3D (Google Play), by Sprigame",https://play.google.com/store/apps/details?id=com.RC42.prison.escape.journey3d,2
pmax / ca,lifnew.feji.io/blog/netflixs-new-psychological-thriller-starts-with-a-safe-haven-then-turns-it-into-a-living-nightmare,lifnew.feji.io/blog/netflixs-new-psychological-thriller-starts-with-a-safe-haven-then-turns-it-into-a-living-nightmare,lifnew.feji.io/blog/netflixs-new-psychological-thriller-starts-with-a-safe-haven-then-turns-it-into-a-living-nightmare,2
dspl / ca,2-com.db.home.designer.fix.flip,"Mobile App: House Designer 3D: Fix & Flip (Google Play), by AR Anlaytics Ltd",https://play.google.com/store/apps/details?id=com.db.home.designer.fix.flip,2
dspl / ca,1-6748576133,"Mobile App: Epic Parkour: Fun Race 3D (iTunes App Store), by Dung Tran Phi",https://itunes.apple.com/us/app/id6748576133,2
dspl / ca,1-902147226,"Mobile App: Radio El Salvador (iTunes App Store), by Uos User One Studio S.R.L.",https://itunes.apple.com/us/app/id902147226,2
dspl / ca,2-com.caketower.building.jump.capybara,"Mobile App: Capybara Jump: Cake Tower (Google Play), by CAT Studio",https://play.google.com/store/apps/details?id=com.caketower.building.jump.capybara,2
dspl / ca,2-com.ant.car.park.master,"Mobile App: Parking Master:Driving School (Google Play), by Cinty Bay",https://play.google.com/store/apps/details?id=com.ant.car.park.master,2
dspl / ca,2-com.casual.simulator.gunshooting,"Mobile App: Gun Master: Weapon Simulator (Google Play), by Earth People Studio",https://play.google.com/store/apps/details?id=com.casual.simulator.gunshooting,2
dspl / ca,2-leogame.save.the.dog,"Mobile App: Save the Dog: Draw Line DOP (Google Play), by LeoGame Co., Ltd",https://play.google.com/store/apps/details?id=leogame.save.the.dog,2
dspl / ca,1-6753840600,"Mobile App: Floral Craft: Sort & Arrange (iTunes App Store), by 松 郑",https://itunes.apple.com/us/app/id6753840600,2
dspl / ca,1-6754549880,"Mobile App: Perfect Makeover Cleaning ASMR (iTunes App Store), by HMBL APPS",https://itunes.apple.com/us/app/id6754549880,2
dspl / ca,2-com.jewels.gems.android,"Mobile App: Gems or jewels ? (Google Play), by Tala games ltd",https://play.google.com/store/apps/details?id=com.jewels.gems.android,2
dspl / ca,2-com.happygogame.makeUpCollection3,"Mobile App: Fashion Makeup: Salon&DressUp (Google Play), by Happy Go Game",https://play.google.com/store/apps/details?id=com.happygogame.makeUpCollection3,2
dspl / ca,1-1633015266,"Mobile App: Piano Star - Tap Your Music (iTunes App Store), by TINYMAX HONGKONG LIMITED",https://itunes.apple.com/us/app/id1633015266,2
dspl / ca,2-com.abi.banana.survival.master,"Mobile App: 456 Cat Survival Master 3D (Google Play), by ABI GLOBAL LTD.",https://play.google.com/store/apps/details?id=com.abi.banana.survival.master,2
dspl / ca,2-com.wood.screwpuzzle.bolts.and.nuts.sort.jam,"Mobile App: Wood Screw Puzzle - Bolts Sort (Google Play), by Lynn Mobile Puzzle Games",https://play.google.com/store/apps/details?id=com.wood.screwpuzzle.bolts.and.nuts.sort.jam,2
dspl / ca,1-6482849843,"Mobile App: Goods Puzzle: Sort Challenge (iTunes App Store), by FALCON GAMES PTE. LTD.",https://itunes.apple.com/us/app/id6482849843,2
dspl / ca,2-io.cardgames.app,"Mobile App: CardGames.io - Play Card Games (Google Play), by Red Ace Software",https://play.google.com/store/apps/details?id=io.cardgames.app,2
dspl / ca,1-6473251028,"Mobile App: Emoji Kitchen - Emoji Mix (iTunes App Store), by BRALY COMPANY LIMITED",https://itunes.apple.com/us/app/id6473251028,2
dspl / ca,2-com.story.snap.xszx,"Mobile App: VlogDash : local video editor (Google Play), by Mazeda Begum Milon",https://play.google.com/store/apps/details?id=com.story.snap.xszx,2
dspl / ca,1-1599049860,"Mobile App: Truck Dune 3D (iTunes App Store), by Hainan Lechuang Network Technology Co., Ltd.",https://itunes.apple.com/us/app/id1599049860,2
pmax / ca,nypost.com/2026/07/28/us-news/drunk-boater-decapitates-woman-after-crashing-into-her-at-80-miles-per-hour,nypost.com/2026/07/28/us-news/drunk-boater-decapitates-woman-after-crashing-into-her-at-80-miles-per-hour,nypost.com/2026/07/28/us-news/drunk-boater-decapitates-woman-after-crashing-into-her-at-80-miles-per-hour,2
dspl / ca,2-com.golden.car.parking.driving.academy,"Mobile App: Car Parking: Driving Academy (Google Play), by GOLDEN GAMES INC",https://play.google.com/store/apps/details?id=com.golden.car.parking.driving.academy,2
dspl / ca,1-1564272897,"Mobile App: Ninja Cut!™ (iTunes App Store), by Hainan Lechuang Network Technology Co., Ltd.",https://itunes.apple.com/us/app/id1564272897,2
dspl / ca,2-com.textmessages.chatandmessage,"Mobile App: Messages: SMS Text Messenger (Google Play), by text messages",https://play.google.com/store/apps/details?id=com.textmessages.chatandmessage,2
pmax / ca,atlas.taboolanews.com/article-page/8299290419563923762,atlas.taboolanews.com/article-page/8299290419563923762,atlas.taboolanews.com/article-page/8299290419563923762,2
pmax / ca,rbx1.quizvana.com/iow-za-roblox,rbx1.quizvana.com/iow-za-roblox,rbx1.quizvana.com/iow-za-roblox,2
dspl / ca,2-bcom.rrdianshiase.table,"Mobile App: Tug Table (Google Play), by zhou chun game",https://play.google.com/store/apps/details?id=bcom.rrdianshiase.table,2
dspl / ca,1-1633408838,"Mobile App: Ball Life (iTunes App Store), by 小鹭 何",https://itunes.apple.com/us/app/id1633408838,2
dspl / ca,2-colorwidgets.ios.widget.topwidgets,"Mobile App: Color Widgets, Theme: iWidgets (Google Play), by AI Photo Team",https://play.google.com/store/apps/details?id=colorwidgets.ios.widget.topwidgets,2
pmax / ca,1-1242244321,"Mobile App: New King James Version Bible (iTunes App Store), by Tatsiana Shukalovich",https://itunes.apple.com/us/app/id1242244321,2
dspl / ca,1-6443690726,"Mobile App: Triple Find - Match Triple 3D (iTunes App Store), by LIHUHU PTE. LTD.",https://itunes.apple.com/us/app/id6443690726,2
dspl / ca,2-com.superluguangfacai.supermattycooshop,"Mobile App: Supermarket Tycoon：Shopping (Google Play), by zame",https://play.google.com/store/apps/details?id=com.superluguangfacai.supermattycooshop,2
pmax / ca,1-1671705818,"Mobile App: Character AI: Chat, Talk, Text (iTunes App Store), by Character Technologies, Inc.",https://itunes.apple.com/us/app/id1671705818,2
dspl / ca,1-1466180579,"Mobile App: 成語填填字 - 超級成語文字谜接龍消消樂 (iTunes App Store), by Wuhan Uqualities Information Technology Co., Ltd.",https://itunes.apple.com/us/app/id1466180579,2
dspl / ca,1-1532369477,"Mobile App: Fun Drag Party (iTunes App Store), by 伟斌 郑",https://itunes.apple.com/us/app/id1532369477,1
pmax / ca,kh3uZSwWN2M,Working at Spuddy's Diner...,youtube.com/video/kh3uZSwWN2M,1
dspl / ca,2-com.email.allmail.ai.emailassistant.inbox,"Mobile App: Email: All Mail Access (Google Play), by Email Gallery Contacts",https://play.google.com/store/apps/details?id=com.email.allmail.ai.emailassistant.inbox,1
dspl / ca,2-com.paunle.music.songer.player.andline,"Mobile App: Offline Player - Suede (Google Play), by Chuang Lin Yu Zhu",https://play.google.com/store/apps/details?id=com.paunle.music.songer.player.andline,1
pmax / ca,atlas.taboolanews.com/summary-page/-3408002913671158380,atlas.taboolanews.com/summary-page/-3408002913671158380,atlas.taboolanews.com/summary-page/-3408002913671158380,1
pmax / ca,Rf1V87pHL8Q,,youtube.com/video/Rf1V87pHL8Q,1
pmax / ca,onq5yQwmSW0,共和黨步步進逼，民主黨一蹶不振。龔小夏 袁弓夷 📱,youtube.com/video/onq5yQwmSW0,1
dspl / ca,2-com.metajoy.offlinedominoes,"Mobile App: Arcadia Dominoes for Seniors (Google Play), by Metajoy",https://play.google.com/store/apps/details?id=com.metajoy.offlinedominoes,1
pmax / ca,ng29x4aFhBs,Poppy Playtime Chapter 4 But I Have A Heart Attack,youtube.com/video/ng29x4aFhBs,1
dspl / ca,allwebgames.com/es/g/squid-game-mini-games-345911,allwebgames.com/es/g/squid-game-mini-games-345911,allwebgames.com/es/g/squid-game-mini-games-345911,1
dspl / ca,2-com.relaxgame.ragdollrecharge.crash,"Mobile App: PixelToy Crash: Fast Launch (Google Play), by Powered By Kamaii Services Private Limited",https://play.google.com/store/apps/details?id=com.relaxgame.ragdollrecharge.crash,1
pmax / ca,TG1Uo-LuTis,Legend of the Crystal Skulls,youtube.com/video/TG1Uo-LuTis,1
pmax / ca,f3WdmAJ53k8,2026.08.01 八度空间华语新闻 ǁ 8PM 网络直播【今日焦点】国阵暂领先19席达执政门槛 / 2新酋长地位受承认,youtube.com/video/f3WdmAJ53k8,1
dspl / ca,2-com.nebula.mahjongtile,"Mobile App: Mahjong Blast (Google Play), by Nebula  Studio",https://play.google.com/store/apps/details?id=com.nebula.mahjongtile,1
dspl / ca,1-6748735109,"Mobile App: Nightmare Story: Tricky Quest (iTunes App Store), by Higame Global Limited",https://itunes.apple.com/us/app/id6748735109,1
dspl / ca,2-com.screw3d.match.nuts.bolts.pin.jam.away.puzzle,"Mobile App: 3D Bolt Master®: Screw Master® (Google Play), by Joymaster Puzzle Game Studio",https://play.google.com/store/apps/details?id=com.screw3d.match.nuts.bolts.pin.jam.away.puzzle,1
pmax / ca,battleblux.com/rec-us-best-ways-get-robux-fast-roblox,battleblux.com/rec-us-best-ways-get-robux-fast-roblox,battleblux.com/rec-us-best-ways-get-robux-fast-roblox,1
dspl / ca,2-com.harmix.player.editmusic,"Mobile App: Harmix-SoundGuru (Google Play), by PixsanaDig",https://play.google.com/store/apps/details?id=com.harmix.player.editmusic,1
pmax / ca,atlas.taboolanews.com/video-widget/-6917041067604316052,atlas.taboolanews.com/video-widget/-6917041067604316052,atlas.taboolanews.com/video-widget/-6917041067604316052,1
pmax / ca,2-com.timewarp.scanface.selfiephotoeditor.videopopulartiktok,"Mobile App: Time Warp Scan Cam&Face Filter (Google Play), by HDY Studio",https://play.google.com/store/apps/details?id=com.timewarp.scanface.selfiephotoeditor.videopopulartiktok,1
dspl / ca,1-564769637,"Mobile App: The Checkers - Classic Game (iTunes App Store), by OutOfTheBit Ltd",https://itunes.apple.com/us/app/id564769637,1
pmax / ca,www.appinfocenter.com/game,www.appinfocenter.com/game,www.appinfocenter.com/game,1
dspl / ca,2-com.minigamersclub.heli.ambulance.rescue.missions,"Mobile App: Heli Ambulance Rescue Missions (Google Play), by wulicreator",https://play.google.com/store/apps/details?id=com.minigamersclub.heli.ambulance.rescue.missions,1
dspl / ca,2-com.Star.Drama,"Mobile App: StarDrama (Google Play), by JARCUSEA BRAE INCORPORATED",https://play.google.com/store/apps/details?id=com.Star.Drama,1
dspl / ca,2-com.cdtg.we.craft,"Mobile App: WeCraft Worlds (Google Play), by Glow Games Studio",https://play.google.com/store/apps/details?id=com.cdtg.we.craft,1
pmax / ca,zlBCVzJljEw,思念成霜,youtube.com/video/zlBCVzJljEw,1
pmax / ca,ejfR8sfj8ps,| Talkshow HTV7 | Cơ hội và chính sách định cư hợp pháp tại Hoa Kỳ 2026 #dinhcumy #tintuc #htv7,youtube.com/video/ejfR8sfj8ps,1
pmax / ca,grsmKuOXnFg,NOSAKAI,youtube.com/video/grsmKuOXnFg,1
pmax / ca,6HxFy3WRkCg,How North Korea “Won” A World Cup,youtube.com/video/6HxFy3WRkCg,1
pmax / ca,fandalteam.com/apps-ca/rec-level-up-your-roblox-game-alt02,fandalteam.com/apps-ca/rec-level-up-your-roblox-game-alt02,fandalteam.com/apps-ca/rec-level-up-your-roblox-game-alt02,1
pmax / ca,atlas.taboolanews.com/new-article-page/-1590831794375972429,atlas.taboolanews.com/new-article-page/-1590831794375972429,atlas.taboolanews.com/new-article-page/-1590831794375972429,1
pmax / ca,g4klFsNgHXw,EE. UU. acaba de golpear donde más le duele a Ortega,youtube.com/video/g4klFsNgHXw,1
pmax / ca,atlas.taboolanews.com/video-widget/-5530888794297211066,atlas.taboolanews.com/video-widget/-5530888794297211066,atlas.taboolanews.com/video-widget/-5530888794297211066,1
dspl / ca,2-com.Rd1RaceTeam.Parkour,"Mobile App: Rich Hero Go (Google Play), by International Games System Co., Ltd.",https://play.google.com/store/apps/details?id=com.Rd1RaceTeam.Parkour,1
pmax / ca,www.pocketapk.com/app,www.pocketapk.com/app,www.pocketapk.com/app,1
dspl / ca,2-com.loop.wood.match,"Mobile App: Wood Match - Block Puzzles (Google Play), by Loop Games A.S.",https://play.google.com/store/apps/details?id=com.loop.wood.match,1
pmax / ca,IFyltHZek-g,"7/26/2026 (🌑PM)🎯UKRAINE PIB UA ROG NROG IRAN? SYRIA-ISRAEL, PUTIN TXHAWJ ZUJ ZUS, DEM-GOP-TRUMP",youtube.com/video/IFyltHZek-g,1
dspl / ca,2-com.puzzlemaster.brainy.trickystory,"Mobile App: Brainy Master Tricky Story (Google Play), by Metagame.Ltd",https://play.google.com/store/apps/details?id=com.puzzlemaster.brainy.trickystory,1
dspl / ca,1-571121141,"Mobile App: Calculator HD Pro Lite (iTunes App Store), by Cider Software LLC",https://itunes.apple.com/us/app/id571121141,1
dspl / ca,1-6749696890,"Mobile App: Associations - Colorwood Game (iTunes App Store), by Burny Games LTD",https://itunes.apple.com/us/app/id6749696890,1
pmax / ca,atlas.taboolanews.com/new-article-page/3868749908488377248,atlas.taboolanews.com/new-article-page/3868749908488377248,atlas.taboolanews.com/new-article-page/3868749908488377248,1
dspl / ca,2-com.ea.BejeweledBlitz_na,"Mobile App: Bejeweled Blitz (Google Play), by ELECTRONIC ARTS",https://play.google.com/store/apps/details?id=com.ea.BejeweledBlitz_na,1
dspl / ca,2-com.vidiusand.editplayer,"Mobile App: Vidius-Stunning Frames (Google Play), by Edgar Kwena",https://play.google.com/store/apps/details?id=com.vidiusand.editplayer,1
dspl / ca,2-com.bubbleshooter.popbubbles.collectcards,"Mobile App: Bubble Shooter (Google Play), by Ivy",https://play.google.com/store/apps/details?id=com.bubbleshooter.popbubbles.collectcards,1
dspl / ca,2-com.wood.block.sudoku.puzzle.bm,"Mobile App: Block Crush! (Google Play), by Wonderful  Studio",https://play.google.com/store/apps/details?id=com.wood.block.sudoku.puzzle.bm,1
pmax / ca,atlas.taboolanews.com/summary-page/5977708503148003727,atlas.taboolanews.com/summary-page/5977708503148003727,atlas.taboolanews.com/summary-page/5977708503148003727,1
dspl / ca,1-289523017,"Mobile App: ⋅Blackjack (iTunes App Store), by MobilityWare",https://itunes.apple.com/us/app/id289523017,1
dspl / ca,2-com.fc.bus.away.traffic.jam,"Mobile App: Bus Away: Traffic Jam (Google Play), by FALCON GAMES",https://play.google.com/store/apps/details?id=com.fc.bus.away.traffic.jam,1
dspl / ca,1-388446524,"Mobile App: El Siglo de Torreón (iTunes App Store), by Cia Editora de la Laguna SA de CV",https://itunes.apple.com/us/app/id388446524,1
pmax / ca,atlas.taboolanews.com/new-article-page/-5619911199020195562,atlas.taboolanews.com/new-article-page/-5619911199020195562,atlas.taboolanews.com/new-article-page/-5619911199020195562,1
dspl / ca,2-com.action.stick.heroes.fight,"Mobile App: Angry Sticks - Epic Duels (Google Play), by TRENDY BUY (PRIVATE) LIMITED",https://play.google.com/store/apps/details?id=com.action.stick.heroes.fight,1
pmax / ca,1-1287818410,"Mobile App: Minesweeper Classic: Retro (iTunes App Store), by Still57",https://itunes.apple.com/us/app/id1287818410,1
dspl / ca,2-com.calculator.samcalculator,"Mobile App: Calculator - Simple Calculator (Google Play), by QUBEX APPS",https://play.google.com/store/apps/details?id=com.calculator.samcalculator,1
dspl / ca,2-com.dcs.magicwheel.spin.drawing,"Mobile App: Magic Wheel: Spin Drawing Art (Google Play), by DCS GLOBAL LIMITED",https://play.google.com/store/apps/details?id=com.dcs.magicwheel.spin.drawing,1
dspl / ca,2-com.weup.alien.monster.life.challenge.chapter7,"Mobile App: Alien Monster Life Challenge 7 (Google Play), by IDLERO",https://play.google.com/store/apps/details?id=com.weup.alien.monster.life.challenge.chapter7,1
dspl / ca,2-wheelie.master.street.elite.bikegame,"Mobile App: Wheelie Master: Moto Ride 3D (Google Play), by Wayfu Game Studio",https://play.google.com/store/apps/details?id=wheelie.master.street.elite.bikegame,1
pmax / ca,atlas.taboolanews.com/summary-page/-4361442081630938306,atlas.taboolanews.com/summary-page/-4361442081630938306,atlas.taboolanews.com/summary-page/-4361442081630938306,1
pmax / ca,1-6468921495,"Mobile App: Vita Mahjong (iTunes App Store), by VITA STUDIO PTE. LTD.",https://itunes.apple.com/us/app/id6468921495,1
pmax / ca,atlas.taboolanews.com/article-page/2553682517970392010,atlas.taboolanews.com/article-page/2553682517970392010,atlas.taboolanews.com/article-page/2553682517970392010,1
pmax / ca,i_bJlEm8P_Q,,youtube.com/video/i_bJlEm8P_Q,1
pmax / ca,MJlsQ37-OMw,"My wife owed $20M, I became a gambling king—wiped them all out!",youtube.com/video/MJlsQ37-OMw,1
pmax / ca,nw6-v1mKVWE,4K مسلسل العهد - الحلقة 25 الخامسة و العشرون بجودة | Alahed,youtube.com/video/nw6-v1mKVWE,1
pmax / ca,GPcNqqfBSfQ,"At 50, Tiger Woods Reveals the 5 Players He Admires Most",youtube.com/video/GPcNqqfBSfQ,1
dspl / ca,2-com.archerymaster.challenge.game,"Mobile App: Archery Master Challenge (Google Play), by Lokesh Rathore",https://play.google.com/store/apps/details?id=com.archerymaster.challenge.game,1
pmax / ca,BGGzkY_CK14,中國人崩潰！台灣人捐款日本地震，還派救援隊，廣西災民痛哭，要怪就怪中共，台灣人早就心寒了,youtube.com/video/BGGzkY_CK14,1
pmax / ca,1z0qFpNG1OA,1969年中苏关系破裂，苏联用核弹威胁北京，毛泽东说了4个字逆转局势，从此无人看扁中国【揭秘】,youtube.com/video/1z0qFpNG1OA,1
dspl / ca,2-com.snishoot.hdde,"Mobile App: Field Sniper-Hide Shooting (Google Play), by onetouchgame",https://play.google.com/store/apps/details?id=com.snishoot.hdde,1
dspl / ca,2-com.clashgamesco.animal.craft.minecraft.zoo.world.wildcraft.pet.games,"Mobile App: Animals Mod Minecraft (Google Play), by Clash Games Co",https://play.google.com/store/apps/details?id=com.clashgamesco.animal.craft.minecraft.zoo.world.wildcraft.pet.games,1
pmax / ca,5temoFssh1g,Pool Day with JJ! | 🥽 Swim and Splash Song | CoComelon Nursery Rhymes and Kids Songs,youtube.com/video/5temoFssh1g,1
dspl / ca,2-co.pamobile.mcpe.mobsmaker,"Mobile App: Mobs Maker for Minecraft PE (Google Play), by JoyCraft Studio",https://play.google.com/store/apps/details?id=co.pamobile.mcpe.mobsmaker,1
pmax / ca,Qskl8WC8kD4,¿Quieres piernas FUERTES incluso a los 90? ¡Come ESTO todos los días! SALUD SENIORS...,youtube.com/video/Qskl8WC8kD4,1
dspl / ca,1-6775390308,"Mobile App: Prank Sounds: Fart & Air Horn (iTunes App Store), by Hypernova Limited",https://itunes.apple.com/us/app/id6775390308,1
dspl / ca,2-com.housedecor.match3game,"Mobile App: Dream Decor：Makeover Match (Google Play), by LETS FUN - publisher of match 3 puzzle game",https://play.google.com/store/apps/details?id=com.housedecor.match3game,1
pmax / ca,atlas.taboolanews.com/new-summary-page/-4403502054040409423,atlas.taboolanews.com/new-summary-page/-4403502054040409423,atlas.taboolanews.com/new-summary-page/-4403502054040409423,1
pmax / ca,atlas.taboolanews.com/new-summary-page/8749029138547288528,atlas.taboolanews.com/new-summary-page/8749029138547288528,atlas.taboolanews.com/new-summary-page/8749029138547288528,1
dspl / ca,1-6751099347,"Mobile App: MiGame: Number (iTunes App Store), by Irshad Hussain",https://itunes.apple.com/us/app/id6751099347,1
pmax / ca,fandalteam.com/apps-ca/rec-level-up-your-roblox-game-alt03,fandalteam.com/apps-ca/rec-level-up-your-roblox-game-alt03,fandalteam.com/apps-ca/rec-level-up-your-roblox-game-alt03,1
dspl / ca,2-blocky.craft.world.survival,"Mobile App: Craft World Survival (Google Play), by Dev OPT",https://play.google.com/store/apps/details?id=blocky.craft.world.survival,1
dspl / ca,2-com.minispree.aiznsk,"Mobile App: Lilt - Offline Music Player (Google Play), by nashmi jo",https://play.google.com/store/apps/details?id=com.minispree.aiznsk,1
pmax / ca,fIvGvGszqxc,WE'RE ENTERING ANOTHER MANGA CONTEST! ✏️🧾,youtube.com/video/fIvGvGszqxc,1
dspl / ca,2-speed.electric.hero.city.simulator3d,"Mobile App: Speed Runner: Hyper Electric (Google Play), by Tuan Anh Hoang",https://play.google.com/store/apps/details?id=speed.electric.hero.city.simulator3d,1
dspl / ca,2-com.ricardo.funmoneykeyboard,"Mobile App: Fun Money Keyboard (Google Play), by Morphling",https://play.google.com/store/apps/details?id=com.ricardo.funmoneykeyboard,1
pmax / ca,2-com.bbg.robloxskin,"Mobile App: Rbx Clothes Maker: Skin Editor (Google Play), by 89 games",https://play.google.com/store/apps/details?id=com.bbg.robloxskin,1
dspl / ca,2-com.losttemplegames.mahjong.gnova,"Mobile App: Nova Mahjong! (Google Play), by LOST TEMPLE GAMES",https://play.google.com/store/apps/details?id=com.losttemplegames.mahjong.gnova,1
pmax / ca,rNywsRTTNOA,El Amor De Tu Vida,youtube.com/video/rNywsRTTNOA,1
pmax / ca,SzKafhTP28o,الواقع الافتراضي vr| صرت سواق تاكسي وركب معي حرامي🚕🥷🏻 | TAXI DRIVER VR🚕,youtube.com/video/SzKafhTP28o,1
pmax / ca,atlas.taboolanews.com/summary-page/-3947609730187094033,atlas.taboolanews.com/summary-page/-3947609730187094033,atlas.taboolanews.com/summary-page/-3947609730187094033,1
pmax / ca,0u-k_g_BkO4,直径930億光年先の宇宙の果ての外に何がある？【睡眠用】,youtube.com/video/0u-k_g_BkO4,1
dspl / ca,2-com.photo.recovery.file.video.image,"Mobile App: File Recovery-Photo & Video (Google Play), by VOYAGER SKY",https://play.google.com/store/apps/details?id=com.photo.recovery.file.video.image,1
pmax / ca,UEhuGALRY2w,【七十二家房客 第14季|精编】第58集 复职梦/寻找胎神 #粤语 #喜剧,youtube.com/video/UEhuGALRY2w,1
dspl / ca,2-com.weegoon.throughthewall,"Mobile App: Through the Wall (Google Play), by WEEGOON",https://play.google.com/store/apps/details?id=com.weegoon.throughthewall,1
pmax / ca,x0r--plBe4I,¿Qué hizo este PADRE tras ser TRAICIONADO por su propia hija? Una REVELACIÓN que lo cambió TODO,youtube.com/video/x0r--plBe4I,1
dspl / ca,2-com.messages.nativeapp.textmessage,"Mobile App: Messages (Google Play), by BOTTRRIER",https://play.google.com/store/apps/details?id=com.messages.nativeapp.textmessage,1
dspl / ca,2-com.voicetexttranslate.voicetranslator,"Mobile App: Easy Text & Voice Translator (Google Play), by DreamCups",https://play.google.com/store/apps/details?id=com.voicetexttranslate.voicetranslator,1
dspl / ca,2-com.cggame.app.blocksudoku,"Mobile App: Block Sudoku - Wood Puzzle (Google Play), by Arbo Game",https://play.google.com/store/apps/details?id=com.cggame.app.blocksudoku,1
dspl / ca,2-com.rc29B.sandbox.horror.monster.playground,"Mobile App: Tung Sahur: Brainrot Sandbox (Google Play), by Tappy Game",https://play.google.com/store/apps/details?id=com.rc29B.sandbox.horror.monster.playground,1
dspl / ca,2-com.open.world.gangster.crime.mafia.game,"Mobile App: Miami Gangster: City Crime 3D (Google Play), by Gen Dev Studio",https://play.google.com/store/apps/details?id=com.open.world.gangster.crime.mafia.game,1
dspl / ca,1-6760157389,"Mobile App: Gun-Fu Master (iTunes App Store), by 小鹭 何",https://itunes.apple.com/us/app/id6760157389,1
pmax / ca,eztY690o2CM,15 Phút Lần Chuỗi Lòng Thương Xót  Chúa - Lúc 3.00pm Mỗi Ngày (Có Lời Kinh),youtube.com/video/eztY690o2CM,1
dspl / ca,1-1527903479,"Mobile App: CDL Test Prep 2026 (iTunes App Store), by Hanh Le",https://itunes.apple.com/us/app/id1527903479,1
pmax / ca,tCTLPUc5Usc,Việt Kiều 80 Tuổi Hồi Xuân Về VN Lấy Vợ U25. Lén Lắp Camera Trong Phòng Ngủ Và Phát Hiện Kinh Hoàng,youtube.com/video/tCTLPUc5Usc,1
dspl / ca,2-com.screeank.read,"Mobile App: Vera Cut (Google Play), by Austrea Group Ltd",https://play.google.com/store/apps/details?id=com.screeank.read,1
dspl / ca,2-com.piano.pocket.music,"Mobile App: Pocket Piano (Google Play), by SYNTHJOY GAMES",https://play.google.com/store/apps/details?id=com.piano.pocket.music,1
pmax / ca,tv.gymroomathome.com/59604,tv.gymroomathome.com/59604,tv.gymroomathome.com/59604,1
dspl / ca,2-sms.app.messages.app.message.box.message.me.jp,"Mobile App: Messages - SMS Texting App (Google Play), by Apps Specials",https://play.google.com/store/apps/details?id=sms.app.messages.app.message.box.message.me.jp,1
pmax / ca,atlas.taboolanews.com/summary-page/-1941586636020191746,atlas.taboolanews.com/summary-page/-1941586636020191746,atlas.taboolanews.com/summary-page/-1941586636020191746,1
pmax / ca,atlas.taboolanews.com/summary-page/8038965266166365617,atlas.taboolanews.com/summary-page/8038965266166365617,atlas.taboolanews.com/summary-page/8038965266166365617,1
pmax / ca,AG20gvvrZp4,Charley My Boy played by Charley Straight. Hot 1920s piano!,youtube.com/video/AG20gvvrZp4,1
