date,product_id,product_title,l1,clicks,cost,conversions
2026-07-09,gla_28168,"Прапор ""Серебрянський ліс""",прапори,1,1.17,0.0
2026-07-09,gla_32051,Штани чоловічі спортивні широкі,sale,2,40.16,0.0
2026-07-09,gla_28002,"Прапор ""Дрони ведуть""",прапори,3,34.27,0.0
2026-07-09,gla_32267,Зіп-худі unisex “Tarot”,sale,4,25.89,0.0
2026-07-09,gla_30345,"Прапор ""План помсти""",прапори,2,13.89,0.0
2026-07-09,gla_32052,Штани чоловічі спортивні широкі,sale,3,15.54,0.0
2026-07-09,gla_27990,"Прапор ""За столом смерті""",прапори,1,0.58,0.0
2026-07-09,gla_28083,"Прапор ""333""",прапори,1,15.42,0.0
2026-07-09,gla_32054,Штани чоловічі спортивні широкі,sale,2,24.6,0.0
2026-07-09,gla_32993,"Прапор ""Лелека""",прапори,2,12.89,0.0
2026-07-09,gla_30664,"Прапор ""Дорога на схід""",прапори,1,24.09,0.0
2026-07-09,gla_28209,"Прапор ""Тиша""",прапори,2,6.4,0.0
2026-07-09,gla_28389,"Прапор ""Морпіхи""",прапори,1,39.54,0.0
2026-07-09,gla_32288,Зіп-худі unisex “Azazel”,sale,5,28.5,0.11285
2026-07-09,gla_32774,"Футболка unisex ""Вампір""",sale,1,8.92,0.0
2026-07-09,gla_30743,"Прапор ""Штурмовики""",прапори,3,17.63,0.0
2026-07-09,gla_33492,"Прапор ""Танкісти""",прапори,1,10.77,0.0
2026-07-09,gla_32109,Зіп-худі unisex “Azazel”,sale,3,55.37,0.0
2026-07-09,gla_32328,Футболка unisex “Garden of Bones”,sale,1,4.3,0.0
2026-07-09,gla_28377,"Прапор ""Одного разу під Луганськом""",прапори,1,8.52,0.0
2026-07-09,gla_33193,"Прапор ""Кулеметник""",прапори,1,4.87,0.0
2026-07-09,gla_33450,"Прапор ""Згідно з наказом""",прапори,4,26.97,0.0
2026-07-09,gla_33451,"Прапор ""Зелений спектр""",прапори,2,19.74,0.0
2026-07-09,gla_30710,"Прапор ""Баба Яга""",прапори,2,8.5,0.0
2026-07-09,gla_32256,Зіп-худі unisex “Welcome to hell”,sale,8,54.15,0.0
2026-07-09,gla_32783,"Футболка unisex ""Вампір""",sale,2,20.4,0.0
2026-07-09,gla_32108,Зіп-худі unisex “Azazel”,sale,3,51.72,0.0
2026-07-10,gla_28002,"Прапор ""Дрони ведуть""",прапори,1,12.68,0.0
2026-07-10,gla_32267,Зіп-худі unisex “Tarot”,sale,3,41.49,0.0
2026-07-10,gla_28387,"Прапор ""Тобі п*зда""",прапори,1,6.39,0.0
2026-07-10,gla_30738,"Прапор ""Інженер""",прапори,1,1.91,0.0
2026-07-10,gla_32052,Штани чоловічі спортивні широкі,sale,4,80.71,0.0
2026-07-10,gla_32053,Штани чоловічі спортивні широкі,sale,1,2.64,0.0
2026-07-10,gla_27990,"Прапор ""За столом смерті""",прапори,1,5.33,0.0
2026-07-10,gla_32216,Світшот чоловічий “Welcome to hell”,новинки,1,4.63,0.0
2026-07-10,gla_32054,Штани чоловічі спортивні широкі,sale,1,16.38,0.0
2026-07-10,gla_32211,Світшот чоловічий “Warrior”,новинки,1,3.65,0.0
2026-07-10,gla_32106,Зіп-худі unisex “Azazel”,sale,1,5.11,0.0
2026-07-10,gla_32288,Зіп-худі unisex “Azazel”,sale,3,15.02,0.0
2026-07-10,gla_32109,Зіп-худі unisex “Azazel”,sale,1,2.51,0.0
2026-07-10,gla_32328,Футболка unisex “Garden of Bones”,sale,1,10.57,0.0
2026-07-10,gla_28144,"Прапор ""Механік""",прапори,1,6.78,0.0
2026-07-10,gla_33205,"Прапор ""Стабік""",прапори,3,36.78,0.0
2026-07-10,gla_32256,Зіп-худі unisex “Welcome to hell”,sale,14,236.62,0.0
2026-07-10,gla_32108,Зіп-худі unisex “Azazel”,sale,4,48.14,0.0
2026-07-11,gla_30751,"Прапор ""Камікадзе""",прапори,1,4.87,0.0
2026-07-11,gla_32073,Зіп-худі unisex “Warrior”,sale,1,5.55,0.0
2026-07-11,gla_32308,Футболка unisex “Welcome to hell”,sale,3,22.6,0.0
2026-07-11,gla_32199,"Футболка unisex ""Вампір""",sale,1,14.58,0.0
2026-07-11,gla_28002,"Прапор ""Дрони ведуть""",прапори,1,6.34,0.0
2026-07-11,gla_32267,Зіп-худі unisex “Tarot”,sale,10,93.36,1.0
2026-07-11,gla_30345,"Прапор ""План помсти""",прапори,1,5.67,0.0
2026-07-11,gla_28225,"Прапор ""Привиди вогню""",прапори,1,7.42,0.0
2026-07-11,gla_30738,"Прапор ""Інженер""",прапори,2,6.65,2.0
2026-07-11,gla_32052,Штани чоловічі спортивні широкі,sale,2,24.21,0.0
2026-07-11,gla_32053,Штани чоловічі спортивні широкі,sale,3,26.43,0.0
2026-07-11,gla_32263,Зіп-худі unisex “Tarot”,sale,1,0.66,0.0
2026-07-11,gla_28083,"Прапор ""333""",прапори,2,13.92,0.0
2026-07-11,gla_32175,Футболка unisex “Garden of Bones”,новинки,1,53.04,0.0
2026-07-11,gla_32054,Штани чоловічі спортивні широкі,sale,1,4.32,0.0
2026-07-11,gla_32993,"Прапор ""Лелека""",прапори,1,0.85,0.0
2026-07-11,gla_30743,"Прапор ""Штурмовики""",прапори,5,34.81,0.0
2026-07-11,gla_32109,Зіп-худі unisex “Azazel”,sale,3,32.31,0.0
2026-07-11,gla_32139,Футболка unisex “Azazel”,чоловічий одяг,1,2.74,0.0
2026-07-11,gla_28377,"Прапор ""Одного разу під Луганськом""",прапори,1,3.02,0.0
2026-07-11,gla_33450,"Прапор ""Згідно з наказом""",прапори,3,23.62,0.352448
2026-07-11,gla_32256,Зіп-худі unisex “Welcome to hell”,sale,11,125.15,0.0
2026-07-11,gla_32108,Зіп-худі unisex “Azazel”,sale,2,6.65,0.0
2026-07-12,gla_30751,"Прапор ""Камікадзе""",прапори,2,21.31,0.0
2026-07-12,gla_32308,Футболка unisex “Welcome to hell”,sale,1,18.83,0.0
2026-07-12,gla_32257,Зіп-худі unisex “Welcome to hell”,sale,4,50.6,0.0
2026-07-12,gla_32199,"Футболка unisex ""Вампір""",sale,1,7.96,0.0
2026-07-12,gla_32051,Штани чоловічі спортивні широкі,sale,1,9.42,0.0
2026-07-12,gla_32267,Зіп-худі unisex “Tarot”,sale,1,17.09,0.0
2026-07-12,gla_28225,"Прапор ""Привиди вогню""",прапори,1,37.38,0.0
2026-07-12,gla_30738,"Прапор ""Інженер""",прапори,1,3.26,0.0
2026-07-12,gla_33517,"Прапор ""Перехоплювач""",прапори,1,9.21,0.0
2026-07-12,gla_32078,Зіп-худі unisex “Welcome to hell”,sale,2,34.85,0.0
2026-07-12,gla_33468,"Прапор ""Залізні побратими""",прапори,1,3.64,0.0
2026-07-12,gla_28253,"Прапор ""Звʼязок""",прапори,1,12.17,0.0
2026-07-12,gla_32284,Зіп-худі unisex “Azazel”,sale,2,4.74,0.0
2026-07-12,gla_32053,Штани чоловічі спортивні широкі,sale,1,9.1,0.0
2026-07-12,gla_27990,"Прапор ""За столом смерті""",прапори,1,21.68,0.0
2026-07-12,gla_32263,Зіп-худі unisex “Tarot”,sale,1,3.05,0.0
2026-07-12,gla_32088,Зіп-худі unisex “Tarot”,sale,2,42.52,0.0
2026-07-12,gla_30664,"Прапор ""Дорога на схід""",прапори,1,3.59,0.0
2026-07-12,gla_28187,"Прапор ""FPV пілот""",прапори,1,8.99,0.0
2026-07-12,gla_33568,"Прапор ""Грім і сталь""",прапори,1,3.74,0.0
2026-07-12,gla_32079,Зіп-худі unisex “Welcome to hell”,sale,1,2.86,0.0
2026-07-12,gla_32264,Зіп-худі unisex “Tarot”,sale,2,4.44,0.0
2026-07-12,gla_32288,Зіп-худі unisex “Azazel”,sale,2,22.92,0.0
2026-07-12,gla_32774,"Футболка unisex ""Вампір""",sale,2,34.89,0.0
2026-07-12,gla_30743,"Прапор ""Штурмовики""",прапори,1,6.34,0.0
2026-07-12,gla_32285,Зіп-худі unisex “Azazel”,sale,1,5.39,0.0
2026-07-12,gla_32103,Зіп-худі unisex “Arch of the Underworld”,sale,1,6.19,0.0
2026-07-12,gla_28144,"Прапор ""Механік""",прапори,1,4.72,0.0
2026-07-12,gla_33232,"Прапор ""Знайомство з пісюном""",прапори,3,21.03,0.0
2026-07-12,gla_32256,Зіп-худі unisex “Welcome to hell”,sale,11,85.5,0.0
2026-07-12,gla_32783,"Футболка unisex ""Вампір""",sale,1,2.19,0.0
2026-07-12,gla_32108,Зіп-худі unisex “Azazel”,sale,2,24.68,0.0
2026-07-13,gla_32073,Зіп-худі unisex “Warrior”,sale,2,67.03,0.0
2026-07-13,gla_32308,Футболка unisex “Welcome to hell”,sale,1,4.53,0.0
2026-07-13,gla_32257,Зіп-худі unisex “Welcome to hell”,sale,9,56.42,0.25
2026-07-13,gla_32199,"Футболка unisex ""Вампір""",sale,1,6.35,0.0
2026-07-13,gla_28002,"Прапор ""Дрони ведуть""",прапори,1,5.01,0.0
2026-07-13,gla_32267,Зіп-худі unisex “Tarot”,sale,1,4.94,0.0
2026-07-13,gla_32220,Світшот чоловічий “Tarot”,чоловічий одяг,1,8.41,0.0
2026-07-13,gla_32085,Зіп-худі unisex “Tarot”,sale,1,3.17,0.0
2026-07-13,gla_30738,"Прапор ""Інженер""",прапори,2,2.19,0.0
2026-07-13,gla_33517,"Прапор ""Перехоплювач""",прапори,1,1.76,0.0
2026-07-13,gla_32078,Зіп-худі unisex “Welcome to hell”,sale,1,5.49,0.0
2026-07-13,gla_33468,"Прапор ""Залізні побратими""",прапори,1,5.32,0.0
2026-07-13,gla_32053,Штани чоловічі спортивні широкі,sale,6,72.83,0.0
2026-07-13,gla_27990,"Прапор ""За столом смерті""",прапори,2,16.31,0.0
2026-07-13,gla_32260,Зіп-худі unisex “Welcome to hell”,sale,3,20.67,0.0
2026-07-13,gla_32088,Зіп-худі unisex “Tarot”,sale,2,20.33,0.0
2026-07-13,gla_32110,Зіп-худі unisex “Azazel”,sale,1,12.93,0.0
2026-07-13,gla_32175,Футболка unisex “Garden of Bones”,новинки,1,2.98,0.0
2026-07-13,gla_32054,Штани чоловічі спортивні широкі,sale,2,31.41,0.0
2026-07-13,gla_32215,Світшот чоловічий “Welcome to hell”,новинки,1,6.34,0.0
2026-07-13,gla_32264,Зіп-худі unisex “Tarot”,sale,3,29.32,0.25
2026-07-13,gla_32288,Зіп-худі unisex “Azazel”,sale,1,23.77,0.0
2026-07-13,gla_32265,Зіп-худі unisex “Tarot”,sale,3,36.75,0.0
2026-07-13,gla_32109,Зіп-худі unisex “Azazel”,sale,1,2.56,0.0
2026-07-13,gla_32266,Зіп-худі unisex “Tarot”,sale,1,2.53,0.25
2026-07-13,gla_28014,"Прапор ""Донбас""",прапори,1,13.77,0.0
2026-07-13,gla_32135,Футболка unisex “Warrior”,чоловічий одяг,1,4.44,0.0
2026-07-13,gla_33232,"Прапор ""Знайомство з пісюном""",прапори,1,8.02,0.0
2026-07-13,gla_33450,"Прапор ""Згідно з наказом""",прапори,2,14.94,0.0
2026-07-13,gla_30710,"Прапор ""Баба Яга""",прапори,2,17.47,0.0
2026-07-13,gla_32256,Зіп-худі unisex “Welcome to hell”,sale,6,32.59,0.25
2026-07-13,gla_29160,"Лонгслів ""Міномет""",чоловічий одяг,1,14.42,0.0
2026-07-14,gla_30751,"Прапор ""Камікадзе""",прапори,1,3.74,0.0
2026-07-14,gla_32073,Зіп-худі unisex “Warrior”,sale,4,15.22,0.0
2026-07-14,gla_32257,Зіп-худі unisex “Welcome to hell”,sale,4,7.01,0.0
2026-07-14,gla_32051,Штани чоловічі спортивні широкі,sale,1,15.09,0.0
2026-07-14,gla_28002,"Прапор ""Дрони ведуть""",прапори,3,37.28,0.0
2026-07-14,gla_32267,Зіп-худі unisex “Tarot”,sale,3,22.68,0.0
2026-07-14,gla_30345,"Прапор ""План помсти""",прапори,1,2.2,0.0
2026-07-14,gla_32085,Зіп-худі unisex “Tarot”,sale,1,1.05,0.0
2026-07-14,gla_30738,"Прапор ""Інженер""",прапори,1,10.08,0.0
2026-07-14,gla_32078,Зіп-худі unisex “Welcome to hell”,sale,2,33.02,0.0
2026-07-14,gla_32134,Футболка unisex “Warrior”,чоловічий одяг,1,4.79,0.0
2026-07-14,gla_32053,Штани чоловічі спортивні широкі,sale,4,39.49,0.0
2026-07-14,gla_32260,Зіп-худі unisex “Welcome to hell”,sale,1,1.46,0.0
2026-07-14,gla_32263,Зіп-худі unisex “Tarot”,sale,2,7.78,0.0
2026-07-14,gla_29650,"Худі oversize ""Історія""",sale,2,6.45,0.0
2026-07-14,gla_32215,Світшот чоловічий “Welcome to hell”,новинки,1,24.64,0.0
2026-07-14,gla_33226,"Прапор ""Вампір""",прапори,1,2.67,0.0
2026-07-14,gla_28209,"Прапор ""Тиша""",прапори,3,20.46,0.0
2026-07-14,gla_32079,Зіп-худі unisex “Welcome to hell”,sale,2,37.94,0.0
2026-07-14,gla_32264,Зіп-худі unisex “Tarot”,sale,1,4.19,0.0
2026-07-14,gla_32288,Зіп-худі unisex “Azazel”,sale,1,21.69,0.0
2026-07-14,gla_30743,"Прапор ""Штурмовики""",прапори,2,20.72,1.0
2026-07-14,gla_32265,Зіп-худі unisex “Tarot”,sale,3,10.16,0.0
2026-07-14,gla_32266,Зіп-худі unisex “Tarot”,sale,1,1.73,0.0
2026-07-14,gla_32135,Футболка unisex “Warrior”,чоловічий одяг,1,5.35,0.0
2026-07-14,gla_29649,"Худі oversize ""Історія""",sale,3,17.58,0.0
2026-07-14,gla_29876,Комплект кріплення для прапора,аксесуари,1,2.09,0.0
2026-07-14,gla_32103,Зіп-худі unisex “Arch of the Underworld”,sale,1,22.74,0.0
2026-07-14,gla_28259,"Прапор ""Водій""",прапори,1,19.27,0.0
2026-07-14,gla_28383,"Прапор ""Одного разу під Херсоном""",прапори,1,18.47,0.0
2026-07-14,gla_32154,Футболка unisex “Welcome to hell”,чоловічий одяг,1,6.77,0.0
2026-07-14,gla_32256,Зіп-худі unisex “Welcome to hell”,sale,6,26.5,0.0
2026-07-14,gla_32108,Зіп-худі unisex “Azazel”,sale,1,0.67,0.0
2026-07-15,gla_32073,Зіп-худі unisex “Warrior”,sale,1,5.69,0.0
2026-07-15,gla_32257,Зіп-худі unisex “Welcome to hell”,sale,3,7.98,0.0
2026-07-15,gla_28168,"Прапор ""Серебрянський ліс""",прапори,1,31.67,0.0
2026-07-15,gla_32199,"Футболка unisex ""Вампір""",sale,2,19.09,0.0
2026-07-15,gla_28002,"Прапор ""Дрони ведуть""",прапори,2,10.62,0.0
2026-07-15,gla_30738,"Прапор ""Інженер""",прапори,2,3.02,0.0
2026-07-15,gla_33468,"Прапор ""Залізні побратими""",прапори,1,11.8,0.0
2026-07-15,gla_32052,Штани чоловічі спортивні широкі,sale,1,22.86,1.0
2026-07-15,gla_32053,Штани чоловічі спортивні широкі,sale,1,3.11,0.0
2026-07-15,gla_27990,"Прапор ""За столом смерті""",прапори,3,66.19,0.666666
2026-07-15,gla_32260,Зіп-худі unisex “Welcome to hell”,sale,5,28.66,0.0
2026-07-15,gla_32140,Футболка unisex “Azazel”,чоловічий одяг,1,3.42,0.0
2026-07-15,gla_32088,Зіп-худі unisex “Tarot”,sale,2,16.1,0.0
2026-07-15,gla_32110,Зіп-худі unisex “Azazel”,sale,2,22.73,0.0
2026-07-15,gla_32175,Футболка unisex “Garden of Bones”,новинки,2,20.21,0.0
2026-07-15,gla_29650,"Худі oversize ""Історія""",sale,2,7.56,0.0
2026-07-15,gla_33238,"Прапор ""Прогноз погоди: град""",прапори,2,24.65,0.0
2026-07-15,gla_33226,"Прапор ""Вампір""",прапори,1,3.85,0.0
2026-07-15,gla_30664,"Прапор ""Дорога на схід""",прапори,1,1.18,0.0
2026-07-15,gla_33196,"Прапор ""Привіт від Богдани""",прапори,3,20.54,0.0
2026-07-15,gla_32288,Зіп-худі unisex “Azazel”,sale,1,0.62,0.0
2026-07-15,gla_32265,Зіп-худі unisex “Tarot”,sale,1,9.51,0.0
2026-07-15,gla_32266,Зіп-худі unisex “Tarot”,sale,1,2.7,0.0
2026-07-15,gla_29649,"Худі oversize ""Історія""",sale,3,30.56,0.0
2026-07-15,gla_32103,Зіп-худі unisex “Arch of the Underworld”,sale,2,6.84,0.0
2026-07-15,gla_33450,"Прапор ""Згідно з наказом""",прапори,4,50.98,2.0
2026-07-15,gla_28008,"Прапор ""Донецьк""",прапори,4,48.19,0.0
2026-07-15,gla_33241,"Прапор ""Маршрутка""",прапори,1,15.57,0.0
2026-07-15,gla_28211,"Прапор ""Де посадка""",прапори,1,3.47,0.0
2026-07-15,gla_32256,Зіп-худі unisex “Welcome to hell”,sale,4,38.48,0.0
2026-07-15,gla_32250,Шорти жіночі спортивні укорочені,sale,1,3.7,0.0
2026-07-15,gla_32133,Футболка unisex “Warrior”,чоловічий одяг,2,25.26,0.0
2026-07-16,gla_30751,"Прапор ""Камікадзе""",прапори,1,3.95,0.0
2026-07-16,gla_32308,Футболка unisex “Welcome to hell”,sale,1,9.28,0.0
2026-07-16,gla_32257,Зіп-худі unisex “Welcome to hell”,sale,4,55.11,0.0
2026-07-16,gla_32199,"Футболка unisex ""Вампір""",sale,2,16.63,0.0
2026-07-16,gla_28002,"Прапор ""Дрони ведуть""",прапори,1,10.19,0.0
2026-07-16,gla_32267,Зіп-худі unisex “Tarot”,sale,2,5.53,0.0
2026-07-16,gla_32085,Зіп-худі unisex “Tarot”,sale,1,20.13,0.0
2026-07-16,gla_33517,"Прапор ""Перехоплювач""",прапори,1,6.42,0.0
2026-07-16,gla_32078,Зіп-худі unisex “Welcome to hell”,sale,5,64.07,0.0
2026-07-16,gla_32134,Футболка unisex “Warrior”,чоловічий одяг,4,63.32,0.0
2026-07-16,gla_33468,"Прапор ""Залізні побратими""",прапори,1,20.09,0.0
2026-07-16,gla_32052,Штани чоловічі спортивні широкі,sale,3,38.19,0.0
2026-07-16,gla_32053,Штани чоловічі спортивні широкі,sale,1,14.18,0.0
2026-07-16,gla_27990,"Прапор ""За столом смерті""",прапори,1,7.47,0.333334
2026-07-16,gla_32260,Зіп-худі unisex “Welcome to hell”,sale,4,33.8,0.0
2026-07-16,gla_32081,Зіп-худі unisex “Welcome to hell”,sale,1,8.22,0.0
2026-07-16,gla_32175,Футболка unisex “Garden of Bones”,новинки,1,5.09,0.0
2026-07-16,gla_33226,"Прапор ""Вампір""",прапори,1,5.97,0.0
2026-07-16,gla_30664,"Прапор ""Дорога на схід""",прапори,1,3.35,0.0
2026-07-16,gla_28187,"Прапор ""FPV пілот""",прапори,2,34.55,0.0
2026-07-16,gla_33196,"Прапор ""Привіт від Богдани""",прапори,2,34.27,0.0
2026-07-16,gla_32244,Штани жіночі спортивні широкі,sale,2,18.59,0.0
2026-07-16,gla_32287,Зіп-худі unisex “Azazel”,sale,1,20.48,0.0
2026-07-16,gla_28559,"Футболка ""База""",чоловічий одяг,5,48.9,0.0
2026-07-16,gla_32264,Зіп-худі unisex “Tarot”,sale,1,12.9,0.0
2026-07-16,gla_33476,"Прапор ""В етері""",прапори,1,57.38,0.0
2026-07-16,gla_32774,"Футболка unisex ""Вампір""",sale,1,62.29,0.0
2026-07-16,gla_32265,Зіп-худі unisex “Tarot”,sale,1,12.12,0.0
2026-07-16,gla_32266,Зіп-худі unisex “Tarot”,sale,1,2.8,0.0
2026-07-16,gla_28014,"Прапор ""Донбас""",прапори,1,10.12,0.0
2026-07-16,gla_32135,Футболка unisex “Warrior”,чоловічий одяг,1,12.78,0.0
2026-07-16,gla_32328,Футболка unisex “Garden of Bones”,sale,1,7.07,0.0
2026-07-16,gla_29649,"Худі oversize ""Історія""",sale,4,46.77,0.0
2026-07-16,gla_32103,Зіп-худі unisex “Arch of the Underworld”,sale,2,13.97,0.0
2026-07-16,gla_28377,"Прапор ""Одного разу під Луганськом""",прапори,1,8.31,0.0
2026-07-16,gla_32307,Футболка unisex “Welcome to hell”,sale,1,7.86,0.0
2026-07-16,gla_33450,"Прапор ""Згідно з наказом""",прапори,1,7.51,0.0
2026-07-16,gla_28008,"Прапор ""Донецьк""",прапори,1,4.79,1.0
2026-07-16,gla_28259,"Прапор ""Водій""",прапори,1,5.05,0.0
2026-07-16,gla_30710,"Прапор ""Баба Яга""",прапори,1,0.25,0.0
2026-07-16,gla_33205,"Прапор ""Стабік""",прапори,1,7.73,0.0
2026-07-16,gla_32154,Футболка unisex “Welcome to hell”,чоловічий одяг,1,7.54,0.0
2026-07-16,gla_32256,Зіп-худі unisex “Welcome to hell”,sale,6,61.08,0.0
2026-07-16,gla_27995,"Прапор ""Воїн в полі""",прапори,1,18.71,0.0
2026-07-16,gla_32133,Футболка unisex “Warrior”,чоловічий одяг,3,72.61,0.0
2026-07-16,gla_32235,Світшот чоловічий “Azazel”,чоловічий одяг,1,5.21,0.0
2026-07-17,gla_30751,"Прапор ""Камікадзе""",прапори,1,3.47,0.0
2026-07-17,gla_32073,Зіп-худі unisex “Warrior”,sale,2,15.29,0.0
2026-07-17,gla_32308,Футболка unisex “Welcome to hell”,sale,2,7.38,0.0
2026-07-17,gla_32272,Зіп-худі unisex “Garden of Bones”,жіночий одяг,1,6.98,0.0
2026-07-17,gla_32257,Зіп-худі unisex “Welcome to hell”,sale,1,5.81,0.0
2026-07-17,gla_28168,"Прапор ""Серебрянський ліс""",прапори,1,19.13,0.0
2026-07-17,gla_32199,"Футболка unisex ""Вампір""",sale,3,51.27,0.0
2026-07-17,gla_32051,Штани чоловічі спортивні широкі,sale,3,16.56,0.0
2026-07-17,gla_28002,"Прапор ""Дрони ведуть""",прапори,3,111.58,0.0
2026-07-17,gla_32267,Зіп-худі unisex “Tarot”,sale,1,4.01,0.0
2026-07-17,gla_32085,Зіп-худі unisex “Tarot”,sale,1,6.39,0.0
2026-07-17,gla_32107,Зіп-худі unisex “Azazel”,sale,1,29.06,0.0
2026-07-17,gla_30321,"Прапор ""Інструктор""",прапори,1,16.14,0.0
2026-07-17,gla_33517,"Прапор ""Перехоплювач""",прапори,1,7.06,0.0
2026-07-17,gla_32134,Футболка unisex “Warrior”,чоловічий одяг,2,23.18,0.0
2026-07-17,gla_33468,"Прапор ""Залізні побратими""",прапори,1,10.37,0.0
2026-07-17,gla_32052,Штани чоловічі спортивні широкі,sale,4,33.35,0.0
2026-07-17,gla_32081,Зіп-худі unisex “Welcome to hell”,sale,1,8.19,0.0
2026-07-17,gla_33211,"Прапор ""А шо там в баби на городі?""",прапори,2,25.48,0.0
2026-07-17,gla_32175,Футболка unisex “Garden of Bones”,новинки,1,6.67,0.0
2026-07-17,gla_29650,"Худі oversize ""Історія""",sale,1,2.94,0.0
2026-07-17,gla_32054,Штани чоловічі спортивні широкі,sale,1,4.74,0.0
2026-07-17,gla_33238,"Прапор ""Прогноз погоди: град""",прапори,1,12.86,0.0
2026-07-17,gla_32138,Футболка unisex “Azazel”,чоловічий одяг,1,5.59,0.0
2026-07-17,gla_33226,"Прапор ""Вампір""",прапори,2,6.18,0.0
2026-07-17,gla_28209,"Прапор ""Тиша""",прапори,2,17.61,0.0
2026-07-17,gla_32304,Футболка unisex “Azazel”,sale,1,10.2,0.0
2026-07-17,gla_33196,"Прапор ""Привіт від Богдани""",прапори,1,7.59,0.0
2026-07-17,gla_32079,Зіп-худі unisex “Welcome to hell”,sale,1,4.05,0.0
2026-07-17,gla_28559,"Футболка ""База""",чоловічий одяг,2,67.9,0.0
2026-07-17,gla_28287,"Прапор ""Між пеклом і домом""",прапори,2,6.6,0.0
2026-07-17,gla_32774,"Футболка unisex ""Вампір""",sale,1,4.0,0.0
2026-07-17,gla_30743,"Прапор ""Штурмовики""",прапори,2,34.18,0.0
2026-07-17,gla_32128,Футболка unisex “Warrior”,чоловічий одяг,1,2.62,0.0
2026-07-17,gla_32266,Зіп-худі unisex “Tarot”,sale,2,27.14,0.0
2026-07-17,gla_28014,"Прапор ""Донбас""",прапори,3,35.31,0.0
2026-07-17,gla_32135,Футболка unisex “Warrior”,чоловічий одяг,2,15.52,0.0
2026-07-17,gla_32328,Футболка unisex “Garden of Bones”,sale,1,12.76,0.0
2026-07-17,gla_29649,"Худі oversize ""Історія""",sale,5,46.21,0.0
2026-07-17,gla_32285,Зіп-худі unisex “Azazel”,sale,1,1.95,0.0
2026-07-17,gla_32103,Зіп-худі unisex “Arch of the Underworld”,sale,1,4.07,0.0
2026-07-17,gla_32307,Футболка unisex “Welcome to hell”,sale,2,11.67,0.0
2026-07-17,gla_30717,"Прапор ""Битва за життя""",прапори,2,9.2,0.0
2026-07-17,gla_33232,"Прапор ""Знайомство з пісюном""",прапори,1,9.97,0.0
2026-07-17,gla_33450,"Прапор ""Згідно з наказом""",прапори,2,27.85,0.0
2026-07-17,gla_28008,"Прапор ""Донецьк""",прапори,2,5.35,0.0
2026-07-17,gla_32164,Футболка unisex “Tarot”,чоловічий одяг,2,72.44,0.0
2026-07-17,gla_30710,"Прапор ""Баба Яга""",прапори,1,3.35,0.0
2026-07-17,gla_28077,"Прапор ""Життя""",прапори,1,6.61,0.0
2026-07-17,gla_28383,"Прапор ""Одного разу під Херсоном""",прапори,1,20.17,0.0
2026-07-17,gla_32154,Футболка unisex “Welcome to hell”,чоловічий одяг,1,10.99,0.0
2026-07-17,gla_28211,"Прапор ""Де посадка""",прапори,1,4.91,0.0
2026-07-17,gla_32256,Зіп-худі unisex “Welcome to hell”,sale,5,32.31,0.0
2026-07-17,gla_27995,"Прапор ""Воїн в полі""",прапори,1,9.46,0.0
2026-07-17,gla_32133,Футболка unisex “Warrior”,чоловічий одяг,1,6.4,0.0
2026-07-17,gla_32170,Футболка unisex “Tarot”,новинки,1,11.56,0.0
2026-07-18,gla_32308,Футболка unisex “Welcome to hell”,sale,3,29.98,0.0
2026-07-18,gla_32257,Зіп-худі unisex “Welcome to hell”,sale,3,21.35,0.0
2026-07-18,gla_32303,Футболка unisex “Azazel”,sale,2,13.13,0.0
2026-07-18,gla_32199,"Футболка unisex ""Вампір""",sale,6,74.3,0.0
2026-07-18,gla_28002,"Прапор ""Дрони ведуть""",прапори,3,35.73,0.0
2026-07-18,gla_32267,Зіп-худі unisex “Tarot”,sale,3,12.57,0.0
2026-07-18,gla_28387,"Прапор ""Тобі п*зда""",прапори,2,76.93,0.0
2026-07-18,gla_30738,"Прапор ""Інженер""",прапори,1,39.38,0.0
2026-07-18,gla_33517,"Прапор ""Перехоплювач""",прапори,2,2.7,0.0
2026-07-18,gla_32078,Зіп-худі unisex “Welcome to hell”,sale,2,28.51,0.0
2026-07-18,gla_32052,Штани чоловічі спортивні широкі,sale,6,59.36,5.0
2026-07-18,gla_32053,Штани чоловічі спортивні широкі,sale,1,20.82,0.0
2026-07-18,gla_32184,Футболка unisex “Arch of the Underworld”,чоловічий одяг,1,10.08,0.0
2026-07-18,gla_32260,Зіп-худі unisex “Welcome to hell”,sale,3,8.17,0.0
2026-07-18,gla_32140,Футболка unisex “Azazel”,чоловічий одяг,3,23.37,0.0
2026-07-18,gla_32263,Зіп-худі unisex “Tarot”,sale,1,6.13,0.0
2026-07-18,gla_32175,Футболка unisex “Garden of Bones”,новинки,1,11.7,0.0
2026-07-18,gla_29650,"Худі oversize ""Історія""",sale,4,16.33,0.0
2026-07-18,gla_32054,Штани чоловічі спортивні широкі,sale,2,7.43,0.0
2026-07-18,gla_32138,Футболка unisex “Azazel”,чоловічий одяг,1,9.0,0.0
2026-07-18,gla_32304,Футболка unisex “Azazel”,sale,1,11.42,0.0
2026-07-18,gla_28187,"Прапор ""FPV пілот""",прапори,1,4.51,0.0
2026-07-18,gla_33196,"Прапор ""Привіт від Богдани""",прапори,1,60.49,0.0
2026-07-18,gla_32244,Штани жіночі спортивні широкі,sale,1,3.52,0.0
2026-07-18,gla_32079,Зіп-худі unisex “Welcome to hell”,sale,1,4.96,0.0
2026-07-18,gla_32106,Зіп-худі unisex “Azazel”,sale,1,6.63,0.0
2026-07-18,gla_32774,"Футболка unisex ""Вампір""",sale,1,3.17,0.0
2026-07-18,gla_32128,Футболка unisex “Warrior”,чоловічий одяг,5,47.96,0.0
2026-07-18,gla_32266,Зіп-худі unisex “Tarot”,sale,1,6.84,0.0
2026-07-18,gla_32135,Футболка unisex “Warrior”,чоловічий одяг,1,2.92,0.0
2026-07-18,gla_32328,Футболка unisex “Garden of Bones”,sale,3,26.52,0.0
2026-07-18,gla_29649,"Худі oversize ""Історія""",sale,3,14.45,0.0
2026-07-18,gla_32080,Зіп-худі unisex “Welcome to hell”,sale,1,5.58,0.0
2026-07-18,gla_32139,Футболка unisex “Azazel”,чоловічий одяг,1,8.78,0.0
2026-07-18,gla_32103,Зіп-худі unisex “Arch of the Underworld”,sale,2,12.12,0.0
2026-07-18,gla_32307,Футболка unisex “Welcome to hell”,sale,2,12.42,0.0
2026-07-18,gla_33450,"Прапор ""Згідно з наказом""",прапори,6,73.02,0.0
2026-07-18,gla_33451,"Прапор ""Зелений спектр""",прапори,2,23.74,0.0
2026-07-18,gla_32154,Футболка unisex “Welcome to hell”,чоловічий одяг,1,4.3,0.0
2026-07-18,gla_33241,"Прапор ""Маршрутка""",прапори,1,23.36,0.0
2026-07-18,gla_32256,Зіп-худі unisex “Welcome to hell”,sale,7,32.32,0.0
2026-07-18,gla_32783,"Футболка unisex ""Вампір""",sale,1,14.08,0.0
2026-07-18,gla_32251,Шорти жіночі спортивні укорочені,sale,1,12.9,0.0
2026-07-18,gla_32133,Футболка unisex “Warrior”,чоловічий одяг,5,60.95,0.0
2026-07-18,gla_32235,Світшот чоловічий “Azazel”,чоловічий одяг,1,3.52,0.0
2026-07-19,gla_30751,"Прапор ""Камікадзе""",прапори,1,39.86,0.0
2026-07-19,gla_32308,Футболка unisex “Welcome to hell”,sale,3,19.56,0.0
2026-07-19,gla_32272,Зіп-худі unisex “Garden of Bones”,жіночий одяг,1,10.56,0.0
2026-07-19,gla_32257,Зіп-худі unisex “Welcome to hell”,sale,4,51.22,0.0
2026-07-19,gla_32303,Футболка unisex “Azazel”,sale,1,3.07,0.0
2026-07-19,gla_28168,"Прапор ""Серебрянський ліс""",прапори,1,8.62,0.0
2026-07-19,gla_32051,Штани чоловічі спортивні широкі,sale,1,2.74,0.0
2026-07-19,gla_32267,Зіп-худі unisex “Tarot”,sale,2,3.42,0.0
2026-07-19,gla_32085,Зіп-худі unisex “Tarot”,sale,2,31.43,0.0
2026-07-19,gla_33517,"Прапор ""Перехоплювач""",прапори,1,15.73,0.0
2026-07-19,gla_32078,Зіп-худі unisex “Welcome to hell”,sale,1,2.15,0.0
2026-07-19,gla_32134,Футболка unisex “Warrior”,чоловічий одяг,7,78.38,0.0
2026-07-19,gla_32052,Штани чоловічі спортивні широкі,sale,5,54.64,0.0
2026-07-19,gla_32284,Зіп-худі unisex “Azazel”,sale,1,9.18,0.0
2026-07-19,gla_32260,Зіп-худі unisex “Welcome to hell”,sale,5,17.0,0.0
2026-07-19,gla_32140,Футболка unisex “Azazel”,чоловічий одяг,1,3.88,0.0
2026-07-19,gla_32263,Зіп-худі unisex “Tarot”,sale,1,18.67,0.0
2026-07-19,gla_29650,"Худі oversize ""Історія""",sale,1,9.68,0.0
2026-07-19,gla_32054,Штани чоловічі спортивні широкі,sale,2,28.68,0.0
2026-07-19,gla_33238,"Прапор ""Прогноз погоди: град""",прапори,1,7.13,0.0
2026-07-19,gla_32138,Футболка unisex “Azazel”,чоловічий одяг,1,8.49,0.0
2026-07-19,gla_33226,"Прапор ""Вампір""",прапори,2,1.52,0.0
2026-07-19,gla_30664,"Прапор ""Дорога на схід""",прапори,3,38.1,1.0
2026-07-19,gla_28209,"Прапор ""Тиша""",прапори,2,25.87,0.0
2026-07-19,gla_28187,"Прапор ""FPV пілот""",прапори,2,1.88,0.0
2026-07-19,gla_32079,Зіп-худі unisex “Welcome to hell”,sale,1,5.34,0.0
2026-07-19,gla_28559,"Футболка ""База""",чоловічий одяг,4,93.16,0.0
2026-07-19,gla_32264,Зіп-худі unisex “Tarot”,sale,2,17.11,0.0
2026-07-19,gla_33476,"Прапор ""В етері""",прапори,1,20.69,0.0
2026-07-19,gla_32774,"Футболка unisex ""Вампір""",sale,1,15.16,0.0
2026-07-19,gla_32128,Футболка unisex “Warrior”,чоловічий одяг,1,12.04,0.0
2026-07-19,gla_32266,Зіп-худі unisex “Tarot”,sale,1,2.06,0.0
2026-07-19,gla_28014,"Прапор ""Донбас""",прапори,2,16.23,0.0
2026-07-19,gla_32135,Футболка unisex “Warrior”,чоловічий одяг,3,117.99,0.0
2026-07-19,gla_32200,"Футболка unisex ""Вампір""",sale,2,17.15,0.0
2026-07-19,gla_32328,Футболка unisex “Garden of Bones”,sale,1,8.52,0.0
2026-07-19,gla_29649,"Худі oversize ""Історія""",sale,10,74.56,0.0
2026-07-19,gla_32139,Футболка unisex “Azazel”,чоловічий одяг,1,2.84,0.0
2026-07-19,gla_32103,Зіп-худі unisex “Arch of the Underworld”,sale,1,2.95,0.0
2026-07-19,gla_32259,Зіп-худі unisex “Welcome to hell”,sale,3,22.73,0.0
2026-07-19,gla_32307,Футболка unisex “Welcome to hell”,sale,1,14.17,0.0
2026-07-19,gla_30717,"Прапор ""Битва за життя""",прапори,1,17.54,0.0
2026-07-19,gla_33450,"Прапор ""Згідно з наказом""",прапори,4,40.29,0.0
2026-07-19,gla_28008,"Прапор ""Донецьк""",прапори,2,7.39,0.0
2026-07-19,gla_28259,"Прапор ""Водій""",прапори,1,7.19,0.0
2026-07-19,gla_30710,"Прапор ""Баба Яга""",прапори,1,15.57,0.0
2026-07-19,gla_32318,Футболка unisex “Tarot”,жіночий одяг,1,4.29,0.0
2026-07-19,gla_32169,Футболка unisex “Tarot”,новинки,3,26.33,0.0
2026-07-19,gla_32256,Зіп-худі unisex “Welcome to hell”,sale,6,40.89,0.0
2026-07-19,gla_32251,Шорти жіночі спортивні укорочені,sale,1,4.65,0.0
2026-07-19,gla_27995,"Прапор ""Воїн в полі""",прапори,2,26.18,0.0
2026-07-19,gla_32133,Футболка unisex “Warrior”,чоловічий одяг,7,82.15,0.0
2026-07-19,gla_32170,Футболка unisex “Tarot”,новинки,1,2.04,0.0
2026-07-20,gla_30751,"Прапор ""Камікадзе""",прапори,1,34.98,0.0
2026-07-20,gla_32272,Зіп-худі unisex “Garden of Bones”,жіночий одяг,1,11.09,0.0
2026-07-20,gla_32257,Зіп-худі unisex “Welcome to hell”,sale,4,54.07,0.0
2026-07-20,gla_28057,"Прапор ""Медик""",прапори,3,7.48,0.0
2026-07-20,gla_32199,"Футболка unisex ""Вампір""",sale,4,84.94,0.0
2026-07-20,gla_32267,Зіп-худі unisex “Tarot”,sale,1,1.87,0.0
2026-07-20,gla_28387,"Прапор ""Тобі п*зда""",прапори,1,12.61,0.0
2026-07-20,gla_30345,"Прапор ""План помсти""",прапори,1,0.86,0.0
2026-07-20,gla_32107,Зіп-худі unisex “Azazel”,sale,1,36.42,0.0
2026-07-20,gla_30321,"Прапор ""Інструктор""",прапори,1,3.42,0.0
2026-07-20,gla_30738,"Прапор ""Інженер""",прапори,1,18.08,0.0
2026-07-20,gla_32324,Футболка unisex “Tarot”,sale,1,10.01,0.0
2026-07-20,gla_32052,Штани чоловічі спортивні широкі,sale,6,77.31,0.0
2026-07-20,gla_32053,Штани чоловічі спортивні широкі,sale,1,18.18,0.0
2026-07-20,gla_27983,"Прапор ""П*зда п*дарам""",прапори,1,44.84,2.0
2026-07-20,gla_32260,Зіп-худі unisex “Welcome to hell”,sale,3,22.02,0.0
2026-07-20,gla_32140,Футболка unisex “Azazel”,чоловічий одяг,1,3.24,0.0
2026-07-20,gla_32263,Зіп-худі unisex “Tarot”,sale,1,3.92,0.0
2026-07-20,gla_32088,Зіп-худі unisex “Tarot”,sale,2,8.2,0.0
2026-07-20,gla_32175,Футболка unisex “Garden of Bones”,новинки,2,49.9,0.0
2026-07-20,gla_32054,Штани чоловічі спортивні широкі,sale,1,5.88,0.0
2026-07-20,gla_32138,Футболка unisex “Azazel”,чоловічий одяг,1,3.58,0.0
2026-07-20,gla_28187,"Прапор ""FPV пілот""",прапори,2,14.12,0.0
2026-07-20,gla_28381,"Прапор ""Одного разу під Запоріжжям""",прапори,1,23.47,0.0
2026-07-20,gla_32244,Штани жіночі спортивні широкі,sale,2,75.88,0.0
2026-07-20,gla_32322,Футболка unisex “Tarot”,sale,1,8.61,1.0
2026-07-20,gla_32287,Зіп-худі unisex “Azazel”,sale,1,8.13,0.0
2026-07-20,gla_28559,"Футболка ""База""",чоловічий одяг,1,2.62,0.0
2026-07-20,gla_32264,Зіп-худі unisex “Tarot”,sale,1,42.63,0.0
2026-07-20,gla_28287,"Прапор ""Між пеклом і домом""",прапори,1,9.31,0.0
2026-07-20,gla_28285,"Прапор ""Незламні""",прапори,1,18.35,0.0
2026-07-20,gla_32774,"Футболка unisex ""Вампір""",sale,1,5.99,0.0
2026-07-20,gla_30743,"Прапор ""Штурмовики""",прапори,1,8.34,0.0
2026-07-20,gla_32271,Зіп-худі unisex “Garden of Bones”,жіночий одяг,1,5.9,0.0
2026-07-20,gla_32265,Зіп-худі unisex “Tarot”,sale,2,19.21,0.0
2026-07-20,gla_32135,Футболка unisex “Warrior”,чоловічий одяг,2,17.52,0.0
2026-07-20,gla_29649,"Худі oversize ""Історія""",sale,7,32.6,0.0
2026-07-20,gla_32139,Футболка unisex “Azazel”,чоловічий одяг,1,8.27,0.0
2026-07-20,gla_32103,Зіп-худі unisex “Arch of the Underworld”,sale,2,20.15,0.0
2026-07-20,gla_32259,Зіп-худі unisex “Welcome to hell”,sale,3,10.55,0.0
2026-07-20,gla_32307,Футболка unisex “Welcome to hell”,sale,1,5.94,0.0
2026-07-20,gla_33193,"Прапор ""Кулеметник""",прапори,1,35.5,0.0
2026-07-20,gla_33450,"Прапор ""Згідно з наказом""",прапори,2,10.38,0.0
2026-07-20,gla_28008,"Прапор ""Донецьк""",прапори,2,5.4,0.0
2026-07-20,gla_28259,"Прапор ""Водій""",прапори,3,15.95,0.0
2026-07-20,gla_32281,Зіп-худі unisex “Arch of the Underworld”,sale,2,12.08,0.0
2026-07-20,gla_32154,Футболка unisex “Welcome to hell”,чоловічий одяг,2,19.1,0.0
2026-07-20,gla_32256,Зіп-худі unisex “Welcome to hell”,sale,3,24.76,0.0
2026-07-20,gla_32191,Футболка unisex “Arch of the Underworld”,новинки,1,11.11,0.0
2026-07-20,gla_32133,Футболка unisex “Warrior”,чоловічий одяг,1,25.69,0.0
2026-07-20,gla_30309,"Прапор ""Армійська Авіація""",прапори,1,16.43,0.0
2026-07-20,gla_32235,Світшот чоловічий “Azazel”,чоловічий одяг,1,3.32,0.0
2026-07-20,gla_29160,"Лонгслів ""Міномет""",чоловічий одяг,1,7.18,0.0
2026-07-20,gla_32108,Зіп-худі unisex “Azazel”,sale,1,8.02,0.0
2026-07-21,gla_32308,Футболка unisex “Welcome to hell”,sale,2,7.78,0.0
2026-07-21,gla_32257,Зіп-худі unisex “Welcome to hell”,sale,4,57.32,0.0
2026-07-21,gla_32303,Футболка unisex “Azazel”,sale,1,13.82,0.0
2026-07-21,gla_32199,"Футболка unisex ""Вампір""",sale,1,11.15,0.0
2026-07-21,gla_32051,Штани чоловічі спортивні широкі,sale,2,9.3,0.0
2026-07-21,gla_28002,"Прапор ""Дрони ведуть""",прапори,1,3.83,0.0
2026-07-21,gla_32267,Зіп-худі unisex “Tarot”,sale,3,23.6,0.0
2026-07-21,gla_32085,Зіп-худі unisex “Tarot”,sale,1,5.28,0.0
2026-07-21,gla_28225,"Прапор ""Привиди вогню""",прапори,1,50.86,0.0
2026-07-21,gla_32078,Зіп-худі unisex “Welcome to hell”,sale,1,5.02,0.0
2026-07-21,gla_32324,Футболка unisex “Tarot”,sale,1,12.44,0.0
2026-07-21,gla_32052,Штани чоловічі спортивні широкі,sale,6,67.87,0.0
2026-07-21,gla_32053,Штани чоловічі спортивні широкі,sale,2,16.51,0.0
2026-07-21,gla_33229,"Прапор ""Тут небо наше""",прапори,1,9.34,0.0
2026-07-21,gla_27983,"Прапор ""П*зда п*дарам""",прапори,2,64.32,1.0
2026-07-21,gla_32260,Зіп-худі unisex “Welcome to hell”,sale,3,36.03,0.0
2026-07-21,gla_32140,Футболка unisex “Azazel”,чоловічий одяг,2,20.22,0.0
2026-07-21,gla_32195,"Футболка unisex ""Вампір""",чоловічий одяг,1,2.44,0.0
2026-07-21,gla_33211,"Прапор ""А шо там в баби на городі?""",прапори,2,16.8,0.0
2026-07-21,gla_32175,Футболка unisex “Garden of Bones”,новинки,4,58.59,0.0
2026-07-21,gla_32054,Штани чоловічі спортивні широкі,sale,3,17.44,0.0
2026-07-21,gla_33238,"Прапор ""Прогноз погоди: град""",прапори,1,10.04,0.0
2026-07-21,gla_32993,"Прапор ""Лелека""",прапори,1,12.43,0.0
2026-07-21,gla_32215,Світшот чоловічий “Welcome to hell”,новинки,1,3.63,0.0
2026-07-21,gla_32138,Футболка unisex “Azazel”,чоловічий одяг,1,5.05,0.0
2026-07-21,gla_33226,"Прапор ""Вампір""",прапори,1,40.04,0.0
2026-07-21,gla_32304,Футболка unisex “Azazel”,sale,1,58.48,0.0
2026-07-21,gla_32211,Світшот чоловічий “Warrior”,новинки,1,3.43,0.0
2026-07-21,gla_28381,"Прапор ""Одного разу під Запоріжжям""",прапори,1,18.54,0.0
2026-07-21,gla_32244,Штани жіночі спортивні широкі,sale,5,72.23,0.0
2026-07-21,gla_33568,"Прапор ""Грім і сталь""",прапори,1,13.19,0.0
2026-07-21,gla_32287,Зіп-худі unisex “Azazel”,sale,1,10.53,0.0
2026-07-21,gla_32079,Зіп-худі unisex “Welcome to hell”,sale,1,9.75,0.0
2026-07-21,gla_28559,"Футболка ""База""",чоловічий одяг,6,35.7,0.0
2026-07-21,gla_32264,Зіп-худі unisex “Tarot”,sale,2,8.1,0.0
2026-07-21,gla_28287,"Прапор ""Між пеклом і домом""",прапори,1,40.87,0.0
2026-07-21,gla_32271,Зіп-худі unisex “Garden of Bones”,жіночий одяг,1,4.6,0.0
2026-07-21,gla_33492,"Прапор ""Танкісти""",прапори,1,5.69,0.0
2026-07-21,gla_32135,Футболка unisex “Warrior”,чоловічий одяг,1,13.84,0.0
2026-07-21,gla_32200,"Футболка unisex ""Вампір""",sale,3,44.04,0.0
2026-07-21,gla_32258,Зіп-худі unisex “Welcome to hell”,sale,6,36.97,0.0
2026-07-21,gla_29649,"Худі oversize ""Історія""",sale,3,33.79,0.0
2026-07-21,gla_29648,"Худі oversize ""Історія""",sale,1,6.96,0.0
2026-07-21,gla_32129,Футболка unisex “Warrior”,чоловічий одяг,2,7.91,0.0
2026-07-21,gla_32103,Зіп-худі unisex “Arch of the Underworld”,sale,1,18.06,0.0
2026-07-21,gla_32259,Зіп-худі unisex “Welcome to hell”,sale,1,13.0,0.0
2026-07-21,gla_32214,Світшот чоловічий “Welcome to hell”,новинки,1,9.64,0.0
2026-07-21,gla_32307,Футболка unisex “Welcome to hell”,sale,4,27.5,0.0
2026-07-21,gla_33450,"Прапор ""Згідно з наказом""",прапори,7,67.59,0.35245
2026-07-21,gla_28008,"Прапор ""Донецьк""",прапори,3,24.49,0.0
2026-07-21,gla_32281,Зіп-худі unisex “Arch of the Underworld”,sale,1,14.27,0.0
2026-07-21,gla_28383,"Прапор ""Одного разу під Херсоном""",прапори,2,14.33,0.0
2026-07-21,gla_32154,Футболка unisex “Welcome to hell”,чоловічий одяг,1,3.33,0.0
2026-07-21,gla_32256,Зіп-худі unisex “Welcome to hell”,sale,2,18.93,0.0
2026-07-21,gla_32783,"Футболка unisex ""Вампір""",sale,1,14.11,0.0
2026-07-21,gla_32251,Шорти жіночі спортивні укорочені,sale,1,7.69,0.0
2026-07-21,gla_32191,Футболка unisex “Arch of the Underworld”,новинки,2,39.81,0.0
2026-07-21,gla_32133,Футболка unisex “Warrior”,чоловічий одяг,2,42.51,0.0
2026-07-21,gla_33182,"Прапор ""Гроза району""",прапори,1,5.58,0.0
2026-07-22,gla_32073,Зіп-худі unisex “Warrior”,sale,1,16.92,0.0
2026-07-22,gla_33535,"Прапор ""Засвіт""",прапори,1,1.12,0.0
2026-07-22,gla_32257,Зіп-худі unisex “Welcome to hell”,sale,6,33.33,0.0
2026-07-22,gla_32303,Футболка unisex “Azazel”,sale,1,4.44,0.0
2026-07-22,gla_28057,"Прапор ""Медик""",прапори,1,10.72,0.0
2026-07-22,gla_32199,"Футболка unisex ""Вампір""",sale,1,7.11,0.0
2026-07-22,gla_28002,"Прапор ""Дрони ведуть""",прапори,2,23.66,0.0
2026-07-22,gla_32062,Штани чоловічі спортивні джогери,sale,1,4.36,0.0
2026-07-22,gla_28283,"Прапор ""Хижак""",прапори,1,44.65,0.0
2026-07-22,gla_30738,"Прапор ""Інженер""",прапори,1,14.25,0.0
2026-07-22,gla_32324,Футболка unisex “Tarot”,sale,1,26.58,0.0
2026-07-22,gla_32134,Футболка unisex “Warrior”,чоловічий одяг,1,2.84,0.0
2026-07-22,gla_32052,Штани чоловічі спортивні широкі,sale,7,85.64,0.0
2026-07-22,gla_32053,Штани чоловічі спортивні широкі,sale,3,17.31,0.0
2026-07-22,gla_27990,"Прапор ""За столом смерті""",прапори,1,30.8,0.0
2026-07-22,gla_27983,"Прапор ""П*зда п*дарам""",прапори,2,16.04,0.0
2026-07-22,gla_33199,"Прапор ""Мінометники""",прапори,1,8.38,0.0
2026-07-22,gla_32260,Зіп-худі unisex “Welcome to hell”,sale,4,23.19,0.0
2026-07-22,gla_32263,Зіп-худі unisex “Tarot”,sale,4,27.79,0.0
2026-07-22,gla_32175,Футболка unisex “Garden of Bones”,новинки,1,28.49,0.0
2026-07-22,gla_29650,"Худі oversize ""Історія""",sale,1,17.86,0.0
2026-07-22,gla_32054,Штани чоловічі спортивні широкі,sale,3,10.72,0.0
2026-07-22,gla_32993,"Прапор ""Лелека""",прапори,2,5.68,0.0
2026-07-22,gla_30664,"Прапор ""Дорога на схід""",прапори,1,25.48,0.0
2026-07-22,gla_28209,"Прапор ""Тиша""",прапори,1,7.1,0.0
2026-07-22,gla_28187,"Прапор ""FPV пілот""",прапори,1,2.56,0.0
2026-07-22,gla_28371,"Прапор ""Одного разу під Сумами""",прапори,1,62.24,0.0
2026-07-22,gla_28559,"Футболка ""База""",чоловічий одяг,4,21.52,0.0
2026-07-22,gla_32264,Зіп-худі unisex “Tarot”,sale,2,8.51,0.0
2026-07-22,gla_33442,"Прапор ""Шеф""",прапори,1,6.41,0.0
2026-07-22,gla_28287,"Прапор ""Між пеклом і домом""",прапори,2,60.33,0.0
2026-07-22,gla_28285,"Прапор ""Незламні""",прапори,1,1.13,0.0
2026-07-22,gla_33476,"Прапор ""В етері""",прапори,1,26.88,0.0
2026-07-22,gla_32774,"Футболка unisex ""Вампір""",sale,1,26.23,1.0
2026-07-22,gla_32323,Футболка unisex “Tarot”,sale,2,8.06,0.0
2026-07-22,gla_28395,"Прапор ""ДСНС""",прапори,1,1.54,0.0
2026-07-22,gla_32200,"Футболка unisex ""Вампір""",sale,1,22.68,0.0
2026-07-22,gla_32258,Зіп-худі unisex “Welcome to hell”,sale,7,79.67,0.0
2026-07-22,gla_32328,Футболка unisex “Garden of Bones”,sale,1,16.63,0.0
2026-07-22,gla_29649,"Худі oversize ""Історія""",sale,10,136.49,3.0
2026-07-22,gla_29648,"Худі oversize ""Історія""",sale,2,26.04,0.0
2026-07-22,gla_32129,Футболка unisex “Warrior”,чоловічий одяг,1,8.23,0.0
2026-07-22,gla_33560,"Прапор ""Heavy Shot""",прапори,2,15.72,0.0
2026-07-22,gla_32103,Зіп-худі unisex “Arch of the Underworld”,sale,1,4.34,0.0
2026-07-22,gla_32259,Зіп-худі unisex “Welcome to hell”,sale,2,6.74,0.0
2026-07-22,gla_32307,Футболка unisex “Welcome to hell”,sale,2,16.81,0.0
2026-07-22,gla_30717,"Прапор ""Битва за життя""",прапори,1,17.6,0.0
2026-07-22,gla_33450,"Прапор ""Згідно з наказом""",прапори,5,64.02,0.0
2026-07-22,gla_28101,"Прапор ""Захисник світу""",прапори,1,12.65,0.0
2026-07-22,gla_28008,"Прапор ""Донецьк""",прапори,2,17.89,0.031025
2026-07-22,gla_33205,"Прапор ""Стабік""",прапори,1,12.76,0.0
2026-07-22,gla_32281,Зіп-худі unisex “Arch of the Underworld”,sale,3,22.0,0.0
2026-07-22,gla_32318,Футболка unisex “Tarot”,жіночий одяг,1,21.23,0.0
2026-07-22,gla_32154,Футболка unisex “Welcome to hell”,чоловічий одяг,1,3.62,0.0
2026-07-22,gla_32256,Зіп-худі unisex “Welcome to hell”,sale,3,23.39,0.0
2026-07-22,gla_32783,"Футболка unisex ""Вампір""",sale,1,7.68,0.0
2026-07-22,gla_32133,Футболка unisex “Warrior”,чоловічий одяг,2,9.03,0.0
2026-07-22,gla_32235,Світшот чоловічий “Azazel”,чоловічий одяг,2,27.07,0.0
2026-07-23,gla_32073,Зіп-худі unisex “Warrior”,sale,2,14.63,0.0
2026-07-23,gla_32308,Футболка unisex “Welcome to hell”,sale,3,30.32,0.0
2026-07-23,gla_32257,Зіп-худі unisex “Welcome to hell”,sale,3,40.85,0.0
2026-07-23,gla_28057,"Прапор ""Медик""",прапори,1,4.39,0.0
2026-07-23,gla_32051,Штани чоловічі спортивні широкі,sale,6,47.37,2.0
2026-07-23,gla_28002,"Прапор ""Дрони ведуть""",прапори,1,9.19,0.0
2026-07-23,gla_32267,Зіп-худі unisex “Tarot”,sale,2,19.08,0.0
2026-07-23,gla_32062,Штани чоловічі спортивні джогери,sale,1,7.22,0.0
2026-07-23,gla_32085,Зіп-худі unisex “Tarot”,sale,1,3.4,0.0
2026-07-23,gla_28283,"Прапор ""Хижак""",прапори,1,9.84,0.0
2026-07-23,gla_32078,Зіп-худі unisex “Welcome to hell”,sale,1,6.39,0.0
2026-07-23,gla_32134,Футболка unisex “Warrior”,чоловічий одяг,1,5.3,0.0
2026-07-23,gla_32179,Футболка unisex “Garden of Bones”,чоловічий одяг,2,15.04,0.0
2026-07-23,gla_33468,"Прапор ""Залізні побратими""",прапори,1,0.25,0.0
2026-07-23,gla_32052,Штани чоловічі спортивні широкі,sale,6,99.62,0.0
2026-07-23,gla_32053,Штани чоловічі спортивні широкі,sale,1,6.9,0.0
2026-07-23,gla_28136,"Прапор ""Ловці Темряви""",прапори,1,0.12,0.0
2026-07-23,gla_33229,"Прапор ""Тут небо наше""",прапори,1,10.28,0.0
2026-07-23,gla_32184,Футболка unisex “Arch of the Underworld”,чоловічий одяг,1,12.44,0.0
2026-07-23,gla_32260,Зіп-худі unisex “Welcome to hell”,sale,1,8.64,0.0
2026-07-23,gla_32230,Світшот чоловічий “Arch of the Underworld”,чоловічий одяг,1,6.66,0.0
2026-07-23,gla_32263,Зіп-худі unisex “Tarot”,sale,1,11.51,0.0
2026-07-23,gla_32195,"Футболка unisex ""Вампір""",чоловічий одяг,3,47.99,0.0
2026-07-23,gla_29650,"Худі oversize ""Історія""",sale,1,21.3,0.0
2026-07-23,gla_32054,Штани чоловічі спортивні широкі,sale,2,18.49,0.0
2026-07-23,gla_32215,Світшот чоловічий “Welcome to hell”,новинки,1,16.2,0.0
2026-07-23,gla_28381,"Прапор ""Одного разу під Запоріжжям""",прапори,1,23.5,1.0
2026-07-23,gla_32244,Штани жіночі спортивні широкі,sale,4,30.01,0.0
2026-07-23,gla_32079,Зіп-худі unisex “Welcome to hell”,sale,2,23.2,0.0
2026-07-23,gla_28559,"Футболка ""База""",чоловічий одяг,7,50.91,0.0
2026-07-23,gla_32264,Зіп-худі unisex “Tarot”,sale,2,5.12,0.0
2026-07-23,gla_28287,"Прапор ""Між пеклом і домом""",прапори,1,53.43,0.0
2026-07-23,gla_32288,Зіп-худі unisex “Azazel”,sale,1,2.4,0.0
2026-07-23,gla_28285,"Прапор ""Незламні""",прапори,2,20.54,0.0
2026-07-23,gla_33476,"Прапор ""В етері""",прапори,2,65.22,0.0
2026-07-23,gla_32271,Зіп-худі unisex “Garden of Bones”,жіночий одяг,3,54.45,0.0
2026-07-23,gla_32265,Зіп-худі unisex “Tarot”,sale,4,23.57,0.0
2026-07-23,gla_33526,"Прапор ""Постріл за пострілом""",прапори,1,7.04,0.0
2026-07-23,gla_32128,Футболка unisex “Warrior”,чоловічий одяг,4,47.89,0.0
2026-07-23,gla_28014,"Прапор ""Донбас""",прапори,1,17.92,0.0
2026-07-23,gla_32200,"Футболка unisex ""Вампір""",sale,1,18.03,0.0
2026-07-23,gla_32258,Зіп-худі unisex “Welcome to hell”,sale,3,12.54,0.0
2026-07-23,gla_32328,Футболка unisex “Garden of Bones”,sale,2,25.72,0.0
2026-07-23,gla_29649,"Худі oversize ""Історія""",sale,1,2.68,0.0
2026-07-23,gla_29648,"Худі oversize ""Історія""",sale,4,37.01,0.0
2026-07-23,gla_33244,"Прапор ""На кулаках""",прапори,2,26.3,0.0
2026-07-23,gla_29876,Комплект кріплення для прапора,аксесуари,2,13.67,0.0
2026-07-23,gla_32285,Зіп-худі unisex “Azazel”,sale,1,13.38,0.0
2026-07-23,gla_32307,Футболка unisex “Welcome to hell”,sale,3,25.03,0.0
2026-07-23,gla_30717,"Прапор ""Битва за життя""",прапори,2,55.84,0.0
2026-07-23,gla_33450,"Прапор ""Згідно з наказом""",прапори,6,35.0,0.0
2026-07-23,gla_28008,"Прапор ""Донецьк""",прапори,1,8.29,0.0
2026-07-23,gla_30710,"Прапор ""Баба Яга""",прапори,3,2.91,0.0
2026-07-23,gla_32169,Футболка unisex “Tarot”,новинки,1,5.68,0.0
2026-07-23,gla_32256,Зіп-худі unisex “Welcome to hell”,sale,2,6.23,0.0
2026-07-23,gla_32133,Футболка unisex “Warrior”,чоловічий одяг,3,51.12,0.0
2026-07-23,gla_32108,Зіп-худі unisex “Azazel”,sale,1,16.9,0.0
2026-07-24,gla_32073,Зіп-худі unisex “Warrior”,sale,1,17.6,0.0
2026-07-24,gla_32257,Зіп-худі unisex “Welcome to hell”,sale,3,25.34,0.5
2026-07-24,gla_32051,Штани чоловічі спортивні широкі,sale,7,72.49,0.0
2026-07-24,gla_32267,Зіп-худі unisex “Tarot”,sale,3,12.72,0.0
2026-07-24,gla_30345,"Прапор ""План помсти""",прапори,2,28.19,0.0
2026-07-24,gla_32062,Штани чоловічі спортивні джогери,sale,2,11.61,0.0
2026-07-24,gla_29161,"Лонгслів ""Міномет""",чоловічий одяг,1,2.26,0.0
2026-07-24,gla_30321,"Прапор ""Інструктор""",прапори,1,2.02,0.0
2026-07-24,gla_33517,"Прапор ""Перехоплювач""",прапори,1,1.48,0.0
2026-07-24,gla_32052,Штани чоловічі спортивні широкі,sale,8,42.15,0.4
2026-07-24,gla_32053,Штани чоловічі спортивні широкі,sale,1,16.39,0.0
2026-07-24,gla_33229,"Прапор ""Тут небо наше""",прапори,1,14.69,0.0
2026-07-24,gla_32246,Штани жіночі спортивні широкі,sale,1,7.21,0.0
2026-07-24,gla_27983,"Прапор ""П*зда п*дарам""",прапори,1,24.2,0.0
2026-07-24,gla_32260,Зіп-худі unisex “Welcome to hell”,sale,4,47.07,0.0
2026-07-24,gla_32263,Зіп-худі unisex “Tarot”,sale,1,5.09,0.0
2026-07-24,gla_32195,"Футболка unisex ""Вампір""",чоловічий одяг,1,4.76,0.0
2026-07-24,gla_32088,Зіп-худі unisex “Tarot”,sale,1,2.29,0.0
2026-07-24,gla_33211,"Прапор ""А шо там в баби на городі?""",прапори,1,8.8,0.0
2026-07-24,gla_30336,"Прапор ""Володар вогню""",прапори,1,2.05,0.0
2026-07-24,gla_32054,Штани чоловічі спортивні широкі,sale,3,38.75,0.0
2026-07-24,gla_32060,Штани чоловічі спортивні джогери,sale,1,6.93,0.0
2026-07-24,gla_28209,"Прапор ""Тиша""",прапори,1,10.37,0.0
2026-07-24,gla_28187,"Прапор ""FPV пілот""",прапори,1,72.16,0.0
2026-07-24,gla_32244,Штани жіночі спортивні широкі,sale,2,15.9,0.0
2026-07-24,gla_28371,"Прапор ""Одного разу під Сумами""",прапори,1,3.55,0.0
2026-07-24,gla_28559,"Футболка ""База""",чоловічий одяг,7,49.36,0.0
2026-07-24,gla_32106,Зіп-худі unisex “Azazel”,sale,1,11.49,0.0
2026-07-24,gla_33442,"Прапор ""Шеф""",прапори,1,8.33,0.0
2026-07-24,gla_32265,Зіп-худі unisex “Tarot”,sale,1,4.12,0.0
2026-07-24,gla_32128,Футболка unisex “Warrior”,чоловічий одяг,1,3.77,0.0
2026-07-24,gla_32266,Зіп-худі unisex “Tarot”,sale,3,15.66,0.0
2026-07-24,gla_32135,Футболка unisex “Warrior”,чоловічий одяг,1,6.4,0.0
2026-07-24,gla_32258,Зіп-худі unisex “Welcome to hell”,sale,5,33.66,0.25
2026-07-24,gla_29649,"Худі oversize ""Історія""",sale,3,15.07,0.0
2026-07-24,gla_32280,Зіп-худі unisex “Arch of the Underworld”,sale,1,1.7,0.0
2026-07-24,gla_33244,"Прапор ""На кулаках""",прапори,1,61.73,0.0
2026-07-24,gla_32259,Зіп-худі unisex “Welcome to hell”,sale,1,5.45,0.25
2026-07-24,gla_32307,Футболка unisex “Welcome to hell”,sale,1,5.98,0.0
2026-07-24,gla_30717,"Прапор ""Битва за життя""",прапори,1,5.06,0.0
2026-07-24,gla_33450,"Прапор ""Згідно з наказом""",прапори,7,33.3,0.0
2026-07-24,gla_28008,"Прапор ""Донецьк""",прапори,2,73.88,0.968975
2026-07-24,gla_28259,"Прапор ""Водій""",прапори,1,3.8,0.0
2026-07-24,gla_28077,"Прапор ""Життя""",прапори,1,72.57,0.0
2026-07-24,gla_32256,Зіп-худі unisex “Welcome to hell”,sale,1,4.01,0.0
2026-07-24,gla_33182,"Прапор ""Гроза району""",прапори,2,4.16,0.0
2026-07-24,gla_29160,"Лонгслів ""Міномет""",чоловічий одяг,1,15.15,0.0
2026-07-24,gla_32108,Зіп-худі unisex “Azazel”,sale,2,10.11,0.0
2026-07-25,gla_30751,"Прапор ""Камікадзе""",прапори,1,9.52,0.0
2026-07-25,gla_32073,Зіп-худі unisex “Warrior”,sale,1,13.62,0.0
2026-07-25,gla_28560,"Футболка ""База""",чоловічий одяг,1,0.71,0.0
2026-07-25,gla_32199,"Футболка unisex ""Вампір""",sale,1,6.22,0.0
2026-07-25,gla_32051,Штани чоловічі спортивні широкі,sale,6,78.15,1.2
2026-07-25,gla_28002,"Прапор ""Дрони ведуть""",прапори,1,19.32,0.0
2026-07-25,gla_32267,Зіп-худі unisex “Tarot”,sale,1,7.96,0.0
2026-07-25,gla_29161,"Лонгслів ""Міномет""",чоловічий одяг,1,5.09,0.0
2026-07-25,gla_30738,"Прапор ""Інженер""",прапори,1,3.58,0.0
2026-07-25,gla_32134,Футболка unisex “Warrior”,чоловічий одяг,1,8.45,0.0
2026-07-25,gla_32052,Штани чоловічі спортивні широкі,sale,4,20.91,0.4
2026-07-25,gla_27990,"Прапор ""За столом смерті""",прапори,1,66.69,0.0
2026-07-25,gla_32246,Штани жіночі спортивні широкі,sale,3,11.87,0.0
2026-07-25,gla_27983,"Прапор ""П*зда п*дарам""",прапори,7,118.52,1.49999
2026-07-25,gla_33199,"Прапор ""Мінометники""",прапори,1,2.98,0.0
2026-07-25,gla_32260,Зіп-худі unisex “Welcome to hell”,sale,5,24.21,0.0
2026-07-25,gla_33184,"Прапор ""На нулі""",прапори,1,8.56,0.0
2026-07-25,gla_32175,Футболка unisex “Garden of Bones”,новинки,2,30.16,0.0
2026-07-25,gla_29650,"Худі oversize ""Історія""",sale,1,9.49,0.0
2026-07-25,gla_32054,Штани чоловічі спортивні широкі,sale,3,19.14,0.0
2026-07-25,gla_32993,"Прапор ""Лелека""",прапори,3,6.91,0.0
2026-07-25,gla_32074,Зіп-худі unisex “Warrior”,sale,2,8.87,0.0
2026-07-25,gla_33226,"Прапор ""Вампір""",прапори,2,32.78,0.0
2026-07-25,gla_28187,"Прапор ""FPV пілот""",прапори,2,23.96,0.0
2026-07-25,gla_33196,"Прапор ""Привіт від Богдани""",прапори,1,17.9,0.0
2026-07-25,gla_32244,Штани жіночі спортивні широкі,sale,1,30.2,0.0
2026-07-25,gla_28371,"Прапор ""Одного разу під Сумами""",прапори,1,0.28,0.500009
2026-07-25,gla_28559,"Футболка ""База""",чоловічий одяг,5,75.62,0.0
2026-07-25,gla_32264,Зіп-худі unisex “Tarot”,sale,3,20.62,0.0
2026-07-25,gla_33442,"Прапор ""Шеф""",прапори,2,94.67,0.989232
2026-07-25,gla_28287,"Прапор ""Між пеклом і домом""",прапори,1,9.66,0.0
2026-07-25,gla_28285,"Прапор ""Незламні""",прапори,1,112.35,0.0
2026-07-25,gla_32323,Футболка unisex “Tarot”,sale,1,16.44,0.0
2026-07-25,gla_30743,"Прапор ""Штурмовики""",прапори,1,17.93,0.0
2026-07-25,gla_32135,Футболка unisex “Warrior”,чоловічий одяг,2,36.64,0.0
2026-07-25,gla_32200,"Футболка unisex ""Вампір""",sale,1,23.58,0.0
2026-07-25,gla_32258,Зіп-худі unisex “Welcome to hell”,sale,1,2.41,0.0
2026-07-25,gla_32149,Футболка unisex “Azazel”,чоловічий одяг,1,8.61,0.0
2026-07-25,gla_29649,"Худі oversize ""Історія""",sale,2,6.44,0.0
2026-07-25,gla_29648,"Худі oversize ""Історія""",sale,3,37.79,0.0
2026-07-25,gla_33244,"Прапор ""На кулаках""",прапори,1,28.59,0.0
2026-07-25,gla_32285,Зіп-худі unisex “Azazel”,sale,2,25.32,0.0
2026-07-25,gla_32103,Зіп-худі unisex “Arch of the Underworld”,sale,1,11.36,0.0
2026-07-25,gla_32259,Зіп-худі unisex “Welcome to hell”,sale,1,7.91,0.0
2026-07-25,gla_32214,Світшот чоловічий “Welcome to hell”,новинки,1,0.68,0.0
2026-07-25,gla_33232,"Прапор ""Знайомство з пісюном""",прапори,1,10.37,0.0
2026-07-25,gla_33450,"Прапор ""Згідно з наказом""",прапори,6,47.76,0.0
2026-07-25,gla_28008,"Прапор ""Донецьк""",прапори,1,4.84,0.0
2026-07-25,gla_32281,Зіп-худі unisex “Arch of the Underworld”,sale,1,5.78,0.0
2026-07-25,gla_32270,Зіп-худі unisex “Garden of Bones”,жіночий одяг,3,14.43,1.0
2026-07-25,gla_28383,"Прапор ""Одного разу під Херсоном""",прапори,1,7.96,0.0
2026-07-25,gla_28156,"Прапор ""Місцевий""",прапори,2,119.58,0.0
2026-07-25,gla_32191,Футболка unisex “Arch of the Underworld”,новинки,1,2.25,0.0
2026-07-25,gla_32133,Футболка unisex “Warrior”,чоловічий одяг,2,35.74,0.0
2026-07-25,gla_29160,"Лонгслів ""Міномет""",чоловічий одяг,2,18.28,0.0
2026-07-26,gla_32257,Зіп-худі unisex “Welcome to hell”,sale,3,17.44,0.0
2026-07-26,gla_28560,"Футболка ""База""",чоловічий одяг,3,11.48,0.0
2026-07-26,gla_32199,"Футболка unisex ""Вампір""",sale,2,15.91,0.0
2026-07-26,gla_32051,Штани чоловічі спортивні широкі,sale,2,7.51,0.0
2026-07-26,gla_32071,Зіп-худі unisex “Warrior”,sale,1,18.27,0.0
2026-07-26,gla_32267,Зіп-худі unisex “Tarot”,sale,2,70.78,0.0
2026-07-26,gla_32085,Зіп-худі unisex “Tarot”,sale,1,11.08,0.0
2026-07-26,gla_32107,Зіп-худі unisex “Azazel”,sale,1,4.01,0.0
2026-07-26,gla_28050,"Прапор ""Тінь перемоги""",прапори,1,12.31,1.0
2026-07-26,gla_32078,Зіп-худі unisex “Welcome to hell”,sale,1,6.85,0.0
2026-07-26,gla_32087,Зіп-худі unisex “Tarot”,sale,1,7.87,0.0
2026-07-26,gla_32052,Штани чоловічі спортивні широкі,sale,10,118.79,0.0
2026-07-26,gla_32053,Штани чоловічі спортивні широкі,sale,2,25.03,0.0
2026-07-26,gla_32279,Зіп-худі unisex “Arch of the Underworld”,sale,1,4.62,0.0
2026-07-26,gla_32246,Штани жіночі спортивні широкі,sale,2,36.51,0.0
2026-07-26,gla_27983,"Прапор ""П*зда п*дарам""",прапори,3,24.01,0.0
2026-07-26,gla_33199,"Прапор ""Мінометники""",прапори,1,0.9,0.0
2026-07-26,gla_32260,Зіп-худі unisex “Welcome to hell”,sale,1,23.71,0.0
2026-07-26,gla_32195,"Футболка unisex ""Вампір""",чоловічий одяг,1,14.91,0.0
2026-07-26,gla_28561,"Футболка ""База""",чоловічий одяг,2,6.91,0.0
2026-07-26,gla_30336,"Прапор ""Володар вогню""",прапори,1,32.72,0.0
2026-07-26,gla_32054,Штани чоловічі спортивні широкі,sale,2,80.35,0.0
2026-07-26,gla_32074,Зіп-худі unisex “Warrior”,sale,1,7.22,0.0
2026-07-26,gla_33235,"Прапор ""Той самий вайб""",прапори,1,16.4,0.0
2026-07-26,gla_32215,Світшот чоловічий “Welcome to hell”,новинки,1,10.05,0.0
2026-07-26,gla_32180,Футболка unisex “Garden of Bones”,чоловічий одяг,1,28.16,0.0
2026-07-26,gla_33226,"Прапор ""Вампір""",прапори,4,6.3,0.0
2026-07-26,gla_30664,"Прапор ""Дорога на схід""",прапори,2,7.26,0.0
2026-07-26,gla_28209,"Прапор ""Тиша""",прапори,1,0.38,0.0
2026-07-26,gla_32304,Футболка unisex “Azazel”,sale,1,14.84,0.0
2026-07-26,gla_28187,"Прапор ""FPV пілот""",прапори,1,14.79,0.0
2026-07-26,gla_32244,Штани жіночі спортивні широкі,sale,6,52.72,0.0
2026-07-26,gla_28559,"Футболка ""База""",чоловічий одяг,5,37.14,0.0
2026-07-26,gla_32264,Зіп-худі unisex “Tarot”,sale,1,7.63,0.0
2026-07-26,gla_28287,"Прапор ""Між пеклом і домом""",прапори,1,2.6,0.0
2026-07-26,gla_32774,"Футболка unisex ""Вампір""",sale,1,2.72,0.0
2026-07-26,gla_32247,Штани жіночі спортивні широкі,sale,2,7.86,0.0
2026-07-26,gla_32265,Зіп-худі unisex “Tarot”,sale,4,16.79,0.0
2026-07-26,gla_32128,Футболка unisex “Warrior”,чоловічий одяг,2,24.18,0.0
2026-07-26,gla_32135,Футболка unisex “Warrior”,чоловічий одяг,1,15.82,0.0
2026-07-26,gla_32258,Зіп-худі unisex “Welcome to hell”,sale,3,35.66,0.0
2026-07-26,gla_29649,"Худі oversize ""Історія""",sale,2,11.96,0.0
2026-07-26,gla_29648,"Худі oversize ""Історія""",sale,3,15.54,0.0
2026-07-26,gla_32080,Зіп-худі unisex “Welcome to hell”,sale,1,2.89,0.0
2026-07-26,gla_32129,Футболка unisex “Warrior”,чоловічий одяг,1,6.74,0.0
2026-07-26,gla_32259,Зіп-худі unisex “Welcome to hell”,sale,3,22.5,0.0
2026-07-26,gla_32214,Світшот чоловічий “Welcome to hell”,новинки,3,18.14,0.0
2026-07-26,gla_33450,"Прапор ""Згідно з наказом""",прапори,4,143.35,0.0
2026-07-26,gla_28008,"Прапор ""Донецьк""",прапори,1,19.22,0.0
2026-07-26,gla_28259,"Прапор ""Водій""",прапори,1,7.61,0.0
2026-07-26,gla_32281,Зіп-худі unisex “Arch of the Underworld”,sale,1,10.72,0.0
2026-07-26,gla_32318,Футболка unisex “Tarot”,жіночий одяг,1,36.16,0.0
2026-07-26,gla_32270,Зіп-худі unisex “Garden of Bones”,жіночий одяг,1,7.32,0.0
2026-07-26,gla_32154,Футболка unisex “Welcome to hell”,чоловічий одяг,3,20.94,0.0
2026-07-26,gla_32783,"Футболка unisex ""Вампір""",sale,1,5.95,0.0
2026-07-26,gla_32250,Шорти жіночі спортивні укорочені,sale,1,3.84,0.0
2026-07-26,gla_33223,"Прапор ""Спіймані чмоні""",прапори,1,0.48,0.0
2026-07-26,gla_33182,"Прапор ""Гроза району""",прапори,1,11.23,0.0
2026-07-26,gla_29160,"Лонгслів ""Міномет""",чоловічий одяг,1,11.79,0.0
2026-07-26,gla_32108,Зіп-худі unisex “Azazel”,sale,2,21.81,0.0
2026-07-27,gla_30751,"Прапор ""Камікадзе""",прапори,1,9.3,0.0
2026-07-27,gla_32073,Зіп-худі unisex “Warrior”,sale,1,5.79,0.0
2026-07-27,gla_32257,Зіп-худі unisex “Welcome to hell”,sale,2,21.55,0.0
2026-07-27,gla_28057,"Прапор ""Медик""",прапори,1,14.76,0.0
2026-07-27,gla_32199,"Футболка unisex ""Вампір""",sale,1,2.84,0.0
2026-07-27,gla_32051,Штани чоловічі спортивні широкі,sale,7,43.8,0.0
2026-07-27,gla_32267,Зіп-худі unisex “Tarot”,sale,2,30.88,0.0
2026-07-27,gla_32062,Штани чоловічі спортивні джогери,sale,1,11.09,0.0
2026-07-27,gla_28225,"Прапор ""Привиди вогню""",прапори,1,17.99,0.0
2026-07-27,gla_30738,"Прапор ""Інженер""",прапори,1,3.02,0.0
2026-07-27,gla_32078,Зіп-худі unisex “Welcome to hell”,sale,1,30.76,0.0
2026-07-27,gla_32324,Футболка unisex “Tarot”,sale,1,3.43,0.0
2026-07-27,gla_32087,Зіп-худі unisex “Tarot”,sale,1,10.91,0.0
2026-07-27,gla_32052,Штани чоловічі спортивні широкі,sale,9,129.67,1.0
2026-07-27,gla_32053,Штани чоловічі спортивні широкі,sale,1,14.44,0.0
2026-07-27,gla_32246,Штани жіночі спортивні широкі,sale,1,4.94,0.0
2026-07-27,gla_27983,"Прапор ""П*зда п*дарам""",прапори,4,47.98,0.0
2026-07-27,gla_33199,"Прапор ""Мінометники""",прапори,1,2.14,0.0
2026-07-27,gla_32260,Зіп-худі unisex “Welcome to hell”,sale,3,46.04,0.0
2026-07-27,gla_32195,"Футболка unisex ""Вампір""",чоловічий одяг,1,31.04,0.0
2026-07-27,gla_33184,"Прапор ""На нулі""",прапори,2,36.63,0.0
2026-07-27,gla_32175,Футболка unisex “Garden of Bones”,новинки,1,4.48,0.0
2026-07-27,gla_32054,Штани чоловічі спортивні широкі,sale,2,21.46,0.0
2026-07-27,gla_32194,"Футболка unisex ""Вампір""",чоловічий одяг,1,18.71,0.0
2026-07-27,gla_33226,"Прапор ""Вампір""",прапори,1,5.73,1.0
2026-07-27,gla_28209,"Прапор ""Тиша""",прапори,1,4.63,0.0
2026-07-27,gla_28187,"Прапор ""FPV пілот""",прапори,3,10.87,0.0
2026-07-27,gla_28381,"Прапор ""Одного разу під Запоріжжям""",прапори,1,15.81,0.0
2026-07-27,gla_32244,Штани жіночі спортивні широкі,sale,1,3.21,0.0
2026-07-27,gla_28559,"Футболка ""База""",чоловічий одяг,4,42.03,0.0
2026-07-27,gla_33510,"Прапор ""На виїзд""",прапори,1,10.08,0.0
2026-07-27,gla_32264,Зіп-худі unisex “Tarot”,sale,2,11.08,0.0
2026-07-27,gla_28285,"Прапор ""Незламні""",прапори,1,37.24,0.0
2026-07-27,gla_33476,"Прапор ""В етері""",прапори,1,1.7,0.0
2026-07-27,gla_32323,Футболка unisex “Tarot”,sale,1,1.16,0.0
2026-07-27,gla_30743,"Прапор ""Штурмовики""",прапори,2,10.35,0.0
2026-07-27,gla_28375,"Прапор ""Одного разу під Харковом""",прапори,1,29.49,0.0
2026-07-27,gla_28395,"Прапор ""ДСНС""",прапори,1,3.22,0.0
2026-07-27,gla_32128,Футболка unisex “Warrior”,чоловічий одяг,1,11.11,0.0
2026-07-27,gla_28558,"Футболка ""База""",чоловічий одяг,2,37.41,0.0
2026-07-27,gla_32109,Зіп-худі unisex “Azazel”,sale,1,1.89,0.0
2026-07-27,gla_32266,Зіп-худі unisex “Tarot”,sale,2,7.09,0.0
2026-07-27,gla_28014,"Прапор ""Донбас""",прапори,1,52.25,0.0
2026-07-27,gla_32328,Футболка unisex “Garden of Bones”,sale,1,5.82,0.0
2026-07-27,gla_29649,"Худі oversize ""Історія""",sale,2,11.1,0.0
2026-07-27,gla_29648,"Худі oversize ""Історія""",sale,2,5.87,0.0
2026-07-27,gla_32259,Зіп-худі unisex “Welcome to hell”,sale,1,7.86,0.0
2026-07-27,gla_32307,Футболка unisex “Welcome to hell”,sale,2,3.18,0.0
2026-07-27,gla_30717,"Прапор ""Битва за життя""",прапори,3,29.26,0.0
2026-07-27,gla_33450,"Прапор ""Згідно з наказом""",прапори,6,53.84,0.0
2026-07-27,gla_28101,"Прапор ""Захисник світу""",прапори,1,7.05,0.0
2026-07-27,gla_33451,"Прапор ""Зелений спектр""",прапори,1,4.77,0.0
2026-07-27,gla_28008,"Прапор ""Донецьк""",прапори,1,29.43,0.0
2026-07-27,gla_30710,"Прапор ""Баба Яга""",прапори,2,37.01,0.0
2026-07-27,gla_32281,Зіп-худі unisex “Arch of the Underworld”,sale,1,11.58,0.0
2026-07-27,gla_28077,"Прапор ""Життя""",прапори,1,35.93,0.0
2026-07-27,gla_28383,"Прапор ""Одного разу під Херсоном""",прапори,2,20.12,0.0
2026-07-27,gla_32256,Зіп-худі unisex “Welcome to hell”,sale,1,14.97,0.0
2026-07-27,gla_32133,Футболка unisex “Warrior”,чоловічий одяг,2,58.52,1.0
2026-07-27,gla_33182,"Прапор ""Гроза району""",прапори,2,18.6,0.0
2026-07-28,gla_32073,Зіп-худі unisex “Warrior”,sale,1,5.63,0.0
2026-07-28,gla_32308,Футболка unisex “Welcome to hell”,sale,3,15.75,0.0
2026-07-28,gla_32257,Зіп-худі unisex “Welcome to hell”,sale,1,21.18,0.0
2026-07-28,gla_28057,"Прапор ""Медик""",прапори,3,34.03,0.0
2026-07-28,gla_28560,"Футболка ""База""",чоловічий одяг,1,6.28,0.0
2026-07-28,gla_32051,Штани чоловічі спортивні широкі,sale,2,11.94,0.0
2026-07-28,gla_28002,"Прапор ""Дрони ведуть""",прапори,2,36.76,0.0
2026-07-28,gla_32071,Зіп-худі unisex “Warrior”,sale,1,24.57,0.0
2026-07-28,gla_28050,"Прапор ""Тінь перемоги""",прапори,1,31.34,0.0
2026-07-28,gla_28225,"Прапор ""Привиди вогню""",прапори,1,19.69,0.0
2026-07-28,gla_32179,Футболка unisex “Garden of Bones”,чоловічий одяг,1,2.16,0.0
2026-07-28,gla_32118,Футболка unisex “Warrior”,чоловічий одяг,1,15.07,0.0
2026-07-28,gla_33468,"Прапор ""Залізні побратими""",прапори,1,14.65,0.0
2026-07-28,gla_32052,Штани чоловічі спортивні широкі,sale,7,190.12,0.0
2026-07-28,gla_32284,Зіп-худі unisex “Azazel”,sale,1,6.8,0.0
2026-07-28,gla_32053,Штани чоловічі спортивні широкі,sale,3,44.15,0.0
2026-07-28,gla_32246,Штани жіночі спортивні широкі,sale,1,5.13,0.0
2026-07-28,gla_27983,"Прапор ""П*зда п*дарам""",прапори,3,134.68,0.0
2026-07-28,gla_32260,Зіп-худі unisex “Welcome to hell”,sale,1,5.24,0.0
2026-07-28,gla_32195,"Футболка unisex ""Вампір""",чоловічий одяг,1,4.29,0.0
2026-07-28,gla_33184,"Прапор ""На нулі""",прапори,1,36.63,0.0
2026-07-28,gla_32054,Штани чоловічі спортивні широкі,sale,1,7.81,0.0
2026-07-28,gla_32194,"Футболка unisex ""Вампір""",чоловічий одяг,1,9.44,0.0
2026-07-28,gla_33226,"Прапор ""Вампір""",прапори,1,1.72,0.0
2026-07-28,gla_32060,Штани чоловічі спортивні джогери,sale,1,49.05,0.0
2026-07-28,gla_33196,"Прапор ""Привіт від Богдани""",прапори,1,25.78,0.0
2026-07-28,gla_28381,"Прапор ""Одного разу під Запоріжжям""",прапори,1,46.27,0.0
2026-07-28,gla_32244,Штани жіночі спортивні широкі,sale,1,8.76,0.0
2026-07-28,gla_28559,"Футболка ""База""",чоловічий одяг,5,44.99,0.0
2026-07-28,gla_32264,Зіп-худі unisex “Tarot”,sale,1,10.45,0.0
2026-07-28,gla_32106,Зіп-худі unisex “Azazel”,sale,1,8.02,0.0
2026-07-28,gla_28285,"Прапор ""Незламні""",прапори,1,16.96,0.0
2026-07-28,gla_32247,Штани жіночі спортивні широкі,sale,2,9.19,0.0
2026-07-28,gla_32265,Зіп-худі unisex “Tarot”,sale,1,8.5,0.0
2026-07-28,gla_32128,Футболка unisex “Warrior”,чоловічий одяг,1,7.16,0.0
2026-07-28,gla_28558,"Футболка ""База""",чоловічий одяг,2,13.31,0.0
2026-07-28,gla_32109,Зіп-худі unisex “Azazel”,sale,2,13.17,0.0
2026-07-28,gla_32266,Зіп-худі unisex “Tarot”,sale,5,27.12,0.0
2026-07-28,gla_28014,"Прапор ""Донбас""",прапори,1,2.52,0.0
2026-07-28,gla_29649,"Худі oversize ""Історія""",sale,5,43.7,1.0
2026-07-28,gla_29648,"Худі oversize ""Історія""",sale,4,31.68,0.0
2026-07-28,gla_33244,"Прапор ""На кулаках""",прапори,1,51.02,0.0
2026-07-28,gla_32259,Зіп-худі unisex “Welcome to hell”,sale,1,5.47,0.0
2026-07-28,gla_32307,Футболка unisex “Welcome to hell”,sale,1,10.81,0.0
2026-07-28,gla_33450,"Прапор ""Згідно з наказом""",прапори,3,39.66,0.0
2026-07-28,gla_30710,"Прапор ""Баба Яга""",прапори,1,0.44,0.0
2026-07-28,gla_33205,"Прапор ""Стабік""",прапори,1,25.08,0.0
2026-07-28,gla_32318,Футболка unisex “Tarot”,жіночий одяг,1,0.94,0.0
2026-07-28,gla_32270,Зіп-худі unisex “Garden of Bones”,жіночий одяг,1,3.93,0.0
2026-07-28,gla_32337,Футболка unisex “Arch of the Underworld”,sale,1,13.58,0.0
2026-07-28,gla_32256,Зіп-худі unisex “Welcome to hell”,sale,1,1.85,0.0
2026-07-28,gla_32108,Зіп-худі unisex “Azazel”,sale,2,12.23,0.0
2026-07-29,gla_30751,"Прапор ""Камікадзе""",прапори,1,3.04,0.0
2026-07-29,gla_32073,Зіп-худі unisex “Warrior”,sale,1,8.47,0.0
2026-07-29,gla_32257,Зіп-худі unisex “Welcome to hell”,sale,2,3.77,0.0
2026-07-29,gla_32291,Футболка unisex “Azazel”,sale,2,13.88,0.0
2026-07-29,gla_28057,"Прапор ""Медик""",прапори,1,7.94,0.0
2026-07-29,gla_28560,"Футболка ""База""",чоловічий одяг,1,1.03,0.0
2026-07-29,gla_32051,Штани чоловічі спортивні широкі,sale,3,29.71,0.0
2026-07-29,gla_32071,Зіп-худі unisex “Warrior”,sale,2,15.05,0.0
2026-07-29,gla_28050,"Прапор ""Тінь перемоги""",прапори,3,19.57,0.0
2026-07-29,gla_28225,"Прапор ""Привиди вогню""",прапори,2,11.96,0.0
2026-07-29,gla_33484,"Прапор ""Baby shark""",прапори,1,5.1,0.0
2026-07-29,gla_30738,"Прапор ""Інженер""",прапори,1,1.03,0.0
2026-07-29,gla_32201,"Футболка unisex ""Вампір""",sale,1,4.66,0.0
2026-07-29,gla_32052,Штани чоловічі спортивні широкі,sale,6,80.11,0.0
2026-07-29,gla_32053,Штани чоловічі спортивні широкі,sale,3,39.24,0.0
2026-07-29,gla_27983,"Прапор ""П*зда п*дарам""",прапори,2,22.08,0.0
2026-07-29,gla_33199,"Прапор ""Мінометники""",прапори,4,9.07,1.039455
2026-07-29,gla_32195,"Футболка unisex ""Вампір""",чоловічий одяг,1,5.18,0.0
2026-07-29,gla_32130,Футболка unisex “Warrior”,чоловічий одяг,2,28.95,0.0
2026-07-29,gla_32054,Штани чоловічі спортивні широкі,sale,1,11.51,0.0
2026-07-29,gla_33238,"Прапор ""Прогноз погоди: град""",прапори,1,24.27,0.0
2026-07-29,gla_32093,Зіп-худі unisex “Garden of Bones”,sale,1,0.96,0.0
2026-07-29,gla_33226,"Прапор ""Вампір""",прапори,1,5.45,1.0
2026-07-29,gla_28209,"Прапор ""Тиша""",прапори,2,8.32,0.0
2026-07-29,gla_28187,"Прапор ""FPV пілот""",прапори,1,17.92,0.0
2026-07-29,gla_33196,"Прапор ""Привіт від Богдани""",прапори,1,7.1,0.0
2026-07-29,gla_28381,"Прапор ""Одного разу під Запоріжжям""",прапори,2,17.97,0.0
2026-07-29,gla_32244,Штани жіночі спортивні широкі,sale,1,15.97,0.0
2026-07-29,gla_33568,"Прапор ""Грім і сталь""",прапори,1,164.96,0.0
2026-07-29,gla_28379,"Прапор ""Одного разу під Донецьком""",прапори,1,210.07,0.0
2026-07-29,gla_28559,"Футболка ""База""",чоловічий одяг,3,54.1,0.0
2026-07-29,gla_32106,Зіп-худі unisex “Azazel”,sale,1,3.76,0.0
2026-07-29,gla_33442,"Прапор ""Шеф""",прапори,1,18.3,0.0
2026-07-29,gla_28285,"Прапор ""Незламні""",прапори,3,40.81,0.0
2026-07-29,gla_32082,Зіп-худі unisex “Welcome to hell”,sale,1,4.79,0.0
2026-07-29,gla_32075,Зіп-худі unisex “Warrior”,sale,1,5.24,0.0
2026-07-29,gla_32247,Штани жіночі спортивні широкі,sale,1,2.14,0.0
2026-07-29,gla_28558,"Футболка ""База""",чоловічий одяг,4,51.9,0.0
2026-07-29,gla_32266,Зіп-худі unisex “Tarot”,sale,1,1.91,0.0
2026-07-29,gla_32200,"Футболка unisex ""Вампір""",sale,2,42.14,0.045992
2026-07-29,gla_32258,Зіп-худі unisex “Welcome to hell”,sale,1,3.38,0.0
2026-07-29,gla_29649,"Худі oversize ""Історія""",sale,3,43.79,0.0
2026-07-29,gla_29648,"Худі oversize ""Історія""",sale,2,13.88,0.0
2026-07-29,gla_32129,Футболка unisex “Warrior”,чоловічий одяг,1,16.02,0.0
2026-07-29,gla_32086,Зіп-худі unisex “Tarot”,sale,1,6.91,0.0
2026-07-29,gla_32280,Зіп-худі unisex “Arch of the Underworld”,sale,1,2.2,0.0
2026-07-29,gla_29876,Комплект кріплення для прапора,аксесуари,2,14.95,0.0
2026-07-29,gla_32259,Зіп-худі unisex “Welcome to hell”,sale,1,5.93,0.0
2026-07-29,gla_30717,"Прапор ""Битва за життя""",прапори,1,2.4,0.0
2026-07-29,gla_32245,Штани жіночі спортивні широкі,sale,1,10.76,0.0
2026-07-29,gla_32181,Футболка unisex “Garden of Bones”,чоловічий одяг,1,1.32,0.0
2026-07-29,gla_33232,"Прапор ""Знайомство з пісюном""",прапори,2,21.43,0.0
2026-07-29,gla_33450,"Прапор ""Згідно з наказом""",прапори,5,17.84,0.0
2026-07-29,gla_30710,"Прапор ""Баба Яга""",прапори,1,10.08,0.0
2026-07-29,gla_32270,Зіп-худі unisex “Garden of Bones”,жіночий одяг,2,18.26,0.0
2026-07-29,gla_32154,Футболка unisex “Welcome to hell”,чоловічий одяг,1,3.22,0.0
2026-07-29,gla_32256,Зіп-худі unisex “Welcome to hell”,sale,1,1.35,0.0
2026-07-30,gla_28057,"Прапор ""Медик""",прапори,1,12.69,0.0
2026-07-30,gla_28560,"Футболка ""База""",sale,4,16.39,0.0
2026-07-30,gla_32199,"Футболка unisex ""Вампір""",sale,3,12.77,0.0
2026-07-30,gla_32051,Штани чоловічі спортивні широкі,sale,4,33.66,0.0
2026-07-30,gla_28002,"Прапор ""Дрони ведуть""",прапори,1,10.36,0.0
2026-07-30,gla_32267,Зіп-худі unisex “Tarot”,sale,2,15.46,0.0
2026-07-30,gla_28387,"Прапор ""Тобі п*зда""",прапори,1,7.37,0.0
2026-07-30,gla_32085,Зіп-худі unisex “Tarot”,sale,1,2.16,0.0
2026-07-30,gla_32324,Футболка unisex “Tarot”,sale,2,50.67,0.0
2026-07-30,gla_32134,Футболка unisex “Warrior”,sale,2,14.3,0.0
2026-07-30,gla_32118,Футболка unisex “Warrior”,чоловічий одяг,1,6.37,0.0
2026-07-30,gla_32052,Штани чоловічі спортивні широкі,sale,5,20.75,0.0
2026-07-30,gla_32053,Штани чоловічі спортивні широкі,sale,2,9.42,0.0
2026-07-30,gla_27990,"Прапор ""За столом смерті""",прапори,1,13.75,0.0
2026-07-30,gla_28117,"Прапор ""Спеціальна операція""",прапори,1,7.88,0.0
2026-07-30,gla_33229,"Прапор ""Тут небо наше""",прапори,1,8.18,0.0
2026-07-30,gla_32246,Штани жіночі спортивні широкі,sale,2,14.48,0.0
2026-07-30,gla_32309,Футболка unisex “Welcome to hell”,sale,1,24.89,0.0
2026-07-30,gla_27983,"Прапор ""П*зда п*дарам""",прапори,3,47.03,0.0
2026-07-30,gla_33199,"Прапор ""Мінометники""",прапори,1,7.1,0.0
2026-07-30,gla_32260,Зіп-худі unisex “Welcome to hell”,sale,2,5.11,0.0
2026-07-30,gla_28561,"Футболка ""База""",sale,2,98.32,0.0
2026-07-30,gla_28561,"Футболка ""База""",чоловічий одяг,1,1.84,0.0
2026-07-30,gla_32054,Штани чоловічі спортивні широкі,sale,1,1.96,0.0
2026-07-30,gla_33238,"Прапор ""Прогноз погоди: град""",прапори,1,0.96,0.0
2026-07-30,gla_32993,"Прапор ""Лелека""",прапори,1,6.43,0.0
2026-07-30,gla_33226,"Прапор ""Вампір""",прапори,1,3.9,0.0
2026-07-30,gla_28381,"Прапор ""Одного разу під Запоріжжям""",прапори,3,63.74,0.0
2026-07-30,gla_32244,Штани жіночі спортивні широкі,sale,2,9.98,0.0
2026-07-30,gla_33568,"Прапор ""Грім і сталь""",прапори,1,5.92,0.0
2026-07-30,gla_32079,Зіп-худі unisex “Welcome to hell”,sale,1,5.06,0.0
2026-07-30,gla_28559,"Футболка ""База""",sale,1,9.07,0.0
2026-07-30,gla_33476,"Прапор ""В етері""",прапори,2,28.62,0.0
2026-07-30,gla_32075,Зіп-худі unisex “Warrior”,sale,1,4.88,0.0
2026-07-30,gla_32247,Штани жіночі спортивні широкі,sale,3,19.76,0.0
2026-07-30,gla_30743,"Прапор ""Штурмовики""",прапори,1,1.21,0.0
2026-07-30,gla_32265,Зіп-худі unisex “Tarot”,sale,2,10.03,0.0
2026-07-30,gla_28395,"Прапор ""ДСНС""",прапори,1,3.55,0.0
2026-07-30,gla_28558,"Футболка ""База""",sale,3,52.6,0.0
2026-07-30,gla_32109,Зіп-худі unisex “Azazel”,sale,2,6.15,0.0
2026-07-30,gla_32266,Зіп-худі unisex “Tarot”,sale,2,5.25,0.0
2026-07-30,gla_32200,"Футболка unisex ""Вампір""",sale,1,10.29,0.0
2026-07-30,gla_32258,Зіп-худі unisex “Welcome to hell”,sale,1,1.9,0.0
2026-07-30,gla_32259,Зіп-худі unisex “Welcome to hell”,sale,1,4.01,0.0
2026-07-30,gla_32214,Світшот чоловічий “Welcome to hell”,чоловічий одяг,1,6.88,0.0
2026-07-30,gla_32245,Штани жіночі спортивні широкі,sale,2,29.33,0.0
2026-07-30,gla_33193,"Прапор ""Кулеметник""",прапори,1,2.14,0.0
2026-07-30,gla_32181,Футболка unisex “Garden of Bones”,чоловічий одяг,1,23.5,0.0
2026-07-30,gla_33450,"Прапор ""Згідно з наказом""",прапори,7,141.01,0.0
2026-07-30,gla_28383,"Прапор ""Одного разу під Херсоном""",прапори,1,4.29,0.0
2026-07-30,gla_33241,"Прапор ""Маршрутка""",прапори,1,1.91,0.0
2026-07-30,gla_32256,Зіп-худі unisex “Welcome to hell”,sale,3,34.54,0.0
2026-07-30,gla_27995,"Прапор ""Воїн в полі""",прапори,1,1.84,0.0
2026-07-30,gla_28156,"Прапор ""Місцевий""",прапори,1,0.99,0.0
2026-07-30,gla_32250,Шорти жіночі спортивні укорочені,sale,1,9.64,0.0
2026-07-30,gla_32108,Зіп-худі unisex “Azazel”,sale,1,10.34,0.0
2026-07-31,gla_32073,Зіп-худі unisex “Warrior”,sale,1,9.15,0.0
2026-07-31,gla_32308,Футболка unisex “Welcome to hell”,sale,1,2.68,0.0
2026-07-31,gla_32257,Зіп-худі unisex “Welcome to hell”,sale,1,5.51,0.0
2026-07-31,gla_32303,Футболка unisex “Azazel”,sale,1,11.31,0.0
2026-07-31,gla_28560,"Футболка ""База""",sale,6,71.01,0.0
2026-07-31,gla_32199,"Футболка unisex ""Вампір""",sale,1,11.08,0.0
2026-07-31,gla_32051,Штани чоловічі спортивні широкі,sale,7,53.1,0.0
2026-07-31,gla_28002,"Прапор ""Дрони ведуть""",прапори,1,89.61,0.0
2026-07-31,gla_32267,Зіп-худі unisex “Tarot”,sale,1,1.87,0.0
2026-07-31,gla_32107,Зіп-худі unisex “Azazel”,sale,1,7.93,0.0
2026-07-31,gla_30321,"Прапор ""Інструктор""",прапори,2,1.62,0.0
2026-07-31,gla_32324,Футболка unisex “Tarot”,sale,2,11.93,0.0
2026-07-31,gla_32134,Футболка unisex “Warrior”,sale,1,3.72,0.0
2026-07-31,gla_32179,Футболка unisex “Garden of Bones”,чоловічий одяг,2,12.52,0.0
2026-07-31,gla_32201,"Футболка unisex ""Вампір""",sale,1,22.06,0.0
2026-07-31,gla_32052,Штани чоловічі спортивні широкі,sale,9,58.38,0.0
2026-07-31,gla_32053,Штани чоловічі спортивні широкі,sale,4,26.67,0.0
2026-07-31,gla_32309,Футболка unisex “Welcome to hell”,sale,1,5.67,0.0
2026-07-31,gla_27983,"Прапор ""П*зда п*дарам""",прапори,1,10.24,0.0
2026-07-31,gla_32260,Зіп-худі unisex “Welcome to hell”,sale,3,30.86,0.0
2026-07-31,gla_32140,Футболка unisex “Azazel”,sale,1,6.23,0.0
2026-07-31,gla_32263,Зіп-худі unisex “Tarot”,sale,1,4.44,0.0
2026-07-31,gla_33184,"Прапор ""На нулі""",прапори,1,5.97,0.0
2026-07-31,gla_32130,Футболка unisex “Warrior”,чоловічий одяг,2,9.73,0.0
2026-07-31,gla_32054,Штани чоловічі спортивні широкі,sale,2,46.38,0.0
2026-07-31,gla_32274,Зіп-худі unisex “Garden of Bones”,жіночий одяг,1,57.97,0.0
2026-07-31,gla_32304,Футболка unisex “Azazel”,sale,1,4.33,0.0
2026-07-31,gla_28187,"Прапор ""FPV пілот""",прапори,1,1.2,0.0
2026-07-31,gla_28381,"Прапор ""Одного разу під Запоріжжям""",прапори,1,9.06,0.0
2026-07-31,gla_32244,Штани жіночі спортивні широкі,sale,5,40.41,0.0
2026-07-31,gla_28559,"Футболка ""База""",sale,8,54.98,0.0
2026-07-31,gla_32264,Зіп-худі unisex “Tarot”,sale,2,2.89,0.0
2026-07-31,gla_28287,"Прапор ""Між пеклом і домом""",прапори,1,3.29,0.0
2026-07-31,gla_33476,"Прапор ""В етері""",прапори,1,21.22,0.0
2026-07-31,gla_32774,"Футболка unisex ""Вампір""",sale,1,8.34,0.0
2026-07-31,gla_32247,Штани жіночі спортивні широкі,sale,2,14.97,0.0
2026-07-31,gla_30743,"Прапор ""Штурмовики""",прапори,2,2.4,0.0
2026-07-31,gla_32265,Зіп-худі unisex “Tarot”,sale,1,3.59,0.0
2026-07-31,gla_28395,"Прапор ""ДСНС""",прапори,1,4.19,0.0
2026-07-31,gla_28558,"Футболка ""База""",sale,2,11.62,0.0
2026-07-31,gla_32109,Зіп-худі unisex “Azazel”,sale,1,3.81,0.0
2026-07-31,gla_32200,"Футболка unisex ""Вампір""",sale,1,3.95,0.0
2026-07-31,gla_32258,Зіп-худі unisex “Welcome to hell”,sale,1,8.31,0.0
2026-07-31,gla_32149,Футболка unisex “Azazel”,чоловічий одяг,1,14.48,0.0
2026-07-31,gla_32103,Зіп-худі unisex “Arch of the Underworld”,чоловічий одяг,1,45.96,0.0
2026-07-31,gla_28144,"Прапор ""Механік""",прапори,1,18.85,0.0
2026-07-31,gla_30717,"Прапор ""Битва за життя""",прапори,1,6.16,0.0
2026-07-31,gla_32245,Штани жіночі спортивні широкі,sale,1,2.09,0.0
2026-07-31,gla_33232,"Прапор ""Знайомство з пісюном""",прапори,1,38.12,0.0
2026-07-31,gla_33450,"Прапор ""Згідно з наказом""",прапори,8,94.23,0.0
2026-07-31,gla_28008,"Прапор ""Донецьк""",прапори,2,90.96,0.0
2026-07-31,gla_28259,"Прапор ""Водій""",прапори,2,9.18,0.0
2026-07-31,gla_28383,"Прапор ""Одного разу під Херсоном""",прапори,1,5.41,0.0
2026-07-31,gla_32256,Зіп-худі unisex “Welcome to hell”,sale,1,2.94,0.0
2026-07-31,gla_32133,Футболка unisex “Warrior”,sale,1,10.99,0.0
2026-07-31,gla_30309,"Прапор ""Армійська Авіація""",прапори,1,18.06,0.0
2026-07-31,gla_32108,Зіп-худі unisex “Azazel”,sale,1,12.59,0.0
2026-08-01,gla_30751,"Прапор ""Камікадзе""",прапори,1,34.29,1.0
2026-08-01,gla_32257,Зіп-худі unisex “Welcome to hell”,sale,2,18.83,0.0
2026-08-01,gla_32303,Футболка unisex “Azazel”,жіночий одяг,1,14.84,0.0
2026-08-01,gla_28057,"Прапор ""Медик""",прапори,1,2.42,0.0
2026-08-01,gla_28560,"Футболка ""База""",чоловічий одяг,2,22.09,0.0
2026-08-01,gla_32199,"Футболка unisex ""Вампір""",sale,2,18.76,0.0
2026-08-01,gla_32051,Штани чоловічі спортивні широкі,новинки,4,64.1,0.0
2026-08-01,gla_32210,Світшот чоловічий “Warrior”,новинки,1,19.35,0.0
2026-08-01,gla_28050,"Прапор ""Тінь перемоги""",прапори,1,9.39,0.0
2026-08-01,gla_30738,"Прапор ""Інженер""",прапори,2,2.93,0.0
2026-08-01,gla_33517,"Прапор ""Перехоплювач""",прапори,1,11.2,0.0
2026-08-01,gla_32078,Зіп-худі unisex “Welcome to hell”,sale,1,3.2,0.0
2026-08-01,gla_32134,Футболка unisex “Warrior”,чоловічий одяг,2,57.25,0.0
2026-08-01,gla_32179,Футболка unisex “Garden of Bones”,новинки,2,15.81,0.0
2026-08-01,gla_32201,"Футболка unisex ""Вампір""",sale,1,3.76,0.0
2026-08-01,gla_32052,Штани чоловічі спортивні широкі,новинки,4,63.34,0.0
2026-08-01,gla_32053,Штани чоловічі спортивні широкі,новинки,1,17.72,0.0
2026-08-01,gla_32246,Штани жіночі спортивні широкі,sale,1,11.64,0.0
2026-08-01,gla_27983,"Прапор ""П*зда п*дарам""",прапори,2,71.19,0.0
2026-08-01,gla_33199,"Прапор ""Мінометники""",прапори,1,2.48,0.0
2026-08-01,gla_32260,Зіп-худі unisex “Welcome to hell”,sale,1,7.61,0.0
2026-08-01,gla_32263,Зіп-худі unisex “Tarot”,sale,3,12.05,0.0
2026-08-01,gla_32195,"Футболка unisex ""Вампір""",чоловічий одяг,1,10.91,0.0
2026-08-01,gla_33184,"Прапор ""На нулі""",прапори,1,7.97,0.0
2026-08-01,gla_28083,"Прапор ""333""",sale,1,17.67,0.0
2026-08-01,gla_32054,Штани чоловічі спортивні широкі,новинки,4,42.15,0.0
2026-08-01,gla_32993,"Прапор ""Лелека""",прапори,1,0.03,0.0
2026-08-01,gla_32074,Зіп-худі unisex “Warrior”,sale,1,2.68,0.0
2026-08-01,gla_32074,Зіп-худі unisex “Warrior”,чоловічий одяг,1,10.4,0.0
2026-08-01,gla_32180,Футболка unisex “Garden of Bones”,новинки,1,8.87,0.0
2026-08-01,gla_33226,"Прапор ""Вампір""",прапори,2,13.71,0.0
2026-08-01,gla_30664,"Прапор ""Дорога на схід""",прапори,1,16.21,0.0
2026-08-01,gla_32274,Зіп-худі unisex “Garden of Bones”,sale,2,5.13,0.0
2026-08-01,gla_28209,"Прапор ""Тиша""",прапори,2,121.24,0.0
2026-08-01,gla_28187,"Прапор ""FPV пілот""",прапори,2,37.1,0.0
2026-08-01,gla_28381,"Прапор ""Одного разу під Запоріжжям""",прапори,2,48.83,0.0
2026-08-01,gla_28559,"Футболка ""База""",чоловічий одяг,2,11.72,0.0
2026-08-01,gla_33510,"Прапор ""На виїзд""",прапори,1,9.26,0.0
2026-08-01,gla_32264,Зіп-худі unisex “Tarot”,sale,1,0.88,0.0
2026-08-01,gla_28287,"Прапор ""Між пеклом і домом""",прапори,2,13.07,0.0
2026-08-01,gla_28285,"Прапор ""Незламні""",прапори,3,33.05,0.0
2026-08-01,gla_32774,"Футболка unisex ""Вампір""",жіночий одяг,1,14.19,0.0
2026-08-01,gla_32247,Штани жіночі спортивні широкі,жіночий одяг,1,6.08,0.0
2026-08-01,gla_30743,"Прапор ""Штурмовики""",прапори,1,3.02,0.0
2026-08-01,gla_32265,Зіп-худі unisex “Tarot”,sale,1,9.04,0.0
2026-08-01,gla_28375,"Прапор ""Одного разу під Харковом""",прапори,3,76.02,0.0
2026-08-01,gla_28395,"Прапор ""ДСНС""",sale,2,9.81,0.0
2026-08-01,gla_28558,"Футболка ""База""",чоловічий одяг,4,15.66,0.0
2026-08-01,gla_32109,Зіп-худі unisex “Azazel”,чоловічий одяг,1,4.43,0.0
2026-08-01,gla_32266,Зіп-худі unisex “Tarot”,sale,2,7.86,0.0
2026-08-01,gla_32200,"Футболка unisex ""Вампір""",sale,2,21.55,0.0
2026-08-01,gla_28144,"Прапор ""Механік""",прапори,2,15.24,0.0
2026-08-01,gla_32181,Футболка unisex “Garden of Bones”,новинки,1,3.63,0.0
2026-08-01,gla_33450,"Прапор ""Згідно з наказом""",прапори,2,33.75,0.0
2026-08-01,gla_28008,"Прапор ""Донецьк""",прапори,2,11.4,0.0
2026-08-01,gla_28259,"Прапор ""Водій""",прапори,2,9.04,0.0
2026-08-01,gla_30710,"Прапор ""Баба Яга""",прапори,2,8.54,0.0
2026-08-01,gla_32270,Зіп-худі unisex “Garden of Bones”,жіночий одяг,1,2.92,0.0
2026-08-01,gla_28383,"Прапор ""Одного разу під Херсоном""",прапори,1,24.7,0.0
2026-08-01,gla_32154,Футболка unisex “Welcome to hell”,новинки,1,6.36,0.0
2026-08-01,gla_32783,"Футболка unisex ""Вампір""",жіночий одяг,1,10.25,0.0
2026-08-01,gla_32251,Шорти жіночі спортивні укорочені,sale,2,3.43,0.0
2026-08-01,gla_32191,Футболка unisex “Arch of the Underworld”,sale,1,7.15,0.0
2026-08-01,gla_33182,"Прапор ""Гроза району""",прапори,1,10.7,0.0
2026-08-01,gla_32108,Зіп-худі unisex “Azazel”,чоловічий одяг,3,29.94,0.0
2026-08-02,gla_32308,Футболка unisex “Welcome to hell”,жіночий одяг,1,2.01,0.0
2026-08-02,gla_32257,Зіп-худі unisex “Welcome to hell”,sale,4,19.22,0.0
2026-08-02,gla_28057,"Прапор ""Медик""",прапори,1,4.63,0.0
2026-08-02,gla_28560,"Футболка ""База""",чоловічий одяг,4,6.45,0.0
2026-08-02,gla_32051,Штани чоловічі спортивні широкі,новинки,8,293.65,2.0
2026-08-02,gla_28207,"Прапор ""Мелодія смерті""",прапори,1,64.27,0.0
2026-08-02,gla_30321,"Прапор ""Інструктор""",прапори,2,7.24,0.0
2026-08-02,gla_28050,"Прапор ""Тінь перемоги""",sale,3,51.88,0.0
2026-08-02,gla_28225,"Прапор ""Привиди вогню""",прапори,1,11.0,0.960545
2026-08-02,gla_33517,"Прапор ""Перехоплювач""",прапори,1,4.62,0.0
2026-08-02,gla_32052,Штани чоловічі спортивні широкі,новинки,9,110.77,1.0
2026-08-02,gla_32053,Штани чоловічі спортивні широкі,новинки,2,7.79,0.0
2026-08-02,gla_27983,"Прапор ""П*зда п*дарам""",прапори,4,43.27,0.0
2026-08-02,gla_33199,"Прапор ""Мінометники""",прапори,1,4.7,1.0
2026-08-02,gla_32260,Зіп-худі unisex “Welcome to hell”,sale,3,29.09,0.0
2026-08-02,gla_32140,Футболка unisex “Azazel”,чоловічий одяг,1,4.27,0.0
2026-08-02,gla_28561,"Футболка ""База""",чоловічий одяг,3,23.67,0.0
2026-08-02,gla_33184,"Прапор ""На нулі""",прапори,2,17.45,0.0
2026-08-02,gla_32054,Штани чоловічі спортивні широкі,новинки,4,42.15,0.0
2026-08-02,gla_32093,Зіп-худі unisex “Garden of Bones”,sale,3,18.29,0.0
2026-08-02,gla_32993,"Прапор ""Лелека""",прапори,1,5.93,0.0
2026-08-02,gla_33235,"Прапор ""Той самий вайб""",прапори,1,14.9,0.0
2026-08-02,gla_32180,Футболка unisex “Garden of Bones”,новинки,1,1.39,0.0
2026-08-02,gla_33226,"Прапор ""Вампір""",прапори,1,3.04,0.0
2026-08-02,gla_32060,Штани чоловічі спортивні джогери,чоловічий одяг,1,25.75,0.0
2026-08-02,gla_32274,Зіп-худі unisex “Garden of Bones”,sale,2,4.15,0.0
2026-08-02,gla_28381,"Прапор ""Одного разу під Запоріжжям""",прапори,1,26.34,0.0
2026-08-02,gla_28559,"Футболка ""База""",чоловічий одяг,4,116.82,0.0
2026-08-02,gla_32264,Зіп-худі unisex “Tarot”,sale,1,13.69,0.0
2026-08-02,gla_32312,Футболка unisex “Welcome to hell”,sale,1,4.72,0.0
2026-08-02,gla_33442,"Прапор ""Шеф""",прапори,2,15.31,0.0
2026-08-02,gla_28285,"Прапор ""Незламні""",прапори,2,10.0,0.0
2026-08-02,gla_32082,Зіп-худі unisex “Welcome to hell”,sale,1,5.06,0.0
2026-08-02,gla_28375,"Прапор ""Одного разу під Харковом""",прапори,1,53.66,0.0
2026-08-02,gla_32128,Футболка unisex “Warrior”,новинки,1,13.71,0.0
2026-08-02,gla_28558,"Футболка ""База""",чоловічий одяг,3,13.68,0.0
2026-08-02,gla_32135,Футболка unisex “Warrior”,чоловічий одяг,1,5.25,0.0
2026-08-02,gla_32259,Зіп-худі unisex “Welcome to hell”,sale,2,13.07,0.0
2026-08-02,gla_28144,"Прапор ""Механік""",прапори,1,7.17,0.0
2026-08-02,gla_32307,Футболка unisex “Welcome to hell”,жіночий одяг,1,2.57,0.0
2026-08-02,gla_30717,"Прапор ""Битва за життя""",прапори,1,3.24,0.0
2026-08-02,gla_32245,Штани жіночі спортивні широкі,жіночий одяг,2,14.75,0.0
2026-08-02,gla_32181,Футболка unisex “Garden of Bones”,новинки,1,6.77,0.0
2026-08-02,gla_33450,"Прапор ""Згідно з наказом""",прапори,1,6.27,0.0
2026-08-02,gla_28259,"Прапор ""Водій""",прапори,1,2.24,0.0
2026-08-02,gla_30710,"Прапор ""Баба Яга""",прапори,1,14.89,0.0
2026-08-02,gla_32251,Шорти жіночі спортивні укорочені,sale,1,6.48,0.0
2026-08-02,gla_32133,Футболка unisex “Warrior”,чоловічий одяг,2,51.56,0.0
2026-08-02,gla_29160,"Лонгслів ""Міномет""",чоловічий одяг,1,5.88,0.0
2026-08-03,gla_30751,"Прапор ""Камікадзе""",прапори,1,41.55,0.0
2026-08-03,gla_32272,Зіп-худі unisex “Garden of Bones”,sale,1,20.36,0.0
2026-08-03,gla_32257,Зіп-худі unisex “Welcome to hell”,sale,2,12.15,0.0
2026-08-03,gla_32291,Футболка unisex “Azazel”,sale,1,10.09,0.0
2026-08-03,gla_28057,"Прапор ""Медик""",прапори,2,16.65,0.0
2026-08-03,gla_28560,"Футболка ""База""",чоловічий одяг,2,15.28,0.0
2026-08-03,gla_32199,"Футболка unisex ""Вампір""",sale,2,30.0,0.0
2026-08-03,gla_32051,Штани чоловічі спортивні широкі,новинки,6,96.53,0.0
2026-08-03,gla_28002,"Прапор ""Дрони ведуть""",прапори,1,7.27,1.295102
2026-08-03,gla_32267,Зіп-худі unisex “Tarot”,sale,1,2.34,0.0
2026-08-03,gla_33517,"Прапор ""Перехоплювач""",прапори,1,2.72,0.0
2026-08-03,gla_32201,"Футболка unisex ""Вампір""",sale,2,83.69,0.0
2026-08-03,gla_33468,"Прапор ""Залізні побратими""",прапори,1,3.0,0.0
2026-08-03,gla_32052,Штани чоловічі спортивні широкі,новинки,5,40.99,0.0
2026-08-03,gla_32309,Футболка unisex “Welcome to hell”,жіночий одяг,1,8.76,0.0
2026-08-03,gla_27983,"Прапор ""П*зда п*дарам""",прапори,3,91.22,0.0
2026-08-03,gla_32260,Зіп-худі unisex “Welcome to hell”,sale,1,10.41,0.0
2026-08-03,gla_32263,Зіп-худі unisex “Tarot”,sale,2,30.25,0.0
2026-08-03,gla_28561,"Футболка ""База""",чоловічий одяг,1,11.28,0.0
2026-08-03,gla_30336,"Прапор ""Володар вогню""",прапори,1,19.71,0.0
2026-08-03,gla_33226,"Прапор ""Вампір""",прапори,3,54.66,0.0
2026-08-03,gla_28209,"Прапор ""Тиша""",прапори,2,40.92,0.0
2026-08-03,gla_32252,Шорти жіночі спортивні укорочені,sale,1,13.92,0.0
2026-08-03,gla_33196,"Прапор ""Привіт від Богдани""",прапори,1,34.39,0.0
2026-08-03,gla_28381,"Прапор ""Одного разу під Запоріжжям""",прапори,2,28.36,0.0
2026-08-03,gla_28371,"Прапор ""Одного разу під Сумами""",прапори,1,15.91,0.0
2026-08-03,gla_28559,"Футболка ""База""",чоловічий одяг,1,12.19,0.0
2026-08-03,gla_33510,"Прапор ""На виїзд""",прапори,2,90.23,0.0
2026-08-03,gla_32106,Зіп-худі unisex “Azazel”,чоловічий одяг,1,8.76,0.0
2026-08-03,gla_28285,"Прапор ""Незламні""",прапори,1,15.78,0.0
2026-08-03,gla_30724,"Прапор ""Подих снайпера""",прапори,1,1.34,0.0
2026-08-03,gla_32774,"Футболка unisex ""Вампір""",жіночий одяг,1,6.94,0.0
2026-08-03,gla_30743,"Прапор ""Штурмовики""",прапори,2,31.24,0.0
2026-08-03,gla_28375,"Прапор ""Одного разу під Харковом""",прапори,1,21.33,0.0
2026-08-03,gla_28395,"Прапор ""ДСНС""",sale,2,17.24,0.0
2026-08-03,gla_32128,Футболка unisex “Warrior”,новинки,1,21.35,0.0
2026-08-03,gla_28558,"Футболка ""База""",чоловічий одяг,3,14.68,0.0
2026-08-03,gla_32135,Футболка unisex “Warrior”,чоловічий одяг,1,27.16,0.0
2026-08-03,gla_32149,Футболка unisex “Azazel”,новинки,1,14.05,0.0
2026-08-03,gla_32259,Зіп-худі unisex “Welcome to hell”,sale,1,6.96,0.0
2026-08-03,gla_32181,Футболка unisex “Garden of Bones”,новинки,1,8.32,0.0
2026-08-03,gla_33450,"Прапор ""Згідно з наказом""",прапори,3,42.29,0.0
2026-08-03,gla_28008,"Прапор ""Донецьк""",прапори,3,47.0,0.0
2026-08-03,gla_30710,"Прапор ""Баба Яга""",прапори,2,51.25,0.0
2026-08-03,gla_32337,Футболка unisex “Arch of the Underworld”,жіночий одяг,1,16.14,0.0
2026-08-03,gla_32256,Зіп-худі unisex “Welcome to hell”,sale,1,0.62,0.0
2026-08-03,gla_32250,Шорти жіночі спортивні укорочені,sale,1,16.69,0.0
2026-08-03,gla_32133,Футболка unisex “Warrior”,чоловічий одяг,1,11.72,0.0
2026-08-03,gla_33182,"Прапор ""Гроза району""",прапори,3,61.04,0.0
2026-08-04,gla_32073,Зіп-худі unisex “Warrior”,чоловічий одяг,2,38.04,0.0
2026-08-04,gla_32257,Зіп-худі unisex “Welcome to hell”,sale,3,24.98,0.0
2026-08-04,gla_28057,"Прапор ""Медик""",прапори,3,15.86,0.0
2026-08-04,gla_28168,"Прапор ""Серебрянський ліс""",прапори,2,118.26,0.0
2026-08-04,gla_28560,"Футболка ""База""",чоловічий одяг,2,24.82,0.0
2026-08-04,gla_32199,"Футболка unisex ""Вампір""",sale,2,21.81,0.0
2026-08-04,gla_32051,Штани чоловічі спортивні широкі,новинки,6,65.73,0.0
2026-08-04,gla_28002,"Прапор ""Дрони ведуть""",прапори,3,48.31,0.0
2026-08-04,gla_32062,Штани чоловічі спортивні джогери,чоловічий одяг,1,20.4,0.0
2026-08-04,gla_28050,"Прапор ""Тінь перемоги""",sale,1,3.86,0.0
2026-08-04,gla_28283,"Прапор ""Хижак""",прапори,1,17.35,0.0
2026-08-04,gla_32273,Зіп-худі unisex “Garden of Bones”,sale,1,6.81,0.0
2026-08-04,gla_32179,Футболка unisex “Garden of Bones”,новинки,1,11.8,0.0
2026-08-04,gla_32201,"Футболка unisex ""Вампір""",sale,1,3.86,0.0
2026-08-04,gla_32052,Штани чоловічі спортивні широкі,новинки,4,22.68,0.0
2026-08-04,gla_32053,Штани чоловічі спортивні широкі,новинки,2,6.41,0.0
2026-08-04,gla_28117,"Прапор ""Спеціальна операція""",прапори,1,25.74,0.0
2026-08-04,gla_32309,Футболка unisex “Welcome to hell”,жіночий одяг,1,10.21,0.0
2026-08-04,gla_27983,"Прапор ""П*зда п*дарам""",прапори,3,133.21,0.0
2026-08-04,gla_32260,Зіп-худі unisex “Welcome to hell”,sale,4,22.32,0.0
2026-08-04,gla_32263,Зіп-худі unisex “Tarot”,sale,2,11.74,0.0
2026-08-04,gla_32195,"Футболка unisex ""Вампір""",чоловічий одяг,1,6.98,0.0
2026-08-04,gla_28561,"Футболка ""База""",чоловічий одяг,1,4.51,0.0
2026-08-04,gla_33184,"Прапор ""На нулі""",прапори,1,4.55,0.0
2026-08-04,gla_32130,Футболка unisex “Warrior”,новинки,1,35.7,0.0
2026-08-04,gla_32054,Штани чоловічі спортивні широкі,новинки,3,14.65,0.0
2026-08-04,gla_32194,"Футболка unisex ""Вампір""",чоловічий одяг,2,21.12,0.0
2026-08-04,gla_33235,"Прапор ""Той самий вайб""",прапори,1,5.36,0.0
2026-08-04,gla_32196,"Футболка unisex ""Вампір""",чоловічий одяг,2,32.09,0.0
2026-08-04,gla_33226,"Прапор ""Вампір""",прапори,1,1.0,0.0
2026-08-04,gla_32060,Штани чоловічі спортивні джогери,чоловічий одяг,1,9.14,1.0
2026-08-04,gla_30664,"Прапор ""Дорога на схід""",прапори,1,14.39,0.0
2026-08-04,gla_32274,Зіп-худі unisex “Garden of Bones”,sale,1,2.44,0.0
2026-08-04,gla_28187,"Прапор ""FPV пілот""",прапори,2,10.15,0.0
2026-08-04,gla_32244,Штани жіночі спортивні широкі,жіночий одяг,3,24.56,1.0
2026-08-04,gla_32079,Зіп-худі unisex “Welcome to hell”,sale,1,4.66,0.0
2026-08-04,gla_28559,"Футболка ""База""",чоловічий одяг,5,47.3,0.0
2026-08-04,gla_28287,"Прапор ""Між пеклом і домом""",прапори,1,26.87,0.0
2026-08-04,gla_28285,"Прапор ""Незламні""",прапори,3,66.84,0.0
2026-08-04,gla_30743,"Прапор ""Штурмовики""",прапори,1,36.95,0.0
2026-08-04,gla_28375,"Прапор ""Одного разу під Харковом""",прапори,1,11.7,0.0
2026-08-04,gla_28395,"Прапор ""ДСНС""",sale,1,31.72,0.0
2026-08-04,gla_32128,Футболка unisex “Warrior”,новинки,1,5.17,0.0
2026-08-04,gla_28558,"Футболка ""База""",чоловічий одяг,2,12.47,0.0
2026-08-04,gla_32266,Зіп-худі unisex “Tarot”,sale,2,11.35,0.0
2026-08-04,gla_32135,Футболка unisex “Warrior”,чоловічий одяг,1,13.62,0.0
2026-08-04,gla_32200,"Футболка unisex ""Вампір""",sale,4,27.73,0.0
2026-08-04,gla_32258,Зіп-худі unisex “Welcome to hell”,sale,2,18.77,0.0
2026-08-04,gla_32149,Футболка unisex “Azazel”,новинки,1,11.05,0.0
2026-08-04,gla_29876,Комплект кріплення для прапора,аксесуари,1,2.69,0.0
2026-08-04,gla_33193,"Прапор ""Кулеметник""",прапори,1,28.61,0.0
2026-08-04,gla_33232,"Прапор ""Знайомство з пісюном""",прапори,1,13.38,0.0
2026-08-04,gla_33450,"Прапор ""Згідно з наказом""",прапори,3,38.23,0.0
2026-08-04,gla_28008,"Прапор ""Донецьк""",прапори,2,2.92,0.0
2026-08-04,gla_28259,"Прапор ""Водій""",прапори,3,18.67,0.0
2026-08-04,gla_30710,"Прапор ""Баба Яга""",прапори,1,18.32,0.0
2026-08-04,gla_33205,"Прапор ""Стабік""",прапори,2,10.22,0.0
2026-08-04,gla_28383,"Прапор ""Одного разу під Херсоном""",прапори,1,4.41,0.0
2026-08-04,gla_32278,Зіп-худі unisex “Arch of the Underworld”,жіночий одяг,1,1.28,0.0
2026-08-04,gla_33182,"Прапор ""Гроза району""",прапори,2,21.53,0.0
2026-08-05,gla_30751,"Прапор ""Камікадзе""",прапори,3,108.96,0.0
2026-08-05,gla_32257,Зіп-худі unisex “Welcome to hell”,sale,8,62.29,0.0
2026-08-05,gla_28168,"Прапор ""Серебрянський ліс""",прапори,1,42.86,0.0
2026-08-05,gla_28560,"Футболка ""База""",чоловічий одяг,3,34.38,0.0
2026-08-05,gla_32199,"Футболка unisex ""Вампір""",sale,1,8.04,0.0
2026-08-05,gla_32051,Штани чоловічі спортивні широкі,новинки,6,53.4,0.0
2026-08-05,gla_32107,Зіп-худі unisex “Azazel”,чоловічий одяг,1,4.48,0.0
2026-08-05,gla_28050,"Прапор ""Тінь перемоги""",sale,3,40.13,0.0
2026-08-05,gla_28225,"Прапор ""Привиди вогню""",прапори,1,44.41,0.0
2026-08-05,gla_30738,"Прапор ""Інженер""",прапори,1,17.07,0.0
2026-08-05,gla_28397,"Прапор ""Історія""",sale,1,46.7,0.0
2026-08-05,gla_32201,"Футболка unisex ""Вампір""",sale,2,7.94,0.0
2026-08-05,gla_32052,Штани чоловічі спортивні широкі,новинки,5,52.36,0.0
2026-08-05,gla_32053,Штани чоловічі спортивні широкі,новинки,2,16.85,0.0
2026-08-05,gla_27983,"Прапор ""П*зда п*дарам""",прапори,3,59.6,0.0
2026-08-05,gla_33199,"Прапор ""Мінометники""",прапори,3,83.83,0.0
2026-08-05,gla_32260,Зіп-худі unisex “Welcome to hell”,sale,3,14.56,0.0
2026-08-05,gla_28561,"Футболка ""База""",чоловічий одяг,1,3.72,0.0
2026-08-05,gla_33184,"Прапор ""На нулі""",прапори,1,43.5,0.0
2026-08-05,gla_32088,Зіп-худі unisex “Tarot”,чоловічий одяг,1,4.77,0.0
2026-08-05,gla_32054,Штани чоловічі спортивні широкі,новинки,1,9.98,0.0
2026-08-05,gla_32194,"Футболка unisex ""Вампір""",чоловічий одяг,1,79.57,0.0
2026-08-05,gla_32093,Зіп-худі unisex “Garden of Bones”,sale,1,3.93,0.0
2026-08-05,gla_32993,"Прапор ""Лелека""",прапори,1,0.01,0.0
2026-08-05,gla_32196,"Футболка unisex ""Вампір""",чоловічий одяг,1,17.81,0.0
2026-08-05,gla_33226,"Прапор ""Вампір""",прапори,3,103.53,0.53171
2026-08-05,gla_28187,"Прапор ""FPV пілот""",прапори,3,57.67,0.0
2026-08-05,gla_33196,"Прапор ""Привіт від Богдани""",прапори,1,3.72,0.0
2026-08-05,gla_28381,"Прапор ""Одного разу під Запоріжжям""",прапори,1,11.34,0.0
2026-08-05,gla_32244,Штани жіночі спортивні широкі,жіночий одяг,1,5.18,0.0
2026-08-05,gla_33568,"Прапор ""Грім і сталь""",прапори,1,37.1,0.0
2026-08-05,gla_32322,Футболка unisex “Tarot”,sale,1,9.15,0.0
2026-08-05,gla_28371,"Прапор ""Одного разу під Сумами""",прапори,1,10.32,0.0
2026-08-05,gla_33510,"Прапор ""На виїзд""",прапори,2,17.79,0.0
2026-08-05,gla_32106,Зіп-худі unisex “Azazel”,чоловічий одяг,1,13.41,0.0
2026-08-05,gla_32312,Футболка unisex “Welcome to hell”,sale,1,10.46,0.0
2026-08-05,gla_33442,"Прапор ""Шеф""",прапори,1,0.68,0.0
2026-08-05,gla_28285,"Прапор ""Незламні""",прапори,1,4.24,0.0
2026-08-05,gla_32323,Футболка unisex “Tarot”,sale,1,3.67,0.0
2026-08-05,gla_32265,Зіп-худі unisex “Tarot”,sale,1,1.64,0.0
2026-08-05,gla_28375,"Прапор ""Одного разу під Харковом""",прапори,1,13.08,0.0
2026-08-05,gla_28395,"Прапор ""ДСНС""",sale,2,9.43,0.0
2026-08-05,gla_28558,"Футболка ""База""",чоловічий одяг,3,13.35,0.0
2026-08-05,gla_32266,Зіп-худі unisex “Tarot”,sale,2,21.4,0.0
2026-08-05,gla_33543,"Прапор ""Гострозорий птах""",прапори,1,67.63,0.0
2026-08-05,gla_28014,"Прапор ""Донбас""",прапори,1,6.9,0.0
2026-08-05,gla_32200,"Футболка unisex ""Вампір""",sale,3,176.28,0.0
2026-08-05,gla_32259,Зіп-худі unisex “Welcome to hell”,sale,3,20.41,0.0
2026-08-05,gla_28144,"Прапор ""Механік""",прапори,1,14.61,0.0
2026-08-05,gla_30717,"Прапор ""Битва за життя""",прапори,1,55.06,0.0
2026-08-05,gla_32245,Штани жіночі спортивні широкі,жіночий одяг,1,3.55,0.0
2026-08-05,gla_32181,Футболка unisex “Garden of Bones”,новинки,2,33.08,0.0
2026-08-05,gla_33450,"Прапор ""Згідно з наказом""",прапори,8,70.97,0.0
2026-08-05,gla_30710,"Прапор ""Баба Яга""",прапори,1,16.6,0.0
2026-08-05,gla_28393,"Прапор ""Сапер""",прапори,1,4.45,0.0
2026-08-05,gla_32270,Зіп-худі unisex “Garden of Bones”,sale,1,7.73,0.0
2026-08-05,gla_28383,"Прапор ""Одного разу під Херсоном""",прапори,4,87.76,0.0
2026-08-05,gla_32256,Зіп-худі unisex “Welcome to hell”,sale,1,4.0,0.0
2026-08-05,gla_32783,"Футболка unisex ""Вампір""",жіночий одяг,1,3.52,0.0
2026-08-05,gla_32251,Шорти жіночі спортивні укорочені,sale,2,26.56,0.0
2026-08-05,gla_27995,"Прапор ""Воїн в полі""",прапори,2,16.56,0.0
2026-08-05,gla_32133,Футболка unisex “Warrior”,чоловічий одяг,1,16.51,0.0
2026-08-05,gla_33182,"Прапор ""Гроза району""",прапори,1,7.71,0.0
2026-08-05,gla_32108,Зіп-худі unisex “Azazel”,чоловічий одяг,1,4.16,0.01373
2026-08-06,gla_30751,"Прапор ""Камікадзе""",прапори,1,12.93,0.0
2026-08-06,gla_32257,Зіп-худі unisex “Welcome to hell”,sale,3,38.24,0.0
2026-08-06,gla_32291,Футболка unisex “Azazel”,sale,1,6.69,0.0
2026-08-06,gla_28057,"Прапор ""Медик""",прапори,1,4.63,0.0
2026-08-06,gla_28168,"Прапор ""Серебрянський ліс""",прапори,1,31.73,0.0
2026-08-06,gla_32199,"Футболка unisex ""Вампір""",sale,2,18.6,0.0
2026-08-06,gla_32051,Штани чоловічі спортивні широкі,новинки,2,15.39,1.0
2026-08-06,gla_28002,"Прапор ""Дрони ведуть""",прапори,1,24.31,0.0
2026-08-06,gla_32267,Зіп-худі unisex “Tarot”,sale,1,3.46,0.0
2026-08-06,gla_28387,"Прапор ""Тобі п*зда""",sale,1,14.8,0.0
2026-08-06,gla_28050,"Прапор ""Тінь перемоги""",sale,5,57.49,0.0
2026-08-06,gla_30738,"Прапор ""Інженер""",прапори,1,9.41,0.0
2026-08-06,gla_33517,"Прапор ""Перехоплювач""",прапори,1,5.05,0.0
2026-08-06,gla_32324,Футболка unisex “Tarot”,sale,1,12.17,0.799864
2026-08-06,gla_32273,Зіп-худі unisex “Garden of Bones”,sale,2,35.83,0.0
2026-08-06,gla_32052,Штани чоловічі спортивні широкі,новинки,3,28.92,0.0
2026-08-06,gla_28136,"Прапор ""Ловці Темряви""",прапори,2,3.5,0.0
2026-08-06,gla_32189,Футболка unisex “Arch of the Underworld”,новинки,1,5.98,0.0
2026-08-06,gla_32246,Штани жіночі спортивні широкі,жіночий одяг,1,6.17,0.0
2026-08-06,gla_27983,"Прапор ""П*зда п*дарам""",прапори,3,41.03,0.0
2026-08-06,gla_32260,Зіп-худі unisex “Welcome to hell”,sale,2,6.13,0.0
2026-08-06,gla_32263,Зіп-худі unisex “Tarot”,sale,2,5.99,0.0
2026-08-06,gla_32110,Зіп-худі unisex “Azazel”,чоловічий одяг,1,11.89,0.0
2026-08-06,gla_32130,Футболка unisex “Warrior”,новинки,1,9.23,0.0
2026-08-06,gla_32175,Футболка unisex “Garden of Bones”,новинки,2,12.07,0.0
2026-08-06,gla_32194,"Футболка unisex ""Вампір""",чоловічий одяг,1,7.83,0.0
2026-08-06,gla_32093,Зіп-худі unisex “Garden of Bones”,sale,1,3.28,0.0
2026-08-06,gla_32993,"Прапор ""Лелека""",прапори,1,10.81,0.0
2026-08-06,gla_32074,Зіп-худі unisex “Warrior”,чоловічий одяг,1,3.79,0.0
2026-08-06,gla_33235,"Прапор ""Той самий вайб""",прапори,1,10.72,0.0
2026-08-06,gla_33226,"Прапор ""Вампір""",прапори,2,4.29,0.0
2026-08-06,gla_32060,Штани чоловічі спортивні джогери,чоловічий одяг,1,7.69,0.0
2026-08-06,gla_32274,Зіп-худі unisex “Garden of Bones”,sale,1,4.45,0.0
2026-08-06,gla_32252,Шорти жіночі спортивні укорочені,sale,1,16.32,0.0
2026-08-06,gla_28381,"Прапор ""Одного разу під Запоріжжям""",прапори,1,8.52,0.0
2026-08-06,gla_28559,"Футболка ""База""",чоловічий одяг,1,1.7,0.0
2026-08-06,gla_32106,Зіп-худі unisex “Azazel”,чоловічий одяг,1,2.43,0.0
2026-08-06,gla_30743,"Прапор ""Штурмовики""",прапори,1,9.32,0.0
2026-08-06,gla_32265,Зіп-худі unisex “Tarot”,sale,1,1.09,0.0
2026-08-06,gla_28558,"Футболка ""База""",чоловічий одяг,1,1.95,0.0
2026-08-06,gla_28014,"Прапор ""Донбас""",прапори,1,36.43,2.0
2026-08-06,gla_32200,"Футболка unisex ""Вампір""",sale,3,35.23,0.0
2026-08-06,gla_32328,Футболка unisex “Garden of Bones”,жіночий одяг,1,6.36,0.0
2026-08-06,gla_29876,Комплект кріплення для прапора,аксесуари,3,3.81,0.0
2026-08-06,gla_32259,Зіп-худі unisex “Welcome to hell”,sale,1,3.14,0.0
2026-08-06,gla_33232,"Прапор ""Знайомство з пісюном""",прапори,1,11.52,2.46829
2026-08-06,gla_33450,"Прапор ""Згідно з наказом""",прапори,3,6.32,0.0
2026-08-06,gla_28008,"Прапор ""Донецьк""",прапори,3,71.71,0.0
2026-08-06,gla_28259,"Прапор ""Водій""",прапори,1,55.71,0.0
2026-08-06,gla_30710,"Прапор ""Баба Яга""",прапори,2,6.86,0.0
2026-08-06,gla_32270,Зіп-худі unisex “Garden of Bones”,sale,2,8.78,0.0
2026-08-06,gla_32256,Зіп-худі unisex “Welcome to hell”,sale,2,10.01,0.0
2026-08-06,gla_30309,"Прапор ""Армійська Авіація""",прапори,2,20.69,0.0
2026-08-06,gla_29160,"Лонгслів ""Міномет""",чоловічий одяг,1,12.3,0.0
2026-08-07,gla_32257,Зіп-худі unisex “Welcome to hell”,sale,8,59.74,0.0
2026-08-07,gla_28560,"Футболка ""База""",чоловічий одяг,2,7.33,0.0
2026-08-07,gla_32199,"Футболка unisex ""Вампір""",sale,3,39.12,0.0
2026-08-07,gla_28002,"Прапор ""Дрони ведуть""",прапори,1,13.87,0.0
2026-08-07,gla_30321,"Прапор ""Інструктор""",прапори,1,2.18,0.0
2026-08-07,gla_28050,"Прапор ""Тінь перемоги""",sale,2,12.16,0.0
2026-08-07,gla_28225,"Прапор ""Привиди вогню""",прапори,1,19.97,0.0
2026-08-07,gla_33517,"Прапор ""Перехоплювач""",прапори,3,17.75,0.0
2026-08-07,gla_32324,Футболка unisex “Tarot”,sale,1,8.44,0.0
2026-08-07,gla_32273,Зіп-худі unisex “Garden of Bones”,sale,1,22.58,0.0
2026-08-07,gla_28397,"Прапор ""Історія""",sale,4,71.51,0.2
2026-08-07,gla_28253,"Прапор ""Звʼязок""",прапори,1,13.78,0.0
2026-08-07,gla_32052,Штани чоловічі спортивні широкі,новинки,2,14.64,0.0
2026-08-07,gla_32053,Штани чоловічі спортивні широкі,новинки,1,13.72,0.0
2026-08-07,gla_28136,"Прапор ""Ловці Темряви""",прапори,1,11.32,0.0
2026-08-07,gla_28117,"Прапор ""Спеціальна операція""",прапори,1,9.58,0.0
2026-08-07,gla_32309,Футболка unisex “Welcome to hell”,жіночий одяг,1,6.14,0.0
2026-08-07,gla_28266,"Прапор ""Чисте Небо""",sale,1,10.34,0.0
2026-08-07,gla_27983,"Прапор ""П*зда п*дарам""",прапори,4,65.14,0.0
2026-08-07,gla_32260,Зіп-худі unisex “Welcome to hell”,sale,7,40.98,0.0
2026-08-07,gla_32072,Зіп-худі unisex “Warrior”,чоловічий одяг,1,3.83,0.0
2026-08-07,gla_28561,"Футболка ""База""",чоловічий одяг,1,2.12,0.0
2026-08-07,gla_33184,"Прапор ""На нулі""",прапори,1,31.96,0.0
2026-08-07,gla_33211,"Прапор ""А шо там в баби на городі?""",прапори,1,11.64,0.2
2026-08-07,gla_32054,Штани чоловічі спортивні широкі,новинки,2,5.32,0.0
2026-08-07,gla_32093,Зіп-худі unisex “Garden of Bones”,sale,1,14.35,0.0
2026-08-07,gla_32993,"Прапор ""Лелека""",прапори,1,6.03,0.0
2026-08-07,gla_32196,"Футболка unisex ""Вампір""",чоловічий одяг,1,16.04,0.954008
2026-08-07,gla_33226,"Прапор ""Вампір""",прапори,2,7.33,0.0
2026-08-07,gla_28209,"Прапор ""Тиша""",прапори,1,9.92,0.0
2026-08-07,gla_28187,"Прапор ""FPV пілот""",прапори,2,11.51,0.0
2026-08-07,gla_28381,"Прапор ""Одного разу під Запоріжжям""",прапори,4,52.78,0.0
2026-08-07,gla_32244,Штани жіночі спортивні широкі,жіночий одяг,1,9.17,0.0
2026-08-07,gla_32287,Зіп-худі unisex “Azazel”,жіночий одяг,1,6.53,0.0
2026-08-07,gla_28559,"Футболка ""База""",чоловічий одяг,5,47.03,0.0
2026-08-07,gla_33510,"Прапор ""На виїзд""",прапори,1,25.24,0.0
2026-08-07,gla_33442,"Прапор ""Шеф""",прапори,2,14.85,0.0
2026-08-07,gla_32288,Зіп-худі unisex “Azazel”,жіночий одяг,1,14.83,0.0
2026-08-07,gla_28285,"Прапор ""Незламні""",прапори,2,9.45,0.0
2026-08-07,gla_32247,Штани жіночі спортивні широкі,жіночий одяг,1,8.24,0.0
2026-08-07,gla_30743,"Прапор ""Штурмовики""",прапори,1,26.68,0.0
2026-08-07,gla_28375,"Прапор ""Одного разу під Харковом""",прапори,1,17.44,0.0
2026-08-07,gla_28395,"Прапор ""ДСНС""",sale,4,47.27,0.0
2026-08-07,gla_28558,"Футболка ""База""",чоловічий одяг,3,35.67,0.0
2026-08-07,gla_32135,Футболка unisex “Warrior”,чоловічий одяг,2,16.73,0.0
2026-08-07,gla_32258,Зіп-худі unisex “Welcome to hell”,sale,1,1.48,0.0
2026-08-07,gla_29876,Комплект кріплення для прапора,аксесуари,1,0.16,0.0
2026-08-07,gla_32061,Штани чоловічі спортивні джогери,чоловічий одяг,1,9.77,0.0
2026-08-07,gla_32259,Зіп-худі unisex “Welcome to hell”,sale,1,4.37,0.0
2026-08-07,gla_33232,"Прапор ""Знайомство з пісюном""",прапори,2,38.93,0.2
2026-08-07,gla_33450,"Прапор ""Згідно з наказом""",прапори,1,45.3,0.0
2026-08-07,gla_28008,"Прапор ""Донецьк""",прапори,2,61.89,0.0
2026-08-07,gla_28259,"Прапор ""Водій""",прапори,1,3.18,0.0
2026-08-07,gla_30710,"Прапор ""Баба Яга""",прапори,1,0.17,0.0
2026-08-07,gla_33205,"Прапор ""Стабік""",прапори,2,21.27,0.2
2026-08-07,gla_28383,"Прапор ""Одного разу під Херсоном""",прапори,3,1.48,0.0
2026-08-07,gla_33241,"Прапор ""Маршрутка""",прапори,1,10.41,0.0
2026-08-07,gla_32256,Зіп-худі unisex “Welcome to hell”,sale,2,7.7,0.0
2026-08-07,gla_32133,Футболка unisex “Warrior”,чоловічий одяг,2,31.72,0.0
2026-08-07,gla_33223,"Прапор ""Спіймані чмоні""",sale,1,16.64,0.2
2026-08-07,gla_33182,"Прапор ""Гроза району""",прапори,1,5.6,0.0
2026-08-07,gla_29160,"Лонгслів ""Міномет""",чоловічий одяг,1,46.97,0.0
2026-08-07,gla_32108,Зіп-худі unisex “Azazel”,чоловічий одяг,1,1.17,0.0
2026-08-08,gla_32257,Зіп-худі unisex “Welcome to hell”,sale,13,132.75,1.0
2026-08-08,gla_28057,"Прапор ""Медик""",прапори,1,10.56,0.0
2026-08-08,gla_28560,"Футболка ""База""",чоловічий одяг,5,33.36,0.0
2026-08-08,gla_32199,"Футболка unisex ""Вампір""",sale,5,82.16,0.0
2026-08-08,gla_32051,Штани чоловічі спортивні широкі,новинки,4,23.11,0.0
2026-08-08,gla_28002,"Прапор ""Дрони ведуть""",прапори,2,36.58,0.0
2026-08-08,gla_32267,Зіп-худі unisex “Tarot”,sale,1,42.22,0.0
2026-08-08,gla_30345,"Прапор ""План помсти""",sale,1,15.98,0.0
2026-08-08,gla_32210,Світшот чоловічий “Warrior”,новинки,1,7.95,0.0
2026-08-08,gla_29161,"Лонгслів ""Міномет""",чоловічий одяг,1,5.72,0.0
2026-08-08,gla_28050,"Прапор ""Тінь перемоги""",sale,4,38.14,0.0
2026-08-08,gla_30738,"Прапор ""Інженер""",прапори,1,0.57,0.0
2026-08-08,gla_32078,Зіп-худі unisex “Welcome to hell”,sale,3,16.74,0.0
2026-08-08,gla_32324,Футболка unisex “Tarot”,sale,3,46.06,0.0
2026-08-08,gla_32273,Зіп-худі unisex “Garden of Bones”,sale,2,8.45,0.0
2026-08-08,gla_32052,Штани чоловічі спортивні широкі,новинки,7,64.16,0.0
2026-08-08,gla_28136,"Прапор ""Ловці Темряви""",прапори,2,24.02,0.0
2026-08-08,gla_27990,"Прапор ""За столом смерті""",прапори,2,7.13,0.0
2026-08-08,gla_27983,"Прапор ""П*зда п*дарам""",прапори,3,29.48,0.0
2026-08-08,gla_32260,Зіп-худі unisex “Welcome to hell”,sale,8,38.49,0.0
2026-08-08,gla_32081,Зіп-худі unisex “Welcome to hell”,sale,1,5.47,0.0
2026-08-08,gla_32263,Зіп-худі unisex “Tarot”,sale,3,25.55,0.0
2026-08-08,gla_32195,"Футболка unisex ""Вампір""",чоловічий одяг,2,26.18,0.0
2026-08-08,gla_32175,Футболка unisex “Garden of Bones”,новинки,1,4.6,0.0
2026-08-08,gla_32054,Штани чоловічі спортивні широкі,новинки,3,94.62,0.0
2026-08-08,gla_32093,Зіп-худі unisex “Garden of Bones”,sale,1,19.94,0.0
2026-08-08,gla_32993,"Прапор ""Лелека""",прапори,1,9.6,0.0
2026-08-08,gla_33226,"Прапор ""Вампір""",прапори,5,39.02,0.0
2026-08-08,gla_28209,"Прапор ""Тиша""",прапори,1,0.88,0.0
2026-08-08,gla_28187,"Прапор ""FPV пілот""",прапори,2,17.7,0.0
2026-08-08,gla_32079,Зіп-худі unisex “Welcome to hell”,sale,1,21.09,0.0
2026-08-08,gla_28559,"Футболка ""База""",чоловічий одяг,1,4.14,0.0
2026-08-08,gla_32106,Зіп-худі unisex “Azazel”,чоловічий одяг,2,25.0,0.0
2026-08-08,gla_32774,"Футболка unisex ""Вампір""",жіночий одяг,1,50.92,0.0
2026-08-08,gla_32323,Футболка unisex “Tarot”,sale,1,0.77,0.0
2026-08-08,gla_32247,Штани жіночі спортивні широкі,жіночий одяг,2,24.68,0.0
2026-08-08,gla_32271,Зіп-худі unisex “Garden of Bones”,sale,1,2.71,0.0
2026-08-08,gla_32265,Зіп-худі unisex “Tarot”,sale,1,2.61,0.0
2026-08-08,gla_28395,"Прапор ""ДСНС""",sale,2,80.71,0.0
2026-08-08,gla_28558,"Футболка ""База""",чоловічий одяг,2,4.34,0.0
2026-08-08,gla_32109,Зіп-худі unisex “Azazel”,чоловічий одяг,1,6.05,0.0
2026-08-08,gla_32266,Зіп-худі unisex “Tarot”,sale,1,5.24,0.0
2026-08-08,gla_28014,"Прапор ""Донбас""",прапори,2,33.11,0.0
2026-08-08,gla_32135,Футболка unisex “Warrior”,чоловічий одяг,2,13.22,0.0
2026-08-08,gla_32200,"Футболка unisex ""Вампір""",sale,4,58.89,0.0
2026-08-08,gla_32258,Зіп-худі unisex “Welcome to hell”,sale,3,16.94,0.0
2026-08-08,gla_33560,"Прапор ""Heavy Shot""",прапори,1,3.4,0.0
2026-08-08,gla_29876,Комплект кріплення для прапора,аксесуари,2,2.95,0.0
2026-08-08,gla_32285,Зіп-худі unisex “Azazel”,жіночий одяг,1,7.77,0.0
2026-08-08,gla_32259,Зіп-худі unisex “Welcome to hell”,sale,2,13.41,0.0
2026-08-08,gla_28144,"Прапор ""Механік""",прапори,1,7.51,0.0
2026-08-08,gla_33450,"Прапор ""Згідно з наказом""",прапори,3,27.22,0.0
2026-08-08,gla_28008,"Прапор ""Донецьк""",прапори,4,64.8,0.0
2026-08-08,gla_28259,"Прапор ""Водій""",прапори,1,3.6,0.0
2026-08-08,gla_33205,"Прапор ""Стабік""",прапори,1,12.76,0.0
2026-08-08,gla_32169,Футболка unisex “Tarot”,новинки,2,29.5,0.0
2026-08-08,gla_32270,Зіп-худі unisex “Garden of Bones”,sale,1,6.94,0.0
2026-08-08,gla_32256,Зіп-худі unisex “Welcome to hell”,sale,2,8.44,0.0
2026-08-08,gla_32783,"Футболка unisex ""Вампір""",жіночий одяг,1,31.58,0.0
2026-08-08,gla_30309,"Прапор ""Армійська Авіація""",прапори,1,0.25,0.0
2026-08-08,gla_33223,"Прапор ""Спіймані чмоні""",sale,1,17.17,0.0
2026-08-08,gla_33182,"Прапор ""Гроза району""",прапори,4,37.18,0.0
2026-08-08,gla_32108,Зіп-худі unisex “Azazel”,чоловічий одяг,2,24.07,0.0
2026-08-09,gla_32073,Зіп-худі unisex “Warrior”,чоловічий одяг,1,9.65,0.0
2026-08-09,gla_32257,Зіп-худі unisex “Welcome to hell”,sale,3,19.41,1.0
2026-08-09,gla_28057,"Прапор ""Медик""",прапори,4,25.19,0.0
2026-08-09,gla_28560,"Футболка ""База""",чоловічий одяг,4,19.95,0.0
2026-08-09,gla_32051,Штани чоловічі спортивні широкі,новинки,3,32.1,0.0
2026-08-09,gla_32071,Зіп-худі unisex “Warrior”,чоловічий одяг,2,15.21,0.0
2026-08-09,gla_32220,Світшот чоловічий “Tarot”,новинки,1,11.91,0.0
2026-08-09,gla_28207,"Прапор ""Мелодія смерті""",прапори,1,7.62,0.0
2026-08-09,gla_28225,"Прапор ""Привиди вогню""",прапори,1,14.47,0.0
2026-08-09,gla_28283,"Прапор ""Хижак""",прапори,1,3.83,0.0
2026-08-09,gla_33202,"Прапор ""Кінолог""",прапори,1,50.41,0.0
2026-08-09,gla_30738,"Прапор ""Інженер""",прапори,2,9.6,0.0
2026-08-09,gla_32134,Футболка unisex “Warrior”,чоловічий одяг,3,32.36,0.0
2026-08-09,gla_32201,"Футболка unisex ""Вампір""",sale,1,4.26,0.0
2026-08-09,gla_32052,Штани чоловічі спортивні широкі,новинки,4,42.11,0.0
2026-08-09,gla_32189,Футболка unisex “Arch of the Underworld”,новинки,1,10.26,0.0
2026-08-09,gla_27990,"Прапор ""За столом смерті""",прапори,1,0.1,0.0
2026-08-09,gla_32246,Штани жіночі спортивні широкі,жіночий одяг,1,11.31,0.0
2026-08-09,gla_27983,"Прапор ""П*зда п*дарам""",прапори,2,71.09,2.0
2026-08-09,gla_33199,"Прапор ""Мінометники""",прапори,3,53.91,0.0
2026-08-09,gla_32260,Зіп-худі unisex “Welcome to hell”,sale,1,5.89,0.0
2026-08-09,gla_28561,"Футболка ""База""",чоловічий одяг,4,36.11,0.0
2026-08-09,gla_33184,"Прапор ""На нулі""",прапори,1,17.27,0.0
2026-08-09,gla_32054,Штани чоловічі спортивні широкі,новинки,4,20.06,0.0
2026-08-09,gla_33238,"Прапор ""Прогноз погоди: град""",прапори,1,19.29,0.0
2026-08-09,gla_32194,"Футболка unisex ""Вампір""",чоловічий одяг,1,17.94,0.0
2026-08-09,gla_32993,"Прапор ""Лелека""",прапори,2,62.36,0.0
2026-08-09,gla_30664,"Прапор ""Дорога на схід""",прапори,1,6.12,0.0
2026-08-09,gla_32304,Футболка unisex “Azazel”,жіночий одяг,2,34.24,0.0
2026-08-09,gla_33196,"Прапор ""Привіт від Богдани""",прапори,1,19.56,0.0
2026-08-09,gla_28381,"Прапор ""Одного разу під Запоріжжям""",прапори,3,29.44,0.0
2026-08-09,gla_32161,Футболка unisex “Welcome to hell”,чоловічий одяг,2,7.92,0.0
2026-08-09,gla_28559,"Футболка ""База""",чоловічий одяг,3,59.89,0.0
2026-08-09,gla_33442,"Прапор ""Шеф""",прапори,1,5.73,0.0
2026-08-09,gla_28287,"Прапор ""Між пеклом і домом""",прапори,1,1.37,0.0
2026-08-09,gla_28285,"Прапор ""Незламні""",прапори,3,23.38,0.0
2026-08-09,gla_32247,Штани жіночі спортивні широкі,жіночий одяг,1,5.46,0.0
2026-08-09,gla_28558,"Футболка ""База""",чоловічий одяг,4,29.58,0.0
2026-08-09,gla_28014,"Прапор ""Донбас""",прапори,1,16.62,0.0
2026-08-09,gla_32135,Футболка unisex “Warrior”,чоловічий одяг,2,12.49,0.0
2026-08-09,gla_32258,Зіп-худі unisex “Welcome to hell”,sale,1,2.24,0.0
2026-08-09,gla_32129,Футболка unisex “Warrior”,новинки,1,2.85,0.0
2026-08-09,gla_29876,Комплект кріплення для прапора,аксесуари,1,2.09,0.0
2026-08-09,gla_32214,Світшот чоловічий “Welcome to hell”,новинки,1,8.76,0.0
2026-08-09,gla_33450,"Прапор ""Згідно з наказом""",прапори,3,16.15,0.0
2026-08-09,gla_28008,"Прапор ""Донецьк""",прапори,6,126.42,0.0
2026-08-09,gla_28259,"Прапор ""Водій""",прапори,3,36.2,0.0
2026-08-09,gla_30710,"Прапор ""Баба Яга""",прапори,2,17.52,0.0
2026-08-09,gla_32169,Футболка unisex “Tarot”,новинки,1,26.21,0.0
2026-08-09,gla_32270,Зіп-худі unisex “Garden of Bones”,sale,1,6.27,0.0
2026-08-09,gla_27995,"Прапор ""Воїн в полі""",прапори,2,22.43,0.0
2026-08-09,gla_32133,Футболка unisex “Warrior”,чоловічий одяг,1,3.51,0.0
2026-08-09,gla_33182,"Прапор ""Гроза району""",прапори,6,26.97,2.0
2026-08-10,gla_30751,"Прапор ""Камікадзе""",прапори,1,10.77,0.0
2026-08-10,gla_32308,Футболка unisex “Welcome to hell”,жіночий одяг,1,5.81,0.0
2026-08-10,gla_28057,"Прапор ""Медик""",прапори,1,15.1,0.0
2026-08-10,gla_28168,"Прапор ""Серебрянський ліс""",прапори,1,4.51,0.0
2026-08-10,gla_28560,"Футболка ""База""",чоловічий одяг,4,35.7,0.0
2026-08-10,gla_32051,Штани чоловічі спортивні широкі,новинки,8,57.67,0.0
2026-08-10,gla_32226,Світшот чоловічий “Garden of Bones”,чоловічий одяг,1,4.3,0.0
2026-08-10,gla_28225,"Прапор ""Привиди вогню""",прапори,1,3.11,0.0
2026-08-10,gla_30738,"Прапор ""Інженер""",прапори,2,21.06,0.0
2026-08-10,gla_33517,"Прапор ""Перехоплювач""",прапори,1,22.49,0.0
2026-08-10,gla_32134,Футболка unisex “Warrior”,чоловічий одяг,2,86.88,0.0
2026-08-10,gla_32179,Футболка unisex “Garden of Bones”,новинки,1,10.5,0.0
2026-08-10,gla_33468,"Прапор ""Залізні побратими""",прапори,1,39.72,0.0
2026-08-10,gla_28064,"Прапор ""До кінця, брате""",прапори,1,19.42,0.0
2026-08-10,gla_28253,"Прапор ""Звʼязок""",прапори,2,23.59,0.0
2026-08-10,gla_32052,Штани чоловічі спортивні широкі,новинки,4,39.29,0.0
2026-08-10,gla_32053,Штани чоловічі спортивні широкі,новинки,3,77.14,0.0
2026-08-10,gla_32189,Футболка unisex “Arch of the Underworld”,новинки,1,38.45,0.0
2026-08-10,gla_27990,"Прапор ""За столом смерті""",прапори,1,10.09,0.0
2026-08-10,gla_27983,"Прапор ""П*зда п*дарам""",прапори,6,78.64,0.0
2026-08-10,gla_32140,Футболка unisex “Azazel”,чоловічий одяг,1,36.93,0.0
2026-08-10,gla_32195,"Футболка unisex ""Вампір""",чоловічий одяг,1,26.5,0.0
2026-08-10,gla_28561,"Футболка ""База""",чоловічий одяг,3,17.49,0.0
2026-08-10,gla_33184,"Прапор ""На нулі""",прапори,2,26.34,0.0
2026-08-10,gla_32130,Футболка unisex “Warrior”,новинки,1,4.33,0.0
2026-08-10,gla_32175,Футболка unisex “Garden of Bones”,новинки,1,96.49,0.0
2026-08-10,gla_32054,Штани чоловічі спортивні широкі,новинки,3,29.98,0.0
2026-08-10,gla_32194,"Футболка unisex ""Вампір""",чоловічий одяг,2,13.05,0.0
2026-08-10,gla_32993,"Прапор ""Лелека""",прапори,1,4.67,0.0
2026-08-10,gla_32074,Зіп-худі unisex “Warrior”,чоловічий одяг,1,12.25,0.0
2026-08-10,gla_33235,"Прапор ""Той самий вайб""",прапори,2,29.11,0.0
2026-08-10,gla_32180,Футболка unisex “Garden of Bones”,новинки,1,45.89,0.0
2026-08-10,gla_32196,"Футболка unisex ""Вампір""",чоловічий одяг,2,74.6,0.0
2026-08-10,gla_33226,"Прапор ""Вампір""",прапори,1,1.08,0.0
2026-08-10,gla_28187,"Прапор ""FPV пілот""",прапори,2,28.45,0.0
2026-08-10,gla_28381,"Прапор ""Одного разу під Запоріжжям""",прапори,1,41.48,0.0
2026-08-10,gla_32161,Футболка unisex “Welcome to hell”,чоловічий одяг,1,3.48,0.0
2026-08-10,gla_33568,"Прапор ""Грім і сталь""",прапори,1,26.81,0.0
2026-08-10,gla_28371,"Прапор ""Одного разу під Сумами""",прапори,3,20.29,1.0
2026-08-10,gla_28559,"Футболка ""База""",чоловічий одяг,2,8.76,0.0
2026-08-10,gla_32772,"Футболка unisex ""Вампір""",жіночий одяг,1,8.34,0.0
2026-08-10,gla_32298,Футболка unisex “Azazel”,жіночий одяг,1,12.51,0.0
2026-08-10,gla_28285,"Прапор ""Незламні""",прапори,1,30.07,0.0
2026-08-10,gla_28375,"Прапор ""Одного разу під Харковом""",прапори,2,50.55,0.0
2026-08-10,gla_28395,"Прапор ""ДСНС""",прапори,2,29.5,0.0
2026-08-10,gla_33492,"Прапор ""Танкісти""",чоловічий одяг,1,4.24,0.0
2026-08-10,gla_28558,"Футболка ""База""",чоловічий одяг,7,52.32,0.0
2026-08-10,gla_32109,Зіп-худі unisex “Azazel”,чоловічий одяг,2,8.11,0.0
2026-08-10,gla_28014,"Прапор ""Донбас""",прапори,3,53.17,0.0
2026-08-10,gla_32135,Футболка unisex “Warrior”,чоловічий одяг,1,2.88,0.0
2026-08-10,gla_32149,Футболка unisex “Azazel”,новинки,2,133.46,0.0
2026-08-10,gla_32328,Футболка unisex “Garden of Bones”,жіночий одяг,2,37.16,0.0
2026-08-10,gla_29876,Комплект кріплення для прапора,аксесуари,2,4.66,0.0
2026-08-10,gla_28144,"Прапор ""Механік""",прапори,5,71.78,0.0
2026-08-10,gla_32181,Футболка unisex “Garden of Bones”,новинки,1,4.98,0.0
2026-08-10,gla_33450,"Прапор ""Згідно з наказом""",прапори,3,53.31,3.0
2026-08-10,gla_28101,"Прапор ""Захисник світу""",прапори,1,23.55,0.0
2026-08-10,gla_28008,"Прапор ""Донецьк""",прапори,3,28.13,0.0
2026-08-10,gla_28259,"Прапор ""Водій""",прапори,6,44.69,0.0
2026-08-10,gla_30710,"Прапор ""Баба Яга""",прапори,1,0.83,0.0
2026-08-10,gla_32169,Футболка unisex “Tarot”,новинки,1,6.8,0.0
2026-08-10,gla_32156,Футболка unisex “Welcome to hell”,новинки,1,1.92,0.0
2026-08-10,gla_32133,Футболка unisex “Warrior”,чоловічий одяг,1,72.74,0.0
2026-08-10,gla_33182,"Прапор ""Гроза району""",прапори,2,8.63,0.0
2026-08-10,gla_29160,"Лонгслів ""Міномет""",чоловічий одяг,1,1.86,0.0
2026-08-11,gla_30751,"Прапор ""Камікадзе""",прапори,2,55.16,0.0
2026-08-11,gla_28057,"Прапор ""Медик""",прапори,5,44.0,0.0
2026-08-11,gla_28168,"Прапор ""Серебрянський ліс""",прапори,1,102.91,0.0
2026-08-11,gla_28560,"Футболка ""База""",чоловічий одяг,2,17.72,0.0
2026-08-11,gla_32051,Штани чоловічі спортивні широкі,новинки,4,30.31,0.0
2026-08-11,gla_28002,"Прапор ""Дрони ведуть""",прапори,5,69.42,0.0
2026-08-11,gla_32071,Зіп-худі unisex “Warrior”,чоловічий одяг,2,54.21,0.0
2026-08-11,gla_29161,"Лонгслів ""Міномет""",чоловічий одяг,1,8.48,0.0
2026-08-11,gla_28050,"Прапор ""Тінь перемоги""",прапори,4,71.59,0.0
2026-08-11,gla_28225,"Прапор ""Привиди вогню""",прапори,1,4.03,0.0
2026-08-11,gla_30738,"Прапор ""Інженер""",прапори,1,15.96,0.5
2026-08-11,gla_33517,"Прапор ""Перехоплювач""",прапори,3,34.04,0.0
2026-08-11,gla_32134,Футболка unisex “Warrior”,чоловічий одяг,6,59.17,0.0
2026-08-11,gla_32118,Футболка unisex “Warrior”,новинки,1,15.14,0.0
2026-08-11,gla_28253,"Прапор ""Звʼязок""",прапори,1,14.61,0.0
2026-08-11,gla_32052,Штани чоловічі спортивні широкі,новинки,7,90.05,0.0
2026-08-11,gla_32053,Штани чоловічі спортивні широкі,новинки,2,7.32,1.0
2026-08-11,gla_27990,"Прапор ""За столом смерті""",прапори,2,34.16,0.0
2026-08-11,gla_32309,Футболка unisex “Welcome to hell”,жіночий одяг,1,8.54,0.0
2026-08-11,gla_32216,Світшот чоловічий “Welcome to hell”,новинки,1,6.33,0.0
2026-08-11,gla_27983,"Прапор ""П*зда п*дарам""",прапори,1,18.23,0.0
2026-08-11,gla_28561,"Футболка ""База""",чоловічий одяг,3,35.84,0.0
2026-08-11,gla_33184,"Прапор ""На нулі""",прапори,1,46.23,0.0
2026-08-11,gla_32110,Зіп-худі unisex “Azazel”,чоловічий одяг,1,8.56,0.0
2026-08-11,gla_32130,Футболка unisex “Warrior”,новинки,1,51.69,0.0
2026-08-11,gla_32054,Штани чоловічі спортивні широкі,новинки,1,10.6,0.0
2026-08-11,gla_32194,"Футболка unisex ""Вампір""",чоловічий одяг,2,5.44,0.0
2026-08-11,gla_32180,Футболка unisex “Garden of Bones”,новинки,1,30.2,0.0
2026-08-11,gla_32196,"Футболка unisex ""Вампір""",чоловічий одяг,1,15.71,0.0
2026-08-11,gla_33226,"Прапор ""Вампір""",прапори,3,5.47,0.0
2026-08-11,gla_32060,Штани чоловічі спортивні джогери,чоловічий одяг,1,45.29,0.0
2026-08-11,gla_28381,"Прапор ""Одного разу під Запоріжжям""",прапори,2,36.47,0.0
2026-08-11,gla_32244,Штани жіночі спортивні широкі,жіночий одяг,3,22.55,0.0
2026-08-11,gla_32161,Футболка unisex “Welcome to hell”,чоловічий одяг,2,10.32,0.0
2026-08-11,gla_28379,"Прапор ""Одного разу під Донецьком""",прапори,1,80.21,0.0
2026-08-11,gla_28559,"Футболка ""База""",чоловічий одяг,1,7.5,0.0
2026-08-11,gla_33510,"Прапор ""На виїзд""",прапори,1,11.66,0.0
2026-08-11,gla_32106,Зіп-худі unisex “Azazel”,чоловічий одяг,1,12.03,0.0
2026-08-11,gla_33476,"Прапор ""В етері""",прапори,1,22.16,0.5
2026-08-11,gla_32774,"Футболка unisex ""Вампір""",жіночий одяг,1,19.73,0.0
2026-08-11,gla_32247,Штани жіночі спортивні широкі,жіночий одяг,1,31.18,0.0
2026-08-11,gla_28375,"Прапор ""Одного разу під Харковом""",прапори,1,22.64,0.0
2026-08-11,gla_28395,"Прапор ""ДСНС""",прапори,1,4.17,0.0
2026-08-11,gla_32128,Футболка unisex “Warrior”,новинки,1,17.8,0.0
2026-08-11,gla_28558,"Футболка ""База""",чоловічий одяг,4,18.04,0.0
2026-08-11,gla_32109,Зіп-худі unisex “Azazel”,чоловічий одяг,1,8.27,0.0
2026-08-11,gla_32135,Футболка unisex “Warrior”,чоловічий одяг,1,17.65,0.0
2026-08-11,gla_32086,Зіп-худі unisex “Tarot”,чоловічий одяг,1,6.84,0.0
2026-08-11,gla_33244,"Прапор ""На кулаках""",прапори,1,24.11,0.0
2026-08-11,gla_33560,"Прапор ""Heavy Shot""",прапори,1,8.44,0.0
2026-08-11,gla_29876,Комплект кріплення для прапора,аксесуари,4,15.23,0.0
2026-08-11,gla_33552,"Прапор ""Німий""",прапори,1,13.77,0.0
2026-08-11,gla_28377,"Прапор ""Одного разу під Луганськом""",прапори,1,18.11,0.0
2026-08-11,gla_32307,Футболка unisex “Welcome to hell”,жіночий одяг,1,4.57,0.0
2026-08-11,gla_32245,Штани жіночі спортивні широкі,жіночий одяг,1,5.52,0.0
2026-08-11,gla_32181,Футболка unisex “Garden of Bones”,новинки,1,9.51,0.0
2026-08-11,gla_33450,"Прапор ""Згідно з наказом""",прапори,1,2.84,0.0
2026-08-11,gla_28008,"Прапор ""Донецьк""",прапори,1,5.41,0.0
2026-08-11,gla_30710,"Прапор ""Баба Яга""",прапори,2,11.8,0.0
2026-08-11,gla_33205,"Прапор ""Стабік""",прапори,1,17.15,0.0
2026-08-11,gla_28383,"Прапор ""Одного разу під Херсоном""",прапори,1,5.51,0.0
2026-08-11,gla_33241,"Прапор ""Маршрутка""",прапори,1,41.51,0.0
2026-08-11,gla_28211,"Прапор ""Де посадка""",прапори,1,15.54,0.0
2026-08-11,gla_32156,Футболка unisex “Welcome to hell”,новинки,1,14.97,0.0
2026-08-11,gla_32133,Футболка unisex “Warrior”,чоловічий одяг,1,4.03,0.0
2026-08-11,gla_33182,"Прапор ""Гроза району""",прапори,1,2.25,0.0
2026-08-11,gla_29160,"Лонгслів ""Міномет""",чоловічий одяг,1,9.43,0.0
2026-08-12,gla_30751,"Прапор ""Камікадзе""",прапори,1,23.8,0.0
2026-08-12,gla_32073,Зіп-худі unisex “Warrior”,чоловічий одяг,5,23.59,0.0
2026-08-12,gla_32308,Футболка unisex “Welcome to hell”,жіночий одяг,1,12.59,0.0
2026-08-12,gla_28057,"Прапор ""Медик""",прапори,5,73.86,0.0
2026-08-12,gla_28560,"Футболка ""База""",чоловічий одяг,3,44.84,0.0
2026-08-12,gla_32051,Штани чоловічі спортивні широкі,новинки,7,81.4,0.0
2026-08-12,gla_28002,"Прапор ""Дрони ведуть""",прапори,1,23.48,0.0
2026-08-12,gla_32062,Штани чоловічі спортивні джогери,чоловічий одяг,2,15.35,0.0
2026-08-12,gla_29161,"Лонгслів ""Міномет""",чоловічий одяг,1,34.98,0.0
2026-08-12,gla_32134,Футболка unisex “Warrior”,чоловічий одяг,3,66.38,0.0
2026-08-12,gla_28397,"Прапор ""Історія""",прапори,1,3.19,0.0
2026-08-12,gla_33468,"Прапор ""Залізні побратими""",прапори,1,3.56,0.0
2026-08-12,gla_28253,"Прапор ""Звʼязок""",прапори,1,50.72,0.0
2026-08-12,gla_32052,Штани чоловічі спортивні широкі,новинки,7,27.27,0.0
2026-08-12,gla_32339,Футболка unisex “Arch of the Underworld”,жіночий одяг,1,8.63,0.0
2026-08-12,gla_32053,Штани чоловічі спортивні широкі,новинки,2,78.99,0.0
2026-08-12,gla_32189,Футболка unisex “Arch of the Underworld”,новинки,1,5.57,0.0
2026-08-12,gla_32279,Зіп-худі unisex “Arch of the Underworld”,жіночий одяг,1,5.8,0.0
2026-08-12,gla_27990,"Прапор ""За столом смерті""",прапори,1,30.54,0.0
2026-08-12,gla_27983,"Прапор ""П*зда п*дарам""",прапори,5,77.83,0.0
2026-08-12,gla_32072,Зіп-худі unisex “Warrior”,чоловічий одяг,1,6.07,0.0
2026-08-12,gla_28561,"Футболка ""База""",чоловічий одяг,1,25.83,0.0
2026-08-12,gla_33184,"Прапор ""На нулі""",прапори,3,23.16,0.0
2026-08-12,gla_32054,Штани чоловічі спортивні широкі,новинки,7,70.07,0.0
2026-08-12,gla_32074,Зіп-худі unisex “Warrior”,чоловічий одяг,2,9.76,0.0
2026-08-12,gla_33235,"Прапор ""Той самий вайб""",прапори,1,20.35,0.0
2026-08-12,gla_32196,"Футболка unisex ""Вампір""",чоловічий одяг,2,6.96,0.0
2026-08-12,gla_33226,"Прапор ""Вампір""",прапори,1,15.78,0.0
2026-08-12,gla_32060,Штани чоловічі спортивні джогери,чоловічий одяг,1,11.79,0.0
2026-08-12,gla_32277,Зіп-худі unisex “Arch of the Underworld”,жіночий одяг,1,2.51,0.0
2026-08-12,gla_28187,"Прапор ""FPV пілот""",прапори,2,20.62,0.0
2026-08-12,gla_28130,"Прапор ""Очі темряви""",прапори,1,1.23,0.0
2026-08-12,gla_33196,"Прапор ""Привіт від Богдани""",прапори,1,26.25,0.0
2026-08-12,gla_28381,"Прапор ""Одного разу під Запоріжжям""",прапори,2,47.47,0.0
2026-08-12,gla_28389,"Прапор ""Морпіхи""",прапори,1,25.98,0.0
2026-08-12,gla_32161,Футболка unisex “Welcome to hell”,чоловічий одяг,1,8.11,0.0
2026-08-12,gla_28559,"Футболка ""База""",чоловічий одяг,3,43.89,0.0
2026-08-12,gla_33510,"Прапор ""На виїзд""",прапори,1,26.71,0.0
2026-08-12,gla_32288,Зіп-худі unisex “Azazel”,жіночий одяг,1,5.93,0.0
2026-08-12,gla_28285,"Прапор ""Незламні""",прапори,1,8.07,0.0
2026-08-12,gla_32774,"Футболка unisex ""Вампір""",жіночий одяг,1,31.29,0.0
2026-08-12,gla_32247,Штани жіночі спортивні широкі,жіночий одяг,1,3.14,0.0
2026-08-12,gla_28375,"Прапор ""Одного разу під Харковом""",прапори,1,10.22,0.0
2026-08-12,gla_28395,"Прапор ""ДСНС""",прапори,1,7.02,0.0
2026-08-12,gla_32128,Футболка unisex “Warrior”,новинки,1,11.96,0.0
2026-08-12,gla_28558,"Футболка ""База""",чоловічий одяг,3,60.52,0.0
2026-08-12,gla_32109,Зіп-худі unisex “Azazel”,чоловічий одяг,1,3.61,0.0
2026-08-12,gla_28014,"Прапор ""Донбас""",прапори,3,28.25,0.0
2026-08-12,gla_32135,Футболка unisex “Warrior”,чоловічий одяг,2,14.9,0.0
2026-08-12,gla_32328,Футболка unisex “Garden of Bones”,жіночий одяг,1,12.81,0.0
2026-08-12,gla_29876,Комплект кріплення для прапора,аксесуари,4,9.0,0.0
2026-08-12,gla_32103,Зіп-худі unisex “Arch of the Underworld”,чоловічий одяг,2,10.04,0.0
2026-08-12,gla_32214,Світшот чоловічий “Welcome to hell”,новинки,1,3.51,0.0
2026-08-12,gla_32307,Футболка unisex “Welcome to hell”,жіночий одяг,1,3.91,0.0
2026-08-12,gla_32181,Футболка unisex “Garden of Bones”,новинки,1,12.11,0.0
2026-08-12,gla_33450,"Прапор ""Згідно з наказом""",прапори,3,26.09,0.0
2026-08-12,gla_28259,"Прапор ""Водій""",прапори,1,11.97,0.0
2026-08-12,gla_30710,"Прапор ""Баба Яга""",прапори,4,33.36,0.0
2026-08-12,gla_33205,"Прапор ""Стабік""",прапори,1,26.25,0.0
2026-08-12,gla_33241,"Прапор ""Маршрутка""",прапори,1,23.75,0.0
2026-08-12,gla_28211,"Прапор ""Де посадка""",прапори,1,30.96,0.0
2026-08-12,gla_32783,"Футболка unisex ""Вампір""",жіночий одяг,2,36.76,0.0
2026-08-12,gla_28156,"Прапор ""Місцевий""",прапори,2,45.94,0.0
2026-08-12,gla_32191,Футболка unisex “Arch of the Underworld”,новинки,1,13.15,0.0
2026-08-12,gla_32133,Футболка unisex “Warrior”,чоловічий одяг,6,57.49,0.0
2026-08-12,gla_33182,"Прапор ""Гроза району""",прапори,1,7.4,0.0
2026-08-13,gla_30751,"Прапор ""Камікадзе""",прапори,3,53.89,0.0
2026-08-13,gla_32308,Футболка unisex “Welcome to hell”,жіночий одяг,3,37.31,0.0
2026-08-13,gla_28057,"Прапор ""Медик""",прапори,1,3.08,0.0
2026-08-13,gla_28168,"Прапор ""Серебрянський ліс""",прапори,1,6.89,0.0
2026-08-13,gla_28560,"Футболка ""База""",чоловічий одяг,5,80.43,0.0
2026-08-13,gla_32051,Штани чоловічі спортивні широкі,новинки,10,106.11,0.0
2026-08-13,gla_32071,Зіп-худі unisex “Warrior”,чоловічий одяг,2,58.17,0.0
2026-08-13,gla_32226,Світшот чоловічий “Garden of Bones”,чоловічий одяг,1,11.6,0.0
2026-08-13,gla_32210,Світшот чоловічий “Warrior”,новинки,1,13.16,0.0
2026-08-13,gla_28050,"Прапор ""Тінь перемоги""",прапори,3,27.15,0.0
2026-08-13,gla_28225,"Прапор ""Привиди вогню""",прапори,1,8.47,0.0
2026-08-13,gla_28283,"Прапор ""Хижак""",прапори,1,76.89,0.0
2026-08-13,gla_32134,Футболка unisex “Warrior”,чоловічий одяг,2,40.3,0.0
2026-08-13,gla_32231,Світшот чоловічий “Arch of the Underworld”,чоловічий одяг,1,12.06,0.0
2026-08-13,gla_28385,"Прапор ""Винищувач""",прапори,1,8.08,0.0
2026-08-13,gla_28253,"Прапор ""Звʼязок""",прапори,1,26.98,0.0
2026-08-13,gla_32052,Штани чоловічі спортивні широкі,новинки,7,139.06,0.0
2026-08-13,gla_32053,Штани чоловічі спортивні широкі,новинки,3,70.77,0.0
2026-08-13,gla_28136,"Прапор ""Ловці Темряви""",прапори,1,7.18,0.0
2026-08-13,gla_32189,Футболка unisex “Arch of the Underworld”,новинки,1,40.38,0.0
2026-08-13,gla_27990,"Прапор ""За столом смерті""",прапори,1,6.5,0.0
2026-08-13,gla_32246,Штани жіночі спортивні широкі,жіночий одяг,1,8.36,0.0
2026-08-13,gla_27983,"Прапор ""П*зда п*дарам""",прапори,7,64.7,0.0
2026-08-13,gla_33199,"Прапор ""Мінометники""",прапори,2,65.82,0.0
2026-08-13,gla_32195,"Футболка unisex ""Вампір""",чоловічий одяг,1,27.27,0.0
2026-08-13,gla_28561,"Футболка ""База""",чоловічий одяг,7,58.22,0.0
2026-08-13,gla_33184,"Прапор ""На нулі""",прапори,1,11.41,0.0
2026-08-13,gla_32110,Зіп-худі unisex “Azazel”,чоловічий одяг,1,7.11,0.0
2026-08-13,gla_32130,Футболка unisex “Warrior”,новинки,1,6.06,0.0
2026-08-13,gla_32054,Штани чоловічі спортивні широкі,новинки,5,61.23,0.0
2026-08-13,gla_32194,"Футболка unisex ""Вампір""",чоловічий одяг,3,72.98,0.0
2026-08-13,gla_32993,"Прапор ""Лелека""",прапори,2,10.35,0.0
2026-08-13,gla_33235,"Прапор ""Той самий вайб""",прапори,1,9.34,0.0
2026-08-13,gla_32196,"Футболка unisex ""Вампір""",чоловічий одяг,3,46.55,0.0
2026-08-13,gla_33226,"Прапор ""Вампір""",прапори,2,0.44,0.0
2026-08-13,gla_30664,"Прапор ""Дорога на схід""",прапори,1,8.1,0.0
2026-08-13,gla_28130,"Прапор ""Очі темряви""",прапори,1,1.58,0.0
2026-08-13,gla_33196,"Прапор ""Привіт від Богдани""",прапори,2,21.36,0.0
2026-08-13,gla_28381,"Прапор ""Одного разу під Запоріжжям""",прапори,3,44.76,0.0
2026-08-13,gla_32161,Футболка unisex “Welcome to hell”,чоловічий одяг,2,9.65,0.0
2026-08-13,gla_28559,"Футболка ""База""",чоловічий одяг,2,4.83,1.0
2026-08-13,gla_32106,Зіп-худі unisex “Azazel”,чоловічий одяг,1,8.85,0.0
2026-08-13,gla_33442,"Прапор ""Шеф""",прапори,1,2.54,0.0
2026-08-13,gla_28287,"Прапор ""Між пеклом і домом""",прапори,2,15.28,0.0
2026-08-13,gla_32298,Футболка unisex “Azazel”,жіночий одяг,1,2.93,0.0
2026-08-13,gla_32344,Футболка unisex “Arch of the Underworld”,жіночий одяг,1,18.34,0.0
2026-08-13,gla_32774,"Футболка unisex ""Вампір""",жіночий одяг,1,10.94,0.0
2026-08-13,gla_32075,Зіп-худі unisex “Warrior”,чоловічий одяг,1,14.33,0.0
2026-08-13,gla_32247,Штани жіночі спортивні широкі,жіночий одяг,2,16.02,0.0
2026-08-13,gla_28375,"Прапор ""Одного разу під Харковом""",прапори,3,56.83,0.0
2026-08-13,gla_28395,"Прапор ""ДСНС""",прапори,3,28.05,0.0
2026-08-13,gla_28558,"Футболка ""База""",чоловічий одяг,4,16.95,0.0
2026-08-13,gla_28014,"Прапор ""Донбас""",прапори,1,0.79,0.0
2026-08-13,gla_32149,Футболка unisex “Azazel”,новинки,2,13.38,0.0
2026-08-13,gla_29876,Комплект кріплення для прапора,аксесуари,3,11.38,0.0
2026-08-13,gla_32103,Зіп-худі unisex “Arch of the Underworld”,чоловічий одяг,2,4.94,0.0
2026-08-13,gla_28144,"Прапор ""Механік""",прапори,2,15.23,0.0
2026-08-13,gla_32214,Світшот чоловічий “Welcome to hell”,новинки,2,5.73,0.0
2026-08-13,gla_30717,"Прапор ""Битва за життя""",прапори,2,9.09,0.0
2026-08-13,gla_32245,Штани жіночі спортивні широкі,жіночий одяг,1,1.0,0.0
2026-08-13,gla_33232,"Прапор ""Знайомство з пісюном""",прапори,1,34.11,0.0
2026-08-13,gla_33450,"Прапор ""Згідно з наказом""",прапори,4,124.3,0.0
2026-08-13,gla_33451,"Прапор ""Зелений спектр""",прапори,1,3.43,0.0
2026-08-13,gla_28008,"Прапор ""Донецьк""",прапори,2,57.88,0.0
2026-08-13,gla_32164,Футболка unisex “Tarot”,новинки,1,48.4,0.0
2026-08-13,gla_28259,"Прапор ""Водій""",прапори,1,8.94,0.0
2026-08-13,gla_30710,"Прапор ""Баба Яга""",прапори,1,5.92,0.0
2026-08-13,gla_33205,"Прапор ""Стабік""",прапори,3,9.13,0.0
2026-08-13,gla_28393,"Прапор ""Сапер""",прапори,1,2.41,0.0
2026-08-13,gla_32169,Футболка unisex “Tarot”,новинки,1,11.54,0.0
2026-08-13,gla_28077,"Прапор ""Життя""",прапори,1,8.3,0.0
2026-08-13,gla_28383,"Прапор ""Одного разу під Херсоном""",прапори,7,133.77,0.0
2026-08-13,gla_32154,Футболка unisex “Welcome to hell”,новинки,1,14.84,0.0
2026-08-13,gla_28211,"Прапор ""Де посадка""",прапори,1,11.2,0.0
2026-08-13,gla_32156,Футболка unisex “Welcome to hell”,новинки,1,15.44,1.0
2026-08-13,gla_32783,"Футболка unisex ""Вампір""",жіночий одяг,1,17.22,0.0
2026-08-13,gla_27995,"Прапор ""Воїн в полі""",прапори,1,9.75,0.0
2026-08-13,gla_28156,"Прапор ""Місцевий""",прапори,1,13.6,0.0
2026-08-13,gla_32133,Футболка unisex “Warrior”,чоловічий одяг,6,93.16,0.0
2026-08-13,gla_30309,"Прапор ""Армійська Авіація""",прапори,1,29.44,0.0
2026-08-13,gla_33182,"Прапор ""Гроза району""",прапори,3,34.42,0.0
2026-08-13,gla_32108,Зіп-худі unisex “Azazel”,чоловічий одяг,2,21.73,0.0
2026-08-14,gla_30751,"Прапор ""Камікадзе""",прапори,2,19.49,0.5
2026-08-14,gla_32073,Зіп-худі unisex “Warrior”,чоловічий одяг,3,31.56,0.0
2026-08-14,gla_32308,Футболка unisex “Welcome to hell”,жіночий одяг,3,30.27,0.0
2026-08-14,gla_33535,"Прапор ""Засвіт""",прапори,1,7.71,0.0
2026-08-14,gla_28057,"Прапор ""Медик""",прапори,1,9.25,0.0
2026-08-14,gla_28168,"Прапор ""Серебрянський ліс""",прапори,1,0.19,0.0
2026-08-14,gla_28560,"Футболка ""База""",чоловічий одяг,5,75.96,0.0
2026-08-14,gla_32051,Штани чоловічі спортивні широкі,новинки,10,183.68,0.0
2026-08-14,gla_28002,"Прапор ""Дрони ведуть""",прапори,5,146.01,0.0
2026-08-14,gla_32071,Зіп-худі unisex “Warrior”,чоловічий одяг,3,19.6,0.0
2026-08-14,gla_28387,"Прапор ""Тобі п*зда""",прапори,1,2.52,0.0
2026-08-14,gla_28207,"Прапор ""Мелодія смерті""",прапори,1,6.37,0.0
2026-08-14,gla_30321,"Прапор ""Інструктор""",прапори,1,4.06,0.0
2026-08-14,gla_28050,"Прапор ""Тінь перемоги""",прапори,5,149.59,0.0
2026-08-14,gla_32209,Світшот чоловічий “Warrior”,новинки,3,55.22,0.0
2026-08-14,gla_30738,"Прапор ""Інженер""",прапори,4,122.6,0.0
2026-08-14,gla_32134,Футболка unisex “Warrior”,чоловічий одяг,2,30.76,0.0
2026-08-14,gla_32179,Футболка unisex “Garden of Bones”,новинки,2,32.86,0.0
2026-08-14,gla_28385,"Прапор ""Винищувач""",прапори,1,8.82,0.0
2026-08-14,gla_33468,"Прапор ""Залізні побратими""",прапори,1,21.31,0.0
2026-08-14,gla_32052,Штани чоловічі спортивні широкі,новинки,14,176.72,0.0
2026-08-14,gla_32053,Штани чоловічі спортивні широкі,новинки,7,83.9,0.0
2026-08-14,gla_27990,"Прапор ""За столом смерті""",прапори,1,5.44,0.25
2026-08-14,gla_32140,Футболка unisex “Azazel”,чоловічий одяг,3,27.73,0.0
2026-08-14,gla_32195,"Футболка unisex ""Вампір""",чоловічий одяг,1,37.59,0.0
2026-08-14,gla_28561,"Футболка ""База""",чоловічий одяг,3,11.21,0.0
2026-08-14,gla_33184,"Прапор ""На нулі""",прапори,2,53.72,0.0
2026-08-14,gla_32088,Зіп-худі unisex “Tarot”,чоловічий одяг,2,22.14,0.0
2026-08-14,gla_30336,"Прапор ""Володар вогню""",прапори,1,6.37,0.0
2026-08-14,gla_32054,Штани чоловічі спортивні широкі,новинки,5,81.08,0.0
2026-08-14,gla_32074,Зіп-худі unisex “Warrior”,чоловічий одяг,2,7.92,0.0
2026-08-14,gla_33235,"Прапор ""Той самий вайб""",прапори,1,1.72,0.0
2026-08-14,gla_32180,Футболка unisex “Garden of Bones”,новинки,1,12.75,0.0
2026-08-14,gla_32196,"Футболка unisex ""Вампір""",чоловічий одяг,4,71.1,0.0
2026-08-14,gla_33226,"Прапор ""Вампір""",прапори,4,93.8,0.25
2026-08-14,gla_28187,"Прапор ""FPV пілот""",прапори,1,14.64,0.0
2026-08-14,gla_28381,"Прапор ""Одного разу під Запоріжжям""",прапори,1,22.81,0.0
2026-08-14,gla_32244,Штани жіночі спортивні широкі,жіночий одяг,1,4.9,0.0
2026-08-14,gla_32161,Футболка unisex “Welcome to hell”,чоловічий одяг,3,12.35,0.0
2026-08-14,gla_32287,Зіп-худі unisex “Azazel”,жіночий одяг,1,6.31,0.0
2026-08-14,gla_28559,"Футболка ""База""",чоловічий одяг,3,10.53,0.0
2026-08-14,gla_33510,"Прапор ""На виїзд""",прапори,5,135.73,0.0
2026-08-14,gla_32772,"Футболка unisex ""Вампір""",жіночий одяг,3,14.52,0.0
2026-08-14,gla_33476,"Прапор ""В етері""",прапори,3,67.71,0.5
2026-08-14,gla_32247,Штани жіночі спортивні широкі,жіночий одяг,1,11.37,0.0
2026-08-14,gla_30743,"Прапор ""Штурмовики""",прапори,1,11.02,0.25
2026-08-14,gla_28558,"Футболка ""База""",чоловічий одяг,4,19.31,0.0
2026-08-14,gla_32109,Зіп-худі unisex “Azazel”,чоловічий одяг,1,5.8,0.0
2026-08-14,gla_29876,Комплект кріплення для прапора,аксесуари,3,11.57,0.0
2026-08-14,gla_32139,Футболка unisex “Azazel”,чоловічий одяг,1,9.98,0.0
2026-08-14,gla_32214,Світшот чоловічий “Welcome to hell”,новинки,1,7.8,0.0
2026-08-14,gla_32307,Футболка unisex “Welcome to hell”,жіночий одяг,1,9.57,0.0
2026-08-14,gla_30717,"Прапор ""Битва за життя""",прапори,1,14.6,0.0
2026-08-14,gla_33232,"Прапор ""Знайомство з пісюном""",прапори,1,9.85,0.0
2026-08-14,gla_33450,"Прапор ""Згідно з наказом""",прапори,2,27.12,2.0
2026-08-14,gla_28008,"Прапор ""Донецьк""",прапори,1,13.95,0.0
2026-08-14,gla_28259,"Прапор ""Водій""",прапори,2,32.35,0.0
2026-08-14,gla_30710,"Прапор ""Баба Яга""",прапори,1,12.11,0.0
2026-08-14,gla_33205,"Прапор ""Стабік""",прапори,1,16.31,0.0
2026-08-14,gla_28393,"Прапор ""Сапер""",прапори,2,23.84,0.0
2026-08-14,gla_28383,"Прапор ""Одного разу під Херсоном""",прапори,2,19.02,0.0
2026-08-14,gla_32278,Зіп-худі unisex “Arch of the Underworld”,жіночий одяг,1,10.71,0.0
2026-08-14,gla_28211,"Прапор ""Де посадка""",прапори,1,9.42,0.25
2026-08-14,gla_32156,Футболка unisex “Welcome to hell”,новинки,1,11.84,0.0
2026-08-14,gla_32783,"Футболка unisex ""Вампір""",жіночий одяг,2,68.81,0.0
2026-08-14,gla_32191,Футболка unisex “Arch of the Underworld”,новинки,1,9.79,0.0
2026-08-14,gla_32133,Футболка unisex “Warrior”,чоловічий одяг,4,52.92,0.0
2026-08-14,gla_30309,"Прапор ""Армійська Авіація""",прапори,1,4.77,0.0
2026-08-14,gla_33182,"Прапор ""Гроза району""",прапори,3,26.63,0.0
2026-08-14,gla_32108,Зіп-худі unisex “Azazel”,чоловічий одяг,2,12.37,0.0
2026-08-15,gla_30751,"Прапор ""Камікадзе""",прапори,2,36.16,0.0
2026-08-15,gla_32073,Зіп-худі unisex “Warrior”,чоловічий одяг,1,23.15,0.0
2026-08-15,gla_33535,"Прапор ""Засвіт""",прапори,1,7.07,0.0
2026-08-15,gla_28560,"Футболка ""База""",чоловічий одяг,3,11.91,0.0
2026-08-15,gla_32051,Штани чоловічі спортивні широкі,новинки,8,88.6,0.0
2026-08-15,gla_32071,Зіп-худі unisex “Warrior”,чоловічий одяг,3,21.93,0.0
2026-08-15,gla_32062,Штани чоловічі спортивні джогери,чоловічий одяг,1,24.58,0.0
2026-08-15,gla_28050,"Прапор ""Тінь перемоги""",прапори,1,4.78,0.0
2026-08-15,gla_33484,"Прапор ""Baby shark""",прапори,1,12.57,0.0
2026-08-15,gla_32209,Світшот чоловічий “Warrior”,новинки,1,13.8,0.0
2026-08-15,gla_30738,"Прапор ""Інженер""",прапори,1,2.11,0.0
2026-08-15,gla_32052,Штани чоловічі спортивні широкі,новинки,9,112.38,0.0
2026-08-15,gla_32053,Штани чоловічі спортивні широкі,новинки,4,43.0,0.0
2026-08-15,gla_33229,"Прапор ""Тут небо наше""",прапори,1,18.02,0.0
2026-08-15,gla_27983,"Прапор ""П*зда п*дарам""",прапори,3,23.2,0.0
2026-08-15,gla_32230,Світшот чоловічий “Arch of the Underworld”,чоловічий одяг,1,3.7,0.0
2026-08-15,gla_32140,Футболка unisex “Azazel”,чоловічий одяг,1,6.97,0.0
2026-08-15,gla_28561,"Футболка ""База""",чоловічий одяг,2,8.64,0.0
2026-08-15,gla_33184,"Прапор ""На нулі""",прапори,1,27.99,0.0
2026-08-15,gla_28083,"Прапор ""333""",прапори,1,0.01,0.0
2026-08-15,gla_32088,Зіп-худі unisex “Tarot”,чоловічий одяг,1,7.31,0.0
2026-08-15,gla_33211,"Прапор ""А шо там в баби на городі?""",прапори,1,7.35,0.0
2026-08-15,gla_32054,Штани чоловічі спортивні широкі,новинки,2,29.93,0.0
2026-08-15,gla_33238,"Прапор ""Прогноз погоди: град""",прапори,1,46.24,0.0
2026-08-15,gla_32194,"Футболка unisex ""Вампір""",чоловічий одяг,2,11.24,0.0
2026-08-15,gla_32074,Зіп-худі unisex “Warrior”,чоловічий одяг,1,6.48,0.0
2026-08-15,gla_32180,Футболка unisex “Garden of Bones”,новинки,1,36.65,0.0
2026-08-15,gla_32196,"Футболка unisex ""Вампір""",чоловічий одяг,1,6.72,0.0
2026-08-15,gla_32211,Світшот чоловічий “Warrior”,новинки,1,4.69,0.0
2026-08-15,gla_28187,"Прапор ""FPV пілот""",прапори,1,6.68,0.0
2026-08-15,gla_32171,Футболка unisex “Tarot”,новинки,1,12.51,0.0
2026-08-15,gla_32161,Футболка unisex “Welcome to hell”,чоловічий одяг,1,33.75,0.0
2026-08-15,gla_33568,"Прапор ""Грім і сталь""",прапори,1,1.66,0.0
2026-08-15,gla_28559,"Футболка ""База""",чоловічий одяг,1,4.57,0.0
2026-08-15,gla_32106,Зіп-худі unisex “Azazel”,чоловічий одяг,1,4.92,0.0
2026-08-15,gla_32772,"Футболка unisex ""Вампір""",жіночий одяг,1,17.37,0.0
2026-08-15,gla_33442,"Прапор ""Шеф""",прапори,2,3.32,0.0
2026-08-15,gla_28285,"Прапор ""Незламні""",прапори,2,13.36,0.0
2026-08-15,gla_33476,"Прапор ""В етері""",прапори,2,33.27,0.0
2026-08-15,gla_32247,Штани жіночі спортивні широкі,жіночий одяг,2,16.21,0.0
2026-08-15,gla_30743,"Прапор ""Штурмовики""",прапори,1,2.74,0.0
2026-08-15,gla_28395,"Прапор ""ДСНС""",прапори,2,5.61,0.0
2026-08-15,gla_28558,"Футболка ""База""",чоловічий одяг,6,12.95,0.0
2026-08-15,gla_32225,Світшот чоловічий “Garden of Bones”,чоловічий одяг,1,3.85,0.0
2026-08-15,gla_28014,"Прапор ""Донбас""",прапори,3,54.97,0.0
2026-08-15,gla_32135,Футболка unisex “Warrior”,чоловічий одяг,1,6.38,0.0
2026-08-15,gla_33560,"Прапор ""Heavy Shot""",прапори,1,5.2,0.0
2026-08-15,gla_29876,Комплект кріплення для прапора,аксесуари,2,6.57,0.0
2026-08-15,gla_32214,Світшот чоловічий “Welcome to hell”,новинки,1,3.34,0.0
2026-08-15,gla_33450,"Прапор ""Згідно з наказом""",прапори,1,0.9,0.0
2026-08-15,gla_28008,"Прапор ""Донецьк""",прапори,4,86.22,0.0
2026-08-15,gla_33205,"Прапор ""Стабік""",прапори,2,12.78,0.0
2026-08-15,gla_33241,"Прапор ""Маршрутка""",прапори,1,17.14,0.0
2026-08-15,gla_32783,"Футболка unisex ""Вампір""",жіночий одяг,1,13.29,0.0
2026-08-15,gla_27995,"Прапор ""Воїн в полі""",прапори,1,14.85,0.0
2026-08-15,gla_32133,Футболка unisex “Warrior”,чоловічий одяг,4,38.85,0.0
2026-08-15,gla_33182,"Прапор ""Гроза району""",прапори,2,3.18,0.0
2026-08-15,gla_29160,"Лонгслів ""Міномет""",чоловічий одяг,1,1.96,0.0
2026-08-16,gla_30751,"Прапор ""Камікадзе""",прапори,2,127.41,0.0
2026-08-16,gla_32308,Футболка unisex “Welcome to hell”,жіночий одяг,1,4.82,0.0
2026-08-16,gla_33535,"Прапор ""Засвіт""",прапори,1,29.05,0.0
2026-08-16,gla_34599,"Футболка ""НРК""",новинки,2,25.59,0.0
2026-08-16,gla_28057,"Прапор ""Медик""",прапори,1,3.69,0.0
2026-08-16,gla_28168,"Прапор ""Серебрянський ліс""",прапори,1,10.1,0.0
2026-08-16,gla_28560,"Футболка ""База""",чоловічий одяг,2,10.48,0.0
2026-08-16,gla_32051,Штани чоловічі спортивні широкі,чоловічий одяг,6,33.75,0.0
2026-08-16,gla_28002,"Прапор ""Дрони ведуть""",прапори,1,74.64,0.0
2026-08-16,gla_32071,Зіп-худі unisex “Warrior”,чоловічий одяг,1,2.35,0.0
2026-08-16,gla_28050,"Прапор ""Тінь перемоги""",прапори,4,61.49,0.0
2026-08-16,gla_34644,"Футболка ""Вампіри""",новинки,1,4.51,0.0
2026-08-16,gla_28225,"Прапор ""Привиди вогню""",прапори,2,9.36,0.0
2026-08-16,gla_34570,"Футболка ""Зв'язок""",новинки,1,5.1,0.0
2026-08-16,gla_33468,"Прапор ""Залізні побратими""",прапори,1,45.48,0.0
2026-08-16,gla_32052,Штани чоловічі спортивні широкі,чоловічий одяг,2,12.04,0.0
2026-08-16,gla_32189,Футболка unisex “Arch of the Underworld”,чоловічий одяг,1,14.76,0.0
2026-08-16,gla_32279,Зіп-худі unisex “Arch of the Underworld”,жіночий одяг,1,9.95,0.0
2026-08-16,gla_27990,"Прапор ""За столом смерті""",прапори,2,76.88,0.0
2026-08-16,gla_32309,Футболка unisex “Welcome to hell”,жіночий одяг,1,4.75,0.0
2026-08-16,gla_34686,"Футболка ""Дорога на схід""",новинки,1,18.68,0.0
2026-08-16,gla_27983,"Прапор ""П*зда п*дарам""",прапори,7,130.57,0.0
2026-08-16,gla_34673,"Футболка ""Згідно з наказом""",новинки,2,16.26,0.0
2026-08-16,gla_32230,Світшот чоловічий “Arch of the Underworld”,чоловічий одяг,2,4.1,0.0
2026-08-16,gla_32072,Зіп-худі unisex “Warrior”,чоловічий одяг,1,7.27,0.0
2026-08-16,gla_32195,"Футболка unisex ""Вампір""",чоловічий одяг,2,58.4,0.0
2026-08-16,gla_28561,"Футболка ""База""",чоловічий одяг,1,5.61,0.0
2026-08-16,gla_33184,"Прапор ""На нулі""",прапори,1,8.6,0.0
2026-08-16,gla_32130,Футболка unisex “Warrior”,чоловічий одяг,1,28.43,0.0
2026-08-16,gla_32054,Штани чоловічі спортивні широкі,чоловічий одяг,7,60.79,0.0
2026-08-16,gla_32194,"Футболка unisex ""Вампір""",чоловічий одяг,2,11.41,0.0
2026-08-16,gla_32993,"Прапор ""Лелека""",прапори,1,54.96,0.0
2026-08-16,gla_33235,"Прапор ""Той самий вайб""",прапори,2,54.97,0.0
2026-08-16,gla_32196,"Футболка unisex ""Вампір""",чоловічий одяг,1,13.02,0.0
2026-08-16,gla_33226,"Прапор ""Вампір""",прапори,3,22.17,0.0
2026-08-16,gla_32060,Штани чоловічі спортивні джогери,чоловічий одяг,1,31.76,0.0
2026-08-16,gla_28187,"Прапор ""FPV пілот""",прапори,2,12.29,0.0
2026-08-16,gla_33196,"Прапор ""Привіт від Богдани""",прапори,1,14.72,0.0
2026-08-16,gla_28381,"Прапор ""Одного разу під Запоріжжям""",прапори,1,10.42,0.0
2026-08-16,gla_28389,"Прапор ""Морпіхи""",прапори,1,104.0,0.0
2026-08-16,gla_33568,"Прапор ""Грім і сталь""",прапори,1,9.01,0.0
2026-08-16,gla_28559,"Футболка ""База""",чоловічий одяг,1,6.93,0.0
2026-08-16,gla_32106,Зіп-худі unisex “Azazel”,чоловічий одяг,1,8.77,0.0
2026-08-16,gla_32772,"Футболка unisex ""Вампір""",жіночий одяг,1,8.9,0.0
2026-08-16,gla_28285,"Прапор ""Незламні""",прапори,1,6.81,0.0
2026-08-16,gla_32323,Футболка unisex “Tarot”,жіночий одяг,1,14.17,0.0
2026-08-16,gla_32075,Зіп-худі unisex “Warrior”,чоловічий одяг,1,15.61,0.0
2026-08-16,gla_32247,Штани жіночі спортивні широкі,жіночий одяг,1,2.42,0.0
2026-08-16,gla_28395,"Прапор ""ДСНС""",прапори,1,10.95,0.0
2026-08-16,gla_32128,Футболка unisex “Warrior”,чоловічий одяг,1,38.41,0.0
2026-08-16,gla_28558,"Футболка ""База""",чоловічий одяг,4,32.79,0.0
2026-08-16,gla_28014,"Прапор ""Донбас""",прапори,1,9.5,0.0
2026-08-16,gla_32135,Футболка unisex “Warrior”,чоловічий одяг,1,25.46,0.0
2026-08-16,gla_32149,Футболка unisex “Azazel”,чоловічий одяг,1,6.46,0.0
2026-08-16,gla_32086,Зіп-худі unisex “Tarot”,чоловічий одяг,1,4.56,0.0
2026-08-16,gla_29876,Комплект кріплення для прапора,аксесуари,1,4.23,0.0
2026-08-16,gla_34585,"Футболка ""Арта""",новинки,1,5.27,0.0
2026-08-16,gla_28144,"Прапор ""Механік""",прапори,2,67.57,0.0
2026-08-16,gla_32144,Футболка unisex “Azazel”,чоловічий одяг,1,4.63,0.0
2026-08-16,gla_34729,"Футболка ""Лелека""",новинки,1,2.93,0.0
2026-08-16,gla_33450,"Прапор ""Згідно з наказом""",прапори,2,9.67,0.0
2026-08-16,gla_28008,"Прапор ""Донецьк""",прапори,3,14.8,0.0
2026-08-16,gla_28259,"Прапор ""Водій""",прапори,2,42.46,0.0
2026-08-16,gla_30710,"Прапор ""Баба Яга""",прапори,1,2.89,0.0
2026-08-16,gla_33241,"Прапор ""Маршрутка""",прапори,1,0.42,0.0
2026-08-16,gla_34759,"Футболка ""Перехоплювач""",новинки,1,9.07,0.0
2026-08-16,gla_28211,"Прапор ""Де посадка""",прапори,2,59.02,0.0
2026-08-16,gla_32133,Футболка unisex “Warrior”,чоловічий одяг,1,33.18,0.0
2026-08-16,gla_30309,"Прапор ""Армійська Авіація""",прапори,1,39.86,0.0
2026-08-16,gla_33182,"Прапор ""Гроза району""",прапори,1,3.02,0.0
2026-08-16,gla_29160,"Лонгслів ""Міномет""",чоловічий одяг,1,17.46,0.0
2026-08-17,gla_30751,"Прапор ""Камікадзе""",прапори,7,97.89,0.0
2026-08-17,gla_34599,"Футболка ""НРК""",новинки,2,20.52,0.0
2026-08-17,gla_28057,"Прапор ""Медик""",прапори,2,15.22,0.0
2026-08-17,gla_28168,"Прапор ""Серебрянський ліс""",прапори,1,2.6,0.0
2026-08-17,gla_28560,"Футболка ""База""",чоловічий одяг,1,4.5,0.0
2026-08-17,gla_32051,Штани чоловічі спортивні широкі,чоловічий одяг,3,20.57,0.0
2026-08-17,gla_32071,Зіп-худі unisex “Warrior”,чоловічий одяг,1,10.63,0.0
2026-08-17,gla_32085,Зіп-худі unisex “Tarot”,чоловічий одяг,1,5.7,0.0
2026-08-17,gla_29161,"Лонгслів ""Міномет""",чоловічий одяг,1,30.27,0.0
2026-08-17,gla_28050,"Прапор ""Тінь перемоги""",прапори,1,8.28,0.0
2026-08-17,gla_32209,Світшот чоловічий “Warrior”,чоловічий одяг,1,10.77,0.0
2026-08-17,gla_30738,"Прапор ""Інженер""",прапори,1,14.39,0.0
2026-08-17,gla_33517,"Прапор ""Перехоплювач""",прапори,1,3.0,0.0
2026-08-17,gla_34570,"Футболка ""Зв'язок""",новинки,1,10.26,0.0
2026-08-17,gla_32052,Штани чоловічі спортивні широкі,чоловічий одяг,2,18.38,0.0
2026-08-17,gla_34671,"Футболка ""Згідно з наказом""",новинки,1,5.22,0.0
2026-08-17,gla_34596,"Футболка ""НРК""",новинки,1,1.85,0.0
2026-08-17,gla_27990,"Прапор ""За столом смерті""",прапори,1,20.04,0.0
2026-08-17,gla_27983,"Прапор ""П*зда п*дарам""",прапори,2,13.08,0.0
2026-08-17,gla_34673,"Футболка ""Згідно з наказом""",новинки,3,88.86,0.0
2026-08-17,gla_32072,Зіп-худі unisex “Warrior”,чоловічий одяг,1,2.73,0.0
2026-08-17,gla_34610,"Футболка ""Баба Яга""",новинки,1,33.02,0.0
2026-08-17,gla_32195,"Футболка unisex ""Вампір""",чоловічий одяг,1,6.78,0.0
2026-08-17,gla_34672,"Футболка ""Згідно з наказом""",новинки,4,25.73,0.0
2026-08-17,gla_34670,"Футболка ""Згідно з наказом""",новинки,1,8.73,0.0
2026-08-17,gla_28561,"Футболка ""База""",чоловічий одяг,2,17.09,0.0
2026-08-17,gla_34850,"Худі oversize ""Евак""",новинки,2,11.61,0.0
2026-08-17,gla_32054,Штани чоловічі спортивні широкі,чоловічий одяг,4,23.25,0.0
2026-08-17,gla_34571,"Футболка ""Зв'язок""",новинки,1,4.65,0.0
2026-08-17,gla_28187,"Прапор ""FPV пілот""",прапори,4,55.74,0.0
2026-08-17,gla_33196,"Прапор ""Привіт від Богдани""",прапори,1,1.05,0.0
2026-08-17,gla_28381,"Прапор ""Одного разу під Запоріжжям""",прапори,1,4.03,0.0
2026-08-17,gla_32244,Штани жіночі спортивні широкі,жіночий одяг,1,9.66,0.0
2026-08-17,gla_33568,"Прапор ""Грім і сталь""",прапори,1,0.96,0.0
2026-08-17,gla_28559,"Футболка ""База""",чоловічий одяг,2,4.25,0.0
2026-08-17,gla_32772,"Футболка unisex ""Вампір""",жіночий одяг,1,1.89,0.0
2026-08-17,gla_33476,"Прапор ""В етері""",прапори,1,12.97,0.0
2026-08-17,gla_32075,Зіп-худі unisex “Warrior”,чоловічий одяг,2,36.66,0.0
2026-08-17,gla_34586,"Футболка ""Арта""",новинки,1,0.26,0.0
2026-08-17,gla_28395,"Прапор ""ДСНС""",прапори,1,10.15,0.0
2026-08-17,gla_28558,"Футболка ""База""",чоловічий одяг,2,6.15,0.0
2026-08-17,gla_34630,"Футболка ""В етері""",новинки,2,20.03,0.0
2026-08-17,gla_33560,"Прапор ""Heavy Shot""",прапори,1,7.27,0.0
2026-08-17,gla_28144,"Прапор ""Механік""",прапори,1,18.05,0.0
2026-08-17,gla_32214,Світшот чоловічий “Welcome to hell”,чоловічий одяг,1,13.61,0.0
2026-08-17,gla_32089,Зіп-худі unisex “Tarot”,чоловічий одяг,1,10.83,0.0
2026-08-17,gla_33450,"Прапор ""Згідно з наказом""",прапори,3,22.44,0.0
2026-08-17,gla_28008,"Прапор ""Донецьк""",прапори,4,14.88,0.0
2026-08-17,gla_30710,"Прапор ""Баба Яга""",прапори,1,4.23,0.0
2026-08-17,gla_33205,"Прапор ""Стабік""",прапори,1,12.73,0.0
2026-08-17,gla_28393,"Прапор ""Сапер""",прапори,2,11.87,0.0
2026-08-17,gla_32278,Зіп-худі unisex “Arch of the Underworld”,жіночий одяг,1,5.84,0.0
2026-08-17,gla_32783,"Футболка unisex ""Вампір""",жіночий одяг,2,14.63,0.0
2026-08-17,gla_27995,"Прапор ""Воїн в полі""",прапори,1,5.58,0.0
2026-08-17,gla_34760,"Футболка ""Перехоплювач""",новинки,1,4.17,0.0
2026-08-17,gla_33182,"Прапор ""Гроза району""",прапори,1,9.85,0.0
2026-08-18,gla_30751,"Прапор ""Камікадзе""",прапори,1,6.09,0.0
2026-08-18,gla_32073,Зіп-худі unisex “Warrior”,чоловічий одяг,2,6.13,0.0
2026-08-18,gla_32308,Футболка unisex “Welcome to hell”,жіночий одяг,1,2.84,0.0
2026-08-18,gla_28057,"Прапор ""Медик""",прапори,2,6.8,0.0
2026-08-18,gla_28168,"Прапор ""Серебрянський ліс""",прапори,1,9.09,0.0
2026-08-18,gla_28560,"Футболка ""База""",чоловічий одяг,1,3.21,0.0
2026-08-18,gla_32051,Штани чоловічі спортивні широкі,чоловічий одяг,3,25.27,0.0
2026-08-18,gla_28002,"Прапор ""Дрони ведуть""",прапори,4,54.84,0.0
2026-08-18,gla_32071,Зіп-худі unisex “Warrior”,чоловічий одяг,5,46.66,0.0
2026-08-18,gla_32267,Зіп-худі unisex “Tarot”,жіночий одяг,1,4.33,0.0
2026-08-18,gla_34730,"Футболка ""Лелека""",новинки,1,3.23,0.0
2026-08-18,gla_35003,"Худі oversize ""Той самий вайб""",новинки,1,3.16,0.0
2026-08-18,gla_32062,Штани чоловічі спортивні джогери,чоловічий одяг,2,61.64,0.0
2026-08-18,gla_34569,"Футболка ""Зв'язок""",новинки,1,8.3,0.0
2026-08-18,gla_28050,"Прапор ""Тінь перемоги""",прапори,1,4.19,0.0
2026-08-18,gla_28225,"Прапор ""Привиди вогню""",прапори,2,4.74,0.0
2026-08-18,gla_32209,Світшот чоловічий “Warrior”,чоловічий одяг,1,10.8,0.0
2026-08-18,gla_30738,"Прапор ""Інженер""",прапори,1,15.26,0.0
2026-08-18,gla_34572,"Футболка ""Зв'язок""",новинки,1,62.61,0.0
2026-08-18,gla_34685,"Футболка ""Дорога на схід""",новинки,2,98.52,0.0
2026-08-18,gla_28253,"Прапор ""Звʼязок""",прапори,1,14.35,0.0
2026-08-18,gla_32052,Штани чоловічі спортивні широкі,чоловічий одяг,9,57.22,0.0
2026-08-18,gla_34596,"Футболка ""НРК""",новинки,1,12.09,0.0
2026-08-18,gla_34942,"Худі oversize ""Згідно з наказом""",новинки,1,9.41,0.0
2026-08-18,gla_32053,Штани чоловічі спортивні широкі,чоловічий одяг,6,33.28,0.0
2026-08-18,gla_32189,Футболка unisex “Arch of the Underworld”,чоловічий одяг,1,16.25,0.0
2026-08-18,gla_27990,"Прапор ""За столом смерті""",прапори,2,25.93,0.0
2026-08-18,gla_32309,Футболка unisex “Welcome to hell”,жіночий одяг,1,1.47,0.0
2026-08-18,gla_28266,"Прапор ""Чисте Небо""",прапори,1,3.33,0.0
2026-08-18,gla_32216,Світшот чоловічий “Welcome to hell”,чоловічий одяг,1,5.27,0.0
2026-08-18,gla_27983,"Прапор ""П*зда п*дарам""",прапори,2,35.26,0.0
2026-08-18,gla_33199,"Прапор ""Мінометники""",прапори,1,1.31,0.0
2026-08-18,gla_34673,"Футболка ""Згідно з наказом""",новинки,1,10.15,0.0
2026-08-18,gla_32263,Зіп-худі unisex “Tarot”,жіночий одяг,1,8.34,0.200136
2026-08-18,gla_34698,"Футболка ""Залізні побратими""",новинки,2,82.37,0.0
2026-08-18,gla_34672,"Футболка ""Згідно з наказом""",новинки,2,7.02,0.0
2026-08-18,gla_34670,"Футболка ""Згідно з наказом""",новинки,1,5.03,0.0
2026-08-18,gla_28561,"Футболка ""База""",чоловічий одяг,2,16.5,0.0
2026-08-18,gla_33184,"Прапор ""На нулі""",прапори,1,28.43,0.0
2026-08-18,gla_34598,"Футболка ""НРК""",новинки,1,12.5,0.0
2026-08-18,gla_32110,Зіп-худі unisex “Azazel”,чоловічий одяг,1,0.85,0.0
2026-08-18,gla_32054,Штани чоловічі спортивні широкі,чоловічий одяг,5,25.24,0.0
2026-08-18,gla_33238,"Прапор ""Прогноз погоди: град""",прапори,1,34.91,0.0
2026-08-18,gla_34571,"Футболка ""Зв'язок""",новинки,1,6.21,0.0
2026-08-18,gla_32196,"Футболка unisex ""Вампір""",чоловічий одяг,3,18.51,0.0
2026-08-18,gla_33226,"Прапор ""Вампір""",прапори,3,7.13,0.0
2026-08-18,gla_30664,"Прапор ""Дорога на схід""",прапори,1,6.73,0.0
2026-08-18,gla_34584,"Футболка ""Арта""",новинки,1,1.8,0.0
2026-08-18,gla_28187,"Прапор ""FPV пілот""",прапори,3,27.02,0.0
2026-08-18,gla_33196,"Прапор ""Привіт від Богдани""",прапори,1,8.87,0.0
2026-08-18,gla_28379,"Прапор ""Одного разу під Донецьком""",прапори,1,15.74,0.0
2026-08-18,gla_28559,"Футболка ""База""",чоловічий одяг,4,11.35,0.0
2026-08-18,gla_32264,Зіп-худі unisex “Tarot”,жіночий одяг,1,6.52,0.0
2026-08-18,gla_28285,"Прапор ""Незламні""",прапори,1,9.22,0.0
2026-08-18,gla_34583,"Футболка ""Арта""",новинки,1,22.44,0.0
2026-08-18,gla_30289,"Прапор ""Пекельна трійка""",прапори,1,1.09,0.0
2026-08-18,gla_32247,Штани жіночі спортивні широкі,жіночий одяг,1,10.33,0.0
2026-08-18,gla_28375,"Прапор ""Одного разу під Харковом""",прапори,1,5.61,0.0
2026-08-18,gla_28395,"Прапор ""ДСНС""",прапори,1,45.38,0.0
2026-08-18,gla_34903,"Худі oversize ""Гроза району""",новинки,1,8.6,0.0
2026-08-18,gla_28558,"Футболка ""База""",чоловічий одяг,1,1.26,0.0
2026-08-18,gla_34631,"Футболка ""В етері""",новинки,3,12.48,0.0
2026-08-18,gla_32266,Зіп-худі unisex “Tarot”,жіночий одяг,3,11.37,1.0
2026-08-18,gla_28014,"Прапор ""Донбас""",прапори,1,6.52,0.0
2026-08-18,gla_32149,Футболка unisex “Azazel”,чоловічий одяг,1,5.36,0.0
2026-08-18,gla_34840,"Худі oversize ""Звʼязок""",новинки,2,18.57,0.0
2026-08-18,gla_34642,"Футболка ""Вампіри""",новинки,2,105.64,0.0
2026-08-18,gla_34860,"Худі oversize ""Час спокою""",новинки,1,2.58,0.0
2026-08-18,gla_29876,Комплект кріплення для прапора,аксесуари,1,0.9,0.0
2026-08-18,gla_34585,"Футболка ""Арта""",новинки,1,2.17,0.0
2026-08-18,gla_32144,Футболка unisex “Azazel”,чоловічий одяг,1,10.15,0.0
2026-08-18,gla_32307,Футболка unisex “Welcome to hell”,жіночий одяг,1,28.07,0.0
2026-08-18,gla_33450,"Прапор ""Згідно з наказом""",прапори,4,70.99,0.0
2026-08-18,gla_28008,"Прапор ""Донецьк""",прапори,5,56.64,0.0
2026-08-18,gla_30710,"Прапор ""Баба Яга""",прапори,3,10.46,0.0
2026-08-18,gla_28393,"Прапор ""Сапер""",прапори,1,7.16,0.0
2026-08-18,gla_32169,Футболка unisex “Tarot”,чоловічий одяг,2,11.84,0.0
2026-08-18,gla_33241,"Прапор ""Маршрутка""",прапори,1,1.98,0.0
2026-08-18,gla_28211,"Прапор ""Де посадка""",прапори,2,14.27,0.0
2026-08-18,gla_34817,"Худі oversize ""Морпіхи""",новинки,3,22.37,0.0
2026-08-18,gla_34828,"Худі oversize ""Сапер""",новинки,2,4.43,0.0
2026-08-18,gla_30309,"Прапор ""Армійська Авіація""",прапори,1,13.9,0.0
2026-08-18,gla_34629,"Футболка ""В етері""",новинки,1,5.59,0.0
2026-08-18,gla_33182,"Прапор ""Гроза району""",прапори,2,12.46,0.0
2026-08-18,gla_32108,Зіп-худі unisex “Azazel”,чоловічий одяг,1,13.22,0.0
2026-08-19,gla_30751,"Прапор ""Камікадзе""",прапори,3,39.62,0.0
2026-08-19,gla_28560,"Футболка ""База""",чоловічий одяг,1,2.72,0.0
2026-08-19,gla_32051,Штани чоловічі спортивні широкі,чоловічий одяг,4,22.75,0.0
2026-08-19,gla_28002,"Прапор ""Дрони ведуть""",прапори,1,31.43,0.0
2026-08-19,gla_34730,"Футболка ""Лелека""",новинки,1,6.61,0.0
2026-08-19,gla_30345,"Прапор ""План помсти""",прапори,1,35.19,0.0
2026-08-19,gla_28207,"Прапор ""Мелодія смерті""",прапори,1,0.11,0.0
2026-08-19,gla_28050,"Прапор ""Тінь перемоги""",прапори,1,5.41,0.0
2026-08-19,gla_34644,"Футболка ""Вампіри""",новинки,1,3.55,0.0
2026-08-19,gla_33202,"Прапор ""Кінолог""",прапори,1,11.59,0.0
2026-08-19,gla_30738,"Прапор ""Інженер""",прапори,1,3.7,0.0
2026-08-19,gla_34879,"Худі oversize ""Дорога на схід""",новинки,2,25.01,0.0
2026-08-19,gla_28385,"Прапор ""Винищувач""",прапори,1,13.57,0.0
2026-08-19,gla_28253,"Прапор ""Звʼязок""",прапори,1,18.94,0.0
2026-08-19,gla_32052,Штани чоловічі спортивні широкі,чоловічий одяг,4,120.5,0.0
2026-08-19,gla_34671,"Футболка ""Згідно з наказом""",новинки,1,3.61,0.0
2026-08-19,gla_34596,"Футболка ""НРК""",новинки,1,13.05,0.0
2026-08-19,gla_34942,"Худі oversize ""Згідно з наказом""",новинки,1,8.79,0.0
2026-08-19,gla_32053,Штани чоловічі спортивні широкі,чоловічий одяг,2,18.49,0.0
2026-08-19,gla_32189,Футболка unisex “Arch of the Underworld”,чоловічий одяг,1,19.82,0.0
2026-08-19,gla_34643,"Футболка ""Вампіри""",новинки,1,3.26,0.0
2026-08-19,gla_34929,"Худі oversize ""В етері""",новинки,1,15.14,0.0
2026-08-19,gla_32309,Футболка unisex “Welcome to hell”,жіночий одяг,1,6.8,0.0
2026-08-19,gla_32216,Світшот чоловічий “Welcome to hell”,чоловічий одяг,1,0.56,0.0
2026-08-19,gla_27983,"Прапор ""П*зда п*дарам""",прапори,3,48.27,0.0
2026-08-19,gla_33199,"Прапор ""Мінометники""",прапори,1,17.75,0.0
2026-08-19,gla_34673,"Футболка ""Згідно з наказом""",новинки,1,7.92,0.0
2026-08-19,gla_32072,Зіп-худі unisex “Warrior”,чоловічий одяг,1,5.16,0.0
2026-08-19,gla_34610,"Футболка ""Баба Яга""",новинки,1,1.3,0.0
2026-08-19,gla_32263,Зіп-худі unisex “Tarot”,жіночий одяг,1,1.88,0.0
2026-08-19,gla_34698,"Футболка ""Залізні побратими""",новинки,1,8.37,0.0
2026-08-19,gla_34672,"Футболка ""Згідно з наказом""",новинки,2,9.36,0.0
2026-08-19,gla_34850,"Худі oversize ""Евак""",новинки,3,34.83,0.0
2026-08-19,gla_32054,Штани чоловічі спортивні широкі,чоловічий одяг,8,159.79,0.0
2026-08-19,gla_34571,"Футболка ""Зв'язок""",новинки,1,4.89,0.0
2026-08-19,gla_33235,"Прапор ""Той самий вайб""",прапори,1,4.66,0.0
2026-08-19,gla_28187,"Прапор ""FPV пілот""",прапори,4,51.66,0.0
2026-08-19,gla_28559,"Футболка ""База""",чоловічий одяг,1,5.08,0.0
2026-08-19,gla_35015,"Худі oversize ""Баба Яга""",новинки,1,3.16,0.0
2026-08-19,gla_32265,Зіп-худі unisex “Tarot”,жіночий одяг,1,5.89,0.080059
2026-08-19,gla_28395,"Прапор ""ДСНС""",прапори,1,1.11,0.0
2026-08-19,gla_34903,"Худі oversize ""Гроза району""",новинки,3,19.37,0.0
2026-08-19,gla_28558,"Футболка ""База""",чоловічий одяг,3,17.46,0.0
2026-08-19,gla_28014,"Прапор ""Донбас""",прапори,2,18.74,0.0
2026-08-19,gla_34860,"Худі oversize ""Час спокою""",новинки,1,23.54,0.0
2026-08-19,gla_29876,Комплект кріплення для прапора,аксесуари,2,1.47,0.0
2026-08-19,gla_35027,"Худі oversize ""Вампір""",новинки,1,3.39,0.0
2026-08-19,gla_30717,"Прапор ""Битва за життя""",прапори,1,21.36,0.0
2026-08-19,gla_33450,"Прапор ""Згідно з наказом""",прапори,2,23.02,0.0
2026-08-19,gla_30710,"Прапор ""Баба Яга""",прапори,1,1.28,0.0
2026-08-19,gla_28077,"Прапор ""Життя""",прапори,1,16.88,0.0
2026-08-19,gla_34817,"Худі oversize ""Морпіхи""",новинки,3,21.83,0.0
2026-08-19,gla_34641,"Футболка ""Вампіри""",новинки,1,1.9,0.0
2026-08-19,gla_34828,"Худі oversize ""Сапер""",новинки,1,15.15,0.0
2026-08-19,gla_34629,"Футболка ""В етері""",новинки,1,3.99,0.0
2026-08-19,gla_33182,"Прапор ""Гроза району""",прапори,1,2.0,0.0
2026-08-19,gla_29160,"Лонгслів ""Міномет""",чоловічий одяг,1,10.37,0.0
2026-08-19,gla_34762,"Футболка ""Перехоплювач""",новинки,1,1.83,0.0
2026-08-20,gla_30751,"Прапор ""Камікадзе""",прапори,1,6.28,0.0
2026-08-20,gla_33535,"Прапор ""Засвіт""",прапори,1,6.58,0.0
2026-08-20,gla_34599,"Футболка ""НРК""",новинки,1,1.68,0.0
2026-08-20,gla_28168,"Прапор ""Серебрянський ліс""",прапори,1,37.72,0.0
2026-08-20,gla_28560,"Футболка ""База""",чоловічий одяг,1,8.75,0.0
2026-08-20,gla_32051,Штани чоловічі спортивні широкі,чоловічий одяг,2,11.87,0.0
2026-08-20,gla_28002,"Прапор ""Дрони ведуть""",прапори,1,6.04,0.0
2026-08-20,gla_28050,"Прапор ""Тінь перемоги""",прапори,1,9.88,0.0
2026-08-20,gla_34570,"Футболка ""Зв'язок""",новинки,2,9.91,0.0
2026-08-20,gla_33468,"Прапор ""Залізні побратими""",прапори,1,12.02,0.0
2026-08-20,gla_34870,"Худі oversize ""Арта""",новинки,1,4.21,0.0
2026-08-20,gla_32052,Штани чоловічі спортивні широкі,чоловічий одяг,3,22.49,0.0
2026-08-20,gla_34891,"Худі oversize ""Вампіри""",новинки,2,17.59,0.0
2026-08-20,gla_34596,"Футболка ""НРК""",новинки,1,1.96,0.0
2026-08-20,gla_27983,"Прапор ""П*зда п*дарам""",прапори,4,60.01,0.052281
2026-08-20,gla_33199,"Прапор ""Мінометники""",прапори,1,16.17,0.0
2026-08-20,gla_34673,"Футболка ""Згідно з наказом""",новинки,1,9.38,0.0
2026-08-20,gla_34672,"Футболка ""Згідно з наказом""",новинки,1,5.54,0.0
2026-08-20,gla_34670,"Футболка ""Згідно з наказом""",новинки,1,1.83,0.0
2026-08-20,gla_32054,Штани чоловічі спортивні широкі,чоловічий одяг,3,23.31,0.0
2026-08-20,gla_32993,"Прапор ""Лелека""",прапори,2,13.92,0.0
2026-08-20,gla_32196,"Футболка unisex ""Вампір""",чоловічий одяг,1,6.22,0.0
2026-08-20,gla_28187,"Прапор ""FPV пілот""",прапори,2,8.15,0.0
2026-08-20,gla_28389,"Прапор ""Морпіхи""",прапори,1,0.84,0.0
2026-08-20,gla_28559,"Футболка ""База""",чоловічий одяг,1,1.2,0.0
2026-08-20,gla_30724,"Прапор ""Подих снайпера""",прапори,1,7.68,0.0
2026-08-20,gla_30743,"Прапор ""Штурмовики""",прапори,1,35.84,0.0
2026-08-20,gla_32265,Зіп-худі unisex “Tarot”,жіночий одяг,2,7.8,0.0
2026-08-20,gla_29876,Комплект кріплення для прапора,аксесуари,1,1.31,0.0
2026-08-20,gla_35027,"Худі oversize ""Вампір""",новинки,3,67.46,0.0
2026-08-20,gla_34585,"Футболка ""Арта""",новинки,1,1.99,0.0
2026-08-20,gla_28144,"Прапор ""Механік""",прапори,1,4.82,0.0
2026-08-20,gla_30717,"Прапор ""Битва за життя""",прапори,1,34.51,0.0
2026-08-20,gla_33450,"Прапор ""Згідно з наказом""",прапори,1,3.26,0.0
2026-08-20,gla_33451,"Прапор ""Зелений спектр""",прапори,1,39.03,0.0
2026-08-20,gla_28008,"Прапор ""Донецьк""",прапори,1,2.46,0.0
2026-08-20,gla_30710,"Прапор ""Баба Яга""",прапори,1,4.04,0.0
2026-08-20,gla_28156,"Прапор ""Місцевий""",прапори,1,30.47,0.0
2026-08-20,gla_34828,"Худі oversize ""Сапер""",новинки,1,3.03,0.0
2026-08-20,gla_29160,"Лонгслів ""Міномет""",чоловічий одяг,2,3.56,0.0
2026-08-21,gla_30751,"Прапор ""Камікадзе""",прапори,2,21.71,0.0
2026-08-21,gla_34599,"Футболка ""НРК""",новинки,2,10.39,0.0
2026-08-21,gla_28057,"Прапор ""Медик""",прапори,1,4.19,0.0
2026-08-21,gla_28560,"Футболка ""База""",чоловічий одяг,1,6.35,0.0
2026-08-21,gla_32051,Штани чоловічі спортивні широкі,чоловічий одяг,1,3.52,0.0
2026-08-21,gla_28002,"Прапор ""Дрони ведуть""",прапори,2,16.95,0.0
2026-08-21,gla_33517,"Прапор ""Перехоплювач""",прапори,1,11.04,0.0
2026-08-21,gla_34570,"Футболка ""Зв'язок""",новинки,1,9.04,0.0
2026-08-21,gla_28064,"Прапор ""До кінця, брате""",прапори,1,15.31,0.0
2026-08-21,gla_32052,Штани чоловічі спортивні широкі,чоловічий одяг,3,36.13,0.0
2026-08-21,gla_34671,"Футболка ""Згідно з наказом""",новинки,2,5.99,0.0
2026-08-21,gla_34596,"Футболка ""НРК""",новинки,1,11.08,0.0
2026-08-21,gla_34643,"Футболка ""Вампіри""",новинки,1,5.77,0.0
2026-08-21,gla_34929,"Худі oversize ""В етері""",новинки,1,17.4,0.0
2026-08-21,gla_27990,"Прапор ""За столом смерті""",прапори,2,13.5,0.0
2026-08-21,gla_27983,"Прапор ""П*зда п*дарам""",прапори,1,4.09,0.0
2026-08-21,gla_28561,"Футболка ""База""",чоловічий одяг,1,2.13,0.0
2026-08-21,gla_34598,"Футболка ""НРК""",новинки,1,12.91,0.0
2026-08-21,gla_34850,"Худі oversize ""Евак""",новинки,3,17.3,0.0
2026-08-21,gla_32054,Штани чоловічі спортивні широкі,чоловічий одяг,3,33.64,0.0
2026-08-21,gla_28187,"Прапор ""FPV пілот""",прапори,1,7.5,0.0
2026-08-21,gla_28381,"Прапор ""Одного разу під Запоріжжям""",прапори,2,16.8,0.0
2026-08-21,gla_34657,"Футболка ""Гроза району""",новинки,1,30.63,0.0
2026-08-21,gla_33476,"Прапор ""В етері""",прапори,1,7.23,0.0
2026-08-21,gla_28375,"Прапор ""Одного разу під Харковом""",прапори,1,7.08,0.0
2026-08-21,gla_28395,"Прапор ""ДСНС""",прапори,1,8.76,0.0
2026-08-21,gla_34630,"Футболка ""В етері""",новинки,1,5.38,0.0
2026-08-21,gla_32266,Зіп-худі unisex “Tarot”,жіночий одяг,1,4.34,1.0
2026-08-21,gla_28014,"Прапор ""Донбас""",прапори,1,0.58,0.0
2026-08-21,gla_34860,"Худі oversize ""Час спокою""",новинки,1,6.34,0.0
2026-08-21,gla_29876,Комплект кріплення для прапора,аксесуари,2,2.29,0.0
2026-08-21,gla_35027,"Худі oversize ""Вампір""",новинки,2,7.02,0.0
2026-08-21,gla_34613,"Футболка ""Баба Яга""",новинки,1,2.23,0.0
2026-08-21,gla_33193,"Прапор ""Кулеметник""",прапори,2,3.08,0.0
2026-08-21,gla_33450,"Прапор ""Згідно з наказом""",прапори,4,37.4,0.0
2026-08-21,gla_34732,"Футболка ""Лелека""",новинки,1,26.21,0.0
2026-08-21,gla_28008,"Прапор ""Донецьк""",прапори,1,9.25,0.0
2026-08-21,gla_28259,"Прапор ""Водій""",прапори,1,3.32,0.0
2026-08-21,gla_30710,"Прапор ""Баба Яга""",прапори,1,1.51,0.0
2026-08-21,gla_28383,"Прапор ""Одного разу під Херсоном""",прапори,1,7.42,0.0
2026-08-21,gla_28211,"Прапор ""Де посадка""",прапори,1,3.72,0.0
2026-08-21,gla_34828,"Худі oversize ""Сапер""",новинки,1,7.31,0.0
2026-08-21,gla_34629,"Футболка ""В етері""",новинки,1,11.86,0.0
2026-08-22,gla_30751,"Прапор ""Камікадзе""",прапори,8,78.14,0.0
2026-08-22,gla_28057,"Прапор ""Медик""",прапори,1,7.82,0.0
2026-08-22,gla_28560,"Футболка ""База""",чоловічий одяг,2,10.39,0.0
2026-08-22,gla_28002,"Прапор ""Дрони ведуть""",прапори,1,7.06,0.0
2026-08-22,gla_34730,"Футболка ""Лелека""",новинки,1,5.19,0.0
2026-08-22,gla_30321,"Прапор ""Інструктор""",прапори,1,1.5,0.0
2026-08-22,gla_28050,"Прапор ""Тінь перемоги""",прапори,1,9.03,0.0
2026-08-22,gla_34644,"Футболка ""Вампіри""",новинки,1,2.61,0.0
2026-08-22,gla_28225,"Прапор ""Привиди вогню""",прапори,1,27.55,0.947719
2026-08-22,gla_28283,"Прапор ""Хижак""",прапори,1,40.26,0.0
2026-08-22,gla_33517,"Прапор ""Перехоплювач""",прапори,1,3.67,0.0
2026-08-22,gla_33468,"Прапор ""Залізні побратими""",прапори,1,5.08,0.0
2026-08-22,gla_28064,"Прапор ""До кінця, брате""",прапори,1,5.11,0.0
2026-08-22,gla_34891,"Худі oversize ""Вампіри""",новинки,2,7.34,0.0
2026-08-22,gla_34671,"Футболка ""Згідно з наказом""",новинки,1,3.76,0.0
2026-08-22,gla_34942,"Худі oversize ""Згідно з наказом""",новинки,1,2.78,0.0
2026-08-22,gla_32053,Штани чоловічі спортивні широкі,чоловічий одяг,1,13.12,0.0
2026-08-22,gla_27983,"Прапор ""П*зда п*дарам""",прапори,5,51.72,0.0
2026-08-22,gla_34673,"Футболка ""Згідно з наказом""",новинки,1,4.07,0.0
2026-08-22,gla_32195,"Футболка unisex ""Вампір""",чоловічий одяг,1,3.17,0.0
2026-08-22,gla_34672,"Футболка ""Згідно з наказом""",новинки,1,3.45,0.0
2026-08-22,gla_34670,"Футболка ""Згідно з наказом""",новинки,1,1.53,0.0
2026-08-22,gla_32054,Штани чоловічі спортивні широкі,чоловічий одяг,1,10.35,0.0
2026-08-22,gla_30664,"Прапор ""Дорога на схід""",прапори,1,10.1,0.0
2026-08-22,gla_32277,Зіп-худі unisex “Arch of the Underworld”,жіночий одяг,1,1.29,0.0
2026-08-22,gla_28187,"Прапор ""FPV пілот""",прапори,2,19.98,0.0
2026-08-22,gla_28389,"Прапор ""Морпіхи""",прапори,1,27.85,0.0
2026-08-22,gla_28285,"Прапор ""Незламні""",прапори,1,8.23,0.0
2026-08-22,gla_30724,"Прапор ""Подих снайпера""",прапори,1,5.12,0.0
2026-08-22,gla_30289,"Прапор ""Пекельна трійка""",прапори,2,22.52,0.0
2026-08-22,gla_32247,Штани жіночі спортивні широкі,жіночий одяг,1,1.02,0.0
2026-08-22,gla_34631,"Футболка ""В етері""",новинки,1,0.74,0.0
2026-08-22,gla_34962,"Худі oversize ""Зелений спектр""",новинки,1,4.36,0.0
2026-08-22,gla_34642,"Футболка ""Вампіри""",новинки,1,3.08,0.0
2026-08-22,gla_29876,Комплект кріплення для прапора,аксесуари,1,1.48,0.0
2026-08-22,gla_35027,"Худі oversize ""Вампір""",новинки,1,15.71,0.0
2026-08-22,gla_34585,"Футболка ""Арта""",новинки,3,11.03,0.0
2026-08-22,gla_28144,"Прапор ""Механік""",прапори,1,10.49,0.0
2026-08-22,gla_28008,"Прапор ""Донецьк""",прапори,2,18.74,0.0
2026-08-22,gla_28393,"Прапор ""Сапер""",прапори,1,1.88,0.0
2026-08-22,gla_32783,"Футболка unisex ""Вампір""",жіночий одяг,1,6.34,0.0
2026-08-23,gla_30751,"Прапор ""Камікадзе""",прапори,1,21.77,0.0
2026-08-23,gla_28057,"Прапор ""Медик""",прапори,2,2.68,0.0
2026-08-23,gla_28560,"Футболка ""База""",чоловічий одяг,1,0.93,0.0
2026-08-23,gla_28002,"Прапор ""Дрони ведуть""",прапори,7,45.93,0.0
2026-08-23,gla_34569,"Футболка ""Зв'язок""",новинки,1,4.95,0.0
2026-08-23,gla_28283,"Прапор ""Хижак""",прапори,1,0.12,0.0
2026-08-23,gla_33517,"Прапор ""Перехоплювач""",прапори,1,2.29,0.0
2026-08-23,gla_34570,"Футболка ""Зв'язок""",новинки,2,14.34,0.0
2026-08-23,gla_32052,Штани чоловічі спортивні широкі,чоловічий одяг,3,25.42,0.0
2026-08-23,gla_34942,"Худі oversize ""Згідно з наказом""",новинки,1,1.81,0.0
2026-08-23,gla_27983,"Прапор ""П*зда п*дарам""",прапори,3,16.77,0.0
2026-08-23,gla_32054,Штани чоловічі спортивні широкі,чоловічий одяг,2,6.52,0.0
2026-08-23,gla_32196,"Футболка unisex ""Вампір""",чоловічий одяг,1,4.89,0.0
2026-08-23,gla_33226,"Прапор ""Вампір""",прапори,2,21.79,0.0
2026-08-23,gla_30664,"Прапор ""Дорога на схід""",прапори,2,12.77,0.0
2026-08-23,gla_34584,"Футболка ""Арта""",новинки,1,6.23,0.0
2026-08-23,gla_30724,"Прапор ""Подих снайпера""",прапори,1,1.28,0.0
2026-08-23,gla_30743,"Прапор ""Штурмовики""",прапори,1,12.5,0.0
2026-08-23,gla_33492,"Прапор ""Танкісти""",чоловічий одяг,1,20.52,0.0
2026-08-23,gla_32266,Зіп-худі unisex “Tarot”,жіночий одяг,1,3.98,0.0
2026-08-23,gla_34840,"Худі oversize ""Звʼязок""",новинки,1,0.83,0.0
2026-08-23,gla_33244,"Прапор ""На кулаках""",прапори,1,16.36,0.0
2026-08-23,gla_34642,"Футболка ""Вампіри""",новинки,1,4.77,0.0
2026-08-23,gla_35042,"Худі oversize ""Вампір""",новинки,1,12.78,0.0
2026-08-23,gla_28008,"Прапор ""Донецьк""",прапори,2,47.64,0.0
2026-08-23,gla_28393,"Прапор ""Сапер""",прапори,1,39.42,0.0
2026-08-23,gla_28156,"Прапор ""Місцевий""",прапори,1,12.13,0.0
2026-08-23,gla_34760,"Футболка ""Перехоплювач""",новинки,1,2.79,0.0
2026-08-23,gla_34828,"Худі oversize ""Сапер""",новинки,1,2.4,0.0
2026-08-23,gla_33182,"Прапор ""Гроза району""",прапори,2,2.5,0.0
2026-08-27,gla_32073,Зіп-худі unisex “Warrior”,чоловічий одяг,1,10.68,0.0
2026-08-27,gla_32257,Зіп-худі unisex “Welcome to hell”,жіночий одяг,1,4.3,0.0
2026-08-27,gla_28057,"Прапор ""Медик""",прапори,1,7.52,0.0
2026-08-27,gla_32051,Штани чоловічі спортивні широкі,чоловічий одяг,7,41.42,0.0
2026-08-27,gla_28002,"Прапор ""Дрони ведуть""",прапори,1,3.14,0.0
2026-08-27,gla_30345,"Прапор ""План помсти""",прапори,1,20.0,0.0
2026-08-27,gla_30738,"Прапор ""Інженер""",прапори,4,14.64,0.0
2026-08-27,gla_32273,Зіп-худі unisex “Garden of Bones”,жіночий одяг,1,3.29,0.0
2026-08-27,gla_32052,Штани чоловічі спортивні широкі,чоловічий одяг,2,5.77,0.0
2026-08-27,gla_32053,Штани чоловічі спортивні широкі,чоловічий одяг,2,11.54,0.0
2026-08-27,gla_27983,"Прапор ""П*зда п*дарам""",прапори,1,1.34,0.0
2026-08-27,gla_32260,Зіп-худі unisex “Welcome to hell”,жіночий одяг,1,1.57,0.0
2026-08-27,gla_34673,"Футболка ""Згідно з наказом""",новинки,1,6.73,0.0
2026-08-27,gla_34952,"Худі oversize ""Залізні побратими""",новинки,1,3.9,0.0
2026-08-27,gla_33184,"Прапор ""На нулі""",прапори,1,10.77,0.0
2026-08-27,gla_32313,Футболка unisex “Welcome to hell”,жіночий одяг,1,3.15,0.0
2026-08-27,gla_32196,"Футболка unisex ""Вампір""",чоловічий одяг,1,3.6,0.0
2026-08-27,gla_33226,"Прапор ""Вампір""",прапори,2,7.72,0.0
2026-08-27,gla_28187,"Прапор ""FPV пілот""",прапори,3,18.76,0.0
2026-08-27,gla_33196,"Прапор ""Привіт від Богдани""",прапори,1,9.27,0.0
2026-08-27,gla_34586,"Футболка ""Арта""",новинки,1,2.2,0.0
2026-08-27,gla_28395,"Прапор ""ДСНС""",прапори,1,2.58,0.0
2026-08-27,gla_34631,"Футболка ""В етері""",новинки,1,8.61,0.0
2026-08-27,gla_34630,"Футболка ""В етері""",новинки,1,6.91,0.0
2026-08-27,gla_34585,"Футболка ""Арта""",новинки,1,5.09,0.0
2026-08-27,gla_33450,"Прапор ""Згідно з наказом""",прапори,1,15.59,0.0
2026-08-27,gla_28008,"Прапор ""Донецьк""",прапори,1,14.4,0.0
2026-08-27,gla_28393,"Прапор ""Сапер""",прапори,1,2.98,0.0
2026-08-27,gla_32256,Зіп-худі unisex “Welcome to hell”,жіночий одяг,1,2.97,0.0
2026-08-27,gla_34828,"Худі oversize ""Сапер""",новинки,1,0.65,0.0
2026-08-28,gla_30751,"Прапор ""Камікадзе""",прапори,2,25.75,0.0
2026-08-28,gla_32257,Зіп-худі unisex “Welcome to hell”,жіночий одяг,1,1.0,0.0
2026-08-28,gla_28057,"Прапор ""Медик""",прапори,2,5.24,0.0
2026-08-28,gla_32051,Штани чоловічі спортивні широкі,чоловічий одяг,1,4.98,0.0
2026-08-28,gla_28002,"Прапор ""Дрони ведуть""",прапори,1,9.39,0.0
2026-08-28,gla_32071,Зіп-худі unisex “Warrior”,чоловічий одяг,1,8.72,0.0
2026-08-28,gla_32210,Світшот чоловічий “Warrior”,чоловічий одяг,1,0.31,0.0
2026-08-28,gla_28283,"Прапор ""Хижак""",прапори,1,12.01,0.0
2026-08-28,gla_33517,"Прапор ""Перехоплювач""",прапори,1,5.44,0.0
2026-08-28,gla_34572,"Футболка ""Зв'язок""",новинки,2,7.4,0.0
2026-08-28,gla_34870,"Худі oversize ""Арта""",новинки,1,5.84,0.0
2026-08-28,gla_32052,Штани чоловічі спортивні широкі,чоловічий одяг,5,57.12,0.0
2026-08-28,gla_34891,"Худі oversize ""Вампіри""",новинки,2,42.66,0.0
2026-08-28,gla_34942,"Худі oversize ""Згідно з наказом""",новинки,3,19.38,0.0
2026-08-28,gla_32053,Штани чоловічі спортивні широкі,чоловічий одяг,1,2.37,0.0
2026-08-28,gla_34929,"Худі oversize ""В етері""",новинки,1,8.42,0.0
2026-08-28,gla_27983,"Прапор ""П*зда п*дарам""",прапори,2,11.23,0.0
2026-08-28,gla_32260,Зіп-худі unisex “Welcome to hell”,жіночий одяг,4,14.73,0.0
2026-08-28,gla_34673,"Футболка ""Згідно з наказом""",новинки,1,6.87,0.0
2026-08-28,gla_32230,Світшот чоловічий “Arch of the Underworld”,чоловічий одяг,1,4.56,0.0
2026-08-28,gla_32054,Штани чоловічі спортивні широкі,чоловічий одяг,2,8.43,0.0
2026-08-28,gla_33235,"Прапор ""Той самий вайб""",прапори,1,18.98,0.0
2026-08-28,gla_32215,Світшот чоловічий “Welcome to hell”,чоловічий одяг,1,0.21,0.0
2026-08-28,gla_33226,"Прапор ""Вампір""",прапори,1,0.69,2.0
2026-08-28,gla_30664,"Прапор ""Дорога на схід""",прапори,1,12.24,0.0
2026-08-28,gla_28209,"Прапор ""Тиша""",прапори,1,7.79,1.0
2026-08-28,gla_32079,Зіп-худі unisex “Welcome to hell”,чоловічий одяг,1,30.05,0.0
2026-08-28,gla_32264,Зіп-худі unisex “Tarot”,жіночий одяг,1,3.57,0.0
2026-08-28,gla_30724,"Прапор ""Подих снайпера""",прапори,1,1.47,0.0
2026-08-28,gla_32082,Зіп-худі unisex “Welcome to hell”,чоловічий одяг,2,5.14,0.0
2026-08-28,gla_28395,"Прапор ""ДСНС""",прапори,2,4.04,0.0
2026-08-28,gla_28558,"Футболка ""База""",чоловічий одяг,1,4.0,0.0
2026-08-28,gla_34631,"Футболка ""В етері""",новинки,2,12.46,0.0
2026-08-28,gla_32080,Зіп-худі unisex “Welcome to hell”,чоловічий одяг,1,8.82,0.0
2026-08-28,gla_34642,"Футболка ""Вампіри""",новинки,1,5.43,0.0
2026-08-28,gla_29876,Комплект кріплення для прапора,аксесуари,1,1.36,0.0
2026-08-28,gla_28144,"Прапор ""Механік""",прапори,1,13.91,0.0
2026-08-28,gla_33232,"Прапор ""Знайомство з пісюном""",прапори,1,7.01,0.0
2026-08-28,gla_28259,"Прапор ""Водій""",прапори,1,11.66,0.0
2026-08-28,gla_32270,Зіп-худі unisex “Garden of Bones”,жіночий одяг,1,3.12,0.0
2026-08-28,gla_32256,Зіп-худі unisex “Welcome to hell”,жіночий одяг,1,3.39,0.0
2026-08-28,gla_32783,"Футболка unisex ""Вампір""",жіночий одяг,1,13.12,0.0
2026-08-28,gla_34641,"Футболка ""Вампіри""",новинки,1,6.2,0.0
2026-08-28,gla_33223,"Прапор ""Спіймані чмоні""",прапори,1,2.2,0.0
2026-08-29,gla_30751,"Прапор ""Камікадзе""",прапори,2,19.47,0.0
2026-08-29,gla_32257,Зіп-худі unisex “Welcome to hell”,жіночий одяг,3,9.69,0.0
2026-08-29,gla_34599,"Футболка ""НРК""",новинки,2,18.09,0.0
2026-08-29,gla_28057,"Прапор ""Медик""",прапори,1,8.09,0.0
2026-08-29,gla_28560,"Футболка ""База""",чоловічий одяг,1,1.17,0.0
2026-08-29,gla_32051,Штани чоловічі спортивні широкі,чоловічий одяг,1,7.99,0.0
2026-08-29,gla_28002,"Прапор ""Дрони ведуть""",прапори,4,38.86,0.0
2026-08-29,gla_28050,"Прапор ""Тінь перемоги""",прапори,2,22.04,0.0
2026-08-29,gla_30738,"Прапор ""Інженер""",прапори,1,9.29,0.0
2026-08-29,gla_33517,"Прапор ""Перехоплювач""",прапори,1,2.75,0.0
2026-08-29,gla_34570,"Футболка ""Зв'язок""",новинки,4,12.31,0.0
2026-08-29,gla_32273,Зіп-худі unisex “Garden of Bones”,жіночий одяг,1,2.87,0.0
2026-08-29,gla_33500,"Прапор ""Втрата сигналу""",прапори,1,14.36,0.0
2026-08-29,gla_28385,"Прапор ""Винищувач""",прапори,1,4.0,0.0
2026-08-29,gla_34870,"Худі oversize ""Арта""",новинки,2,13.52,1.0
2026-08-29,gla_32052,Штани чоловічі спортивні широкі,чоловічий одяг,4,38.06,0.0
2026-08-29,gla_32053,Штани чоловічі спортивні широкі,чоловічий одяг,2,8.56,0.0
2026-08-29,gla_27983,"Прапор ""П*зда п*дарам""",прапори,3,48.19,1.381056
2026-08-29,gla_34673,"Футболка ""Згідно з наказом""",новинки,1,4.28,0.0
2026-08-29,gla_33184,"Прапор ""На нулі""",прапори,1,4.26,0.0
2026-08-29,gla_30336,"Прапор ""Володар вогню""",прапори,1,58.77,0.0
2026-08-29,gla_32054,Штани чоловічі спортивні широкі,чоловічий одяг,1,5.47,0.0
2026-08-29,gla_32194,"Футболка unisex ""Вампір""",чоловічий одяг,1,16.79,0.0
2026-08-29,gla_33226,"Прапор ""Вампір""",прапори,4,18.84,0.0
2026-08-29,gla_28209,"Прапор ""Тиша""",прапори,1,2.41,0.0
2026-08-29,gla_28187,"Прапор ""FPV пілот""",прапори,1,0.99,0.0
2026-08-29,gla_28130,"Прапор ""Очі темряви""",прапори,2,15.92,0.0
2026-08-29,gla_33442,"Прапор ""Шеф""",прапори,1,8.5,0.0
2026-08-29,gla_28287,"Прапор ""Між пеклом і домом""",прапори,1,12.41,0.0
2026-08-29,gla_28285,"Прапор ""Незламні""",прапори,1,9.54,0.0
2026-08-29,gla_32247,Штани жіночі спортивні широкі,жіночий одяг,2,7.62,0.0
2026-08-29,gla_35015,"Худі oversize ""Баба Яга""",новинки,1,4.44,0.0
2026-08-29,gla_28395,"Прапор ""ДСНС""",прапори,1,5.2,0.0
2026-08-29,gla_34631,"Футболка ""В етері""",новинки,1,4.6,0.0
2026-08-29,gla_28014,"Прапор ""Донбас""",прапори,1,12.78,0.0
2026-08-29,gla_34840,"Худі oversize ""Звʼязок""",новинки,1,3.68,0.0
2026-08-29,gla_29876,Комплект кріплення для прапора,аксесуари,1,2.62,0.0
2026-08-29,gla_35027,"Худі oversize ""Вампір""",новинки,1,2.39,0.0
2026-08-29,gla_34585,"Футболка ""Арта""",новинки,1,6.96,0.0
2026-08-29,gla_32259,Зіп-худі unisex “Welcome to hell”,жіночий одяг,3,5.93,0.0
2026-08-29,gla_34688,"Футболка ""Дорога на схід""",новинки,1,15.18,0.0
2026-08-29,gla_34729,"Футболка ""Лелека""",новинки,1,0.56,0.0
2026-08-29,gla_33450,"Прапор ""Згідно з наказом""",прапори,6,125.83,1.618944
2026-08-29,gla_28008,"Прапор ""Донецьк""",прапори,1,5.66,0.0
2026-08-29,gla_28259,"Прапор ""Водій""",прапори,2,11.79,0.0
2026-08-29,gla_30710,"Прапор ""Баба Яга""",прапори,1,6.95,0.0
2026-08-29,gla_28156,"Прапор ""Місцевий""",прапори,1,8.7,0.0
2026-08-29,gla_34828,"Худі oversize ""Сапер""",новинки,1,8.37,1.0
2026-08-29,gla_33182,"Прапор ""Гроза району""",прапори,1,3.78,0.0
2026-08-30,gla_30751,"Прапор ""Камікадзе""",прапори,2,36.54,0.0
2026-08-30,gla_32272,Зіп-худі unisex “Garden of Bones”,жіночий одяг,1,0.6,0.0
2026-08-30,gla_32257,Зіп-худі unisex “Welcome to hell”,жіночий одяг,1,2.75,0.0
2026-08-30,gla_32071,Зіп-худі unisex “Warrior”,чоловічий одяг,1,1.86,0.0
2026-08-30,gla_30345,"Прапор ""План помсти""",прапори,1,28.23,0.0
2026-08-30,gla_29161,"Лонгслів ""Міномет""",чоловічий одяг,1,1.43,0.0
2026-08-30,gla_28050,"Прапор ""Тінь перемоги""",прапори,2,17.1,0.0
2026-08-30,gla_28042,"Прапор ""Сплетіння темряви""",прапори,1,0.92,0.0
2026-08-30,gla_33517,"Прапор ""Перехоплювач""",прапори,1,2.0,1.0
2026-08-30,gla_34570,"Футболка ""Зв'язок""",новинки,1,7.73,0.0
2026-08-30,gla_34870,"Худі oversize ""Арта""",новинки,2,1.72,0.666666
2026-08-30,gla_32052,Штани чоловічі спортивні широкі,чоловічий одяг,1,6.75,0.0
2026-08-30,gla_34942,"Худі oversize ""Згідно з наказом""",новинки,4,10.14,0.0
2026-08-30,gla_32053,Штани чоловічі спортивні широкі,чоловічий одяг,3,18.49,0.0
2026-08-30,gla_28136,"Прапор ""Ловці Темряви""",прапори,1,1.53,0.0
2026-08-30,gla_28117,"Прапор ""Спеціальна операція""",прапори,1,22.27,0.0
2026-08-30,gla_27983,"Прапор ""П*зда п*дарам""",прапори,2,50.97,0.0
2026-08-30,gla_32260,Зіп-худі unisex “Welcome to hell”,жіночий одяг,1,1.55,0.0
2026-08-30,gla_34610,"Футболка ""Баба Яга""",новинки,1,4.68,0.0
2026-08-30,gla_35054,"Худі oversize ""НРК""",новинки,1,2.97,0.0
2026-08-30,gla_32054,Штани чоловічі спортивні широкі,чоловічий одяг,2,17.33,0.0
2026-08-30,gla_33235,"Прапор ""Той самий вайб""",прапори,1,3.89,0.0
2026-08-30,gla_33226,"Прапор ""Вампір""",прапори,1,7.16,0.0
2026-08-30,gla_32060,Штани чоловічі спортивні джогери,чоловічий одяг,1,36.95,0.0
2026-08-30,gla_28187,"Прапор ""FPV пілот""",прапори,4,61.78,0.0
2026-08-30,gla_32161,Футболка unisex “Welcome to hell”,чоловічий одяг,1,1.14,0.0
2026-08-30,gla_33510,"Прапор ""На виїзд""",прапори,1,14.8,0.0
2026-08-30,gla_33476,"Прапор ""В етері""",прапори,1,6.53,0.0
2026-08-30,gla_35015,"Худі oversize ""Баба Яга""",новинки,1,1.06,0.0
2026-08-30,gla_28395,"Прапор ""ДСНС""",прапори,1,13.41,0.0
2026-08-30,gla_28014,"Прапор ""Донбас""",прапори,1,10.2,0.0
2026-08-30,gla_29876,Комплект кріплення для прапора,аксесуари,1,2.25,0.0
2026-08-30,gla_35027,"Худі oversize ""Вампір""",новинки,2,4.5,0.0
2026-08-30,gla_35042,"Худі oversize ""Вампір""",новинки,1,2.15,0.0
2026-08-30,gla_34613,"Футболка ""Баба Яга""",новинки,2,7.35,0.0
2026-08-30,gla_33450,"Прапор ""Згідно з наказом""",прапори,4,17.79,5.0
2026-08-30,gla_28008,"Прапор ""Донецьк""",прапори,1,7.37,0.0
2026-08-30,gla_32270,Зіп-худі unisex “Garden of Bones”,жіночий одяг,2,2.36,0.0
2026-08-30,gla_27995,"Прапор ""Воїн в полі""",прапори,1,13.39,0.0
2026-08-30,gla_34828,"Худі oversize ""Сапер""",новинки,1,11.32,0.0
2026-08-30,gla_34801,"Худі oversize ""Міномет""",новинки,1,4.42,0.0
2026-08-31,gla_30751,"Прапор ""Камікадзе""",прапори,2,52.09,0.0
2026-08-31,gla_32257,Зіп-худі unisex “Welcome to hell”,жіночий одяг,1,4.92,0.0
2026-08-31,gla_34599,"Футболка ""НРК""",новинки,1,11.38,0.0
2026-08-31,gla_28057,"Прапор ""Медик""",прапори,2,45.3,0.0
2026-08-31,gla_28002,"Прапор ""Дрони ведуть""",прапори,2,18.97,0.0
2026-08-31,gla_32102,Зіп-худі unisex “Arch of the Underworld”,чоловічий одяг,1,9.18,0.0
2026-08-31,gla_28283,"Прапор ""Хижак""",прапори,1,4.86,0.0
2026-08-31,gla_33517,"Прапор ""Перехоплювач""",прапори,3,12.61,0.0
2026-08-31,gla_34570,"Футболка ""Зв'язок""",новинки,1,6.9,0.0
2026-08-31,gla_34870,"Худі oversize ""Арта""",новинки,4,29.65,0.333334
2026-08-31,gla_32052,Штани чоловічі спортивні широкі,чоловічий одяг,2,13.31,0.0
2026-08-31,gla_34891,"Худі oversize ""Вампіри""",новинки,3,20.04,0.0
2026-08-31,gla_34596,"Футболка ""НРК""",новинки,1,3.27,0.0
2026-08-31,gla_34942,"Худі oversize ""Згідно з наказом""",новинки,1,1.81,0.0
2026-08-31,gla_32053,Штани чоловічі спортивні широкі,чоловічий одяг,4,28.78,0.0
2026-08-31,gla_34929,"Худі oversize ""В етері""",новинки,1,5.52,0.0
2026-08-31,gla_27990,"Прапор ""За столом смерті""",прапори,1,17.68,0.0
2026-08-31,gla_27983,"Прапор ""П*зда п*дарам""",прапори,2,14.44,0.0
2026-08-31,gla_33199,"Прапор ""Мінометники""",прапори,2,14.56,0.0
2026-08-31,gla_32260,Зіп-худі unisex “Welcome to hell”,жіночий одяг,2,8.94,0.0
2026-08-31,gla_32195,"Футболка unisex ""Вампір""",чоловічий одяг,1,8.14,0.0
2026-08-31,gla_33184,"Прапор ""На нулі""",прапори,1,6.68,0.0
2026-08-31,gla_30336,"Прапор ""Володар вогню""",прапори,1,32.94,1.0
2026-08-31,gla_32054,Штани чоловічі спортивні широкі,чоловічий одяг,1,1.54,0.0
2026-08-31,gla_30664,"Прапор ""Дорога на схід""",прапори,1,17.74,0.0
2026-08-31,gla_28209,"Прапор ""Тиша""",прапори,1,5.69,0.0
2026-08-31,gla_28187,"Прапор ""FPV пілот""",прапори,2,17.91,0.0
2026-08-31,gla_32244,Штани жіночі спортивні широкі,жіночий одяг,1,20.78,0.0
2026-08-31,gla_28559,"Футболка ""База""",чоловічий одяг,1,2.36,0.0
2026-08-31,gla_33442,"Прапор ""Шеф""",прапори,1,0.68,0.0
2026-08-31,gla_34586,"Футболка ""Арта""",новинки,1,2.25,0.0
2026-08-31,gla_28395,"Прапор ""ДСНС""",прапори,4,44.25,0.0
2026-08-31,gla_34903,"Худі oversize ""Гроза району""",новинки,1,3.86,0.0
2026-08-31,gla_34630,"Футболка ""В етері""",новинки,1,6.95,0.0
2026-08-31,gla_28014,"Прапор ""Донбас""",прапори,1,11.81,0.0
2026-08-31,gla_34642,"Футболка ""Вампіри""",новинки,1,12.9,0.0
2026-08-31,gla_34860,"Худі oversize ""Час спокою""",новинки,1,7.16,0.0
2026-08-31,gla_32259,Зіп-худі unisex “Welcome to hell”,жіночий одяг,1,4.26,0.0
2026-08-31,gla_35042,"Худі oversize ""Вампір""",новинки,1,14.02,0.0
2026-08-31,gla_28144,"Прапор ""Механік""",прапори,1,10.32,0.0
2026-08-31,gla_30717,"Прапор ""Битва за життя""",прапори,1,10.16,0.0
2026-08-31,gla_33450,"Прапор ""Згідно з наказом""",прапори,6,58.55,1.0
2026-08-31,gla_28008,"Прапор ""Донецьк""",прапори,2,39.23,0.0
2026-08-31,gla_28259,"Прапор ""Водій""",прапори,2,7.42,0.0
2026-08-31,gla_32270,Зіп-худі unisex “Garden of Bones”,жіночий одяг,1,1.01,0.0
2026-08-31,gla_34828,"Худі oversize ""Сапер""",новинки,2,10.4,0.0
2026-08-31,gla_34801,"Худі oversize ""Міномет""",новинки,1,13.17,0.0
2026-09-01,gla_30751,"Прапор ""Камікадзе""",прапори,5,34.17,0.0
2026-09-01,gla_32257,Зіп-худі unisex “Welcome to hell”,жіночий одяг,1,4.43,0.0
2026-09-01,gla_28057,"Прапор ""Медик""",прапори,1,1.53,0.0
2026-09-01,gla_32051,Штани чоловічі спортивні широкі,чоловічий одяг,1,10.98,0.0
2026-09-01,gla_28002,"Прапор ""Дрони ведуть""",прапори,3,37.49,0.0
2026-09-01,gla_34730,"Футболка ""Лелека""",новинки,1,7.16,0.0
2026-09-01,gla_30321,"Прапор ""Інструктор""",прапори,1,142.74,0.0
2026-09-01,gla_28050,"Прапор ""Тінь перемоги""",прапори,2,22.64,0.0
2026-09-01,gla_33517,"Прапор ""Перехоплювач""",прапори,1,6.7,0.0
2026-09-01,gla_34570,"Футболка ""Зв'язок""",новинки,1,14.88,0.0
2026-09-01,gla_34685,"Футболка ""Дорога на схід""",новинки,1,1.28,0.0
2026-09-01,gla_33468,"Прапор ""Залізні побратими""",прапори,1,14.46,0.0
2026-09-01,gla_34870,"Худі oversize ""Арта""",новинки,2,31.17,0.0
2026-09-01,gla_32052,Штани чоловічі спортивні широкі,чоловічий одяг,9,136.35,0.0
2026-09-01,gla_34671,"Футболка ""Згідно з наказом""",новинки,1,34.6,0.0
2026-09-01,gla_34596,"Футболка ""НРК""",новинки,1,13.74,0.0
2026-09-01,gla_34942,"Худі oversize ""Згідно з наказом""",новинки,4,30.52,0.0
2026-09-01,gla_32053,Штани чоловічі спортивні широкі,чоловічий одяг,6,93.42,0.0
2026-09-01,gla_28136,"Прапор ""Ловці Темряви""",прапори,1,6.64,0.0
2026-09-01,gla_34929,"Худі oversize ""В етері""",новинки,2,9.95,0.0
2026-09-01,gla_27990,"Прапор ""За столом смерті""",прапори,1,0.49,0.0
2026-09-01,gla_32309,Футболка unisex “Welcome to hell”,жіночий одяг,1,2.35,0.0
2026-09-01,gla_27983,"Прапор ""П*зда п*дарам""",прапори,1,9.16,0.0
2026-09-01,gla_32260,Зіп-худі unisex “Welcome to hell”,жіночий одяг,3,6.76,0.0
2026-09-01,gla_34673,"Футболка ""Згідно з наказом""",новинки,1,9.77,0.0
2026-09-01,gla_34610,"Футболка ""Баба Яга""",новинки,1,28.35,0.0
2026-09-01,gla_34952,"Худі oversize ""Залізні побратими""",новинки,1,9.01,0.0
2026-09-01,gla_28561,"Футболка ""База""",чоловічий одяг,1,3.1,0.0
2026-09-01,gla_34850,"Худі oversize ""Евак""",новинки,1,11.95,0.0
2026-09-01,gla_30336,"Прапор ""Володар вогню""",прапори,1,17.11,0.0
2026-09-01,gla_32054,Штани чоловічі спортивні широкі,чоловічий одяг,3,18.71,0.0
2026-09-01,gla_34731,"Футболка ""Лелека""",новинки,1,1.56,0.0
2026-09-01,gla_32194,"Футболка unisex ""Вампір""",чоловічий одяг,2,63.42,0.0
2026-09-01,gla_32993,"Прапор ""Лелека""",прапори,1,5.07,0.0
2026-09-01,gla_33226,"Прапор ""Вампір""",прапори,1,2.46,0.0
2026-09-01,gla_28108,"Прапор ""Прямо в ціль""",прапори,1,12.44,0.0
2026-09-01,gla_34584,"Футболка ""Арта""",новинки,1,10.78,0.0
2026-09-01,gla_28187,"Прапор ""FPV пілот""",прапори,1,6.17,0.0
2026-09-01,gla_34547,"Футболка ""Час спокою""",новинки,2,36.6,0.0
2026-09-01,gla_33510,"Прапор ""На виїзд""",прапори,1,118.45,0.0
2026-09-01,gla_32106,Зіп-худі unisex “Azazel”,чоловічий одяг,1,4.16,0.0
2026-09-01,gla_33442,"Прапор ""Шеф""",прапори,1,14.94,0.0
2026-09-01,gla_28285,"Прапор ""Незламні""",прапори,2,17.4,0.0
2026-09-01,gla_32247,Штани жіночі спортивні широкі,жіночий одяг,2,5.52,0.0
2026-09-01,gla_30743,"Прапор ""Штурмовики""",прапори,1,3.57,0.0
2026-09-01,gla_28375,"Прапор ""Одного разу під Харковом""",прапори,3,28.71,0.0
2026-09-01,gla_28395,"Прапор ""ДСНС""",прапори,1,5.6,0.0
2026-09-01,gla_33492,"Прапор ""Танкісти""",чоловічий одяг,2,75.02,0.0
2026-09-01,gla_34903,"Худі oversize ""Гроза району""",новинки,2,12.14,0.0
2026-09-01,gla_34631,"Футболка ""В етері""",новинки,2,8.86,0.0
2026-09-01,gla_34840,"Худі oversize ""Звʼязок""",новинки,1,4.81,0.0
2026-09-01,gla_34860,"Худі oversize ""Час спокою""",новинки,1,6.49,0.0
2026-09-01,gla_35027,"Худі oversize ""Вампір""",новинки,1,8.72,0.0
2026-09-01,gla_34585,"Футболка ""Арта""",новинки,1,10.18,0.0
2026-09-01,gla_32259,Зіп-худі unisex “Welcome to hell”,жіночий одяг,1,2.47,0.0
2026-09-01,gla_30717,"Прапор ""Битва за життя""",прапори,1,34.02,0.0
2026-09-01,gla_32245,Штани жіночі спортивні широкі,жіночий одяг,1,4.68,0.0
2026-09-01,gla_33450,"Прапор ""Згідно з наказом""",прапори,7,50.78,0.0
2026-09-01,gla_28008,"Прапор ""Донецьк""",прапори,2,73.67,0.0
2026-09-01,gla_28393,"Прапор ""Сапер""",прапори,1,0.85,0.0
2026-09-01,gla_32256,Зіп-худі unisex “Welcome to hell”,жіночий одяг,3,13.43,0.0
2026-09-01,gla_34641,"Футболка ""Вампіри""",новинки,1,0.93,0.0
2026-09-01,gla_32170,Футболка unisex “Tarot”,чоловічий одяг,1,0.92,0.0
2026-09-01,gla_34629,"Футболка ""В етері""",новинки,1,11.38,0.0
2026-09-02,gla_30751,"Прапор ""Камікадзе""",прапори,1,6.2,0.0
2026-09-02,gla_32308,Футболка unisex “Welcome to hell”,жіночий одяг,1,4.18,0.0
2026-09-02,gla_32257,Зіп-худі unisex “Welcome to hell”,жіночий одяг,3,14.91,0.0
2026-09-02,gla_34599,"Футболка ""НРК""",новинки,1,4.02,0.0
2026-09-02,gla_28057,"Прапор ""Медик""",прапори,3,6.27,0.0
2026-09-02,gla_28560,"Футболка ""База""",чоловічий одяг,2,3.1,0.0
2026-09-02,gla_32051,Штани чоловічі спортивні широкі,чоловічий одяг,2,26.62,0.0
2026-09-02,gla_28002,"Прапор ""Дрони ведуть""",прапори,1,4.94,0.0
2026-09-02,gla_34730,"Футболка ""Лелека""",новинки,1,10.63,0.0
2026-09-02,gla_30345,"Прапор ""План помсти""",прапори,1,9.16,0.0
2026-09-02,gla_28050,"Прапор ""Тінь перемоги""",прапори,1,0.63,0.0
2026-09-02,gla_32078,Зіп-худі unisex “Welcome to hell”,чоловічий одяг,1,17.1,0.0
2026-09-02,gla_34879,"Худі oversize ""Дорога на схід""",новинки,1,4.24,0.0
2026-09-02,gla_32273,Зіп-худі unisex “Garden of Bones”,жіночий одяг,1,5.8,0.0
2026-09-02,gla_32201,"Футболка unisex ""Вампір""",чоловічий одяг,1,6.49,0.0
2026-09-02,gla_32052,Штани чоловічі спортивні широкі,чоловічий одяг,14,138.65,0.0
2026-09-02,gla_34671,"Футболка ""Згідно з наказом""",новинки,1,12.93,0.0
2026-09-02,gla_34596,"Футболка ""НРК""",новинки,1,22.24,0.0
2026-09-02,gla_34942,"Худі oversize ""Згідно з наказом""",новинки,4,40.36,0.0
2026-09-02,gla_32053,Штани чоловічі спортивні широкі,чоловічий одяг,3,34.55,0.0
2026-09-02,gla_34929,"Худі oversize ""В етері""",новинки,2,64.28,0.0
2026-09-02,gla_27990,"Прапор ""За столом смерті""",прапори,1,13.59,0.0
2026-09-02,gla_27983,"Прапор ""П*зда п*дарам""",прапори,2,61.77,0.0
2026-09-02,gla_32260,Зіп-худі unisex “Welcome to hell”,жіночий одяг,1,6.7,0.0
2026-09-02,gla_34673,"Футболка ""Згідно з наказом""",новинки,3,44.56,0.0
2026-09-02,gla_32081,Зіп-худі unisex “Welcome to hell”,чоловічий одяг,1,20.95,0.0
2026-09-02,gla_34610,"Футболка ""Баба Яга""",новинки,1,11.15,0.0
2026-09-02,gla_35054,"Худі oversize ""НРК""",новинки,1,2.2,0.0
2026-09-02,gla_32263,Зіп-худі unisex “Tarot”,жіночий одяг,1,1.45,0.0
2026-09-02,gla_34672,"Футболка ""Згідно з наказом""",новинки,1,4.91,0.0
2026-09-02,gla_34979,"Худі oversize ""Лелека""",новинки,1,17.79,0.0
2026-09-02,gla_34952,"Худі oversize ""Залізні побратими""",новинки,2,10.99,0.0
2026-09-02,gla_28561,"Футболка ""База""",чоловічий одяг,1,13.75,0.0
2026-09-02,gla_34598,"Футболка ""НРК""",новинки,1,3.07,0.0
2026-09-02,gla_34850,"Худі oversize ""Евак""",новинки,2,63.92,0.0
2026-09-02,gla_32054,Штани чоловічі спортивні широкі,чоловічий одяг,1,18.4,0.0
2026-09-02,gla_32194,"Футболка unisex ""Вампір""",чоловічий одяг,1,2.71,0.0
2026-09-02,gla_33235,"Прапор ""Той самий вайб""",прапори,1,6.79,0.0
2026-09-02,gla_32211,Світшот чоловічий “Warrior”,чоловічий одяг,1,24.55,0.0
2026-09-02,gla_28130,"Прапор ""Очі темряви""",прапори,1,0.01,0.0
2026-09-02,gla_32079,Зіп-худі unisex “Welcome to hell”,чоловічий одяг,1,5.39,0.0
2026-09-02,gla_28559,"Футболка ""База""",чоловічий одяг,2,8.84,0.0
2026-09-02,gla_33510,"Прапор ""На виїзд""",прапори,2,22.21,0.0
2026-09-02,gla_32772,"Футболка unisex ""Вампір""",жіночий одяг,1,0.01,0.0
2026-09-02,gla_28287,"Прапор ""Між пеклом і домом""",прапори,1,35.19,0.0
2026-09-02,gla_28285,"Прапор ""Незламні""",прапори,1,0.01,0.0
2026-09-02,gla_32075,Зіп-худі unisex “Warrior”,чоловічий одяг,1,7.62,0.0
2026-09-02,gla_32247,Штани жіночі спортивні широкі,жіночий одяг,1,16.65,0.0
2026-09-02,gla_34586,"Футболка ""Арта""",новинки,1,16.53,0.0
2026-09-02,gla_35015,"Худі oversize ""Баба Яга""",новинки,1,3.93,0.0
2026-09-02,gla_32271,Зіп-худі unisex “Garden of Bones”,жіночий одяг,1,1.72,0.0
2026-09-02,gla_28375,"Прапор ""Одного разу під Харковом""",прапори,1,97.72,0.0
2026-09-02,gla_28395,"Прапор ""ДСНС""",прапори,2,9.29,0.0
2026-09-02,gla_34903,"Худі oversize ""Гроза району""",новинки,2,18.48,0.0
2026-09-02,gla_28558,"Футболка ""База""",чоловічий одяг,3,22.99,0.0
2026-09-02,gla_34631,"Футболка ""В етері""",новинки,2,32.11,0.0
2026-09-02,gla_34630,"Футболка ""В етері""",новинки,1,13.81,0.0
2026-09-02,gla_34991,"Худі oversize ""Перехоплювач""",новинки,2,8.58,0.0
2026-09-02,gla_34860,"Худі oversize ""Час спокою""",новинки,1,2.73,0.0
2026-09-02,gla_29876,Комплект кріплення для прапора,аксесуари,1,1.27,0.0
2026-09-02,gla_32259,Зіп-худі unisex “Welcome to hell”,жіночий одяг,4,23.96,0.0
2026-09-02,gla_35042,"Худі oversize ""Вампір""",новинки,1,7.65,0.0
2026-09-02,gla_33450,"Прапор ""Згідно з наказом""",прапори,5,44.0,0.0
2026-09-02,gla_28101,"Прапор ""Захисник світу""",прапори,2,54.46,0.0
2026-09-02,gla_28008,"Прапор ""Донецьк""",прапори,4,39.65,0.0
2026-09-02,gla_30710,"Прапор ""Баба Яга""",прапори,1,6.28,0.0
2026-09-02,gla_32270,Зіп-худі unisex “Garden of Bones”,жіночий одяг,2,16.5,0.0
2026-09-02,gla_34828,"Худі oversize ""Сапер""",новинки,1,10.17,0.0
2026-09-02,gla_33223,"Прапор ""Спіймані чмоні""",прапори,1,3.71,0.0
2026-09-02,gla_33182,"Прапор ""Гроза району""",прапори,3,43.91,1.0
2026-09-02,gla_34801,"Худі oversize ""Міномет""",новинки,1,23.11,0.0
2026-09-03,gla_30751,"Прапор ""Камікадзе""",прапори,3,120.43,0.0
2026-09-03,gla_32272,Зіп-худі unisex “Garden of Bones”,жіночий одяг,3,25.85,0.0
2026-09-03,gla_33535,"Прапор ""Засвіт""",прапори,1,5.08,0.0
2026-09-03,gla_32257,Зіп-худі unisex “Welcome to hell”,жіночий одяг,7,33.51,0.0
2026-09-03,gla_34599,"Футболка ""НРК""",новинки,1,2.12,0.0
2026-09-03,gla_28057,"Прапор ""Медик""",прапори,1,3.55,0.0
2026-09-03,gla_28560,"Футболка ""База""",чоловічий одяг,1,14.91,0.0
2026-09-03,gla_32051,Штани чоловічі спортивні широкі,чоловічий одяг,4,40.0,0.0
2026-09-03,gla_28002,"Прапор ""Дрони ведуть""",прапори,2,17.29,0.0
2026-09-03,gla_32102,Зіп-худі unisex “Arch of the Underworld”,чоловічий одяг,1,2.53,0.0
2026-09-03,gla_35003,"Худі oversize ""Той самий вайб""",новинки,2,36.7,0.0
2026-09-03,gla_32210,Світшот чоловічий “Warrior”,чоловічий одяг,1,2.59,0.0
2026-09-03,gla_28207,"Прапор ""Мелодія смерті""",прапори,1,19.69,0.0
2026-09-03,gla_28225,"Прапор ""Привиди вогню""",прапори,1,14.14,0.0
2026-09-03,gla_32078,Зіп-худі unisex “Welcome to hell”,чоловічий одяг,1,64.22,0.0
2026-09-03,gla_34656,"Футболка ""Гроза району""",новинки,1,3.64,0.0
2026-09-03,gla_34879,"Худі oversize ""Дорога на схід""",новинки,2,29.83,0.0
2026-09-03,gla_32052,Штани чоловічі спортивні широкі,чоловічий одяг,12,171.99,0.0
2026-09-03,gla_34891,"Худі oversize ""Вампіри""",новинки,2,10.34,0.0
2026-09-03,gla_34671,"Футболка ""Згідно з наказом""",новинки,2,32.17,0.0
2026-09-03,gla_34942,"Худі oversize ""Згідно з наказом""",новинки,2,8.29,0.0
2026-09-03,gla_32284,Зіп-худі unisex “Azazel”,жіночий одяг,1,19.04,0.0
2026-09-03,gla_32053,Штани чоловічі спортивні широкі,чоловічий одяг,5,51.66,0.0
2026-09-03,gla_32309,Футболка unisex “Welcome to hell”,жіночий одяг,1,3.73,0.0
2026-09-03,gla_34611,"Футболка ""Баба Яга""",новинки,3,19.54,0.0
2026-09-03,gla_27983,"Прапор ""П*зда п*дарам""",прапори,2,32.46,0.0
2026-09-03,gla_33199,"Прапор ""Мінометники""",прапори,1,0.94,0.0
2026-09-03,gla_32260,Зіп-худі unisex “Welcome to hell”,жіночий одяг,9,89.49,0.0
2026-09-03,gla_34673,"Футболка ""Згідно з наказом""",новинки,1,17.59,0.0
2026-09-03,gla_32140,Футболка unisex “Azazel”,чоловічий одяг,1,18.98,0.0
2026-09-03,gla_34672,"Футболка ""Згідно з наказом""",новинки,2,16.33,0.0
2026-09-03,gla_28561,"Футболка ""База""",чоловічий одяг,4,12.51,0.0
2026-09-03,gla_28083,"Прапор ""333""",прапори,1,33.55,0.0
2026-09-03,gla_32224,Світшот чоловічий “Garden of Bones”,чоловічий одяг,1,2.07,0.0
2026-09-03,gla_34598,"Футболка ""НРК""",новинки,1,2.21,0.0
2026-09-03,gla_34850,"Худі oversize ""Евак""",новинки,1,15.19,0.0
2026-09-03,gla_32054,Штани чоловічі спортивні широкі,чоловічий одяг,4,33.99,0.0
2026-09-03,gla_34731,"Футболка ""Лелека""",новинки,2,31.09,0.0
2026-09-03,gla_32993,"Прапор ""Лелека""",прапори,2,48.13,0.0
2026-09-03,gla_32074,Зіп-худі unisex “Warrior”,чоловічий одяг,2,16.46,0.0
2026-09-03,gla_30664,"Прапор ""Дорога на схід""",прапори,3,16.6,0.0
2026-09-03,gla_28209,"Прапор ""Тиша""",прапори,3,77.3,0.0
2026-09-03,gla_32277,Зіп-худі unisex “Arch of the Underworld”,жіночий одяг,1,12.1,0.0
2026-09-03,gla_34584,"Футболка ""Арта""",новинки,2,12.01,0.0
2026-09-03,gla_28187,"Прапор ""FPV пілот""",прапори,1,20.55,0.0
2026-09-03,gla_32079,Зіп-худі unisex “Welcome to hell”,чоловічий одяг,1,5.04,0.0
2026-09-03,gla_28559,"Футболка ""База""",чоловічий одяг,2,62.18,0.0
2026-09-03,gla_33510,"Прапор ""На виїзд""",прапори,1,10.31,0.0
2026-09-03,gla_34628,"Футболка ""В етері""",новинки,1,7.55,0.0
2026-09-03,gla_33476,"Прапор ""В етері""",прапори,2,56.97,0.0
2026-09-03,gla_32075,Зіп-худі unisex “Warrior”,чоловічий одяг,3,44.29,0.0
2026-09-03,gla_32247,Штани жіночі спортивні широкі,жіночий одяг,7,102.6,0.0
2026-09-03,gla_32271,Зіп-худі unisex “Garden of Bones”,жіночий одяг,1,1.08,0.0
2026-09-03,gla_32265,Зіп-худі unisex “Tarot”,жіночий одяг,1,5.26,0.0
2026-09-03,gla_28375,"Прапор ""Одного разу під Харковом""",прапори,1,68.67,0.0
2026-09-03,gla_32128,Футболка unisex “Warrior”,чоловічий одяг,1,46.07,0.0
2026-09-03,gla_28558,"Футболка ""База""",чоловічий одяг,4,19.5,0.0
2026-09-03,gla_34631,"Футболка ""В етері""",новинки,1,6.69,0.0
2026-09-03,gla_32266,Зіп-худі unisex “Tarot”,жіночий одяг,1,7.67,0.0
2026-09-03,gla_28014,"Прапор ""Донбас""",прапори,1,4.98,0.0
2026-09-03,gla_34962,"Худі oversize ""Зелений спектр""",новинки,1,15.98,0.0
2026-09-03,gla_32080,Зіп-худі unisex “Welcome to hell”,чоловічий одяг,1,5.98,0.0
2026-09-03,gla_33244,"Прапор ""На кулаках""",прапори,1,10.35,0.0
2026-09-03,gla_34860,"Худі oversize ""Час спокою""",новинки,4,64.0,0.0
2026-09-03,gla_29876,Комплект кріплення для прапора,аксесуари,1,1.41,0.0
2026-09-03,gla_34585,"Футболка ""Арта""",новинки,1,17.85,0.0
2026-09-03,gla_32259,Зіп-худі unisex “Welcome to hell”,жіночий одяг,5,59.17,0.0
2026-09-03,gla_32214,Світшот чоловічий “Welcome to hell”,чоловічий одяг,1,2.08,0.0
2026-09-03,gla_30717,"Прапор ""Битва за життя""",прапори,1,13.38,0.0
2026-09-03,gla_33450,"Прапор ""Згідно з наказом""",прапори,4,63.61,0.0
2026-09-03,gla_28008,"Прапор ""Донецьк""",прапори,1,11.63,0.0
2026-09-03,gla_28259,"Прапор ""Водій""",прапори,4,39.76,0.0
2026-09-03,gla_30710,"Прапор ""Баба Яга""",прапори,1,8.16,0.0
2026-09-03,gla_32270,Зіп-худі unisex “Garden of Bones”,жіночий одяг,2,18.87,0.0
2026-09-03,gla_33241,"Прапор ""Маршрутка""",прапори,1,8.86,0.0
2026-09-03,gla_34759,"Футболка ""Перехоплювач""",новинки,1,14.79,0.0
2026-09-03,gla_32256,Зіп-худі unisex “Welcome to hell”,жіночий одяг,2,11.61,0.0
2026-09-03,gla_27995,"Прапор ""Воїн в полі""",прапори,1,33.09,0.0
2026-09-03,gla_34760,"Футболка ""Перехоплювач""",новинки,1,11.41,0.0
2026-09-03,gla_34828,"Худі oversize ""Сапер""",новинки,3,19.3,0.0
2026-09-03,gla_33182,"Прапор ""Гроза району""",прапори,1,9.75,0.0
2026-09-03,gla_29160,"Лонгслів ""Міномет""",чоловічий одяг,1,2.15,0.0
2026-09-04,gla_30751,"Прапор ""Камікадзе""",прапори,2,51.62,0.0
2026-09-04,gla_32257,Зіп-худі unisex “Welcome to hell”,жіночий одяг,3,7.95,0.0
2026-09-04,gla_28057,"Прапор ""Медик""",прапори,1,43.13,0.0
2026-09-04,gla_32199,"Футболка unisex ""Вампір""",чоловічий одяг,1,28.92,0.0
2026-09-04,gla_32051,Штани чоловічі спортивні широкі,чоловічий одяг,2,29.65,0.0
2026-09-04,gla_28002,"Прапор ""Дрони ведуть""",прапори,2,24.78,0.0
2026-09-04,gla_35003,"Худі oversize ""Той самий вайб""",новинки,1,16.17,0.0
2026-09-04,gla_28050,"Прапор ""Тінь перемоги""",прапори,1,35.43,0.0
2026-09-04,gla_28042,"Прапор ""Сплетіння темряви""",прапори,2,0.3,0.0
2026-09-04,gla_28225,"Прапор ""Привиди вогню""",прапори,2,63.89,0.0
2026-09-04,gla_28283,"Прапор ""Хижак""",прапори,1,17.06,0.0
2026-09-04,gla_33517,"Прапор ""Перехоплювач""",прапори,3,26.61,0.0
2026-09-04,gla_34570,"Футболка ""Зв'язок""",новинки,1,5.66,0.0
2026-09-04,gla_34870,"Худі oversize ""Арта""",новинки,1,23.92,0.0
2026-09-04,gla_32052,Штани чоловічі спортивні широкі,чоловічий одяг,3,28.97,0.0
2026-09-04,gla_34671,"Футболка ""Згідно з наказом""",новинки,1,13.3,0.0
2026-09-04,gla_32053,Штани чоловічі спортивні широкі,чоловічий одяг,4,226.59,0.0
2026-09-04,gla_34929,"Худі oversize ""В етері""",новинки,1,17.83,0.0
2026-09-04,gla_27990,"Прапор ""За столом смерті""",прапори,2,42.36,0.0
2026-09-04,gla_28117,"Прапор ""Спеціальна операція""",прапори,1,45.04,0.0
2026-09-04,gla_27983,"Прапор ""П*зда п*дарам""",прапори,2,112.72,0.0
2026-09-04,gla_32260,Зіп-худі unisex “Welcome to hell”,жіночий одяг,3,32.56,0.0
2026-09-04,gla_34673,"Футболка ""Згідно з наказом""",новинки,2,44.18,0.0
2026-09-04,gla_34610,"Футболка ""Баба Яга""",новинки,1,9.59,0.0
2026-09-04,gla_34672,"Футболка ""Згідно з наказом""",новинки,2,31.56,0.0
2026-09-04,gla_34979,"Худі oversize ""Лелека""",новинки,1,15.48,0.0
2026-09-04,gla_34850,"Худі oversize ""Евак""",новинки,1,17.07,0.0
2026-09-04,gla_32054,Штани чоловічі спортивні широкі,чоловічий одяг,3,88.36,0.0
2026-09-04,gla_33238,"Прапор ""Прогноз погоди: град""",прапори,1,41.04,0.0
2026-09-04,gla_34731,"Футболка ""Лелека""",новинки,2,49.6,0.0
2026-09-04,gla_33235,"Прапор ""Той самий вайб""",прапори,1,23.92,0.0
2026-09-04,gla_28209,"Прапор ""Тиша""",прапори,1,5.3,0.0
2026-09-04,gla_28187,"Прапор ""FPV пілот""",прапори,1,7.78,0.0
2026-09-04,gla_28130,"Прапор ""Очі темряви""",прапори,1,2.78,0.0
2026-09-04,gla_33196,"Прапор ""Привіт від Богдани""",прапори,1,42.5,0.0
2026-09-04,gla_28381,"Прапор ""Одного разу під Запоріжжям""",прапори,1,8.25,0.0
2026-09-04,gla_33568,"Прапор ""Грім і сталь""",прапори,1,18.12,0.0
2026-09-04,gla_32079,Зіп-худі unisex “Welcome to hell”,чоловічий одяг,1,5.93,0.0
2026-09-04,gla_28559,"Футболка ""База""",чоловічий одяг,1,6.14,0.0
2026-09-04,gla_33510,"Прапор ""На виїзд""",прапори,1,12.17,0.0
2026-09-04,gla_33442,"Прапор ""Шеф""",прапори,1,2.91,0.0
2026-09-04,gla_33476,"Прапор ""В етері""",прапори,1,10.42,0.0
2026-09-04,gla_32247,Штани жіночі спортивні широкі,жіночий одяг,2,9.92,0.0
2026-09-04,gla_32271,Зіп-худі unisex “Garden of Bones”,жіночий одяг,1,8.89,0.0
2026-09-04,gla_28375,"Прапор ""Одного разу під Харковом""",прапори,1,5.16,0.0
2026-09-04,gla_33526,"Прапор ""Постріл за пострілом""",прапори,1,40.64,0.0
2026-09-04,gla_34903,"Худі oversize ""Гроза району""",новинки,1,1.38,0.0
2026-09-04,gla_34991,"Худі oversize ""Перехоплювач""",новинки,1,3.76,0.0
2026-09-04,gla_34962,"Худі oversize ""Зелений спектр""",новинки,1,4.57,0.0
2026-09-04,gla_34860,"Худі oversize ""Час спокою""",новинки,2,11.44,0.0
2026-09-04,gla_32061,Штани чоловічі спортивні джогери,чоловічий одяг,1,105.81,0.0
2026-09-04,gla_32285,Зіп-худі unisex “Azazel”,жіночий одяг,1,4.91,0.0
2026-09-04,gla_32259,Зіп-худі unisex “Welcome to hell”,жіночий одяг,3,13.01,0.0
2026-09-04,gla_28144,"Прапор ""Механік""",прапори,1,13.85,0.0
2026-09-04,gla_34613,"Футболка ""Баба Яга""",новинки,1,17.19,0.0
2026-09-04,gla_34729,"Футболка ""Лелека""",новинки,1,9.7,0.0
2026-09-04,gla_33450,"Прапор ""Згідно з наказом""",прапори,3,33.59,0.0
2026-09-04,gla_28008,"Прапор ""Донецьк""",прапори,1,4.53,0.0
2026-09-04,gla_28393,"Прапор ""Сапер""",прапори,1,11.46,0.0
2026-09-04,gla_32270,Зіп-худі unisex “Garden of Bones”,жіночий одяг,1,7.64,0.0
2026-09-04,gla_32256,Зіп-худі unisex “Welcome to hell”,жіночий одяг,2,9.7,0.0
2026-09-04,gla_32783,"Футболка unisex ""Вампір""",жіночий одяг,1,9.64,0.0
2026-09-04,gla_34828,"Худі oversize ""Сапер""",новинки,1,3.81,0.0
2026-09-04,gla_34629,"Футболка ""В етері""",новинки,2,37.53,0.0
2026-09-04,gla_33182,"Прапор ""Гроза району""",прапори,1,12.16,0.0
2026-09-04,gla_34801,"Худі oversize ""Міномет""",новинки,2,32.84,0.0
2026-09-04,gla_34762,"Футболка ""Перехоплювач""",новинки,1,6.15,0.0
2026-09-05,gla_32073,Зіп-худі unisex “Warrior”,чоловічий одяг,2,15.58,0.0
2026-09-05,gla_32308,Футболка unisex “Welcome to hell”,жіночий одяг,2,24.25,0.0
2026-09-05,gla_32257,Зіп-худі unisex “Welcome to hell”,жіночий одяг,6,64.22,0.0
2026-09-05,gla_32051,Штани чоловічі спортивні широкі,чоловічий одяг,6,115.65,0.0
2026-09-05,gla_28387,"Прапор ""Тобі п*зда""",прапори,1,15.72,0.0
2026-09-05,gla_30345,"Прапор ""План помсти""",прапори,1,22.27,0.0
2026-09-05,gla_28283,"Прапор ""Хижак""",прапори,1,7.15,1.0
2026-09-05,gla_32078,Зіп-худі unisex “Welcome to hell”,чоловічий одяг,2,24.84,0.0
2026-09-05,gla_32324,Футболка unisex “Tarot”,жіночий одяг,1,2.22,0.0
2026-09-05,gla_34879,"Худі oversize ""Дорога на схід""",новинки,2,15.47,0.0
2026-09-05,gla_34870,"Худі oversize ""Арта""",новинки,1,4.55,0.0
2026-09-05,gla_32052,Штани чоловічі спортивні широкі,чоловічий одяг,8,135.44,0.0
2026-09-05,gla_34671,"Футболка ""Згідно з наказом""",новинки,1,50.66,0.0
2026-09-05,gla_34942,"Худі oversize ""Згідно з наказом""",новинки,2,8.57,0.0
2026-09-05,gla_32053,Штани чоловічі спортивні широкі,чоловічий одяг,3,65.2,0.0
2026-09-05,gla_34715,"Футболка ""Зелений спектр""",новинки,1,5.51,0.0
2026-09-05,gla_34929,"Худі oversize ""В етері""",новинки,1,1.03,0.0
2026-09-05,gla_27990,"Прапор ""За столом смерті""",прапори,1,4.09,0.0
2026-09-05,gla_27983,"Прапор ""П*зда п*дарам""",прапори,2,61.66,0.5
2026-09-05,gla_32260,Зіп-худі unisex “Welcome to hell”,жіночий одяг,3,11.7,0.0
2026-09-05,gla_34673,"Футболка ""Згідно з наказом""",новинки,1,8.13,0.0
2026-09-05,gla_32081,Зіп-худі unisex “Welcome to hell”,чоловічий одяг,1,2.91,0.0
2026-09-05,gla_34672,"Футболка ""Згідно з наказом""",новинки,5,51.91,0.0
2026-09-05,gla_34670,"Футболка ""Згідно з наказом""",новинки,1,2.09,0.0
2026-09-05,gla_28083,"Прапор ""333""",прапори,2,31.94,0.5
2026-09-05,gla_32054,Штани чоловічі спортивні широкі,чоловічий одяг,2,40.0,0.0
2026-09-05,gla_32194,"Футболка unisex ""Вампір""",чоловічий одяг,1,8.88,0.0
2026-09-05,gla_32074,Зіп-худі unisex “Warrior”,чоловічий одяг,1,3.55,0.0
2026-09-05,gla_30664,"Прапор ""Дорога на схід""",прапори,1,7.72,0.0
2026-09-05,gla_28209,"Прапор ""Тиша""",прапори,1,18.7,0.0
2026-09-05,gla_32171,Футболка unisex “Tarot”,чоловічий одяг,1,6.38,0.0
2026-09-05,gla_32075,Зіп-худі unisex “Warrior”,чоловічий одяг,1,13.21,0.0
2026-09-05,gla_32247,Штани жіночі спортивні широкі,жіночий одяг,1,6.56,0.0
2026-09-05,gla_32265,Зіп-худі unisex “Tarot”,жіночий одяг,1,11.6,0.0
2026-09-05,gla_28395,"Прапор ""ДСНС""",прапори,1,6.49,0.0
2026-09-05,gla_34903,"Худі oversize ""Гроза району""",новинки,1,13.91,0.0
2026-09-05,gla_32258,Зіп-худі unisex “Welcome to hell”,жіночий одяг,2,20.36,0.0
2026-09-05,gla_29876,Комплект кріплення для прапора,аксесуари,1,1.75,0.0
2026-09-05,gla_35027,"Худі oversize ""Вампір""",новинки,1,16.86,0.0
2026-09-05,gla_32061,Штани чоловічі спортивні джогери,чоловічий одяг,2,27.51,0.0
2026-09-05,gla_32259,Зіп-худі unisex “Welcome to hell”,жіночий одяг,1,6.53,0.0
2026-09-05,gla_33450,"Прапор ""Згідно з наказом""",прапори,4,39.36,0.0
2026-09-05,gla_28008,"Прапор ""Донецьк""",прапори,1,43.14,0.0
2026-09-05,gla_32270,Зіп-худі unisex “Garden of Bones”,жіночий одяг,2,12.69,0.0
2026-09-05,gla_32256,Зіп-худі unisex “Welcome to hell”,жіночий одяг,3,46.68,0.0
2026-09-05,gla_32783,"Футболка unisex ""Вампір""",жіночий одяг,1,4.79,0.0
2026-09-05,gla_34641,"Футболка ""Вампіри""",новинки,1,2.74,0.0
2026-09-05,gla_34828,"Худі oversize ""Сапер""",новинки,1,7.75,0.0
2026-09-05,gla_34801,"Худі oversize ""Міномет""",новинки,1,19.63,0.0
2026-09-06,gla_32272,Зіп-худі unisex “Garden of Bones”,жіночий одяг,1,4.81,0.0
2026-09-06,gla_32257,Зіп-худі unisex “Welcome to hell”,жіночий одяг,3,25.47,0.0
2026-09-06,gla_28168,"Прапор ""Серебрянський ліс""",прапори,5,68.39,0.0
2026-09-06,gla_32051,Штани чоловічі спортивні широкі,чоловічий одяг,1,4.48,0.0
2026-09-06,gla_35003,"Худі oversize ""Той самий вайб""",новинки,1,32.36,0.0
2026-09-06,gla_30321,"Прапор ""Інструктор""",прапори,1,6.26,0.0
2026-09-06,gla_28050,"Прапор ""Тінь перемоги""",прапори,1,10.32,0.0
2026-09-06,gla_30738,"Прапор ""Інженер""",прапори,1,4.22,0.0
2026-09-06,gla_32078,Зіп-худі unisex “Welcome to hell”,чоловічий одяг,1,1.85,0.0
2026-09-06,gla_34870,"Худі oversize ""Арта""",новинки,1,138.3,0.0
2026-09-06,gla_32052,Штани чоловічі спортивні широкі,чоловічий одяг,7,44.91,0.0
2026-09-06,gla_34671,"Футболка ""Згідно з наказом""",новинки,2,26.48,0.0
2026-09-06,gla_34942,"Худі oversize ""Згідно з наказом""",новинки,2,35.23,0.0
2026-09-06,gla_32053,Штани чоловічі спортивні широкі,чоловічий одяг,2,20.06,0.0
2026-09-06,gla_34929,"Худі oversize ""В етері""",новинки,1,2.72,0.0
2026-09-06,gla_27990,"Прапор ""За столом смерті""",прапори,1,11.67,0.0
2026-09-06,gla_32260,Зіп-худі unisex “Welcome to hell”,жіночий одяг,4,37.2,0.0
2026-09-06,gla_34673,"Футболка ""Згідно з наказом""",новинки,1,16.42,0.0
2026-09-06,gla_34610,"Футболка ""Баба Яга""",новинки,1,7.66,0.0
2026-09-06,gla_34672,"Футболка ""Згідно з наказом""",новинки,1,11.3,0.0
2026-09-06,gla_28561,"Футболка ""База""",чоловічий одяг,1,3.69,0.0
2026-09-06,gla_34850,"Худі oversize ""Евак""",новинки,1,9.04,0.0
2026-09-06,gla_33211,"Прапор ""А шо там в баби на городі?""",прапори,1,37.41,0.0
2026-09-06,gla_32054,Штани чоловічі спортивні широкі,чоловічий одяг,5,79.98,0.0
2026-09-06,gla_33226,"Прапор ""Вампір""",прапори,1,6.85,0.0
2026-09-06,gla_28209,"Прапор ""Тиша""",прапори,1,1.02,0.0
2026-09-06,gla_28187,"Прапор ""FPV пілот""",прапори,1,12.79,0.0
2026-09-06,gla_32244,Штани жіночі спортивні широкі,жіночий одяг,1,4.41,0.0
2026-09-06,gla_28559,"Футболка ""База""",чоловічий одяг,1,1.86,0.0
2026-09-06,gla_34628,"Футболка ""В етері""",новинки,1,1.56,0.0
2026-09-06,gla_32247,Штани жіночі спортивні широкі,жіночий одяг,1,13.0,0.0
2026-09-06,gla_32271,Зіп-худі unisex “Garden of Bones”,жіночий одяг,1,26.09,0.0
2026-09-06,gla_28395,"Прапор ""ДСНС""",прапори,1,3.21,0.0
2026-09-06,gla_34919,"Худі oversize ""Baby shark""",новинки,1,14.38,0.0
2026-09-06,gla_28558,"Футболка ""База""",чоловічий одяг,1,2.87,0.0
2026-09-06,gla_32135,Футболка unisex “Warrior”,sale,1,11.82,0.0
2026-09-06,gla_34962,"Худі oversize ""Зелений спектр""",новинки,1,7.35,0.0
2026-09-06,gla_34840,"Худі oversize ""Звʼязок""",новинки,1,48.94,0.0
2026-09-06,gla_32259,Зіп-худі unisex “Welcome to hell”,жіночий одяг,3,24.77,0.0
2026-09-06,gla_30717,"Прапор ""Битва за життя""",прапори,1,11.87,0.0
2026-09-06,gla_33450,"Прапор ""Згідно з наказом""",прапори,3,55.93,0.0
2026-09-06,gla_28008,"Прапор ""Донецьк""",прапори,1,8.93,0.0
2026-09-06,gla_28259,"Прапор ""Водій""",прапори,1,4.68,0.0
2026-09-06,gla_30710,"Прапор ""Баба Яга""",прапори,1,2.46,0.0
2026-09-06,gla_32256,Зіп-худі unisex “Welcome to hell”,жіночий одяг,2,91.84,0.0
2026-09-06,gla_34817,"Худі oversize ""Морпіхи""",новинки,1,9.59,0.0
2026-09-06,gla_34828,"Худі oversize ""Сапер""",новинки,2,67.76,0.0
2026-09-06,gla_34801,"Худі oversize ""Міномет""",новинки,1,6.17,0.0
2026-09-07,gla_30751,"Прапор ""Камікадзе""",прапори,1,15.99,0.0
2026-09-07,gla_32257,Зіп-худі unisex “Welcome to hell”,жіночий одяг,11,77.3,0.5
2026-09-07,gla_34599,"Футболка ""НРК""",новинки,1,4.31,0.0
2026-09-07,gla_28560,"Футболка ""База""",чоловічий одяг,2,13.25,0.0
2026-09-07,gla_32051,Штани чоловічі спортивні широкі,чоловічий одяг,1,9.17,0.0
2026-09-07,gla_35003,"Худі oversize ""Той самий вайб""",новинки,2,19.13,0.0
2026-09-07,gla_33484,"Прапор ""Baby shark""",прапори,2,20.79,0.0
2026-09-07,gla_32078,Зіп-худі unisex “Welcome to hell”,чоловічий одяг,1,2.08,0.0
2026-09-07,gla_34570,"Футболка ""Зв'язок""",новинки,1,16.1,0.0
2026-09-07,gla_34879,"Худі oversize ""Дорога на схід""",новинки,2,18.83,0.5
2026-09-07,gla_28385,"Прапор ""Винищувач""",прапори,2,55.4,0.0
2026-09-07,gla_32087,Зіп-худі unisex “Tarot”,чоловічий одяг,2,11.44,0.0
2026-09-07,gla_32052,Штани чоловічі спортивні широкі,чоловічий одяг,8,107.42,0.0
2026-09-07,gla_34942,"Худі oversize ""Згідно з наказом""",новинки,3,10.58,0.0
2026-09-07,gla_32260,Зіп-худі unisex “Welcome to hell”,жіночий одяг,2,8.32,0.0
2026-09-07,gla_34673,"Футболка ""Згідно з наказом""",новинки,1,10.89,0.0
2026-09-07,gla_32081,Зіп-худі unisex “Welcome to hell”,чоловічий одяг,1,5.03,0.0
2026-09-07,gla_34672,"Футболка ""Згідно з наказом""",новинки,2,11.02,0.0
2026-09-07,gla_34979,"Худі oversize ""Лелека""",новинки,1,1.18,0.0
2026-09-07,gla_34952,"Худі oversize ""Залізні побратими""",новинки,1,19.82,0.0
2026-09-07,gla_28561,"Футболка ""База""",чоловічий одяг,1,2.97,0.0
2026-09-07,gla_34850,"Худі oversize ""Евак""",новинки,2,12.43,0.0
2026-09-07,gla_32054,Штани чоловічі спортивні широкі,чоловічий одяг,2,11.76,0.0
2026-09-07,gla_34731,"Футболка ""Лелека""",новинки,1,19.23,0.0
2026-09-07,gla_32194,"Футболка unisex ""Вампір""",чоловічий одяг,1,16.6,0.0
2026-09-07,gla_33235,"Прапор ""Той самий вайб""",прапори,1,20.14,0.0
2026-09-07,gla_32196,"Футболка unisex ""Вампір""",чоловічий одяг,1,4.48,0.0
2026-09-07,gla_28187,"Прапор ""FPV пілот""",прапори,2,27.93,0.0
2026-09-07,gla_28130,"Прапор ""Очі темряви""",прапори,1,107.81,0.0
2026-09-07,gla_28381,"Прапор ""Одного разу під Запоріжжям""",прапори,1,3.74,0.0
2026-09-07,gla_28389,"Прапор ""Морпіхи""",прапори,1,9.43,0.0
2026-09-07,gla_33476,"Прапор ""В етері""",прапори,1,4.93,0.0
2026-09-07,gla_32247,Штани жіночі спортивні широкі,жіночий одяг,2,22.34,0.0
2026-09-07,gla_32265,Зіп-худі unisex “Tarot”,жіночий одяг,1,16.71,0.0
2026-09-07,gla_28395,"Прапор ""ДСНС""",прапори,2,16.19,0.0
2026-09-07,gla_34903,"Худі oversize ""Гроза району""",новинки,1,28.24,0.0
2026-09-07,gla_28558,"Футболка ""База""",чоловічий одяг,3,29.23,0.0
2026-09-07,gla_32266,Зіп-худі unisex “Tarot”,жіночий одяг,1,59.46,0.0
2026-09-07,gla_32135,Футболка unisex “Warrior”,sale,1,12.94,0.0
2026-09-07,gla_34962,"Худі oversize ""Зелений спектр""",новинки,2,31.76,0.0
2026-09-07,gla_32080,Зіп-худі unisex “Welcome to hell”,чоловічий одяг,1,24.85,0.0
2026-09-07,gla_34860,"Худі oversize ""Час спокою""",новинки,1,25.04,0.0
2026-09-07,gla_29876,Комплект кріплення для прапора,аксесуари,2,14.86,0.0
2026-09-07,gla_35027,"Худі oversize ""Вампір""",новинки,1,23.98,0.0
2026-09-07,gla_32259,Зіп-худі unisex “Welcome to hell”,жіночий одяг,3,17.17,0.0
2026-09-07,gla_33450,"Прапор ""Згідно з наказом""",прапори,2,10.6,0.0
2026-09-07,gla_28008,"Прапор ""Донецьк""",прапори,1,8.24,0.0
2026-09-07,gla_32270,Зіп-худі unisex “Garden of Bones”,жіночий одяг,2,9.71,0.0
2026-09-07,gla_32256,Зіп-худі unisex “Welcome to hell”,жіночий одяг,1,5.2,0.0
2026-09-07,gla_34817,"Худі oversize ""Морпіхи""",новинки,1,3.18,0.0
2026-09-07,gla_34760,"Футболка ""Перехоплювач""",новинки,1,5.3,0.0
2026-09-07,gla_34828,"Худі oversize ""Сапер""",новинки,2,20.11,0.0
2026-09-07,gla_34629,"Футболка ""В етері""",новинки,1,3.15,0.0
2026-09-07,gla_33182,"Прапор ""Гроза району""",прапори,2,27.1,0.0
