word,stem,clicks_before,conversions_before,CVR_before_%,clicks_after,conversions_after,CVR_after_%,cost_after,p_value_decline
прапор,прапор,259,10.0,3.86,200,4.0,2.0,2430.91,0.111934
корогва,корогв,187,14.28,7.64,123,9.5,7.72,1902.79,0.661262
штани,штан,211,10.0,4.74,146,0.0,0.0,1828.55,0.000834
футболка,футболк,250,1.0,0.4,125,0.0,0.0,1245.06,0.605923
чоловічі,чоловічі,129,5.5,4.26,92,0.0,0.0,1189.34,0.01816
худі,худі,171,5.8,3.39,99,1.08,1.09,1010.35,0.147248
спортивні,спортивні,96,3.0,3.12,64,0.0,0.0,820.49,0.131084
флаг,флаг,49,3.03,6.19,36,0.0,0.0,665.72,0.100386
мужской,мужск,97,1.0,1.03,56,0.0,0.0,638.88,0.559721
купити,купит,49,0.5,1.02,44,0.0,0.0,528.99,0.636809
спортивный,спортивн,61,5.0,8.2,34,0.0,0.0,473.57,0.054598
худи,худ,111,1.0,0.9,40,0.0,0.0,403.17,0.696287
corogva,corogva,9,1.35,15.03,15,0.0,0.0,350.72,
купить,куп,52,2.0,3.85,28,0.0,0.0,335.21,0.333477
принтом,принт,54,0.0,0.0,33,0.0,0.0,297.32,
військовий,військов,28,2.0,7.14,22,1.0,4.55,272.21,0.527305
широкие,широк,32,0.0,0.0,20,0.0,0.0,256.65,
широкі,широкі,41,2.0,4.88,29,0.0,0.0,219.09,0.234499
донецка,донецк,14,1.03,7.36,11,0.0,0.0,217.65,
оверсайз,оверсайз,34,0.0,0.0,15,0.0,0.0,213.35,
чоловічий,чоловіч,53,1.0,1.89,20,0.0,0.0,203.64,0.683203
области,област,14,1.03,7.36,13,0.0,0.0,202.43,
заказ,заказ,1,0.0,0.0,7,0.0,0.0,189.6,
військові,військові,11,0.0,0.0,12,0.0,0.0,169.4,
магазин,магазин,14,0.0,0.0,16,1.0,6.25,145.73,
гонорова,гоноров,0,0.0,,1,0.0,0.0,138.3,
мерч,мерч,51,0.0,0.0,15,0.0,0.0,137.1,
нрк,нрк,1,0.0,0.0,13,0.0,0.0,132.1,
дснс,дснс,5,0.0,0.0,12,0.0,0.0,127.78,
брюки,брюк,13,0.0,0.0,7,0.0,0.0,124.69,
зип,зип,34,0.0,0.0,13,0.0,0.0,124.22,
вампір,вампір,18,0.05,0.26,11,0.0,0.0,114.85,
зіп,зіп,39,1.0,2.56,16,0.08,0.5,114.34,0.659939
военная,воен,7,0.0,0.0,11,0.0,0.0,101.98,
ріотдівіжн,ріотдівіжн,0,0.0,,2,0.0,0.0,99.78,
кофта,кофт,53,0.0,0.0,14,1.0,7.14,81.02,
division,division,28,0.0,0.0,10,0.0,0.0,79.25,
замовлення,замовлен,7,0.0,0.0,3,0.0,0.0,79.21,
moletom,moletom,0,0.0,,2,0.0,0.0,77.53,
чорні,чорні,4,0.0,0.0,6,0.0,0.0,76.05,
прапорів,прапорів,3,0.0,0.0,2,0.0,0.0,73.46,
без,без,2,0.0,0.0,4,0.0,0.0,73.37,
друк,друк,1,0.0,0.0,2,0.0,0.0,73.19,
dubhumans,dubhumans,0,0.0,,3,0.0,0.0,73.16,
дпсу,дпсу,0,0.0,,2,0.0,0.0,70.04,
жіночі,жіночі,27,0.0,0.0,10,0.0,0.0,69.16,
черные,черн,19,1.0,5.26,5,0.0,0.0,67.7,
honorovi,honorovi,8,0.0,0.0,3,0.0,0.0,67.67,
дронщики,дронщик,3,0.0,0.0,4,0.0,0.0,66.13,
одяг,одяг,21,0.0,0.0,5,0.0,0.0,64.73,
женская,женск,18,0.0,0.0,6,0.0,0.0,64.38,
дрони,дрон,7,0.0,0.0,4,0.0,0.0,64.15,
зіпки,зіпки,3,0.25,8.33,1,0.0,0.0,59.46,
гур,гур,0,0.0,,1,0.0,0.0,59.31,
український,українськ,11,0.0,0.0,3,0.0,0.0,58.23,
vampire,vampire,4,0.0,0.0,4,0.0,0.0,57.73,
світшот,світшот,3,0.0,0.0,3,0.0,0.0,57.22,
донецька,донецьк,6,0.0,0.0,3,0.0,0.0,55.2,
гонорові,гонорові,2,0.0,0.0,2,0.0,0.0,52.82,
zara,zara,0,0.0,,3,0.0,0.0,52.3,
бпла,бпла,0,0.0,,3,0.0,0.0,50.15,
тойс,тойс,1,0.0,0.0,4,0.0,0.0,50.02,
пекло,пекл,1,0.0,0.0,4,0.0,0.0,50.02,
zoho,zoho,1,0.0,0.0,1,0.0,0.0,49.7,
україна,україн,8,0.0,0.0,3,0.0,0.0,49.68,
group,group,11,0.0,0.0,3,0.0,0.0,49.21,
ghfgjhb,ghfgjhb,0,0.0,,1,0.0,0.0,48.52,
язківець,язківет^,0,0.0,,8,0.0,0.0,48.48,
мілітарі,мілітарі,8,0.0,0.0,5,0.0,0.0,47.91,
foxtrot,foxtrot,7,0.0,0.0,1,0.0,0.0,46.07,
zero,zero,7,0.0,0.0,1,0.0,0.0,46.07,
svastone,svastone,2,0.0,0.0,2,0.0,0.0,45.76,
toys,toys,2,0.0,0.0,4,0.0,0.0,45.48,
сапер,сапер,0,0.0,,2,0.0,0.0,44.32,
стела,стел,0,0.0,,1,0.0,0.0,43.14,
дивижн,дивижн,14,0.0,0.0,14,0.0,0.0,42.76,
фпв,фпв,1,0.0,0.0,4,0.5,12.5,41.67,
помилку,помилк,0,0.0,,1,0.0,0.0,41.29,
правого,прав,0,0.0,,1,0.0,0.0,41.29,
слабким,слабк,3,0.0,0.0,2,0.0,0.0,40.62,
vidro,vidro,0,0.0,,1,0.0,0.0,40.48,
зсу,зсу,11,2.0,18.18,6,0.0,0.0,39.87,
riotdivision,riotdivision,3,0.0,0.0,5,0.0,0.0,39.01,
чорний,чорн,11,1.0,9.09,4,0.0,0.0,38.67,
донбас,донбас,9,0.0,0.0,2,0.0,0.0,38.55,
свастон,свастон,5,0.0,0.0,4,0.0,0.0,38.18,
забой,заб,1,0.0,0.0,2,0.0,0.0,38.0,
харків,харків,1,0.0,0.0,2,0.0,0.0,37.96,
інтернет,інтернет,0,0.0,,2,0.0,0.0,37.27,
жіноче,жіноч,14,1.0,7.14,5,0.0,0.0,37.04,
welcome,welcome,2,0.0,0.0,2,0.0,0.0,36.9,
hell,hell,2,0.0,0.0,2,0.0,0.0,36.9,
хонорові,хонорові,1,0.0,0.0,2,0.0,0.0,36.6,
шеврон,шеврон,5,0.0,0.0,9,0.0,0.0,36.48,
груп,груп,6,0.0,0.0,4,0.0,0.0,36.25,
замовити,замовит,10,0.0,0.0,4,0.0,0.0,36.15,
мінометників,мінометників,7,1.0,14.29,4,0.0,0.0,36.08,
банер,банер,1,0.0,0.0,2,0.0,0.0,35.98,
одежда,одежд,16,0.0,0.0,3,0.0,0.0,35.3,
peklo,peklo,2,0.0,0.0,3,0.0,0.0,34.85,
подмост,подмост,8,1.0,12.5,2,0.0,0.0,34.13,
зіпка,зіпка,24,0.25,1.04,4,0.0,0.0,33.48,
блискавці,блискавці,9,0.0,0.0,4,1.0,25.0,33.37,
club,club,14,0.0,0.0,4,0.0,0.0,33.36,
толстовка,толстовк,18,0.11,0.63,5,0.0,0.0,33.13,
резинці,резинці,0,0.0,,3,0.0,0.0,33.07,
хонорови,хоноров,0,0.0,,2,0.0,0.0,32.86,
азов,аз,3,0.0,0.0,2,0.0,0.0,32.38,
baggy,baggy,2,0.0,0.0,5,0.0,0.0,31.9,
піхоти,піхот,1,0.0,0.0,2,0.0,0.0,31.74,
ukraine,ukraine,5,0.0,0.0,2,0.0,0.0,31.67,
stlv,stlv,2,0.0,0.0,3,0.0,0.0,31.4,
компани,компан,6,0.0,0.0,3,0.0,0.0,30.29,
нарада,нарад,0,0.0,,1,1.0,100.0,30.27,
dead,dead,4,0.0,0.0,1,0.0,0.0,30.27,
souls,souls,3,0.0,0.0,1,0.0,0.0,30.27,
riot,riot,13,0.0,0.0,5,0.0,0.0,30.02,
ukrarmor,ukrarmor,0,0.0,,1,0.0,0.0,29.8,
нації,нації,0,0.0,,2,0.0,0.0,29.17,
ідея,іде,0,0.0,,2,0.0,0.0,29.17,
хижак,хижак,1,0.0,0.0,2,0.0,0.0,29.07,
толстых,толст,0,0.0,,1,0.0,0.0,29.04,
виробник,виробник,1,0.0,0.0,1,0.0,0.0,28.92,
розмір,розмір,2,0.0,0.0,2,0.0,0.0,28.85,
андеграунд,андеграунд,0,0.0,,1,0.0,0.0,28.52,
донецької,донецької,6,0.0,0.0,5,0.0,0.0,28.43,
області,області,4,0.0,0.0,5,0.0,0.0,28.43,
морська,морськ,0,0.0,,1,0.0,0.0,27.85,
альфа,альф,0,0.0,,2,0.0,0.0,27.61,
маверік,маверік,0,0.0,,1,0.0,0.0,27.27,
подарунок,подарунок,2,0.0,0.0,2,0.0,0.0,26.75,
donetsk,donetsk,0,0.0,,1,0.0,0.0,26.21,
zaboy,zaboy,0,0.0,,1,0.0,0.0,26.21,
норд,норд,12,0.0,0.0,7,0.0,0.0,25.34,
кепка,кепк,0,0.0,,1,0.0,0.0,25.1,
пізда,пізда,2,0.0,0.0,1,0.0,0.0,24.9,
com,com,0,0.0,,2,0.0,0.0,24.76,
реб,реб,0,0.0,,3,0.0,0.0,24.63,
капюшоном,капюшон,3,0.11,3.76,3,0.0,0.0,24.53,
стафф,стафф,2,0.0,0.0,2,0.0,0.0,24.39,
drapp,drapp,0,0.0,,1,0.0,0.0,23.9,
кроп,кроп,0,0.0,,3,0.0,0.0,23.28,
манжетів,манжетів,1,0.0,0.0,1,0.0,0.0,22.67,
артилерія,артилері,1,0.0,0.0,1,0.0,0.0,22.44,
y2k,y2k,0,0.0,,1,0.0,0.0,22.17,
nike,nike,0,0.0,,2,0.0,0.0,22.08,
адаптивні,адаптивні,1,0.0,0.0,1,0.0,0.0,22.03,
русоріз,русоріз,15,0.0,0.0,7,0.0,0.0,21.78,
бренд,бренд,7,0.0,0.0,2,0.0,0.0,21.32,
байдикую,байдик,1,0.0,0.0,1,0.0,0.0,21.26,
стіну,стіну,8,0.0,0.0,5,0.0,0.0,21.23,
діловод,діловод,0,0.0,,2,0.0,0.0,21.09,
большая,больш,1,0.0,0.0,3,0.0,0.0,21.07,
костюм,костюм,10,0.0,0.0,3,0.0,0.0,20.83,
project,project,2,0.0,0.0,1,0.0,0.0,20.81,
450,450,0,0.0,,1,0.0,0.0,20.81,
мінометник,мінометник,0,0.0,,1,0.0,0.0,20.75,
maverick,maverick,0,0.0,,2,0.0,0.0,20.58,
good,good,7,0.0,0.0,2,0.0,0.0,20.3,
теплі,теплі,0,0.0,,2,0.0,0.0,20.17,
nord,nord,15,0.0,0.0,4,0.0,0.0,20.15,
стандартний,стандартн,0,0.0,,1,0.0,0.0,19.66,
шоп,шоп,2,0.0,0.0,3,0.0,0.0,19.36,
плакати,плакат,2,0.0,0.0,3,0.0,0.0,19.34,
авіація,авіаці,3,0.0,0.0,2,0.0,0.0,19.09,
галичина,галичин,3,0.0,0.0,2,0.0,0.0,19.09,
company,company,8,0.0,0.0,2,0.0,0.0,18.94,
shirts,shirts,1,0.0,0.0,1,0.0,0.0,18.34,
донбасс,донбасс,5,0.0,0.0,3,0.0,0.0,18.08,
виробництво,виробництв,3,0.0,0.0,1,0.0,0.0,17.79,
милитари,милитар,5,0.0,0.0,2,0.0,0.0,17.72,
фото,фот,4,0.0,0.0,3,0.0,0.0,17.32,
гуд,гуд,11,1.0,9.09,1,0.0,0.0,17.22,
бойс,бойс,11,1.0,9.09,1,0.0,0.0,17.22,
клаб,клаб,10,1.0,10.0,1,0.0,0.0,17.22,
баггі,баггі,5,0.0,0.0,1,0.0,0.0,16.83,
humana,humana,0,0.0,,1,0.0,0.0,16.69,
korogva,korogva,1,0.0,0.0,3,0.0,0.0,16.6,
дівіжн,дівіжн,8,0.0,0.0,4,0.0,0.0,16.55,
практичний,практичн,0,0.0,,1,0.0,0.0,16.55,
кракен,крак,2,0.0,0.0,1,0.0,0.0,16.53,
рост,рост,0,0.0,,1,0.0,0.0,16.46,
высоких,высок,0,0.0,,1,0.0,0.0,16.46,
фенікс,фенікс,0,0.0,,1,0.0,0.0,16.42,
риот,риот,2,0.0,0.0,7,0.0,0.0,16.33,
балахон,балахон,2,0.0,0.0,1,0.0,0.0,15.91,
пизда,пизд,1,0.0,0.0,1,0.0,0.0,15.72,
генг,генг,3,0.0,0.0,1,0.0,0.0,15.61,
оптімус,оптімус,2,0.0,0.0,1,0.0,0.0,15.61,
oversized,oversized,1,0.0,0.0,1,0.0,0.0,15.52,
медик,медик,9,0.0,0.0,2,0.0,0.0,15.34,
украина,украин,7,0.0,0.0,2,0.0,0.0,15.22,
коргва,коргв,1,0.0,0.0,1,0.0,0.0,14.93,
casual,casual,0,0.0,,1,0.0,0.0,14.84,
розвідка,розвідк,5,0.0,0.0,3,0.0,0.0,14.65,
літні,літні,1,0.0,0.0,2,0.0,0.0,14.58,
paul,paul,0,0.0,,1,0.0,0.0,14.38,
shark,shark,1,0.0,0.0,1,0.0,0.0,14.38,
размер,размер,2,0.0,0.0,2,0.0,0.0,14.29,
прямые,прям,3,0.0,0.0,1,0.0,0.0,14.07,
ппо,ппо,0,0.0,,2,0.0,0.0,13.98,
великий,велик,2,0.0,0.0,2,0.0,0.0,13.82,
розмірів,розмірів,2,0.0,0.0,2,0.0,0.0,13.82,
буду,буд,1,0.0,0.0,1,0.0,0.0,13.82,
пеньком,пеньк,0,0.0,,1,0.0,0.0,13.82,
воля,вол,1,0.0,0.0,1,0.0,0.0,13.8,
ціна,ціна,0,0.0,,1,0.0,0.0,13.74,
трикотажні,трикотажні,1,0.0,0.0,1,0.0,0.0,13.45,
джинсы,джинс,6,0.0,0.0,3,0.0,0.0,13.37,
подарки,подарк,0,0.0,,1,0.0,0.0,13.3,
tac,tac,1,0.0,0.0,2,0.0,0.0,13.25,
сталкер,сталкер,0,0.0,,1,0.0,0.0,13.17,
зіпер,зіпер,0,0.0,,2,0.0,0.0,13.11,
патчем,патч,2,0.0,0.0,2,0.0,0.0,13.06,
спортивки,спортивк,1,0.0,0.0,2,0.0,0.0,13.03,
вархаммер,вархаммер,0,0.0,,1,0.0,0.0,13.02,
40000,40000,0,0.0,,1,0.0,0.0,13.02,
спортзала,спортза,2,0.0,0.0,1,0.0,0.0,13.01,
inspiradora,inspiradora,0,0.0,,1,0.0,0.0,13.0,
стену,стен,6,0.0,0.0,1,0.0,0.0,12.97,
ренж,ренж,0,0.0,,1,0.0,0.0,12.94,
рокс,рокс,0,0.0,,1,0.0,0.0,12.94,
таро,тар,3,0.0,0.0,1,0.0,0.0,12.51,
всі,всі,1,0.0,0.0,1,0.0,0.0,12.08,
свої,свої,1,0.0,0.0,1,0.0,0.0,12.08,
неформальной,неформальн,0,0.0,,1,0.0,0.0,12.06,
старшина,старшин,0,0.0,,1,0.0,0.0,11.86,
багги,багг,3,0.0,0.0,1,0.0,0.0,11.68,
индастриз,индастриз,0,0.0,,1,0.0,0.0,11.62,
зипка,зипк,22,0.0,0.0,3,0.0,0.0,11.57,
turwear,turwear,0,0.0,,1,0.0,0.0,11.54,
кріплення,кріплен,3,0.0,0.0,5,0.0,0.0,11.45,
дурнев,дурн,2,0.0,0.0,2,0.0,0.0,11.44,
крою,кро,3,0.0,0.0,2,0.0,0.0,11.42,
пума,пум,2,0.0,0.0,1,0.0,0.0,11.27,
вишивка,вишивк,0,0.0,,2,0.0,0.0,11.21,
придатний,придатн,0,0.0,,1,0.0,0.0,11.14,
необмежено,необмеж,0,0.0,,1,0.0,0.0,11.14,
могилу,могил,0,0.0,,1,0.0,0.0,11.08,
безвісти,безвіст,3,0.0,0.0,1,0.0,0.0,11.03,
зниклих,зникл,3,0.0,0.0,1,0.0,0.0,11.03,
смеш,смеш,0,0.0,,1,0.0,0.0,10.98,
тематика,тематик,0,0.0,,1,0.0,0.0,10.96,
собаки,собак,2,0.0,0.0,1,0.0,0.0,10.94,
жадан,жада,2,0.0,0.0,1,0.0,0.0,10.94,
потасовка,потасовк,5,0.0,0.0,2,0.0,0.0,10.91,
виготовлення,виготовлен,2,0.0,0.0,1,0.0,0.0,10.82,
warrior,warrior,1,0.0,0.0,1,0.0,0.0,10.8,
зимние,зимн,0,0.0,,1,0.0,0.0,10.73,
peclo,peclo,0,0.0,,1,0.0,0.0,10.63,
емблема,емблем,0,0.0,,1,0.0,0.0,10.62,
мнс,мнс,0,0.0,,1,0.0,0.0,10.62,
прямі,прямі,7,1.0,14.29,2,0.0,0.0,10.52,
заколот,заколот,7,0.0,0.0,3,0.0,0.0,10.44,
fire,fire,0,0.0,,1,0.0,0.0,10.35,
point,point,0,0.0,,1,0.0,0.0,10.35,
онлайн,онлайн,0,0.0,,1,0.0,0.0,10.27,
flags,flags,2,0.0,0.0,1,0.0,0.0,10.14,
прикольная,прикольн,0,0.0,,1,0.0,0.0,10.13,
прапар,прапар,0,0.0,,1,0.0,0.0,10.1,
блокнот,блокнот,0,0.0,,1,0.0,0.0,10.0,
джогери,джогер,4,0.0,0.0,1,0.0,0.0,9.98,
украинской,украинск,2,0.0,0.0,1,0.0,0.0,9.8,
r3ich,r3ich,0,0.0,,2,0.0,0.0,9.66,
серые,сер,0,0.0,,1,0.0,0.0,9.64,
sweatpants,sweatpants,0,0.0,,2,0.0,0.0,9.61,
картель,картел,0,0.0,,1,0.0,0.0,9.51,
range,range,3,0.0,0.0,2,0.0,0.0,9.35,
rocks,rocks,3,0.0,0.0,2,0.0,0.0,9.35,
статуетка,статуетк,0,0.0,,1,0.0,0.0,9.28,
george,george,0,0.0,,1,0.0,0.0,9.23,
незалежності,незалежності,0,0.0,,1,0.0,0.0,9.22,
personalizada,personalizada,0,0.0,,1,0.0,0.0,9.08,
fazer,fazer,0,0.0,,1,0.0,0.0,9.08,
bandeira,bandeira,0,0.0,,1,0.0,0.0,9.08,
паркур,паркур,0,0.0,,1,0.0,0.0,9.06,
замку,замк,2,0.0,0.0,1,0.0,0.0,8.93,
прапорі,прапорі,1,0.0,0.0,1,0.0,0.0,8.92,
застібці,застібці,0,0.0,,1,0.0,0.0,8.89,
ogp,ogp,4,0.0,0.0,1,0.0,0.0,8.85,
томі,томі,0,0.0,,1,0.0,0.0,8.75,
тактична,тактичн,3,0.0,0.0,2,0.0,0.0,8.64,
готика,готик,1,0.0,0.0,1,0.0,0.0,8.63,
cuprum,cuprum,0,0.0,,1,0.0,0.0,8.56,
depot,depot,0,0.0,,1,0.0,0.0,8.56,
яга,яг,5,0.0,0.0,2,0.0,0.0,8.53,
баба,баб,9,0.0,0.0,2,0.0,0.0,8.53,
onlywars,onlywars,0,0.0,,1,0.0,0.0,8.3,
логотип,логотип,0,0.0,,1,0.0,0.0,8.15,
спорт,спорт,1,0.0,0.0,1,0.0,0.0,8.15,
пушка,пушк,0,0.0,,1,0.0,0.0,8.02,
огонь,огон,0,0.0,,1,0.0,0.0,8.02,
класичні,класичні,0,0.0,,1,0.0,0.0,8.0,
семесюк,семесюк,0,0.0,,1,0.0,0.0,7.92,
моторхед,моторхед,0,0.0,,1,0.0,0.0,7.9,
територія,територі,0,0.0,,1,0.0,0.0,7.79,
цін,цін,0,0.0,,1,0.0,0.0,7.79,
мінімальних,мінімальн,0,0.0,,1,0.0,0.0,7.79,
стяг,стяг,1,0.0,0.0,1,0.0,0.0,7.72,
azazel,azazel,0,0.0,,1,0.0,0.0,7.68,
скеля,скел,1,0.0,0.0,1,0.0,0.0,7.65,
високий,висок,0,0.0,,1,0.0,0.0,7.6,
зріст,зріст,0,0.0,,1,0.0,0.0,7.6,
молодіжні,молодіжні,1,0.0,0.0,1,0.0,0.0,7.52,
юбка,юбк,0,0.0,,1,0.0,0.0,7.46,
своїм,своїм,0,0.0,,1,0.0,0.0,7.42,
рагнарок,рагнарок,1,0.0,0.0,1,0.0,0.0,7.25,
hellhound,hellhound,0,0.0,,1,0.0,0.0,7.18,
помаранчева,помаранчев,0,0.0,,1,0.0,0.0,7.16,
крыльями,крыл,0,0.0,,1,0.0,0.0,7.11,
armour,armour,0,0.0,,1,0.0,0.0,7.02,
under,under,0,0.0,,1,0.0,0.0,7.02,
райдивижен,райдивиж,0,0.0,,1,0.0,0.0,7.0,
рок,рок,3,0.0,0.0,1,0.0,0.0,6.87,
махно,махн,0,0.0,,1,0.0,0.0,6.81,
нестор,нестор,0,0.0,,1,0.0,0.0,6.81,
мужчин,мужчин,0,0.0,,1,0.0,0.0,6.78,
сайт,сайт,3,0.0,0.0,1,0.0,0.0,6.78,
гарден,гард,0,0.0,,2,0.0,0.0,6.61,
патасовка,патасовк,1,0.0,0.0,1,0.0,0.0,6.56,
набір,набір,0,0.0,,1,0.0,0.0,6.49,
райот,райот,0,0.0,,1,0.0,0.0,6.35,
man,man,0,0.0,,1,0.0,0.0,6.34,
спині,спині,2,0.0,0.0,1,0.0,0.0,6.32,
venom,venom,0,0.0,,1,0.0,0.0,6.28,
интернет,интернет,1,0.0,0.0,1,0.0,0.0,6.28,
днепр,днепр,0,0.0,,1,0.0,0.0,6.23,
хорогва,хорогв,0,0.0,,1,0.0,0.0,6.2,
гонор,гонор,0,0.0,,1,0.0,0.0,6.17,
ріот,ріот,8,0.0,0.0,1,0.0,0.0,6.14,
компані,компані,0,0.0,,1,0.0,0.0,5.96,
резинке,резинк,0,0.0,,1,0.0,0.0,5.8,
внизу,вниз,0,0.0,,1,0.0,0.0,5.8,
2026,2026,1,0.0,0.0,1,0.0,0.0,5.75,
модні,модні,2,0.0,0.0,1,0.0,0.0,5.75,
металшоп,металшоп,0,0.0,,1,0.0,0.0,5.74,
animals,animals,0,0.0,,1,0.0,0.0,5.7,
wave,wave,1,0.0,0.0,1,0.0,0.0,5.7,
sweetpants,sweetpants,1,0.0,0.0,1,0.0,0.0,5.69,
сарказм,сарказм,1,0.0,0.0,2,0.0,0.0,5.65,
джоггеры,джоггер,1,0.0,0.0,1,0.0,0.0,5.58,
феминиста,феминист,0,0.0,,1,0.0,0.0,5.42,
скейтбординг,скейтбординг,4,1.0,25.0,1,0.0,0.0,5.34,
свободного,свободн,1,0.0,0.0,1,0.0,0.0,5.32,
without,without,0,0.0,,1,0.0,0.0,5.3,
осінні,осінні,0,0.0,,1,0.0,0.0,5.09,
хартия,харт,0,0.0,,1,0.0,0.0,5.09,
флагшток,флагшток,5,0.0,0.0,4,0.0,0.0,4.97,
русню,русн,0,0.0,,1,0.0,0.0,4.88,
ріж,ріж,0,0.0,,1,0.0,0.0,4.88,
тіп,тіп,0,0.0,,1,0.0,0.0,4.57,
норм,норм,0,0.0,,1,0.0,0.0,4.57,
весняна,весня,0,0.0,,1,0.0,0.0,4.55,
military,military,6,0.0,0.0,1,0.0,0.0,4.44,
мани,ман,0,0.0,,1,0.0,0.0,4.31,
олд,олд,0,0.0,,1,0.0,0.0,4.31,
штурмова,штурмов,0,0.0,,1,0.0,0.0,4.28,
brave1,brave1,1,0.0,0.0,2,0.0,0.0,4.26,
небес,небес,0,0.0,,1,0.0,0.0,4.09,
смерть,смерт,1,0.0,0.0,1,0.0,0.0,4.09,
мала,мал,0,0.0,,1,0.0,0.0,4.08,
токмачка,токмачк,0,0.0,,1,0.0,0.0,4.08,
хейтспіч,хейтспіч,0,0.0,,1,0.0,0.0,4.06,
azna,azna,0,0.0,,1,0.0,0.0,3.88,
люверси,люверс,0,0.0,,1,0.0,0.0,3.84,
acid,acid,0,0.0,,1,0.0,0.0,3.73,
bath,bath,0,0.0,,1,0.0,0.0,3.73,
shirt,shirt,1,0.0,0.0,1,0.0,0.0,3.73,
черепами,череп,5,0.0,0.0,1,0.0,0.0,3.7,
братство,братств,0,0.0,,1,0.0,0.0,3.7,
манжетов,манжет,1,0.0,0.0,1,0.0,0.0,3.61,
essentials,essentials,1,0.0,0.0,1,0.0,0.0,3.52,
флисе,флис,0,0.0,,1,0.0,0.0,3.49,
запоріжжя,запоріжж,2,0.0,0.0,1,0.0,0.0,3.46,
зимові,зимові,1,0.0,0.0,1,0.0,0.0,3.28,
закріпити,закріпит,0,0.0,,2,0.0,0.0,3.28,
рай,ра,0,0.0,,1,0.0,0.0,3.26,
stay,stay,0,0.0,,1,0.0,0.0,3.24,
cold,cold,0,0.0,,1,0.0,0.0,3.24,
apparel,apparel,1,0.0,0.0,1,0.0,0.0,3.24,
кентпакет,кентпакет,0,0.0,,1,0.0,0.0,3.16,
tshirt,tshirt,0,0.0,,1,0.0,0.0,3.15,
товарів,товарів,0,0.0,,1,0.0,0.0,2.95,
іду,іду,1,0.0,0.0,1,0.0,0.0,2.93,
zakolot,zakolot,0,0.0,,1,0.0,0.0,2.92,
посадках,посадк,0,0.0,,1,0.0,0.0,2.86,
укороченные,укорочен,0,0.0,,1,0.0,0.0,2.82,
gang,gang,2,0.25,12.5,1,0.0,0.0,2.78,
optimus,optimus,2,0.25,12.5,1,0.0,0.0,2.78,
панк,панк,1,0.0,0.0,1,0.0,0.0,2.66,
white,white,3,0.0,0.0,1,0.0,0.0,2.59,
boy,boy,1,0.0,0.0,1,0.0,0.0,2.59,
київ,київ,2,0.0,0.0,1,0.0,0.0,2.52,
rusoriz,rusoriz,6,0.0,0.0,2,0.0,0.0,2.43,
флисовую,флисов,0,0.0,,1,0.0,0.0,2.41,
gymshark,gymshark,0,0.0,,1,0.0,0.0,2.37,
again,again,0,0.0,,1,0.0,0.0,2.35,
emo,emo,0,0.0,,1,0.0,0.0,2.35,
great,great,0,0.0,,1,0.0,0.0,2.35,
make,make,0,0.0,,1,0.0,0.0,2.35,
тримач,тримач,2,0.0,0.0,1,0.0,0.0,2.25,
free,free,0,0.0,,1,0.0,0.0,2.21,
azov,azov,0,0.0,,1,0.0,0.0,2.21,
літня,літня,0,0.0,,1,0.0,0.0,2.09,
інфраструктура,інфраструктур,0,0.0,,1,0.0,0.0,1.97,
критична,критичн,0,0.0,,1,0.0,0.0,1.97,
boys,boys,9,0.0,0.0,1,0.0,0.0,1.96,
рио,ри,0,0.0,,1,0.0,0.0,1.89,
hate,hate,2,0.0,0.0,1,0.0,0.0,1.88,
cult,cult,1,0.0,0.0,1,0.0,0.0,1.88,
буковина,буковин,0,0.0,,1,0.0,0.0,1.84,
anti,anti,1,0.0,0.0,1,0.0,0.0,1.71,
social,social,1,0.0,0.0,1,0.0,0.0,1.71,
captheuni,captheuni,2,0.0,0.0,1,0.0,0.0,1.47,
стрейч,стрейч,0,0.0,,1,0.0,0.0,1.43,
крепление,креплен,1,0.0,0.0,1,0.0,0.0,1.41,
mariupol,mariupol,0,0.0,,1,0.0,0.0,1.39,
спине,спин,5,0.0,0.0,1,0.0,0.0,1.31,
піратський,піратськ,0,0.0,,1,0.0,0.0,1.06,
командир,командир,0,0.0,,1,0.0,0.0,0.83,
герб,герб,1,0.0,0.0,1,0.0,0.0,0.79,
бригада,бригад,0,0.0,,1,0.0,0.0,0.76,
смерті,смерті,1,0.0,0.0,2,0.0,0.0,0.6,
столом,стол,1,0.0,0.0,1,0.0,0.0,0.49,
ролик,ролик,1,0.0,0.0,1,0.0,0.0,0.28,
арт,арт,0,0.0,,1,0.0,0.0,0.26,
мелодія,мелоді,0,0.0,,1,0.0,0.0,0.11,
ведмедем,ведмед,0,0.0,,0,0.0,,0.0,
helikon,helikon,1,0.0,0.0,0,0.0,,0.0,
брат,брат,0,0.0,,0,0.0,,0.0,
тканинні,тканинні,0,0.0,,0,0.0,,0.0,
front,front,0,0.0,,0,0.0,,0.0,
paket,paket,0,0.0,,0,0.0,,0.0,
motley,motley,0,0.0,,0,0.0,,0.0,
хто,хто,0,0.0,,0,0.0,,0.0,
swaggy,swaggy,0,0.0,,0,0.0,,0.0,
foods,foods,0,0.0,,0,0.0,,0.0,
піс,піс,0,0.0,,0,0.0,,0.0,
артерикс,артерикс,0,0.0,,0,0.0,,0.0,
азазель,азазел,0,0.0,,0,0.0,,0.0,
мотиваційний,мотиваційн,0,0.0,,0,0.0,,0.0,
xjkjdsxbq,xjkjdsxbq,0,0.0,,0,0.0,,0.0,
175,175,0,0.0,,0,0.0,,0.0,
запахом,запах,0,0.0,,0,0.0,,0.0,
raws,raws,0,0.0,,0,0.0,,0.0,
живанши,живанш,0,0.0,,0,0.0,,0.0,
донеччина,донеччин,0,0.0,,0,0.0,,0.0,
котонова,котонов,0,0.0,,0,0.0,,0.0,
гостомель,гостомел,0,0.0,,0,0.0,,0.0,
loop,loop,0,0.0,,0,0.0,,0.0,
orner,orner,0,0.0,,0,0.0,,0.0,
туніка,тунік,0,0.0,,0,0.0,,0.0,
рівнянин,рівнянин,0,0.0,,0,0.0,,0.0,
нарядные,нарядн,0,0.0,,0,0.0,,0.0,
лого,лог,0,0.0,,0,0.0,,0.0,
esoteric,esoteric,0,0.0,,0,0.0,,0.0,
наші,наші,0,0.0,,0,0.0,,0.0,
become,become,0,0.0,,0,0.0,,0.0,
продажи,продаж,0,0.0,,0,0.0,,0.0,
моми,мом,0,0.0,,0,0.0,,0.0,
зомбоид,зомбоид,0,0.0,,0,0.0,,0.0,
secretgarden,secretgarden,0,0.0,,0,0.0,,0.0,
bluesky,bluesky,0,0.0,,0,0.0,,0.0,
японском,японск,0,0.0,,0,0.0,,0.0,
росписью,роспис,0,0.0,,0,0.0,,0.0,
rebel8,rebel8,0,0.0,,0,0.0,,0.0,
низька,низьк,0,0.0,,0,0.0,,0.0,
худди,худд,0,0.0,,0,0.0,,0.0,
маусом,маус,0,0.0,,0,0.0,,0.0,
вечеринка,вечеринк,0,0.0,,0,0.0,,0.0,
флги,флги,0,0.0,,0,0.0,,0.0,
patta,patta,0,0.0,,0,0.0,,0.0,
nine,nine,0,0.0,,0,0.0,,0.0,
кронштейн,кронштейн,0,0.0,,0,0.0,,0.0,
polivic,polivic,0,0.0,,0,0.0,,0.0,
цікаві,цікаві,0,0.0,,0,0.0,,0.0,
футбоголік,футбоголік,0,0.0,,0,0.0,,0.0,
селин,селин,0,0.0,,0,0.0,,0.0,
бронежилета,бронежилет,0,0.0,,0,0.0,,0.0,
dragon,dragon,1,0.0,0.0,0,0.0,,0.0,
gigils,gigils,0,0.0,,0,0.0,,0.0,
prison,prison,0,0.0,,0,0.0,,0.0,
жовте,жовт,0,0.0,,0,0.0,,0.0,
uanimals,uanimals,0,0.0,,0,0.0,,0.0,
gig,gig,0,0.0,,0,0.0,,0.0,
brand,brand,5,0.0,0.0,0,0.0,,0.0,
goons,goons,0,0.0,,0,0.0,,0.0,
oni,oni,0,0.0,,0,0.0,,0.0,
tri,tri,0,0.0,,0,0.0,,0.0,
паца,пац,0,0.0,,0,0.0,,0.0,
redbone,redbone,0,0.0,,0,0.0,,0.0,
дню,дню,0,0.0,,0,0.0,,0.0,
waisted,waisted,0,0.0,,0,0.0,,0.0,
коттон,коттон,0,0.0,,0,0.0,,0.0,
faynalady,faynalady,0,0.0,,0,0.0,,0.0,
малюнок,малюнок,0,0.0,,0,0.0,,0.0,
stranger,stranger,0,0.0,,0,0.0,,0.0,
kifa,kifa,0,0.0,,0,0.0,,0.0,
wolfheart,wolfheart,0,0.0,,0,0.0,,0.0,
manifest,manifest,0,0.0,,0,0.0,,0.0,
маунтин,маунтин,0,0.0,,0,0.0,,0.0,
водій,воді,0,0.0,,0,0.0,,0.0,
статуя,стату,0,0.0,,0,0.0,,0.0,
mavi,mavi,0,0.0,,0,0.0,,0.0,
vsemaykishop,vsemaykishop,0,0.0,,0,0.0,,0.0,
durnevshop,durnevshop,0,0.0,,0,0.0,,0.0,
falen,falen,0,0.0,,0,0.0,,0.0,
авторские,авторск,0,0.0,,0,0.0,,0.0,
буль,бул,0,0.0,,0,0.0,,0.0,
дэд,дэд,0,0.0,,0,0.0,,0.0,
peste,peste,0,0.0,,0,0.0,,0.0,
средневековье,средневеков,0,0.0,,0,0.0,,0.0,
волками,волк,0,0.0,,0,0.0,,0.0,
channels,channels,0,0.0,,0,0.0,,0.0,
гонит,гон,0,0.0,,0,0.0,,0.0,
сонь,сон,0,0.0,,0,0.0,,0.0,
чоловіка,чоловік,0,0.0,,0,0.0,,0.0,
lovalabel,lovalabel,0,0.0,,0,0.0,,0.0,
hoody,hoody,0,0.0,,0,0.0,,0.0,
качества,качеств,0,0.0,,0,0.0,,0.0,
хуй,ху,0,0.0,,0,0.0,,0.0,
мишаня,мишан,0,0.0,,0,0.0,,0.0,
regata,regata,0,0.0,,0,0.0,,0.0,
uarm,uarm,0,0.0,,0,0.0,,0.0,
устройство,устройств,0,0.0,,0,0.0,,0.0,
sleeping,sleeping,0,0.0,,0,0.0,,0.0,
gank,gank,0,0.0,,0,0.0,,0.0,
morning,morning,0,0.0,,0,0.0,,0.0,
правда,правд,0,0.0,,0,0.0,,0.0,
janko,janko,0,0.0,,0,0.0,,0.0,
tnmk,tnmk,1,0.0,0.0,0,0.0,,0.0,
сильвер,сильвер,0,0.0,,0,0.0,,0.0,
дизайнерський,дизайнерськ,0,0.0,,0,0.0,,0.0,
буріва,бурів,0,0.0,,0,0.0,,0.0,
canada,canada,0,0.0,,0,0.0,,0.0,
primark,primark,1,0.0,0.0,0,0.0,,0.0,
aviatsiya,aviatsiya,0,0.0,,0,0.0,,0.0,
lawa,lawa,0,0.0,,0,0.0,,0.0,
liya,liya,0,0.0,,0,0.0,,0.0,
real,real,0,0.0,,0,0.0,,0.0,
maxfort,maxfort,0,0.0,,0,0.0,,0.0,
escape,escape,0,0.0,,0,0.0,,0.0,
джерси,джерс,0,0.0,,0,0.0,,0.0,
жуками,жук,0,0.0,,0,0.0,,0.0,
aesthetic,aesthetic,0,0.0,,0,0.0,,0.0,
woodbird,woodbird,0,0.0,,0,0.0,,0.0,
rascal,rascal,0,0.0,,0,0.0,,0.0,
dutti,dutti,0,0.0,,0,0.0,,0.0,
блич,блич,0,0.0,,0,0.0,,0.0,
хим,хим,0,0.0,,0,0.0,,0.0,
хлопчачі,хлопчачі,0,0.0,,0,0.0,,0.0,
designer,designer,0,0.0,,0,0.0,,0.0,
motogp,motogp,0,0.0,,0,0.0,,0.0,
ultimatum,ultimatum,0,0.0,,0,0.0,,0.0,
блек,блек,0,0.0,,0,0.0,,0.0,
мариуполя,мариупол,0,0.0,,0,0.0,,0.0,
серденько,серденьк,0,0.0,,0,0.0,,0.0,
sttaff,sttaff,0,0.0,,0,0.0,,0.0,
medic,medic,0,0.0,,0,0.0,,0.0,
хатній,хатні,0,0.0,,0,0.0,,0.0,
бай,ба,0,0.0,,0,0.0,,0.0,
психолог,психолог,0,0.0,,0,0.0,,0.0,
рефлектив,рефлект,1,0.0,0.0,0,0.0,,0.0,
рикки,рикк,0,0.0,,0,0.0,,0.0,
сарана,сара,0,0.0,,0,0.0,,0.0,
крутяков,крутяк,0,0.0,,0,0.0,,0.0,
три,три,0,0.0,,0,0.0,,0.0,
active,active,0,0.0,,0,0.0,,0.0,
rhinestone,rhinestone,0,0.0,,0,0.0,,0.0,
розбірний,розбірн,0,0.0,,0,0.0,,0.0,
missue,missue,0,0.0,,0,0.0,,0.0,
світу,світу,0,0.0,,0,0.0,,0.0,
герой,гер,0,0.0,,0,0.0,,0.0,
metallshop,metallshop,0,0.0,,0,0.0,,0.0,
олива,олив,0,0.0,,0,0.0,,0.0,
cuff,cuff,0,0.0,,0,0.0,,0.0,
smth,smth,0,0.0,,0,0.0,,0.0,
male,male,0,0.0,,0,0.0,,0.0,
monochrome,monochrome,1,0.0,0.0,0,0.0,,0.0,
эмблема,эмблем,0,0.0,,0,0.0,,0.0,
newyorker,newyorker,0,0.0,,0,0.0,,0.0,
ufkbxbyb,ufkbxbyb,0,0.0,,0,0.0,,0.0,
перпл,перпл,0,0.0,,0,0.0,,0.0,
перевёрнутым,перевернут,0,0.0,,0,0.0,,0.0,
прінти,прінти,0,0.0,,0,0.0,,0.0,
mtak,mtak,0,0.0,,0,0.0,,0.0,
donkey,donkey,0,0.0,,0,0.0,,0.0,
islandia,islandia,0,0.0,,0,0.0,,0.0,
хстор,хстор,0,0.0,,0,0.0,,0.0,
sir,sir,0,0.0,,0,0.0,,0.0,
japan,japan,0,0.0,,0,0.0,,0.0,
mind,mind,0,0.0,,0,0.0,,0.0,
кабанчі,кабанчі,1,0.0,0.0,0,0.0,,0.0,
stella,stella,0,0.0,,0,0.0,,0.0,
мережі,мережі,0,0.0,,0,0.0,,0.0,
декабря,декабр,0,0.0,,0,0.0,,0.0,
кабанчик,кабанчик,0,0.0,,0,0.0,,0.0,
rozetka,rozetka,0,0.0,,0,0.0,,0.0,
fanattik,fanattik,0,0.0,,0,0.0,,0.0,
есеншиал,есеншиа,0,0.0,,0,0.0,,0.0,
shift,shift,0,0.0,,0,0.0,,0.0,
muwahhid,muwahhid,0,0.0,,0,0.0,,0.0,
арестовичем,арестович,0,0.0,,0,0.0,,0.0,
фигура,фигур,0,0.0,,0,0.0,,0.0,
винчи,винч,0,0.0,,0,0.0,,0.0,
суприм,супр,0,0.0,,0,0.0,,0.0,
ubermensch,ubermensch,0,0.0,,0,0.0,,0.0,
mort,mort,0,0.0,,0,0.0,,0.0,
тотенкопф,тотенкопф,0,0.0,,0,0.0,,0.0,
xhey,xhey,0,0.0,,0,0.0,,0.0,
чорновіл,чорновіл,0,0.0,,0,0.0,,0.0,
fulci,fulci,0,0.0,,0,0.0,,0.0,
darkest,darkest,0,0.0,,0,0.0,,0.0,
holymali,holymali,0,0.0,,0,0.0,,0.0,
batart,batart,0,0.0,,0,0.0,,0.0,
husle,husle,0,0.0,,0,0.0,,0.0,
дайнасти,дайнаст,0,0.0,,0,0.0,,0.0,
відїбіться,відїбіться,0,0.0,,0,0.0,,0.0,
bullfinch,bullfinch,0,0.0,,0,0.0,,0.0,
подворотами,подворот,0,0.0,,0,0.0,,0.0,
минимализм,минимализм,0,0.0,,0,0.0,,0.0,
prayforus,prayforus,0,0.0,,0,0.0,,0.0,
illuminati,illuminati,0,0.0,,0,0.0,,0.0,
maria,maria,0,0.0,,0,0.0,,0.0,
billionaire,billionaire,0,0.0,,0,0.0,,0.0,
kramnytsia,kramnytsia,0,0.0,,0,0.0,,0.0,
медиків,медиків,0,0.0,,0,0.0,,0.0,
deha,deha,0,0.0,,0,0.0,,0.0,
адептус,адептус,0,0.0,,0,0.0,,0.0,
турецькі,турецькі,0,0.0,,0,0.0,,0.0,
хофманитой,хофманит,0,0.0,,0,0.0,,0.0,
трубецкой,трубецк,0,0.0,,0,0.0,,0.0,
nikifilini,nikifilini,0,0.0,,0,0.0,,0.0,
кортез,кортез,0,0.0,,0,0.0,,0.0,
піратські,піратські,0,0.0,,0,0.0,,0.0,
чепура,чепур,0,0.0,,0,0.0,,0.0,
empt,empt,0,0.0,,0,0.0,,0.0,
рішень,рішен,0,0.0,,0,0.0,,0.0,
доречі,доречі,0,0.0,,0,0.0,,0.0,
теплая,тепл,2,0.0,0.0,0,0.0,,0.0,
бля,бля,0,0.0,,0,0.0,,0.0,
off,off,0,0.0,,0,0.0,,0.0,
жатка,жатк,0,0.0,,0,0.0,,0.0,
insideu,insideu,0,0.0,,0,0.0,,0.0,
slavni,slavni,0,0.0,,0,0.0,,0.0,
naviale,naviale,0,0.0,,0,0.0,,0.0,
мілітарний,мілітарн,0,0.0,,0,0.0,,0.0,
unwety,unwety,0,0.0,,0,0.0,,0.0,
vertere,vertere,0,0.0,,0,0.0,,0.0,
банани,банан,0,0.0,,0,0.0,,0.0,
btq,btq,0,0.0,,0,0.0,,0.0,
бос,бос,0,0.0,,0,0.0,,0.0,
acne,acne,0,0.0,,0,0.0,,0.0,
голди,голд,0,0.0,,0,0.0,,0.0,
iuter,iuter,0,0.0,,0,0.0,,0.0,
козацькі,козацькі,0,0.0,,0,0.0,,0.0,
thug,thug,3,0.0,0.0,0,0.0,,0.0,
porter,porter,0,0.0,,0,0.0,,0.0,
tswirt,tswirt,0,0.0,,0,0.0,,0.0,
вінтажна,вінтажн,0,0.0,,0,0.0,,0.0,
print,print,0,0.0,,0,0.0,,0.0,
січ,січ,0,0.0,,0,0.0,,0.0,
лошадью,лошад,0,0.0,,0,0.0,,0.0,
коловорот,коловорот,0,0.0,,0,0.0,,0.0,
wannabe,wannabe,0,0.0,,0,0.0,,0.0,
кум,кум,0,0.0,,0,0.0,,0.0,
everfox,everfox,1,0.0,0.0,0,0.0,,0.0,
айфон,айфон,0,0.0,,0,0.0,,0.0,
турція,турці,0,0.0,,0,0.0,,0.0,
lord,lord,0,0.0,,0,0.0,,0.0,
кременчуг,кременчуг,0,0.0,,0,0.0,,0.0,
sinner,sinner,0,0.0,,0,0.0,,0.0,
рохана,роха,0,0.0,,0,0.0,,0.0,
schoph,schoph,0,0.0,,0,0.0,,0.0,
микки,микк,0,0.0,,0,0.0,,0.0,
english,english,0,0.0,,0,0.0,,0.0,
length,length,0,0.0,,0,0.0,,0.0,
чемпіон,чемпіон,0,0.0,,0,0.0,,0.0,
riddick,riddick,0,0.0,,0,0.0,,0.0,
молитва,молитв,0,0.0,,0,0.0,,0.0,
вирніт,вирніт,0,0.0,,0,0.0,,0.0,
forteresse,forteresse,0,0.0,,0,0.0,,0.0,
geekweek,geekweek,0,0.0,,0,0.0,,0.0,
светящаяся,светя,0,0.0,,0,0.0,,0.0,
пушином,пушин,0,0.0,,0,0.0,,0.0,
голдберг,голдберг,0,0.0,,0,0.0,,0.0,
швейна,швейн,0,0.0,,0,0.0,,0.0,
фит,фит,0,0.0,,0,0.0,,0.0,
katja,katja,0,0.0,,0,0.0,,0.0,
ocen,ocen,0,0.0,,0,0.0,,0.0,
кінгкрос,кінгкрос,0,0.0,,0,0.0,,0.0,
животными,животн,0,0.0,,0,0.0,,0.0,
stone,stone,1,0.0,0.0,0,0.0,,0.0,
666,666,0,0.0,,0,0.0,,0.0,
fomo,fomo,0,0.0,,0,0.0,,0.0,
creator,creator,0,0.0,,0,0.0,,0.0,
yessirskii,yessirskii,0,0.0,,0,0.0,,0.0,
karma,karma,0,0.0,,0,0.0,,0.0,
condemned,condemned,0,0.0,,0,0.0,,0.0,
promopuff,promopuff,0,0.0,,0,0.0,,0.0,
дофамін,дофамін,0,0.0,,0,0.0,,0.0,
утопия,утоп,0,0.0,,0,0.0,,0.0,
продам,прод,0,0.0,,0,0.0,,0.0,
національні,національні,0,0.0,,0,0.0,,0.0,
gymbeam,gymbeam,0,0.0,,0,0.0,,0.0,
емае,ема,0,0.0,,0,0.0,,0.0,
rogo,rogo,0,0.0,,0,0.0,,0.0,
abrams,abrams,0,0.0,,0,0.0,,0.0,
scorpions,scorpions,0,0.0,,0,0.0,,0.0,
вандерсекс,вандерсекс,0,0.0,,0,0.0,,0.0,
teveo,teveo,0,0.0,,0,0.0,,0.0,
сабатон,сабатон,0,0.0,,0,0.0,,0.0,
honey,honey,0,0.0,,0,0.0,,0.0,
веселий,весел,1,0.0,0.0,0,0.0,,0.0,
утепленные,утеплен,0,0.0,,0,0.0,,0.0,
пентаграммой,пентаграмм,0,0.0,,0,0.0,,0.0,
пограничные,пограничн,0,0.0,,0,0.0,,0.0,
спандекс,спандекс,0,0.0,,0,0.0,,0.0,
король,корол,0,0.0,,0,0.0,,0.0,
society,society,0,0.0,,0,0.0,,0.0,
flaar,flaar,0,0.0,,0,0.0,,0.0,
стусі,стусі,0,0.0,,0,0.0,,0.0,
фірмові,фірмові,0,0.0,,0,0.0,,0.0,
bape,bape,0,0.0,,0,0.0,,0.0,
славні,славні,0,0.0,,0,0.0,,0.0,
хамелеон,хамелеон,0,0.0,,0,0.0,,0.0,
дід,дід,1,0.0,0.0,0,0.0,,0.0,
lacoste,lacoste,0,0.0,,0,0.0,,0.0,
байєр,байєр,0,0.0,,0,0.0,,0.0,
портки,портк,0,0.0,,0,0.0,,0.0,
кензо,кенз,0,0.0,,0,0.0,,0.0,
men,men,0,0.0,,0,0.0,,0.0,
узорами,узор,0,0.0,,0,0.0,,0.0,
gybe,gybe,0,0.0,,0,0.0,,0.0,
катарсис,катарсис,0,0.0,,0,0.0,,0.0,
budubrand,budubrand,0,0.0,,0,0.0,,0.0,
християнськими,християнськ,0,0.0,,0,0.0,,0.0,
інженерів,інженерів,0,0.0,,0,0.0,,0.0,
stacked,stacked,0,0.0,,0,0.0,,0.0,
aen,aen,0,0.0,,0,0.0,,0.0,
punks,punks,0,0.0,,0,0.0,,0.0,
борис,борис,0,0.0,,0,0.0,,0.0,
surf,surf,0,0.0,,0,0.0,,0.0,
стран,стран,0,0.0,,0,0.0,,0.0,
kapkan,kapkan,0,0.0,,0,0.0,,0.0,
nsk,nsk,0,0.0,,0,0.0,,0.0,
forgotten,forgotten,0,0.0,,0,0.0,,0.0,
usentos,usentos,0,0.0,,0,0.0,,0.0,
хартії,хартії,0,0.0,,0,0.0,,0.0,
drone,drone,0,0.0,,0,0.0,,0.0,
purpose,purpose,0,0.0,,0,0.0,,0.0,
розписаний,розписан,0,0.0,,0,0.0,,0.0,
khomenko,khomenko,0,0.0,,0,0.0,,0.0,
бархатные,бархатн,0,0.0,,0,0.0,,0.0,
чемеров,чемер,0,0.0,,0,0.0,,0.0,
шик,шик,0,0.0,,0,0.0,,0.0,
drugs,drugs,0,0.0,,0,0.0,,0.0,
nixsport,nixsport,0,0.0,,0,0.0,,0.0,
америки,америк,0,0.0,,0,0.0,,0.0,
five,five,0,0.0,,0,0.0,,0.0,
віндер,віндер,0,0.0,,0,0.0,,0.0,
дшб,дшб,0,0.0,,0,0.0,,0.0,
baseartua,baseartua,1,0.0,0.0,0,0.0,,0.0,
swathe,swathe,0,0.0,,0,0.0,,0.0,
івано,іван,0,0.0,,0,0.0,,0.0,
ненка,ненк,0,0.0,,0,0.0,,0.0,
market,market,0,0.0,,0,0.0,,0.0,
animalism,animalism,1,0.0,0.0,0,0.0,,0.0,
tear,tear,1,0.0,0.0,0,0.0,,0.0,
shopping,shopping,0,0.0,,0,0.0,,0.0,
виндер,виндер,0,0.0,,0,0.0,,0.0,
ліміт,ліміт,0,0.0,,0,0.0,,0.0,
scene,scene,0,0.0,,0,0.0,,0.0,
sirens,sirens,0,0.0,,0,0.0,,0.0,
сдохни,сдохн,0,0.0,,0,0.0,,0.0,
splunk,splunk,0,0.0,,0,0.0,,0.0,
staf,staf,0,0.0,,0,0.0,,0.0,
match,match,0,0.0,,0,0.0,,0.0,
main,main,0,0.0,,0,0.0,,0.0,
жіночк,жіночк,0,0.0,,0,0.0,,0.0,
зампотех,зампотех,0,0.0,,0,0.0,,0.0,
вымпел,вымпел,0,0.0,,0,0.0,,0.0,
музею,муз,0,0.0,,0,0.0,,0.0,
служба,служб,0,0.0,,0,0.0,,0.0,
rock,rock,1,0.0,0.0,0,0.0,,0.0,
hateshop,hateshop,0,0.0,,0,0.0,,0.0,
шахадой,шахад,0,0.0,,0,0.0,,0.0,
танкіст,танкіст,0,0.0,,0,0.0,,0.0,
basert,basert,0,0.0,,0,0.0,,0.0,
wolf,wolf,0,0.0,,0,0.0,,0.0,
оксишоп,оксишоп,0,0.0,,0,0.0,,0.0,
cultura,cultura,0,0.0,,0,0.0,,0.0,
варта,варт,0,0.0,,0,0.0,,0.0,
блуд,блуд,0,0.0,,0,0.0,,0.0,
короткі,короткі,0,0.0,,0,0.0,,0.0,
силові,силові,0,0.0,,0,0.0,,0.0,
производства,производств,0,0.0,,0,0.0,,0.0,
vera,vera,0,0.0,,0,0.0,,0.0,
068,068,0,0.0,,0,0.0,,0.0,
bazalook,bazalook,3,0.0,0.0,0,0.0,,0.0,
xsai,xsai,0,0.0,,0,0.0,,0.0,
indiana,indiana,0,0.0,,0,0.0,,0.0,
academia,academia,0,0.0,,0,0.0,,0.0,
peaceful,peaceful,1,0.0,0.0,0,0.0,,0.0,
skeleton,skeleton,0,0.0,,0,0.0,,0.0,
addict,addict,0,0.0,,0,0.0,,0.0,
лайл,лайл,0,0.0,,0,0.0,,0.0,
хелікон,хелікон,0,0.0,,0,0.0,,0.0,
sullen,sullen,1,0.0,0.0,0,0.0,,0.0,
look,look,0,0.0,,0,0.0,,0.0,
millioner,millioner,0,0.0,,0,0.0,,0.0,
parasitosis,parasitosis,0,0.0,,0,0.0,,0.0,
asapmode,asapmode,0,0.0,,0,0.0,,0.0,
alchevsque,alchevsque,0,0.0,,0,0.0,,0.0,
down,down,0,0.0,,0,0.0,,0.0,
вкв,вкв,0,0.0,,0,0.0,,0.0,
айтишника,айтишник,0,0.0,,0,0.0,,0.0,
shepherd,shepherd,0,0.0,,0,0.0,,0.0,
damen,damen,0,0.0,,0,0.0,,0.0,
шелкотрафарет,шелкотрафарет,0,0.0,,0,0.0,,0.0,
подводная,подводн,0,0.0,,0,0.0,,0.0,
сонер,сонер,0,0.0,,0,0.0,,0.0,
таргариен,таргар,0,0.0,,0,0.0,,0.0,
deadly,deadly,0,0.0,,0,0.0,,0.0,
редфлаг,редфлаг,0,0.0,,0,0.0,,0.0,
малі,малі,0,0.0,,0,0.0,,0.0,
зерос,зерос,0,0.0,,0,0.0,,0.0,
резервед,резервед,0,0.0,,0,0.0,,0.0,
вдв,вдв,0,0.0,,0,0.0,,0.0,
scream,scream,0,0.0,,0,0.0,,0.0,
bolf,bolf,0,0.0,,0,0.0,,0.0,
дота,дот,0,0.0,,0,0.0,,0.0,
turn,turn,0,0.0,,0,0.0,,0.0,
nightshade,nightshade,0,0.0,,0,0.0,,0.0,
baggi,baggi,0,0.0,,0,0.0,,0.0,
індастріс,індастріс,0,0.0,,0,0.0,,0.0,
jotter,jotter,0,0.0,,0,0.0,,0.0,
нікополя,нікопол,0,0.0,,0,0.0,,0.0,
2023,2023,0,0.0,,0,0.0,,0.0,
стучи,стуч,0,0.0,,0,0.0,,0.0,
alpinestars,alpinestars,0,0.0,,0,0.0,,0.0,
gnz,gnz,0,0.0,,0,0.0,,0.0,
pushka,pushka,0,0.0,,0,0.0,,0.0,
корабль,корабл,1,0.0,0.0,0,0.0,,0.0,
tourwear,tourwear,0,0.0,,0,0.0,,0.0,
esteem,esteem,0,0.0,,0,0.0,,0.0,
аффликшн,аффликшн,0,0.0,,0,0.0,,0.0,
сделать,сдела,0,0.0,,0,0.0,,0.0,
кенгуруха,кенгурух,0,0.0,,0,0.0,,0.0,
войск,войск,0,0.0,,0,0.0,,0.0,
tones,tones,0,0.0,,0,0.0,,0.0,
garne,garne,0,0.0,,0,0.0,,0.0,
girlfriend,girlfriend,0,0.0,,0,0.0,,0.0,
святкова,святков,0,0.0,,0,0.0,,0.0,
нью,нью,0,0.0,,0,0.0,,0.0,
алблака,алблак,0,0.0,,0,0.0,,0.0,
сроп,сроп,0,0.0,,0,0.0,,0.0,
psychonaut,psychonaut,0,0.0,,0,0.0,,0.0,
zeep,zeep,0,0.0,,0,0.0,,0.0,
атлетикс,атлетикс,0,0.0,,0,0.0,,0.0,
умеешь,умееш,0,0.0,,0,0.0,,0.0,
ненависть,ненавист,0,0.0,,0,0.0,,0.0,
comeback,comeback,0,0.0,,0,0.0,,0.0,
carcass,carcass,0,0.0,,0,0.0,,0.0,
оператор,оператор,0,0.0,,0,0.0,,0.0,
tsushima,tsushima,0,0.0,,0,0.0,,0.0,
super,super,0,0.0,,0,0.0,,0.0,
грудью,груд,0,0.0,,0,0.0,,0.0,
neon,neon,0,0.0,,0,0.0,,0.0,
пипом,пип,0,0.0,,0,0.0,,0.0,
бруклин,бруклин,0,0.0,,0,0.0,,0.0,
бекка,бекк,0,0.0,,0,0.0,,0.0,
южал,южа,0,0.0,,0,0.0,,0.0,
бенни,бен,0,0.0,,0,0.0,,0.0,
flagi,flagi,0,0.0,,0,0.0,,0.0,
levitate,levitate,0,0.0,,0,0.0,,0.0,
горпкор,горпкор,0,0.0,,0,0.0,,0.0,
fist,fist,0,0.0,,0,0.0,,0.0,
hellfighters,hellfighters,0,0.0,,0,0.0,,0.0,
judo,judo,0,0.0,,0,0.0,,0.0,
труба,труб,0,0.0,,0,0.0,,0.0,
турвир,турвир,0,0.0,,0,0.0,,0.0,
xbox,xbox,0,0.0,,0,0.0,,0.0,
kai,kai,0,0.0,,0,0.0,,0.0,
barking,barking,0,0.0,,0,0.0,,0.0,
курва,курв,0,0.0,,0,0.0,,0.0,
кляйн,кляйн,0,0.0,,0,0.0,,0.0,
термоштани,термоштан,0,0.0,,0,0.0,,0.0,
убакс,убакс,0,0.0,,0,0.0,,0.0,
нейлоновые,нейлонов,0,0.0,,0,0.0,,0.0,
майка,майк,1,0.0,0.0,0,0.0,,0.0,
мавкрік,мавкрік,0,0.0,,0,0.0,,0.0,
divine,divine,0,0.0,,0,0.0,,0.0,
34play,34play,0,0.0,,0,0.0,,0.0,
мамкина,мамкин,0,0.0,,0,0.0,,0.0,
rawen,rawen,0,0.0,,0,0.0,,0.0,
gencrew4,gencrew4,0,0.0,,0,0.0,,0.0,
вайт,вайт,2,0.0,0.0,0,0.0,,0.0,
united24,united24,0,0.0,,0,0.0,,0.0,
колінам,колін,0,0.0,,0,0.0,,0.0,
сайз,сайз,0,0.0,,0,0.0,,0.0,
мур,мур,0,0.0,,0,0.0,,0.0,
дорогие,дорог,0,0.0,,0,0.0,,0.0,
4shop,4shop,0,0.0,,0,0.0,,0.0,
койот,койот,1,0.0,0.0,0,0.0,,0.0,
adamskaya,adamskaya,0,0.0,,0,0.0,,0.0,
seychas,seychas,0,0.0,,0,0.0,,0.0,
reva,reva,0,0.0,,0,0.0,,0.0,
горгани,горган,0,0.0,,0,0.0,,0.0,
хочу,хоч,0,0.0,,0,0.0,,0.0,
savastone,savastone,0,0.0,,0,0.0,,0.0,
balloon,balloon,1,0.0,0.0,0,0.0,,0.0,
six,six,0,0.0,,0,0.0,,0.0,
трекінговий,трекінгов,0,0.0,,0,0.0,,0.0,
аризона,аризон,0,0.0,,0,0.0,,0.0,
milirud,milirud,0,0.0,,0,0.0,,0.0,
вышивкой,вышивк,0,0.0,,0,0.0,,0.0,
стима,стим,0,0.0,,0,0.0,,0.0,
повернись,поверн,0,0.0,,0,0.0,,0.0,
полонених,полонен,0,0.0,,0,0.0,,0.0,
наус,наус,0,0.0,,0,0.0,,0.0,
румми,румм,0,0.0,,0,0.0,,0.0,
кобзарт,кобзарт,0,0.0,,0,0.0,,0.0,
staffshop,staffshop,0,0.0,,0,0.0,,0.0,
трьохнитка,трьохнитк,0,0.0,,0,0.0,,0.0,
руны,рун,1,0.0,0.0,0,0.0,,0.0,
rydel,rydel,0,0.0,,0,0.0,,0.0,
hasic,hasic,0,0.0,,0,0.0,,0.0,
hummer,hummer,0,0.0,,0,0.0,,0.0,
спанч,спанч,0,0.0,,0,0.0,,0.0,
разные,разн,0,0.0,,0,0.0,,0.0,
кампус,кампус,0,0.0,,0,0.0,,0.0,
l34,l34,0,0.0,,0,0.0,,0.0,
трекінгові,трекінгові,1,0.0,0.0,0,0.0,,0.0,
весу,вес,0,0.0,,0,0.0,,0.0,
coupage,coupage,0,0.0,,0,0.0,,0.0,
odin,odin,0,0.0,,0,0.0,,0.0,
privet,privet,0,0.0,,0,0.0,,0.0,
magick,magick,0,0.0,,0,0.0,,0.0,
hellboy,hellboy,0,0.0,,0,0.0,,0.0,
нации,нац,0,0.0,,0,0.0,,0.0,
painboy,painboy,0,0.0,,0,0.0,,0.0,
derzay,derzay,1,0.0,0.0,0,0.0,,0.0,
криплення,криплен,0,0.0,,0,0.0,,0.0,
zen,zen,0,0.0,,0,0.0,,0.0,
мишкой,мишк,0,0.0,,0,0.0,,0.0,
folkmart,folkmart,0,0.0,,0,0.0,,0.0,
german,german,0,0.0,,0,0.0,,0.0,
tkt,tkt,0,0.0,,0,0.0,,0.0,
lotr,lotr,0,0.0,,0,0.0,,0.0,
режим,реж,2,0.0,0.0,0,0.0,,0.0,
bandana,bandana,0,0.0,,0,0.0,,0.0,
gudu,gudu,0,0.0,,0,0.0,,0.0,
довге,довг,0,0.0,,0,0.0,,0.0,
brutalmen,brutalmen,0,0.0,,0,0.0,,0.0,
vicinity,vicinity,0,0.0,,0,0.0,,0.0,
знизу,зниз,0,0.0,,0,0.0,,0.0,
submariner,submariner,0,0.0,,0,0.0,,0.0,
namakubi,namakubi,0,0.0,,0,0.0,,0.0,
розетка,розетк,0,0.0,,0,0.0,,0.0,
сатанинская,сатанинск,0,0.0,,0,0.0,,0.0,
lined,lined,0,0.0,,0,0.0,,0.0,
mma,mma,0,0.0,,0,0.0,,0.0,
loma,loma,0,0.0,,0,0.0,,0.0,
киллстар,киллстар,0,0.0,,0,0.0,,0.0,
патагонія,патагоні,1,0.0,0.0,0,0.0,,0.0,
w8less,w8less,0,0.0,,0,0.0,,0.0,
щоб,щоб,0,0.0,,0,0.0,,0.0,
lonsdale,lonsdale,0,0.0,,0,0.0,,0.0,
wolfpack,wolfpack,0,0.0,,0,0.0,,0.0,
sam,sam,0,0.0,,0,0.0,,0.0,
оушен,оуш,0,0.0,,0,0.0,,0.0,
nicoletta,nicoletta,0,0.0,,0,0.0,,0.0,
gildan,gildan,0,0.0,,0,0.0,,0.0,
heron,heron,0,0.0,,0,0.0,,0.0,
ava,ava,0,0.0,,0,0.0,,0.0,
camiseta,camiseta,0,0.0,,0,0.0,,0.0,
dsg,dsg,0,0.0,,0,0.0,,0.0,
ламода,ламод,0,0.0,,0,0.0,,0.0,
azovstal,azovstal,0,0.0,,0,0.0,,0.0,
маструм,маструм,0,0.0,,0,0.0,,0.0,
fqg,fqg,0,0.0,,0,0.0,,0.0,
hyperboloid,hyperboloid,0,0.0,,0,0.0,,0.0,
baza,baza,0,0.0,,0,0.0,,0.0,
vela,vela,0,0.0,,0,0.0,,0.0,
koton,koton,0,0.0,,0,0.0,,0.0,
tshirts,tshirts,0,0.0,,0,0.0,,0.0,
крові,крові,0,0.0,,0,0.0,,0.0,
стант,стант,0,0.0,,0,0.0,,0.0,
стрітвеар,стрітвеар,0,0.0,,0,0.0,,0.0,
сакурой,сакур,0,0.0,,0,0.0,,0.0,
жадани,жадан,0,0.0,,0,0.0,,0.0,
вендетта,вендетт,0,0.0,,0,0.0,,0.0,
думи,дум,0,0.0,,0,0.0,,0.0,
запорозького,запорозьк,0,0.0,,0,0.0,,0.0,
єва,єва,0,0.0,,0,0.0,,0.0,
знамена,знам,0,0.0,,0,0.0,,0.0,
подовжена,подовж,0,0.0,,0,0.0,,0.0,
runicstorm,runicstorm,0,0.0,,0,0.0,,0.0,
spiral,spiral,0,0.0,,0,0.0,,0.0,
dot,dot,0,0.0,,0,0.0,,0.0,
редан,реда,0,0.0,,0,0.0,,0.0,
тризубом,тризуб,1,0.0,0.0,0,0.0,,0.0,
оффлайн,оффлайн,0,0.0,,0,0.0,,0.0,
anime,anime,0,0.0,,0,0.0,,0.0,
брендів,брендів,2,0.0,0.0,0,0.0,,0.0,
махровые,махров,0,0.0,,0,0.0,,0.0,
workout,workout,0,0.0,,0,0.0,,0.0,
директора,директор,0,0.0,,0,0.0,,0.0,
militant,militant,1,0.0,0.0,0,0.0,,0.0,
быть,быт,0,0.0,,0,0.0,,0.0,
пнг,пнг,0,0.0,,0,0.0,,0.0,
stwd,stwd,0,0.0,,0,0.0,,0.0,
карпфишинг,карпфишинг,0,0.0,,0,0.0,,0.0,
opshop,opshop,0,0.0,,0,0.0,,0.0,
тойота,тойот,0,0.0,,0,0.0,,0.0,
бриллиантом,бриллиант,0,0.0,,0,0.0,,0.0,
streetclothes,streetclothes,0,0.0,,0,0.0,,0.0,
ф16,ф16,0,0.0,,0,0.0,,0.0,
kikilo,kikilo,0,0.0,,0,0.0,,0.0,
juggernaut,juggernaut,0,0.0,,0,0.0,,0.0,
американські,американські,0,0.0,,0,0.0,,0.0,
артилеристу,артилерист,0,0.0,,0,0.0,,0.0,
баймі,баймі,0,0.0,,0,0.0,,0.0,
апатия,апат,0,0.0,,0,0.0,,0.0,
фулл,фулл,0,0.0,,0,0.0,,0.0,
кабанчи,кабанч,0,0.0,,0,0.0,,0.0,
суміш,суміш,0,0.0,,0,0.0,,0.0,
unity,unity,0,0.0,,0,0.0,,0.0,
teen,teen,0,0.0,,0,0.0,,0.0,
accept,accept,0,0.0,,0,0.0,,0.0,
едісона,едісон,0,0.0,,0,0.0,,0.0,
patasovka,patasovka,0,0.0,,0,0.0,,0.0,
байка,байк,0,0.0,,0,0.0,,0.0,
осінь,осін,0,0.0,,0,0.0,,0.0,
свята,свят,0,0.0,,0,0.0,,0.0,
сафари,сафар,0,0.0,,0,0.0,,0.0,
valhyr,valhyr,0,0.0,,0,0.0,,0.0,
штанинами,штанин,0,0.0,,0,0.0,,0.0,
рубеж,рубеж,0,0.0,,0,0.0,,0.0,
pegadora,pegadora,0,0.0,,0,0.0,,0.0,
махновців,махновців,0,0.0,,0,0.0,,0.0,
daff,daff,0,0.0,,0,0.0,,0.0,
eleventy,eleventy,0,0.0,,0,0.0,,0.0,
sleeps,sleeps,0,0.0,,0,0.0,,0.0,
хайповые,хайпов,0,0.0,,0,0.0,,0.0,
молнії,молнії,0,0.0,,0,0.0,,0.0,
гулівер,гулівер,0,0.0,,0,0.0,,0.0,
g59records,g59records,0,0.0,,0,0.0,,0.0,
arachne,arachne,0,0.0,,0,0.0,,0.0,
hooey,hooey,0,0.0,,0,0.0,,0.0,
токийские,токийск,0,0.0,,0,0.0,,0.0,
bareline,bareline,0,0.0,,0,0.0,,0.0,
daily,daily,0,0.0,,0,0.0,,0.0,
vengeance,vengeance,0,0.0,,0,0.0,,0.0,
свистон,свистон,0,0.0,,0,0.0,,0.0,
neighborhood,neighborhood,0,0.0,,0,0.0,,0.0,
перемовин,перемовин,0,0.0,,0,0.0,,0.0,
tiburon,tiburon,0,0.0,,0,0.0,,0.0,
football,football,0,0.0,,0,0.0,,0.0,
twen20s,twen20s,0,0.0,,0,0.0,,0.0,
двор,двор,0,0.0,,0,0.0,,0.0,
плокати,плокат,0,0.0,,0,0.0,,0.0,
маунтинс,маунтинс,0,0.0,,0,0.0,,0.0,
пам,пам,0,0.0,,0,0.0,,0.0,
garcons,garcons,0,0.0,,0,0.0,,0.0,
origin,origin,2,0.0,0.0,0,0.0,,0.0,
slim,slim,0,0.0,,0,0.0,,0.0,
blessings,blessings,0,0.0,,0,0.0,,0.0,
caddx,caddx,0,0.0,,0,0.0,,0.0,
емо,ем,0,0.0,,0,0.0,,0.0,
brkn,brkn,0,0.0,,0,0.0,,0.0,
musinsa,musinsa,0,0.0,,0,0.0,,0.0,
sakura,sakura,0,0.0,,0,0.0,,0.0,
tideland,tideland,0,0.0,,0,0.0,,0.0,
goldi,goldi,0,0.0,,0,0.0,,0.0,
капюшоні,капюшоні,0,0.0,,0,0.0,,0.0,
спортано,спорта,0,0.0,,0,0.0,,0.0,
han,han,0,0.0,,0,0.0,,0.0,
рождения,рожден,0,0.0,,0,0.0,,0.0,
die,die,0,0.0,,0,0.0,,0.0,
ззаду,ззад,0,0.0,,0,0.0,,0.0,
joma,joma,0,0.0,,0,0.0,,0.0,
handywear,handywear,0,0.0,,0,0.0,,0.0,
степан,степа,0,0.0,,0,0.0,,0.0,
шугара,шугар,0,0.0,,0,0.0,,0.0,
melody,melody,0,0.0,,0,0.0,,0.0,
кладбище,кладбищ,0,0.0,,0,0.0,,0.0,
качалки,качалк,0,0.0,,0,0.0,,0.0,
pew,pew,0,0.0,,0,0.0,,0.0,
k9company,k9company,0,0.0,,0,0.0,,0.0,
cozzmo,cozzmo,0,0.0,,0,0.0,,0.0,
бекрумс,бекрумс,0,0.0,,0,0.0,,0.0,
доброшмот,доброшмот,0,0.0,,0,0.0,,0.0,
dark,dark,1,0.0,0.0,0,0.0,,0.0,
flagsystem,flagsystem,0,0.0,,0,0.0,,0.0,
bratva,bratva,0,0.0,,0,0.0,,0.0,
sweats,sweats,0,0.0,,0,0.0,,0.0,
дроп,дроп,0,0.0,,0,0.0,,0.0,
шрифтом,шрифт,0,0.0,,0,0.0,,0.0,
rockabilia,rockabilia,0,0.0,,0,0.0,,0.0,
весна,весн,0,0.0,,0,0.0,,0.0,
crafta,crafta,0,0.0,,0,0.0,,0.0,
femistoties,femistoties,0,0.0,,0,0.0,,0.0,
ойшо,ойш,0,0.0,,0,0.0,,0.0,
soldiers,soldiers,0,0.0,,0,0.0,,0.0,
словетский,словетск,0,0.0,,0,0.0,,0.0,
summit,summit,0,0.0,,0,0.0,,0.0,
скло,скло,0,0.0,,0,0.0,,0.0,
lyle,lyle,0,0.0,,0,0.0,,0.0,
пурпл,пурпл,0,0.0,,0,0.0,,0.0,
terry,terry,0,0.0,,0,0.0,,0.0,
sraff,sraff,0,0.0,,0,0.0,,0.0,
decalious,decalious,0,0.0,,0,0.0,,0.0,
драйв,драйв,0,0.0,,0,0.0,,0.0,
athletics,athletics,0,0.0,,0,0.0,,0.0,
хенд,хенд,0,0.0,,0,0.0,,0.0,
фронтір,фронтір,0,0.0,,0,0.0,,0.0,
mattin,mattin,0,0.0,,0,0.0,,0.0,
кросівки,кросівк,0,0.0,,0,0.0,,0.0,
larp,larp,0,0.0,,0,0.0,,0.0,
пиратский,пиратск,0,0.0,,0,0.0,,0.0,
kots,kots,0,0.0,,0,0.0,,0.0,
хлопчика,хлопчик,0,0.0,,0,0.0,,0.0,
привид,привид,0,0.0,,0,0.0,,0.0,
одеть,одет,0,0.0,,0,0.0,,0.0,
kid,kid,0,0.0,,0,0.0,,0.0,
букетами,букет,0,0.0,,0,0.0,,0.0,
peklotoys,peklotoys,0,0.0,,0,0.0,,0.0,
гіг,гіг,0,0.0,,0,0.0,,0.0,
ride,ride,0,0.0,,0,0.0,,0.0,
lil,lil,0,0.0,,0,0.0,,0.0,
intertop,intertop,0,0.0,,0,0.0,,0.0,
дмб,дмб,0,0.0,,0,0.0,,0.0,
вуличний,вуличн,0,0.0,,0,0.0,,0.0,
шевронів,шевронів,0,0.0,,0,0.0,,0.0,
manevr,manevr,0,0.0,,0,0.0,,0.0,
механик,механик,0,0.0,,0,0.0,,0.0,
flagservice,flagservice,0,0.0,,0,0.0,,0.0,
виробників,виробників,1,0.0,0.0,0,0.0,,0.0,
постал,поста,0,0.0,,0,0.0,,0.0,
гитлером,гитлер,0,0.0,,0,0.0,,0.0,
key,key,0,0.0,,0,0.0,,0.0,
зеро,зер,0,0.0,,0,0.0,,0.0,
diamond,diamond,0,0.0,,0,0.0,,0.0,
мотокуртка,мотокуртк,0,0.0,,0,0.0,,0.0,
балабанов,балабан,0,0.0,,0,0.0,,0.0,
неформалів,неформалів,0,0.0,,0,0.0,,0.0,
staybrave,staybrave,1,0.0,0.0,0,0.0,,0.0,
model,model,0,0.0,,0,0.0,,0.0,
леди,лед,0,0.0,,0,0.0,,0.0,
half,half,0,0.0,,0,0.0,,0.0,
фантомка,фантомк,0,0.0,,0,0.0,,0.0,
дитячі,дитячі,0,0.0,,0,0.0,,0.0,
chang,chang,0,0.0,,0,0.0,,0.0,
тумба,тумб,0,0.0,,0,0.0,,0.0,
гоу,го,0,0.0,,0,0.0,,0.0,
культ,культ,0,0.0,,0,0.0,,0.0,
jaxet,jaxet,0,0.0,,0,0.0,,0.0,
yuston,yuston,0,0.0,,0,0.0,,0.0,
orcteryx,orcteryx,0,0.0,,0,0.0,,0.0,
posadka,posadka,0,0.0,,0,0.0,,0.0,
зійде,зійд,0,0.0,,0,0.0,,0.0,
фудболки,фудболк,0,0.0,,0,0.0,,0.0,
душа,душ,0,0.0,,0,0.0,,0.0,
tex,tex,1,0.0,0.0,0,0.0,,0.0,
шахтера,шахтер,0,0.0,,0,0.0,,0.0,
slippclot,slippclot,0,0.0,,0,0.0,,0.0,
techwear,techwear,0,0.0,,0,0.0,,0.0,
neptun,neptun,0,0.0,,0,0.0,,0.0,
запеклих,запекл,0,0.0,,0,0.0,,0.0,
зайца,зайц,0,0.0,,0,0.0,,0.0,
dri,dri,0,0.0,,0,0.0,,0.0,
однотонні,однотонні,0,0.0,,0,0.0,,0.0,
пехоты,пехот,0,0.0,,0,0.0,,0.0,
лавкрафт,лавкрафт,0,0.0,,0,0.0,,0.0,
spitfire,spitfire,0,0.0,,0,0.0,,0.0,
вогонь,вогон,0,0.0,,0,0.0,,0.0,
form,form,0,0.0,,0,0.0,,0.0,
моралес,моралес,0,0.0,,0,0.0,,0.0,
южуал,южуа,1,0.0,0.0,0,0.0,,0.0,
коноплею,конопл,0,0.0,,0,0.0,,0.0,
limp,limp,0,0.0,,0,0.0,,0.0,
пошта,пошт,0,0.0,,0,0.0,,0.0,
берег,берег,0,0.0,,0,0.0,,0.0,
деймона,деймон,0,0.0,,0,0.0,,0.0,
raval,raval,0,0.0,,0,0.0,,0.0,
tracksuits,tracksuits,0,0.0,,0,0.0,,0.0,
андар,андар,0,0.0,,0,0.0,,0.0,
archive,archive,0,0.0,,0,0.0,,0.0,
ksenia,ksenia,0,0.0,,0,0.0,,0.0,
angels,angels,0,0.0,,0,0.0,,0.0,
корейские,корейск,0,0.0,,0,0.0,,0.0,
punisher,punisher,0,0.0,,0,0.0,,0.0,
прапорці,прапорці,0,0.0,,0,0.0,,0.0,
kitty,kitty,1,0.0,0.0,0,0.0,,0.0,
эксклюзивные,эксклюзивн,0,0.0,,0,0.0,,0.0,
марьяны,марья,0,0.0,,0,0.0,,0.0,
4best,4best,0,0.0,,0,0.0,,0.0,
калашом,калаш,0,0.0,,0,0.0,,0.0,
supersklep,supersklep,0,0.0,,0,0.0,,0.0,
mosh,mosh,0,0.0,,0,0.0,,0.0,
stvclub,stvclub,0,0.0,,0,0.0,,0.0,
делорензи,делоренз,0,0.0,,0,0.0,,0.0,
мма,мма,0,0.0,,0,0.0,,0.0,
минималистичные,минималистичн,0,0.0,,0,0.0,,0.0,
чер,чер,0,0.0,,0,0.0,,0.0,
direct,direct,0,0.0,,0,0.0,,0.0,
paskuda,paskuda,0,0.0,,0,0.0,,0.0,
fosfor,fosfor,1,0.0,0.0,0,0.0,,0.0,
старший,старш,0,0.0,,0,0.0,,0.0,
peso,peso,0,0.0,,0,0.0,,0.0,
blancoone,blancoone,0,0.0,,0,0.0,,0.0,
bay,bay,0,0.0,,0,0.0,,0.0,
shopchik,shopchik,0,0.0,,0,0.0,,0.0,
диси,дис,0,0.0,,0,0.0,,0.0,
devil,devil,0,0.0,,0,0.0,,0.0,
assassin,assassin,0,0.0,,0,0.0,,0.0,
даб,даб,0,0.0,,0,0.0,,0.0,
edge,edge,0,0.0,,0,0.0,,0.0,
hem,hem,0,0.0,,0,0.0,,0.0,
overvest,overvest,0,0.0,,0,0.0,,0.0,
pin,pin,0,0.0,,0,0.0,,0.0,
passport,passport,0,0.0,,0,0.0,,0.0,
віршами,віршам,0,0.0,,0,0.0,,0.0,
карра,карр,0,0.0,,0,0.0,,0.0,
максіпринт,максіпринт,0,0.0,,0,0.0,,0.0,
сиреневая,сиренев,0,0.0,,0,0.0,,0.0,
ньюйоркер,ньюйоркер,0,0.0,,0,0.0,,0.0,
притулятися,притулят,0,0.0,,0,0.0,,0.0,
rotation,rotation,0,0.0,,0,0.0,,0.0,
mordex,mordex,0,0.0,,0,0.0,,0.0,
breathedivinity,breathedivinity,0,0.0,,0,0.0,,0.0,
onda,onda,0,0.0,,0,0.0,,0.0,
армії,армії,0,0.0,,0,0.0,,0.0,
андерграунд,андерграунд,0,0.0,,0,0.0,,0.0,
ахілес,ахілес,0,0.0,,0,0.0,,0.0,
кло,кло,0,0.0,,0,0.0,,0.0,
штурвал,штурва,0,0.0,,0,0.0,,0.0,
mate,mate,0,0.0,,0,0.0,,0.0,
shivashop,shivashop,0,0.0,,0,0.0,,0.0,
адушкина,адушкин,0,0.0,,0,0.0,,0.0,
тормозами,тормоз,0,0.0,,0,0.0,,0.0,
пумб,пумб,0,0.0,,0,0.0,,0.0,
москалями,москал,0,0.0,,0,0.0,,0.0,
европы,европ,0,0.0,,0,0.0,,0.0,
katrin,katrin,0,0.0,,0,0.0,,0.0,
вальгалла,вальгалл,0,0.0,,0,0.0,,0.0,
nordiccraft,nordiccraft,0,0.0,,0,0.0,,0.0,
sevenhil,sevenhil,0,0.0,,0,0.0,,0.0,
katseye,katseye,0,0.0,,0,0.0,,0.0,
маленькая,маленьк,0,0.0,,0,0.0,,0.0,
trmt,trmt,0,0.0,,0,0.0,,0.0,
other,other,0,0.0,,0,0.0,,0.0,
apache,apache,0,0.0,,0,0.0,,0.0,
forever,forever,0,0.0,,0,0.0,,0.0,
against,against,0,0.0,,0,0.0,,0.0,
volcom,volcom,0,0.0,,0,0.0,,0.0,
пелес,пелес,0,0.0,,0,0.0,,0.0,
халф,халф,0,0.0,,0,0.0,,0.0,
катерина,катерин,0,0.0,,0,0.0,,0.0,
нон,нон,0,0.0,,0,0.0,,0.0,
teens,teens,0,0.0,,0,0.0,,0.0,
сухопутних,сухопутн,0,0.0,,0,0.0,,0.0,
zubrik,zubrik,0,0.0,,0,0.0,,0.0,
соулс,соулс,0,0.0,,0,0.0,,0.0,
purplelama,purplelama,0,0.0,,0,0.0,,0.0,
мадара,мадар,0,0.0,,0,0.0,,0.0,
sinsay,sinsay,1,0.0,0.0,0,0.0,,0.0,
gate,gate,0,0.0,,0,0.0,,0.0,
милитарист,милитарист,0,0.0,,0,0.0,,0.0,
violet,violet,0,0.0,,0,0.0,,0.0,
свастикою,свастик,0,0.0,,0,0.0,,0.0,
hang,hang,0,0.0,,0,0.0,,0.0,
грунту,грунт,0,0.0,,0,0.0,,0.0,
джимшарк,джимшарк,0,0.0,,0,0.0,,0.0,
фэмили,фэм,0,0.0,,0,0.0,,0.0,
raiders,raiders,0,0.0,,0,0.0,,0.0,
hiich,hiich,0,0.0,,0,0.0,,0.0,
gepur,gepur,0,0.0,,0,0.0,,0.0,
viceseason,viceseason,0,0.0,,0,0.0,,0.0,
скала,скал,0,0.0,,0,0.0,,0.0,
каннибал,канниба,0,0.0,,0,0.0,,0.0,
hatred,hatred,0,0.0,,0,0.0,,0.0,
killhouse,killhouse,0,0.0,,0,0.0,,0.0,
born,born,0,0.0,,0,0.0,,0.0,
shinigami,shinigami,0,0.0,,0,0.0,,0.0,
adolf,adolf,0,0.0,,0,0.0,,0.0,
lavina,lavina,0,0.0,,0,0.0,,0.0,
128,128,0,0.0,,0,0.0,,0.0,
хакер,хакер,0,0.0,,0,0.0,,0.0,
ultrashop,ultrashop,0,0.0,,0,0.0,,0.0,
bastard,bastard,0,0.0,,0,0.0,,0.0,
полк,полк,0,0.0,,0,0.0,,0.0,
охотничьи,охотнич,0,0.0,,0,0.0,,0.0,
sheydov,sheydov,0,0.0,,0,0.0,,0.0,
гвардії,гвардії,0,0.0,,0,0.0,,0.0,
1017,1017,0,0.0,,0,0.0,,0.0,
элементами,элемент,0,0.0,,0,0.0,,0.0,
джитсу,джитс,0,0.0,,0,0.0,,0.0,
октагон,октагон,0,0.0,,0,0.0,,0.0,
bench,bench,0,0.0,,0,0.0,,0.0,
raven,raven,0,0.0,,0,0.0,,0.0,
амазон,амазон,0,0.0,,0,0.0,,0.0,
компанигруп,компанигруп,0,0.0,,0,0.0,,0.0,
swarm,swarm,0,0.0,,0,0.0,,0.0,
puppets,puppets,0,0.0,,0,0.0,,0.0,
underwood,underwood,0,0.0,,0,0.0,,0.0,
tiger,tiger,0,0.0,,0,0.0,,0.0,
змеиный,змеин,0,0.0,,0,0.0,,0.0,
lusterko,lusterko,0,0.0,,0,0.0,,0.0,
germany,germany,0,0.0,,0,0.0,,0.0,
roman,roman,0,0.0,,0,0.0,,0.0,
xantidd,xantidd,0,0.0,,0,0.0,,0.0,
бодібілдингу,бодібілдинг,0,0.0,,0,0.0,,0.0,
khartia,khartia,0,0.0,,0,0.0,,0.0,
mirohodec,mirohodec,1,0.0,0.0,0,0.0,,0.0,
левайс,левайс,0,0.0,,0,0.0,,0.0,
afterlife,afterlife,0,0.0,,0,0.0,,0.0,
colin,colin,0,0.0,,0,0.0,,0.0,
джакет,джакет,0,0.0,,0,0.0,,0.0,
дюшес,дюшес,0,0.0,,0,0.0,,0.0,
hhwear,hhwear,0,0.0,,0,0.0,,0.0,
walker,walker,0,0.0,,0,0.0,,0.0,
мрачные,мрачн,0,0.0,,0,0.0,,0.0,
bronx,bronx,0,0.0,,0,0.0,,0.0,
sadsvit,sadsvit,0,0.0,,0,0.0,,0.0,
бордова,бордов,0,0.0,,0,0.0,,0.0,
авто,авт,0,0.0,,0,0.0,,0.0,
пророр,пророр,0,0.0,,0,0.0,,0.0,
інженер,інженер,0,0.0,,0,0.0,,0.0,
moms,moms,0,0.0,,0,0.0,,0.0,
minimalist,minimalist,0,0.0,,0,0.0,,0.0,
харківські,харківські,0,0.0,,0,0.0,,0.0,
flight,flight,0,0.0,,0,0.0,,0.0,
mt41509bk,mt41509bk,0,0.0,,0,0.0,,0.0,
gabber,gabber,0,0.0,,0,0.0,,0.0,
атлас,атлас,0,0.0,,0,0.0,,0.0,
anecho,anecho,0,0.0,,0,0.0,,0.0,
бокс,бокс,0,0.0,,0,0.0,,0.0,
controlled,controlled,0,0.0,,0,0.0,,0.0,
сірі,сірі,0,0.0,,0,0.0,,0.0,
слесарь,слесар,0,0.0,,0,0.0,,0.0,
кременчук,кременчук,0,0.0,,0,0.0,,0.0,
встановити,встановит,0,0.0,,0,0.0,,0.0,
гордон,гордон,0,0.0,,0,0.0,,0.0,
пивозавр,пивозавр,0,0.0,,0,0.0,,0.0,
044,044,0,0.0,,0,0.0,,0.0,
rtfm,rtfm,0,0.0,,0,0.0,,0.0,
пахнут,пахнут,0,0.0,,0,0.0,,0.0,
слимфит,слимф,0,0.0,,0,0.0,,0.0,
interpol,interpol,0,0.0,,0,0.0,,0.0,
tktimport,tktimport,0,0.0,,0,0.0,,0.0,
kleay,kleay,0,0.0,,0,0.0,,0.0,
uicideboy,uicideboy,0,0.0,,0,0.0,,0.0,
булава,булав,0,0.0,,0,0.0,,0.0,
nexshop,nexshop,0,0.0,,0,0.0,,0.0,
devildriver,devildriver,0,0.0,,0,0.0,,0.0,
pants,pants,1,0.0,0.0,0,0.0,,0.0,
untouch,untouch,0,0.0,,0,0.0,,0.0,
forest,forest,0,0.0,,0,0.0,,0.0,
прокомфорт,прокомфорт,0,0.0,,0,0.0,,0.0,
borsch,borsch,0,0.0,,0,0.0,,0.0,
изготовление,изготовлен,0,0.0,,0,0.0,,0.0,
kentpaket,kentpaket,1,0.0,0.0,0,0.0,,0.0,
социал,социа,0,0.0,,0,0.0,,0.0,
100,100,0,0.0,,0,0.0,,0.0,
пері,пері,0,0.0,,0,0.0,,0.0,
честь,чест,0,0.0,,0,0.0,,0.0,
luter,luter,0,0.0,,0,0.0,,0.0,
palace,palace,0,0.0,,0,0.0,,0.0,
логслів,логслів,0,0.0,,0,0.0,,0.0,
rough,rough,0,0.0,,0,0.0,,0.0,
inside,inside,0,0.0,,0,0.0,,0.0,
шансон,шансон,0,0.0,,0,0.0,,0.0,
guard,guard,0,0.0,,0,0.0,,0.0,
onmyfeet,onmyfeet,0,0.0,,0,0.0,,0.0,
прапорець,прапорет^,0,0.0,,0,0.0,,0.0,
тіко,тіко,1,0.0,0.0,0,0.0,,0.0,
асе,ас,0,0.0,,0,0.0,,0.0,
castles,castles,0,0.0,,0,0.0,,0.0,
флан,флан,0,0.0,,0,0.0,,0.0,
opium,opium,0,0.0,,0,0.0,,0.0,
next,next,0,0.0,,0,0.0,,0.0,
атрибутика,атрибутик,0,0.0,,0,0.0,,0.0,
резерв,резерв,0,0.0,,0,0.0,,0.0,
2хл,2хл,0,0.0,,0,0.0,,0.0,
українські,українські,4,0.0,0.0,0,0.0,,0.0,
hust,hust,0,0.0,,0,0.0,,0.0,
brotherhood,brotherhood,0,0.0,,0,0.0,,0.0,
реймаркет,реймаркет,0,0.0,,0,0.0,,0.0,
белгород,белгород,0,0.0,,0,0.0,,0.0,
hotmamas,hotmamas,0,0.0,,0,0.0,,0.0,
index,index,0,0.0,,0,0.0,,0.0,
отстой,отст,0,0.0,,0,0.0,,0.0,
криворіжжя,криворіжж,0,0.0,,0,0.0,,0.0,
джордан,джорда,0,0.0,,0,0.0,,0.0,
сальваторе,сальватор,0,0.0,,0,0.0,,0.0,
skate,skate,0,0.0,,0,0.0,,0.0,
note,note,0,0.0,,0,0.0,,0.0,
краєзнавчого,краєзнавч,0,0.0,,0,0.0,,0.0,
сто,сто,0,0.0,,0,0.0,,0.0,
снайпер,снайпер,0,0.0,,0,0.0,,0.0,
dorohedoro,dorohedoro,0,0.0,,0,0.0,,0.0,
гудз,гудз,0,0.0,,0,0.0,,0.0,
strela,strela,0,0.0,,0,0.0,,0.0,
425,425,0,0.0,,0,0.0,,0.0,
donbas,donbas,0,0.0,,0,0.0,,0.0,
vegan,vegan,0,0.0,,0,0.0,,0.0,
yasha,yasha,0,0.0,,0,0.0,,0.0,
титанів,титанів,0,0.0,,0,0.0,,0.0,
скот,скот,0,0.0,,0,0.0,,0.0,
микс,микс,0,0.0,,0,0.0,,0.0,
тиша,тиш,1,0.0,0.0,0,0.0,,0.0,
tatami,tatami,0,0.0,,0,0.0,,0.0,
джинсів,джинсів,0,0.0,,0,0.0,,0.0,
кгб,кгб,0,0.0,,0,0.0,,0.0,
unstroked,unstroked,0,0.0,,0,0.0,,0.0,
хамер,хамер,0,0.0,,0,0.0,,0.0,
беспилотных,беспилотн,0,0.0,,0,0.0,,0.0,
domyos,domyos,0,0.0,,0,0.0,,0.0,
levi,levi,0,0.0,,0,0.0,,0.0,
flagshtok,flagshtok,0,0.0,,0,0.0,,0.0,
дівчини,дівчин,0,0.0,,0,0.0,,0.0,
авангард,авангард,0,0.0,,0,0.0,,0.0,
kezual,kezual,0,0.0,,0,0.0,,0.0,
ibiza,ibiza,0,0.0,,0,0.0,,0.0,
millennial,millennial,0,0.0,,0,0.0,,0.0,
донетчина,донетчин,0,0.0,,0,0.0,,0.0,
саббат,саббат,0,0.0,,0,0.0,,0.0,
усі,усі,0,0.0,,0,0.0,,0.0,
price,price,0,0.0,,0,0.0,,0.0,
bored,bored,0,0.0,,0,0.0,,0.0,
сукуна,сукун,0,0.0,,0,0.0,,0.0,
бахмут,бахмут,0,0.0,,0,0.0,,0.0,
фотографією,фотографіє,0,0.0,,0,0.0,,0.0,
web,web,0,0.0,,0,0.0,,0.0,
трэшер,трэшер,0,0.0,,0,0.0,,0.0,
лама,лам,1,0.0,0.0,0,0.0,,0.0,
warlock,warlock,0,0.0,,0,0.0,,0.0,
той,то,0,0.0,,0,0.0,,0.0,
blazh,blazh,0,0.0,,0,0.0,,0.0,
fandfclothing,fandfclothing,0,0.0,,0,0.0,,0.0,
морнінгстар,морнінгстар,0,0.0,,0,0.0,,0.0,
catholic,catholic,0,0.0,,0,0.0,,0.0,
херсонська,херсонськ,0,0.0,,0,0.0,,0.0,
delusional,delusional,0,0.0,,0,0.0,,0.0,
mdm,mdm,0,0.0,,0,0.0,,0.0,
льонові,льонові,0,0.0,,0,0.0,,0.0,
подросток,подросток,0,0.0,,0,0.0,,0.0,
hous,hous,0,0.0,,0,0.0,,0.0,
sweaters,sweaters,0,0.0,,0,0.0,,0.0,
кіллхаус,кіллхаус,0,0.0,,0,0.0,,0.0,
журавель,журавел,0,0.0,,0,0.0,,0.0,
говна,говн,0,0.0,,0,0.0,,0.0,
імперій,імпері,0,0.0,,0,0.0,,0.0,
абьюзер,абьюзер,0,0.0,,0,0.0,,0.0,
боженька,боженьк,0,0.0,,0,0.0,,0.0,
бэги,бэг,0,0.0,,0,0.0,,0.0,
база,баз,0,0.0,,0,0.0,,0.0,
karpova,karpova,0,0.0,,0,0.0,,0.0,
валентин,валентин,0,0.0,,0,0.0,,0.0,
civil,civil,0,0.0,,0,0.0,,0.0,
amisu,amisu,0,0.0,,0,0.0,,0.0,
адіда,адід,0,0.0,,0,0.0,,0.0,
dereza,dereza,0,0.0,,0,0.0,,0.0,
pantera,pantera,0,0.0,,0,0.0,,0.0,
дзеркальний,дзеркальн,0,0.0,,0,0.0,,0.0,
bevawear,bevawear,0,0.0,,0,0.0,,0.0,
obnal,obnal,0,0.0,,0,0.0,,0.0,
colour,colour,0,0.0,,0,0.0,,0.0,
алея,але,0,0.0,,0,0.0,,0.0,
велосипедки,велосипедк,0,0.0,,0,0.0,,0.0,
dready,dready,0,0.0,,0,0.0,,0.0,
нюхай,нюха,0,0.0,,0,0.0,,0.0,
melanie,melanie,0,0.0,,0,0.0,,0.0,
пубг,пубг,0,0.0,,0,0.0,,0.0,
garage,garage,0,0.0,,0,0.0,,0.0,
summoning,summoning,0,0.0,,0,0.0,,0.0,
kapsula,kapsula,0,0.0,,0,0.0,,0.0,
pizdue,pizdue,0,0.0,,0,0.0,,0.0,
тактікал,тактіка,0,0.0,,0,0.0,,0.0,
techno,techno,0,0.0,,0,0.0,,0.0,
robert,robert,0,0.0,,0,0.0,,0.0,
dior,dior,0,0.0,,0,0.0,,0.0,
seeker,seeker,0,0.0,,0,0.0,,0.0,
attire,attire,0,0.0,,0,0.0,,0.0,
меташоп,меташоп,0,0.0,,0,0.0,,0.0,
boss,boss,0,0.0,,0,0.0,,0.0,
selli,selli,0,0.0,,0,0.0,,0.0,
бебру,бебр,0,0.0,,0,0.0,,0.0,
колекшн,колекшн,0,0.0,,0,0.0,,0.0,
мишенью,мишен,0,0.0,,0,0.0,,0.0,
акулёнок,акуленок,0,0.0,,0,0.0,,0.0,
щекавиця,щекавит^,0,0.0,,0,0.0,,0.0,
сдох,сдох,0,0.0,,0,0.0,,0.0,
моноліт,моноліт,0,0.0,,0,0.0,,0.0,
скачати,скачат,0,0.0,,0,0.0,,0.0,
любарт,любарт,2,0.0,0.0,0,0.0,,0.0,
тренера,тренер,0,0.0,,0,0.0,,0.0,
strawberry,strawberry,0,0.0,,0,0.0,,0.0,
humanity,humanity,0,0.0,,0,0.0,,0.0,
kamuflazh,kamuflazh,0,0.0,,0,0.0,,0.0,
shein,shein,0,0.0,,0,0.0,,0.0,
rival,rival,0,0.0,,0,0.0,,0.0,
gsm,gsm,0,0.0,,0,0.0,,0.0,
папая,пап,0,0.0,,0,0.0,,0.0,
talks,talks,1,0.0,0.0,0,0.0,,0.0,
torn,torn,0,0.0,,0,0.0,,0.0,
райдівіжн,райдівіжн,0,0.0,,0,0.0,,0.0,
симбиосис,симбиосис,0,0.0,,0,0.0,,0.0,
кальмаром,кальмар,0,0.0,,0,0.0,,0.0,
кастомізація,кастомізаці,0,0.0,,0,0.0,,0.0,
хантер,хантер,0,0.0,,0,0.0,,0.0,
флісовий,флісов,0,0.0,,0,0.0,,0.0,
банши,банш,0,0.0,,0,0.0,,0.0,
dias,dias,0,0.0,,0,0.0,,0.0,
vag,vag,0,0.0,,0,0.0,,0.0,
кутюр,кутюр,0,0.0,,0,0.0,,0.0,
пуллап,пуллап,0,0.0,,0,0.0,,0.0,
terranova,terranova,0,0.0,,0,0.0,,0.0,
postal,postal,0,0.0,,0,0.0,,0.0,
жінок,жінок,0,0.0,,0,0.0,,0.0,
authority,authority,0,0.0,,0,0.0,,0.0,
паши,паш,0,0.0,,0,0.0,,0.0,
дуже,дуж,0,0.0,,0,0.0,,0.0,
dnmx,dnmx,0,0.0,,0,0.0,,0.0,
roll,roll,0,0.0,,0,0.0,,0.0,
sweater,sweater,0,0.0,,0,0.0,,0.0,
combine,combine,0,0.0,,0,0.0,,0.0,
marnastini,marnastini,0,0.0,,0,0.0,,0.0,
повстанський,повстанськ,0,0.0,,0,0.0,,0.0,
boxraw,boxraw,0,0.0,,0,0.0,,0.0,
дзвоник,дзвоник,0,0.0,,0,0.0,,0.0,
sixtynine,sixtynine,0,0.0,,0,0.0,,0.0,
укрзалізниці,укрзалізниці,0,0.0,,0,0.0,,0.0,
clo,clo,6,0.0,0.0,0,0.0,,0.0,
mp01508bk,mp01508bk,0,0.0,,0,0.0,,0.0,
cow,cow,0,0.0,,0,0.0,,0.0,
боди,бод,0,0.0,,0,0.0,,0.0,
killswitch,killswitch,0,0.0,,0,0.0,,0.0,
тканині,тканині,0,0.0,,0,0.0,,0.0,
лох,лох,0,0.0,,0,0.0,,0.0,
вірю,вірю,0,0.0,,0,0.0,,0.0,
анджелес,анджелес,0,0.0,,0,0.0,,0.0,
vvs,vvs,0,0.0,,0,0.0,,0.0,
contour,contour,0,0.0,,0,0.0,,0.0,
оу74,оу74,0,0.0,,0,0.0,,0.0,
номерам,номер,0,0.0,,0,0.0,,0.0,
козаком,козак,0,0.0,,0,0.0,,0.0,
grenade,grenade,0,0.0,,0,0.0,,0.0,
cats,cats,0,0.0,,0,0.0,,0.0,
ynel,ynel,0,0.0,,0,0.0,,0.0,
cici,cici,0,0.0,,0,0.0,,0.0,
asus,asus,0,0.0,,0,0.0,,0.0,
kobzart,kobzart,0,0.0,,0,0.0,,0.0,
slazenger,slazenger,0,0.0,,0,0.0,,0.0,
oberig,oberig,0,0.0,,0,0.0,,0.0,
смыслом,смысл,0,0.0,,0,0.0,,0.0,
ons,ons,0,0.0,,0,0.0,,0.0,
sports,sports,0,0.0,,0,0.0,,0.0,
lovestore,lovestore,0,0.0,,0,0.0,,0.0,
гарри,гарр,0,0.0,,0,0.0,,0.0,
pocket,pocket,0,0.0,,0,0.0,,0.0,
гранд,гранд,0,0.0,,0,0.0,,0.0,
zipka,zipka,0,0.0,,0,0.0,,0.0,
ab3,ab3,0,0.0,,0,0.0,,0.0,
lovers,lovers,0,0.0,,0,0.0,,0.0,
weide,weide,0,0.0,,0,0.0,,0.0,
ввс,ввс,0,0.0,,0,0.0,,0.0,
miracles,miracles,0,0.0,,0,0.0,,0.0,
хлопців,хлопців,2,0.0,0.0,0,0.0,,0.0,
отъебись,отъеб,0,0.0,,0,0.0,,0.0,
xh7611,xh7611,0,0.0,,0,0.0,,0.0,
джузо,джуз,0,0.0,,0,0.0,,0.0,
наших,наш,0,0.0,,0,0.0,,0.0,
урбаніст,урбаніст,0,0.0,,0,0.0,,0.0,
alloff,alloff,0,0.0,,0,0.0,,0.0,
pride,pride,0,0.0,,0,0.0,,0.0,
sins,sins,0,0.0,,0,0.0,,0.0,
баленсиага,баленсиаг,0,0.0,,0,0.0,,0.0,
цим,цим,0,0.0,,0,0.0,,0.0,
wolfzeit,wolfzeit,0,0.0,,0,0.0,,0.0,
friday,friday,0,0.0,,0,0.0,,0.0,
скелетом,скелет,0,0.0,,0,0.0,,0.0,
take,take,0,0.0,,0,0.0,,0.0,
rockway,rockway,1,0.0,0.0,0,0.0,,0.0,
рейд,рейд,0,0.0,,0,0.0,,0.0,
валар,валар,0,0.0,,0,0.0,,0.0,
van,van,0,0.0,,0,0.0,,0.0,
лонгслів,лонгслів,1,0.0,0.0,0,0.0,,0.0,
steve,steve,0,0.0,,0,0.0,,0.0,
флісом,флісом,0,0.0,,0,0.0,,0.0,
фірми,фірми,0,0.0,,0,0.0,,0.0,
попор,попор,0,0.0,,0,0.0,,0.0,
objectx,objectx,0,0.0,,0,0.0,,0.0,
летние,летн,0,0.0,,0,0.0,,0.0,
located,located,0,0.0,,0,0.0,,0.0,
westculture,westculture,0,0.0,,0,0.0,,0.0,
муди,муд,0,0.0,,0,0.0,,0.0,
frontier,frontier,0,0.0,,0,0.0,,0.0,
synonyms,synonyms,0,0.0,,0,0.0,,0.0,
khm,khm,0,0.0,,0,0.0,,0.0,
день,ден,0,0.0,,0,0.0,,0.0,
леон,леон,0,0.0,,0,0.0,,0.0,
jester,jester,0,0.0,,0,0.0,,0.0,
блискавкою,блискавк,0,0.0,,0,0.0,,0.0,
вышитым,вышит,0,0.0,,0,0.0,,0.0,
шаман,шама,0,0.0,,0,0.0,,0.0,
мортал,морта,0,0.0,,0,0.0,,0.0,
військової,військової,0,0.0,,0,0.0,,0.0,
dobrovolets,dobrovolets,0,0.0,,0,0.0,,0.0,
каспи,касп,0,0.0,,0,0.0,,0.0,
работы,работ,0,0.0,,0,0.0,,0.0,
rainhouse,rainhouse,0,0.0,,0,0.0,,0.0,
ахіллес,ахіллес,0,0.0,,0,0.0,,0.0,
jinsovik,jinsovik,0,0.0,,0,0.0,,0.0,
psyshop,psyshop,0,0.0,,0,0.0,,0.0,
sclo,sclo,0,0.0,,0,0.0,,0.0,
скалолазание,скалолазан,0,0.0,,0,0.0,,0.0,
mikina,mikina,0,0.0,,0,0.0,,0.0,
eagle,eagle,0,0.0,,0,0.0,,0.0,
ostin,ostin,0,0.0,,0,0.0,,0.0,
salewa,salewa,0,0.0,,0,0.0,,0.0,
chet,chet,0,0.0,,0,0.0,,0.0,
wasted,wasted,0,0.0,,0,0.0,,0.0,
milk,milk,0,0.0,,0,0.0,,0.0,
реал,реа,0,0.0,,0,0.0,,0.0,
staycoldapparel,staycoldapparel,0,0.0,,0,0.0,,0.0,
калина,калин,0,0.0,,0,0.0,,0.0,
ward,ward,0,0.0,,0,0.0,,0.0,
apati,apati,0,0.0,,0,0.0,,0.0,
knicca,knicca,0,0.0,,0,0.0,,0.0,
птушкін,птушкін,0,0.0,,0,0.0,,0.0,
omanko,omanko,0,0.0,,0,0.0,,0.0,
стусси,стусс,0,0.0,,0,0.0,,0.0,
прикордонних,прикордон,0,0.0,,0,0.0,,0.0,
skepta,skepta,0,0.0,,0,0.0,,0.0,
sixnine,sixnine,0,0.0,,0,0.0,,0.0,
millennials,millennials,0,0.0,,0,0.0,,0.0,
потовідвідні,потовідвідні,0,0.0,,0,0.0,,0.0,
palm,palm,0,0.0,,0,0.0,,0.0,
тут,тут,0,0.0,,0,0.0,,0.0,
jack,jack,0,0.0,,0,0.0,,0.0,
кіт,кіт,0,0.0,,0,0.0,,0.0,
sevenfold,sevenfold,0,0.0,,0,0.0,,0.0,
air,air,0,0.0,,0,0.0,,0.0,
revenge,revenge,0,0.0,,0,0.0,,0.0,
mytets,mytets,0,0.0,,0,0.0,,0.0,
хеллоу,хелло,0,0.0,,0,0.0,,0.0,
хвостом,хвост,0,0.0,,0,0.0,,0.0,
parallel50th,parallel50th,0,0.0,,0,0.0,,0.0,
уляна,уля,0,0.0,,0,0.0,,0.0,
чем,чем,0,0.0,,0,0.0,,0.0,
марун,марун,0,0.0,,0,0.0,,0.0,
зализна,зализн,0,0.0,,0,0.0,,0.0,
дронів,дронів,0,0.0,,0,0.0,,0.0,
солдатів,солдатів,0,0.0,,0,0.0,,0.0,
kcd,kcd,0,0.0,,0,0.0,,0.0,
kelisiting,kelisiting,0,0.0,,0,0.0,,0.0,
тро,тро,0,0.0,,0,0.0,,0.0,
стильні,стильні,0,0.0,,0,0.0,,0.0,
hooligans,hooligans,0,0.0,,0,0.0,,0.0,
байдак,байдак,0,0.0,,0,0.0,,0.0,
флектарн,флектарн,0,0.0,,0,0.0,,0.0,
спорттайм,спорттайм,0,0.0,,0,0.0,,0.0,
megstore,megstore,0,0.0,,0,0.0,,0.0,
nazgul,nazgul,0,0.0,,0,0.0,,0.0,
підрозділу,підрозділ,0,0.0,,0,0.0,,0.0,
wildberries,wildberries,0,0.0,,0,0.0,,0.0,
long,long,0,0.0,,0,0.0,,0.0,
raging,raging,0,0.0,,0,0.0,,0.0,
овен,ов,0,0.0,,0,0.0,,0.0,
княгиня,княгин,0,0.0,,0,0.0,,0.0,
мотоциклиста,мотоциклист,0,0.0,,0,0.0,,0.0,
blackwear,blackwear,0,0.0,,0,0.0,,0.0,
doomsdayco,doomsdayco,0,0.0,,0,0.0,,0.0,
vendetta,vendetta,0,0.0,,0,0.0,,0.0,
master,master,0,0.0,,0,0.0,,0.0,
култоні,култоні,0,0.0,,0,0.0,,0.0,
дроноводи,дроновод,0,0.0,,0,0.0,,0.0,
ебашим,ебаш,0,0.0,,0,0.0,,0.0,
lauren,lauren,0,0.0,,0,0.0,,0.0,
begentelman,begentelman,0,0.0,,0,0.0,,0.0,
owners,owners,0,0.0,,0,0.0,,0.0,
if0488,if0488,0,0.0,,0,0.0,,0.0,
пирокинезис,пирокинезис,1,0.0,0.0,0,0.0,,0.0,
ragnarok,ragnarok,0,0.0,,0,0.0,,0.0,
devgru,devgru,0,0.0,,0,0.0,,0.0,
jesus,jesus,0,0.0,,0,0.0,,0.0,
cgjhnbdrb,cgjhnbdrb,0,0.0,,0,0.0,,0.0,
елемент,елемент,0,0.0,,0,0.0,,0.0,
ортодокс,ортодокс,0,0.0,,0,0.0,,0.0,
fami,fami,0,0.0,,0,0.0,,0.0,
duda,duda,0,0.0,,0,0.0,,0.0,
champions,champions,0,0.0,,0,0.0,,0.0,
osbourne,osbourne,0,0.0,,0,0.0,,0.0,
konflic,konflic,0,0.0,,0,0.0,,0.0,
дах,дах,0,0.0,,0,0.0,,0.0,
кто,кто,0,0.0,,0,0.0,,0.0,
garno,garno,0,0.0,,0,0.0,,0.0,
puff,puff,0,0.0,,0,0.0,,0.0,
savage,savage,0,0.0,,0,0.0,,0.0,
зіпо,зіпо,0,0.0,,0,0.0,,0.0,
maraton,maraton,0,0.0,,0,0.0,,0.0,
fucking,fucking,0,0.0,,0,0.0,,0.0,
comment,comment,0,0.0,,0,0.0,,0.0,
гло,гло,0,0.0,,0,0.0,,0.0,
assault,assault,0,0.0,,0,0.0,,0.0,
таргарієнів,таргарієнів,0,0.0,,0,0.0,,0.0,
verena,verena,0,0.0,,0,0.0,,0.0,
terror,terror,0,0.0,,0,0.0,,0.0,
yourturn,yourturn,0,0.0,,0,0.0,,0.0,
английском,английск,0,0.0,,0,0.0,,0.0,
bidon,bidon,0,0.0,,0,0.0,,0.0,
сагайдачний,сагайдачн,0,0.0,,0,0.0,,0.0,
утопія,утопі,0,0.0,,0,0.0,,0.0,
sportcity,sportcity,0,0.0,,0,0.0,,0.0,
сверхъестественное,сверхъестествен,1,0.0,0.0,0,0.0,,0.0,
momset,momset,0,0.0,,0,0.0,,0.0,
изображением,изображен,0,0.0,,0,0.0,,0.0,
темнозорь,темнозор,0,0.0,,0,0.0,,0.0,
absurd,absurd,0,0.0,,0,0.0,,0.0,
помста,помст,0,0.0,,0,0.0,,0.0,
logo,logo,0,0.0,,0,0.0,,0.0,
moyo,moyo,0,0.0,,0,0.0,,0.0,
zorski,zorski,0,0.0,,0,0.0,,0.0,
thick,thick,0,0.0,,0,0.0,,0.0,
hameleon,hameleon,0,0.0,,0,0.0,,0.0,
moschino,moschino,0,0.0,,0,0.0,,0.0,
марджела,марджел,0,0.0,,0,0.0,,0.0,
sweet,sweet,0,0.0,,0,0.0,,0.0,
9sm,9sm,0,0.0,,0,0.0,,0.0,
hollywood,hollywood,0,0.0,,0,0.0,,0.0,
бородой,бород,0,0.0,,0,0.0,,0.0,
вишня,вишн,0,0.0,,0,0.0,,0.0,
caseoh,caseoh,0,0.0,,0,0.0,,0.0,
рагнарек,рагнарек,0,0.0,,0,0.0,,0.0,
abstract,abstract,0,0.0,,0,0.0,,0.0,
saints,saints,0,0.0,,0,0.0,,0.0,
лос,лос,0,0.0,,0,0.0,,0.0,
why,why,0,0.0,,0,0.0,,0.0,
палке,палк,0,0.0,,0,0.0,,0.0,
трактором,трактор,0,0.0,,0,0.0,,0.0,
багі,багі,0,0.0,,0,0.0,,0.0,
киш,киш,0,0.0,,0,0.0,,0.0,
legendary,legendary,0,0.0,,0,0.0,,0.0,
волчок,волчок,0,0.0,,0,0.0,,0.0,
kashalot,kashalot,0,0.0,,0,0.0,,0.0,
триад,триад,0,0.0,,0,0.0,,0.0,
bavna,bavna,0,0.0,,0,0.0,,0.0,
сліпнот,сліпнот,0,0.0,,0,0.0,,0.0,
volcano,volcano,0,0.0,,0,0.0,,0.0,
decalius,decalius,0,0.0,,0,0.0,,0.0,
triton,triton,0,0.0,,0,0.0,,0.0,
прикордонників,прикордонників,0,0.0,,0,0.0,,0.0,
outsiders,outsiders,0,0.0,,0,0.0,,0.0,
прінтом,прінтом,0,0.0,,0,0.0,,0.0,
атака,атак,0,0.0,,0,0.0,,0.0,
luckyme,luckyme,0,0.0,,0,0.0,,0.0,
rouge,rouge,0,0.0,,0,0.0,,0.0,
skimir,skimir,0,0.0,,0,0.0,,0.0,
змія,змія,0,0.0,,0,0.0,,0.0,
медицинский,медицинск,0,0.0,,0,0.0,,0.0,
nirvana,nirvana,0,0.0,,0,0.0,,0.0,
футбол,футбол,0,0.0,,0,0.0,,0.0,
acronym,acronym,0,0.0,,0,0.0,,0.0,
валімарк,валімарк,0,0.0,,0,0.0,,0.0,
closer,closer,0,0.0,,0,0.0,,0.0,
сильным,сильн,0,0.0,,0,0.0,,0.0,
berlin,berlin,0,0.0,,0,0.0,,0.0,
coosh,coosh,0,0.0,,0,0.0,,0.0,
stretch,stretch,0,0.0,,0,0.0,,0.0,
ария,ар,0,0.0,,0,0.0,,0.0,
muted,muted,0,0.0,,0,0.0,,0.0,
alert,alert,0,0.0,,0,0.0,,0.0,
ладан,лада,0,0.0,,0,0.0,,0.0,
зимовий,зимов,0,0.0,,0,0.0,,0.0,
gorillaz,gorillaz,0,0.0,,0,0.0,,0.0,
skidan,skidan,0,0.0,,0,0.0,,0.0,
набор,набор,0,0.0,,0,0.0,,0.0,
shoes,shoes,0,0.0,,0,0.0,,0.0,
cactus,cactus,0,0.0,,0,0.0,,0.0,
старков,старк,0,0.0,,0,0.0,,0.0,
mcr,mcr,0,0.0,,0,0.0,,0.0,
валькнут,валькнут,0,0.0,,0,0.0,,0.0,
felpa,felpa,0,0.0,,0,0.0,,0.0,
балонові,балонові,0,0.0,,0,0.0,,0.0,
заказать,заказа,1,0.0,0.0,0,0.0,,0.0,
металкор,металкор,0,0.0,,0,0.0,,0.0,
union,union,0,0.0,,0,0.0,,0.0,
шрапнель,шрапнел,0,0.0,,0,0.0,,0.0,
узнать,узна,0,0.0,,0,0.0,,0.0,
криком,крик,0,0.0,,0,0.0,,0.0,
штурмової,штурмової,0,0.0,,0,0.0,,0.0,
прототайпс,прототайпс,0,0.0,,0,0.0,,0.0,
айспик,айспик,0,0.0,,0,0.0,,0.0,
танковый,танков,0,0.0,,0,0.0,,0.0,
авторські,авторські,0,0.0,,0,0.0,,0.0,
вампир,вампир,2,0.0,0.0,0,0.0,,0.0,
wolee,wolee,0,0.0,,0,0.0,,0.0,
параши,параш,0,0.0,,0,0.0,,0.0,
sweatpant,sweatpant,0,0.0,,0,0.0,,0.0,
rip,rip,0,0.0,,0,0.0,,0.0,
молодість,молодіст,0,0.0,,0,0.0,,0.0,
есирский,есирск,0,0.0,,0,0.0,,0.0,
вайлдберрис,вайлдберрис,0,0.0,,0,0.0,,0.0,
wow,wow,0,0.0,,0,0.0,,0.0,
александр,александр,0,0.0,,0,0.0,,0.0,
lanvin,lanvin,0,0.0,,0,0.0,,0.0,
дніпра,дніпра,0,0.0,,0,0.0,,0.0,
ratchet,ratchet,0,0.0,,0,0.0,,0.0,
унсо,унс,0,0.0,,0,0.0,,0.0,
cloth,cloth,0,0.0,,0,0.0,,0.0,
flash,flash,0,0.0,,0,0.0,,0.0,
magenta,magenta,0,0.0,,0,0.0,,0.0,
9mice,9mice,0,0.0,,0,0.0,,0.0,
badboysclub,badboysclub,0,0.0,,0,0.0,,0.0,
мамай,мама,0,0.0,,0,0.0,,0.0,
batiar,batiar,0,0.0,,0,0.0,,0.0,
лакоті,лакоті,0,0.0,,0,0.0,,0.0,
lidnm,lidnm,0,0.0,,0,0.0,,0.0,
маскою,маск,0,0.0,,0,0.0,,0.0,
prato,prato,0,0.0,,0,0.0,,0.0,
турбодізеля,турбодізел,0,0.0,,0,0.0,,0.0,
right,right,0,0.0,,0,0.0,,0.0,
наса,нас,0,0.0,,0,0.0,,0.0,
bloom,bloom,0,0.0,,0,0.0,,0.0,
клост,клост,0,0.0,,0,0.0,,0.0,
281z,281z,1,0.0,0.0,0,0.0,,0.0,
муай,муа,0,0.0,,0,0.0,,0.0,
нет,нет,0,0.0,,0,0.0,,0.0,
броніком,бронік,0,0.0,,0,0.0,,0.0,
каспер,каспер,0,0.0,,0,0.0,,0.0,
star,star,0,0.0,,0,0.0,,0.0,
doomsday,doomsday,0,0.0,,0,0.0,,0.0,
симбиоз,симбиоз,0,0.0,,0,0.0,,0.0,
трико,трик,1,0.0,0.0,0,0.0,,0.0,
hideo,hideo,0,0.0,,0,0.0,,0.0,
солдатом,солдат,0,0.0,,0,0.0,,0.0,
sindikat,sindikat,0,0.0,,0,0.0,,0.0,
исповедь,исповед,0,0.0,,0,0.0,,0.0,
last,last,0,0.0,,0,0.0,,0.0,
dushnila,dushnila,0,0.0,,0,0.0,,0.0,
дабхьюманс,дабхьюманс,0,0.0,,0,0.0,,0.0,
150,150,0,0.0,,0,0.0,,0.0,
madjo,madjo,0,0.0,,0,0.0,,0.0,
пла4,пла4,0,0.0,,0,0.0,,0.0,
yung,yung,0,0.0,,0,0.0,,0.0,
вільного,вільног,1,0.0,0.0,0,0.0,,0.0,
ogonpushka,ogonpushka,2,0.0,0.0,0,0.0,,0.0,
873,873,0,0.0,,0,0.0,,0.0,
shameless,shameless,0,0.0,,0,0.0,,0.0,
monatik,monatik,0,0.0,,0,0.0,,0.0,
украині,украині,0,0.0,,0,0.0,,0.0,
glitch,glitch,0,0.0,,0,0.0,,0.0,
yarikk,yarikk,0,0.0,,0,0.0,,0.0,
медіціне,медіцін,0,0.0,,0,0.0,,0.0,
біфрі,біфрі,0,0.0,,0,0.0,,0.0,
ходячие,ходяч,0,0.0,,0,0.0,,0.0,
дастин,дастин,0,0.0,,0,0.0,,0.0,
стастон,стастон,0,0.0,,0,0.0,,0.0,
desire,desire,0,0.0,,0,0.0,,0.0,
камнями,камн,0,0.0,,0,0.0,,0.0,
twins,twins,0,0.0,,0,0.0,,0.0,
romanovashop,romanovashop,0,0.0,,0,0.0,,0.0,
фоп,фоп,0,0.0,,0,0.0,,0.0,
redivision,redivision,0,0.0,,0,0.0,,0.0,
mulisha,mulisha,0,0.0,,0,0.0,,0.0,
oli,oli,1,0.0,0.0,0,0.0,,0.0,
керівника,керівник,0,0.0,,0,0.0,,0.0,
двох,двох,0,0.0,,0,0.0,,0.0,
tuda,tuda,0,0.0,,0,0.0,,0.0,
вовків,вовків,0,0.0,,0,0.0,,0.0,
промокаючі,промокаючі,0,0.0,,0,0.0,,0.0,
амур,амур,0,0.0,,0,0.0,,0.0,
supreme,supreme,1,0.0,0.0,0,0.0,,0.0,
cropped,cropped,0,0.0,,0,0.0,,0.0,
осенние,осен,2,0.0,0.0,0,0.0,,0.0,
дейл,дейл,0,0.0,,0,0.0,,0.0,
эффект,эффект,0,0.0,,0,0.0,,0.0,
hq8135,hq8135,0,0.0,,0,0.0,,0.0,
валькирия,валькир,0,0.0,,0,0.0,,0.0,
hircost,hircost,0,0.0,,0,0.0,,0.0,
shibuya,shibuya,0,0.0,,0,0.0,,0.0,
pauli,pauli,0,0.0,,0,0.0,,0.0,
життя,житт,0,0.0,,0,0.0,,0.0,
вимпел,вимпел,0,0.0,,0,0.0,,0.0,
белый,бел,0,0.0,,0,0.0,,0.0,
von,von,0,0.0,,0,0.0,,0.0,
ебанат,ебанат,0,0.0,,0,0.0,,0.0,
алматы,алмат,0,0.0,,0,0.0,,0.0,
правор,правор,0,0.0,,0,0.0,,0.0,
жинкин,жинкин,0,0.0,,0,0.0,,0.0,
грав,грав,0,0.0,,0,0.0,,0.0,
newbornk,newbornk,0,0.0,,0,0.0,,0.0,
яверета,яверет,0,0.0,,0,0.0,,0.0,
brave,brave,1,0.0,0.0,0,0.0,,0.0,
бурзум,бурзум,0,0.0,,0,0.0,,0.0,
шелковые,шелков,0,0.0,,0,0.0,,0.0,
march,march,0,0.0,,0,0.0,,0.0,
stahova,stahova,0,0.0,,0,0.0,,0.0,
ayugi,ayugi,0,0.0,,0,0.0,,0.0,
такі,такі,0,0.0,,0,0.0,,0.0,
uto,uto,0,0.0,,0,0.0,,0.0,
сич,сич,0,0.0,,0,0.0,,0.0,
artiemaster,artiemaster,0,0.0,,0,0.0,,0.0,
soft,soft,0,0.0,,0,0.0,,0.0,
руник,руник,1,0.0,0.0,0,0.0,,0.0,
wall,wall,0,0.0,,0,0.0,,0.0,
prj450,prj450,0,0.0,,0,0.0,,0.0,
teiwaz,teiwaz,0,0.0,,0,0.0,,0.0,
genderless,genderless,0,0.0,,0,0.0,,0.0,
домашние,домашн,0,0.0,,0,0.0,,0.0,
борат,борат,0,0.0,,0,0.0,,0.0,
2033,2033,0,0.0,,0,0.0,,0.0,
gbc,gbc,0,0.0,,0,0.0,,0.0,
farfire,farfire,0,0.0,,0,0.0,,0.0,
imagine,imagine,0,0.0,,0,0.0,,0.0,
backyard,backyard,0,0.0,,0,0.0,,0.0,
asics,asics,0,0.0,,0,0.0,,0.0,
crewsupplyco,crewsupplyco,0,0.0,,0,0.0,,0.0,
муслінові,муслінові,0,0.0,,0,0.0,,0.0,
фьер,фьер,0,0.0,,0,0.0,,0.0,
non,non,0,0.0,,0,0.0,,0.0,
настоящий,настоя,0,0.0,,0,0.0,,0.0,
тиесто,тиест,0,0.0,,0,0.0,,0.0,
prefix,prefix,0,0.0,,0,0.0,,0.0,
coil,coil,0,0.0,,0,0.0,,0.0,
beartooth,beartooth,0,0.0,,0,0.0,,0.0,
pinkfong,pinkfong,0,0.0,,0,0.0,,0.0,
uglycool,uglycool,0,0.0,,0,0.0,,0.0,
refreshed,refreshed,0,0.0,,0,0.0,,0.0,
diego,diego,0,0.0,,0,0.0,,0.0,
грушенька,грушеньк,0,0.0,,0,0.0,,0.0,
skill,skill,1,0.0,0.0,0,0.0,,0.0,
свага,сваг,0,0.0,,0,0.0,,0.0,
плейбой,плейб,0,0.0,,0,0.0,,0.0,
gentleman,gentleman,0,0.0,,0,0.0,,0.0,
sixtynineshirt,sixtynineshirt,0,0.0,,0,0.0,,0.0,
flowing,flowing,0,0.0,,0,0.0,,0.0,
рвется,рвет,0,0.0,,0,0.0,,0.0,
tolerance,tolerance,0,0.0,,0,0.0,,0.0,
это,эт,0,0.0,,0,0.0,,0.0,
side,side,0,0.0,,0,0.0,,0.0,
koza,koza,0,0.0,,0,0.0,,0.0,
качественные,качествен,0,0.0,,0,0.0,,0.0,
sort,sort,0,0.0,,0,0.0,,0.0,
firefighter,firefighter,0,0.0,,0,0.0,,0.0,
yourself,yourself,0,0.0,,0,0.0,,0.0,
sally,sally,0,0.0,,0,0.0,,0.0,
begentle,begentle,0,0.0,,0,0.0,,0.0,
humans,humans,0,0.0,,0,0.0,,0.0,
одесские,одесск,0,0.0,,0,0.0,,0.0,
mystery,mystery,0,0.0,,0,0.0,,0.0,
scorpion,scorpion,0,0.0,,0,0.0,,0.0,
nothing,nothing,0,0.0,,0,0.0,,0.0,
нашивками,нашивк,1,0.0,0.0,0,0.0,,0.0,
пес,пес,0,0.0,,0,0.0,,0.0,
benjamin,benjamin,0,0.0,,0,0.0,,0.0,
rvca,rvca,0,0.0,,0,0.0,,0.0,
wang,wang,0,0.0,,0,0.0,,0.0,
штурмовік,штурмовік,0,0.0,,0,0.0,,0.0,
мармока,мармок,0,0.0,,0,0.0,,0.0,
марунова,марунов,0,0.0,,0,0.0,,0.0,
бим,бим,0,0.0,,0,0.0,,0.0,
gizzard,gizzard,0,0.0,,0,0.0,,0.0,
maneskin,maneskin,0,0.0,,0,0.0,,0.0,
птср,птср,0,0.0,,0,0.0,,0.0,
mnky,mnky,0,0.0,,0,0.0,,0.0,
труссарди,труссард,0,0.0,,0,0.0,,0.0,
preston,preston,0,0.0,,0,0.0,,0.0,
liquid,liquid,0,0.0,,0,0.0,,0.0,
green,green,0,0.0,,0,0.0,,0.0,
cranium,cranium,0,0.0,,0,0.0,,0.0,
uzun,uzun,0,0.0,,0,0.0,,0.0,
лдпр,лдпр,0,0.0,,0,0.0,,0.0,
рабочая,рабоч,0,0.0,,0,0.0,,0.0,
nasa,nasa,0,0.0,,0,0.0,,0.0,
kroki,kroki,0,0.0,,0,0.0,,0.0,
бойові,бойові,0,0.0,,0,0.0,,0.0,
монокло,монокл,0,0.0,,0,0.0,,0.0,
crime,crime,0,0.0,,0,0.0,,0.0,
semesyuk,semesyuk,0,0.0,,0,0.0,,0.0,
лакор,лакор,0,0.0,,0,0.0,,0.0,
way,way,1,0.0,0.0,0,0.0,,0.0,
neck,neck,0,0.0,,0,0.0,,0.0,
хоругва,хоругв,1,0.0,0.0,0,0.0,,0.0,
kkaitew,kkaitew,0,0.0,,0,0.0,,0.0,
create,create,0,0.0,,0,0.0,,0.0,
тактичні,тактичні,1,0.0,0.0,0,0.0,,0.0,
beomdesign,beomdesign,0,0.0,,0,0.0,,0.0,
саша,саш,0,0.0,,0,0.0,,0.0,
юрій,юрі,0,0.0,,0,0.0,,0.0,
malfini,malfini,0,0.0,,0,0.0,,0.0,
arckanum,arckanum,0,0.0,,0,0.0,,0.0,
woven,woven,0,0.0,,0,0.0,,0.0,
вискозные,вискозн,0,0.0,,0,0.0,,0.0,
лаконичная,лаконичн,0,0.0,,0,0.0,,0.0,
mattini,mattini,0,0.0,,0,0.0,,0.0,
hysta,hysta,0,0.0,,0,0.0,,0.0,
margiela,margiela,0,0.0,,0,0.0,,0.0,
братишка,братишк,0,0.0,,0,0.0,,0.0,
demilich,demilich,0,0.0,,0,0.0,,0.0,
змейке,змейк,1,0.0,0.0,0,0.0,,0.0,
gym,gym,0,0.0,,0,0.0,,0.0,
online,online,0,0.0,,0,0.0,,0.0,
монети,монет,0,0.0,,0,0.0,,0.0,
pace,pace,0,0.0,,0,0.0,,0.0,
кишенями,кишен,0,0.0,,0,0.0,,0.0,
begentelmen,begentelmen,0,0.0,,0,0.0,,0.0,
депо,деп,0,0.0,,0,0.0,,0.0,
okean,okean,0,0.0,,0,0.0,,0.0,
beezet,beezet,0,0.0,,0,0.0,,0.0,
best,best,0,0.0,,0,0.0,,0.0,
bayrak,bayrak,0,0.0,,0,0.0,,0.0,
рыбалкой,рыбалк,0,0.0,,0,0.0,,0.0,
мисс,мисс,0,0.0,,0,0.0,,0.0,
valkyrie,valkyrie,0,0.0,,0,0.0,,0.0,
merch,merch,3,0.0,0.0,0,0.0,,0.0,
damir,damir,0,0.0,,0,0.0,,0.0,
midas,midas,0,0.0,,0,0.0,,0.0,
усика,усик,0,0.0,,0,0.0,,0.0,
библиотека,библиотек,0,0.0,,0,0.0,,0.0,
лицемер,лицемер,0,0.0,,0,0.0,,0.0,
дурнева,дурнев,0,0.0,,0,0.0,,0.0,
оушн,оушн,0,0.0,,0,0.0,,0.0,
концепт,концепт,0,0.0,,0,0.0,,0.0,
передвісники,передвісник,0,0.0,,0,0.0,,0.0,
харьковские,харьковск,0,0.0,,0,0.0,,0.0,
прпар,прпар,0,0.0,,0,0.0,,0.0,
wildlife,wildlife,0,0.0,,0,0.0,,0.0,
параллель,параллел,0,0.0,,0,0.0,,0.0,
отца,отц,0,0.0,,0,0.0,,0.0,
ісусом,ісус,0,0.0,,0,0.0,,0.0,
михаил,миха,0,0.0,,0,0.0,,0.0,
oska,oska,0,0.0,,0,0.0,,0.0,
укрпошта,укрпошт,0,0.0,,0,0.0,,0.0,
bodom,bodom,0,0.0,,0,0.0,,0.0,
косуху,косух,0,0.0,,0,0.0,,0.0,
vast,vast,1,0.0,0.0,0,0.0,,0.0,
york,york,0,0.0,,0,0.0,,0.0,
rider,rider,0,0.0,,0,0.0,,0.0,
jaded,jaded,0,0.0,,0,0.0,,0.0,
viperr,viperr,0,0.0,,0,0.0,,0.0,
stradivarius,stradivarius,0,0.0,,0,0.0,,0.0,
казантип,казантип,0,0.0,,0,0.0,,0.0,
vegas,vegas,0,0.0,,0,0.0,,0.0,
вимпелів,вимпелів,0,0.0,,0,0.0,,0.0,
leather,leather,0,0.0,,0,0.0,,0.0,
пурген,пург,0,0.0,,0,0.0,,0.0,
горшком,горшк,0,0.0,,0,0.0,,0.0,
жакмюс,жакмюс,0,0.0,,0,0.0,,0.0,
circa,circa,0,0.0,,0,0.0,,0.0,
ковром,ковр,0,0.0,,0,0.0,,0.0,
rype,rype,1,0.0,0.0,0,0.0,,0.0,
espresso,espresso,0,0.0,,0,0.0,,0.0,
craft,craft,0,0.0,,0,0.0,,0.0,
манго,манг,0,0.0,,0,0.0,,0.0,
нержавійки,нержавійк,0,0.0,,0,0.0,,0.0,
мухомор,мухомор,0,0.0,,0,0.0,,0.0,
roomovaa,roomovaa,0,0.0,,0,0.0,,0.0,
чувак,чувак,0,0.0,,0,0.0,,0.0,
xoxo,xoxo,0,0.0,,0,0.0,,0.0,
журба,журб,1,0.0,0.0,0,0.0,,0.0,
weeknd,weeknd,0,0.0,,0,0.0,,0.0,
панішер,панішер,0,0.0,,0,0.0,,0.0,
dcs,dcs,0,0.0,,0,0.0,,0.0,
корпоративний,корпоративн,0,0.0,,0,0.0,,0.0,
roses,roses,0,0.0,,0,0.0,,0.0,
razer,razer,0,0.0,,0,0.0,,0.0,
harvest,harvest,0,0.0,,0,0.0,,0.0,
мох,мох,0,0.0,,0,0.0,,0.0,
нервы,нерв,0,0.0,,0,0.0,,0.0,
ганг,ганг,3,0.0,0.0,0,0.0,,0.0,
сокира,сокир,0,0.0,,0,0.0,,0.0,
андерсон,андерсон,0,0.0,,0,0.0,,0.0,
maloja,maloja,0,0.0,,0,0.0,,0.0,
ріккіхайп,ріккіхайп,0,0.0,,0,0.0,,0.0,
аирборн,аирборн,0,0.0,,0,0.0,,0.0,
turwer,turwer,0,0.0,,0,0.0,,0.0,
волинь,волин,0,0.0,,0,0.0,,0.0,
охуено,оху,0,0.0,,0,0.0,,0.0,
keys,keys,0,0.0,,0,0.0,,0.0,
ltd,ltd,0,0.0,,0,0.0,,0.0,
carti,carti,0,0.0,,0,0.0,,0.0,
стях,стях,0,0.0,,0,0.0,,0.0,
planet,planet,0,0.0,,0,0.0,,0.0,
класичний,класичн,0,0.0,,0,0.0,,0.0,
hulls,hulls,1,0.0,0.0,0,0.0,,0.0,
летучей,летуч,0,0.0,,0,0.0,,0.0,
амос,амос,0,0.0,,0,0.0,,0.0,
дизайнерская,дизайнерск,0,0.0,,0,0.0,,0.0,
жодних,жодн,0,0.0,,0,0.0,,0.0,
masuvent,masuvent,0,0.0,,0,0.0,,0.0,
zag,zag,0,0.0,,0,0.0,,0.0,
tim,tim,0,0.0,,0,0.0,,0.0,
arirang,arirang,0,0.0,,0,0.0,,0.0,
мастер,мастер,0,0.0,,0,0.0,,0.0,
coco,coco,0,0.0,,0,0.0,,0.0,
pofigizm,pofigizm,0,0.0,,0,0.0,,0.0,
voir,voir,0,0.0,,0,0.0,,0.0,
махновцев,махновц,0,0.0,,0,0.0,,0.0,
sueta,sueta,0,0.0,,0,0.0,,0.0,
hardy,hardy,1,0.0,0.0,0,0.0,,0.0,
ukrtac,ukrtac,0,0.0,,0,0.0,,0.0,
оновленій,оновлені,0,0.0,,0,0.0,,0.0,
mcl,mcl,0,0.0,,0,0.0,,0.0,
carda,carda,0,0.0,,0,0.0,,0.0,
легкі,легкі,0,0.0,,0,0.0,,0.0,
мэйби,мэйб,0,0.0,,0,0.0,,0.0,
respublika,respublika,0,0.0,,0,0.0,,0.0,
фон,фон,0,0.0,,0,0.0,,0.0,
pan,pan,0,0.0,,0,0.0,,0.0,
трійки,трійк,0,0.0,,0,0.0,,0.0,
suvene,suvene,0,0.0,,0,0.0,,0.0,
gridress,gridress,0,0.0,,0,0.0,,0.0,
гэнг,гэнг,0,0.0,,0,0.0,,0.0,
гобелен,гобел,0,0.0,,0,0.0,,0.0,
beaumere,beaumere,0,0.0,,0,0.0,,0.0,
секта,сект,0,0.0,,0,0.0,,0.0,
мерта,мерт,0,0.0,,0,0.0,,0.0,
фосфор,фосфор,0,0.0,,0,0.0,,0.0,
thornhill,thornhill,0,0.0,,0,0.0,,0.0,
roomova,roomova,0,0.0,,0,0.0,,0.0,
lamoda,lamoda,0,0.0,,0,0.0,,0.0,
символ,символ,0,0.0,,0,0.0,,0.0,
rtfight,rtfight,0,0.0,,0,0.0,,0.0,
berserk,berserk,0,0.0,,0,0.0,,0.0,
льонокомбінат,льонокомбінат,0,0.0,,0,0.0,,0.0,
blakely,blakely,0,0.0,,0,0.0,,0.0,
тайский,тайск,0,0.0,,0,0.0,,0.0,
воїн,воїн,0,0.0,,0,0.0,,0.0,
львівський,львівськи,0,0.0,,0,0.0,,0.0,
suicideboys,suicideboys,0,0.0,,0,0.0,,0.0,
убийцей,убийц,0,0.0,,0,0.0,,0.0,
killed,killed,0,0.0,,0,0.0,,0.0,
шерстяное,шерстян,0,0.0,,0,0.0,,0.0,
bazhane,bazhane,0,0.0,,0,0.0,,0.0,
шорти,шорт,8,0.0,0.0,0,0.0,,0.0,
medicine,medicine,0,0.0,,0,0.0,,0.0,
type,type,0,0.0,,0,0.0,,0.0,
usual,usual,0,0.0,,0,0.0,,0.0,
шарк,шарк,0,0.0,,0,0.0,,0.0,
family,family,0,0.0,,0,0.0,,0.0,
kharkiv,kharkiv,0,0.0,,0,0.0,,0.0,
bicoop,bicoop,0,0.0,,0,0.0,,0.0,
вечно,вечн,0,0.0,,0,0.0,,0.0,
meshuggah,meshuggah,0,0.0,,0,0.0,,0.0,
tsevau,tsevau,0,0.0,,0,0.0,,0.0,
попов,поп,0,0.0,,0,0.0,,0.0,
стич,стич,0,0.0,,0,0.0,,0.0,
moshkovsky,moshkovsky,0,0.0,,0,0.0,,0.0,
nning,nning,0,0.0,,0,0.0,,0.0,
доларом,долар,0,0.0,,0,0.0,,0.0,
lpp,lpp,0,0.0,,0,0.0,,0.0,
walk,walk,0,0.0,,0,0.0,,0.0,
yaskravo,yaskravo,0,0.0,,0,0.0,,0.0,
zagonbrand,zagonbrand,0,0.0,,0,0.0,,0.0,
areyousleepingsonya,areyousleepingsonya,0,0.0,,0,0.0,,0.0,
rainshouse,rainshouse,0,0.0,,0,0.0,,0.0,
steel,steel,0,0.0,,0,0.0,,0.0,
макет,макет,0,0.0,,0,0.0,,0.0,
чистая,чист,0,0.0,,0,0.0,,0.0,
ib7238,ib7238,0,0.0,,0,0.0,,0.0,
всп,всп,0,0.0,,0,0.0,,0.0,
серцем,серц,0,0.0,,0,0.0,,0.0,
мехом,мех,0,0.0,,0,0.0,,0.0,
dapper,dapper,0,0.0,,0,0.0,,0.0,
рібок,рібок,0,0.0,,0,0.0,,0.0,
фрирен,фрир,0,0.0,,0,0.0,,0.0,
палац,палац,0,0.0,,0,0.0,,0.0,
воєнні,воєнні,0,0.0,,0,0.0,,0.0,
стаф,стаф,1,0.0,0.0,0,0.0,,0.0,
дівіжен,дівіжен,0,0.0,,0,0.0,,0.0,
объемные,объемн,0,0.0,,0,0.0,,0.0,
игроков,игрок,0,0.0,,0,0.0,,0.0,
роузес,роузес,0,0.0,,0,0.0,,0.0,
пульт,пульт,1,0.0,0.0,0,0.0,,0.0,
вамп,вамп,0,0.0,,0,0.0,,0.0,
feel,feel,0,0.0,,0,0.0,,0.0,
maneken,maneken,0,0.0,,0,0.0,,0.0,
бомбосховища,бомбосховищ,0,0.0,,0,0.0,,0.0,
кельтский,кельтск,0,0.0,,0,0.0,,0.0,
5хл,5хл,0,0.0,,0,0.0,,0.0,
hipster,hipster,0,0.0,,0,0.0,,0.0,
lace,lace,0,0.0,,0,0.0,,0.0,
lifter,lifter,0,0.0,,0,0.0,,0.0,
bekhtir,bekhtir,0,0.0,,0,0.0,,0.0,
kenalin,kenalin,0,0.0,,0,0.0,,0.0,
сумеречный,сумеречн,0,0.0,,0,0.0,,0.0,
цвета,цвет,0,0.0,,0,0.0,,0.0,
garda,garda,0,0.0,,0,0.0,,0.0,
parochka,parochka,0,0.0,,0,0.0,,0.0,
флагі,флагі,1,0.0,0.0,0,0.0,,0.0,
треба,треб,0,0.0,,0,0.0,,0.0,
исполняй,исполня,0,0.0,,0,0.0,,0.0,
сюди,сюд,0,0.0,,0,0.0,,0.0,
гимн,гимн,0,0.0,,0,0.0,,0.0,
калашников,калашник,0,0.0,,0,0.0,,0.0,
agressor,agressor,0,0.0,,0,0.0,,0.0,
магазинів,магазинів,0,0.0,,0,0.0,,0.0,
holly,holly,0,0.0,,0,0.0,,0.0,
bonprix,bonprix,0,0.0,,0,0.0,,0.0,
куплю,купл,0,0.0,,0,0.0,,0.0,
joodie,joodie,0,0.0,,0,0.0,,0.0,
пересвет,пересвет,0,0.0,,0,0.0,,0.0,
афликшн,афликшн,0,0.0,,0,0.0,,0.0,
morok,morok,0,0.0,,0,0.0,,0.0,
їбіться,їбіться,0,0.0,,0,0.0,,0.0,
lui,lui,0,0.0,,0,0.0,,0.0,
instagram,instagram,0,0.0,,0,0.0,,0.0,
tang,tang,0,0.0,,0,0.0,,0.0,
метра,метр,0,0.0,,0,0.0,,0.0,
yellow,yellow,0,0.0,,0,0.0,,0.0,
бувають,бувают,0,0.0,,0,0.0,,0.0,
виварена,вивар,0,0.0,,0,0.0,,0.0,
wearcocaine,wearcocaine,0,0.0,,0,0.0,,0.0,
отвага,отваг,0,0.0,,0,0.0,,0.0,
тага,таг,0,0.0,,0,0.0,,0.0,
графитовая,графитов,0,0.0,,0,0.0,,0.0,
флагсістем,флагсіст,0,0.0,,0,0.0,,0.0,
mostok,mostok,0,0.0,,0,0.0,,0.0,
zalizna,zalizna,0,0.0,,0,0.0,,0.0,
дракон,дракон,0,0.0,,0,0.0,,0.0,
картате,картат,0,0.0,,0,0.0,,0.0,
різні,різні,0,0.0,,0,0.0,,0.0,
jones,jones,0,0.0,,0,0.0,,0.0,
grin,grin,0,0.0,,0,0.0,,0.0,
ленинград,ленинград,1,0.0,0.0,0,0.0,,0.0,
авіатори,авіатор,0,0.0,,0,0.0,,0.0,
ичкерия,ичкер,0,0.0,,0,0.0,,0.0,
русь,ру,0,0.0,,0,0.0,,0.0,
avecs,avecs,0,0.0,,0,0.0,,0.0,
dream,dream,0,0.0,,0,0.0,,0.0,
disney,disney,0,0.0,,0,0.0,,0.0,
force,force,0,0.0,,0,0.0,,0.0,
кодом,код,0,0.0,,0,0.0,,0.0,
повсякденні,повсякденні,0,0.0,,0,0.0,,0.0,
фронтир,фронтир,0,0.0,,0,0.0,,0.0,
марселин,марселин,0,0.0,,0,0.0,,0.0,
flames,flames,0,0.0,,0,0.0,,0.0,
kraken,kraken,0,0.0,,0,0.0,,0.0,
бабай,баба,0,0.0,,0,0.0,,0.0,
generation,generation,0,0.0,,0,0.0,,0.0,
lonely,lonely,0,0.0,,0,0.0,,0.0,
прар,прар,0,0.0,,0,0.0,,0.0,
оригинал,оригина,1,0.0,0.0,0,0.0,,0.0,
blasphemous,blasphemous,0,0.0,,0,0.0,,0.0,
marks,marks,0,0.0,,0,0.0,,0.0,
crest,crest,0,0.0,,0,0.0,,0.0,
bbc,bbc,0,0.0,,0,0.0,,0.0,
кіборги,кіборг,0,0.0,,0,0.0,,0.0,
скаут,скаут,0,0.0,,0,0.0,,0.0,
банці,банці,0,0.0,,0,0.0,,0.0,
блю,блю,0,0.0,,0,0.0,,0.0,
serianno,serianno,0,0.0,,0,0.0,,0.0,
спарти,спарт,0,0.0,,0,0.0,,0.0,
totem,totem,0,0.0,,0,0.0,,0.0,
see,see,0,0.0,,0,0.0,,0.0,
новогодний,новогодн,0,0.0,,0,0.0,,0.0,
burzum,burzum,0,0.0,,0,0.0,,0.0,
shambala,shambala,0,0.0,,0,0.0,,0.0,
masha,masha,0,0.0,,0,0.0,,0.0,
ванс,ванс,0,0.0,,0,0.0,,0.0,
саванна,саван,0,0.0,,0,0.0,,0.0,
runic,runic,0,0.0,,0,0.0,,0.0,
психея,психе,0,0.0,,0,0.0,,0.0,
пиклз,пиклз,0,0.0,,0,0.0,,0.0,
мадяра,мадяр,0,0.0,,0,0.0,,0.0,
жидобандера,жидобандер,0,0.0,,0,0.0,,0.0,
sisters,sisters,0,0.0,,0,0.0,,0.0,
позывным,позывн,0,0.0,,0,0.0,,0.0,
nightwish,nightwish,0,0.0,,0,0.0,,0.0,
кльош,кльош,0,0.0,,0,0.0,,0.0,
брутто,брутт,0,0.0,,0,0.0,,0.0,
артемщик,артемщик,0,0.0,,0,0.0,,0.0,
ниган,нига,0,0.0,,0,0.0,,0.0,
abercrombie,abercrombie,0,0.0,,0,0.0,,0.0,
ріотдівіжен,ріотдівіж,0,0.0,,0,0.0,,0.0,
хйф,хйф,0,0.0,,0,0.0,,0.0,
вікенд,вікенд,0,0.0,,0,0.0,,0.0,
быстросохнущие,быстросохнущ,0,0.0,,0,0.0,,0.0,
jaceyjace,jaceyjace,0,0.0,,0,0.0,,0.0,
synical,synical,0,0.0,,0,0.0,,0.0,
украіни,украін,0,0.0,,0,0.0,,0.0,
monday,monday,0,0.0,,0,0.0,,0.0,
homme,homme,0,0.0,,0,0.0,,0.0,
сіндікат,сіндікат,0,0.0,,0,0.0,,0.0,
сошиал,сошиа,0,0.0,,0,0.0,,0.0,
svaston,svaston,0,0.0,,0,0.0,,0.0,
степові,степові,0,0.0,,0,0.0,,0.0,
адамова,адамов,0,0.0,,0,0.0,,0.0,
валимарк,валимарк,0,0.0,,0,0.0,,0.0,
fishing,fishing,0,0.0,,0,0.0,,0.0,
skateshop,skateshop,0,0.0,,0,0.0,,0.0,
redwood,redwood,0,0.0,,0,0.0,,0.0,
пандою,панд,0,0.0,,0,0.0,,0.0,
coolmax,coolmax,0,0.0,,0,0.0,,0.0,
бандерштат,бандерштат,0,0.0,,0,0.0,,0.0,
loveless,loveless,0,0.0,,0,0.0,,0.0,
across,across,0,0.0,,0,0.0,,0.0,
рдк,рдк,0,0.0,,0,0.0,,0.0,
турция,турц,2,0.0,0.0,0,0.0,,0.0,
дипи,дип,0,0.0,,0,0.0,,0.0,
fzm,fzm,0,0.0,,0,0.0,,0.0,
tor,tor,0,0.0,,0,0.0,,0.0,
nlaw,nlaw,0,0.0,,0,0.0,,0.0,
044garden,044garden,0,0.0,,0,0.0,,0.0,
полных,полн,0,0.0,,0,0.0,,0.0,
sk8,sk8,0,0.0,,0,0.0,,0.0,
перехрестя,перехрест,0,0.0,,0,0.0,,0.0,
bambas,bambas,0,0.0,,0,0.0,,0.0,
чегевара,чегевар,0,0.0,,0,0.0,,0.0,
hochusobitake,hochusobitake,0,0.0,,0,0.0,,0.0,
anacondaz,anacondaz,0,0.0,,0,0.0,,0.0,
soul,soul,0,0.0,,0,0.0,,0.0,
444,444,0,0.0,,0,0.0,,0.0,
джуси,джус,0,0.0,,0,0.0,,0.0,
донецькій,донецькі,0,0.0,,0,0.0,,0.0,
reckless,reckless,0,0.0,,0,0.0,,0.0,
хрестами,хрест,0,0.0,,0,0.0,,0.0,
liberty,liberty,0,0.0,,0,0.0,,0.0,
nobility,nobility,0,0.0,,0,0.0,,0.0,
жде,жде,0,0.0,,0,0.0,,0.0,
freakdays,freakdays,0,0.0,,0,0.0,,0.0,
краматорську,краматорськ,0,0.0,,0,0.0,,0.0,
беби,беб,0,0.0,,0,0.0,,0.0,
алхімік,алхімік,0,0.0,,0,0.0,,0.0,
йоджи,йодж,0,0.0,,0,0.0,,0.0,
сошал,соша,0,0.0,,0,0.0,,0.0,
moto,moto,0,0.0,,0,0.0,,0.0,
joseph,joseph,0,0.0,,0,0.0,,0.0,
purgen,purgen,0,0.0,,0,0.0,,0.0,
поборете,поборет,0,0.0,,0,0.0,,0.0,
behtir,behtir,0,0.0,,0,0.0,,0.0,
олигарх,олигарх,0,0.0,,0,0.0,,0.0,
металіст,металіст,0,0.0,,0,0.0,,0.0,
бензопила,бензоп,0,0.0,,0,0.0,,0.0,
аркан,арка,0,0.0,,0,0.0,,0.0,
троллфейсом,троллфейс,0,0.0,,0,0.0,,0.0,
stand,stand,0,0.0,,0,0.0,,0.0,
usa,usa,0,0.0,,0,0.0,,0.0,
канибал,каниба,0,0.0,,0,0.0,,0.0,
мотоциклетная,мотоциклетн,0,0.0,,0,0.0,,0.0,
сангвиник,сангвиник,0,0.0,,0,0.0,,0.0,
bryuki,bryuki,0,0.0,,0,0.0,,0.0,
training,training,0,0.0,,0,0.0,,0.0,
uasnipers,uasnipers,0,0.0,,0,0.0,,0.0,
турецького,турецьк,0,0.0,,0,0.0,,0.0,
valefar,valefar,0,0.0,,0,0.0,,0.0,
racer,racer,0,0.0,,0,0.0,,0.0,
makflame,makflame,0,0.0,,0,0.0,,0.0,
linen,linen,0,0.0,,0,0.0,,0.0,
легінси,легінс,0,0.0,,0,0.0,,0.0,
армейские,армейск,0,0.0,,0,0.0,,0.0,
беги,бег,0,0.0,,0,0.0,,0.0,
прпор,прпор,0,0.0,,0,0.0,,0.0,
token,token,0,0.0,,0,0.0,,0.0,
mushroom,mushroom,0,0.0,,0,0.0,,0.0,
драгон,драгон,0,0.0,,0,0.0,,0.0,
linkin,linkin,0,0.0,,0,0.0,,0.0,
8nzt86,8nzt86,0,0.0,,0,0.0,,0.0,
thor,thor,0,0.0,,0,0.0,,0.0,
анти,ант,0,0.0,,0,0.0,,0.0,
rich,rich,0,0.0,,0,0.0,,0.0,
jugend,jugend,0,0.0,,0,0.0,,0.0,
командірка,командірк,0,0.0,,0,0.0,,0.0,
зібки,зібки,0,0.0,,0,0.0,,0.0,
котон,котон,0,0.0,,0,0.0,,0.0,
apathydxdxdx,apathydxdxdx,0,0.0,,0,0.0,,0.0,
викинг,викинг,0,0.0,,0,0.0,,0.0,
штанці,штанці,0,0.0,,0,0.0,,0.0,
printsalon,printsalon,0,0.0,,0,0.0,,0.0,
ддт,ддт,0,0.0,,0,0.0,,0.0,
lachen,lachen,0,0.0,,0,0.0,,0.0,
limits,limits,0,0.0,,0,0.0,,0.0,
характером,характер,0,0.0,,0,0.0,,0.0,
sleeve,sleeve,0,0.0,,0,0.0,,0.0,
quicksand,quicksand,0,0.0,,0,0.0,,0.0,
gooska,gooska,0,0.0,,0,0.0,,0.0,
rowdy,rowdy,0,0.0,,0,0.0,,0.0,
3rd,3rd,0,0.0,,0,0.0,,0.0,
питбуль,питбул,0,0.0,,0,0.0,,0.0,
nyogthaeblisz,nyogthaeblisz,0,0.0,,0,0.0,,0.0,
рэперов,рэпер,0,0.0,,0,0.0,,0.0,
казаков,казак,0,0.0,,0,0.0,,0.0,
землі,землі,0,0.0,,0,0.0,,0.0,
twenty,twenty,0,0.0,,0,0.0,,0.0,
issey,issey,0,0.0,,0,0.0,,0.0,
руками,рук,1,0.0,0.0,0,0.0,,0.0,
оборона,оборон,0,0.0,,0,0.0,,0.0,
skullhong,skullhong,0,0.0,,0,0.0,,0.0,
вишиванка,вишиванк,0,0.0,,0,0.0,,0.0,
шторм,шторм,1,0.0,0.0,0,0.0,,0.0,
zeros,zeros,0,0.0,,0,0.0,,0.0,
разница,разниц,0,0.0,,0,0.0,,0.0,
killer,killer,0,0.0,,0,0.0,,0.0,
chef,chef,0,0.0,,0,0.0,,0.0,
кара,кар,0,0.0,,0,0.0,,0.0,
дедушка,дедушк,0,0.0,,0,0.0,,0.0,
modern,modern,0,0.0,,0,0.0,,0.0,
lazy,lazy,0,0.0,,0,0.0,,0.0,
скандинавия,скандинав,0,0.0,,0,0.0,,0.0,
mems,mems,0,0.0,,0,0.0,,0.0,
эпштейна,эпштейн,0,0.0,,0,0.0,,0.0,
матросские,матросск,0,0.0,,0,0.0,,0.0,
snowboard,snowboard,0,0.0,,0,0.0,,0.0,
люки,люк,0,0.0,,0,0.0,,0.0,
віталік,віталік,0,0.0,,0,0.0,,0.0,
armagedda,armagedda,0,0.0,,0,0.0,,0.0,
штані,штані,0,0.0,,0,0.0,,0.0,
playsclo,playsclo,0,0.0,,0,0.0,,0.0,
yumms,yumms,0,0.0,,0,0.0,,0.0,
палай,пала,0,0.0,,0,0.0,,0.0,
дель,дел,0,0.0,,0,0.0,,0.0,
dz5605,dz5605,0,0.0,,0,0.0,,0.0,
husll,husll,0,0.0,,0,0.0,,0.0,
дабхуманс,дабхуманс,0,0.0,,0,0.0,,0.0,
152,152,0,0.0,,0,0.0,,0.0,
hope,hope,0,0.0,,0,0.0,,0.0,
prodigy,prodigy,0,0.0,,0,0.0,,0.0,
tkmaxx,tkmaxx,0,0.0,,0,0.0,,0.0,
осборна,осборн,0,0.0,,0,0.0,,0.0,
наконечник,наконечник,0,0.0,,0,0.0,,0.0,
banshee,banshee,0,0.0,,0,0.0,,0.0,
yavereta,yavereta,0,0.0,,0,0.0,,0.0,
stepan,stepan,0,0.0,,0,0.0,,0.0,
custom,custom,0,0.0,,0,0.0,,0.0,
фест,фест,0,0.0,,0,0.0,,0.0,
totally,totally,0,0.0,,0,0.0,,0.0,
sta,sta,0,0.0,,0,0.0,,0.0,
кожаные,кожан,0,0.0,,0,0.0,,0.0,
exchange,exchange,0,0.0,,0,0.0,,0.0,
кельвин,кельвин,0,0.0,,0,0.0,,0.0,
trackpants,trackpants,0,0.0,,0,0.0,,0.0,
geographic,geographic,0,0.0,,0,0.0,,0.0,
наступний,наступн,0,0.0,,0,0.0,,0.0,
манекен,манек,0,0.0,,0,0.0,,0.0,
сварог,сварог,0,0.0,,0,0.0,,0.0,
poirier,poirier,0,0.0,,0,0.0,,0.0,
polizei,polizei,0,0.0,,0,0.0,,0.0,
ісланд,ісланд,0,0.0,,0,0.0,,0.0,
фантом,фант,0,0.0,,0,0.0,,0.0,
things,things,0,0.0,,0,0.0,,0.0,
рейхскомиссариата,рейхскомиссариат,0,0.0,,0,0.0,,0.0,
вітровка,вітровк,0,0.0,,0,0.0,,0.0,
urfaust,urfaust,0,0.0,,0,0.0,,0.0,
orgasm,orgasm,0,0.0,,0,0.0,,0.0,
slayer,slayer,0,0.0,,0,0.0,,0.0,
маркетплейс,маркетплейс,0,0.0,,0,0.0,,0.0,
mokoon,mokoon,0,0.0,,0,0.0,,0.0,
мастермайнд,мастермайнд,0,0.0,,0,0.0,,0.0,
орнаментом,орнамент,0,0.0,,0,0.0,,0.0,
ecko,ecko,2,0.0,0.0,0,0.0,,0.0,
eden,eden,0,0.0,,0,0.0,,0.0,
antidote,antidote,0,0.0,,0,0.0,,0.0,
tribal,tribal,0,0.0,,0,0.0,,0.0,
мен,мен,0,0.0,,0,0.0,,0.0,
sempiternal,sempiternal,0,0.0,,0,0.0,,0.0,
харди,хард,0,0.0,,0,0.0,,0.0,
brutal,brutal,0,0.0,,0,0.0,,0.0,
hunt,hunt,0,0.0,,0,0.0,,0.0,
карпе,карп,0,0.0,,0,0.0,,0.0,
вагітних,вагітн,0,0.0,,0,0.0,,0.0,
израиля,израил,0,0.0,,0,0.0,,0.0,
post,post,0,0.0,,0,0.0,,0.0,
yori,yori,0,0.0,,0,0.0,,0.0,
гесс,гесс,0,0.0,,0,0.0,,0.0,
дедушкины,дедушкин,0,0.0,,0,0.0,,0.0,
buchan,buchan,0,0.0,,0,0.0,,0.0,
priest,priest,0,0.0,,0,0.0,,0.0,
початківець,початківет^,0,0.0,,0,0.0,,0.0,
боникс,боникс,0,0.0,,0,0.0,,0.0,
отбросы,отброс,0,0.0,,0,0.0,,0.0,
lifesaving,lifesaving,0,0.0,,0,0.0,,0.0,
смарагдове,смарагдов,0,0.0,,0,0.0,,0.0,
гуцул,гуцул,0,0.0,,0,0.0,,0.0,
business,business,0,0.0,,0,0.0,,0.0,
pullup,pullup,0,0.0,,0,0.0,,0.0,
луганської,луганської,0,0.0,,0,0.0,,0.0,
вулиці,вулиці,0,0.0,,0,0.0,,0.0,
саперів,саперів,0,0.0,,0,0.0,,0.0,
cry,cry,0,0.0,,0,0.0,,0.0,
chino,chino,0,0.0,,0,0.0,,0.0,
риод,риод,0,0.0,,0,0.0,,0.0,
пресижн,пресижн,0,0.0,,0,0.0,,0.0,
prfx,prfx,0,0.0,,0,0.0,,0.0,
тур,тур,0,0.0,,0,0.0,,0.0,
aj2011,aj2011,0,0.0,,0,0.0,,0.0,
nebbia,nebbia,0,0.0,,0,0.0,,0.0,
варена,вар,0,0.0,,0,0.0,,0.0,
юатек,юатек,0,0.0,,0,0.0,,0.0,
косой,кос,0,0.0,,0,0.0,,0.0,
монтень,монтен,0,0.0,,0,0.0,,0.0,
велюрові,велюрові,0,0.0,,0,0.0,,0.0,
dx1364,dx1364,0,0.0,,0,0.0,,0.0,
край,кра,0,0.0,,0,0.0,,0.0,
проф,проф,0,0.0,,0,0.0,,0.0,
dystopia,dystopia,0,0.0,,0,0.0,,0.0,
usdt,usdt,0,0.0,,0,0.0,,0.0,
nowhere,nowhere,0,0.0,,0,0.0,,0.0,
стиляга,стиляг,0,0.0,,0,0.0,,0.0,
nagolos,nagolos,0,0.0,,0,0.0,,0.0,
7mntns,7mntns,0,0.0,,0,0.0,,0.0,
sonic,sonic,0,0.0,,0,0.0,,0.0,
sherocco,sherocco,0,0.0,,0,0.0,,0.0,
шгш,шгш,0,0.0,,0,0.0,,0.0,
dying,dying,0,0.0,,0,0.0,,0.0,
dharma,dharma,0,0.0,,0,0.0,,0.0,
разрисованная,разрисова,0,0.0,,0,0.0,,0.0,
айленд,айленд,2,0.0,0.0,0,0.0,,0.0,
ufhl,ufhl,0,0.0,,0,0.0,,0.0,
маттіно,маттін,0,0.0,,0,0.0,,0.0,
handmade,handmade,0,0.0,,0,0.0,,0.0,
hmp,hmp,1,0.0,0.0,0,0.0,,0.0,
hornheroes,hornheroes,0,0.0,,0,0.0,,0.0,
іграшка,іграшк,0,0.0,,0,0.0,,0.0,
mirth,mirth,0,0.0,,0,0.0,,0.0,
лонгсліі,лонгсліі,0,0.0,,0,0.0,,0.0,
порожняк,порожняк,0,0.0,,0,0.0,,0.0,
horses,horses,0,0.0,,0,0.0,,0.0,
альберта,альберт,0,0.0,,0,0.0,,0.0,
demix,demix,0,0.0,,0,0.0,,0.0,
bear,bear,0,0.0,,0,0.0,,0.0,
arts,arts,0,0.0,,0,0.0,,0.0,
ділвін,ділвін,0,0.0,,0,0.0,,0.0,
hominem,hominem,0,0.0,,0,0.0,,0.0,
thirty,thirty,0,0.0,,0,0.0,,0.0,
eyes,eyes,0,0.0,,0,0.0,,0.0,
tien,tien,0,0.0,,0,0.0,,0.0,
пробачу,пробач,0,0.0,,0,0.0,,0.0,
підліткова,підлітков,0,0.0,,0,0.0,,0.0,
стоп,стоп,0,0.0,,0,0.0,,0.0,
mary,mary,0,0.0,,0,0.0,,0.0,
капсайз,капсайз,0,0.0,,0,0.0,,0.0,
оксфорд,оксфорд,0,0.0,,0,0.0,,0.0,
png,png,0,0.0,,0,0.0,,0.0,
worstwork,worstwork,0,0.0,,0,0.0,,0.0,
монтейн,монтейн,0,0.0,,0,0.0,,0.0,
етнічний,етнічн,1,0.0,0.0,0,0.0,,0.0,
felix,felix,0,0.0,,0,0.0,,0.0,
judas,judas,0,0.0,,0,0.0,,0.0,
нгу,нгу,0,0.0,,0,0.0,,0.0,
kappa,kappa,0,0.0,,0,0.0,,0.0,
листикофф,листикофф,0,0.0,,0,0.0,,0.0,
дикі,дикі,0,0.0,,0,0.0,,0.0,
alt,alt,0,0.0,,0,0.0,,0.0,
boutik,boutik,0,0.0,,0,0.0,,0.0,
fetti,fetti,0,0.0,,0,0.0,,0.0,
крафтовые,крафтов,0,0.0,,0,0.0,,0.0,
бортам,борт,0,0.0,,0,0.0,,0.0,
fpv,fpv,2,0.0,0.0,0,0.0,,0.0,
война,войн,0,0.0,,0,0.0,,0.0,
тактика,тактик,0,0.0,,0,0.0,,0.0,
майстер,майстер,0,0.0,,0,0.0,,0.0,
ttm,ttm,0,0.0,,0,0.0,,0.0,
rangerocks,rangerocks,0,0.0,,0,0.0,,0.0,
printing,printing,0,0.0,,0,0.0,,0.0,
дженнер,дженнер,0,0.0,,0,0.0,,0.0,
extra,extra,0,0.0,,0,0.0,,0.0,
odf,odf,0,0.0,,0,0.0,,0.0,
беркут,беркут,0,0.0,,0,0.0,,0.0,
manson,manson,0,0.0,,0,0.0,,0.0,
держак,держак,0,0.0,,0,0.0,,0.0,
sonner,sonner,0,0.0,,0,0.0,,0.0,
entire,entire,0,0.0,,0,0.0,,0.0,
блесед,блесед,0,0.0,,0,0.0,,0.0,
донор,донор,0,0.0,,0,0.0,,0.0,
джинсові,джинсові,0,0.0,,0,0.0,,0.0,
киберпанк,киберпанк,0,0.0,,0,0.0,,0.0,
vibe,vibe,0,0.0,,0,0.0,,0.0,
лотос,лотос,0,0.0,,0,0.0,,0.0,
тач,тач,0,0.0,,0,0.0,,0.0,
gut,gut,0,0.0,,0,0.0,,0.0,
лисицею,лисиц,0,0.0,,0,0.0,,0.0,
bodyguard,bodyguard,0,0.0,,0,0.0,,0.0,
nermaissance,nermaissance,0,0.0,,0,0.0,,0.0,
olymp,olymp,0,0.0,,0,0.0,,0.0,
hajime,hajime,0,0.0,,0,0.0,,0.0,
джипі,джипі,0,0.0,,0,0.0,,0.0,
исполнителями,исполнител,0,0.0,,0,0.0,,0.0,
modno,modno,0,0.0,,0,0.0,,0.0,
щищь,щищ,0,0.0,,0,0.0,,0.0,
graphic,graphic,0,0.0,,0,0.0,,0.0,
superdry,superdry,0,0.0,,0,0.0,,0.0,
solomadistrict,solomadistrict,0,0.0,,0,0.0,,0.0,
необычные,необычн,0,0.0,,0,0.0,,0.0,
tiamat,tiamat,0,0.0,,0,0.0,,0.0,
midnite,midnite,0,0.0,,0,0.0,,0.0,
blanks,blanks,0,0.0,,0,0.0,,0.0,
бурива,бурив,0,0.0,,0,0.0,,0.0,
бермуды,бермуд,0,0.0,,0,0.0,,0.0,
фиолетовая,фиолетов,0,0.0,,0,0.0,,0.0,
рокки,рокк,0,0.0,,0,0.0,,0.0,
import,import,0,0.0,,0,0.0,,0.0,
каталог,каталог,0,0.0,,0,0.0,,0.0,
darkwood,darkwood,0,0.0,,0,0.0,,0.0,
ассиметричная,ассиметричн,0,0.0,,0,0.0,,0.0,
кусака,кусак,0,0.0,,0,0.0,,0.0,
бойцовский,бойцовск,0,0.0,,0,0.0,,0.0,
україніка,українік,0,0.0,,0,0.0,,0.0,
естроген,естрог,0,0.0,,0,0.0,,0.0,
техника,техник,0,0.0,,0,0.0,,0.0,
шнурках,шнурк,0,0.0,,0,0.0,,0.0,
deadsesh,deadsesh,0,0.0,,0,0.0,,0.0,
turgear,turgear,0,0.0,,0,0.0,,0.0,
demon,demon,0,0.0,,0,0.0,,0.0,
tesla,tesla,0,0.0,,0,0.0,,0.0,
allsaints,allsaints,0,0.0,,0,0.0,,0.0,
шер17,шер17,0,0.0,,0,0.0,,0.0,
дивизион,дивизион,0,0.0,,0,0.0,,0.0,
xtreme,xtreme,0,0.0,,0,0.0,,0.0,
цупка,цупк,0,0.0,,0,0.0,,0.0,
brash,brash,0,0.0,,0,0.0,,0.0,
flarescence,flarescence,0,0.0,,0,0.0,,0.0,
still,still,0,0.0,,0,0.0,,0.0,
панна,пан,0,0.0,,0,0.0,,0.0,
theneiborhood,theneiborhood,0,0.0,,0,0.0,,0.0,
афгани,афган,0,0.0,,0,0.0,,0.0,
bihus,bihus,0,0.0,,0,0.0,,0.0,
кэжуал,кэжуа,0,0.0,,0,0.0,,0.0,
personajes,personajes,0,0.0,,0,0.0,,0.0,
инопланетянином,инопланетянин,0,0.0,,0,0.0,,0.0,
fantasy,fantasy,0,0.0,,0,0.0,,0.0,
скейтери,скейтер,0,0.0,,0,0.0,,0.0,
aviatsia,aviatsia,0,0.0,,0,0.0,,0.0,
inch,inch,0,0.0,,0,0.0,,0.0,
seventeen,seventeen,0,0.0,,0,0.0,,0.0,
strella,strella,0,0.0,,0,0.0,,0.0,
морок,морок,0,0.0,,0,0.0,,0.0,
injir,injir,0,0.0,,0,0.0,,0.0,
true,true,1,0.0,0.0,0,0.0,,0.0,
cultoni,cultoni,0,0.0,,0,0.0,,0.0,
molotov,molotov,0,0.0,,0,0.0,,0.0,
бутчера,бутчер,0,0.0,,0,0.0,,0.0,
genetikk,genetikk,0,0.0,,0,0.0,,0.0,
таиланд,таиланд,0,0.0,,0,0.0,,0.0,
гектор,гектор,1,0.0,0.0,0,0.0,,0.0,
конструкция,конструкц,0,0.0,,0,0.0,,0.0,
v12,v12,0,0.0,,0,0.0,,0.0,
angeles,angeles,0,0.0,,0,0.0,,0.0,
gladiator,gladiator,0,0.0,,0,0.0,,0.0,
пісюнами,пісюн,0,0.0,,0,0.0,,0.0,
кор,кор,0,0.0,,0,0.0,,0.0,
работаем,работа,0,0.0,,0,0.0,,0.0,
vertogarment,vertogarment,0,0.0,,0,0.0,,0.0,
charlementine,charlementine,0,0.0,,0,0.0,,0.0,
frolov,frolov,0,0.0,,0,0.0,,0.0,
покупки,покупк,0,0.0,,0,0.0,,0.0,
nice,nice,0,0.0,,0,0.0,,0.0,
він,він,0,0.0,,0,0.0,,0.0,
baseart,baseart,0,0.0,,0,0.0,,0.0,
balaclava,balaclava,0,0.0,,0,0.0,,0.0,
воював,воюва,0,0.0,,0,0.0,,0.0,
monobank,monobank,0,0.0,,0,0.0,,0.0,
кохай,коха,3,0.0,0.0,0,0.0,,0.0,
ahyeno,ahyeno,0,0.0,,0,0.0,,0.0,
звитяга,звитяг,0,0.0,,0,0.0,,0.0,
love,love,0,0.0,,0,0.0,,0.0,
paper,paper,0,0.0,,0,0.0,,0.0,
штанів,штанів,0,0.0,,0,0.0,,0.0,
вей,ве,0,0.0,,0,0.0,,0.0,
pant,pant,0,0.0,,0,0.0,,0.0,
балаболка,балаболк,0,0.0,,0,0.0,,0.0,
москино,москин,0,0.0,,0,0.0,,0.0,
богатир,богатир,0,0.0,,0,0.0,,0.0,
країни,країн,0,0.0,,0,0.0,,0.0,
tadowstore,tadowstore,0,0.0,,0,0.0,,0.0,
оторвальд,оторвальд,0,0.0,,0,0.0,,0.0,
domermarket,domermarket,0,0.0,,0,0.0,,0.0,
bergen,bergen,0,0.0,,0,0.0,,0.0,
фри,фри,0,0.0,,0,0.0,,0.0,
гермес,гермес,0,0.0,,0,0.0,,0.0,
гостмейн,гостмейн,0,0.0,,0,0.0,,0.0,
winnie,winnie,0,0.0,,0,0.0,,0.0,
серега,серег,0,0.0,,0,0.0,,0.0,
leetienda,leetienda,0,0.0,,0,0.0,,0.0,
зохо,зох,1,0.0,0.0,0,0.0,,0.0,
оптом,опт,0,0.0,,0,0.0,,0.0,
solomono,solomono,0,0.0,,0,0.0,,0.0,
cerber,cerber,0,0.0,,0,0.0,,0.0,
missing,missing,0,0.0,,0,0.0,,0.0,
vintages,vintages,0,0.0,,0,0.0,,0.0,
ruh,ruh,0,0.0,,0,0.0,,0.0,
гелик,гелик,0,0.0,,0,0.0,,0.0,
www,www,0,0.0,,0,0.0,,0.0,
альтернативний,альтернативн,1,0.0,0.0,0,0.0,,0.0,
tactic,tactic,0,0.0,,0,0.0,,0.0,
dishonored,dishonored,0,0.0,,0,0.0,,0.0,
dandy,dandy,0,0.0,,0,0.0,,0.0,
армор,армор,0,0.0,,0,0.0,,0.0,
mfstore,mfstore,0,0.0,,0,0.0,,0.0,
паліндром,паліндр,0,0.0,,0,0.0,,0.0,
pisdato,pisdato,0,0.0,,0,0.0,,0.0,
murder,murder,0,0.0,,0,0.0,,0.0,
bambass,bambass,0,0.0,,0,0.0,,0.0,
згинуть,згинут,0,0.0,,0,0.0,,0.0,
chch,chch,0,0.0,,0,0.0,,0.0,
мілітант,мілітант,0,0.0,,0,0.0,,0.0,
африка,африк,0,0.0,,0,0.0,,0.0,
kraft,kraft,0,0.0,,0,0.0,,0.0,
роспись,росп,0,0.0,,0,0.0,,0.0,
monochromica,monochromica,0,0.0,,0,0.0,,0.0,
home,home,0,0.0,,0,0.0,,0.0,
дівчат,дівчат,0,0.0,,0,0.0,,0.0,
east,east,0,0.0,,0,0.0,,0.0,
grey,grey,0,0.0,,0,0.0,,0.0,
ярослава,ярослав,0,0.0,,0,0.0,,0.0,
армійський,армійськ,0,0.0,,0,0.0,,0.0,
femmes,femmes,0,0.0,,0,0.0,,0.0,
asinastra,asinastra,0,0.0,,0,0.0,,0.0,
торонто,торонт,0,0.0,,0,0.0,,0.0,
varvar,varvar,0,0.0,,0,0.0,,0.0,
корпус,корпус,0,0.0,,0,0.0,,0.0,
status,status,0,0.0,,0,0.0,,0.0,
zeroes,zeroes,0,0.0,,0,0.0,,0.0,
brutalman,brutalman,0,0.0,,0,0.0,,0.0,
архивная,архивн,0,0.0,,0,0.0,,0.0,
сіль,сіл,0,0.0,,0,0.0,,0.0,
агрессив,агресс,0,0.0,,0,0.0,,0.0,
православні,православні,0,0.0,,0,0.0,,0.0,
teos,teos,0,0.0,,0,0.0,,0.0,
discipline,discipline,0,0.0,,0,0.0,,0.0,
огоньпушка,огоньпушк,0,0.0,,0,0.0,,0.0,
alson,alson,0,0.0,,0,0.0,,0.0,
dubstep,dubstep,0,0.0,,0,0.0,,0.0,
nakamoto,nakamoto,0,0.0,,0,0.0,,0.0,
basedope,basedope,0,0.0,,0,0.0,,0.0,
писфул,писфул,0,0.0,,0,0.0,,0.0,
мияги,мияг,0,0.0,,0,0.0,,0.0,
беларусь,белар,0,0.0,,0,0.0,,0.0,
катря,катр,0,0.0,,0,0.0,,0.0,
slava,slava,0,0.0,,0,0.0,,0.0,
мусліну,муслін,0,0.0,,0,0.0,,0.0,
krbk,krbk,0,0.0,,0,0.0,,0.0,
ito,ito,0,0.0,,0,0.0,,0.0,
створення,створен,0,0.0,,0,0.0,,0.0,
unreal,unreal,0,0.0,,0,0.0,,0.0,
їбаш,їбаш,0,0.0,,0,0.0,,0.0,
kakazzy,kakazzy,0,0.0,,0,0.0,,0.0,
грозном,грозн,0,0.0,,0,0.0,,0.0,
hussle,hussle,0,0.0,,0,0.0,,0.0,
vampier,vampier,0,0.0,,0,0.0,,0.0,
овенс,овенс,0,0.0,,0,0.0,,0.0,
пеннивайзом,пеннивайз,0,0.0,,0,0.0,,0.0,
streetwear,streetwear,0,0.0,,0,0.0,,0.0,
femka,femka,0,0.0,,0,0.0,,0.0,
karakurt,karakurt,0,0.0,,0,0.0,,0.0,
блогеров,блогер,0,0.0,,0,0.0,,0.0,
sternenko,sternenko,0,0.0,,0,0.0,,0.0,
коррозия,корроз,0,0.0,,0,0.0,,0.0,
очками,очк,0,0.0,,0,0.0,,0.0,
воїнів,воїнів,0,0.0,,0,0.0,,0.0,
oxford,oxford,0,0.0,,0,0.0,,0.0,
рахят,рах,0,0.0,,0,0.0,,0.0,
пират,пират,0,0.0,,0,0.0,,0.0,
cdfcnjyt,cdfcnjyt,0,0.0,,0,0.0,,0.0,
machine,machine,0,0.0,,0,0.0,,0.0,
хорошего,хорош,0,0.0,,0,0.0,,0.0,
oldos,oldos,0,0.0,,0,0.0,,0.0,
bullet,bullet,0,0.0,,0,0.0,,0.0,
игрушки,игрушк,1,0.0,0.0,0,0.0,,0.0,
зомби,зомб,0,0.0,,0,0.0,,0.0,
bungee,bungee,0,0.0,,0,0.0,,0.0,
парк,парк,0,0.0,,0,0.0,,0.0,
сбс,сбс,2,0.0,0.0,0,0.0,,0.0,
ріо,ріо,0,0.0,,0,0.0,,0.0,
світшоп,світшоп,0,0.0,,0,0.0,,0.0,
track,track,0,0.0,,0,0.0,,0.0,
кет,кет,0,0.0,,0,0.0,,0.0,
пробачиш,пробачиш,0,0.0,,0,0.0,,0.0,
militan,militan,0,0.0,,0,0.0,,0.0,
tacticians,tacticians,0,0.0,,0,0.0,,0.0,
дениелс,дениелс,0,0.0,,0,0.0,,0.0,
exodus,exodus,0,0.0,,0,0.0,,0.0,
торецка,торецк,0,0.0,,0,0.0,,0.0,
бейсболки,бейсболк,0,0.0,,0,0.0,,0.0,
кашалот,кашалот,0,0.0,,0,0.0,,0.0,
garmoniya,garmoniya,0,0.0,,0,0.0,,0.0,
зигзаг,зигзаг,0,0.0,,0,0.0,,0.0,
dive,dive,0,0.0,,0,0.0,,0.0,
stvory,stvory,0,0.0,,0,0.0,,0.0,
paradise,paradise,0,0.0,,0,0.0,,0.0,
fanme,fanme,0,0.0,,0,0.0,,0.0,
namaste,namaste,0,0.0,,0,0.0,,0.0,
молодежи,молодеж,0,0.0,,0,0.0,,0.0,
стабик,стабик,0,0.0,,0,0.0,,0.0,
неформала,неформа,0,0.0,,0,0.0,,0.0,
костюмі,костюмі,0,0.0,,0,0.0,,0.0,
кожен,кож,0,0.0,,0,0.0,,0.0,
lyapka,lyapka,0,0.0,,0,0.0,,0.0,
teacher,teacher,0,0.0,,0,0.0,,0.0,
хаус,хаус,1,0.0,0.0,0,0.0,,0.0,
керую,кер,0,0.0,,0,0.0,,0.0,
мерлин,мерлин,0,0.0,,0,0.0,,0.0,
ковта,ковт,0,0.0,,0,0.0,,0.0,
тамплієрів,тамплієрів,0,0.0,,0,0.0,,0.0,
вьетнам,вьетн,0,0.0,,0,0.0,,0.0,
підліток,підліток,0,0.0,,0,0.0,,0.0,
wondernoah,wondernoah,0,0.0,,0,0.0,,0.0,
шаром,шар,0,0.0,,0,0.0,,0.0,
кактус,кактус,0,0.0,,0,0.0,,0.0,
voyovnik,voyovnik,0,0.0,,0,0.0,,0.0,
wanderlust,wanderlust,0,0.0,,0,0.0,,0.0,
слабым,слаб,0,0.0,,0,0.0,,0.0,
бегі,бегі,2,0.0,0.0,0,0.0,,0.0,
ziegler,ziegler,0,0.0,,0,0.0,,0.0,
есентиалс,есентиалс,0,0.0,,0,0.0,,0.0,
virgin,virgin,0,0.0,,0,0.0,,0.0,
означає,означає,0,0.0,,0,0.0,,0.0,
буревій,буреві,0,0.0,,0,0.0,,0.0,
straight,straight,0,0.0,,0,0.0,,0.0,
реглан,регла,0,0.0,,0,0.0,,0.0,
тренажерний,тренажерн,0,0.0,,0,0.0,,0.0,
власним,власн,1,0.0,0.0,0,0.0,,0.0,
класні,класні,0,0.0,,0,0.0,,0.0,
cartel13,cartel13,0,0.0,,0,0.0,,0.0,
sixzeroes,sixzeroes,0,0.0,,0,0.0,,0.0,
время,врем,0,0.0,,0,0.0,,0.0,
motorbike,motorbike,0,0.0,,0,0.0,,0.0,
спитфайр,спитфайр,0,0.0,,0,0.0,,0.0,
акне,акн,0,0.0,,0,0.0,,0.0,
намасте,намаст,0,0.0,,0,0.0,,0.0,
show,show,0,0.0,,0,0.0,,0.0,
иконами,икон,0,0.0,,0,0.0,,0.0,
леман,лема,0,0.0,,0,0.0,,0.0,
инкогнита,инкогнит,0,0.0,,0,0.0,,0.0,
13litera,13litera,0,0.0,,0,0.0,,0.0,
hut,hut,0,0.0,,0,0.0,,0.0,
перснів,перснів,0,0.0,,0,0.0,,0.0,
beige,beige,0,0.0,,0,0.0,,0.0,
huf,huf,0,0.0,,0,0.0,,0.0,
cnfa,cnfa,0,0.0,,0,0.0,,0.0,
мистер,мистер,2,0.0,0.0,0,0.0,,0.0,
salem,salem,0,0.0,,0,0.0,,0.0,
сміливість,сміливіст,0,0.0,,0,0.0,,0.0,
7sky,7sky,0,0.0,,0,0.0,,0.0,
чума,чум,0,0.0,,0,0.0,,0.0,
fishbone,fishbone,0,0.0,,0,0.0,,0.0,
отношения,отношен,0,0.0,,0,0.0,,0.0,
microsisi,microsisi,0,0.0,,0,0.0,,0.0,
eshoutsider,eshoutsider,0,0.0,,0,0.0,,0.0,
проголошення,проголошен,0,0.0,,0,0.0,,0.0,
бичкової,бичкової,0,0.0,,0,0.0,,0.0,
цуфк,цуфк,0,0.0,,0,0.0,,0.0,
snash,snash,0,0.0,,0,0.0,,0.0,
сбу,сбу,0,0.0,,0,0.0,,0.0,
опиум,опиум,0,0.0,,0,0.0,,0.0,
burn,burn,0,0.0,,0,0.0,,0.0,
darico,darico,0,0.0,,0,0.0,,0.0,
durnev,durnev,0,0.0,,0,0.0,,0.0,
jogger,jogger,0,0.0,,0,0.0,,0.0,
bezlad,bezlad,0,0.0,,0,0.0,,0.0,
рамка,рамк,1,0.0,0.0,0,0.0,,0.0,
сказ,сказ,0,0.0,,0,0.0,,0.0,
soulfly,soulfly,0,0.0,,0,0.0,,0.0,
valimark,valimark,0,0.0,,0,0.0,,0.0,
crusader,crusader,0,0.0,,0,0.0,,0.0,
левелинг,левелинг,0,0.0,,0,0.0,,0.0,
хащі,хащі,2,0.0,0.0,0,0.0,,0.0,
джеффри,джеффр,0,0.0,,0,0.0,,0.0,
coast,coast,2,0.0,0.0,0,0.0,,0.0,
свои,сво,1,0.0,0.0,0,0.0,,0.0,
dah,dah,0,0.0,,0,0.0,,0.0,
suda,suda,0,0.0,,0,0.0,,0.0,
горгона,горгон,0,0.0,,0,0.0,,0.0,
cole,cole,0,0.0,,0,0.0,,0.0,
amsterdamned,amsterdamned,0,0.0,,0,0.0,,0.0,
неко,нек,0,0.0,,0,0.0,,0.0,
nemesis,nemesis,0,0.0,,0,0.0,,0.0,
ecco,ecco,0,0.0,,0,0.0,,0.0,
asgard,asgard,1,0.0,0.0,0,0.0,,0.0,
giip,giip,0,0.0,,0,0.0,,0.0,
парашюты,парашют,0,0.0,,0,0.0,,0.0,
болгар,болгар,0,0.0,,0,0.0,,0.0,
камінням,камін,0,0.0,,0,0.0,,0.0,
джинсовые,джинсов,0,0.0,,0,0.0,,0.0,
овмбр,овмбр,0,0.0,,0,0.0,,0.0,
яктак,яктак,2,0.0,0.0,0,0.0,,0.0,
интерлок,интерлок,0,0.0,,0,0.0,,0.0,
garette,garette,0,0.0,,0,0.0,,0.0,
abricos,abricos,0,0.0,,0,0.0,,0.0,
трепстар,трепстар,0,0.0,,0,0.0,,0.0,
urbanity,urbanity,0,0.0,,0,0.0,,0.0,
варламов,варлам,0,0.0,,0,0.0,,0.0,
borfend,borfend,0,0.0,,0,0.0,,0.0,
metalshop,metalshop,2,0.0,0.0,0,0.0,,0.0,
catzilla,catzilla,0,0.0,,0,0.0,,0.0,
ріка,ріка,0,0.0,,0,0.0,,0.0,
gud,gud,0,0.0,,0,0.0,,0.0,
divi,divi,0,0.0,,0,0.0,,0.0,
свастунг,свастунг,0,0.0,,0,0.0,,0.0,
ctrl,ctrl,0,0.0,,0,0.0,,0.0,
еластан,еласта,0,0.0,,0,0.0,,0.0,
electric,electric,0,0.0,,0,0.0,,0.0,
olulu,olulu,0,0.0,,0,0.0,,0.0,
хлопчачий,хлопчач,0,0.0,,0,0.0,,0.0,
прикол,прикол,0,0.0,,0,0.0,,0.0,
між,між,0,0.0,,0,0.0,,0.0,
ruki,ruki,0,0.0,,0,0.0,,0.0,
geekstuff,geekstuff,0,0.0,,0,0.0,,0.0,
антисоциал,антисоциа,1,0.0,0.0,0,0.0,,0.0,
grailz,grailz,0,0.0,,0,0.0,,0.0,
grechka,grechka,0,0.0,,0,0.0,,0.0,
printed,printed,0,0.0,,0,0.0,,0.0,
frans,frans,0,0.0,,0,0.0,,0.0,
navi,navi,0,0.0,,0,0.0,,0.0,
шанель,шанел,0,0.0,,0,0.0,,0.0,
rozmova,rozmova,0,0.0,,0,0.0,,0.0,
алфьоров,алфьор,0,0.0,,0,0.0,,0.0,
таємна,таємн,0,0.0,,0,0.0,,0.0,
boutique,boutique,0,0.0,,0,0.0,,0.0,
bigboss,bigboss,0,0.0,,0,0.0,,0.0,
кип,кип,0,0.0,,0,0.0,,0.0,
led,led,0,0.0,,0,0.0,,0.0,
боровиков,боровик,0,0.0,,0,0.0,,0.0,
casher,casher,0,0.0,,0,0.0,,0.0,
mr520,mr520,0,0.0,,0,0.0,,0.0,
mod44,mod44,1,0.0,0.0,0,0.0,,0.0,
егкцуфк,егкцуфк,0,0.0,,0,0.0,,0.0,
number,number,0,0.0,,0,0.0,,0.0,
посадці,посадці,0,0.0,,0,0.0,,0.0,
птахи,птах,0,0.0,,0,0.0,,0.0,
оне,он,0,0.0,,0,0.0,,0.0,
усік,усік,0,0.0,,0,0.0,,0.0,
hoodie,hoodie,9,0.0,0.0,0,0.0,,0.0,
ego,ego,0,0.0,,0,0.0,,0.0,
turnstile,turnstile,0,0.0,,0,0.0,,0.0,
официальный,официальн,2,0.0,0.0,0,0.0,,0.0,
teamgeist,teamgeist,0,0.0,,0,0.0,,0.0,
мокап,мокап,0,0.0,,0,0.0,,0.0,
underworld,underworld,0,0.0,,0,0.0,,0.0,
брутальные,брутальн,0,0.0,,0,0.0,,0.0,
funeral,funeral,0,0.0,,0,0.0,,0.0,
нацгвардія,нацгварді,0,0.0,,0,0.0,,0.0,
mafia,mafia,0,0.0,,0,0.0,,0.0,
мотору,мотор,0,0.0,,0,0.0,,0.0,
стан,стан,0,0.0,,0,0.0,,0.0,
spleesk,spleesk,0,0.0,,0,0.0,,0.0,
факом,фак,0,0.0,,0,0.0,,0.0,
partyhard,partyhard,0,0.0,,0,0.0,,0.0,
mnml,mnml,0,0.0,,0,0.0,,0.0,
sailasa,sailasa,0,0.0,,0,0.0,,0.0,
мавка,мавк,0,0.0,,0,0.0,,0.0,
outside,outside,0,0.0,,0,0.0,,0.0,
перца,перц,0,0.0,,0,0.0,,0.0,
ромашка,ромашк,0,0.0,,0,0.0,,0.0,
with,with,0,0.0,,0,0.0,,0.0,
rothco,rothco,0,0.0,,0,0.0,,0.0,
dopehouse,dopehouse,0,0.0,,0,0.0,,0.0,
mfs,mfs,0,0.0,,0,0.0,,0.0,
revish,revish,1,0.0,0.0,0,0.0,,0.0,
colors,colors,0,0.0,,0,0.0,,0.0,
mp43522bk,mp43522bk,0,0.0,,0,0.0,,0.0,
корчам,корч,0,0.0,,0,0.0,,0.0,
табу,таб,0,0.0,,0,0.0,,0.0,
кока,кок,0,0.0,,0,0.0,,0.0,
низом,низ,0,0.0,,0,0.0,,0.0,
гопота,гопот,0,0.0,,0,0.0,,0.0,
svasto,svasto,0,0.0,,0,0.0,,0.0,
dxxmlife,dxxmlife,0,0.0,,0,0.0,,0.0,
коругва,коругв,1,0.0,0.0,0,0.0,,0.0,
deathcrush,deathcrush,0,0.0,,0,0.0,,0.0,
романович,романович,0,0.0,,0,0.0,,0.0,
паразитов,паразит,0,0.0,,0,0.0,,0.0,
satanshop,satanshop,0,0.0,,0,0.0,,0.0,
линч,линч,1,0.0,0.0,0,0.0,,0.0,
нанесение,нанесен,0,0.0,,0,0.0,,0.0,
hundreds,hundreds,0,0.0,,0,0.0,,0.0,
babai,babai,0,0.0,,0,0.0,,0.0,
монтана,монта,0,0.0,,0,0.0,,0.0,
худм,худм,0,0.0,,0,0.0,,0.0,
фасадный,фасадн,0,0.0,,0,0.0,,0.0,
kaptsova,kaptsova,0,0.0,,0,0.0,,0.0,
lux,lux,0,0.0,,0,0.0,,0.0,
zalando,zalando,0,0.0,,0,0.0,,0.0,
інстаграм,інстагр,0,0.0,,0,0.0,,0.0,
зиппер,зиппер,0,0.0,,0,0.0,,0.0,
сикснайн,сикснайн,2,0.0,0.0,0,0.0,,0.0,
беткет,беткет,0,0.0,,0,0.0,,0.0,
романова,романов,0,0.0,,0,0.0,,0.0,
sportswear,sportswear,0,0.0,,0,0.0,,0.0,
нота,нот,0,0.0,,0,0.0,,0.0,
ondatra,ondatra,1,0.0,0.0,0,0.0,,0.0,
джиу,джи,0,0.0,,0,0.0,,0.0,
рик,рик,0,0.0,,0,0.0,,0.0,
chop,chop,0,0.0,,0,0.0,,0.0,
ramones,ramones,0,0.0,,0,0.0,,0.0,
двигателем,двигател,0,0.0,,0,0.0,,0.0,
сбд,сбд,0,0.0,,0,0.0,,0.0,
skills,skills,0,0.0,,0,0.0,,0.0,
воин,воин,0,0.0,,0,0.0,,0.0,
brigade,brigade,0,0.0,,0,0.0,,0.0,
велкро,велкр,0,0.0,,0,0.0,,0.0,
бріджі,бріджі,0,0.0,,0,0.0,,0.0,
loser,loser,0,0.0,,0,0.0,,0.0,
шоколадна,шоколадн,0,0.0,,0,0.0,,0.0,
доберманом,доберман,0,0.0,,0,0.0,,0.0,
ohueno,ohueno,0,0.0,,0,0.0,,0.0,
бык,бык,0,0.0,,0,0.0,,0.0,
вшмшішщт,вшмшішщт,0,0.0,,0,0.0,,0.0,
види,вид,0,0.0,,0,0.0,,0.0,
март,март,0,0.0,,0,0.0,,0.0,
хайп,хайп,0,0.0,,0,0.0,,0.0,
нічого,нічог,0,0.0,,0,0.0,,0.0,
mostwanted,mostwanted,0,0.0,,0,0.0,,0.0,
карманами,карман,0,0.0,,0,0.0,,0.0,
peak,peak,0,0.0,,0,0.0,,0.0,
христианства,христианств,0,0.0,,0,0.0,,0.0,
katelab,katelab,0,0.0,,0,0.0,,0.0,
bathory,bathory,0,0.0,,0,0.0,,0.0,
smil,smil,0,0.0,,0,0.0,,0.0,
ветеранский,ветеранск,0,0.0,,0,0.0,,0.0,
jane,jane,0,0.0,,0,0.0,,0.0,
диктатор,диктатор,0,0.0,,0,0.0,,0.0,
kramatan,kramatan,0,0.0,,0,0.0,,0.0,
обмежень,обмежен,0,0.0,,0,0.0,,0.0,
010,010,0,0.0,,0,0.0,,0.0,
шмотки,шмотк,1,0.0,0.0,0,0.0,,0.0,
бомж,бомж,0,0.0,,0,0.0,,0.0,
into,into,0,0.0,,0,0.0,,0.0,
нерукотворный,нерукотворн,0,0.0,,0,0.0,,0.0,
whitechapel,whitechapel,0,0.0,,0,0.0,,0.0,
printfamily,printfamily,0,0.0,,0,0.0,,0.0,
элис,элис,0,0.0,,0,0.0,,0.0,
одг,одг,0,0.0,,0,0.0,,0.0,
унісекс,унісекс,0,0.0,,0,0.0,,0.0,
official,official,0,0.0,,0,0.0,,0.0,
litrico,litrico,0,0.0,,0,0.0,,0.0,
dropshop,dropshop,0,0.0,,0,0.0,,0.0,
ackerman,ackerman,0,0.0,,0,0.0,,0.0,
кежуал,кежуа,0,0.0,,0,0.0,,0.0,
uncuffed,uncuffed,0,0.0,,0,0.0,,0.0,
меняющая,меня,0,0.0,,0,0.0,,0.0,
які,які,0,0.0,,0,0.0,,0.0,
планта,плант,0,0.0,,0,0.0,,0.0,
республіки,республік,0,0.0,,0,0.0,,0.0,
oxxxyshop,oxxxyshop,0,0.0,,0,0.0,,0.0,
бургунди,бургунд,0,0.0,,0,0.0,,0.0,
critrole,critrole,0,0.0,,0,0.0,,0.0,
prana,prana,0,0.0,,0,0.0,,0.0,
twocomms,twocomms,0,0.0,,0,0.0,,0.0,
трурелижен,трурелиж,0,0.0,,0,0.0,,0.0,
babylon,babylon,0,0.0,,0,0.0,,0.0,
akieron,akieron,0,0.0,,0,0.0,,0.0,
портрет,портрет,0,0.0,,0,0.0,,0.0,
хаммер,хаммер,0,0.0,,0,0.0,,0.0,
hum,hum,0,0.0,,0,0.0,,0.0,
manjulteam,manjulteam,0,0.0,,0,0.0,,0.0,
или,ил,0,0.0,,0,0.0,,0.0,
купон,купон,0,0.0,,0,0.0,,0.0,
волна,волн,0,0.0,,0,0.0,,0.0,
howar,howar,0,0.0,,0,0.0,,0.0,
blackcraft,blackcraft,0,0.0,,0,0.0,,0.0,
постанова,постанов,0,0.0,,0,0.0,,0.0,
кропп,кропп,0,0.0,,0,0.0,,0.0,
виварене,виварен,1,0.0,0.0,0,0.0,,0.0,
джавеліна,джавелін,0,0.0,,0,0.0,,0.0,
морпіхи,морпіх,0,0.0,,0,0.0,,0.0,
мне,мне,0,0.0,,0,0.0,,0.0,
riky,riky,0,0.0,,0,0.0,,0.0,
преміата,преміат,0,0.0,,0,0.0,,0.0,
лялькою,ляльк,0,0.0,,0,0.0,,0.0,
жипка,жипк,0,0.0,,0,0.0,,0.0,
wardruna,wardruna,0,0.0,,0,0.0,,0.0,
reconquista,reconquista,0,0.0,,0,0.0,,0.0,
eme,eme,0,0.0,,0,0.0,,0.0,
парапор,парапор,0,0.0,,0,0.0,,0.0,
fetus,fetus,0,0.0,,0,0.0,,0.0,
pain,pain,0,0.0,,0,0.0,,0.0,
вигрид,вигрид,0,0.0,,0,0.0,,0.0,
риотдивижн,риотдивижн,0,0.0,,0,0.0,,0.0,
тіпи,тіпи,0,0.0,,0,0.0,,0.0,
gasp,gasp,0,0.0,,0,0.0,,0.0,
огп,огп,0,0.0,,0,0.0,,0.0,
jdm,jdm,0,0.0,,0,0.0,,0.0,
xtep,xtep,0,0.0,,0,0.0,,0.0,
покурить,покур,0,0.0,,0,0.0,,0.0,
харківський,харківськ,0,0.0,,0,0.0,,0.0,
сітка,сітка,0,0.0,,0,0.0,,0.0,
про,про,1,0.0,0.0,0,0.0,,0.0,
mich,mich,0,0.0,,0,0.0,,0.0,
00s,00s,0,0.0,,0,0.0,,0.0,
ten,ten,0,0.0,,0,0.0,,0.0,
peep,peep,0,0.0,,0,0.0,,0.0,
рамштайн,рамштайн,0,0.0,,0,0.0,,0.0,
цех,цех,0,0.0,,0,0.0,,0.0,
комфорт,комфорт,0,0.0,,0,0.0,,0.0,
хулиганс,хулиганс,0,0.0,,0,0.0,,0.0,
емпт,емпт,0,0.0,,0,0.0,,0.0,
deitas,deitas,0,0.0,,0,0.0,,0.0,
agnostic,agnostic,0,0.0,,0,0.0,,0.0,
car,car,0,0.0,,0,0.0,,0.0,
mm6,mm6,0,0.0,,0,0.0,,0.0,
minute,minute,0,0.0,,0,0.0,,0.0,
вільним,вільним,0,0.0,,0,0.0,,0.0,
omirad,omirad,0,0.0,,0,0.0,,0.0,
світ,світ,0,0.0,,0,0.0,,0.0,
minimalism,minimalism,0,0.0,,0,0.0,,0.0,
джоджо,джодж,0,0.0,,0,0.0,,0.0,
фланелева,фланелев,0,0.0,,0,0.0,,0.0,
укрзалізниця,укрзалізнит^,0,0.0,,0,0.0,,0.0,
графітова,графітов,0,0.0,,0,0.0,,0.0,
hedonism,hedonism,0,0.0,,0,0.0,,0.0,
arte,arte,0,0.0,,0,0.0,,0.0,
движ,движ,0,0.0,,0,0.0,,0.0,
метель,метел,0,0.0,,0,0.0,,0.0,
frog,frog,0,0.0,,0,0.0,,0.0,
страшная,страшн,0,0.0,,0,0.0,,0.0,
сатана,сата,1,0.0,0.0,0,0.0,,0.0,
2154,2154,0,0.0,,0,0.0,,0.0,
senclo,senclo,0,0.0,,0,0.0,,0.0,
нишевая,нишев,0,0.0,,0,0.0,,0.0,
darkholme,darkholme,0,0.0,,0,0.0,,0.0,
германия,герман,0,0.0,,0,0.0,,0.0,
ken,ken,0,0.0,,0,0.0,,0.0,
these,these,0,0.0,,0,0.0,,0.0,
россия,росс,0,0.0,,0,0.0,,0.0,
бруталмен,бруталм,0,0.0,,0,0.0,,0.0,
подростковую,подростков,0,0.0,,0,0.0,,0.0,
tapered,tapered,0,0.0,,0,0.0,,0.0,
infant,infant,0,0.0,,0,0.0,,0.0,
годування,годуван,0,0.0,,0,0.0,,0.0,
серджио,сердж,0,0.0,,0,0.0,,0.0,
blatosphera,blatosphera,0,0.0,,0,0.0,,0.0,
оптимум,оптимум,0,0.0,,0,0.0,,0.0,
зунр,зунр,0,0.0,,0,0.0,,0.0,
thao,thao,0,0.0,,0,0.0,,0.0,
tiendas,tiendas,0,0.0,,0,0.0,,0.0,
bcdhkorce,bcdhkorce,0,0.0,,0,0.0,,0.0,
himars,himars,0,0.0,,0,0.0,,0.0,
schnaider,schnaider,0,0.0,,0,0.0,,0.0,
димна,димн,0,0.0,,0,0.0,,0.0,
adam,adam,0,0.0,,0,0.0,,0.0,
smiths,smiths,0,0.0,,0,0.0,,0.0,
undersoulwear,undersoulwear,0,0.0,,0,0.0,,0.0,
джим,джим,0,0.0,,0,0.0,,0.0,
rage,rage,0,0.0,,0,0.0,,0.0,
каска,каск,0,0.0,,0,0.0,,0.0,
sander,sander,0,0.0,,0,0.0,,0.0,
центурии,центур,0,0.0,,0,0.0,,0.0,
сердцем,сердц,0,0.0,,0,0.0,,0.0,
outfits,outfits,0,0.0,,0,0.0,,0.0,
мтас,мтас,0,0.0,,0,0.0,,0.0,
полубрюки,полубрюк,0,0.0,,0,0.0,,0.0,
мотохуді,мотохуді,1,0.0,0.0,0,0.0,,0.0,
haus,haus,0,0.0,,0,0.0,,0.0,
mode,mode,0,0.0,,0,0.0,,0.0,
warm,warm,0,0.0,,0,0.0,,0.0,
europe,europe,0,0.0,,0,0.0,,0.0,
alo,alo,0,0.0,,0,0.0,,0.0,
mens,mens,1,0.0,0.0,0,0.0,,0.0,
angelo,angelo,0,0.0,,0,0.0,,0.0,
tattoo,tattoo,0,0.0,,0,0.0,,0.0,
vidlik,vidlik,0,0.0,,0,0.0,,0.0,
бриджи,бридж,0,0.0,,0,0.0,,0.0,
2017,2017,0,0.0,,0,0.0,,0.0,
похуюди,похуюд,0,0.0,,0,0.0,,0.0,
чорнобаївка,чорнобаївк,0,0.0,,0,0.0,,0.0,
magazine,magazine,0,0.0,,0,0.0,,0.0,
zny,zny,0,0.0,,0,0.0,,0.0,
тейваз,тейваз,0,0.0,,0,0.0,,0.0,
одежі,одежі,0,0.0,,0,0.0,,0.0,
мурій,мурі,0,0.0,,0,0.0,,0.0,
ебись,еб,0,0.0,,0,0.0,,0.0,
mobydick,mobydick,0,0.0,,0,0.0,,0.0,
hektor,hektor,0,0.0,,0,0.0,,0.0,
mocko,mocko,0,0.0,,0,0.0,,0.0,
spell,spell,0,0.0,,0,0.0,,0.0,
delove,delove,0,0.0,,0,0.0,,0.0,
оберег,оберег,0,0.0,,0,0.0,,0.0,
los,los,0,0.0,,0,0.0,,0.0,
classics,classics,0,0.0,,0,0.0,,0.0,
діп,діп,0,0.0,,0,0.0,,0.0,
kroen,kroen,0,0.0,,0,0.0,,0.0,
надрукувати,надрукуват,0,0.0,,0,0.0,,0.0,
избушка,избушк,0,0.0,,0,0.0,,0.0,
defend,defend,0,0.0,,0,0.0,,0.0,
kennedys,kennedys,0,0.0,,0,0.0,,0.0,
serious,serious,0,0.0,,0,0.0,,0.0,
odintsova,odintsova,0,0.0,,0,0.0,,0.0,
icepeak,icepeak,0,0.0,,0,0.0,,0.0,
kingrun,kingrun,0,0.0,,0,0.0,,0.0,
nasty,nasty,0,0.0,,0,0.0,,0.0,
війська,військ,0,0.0,,0,0.0,,0.0,
brooklyn,brooklyn,0,0.0,,0,0.0,,0.0,
poustovit,poustovit,0,0.0,,0,0.0,,0.0,
єбош,єбош,0,0.0,,0,0.0,,0.0,
рукавів,рукавів,0,0.0,,0,0.0,,0.0,
напапірі,напапірі,0,0.0,,0,0.0,,0.0,
антикоммунизм,антикоммунизм,0,0.0,,0,0.0,,0.0,
name,name,0,0.0,,0,0.0,,0.0,
лиза,лиз,0,0.0,,0,0.0,,0.0,
xcx,xcx,0,0.0,,0,0.0,,0.0,
сутками,сутк,0,0.0,,0,0.0,,0.0,
milneptune,milneptune,0,0.0,,0,0.0,,0.0,
kk001,kk001,0,0.0,,0,0.0,,0.0,
nosi,nosi,0,0.0,,0,0.0,,0.0,
section,section,0,0.0,,0,0.0,,0.0,
sol,sol,0,0.0,,0,0.0,,0.0,
прикордонник,прикордонник,0,0.0,,0,0.0,,0.0,
пенсійний,пенсійн,0,0.0,,0,0.0,,0.0,
джексоном,джексон,0,0.0,,0,0.0,,0.0,
elysian,elysian,0,0.0,,0,0.0,,0.0,
amarth,amarth,0,0.0,,0,0.0,,0.0,
борз,борз,0,0.0,,0,0.0,,0.0,
indoorclo,indoorclo,0,0.0,,0,0.0,,0.0,
парамедик,парамедик,0,0.0,,0,0.0,,0.0,
макгрегор,макгрегор,0,0.0,,0,0.0,,0.0,
rue,rue,0,0.0,,0,0.0,,0.0,
protocol,protocol,0,0.0,,0,0.0,,0.0,
romanova,romanova,0,0.0,,0,0.0,,0.0,
morrage,morrage,0,0.0,,0,0.0,,0.0,
leleka,leleka,0,0.0,,0,0.0,,0.0,
нефорський,нефорськ,0,0.0,,0,0.0,,0.0,
интерьер,интерьер,0,0.0,,0,0.0,,0.0,
динозавр,динозавр,0,0.0,,0,0.0,,0.0,
варенка,варенк,0,0.0,,0,0.0,,0.0,
бумбокс,бумбокс,0,0.0,,0,0.0,,0.0,
унр,унр,0,0.0,,0,0.0,,0.0,
молодежные,молодежн,0,0.0,,0,0.0,,0.0,
луны,лун,1,0.0,0.0,0,0.0,,0.0,
танцев,танц,0,0.0,,0,0.0,,0.0,
answer,answer,0,0.0,,0,0.0,,0.0,
rio,rio,0,0.0,,0,0.0,,0.0,
эссеншиал,эссеншиа,0,0.0,,0,0.0,,0.0,
militare,militare,0,0.0,,0,0.0,,0.0,
всрап,всрап,1,0.0,0.0,0,0.0,,0.0,
built,built,0,0.0,,0,0.0,,0.0,
hobo,hobo,0,0.0,,0,0.0,,0.0,
nuof,nuof,0,0.0,,0,0.0,,0.0,
botanical,botanical,0,0.0,,0,0.0,,0.0,
sinister,sinister,0,0.0,,0,0.0,,0.0,
спортсвеар,спортсвеар,0,0.0,,0,0.0,,0.0,
йомайо,йомай,0,0.0,,0,0.0,,0.0,
зробила,зроб,0,0.0,,0,0.0,,0.0,
сокс,сокс,0,0.0,,0,0.0,,0.0,
answers,answers,0,0.0,,0,0.0,,0.0,
corner,corner,0,0.0,,0,0.0,,0.0,
пауэрлифтинг,пауэрлифтинг,0,0.0,,0,0.0,,0.0,
ликвид,ликвид,0,0.0,,0,0.0,,0.0,
limited,limited,0,0.0,,0,0.0,,0.0,
моряк,моряк,0,0.0,,0,0.0,,0.0,
surround,surround,2,0.0,0.0,0,0.0,,0.0,
ветементс,ветементс,0,0.0,,0,0.0,,0.0,
ганнибал,ганниба,0,0.0,,0,0.0,,0.0,
бога,бог,0,0.0,,0,0.0,,0.0,
kiss,kiss,0,0.0,,0,0.0,,0.0,
радіти,радіт,0,0.0,,0,0.0,,0.0,
долларом,доллар,0,0.0,,0,0.0,,0.0,
грязь,гряз,0,0.0,,0,0.0,,0.0,
льняные,льнян,3,0.0,0.0,0,0.0,,0.0,
фігура,фігур,0,0.0,,0,0.0,,0.0,
змією,змією,0,0.0,,0,0.0,,0.0,
бавовна,бавовн,0,0.0,,0,0.0,,0.0,
залужного,залужн,0,0.0,,0,0.0,,0.0,
замок,замок,0,0.0,,0,0.0,,0.0,
псд,псд,0,0.0,,0,0.0,,0.0,
prianichek,prianichek,0,0.0,,0,0.0,,0.0,
тигром,тигр,0,0.0,,0,0.0,,0.0,
cdsnijn,cdsnijn,0,0.0,,0,0.0,,0.0,
аню,ан,0,0.0,,0,0.0,,0.0,
saysky,saysky,0,0.0,,0,0.0,,0.0,
слов,слов,0,0.0,,0,0.0,,0.0,
ishalife,ishalife,0,0.0,,0,0.0,,0.0,
шум,шум,0,0.0,,0,0.0,,0.0,
солмар,солмар,0,0.0,,0,0.0,,0.0,
spider,spider,0,0.0,,0,0.0,,0.0,
poli,poli,0,0.0,,0,0.0,,0.0,
polar,polar,0,0.0,,0,0.0,,0.0,
тактикал,тактика,1,0.0,0.0,0,0.0,,0.0,
убд,убд,0,0.0,,0,0.0,,0.0,
gwer,gwer,0,0.0,,0,0.0,,0.0,
miumau,miumau,0,0.0,,0,0.0,,0.0,
plot,plot,0,0.0,,0,0.0,,0.0,
свытшот,свытшот,0,0.0,,0,0.0,,0.0,
apogeya,apogeya,0,0.0,,0,0.0,,0.0,
фатлайн,фатлайн,0,0.0,,0,0.0,,0.0,
unfort,unfort,0,0.0,,0,0.0,,0.0,
відомі,відомі,0,0.0,,0,0.0,,0.0,
alone,alone,0,0.0,,0,0.0,,0.0,
моргулис,моргулис,0,0.0,,0,0.0,,0.0,
predator,predator,0,0.0,,0,0.0,,0.0,
умри,умр,0,0.0,,0,0.0,,0.0,
monaco,monaco,0,0.0,,0,0.0,,0.0,
artistic,artistic,0,0.0,,0,0.0,,0.0,
поліція,поліці,0,0.0,,0,0.0,,0.0,
річмонд,річмонд,0,0.0,,0,0.0,,0.0,
круз,круз,0,0.0,,0,0.0,,0.0,
estandarte,estandarte,0,0.0,,0,0.0,,0.0,
фараона,фараон,0,0.0,,0,0.0,,0.0,
кунімен,кунім,0,0.0,,0,0.0,,0.0,
свій,свій,0,0.0,,0,0.0,,0.0,
rockyway,rockyway,0,0.0,,0,0.0,,0.0,
sbd,sbd,0,0.0,,0,0.0,,0.0,
тикток,тикток,0,0.0,,0,0.0,,0.0,
зрв,зрв,0,0.0,,0,0.0,,0.0,
мувахид,мувахид,0,0.0,,0,0.0,,0.0,
шлем,шлем,0,0.0,,0,0.0,,0.0,
top,top,0,0.0,,0,0.0,,0.0,
hoffmann,hoffmann,0,0.0,,0,0.0,,0.0,
дамбіл,дамбіл,0,0.0,,0,0.0,,0.0,
кагрол,кагрол,0,0.0,,0,0.0,,0.0,
sodom,sodom,0,0.0,,0,0.0,,0.0,
кілстар,кілстар,0,0.0,,0,0.0,,0.0,
картаті,картаті,0,0.0,,0,0.0,,0.0,
менсон,менсон,0,0.0,,0,0.0,,0.0,
kanye,kanye,0,0.0,,0,0.0,,0.0,
prapor,prapor,0,0.0,,0,0.0,,0.0,
якакула,якакул,0,0.0,,0,0.0,,0.0,
sunvel,sunvel,0,0.0,,0,0.0,,0.0,
приколів,приколів,0,0.0,,0,0.0,,0.0,
мати,мат,0,0.0,,0,0.0,,0.0,
цвинтар,цвинтар,0,0.0,,0,0.0,,0.0,
pohuy,pohuy,0,0.0,,0,0.0,,0.0,
лина,лин,0,0.0,,0,0.0,,0.0,
дорофеєвої,дорофеєвої,0,0.0,,0,0.0,,0.0,
дерев,дер,0,0.0,,0,0.0,,0.0,
оригінал,оригіна,0,0.0,,0,0.0,,0.0,
hardtimes,hardtimes,0,0.0,,0,0.0,,0.0,
проминь,промин,0,0.0,,0,0.0,,0.0,
dye,dye,0,0.0,,0,0.0,,0.0,
слава,слав,0,0.0,,0,0.0,,0.0,
этно,этн,0,0.0,,0,0.0,,0.0,
независимости,независим,0,0.0,,0,0.0,,0.0,
polish,polish,0,0.0,,0,0.0,,0.0,
klost,klost,0,0.0,,0,0.0,,0.0,
hive,hive,0,0.0,,0,0.0,,0.0,
fahrenheit,fahrenheit,0,0.0,,0,0.0,,0.0,
боярка,боярк,0,0.0,,0,0.0,,0.0,
зара,зар,2,0.0,0.0,0,0.0,,0.0,
satanic,satanic,0,0.0,,0,0.0,,0.0,
райт,райт,0,0.0,,0,0.0,,0.0,
маджестик,маджестик,0,0.0,,0,0.0,,0.0,
монстер,монстер,0,0.0,,0,0.0,,0.0,
продиджи,продидж,0,0.0,,0,0.0,,0.0,
собі,собі,0,0.0,,0,0.0,,0.0,
стихами,стих,0,0.0,,0,0.0,,0.0,
nihilist,nihilist,0,0.0,,0,0.0,,0.0,
звягель,звягел,0,0.0,,0,0.0,,0.0,
льна,льна,0,0.0,,0,0.0,,0.0,
6pm,6pm,0,0.0,,0,0.0,,0.0,
chura,chura,0,0.0,,0,0.0,,0.0,
крестом,крест,0,0.0,,0,0.0,,0.0,
kostin,kostin,0,0.0,,0,0.0,,0.0,
gwear,gwear,0,0.0,,0,0.0,,0.0,
серебрянський,серебрянськ,0,0.0,,0,0.0,,0.0,
манто,мант,1,0.0,0.0,0,0.0,,0.0,
gigmilitary,gigmilitary,0,0.0,,0,0.0,,0.0,
tobi,tobi,0,0.0,,0,0.0,,0.0,
cav,cav,0,0.0,,0,0.0,,0.0,
ветров,ветр,0,0.0,,0,0.0,,0.0,
терехова,терехов,0,0.0,,0,0.0,,0.0,
аккерман,аккерма,0,0.0,,0,0.0,,0.0,
лонсдейл,лонсдейл,0,0.0,,0,0.0,,0.0,
locked,locked,0,0.0,,0,0.0,,0.0,
діверс,діверс,0,0.0,,0,0.0,,0.0,
напольная,напольн,0,0.0,,0,0.0,,0.0,
jpg,jpg,0,0.0,,0,0.0,,0.0,
zagon,zagon,0,0.0,,0,0.0,,0.0,
їде,їде,0,0.0,,0,0.0,,0.0,
kill,kill,1,0.0,0.0,0,0.0,,0.0,
milwaukee,milwaukee,0,0.0,,0,0.0,,0.0,
minimo,minimo,0,0.0,,0,0.0,,0.0,
стерненка,стерненк,3,0.0,0.0,0,0.0,,0.0,
ляні,ляні,0,0.0,,0,0.0,,0.0,
перемоги,перемог,0,0.0,,0,0.0,,0.0,
derschutze,derschutze,0,0.0,,0,0.0,,0.0,
мова,мов,0,0.0,,0,0.0,,0.0,
hellbells,hellbells,0,0.0,,0,0.0,,0.0,
teren,teren,0,0.0,,0,0.0,,0.0,
трендовые,трендов,0,0.0,,0,0.0,,0.0,
ptsd,ptsd,0,0.0,,0,0.0,,0.0,
гага,гаг,0,0.0,,0,0.0,,0.0,
ракамакафо,ракамакаф,0,0.0,,0,0.0,,0.0,
hugo,hugo,0,0.0,,0,0.0,,0.0,
леха,лех,0,0.0,,0,0.0,,0.0,
tracksuit,tracksuit,0,0.0,,0,0.0,,0.0,
skripka,skripka,1,0.0,0.0,0,0.0,,0.0,
рожеві,рожеві,0,0.0,,0,0.0,,0.0,
mist,mist,0,0.0,,0,0.0,,0.0,
classwar,classwar,0,0.0,,0,0.0,,0.0,
nostress,nostress,0,0.0,,0,0.0,,0.0,
twice,twice,0,0.0,,0,0.0,,0.0,
поможи,помож,0,0.0,,0,0.0,,0.0,
некст,некст,2,0.0,0.0,0,0.0,,0.0,
heatbag,heatbag,0,0.0,,0,0.0,,0.0,
national,national,0,0.0,,0,0.0,,0.0,
festival,festival,0,0.0,,0,0.0,,0.0,
рожками,рожк,0,0.0,,0,0.0,,0.0,
revo,revo,0,0.0,,0,0.0,,0.0,
kufaika,kufaika,0,0.0,,0,0.0,,0.0,
escalade,escalade,0,0.0,,0,0.0,,0.0,
баннер,баннер,0,0.0,,0,0.0,,0.0,
мафии,маф,0,0.0,,0,0.0,,0.0,
коноплі,коноплі,0,0.0,,0,0.0,,0.0,
бавовняні,бавовняні,0,0.0,,0,0.0,,0.0,
сумчара,сумчар,0,0.0,,0,0.0,,0.0,
ком,ком,0,0.0,,0,0.0,,0.0,
archivio,archivio,0,0.0,,0,0.0,,0.0,
private,private,0,0.0,,0,0.0,,0.0,
corduroy,corduroy,0,0.0,,0,0.0,,0.0,
dravos,dravos,0,0.0,,0,0.0,,0.0,
псы,псы,0,0.0,,0,0.0,,0.0,
tone,tone,0,0.0,,0,0.0,,0.0,
climbing,climbing,0,0.0,,0,0.0,,0.0,
нами,нам,0,0.0,,0,0.0,,0.0,
зиппка,зиппк,0,0.0,,0,0.0,,0.0,
райдівіжин,райдівіжин,0,0.0,,0,0.0,,0.0,
ріккі,ріккі,0,0.0,,0,0.0,,0.0,
ковалевський,ковалевськ,0,0.0,,0,0.0,,0.0,
toptime,toptime,0,0.0,,0,0.0,,0.0,
віскози,віскоз,0,0.0,,0,0.0,,0.0,
starboy,starboy,0,0.0,,0,0.0,,0.0,
рукавом,рукав,0,0.0,,0,0.0,,0.0,
slipknot,slipknot,0,0.0,,0,0.0,,0.0,
cross,cross,0,0.0,,0,0.0,,0.0,
білочорний,білочорн,0,0.0,,0,0.0,,0.0,
come,come,0,0.0,,0,0.0,,0.0,
антисошиал,антисошиа,0,0.0,,0,0.0,,0.0,
vandox,vandox,0,0.0,,0,0.0,,0.0,
одежа,одеж,1,0.0,0.0,0,0.0,,0.0,
правильная,правильн,0,0.0,,0,0.0,,0.0,
bubble,bubble,0,0.0,,0,0.0,,0.0,
лис,лис,0,0.0,,0,0.0,,0.0,
straberry,straberry,0,0.0,,0,0.0,,0.0,
latexfauna,latexfauna,0,0.0,,0,0.0,,0.0,
http,http,0,0.0,,0,0.0,,0.0,
shaba,shaba,0,0.0,,0,0.0,,0.0,
хром,хром,0,0.0,,0,0.0,,0.0,
своє,своє,0,0.0,,0,0.0,,0.0,
shore,shore,0,0.0,,0,0.0,,0.0,
прапорт,прапорт,0,0.0,,0,0.0,,0.0,
сумка,сумк,0,0.0,,0,0.0,,0.0,
флісі,флісі,1,0.0,0.0,0,0.0,,0.0,
над,над,0,0.0,,0,0.0,,0.0,
unpopular,unpopular,0,0.0,,0,0.0,,0.0,
wyatt,wyatt,0,0.0,,0,0.0,,0.0,
vereta,vereta,0,0.0,,0,0.0,,0.0,
авдеевки,авдеевк,0,0.0,,0,0.0,,0.0,
cannibal,cannibal,0,0.0,,0,0.0,,0.0,
тнн,тн,0,0.0,,0,0.0,,0.0,
патриотическая,патриотическ,0,0.0,,0,0.0,,0.0,
antaeus,antaeus,0,0.0,,0,0.0,,0.0,
left,left,0,0.0,,0,0.0,,0.0,
культоні,культоні,0,0.0,,0,0.0,,0.0,
наклейка,наклейк,0,0.0,,0,0.0,,0.0,
пзрк,пзрк,0,0.0,,0,0.0,,0.0,
yarko,yarko,0,0.0,,0,0.0,,0.0,
гармидер,гармидер,0,0.0,,0,0.0,,0.0,
expl,expl,0,0.0,,0,0.0,,0.0,
янг,янг,0,0.0,,0,0.0,,0.0,
warren,warren,0,0.0,,0,0.0,,0.0,
lifelover,lifelover,0,0.0,,0,0.0,,0.0,
roupa,roupa,0,0.0,,0,0.0,,0.0,
031,031,0,0.0,,0,0.0,,0.0,
добрі,добрі,0,0.0,,0,0.0,,0.0,
двунитка,двунитк,0,0.0,,0,0.0,,0.0,
девочек,девочек,0,0.0,,0,0.0,,0.0,
architects,architects,0,0.0,,0,0.0,,0.0,
галактики,галактик,0,0.0,,0,0.0,,0.0,
биос,биос,0,0.0,,0,0.0,,0.0,
трайбл,трайбл,0,0.0,,0,0.0,,0.0,
1313,1313,0,0.0,,0,0.0,,0.0,
seraphim,seraphim,0,0.0,,0,0.0,,0.0,
satisfy,satisfy,0,0.0,,0,0.0,,0.0,
waykiki,waykiki,0,0.0,,0,0.0,,0.0,
gods,gods,0,0.0,,0,0.0,,0.0,
яні,яні,0,0.0,,0,0.0,,0.0,
decor,decor,0,0.0,,0,0.0,,0.0,
bandeiras,bandeiras,0,0.0,,0,0.0,,0.0,
svojost,svojost,0,0.0,,0,0.0,,0.0,
линкин,линкин,0,0.0,,0,0.0,,0.0,
витон,витон,0,0.0,,0,0.0,,0.0,
weekend,weekend,0,0.0,,0,0.0,,0.0,
vid,vid,0,0.0,,0,0.0,,0.0,
tadow,tadow,0,0.0,,0,0.0,,0.0,
асиметрична,асиметричн,0,0.0,,0,0.0,,0.0,
district,district,0,0.0,,0,0.0,,0.0,
pentagram,pentagram,0,0.0,,0,0.0,,0.0,
sabaton,sabaton,0,0.0,,0,0.0,,0.0,
scarface,scarface,0,0.0,,0,0.0,,0.0,
ральф,ральф,0,0.0,,0,0.0,,0.0,
coinpoker,coinpoker,0,0.0,,0,0.0,,0.0,
pissgrave,pissgrave,0,0.0,,0,0.0,,0.0,
сукня,сукн,0,0.0,,0,0.0,,0.0,
мордекс,мордекс,0,0.0,,0,0.0,,0.0,
halychyny,halychyny,0,0.0,,0,0.0,,0.0,
качков,качк,0,0.0,,0,0.0,,0.0,
ніч,ніч,0,0.0,,0,0.0,,0.0,
чип,чип,0,0.0,,0,0.0,,0.0,
мобайл,мобайл,0,0.0,,0,0.0,,0.0,
madame,madame,0,0.0,,0,0.0,,0.0,
disturbia,disturbia,0,0.0,,0,0.0,,0.0,
тонкі,тонкі,0,0.0,,0,0.0,,0.0,
cleanfit,cleanfit,0,0.0,,0,0.0,,0.0,
sixzeros,sixzeros,0,0.0,,0,0.0,,0.0,
summer,summer,0,0.0,,0,0.0,,0.0,
marmurstore,marmurstore,0,0.0,,0,0.0,,0.0,
ненька,неньк,0,0.0,,0,0.0,,0.0,
trust,trust,0,0.0,,0,0.0,,0.0,
гражданская,гражданск,0,0.0,,0,0.0,,0.0,
smoke,smoke,0,0.0,,0,0.0,,0.0,
zooyork,zooyork,0,0.0,,0,0.0,,0.0,
вишита,вишит,0,0.0,,0,0.0,,0.0,
дивізія,дивізі,0,0.0,,0,0.0,,0.0,
provocateur,provocateur,0,0.0,,0,0.0,,0.0,
gfx,gfx,0,0.0,,0,0.0,,0.0,
twin,twin,0,0.0,,0,0.0,,0.0,
скул,скул,0,0.0,,0,0.0,,0.0,
унисекс,унисекс,0,0.0,,0,0.0,,0.0,
піксель,піксел,0,0.0,,0,0.0,,0.0,
mmc,mmc,0,0.0,,0,0.0,,0.0,
batushka,batushka,0,0.0,,0,0.0,,0.0,
військторги,військторг,0,0.0,,0,0.0,,0.0,
movi,movi,0,0.0,,0,0.0,,0.0,
garden,garden,0,0.0,,0,0.0,,0.0,
шепетівки,шепетівк,0,0.0,,0,0.0,,0.0,
роджер,роджер,1,0.0,0.0,0,0.0,,0.0,
banana,banana,0,0.0,,0,0.0,,0.0,
bull,bull,1,0.0,0.0,0,0.0,,0.0,
corporation,corporation,0,0.0,,0,0.0,,0.0,
vsi,vsi,0,0.0,,0,0.0,,0.0,
мані,мані,0,0.0,,0,0.0,,0.0,
фейсита,фейсит,0,0.0,,0,0.0,,0.0,
алмаркет,алмаркет,0,0.0,,0,0.0,,0.0,
хамстер,хамстер,0,0.0,,0,0.0,,0.0,
don,don,0,0.0,,0,0.0,,0.0,
cw5565,cw5565,0,0.0,,0,0.0,,0.0,
gearlab,gearlab,2,0.0,0.0,0,0.0,,0.0,
teenhearts,teenhearts,0,0.0,,0,0.0,,0.0,
рипндип,рипндип,0,0.0,,0,0.0,,0.0,
faden,faden,0,0.0,,0,0.0,,0.0,
loves,loves,0,0.0,,0,0.0,,0.0,
рендж,рендж,0,0.0,,0,0.0,,0.0,
ghost,ghost,0,0.0,,0,0.0,,0.0,
behappy,behappy,0,0.0,,0,0.0,,0.0,
уличной,уличн,0,0.0,,0,0.0,,0.0,
подарунковий,подарунков,0,0.0,,0,0.0,,0.0,
csr,csr,0,0.0,,0,0.0,,0.0,
туфли,туфл,0,0.0,,0,0.0,,0.0,
діадіа,діаді,0,0.0,,0,0.0,,0.0,
задніх,задніх,0,0.0,,0,0.0,,0.0,
wacko,wacko,0,0.0,,0,0.0,,0.0,
безбренду,безбренд,0,0.0,,0,0.0,,0.0,
relax,relax,0,0.0,,0,0.0,,0.0,
залізобетон,залізобетон,1,0.0,0.0,0,0.0,,0.0,
рашн,рашн,0,0.0,,0,0.0,,0.0,
ouroboros,ouroboros,0,0.0,,0,0.0,,0.0,
morgue,morgue,0,0.0,,0,0.0,,0.0,
оптимусгенг,оптимусгенг,0,0.0,,0,0.0,,0.0,
tec,tec,0,0.0,,0,0.0,,0.0,
famo,famo,0,0.0,,0,0.0,,0.0,
lucy,lucy,0,0.0,,0,0.0,,0.0,
начеса,начес,0,0.0,,0,0.0,,0.0,
монклер,монклер,0,0.0,,0,0.0,,0.0,
качок,качок,0,0.0,,0,0.0,,0.0,
индепендент,индепендент,0,0.0,,0,0.0,,0.0,
ray,ray,0,0.0,,0,0.0,,0.0,
style,style,1,0.0,0.0,0,0.0,,0.0,
модеста,модест,0,0.0,,0,0.0,,0.0,
mojave,mojave,0,0.0,,0,0.0,,0.0,
trueshop,trueshop,0,0.0,,0,0.0,,0.0,
топик,топик,0,0.0,,0,0.0,,0.0,
холодок,холодок,0,0.0,,0,0.0,,0.0,
marlboro,marlboro,0,0.0,,0,0.0,,0.0,
didpanas,didpanas,0,0.0,,0,0.0,,0.0,
reputation,reputation,0,0.0,,0,0.0,,0.0,
what,what,0,0.0,,0,0.0,,0.0,
хектор,хектор,0,0.0,,0,0.0,,0.0,
військовослужбовцю,військовослужбовц,0,0.0,,0,0.0,,0.0,
заказати,заказат,0,0.0,,0,0.0,,0.0,
w30,w30,0,0.0,,0,0.0,,0.0,
зипеа,зипе,0,0.0,,0,0.0,,0.0,
crystal,crystal,0,0.0,,0,0.0,,0.0,
coral,coral,0,0.0,,0,0.0,,0.0,
пацанов,пацан,0,0.0,,0,0.0,,0.0,
estate,estate,0,0.0,,0,0.0,,0.0,
зеленского,зеленск,0,0.0,,0,0.0,,0.0,
дизель,дизел,0,0.0,,0,0.0,,0.0,
rmdy,rmdy,0,0.0,,0,0.0,,0.0,
селидово,селидов,0,0.0,,0,0.0,,0.0,
soiko,soiko,0,0.0,,0,0.0,,0.0,
боксерами,боксер,0,0.0,,0,0.0,,0.0,
boxy,boxy,0,0.0,,0,0.0,,0.0,
manipulator,manipulator,0,0.0,,0,0.0,,0.0,
undercover,undercover,0,0.0,,0,0.0,,0.0,
gagi,gagi,0,0.0,,0,0.0,,0.0,
робоча,робоч,0,0.0,,0,0.0,,0.0,
lovi,lovi,0,0.0,,0,0.0,,0.0,
сірого,сірог,0,0.0,,0,0.0,,0.0,
malva,malva,0,0.0,,0,0.0,,0.0,
bereginya,bereginya,0,0.0,,0,0.0,,0.0,
образом,образ,0,0.0,,0,0.0,,0.0,
adanola,adanola,0,0.0,,0,0.0,,0.0,
варка,варк,0,0.0,,0,0.0,,0.0,
космостар,космостар,0,0.0,,0,0.0,,0.0,
дві,дві,0,0.0,,0,0.0,,0.0,
стикерами,стикер,0,0.0,,0,0.0,,0.0,
размытой,размыт,0,0.0,,0,0.0,,0.0,
самбо,самб,0,0.0,,0,0.0,,0.0,
calvin,calvin,0,0.0,,0,0.0,,0.0,
хлопок,хлопок,0,0.0,,0,0.0,,0.0,
так,так,0,0.0,,0,0.0,,0.0,
12254412,12254412,0,0.0,,0,0.0,,0.0,
krug,krug,0,0.0,,0,0.0,,0.0,
хлопці,хлопці,0,0.0,,0,0.0,,0.0,
otaku,otaku,0,0.0,,0,0.0,,0.0,
змінює,змінює,0,0.0,,0,0.0,,0.0,
как,как,0,0.0,,0,0.0,,0.0,
ктулху,ктулх,0,0.0,,0,0.0,,0.0,
regime,regime,0,0.0,,0,0.0,,0.0,
sure,sure,0,0.0,,0,0.0,,0.0,
sixtyninr,sixtyninr,0,0.0,,0,0.0,,0.0,
advisory,advisory,0,0.0,,0,0.0,,0.0,
бендери,бендер,0,0.0,,0,0.0,,0.0,
форвард,форвард,0,0.0,,0,0.0,,0.0,
тільки,тільки,0,0.0,,0,0.0,,0.0,
клоун,клоун,1,0.0,0.0,0,0.0,,0.0,
нирвана,нирва,0,0.0,,0,0.0,,0.0,
lapnas,lapnas,0,0.0,,0,0.0,,0.0,
des,des,0,0.0,,0,0.0,,0.0,
женщин,женщин,0,0.0,,0,0.0,,0.0,
ошбр,ошбр,2,0.0,0.0,0,0.0,,0.0,
тор,тор,1,0.0,0.0,0,0.0,,0.0,
pluxury,pluxury,0,0.0,,0,0.0,,0.0,
engage,engage,0,0.0,,0,0.0,,0.0,
биз,биз,0,0.0,,0,0.0,,0.0,
свідшот,свідшот,0,0.0,,0,0.0,,0.0,
shopee,shopee,0,0.0,,0,0.0,,0.0,
hanuman,hanuman,0,0.0,,0,0.0,,0.0,
beom,beom,1,0.0,0.0,0,0.0,,0.0,
артек,артек,0,0.0,,0,0.0,,0.0,
мотохуди,мотохуд,0,0.0,,0,0.0,,0.0,
дабхюманс,дабхюманс,0,0.0,,0,0.0,,0.0,
сімейні,сімейні,0,0.0,,0,0.0,,0.0,
pohyi,pohyi,0,0.0,,0,0.0,,0.0,
типография,типограф,0,0.0,,0,0.0,,0.0,
натуральний,натуральн,0,0.0,,0,0.0,,0.0,
wear,wear,3,0.0,0.0,0,0.0,,0.0,
nba,nba,0,0.0,,0,0.0,,0.0,
борітеся,боріт,0,0.0,,0,0.0,,0.0,
abc,abc,0,0.0,,0,0.0,,0.0,
bloodborne,bloodborne,0,0.0,,0,0.0,,0.0,
армія,армі,0,0.0,,0,0.0,,0.0,
таблиця,таблит^,0,0.0,,0,0.0,,0.0,
orbit,orbit,1,0.0,0.0,0,0.0,,0.0,
pobedov,pobedov,0,0.0,,0,0.0,,0.0,
mistr,mistr,0,0.0,,0,0.0,,0.0,
мош,мош,0,0.0,,0,0.0,,0.0,
тейлор,тейлор,0,0.0,,0,0.0,,0.0,
репліки,реплік,0,0.0,,0,0.0,,0.0,
sons,sons,0,0.0,,0,0.0,,0.0,
kiev,kiev,0,0.0,,0,0.0,,0.0,
нічна,нічна,0,0.0,,0,0.0,,0.0,
weijl,weijl,0,0.0,,0,0.0,,0.0,
diviіion,дивиіион,0,0.0,,0,0.0,,0.0,
жах,жах,0,0.0,,0,0.0,,0.0,
gabbana,gabbana,0,0.0,,0,0.0,,0.0,
скакалке,скакалк,0,0.0,,0,0.0,,0.0,
тесак,тесак,0,0.0,,0,0.0,,0.0,
huge,huge,0,0.0,,0,0.0,,0.0,
антитіла,антитіл,0,0.0,,0,0.0,,0.0,
дракула,дракул,1,0.0,0.0,0,0.0,,0.0,
прааор,прааор,0,0.0,,0,0.0,,0.0,
playboi,playboi,0,0.0,,0,0.0,,0.0,
groupsm,groupsm,0,0.0,,0,0.0,,0.0,
stile,stile,0,0.0,,0,0.0,,0.0,
vlone,vlone,0,0.0,,0,0.0,,0.0,
крамниця,крамнит^,0,0.0,,0,0.0,,0.0,
техас,техас,0,0.0,,0,0.0,,0.0,
байкер,байкер,0,0.0,,0,0.0,,0.0,
вайкікі,вайкікі,0,0.0,,0,0.0,,0.0,
vintage,vintage,0,0.0,,0,0.0,,0.0,
акира,акир,0,0.0,,0,0.0,,0.0,
еко,ек,0,0.0,,0,0.0,,0.0,
ляпис,ляпис,0,0.0,,0,0.0,,0.0,
zver,zver,0,0.0,,0,0.0,,0.0,
armyline,armyline,0,0.0,,0,0.0,,0.0,
онливарс,онливарс,0,0.0,,0,0.0,,0.0,
товари,товар,0,0.0,,0,0.0,,0.0,
blacksquad,blacksquad,0,0.0,,0,0.0,,0.0,
lippiliya,lippiliya,0,0.0,,0,0.0,,0.0,
плейерс,плейерс,0,0.0,,0,0.0,,0.0,
грамм,грамм,0,0.0,,0,0.0,,0.0,
pterowear,pterowear,0,0.0,,0,0.0,,0.0,
sale,sale,1,0.0,0.0,0,0.0,,0.0,
collab,collab,0,0.0,,0,0.0,,0.0,
сопрано,сопра,0,0.0,,0,0.0,,0.0,
hikikomori,hikikomori,0,0.0,,0,0.0,,0.0,
гимнастические,гимнастическ,0,0.0,,0,0.0,,0.0,
ярко,ярк,0,0.0,,0,0.0,,0.0,
оригінального,оригінальн,0,0.0,,0,0.0,,0.0,
бандера,бандер,1,0.0,0.0,0,0.0,,0.0,
forly,forly,0,0.0,,0,0.0,,0.0,
барахолка,барахолк,0,0.0,,0,0.0,,0.0,
аптеки,аптек,0,0.0,,0,0.0,,0.0,
флот,флот,0,0.0,,0,0.0,,0.0,
дай,да,0,0.0,,0,0.0,,0.0,
роад,роад,0,0.0,,0,0.0,,0.0,
fool,fool,0,0.0,,0,0.0,,0.0,
ranchout,ranchout,0,0.0,,0,0.0,,0.0,
зіпхуді,зіпхуді,0,0.0,,0,0.0,,0.0,
dissection,dissection,0,0.0,,0,0.0,,0.0,
place,place,0,0.0,,0,0.0,,0.0,
158,158,0,0.0,,0,0.0,,0.0,
короткое,коротк,0,0.0,,0,0.0,,0.0,
tsupkyi,tsupkyi,0,0.0,,0,0.0,,0.0,
candlemass,candlemass,0,0.0,,0,0.0,,0.0,
carlo,carlo,0,0.0,,0,0.0,,0.0,
holacoste,holacoste,0,0.0,,0,0.0,,0.0,
plaa4444,plaa4444,0,0.0,,0,0.0,,0.0,
зубрик,зубрик,0,0.0,,0,0.0,,0.0,
мода,мод,1,0.0,0.0,0,0.0,,0.0,
сельська,сельськ,0,0.0,,0,0.0,,0.0,
p48,p48,0,0.0,,0,0.0,,0.0,
arch,arch,0,0.0,,0,0.0,,0.0,
чопперс,чопперс,0,0.0,,0,0.0,,0.0,
subcarpati,subcarpati,0,0.0,,0,0.0,,0.0,
школьные,школьн,0,0.0,,0,0.0,,0.0,
obladaet,obladaet,0,0.0,,0,0.0,,0.0,
сіксті,сіксті,0,0.0,,0,0.0,,0.0,
ветровка,ветровк,0,0.0,,0,0.0,,0.0,
gallery,gallery,0,0.0,,0,0.0,,0.0,
chudova,chudova,0,0.0,,0,0.0,,0.0,
дева,дев,0,0.0,,0,0.0,,0.0,
fox,fox,0,0.0,,0,0.0,,0.0,
hardsoda,hardsoda,0,0.0,,0,0.0,,0.0,
трапилось,трап,0,0.0,,0,0.0,,0.0,
newborn,newborn,0,0.0,,0,0.0,,0.0,
мій,мій,0,0.0,,0,0.0,,0.0,
robishop,robishop,0,0.0,,0,0.0,,0.0,
шуршащие,шурша,0,0.0,,0,0.0,,0.0,
kray,kray,0,0.0,,0,0.0,,0.0,
housebrand,housebrand,0,0.0,,0,0.0,,0.0,
claude,claude,0,0.0,,0,0.0,,0.0,
тлижу,тлиж,0,0.0,,0,0.0,,0.0,
while,while,0,0.0,,0,0.0,,0.0,
металлика,металлик,1,0.0,0.0,0,0.0,,0.0,
бразерс,бразерс,0,0.0,,0,0.0,,0.0,
бережи,береж,0,0.0,,0,0.0,,0.0,
тех,тех,0,0.0,,0,0.0,,0.0,
purple,purple,0,0.0,,0,0.0,,0.0,
удобные,удобн,0,0.0,,0,0.0,,0.0,
температуры,температур,0,0.0,,0,0.0,,0.0,
ofman,ofman,0,0.0,,0,0.0,,0.0,
филипп,филипп,0,0.0,,0,0.0,,0.0,
тбилиси,тбилис,0,0.0,,0,0.0,,0.0,
fog,fog,0,0.0,,0,0.0,,0.0,
salty,salty,0,0.0,,0,0.0,,0.0,
динамо,динам,0,0.0,,0,0.0,,0.0,
грн,грн,0,0.0,,0,0.0,,0.0,
buy,buy,0,0.0,,0,0.0,,0.0,
torch,torch,0,0.0,,0,0.0,,0.0,
stlvclub,stlvclub,0,0.0,,0,0.0,,0.0,
loathe,loathe,0,0.0,,0,0.0,,0.0,
матеріал,матеріа,0,0.0,,0,0.0,,0.0,
maemo,maemo,0,0.0,,0,0.0,,0.0,
запіканка,запіканк,0,0.0,,0,0.0,,0.0,
фамо,фам,0,0.0,,0,0.0,,0.0,
fmk,fmk,0,0.0,,0,0.0,,0.0,
крамничка,крамничк,0,0.0,,0,0.0,,0.0,
sleep,sleep,0,0.0,,0,0.0,,0.0,
seoul,seoul,0,0.0,,0,0.0,,0.0,
longer,longer,0,0.0,,0,0.0,,0.0,
плече,плеч,0,0.0,,0,0.0,,0.0,
зож,зож,0,0.0,,0,0.0,,0.0,
bro,bro,0,0.0,,0,0.0,,0.0,
anerkjendt,anerkjendt,0,0.0,,0,0.0,,0.0,
филини,филин,0,0.0,,0,0.0,,0.0,
фигурка,фигурк,0,0.0,,0,0.0,,0.0,
кроликом,кролик,0,0.0,,0,0.0,,0.0,
del,del,0,0.0,,0,0.0,,0.0,
мисливські,мисливські,0,0.0,,0,0.0,,0.0,
аврора,аврор,0,0.0,,0,0.0,,0.0,
clothiing,clothiing,0,0.0,,0,0.0,,0.0,
voenshop,voenshop,0,0.0,,0,0.0,,0.0,
party,party,0,0.0,,0,0.0,,0.0,
карпатська,карпатськ,0,0.0,,0,0.0,,0.0,
customprint,customprint,0,0.0,,0,0.0,,0.0,
bratan,bratan,0,0.0,,0,0.0,,0.0,
unisex,unisex,0,0.0,,0,0.0,,0.0,
піратів,піратів,0,0.0,,0,0.0,,0.0,
зібка,зібка,0,0.0,,0,0.0,,0.0,
quinn,quinn,0,0.0,,0,0.0,,0.0,
лісу,лісу,0,0.0,,0,0.0,,0.0,
вежливые,вежлив,0,0.0,,0,0.0,,0.0,
бігові,бігові,0,0.0,,0,0.0,,0.0,
fitzona,fitzona,0,0.0,,0,0.0,,0.0,
alx,alx,0,0.0,,0,0.0,,0.0,
турецкие,турецк,0,0.0,,0,0.0,,0.0,
roxy,roxy,0,0.0,,0,0.0,,0.0,
металика,металик,0,0.0,,0,0.0,,0.0,
пирсингом,пирсинг,0,0.0,,0,0.0,,0.0,
доброполья,добропол,0,0.0,,0,0.0,,0.0,
nut,nut,0,0.0,,0,0.0,,0.0,
двусторонние,двусторон,0,0.0,,0,0.0,,0.0,
люди,люд,0,0.0,,0,0.0,,0.0,
insanity,insanity,0,0.0,,0,0.0,,0.0,
молодіжного,молодіжн,0,0.0,,0,0.0,,0.0,
обмежено,обмеж,0,0.0,,0,0.0,,0.0,
щиті,щиті,0,0.0,,0,0.0,,0.0,
maroon,maroon,0,0.0,,0,0.0,,0.0,
много,мног,0,0.0,,0,0.0,,0.0,
koteika,koteika,0,0.0,,0,0.0,,0.0,
розовый,розов,0,0.0,,0,0.0,,0.0,
city,city,0,0.0,,0,0.0,,0.0,
lina,lina,0,0.0,,0,0.0,,0.0,
rsnpzd,rsnpzd,0,0.0,,0,0.0,,0.0,
раша,раш,0,0.0,,0,0.0,,0.0,
битлджус,битлджус,0,0.0,,0,0.0,,0.0,
нежеголь,нежегол,1,0.0,0.0,0,0.0,,0.0,
меланж,меланж,0,0.0,,0,0.0,,0.0,
trefoil,trefoil,0,0.0,,0,0.0,,0.0,
velial,velial,0,0.0,,0,0.0,,0.0,
sweat,sweat,0,0.0,,0,0.0,,0.0,
camora,camora,0,0.0,,0,0.0,,0.0,
всього,всьог,0,0.0,,0,0.0,,0.0,
prosublim,prosublim,0,0.0,,0,0.0,,0.0,
bezet,bezet,1,0.0,0.0,0,0.0,,0.0,
интеллигент,интеллигент,0,0.0,,0,0.0,,0.0,
пистолетом,пистолет,0,0.0,,0,0.0,,0.0,
ghostemane,ghostemane,0,0.0,,0,0.0,,0.0,
недорого,недор,0,0.0,,0,0.0,,0.0,
спецпідрозділ,спецпідрозділ,0,0.0,,0,0.0,,0.0,
indian,indian,0,0.0,,0,0.0,,0.0,
огромных,огромн,0,0.0,,0,0.0,,0.0,
knight,knight,0,0.0,,0,0.0,,0.0,
богема,богем,1,0.0,0.0,0,0.0,,0.0,
діві,діві,0,0.0,,0,0.0,,0.0,
dubhuman,dubhuman,0,0.0,,0,0.0,,0.0,
мужик,мужик,0,0.0,,0,0.0,,0.0,
офф,офф,0,0.0,,0,0.0,,0.0,
lukkarpova,lukkarpova,0,0.0,,0,0.0,,0.0,
байрактар,байрактар,0,0.0,,0,0.0,,0.0,
starberry,starberry,2,0.0,0.0,0,0.0,,0.0,
детей,дет,0,0.0,,0,0.0,,0.0,
кілдфол,кілдфол,0,0.0,,0,0.0,,0.0,
zhadan,zhadan,1,0.0,0.0,0,0.0,,0.0,
anchu,anchu,0,0.0,,0,0.0,,0.0,
тринитка,тринитк,0,0.0,,0,0.0,,0.0,
клоуз,клоуз,0,0.0,,0,0.0,,0.0,
матіно,матін,0,0.0,,0,0.0,,0.0,
бабайка,бабайк,0,0.0,,0,0.0,,0.0,
джирайя,джирай,0,0.0,,0,0.0,,0.0,
dynasty,dynasty,0,0.0,,0,0.0,,0.0,
прийняття,прийнятт,0,0.0,,0,0.0,,0.0,
под,под,0,0.0,,0,0.0,,0.0,
khart,khart,0,0.0,,0,0.0,,0.0,
ink,ink,0,0.0,,0,0.0,,0.0,
днем,днем,0,0.0,,0,0.0,,0.0,
pharaoh,pharaoh,0,0.0,,0,0.0,,0.0,
мандруй,мандр,3,0.0,0.0,0,0.0,,0.0,
yoga,yoga,0,0.0,,0,0.0,,0.0,
fj0338,fj0338,0,0.0,,0,0.0,,0.0,
lumen,lumen,0,0.0,,0,0.0,,0.0,
percent,percent,0,0.0,,0,0.0,,0.0,
full,full,0,0.0,,0,0.0,,0.0,
бир,бир,0,0.0,,0,0.0,,0.0,
fleece,fleece,0,0.0,,0,0.0,,0.0,
вовна,вовн,0,0.0,,0,0.0,,0.0,
fairtex,fairtex,0,0.0,,0,0.0,,0.0,
aape,aape,0,0.0,,0,0.0,,0.0,
brioni,brioni,0,0.0,,0,0.0,,0.0,
прапорщик,прапорщик,0,0.0,,0,0.0,,0.0,
папахапа,папахап,0,0.0,,0,0.0,,0.0,
kariant,kariant,0,0.0,,0,0.0,,0.0,
islnd,islnd,1,0.0,0.0,0,0.0,,0.0,
хип,хип,0,0.0,,0,0.0,,0.0,
анархістів,анархістів,0,0.0,,0,0.0,,0.0,
солнцем,солнц,0,0.0,,0,0.0,,0.0,
ондатра,ондатр,0,0.0,,0,0.0,,0.0,
франковск,франковск,0,0.0,,0,0.0,,0.0,
резервд,резервд,0,0.0,,0,0.0,,0.0,
vsemayki,vsemayki,0,0.0,,0,0.0,,0.0,
андер,андер,0,0.0,,0,0.0,,0.0,
рокбиз,рокбиз,0,0.0,,0,0.0,,0.0,
posters,posters,0,0.0,,0,0.0,,0.0,
аватар,аватар,0,0.0,,0,0.0,,0.0,
лен,лен,0,0.0,,0,0.0,,0.0,
flayer,flayer,0,0.0,,0,0.0,,0.0,
raw,raw,0,0.0,,0,0.0,,0.0,
вікторія,вікторі,0,0.0,,0,0.0,,0.0,
спостереження,спостережен,0,0.0,,0,0.0,,0.0,
luckyhumanoid,luckyhumanoid,0,0.0,,0,0.0,,0.0,
coldculture,coldculture,0,0.0,,0,0.0,,0.0,
ozzy,ozzy,0,0.0,,0,0.0,,0.0,
сематари,сематар,0,0.0,,0,0.0,,0.0,
astronaut,astronaut,0,0.0,,0,0.0,,0.0,
dominus,dominus,0,0.0,,0,0.0,,0.0,
begmenov,begmenov,0,0.0,,0,0.0,,0.0,
industries,industries,0,0.0,,0,0.0,,0.0,
hotdevil,hotdevil,0,0.0,,0,0.0,,0.0,
канс,канс,0,0.0,,0,0.0,,0.0,
черкаси,черкас,0,0.0,,0,0.0,,0.0,
катя,кат,0,0.0,,0,0.0,,0.0,
море,мор,0,0.0,,0,0.0,,0.0,
hector,hector,0,0.0,,0,0.0,,0.0,
рехаб,рехаб,0,0.0,,0,0.0,,0.0,
пулендбір,пулендбір,0,0.0,,0,0.0,,0.0,
starberi,starberi,0,0.0,,0,0.0,,0.0,
варінг,варінг,0,0.0,,0,0.0,,0.0,
creation,creation,0,0.0,,0,0.0,,0.0,
пул,пул,0,0.0,,0,0.0,,0.0,
floral,floral,0,0.0,,0,0.0,,0.0,
батнік,батнік,0,0.0,,0,0.0,,0.0,
likeystyle,likeystyle,0,0.0,,0,0.0,,0.0,
вегасе,вегас,0,0.0,,0,0.0,,0.0,
матино,матин,0,0.0,,0,0.0,,0.0,
бест,бест,0,0.0,,0,0.0,,0.0,
десантно,десантн,0,0.0,,0,0.0,,0.0,
tie,tie,0,0.0,,0,0.0,,0.0,
монохром,монохр,0,0.0,,0,0.0,,0.0,
готична,готичн,0,0.0,,0,0.0,,0.0,
зіркою,зірко,0,0.0,,0,0.0,,0.0,
paranoid,paranoid,0,0.0,,0,0.0,,0.0,
indiwd,indiwd,0,0.0,,0,0.0,,0.0,
ворогам,ворог,0,0.0,,0,0.0,,0.0,
застібкою,застібк,0,0.0,,0,0.0,,0.0,
please,please,0,0.0,,0,0.0,,0.0,
iconic,iconic,0,0.0,,0,0.0,,0.0,
romance,romance,0,0.0,,0,0.0,,0.0,
decathlon,decathlon,0,0.0,,0,0.0,,0.0,
дивижен,дивиж,0,0.0,,0,0.0,,0.0,
дроті,дроті,0,0.0,,0,0.0,,0.0,
таблица,таблиц,0,0.0,,0,0.0,,0.0,
розрізами,розріз,0,0.0,,0,0.0,,0.0,
парашути,парашут,0,0.0,,0,0.0,,0.0,
корн,корн,1,0.0,0.0,0,0.0,,0.0,
cedar,cedar,0,0.0,,0,0.0,,0.0,
сова,сов,0,0.0,,0,0.0,,0.0,
дронщиків,дронщиків,0,0.0,,0,0.0,,0.0,
даркмен,даркм,0,0.0,,0,0.0,,0.0,
волкової,волкової,0,0.0,,0,0.0,,0.0,
waseworm,waseworm,0,0.0,,0,0.0,,0.0,
8rb4,8rb4,0,0.0,,0,0.0,,0.0,
волканов,волкан,0,0.0,,0,0.0,,0.0,
ооо,оо,0,0.0,,0,0.0,,0.0,
боксрав,боксра,0,0.0,,0,0.0,,0.0,
торштайнер,торштайнер,0,0.0,,0,0.0,,0.0,
charli,charli,0,0.0,,0,0.0,,0.0,
ахиллес,ахиллес,0,0.0,,0,0.0,,0.0,
котонові,котонові,0,0.0,,0,0.0,,0.0,
саймона,саймон,0,0.0,,0,0.0,,0.0,
безвісті,безвісті,0,0.0,,0,0.0,,0.0,
кил,кил,0,0.0,,0,0.0,,0.0,
megaflag,megaflag,0,0.0,,0,0.0,,0.0,
couples,couples,0,0.0,,0,0.0,,0.0,
ахегао,ахега,0,0.0,,0,0.0,,0.0,
mustangiem,mustangiem,0,0.0,,0,0.0,,0.0,
showdown,showdown,0,0.0,,0,0.0,,0.0,
hedonist,hedonist,0,0.0,,0,0.0,,0.0,
skateboards,skateboards,0,0.0,,0,0.0,,0.0,
nicebrand,nicebrand,0,0.0,,0,0.0,,0.0,
атікін,атікін,0,0.0,,0,0.0,,0.0,
reichsadler,reichsadler,0,0.0,,0,0.0,,0.0,
гроб,гроб,0,0.0,,0,0.0,,0.0,
лайн,лайн,0,0.0,,0,0.0,,0.0,
concept,concept,0,0.0,,0,0.0,,0.0,
furia,furia,0,0.0,,0,0.0,,0.0,
prevail,prevail,0,0.0,,0,0.0,,0.0,
айрон,айрон,0,0.0,,0,0.0,,0.0,
jellyfish,jellyfish,0,0.0,,0,0.0,,0.0,
pbgrf,pbgrf,0,0.0,,0,0.0,,0.0,
lollipop,lollipop,0,0.0,,0,0.0,,0.0,
польські,польські,0,0.0,,0,0.0,,0.0,
dint,dint,0,0.0,,0,0.0,,0.0,
dkaoutfit,dkaoutfit,0,0.0,,0,0.0,,0.0,
pantalon,pantalon,1,0.0,0.0,0,0.0,,0.0,
casa,casa,0,0.0,,0,0.0,,0.0,
zwyntar,zwyntar,0,0.0,,0,0.0,,0.0,
кабан,каба,0,0.0,,0,0.0,,0.0,
роза,роз,0,0.0,,0,0.0,,0.0,
content,content,0,0.0,,0,0.0,,0.0,
танцювальні,танцювальні,0,0.0,,0,0.0,,0.0,
qwertee,qwertee,0,0.0,,0,0.0,,0.0,
студіо,студі,0,0.0,,0,0.0,,0.0,
javelin,javelin,0,0.0,,0,0.0,,0.0,
algorithm,algorithm,0,0.0,,0,0.0,,0.0,
fight,fight,0,0.0,,0,0.0,,0.0,
game,game,0,0.0,,0,0.0,,0.0,
реструкт,реструкт,0,0.0,,0,0.0,,0.0,
korn,korn,0,0.0,,0,0.0,,0.0,
украінський,украінськ,0,0.0,,0,0.0,,0.0,
17sb,17sb,0,0.0,,0,0.0,,0.0,
blud,blud,0,0.0,,0,0.0,,0.0,
red,red,0,0.0,,0,0.0,,0.0,
exaltouch,exaltouch,0,0.0,,0,0.0,,0.0,
токсік,токсік,0,0.0,,0,0.0,,0.0,
производителей,производител,0,0.0,,0,0.0,,0.0,
lich,lich,0,0.0,,0,0.0,,0.0,
фанме,фанм,0,0.0,,0,0.0,,0.0,
установка,установк,0,0.0,,0,0.0,,0.0,
vechir,vechir,0,0.0,,0,0.0,,0.0,
info,info,0,0.0,,0,0.0,,0.0,
несе,нес,0,0.0,,0,0.0,,0.0,
барби,барб,0,0.0,,0,0.0,,0.0,
shmotki,shmotki,0,0.0,,0,0.0,,0.0,
best4you,best4you,0,0.0,,0,0.0,,0.0,
підарів,підарів,0,0.0,,0,0.0,,0.0,
cdfcnjy,cdfcnjy,0,0.0,,0,0.0,,0.0,
капишонка,капишонк,0,0.0,,0,0.0,,0.0,
брєд,брєд,0,0.0,,0,0.0,,0.0,
4pm,4pm,0,0.0,,0,0.0,,0.0,
крым,крым,0,0.0,,0,0.0,,0.0,
юамейд,юамейд,0,0.0,,0,0.0,,0.0,
bazio,bazio,0,0.0,,0,0.0,,0.0,
дизайном,дизайн,1,0.0,0.0,0,0.0,,0.0,
рип,рип,0,0.0,,0,0.0,,0.0,
перехоплювач,перехоплювач,0,0.0,,0,0.0,,0.0,
можно,можн,0,0.0,,0,0.0,,0.0,
стрейт,стрейт,0,0.0,,0,0.0,,0.0,
бтк,бтк,0,0.0,,0,0.0,,0.0,
геп,геп,0,0.0,,0,0.0,,0.0,
лесею,лес,0,0.0,,0,0.0,,0.0,
лляна,ллян,0,0.0,,0,0.0,,0.0,
phantom,phantom,0,0.0,,0,0.0,,0.0,
favela,favela,0,0.0,,0,0.0,,0.0,
shut,shut,0,0.0,,0,0.0,,0.0,
chart,chart,0,0.0,,0,0.0,,0.0,
hello,hello,1,0.0,0.0,0,0.0,,0.0,
анархії,анархії,0,0.0,,0,0.0,,0.0,
satyricon,satyricon,0,0.0,,0,0.0,,0.0,
талией,тал,0,0.0,,0,0.0,,0.0,
whiteiswhite,whiteiswhite,0,0.0,,0,0.0,,0.0,
win,win,0,0.0,,0,0.0,,0.0,
adventure,adventure,0,0.0,,0,0.0,,0.0,
krasar,krasar,0,0.0,,0,0.0,,0.0,
стіні,стіні,0,0.0,,0,0.0,,0.0,
andi,andi,0,0.0,,0,0.0,,0.0,
mammut,mammut,0,0.0,,0,0.0,,0.0,
rehab,rehab,0,0.0,,0,0.0,,0.0,
зауженные,заужен,0,0.0,,0,0.0,,0.0,
corteiz,corteiz,1,0.0,0.0,0,0.0,,0.0,
allegro,allegro,0,0.0,,0,0.0,,0.0,
карате,карат,0,0.0,,0,0.0,,0.0,
плай,пла,0,0.0,,0,0.0,,0.0,
maritage,maritage,0,0.0,,0,0.0,,0.0,
тупак,тупак,1,0.0,0.0,0,0.0,,0.0,
break,break,0,0.0,,0,0.0,,0.0,
production,production,0,0.0,,0,0.0,,0.0,
mln,mln,0,0.0,,0,0.0,,0.0,
fresh,fresh,0,0.0,,0,0.0,,0.0,
ватага,ватаг,0,0.0,,0,0.0,,0.0,
boboriko,boboriko,1,0.0,0.0,0,0.0,,0.0,
tattoosweaters,tattoosweaters,0,0.0,,0,0.0,,0.0,
тренировок,тренировок,0,0.0,,0,0.0,,0.0,
bat,bat,0,0.0,,0,0.0,,0.0,
медицина,медицин,0,0.0,,0,0.0,,0.0,
німецьким,німецьк,0,0.0,,0,0.0,,0.0,
rust,rust,0,0.0,,0,0.0,,0.0,
collins,collins,0,0.0,,0,0.0,,0.0,
босс,босс,0,0.0,,0,0.0,,0.0,
хлопцю,хлопц,0,0.0,,0,0.0,,0.0,
обтягуюча,обтягуюч,0,0.0,,0,0.0,,0.0,
повних,повн,0,0.0,,0,0.0,,0.0,
ukr,ukr,0,0.0,,0,0.0,,0.0,
десантника,десантник,0,0.0,,0,0.0,,0.0,
хардкор,хардкор,0,0.0,,0,0.0,,0.0,
yourway,yourway,0,0.0,,0,0.0,,0.0,
розмова,розмов,0,0.0,,0,0.0,,0.0,
burshtyn,burshtyn,0,0.0,,0,0.0,,0.0,
scheletro,scheletro,0,0.0,,0,0.0,,0.0,
balance,balance,0,0.0,,0,0.0,,0.0,
макларен,маклар,0,0.0,,0,0.0,,0.0,
horizon,horizon,0,0.0,,0,0.0,,0.0,
годинник,годинник,0,0.0,,0,0.0,,0.0,
ibis,ibis,0,0.0,,0,0.0,,0.0,
turbat,turbat,0,0.0,,0,0.0,,0.0,
jew,jew,0,0.0,,0,0.0,,0.0,
oneface,oneface,1,0.0,0.0,0,0.0,,0.0,
everybody,everybody,0,0.0,,0,0.0,,0.0,
підда,підда,0,0.0,,0,0.0,,0.0,
шкіряні,шкіряні,0,0.0,,0,0.0,,0.0,
multibrend,multibrend,0,0.0,,0,0.0,,0.0,
davidson,davidson,0,0.0,,0,0.0,,0.0,
hipe,hipe,0,0.0,,0,0.0,,0.0,
tactical,tactical,1,0.0,0.0,0,0.0,,0.0,
plein,plein,0,0.0,,0,0.0,,0.0,
базука,базук,0,0.0,,0,0.0,,0.0,
очень,очен,0,0.0,,0,0.0,,0.0,
лвл,лвл,0,0.0,,0,0.0,,0.0,
афлікшн,афлікшн,0,0.0,,0,0.0,,0.0,
lantsugi,lantsugi,0,0.0,,0,0.0,,0.0,
церква,церкв,0,0.0,,0,0.0,,0.0,
візаут,візаут,0,0.0,,0,0.0,,0.0,
прапорців,прапорців,0,0.0,,0,0.0,,0.0,
tailored,tailored,0,0.0,,0,0.0,,0.0,
люрекс,люрекс,0,0.0,,0,0.0,,0.0,
shobsho,shobsho,0,0.0,,0,0.0,,0.0,
total,total,0,0.0,,0,0.0,,0.0,
матико,матик,0,0.0,,0,0.0,,0.0,
mantofight,mantofight,0,0.0,,0,0.0,,0.0,
batcatshop,batcatshop,0,0.0,,0,0.0,,0.0,
pueblo,pueblo,0,0.0,,0,0.0,,0.0,
маніфест,маніфест,0,0.0,,0,0.0,,0.0,
пивоваров,пивовар,0,0.0,,0,0.0,,0.0,
дорн,дорн,0,0.0,,0,0.0,,0.0,
националиста,националист,0,0.0,,0,0.0,,0.0,
подарунки,подарунк,1,0.0,0.0,0,0.0,,0.0,
kohai,kohai,0,0.0,,0,0.0,,0.0,
mall,mall,0,0.0,,0,0.0,,0.0,
віршем,віршем,0,0.0,,0,0.0,,0.0,
американський,американськ,0,0.0,,0,0.0,,0.0,
пожарному,пожарн,0,0.0,,0,0.0,,0.0,
холодний,холодн,1,0.0,0.0,0,0.0,,0.0,
мелітополь,мелітопол,0,0.0,,0,0.0,,0.0,
riches,riches,0,0.0,,0,0.0,,0.0,
shveyka,shveyka,0,0.0,,0,0.0,,0.0,
obscura,obscura,0,0.0,,0,0.0,,0.0,
thunder,thunder,0,0.0,,0,0.0,,0.0,
deorart,deorart,0,0.0,,0,0.0,,0.0,
gar,gar,0,0.0,,0,0.0,,0.0,
споривні,споривні,0,0.0,,0,0.0,,0.0,
iaskravo,iaskravo,0,0.0,,0,0.0,,0.0,
фирмы,фирм,0,0.0,,0,0.0,,0.0,
tokyo,tokyo,0,0.0,,0,0.0,,0.0,
gou,gou,0,0.0,,0,0.0,,0.0,
ptn,ptn,0,0.0,,0,0.0,,0.0,
брейча,брейч,0,0.0,,0,0.0,,0.0,
rosa,rosa,0,0.0,,0,0.0,,0.0,
єнотом,єнот,0,0.0,,0,0.0,,0.0,
пцу,пцу,0,0.0,,0,0.0,,0.0,
goodboys,goodboys,3,0.0,0.0,0,0.0,,0.0,
нова,нов,0,0.0,,0,0.0,,0.0,
урбанист,урбанист,0,0.0,,0,0.0,,0.0,
инари,инар,0,0.0,,0,0.0,,0.0,
maikoff,maikoff,0,0.0,,0,0.0,,0.0,
battle,battle,0,0.0,,0,0.0,,0.0,
kul,kul,0,0.0,,0,0.0,,0.0,
begin,begin,0,0.0,,0,0.0,,0.0,
youngshab,youngshab,0,0.0,,0,0.0,,0.0,
хоррор,хоррор,0,0.0,,0,0.0,,0.0,
nemiroff,nemiroff,0,0.0,,0,0.0,,0.0,
ffdp,ffdp,0,0.0,,0,0.0,,0.0,
мертвецы,мертвец,0,0.0,,0,0.0,,0.0,
rommax,rommax,0,0.0,,0,0.0,,0.0,
байкові,байкові,0,0.0,,0,0.0,,0.0,
амбрелла,амбрелл,0,0.0,,0,0.0,,0.0,
swaston,swaston,0,0.0,,0,0.0,,0.0,
speed,speed,0,0.0,,0,0.0,,0.0,
етнодім,етнодім,0,0.0,,0,0.0,,0.0,
alyx,alyx,0,0.0,,0,0.0,,0.0,
воротником,воротник,0,0.0,,0,0.0,,0.0,
blade,blade,0,0.0,,0,0.0,,0.0,
даксайд,даксайд,0,0.0,,0,0.0,,0.0,
надежды,надежд,0,0.0,,0,0.0,,0.0,
отрицала,отрица,0,0.0,,0,0.0,,0.0,
бродяга,бродяг,0,0.0,,0,0.0,,0.0,
звездами,звезд,0,0.0,,0,0.0,,0.0,
ван,ван,1,0.0,0.0,0,0.0,,0.0,
бомбер,бомбер,0,0.0,,0,0.0,,0.0,
ковалевский,ковалевск,0,0.0,,0,0.0,,0.0,
термит,терм,0,0.0,,0,0.0,,0.0,
gap,gap,0,0.0,,0,0.0,,0.0,
acotar,acotar,0,0.0,,0,0.0,,0.0,
байкерська,байкерськ,0,0.0,,0,0.0,,0.0,
никова,ников,0,0.0,,0,0.0,,0.0,
флажна,флажн,0,0.0,,0,0.0,,0.0,
дікес,дікес,0,0.0,,0,0.0,,0.0,
embroidered,embroidered,0,0.0,,0,0.0,,0.0,
дырками,дырк,0,0.0,,0,0.0,,0.0,
хутром,хутр,0,0.0,,0,0.0,,0.0,
малюк,малюк,0,0.0,,0,0.0,,0.0,
джек,джек,0,0.0,,0,0.0,,0.0,
drudkh,drudkh,0,0.0,,0,0.0,,0.0,
рохану,рохан,0,0.0,,0,0.0,,0.0,
guts,guts,0,0.0,,0,0.0,,0.0,
bosco,bosco,0,0.0,,0,0.0,,0.0,
sharm,sharm,0,0.0,,0,0.0,,0.0,
topline,topline,0,0.0,,0,0.0,,0.0,
ніков,ніков,3,0.0,0.0,0,0.0,,0.0,
chaotic,chaotic,0,0.0,,0,0.0,,0.0,
сіпі,сіпі,0,0.0,,0,0.0,,0.0,
creative,creative,0,0.0,,0,0.0,,0.0,
denim,denim,0,0.0,,0,0.0,,0.0,
барских,барск,0,0.0,,0,0.0,,0.0,
jumper,jumper,0,0.0,,0,0.0,,0.0,
hotline,hotline,0,0.0,,0,0.0,,0.0,
sklo,sklo,0,0.0,,0,0.0,,0.0,
haute,haute,0,0.0,,0,0.0,,0.0,
nox,nox,0,0.0,,0,0.0,,0.0,
сатору,сатор,0,0.0,,0,0.0,,0.0,
harley,harley,0,0.0,,0,0.0,,0.0,
vecna,vecna,0,0.0,,0,0.0,,0.0,
розпродаж,розпродаж,0,0.0,,0,0.0,,0.0,
яшкіна,яшкін,0,0.0,,0,0.0,,0.0,
кишлак,кишлак,0,0.0,,0,0.0,,0.0,
damned,damned,0,0.0,,0,0.0,,0.0,
марсело,марсел,0,0.0,,0,0.0,,0.0,
рюкзак,рюкзак,0,0.0,,0,0.0,,0.0,
беноевский,беноевск,0,0.0,,0,0.0,,0.0,
байкерская,байкерск,0,0.0,,0,0.0,,0.0,
urboo,urboo,0,0.0,,0,0.0,,0.0,
zeppelin,zeppelin,0,0.0,,0,0.0,,0.0,
мотоциклісту,мотоцикліст,0,0.0,,0,0.0,,0.0,
джинко,джинк,0,0.0,,0,0.0,,0.0,
фирменные,фирмен,0,0.0,,0,0.0,,0.0,
airborne,airborne,0,0.0,,0,0.0,,0.0,
england,england,0,0.0,,0,0.0,,0.0,
плейн,плейн,0,0.0,,0,0.0,,0.0,
надуте,надут,0,0.0,,0,0.0,,0.0,
gorpcore,gorpcore,0,0.0,,0,0.0,,0.0,
grim,grim,0,0.0,,0,0.0,,0.0,
siyah,siyah,0,0.0,,0,0.0,,0.0,
трезвый,трезв,0,0.0,,0,0.0,,0.0,
order,order,0,0.0,,0,0.0,,0.0,
lavita,lavita,1,0.0,0.0,0,0.0,,0.0,
варене,варен,0,0.0,,0,0.0,,0.0,
massimo,massimo,0,0.0,,0,0.0,,0.0,
ssairweb,ssairweb,0,0.0,,0,0.0,,0.0,
yanel,yanel,0,0.0,,0,0.0,,0.0,
msi,msi,0,0.0,,0,0.0,,0.0,
coremetalshop,coremetalshop,0,0.0,,0,0.0,,0.0,
готичні,готичні,1,0.0,0.0,0,0.0,,0.0,
owens,owens,0,0.0,,0,0.0,,0.0,
190,190,0,0.0,,0,0.0,,0.0,
страха,страх,0,0.0,,0,0.0,,0.0,
censored,censored,0,0.0,,0,0.0,,0.0,
dreamer,dreamer,0,0.0,,0,0.0,,0.0,
streetstyle,streetstyle,0,0.0,,0,0.0,,0.0,
бмв,бмв,0,0.0,,0,0.0,,0.0,
ідеї,ідеї,0,0.0,,0,0.0,,0.0,
хризма,хризм,0,0.0,,0,0.0,,0.0,
дворф,дворф,0,0.0,,0,0.0,,0.0,
смішним,смішним,0,0.0,,0,0.0,,0.0,
глубоким,глубок,0,0.0,,0,0.0,,0.0,
вона,вон,0,0.0,,0,0.0,,0.0,
nordic,nordic,0,0.0,,0,0.0,,0.0,
аутизм,аутизм,0,0.0,,0,0.0,,0.0,
ссср,ссср,0,0.0,,0,0.0,,0.0,
хелоу,хело,0,0.0,,0,0.0,,0.0,
єгермейстер,єгермейстер,0,0.0,,0,0.0,,0.0,
вампіристи,вампірист,0,0.0,,0,0.0,,0.0,
clothing,clothing,2,0.0,0.0,0,0.0,,0.0,
communist,communist,0,0.0,,0,0.0,,0.0,
джонсон,джонсон,0,0.0,,0,0.0,,0.0,
абрикос,абрикос,0,0.0,,0,0.0,,0.0,
тревожная,тревожн,0,0.0,,0,0.0,,0.0,
николаев,никола,0,0.0,,0,0.0,,0.0,
котофляж,котофляж,0,0.0,,0,0.0,,0.0,
здравый,здрав,0,0.0,,0,0.0,,0.0,
nokturnal,nokturnal,0,0.0,,0,0.0,,0.0,
christian,christian,0,0.0,,0,0.0,,0.0,
exclusive,exclusive,0,0.0,,0,0.0,,0.0,
easy,easy,0,0.0,,0,0.0,,0.0,
archaic,archaic,0,0.0,,0,0.0,,0.0,
грибы,гриб,1,0.0,0.0,0,0.0,,0.0,
погони,погон,0,0.0,,0,0.0,,0.0,
рисунком,рисунк,0,0.0,,0,0.0,,0.0,
жизнь,жизн,0,0.0,,0,0.0,,0.0,
tomb,tomb,0,0.0,,0,0.0,,0.0,
behemoth,behemoth,0,0.0,,0,0.0,,0.0,
безед,безед,0,0.0,,0,0.0,,0.0,
ceo,ceo,0,0.0,,0,0.0,,0.0,
large,large,0,0.0,,0,0.0,,0.0,
dnbs,dnbs,0,0.0,,0,0.0,,0.0,
ellesse,ellesse,0,0.0,,0,0.0,,0.0,
флагмастер,флагмастер,0,0.0,,0,0.0,,0.0,
parachute,parachute,0,0.0,,0,0.0,,0.0,
iets,iets,0,0.0,,0,0.0,,0.0,
mp51563bk,mp51563bk,0,0.0,,0,0.0,,0.0,
bien,bien,0,0.0,,0,0.0,,0.0,
вас,вас,0,0.0,,0,0.0,,0.0,
маримакс,маримакс,0,0.0,,0,0.0,,0.0,
простиш,простиш,0,0.0,,0,0.0,,0.0,
эдди,эдд,0,0.0,,0,0.0,,0.0,
barbell,barbell,0,0.0,,0,0.0,,0.0,
vataga,vataga,0,0.0,,0,0.0,,0.0,
бэйби,бэйб,0,0.0,,0,0.0,,0.0,
szn,szn,0,0.0,,0,0.0,,0.0,
томми,томм,0,0.0,,0,0.0,,0.0,
хабиби,хабиб,0,0.0,,0,0.0,,0.0,
текстильная,текстильн,0,0.0,,0,0.0,,0.0,
трекинговые,трекингов,0,0.0,,0,0.0,,0.0,
body21,body21,0,0.0,,0,0.0,,0.0,
ovs,ovs,0,0.0,,0,0.0,,0.0,
lug,lug,0,0.0,,0,0.0,,0.0,
buxton,buxton,0,0.0,,0,0.0,,0.0,
utopia,utopia,0,0.0,,0,0.0,,0.0,
сипи,сип,0,0.0,,0,0.0,,0.0,
хаос,хаос,0,0.0,,0,0.0,,0.0,
baldinini,baldinini,0,0.0,,0,0.0,,0.0,
конь,кон,0,0.0,,0,0.0,,0.0,
варені,варені,0,0.0,,0,0.0,,0.0,
antwerpen,antwerpen,0,0.0,,0,0.0,,0.0,
крепеж,крепеж,0,0.0,,0,0.0,,0.0,
эпицентр,эпицентр,0,0.0,,0,0.0,,0.0,
веар,веар,0,0.0,,0,0.0,,0.0,
mirtrik,mirtrik,0,0.0,,0,0.0,,0.0,
музыка,музык,0,0.0,,0,0.0,,0.0,
hey,hey,0,0.0,,0,0.0,,0.0,
arcteryx,arcteryx,0,0.0,,0,0.0,,0.0,
покидьки,покидьк,0,0.0,,0,0.0,,0.0,
purewhite,purewhite,0,0.0,,0,0.0,,0.0,
gordon,gordon,0,0.0,,0,0.0,,0.0,
eyed,eyed,0,0.0,,0,0.0,,0.0,
arise,arise,0,0.0,,0,0.0,,0.0,
хеллсинг,хеллсинг,0,0.0,,0,0.0,,0.0,
andreas,andreas,0,0.0,,0,0.0,,0.0,
ашоп,ашоп,0,0.0,,0,0.0,,0.0,
мінімалізм,мінімалізм,0,0.0,,0,0.0,,0.0,
muramasa,muramasa,0,0.0,,0,0.0,,0.0,
успех,успех,0,0.0,,0,0.0,,0.0,
онві,онві,0,0.0,,0,0.0,,0.0,
аладіни,аладін,0,0.0,,0,0.0,,0.0,
keysad,keysad,0,0.0,,0,0.0,,0.0,
seasend,seasend,0,0.0,,0,0.0,,0.0,
краматан,крамата,0,0.0,,0,0.0,,0.0,
платье,плат,0,0.0,,0,0.0,,0.0,
wofen,wofen,0,0.0,,0,0.0,,0.0,
kultizdat,kultizdat,0,0.0,,0,0.0,,0.0,
акбар,акбар,0,0.0,,0,0.0,,0.0,
бурлон,бурлон,0,0.0,,0,0.0,,0.0,
киів,киів,0,0.0,,0,0.0,,0.0,
цицьок,цицьок,0,0.0,,0,0.0,,0.0,
pravda,pravda,0,0.0,,0,0.0,,0.0,
chains,chains,0,0.0,,0,0.0,,0.0,
націоналістів,націоналістів,0,0.0,,0,0.0,,0.0,
синє,синє,0,0.0,,0,0.0,,0.0,
fat,fat,0,0.0,,0,0.0,,0.0,
морти,морт,0,0.0,,0,0.0,,0.0,
adiuvat,adiuvat,0,0.0,,0,0.0,,0.0,
wood,wood,0,0.0,,0,0.0,,0.0,
darius,darius,0,0.0,,0,0.0,,0.0,
appendage,appendage,0,0.0,,0,0.0,,0.0,
net,net,0,0.0,,0,0.0,,0.0,
edison,edison,0,0.0,,0,0.0,,0.0,
peakmode,peakmode,0,0.0,,0,0.0,,0.0,
potosovka,potosovka,0,0.0,,0,0.0,,0.0,
мілітаріст,мілітаріст,0,0.0,,0,0.0,,0.0,
fender,fender,0,0.0,,0,0.0,,0.0,
havi,havi,0,0.0,,0,0.0,,0.0,
vditi,vditi,0,0.0,,0,0.0,,0.0,
дирлевангер,дирлевангер,0,0.0,,0,0.0,,0.0,
поліестер,поліестер,0,0.0,,0,0.0,,0.0,
вікінг,вікінг,0,0.0,,0,0.0,,0.0,
тишка,тишк,0,0.0,,0,0.0,,0.0,
1ona,1ona,0,0.0,,0,0.0,,0.0,
howitzer,howitzer,0,0.0,,0,0.0,,0.0,
nails,nails,0,0.0,,0,0.0,,0.0,
streetx,streetx,0,0.0,,0,0.0,,0.0,
sviatogo,sviatogo,1,0.0,0.0,0,0.0,,0.0,
creepy,creepy,0,0.0,,0,0.0,,0.0,
peclotoys,peclotoys,0,0.0,,0,0.0,,0.0,
west,west,2,0.0,0.0,0,0.0,,0.0,
білу,білу,0,0.0,,0,0.0,,0.0,
hysteric,hysteric,0,0.0,,0,0.0,,0.0,
committed,committed,0,0.0,,0,0.0,,0.0,
злюки,злюк,0,0.0,,0,0.0,,0.0,
трафик,трафик,0,0.0,,0,0.0,,0.0,
каллиграфией,каллиграф,0,0.0,,0,0.0,,0.0,
bigsam,bigsam,0,0.0,,0,0.0,,0.0,
sportpacks,sportpacks,0,0.0,,0,0.0,,0.0,
рятувальник,рятувальник,0,0.0,,0,0.0,,0.0,
подарувати,подаруват,0,0.0,,0,0.0,,0.0,
sweatshirts,sweatshirts,0,0.0,,0,0.0,,0.0,
нікого,ніког,0,0.0,,0,0.0,,0.0,
homies,homies,0,0.0,,0,0.0,,0.0,
кабуу,кабу,0,0.0,,0,0.0,,0.0,
mertra,mertra,0,0.0,,0,0.0,,0.0,
kma,kma,0,0.0,,0,0.0,,0.0,
морської,морської,0,0.0,,0,0.0,,0.0,
sister,sister,0,0.0,,0,0.0,,0.0,
fortuna,fortuna,0,0.0,,0,0.0,,0.0,
пинролл,пинролл,0,0.0,,0,0.0,,0.0,
аберкромби,аберкромб,0,0.0,,0,0.0,,0.0,
tamara,tamara,0,0.0,,0,0.0,,0.0,
присутності,присутності,0,0.0,,0,0.0,,0.0,
nerpa,nerpa,0,0.0,,0,0.0,,0.0,
армани,арман,0,0.0,,0,0.0,,0.0,
додо,дод,0,0.0,,0,0.0,,0.0,
rhosis,rhosis,0,0.0,,0,0.0,,0.0,
медуза,медуз,0,0.0,,0,0.0,,0.0,
ref,ref,0,0.0,,0,0.0,,0.0,
скотт,скотт,0,0.0,,0,0.0,,0.0,
скрябін,скрябін,0,0.0,,0,0.0,,0.0,
zipper,zipper,0,0.0,,0,0.0,,0.0,
у2к,у2к,1,0.0,0.0,0,0.0,,0.0,
independent,independent,0,0.0,,0,0.0,,0.0,
крюгер,крюгер,0,0.0,,0,0.0,,0.0,
rcr,rcr,0,0.0,,0,0.0,,0.0,
шоу,шо,0,0.0,,0,0.0,,0.0,
sroom,sroom,0,0.0,,0,0.0,,0.0,
pyrokinesis,pyrokinesis,0,0.0,,0,0.0,,0.0,
wotanjugend,wotanjugend,0,0.0,,0,0.0,,0.0,
кохати,кохат,0,0.0,,0,0.0,,0.0,
atlantic,atlantic,0,0.0,,0,0.0,,0.0,
пляжні,пляжні,0,0.0,,0,0.0,,0.0,
рамі,рамі,0,0.0,,0,0.0,,0.0,
мальчишник,мальчишник,0,0.0,,0,0.0,,0.0,
torvald,torvald,0,0.0,,0,0.0,,0.0,
bavovna,bavovna,0,0.0,,0,0.0,,0.0,
ребус,ребус,0,0.0,,0,0.0,,0.0,
motorhead,motorhead,0,0.0,,0,0.0,,0.0,
breath,breath,0,0.0,,0,0.0,,0.0,
identity,identity,0,0.0,,0,0.0,,0.0,
головний,головн,0,0.0,,0,0.0,,0.0,
цсн,цсн,0,0.0,,0,0.0,,0.0,
title,title,0,0.0,,0,0.0,,0.0,
майкоф,майкоф,0,0.0,,0,0.0,,0.0,
smerch,smerch,1,0.0,0.0,0,0.0,,0.0,
кардиган,кардига,0,0.0,,0,0.0,,0.0,
ptsvk,ptsvk,0,0.0,,0,0.0,,0.0,
каменское,каменск,0,0.0,,0,0.0,,0.0,
садовая,садов,0,0.0,,0,0.0,,0.0,
june,june,0,0.0,,0,0.0,,0.0,
lagerfeld,lagerfeld,0,0.0,,0,0.0,,0.0,
saving,saving,0,0.0,,0,0.0,,0.0,
плакала,плака,0,0.0,,0,0.0,,0.0,
makers,makers,0,0.0,,0,0.0,,0.0,
застежке,застежк,0,0.0,,0,0.0,,0.0,
signum,signum,0,0.0,,0,0.0,,0.0,
dolce,dolce,0,0.0,,0,0.0,,0.0,
pro,pro,0,0.0,,0,0.0,,0.0,
християнські,християнські,0,0.0,,0,0.0,,0.0,
ангел,ангел,2,0.0,0.0,0,0.0,,0.0,
пюко,пюк,0,0.0,,0,0.0,,0.0,
хеликон,хеликон,0,0.0,,0,0.0,,0.0,
соловіча,соловіч,0,0.0,,0,0.0,,0.0,
unmere,unmere,0,0.0,,0,0.0,,0.0,
taverniti,taverniti,0,0.0,,0,0.0,,0.0,
ashop,ashop,0,0.0,,0,0.0,,0.0,
стон,стон,2,0.0,0.0,0,0.0,,0.0,
blind,blind,0,0.0,,0,0.0,,0.0,
школу,школ,0,0.0,,0,0.0,,0.0,
шоурум,шоурум,0,0.0,,0,0.0,,0.0,
рибаків,рибаків,0,0.0,,0,0.0,,0.0,
straps,straps,0,0.0,,0,0.0,,0.0,
адідас,адідас,1,0.0,0.0,0,0.0,,0.0,
paragon,paragon,0,0.0,,0,0.0,,0.0,
пожежна,пожежн,0,0.0,,0,0.0,,0.0,
веном,вен,0,0.0,,0,0.0,,0.0,
алли,алл,0,0.0,,0,0.0,,0.0,
идеи,ид,0,0.0,,0,0.0,,0.0,
bndt,bndt,0,0.0,,0,0.0,,0.0,
comotek,comotek,0,0.0,,0,0.0,,0.0,
республика,республик,0,0.0,,0,0.0,,0.0,
slumerican,slumerican,0,0.0,,0,0.0,,0.0,
рвб,рвб,0,0.0,,0,0.0,,0.0,
pitbull,pitbull,1,0.0,0.0,0,0.0,,0.0,
дня,дня,0,0.0,,0,0.0,,0.0,
футболкп,футболкп,0,0.0,,0,0.0,,0.0,
сергей,серг,0,0.0,,0,0.0,,0.0,
fred,fred,0,0.0,,0,0.0,,0.0,
містами,містам,0,0.0,,0,0.0,,0.0,
moow,moow,0,0.0,,0,0.0,,0.0,
ред,ред,1,0.0,0.0,0,0.0,,0.0,
действий,действ,0,0.0,,0,0.0,,0.0,
killstar,killstar,0,0.0,,0,0.0,,0.0,
setfol,setfol,0,0.0,,0,0.0,,0.0,
alive,alive,0,0.0,,0,0.0,,0.0,
фліска,фліска,0,0.0,,0,0.0,,0.0,
sagittarius,sagittarius,0,0.0,,0,0.0,,0.0,
veil,veil,0,0.0,,0,0.0,,0.0,
тарелочница,тарелочниц,0,0.0,,0,0.0,,0.0,
друга,друг,0,0.0,,0,0.0,,0.0,
фред,фред,0,0.0,,0,0.0,,0.0,
схід,схід,0,0.0,,0,0.0,,0.0,
плюшевий,плюшев,0,0.0,,0,0.0,,0.0,
таксой,такс,0,0.0,,0,0.0,,0.0,
pantalones,pantalones,0,0.0,,0,0.0,,0.0,
статуэтка,статуэтк,0,0.0,,0,0.0,,0.0,
sammy,sammy,0,0.0,,0,0.0,,0.0,
staff,staff,2,0.0,0.0,0,0.0,,0.0,
стразами,страз,0,0.0,,0,0.0,,0.0,
keotica,keotica,0,0.0,,0,0.0,,0.0,
урбанпленет,урбанпленет,0,0.0,,0,0.0,,0.0,
imperial,imperial,0,0.0,,0,0.0,,0.0,
проф1груп,проф1груп,0,0.0,,0,0.0,,0.0,
айс,айс,0,0.0,,0,0.0,,0.0,
бэби,бэб,0,0.0,,0,0.0,,0.0,
sportiva,sportiva,0,0.0,,0,0.0,,0.0,
стрела,стрел,0,0.0,,0,0.0,,0.0,
топ,топ,1,0.0,0.0,0,0.0,,0.0,
прогулочные,прогулочн,0,0.0,,0,0.0,,0.0,
grenzgaenger,grenzgaenger,0,0.0,,0,0.0,,0.0,
повітряних,повітрян,0,0.0,,0,0.0,,0.0,
basquiat,basquiat,0,0.0,,0,0.0,,0.0,
rickshop,rickshop,0,0.0,,0,0.0,,0.0,
бой,бо,0,0.0,,0,0.0,,0.0,
poison,poison,0,0.0,,0,0.0,,0.0,
ragnarock,ragnarock,0,0.0,,0,0.0,,0.0,
палаццо,палацц,1,0.0,0.0,0,0.0,,0.0,
рождает,рожда,0,0.0,,0,0.0,,0.0,
skullpig,skullpig,0,0.0,,0,0.0,,0.0,
alle,alle,0,0.0,,0,0.0,,0.0,
вікінгів,вікінгів,0,0.0,,0,0.0,,0.0,
elite,elite,0,0.0,,0,0.0,,0.0,
свитшот,свитшот,0,0.0,,0,0.0,,0.0,
viking,viking,0,0.0,,0,0.0,,0.0,
рфкв,рфкв,0,0.0,,0,0.0,,0.0,
miami,miami,0,0.0,,0,0.0,,0.0,
corsia,corsia,0,0.0,,0,0.0,,0.0,
hasta,hasta,0,0.0,,0,0.0,,0.0,
ignea,ignea,0,0.0,,0,0.0,,0.0,
бифри,бифр,0,0.0,,0,0.0,,0.0,
upa,upa,0,0.0,,0,0.0,,0.0,
скуфидон,скуфидон,0,0.0,,0,0.0,,0.0,
gazer,gazer,0,0.0,,0,0.0,,0.0,
артфлаг,артфлаг,0,0.0,,0,0.0,,0.0,
лимонного,лимон,0,0.0,,0,0.0,,0.0,
scorpio,scorpio,0,0.0,,0,0.0,,0.0,
crye,crye,0,0.0,,0,0.0,,0.0,
карабин,карабин,0,0.0,,0,0.0,,0.0,
alternazero,alternazero,0,0.0,,0,0.0,,0.0,
исламские,исламск,0,0.0,,0,0.0,,0.0,
aiza,aiza,0,0.0,,0,0.0,,0.0,
threads,threads,0,0.0,,0,0.0,,0.0,
чернобыль,чернобыл,0,0.0,,0,0.0,,0.0,
skateboarding,skateboarding,0,0.0,,0,0.0,,0.0,
germanapparel,germanapparel,0,0.0,,0,0.0,,0.0,
міліруд,міліруд,0,0.0,,0,0.0,,0.0,
молодость,молод,0,0.0,,0,0.0,,0.0,
agent,agent,0,0.0,,0,0.0,,0.0,
old,old,0,0.0,,0,0.0,,0.0,
psdinfo,psdinfo,0,0.0,,0,0.0,,0.0,
hodie,hodie,0,0.0,,0,0.0,,0.0,
маратон,маратон,0,0.0,,0,0.0,,0.0,
hellsing,hellsing,0,0.0,,0,0.0,,0.0,
вередую,веред,0,0.0,,0,0.0,,0.0,
красава,красав,0,0.0,,0,0.0,,0.0,
фаден,фад,0,0.0,,0,0.0,,0.0,
иероглифами,иероглиф,0,0.0,,0,0.0,,0.0,
запорожців,запорожців,0,0.0,,0,0.0,,0.0,
cringe,cringe,0,0.0,,0,0.0,,0.0,
limit,limit,0,0.0,,0,0.0,,0.0,
энджелс,энджелс,0,0.0,,0,0.0,,0.0,
bend,bend,0,0.0,,0,0.0,,0.0,
original,original,0,0.0,,0,0.0,,0.0,
warhammer,warhammer,0,0.0,,0,0.0,,0.0,
waikiki,waikiki,0,0.0,,0,0.0,,0.0,
tribe,tribe,0,0.0,,0,0.0,,0.0,
god,god,0,0.0,,0,0.0,,0.0,
cascade,cascade,0,0.0,,0,0.0,,0.0,
корж,корж,0,0.0,,0,0.0,,0.0,
хай,ха,0,0.0,,0,0.0,,0.0,
провокатор,провокатор,0,0.0,,0,0.0,,0.0,
missspuff,missspuff,0,0.0,,0,0.0,,0.0,
poster,poster,0,0.0,,0,0.0,,0.0,
шершні,шершні,0,0.0,,0,0.0,,0.0,
8utopia,8utopia,0,0.0,,0,0.0,,0.0,
троєщина,троєщин,0,0.0,,0,0.0,,0.0,
підлітків,підлітків,0,0.0,,0,0.0,,0.0,
armada,armada,0,0.0,,0,0.0,,0.0,
carmageddon,carmageddon,0,0.0,,0,0.0,,0.0,
прусії,прусії,0,0.0,,0,0.0,,0.0,
problemes,problemes,0,0.0,,0,0.0,,0.0,
goverla,goverla,0,0.0,,0,0.0,,0.0,
тарді,тарді,0,0.0,,0,0.0,,0.0,
атрибуты,атрибут,0,0.0,,0,0.0,,0.0,
інструктор,інструктор,0,0.0,,0,0.0,,0.0,
нба,нба,0,0.0,,0,0.0,,0.0,
хаки,хак,0,0.0,,0,0.0,,0.0,
punk,punk,0,0.0,,0,0.0,,0.0,
hudi,hudi,0,0.0,,0,0.0,,0.0,
weekday,weekday,0,0.0,,0,0.0,,0.0,
мышкой,мышк,0,0.0,,0,0.0,,0.0,
кліщами,кліщам,0,0.0,,0,0.0,,0.0,
хелл,хелл,0,0.0,,0,0.0,,0.0,
нордик,нордик,0,0.0,,0,0.0,,0.0,
yaktak,yaktak,0,0.0,,0,0.0,,0.0,
moyi,moyi,0,0.0,,0,0.0,,0.0,
буллз,буллз,0,0.0,,0,0.0,,0.0,
uno,uno,0,0.0,,0,0.0,,0.0,
after,after,0,0.0,,0,0.0,,0.0,
бір,бір,0,0.0,,0,0.0,,0.0,
брокен,брок,0,0.0,,0,0.0,,0.0,
всім,всім,0,0.0,,0,0.0,,0.0,
sturm,sturm,0,0.0,,0,0.0,,0.0,
polo,polo,0,0.0,,0,0.0,,0.0,
контейнер,контейнер,0,0.0,,0,0.0,,0.0,
rooh,rooh,0,0.0,,0,0.0,,0.0,
мегаспорт,мегаспорт,0,0.0,,0,0.0,,0.0,
koopsta,koopsta,0,0.0,,0,0.0,,0.0,
вір,вір,0,0.0,,0,0.0,,0.0,
amos,amos,0,0.0,,0,0.0,,0.0,
maikasoft,maikasoft,0,0.0,,0,0.0,,0.0,
аксесуари,аксесуар,0,0.0,,0,0.0,,0.0,
сталкрафт,сталкрафт,0,0.0,,0,0.0,,0.0,
роман,рома,0,0.0,,0,0.0,,0.0,
пошани,пошан,0,0.0,,0,0.0,,0.0,
бэгги,бэгг,0,0.0,,0,0.0,,0.0,
pilots,pilots,0,0.0,,0,0.0,,0.0,
зиперка,зиперк,0,0.0,,0,0.0,,0.0,
sick,sick,1,0.0,0.0,0,0.0,,0.0,
хлопчиків,хлопчиків,0,0.0,,0,0.0,,0.0,
твайлайт,твайлайт,0,0.0,,0,0.0,,0.0,
yzy,yzy,0,0.0,,0,0.0,,0.0,
тяжкие,тяжк,0,0.0,,0,0.0,,0.0,
space,space,0,0.0,,0,0.0,,0.0,
розпис,розпис,0,0.0,,0,0.0,,0.0,
ocean,ocean,2,0.0,0.0,0,0.0,,0.0,
indra,indra,0,0.0,,0,0.0,,0.0,
handy,handy,0,0.0,,0,0.0,,0.0,
premium,premium,0,0.0,,0,0.0,,0.0,
романовашоп,романовашоп,0,0.0,,0,0.0,,0.0,
изюма,изюм,0,0.0,,0,0.0,,0.0,
nidit,nidit,0,0.0,,0,0.0,,0.0,
шинобі,шинобі,1,0.0,0.0,0,0.0,,0.0,
ошп,ошп,0,0.0,,0,0.0,,0.0,
sportmaster,sportmaster,0,0.0,,0,0.0,,0.0,
ххл,ххл,0,0.0,,0,0.0,,0.0,
галицька,галицьк,0,0.0,,0,0.0,,0.0,
зуді,зуді,0,0.0,,0,0.0,,0.0,
zatara,zatara,0,0.0,,0,0.0,,0.0,
оут,оут,0,0.0,,0,0.0,,0.0,
вечеря,вечер,0,0.0,,0,0.0,,0.0,
болоневые,болонев,0,0.0,,0,0.0,,0.0,
деад,деад,0,0.0,,0,0.0,,0.0,
darksport,darksport,0,0.0,,0,0.0,,0.0,
marilyn,marilyn,0,0.0,,0,0.0,,0.0,
banyara,banyara,0,0.0,,0,0.0,,0.0,
безет,безет,0,0.0,,0,0.0,,0.0,
ольвія,ольві,0,0.0,,0,0.0,,0.0,
gita,gita,0,0.0,,0,0.0,,0.0,
klein,klein,0,0.0,,0,0.0,,0.0,
залізна,залізн,0,0.0,,0,0.0,,0.0,
vildhjarta,vildhjarta,0,0.0,,0,0.0,,0.0,
centuria,centuria,1,0.0,0.0,0,0.0,,0.0,
frego,frego,0,0.0,,0,0.0,,0.0,
секьюрити,секьюрит,0,0.0,,0,0.0,,0.0,
gen,gen,0,0.0,,0,0.0,,0.0,
колоском,колоск,0,0.0,,0,0.0,,0.0,
району,район,0,0.0,,0,0.0,,0.0,
аксессуары,аксессуар,0,0.0,,0,0.0,,0.0,
милфхантер,милфхантер,0,0.0,,0,0.0,,0.0,
капелан,капела,0,0.0,,0,0.0,,0.0,
тайдай,тайда,0,0.0,,0,0.0,,0.0,
мем,мем,0,0.0,,0,0.0,,0.0,
boring,boring,0,0.0,,0,0.0,,0.0,
singleprint,singleprint,0,0.0,,0,0.0,,0.0,
питання,питан,0,0.0,,0,0.0,,0.0,
миак,миак,0,0.0,,0,0.0,,0.0,
maison,maison,0,0.0,,0,0.0,,0.0,
saw,saw,0,0.0,,0,0.0,,0.0,
restyle,restyle,0,0.0,,0,0.0,,0.0,
околофутбола,околофутбол,0,0.0,,0,0.0,,0.0,
colombia,colombia,0,0.0,,0,0.0,,0.0,
ikigai,ikigai,0,0.0,,0,0.0,,0.0,
strtcd,strtcd,0,0.0,,0,0.0,,0.0,
фрі,фрі,0,0.0,,0,0.0,,0.0,
waking,waking,0,0.0,,0,0.0,,0.0,
фром,фром,0,0.0,,0,0.0,,0.0,
timeofstyle,timeofstyle,0,0.0,,0,0.0,,0.0,
zillakami,zillakami,0,0.0,,0,0.0,,0.0,
hunter,hunter,0,0.0,,0,0.0,,0.0,
промокод,промокод,0,0.0,,0,0.0,,0.0,
червоно,червон,0,0.0,,0,0.0,,0.0,
1918,1918,0,0.0,,0,0.0,,0.0,
sportmal,sportmal,0,0.0,,0,0.0,,0.0,
netherwalker,netherwalker,0,0.0,,0,0.0,,0.0,
замочку,замочк,0,0.0,,0,0.0,,0.0,
біле,біле,0,0.0,,0,0.0,,0.0,
порье,пор,0,0.0,,0,0.0,,0.0,
бегги,бегг,0,0.0,,0,0.0,,0.0,
озброєння,озброєн,0,0.0,,0,0.0,,0.0,
blvcklimit,blvcklimit,0,0.0,,0,0.0,,0.0,
френдс,френдс,0,0.0,,0,0.0,,0.0,
сублімаційний,сублімаційн,0,0.0,,0,0.0,,0.0,
behave,behave,0,0.0,,0,0.0,,0.0,
стайл,стайл,0,0.0,,0,0.0,,0.0,
посадок,посадок,0,0.0,,0,0.0,,0.0,
pole,pole,0,0.0,,0,0.0,,0.0,
софт,софт,0,0.0,,0,0.0,,0.0,
націоналістична,націоналістичн,0,0.0,,0,0.0,,0.0,
zigzag,zigzag,0,0.0,,0,0.0,,0.0,
иван,ива,0,0.0,,0,0.0,,0.0,
mountain,mountain,0,0.0,,0,0.0,,0.0,
интертоп,интертоп,0,0.0,,0,0.0,,0.0,
ceiling,ceiling,0,0.0,,0,0.0,,0.0,
bombs,bombs,0,0.0,,0,0.0,,0.0,
разрушительное,разрушительн,0,0.0,,0,0.0,,0.0,
cupag,cupag,0,0.0,,0,0.0,,0.0,
bells,bells,0,0.0,,0,0.0,,0.0,
sted,sted,0,0.0,,0,0.0,,0.0,
частин,частин,1,0.0,0.0,0,0.0,,0.0,
харді,харді,0,0.0,,0,0.0,,0.0,
eod,eod,0,0.0,,0,0.0,,0.0,
domrebel,domrebel,0,0.0,,0,0.0,,0.0,
парней,парн,2,0.0,0.0,0,0.0,,0.0,
mother,mother,0,0.0,,0,0.0,,0.0,
base,base,0,0.0,,0,0.0,,0.0,
trident,trident,0,0.0,,0,0.0,,0.0,
homey,homey,0,0.0,,0,0.0,,0.0,
агітаційні,агітаційні,0,0.0,,0,0.0,,0.0,
edc,edc,0,0.0,,0,0.0,,0.0,
хлопковая,хлопков,0,0.0,,0,0.0,,0.0,
clique,clique,0,0.0,,0,0.0,,0.0,
подставка,подставк,0,0.0,,0,0.0,,0.0,
баленсіага,баленсіаг,0,0.0,,0,0.0,,0.0,
fabric,fabric,0,0.0,,0,0.0,,0.0,
brk,brk,0,0.0,,0,0.0,,0.0,
діор,діор,0,0.0,,0,0.0,,0.0,
kikwear,kikwear,0,0.0,,0,0.0,,0.0,
putrid,putrid,0,0.0,,0,0.0,,0.0,
dare,dare,0,0.0,,0,0.0,,0.0,
sawurbanity,sawurbanity,0,0.0,,0,0.0,,0.0,
карл,карл,0,0.0,,0,0.0,,0.0,
doll,doll,0,0.0,,0,0.0,,0.0,
джинсовик,джинсовик,0,0.0,,0,0.0,,0.0,
bonate,bonate,0,0.0,,0,0.0,,0.0,
север,север,0,0.0,,0,0.0,,0.0,
dayz,dayz,0,0.0,,0,0.0,,0.0,
зеленый,зелен,0,0.0,,0,0.0,,0.0,
tired,tired,0,0.0,,0,0.0,,0.0,
гола,гол,0,0.0,,0,0.0,,0.0,
sewing,sewing,0,0.0,,0,0.0,,0.0,
audigier,audigier,0,0.0,,0,0.0,,0.0,
мастерка,мастерк,0,0.0,,0,0.0,,0.0,
bestoriginal,bestoriginal,0,0.0,,0,0.0,,0.0,
беннингтон,беннингтон,0,0.0,,0,0.0,,0.0,
резиновая,резинов,0,0.0,,0,0.0,,0.0,
богдан,богда,0,0.0,,0,0.0,,0.0,
швейка,швейк,0,0.0,,0,0.0,,0.0,
бершка,бершк,3,0.0,0.0,0,0.0,,0.0,
marcelo,marcelo,0,0.0,,0,0.0,,0.0,
джемпер,джемпер,0,0.0,,0,0.0,,0.0,
чикаго,чикаг,0,0.0,,0,0.0,,0.0,
прінтами,прінтам,0,0.0,,0,0.0,,0.0,
urbanist,urbanist,0,0.0,,0,0.0,,0.0,
possessed,possessed,0,0.0,,0,0.0,,0.0,
anniluce,anniluce,0,0.0,,0,0.0,,0.0,
козаків,козаків,0,0.0,,0,0.0,,0.0,
зубрік,зубрік,0,0.0,,0,0.0,,0.0,
1917,1917,0,0.0,,0,0.0,,0.0,
missd,missd,0,0.0,,0,0.0,,0.0,
турвер,турвер,0,0.0,,0,0.0,,0.0,
brew,brew,0,0.0,,0,0.0,,0.0,
dephect,dephect,0,0.0,,0,0.0,,0.0,
pierce,pierce,0,0.0,,0,0.0,,0.0,
vovk,vovk,0,0.0,,0,0.0,,0.0,
live,live,0,0.0,,0,0.0,,0.0,
core,core,0,0.0,,0,0.0,,0.0,
pangaia,pangaia,0,0.0,,0,0.0,,0.0,
hakuna,hakuna,0,0.0,,0,0.0,,0.0,
hill,hill,0,0.0,,0,0.0,,0.0,
teeth,teeth,0,0.0,,0,0.0,,0.0,
unionkingdom,unionkingdom,0,0.0,,0,0.0,,0.0,
bjork,bjork,0,0.0,,0,0.0,,0.0,
футболкі,футболкі,0,0.0,,0,0.0,,0.0,
424,424,0,0.0,,0,0.0,,0.0,
romwe,romwe,0,0.0,,0,0.0,,0.0,
metallica,metallica,1,0.0,0.0,0,0.0,,0.0,
plazmalab,plazmalab,0,0.0,,0,0.0,,0.0,
keep,keep,0,0.0,,0,0.0,,0.0,
cap,cap,0,0.0,,0,0.0,,0.0,
open,open,0,0.0,,0,0.0,,0.0,
blclv,blclv,0,0.0,,0,0.0,,0.0,
ясно,ясн,1,0.0,0.0,0,0.0,,0.0,
дизайнер,дизайнер,0,0.0,,0,0.0,,0.0,
слоучи,слоуч,0,0.0,,0,0.0,,0.0,
убило,уб,0,0.0,,0,0.0,,0.0,
малинове,малинов,0,0.0,,0,0.0,,0.0,
торч,торч,0,0.0,,0,0.0,,0.0,
амбуш,амбуш,0,0.0,,0,0.0,,0.0,
shot,shot,0,0.0,,0,0.0,,0.0,
matata,matata,0,0.0,,0,0.0,,0.0,
вагнер,вагнер,0,0.0,,0,0.0,,0.0,
outfofame,outfofame,0,0.0,,0,0.0,,0.0,
махновщини,махновщин,0,0.0,,0,0.0,,0.0,
marsava,marsava,0,0.0,,0,0.0,,0.0,
fsociety,fsociety,0,0.0,,0,0.0,,0.0,
traditional,traditional,0,0.0,,0,0.0,,0.0,
dreamers,dreamers,0,0.0,,0,0.0,,0.0,
православие,православ,0,0.0,,0,0.0,,0.0,
laboratory,laboratory,0,0.0,,0,0.0,,0.0,
ulver,ulver,0,0.0,,0,0.0,,0.0,
лосини,лосин,0,0.0,,0,0.0,,0.0,
ярослав,яросла,0,0.0,,0,0.0,,0.0,
сатаной,сатан,0,0.0,,0,0.0,,0.0,
underground,underground,0,0.0,,0,0.0,,0.0,
burlon,burlon,0,0.0,,0,0.0,,0.0,
инспирадора,инспирадор,0,0.0,,0,0.0,,0.0,
заправлена,заправл,0,0.0,,0,0.0,,0.0,
пожежника,пожежник,0,0.0,,0,0.0,,0.0,
enot,enot,0,0.0,,0,0.0,,0.0,
hydi,hydi,0,0.0,,0,0.0,,0.0,
гнев,гнев,0,0.0,,0,0.0,,0.0,
marines,marines,0,0.0,,0,0.0,,0.0,
ymb,ymb,0,0.0,,0,0.0,,0.0,
каштаном,каштан,0,0.0,,0,0.0,,0.0,
панама,панам,0,0.0,,0,0.0,,0.0,
где,где,0,0.0,,0,0.0,,0.0,
shweyka,shweyka,0,0.0,,0,0.0,,0.0,
oliz,oliz,0,0.0,,0,0.0,,0.0,
plame,plame,0,0.0,,0,0.0,,0.0,
фаренгейт,фаренгейт,0,0.0,,0,0.0,,0.0,
118,118,0,0.0,,0,0.0,,0.0,
diesel,diesel,0,0.0,,0,0.0,,0.0,
эмпайр,эмпайр,0,0.0,,0,0.0,,0.0,
камуфляж,камуфляж,0,0.0,,0,0.0,,0.0,
мона,мон,0,0.0,,0,0.0,,0.0,
незалежна,незалежн,0,0.0,,0,0.0,,0.0,
ерд,ерд,0,0.0,,0,0.0,,0.0,
патчів,патчів,0,0.0,,0,0.0,,0.0,
кортис,кортис,0,0.0,,0,0.0,,0.0,
льонкомбінат,льонкомбінат,0,0.0,,0,0.0,,0.0,
bode,bode,0,0.0,,0,0.0,,0.0,
доместосом,доместос,0,0.0,,0,0.0,,0.0,
sunspel,sunspel,0,0.0,,0,0.0,,0.0,
коломиї,коломиї,0,0.0,,0,0.0,,0.0,
troll,troll,0,0.0,,0,0.0,,0.0,
дурнєвшоп,дурнєвшоп,0,0.0,,0,0.0,,0.0,
безлад,безлад,0,0.0,,0,0.0,,0.0,
державні,державні,0,0.0,,0,0.0,,0.0,
тенісні,тенісні,0,0.0,,0,0.0,,0.0,
terra,terra,0,0.0,,0,0.0,,0.0,
лонгслив,лонгсл,1,0.0,0.0,0,0.0,,0.0,
человек,человек,0,0.0,,0,0.0,,0.0,
красивая,красив,0,0.0,,0,0.0,,0.0,
superstep,superstep,0,0.0,,0,0.0,,0.0,
пенсіонер,пенсіонер,0,0.0,,0,0.0,,0.0,
bakelove,bakelove,0,0.0,,0,0.0,,0.0,
грузия,груз,0,0.0,,0,0.0,,0.0,
wash,wash,0,0.0,,0,0.0,,0.0,
regular,regular,0,0.0,,0,0.0,,0.0,
айліш,айліш,0,0.0,,0,0.0,,0.0,
khartiia,khartiia,0,0.0,,0,0.0,,0.0,
яструби,яструб,0,0.0,,0,0.0,,0.0,
melancolie,melancolie,0,0.0,,0,0.0,,0.0,
модные,модн,1,0.0,0.0,0,0.0,,0.0,
зодиака,зодиак,0,0.0,,0,0.0,,0.0,
вінчі,вінчі,0,0.0,,0,0.0,,0.0,
азовсталь,азовстал,0,0.0,,0,0.0,,0.0,
желтая,желт,0,0.0,,0,0.0,,0.0,
мілітарист,мілітарист,0,0.0,,0,0.0,,0.0,
gothic,gothic,0,0.0,,0,0.0,,0.0,
братан,брата,0,0.0,,0,0.0,,0.0,
zja5z,zja5z,0,0.0,,0,0.0,,0.0,
yohji,yohji,0,0.0,,0,0.0,,0.0,
матрица,матриц,0,0.0,,0,0.0,,0.0,
титанов,титан,0,0.0,,0,0.0,,0.0,
самец,самец,0,0.0,,0,0.0,,0.0,
борьбы,борьб,0,0.0,,0,0.0,,0.0,
аксан,акса,0,0.0,,0,0.0,,0.0,
конструктор,конструктор,0,0.0,,0,0.0,,0.0,
life,life,0,0.0,,0,0.0,,0.0,
vsrap,vsrap,0,0.0,,0,0.0,,0.0,
омут,омут,0,0.0,,0,0.0,,0.0,
дурнєв,дурнєв,0,0.0,,0,0.0,,0.0,
syndicat,syndicat,0,0.0,,0,0.0,,0.0,
parks,parks,0,0.0,,0,0.0,,0.0,
stories,stories,0,0.0,,0,0.0,,0.0,
палаючою,палаюч,0,0.0,,0,0.0,,0.0,
jjxx,jjxx,0,0.0,,0,0.0,,0.0,
автомобиль,автомобил,0,0.0,,0,0.0,,0.0,
футер,футер,1,0.0,0.0,0,0.0,,0.0,
london,london,0,0.0,,0,0.0,,0.0,
амосова,амосов,0,0.0,,0,0.0,,0.0,
noveske,noveske,0,0.0,,0,0.0,,0.0,
lilove,lilove,0,0.0,,0,0.0,,0.0,
рибацький,рибацьк,0,0.0,,0,0.0,,0.0,
юкрейн,юкрейн,0,0.0,,0,0.0,,0.0,
goodboysclub,goodboysclub,0,0.0,,0,0.0,,0.0,
талією,таліє,0,0.0,,0,0.0,,0.0,
хуйді,хуйді,0,0.0,,0,0.0,,0.0,
текс,текс,0,0.0,,0,0.0,,0.0,
сквозь,сквоз,0,0.0,,0,0.0,,0.0,
імпакт,імпакт,0,0.0,,0,0.0,,0.0,
спартивки,спартивк,0,0.0,,0,0.0,,0.0,
pla4,pla4,0,0.0,,0,0.0,,0.0,
gadyuka,gadyuka,0,0.0,,0,0.0,,0.0,
випускний,випускн,0,0.0,,0,0.0,,0.0,
lifestyle,lifestyle,0,0.0,,0,0.0,,0.0,
барселона,барселон,0,0.0,,0,0.0,,0.0,
ptero,ptero,0,0.0,,0,0.0,,0.0,
беггі,беггі,0,0.0,,0,0.0,,0.0,
феникс,феникс,0,0.0,,0,0.0,,0.0,
мавроди,маврод,0,0.0,,0,0.0,,0.0,
grace,grace,0,0.0,,0,0.0,,0.0,
roy,roy,0,0.0,,0,0.0,,0.0,
интернешнл,интернешнл,0,0.0,,0,0.0,,0.0,
львові,львові,0,0.0,,0,0.0,,0.0,
dry,dry,0,0.0,,0,0.0,,0.0,
patagonia,patagonia,0,0.0,,0,0.0,,0.0,
myflag,myflag,0,0.0,,0,0.0,,0.0,
эко,эк,0,0.0,,0,0.0,,0.0,
400,400,0,0.0,,0,0.0,,0.0,
three,three,0,0.0,,0,0.0,,0.0,
лонглів,лонглів,0,0.0,,0,0.0,,0.0,
gonor,gonor,0,0.0,,0,0.0,,0.0,
полузипка,полузипк,0,0.0,,0,0.0,,0.0,
american,american,0,0.0,,0,0.0,,0.0,
рятівника,рятівник,0,0.0,,0,0.0,,0.0,
ij7055,ij7055,0,0.0,,0,0.0,,0.0,
ida,ida,0,0.0,,0,0.0,,0.0,
parallel,parallel,0,0.0,,0,0.0,,0.0,
bloods,bloods,0,0.0,,0,0.0,,0.0,
сорт,сорт,0,0.0,,0,0.0,,0.0,
hoodi,hoodi,0,0.0,,0,0.0,,0.0,
пускають,пускают,0,0.0,,0,0.0,,0.0,
молнією,молніє,0,0.0,,0,0.0,,0.0,
рік,рік,0,0.0,,0,0.0,,0.0,
believe,believe,1,0.0,0.0,0,0.0,,0.0,
рейнхаус,рейнхаус,0,0.0,,0,0.0,,0.0,
бізет,бізет,0,0.0,,0,0.0,,0.0,
жилете,жилет,0,0.0,,0,0.0,,0.0,
придбати,придбат,0,0.0,,0,0.0,,0.0,
pumper,pumper,0,0.0,,0,0.0,,0.0,
мішкуваті,мішкуваті,0,0.0,,0,0.0,,0.0,
одеса,одес,0,0.0,,0,0.0,,0.0,
balakwear,balakwear,0,0.0,,0,0.0,,0.0,
интрудер,интрудер,0,0.0,,0,0.0,,0.0,
скріпка,скріпка,0,0.0,,0,0.0,,0.0,
matinno,matinno,0,0.0,,0,0.0,,0.0,
подвійний,подвійн,0,0.0,,0,0.0,,0.0,
открытой,открыт,0,0.0,,0,0.0,,0.0,
blackwater,blackwater,0,0.0,,0,0.0,,0.0,
gur,gur,0,0.0,,0,0.0,,0.0,
carpathian,carpathian,0,0.0,,0,0.0,,0.0,
речей,реч,0,0.0,,0,0.0,,0.0,
хилфигер,хилфигер,0,0.0,,0,0.0,,0.0,
афликшен,афликш,0,0.0,,0,0.0,,0.0,
ахуєно,ахуєн,0,0.0,,0,0.0,,0.0,
мерседес,мерседес,0,0.0,,0,0.0,,0.0,
wolfskin,wolfskin,0,0.0,,0,0.0,,0.0,
wellborn,wellborn,0,0.0,,0,0.0,,0.0,
стріляй,стріля,3,0.0,0.0,0,0.0,,0.0,
правник,правник,0,0.0,,0,0.0,,0.0,
minimal,minimal,0,0.0,,0,0.0,,0.0,
catcult,catcult,0,0.0,,0,0.0,,0.0,
ферстаппен,ферстапп,0,0.0,,0,0.0,,0.0,
hobojack,hobojack,0,0.0,,0,0.0,,0.0,
аутфіт,аутфіт,0,0.0,,0,0.0,,0.0,
настенный,настен,0,0.0,,0,0.0,,0.0,
armani,armani,0,0.0,,0,0.0,,0.0,
зипкк,зипкк,0,0.0,,0,0.0,,0.0,
гюрза,гюрз,0,0.0,,0,0.0,,0.0,
репресент,репресент,0,0.0,,0,0.0,,0.0,
undead,undead,0,0.0,,0,0.0,,0.0,
пкм,пкм,0,0.0,,0,0.0,,0.0,
aeronautica,aeronautica,0,0.0,,0,0.0,,0.0,
бадбой,бадб,0,0.0,,0,0.0,,0.0,
кармана,карма,0,0.0,,0,0.0,,0.0,
staycold,staycold,0,0.0,,0,0.0,,0.0,
directed,directed,0,0.0,,0,0.0,,0.0,
козацький,козацьк,0,0.0,,0,0.0,,0.0,
greddy,greddy,0,0.0,,0,0.0,,0.0,
захисників,захисників,0,0.0,,0,0.0,,0.0,
bury,bury,0,0.0,,0,0.0,,0.0,
сталиным,сталин,0,0.0,,0,0.0,,0.0,
iron,iron,0,0.0,,0,0.0,,0.0,
gost,gost,0,0.0,,0,0.0,,0.0,
boxing,boxing,0,0.0,,0,0.0,,0.0,
марш,марш,0,0.0,,0,0.0,,0.0,
throwback,throwback,0,0.0,,0,0.0,,0.0,
гасанова,гасанов,0,0.0,,0,0.0,,0.0,
райотдівіжн,райотдівіжн,0,0.0,,0,0.0,,0.0,
бомби,бомб,0,0.0,,0,0.0,,0.0,
exploited,exploited,0,0.0,,0,0.0,,0.0,
шут,шут,0,0.0,,0,0.0,,0.0,
вмерти,вмерт,0,0.0,,0,0.0,,0.0,
незалежність,незалежніст,0,0.0,,0,0.0,,0.0,
fruit,fruit,0,0.0,,0,0.0,,0.0,
красная,красн,0,0.0,,0,0.0,,0.0,
boriva,boriva,0,0.0,,0,0.0,,0.0,
tight,tight,0,0.0,,0,0.0,,0.0,
polos,polos,0,0.0,,0,0.0,,0.0,
mdma,mdma,0,0.0,,0,0.0,,0.0,
кастомная,кастомн,0,0.0,,0,0.0,,0.0,
воєні,воєні,0,0.0,,0,0.0,,0.0,
him,him,0,0.0,,0,0.0,,0.0,
barricade,barricade,0,0.0,,0,0.0,,0.0,
хасл,хасл,1,0.0,0.0,0,0.0,,0.0,
нептун,нептун,0,0.0,,0,0.0,,0.0,
headshot,headshot,0,0.0,,0,0.0,,0.0,
бамбас,бамбас,0,0.0,,0,0.0,,0.0,
ато,ат,0,0.0,,0,0.0,,0.0,
dad,dad,0,0.0,,0,0.0,,0.0,
пепел,пепел,0,0.0,,0,0.0,,0.0,
клямра,клямр,0,0.0,,0,0.0,,0.0,
sailor,sailor,0,0.0,,0,0.0,,0.0,
сотворение,сотворен,0,0.0,,0,0.0,,0.0,
vampirefreaks,vampirefreaks,0,0.0,,0,0.0,,0.0,
свастоун,свастоун,0,0.0,,0,0.0,,0.0,
воротом,ворот,0,0.0,,0,0.0,,0.0,
chthe,chthe,0,0.0,,0,0.0,,0.0,
manera,manera,0,0.0,,0,0.0,,0.0,
скщз,скщз,0,0.0,,0,0.0,,0.0,
karna,karna,0,0.0,,0,0.0,,0.0,
гап,гап,0,0.0,,0,0.0,,0.0,
мвг,мвг,0,0.0,,0,0.0,,0.0,
тернопіль,тернопіл,0,0.0,,0,0.0,,0.0,
mob,mob,0,0.0,,0,0.0,,0.0,
junior,junior,0,0.0,,0,0.0,,0.0,
одеваться,одева,0,0.0,,0,0.0,,0.0,
раст,раст,0,0.0,,0,0.0,,0.0,
сувеніри,сувенір,0,0.0,,0,0.0,,0.0,
icono,icono,0,0.0,,0,0.0,,0.0,
металіка,металік,0,0.0,,0,0.0,,0.0,
футболок,футболок,2,0.0,0.0,0,0.0,,0.0,
blossom,blossom,0,0.0,,0,0.0,,0.0,
колаб,колаб,0,0.0,,0,0.0,,0.0,
blanca,blanca,0,0.0,,0,0.0,,0.0,
bloodhound,bloodhound,0,0.0,,0,0.0,,0.0,
seyr,seyr,0,0.0,,0,0.0,,0.0,
cocktail,cocktail,0,0.0,,0,0.0,,0.0,
азурі,азурі,0,0.0,,0,0.0,,0.0,
ребрендинг,ребрендинг,0,0.0,,0,0.0,,0.0,
wtf,wtf,0,0.0,,0,0.0,,0.0,
unplugged,unplugged,0,0.0,,0,0.0,,0.0,
madman,madman,0,0.0,,0,0.0,,0.0,
brain,brain,0,0.0,,0,0.0,,0.0,
велес,велес,0,0.0,,0,0.0,,0.0,
слипкнот,слипкнот,0,0.0,,0,0.0,,0.0,
everlast,everlast,1,0.0,0.0,0,0.0,,0.0,
православна,православн,3,0.0,0.0,0,0.0,,0.0,
кропнутая,кропнут,0,0.0,,0,0.0,,0.0,
acke,acke,0,0.0,,0,0.0,,0.0,
jogging,jogging,1,0.0,0.0,0,0.0,,0.0,
normal,normal,0,0.0,,0,0.0,,0.0,
g59,g59,0,0.0,,0,0.0,,0.0,
pratchett,pratchett,0,0.0,,0,0.0,,0.0,
befree,befree,0,0.0,,0,0.0,,0.0,
бариста,барист,0,0.0,,0,0.0,,0.0,
daddy,daddy,0,0.0,,0,0.0,,0.0,
кофтм,кофтм,0,0.0,,0,0.0,,0.0,
кимоно,кимон,0,0.0,,0,0.0,,0.0,
масс,масс,0,0.0,,0,0.0,,0.0,
200,200,0,0.0,,0,0.0,,0.0,
локтя,локт,0,0.0,,0,0.0,,0.0,
blow,blow,0,0.0,,0,0.0,,0.0,
слів,слів,0,0.0,,0,0.0,,0.0,
hood,hood,0,0.0,,0,0.0,,0.0,
1488,1488,0,0.0,,0,0.0,,0.0,
flagberry,flagberry,0,0.0,,0,0.0,,0.0,
державний,державн,0,0.0,,0,0.0,,0.0,
мизантропик,мизантропик,0,0.0,,0,0.0,,0.0,
sabbath,sabbath,0,0.0,,0,0.0,,0.0,
hdsh,hdsh,0,0.0,,0,0.0,,0.0,
написом,напис,0,0.0,,0,0.0,,0.0,
hyper,hyper,0,0.0,,0,0.0,,0.0,
dungeon,dungeon,0,0.0,,0,0.0,,0.0,
zegna,zegna,0,0.0,,0,0.0,,0.0,
янська,янськ,0,0.0,,0,0.0,,0.0,
rave,rave,0,0.0,,0,0.0,,0.0,
днепрянин,днепрянин,0,0.0,,0,0.0,,0.0,
сатинові,сатинові,0,0.0,,0,0.0,,0.0,
mattion,mattion,0,0.0,,0,0.0,,0.0,
420,420,0,0.0,,0,0.0,,0.0,
battlewear,battlewear,0,0.0,,0,0.0,,0.0,
акта,акт,0,0.0,,0,0.0,,0.0,
honorovy,honorovy,0,0.0,,0,0.0,,0.0,
racing,racing,0,0.0,,0,0.0,,0.0,
badcat,badcat,0,0.0,,0,0.0,,0.0,
лимит,лим,0,0.0,,0,0.0,,0.0,
джейсон,джейсон,0,0.0,,0,0.0,,0.0,
fbrk,fbrk,0,0.0,,0,0.0,,0.0,
zic,zic,0,0.0,,0,0.0,,0.0,
праор,праор,0,0.0,,0,0.0,,0.0,
kills,kills,0,0.0,,0,0.0,,0.0,
flag,flag,0,0.0,,0,0.0,,0.0,
броварах,бровар,0,0.0,,0,0.0,,0.0,
eye,eye,0,0.0,,0,0.0,,0.0,
destroy,destroy,0,0.0,,0,0.0,,0.0,
dnm,dnm,0,0.0,,0,0.0,,0.0,
тінь,тін,0,0.0,,0,0.0,,0.0,
doomy,doomy,0,0.0,,0,0.0,,0.0,
jhk,jhk,0,0.0,,0,0.0,,0.0,
своі,своі,0,0.0,,0,0.0,,0.0,
щит,щит,0,0.0,,0,0.0,,0.0,
лачен,лач,0,0.0,,0,0.0,,0.0,
резервіст,резервіст,0,0.0,,0,0.0,,0.0,
штайнер,штайнер,1,0.0,0.0,0,0.0,,0.0,
bram,bram,0,0.0,,0,0.0,,0.0,
katarsis,katarsis,0,0.0,,0,0.0,,0.0,
passat,passat,0,0.0,,0,0.0,,0.0,
first,first,0,0.0,,0,0.0,,0.0,
оливейра,оливейр,0,0.0,,0,0.0,,0.0,
антифа,антиф,0,0.0,,0,0.0,,0.0,
pantaloni,pantaloni,0,0.0,,0,0.0,,0.0,
dq7881,dq7881,0,0.0,,0,0.0,,0.0,
створити,створит,0,0.0,,0,0.0,,0.0,
seekers,seekers,0,0.0,,0,0.0,,0.0,
ветмо,ветм,0,0.0,,0,0.0,,0.0,
kmfdm,kmfdm,0,0.0,,0,0.0,,0.0,
лисин,лисин,0,0.0,,0,0.0,,0.0,
xxl,xxl,0,0.0,,0,0.0,,0.0,
мордору,мордор,0,0.0,,0,0.0,,0.0,
answear,answear,0,0.0,,0,0.0,,0.0,
подарок,подарок,0,0.0,,0,0.0,,0.0,
calavera,calavera,0,0.0,,0,0.0,,0.0,
демон,демон,1,0.0,0.0,0,0.0,,0.0,
энд,энд,1,0.0,0.0,0,0.0,,0.0,
вотан,вота,0,0.0,,0,0.0,,0.0,
шерсти,шерст,0,0.0,,0,0.0,,0.0,
ніндзя,ніндзя,0,0.0,,0,0.0,,0.0,
duck,duck,0,0.0,,0,0.0,,0.0,
surrender,surrender,0,0.0,,0,0.0,,0.0,
біла,біла,0,0.0,,0,0.0,,0.0,
patriot,patriot,0,0.0,,0,0.0,,0.0,
эгоист,эгоист,0,0.0,,0,0.0,,0.0,
аліса,аліс,0,0.0,,0,0.0,,0.0,
ширинка,ширинк,0,0.0,,0,0.0,,0.0,
ample,ample,0,0.0,,0,0.0,,0.0,
inette,inette,0,0.0,,0,0.0,,0.0,
колекцій,колекці,0,0.0,,0,0.0,,0.0,
zxcursed,zxcursed,0,0.0,,0,0.0,,0.0,
вінтажні,вінтажні,0,0.0,,0,0.0,,0.0,
bottoms,bottoms,1,0.0,0.0,0,0.0,,0.0,
article,article,0,0.0,,0,0.0,,0.0,
фотка,фотк,0,0.0,,0,0.0,,0.0,
vigrid,vigrid,0,0.0,,0,0.0,,0.0,
маршмеллоу,маршмелло,0,0.0,,0,0.0,,0.0,
боривітер,боривітер,0,0.0,,0,0.0,,0.0,
пько,пько,0,0.0,,0,0.0,,0.0,
люцифер,люцифер,0,0.0,,0,0.0,,0.0,
фокстрот,фокстрот,0,0.0,,0,0.0,,0.0,
музыкантов,музыкант,0,0.0,,0,0.0,,0.0,
profi,profi,0,0.0,,0,0.0,,0.0,
хутрі,хутрі,0,0.0,,0,0.0,,0.0,
того,тог,0,0.0,,0,0.0,,0.0,
андеркавер,андеркавер,0,0.0,,0,0.0,,0.0,
cabanchi,cabanchi,0,0.0,,0,0.0,,0.0,
tmt,tmt,0,0.0,,0,0.0,,0.0,
эмо,эм,0,0.0,,0,0.0,,0.0,
venum,venum,0,0.0,,0,0.0,,0.0,
кулмакс,кулмакс,0,0.0,,0,0.0,,0.0,
whitelion,whitelion,0,0.0,,0,0.0,,0.0,
prostomayki,prostomayki,0,0.0,,0,0.0,,0.0,
ляпка,ляпк,0,0.0,,0,0.0,,0.0,
поло,пол,2,0.0,0.0,0,0.0,,0.0,
спортсменов,спортсмен,0,0.0,,0,0.0,,0.0,
мир,мир,0,0.0,,0,0.0,,0.0,
гладиатор,гладиатор,0,0.0,,0,0.0,,0.0,
олсо,олс,0,0.0,,0,0.0,,0.0,
rib,rib,0,0.0,,0,0.0,,0.0,
mark,mark,0,0.0,,0,0.0,,0.0,
спутник,спутник,0,0.0,,0,0.0,,0.0,
aggressive,aggressive,0,0.0,,0,0.0,,0.0,
forcewear,forcewear,0,0.0,,0,0.0,,0.0,
gotika,gotika,0,0.0,,0,0.0,,0.0,
маттино,маттин,0,0.0,,0,0.0,,0.0,
yessirski,yessirski,0,0.0,,0,0.0,,0.0,
avenged,avenged,0,0.0,,0,0.0,,0.0,
canoe,canoe,0,0.0,,0,0.0,,0.0,
кроссовки,кроссовк,0,0.0,,0,0.0,,0.0,
загиблому,загибл,0,0.0,,0,0.0,,0.0,
capcan,capcan,0,0.0,,0,0.0,,0.0,
сад,сад,0,0.0,,0,0.0,,0.0,
kroda,kroda,0,0.0,,0,0.0,,0.0,
nanmin,nanmin,0,0.0,,0,0.0,,0.0,
современная,современ,0,0.0,,0,0.0,,0.0,
dunderdon,dunderdon,0,0.0,,0,0.0,,0.0,
koch,koch,0,0.0,,0,0.0,,0.0,
вертикальний,вертикальн,0,0.0,,0,0.0,,0.0,
reborn,reborn,0,0.0,,0,0.0,,0.0,
foot,foot,0,0.0,,0,0.0,,0.0,
packotek,packotek,0,0.0,,0,0.0,,0.0,
myneosha,myneosha,0,0.0,,0,0.0,,0.0,
kabanchi,kabanchi,0,0.0,,0,0.0,,0.0,
vlch,vlch,0,0.0,,0,0.0,,0.0,
бокам,бок,0,0.0,,0,0.0,,0.0,
vogni,vogni,0,0.0,,0,0.0,,0.0,
fadepants,fadepants,0,0.0,,0,0.0,,0.0,
топтайм,топтайм,0,0.0,,0,0.0,,0.0,
бохо,бох,0,0.0,,0,0.0,,0.0,
гоша,гош,0,0.0,,0,0.0,,0.0,
комбідрук,комбідрук,0,0.0,,0,0.0,,0.0,
seconds,seconds,0,0.0,,0,0.0,,0.0,
бигбой,бигб,0,0.0,,0,0.0,,0.0,
uamade,uamade,0,0.0,,0,0.0,,0.0,
camp,camp,0,0.0,,0,0.0,,0.0,
muerte,muerte,0,0.0,,0,0.0,,0.0,
стали,стал,0,0.0,,0,0.0,,0.0,
зимні,зимні,0,0.0,,0,0.0,,0.0,
shmot,shmot,1,0.0,0.0,0,0.0,,0.0,
беланс,беланс,0,0.0,,0,0.0,,0.0,
рвана,рван,0,0.0,,0,0.0,,0.0,
helloween,helloween,0,0.0,,0,0.0,,0.0,
баланс,баланс,0,0.0,,0,0.0,,0.0,
afr,afr,0,0.0,,0,0.0,,0.0,
епіцентр,епіцентр,0,0.0,,0,0.0,,0.0,
firefox,firefox,0,0.0,,0,0.0,,0.0,
полузамок,полузамок,0,0.0,,0,0.0,,0.0,
intertex,intertex,0,0.0,,0,0.0,,0.0,
аэрография,аэрограф,1,0.0,0.0,0,0.0,,0.0,
американские,американск,0,0.0,,0,0.0,,0.0,
байсангур,байсангур,0,0.0,,0,0.0,,0.0,
окко,окк,0,0.0,,0,0.0,,0.0,
couture,couture,0,0.0,,0,0.0,,0.0,
андерсоул,андерсоул,0,0.0,,0,0.0,,0.0,
lud,lud,0,0.0,,0,0.0,,0.0,
риччи,ричч,0,0.0,,0,0.0,,0.0,
козлом,козл,0,0.0,,0,0.0,,0.0,
blanket,blanket,0,0.0,,0,0.0,,0.0,
нержавейка,нержавейк,0,0.0,,0,0.0,,0.0,
titan,titan,0,0.0,,0,0.0,,0.0,
оболонь,оболон,0,0.0,,0,0.0,,0.0,
лампас,лампас,0,0.0,,0,0.0,,0.0,
хакі,хакі,0,0.0,,0,0.0,,0.0,
ізюм,ізюм,0,0.0,,0,0.0,,0.0,
mobiprint,mobiprint,0,0.0,,0,0.0,,0.0,
blue,blue,0,0.0,,0,0.0,,0.0,
колінс,колінс,0,0.0,,0,0.0,,0.0,
лонгсливы,лонгслив,0,0.0,,0,0.0,,0.0,
брюкі,брюкі,0,0.0,,0,0.0,,0.0,
anarchist,anarchist,0,0.0,,0,0.0,,0.0,
erik,erik,0,0.0,,0,0.0,,0.0,
укр,укр,3,0.0,0.0,0,0.0,,0.0,
reload,reload,0,0.0,,0,0.0,,0.0,
coma,coma,0,0.0,,0,0.0,,0.0,
анжуманя,анжуман,0,0.0,,0,0.0,,0.0,
баста,баст,0,0.0,,0,0.0,,0.0,
bravery,bravery,0,0.0,,0,0.0,,0.0,
щавель,щавел,0,0.0,,0,0.0,,0.0,
защипами,защип,0,0.0,,0,0.0,,0.0,
обсервейшн,обсервейшн,0,0.0,,0,0.0,,0.0,
дием,ди,0,0.0,,0,0.0,,0.0,
завали,зава,0,0.0,,0,0.0,,0.0,
grunt,grunt,0,0.0,,0,0.0,,0.0,
кафта,кафт,0,0.0,,0,0.0,,0.0,
sindicat,sindicat,0,0.0,,0,0.0,,0.0,
gigwear,gigwear,0,0.0,,0,0.0,,0.0,
ревас,ревас,0,0.0,,0,0.0,,0.0,
верх,верх,0,0.0,,0,0.0,,0.0,
asking,asking,0,0.0,,0,0.0,,0.0,
бунтарская,бунтарск,0,0.0,,0,0.0,,0.0,
baseside,baseside,0,0.0,,0,0.0,,0.0,
йоркер,йоркер,0,0.0,,0,0.0,,0.0,
louis,louis,0,0.0,,0,0.0,,0.0,
ojo,ojo,0,0.0,,0,0.0,,0.0,
papa,papa,0,0.0,,0,0.0,,0.0,
працюю,прац,0,0.0,,0,0.0,,0.0,
авиатор,авиатор,0,0.0,,0,0.0,,0.0,
коіта,коіт,0,0.0,,0,0.0,,0.0,
стар,стар,1,0.0,0.0,0,0.0,,0.0,
whyme,whyme,0,0.0,,0,0.0,,0.0,
фокс,фокс,0,0.0,,0,0.0,,0.0,
donor,donor,0,0.0,,0,0.0,,0.0,
девушкой,девушк,1,0.0,0.0,0,0.0,,0.0,
impact,impact,0,0.0,,0,0.0,,0.0,
adibreak,adibreak,0,0.0,,0,0.0,,0.0,
влорія,влорі,0,0.0,,0,0.0,,0.0,
betket,betket,0,0.0,,0,0.0,,0.0,
cyberpunk,cyberpunk,0,0.0,,0,0.0,,0.0,
днд,днд,0,0.0,,0,0.0,,0.0,
ольга,ольг,0,0.0,,0,0.0,,0.0,
крутые,крут,1,0.0,0.0,0,0.0,,0.0,
glass,glass,0,0.0,,0,0.0,,0.0,
віра,віра,0,0.0,,0,0.0,,0.0,
jaizowear,jaizowear,0,0.0,,0,0.0,,0.0,
have,have,1,0.0,0.0,0,0.0,,0.0,
fcuk,fcuk,0,0.0,,0,0.0,,0.0,
label,label,0,0.0,,0,0.0,,0.0,
farengate,farengate,0,0.0,,0,0.0,,0.0,
jolybell,jolybell,0,0.0,,0,0.0,,0.0,
велиет,велиет,0,0.0,,0,0.0,,0.0,
kaotiko,kaotiko,0,0.0,,0,0.0,,0.0,
platoon,platoon,0,0.0,,0,0.0,,0.0,
oxxxymiron,oxxxymiron,0,0.0,,0,0.0,,0.0,
укорочені,укорочені,0,0.0,,0,0.0,,0.0,
ютуб,ютуб,0,0.0,,0,0.0,,0.0,
jkrf,jkrf,0,0.0,,0,0.0,,0.0,
vailent,vailent,0,0.0,,0,0.0,,0.0,
specialized,specialized,0,0.0,,0,0.0,,0.0,
xzavier,xzavier,0,0.0,,0,0.0,,0.0,
эдаун,эдаун,0,0.0,,0,0.0,,0.0,
kaizen,kaizen,0,0.0,,0,0.0,,0.0,
вертолетом,вертолет,0,0.0,,0,0.0,,0.0,
utopia8,utopia8,0,0.0,,0,0.0,,0.0,
moscow,moscow,0,0.0,,0,0.0,,0.0,
znwr,znwr,0,0.0,,0,0.0,,0.0,
longsleeve,longsleeve,1,0.0,0.0,0,0.0,,0.0,
bobo,bobo,0,0.0,,0,0.0,,0.0,
mmsw,mmsw,0,0.0,,0,0.0,,0.0,
масик,масик,0,0.0,,0,0.0,,0.0,
unravel,unravel,0,0.0,,0,0.0,,0.0,
avangard,avangard,0,0.0,,0,0.0,,0.0,
проджект,проджект,1,0.0,0.0,0,0.0,,0.0,
fen,fen,0,0.0,,0,0.0,,0.0,
треле,трел,0,0.0,,0,0.0,,0.0,
rsotm,rsotm,0,0.0,,0,0.0,,0.0,
pla4444,pla4444,0,0.0,,0,0.0,,0.0,
купаг,купаг,0,0.0,,0,0.0,,0.0,
буча,буч,0,0.0,,0,0.0,,0.0,
против,прот,0,0.0,,0,0.0,,0.0,
стрит,стрит,0,0.0,,0,0.0,,0.0,
lone,lone,0,0.0,,0,0.0,,0.0,
trele,trele,0,0.0,,0,0.0,,0.0,
shikardos,shikardos,0,0.0,,0,0.0,,0.0,
оун,оун,0,0.0,,0,0.0,,0.0,
washed,washed,0,0.0,,0,0.0,,0.0,
apocalypse,apocalypse,0,0.0,,0,0.0,,0.0,
сейлор,сейлор,0,0.0,,0,0.0,,0.0,
хлопця,хлопт^,0,0.0,,0,0.0,,0.0,
пиздять,пиздя,0,0.0,,0,0.0,,0.0,
стріт,стріт,0,0.0,,0,0.0,,0.0,
тайм,тайм,0,0.0,,0,0.0,,0.0,
crue,crue,0,0.0,,0,0.0,,0.0,
создать,созда,0,0.0,,0,0.0,,0.0,
7team,7team,0,0.0,,0,0.0,,0.0,
перец,перец,0,0.0,,0,0.0,,0.0,
луцьк,луцьк,0,0.0,,0,0.0,,0.0,
borer,borer,0,0.0,,0,0.0,,0.0,
монаковка,монаковк,0,0.0,,0,0.0,,0.0,
ужаса,ужас,0,0.0,,0,0.0,,0.0,
дтф,дтф,0,0.0,,0,0.0,,0.0,
182,182,0,0.0,,0,0.0,,0.0,
велюровые,велюров,0,0.0,,0,0.0,,0.0,
снамибог,снамибог,0,0.0,,0,0.0,,0.0,
made,made,0,0.0,,0,0.0,,0.0,
xstore,xstore,0,0.0,,0,0.0,,0.0,
tatysho,tatysho,0,0.0,,0,0.0,,0.0,
волонтер,волонтер,0,0.0,,0,0.0,,0.0,
magic,magic,0,0.0,,0,0.0,,0.0,
athleisure,athleisure,0,0.0,,0,0.0,,0.0,
samurai,samurai,0,0.0,,0,0.0,,0.0,
cozy,cozy,0,0.0,,0,0.0,,0.0,
кривой,крив,0,0.0,,0,0.0,,0.0,
прана,пран,0,0.0,,0,0.0,,0.0,
христос,христос,0,0.0,,0,0.0,,0.0,
boykisser,boykisser,0,0.0,,0,0.0,,0.0,
аніруш,аніруш,0,0.0,,0,0.0,,0.0,
символікою,символік,1,0.0,0.0,0,0.0,,0.0,
pit,pit,1,0.0,0.0,0,0.0,,0.0,
бойовка,бойовк,0,0.0,,0,0.0,,0.0,
capsula,capsula,0,0.0,,0,0.0,,0.0,
цивільний,цивільн,1,0.0,0.0,0,0.0,,0.0,
dnb,dnb,0,0.0,,0,0.0,,0.0,
надписью,надпис,1,0.0,0.0,0,0.0,,0.0,
threadless,threadless,0,0.0,,0,0.0,,0.0,
графіт,графіт,0,0.0,,0,0.0,,0.0,
arrow,arrow,0,0.0,,0,0.0,,0.0,
endless,endless,0,0.0,,0,0.0,,0.0,
yanki,yanki,0,0.0,,0,0.0,,0.0,
путін,путін,0,0.0,,0,0.0,,0.0,
deprimes,deprimes,0,0.0,,0,0.0,,0.0,
oversize,oversize,3,0.0,0.0,0,0.0,,0.0,
связи,связ,0,0.0,,0,0.0,,0.0,
arey,arey,0,0.0,,0,0.0,,0.0,
аеронавтика,аеронавтик,0,0.0,,0,0.0,,0.0,
desert,desert,0,0.0,,0,0.0,,0.0,
декор,декор,0,0.0,,0,0.0,,0.0,
горчичного,горчичн,0,0.0,,0,0.0,,0.0,
говорили,говор,0,0.0,,0,0.0,,0.0,
кропивницький,кропивницьк,0,0.0,,0,0.0,,0.0,
харькове,харьков,0,0.0,,0,0.0,,0.0,
magical,magical,0,0.0,,0,0.0,,0.0,
level,level,0,0.0,,0,0.0,,0.0,
тесла,тесл,0,0.0,,0,0.0,,0.0,
леопардовая,леопардов,0,0.0,,0,0.0,,0.0,
ракета,ракет,0,0.0,,0,0.0,,0.0,
printach,printach,0,0.0,,0,0.0,,0.0,
badboy,badboy,0,0.0,,0,0.0,,0.0,
настольная,настольн,0,0.0,,0,0.0,,0.0,
udth,udth,0,0.0,,0,0.0,,0.0,
hells,hells,0,0.0,,0,0.0,,0.0,
sabi,sabi,0,0.0,,0,0.0,,0.0,
молот,молот,2,0.0,0.0,0,0.0,,0.0,
брудой,бруд,0,0.0,,0,0.0,,0.0,
туди,туд,0,0.0,,0,0.0,,0.0,
монолит,монол,0,0.0,,0,0.0,,0.0,
адамская,адамск,0,0.0,,0,0.0,,0.0,
малюнком,малюнк,0,0.0,,0,0.0,,0.0,
1983,1983,0,0.0,,0,0.0,,0.0,
rodeo,rodeo,0,0.0,,0,0.0,,0.0,
артерікс,артерікс,0,0.0,,0,0.0,,0.0,
alfalife,alfalife,0,0.0,,0,0.0,,0.0,
выпускной,выпускн,0,0.0,,0,0.0,,0.0,
tensin,tensin,0,0.0,,0,0.0,,0.0,
миллениум,миллениум,0,0.0,,0,0.0,,0.0,
arber,arber,0,0.0,,0,0.0,,0.0,
ferrari,ferrari,0,0.0,,0,0.0,,0.0,
однієї,однієї,0,0.0,,0,0.0,,0.0,
антисошл,антисошл,0,0.0,,0,0.0,,0.0,
mbocharova,mbocharova,0,0.0,,0,0.0,,0.0,
cote,cote,0,0.0,,0,0.0,,0.0,
айдар,айдар,0,0.0,,0,0.0,,0.0,
pleasures,pleasures,0,0.0,,0,0.0,,0.0,
tearz,tearz,0,0.0,,0,0.0,,0.0,
clan,clan,0,0.0,,0,0.0,,0.0,
художников,художник,0,0.0,,0,0.0,,0.0,
велоспорт,велоспорт,0,0.0,,0,0.0,,0.0,
скрипка,скрипк,0,0.0,,0,0.0,,0.0,
4308,4308,0,0.0,,0,0.0,,0.0,
bezbrendu,bezbrendu,0,0.0,,0,0.0,,0.0,
motionless,motionless,0,0.0,,0,0.0,,0.0,
вальхейм,вальхейм,0,0.0,,0,0.0,,0.0,
смерч,смерч,0,0.0,,0,0.0,,0.0,
amoslook,amoslook,0,0.0,,0,0.0,,0.0,
левіс,левіс,0,0.0,,0,0.0,,0.0,
хорошій,хороші,0,0.0,,0,0.0,,0.0,
теніску,теніск,0,0.0,,0,0.0,,0.0,
sweatshirt,sweatshirt,0,0.0,,0,0.0,,0.0,
гвер,гвер,0,0.0,,0,0.0,,0.0,
svarga,svarga,0,0.0,,0,0.0,,0.0,
greyfivenine,greyfivenine,0,0.0,,0,0.0,,0.0,
мотострелковые,мотострелков,0,0.0,,0,0.0,,0.0,
ніколи,нікол,0,0.0,,0,0.0,,0.0,
molfar,molfar,0,0.0,,0,0.0,,0.0,
sweyka,sweyka,0,0.0,,0,0.0,,0.0,
вбрано,вбран,0,0.0,,0,0.0,,0.0,
zukina,zukina,0,0.0,,0,0.0,,0.0,
алладины,алладин,0,0.0,,0,0.0,,0.0,
xxxl,xxxl,0,0.0,,0,0.0,,0.0,
hussl,hussl,0,0.0,,0,0.0,,0.0,
ганеша,ганеш,0,0.0,,0,0.0,,0.0,
team,team,0,0.0,,0,0.0,,0.0,
landmvrks,landmvrks,0,0.0,,0,0.0,,0.0,
ankle,ankle,0,0.0,,0,0.0,,0.0,
повседневные,повседневн,0,0.0,,0,0.0,,0.0,
sva,sva,0,0.0,,0,0.0,,0.0,
корд,корд,0,0.0,,0,0.0,,0.0,
hannya,hannya,0,0.0,,0,0.0,,0.0,
покрас,покрас,0,0.0,,0,0.0,,0.0,
інтертоп,інтертоп,0,0.0,,0,0.0,,0.0,
rugatchi,rugatchi,0,0.0,,0,0.0,,0.0,
ahha,ahha,0,0.0,,0,0.0,,0.0,
джура,джур,0,0.0,,0,0.0,,0.0,
сверхчеловек,сверхчеловек,0,0.0,,0,0.0,,0.0,
скаржинці,скаржинці,0,0.0,,0,0.0,,0.0,
eluveitie,eluveitie,0,0.0,,0,0.0,,0.0,
енергетик,енергетик,0,0.0,,0,0.0,,0.0,
remember,remember,0,0.0,,0,0.0,,0.0,
estandartes,estandartes,0,0.0,,0,0.0,,0.0,
ымфыещту,ымфыещт,0,0.0,,0,0.0,,0.0,
полотнище,полотнищ,0,0.0,,0,0.0,,0.0,
trash,trash,0,0.0,,0,0.0,,0.0,
батник,батник,0,0.0,,0,0.0,,0.0,
cargo,cargo,0,0.0,,0,0.0,,0.0,
unsleeping,unsleeping,0,0.0,,0,0.0,,0.0,
файфа,файф,0,0.0,,0,0.0,,0.0,
day,day,0,0.0,,0,0.0,,0.0,
companygroup,companygroup,0,0.0,,0,0.0,,0.0,
паскуда,паскуд,0,0.0,,0,0.0,,0.0,
andar,andar,0,0.0,,0,0.0,,0.0,
ужгород,ужгород,0,0.0,,0,0.0,,0.0,
likey,likey,0,0.0,,0,0.0,,0.0,
ramon,ramon,0,0.0,,0,0.0,,0.0,
декстер,декстер,0,0.0,,0,0.0,,0.0,
chaos,chaos,0,0.0,,0,0.0,,0.0,
оранжевая,оранжев,0,0.0,,0,0.0,,0.0,
благодійний,благодійн,0,0.0,,0,0.0,,0.0,
топовые,топов,0,0.0,,0,0.0,,0.0,
талисман,талисма,0,0.0,,0,0.0,,0.0,
vertemberg,vertemberg,0,0.0,,0,0.0,,0.0,
kovalevskiy,kovalevskiy,0,0.0,,0,0.0,,0.0,
saywear,saywear,0,0.0,,0,0.0,,0.0,
миллионер,миллионер,0,0.0,,0,0.0,,0.0,
young,young,3,0.0,0.0,0,0.0,,0.0,
gorgoroth,gorgoroth,0,0.0,,0,0.0,,0.0,
півень,півен,0,0.0,,0,0.0,,0.0,
nafo,nafo,0,0.0,,0,0.0,,0.0,
code,code,0,0.0,,0,0.0,,0.0,
acg,acg,0,0.0,,0,0.0,,0.0,
бджілка,бджілка,0,0.0,,0,0.0,,0.0,
tee,tee,0,0.0,,0,0.0,,0.0,
christ,christ,0,0.0,,0,0.0,,0.0,
потертостями,потерт,0,0.0,,0,0.0,,0.0,
halva,halva,0,0.0,,0,0.0,,0.0,
yon,yon,0,0.0,,0,0.0,,0.0,
enfants,enfants,0,0.0,,0,0.0,,0.0,
benighted,benighted,0,0.0,,0,0.0,,0.0,
цукерберга,цукерберг,0,0.0,,0,0.0,,0.0,
бабаяга,бабаяг,0,0.0,,0,0.0,,0.0,
цифровий,цифров,0,0.0,,0,0.0,,0.0,
охтирки,охтирк,0,0.0,,0,0.0,,0.0,
патриотичні,патриотичні,0,0.0,,0,0.0,,0.0,
marco,marco,0,0.0,,0,0.0,,0.0,
поликоттон,поликоттон,0,0.0,,0,0.0,,0.0,
завязках,завязк,0,0.0,,0,0.0,,0.0,
borgir,borgir,0,0.0,,0,0.0,,0.0,
штанв,штанв,0,0.0,,0,0.0,,0.0,
achilles,achilles,0,0.0,,0,0.0,,0.0,
артилерії,артилерії,1,0.0,0.0,0,0.0,,0.0,
advocate,advocate,0,0.0,,0,0.0,,0.0,
орлом,орл,0,0.0,,0,0.0,,0.0,
nptn,nptn,0,0.0,,0,0.0,,0.0,
куртка,куртк,0,0.0,,0,0.0,,0.0,
rotting,rotting,0,0.0,,0,0.0,,0.0,
ukrforma,ukrforma,1,0.0,0.0,0,0.0,,0.0,
dakhabrakha,dakhabrakha,0,0.0,,0,0.0,,0.0,
pig,pig,0,0.0,,0,0.0,,0.0,
позер,позер,0,0.0,,0,0.0,,0.0,
йода,йод,0,0.0,,0,0.0,,0.0,
matiko,matiko,0,0.0,,0,0.0,,0.0,
diil,diil,0,0.0,,0,0.0,,0.0,
тачини,тачин,0,0.0,,0,0.0,,0.0,
odesa,odesa,0,0.0,,0,0.0,,0.0,
русофобія,русофобі,0,0.0,,0,0.0,,0.0,
жвавий,жвав,0,0.0,,0,0.0,,0.0,
assembly,assembly,0,0.0,,0,0.0,,0.0,
war,war,0,0.0,,0,0.0,,0.0,
nyc,nyc,0,0.0,,0,0.0,,0.0,
filth,filth,0,0.0,,0,0.0,,0.0,
foya,foya,0,0.0,,0,0.0,,0.0,
стилі,стилі,0,0.0,,0,0.0,,0.0,
бабочками,бабочк,0,0.0,,0,0.0,,0.0,
ксеня,ксен,0,0.0,,0,0.0,,0.0,
initial,initial,0,0.0,,0,0.0,,0.0,
bilskirnir,bilskirnir,0,0.0,,0,0.0,,0.0,
bpg,bpg,0,0.0,,0,0.0,,0.0,
cursed,cursed,0,0.0,,0,0.0,,0.0,
баскетбол,баскетбол,0,0.0,,0,0.0,,0.0,
під,під,0,0.0,,0,0.0,,0.0,
synth,synth,0,0.0,,0,0.0,,0.0,
стули,стул,0,0.0,,0,0.0,,0.0,
всіх,всіх,0,0.0,,0,0.0,,0.0,
dobroshmot,dobroshmot,0,0.0,,0,0.0,,0.0,
scuba,scuba,0,0.0,,0,0.0,,0.0,
blato,blato,0,0.0,,0,0.0,,0.0,
хищник,хищник,0,0.0,,0,0.0,,0.0,
кост,кост,0,0.0,,0,0.0,,0.0,
матіко,матік,0,0.0,,0,0.0,,0.0,
wip,wip,0,0.0,,0,0.0,,0.0,
varingr,varingr,0,0.0,,0,0.0,,0.0,
people,people,0,0.0,,0,0.0,,0.0,
mard,mard,0,0.0,,0,0.0,,0.0,
riding,riding,0,0.0,,0,0.0,,0.0,
im1337,im1337,0,0.0,,0,0.0,,0.0,
davril,davril,0,0.0,,0,0.0,,0.0,
штандарт,штандарт,0,0.0,,0,0.0,,0.0,
сплин,сплин,0,0.0,,0,0.0,,0.0,
dnipro,dnipro,0,0.0,,0,0.0,,0.0,
дневники,дневник,0,0.0,,0,0.0,,0.0,
spun,spun,0,0.0,,0,0.0,,0.0,
світер,світер,0,0.0,,0,0.0,,0.0,
байкерські,байкерські,0,0.0,,0,0.0,,0.0,
batcat,batcat,1,0.0,0.0,0,0.0,,0.0,
onlyscam,onlyscam,0,0.0,,0,0.0,,0.0,
3хл,3хл,0,0.0,,0,0.0,,0.0,
fittiloo,fittiloo,0,0.0,,0,0.0,,0.0,
коханок,коханок,0,0.0,,0,0.0,,0.0,
опіум,опіум,0,0.0,,0,0.0,,0.0,
мої,мої,0,0.0,,0,0.0,,0.0,
resident,resident,0,0.0,,0,0.0,,0.0,
ошб,ошб,1,0.0,0.0,0,0.0,,0.0,
чарльз,чарльз,0,0.0,,0,0.0,,0.0,
hail,hail,0,0.0,,0,0.0,,0.0,
велмет,велмет,0,0.0,,0,0.0,,0.0,
megadeth,megadeth,0,0.0,,0,0.0,,0.0,
зброї,зброї,0,0.0,,0,0.0,,0.0,
ємне,ємне,0,0.0,,0,0.0,,0.0,
иисусом,иисус,0,0.0,,0,0.0,,0.0,
freeki,freeki,0,0.0,,0,0.0,,0.0,
peresvit,peresvit,0,0.0,,0,0.0,,0.0,
je3977,je3977,0,0.0,,0,0.0,,0.0,
свит,свит,0,0.0,,0,0.0,,0.0,
змпка,змпка,0,0.0,,0,0.0,,0.0,
физру,физр,0,0.0,,0,0.0,,0.0,
benya,benya,0,0.0,,0,0.0,,0.0,
tongue,tongue,0,0.0,,0,0.0,,0.0,
yakakula,yakakula,0,0.0,,0,0.0,,0.0,
mixishop,mixishop,0,0.0,,0,0.0,,0.0,
trappa,trappa,0,0.0,,0,0.0,,0.0,
skhvatka,skhvatka,0,0.0,,0,0.0,,0.0,
люфтваффе,люфтвафф,0,0.0,,0,0.0,,0.0,
neuclassics,neuclassics,0,0.0,,0,0.0,,0.0,
swash,swash,0,0.0,,0,0.0,,0.0,
барбери,барбер,0,0.0,,0,0.0,,0.0,
дайм,дайм,0,0.0,,0,0.0,,0.0,
hardbass,hardbass,0,0.0,,0,0.0,,0.0,
longfei,longfei,0,0.0,,0,0.0,,0.0,
худрич,худрич,0,0.0,,0,0.0,,0.0,
швы,швы,0,0.0,,0,0.0,,0.0,
енд,енд,0,0.0,,0,0.0,,0.0,
сохрани,сохран,0,0.0,,0,0.0,,0.0,
тему,тем,0,0.0,,0,0.0,,0.0,
ndsp,ndsp,0,0.0,,0,0.0,,0.0,
кріпак,кріпак,0,0.0,,0,0.0,,0.0,
mastermind,mastermind,0,0.0,,0,0.0,,0.0,
teepublic,teepublic,0,0.0,,0,0.0,,0.0,
our,our,0,0.0,,0,0.0,,0.0,
unaffected,unaffected,0,0.0,,0,0.0,,0.0,
bukvica,bukvica,0,0.0,,0,0.0,,0.0,
cartel,cartel,0,0.0,,0,0.0,,0.0,
1702,1702,0,0.0,,0,0.0,,0.0,
кріпити,кріпит,1,0.0,0.0,0,0.0,,0.0,
ifsixwasnine,ifsixwasnine,0,0.0,,0,0.0,,0.0,
swiss,swiss,0,0.0,,0,0.0,,0.0,
places,places,0,0.0,,0,0.0,,0.0,
пантера,пантер,0,0.0,,0,0.0,,0.0,
ololol,ololol,0,0.0,,0,0.0,,0.0,
nocta,nocta,0,0.0,,0,0.0,,0.0,
motanka,motanka,0,0.0,,0,0.0,,0.0,
етнофутуризм,етнофутуризм,0,0.0,,0,0.0,,0.0,
pank,pank,0,0.0,,0,0.0,,0.0,
мого,мог,0,0.0,,0,0.0,,0.0,
егермейстер,егермейстер,0,0.0,,0,0.0,,0.0,
pia,pia,0,0.0,,0,0.0,,0.0,
svmoscow,svmoscow,0,0.0,,0,0.0,,0.0,
drop,drop,1,0.0,0.0,0,0.0,,0.0,
неизбежен,неизбеж,0,0.0,,0,0.0,,0.0,
мейби,мейб,0,0.0,,0,0.0,,0.0,
rhude,rhude,0,0.0,,0,0.0,,0.0,
blessthefall,blessthefall,0,0.0,,0,0.0,,0.0,
most,most,0,0.0,,0,0.0,,0.0,
mxdvs,mxdvs,0,0.0,,0,0.0,,0.0,
maxi,maxi,0,0.0,,0,0.0,,0.0,
donbasonia,donbasonia,0,0.0,,0,0.0,,0.0,
щирокі,щирокі,0,0.0,,0,0.0,,0.0,
стелла,стелл,0,0.0,,0,0.0,,0.0,
flaga,flaga,0,0.0,,0,0.0,,0.0,
осовец,осовец,0,0.0,,0,0.0,,0.0,
полотенце,полотенц,0,0.0,,0,0.0,,0.0,
amnesia,amnesia,0,0.0,,0,0.0,,0.0,
топорами,топор,0,0.0,,0,0.0,,0.0,
машиною,машин,0,0.0,,0,0.0,,0.0,
молли,молл,0,0.0,,0,0.0,,0.0,
gnizdo,gnizdo,0,0.0,,0,0.0,,0.0,
тривожна,тривожн,0,0.0,,0,0.0,,0.0,
гаара,гаар,0,0.0,,0,0.0,,0.0,
антон,антон,0,0.0,,0,0.0,,0.0,
vika,vika,0,0.0,,0,0.0,,0.0,
националистическая,националистическ,0,0.0,,0,0.0,,0.0,
ь8д8ер,ь8д8ер,0,0.0,,0,0.0,,0.0,
oaf,oaf,0,0.0,,0,0.0,,0.0,
ріжками,ріжкам,0,0.0,,0,0.0,,0.0,
плотная,плотн,0,0.0,,0,0.0,,0.0,
araman,araman,0,0.0,,0,0.0,,0.0,
вышиванка,вышиванк,0,0.0,,0,0.0,,0.0,
мають,мают,0,0.0,,0,0.0,,0.0,
рыбий,рыб,0,0.0,,0,0.0,,0.0,
portal,portal,0,0.0,,0,0.0,,0.0,
hibrand,hibrand,0,0.0,,0,0.0,,0.0,
dsquared2,dsquared2,0,0.0,,0,0.0,,0.0,
gart,gart,2,0.0,0.0,0,0.0,,0.0,
омега,омег,0,0.0,,0,0.0,,0.0,
графит,граф,0,0.0,,0,0.0,,0.0,
відро,відро,0,0.0,,0,0.0,,0.0,
львов,львов,0,0.0,,0,0.0,,0.0,
oceanclo,oceanclo,0,0.0,,0,0.0,,0.0,
киев,ки,0,0.0,,0,0.0,,0.0,
чернівці,чернівці,0,0.0,,0,0.0,,0.0,
повісити,повісит,0,0.0,,0,0.0,,0.0,
мотанка,мотанк,1,0.0,0.0,0,0.0,,0.0,
вертемберг,вертемберг,0,0.0,,0,0.0,,0.0,
sport,sport,0,0.0,,0,0.0,,0.0,
гwear,гwеар,0,0.0,,0,0.0,,0.0,
зброю,збро,0,0.0,,0,0.0,,0.0,
манескин,манескин,0,0.0,,0,0.0,,0.0,
sonic24,sonic24,0,0.0,,0,0.0,,0.0,
ethik,ethik,0,0.0,,0,0.0,,0.0,
parkway,parkway,0,0.0,,0,0.0,,0.0,
plain,plain,0,0.0,,0,0.0,,0.0,
сва,сва,0,0.0,,0,0.0,,0.0,
націоналіста,націоналіст,0,0.0,,0,0.0,,0.0,
штант,штант,0,0.0,,0,0.0,,0.0,
наталі,наталі,0,0.0,,0,0.0,,0.0,
теч,теч,0,0.0,,0,0.0,,0.0,
acoola,acoola,0,0.0,,0,0.0,,0.0,
эмпт,эмпт,0,0.0,,0,0.0,,0.0,
lynx,lynx,0,0.0,,0,0.0,,0.0,
cupage,cupage,0,0.0,,0,0.0,,0.0,
road,road,0,0.0,,0,0.0,,0.0,
jordan,jordan,0,0.0,,0,0.0,,0.0,
луганська,луганськ,0,0.0,,0,0.0,,0.0,
birds,birds,0,0.0,,0,0.0,,0.0,
nation,nation,0,0.0,,0,0.0,,0.0,
бимбо,бимб,0,0.0,,0,0.0,,0.0,
loqiemean,loqiemean,0,0.0,,0,0.0,,0.0,
alternative,alternative,0,0.0,,0,0.0,,0.0,
пуловер,пуловер,0,0.0,,0,0.0,,0.0,
новинки,новинк,0,0.0,,0,0.0,,0.0,
horror,horror,0,0.0,,0,0.0,,0.0,
длина,длин,0,0.0,,0,0.0,,0.0,
бед,бед,0,0.0,,0,0.0,,0.0,
ибис,ибис,0,0.0,,0,0.0,,0.0,
sb21,sb21,0,0.0,,0,0.0,,0.0,
airhub,airhub,0,0.0,,0,0.0,,0.0,
mortum,mortum,0,0.0,,0,0.0,,0.0,
фалг,фалг,0,0.0,,0,0.0,,0.0,
плед,плед,0,0.0,,0,0.0,,0.0,
трофім,трофім,0,0.0,,0,0.0,,0.0,
amenra,amenra,0,0.0,,0,0.0,,0.0,
крепить,креп,0,0.0,,0,0.0,,0.0,
сварщик,сварщик,0,0.0,,0,0.0,,0.0,
петро,петр,0,0.0,,0,0.0,,0.0,
циферблат,циферблат,0,0.0,,0,0.0,,0.0,
балак,балак,0,0.0,,0,0.0,,0.0,
threadfast,threadfast,0,0.0,,0,0.0,,0.0,
solovey,solovey,0,0.0,,0,0.0,,0.0,
талісман,талісма,0,0.0,,0,0.0,,0.0,
tentacles,tentacles,0,0.0,,0,0.0,,0.0,
домашні,домашні,0,0.0,,0,0.0,,0.0,
ск8,ск8,0,0.0,,0,0.0,,0.0,
nner,nner,0,0.0,,0,0.0,,0.0,
notaboo,notaboo,0,0.0,,0,0.0,,0.0,
originals,originals,0,0.0,,0,0.0,,0.0,
noize,noize,0,0.0,,0,0.0,,0.0,
траур,траур,0,0.0,,0,0.0,,0.0,
yeezy,yeezy,0,0.0,,0,0.0,,0.0,
лінія,лінія,0,0.0,,0,0.0,,0.0,
пуленбір,пуленбір,0,0.0,,0,0.0,,0.0,
найкращі,найкращі,0,0.0,,0,0.0,,0.0,
бажане,бажан,0,0.0,,0,0.0,,0.0,
favorite,favorite,0,0.0,,0,0.0,,0.0,
garments,garments,0,0.0,,0,0.0,,0.0,
клеш,клеш,0,0.0,,0,0.0,,0.0,
crimea,crimea,0,0.0,,0,0.0,,0.0,
слаксы,слакс,0,0.0,,0,0.0,,0.0,
шмот,шмот,0,0.0,,0,0.0,,0.0,
carson,carson,0,0.0,,0,0.0,,0.0,
fallout,fallout,0,0.0,,0,0.0,,0.0,
капель,капел,0,0.0,,0,0.0,,0.0,
solid,solid,0,0.0,,0,0.0,,0.0,
ochi,ochi,0,0.0,,0,0.0,,0.0,
civarize,civarize,0,0.0,,0,0.0,,0.0,
kims,kims,0,0.0,,0,0.0,,0.0,
eyelets,eyelets,0,0.0,,0,0.0,,0.0,
deliverance,deliverance,0,0.0,,0,0.0,,0.0,
оргазм,оргазм,0,0.0,,0,0.0,,0.0,
креатив,креат,0,0.0,,0,0.0,,0.0,
head,head,1,0.0,0.0,0,0.0,,0.0,
систем,сист,0,0.0,,0,0.0,,0.0,
diaries,diaries,0,0.0,,0,0.0,,0.0,
грузинской,грузинск,0,0.0,,0,0.0,,0.0,
cthulhu,cthulhu,0,0.0,,0,0.0,,0.0,
nin,nin,0,0.0,,0,0.0,,0.0,
siluet,siluet,0,0.0,,0,0.0,,0.0,
kidill,kidill,0,0.0,,0,0.0,,0.0,
эдж,эдж,0,0.0,,0,0.0,,0.0,
sumwon,sumwon,0,0.0,,0,0.0,,0.0,
blood,blood,0,0.0,,0,0.0,,0.0,
джесси,джесс,0,0.0,,0,0.0,,0.0,
burton,burton,0,0.0,,0,0.0,,0.0,
болен,бол,0,0.0,,0,0.0,,0.0,
alexander,alexander,0,0.0,,0,0.0,,0.0,
ярмак,ярмак,0,0.0,,0,0.0,,0.0,
ремінь,ремін,0,0.0,,0,0.0,,0.0,
mainless,mainless,0,0.0,,0,0.0,,0.0,
львів,львів,1,0.0,0.0,0,0.0,,0.0,
зипкп,зипкп,0,0.0,,0,0.0,,0.0,
лестер,лестер,0,0.0,,0,0.0,,0.0,
warcraft,warcraft,0,0.0,,0,0.0,,0.0,
7skystore,7skystore,0,0.0,,0,0.0,,0.0,
cher,cher,0,0.0,,0,0.0,,0.0,
писок,писок,0,0.0,,0,0.0,,0.0,
клятва,клятв,0,0.0,,0,0.0,,0.0,
nichogo,nichogo,1,0.0,0.0,0,0.0,,0.0,
raggtop,raggtop,0,0.0,,0,0.0,,0.0,
абьюз,абьюз,0,0.0,,0,0.0,,0.0,
classic,classic,0,0.0,,0,0.0,,0.0,
майкасофт,майкасофт,0,0.0,,0,0.0,,0.0,
dota,dota,0,0.0,,0,0.0,,0.0,
wampire,wampire,0,0.0,,0,0.0,,0.0,
cropp,cropp,6,0.0,0.0,0,0.0,,0.0,
ogon,ogon,0,0.0,,0,0.0,,0.0,
goblin,goblin,0,0.0,,0,0.0,,0.0,
reebok,reebok,0,0.0,,0,0.0,,0.0,
femme,femme,0,0.0,,0,0.0,,0.0,
веган,вега,0,0.0,,0,0.0,,0.0,
akkad,akkad,0,0.0,,0,0.0,,0.0,
stk,stk,0,0.0,,0,0.0,,0.0,
кровосток,кровосток,0,0.0,,0,0.0,,0.0,
infyb,infyb,0,0.0,,0,0.0,,0.0,
рекс,рекс,0,0.0,,0,0.0,,0.0,
ветеран,ветера,0,0.0,,0,0.0,,0.0,
escudo,escudo,0,0.0,,0,0.0,,0.0,
рубчинский,рубчинск,0,0.0,,0,0.0,,0.0,
bbb,bbb,0,0.0,,0,0.0,,0.0,
forealsket,forealsket,0,0.0,,0,0.0,,0.0,
sabotage,sabotage,0,0.0,,0,0.0,,0.0,
молящегося,моля,0,0.0,,0,0.0,,0.0,
добрякова,добряков,0,0.0,,0,0.0,,0.0,
чернігів,чернігів,0,0.0,,0,0.0,,0.0,
fainy,fainy,0,0.0,,0,0.0,,0.0,
morgenshtern,morgenshtern,0,0.0,,0,0.0,,0.0,
бамбук,бамбук,0,0.0,,0,0.0,,0.0,
like,like,0,0.0,,0,0.0,,0.0,
20471120,20471120,0,0.0,,0,0.0,,0.0,
trepaneringsritualen,trepaneringsritualen,0,0.0,,0,0.0,,0.0,
троещина,троещин,0,0.0,,0,0.0,,0.0,
кобейн,кобейн,0,0.0,,0,0.0,,0.0,
cat,cat,0,0.0,,0,0.0,,0.0,
кікбоксингу,кікбоксинг,1,0.0,0.0,0,0.0,,0.0,
вельветові,вельветові,0,0.0,,0,0.0,,0.0,
бэйп,бэйп,0,0.0,,0,0.0,,0.0,
themadness,themadness,0,0.0,,0,0.0,,0.0,
терминатор,терминатор,0,0.0,,0,0.0,,0.0,
лук,лук,0,0.0,,0,0.0,,0.0,
chelsea,chelsea,0,0.0,,0,0.0,,0.0,
linamalina,linamalina,0,0.0,,0,0.0,,0.0,
styleclub,styleclub,0,0.0,,0,0.0,,0.0,
шаровари,шаровар,0,0.0,,0,0.0,,0.0,
літнє,літнє,0,0.0,,0,0.0,,0.0,
дівіжин,дівіжин,0,0.0,,0,0.0,,0.0,
кажана,кажа,0,0.0,,0,0.0,,0.0,
дивні,дивні,0,0.0,,0,0.0,,0.0,
тримачі,тримачі,0,0.0,,0,0.0,,0.0,
йобаний,йобан,0,0.0,,0,0.0,,0.0,
хортиця,хортит^,0,0.0,,0,0.0,,0.0,
бобка,бобк,0,0.0,,0,0.0,,0.0,
tally,tally,0,0.0,,0,0.0,,0.0,
президента,президент,0,0.0,,0,0.0,,0.0,
плотность,плотност,0,0.0,,0,0.0,,0.0,
totenkopf,totenkopf,0,0.0,,0,0.0,,0.0,
vladak,vladak,0,0.0,,0,0.0,,0.0,
років,років,0,0.0,,0,0.0,,0.0,
подільський,подільськ,0,0.0,,0,0.0,,0.0,
тренд,тренд,0,0.0,,0,0.0,,0.0,
мега,мег,0,0.0,,0,0.0,,0.0,
боріва,борів,0,0.0,,0,0.0,,0.0,
университет,университет,0,0.0,,0,0.0,,0.0,
siz,siz,0,0.0,,0,0.0,,0.0,
амири,амир,0,0.0,,0,0.0,,0.0,
борщ,борщ,0,0.0,,0,0.0,,0.0,
kingdom,kingdom,0,0.0,,0,0.0,,0.0,
літній,літній,0,0.0,,0,0.0,,0.0,
картина,картин,1,0.0,0.0,0,0.0,,0.0,
loft,loft,0,0.0,,0,0.0,,0.0,
фітнесу,фітнес,0,0.0,,0,0.0,,0.0,
гроза,гроз,0,0.0,,0,0.0,,0.0,
99s,99s,0,0.0,,0,0.0,,0.0,
смертных,смертн,0,0.0,,0,0.0,,0.0,
snoopy,snoopy,0,0.0,,0,0.0,,0.0,
чтобы,чтоб,0,0.0,,0,0.0,,0.0,
shyne,shyne,0,0.0,,0,0.0,,0.0,
варяг,варяг,0,0.0,,0,0.0,,0.0,
termit,termit,0,0.0,,0,0.0,,0.0,
фрівер,фрівер,0,0.0,,0,0.0,,0.0,
бензо,бенз,0,0.0,,0,0.0,,0.0,
loliparadise,loliparadise,0,0.0,,0,0.0,,0.0,
fugati,fugati,0,0.0,,0,0.0,,0.0,
клозес,клозес,0,0.0,,0,0.0,,0.0,
knack,knack,0,0.0,,0,0.0,,0.0,
feeling,feeling,0,0.0,,0,0.0,,0.0,
цьому,цьом,0,0.0,,0,0.0,,0.0,
varsity,varsity,0,0.0,,0,0.0,,0.0,
миллениал,миллениа,0,0.0,,0,0.0,,0.0,
maincast,maincast,0,0.0,,0,0.0,,0.0,
начосом,начос,0,0.0,,0,0.0,,0.0,
immortal,immortal,0,0.0,,0,0.0,,0.0,
пальмами,пальм,0,0.0,,0,0.0,,0.0,
cher17,cher17,0,0.0,,0,0.0,,0.0,
250,250,0,0.0,,0,0.0,,0.0,
бережет,бережет,0,0.0,,0,0.0,,0.0,
pgwear,pgwear,0,0.0,,0,0.0,,0.0,
диверсия,диверс,0,0.0,,0,0.0,,0.0,
метал,мета,1,0.0,0.0,0,0.0,,0.0,
alchemised,alchemised,0,0.0,,0,0.0,,0.0,
ревуть,ревут,0,0.0,,0,0.0,,0.0,
райдивижн,райдивижн,0,0.0,,0,0.0,,0.0,
психоделическая,психоделическ,0,0.0,,0,0.0,,0.0,
golf,golf,0,0.0,,0,0.0,,0.0,
secret,secret,0,0.0,,0,0.0,,0.0,
саітшот,саітшот,0,0.0,,0,0.0,,0.0,
пожарнику,пожарник,0,0.0,,0,0.0,,0.0,
gorgany,gorgany,0,0.0,,0,0.0,,0.0,
реп,реп,0,0.0,,0,0.0,,0.0,
бендеровский,бендеровск,0,0.0,,0,0.0,,0.0,
самурая,самур,1,0.0,0.0,0,0.0,,0.0,
родина,родин,0,0.0,,0,0.0,,0.0,
утяжках,утяжк,0,0.0,,0,0.0,,0.0,
review,review,0,0.0,,0,0.0,,0.0,
шафа,шаф,0,0.0,,0,0.0,,0.0,
vinden,vinden,0,0.0,,0,0.0,,0.0,
gift,gift,0,0.0,,0,0.0,,0.0,
девушек,девушек,1,0.0,0.0,0,0.0,,0.0,
обои,обо,0,0.0,,0,0.0,,0.0,
підписами,підпис,0,0.0,,0,0.0,,0.0,
брендовані,брендовані,0,0.0,,0,0.0,,0.0,
elysianclo,elysianclo,0,0.0,,0,0.0,,0.0,
dirty,dirty,0,0.0,,0,0.0,,0.0,
поварские,поварск,0,0.0,,0,0.0,,0.0,
носферату,носферат,0,0.0,,0,0.0,,0.0,
okvi,okvi,0,0.0,,0,0.0,,0.0,
broken,broken,0,0.0,,0,0.0,,0.0,
індастріз,індастріз,0,0.0,,0,0.0,,0.0,
напапири,напапир,0,0.0,,0,0.0,,0.0,
ukraini,ukraini,0,0.0,,0,0.0,,0.0,
daria,daria,0,0.0,,0,0.0,,0.0,
ме4,ме4,0,0.0,,0,0.0,,0.0,
сікрет,сікрет,0,0.0,,0,0.0,,0.0,
ultrakill,ultrakill,0,0.0,,0,0.0,,0.0,
красиві,красиві,0,0.0,,0,0.0,,0.0,
китай,кита,0,0.0,,0,0.0,,0.0,
хуманс,хуманс,0,0.0,,0,0.0,,0.0,
bsd,bsd,0,0.0,,0,0.0,,0.0,
оружием,оруж,0,0.0,,0,0.0,,0.0,
бланковый,бланков,0,0.0,,0,0.0,,0.0,
дощовик,дощовик,0,0.0,,0,0.0,,0.0,
стражи,страж,0,0.0,,0,0.0,,0.0,
scastone,scastone,0,0.0,,0,0.0,,0.0,
acw,acw,0,0.0,,0,0.0,,0.0,
shalt,shalt,0,0.0,,0,0.0,,0.0,
customwear,customwear,0,0.0,,0,0.0,,0.0,
гідазепам,гідазеп,0,0.0,,0,0.0,,0.0,
black,black,1,0.0,0.0,0,0.0,,0.0,
bunker,bunker,0,0.0,,0,0.0,,0.0,
futbolka,futbolka,0,0.0,,0,0.0,,0.0,
літо,літо,1,0.0,0.0,0,0.0,,0.0,
оливковая,оливков,0,0.0,,0,0.0,,0.0,
бігус,бігус,0,0.0,,0,0.0,,0.0,
island,island,1,0.0,0.0,0,0.0,,0.0,
vintagesport,vintagesport,0,0.0,,0,0.0,,0.0,
guards,guards,0,0.0,,0,0.0,,0.0,
solo,solo,0,0.0,,0,0.0,,0.0,
studio,studio,0,0.0,,0,0.0,,0.0,
local,local,0,0.0,,0,0.0,,0.0,
сворс,сворс,0,0.0,,0,0.0,,0.0,
prada,prada,0,0.0,,0,0.0,,0.0,
херсона,херсон,1,0.0,0.0,0,0.0,,0.0,
acidwear,acidwear,0,0.0,,0,0.0,,0.0,
кино,кин,0,0.0,,0,0.0,,0.0,
pms,pms,0,0.0,,0,0.0,,0.0,
sklep,sklep,0,0.0,,0,0.0,,0.0,
локмі,локмі,0,0.0,,0,0.0,,0.0,
одне,одн,0,0.0,,0,0.0,,0.0,
маляр,маляр,0,0.0,,0,0.0,,0.0,
smilo,smilo,0,0.0,,0,0.0,,0.0,
соул,соул,0,0.0,,0,0.0,,0.0,
знаменосец,знаменосец,0,0.0,,0,0.0,,0.0,
dracula,dracula,0,0.0,,0,0.0,,0.0,
sindicate,sindicate,0,0.0,,0,0.0,,0.0,
legenda,legenda,0,0.0,,0,0.0,,0.0,
ауе,ау,0,0.0,,0,0.0,,0.0,
bucks,bucks,0,0.0,,0,0.0,,0.0,
hart,hart,0,0.0,,0,0.0,,0.0,
національний,національн,0,0.0,,0,0.0,,0.0,
брендові,брендові,1,0.0,0.0,0,0.0,,0.0,
wrangler,wrangler,0,0.0,,0,0.0,,0.0,
printlab,printlab,0,0.0,,0,0.0,,0.0,
історію,історі,0,0.0,,0,0.0,,0.0,
uwear,uwear,0,0.0,,0,0.0,,0.0,
надії,надії,0,0.0,,0,0.0,,0.0,
hoodbyair,hoodbyair,0,0.0,,0,0.0,,0.0,
классные,классн,0,0.0,,0,0.0,,0.0,
cans,cans,0,0.0,,0,0.0,,0.0,
egyenes,egyenes,0,0.0,,0,0.0,,0.0,
тим,тим,0,0.0,,0,0.0,,0.0,
jul,jul,0,0.0,,0,0.0,,0.0,
брючні,брючні,0,0.0,,0,0.0,,0.0,
футболці,футболці,0,0.0,,0,0.0,,0.0,
dutch,dutch,0,0.0,,0,0.0,,0.0,
духом,дух,0,0.0,,0,0.0,,0.0,
транс,транс,0,0.0,,0,0.0,,0.0,
скинхедов,скинхед,0,0.0,,0,0.0,,0.0,
crazy,crazy,1,0.0,0.0,0,0.0,,0.0,
idols,idols,0,0.0,,0,0.0,,0.0,
betboom,betboom,0,0.0,,0,0.0,,0.0,
мтак,мтак,0,0.0,,0,0.0,,0.0,
мастурм,мастурм,0,0.0,,0,0.0,,0.0,
algodon,algodon,0,0.0,,0,0.0,,0.0,
почта,почт,0,0.0,,0,0.0,,0.0,
incognita,incognita,0,0.0,,0,0.0,,0.0,
енотом,енот,0,0.0,,0,0.0,,0.0,
lias,lias,0,0.0,,0,0.0,,0.0,
пуш,пуш,0,0.0,,0,0.0,,0.0,
орест,орест,0,0.0,,0,0.0,,0.0,
людина,людин,0,0.0,,0,0.0,,0.0,
дурію,дурі,0,0.0,,0,0.0,,0.0,
нацгвардії,нацгвардії,0,0.0,,0,0.0,,0.0,
abuse,abuse,0,0.0,,0,0.0,,0.0,
нефорская,нефорск,0,0.0,,0,0.0,,0.0,
traffic,traffic,0,0.0,,0,0.0,,0.0,
spirit,spirit,1,0.0,0.0,0,0.0,,0.0,
оленем,олен,0,0.0,,0,0.0,,0.0,
щур,щур,0,0.0,,0,0.0,,0.0,
named,named,0,0.0,,0,0.0,,0.0,
харьков,харьк,3,0.0,0.0,0,0.0,,0.0,
нюбеленс,нюбеленс,0,0.0,,0,0.0,,0.0,
кофті,кофті,0,0.0,,0,0.0,,0.0,
weekender,weekender,0,0.0,,0,0.0,,0.0,
stoner,stoner,0,0.0,,0,0.0,,0.0,
стафі,стафі,0,0.0,,0,0.0,,0.0,
майнкрафт,майнкрафт,0,0.0,,0,0.0,,0.0,
pko,pko,0,0.0,,0,0.0,,0.0,
лляні,лляні,1,0.0,0.0,0,0.0,,0.0,
страдивариус,страдивариус,0,0.0,,0,0.0,,0.0,
flagmaster,flagmaster,0,0.0,,0,0.0,,0.0,
асдс,асдс,0,0.0,,0,0.0,,0.0,
osok,osok,0,0.0,,0,0.0,,0.0,
rocktail,rocktail,0,0.0,,0,0.0,,0.0,
band,band,0,0.0,,0,0.0,,0.0,
fatale,fatale,0,0.0,,0,0.0,,0.0,
tears,tears,0,0.0,,0,0.0,,0.0,
стройнит,стройн,0,0.0,,0,0.0,,0.0,
hoboclub,hoboclub,0,0.0,,0,0.0,,0.0,
communism,communism,0,0.0,,0,0.0,,0.0,
чим,чим,0,0.0,,0,0.0,,0.0,
синій,сині,0,0.0,,0,0.0,,0.0,
vigoss,vigoss,0,0.0,,0,0.0,,0.0,
diadia,diadia,0,0.0,,0,0.0,,0.0,
doomshop,doomshop,0,0.0,,0,0.0,,0.0,
святослав,святосла,0,0.0,,0,0.0,,0.0,
фларед,фларед,0,0.0,,0,0.0,,0.0,
днс,днс,0,0.0,,0,0.0,,0.0,
face,face,0,0.0,,0,0.0,,0.0,
бармена,барм,0,0.0,,0,0.0,,0.0,
пафф,пафф,0,0.0,,0,0.0,,0.0,
fashionista,fashionista,0,0.0,,0,0.0,,0.0,
щарк,щарк,0,0.0,,0,0.0,,0.0,
смарт,смарт,0,0.0,,0,0.0,,0.0,
irony,irony,0,0.0,,0,0.0,,0.0,
act,act,0,0.0,,0,0.0,,0.0,
цена,цен,0,0.0,,0,0.0,,0.0,
oslo,oslo,0,0.0,,0,0.0,,0.0,
striped,striped,0,0.0,,0,0.0,,0.0,
синдикат,синдикат,0,0.0,,0,0.0,,0.0,
гарне,гарн,0,0.0,,0,0.0,,0.0,
goldie,goldie,0,0.0,,0,0.0,,0.0,
серця,серт^,0,0.0,,0,0.0,,0.0,
помидорами,помидор,0,0.0,,0,0.0,,0.0,
freak,freak,0,0.0,,0,0.0,,0.0,
halen,halen,0,0.0,,0,0.0,,0.0,
найк,найк,4,0.0,0.0,0,0.0,,0.0,
прикріпити,прикріпит,0,0.0,,0,0.0,,0.0,
котик,котик,0,0.0,,0,0.0,,0.0,
був,був,0,0.0,,0,0.0,,0.0,
choco,choco,0,0.0,,0,0.0,,0.0,
бойфренди,бойфренд,0,0.0,,0,0.0,,0.0,
скулшутеров,скулшутер,0,0.0,,0,0.0,,0.0,
signature,signature,0,0.0,,0,0.0,,0.0,
кузьма,кузьм,0,0.0,,0,0.0,,0.0,
міні,міні,0,0.0,,0,0.0,,0.0,
music,music,0,0.0,,0,0.0,,0.0,
фог,фог,1,0.0,0.0,0,0.0,,0.0,
medal,medal,0,0.0,,0,0.0,,0.0,
saebis,saebis,0,0.0,,0,0.0,,0.0,
календар,календар,0,0.0,,0,0.0,,0.0,
animalizm,animalizm,0,0.0,,0,0.0,,0.0,
лексі,лексі,0,0.0,,0,0.0,,0.0,
факто,факт,0,0.0,,0,0.0,,0.0,
flower,flower,0,0.0,,0,0.0,,0.0,
корсо,корс,0,0.0,,0,0.0,,0.0,
umon,umon,0,0.0,,0,0.0,,0.0,
авеню,авен,0,0.0,,0,0.0,,0.0,
urbanwear,urbanwear,0,0.0,,0,0.0,,0.0,
vollebak,vollebak,0,0.0,,0,0.0,,0.0,
донецькоі,донецькоі,0,0.0,,0,0.0,,0.0,
спирит,спир,0,0.0,,0,0.0,,0.0,
ftp,ftp,0,0.0,,0,0.0,,0.0,
суперземли,суперземл,0,0.0,,0,0.0,,0.0,
blessed,blessed,0,0.0,,0,0.0,,0.0,
codered,codered,0,0.0,,0,0.0,,0.0,
завжди,завжд,0,0.0,,0,0.0,,0.0,
divided,divided,0,0.0,,0,0.0,,0.0,
energy,energy,0,0.0,,0,0.0,,0.0,
body,body,0,0.0,,0,0.0,,0.0,
крим,крим,0,0.0,,0,0.0,,0.0,
бейби,бейб,0,0.0,,0,0.0,,0.0,
nash,nash,0,0.0,,0,0.0,,0.0,
magma,magma,0,0.0,,0,0.0,,0.0,
норс,норс,0,0.0,,0,0.0,,0.0,
берсерк,берсерк,1,0.0,0.0,0,0.0,,0.0,
мастерскам,мастерск,0,0.0,,0,0.0,,0.0,
montana,montana,0,0.0,,0,0.0,,0.0,
amc,amc,0,0.0,,0,0.0,,0.0,
supermade,supermade,0,0.0,,0,0.0,,0.0,
чорноволом,чорновол,0,0.0,,0,0.0,,0.0,
antwerp,antwerp,0,0.0,,0,0.0,,0.0,
дубно,дубн,0,0.0,,0,0.0,,0.0,
celine,celine,0,0.0,,0,0.0,,0.0,
змійці,змійці,0,0.0,,0,0.0,,0.0,
діляться,ділят,0,0.0,,0,0.0,,0.0,
гангстер,гангстер,3,0.0,0.0,0,0.0,,0.0,
левис,левис,3,0.0,0.0,0,0.0,,0.0,
леви,лев,0,0.0,,0,0.0,,0.0,
укрармор,укрармор,0,0.0,,0,0.0,,0.0,
monte,monte,0,0.0,,0,0.0,,0.0,
барбаріан,барбаріа,0,0.0,,0,0.0,,0.0,
капрі,капрі,0,0.0,,0,0.0,,0.0,
європи,європ,0,0.0,,0,0.0,,0.0,
shrike,shrike,0,0.0,,0,0.0,,0.0,
механикус,механикус,0,0.0,,0,0.0,,0.0,
164,164,0,0.0,,0,0.0,,0.0,
flared,flared,0,0.0,,0,0.0,,0.0,
kinida,kinida,0,0.0,,0,0.0,,0.0,
военторг,военторг,0,0.0,,0,0.0,,0.0,
моей,мо,0,0.0,,0,0.0,,0.0,
chicano,chicano,0,0.0,,0,0.0,,0.0,
ice,ice,0,0.0,,0,0.0,,0.0,
tiltless,tiltless,0,0.0,,0,0.0,,0.0,
sil,sil,0,0.0,,0,0.0,,0.0,
fall,fall,0,0.0,,0,0.0,,0.0,
анді,анді,0,0.0,,0,0.0,,0.0,
анатомическим,анатомическ,0,0.0,,0,0.0,,0.0,
guess,guess,0,0.0,,0,0.0,,0.0,
адрес,адрес,0,0.0,,0,0.0,,0.0,
байкерів,байкерів,0,0.0,,0,0.0,,0.0,
студио,студ,0,0.0,,0,0.0,,0.0,
jhoods,jhoods,0,0.0,,0,0.0,,0.0,
просторные,просторн,0,0.0,,0,0.0,,0.0,
tmbyme,tmbyme,0,0.0,,0,0.0,,0.0,
апатія,апаті,0,0.0,,0,0.0,,0.0,
militarist,militarist,0,0.0,,0,0.0,,0.0,
dresden,dresden,0,0.0,,0,0.0,,0.0,
levity,levity,0,0.0,,0,0.0,,0.0,
if0721,if0721,0,0.0,,0,0.0,,0.0,
рамонес,рамонес,0,0.0,,0,0.0,,0.0,
victoria,victoria,0,0.0,,0,0.0,,0.0,
сектору,сектор,0,0.0,,0,0.0,,0.0,
символика,символик,0,0.0,,0,0.0,,0.0,
sfera,sfera,0,0.0,,0,0.0,,0.0,
pearl,pearl,0,0.0,,0,0.0,,0.0,
tarkov,tarkov,0,0.0,,0,0.0,,0.0,
duty,duty,0,0.0,,0,0.0,,0.0,
shogun,shogun,0,0.0,,0,0.0,,0.0,
boohooman,boohooman,0,0.0,,0,0.0,,0.0,
кодзима,кодзим,0,0.0,,0,0.0,,0.0,
сорочки,сорочк,0,0.0,,0,0.0,,0.0,
remedy,remedy,0,0.0,,0,0.0,,0.0,
kasta,kasta,0,0.0,,0,0.0,,0.0,
nbhd,nbhd,0,0.0,,0,0.0,,0.0,
hooly,hooly,0,0.0,,0,0.0,,0.0,
cabanchicom,cabanchicom,0,0.0,,0,0.0,,0.0,
calisthenics,calisthenics,0,0.0,,0,0.0,,0.0,
sykes,sykes,1,0.0,0.0,0,0.0,,0.0,
одцепіця,одцепіт^,0,0.0,,0,0.0,,0.0,
евангелион,евангелион,0,0.0,,0,0.0,,0.0,
лють,лют,0,0.0,,0,0.0,,0.0,
михаилом,михаил,0,0.0,,0,0.0,,0.0,
москвою,москв,0,0.0,,0,0.0,,0.0,
единоборства,единоборств,0,0.0,,0,0.0,,0.0,
dagger,dagger,0,0.0,,0,0.0,,0.0,
мальборо,мальбор,0,0.0,,0,0.0,,0.0,
izzi,izzi,0,0.0,,0,0.0,,0.0,
холодноярської,холодноярської,0,0.0,,0,0.0,,0.0,
курган,курга,0,0.0,,0,0.0,,0.0,
void,void,0,0.0,,0,0.0,,0.0,
елис,елис,0,0.0,,0,0.0,,0.0,
свестон,свестон,0,0.0,,0,0.0,,0.0,
uppercot,uppercot,0,0.0,,0,0.0,,0.0,
релиджн,релиджн,0,0.0,,0,0.0,,0.0,
altira,altira,0,0.0,,0,0.0,,0.0,
бегемотом,бегемот,0,0.0,,0,0.0,,0.0,
пропофол,пропофол,0,0.0,,0,0.0,,0.0,
іегаа,іега,0,0.0,,0,0.0,,0.0,
marduk,marduk,0,0.0,,0,0.0,,0.0,
rammstein,rammstein,0,0.0,,0,0.0,,0.0,
рожеве,рожев,2,1.0,50.0,0,0.0,,0.0,
эсканором,эсканор,0,0.0,,0,0.0,,0.0,
jessee,jessee,0,0.0,,0,0.0,,0.0,
dimmu,dimmu,0,0.0,,0,0.0,,0.0,
gonorovi,gonorovi,0,0.0,,0,0.0,,0.0,
молодший,молодш,0,0.0,,0,0.0,,0.0,
кальянщика,кальянщик,0,0.0,,0,0.0,,0.0,
шалена,шал,0,0.0,,0,0.0,,0.0,
чайка,чайк,0,0.0,,0,0.0,,0.0,
misfits,misfits,0,0.0,,0,0.0,,0.0,
курсед,курсед,0,0.0,,0,0.0,,0.0,
counterparts,counterparts,0,0.0,,0,0.0,,0.0,
contractor,contractor,0,0.0,,0,0.0,,0.0,
kanzler,kanzler,0,0.0,,0,0.0,,0.0,
якості,якості,0,0.0,,0,0.0,,0.0,
пром,пром,0,0.0,,0,0.0,,0.0,
угруповання,угрупован,0,0.0,,0,0.0,,0.0,
ssstufff,ssstufff,0,0.0,,0,0.0,,0.0,
стимпанк,стимпанк,0,0.0,,0,0.0,,0.0,
дошка,дошк,0,0.0,,0,0.0,,0.0,
bag,bag,0,0.0,,0,0.0,,0.0,
укрстайл,укрстайл,0,0.0,,0,0.0,,0.0,
антитеррор,антитеррор,0,0.0,,0,0.0,,0.0,
strong,strong,0,0.0,,0,0.0,,0.0,
хамайко,хамайк,0,0.0,,0,0.0,,0.0,
русофоб,русофоб,0,0.0,,0,0.0,,0.0,
вампі,вампі,0,0.0,,0,0.0,,0.0,
ribs,ribs,0,0.0,,0,0.0,,0.0,
twiins,twiins,0,0.0,,0,0.0,,0.0,
фольксваген,фольксваг,0,0.0,,0,0.0,,0.0,
брендоване,брендован,0,0.0,,0,0.0,,0.0,
гра,гра,0,0.0,,0,0.0,,0.0,
skely,skely,0,0.0,,0,0.0,,0.0,
teeshirts,teeshirts,0,0.0,,0,0.0,,0.0,
hatecult,hatecult,0,0.0,,0,0.0,,0.0,
sistynine,sistynine,0,0.0,,0,0.0,,0.0,
luvsosastore,luvsosastore,0,0.0,,0,0.0,,0.0,
humanist,humanist,0,0.0,,0,0.0,,0.0,
guerra,guerra,0,0.0,,0,0.0,,0.0,
boobs,boobs,0,0.0,,0,0.0,,0.0,
кав,кав,0,0.0,,0,0.0,,0.0,
лондсейл,лондсейл,0,0.0,,0,0.0,,0.0,
бодибилдинга,бодибилдинг,0,0.0,,0,0.0,,0.0,
ярость,ярост,0,0.0,,0,0.0,,0.0,
рав,рав,0,0.0,,0,0.0,,0.0,
representclo,representclo,0,0.0,,0,0.0,,0.0,
тайсон,тайсон,0,0.0,,0,0.0,,0.0,
lives,lives,0,0.0,,0,0.0,,0.0,
стоматологическая,стоматологическ,0,0.0,,0,0.0,,0.0,
moje,moje,0,0.0,,0,0.0,,0.0,
hygge,hygge,0,0.0,,0,0.0,,0.0,
amor,amor,0,0.0,,0,0.0,,0.0,
памела,памел,0,0.0,,0,0.0,,0.0,
mountains,mountains,0,0.0,,0,0.0,,0.0,
худв,худв,0,0.0,,0,0.0,,0.0,
riksi,riksi,0,0.0,,0,0.0,,0.0,
прапр,прапр,0,0.0,,0,0.0,,0.0,
unki,unki,0,0.0,,0,0.0,,0.0,
чоловича,чолович,0,0.0,,0,0.0,,0.0,
vnskwear,vnskwear,0,0.0,,0,0.0,,0.0,
tactica,tactica,0,0.0,,0,0.0,,0.0,
nie,nie,0,0.0,,0,0.0,,0.0,
slaughter,slaughter,0,0.0,,0,0.0,,0.0,
turnwear,turnwear,0,0.0,,0,0.0,,0.0,
kaif,kaif,1,0.0,0.0,0,0.0,,0.0,
культура,культур,0,0.0,,0,0.0,,0.0,
richmond,richmond,0,0.0,,0,0.0,,0.0,
лсп,лсп,0,0.0,,0,0.0,,0.0,
xes,xes,0,0.0,,0,0.0,,0.0,
omens,omens,1,0.0,0.0,0,0.0,,0.0,
chrome,chrome,0,0.0,,0,0.0,,0.0,
411,411,0,0.0,,0,0.0,,0.0,
сорткомпани,сорткомпан,0,0.0,,0,0.0,,0.0,
герл,герл,2,0.0,0.0,0,0.0,,0.0,
охуенно,охуен,0,0.0,,0,0.0,,0.0,
moonward,moonward,0,0.0,,0,0.0,,0.0,
татусветерс,татусветерс,0,0.0,,0,0.0,,0.0,
патріотичні,патріотичні,4,0.0,0.0,0,0.0,,0.0,
фрірен,фрірен,0,0.0,,0,0.0,,0.0,
шейтельмана,шейтельма,0,0.0,,0,0.0,,0.0,
южный,южн,0,0.0,,0,0.0,,0.0,
masters,masters,0,0.0,,0,0.0,,0.0,
титаник,титаник,0,0.0,,0,0.0,,0.0,
розмірна,розмірн,0,0.0,,0,0.0,,0.0,
global,global,0,0.0,,0,0.0,,0.0,
сечь,сеч,0,0.0,,0,0.0,,0.0,
fabrico,fabrico,0,0.0,,0,0.0,,0.0,
знов,знов,0,0.0,,0,0.0,,0.0,
yuga,yuga,0,0.0,,0,0.0,,0.0,
біз,біз,0,0.0,,0,0.0,,0.0,
winner,winner,0,0.0,,0,0.0,,0.0,
street,street,0,0.0,,0,0.0,,0.0,
вареної,вареної,0,0.0,,0,0.0,,0.0,
deus,deus,0,0.0,,0,0.0,,0.0,
obzor,obzor,0,0.0,,0,0.0,,0.0,
sevenlab,sevenlab,0,0.0,,0,0.0,,0.0,
драка,драк,0,0.0,,0,0.0,,0.0,
shikari,shikari,0,0.0,,0,0.0,,0.0,
недорогие,недорог,0,0.0,,0,0.0,,0.0,
urbanplanet,urbanplanet,0,0.0,,0,0.0,,0.0,
disaster,disaster,0,0.0,,0,0.0,,0.0,
дастер,дастер,0,0.0,,0,0.0,,0.0,
hret,hret,0,0.0,,0,0.0,,0.0,
hoods,hoods,0,0.0,,0,0.0,,0.0,
промінь,промін,1,0.0,0.0,0,0.0,,0.0,
секд,секд,0,0.0,,0,0.0,,0.0,
time,time,0,0.0,,0,0.0,,0.0,
горани,горан,0,0.0,,0,0.0,,0.0,
graffity,graffity,0,0.0,,0,0.0,,0.0,
nonsense,nonsense,0,0.0,,0,0.0,,0.0,
шуруп,шуруп,0,0.0,,0,0.0,,0.0,
champion,champion,0,0.0,,0,0.0,,0.0,
боджек,боджек,0,0.0,,0,0.0,,0.0,
buddha,buddha,0,0.0,,0,0.0,,0.0,
чейзер,чейзер,0,0.0,,0,0.0,,0.0,
стенд,стенд,0,0.0,,0,0.0,,0.0,
дірками,діркам,0,0.0,,0,0.0,,0.0,
beard,beard,0,0.0,,0,0.0,,0.0,
undersoul,undersoul,0,0.0,,0,0.0,,0.0,
myaso,myaso,0,0.0,,0,0.0,,0.0,
tezenis,tezenis,0,0.0,,0,0.0,,0.0,
more,more,0,0.0,,0,0.0,,0.0,
pirate,pirate,0,0.0,,0,0.0,,0.0,
херсонської,херсонської,0,0.0,,0,0.0,,0.0,
абоамс,абоамс,0,0.0,,0,0.0,,0.0,
you,you,0,0.0,,0,0.0,,0.0,
scott,scott,0,0.0,,0,0.0,,0.0,
маркет,маркет,0,0.0,,0,0.0,,0.0,
ups,ups,0,0.0,,0,0.0,,0.0,
angelmaker,angelmaker,0,0.0,,0,0.0,,0.0,
вествуд,вествуд,0,0.0,,0,0.0,,0.0,
audio,audio,0,0.0,,0,0.0,,0.0,
doppelsoldner,doppelsoldner,0,0.0,,0,0.0,,0.0,
text,text,0,0.0,,0,0.0,,0.0,
ivnva,ivnva,0,0.0,,0,0.0,,0.0,
вайкик,вайкик,1,0.0,0.0,0,0.0,,0.0,
labwear,labwear,0,0.0,,0,0.0,,0.0,
cafe,cafe,0,0.0,,0,0.0,,0.0,
бала,бал,0,0.0,,0,0.0,,0.0,
morato,morato,0,0.0,,0,0.0,,0.0,
архангел,архангел,0,0.0,,0,0.0,,0.0,
разведки,разведк,0,0.0,,0,0.0,,0.0,
кроссфит,кроссф,0,0.0,,0,0.0,,0.0,
терміт,терміт,0,0.0,,0,0.0,,0.0,
tmk,tmk,0,0.0,,0,0.0,,0.0,
патриотична,патриотичн,0,0.0,,0,0.0,,0.0,
zig,zig,0,0.0,,0,0.0,,0.0,
booriva,booriva,0,0.0,,0,0.0,,0.0,
clothes,clothes,1,0.0,0.0,0,0.0,,0.0,
маккуин,маккуин,0,0.0,,0,0.0,,0.0,
etna,etna,0,0.0,,0,0.0,,0.0,
раммштайн,раммштайн,0,0.0,,0,0.0,,0.0,
ricci,ricci,0,0.0,,0,0.0,,0.0,
поизон,поизон,0,0.0,,0,0.0,,0.0,
forces,forces,0,0.0,,0,0.0,,0.0,
морнинг,морнинг,0,0.0,,0,0.0,,0.0,
papahapa,papahapa,0,0.0,,0,0.0,,0.0,
кежуалс,кежуалс,0,0.0,,0,0.0,,0.0,
swa,swa,0,0.0,,0,0.0,,0.0,
optov,optov,0,0.0,,0,0.0,,0.0,
гречка,гречк,0,0.0,,0,0.0,,0.0,
базові,базові,1,0.0,0.0,0,0.0,,0.0,
коханому,кохан,0,0.0,,0,0.0,,0.0,
andrestar,andrestar,0,0.0,,0,0.0,,0.0,
nationalist,nationalist,0,0.0,,0,0.0,,0.0,
magnatos,magnatos,0,0.0,,0,0.0,,0.0,
are,are,0,0.0,,0,0.0,,0.0,
утопия8,утопия8,0,0.0,,0,0.0,,0.0,
talisman,talisman,0,0.0,,0,0.0,,0.0,
joggers,joggers,1,0.0,0.0,0,0.0,,0.0,
tren,tren,0,0.0,,0,0.0,,0.0,
трехнитка,трехнитк,0,0.0,,0,0.0,,0.0,
fly,fly,0,0.0,,0,0.0,,0.0,
fortes,fortes,0,0.0,,0,0.0,,0.0,
observation,observation,0,0.0,,0,0.0,,0.0,
bmth,bmth,1,0.0,0.0,0,0.0,,0.0,
graphics,graphics,0,0.0,,0,0.0,,0.0,
maralis,maralis,0,0.0,,0,0.0,,0.0,
pds,pds,0,0.0,,0,0.0,,0.0,
акула,акул,0,0.0,,0,0.0,,0.0,
криптовалюта,криптовалют,0,0.0,,0,0.0,,0.0,
сміливі,сміливі,0,0.0,,0,0.0,,0.0,
flame,flame,0,0.0,,0,0.0,,0.0,
великі,великі,0,0.0,,0,0.0,,0.0,
цсо,цсо,0,0.0,,0,0.0,,0.0,
deepstate,deepstate,0,0.0,,0,0.0,,0.0,
self,self,0,0.0,,0,0.0,,0.0,
лиззки,лиззк,0,0.0,,0,0.0,,0.0,
bandera,bandera,0,0.0,,0,0.0,,0.0,
запорожці,запорожці,0,0.0,,0,0.0,,0.0,
бергхаус,бергхаус,0,0.0,,0,0.0,,0.0,
каппа,капп,0,0.0,,0,0.0,,0.0,
бульвар,бульвар,0,0.0,,0,0.0,,0.0,
краматорск,краматорск,0,0.0,,0,0.0,,0.0,
farfi,farfi,1,0.0,0.0,0,0.0,,0.0,
пошлая,пошл,0,0.0,,0,0.0,,0.0,
stranding,stranding,0,0.0,,0,0.0,,0.0,
alice,alice,0,0.0,,0,0.0,,0.0,
svynosobacha,svynosobacha,0,0.0,,0,0.0,,0.0,
ivor,ivor,0,0.0,,0,0.0,,0.0,
dnd,dnd,0,0.0,,0,0.0,,0.0,
dog,dog,0,0.0,,0,0.0,,0.0,
perry,perry,0,0.0,,0,0.0,,0.0,
sharingan,sharingan,0,0.0,,0,0.0,,0.0,
нокта,нокт,0,0.0,,0,0.0,,0.0,
teamsesh,teamsesh,0,0.0,,0,0.0,,0.0,
замши,замш,0,0.0,,0,0.0,,0.0,
алана,ала,0,0.0,,0,0.0,,0.0,
milfa,milfa,0,0.0,,0,0.0,,0.0,
джінси,джінси,0,0.0,,0,0.0,,0.0,
2nd,2nd,0,0.0,,0,0.0,,0.0,
literaturniy,literaturniy,0,0.0,,0,0.0,,0.0,
1991,1991,0,0.0,,0,0.0,,0.0,
біло,біло,0,0.0,,0,0.0,,0.0,
сержант,сержант,0,0.0,,0,0.0,,0.0,
mtac,mtac,0,0.0,,0,0.0,,0.0,
лаб,лаб,0,0.0,,0,0.0,,0.0,
футбольную,футбольн,0,0.0,,0,0.0,,0.0,
prayers,prayers,0,0.0,,0,0.0,,0.0,
svoi,svoi,0,0.0,,0,0.0,,0.0,
хвди,хвди,0,0.0,,0,0.0,,0.0,
rusnia,rusnia,0,0.0,,0,0.0,,0.0,
питерский,питерск,0,0.0,,0,0.0,,0.0,
jako,jako,0,0.0,,0,0.0,,0.0,
oliver,oliver,0,0.0,,0,0.0,,0.0,
iceman,iceman,0,0.0,,0,0.0,,0.0,
legalpower,legalpower,0,0.0,,0,0.0,,0.0,
смішні,смішні,0,0.0,,0,0.0,,0.0,
sankuanz,sankuanz,0,0.0,,0,0.0,,0.0,
гуцулка,гуцулк,0,0.0,,0,0.0,,0.0,
барні,барні,0,0.0,,0,0.0,,0.0,
storm,storm,0,0.0,,0,0.0,,0.0,
тойз,тойз,0,0.0,,0,0.0,,0.0,
kjyucksd,kjyucksd,0,0.0,,0,0.0,,0.0,
хартія,харті,3,0.0,0.0,0,0.0,,0.0,
білий,біли,1,0.0,0.0,0,0.0,,0.0,
конверс,конверс,0,0.0,,0,0.0,,0.0,
solution,solution,1,0.0,0.0,0,0.0,,0.0,
sndkt,sndkt,0,0.0,,0,0.0,,0.0,
пауками,паук,0,0.0,,0,0.0,,0.0,
гасите,гас,0,0.0,,0,0.0,,0.0,
дівчачі,дівчачі,0,0.0,,0,0.0,,0.0,
тцк,тцк,0,0.0,,0,0.0,,0.0,
прага,праг,0,0.0,,0,0.0,,0.0,
нацистские,нацистск,0,0.0,,0,0.0,,0.0,
чоловікові,чоловікові,0,0.0,,0,0.0,,0.0,
hozier,hozier,0,0.0,,0,0.0,,0.0,
beatstreet,beatstreet,0,0.0,,0,0.0,,0.0,
artprint,artprint,0,0.0,,0,0.0,,0.0,
зробити,зробит,0,0.0,,0,0.0,,0.0,
бирка,бирк,0,0.0,,0,0.0,,0.0,
double,double,0,0.0,,0,0.0,,0.0,
asap,asap,0,0.0,,0,0.0,,0.0,
devourment,devourment,0,0.0,,0,0.0,,0.0,
smek,smek,0,0.0,,0,0.0,,0.0,
freedom,freedom,0,0.0,,0,0.0,,0.0,
одязі,одязі,0,0.0,,0,0.0,,0.0,
твой,тво,0,0.0,,0,0.0,,0.0,
skyfall,skyfall,0,0.0,,0,0.0,,0.0,
native,native,0,0.0,,0,0.0,,0.0,
split,split,0,0.0,,0,0.0,,0.0,
норт,норт,0,0.0,,0,0.0,,0.0,
кучму,кучм,0,0.0,,0,0.0,,0.0,
korean,korean,0,0.0,,0,0.0,,0.0,
stima,stima,0,0.0,,0,0.0,,0.0,
групп,групп,0,0.0,,0,0.0,,0.0,
мис,мис,0,0.0,,0,0.0,,0.0,
мандалорец,мандалорец,0,0.0,,0,0.0,,0.0,
ranger,ranger,0,0.0,,0,0.0,,0.0,
store,store,0,0.0,,0,0.0,,0.0,
uactive,uactive,0,0.0,,0,0.0,,0.0,
айсмен,айсм,0,0.0,,0,0.0,,0.0,
дізель,дізел,0,0.0,,0,0.0,,0.0,
castle,castle,0,0.0,,0,0.0,,0.0,
січові,січові,0,0.0,,0,0.0,,0.0,
недовольне,недовольн,0,0.0,,0,0.0,,0.0,
печать,печа,0,0.0,,0,0.0,,0.0,
захід,захід,0,0.0,,0,0.0,,0.0,
kick,kick,1,0.0,0.0,0,0.0,,0.0,
зошит,зош,0,0.0,,0,0.0,,0.0,
олимпийка,олимпийк,0,0.0,,0,0.0,,0.0,
zip,zip,7,0.0,0.0,0,0.0,,0.0,
кілла,кілла,0,0.0,,0,0.0,,0.0,
поапори,поапор,0,0.0,,0,0.0,,0.0,
plus,plus,0,0.0,,0,0.0,,0.0,
klott,klott,0,0.0,,0,0.0,,0.0,
скіапареллі,скіапареллі,0,0.0,,0,0.0,,0.0,
doberman,doberman,0,0.0,,0,0.0,,0.0,
sum,sum,0,0.0,,0,0.0,,0.0,
гкифт,гкифт,0,0.0,,0,0.0,,0.0,
голубенко,голубенк,0,0.0,,0,0.0,,0.0,
потовідвідна,потовідвідн,0,0.0,,0,0.0,,0.0,
який,як,0,0.0,,0,0.0,,0.0,
імені,імені,0,0.0,,0,0.0,,0.0,
бляяяя,бляя,0,0.0,,0,0.0,,0.0,
м8л8тх,м8л8тх,2,0.0,0.0,0,0.0,,0.0,
бункер,бункер,1,0.0,0.0,0,0.0,,0.0,
3xl,3xl,0,0.0,,0,0.0,,0.0,
box,box,0,0.0,,0,0.0,,0.0,
бавна,бавн,0,0.0,,0,0.0,,0.0,
prof1group,prof1group,0,0.0,,0,0.0,,0.0,
azat,azat,0,0.0,,0,0.0,,0.0,
алісалайн,алісалайн,0,0.0,,0,0.0,,0.0,
чіноси,чінос,0,0.0,,0,0.0,,0.0,
norba,norba,0,0.0,,0,0.0,,0.0,
astorr,astorr,0,0.0,,0,0.0,,0.0,
кімнату,кімнат,0,0.0,,0,0.0,,0.0,
китом,кит,0,0.0,,0,0.0,,0.0,
drip,drip,0,0.0,,0,0.0,,0.0,
roots,roots,0,0.0,,0,0.0,,0.0,
observations,observations,0,0.0,,0,0.0,,0.0,
вороженьки,вороженьк,0,0.0,,0,0.0,,0.0,
aries,aries,0,0.0,,0,0.0,,0.0,
provokator,provokator,0,0.0,,0,0.0,,0.0,
газыри,газыр,0,0.0,,0,0.0,,0.0,
популярні,популярні,0,0.0,,0,0.0,,0.0,
haine,haine,0,0.0,,0,0.0,,0.0,
азербайджан,азербайджа,0,0.0,,0,0.0,,0.0,
антисошал,антисоша,0,0.0,,0,0.0,,0.0,
армані,армані,0,0.0,,0,0.0,,0.0,
маверик,маверик,3,0.0,0.0,0,0.0,,0.0,
swoosh,swoosh,0,0.0,,0,0.0,,0.0,
власов,влас,0,0.0,,0,0.0,,0.0,
ака,ак,0,0.0,,0,0.0,,0.0,
crop,crop,0,0.0,,0,0.0,,0.0,
немезіс,немезіс,0,0.0,,0,0.0,,0.0,
садсвіт,садсвіт,0,0.0,,0,0.0,,0.0,
dna,dna,0,0.0,,0,0.0,,0.0,
wall31,wall31,0,0.0,,0,0.0,,0.0,
50percentlegit,50percentlegit,0,0.0,,0,0.0,,0.0,
soad,soad,0,0.0,,0,0.0,,0.0,
двумя,двум,0,0.0,,0,0.0,,0.0,
нойз,нойз,0,0.0,,0,0.0,,0.0,
бехтір,бехтір,0,0.0,,0,0.0,,0.0,
перун,перун,0,0.0,,0,0.0,,0.0,
legalize,legalize,0,0.0,,0,0.0,,0.0,
galartsy,galartsy,0,0.0,,0,0.0,,0.0,
кулиске,кулиск,0,0.0,,0,0.0,,0.0,
pills,pills,0,0.0,,0,0.0,,0.0,
comme,comme,0,0.0,,0,0.0,,0.0,
прапоротримач,прапоротримач,0,0.0,,0,0.0,,0.0,
батюшка,батюшк,0,0.0,,0,0.0,,0.0,
everyone,everyone,0,0.0,,0,0.0,,0.0,
якудза,якудз,0,0.0,,0,0.0,,0.0,
грим,грим,0,0.0,,0,0.0,,0.0,
черкассы,черкасс,0,0.0,,0,0.0,,0.0,
proudly,proudly,0,0.0,,0,0.0,,0.0,
ріпндіп,ріпндіп,0,0.0,,0,0.0,,0.0,
radiant,radiant,0,0.0,,0,0.0,,0.0,
levitacia,levitacia,0,0.0,,0,0.0,,0.0,
cotton,cotton,0,0.0,,0,0.0,,0.0,
collusion,collusion,0,0.0,,0,0.0,,0.0,
vvhy,vvhy,0,0.0,,0,0.0,,0.0,
sea,sea,0,0.0,,0,0.0,,0.0,
3ошб,3ошб,0,0.0,,0,0.0,,0.0,
jericho,jericho,0,0.0,,0,0.0,,0.0,
лайфловер,лайфловер,0,0.0,,0,0.0,,0.0,
пит,пит,0,0.0,,0,0.0,,0.0,
габардин,габардин,0,0.0,,0,0.0,,0.0,
lady,lady,0,0.0,,0,0.0,,0.0,
ghosts,ghosts,0,0.0,,0,0.0,,0.0,
вилон,вилон,0,0.0,,0,0.0,,0.0,
org,org,1,0.0,0.0,0,0.0,,0.0,
повесить,повес,0,0.0,,0,0.0,,0.0,
little,little,0,0.0,,0,0.0,,0.0,
teamv,teamv,0,0.0,,0,0.0,,0.0,
щастя,щаст,0,0.0,,0,0.0,,0.0,
squadshop,squadshop,0,0.0,,0,0.0,,0.0,
hypelabs,hypelabs,0,0.0,,0,0.0,,0.0,
незламний,незламн,0,0.0,,0,0.0,,0.0,
домінанта,домінант,0,0.0,,0,0.0,,0.0,
жаба,жаб,0,0.0,,0,0.0,,0.0,
manto,manto,0,0.0,,0,0.0,,0.0,
mattino,mattino,1,0.0,0.0,0,0.0,,0.0,
beloyar,beloyar,0,0.0,,0,0.0,,0.0,
records,records,0,0.0,,0,0.0,,0.0,
hurley,hurley,0,0.0,,0,0.0,,0.0,
уходя,уход,0,0.0,,0,0.0,,0.0,
benyaizubrik,benyaizubrik,0,0.0,,0,0.0,,0.0,
пройобана,пройоба,0,0.0,,0,0.0,,0.0,
kanonenfieber,kanonenfieber,0,0.0,,0,0.0,,0.0,
егорика,егорик,0,0.0,,0,0.0,,0.0,
зла,зла,0,0.0,,0,0.0,,0.0,
хлопка,хлопк,0,0.0,,0,0.0,,0.0,
честер,честер,0,0.0,,0,0.0,,0.0,
стоматолога,стоматолог,0,0.0,,0,0.0,,0.0,
emmure,emmure,0,0.0,,0,0.0,,0.0,
сетка,сетк,0,0.0,,0,0.0,,0.0,
постеры,постер,0,0.0,,0,0.0,,0.0,
краса,крас,0,0.0,,0,0.0,,0.0,
котом,кот,0,0.0,,0,0.0,,0.0,
preach,preach,0,0.0,,0,0.0,,0.0,
deadmau5,deadmau5,0,0.0,,0,0.0,,0.0,
властелин,властелин,0,0.0,,0,0.0,,0.0,
sargon,sargon,0,0.0,,0,0.0,,0.0,
двойным,двойн,0,0.0,,0,0.0,,0.0,
адидас,адидас,2,0.0,0.0,0,0.0,,0.0,
аликс,аликс,0,0.0,,0,0.0,,0.0,
ozoshi,ozoshi,0,0.0,,0,0.0,,0.0,
yarm,yarm,0,0.0,,0,0.0,,0.0,
intruder,intruder,0,0.0,,0,0.0,,0.0,
катастрофа,катастроф,0,0.0,,0,0.0,,0.0,
silver,silver,0,0.0,,0,0.0,,0.0,
lambo,lambo,0,0.0,,0,0.0,,0.0,
luvsosa,luvsosa,0,0.0,,0,0.0,,0.0,
short,short,0,0.0,,0,0.0,,0.0,
польша,польш,0,0.0,,0,0.0,,0.0,
ready,ready,0,0.0,,0,0.0,,0.0,
sof,sof,0,0.0,,0,0.0,,0.0,
рейв,рейв,0,0.0,,0,0.0,,0.0,
era,era,0,0.0,,0,0.0,,0.0,
vandals,vandals,0,0.0,,0,0.0,,0.0,
рот,рот,0,0.0,,0,0.0,,0.0,
азат,азат,0,0.0,,0,0.0,,0.0,
matino,matino,0,0.0,,0,0.0,,0.0,
роквей,рокв,0,0.0,,0,0.0,,0.0,
відьма,відьма,0,0.0,,0,0.0,,0.0,
бандіто,бандіт,0,0.0,,0,0.0,,0.0,
вещи,вещ,1,0.0,0.0,0,0.0,,0.0,
mirey,mirey,0,0.0,,0,0.0,,0.0,
ушками,ушк,1,0.0,0.0,0,0.0,,0.0,
колено,кол,0,0.0,,0,0.0,,0.0,
атб,атб,0,0.0,,0,0.0,,0.0,
разом,раз,0,0.0,,0,0.0,,0.0,
гуф,гуф,0,0.0,,0,0.0,,0.0,
sepultura,sepultura,0,0.0,,0,0.0,,0.0,
poland,poland,0,0.0,,0,0.0,,0.0,
bkhtr,bkhtr,0,0.0,,0,0.0,,0.0,
dept,dept,0,0.0,,0,0.0,,0.0,
adidas,adidas,0,0.0,,0,0.0,,0.0,
дрилл,дрилл,0,0.0,,0,0.0,,0.0,
zoha,zoha,0,0.0,,0,0.0,,0.0,
ejercito,ejercito,0,0.0,,0,0.0,,0.0,
вкорочене,вкорочен,0,0.0,,0,0.0,,0.0,
ofc,ofc,0,0.0,,0,0.0,,0.0,
лил,лил,0,0.0,,0,0.0,,0.0,
напечатать,напечата,0,0.0,,0,0.0,,0.0,
ультрас,ультрас,0,0.0,,0,0.0,,0.0,
godfather,godfather,0,0.0,,0,0.0,,0.0,
бальбоа,бальбо,0,0.0,,0,0.0,,0.0,
ryke,ryke,0,0.0,,0,0.0,,0.0,
kali,kali,0,0.0,,0,0.0,,0.0,
спайдермен,спайдерм,0,0.0,,0,0.0,,0.0,
репрезент,репрезент,0,0.0,,0,0.0,,0.0,
valhalla,valhalla,0,0.0,,0,0.0,,0.0,
8w0908z8,8w0908z8,0,0.0,,0,0.0,,0.0,
кам,кам,0,0.0,,0,0.0,,0.0,
победов,побед,0,0.0,,0,0.0,,0.0,
pillars,pillars,0,0.0,,0,0.0,,0.0,
need,need,0,0.0,,0,0.0,,0.0,
аутсайдер,аутсайдер,0,0.0,,0,0.0,,0.0,
клетку,клетк,0,0.0,,0,0.0,,0.0,
cuffed,cuffed,0,0.0,,0,0.0,,0.0,
spazio,spazio,0,0.0,,0,0.0,,0.0,
ямамото,ямамот,0,0.0,,0,0.0,,0.0,
dxpe,dxpe,0,0.0,,0,0.0,,0.0,
хикикомори,хикикомор,0,0.0,,0,0.0,,0.0,
larum,larum,0,0.0,,0,0.0,,0.0,
вишите,виш,0,0.0,,0,0.0,,0.0,
огшбр,огшбр,0,0.0,,0,0.0,,0.0,
вискоза,вискоз,0,0.0,,0,0.0,,0.0,
трешер,трешер,0,0.0,,0,0.0,,0.0,
bulletproof,bulletproof,0,0.0,,0,0.0,,0.0,
thirteen,thirteen,0,0.0,,0,0.0,,0.0,
удостоверение,удостоверен,0,0.0,,0,0.0,,0.0,
мард,мард,0,0.0,,0,0.0,,0.0,
координатами,координат,0,0.0,,0,0.0,,0.0,
iamrebel,iamrebel,0,0.0,,0,0.0,,0.0,
tough,tough,1,0.0,0.0,0,0.0,,0.0,
vaz,vaz,0,0.0,,0,0.0,,0.0,
fabregas,fabregas,0,0.0,,0,0.0,,0.0,
hall,hall,0,0.0,,0,0.0,,0.0,
оджи,одж,0,0.0,,0,0.0,,0.0,
farfie,farfie,1,0.0,0.0,0,0.0,,0.0,
springfield,springfield,0,0.0,,0,0.0,,0.0,
blacksugar,blacksugar,0,0.0,,0,0.0,,0.0,
цум,цум,0,0.0,,0,0.0,,0.0,
courage,courage,0,0.0,,0,0.0,,0.0,
мужскі,мужскі,0,0.0,,0,0.0,,0.0,
alta,alta,0,0.0,,0,0.0,,0.0,
kisetsu,kisetsu,0,0.0,,0,0.0,,0.0,
perun,perun,0,0.0,,0,0.0,,0.0,
їбу,їбу,0,0.0,,0,0.0,,0.0,
лівий,ліви,0,0.0,,0,0.0,,0.0,
поцілунками,поцілунк,0,0.0,,0,0.0,,0.0,
православ,правосла,0,0.0,,0,0.0,,0.0,
2020,2020,0,0.0,,0,0.0,,0.0,
topcool,topcool,0,0.0,,0,0.0,,0.0,
баталы,батал,0,0.0,,0,0.0,,0.0,
vermillion,vermillion,0,0.0,,0,0.0,,0.0,
механизм,механизм,0,0.0,,0,0.0,,0.0,
камуфляжна,камуфляжн,0,0.0,,0,0.0,,0.0,
іефаа,іефа,0,0.0,,0,0.0,,0.0,
oakley,oakley,1,0.0,0.0,0,0.0,,0.0,
голландский,голландск,0,0.0,,0,0.0,,0.0,
стіма,стіма,0,0.0,,0,0.0,,0.0,
park,park,0,0.0,,0,0.0,,0.0,
трашер,трашер,0,0.0,,0,0.0,,0.0,
геймера,геймер,0,0.0,,0,0.0,,0.0,
птушкина,птушкин,0,0.0,,0,0.0,,0.0,
суетолог,суетолог,0,0.0,,0,0.0,,0.0,
tanks,tanks,0,0.0,,0,0.0,,0.0,
прпоп,прпоп,0,0.0,,0,0.0,,0.0,
napapijri,napapijri,0,0.0,,0,0.0,,0.0,
sarcasm,sarcasm,0,0.0,,0,0.0,,0.0,
выбрать,выбра,0,0.0,,0,0.0,,0.0,
десь,де,0,0.0,,0,0.0,,0.0,
ix1252,ix1252,0,0.0,,0,0.0,,0.0,
philipp,philipp,0,0.0,,0,0.0,,0.0,
impericon,impericon,0,0.0,,0,0.0,,0.0,
jeans,jeans,0,0.0,,0,0.0,,0.0,
титан,тита,0,0.0,,0,0.0,,0.0,
patchera,patchera,0,0.0,,0,0.0,,0.0,
магура,магур,0,0.0,,0,0.0,,0.0,
futbolki,futbolki,0,0.0,,0,0.0,,0.0,
homesick,homesick,0,0.0,,0,0.0,,0.0,
odessa,odessa,0,0.0,,0,0.0,,0.0,
cradle,cradle,0,0.0,,0,0.0,,0.0,
хдш,хдш,0,0.0,,0,0.0,,0.0,
ведьмак,ведьмак,0,0.0,,0,0.0,,0.0,
переводу,перевод,0,0.0,,0,0.0,,0.0,
different,different,0,0.0,,0,0.0,,0.0,
isld,isld,0,0.0,,0,0.0,,0.0,
vetements,vetements,0,0.0,,0,0.0,,0.0,
мексика,мексик,0,0.0,,0,0.0,,0.0,
крестоносец,крестоносец,0,0.0,,0,0.0,,0.0,
unknwn,unknwn,0,0.0,,0,0.0,,0.0,
тактическая,тактическ,0,0.0,,0,0.0,,0.0,
шмальгаузена,шмальгауз,0,0.0,,0,0.0,,0.0,
зеленського,зеленськ,0,0.0,,0,0.0,,0.0,
аравана,арава,0,0.0,,0,0.0,,0.0,
cherry,cherry,0,0.0,,0,0.0,,0.0,
ромео,роме,0,0.0,,0,0.0,,0.0,
rap,rap,0,0.0,,0,0.0,,0.0,
формула,формул,0,0.0,,0,0.0,,0.0,
fuking,fuking,0,0.0,,0,0.0,,0.0,
bracket,bracket,0,0.0,,0,0.0,,0.0,
kirakilla,kirakilla,1,0.0,0.0,0,0.0,,0.0,
янської,янської,0,0.0,,0,0.0,,0.0,
діти,діти,0,0.0,,0,0.0,,0.0,
идея,иде,0,0.0,,0,0.0,,0.0,
параноид,параноид,0,0.0,,0,0.0,,0.0,
эхо,эх,0,0.0,,0,0.0,,0.0,
bluza,bluza,0,0.0,,0,0.0,,0.0,
guide,guide,0,0.0,,0,0.0,,0.0,
sca,sca,0,0.0,,0,0.0,,0.0,
люблю,любл,0,0.0,,0,0.0,,0.0,
curtan,curtan,0,0.0,,0,0.0,,0.0,
нація,наці,0,0.0,,0,0.0,,0.0,
ноггано,ногга,0,0.0,,0,0.0,,0.0,
мисфитс,мисфитс,0,0.0,,0,0.0,,0.0,
скейтшопы,скейтшоп,0,0.0,,0,0.0,,0.0,
с7мь,с7м,0,0.0,,0,0.0,,0.0,
плюс,плюс,0,0.0,,0,0.0,,0.0,
vampir,vampir,0,0.0,,0,0.0,,0.0,
pentakill,pentakill,0,0.0,,0,0.0,,0.0,
engineer,engineer,0,0.0,,0,0.0,,0.0,
bulba,bulba,0,0.0,,0,0.0,,0.0,
aravana,aravana,0,0.0,,0,0.0,,0.0,
плащівки,плащівк,0,0.0,,0,0.0,,0.0,
demolition,demolition,0,0.0,,0,0.0,,0.0,
days,days,0,0.0,,0,0.0,,0.0,
один,один,0,0.0,,0,0.0,,0.0,
buk,buk,0,0.0,,0,0.0,,0.0,
житомир,житомир,0,0.0,,0,0.0,,0.0,
bez,bez,0,0.0,,0,0.0,,0.0,
scam,scam,1,0.0,0.0,0,0.0,,0.0,
сумма,сумм,0,0.0,,0,0.0,,0.0,
маваши,маваш,0,0.0,,0,0.0,,0.0,
bembi,bembi,0,0.0,,0,0.0,,0.0,
babayaga,babayaga,0,0.0,,0,0.0,,0.0,
бывают,быва,0,0.0,,0,0.0,,0.0,
ссо,ссо,1,0.0,0.0,0,0.0,,0.0,
jil,jil,0,0.0,,0,0.0,,0.0,
damascus,damascus,0,0.0,,0,0.0,,0.0,
osakl,osakl,0,0.0,,0,0.0,,0.0,
пивом,пив,0,0.0,,0,0.0,,0.0,
том,том,0,0.0,,0,0.0,,0.0,
валберіс,валберіс,0,0.0,,0,0.0,,0.0,
metacultura,metacultura,0,0.0,,0,0.0,,0.0,
knife,knife,0,0.0,,0,0.0,,0.0,
каст,каст,0,0.0,,0,0.0,,0.0,
pull,pull,0,0.0,,0,0.0,,0.0,
manekenbrand,manekenbrand,0,0.0,,0,0.0,,0.0,
нововолинська,нововолинськ,0,0.0,,0,0.0,,0.0,
фарфі,фарфі,0,0.0,,0,0.0,,0.0,
shevron,shevron,0,0.0,,0,0.0,,0.0,
штурмовика,штурмовик,2,0.0,0.0,0,0.0,,0.0,
солиар,солиар,0,0.0,,0,0.0,,0.0,
essential,essential,0,0.0,,0,0.0,,0.0,
bone,bone,0,0.0,,0,0.0,,0.0,
квик,квик,0,0.0,,0,0.0,,0.0,
софтшелу,софтшел,0,0.0,,0,0.0,,0.0,
однотонная,однотон,0,0.0,,0,0.0,,0.0,
thieves,thieves,0,0.0,,0,0.0,,0.0,
побратиму,побратим,0,0.0,,0,0.0,,0.0,
obituary,obituary,0,0.0,,0,0.0,,0.0,
ухилянт,ухилянт,0,0.0,,0,0.0,,0.0,
bestforyou,bestforyou,0,0.0,,0,0.0,,0.0,
бандерівський,бандерівськ,0,0.0,,0,0.0,,0.0,
brothers,brothers,0,0.0,,0,0.0,,0.0,
боксроу,боксро,0,0.0,,0,0.0,,0.0,
2pac,2pac,0,0.0,,0,0.0,,0.0,
антихайп,антихайп,0,0.0,,0,0.0,,0.0,
ятаю,ята,0,0.0,,0,0.0,,0.0,
minmin,minmin,0,0.0,,0,0.0,,0.0,
эдисона,эдисон,0,0.0,,0,0.0,,0.0,
граффити,граффит,0,0.0,,0,0.0,,0.0,
дикис,дикис,0,0.0,,0,0.0,,0.0,
лонслів,лонслів,0,0.0,,0,0.0,,0.0,
seaggs,seaggs,0,0.0,,0,0.0,,0.0,
nadr,nadr,0,0.0,,0,0.0,,0.0,
umbro,umbro,0,0.0,,0,0.0,,0.0,
бер,бер,0,0.0,,0,0.0,,0.0,
старберрі,старберрі,0,0.0,,0,0.0,,0.0,
закручивался,закручива,0,0.0,,0,0.0,,0.0,
house,house,0,0.0,,0,0.0,,0.0,
альт,альт,0,0.0,,0,0.0,,0.0,
шоб,шоб,0,0.0,,0,0.0,,0.0,
from,from,0,0.0,,0,0.0,,0.0,
май,ма,0,0.0,,0,0.0,,0.0,
sparring,sparring,0,0.0,,0,0.0,,0.0,
сэм,сэм,0,0.0,,0,0.0,,0.0,
dragons,dragons,0,0.0,,0,0.0,,0.0,
при,при,0,0.0,,0,0.0,,0.0,
телом,тел,0,0.0,,0,0.0,,0.0,
еліс,еліс,0,0.0,,0,0.0,,0.0,
cbg,cbg,0,0.0,,0,0.0,,0.0,
каракурт,каракурт,0,0.0,,0,0.0,,0.0,
heyyasisters,heyyasisters,0,0.0,,0,0.0,,0.0,
santa,santa,0,0.0,,0,0.0,,0.0,
міномет,міномет,0,0.0,,0,0.0,,0.0,
nude,nude,0,0.0,,0,0.0,,0.0,
exposition,exposition,0,0.0,,0,0.0,,0.0,
volkswagen,volkswagen,0,0.0,,0,0.0,,0.0,
schmalgauzen,schmalgauzen,2,0.0,0.0,0,0.0,,0.0,
wiking,wiking,0,0.0,,0,0.0,,0.0,
знаменосець,знаменосет^,0,0.0,,0,0.0,,0.0,
кендалл,кендалл,0,0.0,,0,0.0,,0.0,
шинигами,шиниг,0,0.0,,0,0.0,,0.0,
закарпаття,закарпатт,0,0.0,,0,0.0,,0.0,
намилия,намил,0,0.0,,0,0.0,,0.0,
трэвис,трэвис,0,0.0,,0,0.0,,0.0,
served,served,0,0.0,,0,0.0,,0.0,
ура,ур,0,0.0,,0,0.0,,0.0,
мафаня,мафан,0,0.0,,0,0.0,,0.0,
язок,язок,0,0.0,,0,0.0,,0.0,
archgoat,archgoat,0,0.0,,0,0.0,,0.0,
korobko,korobko,0,0.0,,0,0.0,,0.0,
cowboy,cowboy,0,0.0,,0,0.0,,0.0,
беленс,беленс,0,0.0,,0,0.0,,0.0,
respect,respect,0,0.0,,0,0.0,,0.0,
solomas,solomas,0,0.0,,0,0.0,,0.0,
далі,далі,0,0.0,,0,0.0,,0.0,
крбк,крбк,0,0.0,,0,0.0,,0.0,
marshall,marshall,0,0.0,,0,0.0,,0.0,
монашкой,монашк,1,0.0,0.0,0,0.0,,0.0,
кане,кан,0,0.0,,0,0.0,,0.0,
hug,hug,0,0.0,,0,0.0,,0.0,
мстители,мстител,0,0.0,,0,0.0,,0.0,
механік,механік,0,0.0,,0,0.0,,0.0,
переміг,переміг,0,0.0,,0,0.0,,0.0,
deathclutch,deathclutch,0,0.0,,0,0.0,,0.0,
перри,перр,0,0.0,,0,0.0,,0.0,
factory,factory,0,0.0,,0,0.0,,0.0,
codes,codes,0,0.0,,0,0.0,,0.0,
1st,1st,0,0.0,,0,0.0,,0.0,
banner,banner,0,0.0,,0,0.0,,0.0,
tomorrow,tomorrow,0,0.0,,0,0.0,,0.0,
пиздец,пиздец,0,0.0,,0,0.0,,0.0,
якісна,якісн,0,0.0,,0,0.0,,0.0,
моттино,моттин,0,0.0,,0,0.0,,0.0,
отой,от,0,0.0,,0,0.0,,0.0,
герлаб,герлаб,0,0.0,,0,0.0,,0.0,
дитяче,дитяч,0,0.0,,0,0.0,,0.0,
мрія,мрія,0,0.0,,0,0.0,,0.0,
bohema,bohema,0,0.0,,0,0.0,,0.0,
world,world,0,0.0,,0,0.0,,0.0,
never,never,0,0.0,,0,0.0,,0.0,
укорочена,укороч,0,0.0,,0,0.0,,0.0,
gard,gard,1,0.0,0.0,0,0.0,,0.0,
gear,gear,0,0.0,,0,0.0,,0.0,
scripka,scripka,0,0.0,,0,0.0,,0.0,
fuckthepopulation,fuckthepopulation,0,0.0,,0,0.0,,0.0,
fenomen,fenomen,0,0.0,,0,0.0,,0.0,
motz,motz,0,0.0,,0,0.0,,0.0,
hypezone,hypezone,0,0.0,,0,0.0,,0.0,
zoo,zoo,0,0.0,,0,0.0,,0.0,
shiva,shiva,0,0.0,,0,0.0,,0.0,
габбана,габба,0,0.0,,0,0.0,,0.0,
їною,їно,0,0.0,,0,0.0,,0.0,
оригин,оригин,1,0.0,0.0,0,0.0,,0.0,
смаш,смаш,0,0.0,,0,0.0,,0.0,
simbiosis,simbiosis,0,0.0,,0,0.0,,0.0,
незламні,незламні,0,0.0,,0,0.0,,0.0,
hupnari,hupnari,0,0.0,,0,0.0,,0.0,
батька,батьк,0,0.0,,0,0.0,,0.0,
пінгвіном,пінгвіном,0,0.0,,0,0.0,,0.0,
тамблер,тамблер,0,0.0,,0,0.0,,0.0,
джерсі,джерсі,0,0.0,,0,0.0,,0.0,
намбер,намбер,0,0.0,,0,0.0,,0.0,
двіж,двіж,0,0.0,,0,0.0,,0.0,
spadshchyna,spadshchyna,0,0.0,,0,0.0,,0.0,
терра,терр,0,0.0,,0,0.0,,0.0,
япония,япон,0,0.0,,0,0.0,,0.0,
оригінальні,оригінальні,1,0.0,0.0,0,0.0,,0.0,
edisonfamily,edisonfamily,0,0.0,,0,0.0,,0.0,
цитатами,цитат,0,0.0,,0,0.0,,0.0,
banderaciaga,banderaciaga,0,0.0,,0,0.0,,0.0,
cy4865,cy4865,0,0.0,,0,0.0,,0.0,
amstaff,amstaff,0,0.0,,0,0.0,,0.0,
kneel,kneel,0,0.0,,0,0.0,,0.0,
hard,hard,3,0.0,0.0,0,0.0,,0.0,
anarchy,anarchy,0,0.0,,0,0.0,,0.0,
френдли,френдл,0,0.0,,0,0.0,,0.0,
about,about,0,0.0,,0,0.0,,0.0,
закохувати,закохуват,0,0.0,,0,0.0,,0.0,
promin,promin,0,0.0,,0,0.0,,0.0,
wardrobe,wardrobe,0,0.0,,0,0.0,,0.0,
otricala,otricala,0,0.0,,0,0.0,,0.0,
китти,китт,0,0.0,,0,0.0,,0.0,
warboy,warboy,0,0.0,,0,0.0,,0.0,
кипелов,кипел,0,0.0,,0,0.0,,0.0,
сексу,секс,0,0.0,,0,0.0,,0.0,
каразин,каразин,0,0.0,,0,0.0,,0.0,
multicat,multicat,0,0.0,,0,0.0,,0.0,
friends,friends,0,0.0,,0,0.0,,0.0,
прощает,проща,0,0.0,,0,0.0,,0.0,
terrormachine,terrormachine,0,0.0,,0,0.0,,0.0,
king,king,0,0.0,,0,0.0,,0.0,
agenda,agenda,0,0.0,,0,0.0,,0.0,
вирій,вирі,0,0.0,,0,0.0,,0.0,
вальхалла,вальхалл,0,0.0,,0,0.0,,0.0,
softstyle,softstyle,0,0.0,,0,0.0,,0.0,
cool,cool,0,0.0,,0,0.0,,0.0,
manstyle,manstyle,0,0.0,,0,0.0,,0.0,
minotaur,minotaur,0,0.0,,0,0.0,,0.0,
спадщина,спадщин,0,0.0,,0,0.0,,0.0,
multiply,multiply,1,0.0,0.0,0,0.0,,0.0,
моджаве,моджав,0,0.0,,0,0.0,,0.0,
sheset,sheset,0,0.0,,0,0.0,,0.0,
fdsfwsz,fdsfwsz,0,0.0,,0,0.0,,0.0,
обериг,обериг,2,0.0,0.0,0,0.0,,0.0,
sleektech,sleektech,0,0.0,,0,0.0,,0.0,
юникло,юникл,0,0.0,,0,0.0,,0.0,
мембранні,мембранні,0,0.0,,0,0.0,,0.0,
amiri,amiri,0,0.0,,0,0.0,,0.0,
converse,converse,0,0.0,,0,0.0,,0.0,
схватка,схватк,0,0.0,,0,0.0,,0.0,
паривижн,паривижн,0,0.0,,0,0.0,,0.0,
bdsm,bdsm,0,0.0,,0,0.0,,0.0,
breakfast,breakfast,0,0.0,,0,0.0,,0.0,
nosferatu,nosferatu,0,0.0,,0,0.0,,0.0,
sensei,sensei,0,0.0,,0,0.0,,0.0,
брутал,брута,0,0.0,,0,0.0,,0.0,
ауді,ауді,0,0.0,,0,0.0,,0.0,
nevada,nevada,0,0.0,,0,0.0,,0.0,
низькій,низькі,0,0.0,,0,0.0,,0.0,
peaks,peaks,0,0.0,,0,0.0,,0.0,
конор,конор,0,0.0,,0,0.0,,0.0,
norge,norge,0,0.0,,0,0.0,,0.0,
town,town,0,0.0,,0,0.0,,0.0,
старбері,старбері,0,0.0,,0,0.0,,0.0,
мост,мост,0,0.0,,0,0.0,,0.0,
efrafa,efrafa,0,0.0,,0,0.0,,0.0,
удлиненные,удлинен,0,0.0,,0,0.0,,0.0,
yuki,yuki,0,0.0,,0,0.0,,0.0,
офіційний,офіційн,0,0.0,,0,0.0,,0.0,
stalker,stalker,0,0.0,,0,0.0,,0.0,
нейлон,нейлон,1,0.0,0.0,0,0.0,,0.0,
yaga,yaga,0,0.0,,0,0.0,,0.0,
зипок,зипок,0,0.0,,0,0.0,,0.0,
полароид,полароид,0,0.0,,0,0.0,,0.0,
gattoi,gattoi,0,0.0,,0,0.0,,0.0,
спайдер,спайдер,0,0.0,,0,0.0,,0.0,
380,380,0,0.0,,0,0.0,,0.0,
color,color,0,0.0,,0,0.0,,0.0,
малыш,малыш,0,0.0,,0,0.0,,0.0,
купидон,купидон,0,0.0,,0,0.0,,0.0,
хейтспич,хейтспич,0,0.0,,0,0.0,,0.0,
мейсон,мейсон,0,0.0,,0,0.0,,0.0,
али,ал,0,0.0,,0,0.0,,0.0,
рівне,рівне,0,0.0,,0,0.0,,0.0,
рокерская,рокерск,1,0.0,0.0,0,0.0,,0.0,
cigarettes,cigarettes,0,0.0,,0,0.0,,0.0,
міцна,міцна,0,0.0,,0,0.0,,0.0,
stl,stl,0,0.0,,0,0.0,,0.0,
rings,rings,0,0.0,,0,0.0,,0.0,
element,element,0,0.0,,0,0.0,,0.0,
proco,proco,0,0.0,,0,0.0,,0.0,
tigerwood,tigerwood,0,0.0,,0,0.0,,0.0,
wholeopolis,wholeopolis,0,0.0,,0,0.0,,0.0,
over,over,0,0.0,,0,0.0,,0.0,
obey,obey,0,0.0,,0,0.0,,0.0,
marino,marino,0,0.0,,0,0.0,,0.0,
сзади,сзад,0,0.0,,0,0.0,,0.0,
попросить,попрос,0,0.0,,0,0.0,,0.0,
немецким,немецк,0,0.0,,0,0.0,,0.0,
страдіваріус,страдіваріус,0,0.0,,0,0.0,,0.0,
ranch,ranch,0,0.0,,0,0.0,,0.0,
полосата,полосат,0,0.0,,0,0.0,,0.0,
uniqlo,uniqlo,1,0.0,0.0,0,0.0,,0.0,
вязаные,вязан,0,0.0,,0,0.0,,0.0,
кеп,кеп,0,0.0,,0,0.0,,0.0,
пінгвіна,пінгвіна,0,0.0,,0,0.0,,0.0,
деревом,дерев,0,0.0,,0,0.0,,0.0,
апом,ап,0,0.0,,0,0.0,,0.0,
оберіг,оберіг,0,0.0,,0,0.0,,0.0,
sangvinik,sangvinik,0,0.0,,0,0.0,,0.0,
dognose,dognose,0,0.0,,0,0.0,,0.0,
maiden,maiden,0,0.0,,0,0.0,,0.0,
sunset,sunset,0,0.0,,0,0.0,,0.0,
дистресс,дистресс,0,0.0,,0,0.0,,0.0,
пропоо,пропо,0,0.0,,0,0.0,,0.0,
pleasure,pleasure,0,0.0,,0,0.0,,0.0,
изи,из,0,0.0,,0,0.0,,0.0,
rockfellow,rockfellow,0,0.0,,0,0.0,,0.0,
money,money,2,0.0,0.0,0,0.0,,0.0,
фудьолка,фудьолк,0,0.0,,0,0.0,,0.0,
reverse,reverse,0,0.0,,0,0.0,,0.0,
лучшие,лучш,1,0.0,0.0,0,0.0,,0.0,
tool,tool,0,0.0,,0,0.0,,0.0,
leman,leman,0,0.0,,0,0.0,,0.0,
реплика,реплик,0,0.0,,0,0.0,,0.0,
solar,solar,0,0.0,,0,0.0,,0.0,
винищувач,винищувач,0,0.0,,0,0.0,,0.0,
heavyweight,heavyweight,0,0.0,,0,0.0,,0.0,
nazarelli,nazarelli,0,0.0,,0,0.0,,0.0,
hangover,hangover,0,0.0,,0,0.0,,0.0,
40k,40k,0,0.0,,0,0.0,,0.0,
камотек,камотек,0,0.0,,0,0.0,,0.0,
мухаммед,мухаммед,0,0.0,,0,0.0,,0.0,
нірвана,нірван,0,0.0,,0,0.0,,0.0,
punkandfunk,punkandfunk,0,0.0,,0,0.0,,0.0,
triad,triad,1,0.0,0.0,0,0.0,,0.0,
трикотаж,трикотаж,0,0.0,,0,0.0,,0.0,
передового,передов,0,0.0,,0,0.0,,0.0,
гранж,гранж,0,0.0,,0,0.0,,0.0,
bitcoin,bitcoin,0,0.0,,0,0.0,,0.0,
strum,strum,0,0.0,,0,0.0,,0.0,
пентагон,пентагон,0,0.0,,0,0.0,,0.0,
heartbreaker,heartbreaker,0,0.0,,0,0.0,,0.0,
nobrand,nobrand,0,0.0,,0,0.0,,0.0,
адама,адам,0,0.0,,0,0.0,,0.0,
dickies,dickies,0,0.0,,0,0.0,,0.0,
standard,standard,0,0.0,,0,0.0,,0.0,
glow,glow,0,0.0,,0,0.0,,0.0,
добру,добр,1,0.0,0.0,0,0.0,,0.0,
suffocation,suffocation,0,0.0,,0,0.0,,0.0,
suka,suka,0,0.0,,0,0.0,,0.0,
тканина,тканин,0,0.0,,0,0.0,,0.0,
brl,brl,0,0.0,,0,0.0,,0.0,
війну,війн,0,0.0,,0,0.0,,0.0,
truck,truck,0,0.0,,0,0.0,,0.0,
еверласт,еверласт,0,0.0,,0,0.0,,0.0,
рута,рут,0,0.0,,0,0.0,,0.0,
high,high,0,0.0,,0,0.0,,0.0,
atl,atl,0,0.0,,0,0.0,,0.0,
колір,колір,0,0.0,,0,0.0,,0.0,
меч,меч,0,0.0,,0,0.0,,0.0,
molon,molon,0,0.0,,0,0.0,,0.0,
grave,grave,0,0.0,,0,0.0,,0.0,
есентіалс,есентіалс,0,0.0,,0,0.0,,0.0,
loom,loom,0,0.0,,0,0.0,,0.0,
poetry,poetry,0,0.0,,0,0.0,,0.0,
узкие,узк,0,0.0,,0,0.0,,0.0,
малоизвестные,малоизвестн,0,0.0,,0,0.0,,0.0,
yorker,yorker,1,0.0,0.0,0,0.0,,0.0,
влон,влон,0,0.0,,0,0.0,,0.0,
skull,skull,0,0.0,,0,0.0,,0.0,
filson,filson,0,0.0,,0,0.0,,0.0,
флаштоки,флашток,0,0.0,,0,0.0,,0.0,
detox,detox,0,0.0,,0,0.0,,0.0,
всякі,всякі,0,0.0,,0,0.0,,0.0,
скарфейс,скарфейс,0,0.0,,0,0.0,,0.0,
mood,mood,0,0.0,,0,0.0,,0.0,
validius,validius,0,0.0,,0,0.0,,0.0,
популярные,популярн,0,0.0,,0,0.0,,0.0,
murderdolls,murderdolls,0,0.0,,0,0.0,,0.0,
гидазепам,гидазеп,0,0.0,,0,0.0,,0.0,
consdaple,consdaple,0,0.0,,0,0.0,,0.0,
светло,светл,0,0.0,,0,0.0,,0.0,
брендована,брендова,0,0.0,,0,0.0,,0.0,
oth,oth,0,0.0,,0,0.0,,0.0,
проєбав,проєба,0,0.0,,0,0.0,,0.0,
voltaire,voltaire,0,0.0,,0,0.0,,0.0,
азимут,азимут,0,0.0,,0,0.0,,0.0,
mirezane,mirezane,0,0.0,,0,0.0,,0.0,
lippi,lippi,0,0.0,,0,0.0,,0.0,
sandistore,sandistore,0,0.0,,0,0.0,,0.0,
кировоград,кировоград,0,0.0,,0,0.0,,0.0,
synestia,synestia,0,0.0,,0,0.0,,0.0,
dress,dress,0,0.0,,0,0.0,,0.0,
pink,pink,0,0.0,,0,0.0,,0.0,
fayna,fayna,0,0.0,,0,0.0,,0.0,
foxmoto,foxmoto,0,0.0,,0,0.0,,0.0,
флег,флег,0,0.0,,0,0.0,,0.0,
jimothy,jimothy,0,0.0,,0,0.0,,0.0,
армия,арм,0,0.0,,0,0.0,,0.0,
nima,nima,0,0.0,,0,0.0,,0.0,
змея,зме,0,0.0,,0,0.0,,0.0,
цветочек,цветочек,0,0.0,,0,0.0,,0.0,
борд,борд,0,0.0,,0,0.0,,0.0,
nasdaq,nasdaq,0,0.0,,0,0.0,,0.0,
megasport,megasport,0,0.0,,0,0.0,,0.0,
michael,michael,0,0.0,,0,0.0,,0.0,
disculpe,disculpe,0,0.0,,0,0.0,,0.0,
alexandria,alexandria,0,0.0,,0,0.0,,0.0,
ганк,ганк,0,0.0,,0,0.0,,0.0,
мной,мно,0,0.0,,0,0.0,,0.0,
twilight,twilight,2,0.0,0.0,0,0.0,,0.0,
пеклотойс,пеклотойс,0,0.0,,0,0.0,,0.0,
socks,socks,0,0.0,,0,0.0,,0.0,
староста,старост,0,0.0,,0,0.0,,0.0,
hrushenka,hrushenka,0,0.0,,0,0.0,,0.0,
misanthropic,misanthropic,0,0.0,,0,0.0,,0.0,
худак,худак,2,0.0,0.0,0,0.0,,0.0,
фаер,фаер,0,0.0,,0,0.0,,0.0,
zhinka,zhinka,0,0.0,,0,0.0,,0.0,
women,women,0,0.0,,0,0.0,,0.0,
медведем,медвед,0,0.0,,0,0.0,,0.0,
дог,дог,1,0.0,0.0,0,0.0,,0.0,
russian,russian,1,0.0,0.0,0,0.0,,0.0,
стиль,стил,1,0.0,0.0,0,0.0,,0.0,
моргенштерна,моргенштерн,0,0.0,,0,0.0,,0.0,
azalea,azalea,0,0.0,,0,0.0,,0.0,
чорнобиль,чорнобил,0,0.0,,0,0.0,,0.0,
ребелія,ребелі,0,0.0,,0,0.0,,0.0,
муцураев,муцура,0,0.0,,0,0.0,,0.0,
tura,tura,0,0.0,,0,0.0,,0.0,
max,max,0,0.0,,0,0.0,,0.0,
jolly,jolly,0,0.0,,0,0.0,,0.0,
батальона,батальон,0,0.0,,0,0.0,,0.0,
полотно,полотн,0,0.0,,0,0.0,,0.0,
минусы,минус,0,0.0,,0,0.0,,0.0,
навчу,навч,0,0.0,,0,0.0,,0.0,
beasts,beasts,0,0.0,,0,0.0,,0.0,
днр,днр,0,0.0,,0,0.0,,0.0,
годжо,годж,0,0.0,,0,0.0,,0.0,
ralph,ralph,0,0.0,,0,0.0,,0.0,
du0367,du0367,0,0.0,,0,0.0,,0.0,
dich,dich,0,0.0,,0,0.0,,0.0,
yamamoto,yamamoto,0,0.0,,0,0.0,,0.0,
zxc,zxc,0,0.0,,0,0.0,,0.0,
fpvua,fpvua,0,0.0,,0,0.0,,0.0,
batnorton,batnorton,0,0.0,,0,0.0,,0.0,
sua,sua,0,0.0,,0,0.0,,0.0,
grimey,grimey,0,0.0,,0,0.0,,0.0,
vans,vans,0,0.0,,0,0.0,,0.0,
stars,stars,0,0.0,,0,0.0,,0.0,
поліції,поліції,0,0.0,,0,0.0,,0.0,
арлекин,арлекин,0,0.0,,0,0.0,,0.0,
parkkaron,parkkaron,0,0.0,,0,0.0,,0.0,
banderola,banderola,0,0.0,,0,0.0,,0.0,
blooded,blooded,0,0.0,,0,0.0,,0.0,
bagi,bagi,0,0.0,,0,0.0,,0.0,
chemical,chemical,0,0.0,,0,0.0,,0.0,
nakoxano,nakoxano,0,0.0,,0,0.0,,0.0,
bee,bee,0,0.0,,0,0.0,,0.0,
fromus,fromus,0,0.0,,0,0.0,,0.0,
crooks,crooks,0,0.0,,0,0.0,,0.0,
термофутболка,термофутболк,0,0.0,,0,0.0,,0.0,
карма,карм,0,0.0,,0,0.0,,0.0,
horn,horn,0,0.0,,0,0.0,,0.0,
тнмк,тнмк,0,0.0,,0,0.0,,0.0,
хистерик,хистерик,0,0.0,,0,0.0,,0.0,
low,low,0,0.0,,0,0.0,,0.0,
файна,файн,0,0.0,,0,0.0,,0.0,
curl,curl,0,0.0,,0,0.0,,0.0,
тапаут,тапаут,0,0.0,,0,0.0,,0.0,
морской,морск,0,0.0,,0,0.0,,0.0,
bratstvo,bratstvo,1,0.0,0.0,0,0.0,,0.0,
soho,soho,0,0.0,,0,0.0,,0.0,
поинт,поинт,0,0.0,,0,0.0,,0.0,
бриони,брион,0,0.0,,0,0.0,,0.0,
хуго,хуг,0,0.0,,0,0.0,,0.0,
mcqueen,mcqueen,0,0.0,,0,0.0,,0.0,
наді,наді,0,0.0,,0,0.0,,0.0,
котолик,котолик,0,0.0,,0,0.0,,0.0,
лістікоф,лістікоф,0,0.0,,0,0.0,,0.0,
wfp,wfp,0,0.0,,0,0.0,,0.0,
universe,universe,0,0.0,,0,0.0,,0.0,
безрукавка,безрукавк,0,0.0,,0,0.0,,0.0,
сікс,сікс,0,0.0,,0,0.0,,0.0,
закоханих,закохан,0,0.0,,0,0.0,,0.0,
бордшоп,бордшоп,0,0.0,,0,0.0,,0.0,
veterans,veterans,0,0.0,,0,0.0,,0.0,
оксимирона,оксимирон,0,0.0,,0,0.0,,0.0,
animalist,animalist,0,0.0,,0,0.0,,0.0,
zipped,zipped,0,0.0,,0,0.0,,0.0,
марихуаной,марихуан,0,0.0,,0,0.0,,0.0,
гиг,гиг,0,0.0,,0,0.0,,0.0,
choose,choose,0,0.0,,0,0.0,,0.0,
утеплені,утеплені,0,0.0,,0,0.0,,0.0,
symbiosis,symbiosis,0,0.0,,0,0.0,,0.0,
фбу,фбу,0,0.0,,0,0.0,,0.0,
xasthur,xasthur,0,0.0,,0,0.0,,0.0,
painter,painter,0,0.0,,0,0.0,,0.0,
dime,dime,0,0.0,,0,0.0,,0.0,
фнаф,фнаф,0,0.0,,0,0.0,,0.0,
smesh,smesh,0,0.0,,0,0.0,,0.0,
travis,travis,0,0.0,,0,0.0,,0.0,
ивису,ивис,0,0.0,,0,0.0,,0.0,
1985,1985,0,0.0,,0,0.0,,0.0,
pretty,pretty,0,0.0,,0,0.0,,0.0,
буква,букв,0,0.0,,0,0.0,,0.0,
blink,blink,0,0.0,,0,0.0,,0.0,
bunny,bunny,0,0.0,,0,0.0,,0.0,
suit,suit,0,0.0,,0,0.0,,0.0,
цепями,цеп,0,0.0,,0,0.0,,0.0,
свобода,свобод,0,0.0,,0,0.0,,0.0,
суперфутболка,суперфутболк,0,0.0,,0,0.0,,0.0,
slp,slp,0,0.0,,0,0.0,,0.0,
тім,тім,0,0.0,,0,0.0,,0.0,
потосовка,потосовк,0,0.0,,0,0.0,,0.0,
dropsize,dropsize,0,0.0,,0,0.0,,0.0,
ogonek,ogonek,0,0.0,,0,0.0,,0.0,
сонце,сонц,0,0.0,,0,0.0,,0.0,
яру,яр,0,0.0,,0,0.0,,0.0,
супрім,супрім,0,0.0,,0,0.0,,0.0,
лондон,лондон,0,0.0,,0,0.0,,0.0,
polivik,polivik,0,0.0,,0,0.0,,0.0,
команд,команд,0,0.0,,0,0.0,,0.0,
design,design,1,0.0,0.0,0,0.0,,0.0,
лава,лав,0,0.0,,0,0.0,,0.0,
sho,sho,0,0.0,,0,0.0,,0.0,
kll,kll,0,0.0,,0,0.0,,0.0,
артан,арта,0,0.0,,0,0.0,,0.0,
бальман,бальма,0,0.0,,0,0.0,,0.0,
гулем,гул,0,0.0,,0,0.0,,0.0,
avic,avic,0,0.0,,0,0.0,,0.0,
carhartt,carhartt,0,0.0,,0,0.0,,0.0,
тайна,тайн,0,0.0,,0,0.0,,0.0,
бобріто,бобріт,0,0.0,,0,0.0,,0.0,
сменными,смен,0,0.0,,0,0.0,,0.0,
фліс,фліс,0,0.0,,0,0.0,,0.0,
noise,noise,0,0.0,,0,0.0,,0.0,
assc,assc,0,0.0,,0,0.0,,0.0,
litera,litera,0,0.0,,0,0.0,,0.0,
lagrand,lagrand,0,0.0,,0,0.0,,0.0,
rest,rest,0,0.0,,0,0.0,,0.0,
minus,minus,0,0.0,,0,0.0,,0.0,
дзюдо,дзюд,0,0.0,,0,0.0,,0.0,
мотино,мотин,0,0.0,,0,0.0,,0.0,
less,less,0,0.0,,0,0.0,,0.0,
marmur,marmur,0,0.0,,0,0.0,,0.0,
паул,паул,0,0.0,,0,0.0,,0.0,
collar,collar,0,0.0,,0,0.0,,0.0,
націоналістичні,націоналістичні,0,0.0,,0,0.0,,0.0,
blackbeard,blackbeard,0,0.0,,0,0.0,,0.0,
вир,вир,0,0.0,,0,0.0,,0.0,
доктор,доктор,0,0.0,,0,0.0,,0.0,
хунта,хунт,0,0.0,,0,0.0,,0.0,
uvali,uvali,0,0.0,,0,0.0,,0.0,
спрейграунд,спрейграунд,0,0.0,,0,0.0,,0.0,
крида,крид,0,0.0,,0,0.0,,0.0,
peace,peace,0,0.0,,0,0.0,,0.0,
rex,rex,2,0.0,0.0,0,0.0,,0.0,
двухсторонняя,двухсторон,0,0.0,,0,0.0,,0.0,
кажаном,кажан,0,0.0,,0,0.0,,0.0,
хелстар,хелстар,0,0.0,,0,0.0,,0.0,
пайту,пайт,0,0.0,,0,0.0,,0.0,
мотоцикла,мотоцикл,0,0.0,,0,0.0,,0.0,
redemption,redemption,0,0.0,,0,0.0,,0.0,
фіолетовий,фіолетов,0,0.0,,0,0.0,,0.0,
media,media,0,0.0,,0,0.0,,0.0,
podmost,podmost,0,0.0,,0,0.0,,0.0,
usyk,usyk,0,0.0,,0,0.0,,0.0,
nordglanz,nordglanz,0,0.0,,0,0.0,,0.0,
года,год,0,0.0,,0,0.0,,0.0,
yozh,yozh,0,0.0,,0,0.0,,0.0,
heroism,heroism,0,0.0,,0,0.0,,0.0,
донгслів,донгслів,0,0.0,,0,0.0,,0.0,
french,french,0,0.0,,0,0.0,,0.0,
хорунгва,хорунгв,0,0.0,,0,0.0,,0.0,
rebel,rebel,1,0.0,0.0,0,0.0,,0.0,
mound,mound,0,0.0,,0,0.0,,0.0,
sectorx,sectorx,0,0.0,,0,0.0,,0.0,
samokhvalov,samokhvalov,0,0.0,,0,0.0,,0.0,
poets,poets,0,0.0,,0,0.0,,0.0,
witcher,witcher,0,0.0,,0,0.0,,0.0,
maxiprint,maxiprint,0,0.0,,0,0.0,,0.0,
хей,хе,0,0.0,,0,0.0,,0.0,
zne,zne,0,0.0,,0,0.0,,0.0,
купитьфутболку,купитьфутболк,0,0.0,,0,0.0,,0.0,
opeth,opeth,0,0.0,,0,0.0,,0.0,
дхарма,дхарм,0,0.0,,0,0.0,,0.0,
христом,христ,0,0.0,,0,0.0,,0.0,
пірсингом,пірсинг,0,0.0,,0,0.0,,0.0,
class,class,0,0.0,,0,0.0,,0.0,
баллоны,баллон,0,0.0,,0,0.0,,0.0,
третій,треті,0,0.0,,0,0.0,,0.0,
хзв,хзв,0,0.0,,0,0.0,,0.0,
penguin,penguin,0,0.0,,0,0.0,,0.0,
undermycar,undermycar,0,0.0,,0,0.0,,0.0,
хаб,хаб,0,0.0,,0,0.0,,0.0,
балони,балон,0,0.0,,0,0.0,,0.0,
тас,тас,0,0.0,,0,0.0,,0.0,
треники,треник,0,0.0,,0,0.0,,0.0,
никифилини,никифилин,0,0.0,,0,0.0,,0.0,
кабинетные,кабинетн,0,0.0,,0,0.0,,0.0,
эстетика,эстетик,0,0.0,,0,0.0,,0.0,
національної,національної,0,0.0,,0,0.0,,0.0,
dope,dope,0,0.0,,0,0.0,,0.0,
пленет,пленет,0,0.0,,0,0.0,,0.0,
гриффитом,гриффит,0,0.0,,0,0.0,,0.0,
powerlifting,powerlifting,0,0.0,,0,0.0,,0.0,
streetlife,streetlife,0,0.0,,0,0.0,,0.0,
пари,пар,0,0.0,,0,0.0,,0.0,
trespass,trespass,0,0.0,,0,0.0,,0.0,
hauntedstarbucks,hauntedstarbucks,0,0.0,,0,0.0,,0.0,
rummy,rummy,0,0.0,,0,0.0,,0.0,
леся,ле,0,0.0,,0,0.0,,0.0,
daniels,daniels,0,0.0,,0,0.0,,0.0,
acdc,acdc,0,0.0,,0,0.0,,0.0,
список,список,0,0.0,,0,0.0,,0.0,
huel,huel,0,0.0,,0,0.0,,0.0,
crowbar,crowbar,0,0.0,,0,0.0,,0.0,
рукав,рука,0,0.0,,0,0.0,,0.0,
anta,anta,0,0.0,,0,0.0,,0.0,
всу,всу,0,0.0,,0,0.0,,0.0,
модиво,модив,1,0.0,0.0,0,0.0,,0.0,
джонери,джонер,0,0.0,,0,0.0,,0.0,
упа,уп,0,0.0,,0,0.0,,0.0,
vivienne,vivienne,0,0.0,,0,0.0,,0.0,
evanescence,evanescence,0,0.0,,0,0.0,,0.0,
супер,супер,0,0.0,,0,0.0,,0.0,
сага,саг,0,0.0,,0,0.0,,0.0,
горы,гор,1,0.0,0.0,0,0.0,,0.0,
власти,власт,0,0.0,,0,0.0,,0.0,
pieceofshirt,pieceofshirt,0,0.0,,0,0.0,,0.0,
велюр,велюр,0,0.0,,0,0.0,,0.0,
эндшпиль,эндшпил,0,0.0,,0,0.0,,0.0,
egorini,egorini,0,0.0,,0,0.0,,0.0,
shirtz,shirtz,0,0.0,,0,0.0,,0.0,
исландия,исланд,0,0.0,,0,0.0,,0.0,
gep,gep,0,0.0,,0,0.0,,0.0,
слабоумие,слабоум,0,0.0,,0,0.0,,0.0,
sortgang,sortgang,0,0.0,,0,0.0,,0.0,
доча,доч,0,0.0,,0,0.0,,0.0,
сппокій,сппокі,0,0.0,,0,0.0,,0.0,
шапка,шапк,0,0.0,,0,0.0,,0.0,
ash,ash,0,0.0,,0,0.0,,0.0,
lastcall,lastcall,0,0.0,,0,0.0,,0.0,
тон,тон,0,0.0,,0,0.0,,0.0,
solnyshkina,solnyshkina,0,0.0,,0,0.0,,0.0,
щось,що,0,0.0,,0,0.0,,0.0,
кобзар,кобзар,0,0.0,,0,0.0,,0.0,
travel,travel,0,0.0,,0,0.0,,0.0,
goth,goth,0,0.0,,0,0.0,,0.0,
biz,biz,0,0.0,,0,0.0,,0.0,
глаз,глаз,0,0.0,,0,0.0,,0.0,
кикбоксинг,кикбоксинг,0,0.0,,0,0.0,,0.0,
issl,issl,0,0.0,,0,0.0,,0.0,
passenger,passenger,0,0.0,,0,0.0,,0.0,
bullwear,bullwear,0,0.0,,0,0.0,,0.0,
bebe,bebe,0,0.0,,0,0.0,,0.0,
m8l8th,m8l8th,0,0.0,,0,0.0,,0.0,
береженого,бережен,0,0.0,,0,0.0,,0.0,
struggle,struggle,0,0.0,,0,0.0,,0.0,
югенд,югенд,0,0.0,,0,0.0,,0.0,
push,push,0,0.0,,0,0.0,,0.0,
zhytomyr,zhytomyr,0,0.0,,0,0.0,,0.0,
karate,karate,0,0.0,,0,0.0,,0.0,
ариана,ариа,0,0.0,,0,0.0,,0.0,
монеси,монес,0,0.0,,0,0.0,,0.0,
ymaclo,ymaclo,0,0.0,,0,0.0,,0.0,
hooded,hooded,0,0.0,,0,0.0,,0.0,
hurts,hurts,0,0.0,,0,0.0,,0.0,
mango,mango,0,0.0,,0,0.0,,0.0,
игра,игр,0,0.0,,0,0.0,,0.0,
сімбіосіс,сімбіосіс,0,0.0,,0,0.0,,0.0,
патчі,патчі,0,0.0,,0,0.0,,0.0,
индивид,индивид,0,0.0,,0,0.0,,0.0,
йори,йор,0,0.0,,0,0.0,,0.0,
finger,finger,0,0.0,,0,0.0,,0.0,
youth,youth,0,0.0,,0,0.0,,0.0,
playboy,playboy,0,0.0,,0,0.0,,0.0,
барс,барс,0,0.0,,0,0.0,,0.0,
zhurawell,zhurawell,0,0.0,,0,0.0,,0.0,
southside,southside,0,0.0,,0,0.0,,0.0,
кофтс,кофтс,0,0.0,,0,0.0,,0.0,
криївка,криївк,0,0.0,,0,0.0,,0.0,
миколаїв,миколаїв,0,0.0,,0,0.0,,0.0,
was,was,0,0.0,,0,0.0,,0.0,
rus,rus,0,0.0,,0,0.0,,0.0,
kvita,kvita,0,0.0,,0,0.0,,0.0,
yale,yale,0,0.0,,0,0.0,,0.0,
rainbow,rainbow,0,0.0,,0,0.0,,0.0,
жетон,жетон,0,0.0,,0,0.0,,0.0,
1914,1914,0,0.0,,0,0.0,,0.0,
дівчинки,дівчинк,0,0.0,,0,0.0,,0.0,
іефа,іеф,0,0.0,,0,0.0,,0.0,
designs,designs,0,0.0,,0,0.0,,0.0,
painkiller,painkiller,0,0.0,,0,0.0,,0.0,
stressless,stressless,0,0.0,,0,0.0,,0.0,
anthrax,anthrax,0,0.0,,0,0.0,,0.0,
will,will,0,0.0,,0,0.0,,0.0,
dove,dove,0,0.0,,0,0.0,,0.0,
доміную,домін,0,0.0,,0,0.0,,0.0,
monoclo,monoclo,1,0.0,0.0,0,0.0,,0.0,
краской,краск,0,0.0,,0,0.0,,0.0,
goodfornothing,goodfornothing,0,0.0,,0,0.0,,0.0,
bizkit,bizkit,0,0.0,,0,0.0,,0.0,
bowie,bowie,0,0.0,,0,0.0,,0.0,
teivaz,teivaz,5,0.0,0.0,0,0.0,,0.0,
regent,regent,0,0.0,,0,0.0,,0.0,
ангелс,ангелс,0,0.0,,0,0.0,,0.0,
душніла,душніл,0,0.0,,0,0.0,,0.0,
wars,wars,0,0.0,,0,0.0,,0.0,
swag,swag,0,0.0,,0,0.0,,0.0,
сепультура,сепультур,0,0.0,,0,0.0,,0.0,
miu,miu,0,0.0,,0,0.0,,0.0,
ghosted,ghosted,0,0.0,,0,0.0,,0.0,
biohazard,biohazard,0,0.0,,0,0.0,,0.0,
children,children,0,0.0,,0,0.0,,0.0,
clth,clth,0,0.0,,0,0.0,,0.0,
державності,державності,0,0.0,,0,0.0,,0.0,
columbia,columbia,0,0.0,,0,0.0,,0.0,
бдсм,бдсм,0,0.0,,0,0.0,,0.0,
xxxtentacion,xxxtentacion,0,0.0,,0,0.0,,0.0,
рибами,риб,0,0.0,,0,0.0,,0.0,
projects,projects,0,0.0,,0,0.0,,0.0,
народження,народжен,0,0.0,,0,0.0,,0.0,
дмитрий,дмитр,0,0.0,,0,0.0,,0.0,
сіра,сіра,0,0.0,,0,0.0,,0.0,
dudes,dudes,0,0.0,,0,0.0,,0.0,
старі,старі,0,0.0,,0,0.0,,0.0,
полтава,полтав,0,0.0,,0,0.0,,0.0,
but,but,0,0.0,,0,0.0,,0.0,
хмельницкий,хмельницк,0,0.0,,0,0.0,,0.0,
icons,icons,0,0.0,,0,0.0,,0.0,
merchandise,merchandise,0,0.0,,0,0.0,,0.0,
tabooclothes,tabooclothes,0,0.0,,0,0.0,,0.0,
loose,loose,1,0.0,0.0,0,0.0,,0.0,
dedicated,dedicated,0,0.0,,0,0.0,,0.0,
plane,plane,0,0.0,,0,0.0,,0.0,
pigeon,pigeon,0,0.0,,0,0.0,,0.0,
collection,collection,0,0.0,,0,0.0,,0.0,
mortician,mortician,0,0.0,,0,0.0,,0.0,
pips,pips,0,0.0,,0,0.0,,0.0,
empire,empire,0,0.0,,0,0.0,,0.0,
hooters,hooters,0,0.0,,0,0.0,,0.0,
south,south,0,0.0,,0,0.0,,0.0,
агрегат,агрегат,0,0.0,,0,0.0,,0.0,
вермахт,вермахт,0,0.0,,0,0.0,,0.0,
блэк,блэк,0,0.0,,0,0.0,,0.0,
curta,curta,0,0.0,,0,0.0,,0.0,
махач,махач,0,0.0,,0,0.0,,0.0,
кладовище,кладовищ,0,0.0,,0,0.0,,0.0,
united,united,1,0.0,0.0,0,0.0,,0.0,
арапор,арапор,0,0.0,,0,0.0,,0.0,
devilish,devilish,0,0.0,,0,0.0,,0.0,
hearts,hearts,0,0.0,,0,0.0,,0.0,
issaya,issaya,0,0.0,,0,0.0,,0.0,
итальянские,итальянск,0,0.0,,0,0.0,,0.0,
papaya,papaya,0,0.0,,0,0.0,,0.0,
4xl,4xl,0,0.0,,0,0.0,,0.0,
hardkyiv,hardkyiv,0,0.0,,0,0.0,,0.0,
парт,парт,0,0.0,,0,0.0,,0.0,
gjlvjcn,gjlvjcn,0,0.0,,0,0.0,,0.0,
мошенничество,мошенничеств,0,0.0,,0,0.0,,0.0,
интроверт,интроверт,0,0.0,,0,0.0,,0.0,
kse,kse,0,0.0,,0,0.0,,0.0,
maveryk,maveryk,0,0.0,,0,0.0,,0.0,
бутік,бутік,0,0.0,,0,0.0,,0.0,
twisted,twisted,0,0.0,,0,0.0,,0.0,
dobermans,dobermans,0,0.0,,0,0.0,,0.0,
харкова,харков,0,0.0,,0,0.0,,0.0,
not,not,0,0.0,,0,0.0,,0.0,
рэб,рэб,0,0.0,,0,0.0,,0.0,
літера,літер,0,0.0,,0,0.0,,0.0,
pullbear,pullbear,0,0.0,,0,0.0,,0.0,
filini,filini,0,0.0,,0,0.0,,0.0,
ваффен,вафф,0,0.0,,0,0.0,,0.0,
анчу,анч,0,0.0,,0,0.0,,0.0,
максима,максим,0,0.0,,0,0.0,,0.0,
friendly,friendly,0,0.0,,0,0.0,,0.0,
володар,володар,0,0.0,,0,0.0,,0.0,
luk,luk,0,0.0,,0,0.0,,0.0,
кольору,кольор,0,0.0,,0,0.0,,0.0,
berhasm,berhasm,0,0.0,,0,0.0,,0.0,
kempa,kempa,0,0.0,,0,0.0,,0.0,
закат,закат,0,0.0,,0,0.0,,0.0,
warlord,warlord,0,0.0,,0,0.0,,0.0,
зміїний,зміїни,0,0.0,,0,0.0,,0.0,
королева,королев,0,0.0,,0,0.0,,0.0,
лонгмлів,лонгмлів,0,0.0,,0,0.0,,0.0,
дбд,дбд,0,0.0,,0,0.0,,0.0,
eilish,eilish,0,0.0,,0,0.0,,0.0,
clonnex,clonnex,0,0.0,,0,0.0,,0.0,
мамина,мамин,0,0.0,,0,0.0,,0.0,
влад,влад,0,0.0,,0,0.0,,0.0,
dodo,dodo,0,0.0,,0,0.0,,0.0,
неформат,неформат,0,0.0,,0,0.0,,0.0,
veteran,veteran,0,0.0,,0,0.0,,0.0,
abuser,abuser,0,0.0,,0,0.0,,0.0,
bloodshed,bloodshed,0,0.0,,0,0.0,,0.0,
gorchitsa,gorchitsa,0,0.0,,0,0.0,,0.0,
девочки,девочк,0,0.0,,0,0.0,,0.0,
венум,венум,0,0.0,,0,0.0,,0.0,
планет,планет,0,0.0,,0,0.0,,0.0,
creed,creed,0,0.0,,0,0.0,,0.0,
офника,офник,0,0.0,,0,0.0,,0.0,
reality,reality,0,0.0,,0,0.0,,0.0,
saucony,saucony,0,0.0,,0,0.0,,0.0,
naked,naked,0,0.0,,0,0.0,,0.0,
кумедні,кумедні,0,0.0,,0,0.0,,0.0,
фемели,фемел,0,0.0,,0,0.0,,0.0,
распродажа,распродаж,0,0.0,,0,0.0,,0.0,
шroom,шро,0,0.0,,0,0.0,,0.0,
николаевский,николаевск,0,0.0,,0,0.0,,0.0,
room,room,0,0.0,,0,0.0,,0.0,
ібіс,ібіс,0,0.0,,0,0.0,,0.0,
brands,brands,0,0.0,,0,0.0,,0.0,
pilot,pilot,0,0.0,,0,0.0,,0.0,
flagstore,flagstore,0,0.0,,0,0.0,,0.0,
dispersia,dispersia,0,0.0,,0,0.0,,0.0,
1984,1984,0,0.0,,0,0.0,,0.0,
nautica,nautica,0,0.0,,0,0.0,,0.0,
kari,kari,0,0.0,,0,0.0,,0.0,
tall,tall,0,0.0,,0,0.0,,0.0,
flicker,flicker,0,0.0,,0,0.0,,0.0,
будова,будов,0,0.0,,0,0.0,,0.0,
рогата,рогат,0,0.0,,0,0.0,,0.0,
kent,kent,0,0.0,,0,0.0,,0.0,
саботаж,саботаж,0,0.0,,0,0.0,,0.0,
con,con,0,0.0,,0,0.0,,0.0,
complicated,complicated,0,0.0,,0,0.0,,0.0,
rockbiz,rockbiz,0,0.0,,0,0.0,,0.0,
небінарних,небінарн,0,0.0,,0,0.0,,0.0,
мертра,мертр,0,0.0,,0,0.0,,0.0,
какакула,какакул,0,0.0,,0,0.0,,0.0,
precision,precision,0,0.0,,0,0.0,,0.0,
дропшиппинг,дропшиппинг,0,0.0,,0,0.0,,0.0,
power,power,0,0.0,,0,0.0,,0.0,
versace,versace,0,0.0,,0,0.0,,0.0,
nikas,nikas,0,0.0,,0,0.0,,0.0,
турбат,турбат,0,0.0,,0,0.0,,0.0,
kittels,kittels,0,0.0,,0,0.0,,0.0,
cook,cook,0,0.0,,0,0.0,,0.0,
undercode,undercode,0,0.0,,0,0.0,,0.0,
брикулець,брикулет^,0,0.0,,0,0.0,,0.0,
mzlff,mzlff,0,0.0,,0,0.0,,0.0,
инженеру,инженер,0,0.0,,0,0.0,,0.0,
silverstein,silverstein,0,0.0,,0,0.0,,0.0,
castro,castro,0,0.0,,0,0.0,,0.0,
фитнеса,фитнес,0,0.0,,0,0.0,,0.0,
cortez,cortez,0,0.0,,0,0.0,,0.0,
дзига,дзиг,0,0.0,,0,0.0,,0.0,
медична,медичн,0,0.0,,0,0.0,,0.0,
стрільці,стрільці,0,0.0,,0,0.0,,0.0,
tech,tech,0,0.0,,0,0.0,,0.0,
atlas,atlas,0,0.0,,0,0.0,,0.0,
insider,insider,0,0.0,,0,0.0,,0.0,
термохромна,термохромн,0,0.0,,0,0.0,,0.0,
мун,мун,0,0.0,,0,0.0,,0.0,
писюнами,писюн,0,0.0,,0,0.0,,0.0,
headbagrv,headbagrv,0,0.0,,0,0.0,,0.0,
ulyashova,ulyashova,0,0.0,,0,0.0,,0.0,
размерная,размерн,0,0.0,,0,0.0,,0.0,
бичес,бичес,0,0.0,,0,0.0,,0.0,
tommy,tommy,0,0.0,,0,0.0,,0.0,
keller,keller,0,0.0,,0,0.0,,0.0,
балдуин,балдуин,0,0.0,,0,0.0,,0.0,
harold,harold,0,0.0,,0,0.0,,0.0,
labe,labe,0,0.0,,0,0.0,,0.0,
bungie,bungie,0,0.0,,0,0.0,,0.0,
китайському,китайськ,0,0.0,,0,0.0,,0.0,
апачі,апачі,0,0.0,,0,0.0,,0.0,
костюмів,костюмів,0,0.0,,0,0.0,,0.0,
побратими,побрат,0,0.0,,0,0.0,,0.0,
doordie,doordie,0,0.0,,0,0.0,,0.0,
сувениры,сувенир,0,0.0,,0,0.0,,0.0,
бежева,бежев,0,0.0,,0,0.0,,0.0,
grips,grips,0,0.0,,0,0.0,,0.0,
фарфи,фарф,0,0.0,,0,0.0,,0.0,
инстаграм,инстагр,0,0.0,,0,0.0,,0.0,
лагерфельд,лагерфельд,0,0.0,,0,0.0,,0.0,
sortcompany,sortcompany,0,0.0,,0,0.0,,0.0,
ворон,ворон,0,0.0,,0,0.0,,0.0,
celebrity,celebrity,0,0.0,,0,0.0,,0.0,
прескрипшн,прескрипшн,0,0.0,,0,0.0,,0.0,
обостряй,обостря,0,0.0,,0,0.0,,0.0,
bhagavad,bhagavad,0,0.0,,0,0.0,,0.0,
happy,happy,0,0.0,,0,0.0,,0.0,
часу,час,0,0.0,,0,0.0,,0.0,
fashion,fashion,0,0.0,,0,0.0,,0.0,
work,work,0,0.0,,0,0.0,,0.0,
київський,київськ,2,0.0,0.0,0,0.0,,0.0,
flamingo,flamingo,0,0.0,,0,0.0,,0.0,
кап,кап,0,0.0,,0,0.0,,0.0,
кшще,кшще,0,0.0,,0,0.0,,0.0,
сикстинайн,сикстинайн,0,0.0,,0,0.0,,0.0,
мітлі,мітлі,0,0.0,,0,0.0,,0.0,
дубхуманс,дубхуманс,0,0.0,,0,0.0,,0.0,
disrupt,disrupt,0,0.0,,0,0.0,,0.0,
называется,называ,0,0.0,,0,0.0,,0.0,
pokaifu,pokaifu,0,0.0,,0,0.0,,0.0,
ткаченко,ткаченк,0,0.0,,0,0.0,,0.0,
нейт,нейт,0,0.0,,0,0.0,,0.0,
батальйон,батальйон,0,0.0,,0,0.0,,0.0,
долгах,долг,0,0.0,,0,0.0,,0.0,
лахма,лахм,0,0.0,,0,0.0,,0.0,
art,art,1,0.0,0.0,0,0.0,,0.0,
варіант,варіант,0,0.0,,0,0.0,,0.0,
introvert,introvert,0,0.0,,0,0.0,,0.0,
скам,скам,0,0.0,,0,0.0,,0.0,
sem,sem,0,0.0,,0,0.0,,0.0,
артиллерии,артиллер,0,0.0,,0,0.0,,0.0,
westwood,westwood,0,0.0,,0,0.0,,0.0,
kani,kani,0,0.0,,0,0.0,,0.0,
разрезом,разрез,0,0.0,,0,0.0,,0.0,
dont,dont,0,0.0,,0,0.0,,0.0,
sex,sex,0,0.0,,0,0.0,,0.0,
conformity,conformity,0,0.0,,0,0.0,,0.0,
онда,онд,0,0.0,,0,0.0,,0.0,
ssur,ssur,2,0.0,0.0,0,0.0,,0.0,
дикес,дикес,0,0.0,,0,0.0,,0.0,
pad,pad,0,0.0,,0,0.0,,0.0,
батали,бата,0,0.0,,0,0.0,,0.0,
лакост,лакост,0,0.0,,0,0.0,,0.0,
шефу,шеф,0,0.0,,0,0.0,,0.0,
gone,gone,0,0.0,,0,0.0,,0.0,
вирізом,виріз,0,0.0,,0,0.0,,0.0,
harajuku,harajuku,0,0.0,,0,0.0,,0.0,
приключений,приключен,0,0.0,,0,0.0,,0.0,
dub,dub,0,0.0,,0,0.0,,0.0,
волині,волині,0,0.0,,0,0.0,,0.0,
камікадзе,камікадз,1,0.0,0.0,0,0.0,,0.0,
slyji,slyji,0,0.0,,0,0.0,,0.0,
antichrist,antichrist,0,0.0,,0,0.0,,0.0,
маркус,маркус,0,0.0,,0,0.0,,0.0,
скелетоны,скелетон,0,0.0,,0,0.0,,0.0,
тонкая,тонк,0,0.0,,0,0.0,,0.0,
eminem,eminem,0,0.0,,0,0.0,,0.0,
грехов,грех,0,0.0,,0,0.0,,0.0,
беж,беж,0,0.0,,0,0.0,,0.0,
підлітка,підлітка,0,0.0,,0,0.0,,0.0,
мышью,мыш,0,0.0,,0,0.0,,0.0,
зала,зал,1,0.0,0.0,0,0.0,,0.0,
bones,bones,1,0.0,0.0,0,0.0,,0.0,
oysho,oysho,1,0.0,0.0,0,0.0,,0.0,
карна,карн,0,0.0,,0,0.0,,0.0,
религион,религион,0,0.0,,0,0.0,,0.0,
propaganda,propaganda,0,0.0,,0,0.0,,0.0,
центр,центр,0,0.0,,0,0.0,,0.0,
lost,lost,0,0.0,,0,0.0,,0.0,
umbrella,umbrella,0,0.0,,0,0.0,,0.0,
заїбався,заїбав,0,0.0,,0,0.0,,0.0,
blanc,blanc,0,0.0,,0,0.0,,0.0,
rusultras,rusultras,0,0.0,,0,0.0,,0.0,
рікіхайп,рікіхайп,0,0.0,,0,0.0,,0.0,
морті,морті,0,0.0,,0,0.0,,0.0,
третя,трет,0,0.0,,0,0.0,,0.0,
two,two,0,0.0,,0,0.0,,0.0,
niche,niche,0,0.0,,0,0.0,,0.0,
acab,acab,0,0.0,,0,0.0,,0.0,
дакар,дакар,0,0.0,,0,0.0,,0.0,
вінтаж,вінтаж,0,0.0,,0,0.0,,0.0,
птицей,птиц,0,0.0,,0,0.0,,0.0,
act1,act1,0,0.0,,0,0.0,,0.0,
progress,progress,0,0.0,,0,0.0,,0.0,
buddu,buddu,0,0.0,,0,0.0,,0.0,
редакция,редакц,0,0.0,,0,0.0,,0.0,
kizaru,kizaru,0,0.0,,0,0.0,,0.0,
bibisama,bibisama,0,0.0,,0,0.0,,0.0,
музыкальных,музыкальн,0,0.0,,0,0.0,,0.0,
antisocial,antisocial,0,0.0,,0,0.0,,0.0,
resilient,resilient,0,0.0,,0,0.0,,0.0,
mp41503bk,mp41503bk,0,0.0,,0,0.0,,0.0,
babaii,babaii,0,0.0,,0,0.0,,0.0,
wargrief,wargrief,0,0.0,,0,0.0,,0.0,
etnodim,etnodim,0,0.0,,0,0.0,,0.0,
роквэй,роквэ,0,0.0,,0,0.0,,0.0,
сиксти,сикст,0,0.0,,0,0.0,,0.0,
girl,girl,0,0.0,,0,0.0,,0.0,
вінниця,віннит^,0,0.0,,0,0.0,,0.0,
нарбут,нарбут,0,0.0,,0,0.0,,0.0,
damirli,damirli,0,0.0,,0,0.0,,0.0,
ukrainer,ukrainer,0,0.0,,0,0.0,,0.0,
японія,японі,0,0.0,,0,0.0,,0.0,
laluna,laluna,0,0.0,,0,0.0,,0.0,
999yessirskiii,999yessirskiii,1,0.0,0.0,0,0.0,,0.0,
stoker,stoker,0,0.0,,0,0.0,,0.0,
молнии,молн,4,0.0,0.0,0,0.0,,0.0,
пси,пси,0,0.0,,0,0.0,,0.0,
reporter,reporter,0,0.0,,0,0.0,,0.0,
імфіещту,імфіещт,0,0.0,,0,0.0,,0.0,
мизантроп,мизантроп,0,0.0,,0,0.0,,0.0,
макс,макс,0,0.0,,0,0.0,,0.0,
ганнібал,ганніба,0,0.0,,0,0.0,,0.0,
yomoyo,yomoyo,0,0.0,,0,0.0,,0.0,
ісу,ісу,0,0.0,,0,0.0,,0.0,
hujak,hujak,0,0.0,,0,0.0,,0.0,
thank,thank,0,0.0,,0,0.0,,0.0,
psychopaths,psychopaths,0,0.0,,0,0.0,,0.0,
ngg,ngg,0,0.0,,0,0.0,,0.0,
потужно,потужн,0,0.0,,0,0.0,,0.0,
balenciaga,balenciaga,0,0.0,,0,0.0,,0.0,
april,april,0,0.0,,0,0.0,,0.0,
trans,trans,0,0.0,,0,0.0,,0.0,
gray,gray,0,0.0,,0,0.0,,0.0,
lagoa,lagoa,0,0.0,,0,0.0,,0.0,
прилуки,прилук,0,0.0,,0,0.0,,0.0,
гамаши,гамаш,0,0.0,,0,0.0,,0.0,
jacket,jacket,0,0.0,,0,0.0,,0.0,
cntrl,cntrl,0,0.0,,0,0.0,,0.0,
рарог,рарог,0,0.0,,0,0.0,,0.0,
прикольні,прикольні,1,0.0,0.0,0,0.0,,0.0,
берген,берг,0,0.0,,0,0.0,,0.0,
youngla,youngla,0,0.0,,0,0.0,,0.0,
пересвіт,пересвіт,0,0.0,,0,0.0,,0.0,
смн,смн,0,0.0,,0,0.0,,0.0,
50th,50th,0,0.0,,0,0.0,,0.0,
kaft,kaft,0,0.0,,0,0.0,,0.0,
affliction,affliction,0,0.0,,0,0.0,,0.0,
konyk,konyk,0,0.0,,0,0.0,,0.0,
вурхиз,вурхиз,0,0.0,,0,0.0,,0.0,
dobroznak,dobroznak,0,0.0,,0,0.0,,0.0,
дшв,дшв,1,0.0,0.0,0,0.0,,0.0,
wide,wide,1,0.0,0.0,0,0.0,,0.0,
pulsar,pulsar,0,0.0,,0,0.0,,0.0,
deep,deep,0,0.0,,0,0.0,,0.0,
вільні,вільні,0,0.0,,0,0.0,,0.0,
баскетбольні,баскетбольні,0,0.0,,0,0.0,,0.0,
оверфліс,оверфліс,0,0.0,,0,0.0,,0.0,
lisa,lisa,0,0.0,,0,0.0,,0.0,
fear,fear,0,0.0,,0,0.0,,0.0,
llama,llama,0,0.0,,0,0.0,,0.0,
тнф,тнф,0,0.0,,0,0.0,,0.0,
корпоративні,корпоративні,0,0.0,,0,0.0,,0.0,
термохром,термохр,0,0.0,,0,0.0,,0.0,
упс,упс,0,0.0,,0,0.0,,0.0,
gasanova,gasanova,0,0.0,,0,0.0,,0.0,
ємні,ємні,0,0.0,,0,0.0,,0.0,
emperor,emperor,0,0.0,,0,0.0,,0.0,
iamriotdivision,iamriotdivision,0,0.0,,0,0.0,,0.0,
ewokyiv,ewokyiv,0,0.0,,0,0.0,,0.0,
мясо,мяс,0,0.0,,0,0.0,,0.0,
paris,paris,0,0.0,,0,0.0,,0.0,
збройних,збройн,0,0.0,,0,0.0,,0.0,
burial,burial,0,0.0,,0,0.0,,0.0,
alien,alien,0,0.0,,0,0.0,,0.0,
boulevard,boulevard,0,0.0,,0,0.0,,0.0,
poco,poco,0,0.0,,0,0.0,,0.0,
back,back,0,0.0,,0,0.0,,0.0,
enter,enter,0,0.0,,0,0.0,,0.0,
кизару,кизар,0,0.0,,0,0.0,,0.0,
scuffers,scuffers,0,0.0,,0,0.0,,0.0,
maniere,maniere,0,0.0,,0,0.0,,0.0,
silence,silence,0,0.0,,0,0.0,,0.0,
казала,каза,0,0.0,,0,0.0,,0.0,
прямоугольный,прямоугольн,0,0.0,,0,0.0,,0.0,
аб3,аб3,0,0.0,,0,0.0,,0.0,
обнал,обна,0,0.0,,0,0.0,,0.0,
кличко,кличк,0,0.0,,0,0.0,,0.0,
uncle,uncle,0,0.0,,0,0.0,,0.0,
стс,стс,0,0.0,,0,0.0,,0.0,
foids,foids,0,0.0,,0,0.0,,0.0,
вибачте,вибачт,0,0.0,,0,0.0,,0.0,
rikky,rikky,3,0.0,0.0,0,0.0,,0.0,
которая,котор,0,0.0,,0,0.0,,0.0,
арктерикс,арктерикс,0,0.0,,0,0.0,,0.0,
подарить,подар,0,0.0,,0,0.0,,0.0,
cheap,cheap,0,0.0,,0,0.0,,0.0,
hatchet,hatchet,0,0.0,,0,0.0,,0.0,
бойовий,бойов,2,0.0,0.0,0,0.0,,0.0,
мохіто,мохіт,0,0.0,,0,0.0,,0.0,
инфо,инф,0,0.0,,0,0.0,,0.0,
флісові,флісові,0,0.0,,0,0.0,,0.0,
найн,найн,0,0.0,,0,0.0,,0.0,
чоперс,чоперс,0,0.0,,0,0.0,,0.0,
светоотражающими,светоотража,0,0.0,,0,0.0,,0.0,
nahui,nahui,0,0.0,,0,0.0,,0.0,
7dreamsport,7dreamsport,0,0.0,,0,0.0,,0.0,
олдскул,олдскул,0,0.0,,0,0.0,,0.0,
хедбег,хедбег,0,0.0,,0,0.0,,0.0,
рами,рам,0,0.0,,0,0.0,,0.0,
сложные,сложн,0,0.0,,0,0.0,,0.0,
спортмакс,спортмакс,0,0.0,,0,0.0,,0.0,
капкан,капка,0,0.0,,0,0.0,,0.0,
trends,trends,0,0.0,,0,0.0,,0.0,
четверте,четверт,0,0.0,,0,0.0,,0.0,
anna,anna,0,0.0,,0,0.0,,0.0,
zadig,zadig,0,0.0,,0,0.0,,0.0,
ммм,ммм,0,0.0,,0,0.0,,0.0,
tail,tail,0,0.0,,0,0.0,,0.0,
димы,дим,0,0.0,,0,0.0,,0.0,
guns,guns,0,0.0,,0,0.0,,0.0,
дебеквуд,дебеквуд,0,0.0,,0,0.0,,0.0,
sun,sun,0,0.0,,0,0.0,,0.0,
ehsani,ehsani,0,0.0,,0,0.0,,0.0,
fern,fern,0,0.0,,0,0.0,,0.0,
ugly,ugly,0,0.0,,0,0.0,,0.0,
karl,karl,0,0.0,,0,0.0,,0.0,
bybounty,bybounty,0,0.0,,0,0.0,,0.0,
deadish,deadish,0,0.0,,0,0.0,,0.0,
nickelback,nickelback,0,0.0,,0,0.0,,0.0,
погоджуєшся,погоджуєш,0,0.0,,0,0.0,,0.0,
dodosocks,dodosocks,0,0.0,,0,0.0,,0.0,
гостиный,гостин,0,0.0,,0,0.0,,0.0,
зиппо,зипп,0,0.0,,0,0.0,,0.0,
bad,bad,3,0.0,0.0,0,0.0,,0.0,
millionaire,millionaire,0,0.0,,0,0.0,,0.0,
йога,йог,0,0.0,,0,0.0,,0.0,
goa,goa,0,0.0,,0,0.0,,0.0,
somebody,somebody,0,0.0,,0,0.0,,0.0,
baphomet,baphomet,0,0.0,,0,0.0,,0.0,
знаменитости,знаменит,0,0.0,,0,0.0,,0.0,
трешкр,трешкр,0,0.0,,0,0.0,,0.0,
бам,бам,0,0.0,,0,0.0,,0.0,
satan,satan,0,0.0,,0,0.0,,0.0,
рено,рен,0,0.0,,0,0.0,,0.0,
мертвий,мертв,0,0.0,,0,0.0,,0.0,
matters,matters,0,0.0,,0,0.0,,0.0,
history,history,0,0.0,,0,0.0,,0.0,
воевал,воева,0,0.0,,0,0.0,,0.0,
tour,tour,0,0.0,,0,0.0,,0.0,
living,living,0,0.0,,0,0.0,,0.0,
riccardo,riccardo,0,0.0,,0,0.0,,0.0,
support,support,0,0.0,,0,0.0,,0.0,
ripndip,ripndip,0,0.0,,0,0.0,,0.0,
мамкай,мамка,0,0.0,,0,0.0,,0.0,
wonder,wonder,0,0.0,,0,0.0,,0.0,
brtn,brtn,0,0.0,,0,0.0,,0.0,
зипики,зипик,0,0.0,,0,0.0,,0.0,
что,что,0,0.0,,0,0.0,,0.0,
nikow,nikow,0,0.0,,0,0.0,,0.0,
dap,dap,0,0.0,,0,0.0,,0.0,
дому,дом,0,0.0,,0,0.0,,0.0,
funk,funk,0,0.0,,0,0.0,,0.0,
рекламные,рекламн,0,0.0,,0,0.0,,0.0,
stimma,stimma,0,0.0,,0,0.0,,0.0,
брючний,брючн,0,0.0,,0,0.0,,0.0,
ласка,ласк,0,0.0,,0,0.0,,0.0,
blond,blond,0,0.0,,0,0.0,,0.0,
4team,4team,0,0.0,,0,0.0,,0.0,
granola,granola,0,0.0,,0,0.0,,0.0,
kyiv,kyiv,2,0.0,0.0,0,0.0,,0.0,
service,service,0,0.0,,0,0.0,,0.0,
макарони,макарон,0,0.0,,0,0.0,,0.0,
streetflexss,streetflexss,0,0.0,,0,0.0,,0.0,
скейтерская,скейтерск,0,0.0,,0,0.0,,0.0,
ников,ник,0,0.0,,0,0.0,,0.0,
ropa,ropa,0,0.0,,0,0.0,,0.0,
bleach,bleach,0,0.0,,0,0.0,,0.0,
кюлоты,кюлот,0,0.0,,0,0.0,,0.0,
державотворення,державотворен,0,0.0,,0,0.0,,0.0,
пусер,пусер,0,0.0,,0,0.0,,0.0,
молоді,молоді,0,0.0,,0,0.0,,0.0,
танцевальные,танцевальн,0,0.0,,0,0.0,,0.0,
белояр,белояр,0,0.0,,0,0.0,,0.0,
hashira,hashira,0,0.0,,0,0.0,,0.0,
floyd,floyd,0,0.0,,0,0.0,,0.0,
атласний,атласн,0,0.0,,0,0.0,,0.0,
one,one,0,0.0,,0,0.0,,0.0,
волкера,волкер,0,0.0,,0,0.0,,0.0,
stin,stin,0,0.0,,0,0.0,,0.0,
blvd,blvd,0,0.0,,0,0.0,,0.0,
вовк,вовк,0,0.0,,0,0.0,,0.0,
стаі,стаі,0,0.0,,0,0.0,,0.0,
одшбр,одшбр,0,0.0,,0,0.0,,0.0,
кавемпт,кавемпт,0,0.0,,0,0.0,,0.0,
дэвидсон,дэвидсон,0,0.0,,0,0.0,,0.0,
material,material,0,0.0,,0,0.0,,0.0,
аніме,анім,0,0.0,,0,0.0,,0.0,
героїв,героїв,0,0.0,,0,0.0,,0.0,
искра,искр,0,0.0,,0,0.0,,0.0,
awesome,awesome,0,0.0,,0,0.0,,0.0,
wroom,wroom,0,0.0,,0,0.0,,0.0,
matter,matter,0,0.0,,0,0.0,,0.0,
boris,boris,0,0.0,,0,0.0,,0.0,
cdj,cdj,0,0.0,,0,0.0,,0.0,
ukrainika,ukrainika,0,0.0,,0,0.0,,0.0,
artist,artist,0,0.0,,0,0.0,,0.0,
billabong,billabong,0,0.0,,0,0.0,,0.0,
jujimufu,jujimufu,0,0.0,,0,0.0,,0.0,
7mountains,7mountains,0,0.0,,0,0.0,,0.0,
thrower,thrower,0,0.0,,0,0.0,,0.0,
kaia,kaia,0,0.0,,0,0.0,,0.0,
опг,опг,1,0.0,0.0,0,0.0,,0.0,
називаються,називают,0,0.0,,0,0.0,,0.0,
depresso,depresso,0,0.0,,0,0.0,,0.0,
chereshnivska,chereshnivska,0,0.0,,0,0.0,,0.0,
https,https,0,0.0,,0,0.0,,0.0,
гог,гог,1,0.0,0.0,0,0.0,,0.0,
your,your,0,0.0,,0,0.0,,0.0,
contemporary,contemporary,0,0.0,,0,0.0,,0.0,
womens,womens,0,0.0,,0,0.0,,0.0,
пзх,пзх,0,0.0,,0,0.0,,0.0,
глитчей,глитч,0,0.0,,0,0.0,,0.0,
north,north,0,0.0,,0,0.0,,0.0,
elade,elade,0,0.0,,0,0.0,,0.0,
satoshi,satoshi,0,0.0,,0,0.0,,0.0,
смешные,смешн,0,0.0,,0,0.0,,0.0,
blacklimit,blacklimit,0,0.0,,0,0.0,,0.0,
bolina,bolina,0,0.0,,0,0.0,,0.0,
легкие,легк,0,0.0,,0,0.0,,0.0,
optimusgang,optimusgang,0,0.0,,0,0.0,,0.0,
eyehategod,eyehategod,0,0.0,,0,0.0,,0.0,
lavastudio,lavastudio,0,0.0,,0,0.0,,0.0,
viktos,viktos,0,0.0,,0,0.0,,0.0,
reflective,reflective,0,0.0,,0,0.0,,0.0,
носити,носит,0,0.0,,0,0.0,,0.0,
патрон,патрон,0,0.0,,0,0.0,,0.0,
позивним,позивн,0,0.0,,0,0.0,,0.0,
махновський,махновськ,0,0.0,,0,0.0,,0.0,
smah,smah,0,0.0,,0,0.0,,0.0,
дамірлі,дамірлі,0,0.0,,0,0.0,,0.0,
спб,спб,0,0.0,,0,0.0,,0.0,
dio,dio,0,0.0,,0,0.0,,0.0,
joah,joah,0,0.0,,0,0.0,,0.0,
k1x,k1x,0,0.0,,0,0.0,,0.0,
будда,будд,0,0.0,,0,0.0,,0.0,
lesnar,lesnar,0,0.0,,0,0.0,,0.0,
вандерласт,вандерласт,1,0.0,0.0,0,0.0,,0.0,
итд,итд,0,0.0,,0,0.0,,0.0,
дніпро,дніпро,1,0.0,0.0,0,0.0,,0.0,
небиа,неб,0,0.0,,0,0.0,,0.0,
sixty,sixty,0,0.0,,0,0.0,,0.0,
yourcstm,yourcstm,0,0.0,,0,0.0,,0.0,
glory,glory,0,0.0,,0,0.0,,0.0,
поцелуями,поцелу,0,0.0,,0,0.0,,0.0,
represent,represent,0,0.0,,0,0.0,,0.0,
phloyd,phloyd,0,0.0,,0,0.0,,0.0,
heroes,heroes,0,0.0,,0,0.0,,0.0,
тренувань,тренуван,0,0.0,,0,0.0,,0.0,
benyazubrik,benyazubrik,0,0.0,,0,0.0,,0.0,
darkwear,darkwear,0,0.0,,0,0.0,,0.0,
koszulka,koszulka,0,0.0,,0,0.0,,0.0,
здох,здох,0,0.0,,0,0.0,,0.0,
kseniaschnaider,kseniaschnaider,0,0.0,,0,0.0,,0.0,
lindsay,lindsay,0,0.0,,0,0.0,,0.0,
версаче,версач,0,0.0,,0,0.0,,0.0,
опер,опер,0,0.0,,0,0.0,,0.0,
kildfol,kildfol,0,0.0,,0,0.0,,0.0,
5xl,5xl,0,0.0,,0,0.0,,0.0,
жестим,жест,0,0.0,,0,0.0,,0.0,
футболочка,футболочк,0,0.0,,0,0.0,,0.0,
дорохедоро,дорохедор,0,0.0,,0,0.0,,0.0,
настільні,настільні,0,0.0,,0,0.0,,0.0,
trapstar,trapstar,0,0.0,,0,0.0,,0.0,
киівський,киівськ,0,0.0,,0,0.0,,0.0,
нефор,нефор,1,0.0,0.0,0,0.0,,0.0,
лонг,лонг,2,0.0,0.0,0,0.0,,0.0,
neighbourhood,neighbourhood,1,0.0,0.0,0,0.0,,0.0,
jerry,jerry,0,0.0,,0,0.0,,0.0,
эуди,эуд,0,0.0,,0,0.0,,0.0,
breiv,breiv,0,0.0,,0,0.0,,0.0,
forward,forward,0,0.0,,0,0.0,,0.0,
третьої,третьої,0,0.0,,0,0.0,,0.0,
пзд,пзд,0,0.0,,0,0.0,,0.0,
trezocorp,trezocorp,0,0.0,,0,0.0,,0.0,
порванная,порва,0,0.0,,0,0.0,,0.0,
каца,кац,0,0.0,,0,0.0,,0.0,
archangel,archangel,0,0.0,,0,0.0,,0.0,
родов,род,0,0.0,,0,0.0,,0.0,
roks,roks,0,0.0,,0,0.0,,0.0,
зыпка,зыпк,0,0.0,,0,0.0,,0.0,
кунихулиган,кунихулига,0,0.0,,0,0.0,,0.0,
танець,танет^,0,0.0,,0,0.0,,0.0,
lolipop,lolipop,0,0.0,,0,0.0,,0.0,
вайперр,вайперр,0,0.0,,0,0.0,,0.0,
лиор,лиор,0,0.0,,0,0.0,,0.0,
intelegentoff,intelegentoff,0,0.0,,0,0.0,,0.0,
рыночные,рыночн,0,0.0,,0,0.0,,0.0,
flameofdesire,flameofdesire,0,0.0,,0,0.0,,0.0,
сили,сил,0,0.0,,0,0.0,,0.0,
воділа,воділ,0,0.0,,0,0.0,,0.0,
камінцями,камінц,0,0.0,,0,0.0,,0.0,
infantry,infantry,0,0.0,,0,0.0,,0.0,
пече,печ,0,0.0,,0,0.0,,0.0,
fq4332,fq4332,0,0.0,,0,0.0,,0.0,
carpenter,carpenter,0,0.0,,0,0.0,,0.0,
темноте,темнот,0,0.0,,0,0.0,,0.0,
loja,loja,0,0.0,,0,0.0,,0.0,
denenburg,denenburg,0,0.0,,0,0.0,,0.0,
ablaze,ablaze,0,0.0,,0,0.0,,0.0,
кельвін,кельвін,0,0.0,,0,0.0,,0.0,
алантерз,алантерз,0,0.0,,0,0.0,,0.0,
толстовок,толстовок,0,0.0,,0,0.0,,0.0,
ісландшоп,ісландшоп,0,0.0,,0,0.0,,0.0,
joy,joy,0,0.0,,0,0.0,,0.0,
зачекає,зачекає,0,0.0,,0,0.0,,0.0,
hoodies,hoodies,0,0.0,,0,0.0,,0.0,
танців,танців,1,0.0,0.0,0,0.0,,0.0,
диаз,диаз,0,0.0,,0,0.0,,0.0,
милфа,милф,0,0.0,,0,0.0,,0.0,
facking,facking,0,0.0,,0,0.0,,0.0,
sesh,sesh,0,0.0,,0,0.0,,0.0,
китайскими,китайск,0,0.0,,0,0.0,,0.0,
amphibious,amphibious,0,0.0,,0,0.0,,0.0,
смішна,смішна,0,0.0,,0,0.0,,0.0,
бригадні,бригадні,1,0.0,0.0,0,0.0,,0.0,
lucky,lucky,1,0.0,0.0,0,0.0,,0.0,
dreamy,dreamy,0,0.0,,0,0.0,,0.0,
висот,висот,0,0.0,,0,0.0,,0.0,
loys,loys,0,0.0,,0,0.0,,0.0,
тенсел,тенсел,0,0.0,,0,0.0,,0.0,
вмс,вмс,0,0.0,,0,0.0,,0.0,
russia,russia,0,0.0,,0,0.0,,0.0,
furfur,furfur,0,0.0,,0,0.0,,0.0,
пласт,пласт,0,0.0,,0,0.0,,0.0,
рыцарь,рыцар,0,0.0,,0,0.0,,0.0,
corruption,corruption,0,0.0,,0,0.0,,0.0,
слив,слив,0,0.0,,0,0.0,,0.0,
гуси,гус,0,0.0,,0,0.0,,0.0,
щтани,щтан,0,0.0,,0,0.0,,0.0,
reddit,reddit,0,0.0,,0,0.0,,0.0,
faded,faded,0,0.0,,0,0.0,,0.0,
посвідчення,посвідчен,0,0.0,,0,0.0,,0.0,
стрелками,стрелк,0,0.0,,0,0.0,,0.0,
totalfit,totalfit,0,0.0,,0,0.0,,0.0,
всех,всех,0,0.0,,0,0.0,,0.0,
nuclear,nuclear,0,0.0,,0,0.0,,0.0,
одесса,одесс,0,0.0,,0,0.0,,0.0,
черешня,черешн,0,0.0,,0,0.0,,0.0,
plt,plt,0,0.0,,0,0.0,,0.0,
ehsf,ehsf,0,0.0,,0,0.0,,0.0,
бит,бит,0,0.0,,0,0.0,,0.0,
хеллстар,хеллстар,0,0.0,,0,0.0,,0.0,
camo,camo,0,0.0,,0,0.0,,0.0,
воздушным,воздушн,0,0.0,,0,0.0,,0.0,
шатны,шатн,0,0.0,,0,0.0,,0.0,
справка,справк,0,0.0,,0,0.0,,0.0,
трапстар,трапстар,0,0.0,,0,0.0,,0.0,
225,225,0,0.0,,0,0.0,,0.0,
нейлонові,нейлонові,0,0.0,,0,0.0,,0.0,
рибака,рибак,0,0.0,,0,0.0,,0.0,
міст,міст,0,0.0,,0,0.0,,0.0,
романтика,романтик,0,0.0,,0,0.0,,0.0,
kozak,kozak,0,0.0,,0,0.0,,0.0,
basqa,basqa,0,0.0,,0,0.0,,0.0,
тросу,трос,1,0.0,0.0,0,0.0,,0.0,
стретчингу,стретчинг,0,0.0,,0,0.0,,0.0,
faceit,faceit,0,0.0,,0,0.0,,0.0,
octagon,octagon,0,0.0,,0,0.0,,0.0,
анатомія,анатомі,0,0.0,,0,0.0,,0.0,
львівські,львівські,0,0.0,,0,0.0,,0.0,
марко,марк,0,0.0,,0,0.0,,0.0,
noire,noire,0,0.0,,0,0.0,,0.0,
desires,desires,0,0.0,,0,0.0,,0.0,
гранатометник,гранатометник,0,0.0,,0,0.0,,0.0,
эверласт,эверласт,0,0.0,,0,0.0,,0.0,
darknode,darknode,0,0.0,,0,0.0,,0.0,
нескорені,нескорені,0,0.0,,0,0.0,,0.0,
favourite,favourite,1,0.0,0.0,0,0.0,,0.0,
canvas,canvas,0,0.0,,0,0.0,,0.0,
підрозділів,підрозділів,1,0.0,0.0,0,0.0,,0.0,
izzy,izzy,0,0.0,,0,0.0,,0.0,
60x90cm,60x90cm,0,0.0,,0,0.0,,0.0,
mothtech,mothtech,0,0.0,,0,0.0,,0.0,
генерал,генера,0,0.0,,0,0.0,,0.0,
разведчику,разведчик,0,0.0,,0,0.0,,0.0,
gruf,gruf,0,0.0,,0,0.0,,0.0,
колекції,колекції,0,0.0,,0,0.0,,0.0,
інфо,інфо,0,0.0,,0,0.0,,0.0,
shonenwear,shonenwear,0,0.0,,0,0.0,,0.0,
куфайка,куфайк,0,0.0,,0,0.0,,0.0,
президентської,президентської,0,0.0,,0,0.0,,0.0,
карпова,карпов,0,0.0,,0,0.0,,0.0,
jiu,jiu,0,0.0,,0,0.0,,0.0,
хулиган,хулига,0,0.0,,0,0.0,,0.0,
lomus,lomus,0,0.0,,0,0.0,,0.0,
focus,focus,0,0.0,,0,0.0,,0.0,
симбиозис,симбиозис,0,0.0,,0,0.0,,0.0,
оптимус,оптимус,4,0.0,0.0,0,0.0,,0.0,
дешево,дешев,0,0.0,,0,0.0,,0.0,
горящей,горя,0,0.0,,0,0.0,,0.0,
united4,united4,0,0.0,,0,0.0,,0.0,
телебачення,телебачен,0,0.0,,0,0.0,,0.0,
devilz,devilz,0,0.0,,0,0.0,,0.0,
рабів,рабів,0,0.0,,0,0.0,,0.0,
ріод,ріод,1,0.0,0.0,0,0.0,,0.0,
відстукує,відстукує,0,0.0,,0,0.0,,0.0,
cure,cure,0,0.0,,0,0.0,,0.0,
child,child,0,0.0,,0,0.0,,0.0,
icon,icon,0,0.0,,0,0.0,,0.0,
thrasher,thrasher,1,0.0,0.0,0,0.0,,0.0,
yakuza,yakuza,0,0.0,,0,0.0,,0.0,
славянские,славянск,0,0.0,,0,0.0,,0.0,
toxic,toxic,0,0.0,,0,0.0,,0.0,
акаб,акаб,0,0.0,,0,0.0,,0.0,
вироби,вироб,0,0.0,,0,0.0,,0.0,
057bandana,057bandana,0,0.0,,0,0.0,,0.0,
tread,tread,0,0.0,,0,0.0,,0.0,
knocked,knocked,0,0.0,,0,0.0,,0.0,
спортзалу,спортзал,0,0.0,,0,0.0,,0.0,
райдівіжен,райдівіж,0,0.0,,0,0.0,,0.0,
отряда,отряд,0,0.0,,0,0.0,,0.0,
mad,mad,0,0.0,,0,0.0,,0.0,
hellstar,hellstar,0,0.0,,0,0.0,,0.0,
bitches,bitches,0,0.0,,0,0.0,,0.0,
бобр,бобр,0,0.0,,0,0.0,,0.0,
darkness,darkness,0,0.0,,0,0.0,,0.0,
pzhwear,pzhwear,0,0.0,,0,0.0,,0.0,
criminal,criminal,0,0.0,,0,0.0,,0.0,
cerberus,cerberus,0,0.0,,0,0.0,,0.0,
saves,saves,0,0.0,,0,0.0,,0.0,
ucrania,ucrania,0,0.0,,0,0.0,,0.0,
геар,геар,0,0.0,,0,0.0,,0.0,
annkers,annkers,0,0.0,,0,0.0,,0.0,
сем,сем,0,0.0,,0,0.0,,0.0,
arms,arms,0,0.0,,0,0.0,,0.0,
пейтона,пейтон,0,0.0,,0,0.0,,0.0,
futuristic,futuristic,0,0.0,,0,0.0,,0.0,
халики,халик,0,0.0,,0,0.0,,0.0,
каратель,карател,0,0.0,,0,0.0,,0.0,
beomdsgn,beomdsgn,0,0.0,,0,0.0,,0.0,
вышел,вышел,0,0.0,,0,0.0,,0.0,
хтеа,хте,0,0.0,,0,0.0,,0.0,
sxe,sxe,0,0.0,,0,0.0,,0.0,
count,count,0,0.0,,0,0.0,,0.0,
clay,clay,0,0.0,,0,0.0,,0.0,
метеор,метеор,0,0.0,,0,0.0,,0.0,
grailed,grailed,0,0.0,,0,0.0,,0.0,
berry,berry,0,0.0,,0,0.0,,0.0,
дрим,дрим,0,0.0,,0,0.0,,0.0,
ilist,ilist,0,0.0,,0,0.0,,0.0,
еминем,емин,0,0.0,,0,0.0,,0.0,
тимберленд,тимберленд,0,0.0,,0,0.0,,0.0,
hammer,hammer,3,0.0,0.0,0,0.0,,0.0,
кров,кров,0,0.0,,0,0.0,,0.0,
корона,корон,0,0.0,,0,0.0,,0.0,
героів,героів,0,0.0,,0,0.0,,0.0,
dungeons,dungeons,0,0.0,,0,0.0,,0.0,
planta,planta,0,0.0,,0,0.0,,0.0,
mercier,mercier,0,0.0,,0,0.0,,0.0,
мілітарка,мілітарк,0,0.0,,0,0.0,,0.0,
ведьмой,ведьм,0,0.0,,0,0.0,,0.0,
tobody,tobody,0,0.0,,0,0.0,,0.0,
говерла,говерл,0,0.0,,0,0.0,,0.0,
запорожье,запорож,0,0.0,,0,0.0,,0.0,
221b,221b,0,0.0,,0,0.0,,0.0,
caviar,caviar,0,0.0,,0,0.0,,0.0,
блатосфера,блатосфер,0,0.0,,0,0.0,,0.0,
soda,soda,0,0.0,,0,0.0,,0.0,
worldwide,worldwide,0,0.0,,0,0.0,,0.0,
donttakefake,donttakefake,0,0.0,,0,0.0,,0.0,
race,race,0,0.0,,0,0.0,,0.0,
2077,2077,0,0.0,,0,0.0,,0.0,
vdomaa,vdomaa,0,0.0,,0,0.0,,0.0,
севен,сев,0,0.0,,0,0.0,,0.0,
піт,піт,0,0.0,,0,0.0,,0.0,
тот,тот,0,0.0,,0,0.0,,0.0,
бетмен,бетм,0,0.0,,0,0.0,,0.0,
языческой,языческ,0,0.0,,0,0.0,,0.0,
поездом,поезд,0,0.0,,0,0.0,,0.0,
гармаш,гармаш,0,0.0,,0,0.0,,0.0,
powerwolf,powerwolf,0,0.0,,0,0.0,,0.0,
misspetite,misspetite,0,0.0,,0,0.0,,0.0,
фланер,фланер,0,0.0,,0,0.0,,0.0,
personalizadas,personalizadas,0,0.0,,0,0.0,,0.0,
престолів,престолів,0,0.0,,0,0.0,,0.0,
масленникова,масленников,0,0.0,,0,0.0,,0.0,
turbokolor,turbokolor,0,0.0,,0,0.0,,0.0,
корогвп,корогвп,0,0.0,,0,0.0,,0.0,
12monkeys,12monkeys,0,0.0,,0,0.0,,0.0,
berehty,berehty,0,0.0,,0,0.0,,0.0,
nevermore,nevermore,0,0.0,,0,0.0,,0.0,
стрейчевые,стрейчев,0,0.0,,0,0.0,,0.0,
pooh,pooh,0,0.0,,0,0.0,,0.0,
night,night,0,0.0,,0,0.0,,0.0,
prom,prom,0,0.0,,0,0.0,,0.0,
джома,джом,0,0.0,,0,0.0,,0.0,
camotec,camotec,0,0.0,,0,0.0,,0.0,
mercy,mercy,0,0.0,,0,0.0,,0.0,
zoe,zoe,0,0.0,,0,0.0,,0.0,
mandragora,mandragora,0,0.0,,0,0.0,,0.0,
гуртами,гурт,0,0.0,,0,0.0,,0.0,
астарион,астарион,0,0.0,,0,0.0,,0.0,
синдікат,синдікат,0,0.0,,0,0.0,,0.0,
outfitters,outfitters,0,0.0,,0,0.0,,0.0,
petroglyph,petroglyph,0,0.0,,0,0.0,,0.0,
южел,южел,0,0.0,,0,0.0,,0.0,
ssy,ssy,0,0.0,,0,0.0,,0.0,
raf,raf,0,0.0,,0,0.0,,0.0,
мас,мас,0,0.0,,0,0.0,,0.0,
posh,posh,0,0.0,,0,0.0,,0.0,
bikkembergs,bikkembergs,0,0.0,,0,0.0,,0.0,
кислотное,кислотн,0,0.0,,0,0.0,,0.0,
ассасин,ассасин,1,0.0,0.0,0,0.0,,0.0,
skater,skater,0,0.0,,0,0.0,,0.0,
спецназ,спецназ,0,0.0,,0,0.0,,0.0,
нахуй,нах,0,0.0,,0,0.0,,0.0,
karmanoire,karmanoire,0,0.0,,0,0.0,,0.0,
chinos,chinos,0,0.0,,0,0.0,,0.0,
все,все,0,0.0,,0,0.0,,0.0,
brejcha,brejcha,0,0.0,,0,0.0,,0.0,
национальные,национальн,0,0.0,,0,0.0,,0.0,
anbuwear,anbuwear,0,0.0,,0,0.0,,0.0,
ротації,ротації,0,0.0,,0,0.0,,0.0,
джошери,джошер,0,0.0,,0,0.0,,0.0,
бафомет,бафомет,0,0.0,,0,0.0,,0.0,
худді,худді,0,0.0,,0,0.0,,0.0,
баги,баг,0,0.0,,0,0.0,,0.0,
тарасом,тарас,0,0.0,,0,0.0,,0.0,
рекрут,рекрут,0,0.0,,0,0.0,,0.0,
премиум,премиум,0,0.0,,0,0.0,,0.0,
тяжелый,тяжел,0,0.0,,0,0.0,,0.0,
alanterz,alanterz,0,0.0,,0,0.0,,0.0,
колумбия,колумб,0,0.0,,0,0.0,,0.0,
підписати,підписат,0,0.0,,0,0.0,,0.0,
velmet,velmet,0,0.0,,0,0.0,,0.0,
laurent,laurent,0,0.0,,0,0.0,,0.0,
викенд,викенд,0,0.0,,0,0.0,,0.0,
drape,drape,0,0.0,,0,0.0,,0.0,
taras,taras,0,0.0,,0,0.0,,0.0,
heaven,heaven,0,0.0,,0,0.0,,0.0,
подростков,подростк,0,0.0,,0,0.0,,0.0,
basement,basement,0,0.0,,0,0.0,,0.0,
біг,біг,0,0.0,,0,0.0,,0.0,
конопель,конопел,0,0.0,,0,0.0,,0.0,
розлюднений,розлюднен,0,0.0,,0,0.0,,0.0,
keepneedle,keepneedle,0,0.0,,0,0.0,,0.0,
флісу,флісу,0,0.0,,0,0.0,,0.0,
lower,lower,0,0.0,,0,0.0,,0.0,
флайшоп,флайшоп,0,0.0,,0,0.0,,0.0,
структура,структур,0,0.0,,0,0.0,,0.0,
сквад,сквад,0,0.0,,0,0.0,,0.0,
ручной,ручн,0,0.0,,0,0.0,,0.0,
ion,ion,0,0.0,,0,0.0,,0.0,
гайдамак,гайдамак,0,0.0,,0,0.0,,0.0,
спортівні,спортівні,0,0.0,,0,0.0,,0.0,
ofmd,ofmd,0,0.0,,0,0.0,,0.0,
hardstyle,hardstyle,0,0.0,,0,0.0,,0.0,
lida,lida,0,0.0,,0,0.0,,0.0,
стшоп,стшоп,0,0.0,,0,0.0,,0.0,
лнз,лнз,0,0.0,,0,0.0,,0.0,
bless,bless,0,0.0,,0,0.0,,0.0,
підставка,підставк,0,0.0,,0,0.0,,0.0,
наружу,наруж,0,0.0,,0,0.0,,0.0,
картами,карт,0,0.0,,0,0.0,,0.0,
мотофутболка,мотофутболк,0,0.0,,0,0.0,,0.0,
2025,2025,0,0.0,,0,0.0,,0.0,
брендування,брендуван,0,0.0,,0,0.0,,0.0,
zeon,zeon,0,0.0,,0,0.0,,0.0,
cey,cey,0,0.0,,0,0.0,,0.0,
хайкінгу,хайкінг,0,0.0,,0,0.0,,0.0,
лістікофф,лістікофф,0,0.0,,0,0.0,,0.0,
лорен,лор,0,0.0,,0,0.0,,0.0,
neo4ic,neo4ic,0,0.0,,0,0.0,,0.0,
деревянное,деревя,0,0.0,,0,0.0,,0.0,
glo,glo,0,0.0,,0,0.0,,0.0,
trio,trio,0,0.0,,0,0.0,,0.0,
ницо,ниц,0,0.0,,0,0.0,,0.0,
this,this,0,0.0,,0,0.0,,0.0,
анархия,анарх,0,0.0,,0,0.0,,0.0,
аналітик,аналітик,0,0.0,,0,0.0,,0.0,
momotsha,momotsha,0,0.0,,0,0.0,,0.0,
стрітвер,стрітвер,0,0.0,,0,0.0,,0.0,
рубіж,рубіж,0,0.0,,0,0.0,,0.0,
стефано,стефа,0,0.0,,0,0.0,,0.0,
potasovka,potasovka,5,0.0,0.0,0,0.0,,0.0,
довгі,довгі,0,0.0,,0,0.0,,0.0,
balcony,balcony,0,0.0,,0,0.0,,0.0,
стабильно,стабильн,0,0.0,,0,0.0,,0.0,
аниме,аним,0,0.0,,0,0.0,,0.0,
defacto,defacto,0,0.0,,0,0.0,,0.0,
mika,mika,0,0.0,,0,0.0,,0.0,
фламінго,фламінг,0,0.0,,0,0.0,,0.0,
mori,mori,0,0.0,,0,0.0,,0.0,
les,les,0,0.0,,0,0.0,,0.0,
подовженим,подовжен,0,0.0,,0,0.0,,0.0,
реглани,реглан,0,0.0,,0,0.0,,0.0,
fest,fest,0,0.0,,0,0.0,,0.0,
свету,свет,0,0.0,,0,0.0,,0.0,
protect,protect,0,0.0,,0,0.0,,0.0,
sosala,sosala,0,0.0,,0,0.0,,0.0,
навершя,наверш,0,0.0,,0,0.0,,0.0,
корея,коре,0,0.0,,0,0.0,,0.0,
райд,райд,0,0.0,,0,0.0,,0.0,
calabasas,calabasas,0,0.0,,0,0.0,,0.0,
пулл,пулл,0,0.0,,0,0.0,,0.0,
wishlist,wishlist,0,0.0,,0,0.0,,0.0,
кипстайл,кипстайл,0,0.0,,0,0.0,,0.0,
книга,книг,0,0.0,,0,0.0,,0.0,
4people,4people,0,0.0,,0,0.0,,0.0,
пипл,пипл,0,0.0,,0,0.0,,0.0,
профігруп,профігруп,0,0.0,,0,0.0,,0.0,
taboo,taboo,0,0.0,,0,0.0,,0.0,
гір,гір,0,0.0,,0,0.0,,0.0,
apart,apart,0,0.0,,0,0.0,,0.0,
woodposters,woodposters,0,0.0,,0,0.0,,0.0,
трендові,трендові,0,0.0,,0,0.0,,0.0,
сторис,сторис,0,0.0,,0,0.0,,0.0,
till,till,0,0.0,,0,0.0,,0.0,
дахабраха,дахабрах,0,0.0,,0,0.0,,0.0,
coltoni,coltoni,0,0.0,,0,0.0,,0.0,
veronika,veronika,0,0.0,,0,0.0,,0.0,
zakalot,zakalot,0,0.0,,0,0.0,,0.0,
bauer,bauer,0,0.0,,0,0.0,,0.0,
булавками,булавк,0,0.0,,0,0.0,,0.0,
канеки,канек,0,0.0,,0,0.0,,0.0,
похуй,пох,1,0.0,0.0,0,0.0,,0.0,
urban,urban,2,0.0,0.0,0,0.0,,0.0,
heritage,heritage,0,0.0,,0,0.0,,0.0,
сыны,сын,0,0.0,,0,0.0,,0.0,
hellshop,hellshop,0,0.0,,0,0.0,,0.0,
оззи,озз,0,0.0,,0,0.0,,0.0,
зимы,зим,0,0.0,,0,0.0,,0.0,
телескопічний,телескопічн,0,0.0,,0,0.0,,0.0,
шахтар,шахтар,0,0.0,,0,0.0,,0.0,
ніт,ніт,0,0.0,,0,0.0,,0.0,
tur,tur,1,0.0,0.0,0,0.0,,0.0,
uniwear,uniwear,0,0.0,,0,0.0,,0.0,
barbarian,barbarian,0,0.0,,0,0.0,,0.0,
мармур,мармур,0,0.0,,0,0.0,,0.0,
олпринт,олпринт,0,0.0,,0,0.0,,0.0,
бананы,бана,0,0.0,,0,0.0,,0.0,
пошив,пош,0,0.0,,0,0.0,,0.0,
supply,supply,0,0.0,,0,0.0,,0.0,
ирина,ирин,1,0.0,0.0,0,0.0,,0.0,
outlet,outlet,1,0.0,0.0,0,0.0,,0.0,
apollo,apollo,0,0.0,,0,0.0,,0.0,
gonzales,gonzales,0,0.0,,0,0.0,,0.0,
jojo,jojo,0,0.0,,0,0.0,,0.0,
row,row,0,0.0,,0,0.0,,0.0,
корсетом,корсет,2,0.0,0.0,0,0.0,,0.0,
кікі,кікі,0,0.0,,0,0.0,,0.0,
носите,нос,0,0.0,,0,0.0,,0.0,
зіпку,зіпку,4,0.0,0.0,0,0.0,,0.0,
кіллстар,кіллстар,0,0.0,,0,0.0,,0.0,
kidsuper,kidsuper,0,0.0,,0,0.0,,0.0,
blank,blank,0,0.0,,0,0.0,,0.0,
sixzero,sixzero,0,0.0,,0,0.0,,0.0,
сувене,сувен,0,0.0,,0,0.0,,0.0,
казка,казк,0,0.0,,0,0.0,,0.0,
1312,1312,0,0.0,,0,0.0,,0.0,
basic,basic,0,0.0,,0,0.0,,0.0,
beautiful,beautiful,0,0.0,,0,0.0,,0.0,
прап,прап,0,0.0,,0,0.0,,0.0,
принтовані,принтовані,0,0.0,,0,0.0,,0.0,
tanuki,tanuki,0,0.0,,0,0.0,,0.0,
siege,siege,0,0.0,,0,0.0,,0.0,
харлей,харл,0,0.0,,0,0.0,,0.0,
eternal,eternal,0,0.0,,0,0.0,,0.0,
дарктрон,дарктрон,0,0.0,,0,0.0,,0.0,
відгуки,відгук,0,0.0,,0,0.0,,0.0,
them,them,0,0.0,,0,0.0,,0.0,
nolimits,nolimits,0,0.0,,0,0.0,,0.0,
warriorspirit,warriorspirit,0,0.0,,0,0.0,,0.0,
вейл,вейл,0,0.0,,0,0.0,,0.0,
sinny,sinny,0,0.0,,0,0.0,,0.0,
premiata,premiata,1,0.0,0.0,0,0.0,,0.0,
трекінгу,трекінг,0,0.0,,0,0.0,,0.0,
aelfric,aelfric,0,0.0,,0,0.0,,0.0,
play,play,0,0.0,,0,0.0,,0.0,
dinosaur,dinosaur,0,0.0,,0,0.0,,0.0,
stenosis,stenosis,0,0.0,,0,0.0,,0.0,
госуслуги,госуслуг,0,0.0,,0,0.0,,0.0,
edelweiss,edelweiss,0,0.0,,0,0.0,,0.0,
премиата,премиат,0,0.0,,0,0.0,,0.0,
maverik,maverik,0,0.0,,0,0.0,,0.0,
obrez,obrez,0,0.0,,0,0.0,,0.0,
nilduenilun,nilduenilun,0,0.0,,0,0.0,,0.0,
стоник,стоник,0,0.0,,0,0.0,,0.0,
naiznanku,naiznanku,0,0.0,,0,0.0,,0.0,
deftones,deftones,0,0.0,,0,0.0,,0.0,
хапчик,хапчик,0,0.0,,0,0.0,,0.0,
хлопкові,хлопкові,0,0.0,,0,0.0,,0.0,
мвд,мвд,0,0.0,,0,0.0,,0.0,
винден,винд,0,0.0,,0,0.0,,0.0,
кавказ,кавказ,0,0.0,,0,0.0,,0.0,
miyake,miyake,0,0.0,,0,0.0,,0.0,
кокарда,кокард,0,0.0,,0,0.0,,0.0,
юкі,юкі,0,0.0,,0,0.0,,0.0,
fyze,fyze,0,0.0,,0,0.0,,0.0,
богиня,богин,0,0.0,,0,0.0,,0.0,
треніки,тренік,0,0.0,,0,0.0,,0.0,
готическая,готическ,0,0.0,,0,0.0,,0.0,
ufa,ufa,0,0.0,,0,0.0,,0.0,
славянин,славянин,0,0.0,,0,0.0,,0.0,
roach,roach,0,0.0,,0,0.0,,0.0,
yes,yes,0,0.0,,0,0.0,,0.0,
jackass,jackass,0,0.0,,0,0.0,,0.0,
barcelona,barcelona,0,0.0,,0,0.0,,0.0,
gangshop,gangshop,0,0.0,,0,0.0,,0.0,
мдд,мдд,0,0.0,,0,0.0,,0.0,
hempful,hempful,0,0.0,,0,0.0,,0.0,
alpha,alpha,0,0.0,,0,0.0,,0.0,
tnf,tnf,0,0.0,,0,0.0,,0.0,
humanoid,humanoid,1,0.0,0.0,0,0.0,,0.0,
рикихайп,рикихайп,0,0.0,,0,0.0,,0.0,
флагсистем,флагсист,0,0.0,,0,0.0,,0.0,
подъемным,подъемн,0,0.0,,0,0.0,,0.0,
мтв,мтв,0,0.0,,0,0.0,,0.0,
lurking,lurking,0,0.0,,0,0.0,,0.0,
hq4422,hq4422,0,0.0,,0,0.0,,0.0,
огнем,огн,0,0.0,,0,0.0,,0.0,
lab,lab,0,0.0,,0,0.0,,0.0,
seven,seven,0,0.0,,0,0.0,,0.0,
lgb,lgb,0,0.0,,0,0.0,,0.0,
принц,принц,0,0.0,,0,0.0,,0.0,
sidletskiy,sidletskiy,0,0.0,,0,0.0,,0.0,
psy,psy,0,0.0,,0,0.0,,0.0,
defenders,defenders,0,0.0,,0,0.0,,0.0,
state,state,0,0.0,,0,0.0,,0.0,
steiner,steiner,0,0.0,,0,0.0,,0.0,
artilikeart,artilikeart,0,0.0,,0,0.0,,0.0,
кінця,кінця,0,0.0,,0,0.0,,0.0,
єдиний,єдин,0,0.0,,0,0.0,,0.0,
lexie,lexie,2,0.0,0.0,0,0.0,,0.0,
metal,metal,0,0.0,,0,0.0,,0.0,
стоун,стоун,0,0.0,,0,0.0,,0.0,
відьмак,відьмак,0,0.0,,0,0.0,,0.0,
фейс,фейс,0,0.0,,0,0.0,,0.0,
undermom,undermom,0,0.0,,0,0.0,,0.0,
варьонка,варьонк,0,0.0,,0,0.0,,0.0,
pepco,pepco,0,0.0,,0,0.0,,0.0,
гру,гру,0,0.0,,0,0.0,,0.0,
светр,светр,0,0.0,,0,0.0,,0.0,
рубашка,рубашк,0,0.0,,0,0.0,,0.0,
done,done,0,0.0,,0,0.0,,0.0,
gramicci,gramicci,0,0.0,,0,0.0,,0.0,
ісландія,ісланді,0,0.0,,0,0.0,,0.0,
яна,ян,0,0.0,,0,0.0,,0.0,
international,international,0,0.0,,0,0.0,,0.0,
queen,queen,0,0.0,,0,0.0,,0.0,
тамплиер,тамплиер,0,0.0,,0,0.0,,0.0,
ефс,ефс,0,0.0,,0,0.0,,0.0,
крилами,крил,0,0.0,,0,0.0,,0.0,
kaulko,kaulko,0,0.0,,0,0.0,,0.0,
depo,depo,0,0.0,,0,0.0,,0.0,
грелка,грелк,0,0.0,,0,0.0,,0.0,
japanese,japanese,0,0.0,,0,0.0,,0.0,
hollister,hollister,0,0.0,,0,0.0,,0.0,
plaza,plaza,0,0.0,,0,0.0,,0.0,
спартан,спарта,0,0.0,,0,0.0,,0.0,
balr,balr,0,0.0,,0,0.0,,0.0,
locals,locals,0,0.0,,0,0.0,,0.0,
незручності,незручності,0,0.0,,0,0.0,,0.0,
stanley,stanley,0,0.0,,0,0.0,,0.0,
всреп,всреп,0,0.0,,0,0.0,,0.0,
army,army,0,0.0,,0,0.0,,0.0,
fendi,fendi,0,0.0,,0,0.0,,0.0,
lime,lime,0,0.0,,0,0.0,,0.0,
mil,mil,0,0.0,,0,0.0,,0.0,
best4u,best4u,0,0.0,,0,0.0,,0.0,
коловратом,коловрат,0,0.0,,0,0.0,,0.0,
system,system,0,0.0,,0,0.0,,0.0,
sela,sela,0,0.0,,0,0.0,,0.0,
пітбуль,пітбул,0,0.0,,0,0.0,,0.0,
марунові,марунові,0,0.0,,0,0.0,,0.0,
бриз,бриз,0,0.0,,0,0.0,,0.0,
буддизм,буддизм,0,0.0,,0,0.0,,0.0,
медоед,медоед,0,0.0,,0,0.0,,0.0,
ebanat,ebanat,0,0.0,,0,0.0,,0.0,
manufacture,manufacture,0,0.0,,0,0.0,,0.0,
суисайд,суисайд,0,0.0,,0,0.0,,0.0,
stedman,stedman,0,0.0,,0,0.0,,0.0,
holli,holli,0,0.0,,0,0.0,,0.0,
idite,idite,0,0.0,,0,0.0,,0.0,
byedemox,byedemox,0,0.0,,0,0.0,,0.0,
htukfy,htukfy,0,0.0,,0,0.0,,0.0,
warion,warion,0,0.0,,0,0.0,,0.0,
mt41533bk,mt41533bk,0,0.0,,0,0.0,,0.0,
corpse,corpse,0,0.0,,0,0.0,,0.0,
куніметник,куніметник,0,0.0,,0,0.0,,0.0,
sour,sour,0,0.0,,0,0.0,,0.0,
підорів,підорів,0,0.0,,0,0.0,,0.0,
клаптиків,клаптиків,0,0.0,,0,0.0,,0.0,
drive,drive,0,0.0,,0,0.0,,0.0,
докер,докер,0,0.0,,0,0.0,,0.0,
ghetto,ghetto,0,0.0,,0,0.0,,0.0,
знай,зна,0,0.0,,0,0.0,,0.0,
воровскими,воровск,0,0.0,,0,0.0,,0.0,
loweryourhead,loweryourhead,0,0.0,,0,0.0,,0.0,
meleg,meleg,0,0.0,,0,0.0,,0.0,
fjallraven,fjallraven,0,0.0,,0,0.0,,0.0,
etilk,etilk,0,0.0,,0,0.0,,0.0,
джо,джо,0,0.0,,0,0.0,,0.0,
masterscam,masterscam,0,0.0,,0,0.0,,0.0,
gletcher,gletcher,0,0.0,,0,0.0,,0.0,
збройні,збройні,0,0.0,,0,0.0,,0.0,
tristania,tristania,0,0.0,,0,0.0,,0.0,
lviv,lviv,0,0.0,,0,0.0,,0.0,
нема,нем,1,0.0,0.0,0,0.0,,0.0,
infasem,infasem,0,0.0,,0,0.0,,0.0,
armorofficial,armorofficial,0,0.0,,0,0.0,,0.0,
ліор,ліор,0,0.0,,0,0.0,,0.0,
hyraw,hyraw,0,0.0,,0,0.0,,0.0,
петля,петл,0,0.0,,0,0.0,,0.0,
yant,yant,0,0.0,,0,0.0,,0.0,
democracy,democracy,0,0.0,,0,0.0,,0.0,
матюкаюся,матюка,0,0.0,,0,0.0,,0.0,
инта,инт,0,0.0,,0,0.0,,0.0,
іменами,імен,0,0.0,,0,0.0,,0.0,
cherrywood,cherrywood,0,0.0,,0,0.0,,0.0,
урбанпланет,урбанпланет,0,0.0,,0,0.0,,0.0,
дружини,дружин,1,0.0,0.0,0,0.0,,0.0,
rang,rang,0,0.0,,0,0.0,,0.0,
дарк,дарк,0,0.0,,0,0.0,,0.0,
фашистская,фашистск,0,0.0,,0,0.0,,0.0,
сумы,сум,0,0.0,,0,0.0,,0.0,
blvck,blvck,0,0.0,,0,0.0,,0.0,
фромус,фромус,0,0.0,,0,0.0,,0.0,
whitestore,whitestore,0,0.0,,0,0.0,,0.0,
кротевич,кротевич,0,0.0,,0,0.0,,0.0,
calm,calm,0,0.0,,0,0.0,,0.0,
зелена,зел,0,0.0,,0,0.0,,0.0,
продавець,продавет^,0,0.0,,0,0.0,,0.0,
extremo,extremo,0,0.0,,0,0.0,,0.0,
урбан,урба,1,0.0,0.0,0,0.0,,0.0,
платина,платин,0,0.0,,0,0.0,,0.0,
турвеар,турвеар,0,0.0,,0,0.0,,0.0,
хованского,хованск,1,0.0,0.0,0,0.0,,0.0,
дікіс,дікіс,0,0.0,,0,0.0,,0.0,
міфів,міфів,0,0.0,,0,0.0,,0.0,
звання,зван,0,0.0,,0,0.0,,0.0,
фасон,фасон,0,0.0,,0,0.0,,0.0,
стандарт,стандарт,0,0.0,,0,0.0,,0.0,
флажки,флажк,0,0.0,,0,0.0,,0.0,
psd,psd,0,0.0,,0,0.0,,0.0,
орел,орел,0,0.0,,0,0.0,,0.0,
popeye,popeye,0,0.0,,0,0.0,,0.0,
гедоніст,гедоніст,0,0.0,,0,0.0,,0.0,
johnny,johnny,1,0.0,0.0,0,0.0,,0.0,
akula,akula,0,0.0,,0,0.0,,0.0,
японському,японськ,0,0.0,,0,0.0,,0.0,
punch,punch,0,0.0,,0,0.0,,0.0,
хипстерская,хипстерск,0,0.0,,0,0.0,,0.0,
брекоткин,брекоткин,0,0.0,,0,0.0,,0.0,
nocturnal,nocturnal,0,0.0,,0,0.0,,0.0,
бальних,бальн,0,0.0,,0,0.0,,0.0,
підліткові,підліткові,0,0.0,,0,0.0,,0.0,
hype,hype,3,0.0,0.0,0,0.0,,0.0,
кедуал,кедуа,0,0.0,,0,0.0,,0.0,
dethklok,dethklok,0,0.0,,0,0.0,,0.0,
іменні,іменні,0,0.0,,0,0.0,,0.0,
обл,обл,0,0.0,,0,0.0,,0.0,
claymore,claymore,0,0.0,,0,0.0,,0.0,
дропшипінг,дропшипінг,0,0.0,,0,0.0,,0.0,
дімітра,дімітра,0,0.0,,0,0.0,,0.0,
сведр,сведр,0,0.0,,0,0.0,,0.0,
підібрати,підібрат,0,0.0,,0,0.0,,0.0,
husl,husl,0,0.0,,0,0.0,,0.0,
стонік,стонік,0,0.0,,0,0.0,,0.0,
okeysho,okeysho,0,0.0,,0,0.0,,0.0,
мультика,мультик,0,0.0,,0,0.0,,0.0,
jersey,jersey,0,0.0,,0,0.0,,0.0,
фредди,фредд,0,0.0,,0,0.0,,0.0,
шот,шот,0,0.0,,0,0.0,,0.0,
трояндою,троянд,0,0.0,,0,0.0,,0.0,
enemy,enemy,0,0.0,,0,0.0,,0.0,
стойкой,стойк,0,0.0,,0,0.0,,0.0,
кпі,кпі,0,0.0,,0,0.0,,0.0,
bv0886,bv0886,0,0.0,,0,0.0,,0.0,
bershka,bershka,1,0.0,0.0,0,0.0,,0.0,
токсик,токсик,0,0.0,,0,0.0,,0.0,
hemp,hemp,0,0.0,,0,0.0,,0.0,
клан,клан,0,0.0,,0,0.0,,0.0,
pla444,pla444,0,0.0,,0,0.0,,0.0,
doran,doran,0,0.0,,0,0.0,,0.0,
авиация,авиац,0,0.0,,0,0.0,,0.0,
hog,hog,0,0.0,,0,0.0,,0.0,
архив,арх,0,0.0,,0,0.0,,0.0,
базова,базов,0,0.0,,0,0.0,,0.0,
древко,древк,0,0.0,,0,0.0,,0.0,
m0d44,m0d44,0,0.0,,0,0.0,,0.0,
junji,junji,0,0.0,,0,0.0,,0.0,
mgla,mgla,0,0.0,,0,0.0,,0.0,
трикотажные,трикотажн,1,0.0,0.0,0,0.0,,0.0,
motorcycle,motorcycle,0,0.0,,0,0.0,,0.0,
свадебный,свадебн,0,0.0,,0,0.0,,0.0,
ретро,ретр,0,0.0,,0,0.0,,0.0,
окрема,окрем,0,0.0,,0,0.0,,0.0,
шпалери,шпалер,0,0.0,,0,0.0,,0.0,
arcane,arcane,0,0.0,,0,0.0,,0.0,
variations,variations,0,0.0,,0,0.0,,0.0,
маямі,маямі,0,0.0,,0,0.0,,0.0,
кіберпанк,кіберпанк,0,0.0,,0,0.0,,0.0,
ultra,ultra,0,0.0,,0,0.0,,0.0,
бушлат,бушлат,0,0.0,,0,0.0,,0.0,
ріг,ріг,0,0.0,,0,0.0,,0.0,
lesya,lesya,0,0.0,,0,0.0,,0.0,
amon,amon,0,0.0,,0,0.0,,0.0,
sezone,sezone,0,0.0,,0,0.0,,0.0,
whocares,whocares,0,0.0,,0,0.0,,0.0,
чечня,чечн,0,0.0,,0,0.0,,0.0,
vampurr,vampurr,0,0.0,,0,0.0,,0.0,
commreconco,commreconco,0,0.0,,0,0.0,,0.0,
problems,problems,0,0.0,,0,0.0,,0.0,
travas,travas,0,0.0,,0,0.0,,0.0,
киеве,киев,0,0.0,,0,0.0,,0.0,
пістолетом,пістолет,0,0.0,,0,0.0,,0.0,
blaze,blaze,0,0.0,,0,0.0,,0.0,
асті,асті,0,0.0,,0,0.0,,0.0,
select,select,0,0.0,,0,0.0,,0.0,
марія,марі,0,0.0,,0,0.0,,0.0,
стерплять,стерпля,0,0.0,,0,0.0,,0.0,
mayhem,mayhem,0,0.0,,0,0.0,,0.0,
tvoyo,tvoyo,0,0.0,,0,0.0,,0.0,
trance,trance,0,0.0,,0,0.0,,0.0,
знижки,знижк,0,0.0,,0,0.0,,0.0,
балаклава,балаклав,0,0.0,,0,0.0,,0.0,
меган,мега,0,0.0,,0,0.0,,0.0,
предков,предк,0,0.0,,0,0.0,,0.0,
когтевран,когтевра,0,0.0,,0,0.0,,0.0,
dangerlyoha,dangerlyoha,0,0.0,,0,0.0,,0.0,
пинкмана,пинкма,0,0.0,,0,0.0,,0.0,
небіа,небі,0,0.0,,0,0.0,,0.0,
thinking,thinking,0,0.0,,0,0.0,,0.0,
дисциплина,дисциплин,0,0.0,,0,0.0,,0.0,
султанками,султанк,0,0.0,,0,0.0,,0.0,
fn3730,fn3730,0,0.0,,0,0.0,,0.0,
shorts,shorts,0,0.0,,0,0.0,,0.0,
стильово,стильов,0,0.0,,0,0.0,,0.0,
shoot,shoot,0,0.0,,0,0.0,,0.0,
trendy,trendy,0,0.0,,0,0.0,,0.0,
ціні,ціні,0,0.0,,0,0.0,,0.0,
немає,немає,0,0.0,,0,0.0,,0.0,
держатель,держател,0,0.0,,0,0.0,,0.0,
phantomcat,phantomcat,0,0.0,,0,0.0,,0.0,
evil,evil,0,0.0,,0,0.0,,0.0,
текстиль,текстил,0,0.0,,0,0.0,,0.0,
avicii,avicii,0,0.0,,0,0.0,,0.0,
брендированные,брендирова,0,0.0,,0,0.0,,0.0,
minga,minga,0,0.0,,0,0.0,,0.0,
воздухан,воздуха,0,0.0,,0,0.0,,0.0,
stussy,stussy,0,0.0,,0,0.0,,0.0,
лоліпоп,лоліпоп,0,0.0,,0,0.0,,0.0,
vult,vult,0,0.0,,0,0.0,,0.0,
special,special,2,0.0,0.0,0,0.0,,0.0,
simon,simon,0,0.0,,0,0.0,,0.0,
sixlab,sixlab,0,0.0,,0,0.0,,0.0,
vovkulak,vovkulak,0,0.0,,0,0.0,,0.0,
иілітарист,иілітарист,0,0.0,,0,0.0,,0.0,
рибок,рибок,0,0.0,,0,0.0,,0.0,
бейп,бейп,0,0.0,,0,0.0,,0.0,
erd,erd,0,0.0,,0,0.0,,0.0,
члена,член,0,0.0,,0,0.0,,0.0,
trousers,trousers,0,0.0,,0,0.0,,0.0,
brubacher,brubacher,0,0.0,,0,0.0,,0.0,
rxloss,rxloss,0,0.0,,0,0.0,,0.0,
bermensch,bermensch,0,0.0,,0,0.0,,0.0,
скщзз,скщзз,0,0.0,,0,0.0,,0.0,
fuckdown,fuckdown,0,0.0,,0,0.0,,0.0,
мальчику,мальчик,0,0.0,,0,0.0,,0.0,
ривердейл,ривердейл,0,0.0,,0,0.0,,0.0,
printformer,printformer,0,0.0,,0,0.0,,0.0,
крепче,крепч,0,0.0,,0,0.0,,0.0,
хемп,хемп,0,0.0,,0,0.0,,0.0,
майдану,майдан,0,0.0,,0,0.0,,0.0,
цветочками,цветочк,0,0.0,,0,0.0,,0.0,
футляр,футляр,0,0.0,,0,0.0,,0.0,
lorna,lorna,0,0.0,,0,0.0,,0.0,
егор,егор,1,0.0,0.0,0,0.0,,0.0,
styleprint,styleprint,0,0.0,,0,0.0,,0.0,
клуб,клуб,1,0.0,0.0,0,0.0,,0.0,
cos,cos,0,0.0,,0,0.0,,0.0,
graffiti,graffiti,0,0.0,,0,0.0,,0.0,
отзывы,отзыв,0,0.0,,0,0.0,,0.0,
дольче,дольч,0,0.0,,0,0.0,,0.0,
прінт,прінт,0,0.0,,0,0.0,,0.0,
zone,zone,1,0.0,0.0,0,0.0,,0.0,
азова,азов,0,0.0,,0,0.0,,0.0,
crewneck,crewneck,0,0.0,,0,0.0,,0.0,
greatness,greatness,0,0.0,,0,0.0,,0.0,
ulika,ulika,0,0.0,,0,0.0,,0.0,
eaters,eaters,0,0.0,,0,0.0,,0.0,
байковые,байков,0,0.0,,0,0.0,,0.0,
франківськ,франківськ,0,0.0,,0,0.0,,0.0,
сертифікат,сертифікат,0,0.0,,0,0.0,,0.0,
mental,mental,0,0.0,,0,0.0,,0.0,
коричнева,коричнев,0,0.0,,0,0.0,,0.0,
парус,парус,0,0.0,,0,0.0,,0.0,
givenchy,givenchy,0,0.0,,0,0.0,,0.0,
goldli,goldli,0,0.0,,0,0.0,,0.0,
именной,имен,0,0.0,,0,0.0,,0.0,
охота,охот,0,0.0,,0,0.0,,0.0,
сімпсонами,сімпсон,0,0.0,,0,0.0,,0.0,
якісні,якісні,0,0.0,,0,0.0,,0.0,
roza,roza,0,0.0,,0,0.0,,0.0,
fallen,fallen,0,0.0,,0,0.0,,0.0,
hediraiser,hediraiser,0,0.0,,0,0.0,,0.0,
похожие,похож,0,0.0,,0,0.0,,0.0,
барел,барел,0,0.0,,0,0.0,,0.0,
platformashop,platformashop,0,0.0,,0,0.0,,0.0,
listikoff,listikoff,0,0.0,,0,0.0,,0.0,
рікуі,рікуі,0,0.0,,0,0.0,,0.0,
обрбо,обрб,0,0.0,,0,0.0,,0.0,
jnco,jnco,0,0.0,,0,0.0,,0.0,
місіс,місіс,0,0.0,,0,0.0,,0.0,
чорнобриві,чорнобриві,0,0.0,,0,0.0,,0.0,
вірний,вірни,0,0.0,,0,0.0,,0.0,
smash,smash,0,0.0,,0,0.0,,0.0,
чинос,чинос,0,0.0,,0,0.0,,0.0,
крипером,крипер,0,0.0,,0,0.0,,0.0,
sparta,sparta,0,0.0,,0,0.0,,0.0,
yet,yet,0,0.0,,0,0.0,,0.0,
квиксильвер,квиксильвер,0,0.0,,0,0.0,,0.0,
світі,світі,0,0.0,,0,0.0,,0.0,
maliunok,maliunok,0,0.0,,0,0.0,,0.0,
claq,claq,0,0.0,,0,0.0,,0.0,
скандал,сканда,0,0.0,,0,0.0,,0.0,
бюджетні,бюджетні,0,0.0,,0,0.0,,0.0,
ruby,ruby,0,0.0,,0,0.0,,0.0,
ww2,ww2,0,0.0,,0,0.0,,0.0,
прапороносець,прапороносет^,0,0.0,,0,0.0,,0.0,
endy,endy,0,0.0,,0,0.0,,0.0,
батьківщина,батьківщин,0,0.0,,0,0.0,,0.0,
сіре,сіре,0,0.0,,0,0.0,,0.0,
сндкт,сндкт,0,0.0,,0,0.0,,0.0,
коричневі,коричневі,0,0.0,,0,0.0,,0.0,
саске,саск,0,0.0,,0,0.0,,0.0,
шобшо,шобш,0,0.0,,0,0.0,,0.0,
братва,братв,0,0.0,,0,0.0,,0.0,
стритвеар,стритвеар,0,0.0,,0,0.0,,0.0,
tarot,tarot,0,0.0,,0,0.0,,0.0,
конопляная,коноплян,0,0.0,,0,0.0,,0.0,
вірність,вірніст,0,0.0,,0,0.0,,0.0,
knit,knit,0,0.0,,0,0.0,,0.0,
where,where,0,0.0,,0,0.0,,0.0,
фаворит,фавор,0,0.0,,0,0.0,,0.0,
бувайсар,бувайсар,0,0.0,,0,0.0,,0.0,
мама,мам,0,0.0,,0,0.0,,0.0,
valentine,valentine,0,0.0,,0,0.0,,0.0,
купаж,купаж,0,0.0,,0,0.0,,0.0,
літопис,літопис,0,0.0,,0,0.0,,0.0,
ебш,ебш,0,0.0,,0,0.0,,0.0,
блессед,блессед,0,0.0,,0,0.0,,0.0,
legal,legal,0,0.0,,0,0.0,,0.0,
just,just,0,0.0,,0,0.0,,0.0,
гараж,гараж,0,0.0,,0,0.0,,0.0,
paleface,paleface,0,0.0,,0,0.0,,0.0,
pappahapa,pappahapa,0,0.0,,0,0.0,,0.0,
me4,me4,0,0.0,,0,0.0,,0.0,
skyline,skyline,0,0.0,,0,0.0,,0.0,
darkside,darkside,0,0.0,,0,0.0,,0.0,
пиздує,пиздує,0,0.0,,0,0.0,,0.0,
язківців,язківців,1,0.0,0.0,0,0.0,,0.0,
whitehunter,whitehunter,0,0.0,,0,0.0,,0.0,
салон,салон,0,0.0,,0,0.0,,0.0,
sequin,sequin,0,0.0,,0,0.0,,0.0,
едельвейс,едельвейс,0,0.0,,0,0.0,,0.0,
bolt,bolt,0,0.0,,0,0.0,,0.0,
tempest,tempest,0,0.0,,0,0.0,,0.0,
кархарт,кархарт,0,0.0,,0,0.0,,0.0,
дрип,дрип,0,0.0,,0,0.0,,0.0,
boundaries,boundaries,0,0.0,,0,0.0,,0.0,
старберри,старберр,0,0.0,,0,0.0,,0.0,
jcook,jcook,0,0.0,,0,0.0,,0.0,
akimata,akimata,0,0.0,,0,0.0,,0.0,
yoni,yoni,0,0.0,,0,0.0,,0.0,
патагония,патагон,0,0.0,,0,0.0,,0.0,
krallice,krallice,0,0.0,,0,0.0,,0.0,
східний,східни,0,0.0,,0,0.0,,0.0,
героя,геро,0,0.0,,0,0.0,,0.0,
бундесвер,бундесвер,0,0.0,,0,0.0,,0.0,
хмельницький,хмельницьк,0,0.0,,0,0.0,,0.0,
ышд,ышд,0,0.0,,0,0.0,,0.0,
фан,фан,0,0.0,,0,0.0,,0.0,
повстанської,повстанської,0,0.0,,0,0.0,,0.0,
килимок,килимок,0,0.0,,0,0.0,,0.0,
keepstyle,keepstyle,0,0.0,,0,0.0,,0.0,
blackout,blackout,0,0.0,,0,0.0,,0.0,
lamb,lamb,0,0.0,,0,0.0,,0.0,
медичні,медичні,0,0.0,,0,0.0,,0.0,
сикс,сикс,0,0.0,,0,0.0,,0.0,
ministerstvo,ministerstvo,0,0.0,,0,0.0,,0.0,
vbrano,vbrano,0,0.0,,0,0.0,,0.0,
comfort,comfort,0,0.0,,0,0.0,,0.0,
ланнистеры,ланнистер,0,0.0,,0,0.0,,0.0,
классические,классическ,0,0.0,,0,0.0,,0.0,
attack,attack,0,0.0,,0,0.0,,0.0,
scofers,scofers,0,0.0,,0,0.0,,0.0,
therapy,therapy,0,0.0,,0,0.0,,0.0,
клумба,клумб,0,0.0,,0,0.0,,0.0,
trend,trend,0,0.0,,0,0.0,,0.0,
дефтонс,дефтонс,0,0.0,,0,0.0,,0.0,
ultratribe,ultratribe,0,0.0,,0,0.0,,0.0,
псам,псам,0,0.0,,0,0.0,,0.0,
гламур,гламур,0,0.0,,0,0.0,,0.0,
ace,ace,0,0.0,,0,0.0,,0.0,
стритвир,стритвир,0,0.0,,0,0.0,,0.0,
квадратным,квадратн,0,0.0,,0,0.0,,0.0,
автомобильные,автомобильн,0,0.0,,0,0.0,,0.0,
turtles,turtles,0,0.0,,0,0.0,,0.0,
фламинго,фламинг,0,0.0,,0,0.0,,0.0,
монатик,монатик,0,0.0,,0,0.0,,0.0,
кастомні,кастомні,0,0.0,,0,0.0,,0.0,
ансвер,ансвер,0,0.0,,0,0.0,,0.0,
kojima,kojima,0,0.0,,0,0.0,,0.0,
peaceinwar,peaceinwar,0,0.0,,0,0.0,,0.0,
yeat,yeat,0,0.0,,0,0.0,,0.0,
мешковатые,мешковат,0,0.0,,0,0.0,,0.0,
лосіни,лосін,0,0.0,,0,0.0,,0.0,
полиэстер,полиэстер,0,0.0,,0,0.0,,0.0,
crew,crew,0,0.0,,0,0.0,,0.0,
літаком,літак,0,0.0,,0,0.0,,0.0,
піжамні,піжамні,0,0.0,,0,0.0,,0.0,
demonic,demonic,0,0.0,,0,0.0,,0.0,
riley,riley,0,0.0,,0,0.0,,0.0,
hero,hero,0,0.0,,0,0.0,,0.0,
wom,wom,0,0.0,,0,0.0,,0.0,
назвами,назв,0,0.0,,0,0.0,,0.0,
кільцями,кільцям,0,0.0,,0,0.0,,0.0,
фенди,фенд,0,0.0,,0,0.0,,0.0,
duga,duga,0,0.0,,0,0.0,,0.0,
call,call,0,0.0,,0,0.0,,0.0,
vilno,vilno,0,0.0,,0,0.0,,0.0,
вгтф,вгтф,0,0.0,,0,0.0,,0.0,
етно,етн,0,0.0,,0,0.0,,0.0,
дорофеева,дорофеев,0,0.0,,0,0.0,,0.0,
ankers,ankers,0,0.0,,0,0.0,,0.0,
fine,fine,0,0.0,,0,0.0,,0.0,
стлв,стлв,0,0.0,,0,0.0,,0.0,
dramatic,dramatic,0,0.0,,0,0.0,,0.0,
drole,drole,0,0.0,,0,0.0,,0.0,
ask,ask,0,0.0,,0,0.0,,0.0,
янець,янет^,0,0.0,,0,0.0,,0.0,
odizh,odizh,0,0.0,,0,0.0,,0.0,
shop,shop,7,0.0,0.0,0,0.0,,0.0,
metalcore,metalcore,0,0.0,,0,0.0,,0.0,
sematary,sematary,0,0.0,,0,0.0,,0.0,
demand,demand,0,0.0,,0,0.0,,0.0,
zacca,zacca,0,0.0,,0,0.0,,0.0,
нурминский,нурминск,0,0.0,,0,0.0,,0.0,
rick,rick,0,0.0,,0,0.0,,0.0,
chady,chady,0,0.0,,0,0.0,,0.0,
atikin,atikin,0,0.0,,0,0.0,,0.0,
корметал,кормета,0,0.0,,0,0.0,,0.0,
tives,tives,0,0.0,,0,0.0,,0.0,
светерс,светерс,0,0.0,,0,0.0,,0.0,
lucifer,lucifer,1,0.0,0.0,0,0.0,,0.0,
харадзюку,харадзюк,0,0.0,,0,0.0,,0.0,
fantom,fantom,0,0.0,,0,0.0,,0.0,
худт,худт,0,0.0,,0,0.0,,0.0,
mastodon,mastodon,0,0.0,,0,0.0,,0.0,
цепеш,цепеш,0,0.0,,0,0.0,,0.0,
рокбіз,рокбіз,0,0.0,,0,0.0,,0.0,
116,116,0,0.0,,0,0.0,,0.0,
psylo,psylo,0,0.0,,0,0.0,,0.0,
центурії,центурії,0,0.0,,0,0.0,,0.0,
jlzu,jlzu,0,0.0,,0,0.0,,0.0,
pezet,pezet,1,0.0,0.0,0,0.0,,0.0,
синтепоне,синтепон,0,0.0,,0,0.0,,0.0,
хейбека,хейбек,0,0.0,,0,0.0,,0.0,
двонитка,двонитк,0,0.0,,0,0.0,,0.0,
джокер,джокер,0,0.0,,0,0.0,,0.0,
bukezy,bukezy,0,0.0,,0,0.0,,0.0,
воєнторг,воєнторг,0,0.0,,0,0.0,,0.0,
винланде,винланд,0,0.0,,0,0.0,,0.0,
ppfm,ppfm,0,0.0,,0,0.0,,0.0,
поднятия,поднят,0,0.0,,0,0.0,,0.0,
куполами,купол,0,0.0,,0,0.0,,0.0,
доставка,доставк,0,0.0,,0,0.0,,0.0,
милитант,милитант,0,0.0,,0,0.0,,0.0,
обычные,обычн,0,0.0,,0,0.0,,0.0,
crusaders,crusaders,0,0.0,,0,0.0,,0.0,
секонд,секонд,1,0.0,0.0,0,0.0,,0.0,
greasy,greasy,0,0.0,,0,0.0,,0.0,
endi,endi,0,0.0,,0,0.0,,0.0,
falling,falling,0,0.0,,0,0.0,,0.0,
сірий,сіри,0,0.0,,0,0.0,,0.0,
фрактал,фракта,0,0.0,,0,0.0,,0.0,
бандана,банда,0,0.0,,0,0.0,,0.0,
stilove,stilove,0,0.0,,0,0.0,,0.0,
стрыкало,стрыка,0,0.0,,0,0.0,,0.0,
ощадбанк,ощадбанк,0,0.0,,0,0.0,,0.0,
худтрепстар,худтрепстар,0,0.0,,0,0.0,,0.0,
farfieworldwide,farfieworldwide,0,0.0,,0,0.0,,0.0,
аркейн,аркейн,0,0.0,,0,0.0,,0.0,
budu,budu,0,0.0,,0,0.0,,0.0,
ucranianas,ucranianas,0,0.0,,0,0.0,,0.0,
violence,violence,0,0.0,,0,0.0,,0.0,
прогнозы,прогноз,0,0.0,,0,0.0,,0.0,
ронин,ронин,1,0.0,0.0,0,0.0,,0.0,
газгольдер,газгольдер,0,0.0,,0,0.0,,0.0,
регуляр,регуляр,0,0.0,,0,0.0,,0.0,
купольний,купольн,0,0.0,,0,0.0,,0.0,
monster,monster,0,0.0,,0,0.0,,0.0,
борцовские,борцовск,0,0.0,,0,0.0,,0.0,
aviacia,aviacia,0,0.0,,0,0.0,,0.0,
трамп,трамп,0,0.0,,0,0.0,,0.0,
hercshirt,hercshirt,0,0.0,,0,0.0,,0.0,
cadaver,cadaver,0,0.0,,0,0.0,,0.0,
uni,uni,0,0.0,,0,0.0,,0.0,
legacy,legacy,0,0.0,,0,0.0,,0.0,
любов,люб,0,0.0,,0,0.0,,0.0,
skulls,skulls,0,0.0,,0,0.0,,0.0,
wholepolis,wholepolis,0,0.0,,0,0.0,,0.0,
льон,льон,1,0.0,0.0,0,0.0,,0.0,
стрітвір,стрітвір,0,0.0,,0,0.0,,0.0,
фсб,фсб,0,0.0,,0,0.0,,0.0,
дрифт,дрифт,0,0.0,,0,0.0,,0.0,
hardwell,hardwell,0,0.0,,0,0.0,,0.0,
nezamiinno,nezamiinno,0,0.0,,0,0.0,,0.0,
утяжелитель,утяжелител,0,0.0,,0,0.0,,0.0,
pliss,pliss,0,0.0,,0,0.0,,0.0,
death,death,0,0.0,,0,0.0,,0.0,
спортмастер,спортмастер,0,0.0,,0,0.0,,0.0,
heavy,heavy,0,0.0,,0,0.0,,0.0,
состаренная,состарен,0,0.0,,0,0.0,,0.0,
дед,дед,0,0.0,,0,0.0,,0.0,
наруто,нарут,0,0.0,,0,0.0,,0.0,
kapuce,kapuce,0,0.0,,0,0.0,,0.0,
300,300,0,0.0,,0,0.0,,0.0,
сїх,сїх,0,0.0,,0,0.0,,0.0,
розум,розум,0,0.0,,0,0.0,,0.0,
erl,erl,0,0.0,,0,0.0,,0.0,
thugger,thugger,0,0.0,,0,0.0,,0.0,
мотіно,мотін,0,0.0,,0,0.0,,0.0,
pohui,pohui,0,0.0,,0,0.0,,0.0,
рей,ре,0,0.0,,0,0.0,,0.0,
лойс,лойс,0,0.0,,0,0.0,,0.0,
katin,katin,0,0.0,,0,0.0,,0.0,
скажені,скажені,0,0.0,,0,0.0,,0.0,
чоткий,чотк,0,0.0,,0,0.0,,0.0,
sanctuary,sanctuary,0,0.0,,0,0.0,,0.0,
syxed,syxed,0,0.0,,0,0.0,,0.0,
пво,пво,0,0.0,,0,0.0,,0.0,
чоловіків,чоловіків,0,0.0,,0,0.0,,0.0,
единорогом,единорог,0,0.0,,0,0.0,,0.0,
only,only,0,0.0,,0,0.0,,0.0,
бульдогом,бульдог,0,0.0,,0,0.0,,0.0,
recruit,recruit,0,0.0,,0,0.0,,0.0,
кенгурушка,кенгурушк,0,0.0,,0,0.0,,0.0,
bridge,bridge,0,0.0,,0,0.0,,0.0,
lava,lava,0,0.0,,0,0.0,,0.0,
контора,контор,1,0.0,0.0,0,0.0,,0.0,
lakor,lakor,0,0.0,,0,0.0,,0.0,
berghaus,berghaus,0,0.0,,0,0.0,,0.0,
папай,папа,0,0.0,,0,0.0,,0.0,
тол,тол,0,0.0,,0,0.0,,0.0,
mandalorian,mandalorian,0,0.0,,0,0.0,,0.0,
size,size,0,0.0,,0,0.0,,0.0,
престолов,престол,0,0.0,,0,0.0,,0.0,
пенетраторы,пенетратор,0,0.0,,0,0.0,,0.0,
big,big,1,0.0,0.0,0,0.0,,0.0,
syndicate,syndicate,2,0.0,0.0,0,0.0,,0.0,
hdsportwear,hdsportwear,0,0.0,,0,0.0,,0.0,
owi,owi,0,0.0,,0,0.0,,0.0,
mavic,mavic,0,0.0,,0,0.0,,0.0,
прапорна,прапорн,0,0.0,,0,0.0,,0.0,
berlinc,berlinc,0,0.0,,0,0.0,,0.0,
шевченко,шевченк,0,0.0,,0,0.0,,0.0,
городами,город,0,0.0,,0,0.0,,0.0,
amatory,amatory,0,0.0,,0,0.0,,0.0,
distorted,distorted,0,0.0,,0,0.0,,0.0,
осд,осд,0,0.0,,0,0.0,,0.0,
mottino,mottino,0,0.0,,0,0.0,,0.0,
ейсік,ейсік,0,0.0,,0,0.0,,0.0,
cherokee,cherokee,0,0.0,,0,0.0,,0.0,
мануфактур,мануфактур,0,0.0,,0,0.0,,0.0,
sombr,sombr,0,0.0,,0,0.0,,0.0,
rockwaybiz,rockwaybiz,0,0.0,,0,0.0,,0.0,
польщі,польщі,0,0.0,,0,0.0,,0.0,
qazaq,qazaq,0,0.0,,0,0.0,,0.0,
durnew,durnew,0,0.0,,0,0.0,,0.0,
зипхуди,зипхуд,0,0.0,,0,0.0,,0.0,
panda,panda,0,0.0,,0,0.0,,0.0,
firestarter,firestarter,0,0.0,,0,0.0,,0.0,
украінські,украінські,0,0.0,,0,0.0,,0.0,
українка,українк,0,0.0,,0,0.0,,0.0,
wkmf,wkmf,0,0.0,,0,0.0,,0.0,
ave,ave,0,0.0,,0,0.0,,0.0,
orthodox,orthodox,0,0.0,,0,0.0,,0.0,
athletic,athletic,0,0.0,,0,0.0,,0.0,
olx,olx,0,0.0,,0,0.0,,0.0,
деньги,деньг,0,0.0,,0,0.0,,0.0,
smach,smach,0,0.0,,0,0.0,,0.0,
suffer,suffer,0,0.0,,0,0.0,,0.0,
кулеметник,кулеметник,0,0.0,,0,0.0,,0.0,
opg,opg,0,0.0,,0,0.0,,0.0,
animal,animal,1,0.0,0.0,0,0.0,,0.0,
pepe,pepe,0,0.0,,0,0.0,,0.0,
c2h5oh,c2h5oh,0,0.0,,0,0.0,,0.0,
пфкв,пфкв,1,0.0,0.0,0,0.0,,0.0,
hardcore,hardcore,0,0.0,,0,0.0,,0.0,
дюймов,дюйм,0,0.0,,0,0.0,,0.0,
вдома,вдом,0,0.0,,0,0.0,,0.0,
stuff,stuff,1,0.0,0.0,0,0.0,,0.0,
finch,finch,0,0.0,,0,0.0,,0.0,
оффендер,оффендер,0,0.0,,0,0.0,,0.0,
доска,доск,0,0.0,,0,0.0,,0.0,
щоденники,щоденник,0,0.0,,0,0.0,,0.0,
massdnm,massdnm,0,0.0,,0,0.0,,0.0,
ebashim,ebashim,0,0.0,,0,0.0,,0.0,
півозавр,півозавр,0,0.0,,0,0.0,,0.0,
княzz,князз,0,0.0,,0,0.0,,0.0,
strike,strike,0,0.0,,0,0.0,,0.0,
phaseline,phaseline,0,0.0,,0,0.0,,0.0,
pegador,pegador,0,0.0,,0,0.0,,0.0,
рево,рев,0,0.0,,0,0.0,,0.0,
wrung,wrung,0,0.0,,0,0.0,,0.0,
морпех,морпех,0,0.0,,0,0.0,,0.0,
выцветшая,выцветш,0,0.0,,0,0.0,,0.0,
капсула,капсул,0,0.0,,0,0.0,,0.0,
cherryworld,cherryworld,0,0.0,,0,0.0,,0.0,
вивьен,вив,0,0.0,,0,0.0,,0.0,
fck,fck,0,0.0,,0,0.0,,0.0,
min,min,0,0.0,,0,0.0,,0.0,
drkn,drkn,0,0.0,,0,0.0,,0.0,
скалолазные,скалолазн,0,0.0,,0,0.0,,0.0,
cover,cover,0,0.0,,0,0.0,,0.0,
apolloshop,apolloshop,0,0.0,,0,0.0,,0.0,
hoodrich,hoodrich,0,0.0,,0,0.0,,0.0,
outventure,outventure,0,0.0,,0,0.0,,0.0,
тру,тру,0,0.0,,0,0.0,,0.0,
godsmack,godsmack,0,0.0,,0,0.0,,0.0,
darkthrone,darkthrone,0,0.0,,0,0.0,,0.0,
стор,стор,1,0.0,0.0,0,0.0,,0.0,
lotas,lotas,0,0.0,,0,0.0,,0.0,
beart,beart,0,0.0,,0,0.0,,0.0,
колаборації,колаборації,0,0.0,,0,0.0,,0.0,
апрель,апрел,0,0.0,,0,0.0,,0.0,
ревер,ревер,0,0.0,,0,0.0,,0.0,
874,874,0,0.0,,0,0.0,,0.0,
shwk,shwk,1,0.0,0.0,0,0.0,,0.0,
фонд,фонд,0,0.0,,0,0.0,,0.0,
южл,южл,0,0.0,,0,0.0,,0.0,
terrex,terrex,0,0.0,,0,0.0,,0.0,
карпати,карпат,0,0.0,,0,0.0,,0.0,
блакитне,блакитн,0,0.0,,0,0.0,,0.0,
рассвет,рассвет,0,0.0,,0,0.0,,0.0,
cosmic,cosmic,0,0.0,,0,0.0,,0.0,
тимур,тимур,0,0.0,,0,0.0,,0.0,
інспірадора,інспірадор,0,0.0,,0,0.0,,0.0,
рог,рог,0,0.0,,0,0.0,,0.0,
покупать,покупа,0,0.0,,0,0.0,,0.0,
she,she,0,0.0,,0,0.0,,0.0,
fsbn,fsbn,0,0.0,,0,0.0,,0.0,
ковер,ковер,0,0.0,,0,0.0,,0.0,
famous,famous,0,0.0,,0,0.0,,0.0,
offspring,offspring,0,0.0,,0,0.0,,0.0,
patch,patch,0,0.0,,0,0.0,,0.0,
оригинальная,оригинальн,0,0.0,,0,0.0,,0.0,
роса,рос,0,0.0,,0,0.0,,0.0,
христианская,христианск,0,0.0,,0,0.0,,0.0,
lave,lave,0,0.0,,0,0.0,,0.0,
санта,сант,0,0.0,,0,0.0,,0.0,
fit,fit,0,0.0,,0,0.0,,0.0,
maelstrom,maelstrom,0,0.0,,0,0.0,,0.0,
mare,mare,0,0.0,,0,0.0,,0.0,
казахстан,казахста,0,0.0,,0,0.0,,0.0,
адам,ад,0,0.0,,0,0.0,,0.0,
спаси,спас,0,0.0,,0,0.0,,0.0,
бархатні,бархатні,0,0.0,,0,0.0,,0.0,
ниндзя,ниндз,0,0.0,,0,0.0,,0.0,
хонда,хонд,0,0.0,,0,0.0,,0.0,
приймаченко,приймаченк,0,0.0,,0,0.0,,0.0,
sklowear,sklowear,0,0.0,,0,0.0,,0.0,
ліс,ліс,0,0.0,,0,0.0,,0.0,
angel,angel,0,0.0,,0,0.0,,0.0,
хоп,хоп,0,0.0,,0,0.0,,0.0,
nomad,nomad,0,0.0,,0,0.0,,0.0,
ордену,орден,0,0.0,,0,0.0,,0.0,
кейт,кейт,0,0.0,,0,0.0,,0.0,
navy,navy,0,0.0,,0,0.0,,0.0,
broski,broski,0,0.0,,0,0.0,,0.0,
южиал,южиа,0,0.0,,0,0.0,,0.0,
tommysinny,tommysinny,0,0.0,,0,0.0,,0.0,
заряд,заряд,0,0.0,,0,0.0,,0.0,
тай,та,0,0.0,,0,0.0,,0.0,
знак,знак,1,0.0,0.0,0,0.0,,0.0,
kakakula,kakakula,0,0.0,,0,0.0,,0.0,
tapout,tapout,0,0.0,,0,0.0,,0.0,
комбат,комбат,0,0.0,,0,0.0,,0.0,
конфискат,конфискат,0,0.0,,0,0.0,,0.0,
commes,commes,0,0.0,,0,0.0,,0.0,
vloria,vloria,0,0.0,,0,0.0,,0.0,
анархія,анархі,0,0.0,,0,0.0,,0.0,
пикник,пикник,0,0.0,,0,0.0,,0.0,
iy2245,iy2245,0,0.0,,0,0.0,,0.0,
luxury,luxury,0,0.0,,0,0.0,,0.0,
анімалізм,анімалізм,0,0.0,,0,0.0,,0.0,
олх,олх,1,0.0,0.0,0,0.0,,0.0,
ащщеірщз,ащщеірщз,0,0.0,,0,0.0,,0.0,
oathbreaker,oathbreaker,0,0.0,,0,0.0,,0.0,
svitshop,svitshop,0,0.0,,0,0.0,,0.0,
неверлав,неверла,0,0.0,,0,0.0,,0.0,
personagem,personagem,0,0.0,,0,0.0,,0.0,
digital,digital,0,0.0,,0,0.0,,0.0,
skyrim,skyrim,0,0.0,,0,0.0,,0.0,
school,school,0,0.0,,0,0.0,,0.0,
martial,martial,0,0.0,,0,0.0,,0.0,
martinez,martinez,0,0.0,,0,0.0,,0.0,
брелок,брелок,0,0.0,,0,0.0,,0.0,
banderas,banderas,0,0.0,,0,0.0,,0.0,
низкий,низк,0,0.0,,0,0.0,,0.0,
хейт,хейт,0,0.0,,0,0.0,,0.0,
бтс,бтс,0,0.0,,0,0.0,,0.0,
харвкст,харвкст,0,0.0,,0,0.0,,0.0,
соняшник,соняшник,0,0.0,,0,0.0,,0.0,
chinese,chinese,0,0.0,,0,0.0,,0.0,
денжер,денжер,0,0.0,,0,0.0,,0.0,
сусіди,сусід,0,0.0,,0,0.0,,0.0,
єдинорогом,єдинорог,0,0.0,,0,0.0,,0.0,
prpy,prpy,0,0.0,,0,0.0,,0.0,
bravado,bravado,0,0.0,,0,0.0,,0.0,
fr2,fr2,0,0.0,,0,0.0,,0.0,
ebash,ebash,0,0.0,,0,0.0,,0.0,
боевка,боевк,0,0.0,,0,0.0,,0.0,
sprayground,sprayground,0,0.0,,0,0.0,,0.0,
valter,valter,0,0.0,,0,0.0,,0.0,
negative,negative,0,0.0,,0,0.0,,0.0,
hobi,hobi,0,0.0,,0,0.0,,0.0,
темно,темн,0,0.0,,0,0.0,,0.0,
стильно,стильн,3,0.0,0.0,0,0.0,,0.0,
ветеранський,ветеранськ,0,0.0,,0,0.0,,0.0,
firebird,firebird,0,0.0,,0,0.0,,0.0,
studios,studios,0,0.0,,0,0.0,,0.0,
футболкм,футболкм,0,0.0,,0,0.0,,0.0,
бунтар,бунтар,0,0.0,,0,0.0,,0.0,
дрейк,дрейк,0,0.0,,0,0.0,,0.0,
картинки,картинк,0,0.0,,0,0.0,,0.0,
морковочка,морковочк,0,0.0,,0,0.0,,0.0,
горловиной,горловин,0,0.0,,0,0.0,,0.0,
memento,memento,0,0.0,,0,0.0,,0.0,
sndct,sndct,0,0.0,,0,0.0,,0.0,
тіар,тіар,0,0.0,,0,0.0,,0.0,
w42,w42,0,0.0,,0,0.0,,0.0,
вер,вер,0,0.0,,0,0.0,,0.0,
aquascutum,aquascutum,0,0.0,,0,0.0,,0.0,
playersclub,playersclub,0,0.0,,0,0.0,,0.0,
mst,mst,0,0.0,,0,0.0,,0.0,
зоряні,зоряні,0,0.0,,0,0.0,,0.0,
амор,амор,0,0.0,,0,0.0,,0.0,
дверь,двер,0,0.0,,0,0.0,,0.0,
darc,darc,0,0.0,,0,0.0,,0.0,
лето,лет,0,0.0,,0,0.0,,0.0,
фуксия,фукс,0,0.0,,0,0.0,,0.0,
armolab,armolab,0,0.0,,0,0.0,,0.0,
цветное,цветн,0,0.0,,0,0.0,,0.0,
woodposter,woodposter,0,0.0,,0,0.0,,0.0,
p1sun,p1sun,0,0.0,,0,0.0,,0.0,
дурневшоп,дурневшоп,0,0.0,,0,0.0,,0.0,
голді,голді,0,0.0,,0,0.0,,0.0,
liftwaffe,liftwaffe,0,0.0,,0,0.0,,0.0,
закрепить,закреп,0,0.0,,0,0.0,,0.0,
visions,visions,0,0.0,,0,0.0,,0.0,
issue,issue,0,0.0,,0,0.0,,0.0,
rfi,rfi,0,0.0,,0,0.0,,0.0,
живу,жив,0,0.0,,0,0.0,,0.0,
jav,jav,0,0.0,,0,0.0,,0.0,
diverse,diverse,0,0.0,,0,0.0,,0.0,
tds,tds,0,0.0,,0,0.0,,0.0,
surrealist,surrealist,1,0.0,0.0,0,0.0,,0.0,
fatline,fatline,0,0.0,,0,0.0,,0.0,
dip,dip,0,0.0,,0,0.0,,0.0,
олімпійку,олімпійк,0,0.0,,0,0.0,,0.0,
салатове,салатов,0,0.0,,0,0.0,,0.0,
колец,колец,0,0.0,,0,0.0,,0.0,
черепашками,черепашк,0,0.0,,0,0.0,,0.0,
величайший,величайш,0,0.0,,0,0.0,,0.0,
повістка,повістк,0,0.0,,0,0.0,,0.0,
аеророзвідка,аеророзвідк,0,0.0,,0,0.0,,0.0,
варс,варс,0,0.0,,0,0.0,,0.0,
buggy,buggy,0,0.0,,0,0.0,,0.0,
tyutyun,tyutyun,0,0.0,,0,0.0,,0.0,
бачив,бач,0,0.0,,0,0.0,,0.0,
new,new,1,0.0,0.0,0,0.0,,0.0,
balak,balak,2,0.0,0.0,0,0.0,,0.0,
vif,vif,0,0.0,,0,0.0,,0.0,
ефектом,ефект,0,0.0,,0,0.0,,0.0,
511,511,0,0.0,,0,0.0,,0.0,
авиація,авиаці,0,0.0,,0,0.0,,0.0,
nohuman,nohuman,0,0.0,,0,0.0,,0.0,
babymetal,babymetal,0,0.0,,0,0.0,,0.0,
madre,madre,0,0.0,,0,0.0,,0.0,
bring,bring,0,0.0,,0,0.0,,0.0,
riotvision,riotvision,0,0.0,,0,0.0,,0.0,
инсайд,инсайд,0,0.0,,0,0.0,,0.0,
department,department,0,0.0,,0,0.0,,0.0,
christmas,christmas,0,0.0,,0,0.0,,0.0,
центурія,центурі,0,0.0,,0,0.0,,0.0,
автоматом,автомат,0,0.0,,0,0.0,,0.0,
комнату,комнат,0,0.0,,0,0.0,,0.0,
pile,pile,0,0.0,,0,0.0,,0.0,
терранова,терранов,0,0.0,,0,0.0,,0.0,
джеффом,джефф,0,0.0,,0,0.0,,0.0,
сепара,сепар,0,0.0,,0,0.0,,0.0,
кенгуру,кенгур,0,0.0,,0,0.0,,0.0,
woman,woman,0,0.0,,0,0.0,,0.0,
merc,merc,0,0.0,,0,0.0,,0.0,
выглядит,выгляд,0,0.0,,0,0.0,,0.0,
мукачево,мукачев,0,0.0,,0,0.0,,0.0,
shafa,shafa,0,0.0,,0,0.0,,0.0,
історії,історії,0,0.0,,0,0.0,,0.0,
зибка,зибк,0,0.0,,0,0.0,,0.0,
adicolor,adicolor,0,0.0,,0,0.0,,0.0,
mantis,mantis,0,0.0,,0,0.0,,0.0,
ножами,нож,0,0.0,,0,0.0,,0.0,
яskravo,яскрав,0,0.0,,0,0.0,,0.0,
muse,muse,0,0.0,,0,0.0,,0.0,
gothemshop,gothemshop,0,0.0,,0,0.0,,0.0,
cgt,cgt,2,0.0,0.0,0,0.0,,0.0,
out,out,0,0.0,,0,0.0,,0.0,
мотоциклістів,мотоциклістів,0,0.0,,0,0.0,,0.0,
поттер,поттер,0,0.0,,0,0.0,,0.0,
poizon,poizon,0,0.0,,0,0.0,,0.0,
awdis,awdis,0,0.0,,0,0.0,,0.0,
папичем,папич,0,0.0,,0,0.0,,0.0,
sinners,sinners,0,0.0,,0,0.0,,0.0,
релаксед,релаксед,0,0.0,,0,0.0,,0.0,
полоску,полоск,0,0.0,,0,0.0,,0.0,
моджахеда,моджахед,0,0.0,,0,0.0,,0.0,
бути,бут,1,0.0,0.0,0,0.0,,0.0,
westcity,westcity,0,0.0,,0,0.0,,0.0,
wild,wild,0,0.0,,0,0.0,,0.0,
гуска,гуск,0,0.0,,0,0.0,,0.0,
rogue,rogue,0,0.0,,0,0.0,,0.0,
оптиму,оптим,0,0.0,,0,0.0,,0.0,
мифология,мифолог,0,0.0,,0,0.0,,0.0,
neurosis,neurosis,0,0.0,,0,0.0,,0.0,
choppers,choppers,0,0.0,,0,0.0,,0.0,
suede,suede,0,0.0,,0,0.0,,0.0,
oblik,oblik,0,0.0,,0,0.0,,0.0,
rockaway,rockaway,0,0.0,,0,0.0,,0.0,
glamour,glamour,0,0.0,,0,0.0,,0.0,
сучасний,сучасн,0,0.0,,0,0.0,,0.0,
datch,datch,0,0.0,,0,0.0,,0.0,
religion,religion,0,0.0,,0,0.0,,0.0,
gazette,gazette,0,0.0,,0,0.0,,0.0,
gurd,gurd,0,0.0,,0,0.0,,0.0,
quotrell,quotrell,0,0.0,,0,0.0,,0.0,
ступе,ступ,0,0.0,,0,0.0,,0.0,
хюге,хюг,0,0.0,,0,0.0,,0.0,
popov,popov,0,0.0,,0,0.0,,0.0,
ramstein,ramstein,0,0.0,,0,0.0,,0.0,
morbid,morbid,0,0.0,,0,0.0,,0.0,
капюшонки,капюшонк,0,0.0,,0,0.0,,0.0,
arket,arket,0,0.0,,0,0.0,,0.0,
готов,гот,0,0.0,,0,0.0,,0.0,
калифорния,калифорн,0,0.0,,0,0.0,,0.0,
сфинксом,сфинкс,0,0.0,,0,0.0,,0.0,
hellraisers,hellraisers,0,0.0,,0,0.0,,0.0,
жмурки,жмурк,0,0.0,,0,0.0,,0.0,
варвар,варвар,0,0.0,,0,0.0,,0.0,
prosto,prosto,0,0.0,,0,0.0,,0.0,
pullover,pullover,0,0.0,,0,0.0,,0.0,
лайм,лайм,0,0.0,,0,0.0,,0.0,
сінсей,сінсе,0,0.0,,0,0.0,,0.0,
matrona,matrona,0,0.0,,0,0.0,,0.0,
свитшотт,свитшотт,0,0.0,,0,0.0,,0.0,
nazva,nazva,0,0.0,,0,0.0,,0.0,
диявольська,диявольськ,0,0.0,,0,0.0,,0.0,
голову,голов,0,0.0,,0,0.0,,0.0,
спрінгфілд,спрінгфілд,0,0.0,,0,0.0,,0.0,
пиздатые,пиздат,0,0.0,,0,0.0,,0.0,
offender,offender,0,0.0,,0,0.0,,0.0,
зразка,зразк,0,0.0,,0,0.0,,0.0,
парні,парні,0,0.0,,0,0.0,,0.0,
daevar,daevar,0,0.0,,0,0.0,,0.0,
arena,arena,0,0.0,,0,0.0,,0.0,
dnk,dnk,0,0.0,,0,0.0,,0.0,
pubg,pubg,0,0.0,,0,0.0,,0.0,
речі,речі,0,0.0,,0,0.0,,0.0,
круті,круті,0,0.0,,0,0.0,,0.0,
плащевки,плащевк,0,0.0,,0,0.0,,0.0,
маріуполь,маріупол,0,0.0,,0,0.0,,0.0,
unltd,unltd,0,0.0,,0,0.0,,0.0,
кинолог,кинолог,0,0.0,,0,0.0,,0.0,
m8l8tx,m8l8tx,0,0.0,,0,0.0,,0.0,
вантед,вантед,0,0.0,,0,0.0,,0.0,
moi,moi,0,0.0,,0,0.0,,0.0,
инструктор,инструктор,0,0.0,,0,0.0,,0.0,
maritex,maritex,0,0.0,,0,0.0,,0.0,
saint,saint,0,0.0,,0,0.0,,0.0,
3ab,3ab,0,0.0,,0,0.0,,0.0,
боксерские,боксерск,0,0.0,,0,0.0,,0.0,
значок,значок,0,0.0,,0,0.0,,0.0,
velvet,velvet,0,0.0,,0,0.0,,0.0,
кай,ка,0,0.0,,0,0.0,,0.0,
потворно,потворн,0,0.0,,0,0.0,,0.0,
ssmerch,ssmerch,0,0.0,,0,0.0,,0.0,
modina,modina,0,0.0,,0,0.0,,0.0,
europa,europa,0,0.0,,0,0.0,,0.0,
фотографией,фотограф,0,0.0,,0,0.0,,0.0,
молодості,молодості,0,0.0,,0,0.0,,0.0,
зон,зон,0,0.0,,0,0.0,,0.0,
rise,rise,0,0.0,,0,0.0,,0.0,
старбери,старбер,0,0.0,,0,0.0,,0.0,
hooligan,hooligan,1,0.0,0.0,0,0.0,,0.0,
хужі,хужі,0,0.0,,0,0.0,,0.0,
сіх,сіх,0,0.0,,0,0.0,,0.0,
mandala,mandala,0,0.0,,0,0.0,,0.0,
материал,материа,0,0.0,,0,0.0,,0.0,
goose,goose,0,0.0,,0,0.0,,0.0,
омбр,омбр,0,0.0,,0,0.0,,0.0,
мото,мот,1,0.0,0.0,0,0.0,,0.0,
гаррі,гаррі,0,0.0,,0,0.0,,0.0,
runa,runa,0,0.0,,0,0.0,,0.0,
line,line,0,0.0,,0,0.0,,0.0,
vyriy,vyriy,0,0.0,,0,0.0,,0.0,
рікі,рікі,0,0.0,,0,0.0,,0.0,
скайрим,скайр,0,0.0,,0,0.0,,0.0,
mommy,mommy,0,0.0,,0,0.0,,0.0,
гвардія,гварді,0,0.0,,0,0.0,,0.0,
gojira,gojira,0,0.0,,0,0.0,,0.0,
боевой,боев,0,0.0,,0,0.0,,0.0,
одеська,одеськ,0,0.0,,0,0.0,,0.0,
винного,вин,0,0.0,,0,0.0,,0.0,
киевский,киевск,0,0.0,,0,0.0,,0.0,
fand,fand,0,0.0,,0,0.0,,0.0,
cruz,cruz,0,0.0,,0,0.0,,0.0,
matrix,matrix,0,0.0,,0,0.0,,0.0,
української,української,0,0.0,,0,0.0,,0.0,
fake,fake,0,0.0,,0,0.0,,0.0,
надіі,надіі,0,0.0,,0,0.0,,0.0,
leg,leg,0,0.0,,0,0.0,,0.0,
модники,модник,0,0.0,,0,0.0,,0.0,
течфліс,течфліс,0,0.0,,0,0.0,,0.0,
hoonigan,hoonigan,0,0.0,,0,0.0,,0.0,
пофигизм,пофигизм,0,0.0,,0,0.0,,0.0,
capri,capri,0,0.0,,0,0.0,,0.0,
kit,kit,0,0.0,,0,0.0,,0.0,
бургунді,бургунді,0,0.0,,0,0.0,,0.0,
move,move,0,0.0,,0,0.0,,0.0,
седсвіт,седсвіт,0,0.0,,0,0.0,,0.0,
wizard,wizard,0,0.0,,0,0.0,,0.0,
воєна,воєн,0,0.0,,0,0.0,,0.0,
хаябуса,хаябус,0,0.0,,0,0.0,,0.0,
counter,counter,0,0.0,,0,0.0,,0.0,
bleood,bleood,0,0.0,,0,0.0,,0.0,
future,future,0,0.0,,0,0.0,,0.0,
trs,trs,0,0.0,,0,0.0,,0.0,
невиновных,невиновн,0,0.0,,0,0.0,,0.0,
жага,жаг,0,0.0,,0,0.0,,0.0,
рунік,рунік,0,0.0,,0,0.0,,0.0,
sorry,sorry,0,0.0,,0,0.0,,0.0,
volchok,volchok,0,0.0,,0,0.0,,0.0,
grunge,grunge,0,0.0,,0,0.0,,0.0,
богатырь,богатыр,0,0.0,,0,0.0,,0.0,
cupsize,cupsize,1,0.0,0.0,0,0.0,,0.0,
мейден,мейд,0,0.0,,0,0.0,,0.0,
пинтерест,пинтерест,0,0.0,,0,0.0,,0.0,
ткань,ткан,0,0.0,,0,0.0,,0.0,
лелеку,лелек,1,0.0,0.0,0,0.0,,0.0,
ств,ств,0,0.0,,0,0.0,,0.0,
павутина,павутин,0,0.0,,0,0.0,,0.0,
barrel,barrel,0,0.0,,0,0.0,,0.0,
palazzo,palazzo,0,0.0,,0,0.0,,0.0,
huyase,huyase,1,0.0,0.0,0,0.0,,0.0,
doma,doma,0,0.0,,0,0.0,,0.0,
пожежа,пожеж,0,0.0,,0,0.0,,0.0,
drew,drew,0,0.0,,0,0.0,,0.0,
волосатая,волосат,0,0.0,,0,0.0,,0.0,
parkson,parkson,0,0.0,,0,0.0,,0.0,
аутфит,аутф,0,0.0,,0,0.0,,0.0,
пишна,пишн,0,0.0,,0,0.0,,0.0,
silwear,silwear,0,0.0,,0,0.0,,0.0,
windbreaker,windbreaker,0,0.0,,0,0.0,,0.0,
модоза,модоз,0,0.0,,0,0.0,,0.0,
baba,baba,0,0.0,,0,0.0,,0.0,
пик,пик,0,0.0,,0,0.0,,0.0,
serdenko,serdenko,0,0.0,,0,0.0,,0.0,
usualclth,usualclth,0,0.0,,0,0.0,,0.0,
поверх,поверх,0,0.0,,0,0.0,,0.0,
спиш,спиш,0,0.0,,0,0.0,,0.0,
puma,puma,0,0.0,,0,0.0,,0.0,
волоцюга,волоцюг,0,0.0,,0,0.0,,0.0,
чучучу,чучуч,0,0.0,,0,0.0,,0.0,
spencer,spencer,0,0.0,,0,0.0,,0.0,
анархистов,анархист,1,0.0,0.0,0,0.0,,0.0,
луи,лу,0,0.0,,0,0.0,,0.0,
бігу,бігу,0,0.0,,0,0.0,,0.0,
chikiss,chikiss,0,0.0,,0,0.0,,0.0,
rammsteinshop,rammsteinshop,0,0.0,,0,0.0,,0.0,
public,public,0,0.0,,0,0.0,,0.0,
tape,tape,0,0.0,,0,0.0,,0.0,
annihilator,annihilator,0,0.0,,0,0.0,,0.0,
фонк,фонк,0,0.0,,0,0.0,,0.0,
kovovy,kovovy,0,0.0,,0,0.0,,0.0,
останній,останні,0,0.0,,0,0.0,,0.0,
криминальный,криминальн,0,0.0,,0,0.0,,0.0,
cabancicom,cabancicom,0,0.0,,0,0.0,,0.0,
mysuits,mysuits,0,0.0,,0,0.0,,0.0,
fonk,fonk,0,0.0,,0,0.0,,0.0,
горлом,горл,0,0.0,,0,0.0,,0.0,
bosi,bosi,0,0.0,,0,0.0,,0.0,
offline,offline,0,0.0,,0,0.0,,0.0,
jkrb,jkrb,0,0.0,,0,0.0,,0.0,
olivka,olivka,0,0.0,,0,0.0,,0.0,
culture,culture,1,0.0,0.0,0,0.0,,0.0,
цікавим,цікав,0,0.0,,0,0.0,,0.0,
chase,chase,0,0.0,,0,0.0,,0.0,
tilt,tilt,0,0.0,,0,0.0,,0.0,
reaper,reaper,0,0.0,,0,0.0,,0.0,
keef,keef,0,0.0,,0,0.0,,0.0,
флиска,флиск,0,0.0,,0,0.0,,0.0,
swastin,swastin,0,0.0,,0,0.0,,0.0,
відбитками,відбитк,0,0.0,,0,0.0,,0.0,
варкрафт,варкрафт,0,0.0,,0,0.0,,0.0,
чемпион,чемпион,0,0.0,,0,0.0,,0.0,
date,date,0,0.0,,0,0.0,,0.0,
wikipedia,wikipedia,0,0.0,,0,0.0,,0.0,
faces,faces,0,0.0,,0,0.0,,0.0,
чашка,чашк,0,0.0,,0,0.0,,0.0,
асикс,асикс,0,0.0,,0,0.0,,0.0,
брендова,брендов,0,0.0,,0,0.0,,0.0,
легит,лег,0,0.0,,0,0.0,,0.0,
quake,quake,0,0.0,,0,0.0,,0.0,
князь,княз,0,0.0,,0,0.0,,0.0,
better,better,0,0.0,,0,0.0,,0.0,
металл,металл,0,0.0,,0,0.0,,0.0,
юнікло,юнікл,0,0.0,,0,0.0,,0.0,
палм,палм,0,0.0,,0,0.0,,0.0,
яті,яті,0,0.0,,0,0.0,,0.0,
halloween,halloween,0,0.0,,0,0.0,,0.0,
may,may,0,0.0,,0,0.0,,0.0,
antony,antony,0,0.0,,0,0.0,,0.0,
jitsu,jitsu,0,0.0,,0,0.0,,0.0,
small,small,0,0.0,,0,0.0,,0.0,
штанцы,штанц,0,0.0,,0,0.0,,0.0,
aviation,aviation,0,0.0,,0,0.0,,0.0,
woolenmaker,woolenmaker,0,0.0,,0,0.0,,0.0,
rikki,rikki,0,0.0,,0,0.0,,0.0,
землею,земл,0,0.0,,0,0.0,,0.0,
ben,ben,0,0.0,,0,0.0,,0.0,
zavod,zavod,0,0.0,,0,0.0,,0.0,
heybecca,heybecca,0,0.0,,0,0.0,,0.0,
прикрепить,прикреп,0,0.0,,0,0.0,,0.0,
малина,малин,0,0.0,,0,0.0,,0.0,
крилатим,крилат,0,0.0,,0,0.0,,0.0,
puta,puta,0,0.0,,0,0.0,,0.0,
reptyry,reptyry,0,0.0,,0,0.0,,0.0,
whtrx,whtrx,0,0.0,,0,0.0,,0.0,
затяжках,затяжк,0,0.0,,0,0.0,,0.0,
контемпу,контемп,0,0.0,,0,0.0,,0.0,
donbass,donbass,0,0.0,,0,0.0,,0.0,
донбасонія,донбасоні,0,0.0,,0,0.0,,0.0,
мантр,мантр,0,0.0,,0,0.0,,0.0,
латексфауна,латексфаун,0,0.0,,0,0.0,,0.0,
графіті,графіті,0,0.0,,0,0.0,,0.0,
самолетом,самолет,0,0.0,,0,0.0,,0.0,
tranquillity,tranquillity,0,0.0,,0,0.0,,0.0,
asos,asos,0,0.0,,0,0.0,,0.0,
shrapnel,shrapnel,0,0.0,,0,0.0,,0.0,
походу,поход,0,0.0,,0,0.0,,0.0,
madhappy,madhappy,0,0.0,,0,0.0,,0.0,
raywah,raywah,0,0.0,,0,0.0,,0.0,
синий,син,0,0.0,,0,0.0,,0.0,
all,all,0,0.0,,0,0.0,,0.0,
republic,republic,0,0.0,,0,0.0,,0.0,
uniform,uniform,0,0.0,,0,0.0,,0.0,
хуйні,хуйні,0,0.0,,0,0.0,,0.0,
frank,frank,0,0.0,,0,0.0,,0.0,
kjobenhavn,kjobenhavn,0,0.0,,0,0.0,,0.0,
saturno,saturno,0,0.0,,0,0.0,,0.0,
коллекция,коллекц,0,0.0,,0,0.0,,0.0,
rising,rising,0,0.0,,0,0.0,,0.0,
тарасова,тарасов,0,0.0,,0,0.0,,0.0,
rubae,rubae,0,0.0,,0,0.0,,0.0,
ломус,ломус,0,0.0,,0,0.0,,0.0,
ring,ring,0,0.0,,0,0.0,,0.0,
flaner,flaner,1,0.0,0.0,0,0.0,,0.0,
dropdead,dropdead,0,0.0,,0,0.0,,0.0,
txc,txc,0,0.0,,0,0.0,,0.0,
exexe,exexe,0,0.0,,0,0.0,,0.0,
madafakas,madafakas,0,0.0,,0,0.0,,0.0,
рэп,рэп,0,0.0,,0,0.0,,0.0,
зіппер,зіппер,0,0.0,,0,0.0,,0.0,
щогла,щогл,0,0.0,,0,0.0,,0.0,
libertas,libertas,0,0.0,,0,0.0,,0.0,
спартака,спартак,0,0.0,,0,0.0,,0.0,
чорної,чорної,0,0.0,,0,0.0,,0.0,
wanted,wanted,0,0.0,,0,0.0,,0.0,
needles,needles,0,0.0,,0,0.0,,0.0,
rome,rome,0,0.0,,0,0.0,,0.0,
пеньє,пеньє,0,0.0,,0,0.0,,0.0,
horse,horse,0,0.0,,0,0.0,,0.0,
цирк,цирк,0,0.0,,0,0.0,,0.0,
штае,шта,0,0.0,,0,0.0,,0.0,
гігфд,гігфд,0,0.0,,0,0.0,,0.0,
merrell,merrell,0,0.0,,0,0.0,,0.0,
кіл,кіл,0,0.0,,0,0.0,,0.0,
детские,детск,0,0.0,,0,0.0,,0.0,
rheinmetall,rheinmetall,0,0.0,,0,0.0,,0.0,
agalloch,agalloch,0,0.0,,0,0.0,,0.0,
disturbed,disturbed,0,0.0,,0,0.0,,0.0,
lokmi,lokmi,0,0.0,,0,0.0,,0.0,
fantaziua,fantaziua,0,0.0,,0,0.0,,0.0,
garrt,garrt,0,0.0,,0,0.0,,0.0,
липучками,липучк,0,0.0,,0,0.0,,0.0,
мальва,мальв,0,0.0,,0,0.0,,0.0,
breaking,breaking,0,0.0,,0,0.0,,0.0,
ren,ren,0,0.0,,0,0.0,,0.0,
зіпкі,зіпкі,0,0.0,,0,0.0,,0.0,
ексклюзив,ексклюз,0,0.0,,0,0.0,,0.0,
скейте,скейт,0,0.0,,0,0.0,,0.0,
lama,lama,0,0.0,,0,0.0,,0.0,
каштан,кашта,0,0.0,,0,0.0,,0.0,
винтажная,винтажн,0,0.0,,0,0.0,,0.0,
програміста,програміст,0,0.0,,0,0.0,,0.0,
свитер,свитер,0,0.0,,0,0.0,,0.0,
san,san,0,0.0,,0,0.0,,0.0,
chief,chief,0,0.0,,0,0.0,,0.0,
барбері,барбері,0,0.0,,0,0.0,,0.0,
винтаж,винтаж,0,0.0,,0,0.0,,0.0,
лісовий,лісов,0,0.0,,0,0.0,,0.0,
фзм,фзм,0,0.0,,0,0.0,,0.0,
морнінг,морнінг,0,0.0,,0,0.0,,0.0,
skrypka,skrypka,0,0.0,,0,0.0,,0.0,
fallujah,fallujah,0,0.0,,0,0.0,,0.0,
allfordance,allfordance,0,0.0,,0,0.0,,0.0,
9lives,9lives,0,0.0,,0,0.0,,0.0,
damage,damage,0,0.0,,0,0.0,,0.0,
superhumans,superhumans,0,0.0,,0,0.0,,0.0,
capital,capital,0,0.0,,0,0.0,,0.0,
trippiegluck,trippiegluck,0,0.0,,0,0.0,,0.0,
protest,protest,0,0.0,,0,0.0,,0.0,
ohdamn,ohdamn,0,0.0,,0,0.0,,0.0,
психоделика,психоделик,0,0.0,,0,0.0,,0.0,
хусл,хусл,0,0.0,,0,0.0,,0.0,
ackee,ackee,0,0.0,,0,0.0,,0.0,
yessirskiii,yessirskiii,0,0.0,,0,0.0,,0.0,
сомпані,сомпані,0,0.0,,0,0.0,,0.0,
червоночорний,червоночорн,0,0.0,,0,0.0,,0.0,
дива,див,0,0.0,,0,0.0,,0.0,
монобанк,монобанк,0,0.0,,0,0.0,,0.0,
crossfit,crossfit,0,0.0,,0,0.0,,0.0,
firepoint,firepoint,0,0.0,,0,0.0,,0.0,
фотодрук,фотодрук,0,0.0,,0,0.0,,0.0,
gola,gola,0,0.0,,0,0.0,,0.0,
aura,aura,0,0.0,,0,0.0,,0.0,
вишиті,вишиті,0,0.0,,0,0.0,,0.0,
чумной,чумн,0,0.0,,0,0.0,,0.0,
noah,noah,0,0.0,,0,0.0,,0.0,
безумный,безумн,0,0.0,,0,0.0,,0.0,
тато,тат,0,0.0,,0,0.0,,0.0,
турвір,турвір,0,0.0,,0,0.0,,0.0,
блискітками,блискітк,0,0.0,,0,0.0,,0.0,
биг,биг,0,0.0,,0,0.0,,0.0,
lunar,lunar,0,0.0,,0,0.0,,0.0,
многослойная,многослойн,0,0.0,,0,0.0,,0.0,
habibi,habibi,0,0.0,,0,0.0,,0.0,
burberry,burberry,0,0.0,,0,0.0,,0.0,
okami,okami,0,0.0,,0,0.0,,0.0,
гетьманщини,гетьманщин,0,0.0,,0,0.0,,0.0,
биком,бик,0,0.0,,0,0.0,,0.0,
ukrainian,ukrainian,0,0.0,,0,0.0,,0.0,
brock,brock,0,0.0,,0,0.0,,0.0,
alcoholica,alcoholica,0,0.0,,0,0.0,,0.0,
depression,depression,0,0.0,,0,0.0,,0.0,
ski,ski,0,0.0,,0,0.0,,0.0,
дизайнерські,дизайнерські,0,0.0,,0,0.0,,0.0,
профі,профі,0,0.0,,0,0.0,,0.0,
human,human,0,0.0,,0,0.0,,0.0,
neill,neill,0,0.0,,0,0.0,,0.0,
тайгер,тайгер,0,0.0,,0,0.0,,0.0,
x12268,x12268,0,0.0,,0,0.0,,0.0,
доберман,доберма,0,0.0,,0,0.0,,0.0,
troublemaker,troublemaker,0,0.0,,0,0.0,,0.0,
вельветовые,вельветов,0,0.0,,0,0.0,,0.0,
zerofoxtrot,zerofoxtrot,0,0.0,,0,0.0,,0.0,
cypress,cypress,0,0.0,,0,0.0,,0.0,
хартс,хартс,0,0.0,,0,0.0,,0.0,
2018,2018,0,0.0,,0,0.0,,0.0,
скандинавские,скандинавск,0,0.0,,0,0.0,,0.0,
abaddon,abaddon,0,0.0,,0,0.0,,0.0,
свидетельство,свидетельств,0,0.0,,0,0.0,,0.0,
космос,космос,0,0.0,,0,0.0,,0.0,
торт,торт,0,0.0,,0,0.0,,0.0,
хкді,хкді,0,0.0,,0,0.0,,0.0,
drapeau,drapeau,0,0.0,,0,0.0,,0.0,
evangelion,evangelion,0,0.0,,0,0.0,,0.0,
rovero,rovero,0,0.0,,0,0.0,,0.0,
tres,tres,0,0.0,,0,0.0,,0.0,
націоналізм,націоналізм,0,0.0,,0,0.0,,0.0,
margo,margo,0,0.0,,0,0.0,,0.0,
боб,боб,0,0.0,,0,0.0,,0.0,
1654,1654,2,0.0,0.0,0,0.0,,0.0,
farfy,farfy,0,0.0,,0,0.0,,0.0,
beaches,beaches,0,0.0,,0,0.0,,0.0,
штаф,штаф,0,0.0,,0,0.0,,0.0,
funky,funky,0,0.0,,0,0.0,,0.0,
scan,scan,0,0.0,,0,0.0,,0.0,
пупупу,пупуп,0,0.0,,0,0.0,,0.0,
hose,hose,0,0.0,,0,0.0,,0.0,
юность,юност,1,0.0,0.0,0,0.0,,0.0,
gloomy,gloomy,0,0.0,,0,0.0,,0.0,
києва,києв,0,0.0,,0,0.0,,0.0,
хіба,хіба,0,0.0,,0,0.0,,0.0,
самурай,самура,0,0.0,,0,0.0,,0.0,
nordik,nordik,0,0.0,,0,0.0,,0.0,
звалище,звалищ,0,0.0,,0,0.0,,0.0,
шива,шив,0,0.0,,0,0.0,,0.0,
їжака,їжак,0,0.0,,0,0.0,,0.0,
cas,cas,0,0.0,,0,0.0,,0.0,
мерчі,мерчі,0,0.0,,0,0.0,,0.0,
colins,colins,0,0.0,,0,0.0,,0.0,
falcon,falcon,0,0.0,,0,0.0,,0.0,
emp,emp,0,0.0,,0,0.0,,0.0,
рашгард,рашгард,0,0.0,,0,0.0,,0.0,
hatebreed,hatebreed,0,0.0,,0,0.0,,0.0,
скрябин,скрябин,0,0.0,,0,0.0,,0.0,
вест,вест,0,0.0,,0,0.0,,0.0,
esense,esense,0,0.0,,0,0.0,,0.0,
бизет,бизет,0,0.0,,0,0.0,,0.0,
begirls,begirls,0,0.0,,0,0.0,,0.0,
boi,boi,0,0.0,,0,0.0,,0.0,
gver,gver,0,0.0,,0,0.0,,0.0,
phonk,phonk,0,0.0,,0,0.0,,0.0,
atelier,atelier,0,0.0,,0,0.0,,0.0,
lies,lies,0,0.0,,0,0.0,,0.0,
billie,billie,0,0.0,,0,0.0,,0.0,
reset,reset,0,0.0,,0,0.0,,0.0,
шадоу,шадо,0,0.0,,0,0.0,,0.0,
999,999,0,0.0,,0,0.0,,0.0,
стрілецький,стрілецьк,0,0.0,,0,0.0,,0.0,
despised,despised,0,0.0,,0,0.0,,0.0,
цілуй,цілу,0,0.0,,0,0.0,,0.0,
reserved,reserved,1,0.0,0.0,0,0.0,,0.0,
тканевый,тканев,0,0.0,,0,0.0,,0.0,
аматори,аматор,0,0.0,,0,0.0,,0.0,
повітряні,повітряні,0,0.0,,0,0.0,,0.0,
вєчно,вєчно,0,0.0,,0,0.0,,0.0,
біллі,біллі,0,0.0,,0,0.0,,0.0,
gunia,gunia,0,0.0,,0,0.0,,0.0,
волиняка,волиняк,0,0.0,,0,0.0,,0.0,
дівізіон,дівізіон,0,0.0,,0,0.0,,0.0,
forge,forge,0,0.0,,0,0.0,,0.0,
град,град,0,0.0,,0,0.0,,0.0,
патріотична,патріотичн,0,0.0,,0,0.0,,0.0,
kupazh,kupazh,0,0.0,,0,0.0,,0.0,
легенда,легенд,0,0.0,,0,0.0,,0.0,
masimar,masimar,0,0.0,,0,0.0,,0.0,
hbrb,hbrb,0,0.0,,0,0.0,,0.0,
південь,півден,0,0.0,,0,0.0,,0.0,
крафт,крафт,0,0.0,,0,0.0,,0.0,
academy,academy,0,0.0,,0,0.0,,0.0,
ttswtrs,ttswtrs,0,0.0,,0,0.0,,0.0,
коламбия,коламб,0,0.0,,0,0.0,,0.0,
stvl,stvl,0,0.0,,0,0.0,,0.0,
sich,sich,0,0.0,,0,0.0,,0.0,
конотопська,конотопськ,0,0.0,,0,0.0,,0.0,
полар,полар,0,0.0,,0,0.0,,0.0,
боже,бож,0,0.0,,0,0.0,,0.0,
анорак,анорак,0,0.0,,0,0.0,,0.0,
fludd,fludd,0,0.0,,0,0.0,,0.0,
меверік,меверік,0,0.0,,0,0.0,,0.0,
танком,танк,0,0.0,,0,0.0,,0.0,
майклом,майкл,0,0.0,,0,0.0,,0.0,
byme,byme,0,0.0,,0,0.0,,0.0,
lurex,lurex,0,0.0,,0,0.0,,0.0,
pennywise,pennywise,0,0.0,,0,0.0,,0.0,
buntar,buntar,0,0.0,,0,0.0,,0.0,
чвк,чвк,0,0.0,,0,0.0,,0.0,
голубем,голуб,0,0.0,,0,0.0,,0.0,
grand,grand,1,0.0,0.0,0,0.0,,0.0,
jason,jason,0,0.0,,0,0.0,,0.0,
павук,павук,0,0.0,,0,0.0,,0.0,
buda,buda,0,0.0,,0,0.0,,0.0,
roen,roen,0,0.0,,0,0.0,,0.0,
roxx,roxx,0,0.0,,0,0.0,,0.0,
классика,классик,0,0.0,,0,0.0,,0.0,
полісся,поліс,0,0.0,,0,0.0,,0.0,
рефлективная,рефлективн,0,0.0,,0,0.0,,0.0,
mold,mold,0,0.0,,0,0.0,,0.0,
equipment,equipment,0,0.0,,0,0.0,,0.0,
fourfour,fourfour,0,0.0,,0,0.0,,0.0,
молотх,молотх,1,0.0,0.0,0,0.0,,0.0,
care,care,0,0.0,,0,0.0,,0.0,
ii1306,ii1306,0,0.0,,0,0.0,,0.0,
ordana,ordana,0,0.0,,0,0.0,,0.0,
солов,сол,0,0.0,,0,0.0,,0.0,
rtf,rtf,0,0.0,,0,0.0,,0.0,
жестокой,жесток,0,0.0,,0,0.0,,0.0,
baby,baby,0,0.0,,0,0.0,,0.0,
луганщина,луганщин,0,0.0,,0,0.0,,0.0,
atom,atom,0,0.0,,0,0.0,,0.0,
subliminal,subliminal,0,0.0,,0,0.0,,0.0,
картопелька,картопельк,0,0.0,,0,0.0,,0.0,
україні,україні,1,0.0,0.0,0,0.0,,0.0,
сша,сша,0,0.0,,0,0.0,,0.0,
банданой,бандан,0,0.0,,0,0.0,,0.0,
корпс,корпс,0,0.0,,0,0.0,,0.0,
louchesaints,louchesaints,0,0.0,,0,0.0,,0.0,
headbag,headbag,1,0.0,0.0,0,0.0,,0.0,
халат,халат,0,0.0,,0,0.0,,0.0,
программист,программист,0,0.0,,0,0.0,,0.0,
outfit,outfit,0,0.0,,0,0.0,,0.0,
dstrct,dstrct,0,0.0,,0,0.0,,0.0,
лудик,лудик,1,0.0,0.0,0,0.0,,0.0,
shwkclothing,shwkclothing,0,0.0,,0,0.0,,0.0,
psdshop,psdshop,0,0.0,,0,0.0,,0.0,
sak,sak,0,0.0,,0,0.0,,0.0,
parental,parental,0,0.0,,0,0.0,,0.0,
hochu,hochu,0,0.0,,0,0.0,,0.0,
solmar,solmar,0,0.0,,0,0.0,,0.0,
veraf,veraf,0,0.0,,0,0.0,,0.0,
шундай,шунда,0,0.0,,0,0.0,,0.0,
ранчо,ранч,0,0.0,,0,0.0,,0.0,
wings,wings,0,0.0,,0,0.0,,0.0,
howarstudio,howarstudio,0,0.0,,0,0.0,,0.0,
pentagon,pentagon,0,0.0,,0,0.0,,0.0,
owow,owow,0,0.0,,0,0.0,,0.0,
нате,нат,0,0.0,,0,0.0,,0.0,
rangerock,rangerock,0,0.0,,0,0.0,,0.0,
sharks,sharks,0,0.0,,0,0.0,,0.0,
фомо,фом,0,0.0,,0,0.0,,0.0,
stripes,stripes,0,0.0,,0,0.0,,0.0,
барабанщика,барабанщик,0,0.0,,0,0.0,,0.0,
sweetwear,sweetwear,0,0.0,,0,0.0,,0.0,
захисник,захисник,0,0.0,,0,0.0,,0.0,
костра,костр,0,0.0,,0,0.0,,0.0,
vsisvoi,vsisvoi,0,0.0,,0,0.0,,0.0,
steinar,steinar,0,0.0,,0,0.0,,0.0,
tek,tek,0,0.0,,0,0.0,,0.0,
агломерація,агломераці,0,0.0,,0,0.0,,0.0,
roger,roger,0,0.0,,0,0.0,,0.0,
rica,rica,0,0.0,,0,0.0,,0.0,
охуєнно,охуєн,0,0.0,,0,0.0,,0.0,
malina,malina,0,0.0,,0,0.0,,0.0,
наві,наві,0,0.0,,0,0.0,,0.0,
collective,collective,0,0.0,,0,0.0,,0.0,
металлистов,металлист,0,0.0,,0,0.0,,0.0,
русский,русск,1,0.0,0.0,0,0.0,,0.0,
season,season,0,0.0,,0,0.0,,0.0,
точка,точк,0,0.0,,0,0.0,,0.0,
haliky,haliky,0,0.0,,0,0.0,,0.0,
close,close,0,0.0,,0,0.0,,0.0,
днепропетровская,днепропетровск,0,0.0,,0,0.0,,0.0,
500,500,0,0.0,,0,0.0,,0.0,
блестками,блестк,0,0.0,,0,0.0,,0.0,
неформалов,неформал,0,0.0,,0,0.0,,0.0,
абрамс,абрамс,0,0.0,,0,0.0,,0.0,
океан,океа,0,0.0,,0,0.0,,0.0,
heart,heart,0,0.0,,0,0.0,,0.0,
riodevision,riodevision,0,0.0,,0,0.0,,0.0,
mynko,mynko,0,0.0,,0,0.0,,0.0,
orchid,orchid,0,0.0,,0,0.0,,0.0,
haunted,haunted,0,0.0,,0,0.0,,0.0,
кладовищі,кладовищі,0,0.0,,0,0.0,,0.0,
удочки,удочк,0,0.0,,0,0.0,,0.0,
evelex,evelex,0,0.0,,0,0.0,,0.0,
distressed,distressed,0,0.0,,0,0.0,,0.0,
капри,капр,0,0.0,,0,0.0,,0.0,
violent,violent,0,0.0,,0,0.0,,0.0,
балабола,балабол,0,0.0,,0,0.0,,0.0,
hasl,hasl,0,0.0,,0,0.0,,0.0,
zlitay,zlitay,0,0.0,,0,0.0,,0.0,
парадна,парадн,0,0.0,,0,0.0,,0.0,
ганс,ганс,0,0.0,,0,0.0,,0.0,
граната,гранат,0,0.0,,0,0.0,,0.0,
ubears,ubears,0,0.0,,0,0.0,,0.0,
дьявол,дьявол,0,0.0,,0,0.0,,0.0,
комплект,комплект,0,0.0,,0,0.0,,0.0,
misbhv,misbhv,0,0.0,,0,0.0,,0.0,
спрр,спрр,0,0.0,,0,0.0,,0.0,
miss,miss,0,0.0,,0,0.0,,0.0,
170,170,0,0.0,,0,0.0,,0.0,
жити,жит,0,0.0,,0,0.0,,0.0,
боско,боск,0,0.0,,0,0.0,,0.0,
стуси,стус,0,0.0,,0,0.0,,0.0,
русні,русні,0,0.0,,0,0.0,,0.0,
шкода,шкод,0,0.0,,0,0.0,,0.0,
атаракс,атаракс,0,0.0,,0,0.0,,0.0,
слим,слим,0,0.0,,0,0.0,,0.0,
рефлективом,рефлектив,0,0.0,,0,0.0,,0.0,
niki,niki,0,0.0,,0,0.0,,0.0,
броманс,броманс,0,0.0,,0,0.0,,0.0,
levis,levis,0,0.0,,0,0.0,,0.0,
enemies,enemies,0,0.0,,0,0.0,,0.0,
форма,форм,0,0.0,,0,0.0,,0.0,
карго,карг,0,0.0,,0,0.0,,0.0,
demode,demode,0,0.0,,0,0.0,,0.0,
фабрика,фабрик,0,0.0,,0,0.0,,0.0,
magerramov,magerramov,0,0.0,,0,0.0,,0.0,
buymeb,buymeb,0,0.0,,0,0.0,,0.0,
примаченко,примаченк,0,0.0,,0,0.0,,0.0,
cpo,cpo,0,0.0,,0,0.0,,0.0,
squad,squad,1,0.0,0.0,0,0.0,,0.0,
cloud,cloud,0,0.0,,0,0.0,,0.0,
underwear,underwear,0,0.0,,0,0.0,,0.0,
relaxed,relaxed,1,0.0,0.0,0,0.0,,0.0,
марвел,марвел,0,0.0,,0,0.0,,0.0,
