word,stem,n_terms,impressions,clicks,cost,conversions,CPA,CTR_%
прапор,прапор,848,54874,476,7194.98,15.0,479.7,0.87
корогва,корогв,16,52696,326,5385.4,40.784,132.0,0.62
футболка,футболк,5602,38035,388,4281.34,7.0,611.6,1.02
штани,штан,2935,23680,363,4087.72,10.0,408.8,1.53
чоловічі,чоловічі,862,13388,225,2627.57,5.5,477.7,1.68
худі,худі,1225,23592,272,2457.87,6.876,357.5,1.15
спортивні,спортивні,594,8107,164,1790.15,3.0,596.7,2.02
мужские,мужск,1526,11843,158,1747.07,1.0,1747.1,1.33
флаг,флаг,555,11542,87,1380.63,3.031,455.5,0.75
купити,купит,561,9187,94,1360.92,0.5,2721.8,1.02
худи,худ,1766,17101,152,1308.3,1.0,1308.3,0.89
спортивные,спортивн,887,5820,96,1232.52,5.0,246.5,1.65
купить,куп,1187,9785,83,1114.61,3.0,371.5,0.85
принтом,принт,566,6649,90,1033.04,0.0,inf,1.35
чоловіче,чоловіч,532,6837,75,788.41,1.0,788.4,1.1
військових,військов,132,4214,50,733.84,3.0,244.6,1.19
широкі,широкі,160,2738,73,658.75,2.0,329.4,2.67
оверсайз,оверсайз,462,3656,50,582.06,0.0,inf,1.37
кофта,кофт,1302,9223,71,573.84,1.0,573.8,0.77
замовити,замовит,34,2509,14,512.34,0.0,inf,0.56
мерч,мерч,660,6406,67,505.03,0.0,inf,1.05
широкие,широк,290,2650,53,487.67,0.0,inf,2.0
honorovi,honorovi,7,1868,11,468.65,0.0,inf,0.59
corogva,corogva,2,3236,24,465.82,1.352,344.4,0.74
військові,військові,56,3076,27,433.84,0.0,inf,0.88
жіночі,жіночі,415,2935,38,398.65,0.0,inf,1.29
зип,зип,201,3903,48,389.03,0.0,inf,1.23
зіп,зіп,98,4825,55,378.89,1.08,350.8,1.14
донецкой,донецк,61,1841,25,374.99,1.031,363.7,1.36
области,област,57,1849,27,354.13,1.031,343.5,1.46
одяг,одяг,741,3968,27,333.55,0.0,inf,0.68
вампір,вампір,17,865,31,318.11,6.046,52.6,3.58
магазин,магазин,540,3264,30,310.74,1.0,310.7,0.92
военным,воен,89,1118,18,273.67,0.0,inf,1.61
черные,черн,418,2389,24,269.83,1.0,269.8,1.0
женские,женск,474,1543,24,269.16,0.0,inf,1.56
брюки,брюк,310,976,20,259.34,0.0,inf,2.05
мілітарі,мілітарі,53,2037,14,239.94,0.0,inf,0.69
зіпка,зіпка,83,2201,28,231.92,0.25,927.7,1.27
дрон,дрон,21,612,14,229.72,6.0,38.3,2.29
замовлення,замовлен,34,2182,11,227.07,0.0,inf,0.5
division,division,102,5515,38,212.17,0.0,inf,0.69
донбас,донбас,27,566,11,203.76,0.0,inf,1.94
club,club,89,2860,18,199.58,0.0,inf,0.63
заказ,заказ,31,743,8,196.94,0.0,inf,1.08
дснс,дснс,114,807,17,184.81,0.0,inf,2.11
зипка,зипк,287,3854,25,182.44,0.0,inf,0.65
жіноче,жіноч,242,1462,19,174.14,1.0,174.1,1.3
толстовка,толстовк,372,2187,23,170.85,0.113,1514.0,1.05
ukraine,ukraine,86,286,7,166.09,0.0,inf,2.45
чорна,чорн,174,1373,15,162.42,1.0,162.4,1.09
україни,україн,213,1810,11,156.8,0.0,inf,0.61
зсу,зсу,84,1598,18,155.81,2.0,77.9,1.13
бойс,бойс,10,1213,12,151.38,1.0,151.4,0.99
гуд,гуд,8,1209,12,151.38,1.0,151.4,0.99
чорні,чорні,159,1179,10,146.95,0.0,inf,0.85
клаб,клаб,13,1066,11,141.7,1.0,141.7,1.03
гоноровий,гоноров,5,148,1,138.3,0.0,inf,0.68
українського,українськ,138,1177,14,137.9,0.0,inf,1.19
свастон,свастон,57,3428,9,137.87,0.0,inf,0.26
нрк,нрк,15,279,14,135.53,0.0,inf,5.02
зіпку,зіпку,5,196,4,134.16,0.0,inf,2.04
group,group,63,2184,14,124.04,0.0,inf,0.64
toys,toys,8,1378,6,123.64,0.0,inf,0.44
подмост,подмост,29,965,10,121.85,1.0,121.8,1.04
донецька,донецьк,36,551,9,121.84,0.0,inf,1.63
vampire,vampire,21,585,10,121.32,0.0,inf,1.71
медик,медик,29,220,11,119.49,0.0,inf,5.0
дивижн,дивижн,46,2249,28,118.15,0.0,inf,1.24
донецької,донецької,9,1164,11,116.87,0.0,inf,0.95
peklo,peklo,8,1412,5,113.01,0.0,inf,0.35
baggy,baggy,137,547,7,112.35,0.0,inf,1.28
прямі,прямі,32,361,10,109.22,1.0,109.2,2.77
flags,flags,14,279,5,106.68,0.0,inf,1.79
генг,генг,16,537,4,105.38,0.0,inf,0.74
оптимус,оптимус,33,748,4,105.17,0.0,inf,0.53
одежда,одежд,641,1913,19,104.88,0.0,inf,0.99
riot,riot,53,3825,18,104.62,0.0,inf,0.47
прапорів,прапорів,27,676,5,103.36,0.0,inf,0.74
дронщики,дронщик,4,134,8,101.01,0.0,inf,5.97
області,області,11,1177,9,100.95,0.0,inf,0.76
ріотдівіжн,ріотдівіжн,1,25,2,99.78,0.0,inf,8.0
самурая,самур,3,3,1,97.75,0.0,inf,33.33
нема,нем,3,6,1,97.75,0.0,inf,16.67
пульт,пульт,3,3,1,97.75,0.0,inf,33.33
тіко,тіко,2,2,1,97.75,0.0,inf,50.0
заколот,заколот,14,637,10,97.69,0.0,inf,1.57
зіпки,зіпки,7,321,5,97.43,0.25,389.7,1.56
блискавці,блискавці,41,772,13,96.65,1.0,96.6,1.68
мінометників,мінометників,2,148,11,96.14,1.0,96.1,7.43
украина,украин,294,1074,10,95.29,0.0,inf,0.93
норд,норд,37,1859,19,94.97,0.0,inf,1.02
русоріз,русоріз,9,605,22,91.45,0.0,inf,3.64
світшот,світшот,96,877,6,91.05,0.0,inf,0.68
промінь,промін,4,5,1,89.1,0.0,inf,20.0
слабким,слабк,17,925,5,87.9,0.0,inf,0.54
good,good,33,1900,9,86.59,0.0,inf,0.47
банери,банер,16,242,3,85.99,0.0,inf,1.24
стіну,стіну,23,1241,13,85.91,0.0,inf,1.05
без,без,53,188,6,85.61,0.0,inf,3.19
бренд,бренд,309,1764,9,84.53,0.0,inf,0.51
оптімус,оптімус,6,310,3,82.59,0.0,inf,0.97
boys,boys,38,1957,10,82.56,0.0,inf,0.51
костюм,костюм,300,884,13,82.44,0.0,inf,1.47
ганг,ганг,22,487,3,82.38,0.0,inf,0.62
подарунок,подарунок,28,149,4,79.91,0.0,inf,2.68
nord,nord,30,1600,19,78.47,0.0,inf,1.19
foxtrot,foxtrot,17,600,8,77.96,0.0,inf,1.33
zero,zero,26,630,8,77.96,0.0,inf,1.27
moletom,moletom,1,31,2,77.53,0.0,inf,6.45
друк,друк,32,558,3,77.14,0.0,inf,0.54
груп,груп,45,1730,10,75.78,0.0,inf,0.58
шорти,шорт,214,533,8,73.38,0.0,inf,1.5
стену,стен,23,706,8,73.22,0.0,inf,1.13
dubhumans,dubhumans,4,304,3,73.16,0.0,inf,0.99
company,company,64,2040,10,72.92,0.0,inf,0.49
military,military,43,423,7,72.54,0.0,inf,1.65
goodboys,goodboys,1,170,3,72.28,0.0,inf,1.76
шеврон,шеврон,79,554,14,71.45,0.0,inf,2.53
zoho,zoho,13,278,2,70.52,0.0,inf,0.72
дпсу,дпсу,9,75,2,70.04,0.0,inf,2.67
милитари,милитар,50,822,7,69.98,0.0,inf,0.85
компани,компан,47,1096,9,69.82,0.0,inf,0.82
баггі,баггі,35,378,6,67.51,0.0,inf,1.59
хартія,харті,12,411,3,66.68,0.0,inf,0.73
svastone,svastone,33,1893,4,65.98,0.0,inf,0.21
гонорові,гонорові,9,868,4,65.95,0.0,inf,0.46
авіація,авіаці,20,483,5,65.74,0.0,inf,1.04
галичини,галичин,36,594,5,65.74,0.0,inf,0.84
таро,тар,5,143,4,62.89,0.0,inf,2.8
пізда,пізда,14,636,3,62.77,0.0,inf,0.47
пекло,пекл,6,877,5,62.53,0.0,inf,0.57
тойс,тойс,6,842,5,62.53,0.0,inf,0.59
гур,гур,16,331,1,59.31,0.0,inf,0.3
brand,brand,100,661,5,58.83,0.0,inf,0.76
rype,rype,1,1,1,58.61,0.0,inf,100.0
фото,фот,47,1326,7,58.33,0.0,inf,0.53
рок,рок,94,580,4,58.02,0.0,inf,0.69
stlv,stlv,6,783,5,57.77,0.0,inf,0.64
безвісти,безвіст,11,340,4,56.66,0.0,inf,1.18
зниклих,зникл,12,343,4,56.66,0.0,inf,1.17
riotdivision,riotdivision,5,410,8,56.57,0.0,inf,1.95
джинсы,джинс,197,441,9,55.33,0.0,inf,2.04
баба,баб,62,450,11,55.1,0.0,inf,2.44
balak,balak,2,248,2,54.95,0.0,inf,0.81
dead,dead,42,755,5,54.35,0.0,inf,0.66
shop,shop,247,1481,7,53.96,0.0,inf,0.47
заказать,заказа,49,764,1,53.66,0.0,inf,0.13
розвідки,розвідк,8,450,8,53.2,0.0,inf,1.78
донбасса,донбасс,32,843,8,52.75,0.0,inf,0.95
zara,zara,78,220,3,52.3,0.0,inf,1.36
київський,київськ,7,314,2,52.2,0.0,inf,0.64
режим,реж,14,462,2,52.2,0.0,inf,0.43
хованского,хованск,1,4,1,51.69,0.0,inf,25.0
special,special,13,145,4,51.66,0.0,inf,2.76
капюшоном,капюшон,146,536,6,51.65,0.113,457.7,1.12
корабль,корабл,6,45,1,51.41,0.0,inf,2.22
русский,русск,4,43,1,51.41,0.0,inf,2.33
souls,souls,13,428,4,51.12,0.0,inf,0.93
ogonpushka,ogonpushka,2,86,2,51.11,0.0,inf,2.33
бпла,бпла,10,100,3,50.15,0.0,inf,3.0
фпв,фпв,7,155,5,50.01,0.5,100.0,3.23
сикснайн,сикснайн,2,13,2,50.01,0.0,inf,15.38
кроя,кро,43,222,5,49.64,0.0,inf,2.25
teivaz,teivaz,3,589,5,48.93,0.0,inf,0.85
ghfgjhb,ghfgjhb,1,9,1,48.52,0.0,inf,11.11
язківець,язківет^,2,34,8,48.48,0.0,inf,23.53
азов,аз,51,738,6,48.25,0.0,inf,0.81
прямые,прям,71,446,4,47.7,0.0,inf,0.9
льняные,льнян,25,93,3,47.45,0.0,inf,3.23
спортзала,спортза,6,29,3,47.29,0.0,inf,10.34
багги,багг,48,291,4,47.21,0.0,inf,1.37
ошбр,ошбр,11,134,2,47.2,0.0,inf,1.49
clo,clo,17,150,6,46.98,0.0,inf,4.0
харків,харків,30,295,3,46.5,0.0,inf,1.02
яга,яг,55,379,7,45.95,0.0,inf,1.85
черепами,череп,61,469,6,45.6,0.0,inf,1.28
розмір,розмір,43,168,4,45.5,0.0,inf,2.38
hype,hype,11,178,3,45.26,0.0,inf,1.69
rikky,rikky,9,176,3,45.26,0.0,inf,1.7
хоругва,хоругв,5,91,1,44.65,0.0,inf,1.1
сапер,сапер,17,144,2,44.32,0.0,inf,1.39
forces,forces,6,49,2,44.11,0.0,inf,4.08
хонорові,хонорові,3,153,3,43.79,0.0,inf,1.96
дівіжн,дівіжн,24,1213,12,43.64,0.0,inf,0.99
hoodie,hoodie,537,1767,10,43.58,0.0,inf,0.57
оригинал,оригина,53,91,1,43.37,0.0,inf,1.1
виробництва,виробництв,5,72,4,43.25,0.0,inf,5.56
українські,українські,57,572,4,43.16,0.0,inf,0.7
стела,стел,11,52,1,43.14,0.0,inf,1.92
cgt,cgt,11,139,2,42.85,0.0,inf,1.44
собаки,собак,12,46,3,42.64,0.0,inf,6.52
жадан,жада,15,55,3,42.64,0.0,inf,5.45
mirohodec,mirohodec,1,9,1,42.63,0.0,inf,11.11
hell,hell,14,82,4,42.3,0.0,inf,4.88
welcome,welcome,9,60,4,42.3,0.0,inf,6.67
плакат,плакат,40,312,5,42.23,0.0,inf,1.6
джогери,джогер,95,475,5,42.14,0.0,inf,1.05
скейтбординг,скейтбординг,8,358,5,41.78,1.0,41.8,1.4
помилку,помилк,2,7,1,41.29,0.0,inf,14.29
права,прав,23,64,1,41.29,0.0,inf,1.56
пума,пум,50,97,3,40.91,0.0,inf,3.09
wear,wear,72,1480,3,40.89,0.0,inf,0.2
vidro,vidro,6,143,1,40.48,0.0,inf,0.7
забой,заб,8,134,3,39.88,0.0,inf,2.24
potasovka,potasovka,8,190,5,39.52,0.0,inf,2.63
худак,худак,20,338,2,39.25,0.0,inf,0.59
hate,hate,28,1137,3,38.64,0.0,inf,0.26
піхота,піхот,23,186,3,38.58,0.0,inf,1.61
флагі,флагі,1,33,1,38.12,0.0,inf,3.03
лонг,лонг,20,73,2,38.04,0.0,inf,2.74
маверик,маверик,7,199,3,37.71,0.0,inf,1.51
артилерія,артилері,5,151,2,37.41,0.0,inf,1.32
гектор,гектор,1,1,1,37.32,0.0,inf,100.0
інтернет,інтернет,12,26,2,37.27,0.0,inf,7.69
патріотичні,патріотичні,36,322,4,37.23,0.0,inf,1.24
kentpaket,kentpaket,1,62,1,36.99,0.0,inf,1.61
ронин,ронин,1,8,1,36.93,0.0,inf,12.5
виробника,виробник,32,171,2,36.33,0.0,inf,1.17
вандерласт,вандерласт,1,5,1,36.16,0.0,inf,20.0
ассасин,ассасин,1,2,1,36.12,0.0,inf,50.0
рагнарок,рагнарок,4,161,2,35.2,0.0,inf,1.24
замку,замк,78,509,4,34.97,0.0,inf,0.79
дшв,дшв,20,191,1,34.88,0.0,inf,0.52
ріот,ріот,13,929,9,34.77,0.0,inf,0.97
виготовлення,виготовлен,8,303,3,34.69,0.0,inf,0.99
київ,київ,53,283,4,34.6,0.0,inf,1.41
шоп,шоп,86,666,5,34.43,0.0,inf,0.75
стафф,стафф,112,837,4,33.95,0.0,inf,0.48
резинці,резинці,18,28,3,33.07,0.0,inf,10.71
pezet,pezet,1,3,1,32.93,0.0,inf,33.33
хижак,хижак,7,142,3,32.9,0.0,inf,2.11
хонорови,хоноров,2,109,2,32.86,0.0,inf,1.83
трикотажні,трикотажні,24,98,2,32.7,0.0,inf,2.04
розмірів,розмірів,67,229,4,32.33,0.0,inf,1.75
великих,велик,79,268,4,32.33,0.0,inf,1.49
айленд,айленд,25,68,2,31.71,0.0,inf,2.94
стон,стон,33,127,2,31.71,0.0,inf,1.57
zip,zip,163,954,7,31.71,0.0,inf,0.73
скеля,скел,7,276,2,31.2,0.0,inf,0.72
ван,ван,7,22,1,30.7,0.0,inf,4.55
гог,гог,1,7,1,30.7,0.0,inf,14.29
укр,укр,26,215,3,30.68,0.0,inf,1.4
запоріжжя,запоріжж,9,143,3,30.57,0.0,inf,2.1
tac,tac,14,137,3,30.55,0.0,inf,2.19
нарада,нарад,2,71,1,30.27,1.0,30.3,1.41
патагонія,патагоні,6,25,1,30.2,0.0,inf,4.0
revish,revish,1,5,1,30.2,0.0,inf,20.0
лляні,лляні,28,98,1,30.12,0.0,inf,1.02
cult,cult,16,910,2,30.04,0.0,inf,0.22
тактичне,тактичн,37,303,5,29.83,0.0,inf,1.65
ukrarmor,ukrarmor,1,7,1,29.8,0.0,inf,14.29
west,west,12,34,2,29.68,0.0,inf,5.88
coast,coast,8,30,2,29.68,0.0,inf,6.67
адаптивні,адаптивні,2,17,2,29.58,0.0,inf,11.76
gart,gart,1,52,2,29.45,0.0,inf,3.85
мистер,мистер,2,19,2,29.18,0.0,inf,10.53
ідея,іде,8,296,2,29.17,0.0,inf,0.68
нації,нації,10,298,2,29.17,0.0,inf,0.67
толстых,толст,4,6,1,29.04,0.0,inf,16.67
манжетів,манжетів,4,43,2,29.04,0.0,inf,4.65
андеграунд,андеграунд,21,176,1,28.52,0.0,inf,0.57
стильна,стильн,42,81,3,28.48,0.0,inf,3.7
спортивки,спортивк,66,421,3,27.94,0.0,inf,0.71
морська,морськ,10,41,1,27.85,0.0,inf,2.44
патч,патч,34,127,4,27.77,0.0,inf,3.15
балахон,балахон,12,36,3,27.67,0.0,inf,8.33
альфа,альф,31,116,2,27.61,0.0,inf,1.72
бершка,бершк,42,183,3,27.32,0.0,inf,1.64
маверік,маверік,7,84,1,27.27,0.0,inf,1.19
headbag,headbag,4,224,1,27.06,0.0,inf,0.45
kirakilla,kirakilla,2,45,1,26.58,0.0,inf,2.22
дурнев,дурн,8,319,4,26.51,0.0,inf,1.25
donetsk,donetsk,3,23,1,26.21,0.0,inf,4.35
zaboy,zaboy,4,63,1,26.21,0.0,inf,1.59
ogp,ogp,12,789,5,26.06,0.0,inf,0.63
воля,вол,20,333,2,26.05,0.0,inf,0.6
теплые,тепл,84,169,2,26.01,0.0,inf,1.18
кракен,крак,18,312,3,25.94,0.0,inf,0.96
байдикую,байдик,1,20,2,25.73,0.0,inf,10.0
korogva,korogva,1,457,4,25.65,0.0,inf,0.88
вампир,вампир,13,135,2,25.62,0.0,inf,1.48
літні,літні,62,122,3,25.17,0.0,inf,2.46
коргва,коргв,1,122,2,25.17,0.0,inf,1.64
пизда,пизд,13,188,2,25.13,0.0,inf,1.06
кепка,кепк,20,48,1,25.1,0.0,inf,2.08
com,com,74,323,2,24.76,0.0,inf,0.62
реб,реб,2,64,3,24.63,0.0,inf,4.69
україні,україні,11,66,1,24.56,0.0,inf,1.52
модні,модні,19,32,3,24.51,0.0,inf,9.38
pit,pit,5,21,1,24.48,0.0,inf,4.76
bull,bull,6,22,1,24.48,0.0,inf,4.55
молнии,молн,93,470,4,24.47,0.0,inf,0.85
стор,стор,8,35,1,24.45,0.0,inf,2.86
drapp,drapp,3,24,1,23.9,0.0,inf,4.17
больших,больш,81,157,4,23.89,0.0,inf,2.55
флагшток,флагшток,78,432,9,23.8,0.0,inf,2.08
спорт,спорт,54,146,2,23.77,0.0,inf,1.37
харьков,харьк,55,216,3,23.74,0.0,inf,1.39
бойовий,бойов,14,332,2,23.74,0.0,inf,0.6
молот,молот,20,215,2,23.66,0.0,inf,0.93
relaxed,relaxed,28,70,1,23.6,0.0,inf,1.43
wide,wide,54,81,1,23.6,0.0,inf,1.23
игрушка,игрушк,4,6,1,23.42,0.0,inf,16.67
турция,турц,10,15,2,23.28,0.0,inf,13.33
кроп,кроп,38,152,3,23.28,0.0,inf,1.97
стерненко,стерненк,15,656,3,23.04,0.0,inf,0.46
нікова,ніков,15,184,3,22.99,0.0,inf,1.63
найк,найк,135,341,4,22.87,0.0,inf,1.17
project,project,31,410,3,22.75,0.0,inf,0.73
shirts,shirts,49,95,2,22.64,0.0,inf,2.11
знак,знак,9,21,1,22.48,0.0,inf,4.76
будь,буд,13,43,2,22.3,0.0,inf,4.65
y2k,y2k,53,333,1,22.17,0.0,inf,0.3
риот,риот,16,667,9,22.09,0.0,inf,1.35
nike,nike,116,274,2,22.08,0.0,inf,0.73
281z,281z,2,13,1,21.94,0.0,inf,7.69
анархистов,анархист,3,8,1,21.85,0.0,inf,12.5
cropp,cropp,43,162,6,21.71,0.0,inf,3.7
поло,пол,28,45,2,21.65,0.0,inf,4.44
адидас,адидас,77,160,2,21.37,0.0,inf,1.25
гори,гор,22,76,1,21.23,0.0,inf,1.32
range,range,6,667,5,21.14,0.0,inf,0.75
ангелами,ангел,19,85,2,21.14,0.0,inf,2.35
rocks,rocks,5,624,5,21.14,0.0,inf,0.8
православные,православн,13,71,3,21.09,0.0,inf,4.23
діловод,діловод,1,7,2,21.09,0.0,inf,28.57
450,450,4,80,1,20.81,0.0,inf,1.25
мінометник,мінометник,5,18,1,20.75,0.0,inf,5.56
футболок,футболок,23,95,2,20.73,0.0,inf,2.11
размеров,размер,92,160,4,20.63,0.0,inf,2.5
maverick,maverick,14,481,2,20.58,0.0,inf,0.42
bazalook,bazalook,1,27,3,20.36,0.0,inf,11.11
oversized,oversized,27,47,2,20.32,0.0,inf,4.26
свободного,свободн,41,152,2,20.29,0.0,inf,1.32
теплі,теплі,55,111,2,20.17,0.0,inf,1.8
bad,bad,30,279,3,20.16,0.0,inf,1.08
oversize,oversize,26,68,3,19.79,0.0,inf,4.41
обериг,обериг,2,38,2,19.77,0.0,inf,5.26
kitty,kitty,1,2,1,19.73,0.0,inf,50.0
hello,hello,2,4,1,19.73,0.0,inf,25.0
стандартний,стандартн,3,31,1,19.66,0.0,inf,3.23
рожеве,рожев,30,170,2,19.65,1.0,19.6,1.18
premiata,premiata,2,6,1,19.57,0.0,inf,16.67
потасовка,потасовк,20,719,7,19.5,0.0,inf,0.97
акула,акул,26,74,1,19.5,0.0,inf,1.35
shark,shark,11,39,2,19.48,0.0,inf,5.13
молодіжні,молодіжні,12,69,2,19.36,0.0,inf,2.9
lucky,lucky,5,101,2,19.15,0.0,inf,1.98
humanoid,humanoid,1,92,2,19.15,0.0,inf,2.17
design,design,17,72,1,19.11,0.0,inf,1.39
beom,beom,2,19,1,19.11,0.0,inf,5.26
метал,мета,29,242,2,18.92,0.0,inf,0.83
сайт,сайт,107,1078,4,18.42,0.0,inf,0.37
rusoriz,rusoriz,5,157,8,18.42,0.0,inf,5.1
про,про,20,78,1,18.34,0.0,inf,1.28
антисоциал,антисоциа,2,6,1,18.34,0.0,inf,16.67
тризуб,тризуб,20,45,1,18.24,0.0,inf,2.22
fpv,fpv,15,207,2,18.21,0.0,inf,0.97
футер,футер,2,6,1,18.14,0.0,inf,16.67
частин,частин,6,83,1,17.93,0.0,inf,1.2
сбс,сбс,7,171,2,17.7,0.0,inf,1.17
шмотки,шмотк,8,26,1,17.58,0.0,inf,3.85
kaif,kaif,5,30,1,17.56,0.0,inf,3.33
schmalgauzen,schmalgauzen,4,30,2,17.41,0.0,inf,6.67
scam,scam,8,21,1,17.39,0.0,inf,4.76
metalshop,metalshop,4,64,2,17.39,0.0,inf,3.12
joggers,joggers,60,119,1,17.36,0.0,inf,0.84
спине,спин,59,460,6,17.28,0.0,inf,1.3
warrior,warrior,18,270,2,17.14,0.0,inf,0.74
рефлектив,рефлект,5,40,1,17.05,0.0,inf,2.5
white,white,55,142,4,17.01,0.0,inf,2.82
sweetpants,sweetpants,1,4,2,16.81,0.0,inf,50.0
кріплення,кріплен,8,173,8,16.71,0.0,inf,4.62
humana,humana,2,2,1,16.69,0.0,inf,50.0
nichogo,nichogo,1,16,1,16.57,0.0,inf,6.25
sviatogo,sviatogo,1,16,1,16.57,0.0,inf,6.25
практичний,практичн,1,2,1,16.55,0.0,inf,50.0
рост,рост,11,15,1,16.46,0.0,inf,6.67
высокий,высок,24,37,1,16.46,0.0,inf,2.7
фенікс,фенікс,2,18,1,16.42,0.0,inf,5.56
стяг,стяг,16,837,2,16.41,0.0,inf,0.24
смерть,смерт,40,338,2,16.34,0.0,inf,0.59
gang,gang,23,643,3,16.11,0.25,64.4,0.47
optimus,optimus,13,582,3,16.11,0.25,64.4,0.52
украинский,украинск,64,286,3,16.08,0.0,inf,1.05
официальные,официальн,16,90,2,16.01,0.0,inf,2.22
ocean,ocean,22,143,2,15.89,0.0,inf,1.4
хащі,хащі,4,181,2,15.6,0.0,inf,1.1
лудик,лудик,1,2,1,15.39,0.0,inf,50.0
monoclo,monoclo,1,12,1,15.16,0.0,inf,8.33
art,art,12,28,1,15.08,0.0,inf,3.57
crazy,crazy,1,2,1,15.08,0.0,inf,50.0
патасовка,патасовк,1,10,2,15.03,0.0,inf,20.0
бункер,бункер,1,2,1,14.94,0.0,inf,50.0
centuria,centuria,2,15,1,14.91,0.0,inf,6.67
money,money,12,26,2,14.85,0.0,inf,7.69
casual,casual,21,58,1,14.84,0.0,inf,1.72
loose,loose,44,95,1,14.69,0.0,inf,1.05
гангстер,гангстер,1,4,3,14.63,0.0,inf,75.0
gearlab,gearlab,2,17,2,14.63,0.0,inf,11.76
syndicate,syndicate,12,272,2,14.54,0.0,inf,0.74
спині,спині,33,310,3,14.47,0.0,inf,0.97
farfie,farfie,2,87,1,14.45,0.0,inf,1.15
corteiz,corteiz,18,33,1,14.44,0.0,inf,3.03
hmp,hmp,2,2,1,14.44,0.0,inf,50.0
farfi,farfi,6,46,1,14.43,0.0,inf,2.17
longsleeve,longsleeve,4,10,1,14.42,0.0,inf,10.0
paul,paul,3,3,1,14.38,0.0,inf,33.33
clothes,clothes,44,144,1,14.33,0.0,inf,0.69
стріляй,стріля,8,157,3,14.18,0.0,inf,1.91
мандруй,мандр,8,157,3,14.18,0.0,inf,1.91
кохай,коха,18,185,3,14.18,0.0,inf,1.62
брендів,брендів,17,99,2,14.17,0.0,inf,2.02
ппо,ппо,5,111,2,13.98,0.0,inf,1.8
мото,мот,9,91,1,13.87,0.0,inf,1.1
пеньком,пеньк,2,10,1,13.82,0.0,inf,10.0
джоггеры,джоггер,56,128,2,13.82,0.0,inf,1.56
холодний,холодн,5,58,1,13.77,0.0,inf,1.72
ціна,ціна,3,4,1,13.74,0.0,inf,25.0
starberry,starberry,5,120,2,13.64,0.0,inf,1.67
свої,свої,16,221,2,13.63,0.0,inf,0.9
всі,всі,20,239,2,13.63,0.0,inf,0.84
sykes,sykes,1,16,1,13.58,0.0,inf,6.25
oli,oli,2,17,1,13.58,0.0,inf,5.88
huyase,huyase,1,2,1,13.53,0.0,inf,50.0
shmot,shmot,3,8,1,13.53,0.0,inf,12.5
хлопців,хлопців,28,93,2,13.49,0.0,inf,2.15
некст,некст,2,10,2,13.34,0.0,inf,20.0
подарки,подарк,4,8,1,13.3,0.0,inf,12.5
сталкер,сталкер,21,129,1,13.17,0.0,inf,0.78
вільного,вільног,11,88,1,13.15,0.0,inf,1.14
тупаком,тупак,2,24,1,13.12,0.0,inf,4.17
зіпер,зіпер,3,24,2,13.11,0.0,inf,8.33
40000,40000,8,42,1,13.02,0.0,inf,2.38
вархаммер,вархаммер,7,64,1,13.02,0.0,inf,1.56
inspiradora,inspiradora,3,17,1,13.0,0.0,inf,5.88
wave,wave,3,10,2,12.97,0.0,inf,20.0
бути,бут,4,25,1,12.95,0.0,inf,4.0
добру,добр,5,27,1,12.95,0.0,inf,3.7
рокс,рокс,3,79,1,12.94,0.0,inf,1.27
ренж,ренж,1,16,1,12.94,0.0,inf,6.25
прапорі,прапорі,11,252,2,12.87,0.0,inf,0.79
лама,лам,4,14,1,12.81,0.0,inf,7.14
зохо,зох,8,171,1,12.79,0.0,inf,0.58
ушками,ушк,3,4,1,12.76,0.0,inf,25.0
луна,лун,3,12,1,12.76,0.0,inf,8.33
зара,зар,67,225,2,12.61,0.0,inf,0.89
пирокинезис,пирокинезис,1,8,1,12.54,0.0,inf,12.5
orbit,orbit,1,2,1,12.44,0.0,inf,50.0
culture,culture,15,57,1,12.44,0.0,inf,1.75
левис,левис,3,11,3,12.41,0.0,inf,27.27
smerch,smerch,5,206,1,12.3,0.0,inf,0.49
неформальная,неформальн,11,68,1,12.06,0.0,inf,1.47
фог,фог,2,28,1,11.87,0.0,inf,3.57
старшина,старшин,1,27,1,11.86,0.0,inf,3.7
дог,дог,2,10,1,11.79,0.0,inf,10.0
энд,энд,7,16,1,11.79,0.0,inf,6.25
ред,ред,6,27,1,11.79,0.0,inf,3.7
hulls,hulls,1,7,1,11.77,0.0,inf,14.29
merch,merch,190,489,3,11.74,0.0,inf,0.61
young,young,6,70,3,11.73,0.0,inf,4.29
thug,thug,7,73,3,11.73,0.0,inf,4.11
индастриз,индастриз,11,64,1,11.62,0.0,inf,1.56
осенние,осен,38,151,2,11.59,0.0,inf,1.32
turwear,turwear,3,176,1,11.54,0.0,inf,0.57
mattino,mattino,10,623,1,11.53,0.0,inf,0.16
tnmk,tnmk,1,31,1,11.42,0.0,inf,3.23
металлика,металлик,8,25,1,11.41,0.0,inf,4.0
опг,опг,2,8,1,11.36,0.0,inf,12.5
шинобі,шинобі,2,42,1,11.29,0.0,inf,2.38
дід,дід,2,42,1,11.29,0.0,inf,2.38
вишивкою,вишивк,26,169,2,11.21,0.0,inf,1.18
придатний,придатн,4,33,1,11.14,0.0,inf,3.03
необмежено,необмеж,3,32,1,11.14,0.0,inf,3.12
танців,танців,4,10,1,11.11,0.0,inf,10.0
м8л8тх,м8л8тх,12,145,2,11.09,0.0,inf,1.38
ssur,ssur,9,122,2,11.09,0.0,inf,1.64
pantalon,pantalon,2,2,1,11.09,0.0,inf,50.0
могилах,могил,9,78,1,11.08,0.0,inf,1.28
власним,власн,5,212,1,11.05,0.0,inf,0.47
дизайном,дизайн,11,345,1,11.05,0.0,inf,0.29
staff,staff,40,269,2,11.03,0.0,inf,0.74
balloon,balloon,3,3,1,11.01,0.0,inf,33.33
смеш,смеш,8,48,1,10.98,0.0,inf,2.08
тематикой,тематик,17,178,1,10.96,0.0,inf,0.56
tear,tear,2,11,1,10.93,0.0,inf,9.09
2026,2026,28,55,2,10.93,0.0,inf,3.64
готичні,готичні,2,20,1,10.91,0.0,inf,5.0
оригінальні,оригінальні,5,27,1,10.83,0.0,inf,3.7
зимние,зимн,35,73,1,10.73,0.0,inf,1.37
captheuni,captheuni,2,277,3,10.67,0.0,inf,1.08
peclo,peclo,1,9,1,10.63,0.0,inf,11.11
емблема,емблем,7,24,1,10.62,0.0,inf,4.17
мнс,мнс,1,1,1,10.62,0.0,inf,100.0
льон,льон,10,18,1,10.59,0.0,inf,5.56
бандера,бандер,23,137,1,10.54,0.0,inf,0.73
львів,львів,43,189,1,10.5,0.0,inf,0.53
ссо,ссо,15,170,1,10.43,0.0,inf,0.59
богема,богем,2,52,1,10.41,0.0,inf,1.92
ленинград,ленинград,1,45,1,10.41,0.0,inf,2.22
clothing,clothing,83,233,2,10.38,0.0,inf,0.86
point,point,5,101,1,10.35,0.0,inf,0.99
fire,fire,6,102,1,10.35,0.0,inf,0.98
готика,готик,8,191,2,10.33,0.0,inf,1.05
сарказм,сарказм,8,38,3,10.32,0.0,inf,7.89
batcat,batcat,2,12,1,10.28,0.0,inf,8.33
онлайн,онлайн,21,68,1,10.27,0.0,inf,1.47
прикольним,прикольн,32,125,1,10.13,0.0,inf,0.8
прапар,прапар,1,45,1,10.1,0.0,inf,2.22
мотохуді,мотохуді,1,9,1,10.09,0.0,inf,11.11
everfox,everfox,1,5,1,10.08,0.0,inf,20.0
stuff,stuff,4,32,1,10.05,0.0,inf,3.12
блокнот,блокнот,1,2,1,10.0,0.0,inf,50.0
літо,літо,12,24,1,9.96,0.0,inf,4.17
олпринт,олпринт,1,21,1,9.89,0.0,inf,4.76
яктак,яктак,4,20,2,9.86,0.0,inf,10.0
шторм,шторм,5,17,1,9.75,0.0,inf,5.88
руник,руник,1,10,1,9.75,0.0,inf,10.0
клуб,клуб,3,122,1,9.68,0.0,inf,0.82
r3ich,r3ich,3,370,2,9.66,0.0,inf,0.54
серая,сер,44,71,1,9.64,0.0,inf,1.41
іду,іду,3,54,2,9.62,0.0,inf,3.7
sweatpants,sweatpants,116,279,2,9.61,0.0,inf,0.72
панк,панк,16,67,2,9.6,0.0,inf,2.99
язківців,язківців,1,34,1,9.56,0.0,inf,2.94
bmth,bmth,8,38,1,9.52,0.0,inf,2.63
kyiv,kyiv,21,265,2,9.52,0.0,inf,0.75
staybrave,staybrave,1,81,1,9.51,0.0,inf,1.23
картель,картел,3,82,1,9.51,0.0,inf,1.22
манжетов,манжет,17,67,2,9.48,0.0,inf,2.99
грибами,гриб,4,20,1,9.43,0.0,inf,5.0
1654,1654,5,74,2,9.41,0.0,inf,2.7
статуетка,статуетк,3,11,1,9.28,0.0,inf,9.09
org,org,2,11,1,9.28,0.0,inf,9.09
oakley,oakley,5,6,1,9.26,0.0,inf,16.67
george,george,1,6,1,9.23,0.0,inf,16.67
цивільний,цивільн,1,14,1,9.23,0.0,inf,7.14
dragon,dragon,8,25,1,9.23,0.0,inf,4.0
kill,kill,15,75,1,9.23,0.0,inf,1.33
skill,skill,1,28,1,9.23,0.0,inf,3.57
незалежності,незалежності,5,66,1,9.22,0.0,inf,1.52
палаццо,палацц,28,64,1,9.17,0.0,inf,1.56
иисусом,иисус,9,30,1,9.11,0.0,inf,3.33
bandeira,bandeira,2,6,1,9.08,0.0,inf,16.67
fazer,fazer,1,5,1,9.08,0.0,inf,20.0
personalizada,personalizada,1,5,1,9.08,0.0,inf,20.0
паркур,паркур,3,67,1,9.06,0.0,inf,1.49
журба,журб,6,29,1,9.0,0.0,inf,3.45
mod44,mod44,1,30,1,8.92,0.0,inf,3.33
интернет,интернет,20,34,2,8.92,0.0,inf,5.88
essentials,essentials,30,90,2,8.91,0.0,inf,2.22
застібці,застібці,4,42,1,8.89,0.0,inf,2.38
у2к,у2к,12,61,1,8.87,0.0,inf,1.64
білий,біли,8,23,1,8.84,0.0,inf,4.35
томі,томі,1,1,1,8.75,0.0,inf,100.0
руками,рук,7,10,1,8.66,0.0,inf,10.0
своими,сво,29,208,1,8.66,0.0,inf,0.48
монашка,монашк,3,6,1,8.58,0.0,inf,16.67
depot,depot,1,15,1,8.56,0.0,inf,6.67
cuprum,cuprum,1,15,1,8.56,0.0,inf,6.67
залізобетон,залізобетон,2,11,1,8.54,0.0,inf,9.09
gard,gard,10,262,2,8.47,0.0,inf,0.76
тактикал,тактика,9,187,1,8.45,0.0,inf,0.53
урбан,урба,30,364,1,8.45,0.0,inf,0.27
манто,мант,31,103,1,8.42,0.0,inf,0.97
подарунки,подарунк,8,24,1,8.32,0.0,inf,4.17
дніпро,дніпро,12,64,1,8.32,0.0,inf,1.56
onlywars,onlywars,3,101,1,8.3,0.0,inf,0.99
animalism,animalism,4,86,1,8.3,0.0,inf,1.16
логотипом,логотип,25,210,1,8.15,0.0,inf,0.48
lexie,lexie,1,12,2,8.15,0.0,inf,16.67
skripka,skripka,3,8,1,8.14,0.0,inf,12.5
бригадні,бригадні,1,90,1,8.14,0.0,inf,1.11
бегі,бегі,5,28,2,8.1,0.0,inf,7.14
brave,brave,13,137,1,8.09,0.0,inf,0.73
rex,rex,12,65,2,8.05,0.0,inf,3.08
urban,urban,37,487,2,8.04,0.0,inf,0.41
пушка,пушк,10,140,1,8.02,0.0,inf,0.71
огонь,огон,11,141,1,8.02,0.0,inf,0.71
класичні,класичні,21,47,1,8.0,0.0,inf,2.13
майка,майк,31,39,1,7.96,0.0,inf,2.56
семесюк,семесюк,3,18,1,7.92,0.0,inf,5.56
моторхед,моторхед,1,3,1,7.9,0.0,inf,33.33
hammer,hammer,10,110,3,7.85,0.0,inf,2.73
fosfor,fosfor,1,8,1,7.81,0.0,inf,12.5
цін,цін,1,5,1,7.79,0.0,inf,20.0
територія,територі,2,6,1,7.79,0.0,inf,16.67
мінімальних,мінімальн,1,5,1,7.79,0.0,inf,20.0
рейв,рейв,2,4,1,7.78,0.0,inf,25.0
shirt,shirt,311,596,2,7.73,0.0,inf,0.34
azazel,azazel,1,96,1,7.68,0.0,inf,1.04
берсерк,берсерк,8,55,1,7.66,0.0,inf,1.82
ukrforma,ukrforma,1,2,1,7.61,0.0,inf,50.0
зріст,зріст,8,30,1,7.6,0.0,inf,3.33
високий,висок,16,75,1,7.6,0.0,inf,1.33
юбка,юбк,3,3,1,7.46,0.0,inf,33.33
своїм,своїм,4,56,1,7.42,0.0,inf,1.79
койот,койот,7,48,1,7.34,0.0,inf,2.08
виробників,виробників,2,6,1,7.29,0.0,inf,16.67
одежа,одеж,5,12,1,7.29,0.0,inf,8.33
vast,vast,1,5,1,7.27,0.0,inf,20.0
нефор,нефор,16,41,1,7.27,0.0,inf,2.44
hardy,hardy,11,129,1,7.27,0.0,inf,0.78
кабанчі,кабанчі,2,14,1,7.21,0.0,inf,7.14
hellhound,hellhound,1,5,1,7.18,0.0,inf,20.0
помаранчеве,помаранчев,2,8,1,7.16,0.0,inf,12.5
sullen,sullen,6,30,1,7.15,0.0,inf,3.33
крыльями,крыл,8,20,1,7.11,0.0,inf,5.0
коругва,коругв,1,382,1,7.1,0.0,inf,0.26
under,under,17,26,1,7.02,0.0,inf,3.85
armour,armour,14,21,1,7.02,0.0,inf,4.76
райдивижен,райдивиж,1,22,1,7.0,0.0,inf,4.55
виварене,виварен,2,10,1,6.98,0.0,inf,10.0
хасл,хасл,6,55,1,6.96,0.0,inf,1.82
zhadan,zhadan,1,5,1,6.93,0.0,inf,20.0
тримач,тримач,13,74,3,6.91,0.0,inf,4.05
lavita,lavita,1,2,1,6.9,0.0,inf,50.0
grand,grand,4,10,1,6.9,0.0,inf,10.0
лелеки,лелек,12,30,1,6.89,0.0,inf,3.33
twilight,twilight,6,98,2,6.89,0.0,inf,2.04
лонгслів,лонгслів,40,372,1,6.88,0.0,inf,0.27
helikon,helikon,6,64,1,6.87,0.0,inf,1.56
tex,tex,6,62,1,6.87,0.0,inf,1.61
змейке,змейк,9,57,1,6.85,0.0,inf,1.75
boboriko,boboriko,1,2,1,6.85,0.0,inf,50.0
derzay,derzay,1,10,1,6.84,0.0,inf,10.0
махна,махн,15,159,1,6.81,0.0,inf,0.63
нестора,нестор,6,11,1,6.81,0.0,inf,9.09
hard,hard,20,206,3,6.78,0.0,inf,1.46
мужчин,мужчин,43,84,1,6.78,0.0,inf,1.19
social,social,21,84,2,6.76,0.0,inf,2.38
anti,anti,19,77,2,6.76,0.0,inf,2.6
black,black,148,471,2,6.7,0.0,inf,0.42
трико,трик,5,7,1,6.64,0.0,inf,14.29
старые,стар,10,53,1,6.64,0.0,inf,1.89
ecko,ecko,7,14,2,6.62,0.0,inf,14.29
гарда,гард,16,144,2,6.61,0.0,inf,1.39
парней,парн,37,83,2,6.6,0.0,inf,2.41
islnd,islnd,2,142,1,6.58,0.0,inf,0.7
brave1,brave1,4,28,3,6.51,0.0,inf,10.71
набір,набір,3,11,1,6.49,0.0,inf,9.09
пфкв,пфкв,1,18,1,6.4,0.0,inf,5.56
rock,rock,33,101,1,6.37,0.0,inf,0.99
райот,райот,2,43,1,6.35,0.0,inf,2.33
man,man,17,27,1,6.34,0.0,inf,3.7
южуал,южуа,2,36,1,6.32,0.0,inf,2.78
venom,venom,6,16,1,6.28,0.0,inf,6.25
стиль,стил,73,163,1,6.27,0.0,inf,0.61
девушек,девушек,4,13,1,6.27,0.0,inf,7.69
рокерский,рокерск,7,15,1,6.27,0.0,inf,6.67
кровавая,кровав,1,2,1,6.23,0.0,inf,50.0
днепр,днепр,30,86,1,6.23,0.0,inf,1.16
олх,олх,37,157,1,6.21,0.0,inf,0.64
хорогва,хорогв,1,55,1,6.2,0.0,inf,1.82
лонгслив,лонгсл,60,432,1,6.19,0.0,inf,0.23
зимові,зимові,25,47,2,6.18,0.0,inf,4.26
supreme,supreme,7,16,1,6.18,0.0,inf,6.25
гонор,гонор,7,138,1,6.17,0.0,inf,0.72
юность,юност,10,25,1,6.15,0.0,inf,4.0
нашивками,нашивк,10,26,1,5.98,0.0,inf,3.85
сатана,сата,2,28,1,5.98,0.0,inf,3.57
компані,компані,23,763,1,5.96,0.0,inf,0.13
вещи,вещ,42,96,1,5.96,0.0,inf,1.04
style,style,37,120,1,5.89,0.0,inf,0.83
favourite,favourite,1,6,1,5.89,0.0,inf,16.67
базові,базові,8,13,1,5.88,0.0,inf,7.69
omens,omens,10,84,1,5.85,0.0,inf,1.19
мотанка,мотанк,7,76,1,5.82,0.0,inf,1.32
резинки,резинк,40,66,1,5.8,0.0,inf,1.52
внизу,вниз,19,42,1,5.8,0.0,inf,2.38
трекінгові,трекінгові,6,21,1,5.77,0.0,inf,4.76
johnny,johnny,3,3,1,5.74,0.0,inf,33.33
металшоп,металшоп,3,15,1,5.74,0.0,inf,6.67
surround,surround,1,8,2,5.72,0.0,inf,25.0
animals,animals,3,15,1,5.7,0.0,inf,6.67
talks,talks,1,4,1,5.62,0.0,inf,25.0
готический,готическ,20,85,1,5.59,0.0,inf,1.18
егор,егор,2,3,1,5.58,0.0,inf,33.33
линч,линч,1,2,1,5.58,0.0,inf,50.0
militant,militant,6,240,1,5.57,0.0,inf,0.42
zone,zone,4,238,1,5.57,0.0,inf,0.42
вайт,вайт,23,50,2,5.52,0.0,inf,4.0
герл,герл,3,14,2,5.52,0.0,inf,14.29
тактичні,тактичні,14,196,1,5.49,0.0,inf,0.51
феминиста,феминист,1,1,1,5.42,0.0,inf,100.0
pants,pants,177,276,2,5.36,0.0,inf,0.72
вайкики,вайкик,4,7,1,5.34,0.0,inf,14.29
without,without,3,14,1,5.3,0.0,inf,7.14
любарт,любарт,3,76,2,5.27,0.0,inf,2.63
pitbull,pitbull,9,21,1,5.2,0.0,inf,4.76
модные,модн,55,99,1,5.18,0.0,inf,1.01
оригин,оригин,1,1,1,5.15,0.0,inf,100.0
проджект,проджект,6,8,1,5.15,0.0,inf,12.5
роджер,роджер,6,62,1,5.15,0.0,inf,1.61
веселий,весел,7,63,1,5.15,0.0,inf,1.59
рамка,рамк,2,58,1,5.14,0.0,inf,1.72
альтернативний,альтернативн,2,20,1,5.12,0.0,inf,5.0
хартия,харт,2,27,1,5.09,0.0,inf,3.7
осінні,осінні,5,15,1,5.09,0.0,inf,6.67
russian,russian,12,51,1,5.05,0.0,inf,1.96
нежеголь,нежегол,2,36,1,5.05,0.0,inf,2.78
mens,mens,17,27,1,5.04,0.0,inf,3.7
everlast,everlast,12,24,1,5.04,0.0,inf,4.17
bottoms,bottoms,2,5,1,5.04,0.0,inf,20.0
jogging,jogging,5,11,1,5.04,0.0,inf,9.09
флісі,флісі,36,130,1,5.01,0.0,inf,0.77
брендові,брендові,24,187,1,4.98,0.0,inf,0.53
asgard,asgard,2,3,1,4.96,0.0,inf,33.33
apparel,apparel,30,117,2,4.92,0.0,inf,1.71
tactical,tactical,24,357,1,4.9,0.0,inf,0.28
999yessirskiii,999yessirskiii,4,16,1,4.88,0.0,inf,6.25
русню,русн,3,30,1,4.88,0.0,inf,3.33
всрап,всрап,1,5,1,4.88,0.0,inf,20.0
ріж,ріж,3,30,1,4.88,0.0,inf,3.33
підрозділів,підрозділів,2,22,1,4.87,0.0,inf,4.55
картини,картин,28,68,1,4.8,0.0,inf,1.47
have,have,2,4,1,4.66,0.0,inf,25.0
cupsize,cupsize,2,3,1,4.65,0.0,inf,33.33
адідас,адідас,51,122,1,4.63,0.0,inf,0.82
норм,норм,2,31,1,4.57,0.0,inf,3.23
тіп,тіп,2,31,1,4.57,0.0,inf,3.23
весняна,весня,1,3,1,4.55,0.0,inf,33.33
boy,boy,24,102,2,4.52,0.0,inf,1.96
контора,контор,2,5,1,4.51,0.0,inf,20.0
корн,корн,1,3,1,4.47,0.0,inf,33.33
neighbourhood,neighbourhood,6,12,1,4.36,0.0,inf,8.33
лучшие,лучш,9,20,1,4.34,0.0,inf,5.0
олд,олд,16,69,1,4.31,0.0,inf,1.45
мани,ман,19,71,1,4.31,0.0,inf,1.41
surrealist,surrealist,1,1,1,4.3,0.0,inf,100.0
штурмова,штурмов,18,129,1,4.28,0.0,inf,0.78
мем,мем,6,6,1,4.26,0.0,inf,16.67
shwk,shwk,2,46,1,4.19,0.0,inf,2.17
ріод,ріод,3,33,1,4.09,0.0,inf,3.03
небес,небес,1,1,1,4.09,0.0,inf,100.0
токмачка,токмачк,3,12,1,4.08,0.0,inf,8.33
малая,мал,3,12,1,4.08,0.0,inf,8.33
хейтспіч,хейтспіч,5,134,1,4.06,0.0,inf,0.75
прикольні,прикольні,17,122,1,4.03,0.0,inf,0.82
lucifer,lucifer,1,2,1,4.0,0.0,inf,50.0
камікадзе,камікадз,1,9,1,3.95,0.0,inf,11.11
thrasher,thrasher,20,68,1,3.89,0.0,inf,1.47
head,head,1,12,1,3.88,0.0,inf,8.33
metallica,metallica,7,22,1,3.88,0.0,inf,4.55
azna,azna,1,1,1,3.88,0.0,inf,100.0
kick,kick,1,12,1,3.88,0.0,inf,8.33
символікою,символік,28,152,1,3.86,0.0,inf,0.66
люверсами,люверс,7,80,1,3.84,0.0,inf,1.25
solution,solution,1,9,1,3.8,0.0,inf,11.11
sick,sick,3,11,1,3.8,0.0,inf,9.09
acid,acid,7,14,1,3.73,0.0,inf,7.14
bath,bath,5,8,1,3.73,0.0,inf,12.5
похуй,пох,8,58,1,3.72,0.0,inf,1.72
трикотажные,трикотажн,24,57,1,3.7,0.0,inf,1.75
братство,братств,4,103,1,3.7,0.0,inf,0.97
squad,squad,16,89,1,3.68,0.0,inf,1.12
ирина,ирин,1,1,1,3.64,0.0,inf,100.0
peaceful,peaceful,14,38,1,3.62,0.0,inf,2.63
hooligan,hooligan,14,43,1,3.62,0.0,inf,2.33
кікбоксингу,кікбоксинг,1,1,1,3.54,0.0,inf,100.0
animal,animal,1,9,1,3.52,0.0,inf,11.11
флисе,флис,43,118,1,3.49,0.0,inf,0.85
герб,герб,47,138,2,3.48,0.0,inf,1.45
way,way,7,18,1,3.45,0.0,inf,5.56
закріпити,закріпит,1,46,2,3.28,0.0,inf,4.35
bratstvo,bratstvo,1,10,1,3.27,0.0,inf,10.0
рай,ра,3,34,1,3.26,0.0,inf,2.94
stay,stay,7,147,1,3.24,0.0,inf,0.68
cold,cold,11,58,1,3.24,0.0,inf,1.72
drop,drop,15,65,1,3.23,0.0,inf,1.54
корсетом,корсет,1,1,2,3.18,0.0,inf,200.0
кентпакет,кентпакет,3,153,1,3.16,0.0,inf,0.65
клоун,клоун,2,3,1,3.15,0.0,inf,33.33
tshirt,tshirt,54,86,1,3.15,0.0,inf,1.16
ясно,ясн,3,4,1,3.15,0.0,inf,25.0
flaner,flaner,2,8,1,3.14,0.0,inf,12.5
united,united,5,12,1,3.09,0.0,inf,8.33
етнічний,етнічн,1,1,1,3.07,0.0,inf,100.0
сверхъестественное,сверхъестествен,4,6,1,3.06,0.0,inf,16.67
ошб,ошб,11,143,1,3.02,0.0,inf,0.7
house,house,47,169,1,2.99,0.0,inf,0.59
baseartua,baseartua,2,302,1,2.98,0.0,inf,0.33
товарів,товарів,1,1,1,2.95,0.0,inf,100.0
sport,sport,14,18,1,2.93,0.0,inf,5.56
straight,straight,37,86,1,2.93,0.0,inf,1.16
zakolot,zakolot,4,306,1,2.92,0.0,inf,0.33
посадка,посадк,10,21,1,2.86,0.0,inf,4.76
укороченные,укорочен,26,67,1,2.82,0.0,inf,1.49
stone,stone,31,532,1,2.73,0.0,inf,0.19
island,island,24,114,1,2.73,0.0,inf,0.88
дракула,дракул,1,13,1,2.72,0.0,inf,7.69
модиво,модив,1,4,1,2.71,0.0,inf,25.0
tur,tur,9,861,1,2.71,0.0,inf,0.12
yorker,yorker,11,22,1,2.64,0.0,inf,4.55
new,new,47,91,1,2.64,0.0,inf,1.1
хаус,хаус,20,91,1,2.61,0.0,inf,1.1
reserved,reserved,13,36,1,2.59,0.0,inf,2.78
sinsay,sinsay,8,14,1,2.57,0.0,inf,7.14
monochrome,monochrome,5,10,1,2.54,0.0,inf,10.0
крепление,креплен,7,18,2,2.53,0.0,inf,11.11
секонд,секонд,3,4,1,2.53,0.0,inf,25.0
штайнер,штайнер,17,115,1,2.5,0.0,inf,0.87
тор,тор,17,115,1,2.5,0.0,inf,0.87
демоном,демон,4,48,1,2.44,0.0,inf,2.08
uniqlo,uniqlo,52,94,1,2.43,0.0,inf,1.06
флисовые,флисов,14,25,1,2.41,0.0,inf,4.0
штурмовика,штурмовик,6,67,2,2.4,0.0,inf,2.99
зала,зал,50,241,1,2.4,0.0,inf,0.41
ролики,ролик,7,96,2,2.37,0.0,inf,2.08
gymshark,gymshark,19,55,1,2.37,0.0,inf,1.82
again,again,9,14,1,2.35,0.0,inf,7.14
emo,emo,7,12,1,2.35,0.0,inf,8.33
great,great,4,6,1,2.35,0.0,inf,16.67
make,make,8,12,1,2.35,0.0,inf,8.33
брендовая,брендов,57,224,1,2.29,0.0,inf,0.45
azov,azov,27,201,1,2.21,0.0,inf,0.5
free,free,17,98,1,2.21,0.0,inf,1.02
spirit,spirit,3,13,1,2.19,0.0,inf,7.69
rebel,rebel,11,23,1,2.19,0.0,inf,4.35
нейлону,нейлон,7,11,1,2.14,0.0,inf,9.09
bezet,bezet,10,95,1,2.13,0.0,inf,1.05
надписью,надпис,41,59,1,2.11,0.0,inf,1.69
літня,літня,5,32,1,2.09,0.0,inf,3.12
мода,мод,5,9,1,2.09,0.0,inf,11.11
rockway,rockway,7,253,1,2.03,0.0,inf,0.4
ondatra,ondatra,2,28,1,1.99,0.0,inf,3.57
молотх,молотх,12,205,1,1.98,0.0,inf,0.49
інфраструктура,інфраструктур,2,10,1,1.97,0.0,inf,10.0
sale,sale,6,15,1,1.97,0.0,inf,6.67
критична,критичн,2,10,1,1.97,0.0,inf,10.0
outlet,outlet,3,7,1,1.97,0.0,inf,14.29
дружини,дружин,3,12,1,1.96,0.0,inf,8.33
origin,origin,8,86,2,1.94,0.0,inf,2.33
big,big,16,42,1,1.93,0.0,inf,2.38
крутой,крут,24,53,1,1.89,0.0,inf,1.89
рио,ри,2,37,1,1.89,0.0,inf,2.7
true,true,19,41,1,1.87,0.0,inf,2.44
tough,tough,1,7,1,1.87,0.0,inf,14.29
bershka,bershka,29,72,1,1.85,0.0,inf,1.39
буковина,буковин,2,3,1,1.84,0.0,inf,33.33
oneface,oneface,1,12,1,1.83,0.0,inf,8.33
bones,bones,6,42,1,1.81,0.0,inf,2.38
primark,primark,9,11,1,1.76,0.0,inf,9.09
херсона,херсон,14,144,1,1.71,0.0,inf,0.69
dark,dark,31,89,1,1.7,0.0,inf,1.12
triad,triad,4,5,1,1.7,0.0,inf,20.0
стаф,стаф,41,399,1,1.7,0.0,inf,0.25
multiply,multiply,1,1,1,1.68,0.0,inf,100.0
believe,believe,8,15,1,1.66,0.0,inf,6.67
рунами,рун,18,100,1,1.62,0.0,inf,1.0
кріпити,кріпит,1,11,1,1.6,0.0,inf,9.09
артилерії,артилерії,1,87,1,1.57,0.0,inf,1.15
oysho,oysho,12,23,1,1.43,0.0,inf,4.35
стрейч,стрейч,2,2,1,1.43,0.0,inf,50.0
mariupol,mariupol,1,1,1,1.39,0.0,inf,100.0
смерті,смерті,2,42,3,1.18,0.0,inf,7.14
аэрография,аэрограф,1,21,1,1.13,0.0,inf,4.76
тросу,трос,4,9,1,1.12,0.0,inf,11.11
столом,стол,1,37,2,1.07,0.0,inf,5.41
піратський,піратськ,2,67,1,1.06,0.0,inf,1.49
девушкой,девушк,2,25,1,0.92,0.0,inf,4.0
командир,командир,1,14,1,0.83,0.0,inf,7.14
топ,топ,19,42,1,0.79,0.0,inf,2.38
бригад,бригад,67,610,1,0.76,0.0,inf,0.16
арта,арт,9,81,1,0.26,0.0,inf,1.23
мелодія,мелоді,1,5,1,0.11,0.0,inf,20.0
тиша,тиш,2,25,1,0.04,0.0,inf,4.0
bakelove,bakelove,1,1,0,0.0,0.0,inf,0.0
balaclava,balaclava,1,1,0,0.0,0.0,inf,0.0
balakwear,balakwear,1,5,0,0.0,0.0,inf,0.0
balance,balance,30,63,0,0.0,0.0,inf,0.0
balcony,balcony,2,7,0,0.0,0.0,inf,0.0
baldinini,baldinini,2,3,0,0.0,0.0,inf,0.0
balenciaga,balenciaga,10,16,0,0.0,0.0,inf,0.0
bambas,bambas,4,31,0,0.0,0.0,inf,0.0
bambass,bambass,4,91,0,0.0,0.0,inf,0.0
ucrania,ucrania,2,2,0,0.0,0.0,inf,0.0
ucranianas,ucranianas,1,1,0,0.0,0.0,inf,0.0
bandeiras,bandeiras,1,1,0,0.0,0.0,inf,0.0
bandera,bandera,10,58,0,0.0,0.0,inf,0.0
colombia,colombia,1,1,0,0.0,0.0,inf,0.0
guerra,guerra,1,1,0,0.0,0.0,inf,0.0
del,del,1,1,0,0.0,0.0,inf,0.0
ejercito,ejercito,1,1,0,0.0,0.0,inf,0.0
con,con,1,1,0,0.0,0.0,inf,0.0
escudo,escudo,1,1,0,0.0,0.0,inf,0.0
banderaciaga,banderaciaga,2,19,0,0.0,0.0,inf,0.0
banderas,banderas,2,14,0,0.0,0.0,inf,0.0
personalizadas,personalizadas,1,7,0,0.0,0.0,inf,0.0
banderola,banderola,1,2,0,0.0,0.0,inf,0.0
bandit,bandit,1,1,0,0.0,0.0,inf,0.0
banner,banner,5,38,0,0.0,0.0,inf,0.0
warhammer,warhammer,17,69,0,0.0,0.0,inf,0.0
40k,40k,2,7,0,0.0,0.0,inf,0.0
banners,banners,2,13,0,0.0,0.0,inf,0.0
banshee,banshee,1,3,0,0.0,0.0,inf,0.0
banyara,banyara,1,2,0,0.0,0.0,inf,0.0
bape,bape,5,11,0,0.0,0.0,inf,0.0
alien,alien,2,4,0,0.0,0.0,inf,0.0
белый,бел,29,44,0,0.0,0.0,inf,0.0
baphomet,baphomet,2,5,0,0.0,0.0,inf,0.0
barbarian,barbarian,5,9,0,0.0,0.0,inf,0.0
crew,crew,7,9,0,0.0,0.0,inf,0.0
barbell,barbell,1,2,0,0.0,0.0,inf,0.0
bareline,bareline,3,8,0,0.0,0.0,inf,0.0
wash,wash,3,6,0,0.0,0.0,inf,0.0
barking,barking,1,1,0,0.0,0.0,inf,0.0
barrel,barrel,9,14,0,0.0,0.0,inf,0.0
barricade,barricade,3,62,0,0.0,0.0,inf,0.0
base,base,5,14,0,0.0,0.0,inf,0.0
side,side,9,40,0,0.0,0.0,inf,0.0
baseart,baseart,1,22,0,0.0,0.0,inf,0.0
basedope,basedope,1,9,0,0.0,0.0,inf,0.0
basert,basert,1,1,0,0.0,0.0,inf,0.0
baseside,baseside,1,7,0,0.0,0.0,inf,0.0
hoodies,hoodies,25,67,0,0.0,0.0,inf,0.0
ssy,ssy,2,3,0,0.0,0.0,inf,0.0
basqa,basqa,1,14,0,0.0,0.0,inf,0.0
bastard,bastard,1,3,0,0.0,0.0,inf,0.0
cat,cat,4,7,0,0.0,0.0,inf,0.0
bat,bat,1,1,0,0.0,0.0,inf,0.0
batart,batart,2,14,0,0.0,0.0,inf,0.0
batcatshop,batcatshop,1,7,0,0.0,0.0,inf,0.0
bathory,bathory,9,26,0,0.0,0.0,inf,0.0
batiar,batiar,1,5,0,0.0,0.0,inf,0.0
batnorton,batnorton,1,1,0,0.0,0.0,inf,0.0
battlewear,battlewear,1,2,0,0.0,0.0,inf,0.0
batushka,batushka,3,3,0,0.0,0.0,inf,0.0
metal,metal,40,145,0,0.0,0.0,inf,0.0
bavna,bavna,1,2,0,0.0,0.0,inf,0.0
bavovna,bavovna,6,17,0,0.0,0.0,inf,0.0
bayrak,bayrak,1,3,0,0.0,0.0,inf,0.0
baza,baza,2,2,0,0.0,0.0,inf,0.0
btq,btq,1,1,0,0.0,0.0,inf,0.0
bazhane,bazhane,1,1,0,0.0,0.0,inf,0.0
bazio,bazio,1,1,0,0.0,0.0,inf,0.0
bcdhkorce,bcdhkorce,1,1,0,0.0,0.0,inf,0.0
bdsm,bdsm,2,3,0,0.0,0.0,inf,0.0
like,like,7,15,0,0.0,0.0,inf,0.0
beart,beart,1,1,0,0.0,0.0,inf,0.0
beartooth,beartooth,1,1,0,0.0,0.0,inf,0.0
beatstreet,beatstreet,1,1,0,0.0,0.0,inf,0.0
beaumere,beaumere,1,1,0,0.0,0.0,inf,0.0
beezet,beezet,1,2,0,0.0,0.0,inf,0.0
befree,befree,1,2,0,0.0,0.0,inf,0.0
begentelman,begentelman,1,1,0,0.0,0.0,inf,0.0
begentelmen,begentelmen,1,1,0,0.0,0.0,inf,0.0
begentle,begentle,1,3,0,0.0,0.0,inf,0.0
begin,begin,1,1,0,0.0,0.0,inf,0.0
begirls,begirls,1,1,0,0.0,0.0,inf,0.0
begmenov,begmenov,1,1,0,0.0,0.0,inf,0.0
behappy,behappy,1,2,0,0.0,0.0,inf,0.0
behemoth,behemoth,2,15,0,0.0,0.0,inf,0.0
behtir,behtir,1,1,0,0.0,0.0,inf,0.0
beige,beige,2,2,0,0.0,0.0,inf,0.0
bekhtir,bekhtir,2,3,0,0.0,0.0,inf,0.0
jpg,jpg,1,1,0,0.0,0.0,inf,0.0
beloyar,beloyar,1,9,0,0.0,0.0,inf,0.0
bembi,bembi,1,1,0,0.0,0.0,inf,0.0
unravel,unravel,1,4,0,0.0,0.0,inf,0.0
taverniti,taverniti,1,4,0,0.0,0.0,inf,0.0
ben,ben,1,4,0,0.0,0.0,inf,0.0
bench,bench,3,4,0,0.0,0.0,inf,0.0
benighted,benighted,1,1,0,0.0,0.0,inf,0.0
benya,benya,7,125,0,0.0,0.0,inf,0.0
zubrik,zubrik,7,133,0,0.0,0.0,inf,0.0
benyaizubrik,benyaizubrik,2,3,0,0.0,0.0,inf,0.0
benyazubrik,benyazubrik,1,3,0,0.0,0.0,inf,0.0
beomdesign,beomdesign,1,7,0,0.0,0.0,inf,0.0
beomdsgn,beomdsgn,1,12,0,0.0,0.0,inf,0.0
bereginya,bereginya,1,1,0,0.0,0.0,inf,0.0
berehty,berehty,1,2,0,0.0,0.0,inf,0.0
bergen,bergen,1,3,0,0.0,0.0,inf,0.0
berhasm,berhasm,1,1,0,0.0,0.0,inf,0.0
berlinc,berlinc,1,1,0,0.0,0.0,inf,0.0
berserk,berserk,3,3,0,0.0,0.0,inf,0.0
billie,billie,2,5,0,0.0,0.0,inf,0.0
eilish,eilish,2,5,0,0.0,0.0,inf,0.0
одесса,одесс,28,61,0,0.0,0.0,inf,0.0
best,best,12,32,0,0.0,0.0,inf,0.0
training,training,4,8,0,0.0,0.0,inf,0.0
travel,travel,1,1,0,0.0,0.0,inf,0.0
best4u,best4u,2,23,0,0.0,0.0,inf,0.0
best4you,best4you,1,4,0,0.0,0.0,inf,0.0
bestforyou,bestforyou,1,4,0,0.0,0.0,inf,0.0
bestoriginal,bestoriginal,1,2,0,0.0,0.0,inf,0.0
betboom,betboom,1,1,0,0.0,0.0,inf,0.0
betket,betket,1,2,0,0.0,0.0,inf,0.0
better,better,1,1,0,0.0,0.0,inf,0.0
bevawear,bevawear,1,1,0,0.0,0.0,inf,0.0
bezbrendu,bezbrendu,1,1,0,0.0,0.0,inf,0.0
bezlad,bezlad,2,45,0,0.0,0.0,inf,0.0
borfend,borfend,1,2,0,0.0,0.0,inf,0.0
gita,gita,1,2,0,0.0,0.0,inf,0.0
bhagavad,bhagavad,1,2,0,0.0,0.0,inf,0.0
bibisama,bibisama,1,1,0,0.0,0.0,inf,0.0
bicoop,bicoop,1,1,0,0.0,0.0,inf,0.0
tape,tape,1,1,0,0.0,0.0,inf,0.0
boss,boss,5,8,0,0.0,0.0,inf,0.0
sam,sam,7,18,0,0.0,0.0,inf,0.0
sem,sem,1,2,0,0.0,0.0,inf,0.0
bigboss,bigboss,2,4,0,0.0,0.0,inf,0.0
bigl,bigl,1,1,0,0.0,0.0,inf,0.0
bigsam,bigsam,1,1,0,0.0,0.0,inf,0.0
bihus,bihus,2,2,0,0.0,0.0,inf,0.0
info,info,5,124,0,0.0,0.0,inf,0.0
billabong,billabong,3,13,0,0.0,0.0,inf,0.0
billionaire,billionaire,3,7,0,0.0,0.0,inf,0.0
bilskirnir,bilskirnir,1,1,0,0.0,0.0,inf,0.0
bjork,bjork,1,1,0,0.0,0.0,inf,0.0
bkhtr,bkhtr,1,2,0,0.0,0.0,inf,0.0
pant,pant,11,18,0,0.0,0.0,inf,0.0
suit,suit,1,1,0,0.0,0.0,inf,0.0
craft,craft,5,12,0,0.0,0.0,inf,0.0
diamond,diamond,2,4,0,0.0,0.0,inf,0.0
buy,buy,4,34,0,0.0,0.0,inf,0.0
ink,ink,1,1,0,0.0,0.0,inf,0.0
womens,womens,1,1,0,0.0,0.0,inf,0.0
kray,kray,1,1,0,0.0,0.0,inf,0.0
label,label,6,10,0,0.0,0.0,inf,0.0
society,society,11,18,0,0.0,0.0,inf,0.0
limit,limit,4,139,0,0.0,0.0,inf,0.0
linen,linen,1,1,0,0.0,0.0,inf,0.0
magick,magick,3,12,0,0.0,0.0,inf,0.0
manera,manera,1,1,0,0.0,0.0,inf,0.0
logo,logo,6,11,0,0.0,0.0,inf,0.0
00s,00s,2,2,0,0.0,0.0,inf,0.0
motorcycle,motorcycle,4,6,0,0.0,0.0,inf,0.0
sabbath,sabbath,5,28,0,0.0,0.0,inf,0.0
sea,sea,3,10,0,0.0,0.0,inf,0.0
spider,spider,1,1,0,0.0,0.0,inf,0.0
street,street,12,33,0,0.0,0.0,inf,0.0
sweat,sweat,14,22,0,0.0,0.0,inf,0.0
tongue,tongue,1,1,0,0.0,0.0,inf,0.0
uncuffed,uncuffed,4,9,0,0.0,0.0,inf,0.0
blackbeard,blackbeard,1,12,0,0.0,0.0,inf,0.0
blackcraft,blackcraft,3,12,0,0.0,0.0,inf,0.0
chart,chart,1,1,0,0.0,0.0,inf,0.0
blacklimit,blacklimit,1,5,0,0.0,0.0,inf,0.0
blackout,blackout,2,3,0,0.0,0.0,inf,0.0
blacksquad,blacksquad,1,2,0,0.0,0.0,inf,0.0
blacksugar,blacksugar,1,6,0,0.0,0.0,inf,0.0
blackwater,blackwater,2,2,0,0.0,0.0,inf,0.0
blackwear,blackwear,1,2,0,0.0,0.0,inf,0.0
blade,blade,1,1,0,0.0,0.0,inf,0.0
blakely,blakely,1,1,0,0.0,0.0,inf,0.0
blanc,blanc,2,2,0,0.0,0.0,inf,0.0
blue,blue,8,11,0,0.0,0.0,inf,0.0
blancoone,blancoone,1,3,0,0.0,0.0,inf,0.0
blank,blank,2,12,0,0.0,0.0,inf,0.0
blasphemous,blasphemous,1,1,0,0.0,0.0,inf,0.0
blato,blato,1,2,0,0.0,0.0,inf,0.0
blatosphera,blatosphera,2,21,0,0.0,0.0,inf,0.0
blazh,blazh,1,1,0,0.0,0.0,inf,0.0
blclv,blclv,1,1,0,0.0,0.0,inf,0.0
bleach,bleach,1,1,0,0.0,0.0,inf,0.0
bleood,bleood,1,3,0,0.0,0.0,inf,0.0
blessed,blessed,7,49,0,0.0,0.0,inf,0.0
blessthefall,blessthefall,1,2,0,0.0,0.0,inf,0.0
bloodborne,bloodborne,4,11,0,0.0,0.0,inf,0.0
bloom,bloom,1,1,0,0.0,0.0,inf,0.0
blossom,blossom,1,2,0,0.0,0.0,inf,0.0
blow,blow,3,15,0,0.0,0.0,inf,0.0
blud,blud,1,2,0,0.0,0.0,inf,0.0
banana,banana,1,1,0,0.0,0.0,inf,0.0
bluesky,bluesky,1,5,0,0.0,0.0,inf,0.0
chady,chady,1,1,0,0.0,0.0,inf,0.0
bluza,bluza,1,1,0,0.0,0.0,inf,0.0
blvck,blvck,5,29,0,0.0,0.0,inf,0.0
ceiling,ceiling,1,1,0,0.0,0.0,inf,0.0
blvcklimit,blvcklimit,1,1,0,0.0,0.0,inf,0.0
bndt,bndt,1,1,0,0.0,0.0,inf,0.0
bobo,bobo,1,1,0,0.0,0.0,inf,0.0
count,count,3,4,0,0.0,0.0,inf,0.0
body,body,2,4,0,0.0,0.0,inf,0.0
bolf,bolf,1,1,0,0.0,0.0,inf,0.0
bolt,bolt,2,3,0,0.0,0.0,inf,0.0
thrower,thrower,2,3,0,0.0,0.0,inf,0.0
bonate,bonate,1,1,0,0.0,0.0,inf,0.0
sesh,sesh,1,17,0,0.0,0.0,inf,0.0
bonprix,bonprix,1,1,0,0.0,0.0,inf,0.0
zalando,zalando,1,1,0,0.0,0.0,inf,0.0
legendary,legendary,1,1,0,0.0,0.0,inf,0.0
boobs,boobs,1,1,0,0.0,0.0,inf,0.0
boohooman,boohooman,1,2,0,0.0,0.0,inf,0.0
booriva,booriva,4,67,0,0.0,0.0,inf,0.0
bored,bored,1,4,0,0.0,0.0,inf,0.0
boriva,boriva,1,2,0,0.0,0.0,inf,0.0
born,born,9,12,0,0.0,0.0,inf,0.0
skateshop,skateshop,1,1,0,0.0,0.0,inf,0.0
fly,fly,1,1,0,0.0,0.0,inf,0.0
borsch,borsch,1,1,0,0.0,0.0,inf,0.0
bosco,bosco,2,2,0,0.0,0.0,inf,0.0
bosi,bosi,1,1,0,0.0,0.0,inf,0.0
boundaries,boundaries,1,4,0,0.0,0.0,inf,0.0
boutique,boutique,3,3,0,0.0,0.0,inf,0.0
tones,tones,1,1,0,0.0,0.0,inf,0.0
boxraw,boxraw,3,8,0,0.0,0.0,inf,0.0
boxy,boxy,11,22,0,0.0,0.0,inf,0.0
london,london,14,24,0,0.0,0.0,inf,0.0
boykisser,boykisser,1,1,0,0.0,0.0,inf,0.0
bpg,bpg,2,11,0,0.0,0.0,inf,0.0
brain,brain,1,3,0,0.0,0.0,inf,0.0
stoker,stoker,1,1,0,0.0,0.0,inf,0.0
dracula,dracula,1,1,0,0.0,0.0,inf,0.0
bram,bram,1,1,0,0.0,0.0,inf,0.0
brooklyn,brooklyn,6,8,0,0.0,0.0,inf,0.0
element,element,4,13,0,0.0,0.0,inf,0.0
lost,lost,4,10,0,0.0,0.0,inf,0.0
religion,religion,23,48,0,0.0,0.0,inf,0.0
room,room,1,1,0,0.0,0.0,inf,0.0
bratan,bratan,1,1,0,0.0,0.0,inf,0.0
bratva,bratva,1,1,0,0.0,0.0,inf,0.0
bravado,bravado,1,1,0,0.0,0.0,inf,0.0
soul,soul,3,3,0,0.0,0.0,inf,0.0
bravery,bravery,3,6,0,0.0,0.0,inf,0.0
champions,champions,2,3,0,0.0,0.0,inf,0.0
breakfast,breakfast,2,3,0,0.0,0.0,inf,0.0
breathedivinity,breathedivinity,1,4,0,0.0,0.0,inf,0.0
breiv,breiv,1,3,0,0.0,0.0,inf,0.0
brew,brew,1,1,0,0.0,0.0,inf,0.0
not,not,13,24,0,0.0,0.0,inf,0.0
bombs,bombs,1,1,0,0.0,0.0,inf,0.0
horizon,horizon,18,63,0,0.0,0.0,inf,0.0
bring,bring,17,57,0,0.0,0.0,inf,0.0
brkn,brkn,1,2,0,0.0,0.0,inf,0.0
brl,brl,1,1,0,0.0,0.0,inf,0.0
brock,brock,1,2,0,0.0,0.0,inf,0.0
lesnar,lesnar,1,2,0,0.0,0.0,inf,0.0
broken,broken,10,36,0,0.0,0.0,inf,0.0
planet,planet,19,161,0,0.0,0.0,inf,0.0
bronx,bronx,2,3,0,0.0,0.0,inf,0.0
broski,broski,1,1,0,0.0,0.0,inf,0.0
brotherhood,brotherhood,2,4,0,0.0,0.0,inf,0.0
arms,arms,2,5,0,0.0,0.0,inf,0.0
brothers,brothers,6,34,0,0.0,0.0,inf,0.0
brtn,brtn,1,3,0,0.0,0.0,inf,0.0
brubacher,brubacher,1,1,0,0.0,0.0,inf,0.0
brutal,brutal,4,15,0,0.0,0.0,inf,0.0
bode,bode,1,10,0,0.0,0.0,inf,0.0
knack,knack,1,2,0,0.0,0.0,inf,0.0
brutalman,brutalman,2,30,0,0.0,0.0,inf,0.0
brutalmen,brutalmen,1,2,0,0.0,0.0,inf,0.0
bsd,bsd,1,2,0,0.0,0.0,inf,0.0
bubble,bubble,1,2,0,0.0,0.0,inf,0.0
buchan,buchan,1,2,0,0.0,0.0,inf,0.0
buda,buda,2,4,0,0.0,0.0,inf,0.0
buddha,buddha,2,6,0,0.0,0.0,inf,0.0
buddu,buddu,1,2,0,0.0,0.0,inf,0.0
budu,budu,3,5,0,0.0,0.0,inf,0.0
vintage,vintage,15,21,0,0.0,0.0,inf,0.0
budubrand,budubrand,1,3,0,0.0,0.0,inf,0.0
buggy,buggy,1,1,0,0.0,0.0,inf,0.0
bukezy,bukezy,1,1,0,0.0,0.0,inf,0.0
bukvica,bukvica,1,1,0,0.0,0.0,inf,0.0
bullet,bullet,2,12,0,0.0,0.0,inf,0.0
valentine,valentine,2,12,0,0.0,0.0,inf,0.0
bulletproof,bulletproof,1,3,0,0.0,0.0,inf,0.0
bullfinch,bullfinch,1,1,0,0.0,0.0,inf,0.0
bullwear,bullwear,1,2,0,0.0,0.0,inf,0.0
bungie,bungie,1,1,0,0.0,0.0,inf,0.0
bunker,bunker,1,1,0,0.0,0.0,inf,0.0
bunny,bunny,1,1,0,0.0,0.0,inf,0.0
buntar,buntar,2,14,0,0.0,0.0,inf,0.0
burberry,burberry,6,10,0,0.0,0.0,inf,0.0
burial,burial,1,1,0,0.0,0.0,inf,0.0
burshtyn,burshtyn,1,6,0,0.0,0.0,inf,0.0
tomorrow,tomorrow,1,1,0,0.0,0.0,inf,0.0
bury,bury,1,1,0,0.0,0.0,inf,0.0
burzum,burzum,7,19,0,0.0,0.0,inf,0.0
business,business,3,3,0,0.0,0.0,inf,0.0
printed,printed,4,5,0,0.0,0.0,inf,0.0
ukrainian,ukrainian,32,99,0,0.0,0.0,inf,0.0
support,support,5,9,0,0.0,0.0,inf,0.0
buymeb,buymeb,1,1,0,0.0,0.0,inf,0.0
bv0886,bv0886,1,4,0,0.0,0.0,inf,0.0
bybounty,bybounty,1,1,0,0.0,0.0,inf,0.0
byedemox,byedemox,1,2,0,0.0,0.0,inf,0.0
byme,byme,3,16,0,0.0,0.0,inf,0.0
cabanchi,cabanchi,2,39,0,0.0,0.0,inf,0.0
cabanchicom,cabanchicom,1,9,0,0.0,0.0,inf,0.0
cabancicom,cabancicom,1,1,0,0.0,0.0,inf,0.0
jack,jack,11,32,0,0.0,0.0,inf,0.0
cactus,cactus,4,9,0,0.0,0.0,inf,0.0
caddx,caddx,1,1,0,0.0,0.0,inf,0.0
gazer,gazer,1,1,0,0.0,0.0,inf,0.0
calabasas,calabasas,2,2,0,0.0,0.0,inf,0.0
calavera,calavera,1,2,0,0.0,0.0,inf,0.0
calisthenics,calisthenics,1,1,0,0.0,0.0,inf,0.0
duty,duty,1,2,0,0.0,0.0,inf,0.0
call,call,1,2,0,0.0,0.0,inf,0.0
callejeros,callejeros,1,1,0,0.0,0.0,inf,0.0
klein,klein,7,12,0,0.0,0.0,inf,0.0
calvin,calvin,7,12,0,0.0,0.0,inf,0.0
camiseta,camiseta,2,4,0,0.0,0.0,inf,0.0
camo,camo,2,2,0,0.0,0.0,inf,0.0
camotec,camotec,2,8,0,0.0,0.0,inf,0.0
goose,goose,1,2,0,0.0,0.0,inf,0.0
canada,canada,3,6,0,0.0,0.0,inf,0.0
candlemass,candlemass,1,2,0,0.0,0.0,inf,0.0
cannibal,cannibal,3,5,0,0.0,0.0,inf,0.0
corpse,corpse,3,5,0,0.0,0.0,inf,0.0
canvas,canvas,1,1,0,0.0,0.0,inf,0.0
cap,cap,2,8,0,0.0,0.0,inf,0.0
uni,uni,1,7,0,0.0,0.0,inf,0.0
capcan,capcan,1,24,0,0.0,0.0,inf,0.0
capital,capital,1,2,0,0.0,0.0,inf,0.0
capri,capri,1,1,0,0.0,0.0,inf,0.0
capsula,capsula,1,1,0,0.0,0.0,inf,0.0
carcass,carcass,1,2,0,0.0,0.0,inf,0.0
carda,carda,1,16,0,0.0,0.0,inf,0.0
carhartt,carhartt,14,25,0,0.0,0.0,inf,0.0
wip,wip,3,6,0,0.0,0.0,inf,0.0
chase,chase,2,2,0,0.0,0.0,inf,0.0
carmageddon,carmageddon,1,1,0,0.0,0.0,inf,0.0
carpathian,carpathian,2,2,0,0.0,0.0,inf,0.0
forest,forest,5,26,0,0.0,0.0,inf,0.0
carpenter,carpenter,2,2,0,0.0,0.0,inf,0.0
krug,krug,1,1,0,0.0,0.0,inf,0.0
cartel13,cartel13,1,2,0,0.0,0.0,inf,0.0
cas,cas,2,4,0,0.0,0.0,inf,0.0
blanca,blanca,1,1,0,0.0,0.0,inf,0.0
casa,casa,3,3,0,0.0,0.0,inf,0.0
cascade,cascade,1,2,0,0.0,0.0,inf,0.0
casher,casher,3,4,0,0.0,0.0,inf,0.0
castle,castle,1,7,0,0.0,0.0,inf,0.0
castro,castro,2,2,0,0.0,0.0,inf,0.0
trend,trend,2,26,0,0.0,0.0,inf,0.0
trends,trends,1,1,0,0.0,0.0,inf,0.0
catcult,catcult,1,5,0,0.0,0.0,inf,0.0
catholic,catholic,1,1,0,0.0,0.0,inf,0.0
empt,empt,8,17,0,0.0,0.0,inf,0.0
cav,cav,8,17,0,0.0,0.0,inf,0.0
caviar,caviar,1,1,0,0.0,0.0,inf,0.0
cbg,cbg,1,2,0,0.0,0.0,inf,0.0
cdfcnjy,cdfcnjy,1,12,0,0.0,0.0,inf,0.0
cdfcnjyt,cdfcnjyt,1,5,0,0.0,0.0,inf,0.0
cdsnijn,cdsnijn,1,2,0,0.0,0.0,inf,0.0
wood,wood,3,5,0,0.0,0.0,inf,0.0
cedar,cedar,1,1,0,0.0,0.0,inf,0.0
celebrity,celebrity,1,1,0,0.0,0.0,inf,0.0
censored,censored,1,1,0,0.0,0.0,inf,0.0
cerber,cerber,1,2,0,0.0,0.0,inf,0.0
cerberus,cerberus,1,1,0,0.0,0.0,inf,0.0
cey,cey,1,2,0,0.0,0.0,inf,0.0
cgjhnbdrb,cgjhnbdrb,1,2,0,0.0,0.0,inf,0.0
champion,champion,18,22,0,0.0,0.0,inf,0.0
bandana,bandana,1,1,0,0.0,0.0,inf,0.0
custom,custom,9,95,0,0.0,0.0,inf,0.0
kk001,kk001,1,1,0,0.0,0.0,inf,0.0
cuff,cuff,2,4,0,0.0,0.0,inf,0.0
rib,rib,1,1,0,0.0,0.0,inf,0.0
chaotic,chaotic,3,3,0,0.0,0.0,inf,0.0
system,system,6,15,0,0.0,0.0,inf,0.0
charlementine,charlementine,1,8,0,0.0,0.0,inf,0.0
charli,charli,1,1,0,0.0,0.0,inf,0.0
xcx,xcx,1,1,0,0.0,0.0,inf,0.0
chch,chch,1,1,0,0.0,0.0,inf,0.0
cheap,cheap,1,1,0,0.0,0.0,inf,0.0
chelsea,chelsea,1,2,0,0.0,0.0,inf,0.0
grin,grin,1,2,0,0.0,0.0,inf,0.0
cher,cher,2,5,0,0.0,0.0,inf,0.0
cher17,cher17,2,6,0,0.0,0.0,inf,0.0
ужгород,ужгород,2,2,0,0.0,0.0,inf,0.0
chereshnivska,chereshnivska,1,7,0,0.0,0.0,inf,0.0
cherokee,cherokee,1,1,0,0.0,0.0,inf,0.0
cherry,cherry,2,4,0,0.0,0.0,inf,0.0
cherrywood,cherrywood,1,1,0,0.0,0.0,inf,0.0
cherryworld,cherryworld,1,2,0,0.0,0.0,inf,0.0
chet,chet,1,1,0,0.0,0.0,inf,0.0
chicano,chicano,1,1,0,0.0,0.0,inf,0.0
chief,chief,2,2,0,0.0,0.0,inf,0.0
keef,keef,2,2,0,0.0,0.0,inf,0.0
chikiss,chikiss,1,4,0,0.0,0.0,inf,0.0
bodom,bodom,2,16,0,0.0,0.0,inf,0.0
children,children,2,16,0,0.0,0.0,inf,0.0
chinese,chinese,1,1,0,0.0,0.0,inf,0.0
chino,chino,1,1,0,0.0,0.0,inf,0.0
trs,trs,1,1,0,0.0,0.0,inf,0.0
chinos,chinos,3,3,0,0.0,0.0,inf,0.0
choco,choco,1,2,0,0.0,0.0,inf,0.0
reality,reality,1,1,0,0.0,0.0,inf,0.0
choose,choose,1,1,0,0.0,0.0,inf,0.0
your,your,10,14,0,0.0,0.0,inf,0.0
chop,chop,1,1,0,0.0,0.0,inf,0.0
choppers,choppers,10,20,0,0.0,0.0,inf,0.0
audigier,audigier,3,6,0,0.0,0.0,inf,0.0
christian,christian,7,16,0,0.0,0.0,inf,0.0
chrome,chrome,31,92,0,0.0,0.0,inf,0.0
heart,heart,3,5,0,0.0,0.0,inf,0.0
hearts,hearts,31,91,0,0.0,0.0,inf,0.0
dagger,dagger,1,6,0,0.0,0.0,inf,0.0
leather,leather,1,3,0,0.0,0.0,inf,0.0
chthe,chthe,1,13,0,0.0,0.0,inf,0.0
ilist,ilist,1,13,0,0.0,0.0,inf,0.0
chudova,chudova,1,1,0,0.0,0.0,inf,0.0
chura,chura,1,1,0,0.0,0.0,inf,0.0
coco,coco,1,2,0,0.0,0.0,inf,0.0
cici,cici,1,2,0,0.0,0.0,inf,0.0
sex,sex,1,1,0,0.0,0.0,inf,0.0
after,after,2,6,0,0.0,0.0,inf,0.0
cigarettes,cigarettes,1,1,0,0.0,0.0,inf,0.0
city,city,4,6,0,0.0,0.0,inf,0.0
colour,colour,1,1,0,0.0,0.0,inf,0.0
hero,hero,1,2,0,0.0,0.0,inf,0.0
morgue,morgue,1,2,0,0.0,0.0,inf,0.0
civarize,civarize,1,23,0,0.0,0.0,inf,0.0
civil,civil,1,6,0,0.0,0.0,inf,0.0
regime,regime,1,6,0,0.0,0.0,inf,0.0
clan,clan,3,12,0,0.0,0.0,inf,0.0
claq,claq,1,1,0,0.0,0.0,inf,0.0
class,class,2,18,0,0.0,0.0,inf,0.0
classwar,classwar,1,1,0,0.0,0.0,inf,0.0
claude,claude,3,4,0,0.0,0.0,inf,0.0
clay,clay,1,2,0,0.0,0.0,inf,0.0
cleanfit,cleanfit,2,5,0,0.0,0.0,inf,0.0
climbing,climbing,1,1,0,0.0,0.0,inf,0.0
tshirts,tshirts,5,5,0,0.0,0.0,inf,0.0
clique,clique,1,2,0,0.0,0.0,inf,0.0
clonnex,clonnex,1,1,0,0.0,0.0,inf,0.0
closer,closer,1,1,0,0.0,0.0,inf,0.0
god,god,25,63,0,0.0,0.0,inf,0.0
cnfa,cnfa,1,4,0,0.0,0.0,inf,0.0
cntrl,cntrl,1,3,0,0.0,0.0,inf,0.0
code,code,5,10,0,0.0,0.0,inf,0.0
codered,codered,2,8,0,0.0,0.0,inf,0.0
combine,combine,1,1,0,0.0,0.0,inf,0.0
codes,codes,1,1,0,0.0,0.0,inf,0.0
coil,coil,1,3,0,0.0,0.0,inf,0.0
coinpoker,coinpoker,1,2,0,0.0,0.0,inf,0.0
murder,murder,3,5,0,0.0,0.0,inf,0.0
blooded,blooded,1,1,0,0.0,0.0,inf,0.0
worldwide,worldwide,9,16,0,0.0,0.0,inf,0.0
thinking,thinking,1,1,0,0.0,0.0,inf,0.0
coldculture,coldculture,1,4,0,0.0,0.0,inf,0.0
warm,warm,4,4,0,0.0,0.0,inf,0.0
buxton,buxton,2,2,0,0.0,0.0,inf,0.0
cole,cole,2,2,0,0.0,0.0,inf,0.0
colin,colin,2,3,0,0.0,0.0,inf,0.0
colins,colins,2,4,0,0.0,0.0,inf,0.0
collab,collab,1,5,0,0.0,0.0,inf,0.0
collins,collins,1,1,0,0.0,0.0,inf,0.0
coltoni,coltoni,1,1,0,0.0,0.0,inf,0.0
columbia,columbia,4,4,0,0.0,0.0,inf,0.0
sportswear,sportswear,9,11,0,0.0,0.0,inf,0.0
comeback,comeback,1,1,0,0.0,0.0,inf,0.0
comfort,comfort,7,12,0,0.0,0.0,inf,0.0
colors,colors,5,5,0,0.0,0.0,inf,0.0
des,des,5,6,0,0.0,0.0,inf,0.0
comme,comme,3,4,0,0.0,0.0,inf,0.0
garcons,garcons,2,2,0,0.0,0.0,inf,0.0
ons,ons,1,2,0,0.0,0.0,inf,0.0
gar,gar,1,2,0,0.0,0.0,inf,0.0
commes,commes,1,1,0,0.0,0.0,inf,0.0
committed,committed,1,5,0,0.0,0.0,inf,0.0
comotek,comotek,1,2,0,0.0,0.0,inf,0.0
team,team,12,219,0,0.0,0.0,inf,0.0
companygroup,companygroup,1,2,0,0.0,0.0,inf,0.0
nothing,nothing,3,12,0,0.0,0.0,inf,0.0
condemned,condemned,1,1,0,0.0,0.0,inf,0.0
consdaple,consdaple,1,1,0,0.0,0.0,inf,0.0
contemporary,contemporary,1,1,0,0.0,0.0,inf,0.0
tail,tail,1,1,0,0.0,0.0,inf,0.0
roll,roll,2,2,0,0.0,0.0,inf,0.0
contour,contour,1,1,0,0.0,0.0,inf,0.0
forever,forever,1,1,0,0.0,0.0,inf,0.0
down,down,7,16,0,0.0,0.0,inf,0.0
contractor,contractor,1,1,0,0.0,0.0,inf,0.0
insanity,insanity,1,1,0,0.0,0.0,inf,0.0
controlled,controlled,1,1,0,0.0,0.0,inf,0.0
converse,converse,6,8,0,0.0,0.0,inf,0.0
cool,cool,7,27,0,0.0,0.0,inf,0.0
shirtz,shirtz,2,2,0,0.0,0.0,inf,0.0
bee,bee,1,1,0,0.0,0.0,inf,0.0
coolmax,coolmax,5,19,0,0.0,0.0,inf,0.0
coosh,coosh,1,2,0,0.0,0.0,inf,0.0
coquette,coquette,1,1,0,0.0,0.0,inf,0.0
corduroy,corduroy,3,3,0,0.0,0.0,inf,0.0
core,core,7,22,0,0.0,0.0,inf,0.0
coremetalshop,coremetalshop,1,5,0,0.0,0.0,inf,0.0
corner,corner,2,2,0,0.0,0.0,inf,0.0
тернопіль,тернопіл,6,17,0,0.0,0.0,inf,0.0
corruption,corruption,3,6,0,0.0,0.0,inf,0.0
cortez,cortez,1,1,0,0.0,0.0,inf,0.0
cos,cos,5,8,0,0.0,0.0,inf,0.0
enot,enot,1,6,0,0.0,0.0,inf,0.0
cote,cote,1,6,0,0.0,0.0,inf,0.0
neck,neck,2,2,0,0.0,0.0,inf,0.0
blessings,blessings,2,3,0,0.0,0.0,inf,0.0
counter,counter,1,1,0,0.0,0.0,inf,0.0
strike,strike,2,2,0,0.0,0.0,inf,0.0
counterparts,counterparts,1,1,0,0.0,0.0,inf,0.0
coupage,coupage,1,2,0,0.0,0.0,inf,0.0
cover,cover,2,3,0,0.0,0.0,inf,0.0
covernat,covernat,1,1,0,0.0,0.0,inf,0.0
cowboy,cowboy,2,2,0,0.0,0.0,inf,0.0
cozy,cozy,3,3,0,0.0,0.0,inf,0.0
cozzmo,cozzmo,4,14,0,0.0,0.0,inf,0.0
filth,filth,3,13,0,0.0,0.0,inf,0.0
cradle,cradle,3,13,0,0.0,0.0,inf,0.0
crafta,crafta,1,1,0,0.0,0.0,inf,0.0
create,create,1,7,0,0.0,0.0,inf,0.0
creation,creation,2,2,0,0.0,0.0,inf,0.0
drapeau,drapeau,2,2,0,0.0,0.0,inf,0.0
creative,creative,3,109,0,0.0,0.0,inf,0.0
department,department,2,3,0,0.0,0.0,inf,0.0
depo,depo,3,111,0,0.0,0.0,inf,0.0
creepy,creepy,2,4,0,0.0,0.0,inf,0.0
crest,crest,1,1,0,0.0,0.0,inf,0.0
crewneck,crewneck,1,1,0,0.0,0.0,inf,0.0
crewsupplyco,crewsupplyco,1,1,0,0.0,0.0,inf,0.0
crime,crime,1,6,0,0.0,0.0,inf,0.0
time,time,2,9,0,0.0,0.0,inf,0.0
crimea,crimea,1,2,0,0.0,0.0,inf,0.0
criminal,criminal,5,16,0,0.0,0.0,inf,0.0
damage,damage,3,10,0,0.0,0.0,inf,0.0
cringe,cringe,2,3,0,0.0,0.0,inf,0.0
castles,castles,3,4,0,0.0,0.0,inf,0.0
crooks,crooks,2,2,0,0.0,0.0,inf,0.0
crop,crop,3,4,0,0.0,0.0,inf,0.0
lavina,lavina,2,2,0,0.0,0.0,inf,0.0
mall,mall,2,2,0,0.0,0.0,inf,0.0
minimalist,minimalist,3,7,0,0.0,0.0,inf,0.0
chemical,chemical,7,10,0,0.0,0.0,inf,0.0
romance,romance,10,14,0,0.0,0.0,inf,0.0
poland,poland,2,4,0,0.0,0.0,inf,0.0
town,town,1,2,0,0.0,0.0,inf,0.0
crossfit,crossfit,2,6,0,0.0,0.0,inf,0.0
crowbar,crowbar,1,1,0,0.0,0.0,inf,0.0
crusader,crusader,1,1,0,0.0,0.0,inf,0.0
crusaders,crusaders,1,1,0,0.0,0.0,inf,0.0
crye,crye,3,9,0,0.0,0.0,inf,0.0
precision,precision,3,9,0,0.0,0.0,inf,0.0
csr,csr,1,1,0,0.0,0.0,inf,0.0
cthulhu,cthulhu,1,2,0,0.0,0.0,inf,0.0
ctrl,ctrl,5,36,0,0.0,0.0,inf,0.0
cultoni,cultoni,3,42,0,0.0,0.0,inf,0.0
cultura,cultura,1,4,0,0.0,0.0,inf,0.0
cupag,cupag,1,4,0,0.0,0.0,inf,0.0
cupage,cupage,3,174,0,0.0,0.0,inf,0.0
cursed,cursed,1,1,0,0.0,0.0,inf,0.0
curta,curta,3,4,0,0.0,0.0,inf,0.0
curtan,curtan,1,1,0,0.0,0.0,inf,0.0
printing,printing,1,1,0,0.0,0.0,inf,0.0
made,made,14,30,0,0.0,0.0,inf,0.0
customprint,customprint,1,1,0,0.0,0.0,inf,0.0
customwear,customwear,2,4,0,0.0,0.0,inf,0.0
cw5565,cw5565,1,1,0,0.0,0.0,inf,0.0
cy4865,cy4865,1,1,0,0.0,0.0,inf,0.0
cyberpunk,cyberpunk,2,5,0,0.0,0.0,inf,0.0
hill,hill,4,6,0,0.0,0.0,inf,0.0
cypress,cypress,4,6,0,0.0,0.0,inf,0.0
dad,dad,1,1,0,0.0,0.0,inf,0.0
daddy,daddy,3,5,0,0.0,0.0,inf,0.0
daevar,daevar,1,1,0,0.0,0.0,inf,0.0
daff,daff,1,1,0,0.0,0.0,inf,0.0
daily,daily,1,1,0,0.0,0.0,inf,0.0
dakhabrakha,dakhabrakha,2,5,0,0.0,0.0,inf,0.0
damascus,damascus,2,3,0,0.0,0.0,inf,0.0
damir,damir,1,1,0,0.0,0.0,inf,0.0
doma,doma,1,1,0,0.0,0.0,inf,0.0
damirli,damirli,1,3,0,0.0,0.0,inf,0.0
dandy,dandy,1,2,0,0.0,0.0,inf,0.0
dangerlyoha,dangerlyoha,1,1,0,0.0,0.0,inf,0.0
collection,collection,6,15,0,0.0,0.0,inf,0.0
dap,dap,1,4,0,0.0,0.0,inf,0.0
dapper,dapper,1,1,0,0.0,0.0,inf,0.0
darc,darc,2,4,0,0.0,0.0,inf,0.0
athletics,athletics,2,3,0,0.0,0.0,inf,0.0
dare,dare,1,1,0,0.0,0.0,inf,0.0
darico,darico,1,1,0,0.0,0.0,inf,0.0
darius,darius,1,1,0,0.0,0.0,inf,0.0
academia,academia,1,1,0,0.0,0.0,inf,0.0
fantasy,fantasy,2,9,0,0.0,0.0,inf,0.0
funeral,funeral,3,5,0,0.0,0.0,inf,0.0
057bandana,057bandana,1,3,0,0.0,0.0,inf,0.0
tranquillity,tranquillity,2,3,0,0.0,0.0,inf,0.0
dungeon,dungeon,3,10,0,0.0,0.0,inf,0.0
darkest,darkest,1,8,0,0.0,0.0,inf,0.0
darknode,darknode,2,10,0,0.0,0.0,inf,0.0
darkside,darkside,2,9,0,0.0,0.0,inf,0.0
darksport,darksport,1,1,0,0.0,0.0,inf,0.0
darkthrone,darkthrone,6,20,0,0.0,0.0,inf,0.0
darkwear,darkwear,1,4,0,0.0,0.0,inf,0.0
darkwood,darkwood,1,8,0,0.0,0.0,inf,0.0
datch,datch,1,1,0,0.0,0.0,inf,0.0
supply,supply,4,13,0,0.0,0.0,inf,0.0
davril,davril,1,3,0,0.0,0.0,inf,0.0
sleeve,sleeve,10,14,0,0.0,0.0,inf,0.0
shoes,shoes,9,13,0,0.0,0.0,inf,0.0
long,long,12,16,0,0.0,0.0,inf,0.0
cdj,cdj,1,8,0,0.0,0.0,inf,0.0
dcs,dcs,1,8,0,0.0,0.0,inf,0.0
dynasty,dynasty,10,261,0,0.0,0.0,inf,0.0
inside,inside,6,9,0,0.0,0.0,inf,0.0
serious,serious,1,1,0,0.0,0.0,inf,0.0
threads,threads,1,4,0,0.0,0.0,inf,0.0
deadish,deadish,1,1,0,0.0,0.0,inf,0.0
doll,doll,1,1,0,0.0,0.0,inf,0.0
deadly,deadly,1,1,0,0.0,0.0,inf,0.0
deadmau5,deadmau5,1,1,0,0.0,0.0,inf,0.0
deadsesh,deadsesh,1,2,0,0.0,0.0,inf,0.0
death,death,31,103,0,0.0,0.0,inf,0.0
grips,grips,2,2,0,0.0,0.0,inf,0.0
june,june,4,20,0,0.0,0.0,inf,0.0
rider,rider,2,2,0,0.0,0.0,inf,0.0
row,row,3,4,0,0.0,0.0,inf,0.0
records,records,3,6,0,0.0,0.0,inf,0.0
saves,saves,3,9,0,0.0,0.0,inf,0.0
stranding,stranding,2,6,0,0.0,0.0,inf,0.0
world,world,9,15,0,0.0,0.0,inf,0.0
deathclutch,deathclutch,1,1,0,0.0,0.0,inf,0.0
deathcore,deathcore,1,1,0,0.0,0.0,inf,0.0
decalious,decalious,1,4,0,0.0,0.0,inf,0.0
decalius,decalius,1,1,0,0.0,0.0,inf,0.0
decathlon,decathlon,3,7,0,0.0,0.0,inf,0.0
domyos,domyos,4,13,0,0.0,0.0,inf,0.0
dedicated,dedicated,1,1,0,0.0,0.0,inf,0.0
deep,deep,7,10,0,0.0,0.0,inf,0.0
deepstate,deepstate,1,5,0,0.0,0.0,inf,0.0
defacto,defacto,4,4,0,0.0,0.0,inf,0.0
defend,defend,9,17,0,0.0,0.0,inf,0.0
deftones,deftones,3,7,0,0.0,0.0,inf,0.0
deha,deha,1,1,0,0.0,0.0,inf,0.0
deitas,deitas,1,1,0,0.0,0.0,inf,0.0
delove,delove,1,3,0,0.0,0.0,inf,0.0
delusional,delusional,1,6,0,0.0,0.0,inf,0.0
parasitosis,parasitosis,1,6,0,0.0,0.0,inf,0.0
demilich,demilich,1,4,0,0.0,0.0,inf,0.0
movi,movi,1,1,0,0.0,0.0,inf,0.0
demix,demix,3,3,0,0.0,0.0,inf,0.0
demode,demode,1,1,0,0.0,0.0,inf,0.0
ranch,ranch,1,3,0,0.0,0.0,inf,0.0
demolition,demolition,1,3,0,0.0,0.0,inf,0.0
demonic,demonic,1,1,0,0.0,0.0,inf,0.0
denenburg,denenburg,1,1,0,0.0,0.0,inf,0.0
denim,denim,2,4,0,0.0,0.0,inf,0.0
tears,tears,1,3,0,0.0,0.0,inf,0.0
deorart,deorart,1,3,0,0.0,0.0,inf,0.0
dephect,dephect,2,10,0,0.0,0.0,inf,0.0
derschutze,derschutze,1,3,0,0.0,0.0,inf,0.0
desert,desert,2,16,0,0.0,0.0,inf,0.0
raiders,raiders,3,4,0,0.0,0.0,inf,0.0
humans,humans,1,3,0,0.0,0.0,inf,0.0
designer,designer,2,2,0,0.0,0.0,inf,0.0
despised,despised,1,1,0,0.0,0.0,inf,0.0
icon,icon,3,3,0,0.0,0.0,inf,0.0
lonely,lonely,2,7,0,0.0,0.0,inf,0.0
destroy,destroy,1,1,0,0.0,0.0,inf,0.0
dethklok,dethklok,2,2,0,0.0,0.0,inf,0.0
detox,detox,1,1,0,0.0,0.0,inf,0.0
vult,vult,3,27,0,0.0,0.0,inf,0.0
deus,deus,4,28,0,0.0,0.0,inf,0.0
devgru,devgru,1,2,0,0.0,0.0,inf,0.0
heritage,heritage,1,2,0,0.0,0.0,inf,0.0
devil,devil,8,43,0,0.0,0.0,inf,0.0
cry,cry,3,5,0,0.0,0.0,inf,0.0
may,may,2,4,0,0.0,0.0,inf,0.0
nut,nut,1,2,0,0.0,0.0,inf,0.0
advocate,advocate,1,2,0,0.0,0.0,inf,0.0
devildriver,devildriver,1,2,0,0.0,0.0,inf,0.0
devilish,devilish,2,12,0,0.0,0.0,inf,0.0
wikipedia,wikipedia,1,4,0,0.0,0.0,inf,0.0
trio,trio,2,12,0,0.0,0.0,inf,0.0
face,face,20,49,0,0.0,0.0,inf,0.0
devilz,devilz,1,3,0,0.0,0.0,inf,0.0
devourment,devourment,1,1,0,0.0,0.0,inf,0.0
original,original,7,30,0,0.0,0.0,inf,0.0
dharma,dharma,1,1,0,0.0,0.0,inf,0.0
diadia,diadia,1,15,0,0.0,0.0,inf,0.0
dias,dias,1,1,0,0.0,0.0,inf,0.0
dich,dich,1,1,0,0.0,0.0,inf,0.0
dickies,dickies,18,31,0,0.0,0.0,inf,0.0
874,874,4,4,0,0.0,0.0,inf,0.0
873,873,1,1,0,0.0,0.0,inf,0.0
work,work,2,2,0,0.0,0.0,inf,0.0
bend,bend,1,1,0,0.0,0.0,inf,0.0
didpanas,didpanas,1,1,0,0.0,0.0,inf,0.0
diego,diego,1,1,0,0.0,0.0,inf,0.0
diesel,diesel,12,24,0,0.0,0.0,inf,0.0
diil,diil,1,1,0,0.0,0.0,inf,0.0
dime,dime,3,4,0,0.0,0.0,inf,0.0
borgir,borgir,2,2,0,0.0,0.0,inf,0.0
dimmu,dimmu,2,2,0,0.0,0.0,inf,0.0
dinosaur,dinosaur,1,3,0,0.0,0.0,inf,0.0
dint,dint,1,2,0,0.0,0.0,inf,0.0
robert,robert,3,6,0,0.0,0.0,inf,0.0
weide,weide,3,6,0,0.0,0.0,inf,0.0
directed,directed,3,6,0,0.0,0.0,inf,0.0
dirty,dirty,2,6,0,0.0,0.0,inf,0.0
disaster,disaster,1,2,0,0.0,0.0,inf,0.0
discipline,discipline,2,4,0,0.0,0.0,inf,0.0
disculpe,disculpe,1,1,0,0.0,0.0,inf,0.0
dishonored,dishonored,1,2,0,0.0,0.0,inf,0.0
disney,disney,1,1,0,0.0,0.0,inf,0.0
dispersia,dispersia,2,6,0,0.0,0.0,inf,0.0
disrupt,disrupt,1,1,0,0.0,0.0,inf,0.0
dissection,dissection,1,4,0,0.0,0.0,inf,0.0
distorted,distorted,1,1,0,0.0,0.0,inf,0.0
distressed,distressed,2,3,0,0.0,0.0,inf,0.0
district,district,2,4,0,0.0,0.0,inf,0.0
disturbed,disturbed,2,5,0,0.0,0.0,inf,0.0
disturbia,disturbia,4,7,0,0.0,0.0,inf,0.0
diverse,diverse,1,2,0,0.0,0.0,inf,0.0
divided,divided,1,1,0,0.0,0.0,inf,0.0
thor,thor,22,131,0,0.0,0.0,inf,0.0
dkaoutfit,dkaoutfit,1,1,0,0.0,0.0,inf,0.0
dna,dna,3,11,0,0.0,0.0,inf,0.0
dnb,dnb,1,1,0,0.0,0.0,inf,0.0
dnbs,dnbs,1,1,0,0.0,0.0,inf,0.0
dnd,dnd,1,1,0,0.0,0.0,inf,0.0
dnk,dnk,1,1,0,0.0,0.0,inf,0.0
dnmx,dnmx,1,1,0,0.0,0.0,inf,0.0
doberman,doberman,2,7,0,0.0,0.0,inf,0.0
dobermans,dobermans,9,96,0,0.0,0.0,inf,0.0
dobroshmot,dobroshmot,1,6,0,0.0,0.0,inf,0.0
dobrovolets,dobrovolets,1,19,0,0.0,0.0,inf,0.0
dobroznak,dobroznak,1,1,0,0.0,0.0,inf,0.0
dodo,dodo,2,11,0,0.0,0.0,inf,0.0
socks,socks,1,9,0,0.0,0.0,inf,0.0
dodosocks,dodosocks,1,1,0,0.0,0.0,inf,0.0
dognose,dognose,1,2,0,0.0,0.0,inf,0.0
steve,steve,1,2,0,0.0,0.0,inf,0.0
dolce,dolce,4,6,0,0.0,0.0,inf,0.0
gabbana,gabbana,4,6,0,0.0,0.0,inf,0.0
mcqueen,mcqueen,1,2,0,0.0,0.0,inf,0.0
domermarket,domermarket,1,3,0,0.0,0.0,inf,0.0
domrebel,domrebel,1,2,0,0.0,0.0,inf,0.0
don,don,5,7,0,0.0,0.0,inf,0.0
smoke,smoke,3,4,0,0.0,0.0,inf,0.0
donbas,donbas,1,2,0,0.0,0.0,inf,0.0
donbasonia,donbasonia,3,50,0,0.0,0.0,inf,0.0
tread,tread,1,1,0,0.0,0.0,inf,0.0
dont,dont,2,2,0,0.0,0.0,inf,0.0
donttakefake,donttakefake,1,1,0,0.0,0.0,inf,0.0
doomsday,doomsday,1,1,0,0.0,0.0,inf,0.0
doomsdayco,doomsdayco,1,1,0,0.0,0.0,inf,0.0
doomshop,doomshop,3,8,0,0.0,0.0,inf,0.0
doomy,doomy,4,8,0,0.0,0.0,inf,0.0
moi,moi,1,2,0,0.0,0.0,inf,0.0
moyi,moyi,2,2,0,0.0,0.0,inf,0.0
doordie,doordie,1,1,0,0.0,0.0,inf,0.0
dopehouse,dopehouse,1,2,0,0.0,0.0,inf,0.0
doppelsoldner,doppelsoldner,1,1,0,0.0,0.0,inf,0.0
doran,doran,1,1,0,0.0,0.0,inf,0.0
dorohedoro,dorohedoro,2,13,0,0.0,0.0,inf,0.0
dota,dota,3,11,0,0.0,0.0,inf,0.0
dove,dove,1,3,0,0.0,0.0,inf,0.0
grenade,grenade,1,3,0,0.0,0.0,inf,0.0
dq7881,dq7881,1,1,0,0.0,0.0,inf,0.0
dramatic,dramatic,1,2,0,0.0,0.0,inf,0.0
mort,mort,3,63,0,0.0,0.0,inf,0.0
dravos,dravos,1,2,0,0.0,0.0,inf,0.0
dready,dready,1,1,0,0.0,0.0,inf,0.0
dreamer,dreamer,1,1,0,0.0,0.0,inf,0.0
dreamers,dreamers,1,1,0,0.0,0.0,inf,0.0
goblin,goblin,1,5,0,0.0,0.0,inf,0.0
dreamy,dreamy,1,5,0,0.0,0.0,inf,0.0
dresden,dresden,1,1,0,0.0,0.0,inf,0.0
dress,dress,2,3,0,0.0,0.0,inf,0.0
drew,drew,1,1,0,0.0,0.0,inf,0.0
drip,drip,2,3,0,0.0,0.0,inf,0.0
drkn,drkn,1,1,0,0.0,0.0,inf,0.0
drone,drone,3,5,0,0.0,0.0,inf,0.0
pilot,pilot,1,1,0,0.0,0.0,inf,0.0
dropdead,dropdead,5,60,0,0.0,0.0,inf,0.0
dropshop,dropshop,3,3,0,0.0,0.0,inf,0.0
dropsize,dropsize,2,2,0,0.0,0.0,inf,0.0
drudkh,drudkh,2,6,0,0.0,0.0,inf,0.0
dsg,dsg,1,1,0,0.0,0.0,inf,0.0
classic,classic,1,1,0,0.0,0.0,inf,0.0
dsquared2,dsquared2,1,1,0,0.0,0.0,inf,0.0
dstrct,dstrct,2,2,0,0.0,0.0,inf,0.0
du0367,du0367,1,1,0,0.0,0.0,inf,0.0
buk,buk,1,6,0,0.0,0.0,inf,0.0
dub,dub,2,8,0,0.0,0.0,inf,0.0
dubhuman,dubhuman,1,1,0,0.0,0.0,inf,0.0
dubstep,dubstep,2,5,0,0.0,0.0,inf,0.0
duck,duck,2,12,0,0.0,0.0,inf,0.0
duda,duda,1,1,0,0.0,0.0,inf,0.0
duga,duga,2,2,0,0.0,0.0,inf,0.0
dunderdon,dunderdon,1,1,0,0.0,0.0,inf,0.0
synth,synth,2,2,0,0.0,0.0,inf,0.0
dragons,dragons,2,2,0,0.0,0.0,inf,0.0
dungeons,dungeons,1,1,0,0.0,0.0,inf,0.0
durnev,durnev,1,99,0,0.0,0.0,inf,0.0
durnevshop,durnevshop,1,29,0,0.0,0.0,inf,0.0
durnew,durnew,1,2,0,0.0,0.0,inf,0.0
dx1364,dx1364,1,1,0,0.0,0.0,inf,0.0
dxpe,dxpe,1,4,0,0.0,0.0,inf,0.0
chef,chef,1,4,0,0.0,0.0,inf,0.0
dxxmlife,dxxmlife,1,1,0,0.0,0.0,inf,0.0
fetus,fetus,1,1,0,0.0,0.0,inf,0.0
dying,dying,1,1,0,0.0,0.0,inf,0.0
dystopia,dystopia,1,3,0,0.0,0.0,inf,0.0
dz5605,dz5605,1,2,0,0.0,0.0,inf,0.0
gear,gear,10,63,0,0.0,0.0,inf,0.0
east,east,2,2,0,0.0,0.0,inf,0.0
peak,peak,2,2,0,0.0,0.0,inf,0.0
ebanat,ebanat,3,8,0,0.0,0.0,inf,0.0
ebash,ebash,2,2,0,0.0,0.0,inf,0.0
ebashim,ebashim,1,1,0,0.0,0.0,inf,0.0
ecco,ecco,1,1,0,0.0,0.0,inf,0.0
unltd,unltd,6,13,0,0.0,0.0,inf,0.0
sweatshirt,sweatshirt,8,17,0,0.0,0.0,inf,0.0
edelweiss,edelweiss,4,13,0,0.0,0.0,inf,0.0
edison,edison,1,6,0,0.0,0.0,inf,0.0
vsemaykishop,vsemaykishop,2,15,0,0.0,0.0,inf,0.0
edisonfamily,edisonfamily,2,15,0,0.0,0.0,inf,0.0
ego,ego,1,1,0,0.0,0.0,inf,0.0
egorini,egorini,1,4,0,0.0,0.0,inf,0.0
ehsf,ehsf,1,1,0,0.0,0.0,inf,0.0
ropa,ropa,2,5,0,0.0,0.0,inf,0.0
elade,elade,1,1,0,0.0,0.0,inf,0.0
electric,electric,2,3,0,0.0,0.0,inf,0.0
wizard,wizard,4,8,0,0.0,0.0,inf,0.0
eleventy,eleventy,1,1,0,0.0,0.0,inf,0.0
aura,aura,1,1,0,0.0,0.0,inf,0.0
elite,elite,1,1,0,0.0,0.0,inf,0.0
ellesse,ellesse,3,8,0,0.0,0.0,inf,0.0
eluveitie,eluveitie,1,1,0,0.0,0.0,inf,0.0
elysian,elysian,1,1,0,0.0,0.0,inf,0.0
elysianclo,elysianclo,1,2,0,0.0,0.0,inf,0.0
embroidered,embroidered,2,6,0,0.0,0.0,inf,0.0
eme,eme,1,1,0,0.0,0.0,inf,0.0
emmure,emmure,1,1,0,0.0,0.0,inf,0.0
emp,emp,1,1,0,0.0,0.0,inf,0.0
emperor,emperor,2,2,0,0.0,0.0,inf,0.0
endi,endi,1,1,0,0.0,0.0,inf,0.0
endless,endless,1,1,0,0.0,0.0,inf,0.0
endy,endy,1,2,0,0.0,0.0,inf,0.0
koch,koch,1,2,0,0.0,0.0,inf,0.0
enemies,enemies,2,3,0,0.0,0.0,inf,0.0
lovers,lovers,5,10,0,0.0,0.0,inf,0.0
enfants,enfants,3,4,0,0.0,0.0,inf,0.0
riches,riches,3,4,0,0.0,0.0,inf,0.0
deprimes,deprimes,3,4,0,0.0,0.0,inf,0.0
english,english,1,1,0,0.0,0.0,inf,0.0
shikari,shikari,2,4,0,0.0,0.0,inf,0.0
enter,enter,2,4,0,0.0,0.0,inf,0.0
entire,entire,2,3,0,0.0,0.0,inf,0.0
eod,eod,1,2,0,0.0,0.0,inf,0.0
erd,erd,9,22,0,0.0,0.0,inf,0.0
erik,erik,1,3,0,0.0,0.0,inf,0.0
sons,sons,6,43,0,0.0,0.0,inf,0.0
erl,erl,1,1,0,0.0,0.0,inf,0.0
escape,escape,1,1,0,0.0,0.0,inf,0.0
from,from,10,36,0,0.0,0.0,inf,0.0
tarkov,tarkov,1,1,0,0.0,0.0,inf,0.0
esense,esense,1,1,0,0.0,0.0,inf,0.0
eshoutsider,eshoutsider,1,1,0,0.0,0.0,inf,0.0
esoteric,esoteric,1,3,0,0.0,0.0,inf,0.0
fear,fear,15,38,0,0.0,0.0,inf,0.0
fog,fog,11,124,0,0.0,0.0,inf,0.0
estandarte,estandarte,1,20,0,0.0,0.0,inf,0.0
estandartes,estandartes,1,34,0,0.0,0.0,inf,0.0
esteem,esteem,1,1,0,0.0,0.0,inf,0.0
eternal,eternal,2,2,0,0.0,0.0,inf,0.0
ethik,ethik,1,1,0,0.0,0.0,inf,0.0
etilk,etilk,1,1,0,0.0,0.0,inf,0.0
vera,vera,1,1,0,0.0,0.0,inf,0.0
etna,etna,1,1,0,0.0,0.0,inf,0.0
vela,vela,1,1,0,0.0,0.0,inf,0.0
etnodim,etnodim,2,5,0,0.0,0.0,inf,0.0
evanescence,evanescence,1,1,0,0.0,0.0,inf,0.0
evangelion,evangelion,2,4,0,0.0,0.0,inf,0.0
evelex,evelex,1,1,0,0.0,0.0,inf,0.0
oth,oth,1,2,0,0.0,0.0,inf,0.0
everpress,everpress,1,1,0,0.0,0.0,inf,0.0
everybody,everybody,1,1,0,0.0,0.0,inf,0.0
lies,lies,1,1,0,0.0,0.0,inf,0.0
collective,collective,7,17,0,0.0,0.0,inf,0.0
evil,evil,4,6,0,0.0,0.0,inf,0.0
ewokyiv,ewokyiv,1,2,0,0.0,0.0,inf,0.0
exaltouch,exaltouch,1,4,0,0.0,0.0,inf,0.0
exexe,exexe,1,2,0,0.0,0.0,inf,0.0
exodus,exodus,1,2,0,0.0,0.0,inf,0.0
exploited,exploited,2,2,0,0.0,0.0,inf,0.0
eyehategod,eyehategod,1,1,0,0.0,0.0,inf,0.0
eyes,eyes,1,1,0,0.0,0.0,inf,0.0
ofman,ofman,2,2,0,0.0,0.0,inf,0.0
fabregas,fabregas,4,6,0,0.0,0.0,inf,0.0
fabric,fabric,2,3,0,0.0,0.0,inf,0.0
universe,universe,2,5,0,0.0,0.0,inf,0.0
fabrico,fabrico,1,1,0,0.0,0.0,inf,0.0
faceit,faceit,3,3,0,0.0,0.0,inf,0.0
level,level,2,2,0,0.0,0.0,inf,0.0
pullover,pullover,2,3,0,0.0,0.0,inf,0.0
faded,faded,1,1,0,0.0,0.0,inf,0.0
fadepants,fadepants,1,1,0,0.0,0.0,inf,0.0
fahrenheit,fahrenheit,3,11,0,0.0,0.0,inf,0.0
fainy,fainy,1,1,0,0.0,0.0,inf,0.0
falen,falen,1,1,0,0.0,0.0,inf,0.0
efrafa,efrafa,1,7,0,0.0,0.0,inf,0.0
fall,fall,1,7,0,0.0,0.0,inf,0.0
fallen,fallen,7,37,0,0.0,0.0,inf,0.0
falling,falling,5,8,0,0.0,0.0,inf,0.0
reverse,reverse,6,9,0,0.0,0.0,inf,0.0
vegas,vegas,1,1,0,0.0,0.0,inf,0.0
fallout,fallout,3,4,0,0.0,0.0,inf,0.0
fallujah,fallujah,1,2,0,0.0,0.0,inf,0.0
fami,fami,1,1,0,0.0,0.0,inf,0.0
famo,famo,2,11,0,0.0,0.0,inf,0.0
stars,stars,2,2,0,0.0,0.0,inf,0.0
straps,straps,2,2,0,0.0,0.0,inf,0.0
famous,famous,3,3,0,0.0,0.0,inf,0.0
fanattik,fanattik,1,13,0,0.0,0.0,inf,0.0
fand,fand,1,1,0,0.0,0.0,inf,0.0
fandfclothing,fandfclothing,1,1,0,0.0,0.0,inf,0.0
fanme,fanme,3,6,0,0.0,0.0,inf,0.0
fantom,fantom,2,2,0,0.0,0.0,inf,0.0
farengate,farengate,1,1,0,0.0,0.0,inf,0.0
farfieworldwide,farfieworldwide,1,4,0,0.0,0.0,inf,0.0
farfire,farfire,1,3,0,0.0,0.0,inf,0.0
farfy,farfy,1,2,0,0.0,0.0,inf,0.0
insider,insider,1,1,0,0.0,0.0,inf,0.0
fashionista,fashionista,1,1,0,0.0,0.0,inf,0.0
fat,fat,1,3,0,0.0,0.0,inf,0.0
fatline,fatline,1,4,0,0.0,0.0,inf,0.0
favela,favela,2,3,0,0.0,0.0,inf,0.0
favorite,favorite,6,20,0,0.0,0.0,inf,0.0
child,child,1,1,0,0.0,0.0,inf,0.0
lady,lady,1,3,0,0.0,0.0,inf,0.0
fayna,fayna,1,3,0,0.0,0.0,inf,0.0
faynalady,faynalady,1,1,0,0.0,0.0,inf,0.0
sister,sister,4,15,0,0.0,0.0,inf,0.0
fbrk,fbrk,1,1,0,0.0,0.0,inf,0.0
fck,fck,1,1,0,0.0,0.0,inf,0.0
ptn,ptn,1,1,0,0.0,0.0,inf,0.0
fcuk,fcuk,2,7,0,0.0,0.0,inf,0.0
fdsfwsz,fdsfwsz,2,2,0,0.0,0.0,inf,0.0
ufkbxbyb,ufkbxbyb,1,1,0,0.0,0.0,inf,0.0
factory,factory,2,3,0,0.0,0.0,inf,0.0
coral,coral,1,1,0,0.0,0.0,inf,0.0
desires,desires,1,1,0,0.0,0.0,inf,0.0
feeling,feeling,1,1,0,0.0,0.0,inf,0.0
grave,grave,1,2,0,0.0,0.0,inf,0.0
scheletro,scheletro,1,2,0,0.0,0.0,inf,0.0
till,till,1,2,0,0.0,0.0,inf,0.0
rave,rave,4,7,0,0.0,0.0,inf,0.0
felpa,felpa,1,2,0,0.0,0.0,inf,0.0
femistoties,femistoties,1,1,0,0.0,0.0,inf,0.0
femka,femka,1,1,0,0.0,0.0,inf,0.0
femme,femme,1,1,0,0.0,0.0,inf,0.0
fatale,fatale,1,1,0,0.0,0.0,inf,0.0
femmes,femmes,1,1,0,0.0,0.0,inf,0.0
fen,fen,2,10,0,0.0,0.0,inf,0.0
fendi,fendi,1,1,0,0.0,0.0,inf,0.0
fenomen,fenomen,1,1,0,0.0,0.0,inf,0.0
fetti,fetti,1,1,0,0.0,0.0,inf,0.0
ffdp,ffdp,2,3,0,0.0,0.0,inf,0.0
fight,fight,10,21,0,0.0,0.0,inf,0.0
filson,filson,1,1,0,0.0,0.0,inf,0.0
finch,finch,2,6,0,0.0,0.0,inf,0.0
firepoint,firepoint,2,4,0,0.0,0.0,inf,0.0
blood,blood,4,4,0,0.0,0.0,inf,0.0
fishbone,fishbone,2,2,0,0.0,0.0,inf,0.0
fittiloo,fittiloo,1,2,0,0.0,0.0,inf,0.0
fitzona,fitzona,1,1,0,0.0,0.0,inf,0.0
five,five,3,18,0,0.0,0.0,inf,0.0
finger,finger,3,18,0,0.0,0.0,inf,0.0
punch,punch,5,33,0,0.0,0.0,inf,0.0
fj0338,fj0338,1,1,0,0.0,0.0,inf,0.0
fjallraven,fjallraven,1,1,0,0.0,0.0,inf,0.0
flaar,flaar,1,1,0,0.0,0.0,inf,0.0
nning,nning,1,1,0,0.0,0.0,inf,0.0
eyelets,eyelets,1,3,0,0.0,0.0,inf,0.0
master,master,6,18,0,0.0,0.0,inf,0.0
model,model,1,1,0,0.0,0.0,inf,0.0
pole,pole,1,1,0,0.0,0.0,inf,0.0
bracket,bracket,1,1,0,0.0,0.0,inf,0.0
flagberry,flagberry,1,2,0,0.0,0.0,inf,0.0
flagi,flagi,1,9,0,0.0,0.0,inf,0.0
flagmaster,flagmaster,2,67,0,0.0,0.0,inf,0.0
flagservice,flagservice,1,2,0,0.0,0.0,inf,0.0
nima,nima,2,2,0,0.0,0.0,inf,0.0
flagshtok,flagshtok,1,1,0,0.0,0.0,inf,0.0
flagstore,flagstore,2,23,0,0.0,0.0,inf,0.0
flagsystem,flagsystem,2,16,0,0.0,0.0,inf,0.0
flame,flame,8,72,0,0.0,0.0,inf,0.0
desire,desire,3,52,0,0.0,0.0,inf,0.0
flameofdesire,flameofdesire,1,3,0,0.0,0.0,inf,0.0
flamingo,flamingo,1,1,0,0.0,0.0,inf,0.0
flared,flared,11,18,0,0.0,0.0,inf,0.0
flarescence,flarescence,2,32,0,0.0,0.0,inf,0.0
floral,floral,1,2,0,0.0,0.0,inf,0.0
fmk,fmk,2,5,0,0.0,0.0,inf,0.0
fn3730,fn3730,2,2,0,0.0,0.0,inf,0.0
folkmart,folkmart,1,1,0,0.0,0.0,inf,0.0
fomo,fomo,4,11,0,0.0,0.0,inf,0.0
fonk,fonk,1,28,0,0.0,0.0,inf,0.0
foot,foot,1,1,0,0.0,0.0,inf,0.0
football,football,1,1,0,0.0,0.0,inf,0.0
shorts,shorts,1,1,0,0.0,0.0,inf,0.0
friends,friends,4,6,0,0.0,0.0,inf,0.0
force,force,3,5,0,0.0,0.0,inf,0.0
forcewear,forcewear,1,1,0,0.0,0.0,inf,0.0
forealsket,forealsket,1,1,0,0.0,0.0,inf,0.0
forge,forge,1,1,0,0.0,0.0,inf,0.0
faces,faces,2,6,0,0.0,0.0,inf,0.0
forgotten,forgotten,2,6,0,0.0,0.0,inf,0.0
tomb,tomb,2,2,0,0.0,0.0,inf,0.0
forly,forly,1,1,0,0.0,0.0,inf,0.0
forteresse,forteresse,1,3,0,0.0,0.0,inf,0.0
adiuvat,adiuvat,1,1,0,0.0,0.0,inf,0.0
fortes,fortes,1,1,0,0.0,0.0,inf,0.0
fortuna,fortuna,1,1,0,0.0,0.0,inf,0.0
forward,forward,17,62,0,0.0,0.0,inf,0.0
observation,observation,2,11,0,0.0,0.0,inf,0.0
observations,observations,10,42,0,0.0,0.0,inf,0.0
fourfour,fourfour,1,1,0,0.0,0.0,inf,0.0
fox,fox,13,19,0,0.0,0.0,inf,0.0
foxmoto,foxmoto,1,1,0,0.0,0.0,inf,0.0
foya,foya,2,10,0,0.0,0.0,inf,0.0
дюймов,дюйм,1,1,0,0.0,0.0,inf,0.0
жизнь,жизн,1,1,0,0.0,0.0,inf,0.0
бортам,борт,1,1,0,0.0,0.0,inf,0.0
fpvua,fpvua,1,1,0,0.0,0.0,inf,0.0
fq4332,fq4332,1,4,0,0.0,0.0,inf,0.0
fr2,fr2,1,2,0,0.0,0.0,inf,0.0
boutik,boutik,1,2,0,0.0,0.0,inf,0.0
freak,freak,2,3,0,0.0,0.0,inf,0.0
freakdays,freakdays,1,1,0,0.0,0.0,inf,0.0
perry,perry,5,12,0,0.0,0.0,inf,0.0
fred,fred,5,12,0,0.0,0.0,inf,0.0
azovstal,azovstal,8,35,0,0.0,0.0,inf,0.0
defenders,defenders,6,27,0,0.0,0.0,inf,0.0
freedom,freedom,7,14,0,0.0,0.0,inf,0.0
freeki,freeki,1,1,0,0.0,0.0,inf,0.0
terry,terry,4,4,0,0.0,0.0,inf,0.0
french,french,3,3,0,0.0,0.0,inf,0.0
fresh,fresh,2,3,0,0.0,0.0,inf,0.0
friendly,friendly,2,6,0,0.0,0.0,inf,0.0
frog,frog,1,1,0,0.0,0.0,inf,0.0
frolov,frolov,1,7,0,0.0,0.0,inf,0.0
krbk,krbk,6,80,0,0.0,0.0,inf,0.0
with,with,13,18,0,0.0,0.0,inf,0.0
nlaw,nlaw,1,2,0,0.0,0.0,inf,0.0
fromus,fromus,2,6,0,0.0,0.0,inf,0.0
assembly,assembly,1,2,0,0.0,0.0,inf,0.0
frontier,frontier,2,12,0,0.0,0.0,inf,0.0
fruit,fruit,5,6,0,0.0,0.0,inf,0.0
loom,loom,5,6,0,0.0,0.0,inf,0.0
fsbn,fsbn,5,14,0,0.0,0.0,inf,0.0
fsociety,fsociety,3,5,0,0.0,0.0,inf,0.0
ftp,ftp,7,11,0,0.0,0.0,inf,0.0
fucking,fucking,3,14,0,0.0,0.0,inf,0.0
awesome,awesome,5,19,0,0.0,0.0,inf,0.0
fuckthepopulation,fuckthepopulation,1,1,0,0.0,0.0,inf,0.0
fugati,fugati,1,1,0,0.0,0.0,inf,0.0
fulci,fulci,1,1,0,0.0,0.0,inf,0.0
full,full,2,2,0,0.0,0.0,inf,0.0
service,service,2,2,0,0.0,0.0,inf,0.0
pink,pink,9,22,0,0.0,0.0,inf,0.0
funk,funk,1,1,0,0.0,0.0,inf,0.0
funky,funky,1,7,0,0.0,0.0,inf,0.0
funny,funny,2,10,0,0.0,0.0,inf,0.0
furfur,furfur,1,2,0,0.0,0.0,inf,0.0
furia,furia,1,2,0,0.0,0.0,inf,0.0
futbolka,futbolka,2,3,0,0.0,0.0,inf,0.0
futbolki,futbolki,1,1,0,0.0,0.0,inf,0.0
futuristic,futuristic,1,1,0,0.0,0.0,inf,0.0
visions,visions,1,1,0,0.0,0.0,inf,0.0
fyze,fyze,1,1,0,0.0,0.0,inf,0.0
fzm,fzm,3,60,0,0.0,0.0,inf,0.0
meleg,meleg,2,2,0,0.0,0.0,inf,0.0
egyenes,egyenes,1,1,0,0.0,0.0,inf,0.0
nadr,nadr,2,2,0,0.0,0.0,inf,0.0
rfi,rfi,1,1,0,0.0,0.0,inf,0.0
jhk,jhk,2,7,0,0.0,0.0,inf,0.0
raw,raw,3,3,0,0.0,0.0,inf,0.0
g59,g59,6,15,0,0.0,0.0,inf,0.0
uicideboy,uicideboy,3,5,0,0.0,0.0,inf,0.0
g59records,g59records,1,1,0,0.0,0.0,inf,0.0
gabber,gabber,1,1,0,0.0,0.0,inf,0.0
gadyuka,gadyuka,1,2,0,0.0,0.0,inf,0.0
gagi,gagi,1,1,0,0.0,0.0,inf,0.0
galartsy,galartsy,1,1,0,0.0,0.0,inf,0.0
game,game,1,1,0,0.0,0.0,inf,0.0
over,over,1,1,0,0.0,0.0,inf,0.0
gangshop,gangshop,1,2,0,0.0,0.0,inf,0.0
gank,gank,4,31,0,0.0,0.0,inf,0.0
gap,gap,28,55,0,0.0,0.0,inf,0.0
голубем,голуб,8,10,0,0.0,0.0,inf,0.0
garage,garage,10,15,0,0.0,0.0,inf,0.0
garda,garda,14,135,0,0.0,0.0,inf,0.0
відгуки,відгук,11,17,0,0.0,0.0,inf,0.0
garette,garette,1,1,0,0.0,0.0,inf,0.0
garmoniya,garmoniya,1,1,0,0.0,0.0,inf,0.0
garne,garne,2,4,0,0.0,0.0,inf,0.0
garno,garno,2,3,0,0.0,0.0,inf,0.0
garrt,garrt,1,2,0,0.0,0.0,inf,0.0
gasanova,gasanova,2,4,0,0.0,0.0,inf,0.0
gasp,gasp,2,2,0,0.0,0.0,inf,0.0
gattoi,gattoi,1,2,0,0.0,0.0,inf,0.0
gazette,gazette,1,3,0,0.0,0.0,inf,0.0
gbc,gbc,2,6,0,0.0,0.0,inf,0.0
lab,lab,4,44,0,0.0,0.0,inf,0.0
geekstuff,geekstuff,1,1,0,0.0,0.0,inf,0.0
geekweek,geekweek,1,2,0,0.0,0.0,inf,0.0
gen,gen,1,1,0,0.0,0.0,inf,0.0
gencrew4,gencrew4,1,1,0,0.0,0.0,inf,0.0
genderless,genderless,1,1,0,0.0,0.0,inf,0.0
generation,generation,1,1,0,0.0,0.0,inf,0.0
gentleman,gentleman,1,1,0,0.0,0.0,inf,0.0
seoul,seoul,1,1,0,0.0,0.0,inf,0.0
gepur,gepur,2,3,0,0.0,0.0,inf,0.0
german,german,2,17,0,0.0,0.0,inf,0.0
germanapparel,germanapparel,1,1,0,0.0,0.0,inf,0.0
ghost,ghost,12,18,0,0.0,0.0,inf,0.0
tsushima,tsushima,1,1,0,0.0,0.0,inf,0.0
ghosted,ghosted,1,12,0,0.0,0.0,inf,0.0
ups,ups,1,12,0,0.0,0.0,inf,0.0
ghostemane,ghostemane,7,36,0,0.0,0.0,inf,0.0
gift,gift,3,5,0,0.0,0.0,inf,0.0
gig,gig,3,10,0,0.0,0.0,inf,0.0
gigils,gigils,1,3,0,0.0,0.0,inf,0.0
gigmilitary,gigmilitary,1,1,0,0.0,0.0,inf,0.0
gigwear,gigwear,1,1,0,0.0,0.0,inf,0.0
giip,giip,2,4,0,0.0,0.0,inf,0.0
gildan,gildan,10,32,0,0.0,0.0,inf,0.0
heavy,heavy,9,65,0,0.0,0.0,inf,0.0
softstyle,softstyle,1,2,0,0.0,0.0,inf,0.0
givenchy,givenchy,4,5,0,0.0,0.0,inf,0.0
underworld,underworld,3,5,0,0.0,0.0,inf,0.0
gjlvjcn,gjlvjcn,1,1,0,0.0,0.0,inf,0.0
gladiator,gladiator,2,2,0,0.0,0.0,inf,0.0
glo,glo,4,6,0,0.0,0.0,inf,0.0
bear,bear,33,112,0,0.0,0.0,inf,0.0
gloomy,gloomy,1,1,0,0.0,0.0,inf,0.0
glow,glow,1,6,0,0.0,0.0,inf,0.0
gnizdo,gnizdo,1,1,0,0.0,0.0,inf,0.0
gnz,gnz,3,6,0,0.0,0.0,inf,0.0
woman,woman,1,1,0,0.0,0.0,inf,0.0
goa,goa,2,2,0,0.0,0.0,inf,0.0
answers,answers,1,1,0,0.0,0.0,inf,0.0
prayers,prayers,1,1,0,0.0,0.0,inf,0.0
bless,bless,1,1,0,0.0,0.0,inf,0.0
astronaut,astronaut,3,8,0,0.0,0.0,inf,0.0
gone,gone,3,5,0,0.0,0.0,inf,0.0
war,war,9,13,0,0.0,0.0,inf,0.0
gods,gods,3,6,0,0.0,0.0,inf,0.0
godsmack,godsmack,1,1,0,0.0,0.0,inf,0.0
gojira,gojira,1,1,0,0.0,0.0,inf,0.0
pravda,pravda,1,1,0,0.0,0.0,inf,0.0
gola,gola,1,1,0,0.0,0.0,inf,0.0
goldi,goldi,10,32,0,0.0,0.0,inf,0.0
goldie,goldie,1,2,0,0.0,0.0,inf,0.0
goldli,goldli,1,1,0,0.0,0.0,inf,0.0
goldwin,goldwin,1,1,0,0.0,0.0,inf,0.0
golf,golf,2,2,0,0.0,0.0,inf,0.0
fludd,fludd,1,1,0,0.0,0.0,inf,0.0
gonor,gonor,2,32,0,0.0,0.0,inf,0.0
gonorovi,gonorovi,1,1,0,0.0,0.0,inf,0.0
dnipro,dnipro,2,4,0,0.0,0.0,inf,0.0
plt,plt,1,2,0,0.0,0.0,inf,0.0
краматорск,краматорск,5,37,0,0.0,0.0,inf,0.0
суми,сум,8,111,0,0.0,0.0,inf,0.0
івано,іван,6,22,0,0.0,0.0,inf,0.0
франківськ,франківськ,6,22,0,0.0,0.0,inf,0.0
goodboysclub,goodboysclub,2,52,0,0.0,0.0,inf,0.0
goodfornothing,goodfornothing,1,2,0,0.0,0.0,inf,0.0
gooska,gooska,2,3,0,0.0,0.0,inf,0.0
gorchitsa,gorchitsa,1,1,0,0.0,0.0,inf,0.0
gordon,gordon,1,4,0,0.0,0.0,inf,0.0
gorgany,gorgany,2,6,0,0.0,0.0,inf,0.0
gorgoroth,gorgoroth,2,3,0,0.0,0.0,inf,0.0
gorillaz,gorillaz,2,2,0,0.0,0.0,inf,0.0
gorpcore,gorpcore,2,2,0,0.0,0.0,inf,0.0
gost,gost,1,3,0,0.0,0.0,inf,0.0
goth,goth,5,11,0,0.0,0.0,inf,0.0
cross,cross,4,7,0,0.0,0.0,inf,0.0
gothemshop,gothemshop,1,1,0,0.0,0.0,inf,0.0
botanical,botanical,1,4,0,0.0,0.0,inf,0.0
gothic,gothic,11,47,0,0.0,0.0,inf,0.0
gou,gou,1,3,0,0.0,0.0,inf,0.0
goverla,goverla,1,10,0,0.0,0.0,inf,0.0
graffity,graffity,1,1,0,0.0,0.0,inf,0.0
grailed,grailed,1,3,0,0.0,0.0,inf,0.0
grailz,grailz,8,15,0,0.0,0.0,inf,0.0
gramicci,gramicci,3,4,0,0.0,0.0,inf,0.0
gallery,gallery,2,7,0,0.0,0.0,inf,0.0
granola,granola,1,1,0,0.0,0.0,inf,0.0
gray,gray,1,1,0,0.0,0.0,inf,0.0
greasy,greasy,3,14,0,0.0,0.0,inf,0.0
grechka,grechka,2,3,0,0.0,0.0,inf,0.0
green,green,3,6,0,0.0,0.0,inf,0.0
grenzgaenger,grenzgaenger,3,12,0,0.0,0.0,inf,0.0
grey,grey,4,6,0,0.0,0.0,inf,0.0
greyfivenine,greyfivenine,1,2,0,0.0,0.0,inf,0.0
gridress,gridress,1,1,0,0.0,0.0,inf,0.0
reaper,reaper,6,9,0,0.0,0.0,inf,0.0
grim,grim,1,1,0,0.0,0.0,inf,0.0
grimey,grimey,1,2,0,0.0,0.0,inf,0.0
grinfactor,grinfactor,1,9,0,0.0,0.0,inf,0.0
therapy,therapy,2,5,0,0.0,0.0,inf,0.0
groupsm,groupsm,1,2,0,0.0,0.0,inf,0.0
gruf,gruf,1,4,0,0.0,0.0,inf,0.0
grunge,grunge,4,6,0,0.0,0.0,inf,0.0
grunt,grunt,2,26,0,0.0,0.0,inf,0.0
active,active,2,3,0,0.0,0.0,inf,0.0
guards,guards,1,4,0,0.0,0.0,inf,0.0
gud,gud,1,2,0,0.0,0.0,inf,0.0
gudu,gudu,2,3,0,0.0,0.0,inf,0.0
guess,guess,2,2,0,0.0,0.0,inf,0.0
guide,guide,1,1,0,0.0,0.0,inf,0.0
gunia,gunia,2,12,0,0.0,0.0,inf,0.0
gur,gur,1,4,0,0.0,0.0,inf,0.0
gurd,gurd,1,4,0,0.0,0.0,inf,0.0
gut,gut,1,1,0,0.0,0.0,inf,0.0
gver,gver,1,4,0,0.0,0.0,inf,0.0
gwear,gwear,3,160,0,0.0,0.0,inf,0.0
lviv,lviv,6,15,0,0.0,0.0,inf,0.0
gwer,gwer,1,10,0,0.0,0.0,inf,0.0
gybe,gybe,1,1,0,0.0,0.0,inf,0.0
gymbeam,gymbeam,1,5,0,0.0,0.0,inf,0.0
pumper,pumper,1,1,0,0.0,0.0,inf,0.0
rest,rest,2,2,0,0.0,0.0,inf,0.0
nirvana,nirvana,8,16,0,0.0,0.0,inf,0.0
regular,regular,8,17,0,0.0,0.0,inf,0.0
тигром,тигр,6,34,0,0.0,0.0,inf,0.0
hacer,hacer,1,5,0,0.0,0.0,inf,0.0
hail,hail,1,1,0,0.0,0.0,inf,0.0
libertas,libertas,1,1,0,0.0,0.0,inf,0.0
hajime,hajime,3,3,0,0.0,0.0,inf,0.0
price,price,1,8,0,0.0,0.0,inf,0.0
half,half,2,9,0,0.0,0.0,inf,0.0
haliky,haliky,2,4,0,0.0,0.0,inf,0.0
halloween,halloween,2,4,0,0.0,0.0,inf,0.0
halva,halva,1,1,0,0.0,0.0,inf,0.0
hameleon,hameleon,1,1,0,0.0,0.0,inf,0.0
han,han,3,3,0,0.0,0.0,inf,0.0
kjobenhavn,kjobenhavn,3,3,0,0.0,0.0,inf,0.0
handmade,handmade,1,3,0,0.0,0.0,inf,0.0
handy,handy,1,1,0,0.0,0.0,inf,0.0
handywear,handywear,2,2,0,0.0,0.0,inf,0.0
hang,hang,1,1,0,0.0,0.0,inf,0.0
ten,ten,2,2,0,0.0,0.0,inf,0.0
hangover,hangover,1,1,0,0.0,0.0,inf,0.0
hanuman,hanuman,1,2,0,0.0,0.0,inf,0.0
holly,holly,1,1,0,0.0,0.0,inf,0.0
happy,happy,1,1,0,0.0,0.0,inf,0.0
harajuku,harajuku,1,7,0,0.0,0.0,inf,0.0
kiev,kiev,3,6,0,0.0,0.0,inf,0.0
revo,revo,1,1,0,0.0,0.0,inf,0.0
cafe,cafe,2,4,0,0.0,0.0,inf,0.0
hardbass,hardbass,1,1,0,0.0,0.0,inf,0.0
hardcore,hardcore,11,32,0,0.0,0.0,inf,0.0
punk,punk,5,7,0,0.0,0.0,inf,0.0
hardkyiv,hardkyiv,1,14,0,0.0,0.0,inf,0.0
hardsoda,hardsoda,1,1,0,0.0,0.0,inf,0.0
hardstyle,hardstyle,1,1,0,0.0,0.0,inf,0.0
hardtimes,hardtimes,1,1,0,0.0,0.0,inf,0.0
hardwell,hardwell,1,1,0,0.0,0.0,inf,0.0
harley,harley,10,17,0,0.0,0.0,inf,0.0
davidson,davidson,9,16,0,0.0,0.0,inf,0.0
hart,hart,1,2,0,0.0,0.0,inf,0.0
harvest,harvest,3,16,0,0.0,0.0,inf,0.0
hashira,hashira,1,1,0,0.0,0.0,inf,0.0
hasic,hasic,1,1,0,0.0,0.0,inf,0.0
hasl,hasl,1,11,0,0.0,0.0,inf,0.0
hasta,hasta,1,13,0,0.0,0.0,inf,0.0
muerte,muerte,6,39,0,0.0,0.0,inf,0.0
foids,foids,1,3,0,0.0,0.0,inf,0.0
hatebreed,hatebreed,3,4,0,0.0,0.0,inf,0.0
hatecult,hatecult,1,11,0,0.0,0.0,inf,0.0
hateshop,hateshop,1,1,0,0.0,0.0,inf,0.0
hatred,hatred,1,1,0,0.0,0.0,inf,0.0
haunted,haunted,7,19,0,0.0,0.0,inf,0.0
family,family,3,12,0,0.0,0.0,inf,0.0
mound,mound,4,7,0,0.0,0.0,inf,0.0
hauntedstarbucks,hauntedstarbucks,1,1,0,0.0,0.0,inf,0.0
haus,haus,1,2,0,0.0,0.0,inf,0.0
haute,haute,1,3,0,0.0,0.0,inf,0.0
gotika,gotika,1,3,0,0.0,0.0,inf,0.0
shot,shot,4,48,0,0.0,0.0,inf,0.0
havi,havi,1,4,0,0.0,0.0,inf,0.0
fqg,fqg,1,1,0,0.0,0.0,inf,0.0
hbrb,hbrb,1,1,0,0.0,0.0,inf,0.0
hdsh,hdsh,4,28,0,0.0,0.0,inf,0.0
hdsportwear,hdsportwear,1,1,0,0.0,0.0,inf,0.0
рівне,рівне,11,32,0,0.0,0.0,inf,0.0
headbagrv,headbagrv,1,2,0,0.0,0.0,inf,0.0
headshot,headshot,1,1,0,0.0,0.0,inf,0.0
heartbreaker,heartbreaker,1,1,0,0.0,0.0,inf,0.0
heartless,heartless,1,1,0,0.0,0.0,inf,0.0
heatbag,heatbag,1,1,0,0.0,0.0,inf,0.0
heaven,heaven,2,7,0,0.0,0.0,inf,0.0
mental,mental,2,9,0,0.0,0.0,inf,0.0
жвавий,жвав,2,6,0,0.0,0.0,inf,0.0
caseoh,caseoh,1,2,0,0.0,0.0,inf,0.0
hector,hector,4,11,0,0.0,0.0,inf,0.0
hediraiser,hediraiser,1,1,0,0.0,0.0,inf,0.0
hedonist,hedonist,6,19,0,0.0,0.0,inf,0.0
hektor,hektor,1,2,0,0.0,0.0,inf,0.0
topcool,topcool,1,1,0,0.0,0.0,inf,0.0
energy,energy,2,3,0,0.0,0.0,inf,0.0
hellbells,hellbells,1,1,0,0.0,0.0,inf,0.0
hellboy,hellboy,2,3,0,0.0,0.0,inf,0.0
hellfighters,hellfighters,1,1,0,0.0,0.0,inf,0.0
hellraisers,hellraisers,1,1,0,0.0,0.0,inf,0.0
bells,bells,1,9,0,0.0,0.0,inf,0.0
hells,hells,2,10,0,0.0,0.0,inf,0.0
gate,gate,1,1,0,0.0,0.0,inf,0.0
hellshop,hellshop,1,2,0,0.0,0.0,inf,0.0
hellsing,hellsing,1,1,0,0.0,0.0,inf,0.0
hellstar,hellstar,4,7,0,0.0,0.0,inf,0.0
hemp,hemp,2,3,0,0.0,0.0,inf,0.0
hempful,hempful,1,1,0,0.0,0.0,inf,0.0
hercshirt,hercshirt,1,1,0,0.0,0.0,inf,0.0
hermanos,hermanos,1,1,0,0.0,0.0,inf,0.0
koumori,koumori,1,1,0,0.0,0.0,inf,0.0
heroism,heroism,1,5,0,0.0,0.0,inf,0.0
preston,preston,1,1,0,0.0,0.0,inf,0.0
heron,heron,2,3,0,0.0,0.0,inf,0.0
hey,hey,1,1,0,0.0,0.0,inf,0.0
heybecca,heybecca,1,3,0,0.0,0.0,inf,0.0
heyyasisters,heyyasisters,1,1,0,0.0,0.0,inf,0.0
hhwear,hhwear,1,1,0,0.0,0.0,inf,0.0
hibrand,hibrand,1,6,0,0.0,0.0,inf,0.0
hideo,hideo,1,1,0,0.0,0.0,inf,0.0
kojima,kojima,1,1,0,0.0,0.0,inf,0.0
high,high,4,8,0,0.0,0.0,inf,0.0
dive,dive,1,5,0,0.0,0.0,inf,0.0
ankle,ankle,1,1,0,0.0,0.0,inf,0.0
sleektech,sleektech,1,1,0,0.0,0.0,inf,0.0
waisted,waisted,2,2,0,0.0,0.0,inf,0.0
hiich,hiich,1,2,0,0.0,0.0,inf,0.0
him,him,4,13,0,0.0,0.0,inf,0.0
himars,himars,3,10,0,0.0,0.0,inf,0.0
hircost,hircost,1,1,0,0.0,0.0,inf,0.0
hobi,hobi,1,4,0,0.0,0.0,inf,0.0
hobo,hobo,3,18,0,0.0,0.0,inf,0.0
hoboclub,hoboclub,1,1,0,0.0,0.0,inf,0.0
hobojack,hobojack,1,1,0,0.0,0.0,inf,0.0
hochu,hochu,1,2,0,0.0,0.0,inf,0.0
hochusobitake,hochusobitake,1,1,0,0.0,0.0,inf,0.0
hodie,hodie,1,1,0,0.0,0.0,inf,0.0
hoffmann,hoffmann,2,2,0,0.0,0.0,inf,0.0
equipment,equipment,2,2,0,0.0,0.0,inf,0.0
hog,hog,1,1,0,0.0,0.0,inf,0.0
holacoste,holacoste,1,1,0,0.0,0.0,inf,0.0
holli,holli,1,8,0,0.0,0.0,inf,0.0
feel,feel,1,1,0,0.0,0.0,inf,0.0
undead,undead,2,3,0,0.0,0.0,inf,0.0
holymali,holymali,1,1,0,0.0,0.0,inf,0.0
home,home,6,19,0,0.0,0.0,inf,0.0
history,history,1,4,0,0.0,0.0,inf,0.0
homesick,homesick,1,2,0,0.0,0.0,inf,0.0
homey,homey,1,2,0,0.0,0.0,inf,0.0
homme,homme,1,1,0,0.0,0.0,inf,0.0
miyake,miyake,1,1,0,0.0,0.0,inf,0.0
issey,issey,1,1,0,0.0,0.0,inf,0.0
pliss,pliss,1,1,0,0.0,0.0,inf,0.0
honey,honey,2,2,0,0.0,0.0,inf,0.0
honorovy,honorovy,1,22,0,0.0,0.0,inf,0.0
hood,hood,3,8,0,0.0,0.0,inf,0.0
air,air,4,6,0,0.0,0.0,inf,0.0
hoodbyair,hoodbyair,1,1,0,0.0,0.0,inf,0.0
2pac,2pac,3,5,0,0.0,0.0,inf,0.0
double,double,2,2,0,0.0,0.0,inf,0.0
zipper,zipper,5,6,0,0.0,0.0,inf,0.0
europe,europe,1,3,0,0.0,0.0,inf,0.0
riding,riding,1,1,0,0.0,0.0,inf,0.0
tall,tall,4,4,0,0.0,0.0,inf,0.0
genetikk,genetikk,1,2,0,0.0,0.0,inf,0.0
hipster,hipster,1,2,0,0.0,0.0,inf,0.0
jolly,jolly,1,1,0,0.0,0.0,inf,0.0
roger,roger,1,1,0,0.0,0.0,inf,0.0
pleasure,pleasure,1,2,0,0.0,0.0,inf,0.0
problems,problems,3,4,0,0.0,0.0,inf,0.0
represent,represent,13,37,0,0.0,0.0,inf,0.0
scorpio,scorpio,1,1,0,0.0,0.0,inf,0.0
sequin,sequin,1,1,0,0.0,0.0,inf,0.0
sk8,sk8,17,37,0,0.0,0.0,inf,0.0
stories,stories,3,10,0,0.0,0.0,inf,0.0
tarot,tarot,10,50,0,0.0,0.0,inf,0.0
hoodrich,hoodrich,1,8,0,0.0,0.0,inf,0.0
hooey,hooey,1,1,0,0.0,0.0,inf,0.0
hooligans,hooligans,2,3,0,0.0,0.0,inf,0.0
hooly,hooly,1,1,0,0.0,0.0,inf,0.0
hoonigan,hoonigan,1,1,0,0.0,0.0,inf,0.0
hooters,hooters,1,1,0,0.0,0.0,inf,0.0
heroes,heroes,2,39,0,0.0,0.0,inf,0.0
horn,horn,1,38,0,0.0,0.0,inf,0.0
hornheroes,hornheroes,1,5,0,0.0,0.0,inf,0.0
horror,horror,3,5,0,0.0,0.0,inf,0.0
hotdevil,hotdevil,2,5,0,0.0,0.0,inf,0.0
hotline,hotline,1,1,0,0.0,0.0,inf,0.0
miami,miami,2,2,0,0.0,0.0,inf,0.0
hotmamas,hotmamas,1,1,0,0.0,0.0,inf,0.0
hous,hous,1,1,0,0.0,0.0,inf,0.0
graphics,graphics,3,3,0,0.0,0.0,inf,0.0
pain,pain,2,6,0,0.0,0.0,inf,0.0
хмельницький,хмельницьк,7,19,0,0.0,0.0,inf,0.0
housebrand,housebrand,1,5,0,0.0,0.0,inf,0.0
howar,howar,1,3,0,0.0,0.0,inf,0.0
howarstudio,howarstudio,1,21,0,0.0,0.0,inf,0.0
howitzer,howitzer,1,3,0,0.0,0.0,inf,0.0
hozier,hozier,1,1,0,0.0,0.0,inf,0.0
hq4422,hq4422,1,2,0,0.0,0.0,inf,0.0
hq8135,hq8135,1,1,0,0.0,0.0,inf,0.0
hret,hret,3,14,0,0.0,0.0,inf,0.0
hrushenka,hrushenka,1,1,0,0.0,0.0,inf,0.0
http,http,1,2,0,0.0,0.0,inf,0.0
https,https,2,22,0,0.0,0.0,inf,0.0
htukfy,htukfy,1,1,0,0.0,0.0,inf,0.0
hudi,hudi,1,1,0,0.0,0.0,inf,0.0
huel,huel,2,4,0,0.0,0.0,inf,0.0
huf,huf,5,6,0,0.0,0.0,inf,0.0
usa,usa,4,12,0,0.0,0.0,inf,0.0
huge,huge,1,1,0,0.0,0.0,inf,0.0
hugo,hugo,3,5,0,0.0,0.0,inf,0.0
hujak,hujak,1,1,0,0.0,0.0,inf,0.0
production,production,1,1,0,0.0,0.0,inf,0.0
hum,hum,1,1,0,0.0,0.0,inf,0.0
human,human,2,2,0,0.0,0.0,inf,0.0
humanist,humanist,1,1,0,0.0,0.0,inf,0.0
humanity,humanity,1,1,0,0.0,0.0,inf,0.0
breath,breath,1,1,0,0.0,0.0,inf,0.0
last,last,1,1,0,0.0,0.0,inf,0.0
hunt,hunt,1,1,0,0.0,0.0,inf,0.0
showdown,showdown,1,1,0,0.0,0.0,inf,0.0
hunter,hunter,4,7,0,0.0,0.0,inf,0.0
hupnari,hupnari,1,1,0,0.0,0.0,inf,0.0
hurley,hurley,1,1,0,0.0,0.0,inf,0.0
hurts,hurts,1,1,0,0.0,0.0,inf,0.0
husl,husl,2,21,0,0.0,0.0,inf,0.0
husle,husle,1,2,0,0.0,0.0,inf,0.0
husll,husll,9,223,0,0.0,0.0,inf,0.0
hussl,hussl,1,31,0,0.0,0.0,inf,0.0
hussle,hussle,1,14,0,0.0,0.0,inf,0.0
hut,hut,1,1,0,0.0,0.0,inf,0.0
hydi,hydi,1,1,0,0.0,0.0,inf,0.0
hygge,hygge,2,39,0,0.0,0.0,inf,0.0
stile,stile,1,1,0,0.0,0.0,inf,0.0
hypelabs,hypelabs,1,1,0,0.0,0.0,inf,0.0
hyper,hyper,1,1,0,0.0,0.0,inf,0.0
hyperboloid,hyperboloid,1,1,0,0.0,0.0,inf,0.0
hypezone,hypezone,1,1,0,0.0,0.0,inf,0.0
hyraw,hyraw,2,4,0,0.0,0.0,inf,0.0
hysta,hysta,1,1,0,0.0,0.0,inf,0.0
hysteric,hysteric,7,13,0,0.0,0.0,inf,0.0
glamour,glamour,7,13,0,0.0,0.0,inf,0.0
girlfriend,girlfriend,1,2,0,0.0,0.0,inf,0.0
fine,fine,3,3,0,0.0,0.0,inf,0.0
kneel,kneel,1,1,0,0.0,0.0,inf,0.0
only,only,6,32,0,0.0,0.0,inf,0.0
see,see,2,10,0,0.0,0.0,inf,0.0
ghosts,ghosts,1,5,0,0.0,0.0,inf,0.0
shalt,shalt,1,2,0,0.0,0.0,inf,0.0
become,become,1,2,0,0.0,0.0,inf,0.0
iamrebel,iamrebel,1,10,0,0.0,0.0,inf,0.0
iamriotdivision,iamriotdivision,1,5,0,0.0,0.0,inf,0.0
iaskravo,iaskravo,1,2,0,0.0,0.0,inf,0.0
ib7238,ib7238,2,2,0,0.0,0.0,inf,0.0
068,068,1,1,0,0.0,0.0,inf,0.0
ibis,ibis,1,1,0,0.0,0.0,inf,0.0
ice,ice,4,5,0,0.0,0.0,inf,0.0
nine,nine,18,71,0,0.0,0.0,inf,0.0
kills,kills,1,1,0,0.0,0.0,inf,0.0
iceman,iceman,4,6,0,0.0,0.0,inf,0.0
куртка,куртк,17,52,0,0.0,0.0,inf,0.0
icono,icono,4,5,0,0.0,0.0,inf,0.0
couture,couture,8,73,0,0.0,0.0,inf,0.0
ida,ida,1,1,0,0.0,0.0,inf,0.0
frans,frans,2,2,0,0.0,0.0,inf,0.0
iets,iets,2,2,0,0.0,0.0,inf,0.0
was,was,1,1,0,0.0,0.0,inf,0.0
six,six,18,139,0,0.0,0.0,inf,0.0
if0488,if0488,1,3,0,0.0,0.0,inf,0.0
if0721,if0721,1,1,0,0.0,0.0,inf,0.0
ifsixwasnine,ifsixwasnine,1,1,0,0.0,0.0,inf,0.0
ignea,ignea,1,1,0,0.0,0.0,inf,0.0
ii1306,ii1306,1,1,0,0.0,0.0,inf,0.0
ij7055,ij7055,1,2,0,0.0,0.0,inf,0.0
ikigai,ikigai,1,4,0,0.0,0.0,inf,0.0
illuminati,illuminati,1,1,0,0.0,0.0,inf,0.0
im1337,im1337,1,2,0,0.0,0.0,inf,0.0
impact,impact,3,10,0,0.0,0.0,inf,0.0
imperial,imperial,1,3,0,0.0,0.0,inf,0.0
impericon,impericon,1,3,0,0.0,0.0,inf,0.0
extremo,extremo,1,1,0,0.0,0.0,inf,0.0
flames,flames,3,5,0,0.0,0.0,inf,0.0
truck,truck,1,1,0,0.0,0.0,inf,0.0
independent,independent,5,14,0,0.0,0.0,inf,0.0
indian,indian,1,1,0,0.0,0.0,inf,0.0
indiana,indiana,1,3,0,0.0,0.0,inf,0.0
jones,jones,4,6,0,0.0,0.0,inf,0.0
indiwd,indiwd,1,2,0,0.0,0.0,inf,0.0
indoorclo,indoorclo,1,9,0,0.0,0.0,inf,0.0
indra,indra,2,46,0,0.0,0.0,inf,0.0
inette,inette,1,1,0,0.0,0.0,inf,0.0
annihilator,annihilator,4,11,0,0.0,0.0,inf,0.0
infant,infant,4,11,0,0.0,0.0,inf,0.0
infasem,infasem,1,1,0,0.0,0.0,inf,0.0
infyb,infyb,1,1,0,0.0,0.0,inf,0.0
injir,injir,1,1,0,0.0,0.0,inf,0.0
out,out,9,12,0,0.0,0.0,inf,0.0
insideu,insideu,1,1,0,0.0,0.0,inf,0.0
instagram,instagram,3,3,0,0.0,0.0,inf,0.0
intelegentoff,intelegentoff,2,5,0,0.0,0.0,inf,0.0
ltd,ltd,2,2,0,0.0,0.0,inf,0.0
intertex,intertex,1,1,0,0.0,0.0,inf,0.0
intertop,intertop,1,4,0,0.0,0.0,inf,0.0
into,into,1,2,0,0.0,0.0,inf,0.0
intruder,intruder,1,3,0,0.0,0.0,inf,0.0
ion,ion,2,20,0,0.0,0.0,inf,0.0
iron,iron,10,23,0,0.0,0.0,inf,0.0
fist,fist,5,15,0,0.0,0.0,inf,0.0
maiden,maiden,4,6,0,0.0,0.0,inf,0.0
panda,panda,1,2,0,0.0,0.0,inf,0.0
irony,irony,1,1,0,0.0,0.0,inf,0.0
ishalife,ishalife,1,2,0,0.0,0.0,inf,0.0
islandia,islandia,1,2,0,0.0,0.0,inf,0.0
isld,isld,2,12,0,0.0,0.0,inf,0.0
issaya,issaya,1,1,0,0.0,0.0,inf,0.0
issl,issl,1,5,0,0.0,0.0,inf,0.0
iuter,iuter,1,1,0,0.0,0.0,inf,0.0
ivnva,ivnva,1,5,0,0.0,0.0,inf,0.0
ivor,ivor,1,1,0,0.0,0.0,inf,0.0
ix1252,ix1252,1,2,0,0.0,0.0,inf,0.0
iy2245,iy2245,1,1,0,0.0,0.0,inf,0.0
izzi,izzi,1,1,0,0.0,0.0,inf,0.0
izzy,izzy,2,3,0,0.0,0.0,inf,0.0
cook,cook,2,8,0,0.0,0.0,inf,0.0
jaceyjace,jaceyjace,1,7,0,0.0,0.0,inf,0.0
daniels,daniels,1,1,0,0.0,0.0,inf,0.0
jackass,jackass,1,3,0,0.0,0.0,inf,0.0
jaded,jaded,7,10,0,0.0,0.0,inf,0.0
monster,monster,5,8,0,0.0,0.0,inf,0.0
jaizowear,jaizowear,1,1,0,0.0,0.0,inf,0.0
janko,janko,1,1,0,0.0,0.0,inf,0.0
japan,japan,6,22,0,0.0,0.0,inf,0.0
japanese,japanese,1,4,0,0.0,0.0,inf,0.0
jaxet,jaxet,1,1,0,0.0,0.0,inf,0.0
jcook,jcook,1,1,0,0.0,0.0,inf,0.0
je3977,je3977,1,2,0,0.0,0.0,inf,0.0
jellyfish,jellyfish,1,7,0,0.0,0.0,inf,0.0
swarm,swarm,1,1,0,0.0,0.0,inf,0.0
jericho,jericho,1,1,0,0.0,0.0,inf,0.0
jersey,jersey,2,2,0,0.0,0.0,inf,0.0
jester,jester,1,1,0,0.0,0.0,inf,0.0
jesus,jesus,5,18,0,0.0,0.0,inf,0.0
jitsu,jitsu,3,7,0,0.0,0.0,inf,0.0
jew,jew,1,1,0,0.0,0.0,inf,0.0
jhoods,jhoods,1,3,0,0.0,0.0,inf,0.0
jimothy,jimothy,1,1,0,0.0,0.0,inf,0.0
jinsovik,jinsovik,2,3,0,0.0,0.0,inf,0.0
jiu,jiu,2,6,0,0.0,0.0,inf,0.0
jjxx,jjxx,1,1,0,0.0,0.0,inf,0.0
jnco,jnco,2,7,0,0.0,0.0,inf,0.0
joah,joah,1,2,0,0.0,0.0,inf,0.0
extra,extra,1,4,0,0.0,0.0,inf,0.0
large,large,1,4,0,0.0,0.0,inf,0.0
blaze,blaze,1,1,0,0.0,0.0,inf,0.0
jojo,jojo,1,1,0,0.0,0.0,inf,0.0
jolybell,jolybell,2,27,0,0.0,0.0,inf,0.0
joma,joma,1,1,0,0.0,0.0,inf,0.0
joodie,joodie,1,2,0,0.0,0.0,inf,0.0
jordan,jordan,16,25,0,0.0,0.0,inf,0.0
travis,travis,3,4,0,0.0,0.0,inf,0.0
scott,scott,6,7,0,0.0,0.0,inf,0.0
ovs,ovs,1,1,0,0.0,0.0,inf,0.0
gfx,gfx,1,1,0,0.0,0.0,inf,0.0
brk,brk,1,1,0,0.0,0.0,inf,0.0
jotter,jotter,1,9,0,0.0,0.0,inf,0.0
judas,judas,1,1,0,0.0,0.0,inf,0.0
priest,priest,1,1,0,0.0,0.0,inf,0.0
judo,judo,2,2,0,0.0,0.0,inf,0.0
juggernaut,juggernaut,1,2,0,0.0,0.0,inf,0.0
jujimufu,jujimufu,1,1,0,0.0,0.0,inf,0.0
jul,jul,2,4,0,0.0,0.0,inf,0.0
junji,junji,1,2,0,0.0,0.0,inf,0.0
ito,ito,1,2,0,0.0,0.0,inf,0.0
k1x,k1x,1,1,0,0.0,0.0,inf,0.0
k9company,k9company,1,3,0,0.0,0.0,inf,0.0
kabanchi,kabanchi,1,4,0,0.0,0.0,inf,0.0
kaft,kaft,1,1,0,0.0,0.0,inf,0.0
kaia,kaia,1,1,0,0.0,0.0,inf,0.0
kakakula,kakakula,1,7,0,0.0,0.0,inf,0.0
kakazzy,kakazzy,1,1,0,0.0,0.0,inf,0.0
jugend,jugend,1,1,0,0.0,0.0,inf,0.0
kali,kali,3,7,0,0.0,0.0,inf,0.0
kamuflazh,kamuflazh,1,1,0,0.0,0.0,inf,0.0
kanonenfieber,kanonenfieber,2,2,0,0.0,0.0,inf,0.0
kanzler,kanzler,1,1,0,0.0,0.0,inf,0.0
kaotiko,kaotiko,1,1,0,0.0,0.0,inf,0.0
kapkan,kapkan,4,44,0,0.0,0.0,inf,0.0
native,native,1,5,0,0.0,0.0,inf,0.0
kappa,kappa,9,14,0,0.0,0.0,inf,0.0
kapsula,kapsula,1,3,0,0.0,0.0,inf,0.0
kaptsova,kaptsova,1,3,0,0.0,0.0,inf,0.0
karakurt,karakurt,1,15,0,0.0,0.0,inf,0.0
kari,kari,1,1,0,0.0,0.0,inf,0.0
kariant,kariant,1,3,0,0.0,0.0,inf,0.0
karl,karl,6,9,0,0.0,0.0,inf,0.0
kani,kani,3,6,0,0.0,0.0,inf,0.0
noire,noire,5,25,0,0.0,0.0,inf,0.0
karma,karma,4,27,0,0.0,0.0,inf,0.0
karmanoire,karmanoire,1,3,0,0.0,0.0,inf,0.0
karna,karna,1,5,0,0.0,0.0,inf,0.0
kashalot,kashalot,2,3,0,0.0,0.0,inf,0.0
kasta,kasta,1,10,0,0.0,0.0,inf,0.0
katelab,katelab,2,9,0,0.0,0.0,inf,0.0
katja,katja,2,20,0,0.0,0.0,inf,0.0
katrin,katrin,1,1,0,0.0,0.0,inf,0.0
katseye,katseye,1,2,0,0.0,0.0,inf,0.0
kaulko,kaulko,1,2,0,0.0,0.0,inf,0.0
kcd,kcd,1,1,0,0.0,0.0,inf,0.0
keep,keep,5,24,0,0.0,0.0,inf,0.0
keepneedle,keepneedle,1,18,0,0.0,0.0,inf,0.0
keepstyle,keepstyle,2,26,0,0.0,0.0,inf,0.0
kelisiting,kelisiting,1,1,0,0.0,0.0,inf,0.0
keller,keller,1,1,0,0.0,0.0,inf,0.0
kempa,kempa,1,1,0,0.0,0.0,inf,0.0
ken,ken,1,1,0,0.0,0.0,inf,0.0
carson,carson,1,1,0,0.0,0.0,inf,0.0
производитель,производител,3,3,0,0.0,0.0,inf,0.0
kenalin,kenalin,1,1,0,0.0,0.0,inf,0.0
kent,kent,1,10,0,0.0,0.0,inf,0.0
paket,paket,1,10,0,0.0,0.0,inf,0.0
keotica,keotica,1,1,0,0.0,0.0,inf,0.0
mode,mode,1,1,0,0.0,0.0,inf,0.0
key,key,2,2,0,0.0,0.0,inf,0.0
keysad,keysad,2,2,0,0.0,0.0,inf,0.0
kezual,kezual,1,1,0,0.0,0.0,inf,0.0
kharkiv,kharkiv,5,43,0,0.0,0.0,inf,0.0
khart,khart,1,2,0,0.0,0.0,inf,0.0
khartia,khartia,1,1,0,0.0,0.0,inf,0.0
khartiia,khartiia,1,3,0,0.0,0.0,inf,0.0
kidill,kidill,1,3,0,0.0,0.0,inf,0.0
kidsuper,kidsuper,1,2,0,0.0,0.0,inf,0.0
kifa,kifa,1,1,0,0.0,0.0,inf,0.0
kiikio,kiikio,1,1,0,0.0,0.0,inf,0.0
kikilo,kikilo,1,1,0,0.0,0.0,inf,0.0
kikwear,kikwear,1,1,0,0.0,0.0,inf,0.0
kildfol,kildfol,1,25,0,0.0,0.0,inf,0.0
dudes,dudes,1,1,0,0.0,0.0,inf,0.0
killer,killer,1,2,0,0.0,0.0,inf,0.0
killhouse,killhouse,1,3,0,0.0,0.0,inf,0.0
killstar,killstar,9,36,0,0.0,0.0,inf,0.0
blind,blind,1,1,0,0.0,0.0,inf,0.0
mind,mind,3,4,0,0.0,0.0,inf,0.0
cranium,cranium,1,1,0,0.0,0.0,inf,0.0
killswitch,killswitch,1,4,0,0.0,0.0,inf,0.0
engage,engage,1,4,0,0.0,0.0,inf,0.0
kims,kims,1,1,0,0.0,0.0,inf,0.0
king,king,3,6,0,0.0,0.0,inf,0.0
gizzard,gizzard,1,1,0,0.0,0.0,inf,0.0
come,come,3,5,0,0.0,0.0,inf,0.0
kingdom,kingdom,5,7,0,0.0,0.0,inf,0.0
deliverance,deliverance,1,2,0,0.0,0.0,inf,0.0
kingrun,kingrun,1,1,0,0.0,0.0,inf,0.0
kisetsu,kisetsu,1,3,0,0.0,0.0,inf,0.0
kiss,kiss,2,3,0,0.0,0.0,inf,0.0
kit,kit,1,9,0,0.0,0.0,inf,0.0
kittels,kittels,1,1,0,0.0,0.0,inf,0.0
kizaru,kizaru,1,1,0,0.0,0.0,inf,0.0
kjyucksd,kjyucksd,1,2,0,0.0,0.0,inf,0.0
kkaitew,kkaitew,1,1,0,0.0,0.0,inf,0.0
kleay,kleay,1,1,0,0.0,0.0,inf,0.0
kleidung,kleidung,1,1,0,0.0,0.0,inf,0.0
kaufen,kaufen,1,1,0,0.0,0.0,inf,0.0
kll,kll,1,1,0,0.0,0.0,inf,0.0
klost,klost,2,2,0,0.0,0.0,inf,0.0
klott,klott,6,10,0,0.0,0.0,inf,0.0
kma,kma,1,2,0,0.0,0.0,inf,0.0
kmfdm,kmfdm,1,1,0,0.0,0.0,inf,0.0
horse,horse,2,2,0,0.0,0.0,inf,0.0
knight,knight,1,1,0,0.0,0.0,inf,0.0
knocked,knocked,1,1,0,0.0,0.0,inf,0.0
kobzart,kobzart,1,1,0,0.0,0.0,inf,0.0
kohai,kohai,1,2,0,0.0,0.0,inf,0.0
konflic,konflic,1,1,0,0.0,0.0,inf,0.0
dept,dept,2,2,0,0.0,0.0,inf,0.0
konyk,konyk,1,1,0,0.0,0.0,inf,0.0
koopsta,koopsta,1,1,0,0.0,0.0,inf,0.0
knicca,knicca,1,1,0,0.0,0.0,inf,0.0
korean,korean,2,2,0,0.0,0.0,inf,0.0
korn,korn,3,6,0,0.0,0.0,inf,0.0
korobko,korobko,1,1,0,0.0,0.0,inf,0.0
kostin,kostin,2,3,0,0.0,0.0,inf,0.0
koszulek,koszulek,1,1,0,0.0,0.0,inf,0.0
mustangiem,mustangiem,1,2,0,0.0,0.0,inf,0.0
koszulka,koszulka,1,2,0,0.0,0.0,inf,0.0
koteika,koteika,1,1,0,0.0,0.0,inf,0.0
koton,koton,1,2,0,0.0,0.0,inf,0.0
kots,kots,1,1,0,0.0,0.0,inf,0.0
kovalevskiy,kovalevskiy,2,8,0,0.0,0.0,inf,0.0
kovovy,kovovy,1,1,0,0.0,0.0,inf,0.0
koza,koza,1,1,0,0.0,0.0,inf,0.0
manufacture,manufacture,2,2,0,0.0,0.0,inf,0.0
dereza,dereza,1,1,0,0.0,0.0,inf,0.0
kozak,kozak,1,1,0,0.0,0.0,inf,0.0
kraft,kraft,1,1,0,0.0,0.0,inf,0.0
kraken,kraken,4,13,0,0.0,0.0,inf,0.0
krallice,krallice,1,1,0,0.0,0.0,inf,0.0
kramatan,kramatan,2,67,0,0.0,0.0,inf,0.0
krasar,krasar,1,1,0,0.0,0.0,inf,0.0
kroda,kroda,1,2,0,0.0,0.0,inf,0.0
kroen,kroen,1,1,0,0.0,0.0,inf,0.0
kroki,kroki,1,3,0,0.0,0.0,inf,0.0
kse,kse,1,1,0,0.0,0.0,inf,0.0
schnaider,schnaider,2,4,0,0.0,0.0,inf,0.0
ksenia,ksenia,2,4,0,0.0,0.0,inf,0.0
kseniaschnaider,kseniaschnaider,1,2,0,0.0,0.0,inf,0.0
kufaika,kufaika,2,11,0,0.0,0.0,inf,0.0
tura,tura,1,1,0,0.0,0.0,inf,0.0
kul,kul,1,1,0,0.0,0.0,inf,0.0
kultizdat,kultizdat,1,1,0,0.0,0.0,inf,0.0
kupazh,kupazh,1,1,0,0.0,0.0,inf,0.0
kvita,kvita,1,1,0,0.0,0.0,inf,0.0
digital,digital,1,1,0,0.0,0.0,inf,0.0
exposition,exposition,1,2,0,0.0,0.0,inf,0.0
corsia,corsia,1,1,0,0.0,0.0,inf,0.0
haine,haine,1,1,0,0.0,0.0,inf,0.0
luna,luna,1,1,0,0.0,0.0,inf,0.0
space,space,5,11,0,0.0,0.0,inf,0.0
labwear,labwear,1,1,0,0.0,0.0,inf,0.0
lachen,lachen,1,4,0,0.0,0.0,inf,0.0
lacoste,lacoste,2,3,0,0.0,0.0,inf,0.0
lagoa,lagoa,2,2,0,0.0,0.0,inf,0.0
lagrand,lagrand,1,1,0,0.0,0.0,inf,0.0
lakor,lakor,1,59,0,0.0,0.0,inf,0.0
laluna,laluna,1,1,0,0.0,0.0,inf,0.0
lama,lama,5,127,0,0.0,0.0,inf,0.0
lamb,lamb,2,4,0,0.0,0.0,inf,0.0
lamoda,lamoda,1,1,0,0.0,0.0,inf,0.0
landmvrks,landmvrks,1,1,0,0.0,0.0,inf,0.0
lantsugi,lantsugi,1,1,0,0.0,0.0,inf,0.0
lanvin,lanvin,1,2,0,0.0,0.0,inf,0.0
lapnas,lapnas,1,1,0,0.0,0.0,inf,0.0
larum,larum,1,2,0,0.0,0.0,inf,0.0
lastcall,lastcall,1,1,0,0.0,0.0,inf,0.0
latexfauna,latexfauna,2,4,0,0.0,0.0,inf,0.0
lava,lava,3,24,0,0.0,0.0,inf,0.0
lavastudio,lavastudio,1,1,0,0.0,0.0,inf,0.0
lawa,lawa,3,14,0,0.0,0.0,inf,0.0
oaf,oaf,2,4,0,0.0,0.0,inf,0.0
lazy,lazy,1,1,0,0.0,0.0,inf,0.0
waikiki,waikiki,4,26,0,0.0,0.0,inf,0.0
led,led,1,1,0,0.0,0.0,inf,0.0
zeppelin,zeppelin,1,1,0,0.0,0.0,inf,0.0
leetienda,leetienda,1,1,0,0.0,0.0,inf,0.0
legalize,legalize,1,1,0,0.0,0.0,inf,0.0
legalpower,legalpower,1,1,0,0.0,0.0,inf,0.0
legenda,legenda,1,1,0,0.0,0.0,inf,0.0
leleka,leleka,1,1,0,0.0,0.0,inf,0.0
leman,leman,1,1,0,0.0,0.0,inf,0.0
tien,tien,1,5,0,0.0,0.0,inf,0.0
les,les,1,5,0,0.0,0.0,inf,0.0
звягель,звягел,1,1,0,0.0,0.0,inf,0.0
lesya,lesya,1,1,0,0.0,0.0,inf,0.0
levis,levis,8,17,0,0.0,0.0,inf,0.0
levitacia,levitacia,2,7,0,0.0,0.0,inf,0.0
levitate,levitate,1,4,0,0.0,0.0,inf,0.0
levity,levity,1,1,0,0.0,0.0,inf,0.0
lgb,lgb,4,6,0,0.0,0.0,inf,0.0
lias,lias,1,1,0,0.0,0.0,inf,0.0
liberty,liberty,2,3,0,0.0,0.0,inf,0.0
lich,lich,1,2,0,0.0,0.0,inf,0.0
lida,lida,1,16,0,0.0,0.0,inf,0.0
шерстяное,шерстян,2,31,0,0.0,0.0,inf,0.0
lidnm,lidnm,1,2,0,0.0,0.0,inf,0.0
saving,saving,1,6,0,0.0,0.0,inf,0.0
lifelover,lifelover,4,16,0,0.0,0.0,inf,0.0
lifesaving,lifesaving,1,6,0,0.0,0.0,inf,0.0
lifestyle,lifestyle,1,1,0,0.0,0.0,inf,0.0
liftwaffe,liftwaffe,1,1,0,0.0,0.0,inf,0.0
likey,likey,2,12,0,0.0,0.0,inf,0.0
likeystyle,likeystyle,1,2,0,0.0,0.0,inf,0.0
peep,peep,7,14,0,0.0,0.0,inf,0.0
lil,lil,6,13,0,0.0,0.0,inf,0.0
lilove,lilove,1,1,0,0.0,0.0,inf,0.0
lime,lime,3,5,0,0.0,0.0,inf,0.0
limited,limited,3,5,0,0.0,0.0,inf,0.0
bizkit,bizkit,1,1,0,0.0,0.0,inf,0.0
limp,limp,1,1,0,0.0,0.0,inf,0.0
malina,malina,1,1,0,0.0,0.0,inf,0.0
lina,lina,1,1,0,0.0,0.0,inf,0.0
linamalina,linamalina,1,1,0,0.0,0.0,inf,0.0
lindsay,lindsay,1,2,0,0.0,0.0,inf,0.0
linkin,linkin,5,8,0,0.0,0.0,inf,0.0
park,park,7,10,0,0.0,0.0,inf,0.0
lippi,lippi,2,2,0,0.0,0.0,inf,0.0
lippiliya,lippiliya,1,10,0,0.0,0.0,inf,0.0
liquid,liquid,2,3,0,0.0,0.0,inf,0.0
lisa,lisa,1,1,0,0.0,0.0,inf,0.0
listikoff,listikoff,1,1,0,0.0,0.0,inf,0.0
literaturniy,literaturniy,1,9,0,0.0,0.0,inf,0.0
little,little,1,2,0,0.0,0.0,inf,0.0
secret,secret,3,5,0,0.0,0.0,inf,0.0
living,living,1,2,0,0.0,0.0,inf,0.0
liya,liya,1,1,0,0.0,0.0,inf,0.0
loathe,loathe,1,2,0,0.0,0.0,inf,0.0
local,local,2,3,0,0.0,0.0,inf,0.0
located,located,1,4,0,0.0,0.0,inf,0.0
shut,shut,1,1,0,0.0,0.0,inf,0.0
locked,locked,1,1,0,0.0,0.0,inf,0.0
loft,loft,1,1,0,0.0,0.0,inf,0.0
loja,loja,2,3,0,0.0,0.0,inf,0.0
roupa,roupa,1,1,0,0.0,0.0,inf,0.0
lokmi,lokmi,2,9,0,0.0,0.0,inf,0.0
loliparadise,loliparadise,1,2,0,0.0,0.0,inf,0.0
lolipop,lolipop,1,2,0,0.0,0.0,inf,0.0
lollipop,lollipop,1,1,0,0.0,0.0,inf,0.0
lomus,lomus,2,2,0,0.0,0.0,inf,0.0
lone,lone,1,2,0,0.0,0.0,inf,0.0
lonsdale,lonsdale,15,32,0,0.0,0.0,inf,0.0
ветровка,ветровк,10,12,0,0.0,0.0,inf,0.0
свитшот,свитшот,127,588,0,0.0,0.0,inf,0.0
loop,loop,1,1,0,0.0,0.0,inf,0.0
ample,ample,1,1,0,0.0,0.0,inf,0.0
length,length,2,2,0,0.0,0.0,inf,0.0
stacked,stacked,2,2,0,0.0,0.0,inf,0.0
hose,hose,1,1,0,0.0,0.0,inf,0.0
weekday,weekday,9,11,0,0.0,0.0,inf,0.0
loqiemean,loqiemean,2,24,0,0.0,0.0,inf,0.0
lord,lord,3,3,0,0.0,0.0,inf,0.0
shore,shore,4,24,0,0.0,0.0,inf,0.0
lorna,lorna,4,24,0,0.0,0.0,inf,0.0
los,los,4,5,0,0.0,0.0,inf,0.0
angeles,angeles,3,3,0,0.0,0.0,inf,0.0
solomas,solomas,1,2,0,0.0,0.0,inf,0.0
lotr,lotr,1,5,0,0.0,0.0,inf,0.0
louchesaints,louchesaints,1,2,0,0.0,0.0,inf,0.0
louis,louis,2,4,0,0.0,0.0,inf,0.0
bidon,bidon,2,4,0,0.0,0.0,inf,0.0
lovalabel,lovalabel,1,1,0,0.0,0.0,inf,0.0
live,live,4,7,0,0.0,0.0,inf,0.0
vivienne,vivienne,2,3,0,0.0,0.0,inf,0.0
lovestore,lovestore,1,1,0,0.0,0.0,inf,0.0
lovi,lovi,1,1,0,0.0,0.0,inf,0.0
atelier,atelier,2,2,0,0.0,0.0,inf,0.0
low,low,5,17,0,0.0,0.0,inf,0.0
posh,posh,1,1,0,0.0,0.0,inf,0.0
lower,lower,1,5,0,0.0,0.0,inf,0.0
loweryourhead,loweryourhead,1,1,0,0.0,0.0,inf,0.0
loys,loys,1,2,0,0.0,0.0,inf,0.0
limits,limits,1,1,0,0.0,0.0,inf,0.0
power,power,3,4,0,0.0,0.0,inf,0.0
legal,legal,1,1,0,0.0,0.0,inf,0.0
lpp,lpp,1,1,0,0.0,0.0,inf,0.0
longfei,longfei,1,1,0,0.0,0.0,inf,0.0
luckyhumanoid,luckyhumanoid,1,6,0,0.0,0.0,inf,0.0
luckyme,luckyme,1,1,0,0.0,0.0,inf,0.0
lucy,lucy,1,1,0,0.0,0.0,inf,0.0
lud,lud,3,17,0,0.0,0.0,inf,0.0
lug,lug,1,2,0,0.0,0.0,inf,0.0
lui,lui,1,1,0,0.0,0.0,inf,0.0
karpova,karpova,1,1,0,0.0,0.0,inf,0.0
luk,luk,1,1,0,0.0,0.0,inf,0.0
lukkarpova,lukkarpova,1,1,0,0.0,0.0,inf,0.0
lumen,lumen,2,5,0,0.0,0.0,inf,0.0
lurex,lurex,1,2,0,0.0,0.0,inf,0.0
lurking,lurking,2,18,0,0.0,0.0,inf,0.0
glass,glass,1,1,0,0.0,0.0,inf,0.0
lusterko,lusterko,1,1,0,0.0,0.0,inf,0.0
luter,luter,1,1,0,0.0,0.0,inf,0.0
luvsosa,luvsosa,1,2,0,0.0,0.0,inf,0.0
luvsosastore,luvsosastore,1,1,0,0.0,0.0,inf,0.0
lyapka,lyapka,1,1,0,0.0,0.0,inf,0.0
lyle,lyle,4,4,0,0.0,0.0,inf,0.0
lynx,lynx,2,30,0,0.0,0.0,inf,0.0
m0d44,m0d44,1,6,0,0.0,0.0,inf,0.0
m8l8th,m8l8th,15,227,0,0.0,0.0,inf,0.0
m8l8tx,m8l8tx,2,3,0,0.0,0.0,inf,0.0
strum,strum,3,3,0,0.0,0.0,inf,0.0
madhappy,madhappy,1,2,0,0.0,0.0,inf,0.0
madjo,madjo,1,4,0,0.0,0.0,inf,0.0
madman,madman,1,3,0,0.0,0.0,inf,0.0
maelstrom,maelstrom,1,1,0,0.0,0.0,inf,0.0
maemo,maemo,1,1,0,0.0,0.0,inf,0.0
magenta,magenta,1,1,0,0.0,0.0,inf,0.0
box,box,1,1,0,0.0,0.0,inf,0.0
magic,magic,1,1,0,0.0,0.0,inf,0.0
magma,magma,1,2,0,0.0,0.0,inf,0.0
magnatos,magnatos,1,1,0,0.0,0.0,inf,0.0
mahagrid,mahagrid,1,1,0,0.0,0.0,inf,0.0
maharishi,maharishi,1,1,0,0.0,0.0,inf,0.0
maikasoft,maikasoft,3,4,0,0.0,0.0,inf,0.0
maikoff,maikoff,2,3,0,0.0,0.0,inf,0.0
main,main,1,1,0,0.0,0.0,inf,0.0
maincast,maincast,1,1,0,0.0,0.0,inf,0.0
mainless,mainless,1,1,0,0.0,0.0,inf,0.0
monaco,monaco,1,1,0,0.0,0.0,inf,0.0
maison,maison,6,10,0,0.0,0.0,inf,0.0
margiela,margiela,5,9,0,0.0,0.0,inf,0.0
russia,russia,1,2,0,0.0,0.0,inf,0.0
small,small,2,3,0,0.0,0.0,inf,0.0
them,them,1,2,0,0.0,0.0,inf,0.0
suffer,suffer,1,2,0,0.0,0.0,inf,0.0
nuclear,nuclear,1,1,0,0.0,0.0,inf,0.0
makflame,makflame,1,1,0,0.0,0.0,inf,0.0
malfini,malfini,1,1,0,0.0,0.0,inf,0.0
maliunok,maliunok,1,1,0,0.0,0.0,inf,0.0
maloja,maloja,1,1,0,0.0,0.0,inf,0.0
malva,malva,3,14,0,0.0,0.0,inf,0.0
mammut,mammut,3,6,0,0.0,0.0,inf,0.0
mandala,mandala,1,1,0,0.0,0.0,inf,0.0
mandalorian,mandalorian,1,2,0,0.0,0.0,inf,0.0
mandragora,mandragora,2,2,0,0.0,0.0,inf,0.0
maneken,maneken,7,8,0,0.0,0.0,inf,0.0
manekenbrand,manekenbrand,1,1,0,0.0,0.0,inf,0.0
blvd,blvd,1,1,0,0.0,0.0,inf,0.0
maneskin,maneskin,1,1,0,0.0,0.0,inf,0.0
manevr,manevr,1,1,0,0.0,0.0,inf,0.0
vcay,vcay,1,1,0,0.0,0.0,inf,0.0
manfinity,manfinity,1,1,0,0.0,0.0,inf,0.0
mango,mango,2,2,0,0.0,0.0,inf,0.0
maniere,maniere,1,1,0,0.0,0.0,inf,0.0
voir,voir,1,1,0,0.0,0.0,inf,0.0
manifest,manifest,1,1,0,0.0,0.0,inf,0.0
manjulteam,manjulteam,1,1,0,0.0,0.0,inf,0.0
manowar,manowar,1,1,0,0.0,0.0,inf,0.0
manstyle,manstyle,1,1,0,0.0,0.0,inf,0.0
mantis,mantis,1,2,0,0.0,0.0,inf,0.0
manto,manto,23,70,0,0.0,0.0,inf,0.0
оригінал,оригіна,12,25,0,0.0,0.0,inf,0.0
mantofight,mantofight,1,1,0,0.0,0.0,inf,0.0
maralis,maralis,1,2,0,0.0,0.0,inf,0.0
burlon,burlon,2,5,0,0.0,0.0,inf,0.0
marcelo,marcelo,4,9,0,0.0,0.0,inf,0.0
miracles,miracles,2,4,0,0.0,0.0,inf,0.0
marduk,marduk,5,11,0,0.0,0.0,inf,0.0
margo,margo,1,1,0,0.0,0.0,inf,0.0
manson,manson,3,4,0,0.0,0.0,inf,0.0
xxl,xxl,18,33,0,0.0,0.0,inf,0.0
marilyn,marilyn,3,4,0,0.0,0.0,inf,0.0
infantry,infantry,1,1,0,0.0,0.0,inf,0.0
skull,skull,7,10,0,0.0,0.0,inf,0.0
marino,marino,1,1,0,0.0,0.0,inf,0.0
maritage,maritage,1,2,0,0.0,0.0,inf,0.0
maritex,maritex,1,1,0,0.0,0.0,inf,0.0
brash,brash,1,1,0,0.0,0.0,inf,0.0
mark,mark,2,2,0,0.0,0.0,inf,0.0
market,market,4,5,0,0.0,0.0,inf,0.0
spencer,spencer,1,1,0,0.0,0.0,inf,0.0
marks,marks,1,1,0,0.0,0.0,inf,0.0
marmur,marmur,2,6,0,0.0,0.0,inf,0.0
marmurstore,marmurstore,1,11,0,0.0,0.0,inf,0.0
marnastini,marnastini,1,1,0,0.0,0.0,inf,0.0
maroon,maroon,1,1,0,0.0,0.0,inf,0.0
marsava,marsava,1,1,0,0.0,0.0,inf,0.0
marshall,marshall,1,1,0,0.0,0.0,inf,0.0
martial,martial,1,1,0,0.0,0.0,inf,0.0
arts,arts,1,1,0,0.0,0.0,inf,0.0
wyatt,wyatt,2,2,0,0.0,0.0,inf,0.0
mary,mary,3,3,0,0.0,0.0,inf,0.0
reva,reva,1,1,0,0.0,0.0,inf,0.0
masha,masha,1,1,0,0.0,0.0,inf,0.0
massdnm,massdnm,1,6,0,0.0,0.0,inf,0.0
massimo,massimo,2,2,0,0.0,0.0,inf,0.0
dutti,dutti,2,2,0,0.0,0.0,inf,0.0
mastermind,mastermind,16,36,0,0.0,0.0,inf,0.0
tokyo,tokyo,4,4,0,0.0,0.0,inf,0.0
masters,masters,2,6,0,0.0,0.0,inf,0.0
masterscam,masterscam,1,4,0,0.0,0.0,inf,0.0
owens,owens,3,4,0,0.0,0.0,inf,0.0
rick,rick,4,5,0,0.0,0.0,inf,0.0
mastodon,mastodon,4,12,0,0.0,0.0,inf,0.0
masuvent,masuvent,2,2,0,0.0,0.0,inf,0.0
match,match,1,1,0,0.0,0.0,inf,0.0
mate,mate,1,1,0,0.0,0.0,inf,0.0
matiko,matiko,2,15,0,0.0,0.0,inf,0.0
matinno,matinno,1,12,0,0.0,0.0,inf,0.0
matino,matino,3,131,0,0.0,0.0,inf,0.0
matrix,matrix,2,2,0,0.0,0.0,inf,0.0
matrona,matrona,1,1,0,0.0,0.0,inf,0.0
makers,makers,1,1,0,0.0,0.0,inf,0.0
matter,matter,2,2,0,0.0,0.0,inf,0.0
mattin,mattin,1,32,0,0.0,0.0,inf,0.0
mattini,mattini,1,10,0,0.0,0.0,inf,0.0
промокод,промокод,6,17,0,0.0,0.0,inf,0.0
mattion,mattion,1,1,0,0.0,0.0,inf,0.0
maverik,maverik,1,14,0,0.0,0.0,inf,0.0
maveryk,maveryk,1,3,0,0.0,0.0,inf,0.0
mavi,mavi,2,2,0,0.0,0.0,inf,0.0
max,max,4,4,0,0.0,0.0,inf,0.0
magerramov,magerramov,1,1,0,0.0,0.0,inf,0.0
maxfort,maxfort,1,1,0,0.0,0.0,inf,0.0
maxi,maxi,1,1,0,0.0,0.0,inf,0.0
maxiprint,maxiprint,1,10,0,0.0,0.0,inf,0.0
mayhem,mayhem,6,18,0,0.0,0.0,inf,0.0
deathcrush,deathcrush,1,2,0,0.0,0.0,inf,0.0
mbocharova,mbocharova,1,1,0,0.0,0.0,inf,0.0
mcr,mcr,3,12,0,0.0,0.0,inf,0.0
mdm,mdm,1,2,0,0.0,0.0,inf,0.0
mdma,mdma,2,3,0,0.0,0.0,inf,0.0
frego,frego,2,8,0,0.0,0.0,inf,0.0
me4,me4,3,19,0,0.0,0.0,inf,0.0
media,media,4,5,0,0.0,0.0,inf,0.0
medic,medic,1,2,0,0.0,0.0,inf,0.0
medicine,medicine,10,24,0,0.0,0.0,inf,0.0
megaflag,megaflag,1,1,0,0.0,0.0,inf,0.0
megasport,megasport,1,1,0,0.0,0.0,inf,0.0
megstore,megstore,1,1,0,0.0,0.0,inf,0.0
melancolie,melancolie,3,20,0,0.0,0.0,inf,0.0
vandox,vandox,1,10,0,0.0,0.0,inf,0.0
martinez,martinez,2,5,0,0.0,0.0,inf,0.0
melanie,melanie,2,5,0,0.0,0.0,inf,0.0
ehsani,ehsani,1,1,0,0.0,0.0,inf,0.0
melody,melody,1,1,0,0.0,0.0,inf,0.0
meme,meme,1,2,0,0.0,0.0,inf,0.0
mori,mori,3,53,0,0.0,0.0,inf,0.0
memento,memento,3,53,0,0.0,0.0,inf,0.0
mems,mems,1,1,0,0.0,0.0,inf,0.0
sweater,sweater,4,6,0,0.0,0.0,inf,0.0
merc,merc,1,1,0,0.0,0.0,inf,0.0
mercier,mercier,2,5,0,0.0,0.0,inf,0.0
mertra,mertra,4,4,0,0.0,0.0,inf,0.0
meshuggah,meshuggah,3,5,0,0.0,0.0,inf,0.0
metacultura,metacultura,1,1,0,0.0,0.0,inf,0.0
mulisha,mulisha,2,8,0,0.0,0.0,inf,0.0
metalcore,metalcore,2,4,0,0.0,0.0,inf,0.0
metallshop,metallshop,1,2,0,0.0,0.0,inf,0.0
mfest,mfest,1,1,0,0.0,0.0,inf,0.0
mfs,mfs,1,1,0,0.0,0.0,inf,0.0
mfstore,mfstore,1,4,0,0.0,0.0,inf,0.0
mgla,mgla,5,11,0,0.0,0.0,inf,0.0
mich,mich,3,29,0,0.0,0.0,inf,0.0
midas,midas,1,1,0,0.0,0.0,inf,0.0
midnite,midnite,1,1,0,0.0,0.0,inf,0.0
bez,bez,1,4,0,0.0,0.0,inf,0.0
mikina,mikina,1,4,0,0.0,0.0,inf,0.0
kapuce,kapuce,1,4,0,0.0,0.0,inf,0.0
nsk,nsk,1,4,0,0.0,0.0,inf,0.0
milfa,milfa,1,1,0,0.0,0.0,inf,0.0
milirud,milirud,1,1,0,0.0,0.0,inf,0.0
militan,militan,1,1,0,0.0,0.0,inf,0.0
militarist,militarist,2,5,0,0.0,0.0,inf,0.0
decor,decor,2,12,0,0.0,0.0,inf,0.0
bag,bag,1,1,0,0.0,0.0,inf,0.0
outside,outside,1,1,0,0.0,0.0,inf,0.0
milk,milk,1,1,0,0.0,0.0,inf,0.0
millionaire,millionaire,5,15,0,0.0,0.0,inf,0.0
millioner,millioner,2,2,0,0.0,0.0,inf,0.0
milneptune,milneptune,1,1,0,0.0,0.0,inf,0.0
milwaukee,milwaukee,2,3,0,0.0,0.0,inf,0.0
min,min,2,6,0,0.0,0.0,inf,0.0
flayer,flayer,1,1,0,0.0,0.0,inf,0.0
minga,minga,1,8,0,0.0,0.0,inf,0.0
minimal,minimal,2,2,0,0.0,0.0,inf,0.0
minimalism,minimalism,1,1,0,0.0,0.0,inf,0.0
minimo,minimo,1,1,0,0.0,0.0,inf,0.0
ministerstvo,ministerstvo,1,1,0,0.0,0.0,inf,0.0
minmin,minmin,1,1,0,0.0,0.0,inf,0.0
minotaur,minotaur,1,3,0,0.0,0.0,inf,0.0
minute,minute,1,4,0,0.0,0.0,inf,0.0
mirth,mirth,1,4,0,0.0,0.0,inf,0.0
mirey,mirey,1,1,0,0.0,0.0,inf,0.0
mirezane,mirezane,1,1,0,0.0,0.0,inf,0.0
mirtrik,mirtrik,1,1,0,0.0,0.0,inf,0.0
misanthropic,misanthropic,7,19,0,0.0,0.0,inf,0.0
misbhv,misbhv,1,2,0,0.0,0.0,inf,0.0
misfits,misfits,5,9,0,0.0,0.0,inf,0.0
behave,behave,1,2,0,0.0,0.0,inf,0.0
miss,miss,2,4,0,0.0,0.0,inf,0.0
puff,puff,1,2,0,0.0,0.0,inf,0.0
missd,missd,1,2,0,0.0,0.0,inf,0.0
misspetite,misspetite,1,2,0,0.0,0.0,inf,0.0
missspuff,missspuff,1,1,0,0.0,0.0,inf,0.0
missue,missue,1,2,0,0.0,0.0,inf,0.0
mistr,mistr,1,1,0,0.0,0.0,inf,0.0
miu,miu,1,1,0,0.0,0.0,inf,0.0
miumau,miumau,1,5,0,0.0,0.0,inf,0.0
mixishop,mixishop,1,2,0,0.0,0.0,inf,0.0
gonzales,gonzales,1,1,0,0.0,0.0,inf,0.0
ultra,ultra,4,5,0,0.0,0.0,inf,0.0
mln,mln,1,2,0,0.0,0.0,inf,0.0
mma,mma,1,2,0,0.0,0.0,inf,0.0
mmc,mmc,1,2,0,0.0,0.0,inf,0.0
mmsw,mmsw,1,1,0,0.0,0.0,inf,0.0
mnky,mnky,1,3,0,0.0,0.0,inf,0.0
mnml,mnml,1,1,0,0.0,0.0,inf,0.0
mobiprint,mobiprint,1,1,0,0.0,0.0,inf,0.0
mobydick,mobydick,1,1,0,0.0,0.0,inf,0.0
mocko,mocko,1,1,0,0.0,0.0,inf,0.0
modern,modern,3,3,0,0.0,0.0,inf,0.0
modina,modina,1,1,0,0.0,0.0,inf,0.0
modno,modno,1,1,0,0.0,0.0,inf,0.0
mojave,mojave,1,11,0,0.0,0.0,inf,0.0
bohema,bohema,1,1,0,0.0,0.0,inf,0.0
moje,moje,1,1,0,0.0,0.0,inf,0.0
mokoon,mokoon,1,1,0,0.0,0.0,inf,0.0
molfar,molfar,1,3,0,0.0,0.0,inf,0.0
labe,labe,1,2,0,0.0,0.0,inf,0.0
molon,molon,1,2,0,0.0,0.0,inf,0.0
mommy,mommy,1,1,0,0.0,0.0,inf,0.0
momotsha,momotsha,2,2,0,0.0,0.0,inf,0.0
momset,momset,1,1,0,0.0,0.0,inf,0.0
monatik,monatik,1,1,0,0.0,0.0,inf,0.0
monochromica,monochromica,1,1,0,0.0,0.0,inf,0.0
montana,montana,3,6,0,0.0,0.0,inf,0.0
cans,cans,2,5,0,0.0,0.0,inf,0.0
monte,monte,1,1,0,0.0,0.0,inf,0.0
carlo,carlo,1,1,0,0.0,0.0,inf,0.0
mood,mood,1,1,0,0.0,0.0,inf,0.0
moonward,moonward,1,1,0,0.0,0.0,inf,0.0
moow,moow,1,1,0,0.0,0.0,inf,0.0
morbid,morbid,1,1,0,0.0,0.0,inf,0.0
mordex,mordex,4,17,0,0.0,0.0,inf,0.0
espresso,espresso,1,1,0,0.0,0.0,inf,0.0
depresso,depresso,1,1,0,0.0,0.0,inf,0.0
less,less,1,1,0,0.0,0.0,inf,0.0
more,more,1,1,0,0.0,0.0,inf,0.0
morgenshtern,morgenshtern,1,8,0,0.0,0.0,inf,0.0
morning,morning,3,20,0,0.0,0.0,inf,0.0
morok,morok,2,10,0,0.0,0.0,inf,0.0
morrage,morrage,1,1,0,0.0,0.0,inf,0.0
mortician,mortician,2,5,0,0.0,0.0,inf,0.0
moschino,moschino,1,2,0,0.0,0.0,inf,0.0
mosh,mosh,1,1,0,0.0,0.0,inf,0.0
moshkovsky,moshkovsky,1,1,0,0.0,0.0,inf,0.0
mostok,mostok,1,1,0,0.0,0.0,inf,0.0
mostwanted,mostwanted,1,2,0,0.0,0.0,inf,0.0
motanka,motanka,2,2,0,0.0,0.0,inf,0.0
mother,mother,1,1,0,0.0,0.0,inf,0.0
bone,bone,1,1,0,0.0,0.0,inf,0.0
motionless,motionless,5,12,0,0.0,0.0,inf,0.0
motivation,motivation,1,21,0,0.0,0.0,inf,0.0
moto,moto,1,1,0,0.0,0.0,inf,0.0
motogp,motogp,1,1,0,0.0,0.0,inf,0.0
motorbike,motorbike,1,1,0,0.0,0.0,inf,0.0
motorhead,motorhead,5,20,0,0.0,0.0,inf,0.0
mottino,mottino,1,40,0,0.0,0.0,inf,0.0
motz,motz,1,2,0,0.0,0.0,inf,0.0
mountain,mountain,7,20,0,0.0,0.0,inf,0.0
move,move,1,1,0,0.0,0.0,inf,0.0
mp01508bk,mp01508bk,1,1,0,0.0,0.0,inf,0.0
mp41503bk,mp41503bk,1,1,0,0.0,0.0,inf,0.0
mp43522bk,mp43522bk,1,1,0,0.0,0.0,inf,0.0
mp51563bk,mp51563bk,1,1,0,0.0,0.0,inf,0.0
porter,porter,2,2,0,0.0,0.0,inf,0.0
mr520,mr520,1,2,0,0.0,0.0,inf,0.0
mst,mst,2,5,0,0.0,0.0,inf,0.0
mt41509bk,mt41509bk,1,1,0,0.0,0.0,inf,0.0
mt41533bk,mt41533bk,1,1,0,0.0,0.0,inf,0.0
mtac,mtac,5,12,0,0.0,0.0,inf,0.0
mtak,mtak,1,1,0,0.0,0.0,inf,0.0
muji,muji,1,1,0,0.0,0.0,inf,0.0
multibrend,multibrend,1,1,0,0.0,0.0,inf,0.0
multicat,multicat,2,9,0,0.0,0.0,inf,0.0
muramasa,muramasa,1,15,0,0.0,0.0,inf,0.0
muse,muse,2,3,0,0.0,0.0,inf,0.0
mushroom,mushroom,2,2,0,0.0,0.0,inf,0.0
music,music,1,1,0,0.0,0.0,inf,0.0
festival,festival,1,1,0,0.0,0.0,inf,0.0
musinsa,musinsa,2,2,0,0.0,0.0,inf,0.0
global,global,1,1,0,0.0,0.0,inf,0.0
muted,muted,1,1,0,0.0,0.0,inf,0.0
muwahhid,muwahhid,1,1,0,0.0,0.0,inf,0.0
mxdvs,mxdvs,4,25,0,0.0,0.0,inf,0.0
ray,ray,10,27,0,0.0,0.0,inf,0.0
myaso,myaso,1,1,0,0.0,0.0,inf,0.0
myflag,myflag,1,4,0,0.0,0.0,inf,0.0
myneosha,myneosha,1,1,0,0.0,0.0,inf,0.0
mynko,mynko,1,2,0,0.0,0.0,inf,0.0
missing,missing,1,1,0,0.0,0.0,inf,0.0
mystery,mystery,1,1,0,0.0,0.0,inf,0.0
mysuits,mysuits,1,1,0,0.0,0.0,inf,0.0
mytets,mytets,1,6,0,0.0,0.0,inf,0.0
mzlff,mzlff,1,1,0,0.0,0.0,inf,0.0
tobi,tobi,1,1,0,0.0,0.0,inf,0.0
nafo,nafo,1,1,0,0.0,0.0,inf,0.0
nagolos,nagolos,1,1,0,0.0,0.0,inf,0.0
nails,nails,2,2,0,0.0,0.0,inf,0.0
naiznanku,naiznanku,1,1,0,0.0,0.0,inf,0.0
naked,naked,1,1,0,0.0,0.0,inf,0.0
nakoxano,nakoxano,1,1,0,0.0,0.0,inf,0.0
beaches,beaches,1,1,0,0.0,0.0,inf,0.0
namaste,namaste,5,15,0,0.0,0.0,inf,0.0
bitches,bitches,3,13,0,0.0,0.0,inf,0.0
named,named,2,10,0,0.0,0.0,inf,0.0
nanmin,nanmin,1,1,0,0.0,0.0,inf,0.0
napapijri,napapijri,7,17,0,0.0,0.0,inf,0.0
nasdaq,nasdaq,1,1,0,0.0,0.0,inf,0.0
nash,nash,2,17,0,0.0,0.0,inf,0.0
fishing,fishing,1,11,0,0.0,0.0,inf,0.0
nasty,nasty,1,1,0,0.0,0.0,inf,0.0
nationalist,nationalist,1,2,0,0.0,0.0,inf,0.0
nautica,nautica,1,1,0,0.0,0.0,inf,0.0
navi,navi,1,1,0,0.0,0.0,inf,0.0
naviale,naviale,1,2,0,0.0,0.0,inf,0.0
navy,navy,2,2,0,0.0,0.0,inf,0.0
nazarelli,nazarelli,1,1,0,0.0,0.0,inf,0.0
nazgul,nazgul,1,6,0,0.0,0.0,inf,0.0
nazva,nazva,1,1,0,0.0,0.0,inf,0.0
ndsp,ndsp,1,1,0,0.0,0.0,inf,0.0
nebbia,nebbia,2,3,0,0.0,0.0,inf,0.0
needles,needles,1,1,0,0.0,0.0,inf,0.0
fake,fake,1,1,0,0.0,0.0,inf,0.0
neighborhood,neighborhood,1,1,0,0.0,0.0,inf,0.0
nemesis,nemesis,2,9,0,0.0,0.0,inf,0.0
neo4ic,neo4ic,1,1,0,0.0,0.0,inf,0.0
neon,neon,1,3,0,0.0,0.0,inf,0.0
nptn,nptn,1,2,0,0.0,0.0,inf,0.0
neptun,neptun,1,2,0,0.0,0.0,inf,0.0
nerpa,nerpa,1,1,0,0.0,0.0,inf,0.0
netherwalker,netherwalker,1,1,0,0.0,0.0,inf,0.0
neurosis,neurosis,1,1,0,0.0,0.0,inf,0.0
surrender,surrender,1,1,0,0.0,0.0,inf,0.0
never,never,3,11,0,0.0,0.0,inf,0.0
nevermore,nevermore,1,1,0,0.0,0.0,inf,0.0
era,era,5,10,0,0.0,0.0,inf,0.0
newborn,newborn,1,3,0,0.0,0.0,inf,0.0
newbornk,newbornk,1,1,0,0.0,0.0,inf,0.0
newyorker,newyorker,1,3,0,0.0,0.0,inf,0.0
nexshop,nexshop,1,3,0,0.0,0.0,inf,0.0
next,next,5,10,0,0.0,0.0,inf,0.0
nezamiinno,nezamiinno,1,1,0,0.0,0.0,inf,0.0
ngg,ngg,3,5,0,0.0,0.0,inf,0.0
nice,nice,1,1,0,0.0,0.0,inf,0.0
nicebrand,nicebrand,1,1,0,0.0,0.0,inf,0.0
niche,niche,1,1,0,0.0,0.0,inf,0.0
trendy,trendy,1,1,0,0.0,0.0,inf,0.0
nicoletta,nicoletta,1,1,0,0.0,0.0,inf,0.0
nidit,nidit,2,5,0,0.0,0.0,inf,0.0
channels,channels,1,1,0,0.0,0.0,inf,0.0
flight,flight,1,1,0,0.0,0.0,inf,0.0
nightshade,nightshade,1,5,0,0.0,0.0,inf,0.0
nihilist,nihilist,1,1,0,0.0,0.0,inf,0.0
nikas,nikas,1,1,0,0.0,0.0,inf,0.0
acg,acg,2,2,0,0.0,0.0,inf,0.0
dri,dri,4,4,0,0.0,0.0,inf,0.0
junior,junior,1,1,0,0.0,0.0,inf,0.0
academy,academy,1,1,0,0.0,0.0,inf,0.0
issue,issue,1,1,0,0.0,0.0,inf,0.0
standard,standard,3,3,0,0.0,0.0,inf,0.0
nocta,nocta,3,3,0,0.0,0.0,inf,0.0
solo,solo,5,7,0,0.0,0.0,inf,0.0
swoosh,swoosh,3,3,0,0.0,0.0,inf,0.0
tech,tech,10,12,0,0.0,0.0,inf,0.0
офіційний,офіційн,2,2,0,0.0,0.0,inf,0.0
bungee,bungee,1,5,0,0.0,0.0,inf,0.0
filini,filini,1,4,0,0.0,0.0,inf,0.0
niki,niki,1,4,0,0.0,0.0,inf,0.0
nikifilini,nikifilini,3,45,0,0.0,0.0,inf,0.0
nikow,nikow,3,10,0,0.0,0.0,inf,0.0
nilduenilun,nilduenilun,1,1,0,0.0,0.0,inf,0.0
nin,nin,1,1,0,0.0,0.0,inf,0.0
quake,quake,1,1,0,0.0,0.0,inf,0.0
inch,inch,1,1,0,0.0,0.0,inf,0.0
ninth,ninth,1,1,0,0.0,0.0,inf,0.0
hall,hall,2,2,0,0.0,0.0,inf,0.0
unplugged,unplugged,1,2,0,0.0,0.0,inf,0.0
nixsport,nixsport,1,1,0,0.0,0.0,inf,0.0
authority,authority,1,3,0,0.0,0.0,inf,0.0
gletcher,gletcher,1,3,0,0.0,0.0,inf,0.0
guts,guts,1,7,0,0.0,0.0,inf,0.0
glory,glory,2,9,0,0.0,0.0,inf,0.0
idols,idols,3,21,0,0.0,0.0,inf,0.0
knife,knife,2,7,0,0.0,0.0,inf,0.0
other,other,2,4,0,0.0,0.0,inf,0.0
name,name,2,4,0,0.0,0.0,inf,0.0
tolerance,tolerance,3,13,0,0.0,0.0,inf,0.0
noah,noah,1,1,0,0.0,0.0,inf,0.0
nobility,nobility,1,1,0,0.0,0.0,inf,0.0
nobrand,nobrand,1,5,0,0.0,0.0,inf,0.0
depression,depression,2,4,0,0.0,0.0,inf,0.0
nocturnal,nocturnal,2,4,0,0.0,0.0,inf,0.0
nohuman,nohuman,1,2,0,0.0,0.0,inf,0.0
noize,noize,5,12,0,0.0,0.0,inf,0.0
mortum,mortum,4,48,0,0.0,0.0,inf,0.0
nokturnal,nokturnal,4,48,0,0.0,0.0,inf,0.0
lunar,lunar,1,1,0,0.0,0.0,inf,0.0
poetry,poetry,1,1,0,0.0,0.0,inf,0.0
nolimits,nolimits,2,8,0,0.0,0.0,inf,0.0
non,non,2,6,0,0.0,0.0,inf,0.0
nonsense,nonsense,2,2,0,0.0,0.0,inf,0.0
norba,norba,1,5,0,0.0,0.0,inf,0.0
nordglanz,nordglanz,1,9,0,0.0,0.0,inf,0.0
nordic,nordic,3,3,0,0.0,0.0,inf,0.0
nordiccraft,nordiccraft,1,1,0,0.0,0.0,inf,0.0
nordik,nordik,1,1,0,0.0,0.0,inf,0.0
norge,norge,1,2,0,0.0,0.0,inf,0.0
north,north,20,44,0,0.0,0.0,inf,0.0
nosferatu,nosferatu,1,2,0,0.0,0.0,inf,0.0
nosi,nosi,1,3,0,0.0,0.0,inf,0.0
nostress,nostress,1,1,0,0.0,0.0,inf,0.0
basement,basement,1,1,0,0.0,0.0,inf,0.0
boring,boring,1,1,0,0.0,0.0,inf,0.0
madame,madame,4,7,0,0.0,0.0,inf,0.0
notaboo,notaboo,1,1,0,0.0,0.0,inf,0.0
thieves,thieves,1,1,0,0.0,0.0,inf,0.0
but,but,1,1,0,0.0,0.0,inf,0.0
nowhere,nowhere,1,6,0,0.0,0.0,inf,0.0
die,die,2,9,0,0.0,0.0,inf,0.0
hope,hope,2,8,0,0.0,0.0,inf,0.0
nova,nova,1,1,0,0.0,0.0,inf,0.0
noveske,noveske,1,2,0,0.0,0.0,inf,0.0
sho,sho,2,13,0,0.0,0.0,inf,0.0
nude,nude,3,11,0,0.0,0.0,inf,0.0
barcelona,barcelona,1,1,0,0.0,0.0,inf,0.0
number,number,6,14,0,0.0,0.0,inf,0.0
nuof,nuof,3,8,0,0.0,0.0,inf,0.0
nyogthaeblisz,nyogthaeblisz,1,2,0,0.0,0.0,inf,0.0
neill,neill,2,16,0,0.0,0.0,inf,0.0
stin,stin,1,1,0,0.0,0.0,inf,0.0
torvald,torvald,1,1,0,0.0,0.0,inf,0.0
wow,wow,1,1,0,0.0,0.0,inf,0.0
nation,nation,1,3,0,0.0,0.0,inf,0.0
oathbreaker,oathbreaker,1,3,0,0.0,0.0,inf,0.0
oberig,oberig,3,45,0,0.0,0.0,inf,0.0
obey,obey,8,21,0,0.0,0.0,inf,0.0
obituary,obituary,1,1,0,0.0,0.0,inf,0.0
objectx,objectx,1,1,0,0.0,0.0,inf,0.0
oblik,oblik,1,1,0,0.0,0.0,inf,0.0
obscura,obscura,1,5,0,0.0,0.0,inf,0.0
obzor,obzor,1,2,0,0.0,0.0,inf,0.0
khm,khm,1,2,0,0.0,0.0,inf,0.0
отзывы,отзыв,2,9,0,0.0,0.0,inf,0.0
plaza,plaza,1,1,0,0.0,0.0,inf,0.0
wom,wom,1,1,0,0.0,0.0,inf,0.0
oceanclo,oceanclo,1,8,0,0.0,0.0,inf,0.0
ocen,ocen,1,2,0,0.0,0.0,inf,0.0
ochi,ochi,1,1,0,0.0,0.0,inf,0.0
octagon,octagon,1,1,0,0.0,0.0,inf,0.0
odf,odf,1,1,0,0.0,0.0,inf,0.0
odin,odin,6,26,0,0.0,0.0,inf,0.0
originals,originals,6,24,0,0.0,0.0,inf,0.0
odintsova,odintsova,1,2,0,0.0,0.0,inf,0.0
odizh,odizh,1,1,0,0.0,0.0,inf,0.0
ofc,ofc,1,2,0,0.0,0.0,inf,0.0
off,off,19,29,0,0.0,0.0,inf,0.0
basquiat,basquiat,2,3,0,0.0,0.0,inf,0.0
scan,scan,1,1,0,0.0,0.0,inf,0.0
arrow,arrow,1,1,0,0.0,0.0,inf,0.0
ofmd,ofmd,1,1,0,0.0,0.0,inf,0.0
pushka,pushka,2,8,0,0.0,0.0,inf,0.0
ogon,ogon,1,5,0,0.0,0.0,inf,0.0
ogonek,ogonek,1,1,0,0.0,0.0,inf,0.0
ohdamn,ohdamn,1,1,0,0.0,0.0,inf,0.0
ohueno,ohueno,5,45,0,0.0,0.0,inf,0.0
ojo,ojo,1,3,0,0.0,0.0,inf,0.0
okami,okami,1,1,0,0.0,0.0,inf,0.0
okean,okean,1,1,0,0.0,0.0,inf,0.0
okeysho,okeysho,1,1,0,0.0,0.0,inf,0.0
okvi,okvi,1,1,0,0.0,0.0,inf,0.0
old,old,13,53,0,0.0,0.0,inf,0.0
place,place,1,1,0,0.0,0.0,inf,0.0
democracy,democracy,1,2,0,0.0,0.0,inf,0.0
school,school,9,48,0,0.0,0.0,inf,0.0
sva,sva,12,492,0,0.0,0.0,inf,0.0
oldos,oldos,1,1,0,0.0,0.0,inf,0.0
oliver,oliver,1,1,0,0.0,0.0,inf,0.0
olivka,olivka,1,1,0,0.0,0.0,inf,0.0
vif,vif,1,1,0,0.0,0.0,inf,0.0
oliz,oliz,1,3,0,0.0,0.0,inf,0.0
ololol,ololol,1,1,0,0.0,0.0,inf,0.0
olulu,olulu,1,1,0,0.0,0.0,inf,0.0
olx,olx,8,19,0,0.0,0.0,inf,0.0
olymp,olymp,1,1,0,0.0,0.0,inf,0.0
omanko,omanko,1,1,0,0.0,0.0,inf,0.0
omirad,omirad,1,2,0,0.0,0.0,inf,0.0
cloud,cloud,2,3,0,0.0,0.0,inf,0.0
outfit,outfit,3,5,0,0.0,0.0,inf,0.0
onda,onda,4,8,0,0.0,0.0,inf,0.0
andar,andar,4,8,0,0.0,0.0,inf,0.0
eyed,eyed,1,1,0,0.0,0.0,inf,0.0
oni,oni,1,1,0,0.0,0.0,inf,0.0
left,left,2,4,0,0.0,0.0,inf,0.0
alive,alive,1,3,0,0.0,0.0,inf,0.0
onlyscam,onlyscam,1,4,0,0.0,0.0,inf,0.0
onmyfeet,onmyfeet,1,1,0,0.0,0.0,inf,0.0
opeth,opeth,1,1,0,0.0,0.0,inf,0.0
opg,opg,2,2,0,0.0,0.0,inf,0.0
opium,opium,15,44,0,0.0,0.0,inf,0.0
opshop,opshop,1,1,0,0.0,0.0,inf,0.0
optimusgang,optimusgang,3,23,0,0.0,0.0,inf,0.0
optov,optov,1,3,0,0.0,0.0,inf,0.0
orchid,orchid,1,1,0,0.0,0.0,inf,0.0
orcteryx,orcteryx,1,13,0,0.0,0.0,inf,0.0
ordana,ordana,1,1,0,0.0,0.0,inf,0.0
orgasm,orgasm,1,3,0,0.0,0.0,inf,0.0
donor,donor,1,3,0,0.0,0.0,inf,0.0
бирка,бирк,4,4,0,0.0,0.0,inf,0.0
серега,серег,1,3,0,0.0,0.0,inf,0.0
шуруп,шуруп,1,3,0,0.0,0.0,inf,0.0
orner,orner,1,5,0,0.0,0.0,inf,0.0
osakl,osakl,1,1,0,0.0,0.0,inf,0.0
oska,oska,1,5,0,0.0,0.0,inf,0.0
oslo,oslo,2,92,0,0.0,0.0,inf,0.0
osok,osok,1,1,0,0.0,0.0,inf,0.0
ostin,ostin,1,1,0,0.0,0.0,inf,0.0
otaku,otaku,1,1,0,0.0,0.0,inf,0.0
otricala,otricala,2,10,0,0.0,0.0,inf,0.0
legacy,legacy,1,1,0,0.0,0.0,inf,0.0
drape,drape,1,1,0,0.0,0.0,inf,0.0
our,our,2,3,0,0.0,0.0,inf,0.0
cocktail,cocktail,1,1,0,0.0,0.0,inf,0.0
ouroboros,ouroboros,3,8,0,0.0,0.0,inf,0.0
outfofame,outfofame,1,2,0,0.0,0.0,inf,0.0
outsiders,outsiders,1,1,0,0.0,0.0,inf,0.0
outventure,outventure,2,2,0,0.0,0.0,inf,0.0
overvest,overvest,2,9,0,0.0,0.0,inf,0.0
loveless,loveless,1,3,0,0.0,0.0,inf,0.0
owi,owi,1,1,0,0.0,0.0,inf,0.0
owow,owow,1,1,0,0.0,0.0,inf,0.0
oxxxymiron,oxxxymiron,1,1,0,0.0,0.0,inf,0.0
oxxxyshop,oxxxyshop,1,11,0,0.0,0.0,inf,0.0
ozoshi,ozoshi,1,1,0,0.0,0.0,inf,0.0
osbourne,osbourne,1,5,0,0.0,0.0,inf,0.0
ozzy,ozzy,2,6,0,0.0,0.0,inf,0.0
p1sun,p1sun,2,18,0,0.0,0.0,inf,0.0
p48,p48,1,1,0,0.0,0.0,inf,0.0
dnm,dnm,1,2,0,0.0,0.0,inf,0.0
pace,pace,1,1,0,0.0,0.0,inf,0.0
packotek,packotek,1,1,0,0.0,0.0,inf,0.0
pad,pad,1,1,0,0.0,0.0,inf,0.0
painboy,painboy,1,1,0,0.0,0.0,inf,0.0
painkiller,painkiller,3,4,0,0.0,0.0,inf,0.0
painter,painter,1,1,0,0.0,0.0,inf,0.0
palace,palace,6,8,0,0.0,0.0,inf,0.0
skateboards,skateboards,2,2,0,0.0,0.0,inf,0.0
pale,pale,1,1,0,0.0,0.0,inf,0.0
swiss,swiss,1,4,0,0.0,0.0,inf,0.0
paleface,paleface,1,4,0,0.0,0.0,inf,0.0
palm,palm,9,16,0,0.0,0.0,inf,0.0
реплика,реплик,2,4,0,0.0,0.0,inf,0.0
pan,pan,1,1,0,0.0,0.0,inf,0.0
nie,nie,1,1,0,0.0,0.0,inf,0.0
sta,sta,1,1,0,0.0,0.0,inf,0.0
pangaia,pangaia,3,3,0,0.0,0.0,inf,0.0
tracksuits,tracksuits,1,1,0,0.0,0.0,inf,0.0
paragon,paragon,1,3,0,0.0,0.0,inf,0.0
pantalones,pantalones,1,3,0,0.0,0.0,inf,0.0
pantaloni,pantaloni,1,1,0,0.0,0.0,inf,0.0
pantera,pantera,2,2,0,0.0,0.0,inf,0.0
swag,swag,4,5,0,0.0,0.0,inf,0.0
pia,pia,1,1,0,0.0,0.0,inf,0.0
papa,papa,2,2,0,0.0,0.0,inf,0.0
roach,roach,1,1,0,0.0,0.0,inf,0.0
papahapa,papahapa,1,4,0,0.0,0.0,inf,0.0
papaya,papaya,3,5,0,0.0,0.0,inf,0.0
pappahapa,pappahapa,9,21,0,0.0,0.0,inf,0.0
parachute,parachute,1,2,0,0.0,0.0,inf,0.0
nyc,nyc,1,2,0,0.0,0.0,inf,0.0
paradise,paradise,2,3,0,0.0,0.0,inf,0.0
parallel,parallel,1,2,0,0.0,0.0,inf,0.0
50th,50th,1,2,0,0.0,0.0,inf,0.0
parallel50th,parallel50th,1,2,0,0.0,0.0,inf,0.0
paranoid,paranoid,4,7,0,0.0,0.0,inf,0.0
advisory,advisory,2,2,0,0.0,0.0,inf,0.0
parental,parental,2,2,0,0.0,0.0,inf,0.0
content,content,1,1,0,0.0,0.0,inf,0.0
expl,expl,1,1,0,0.0,0.0,inf,0.0
parkkaron,parkkaron,1,1,0,0.0,0.0,inf,0.0
parkson,parkson,1,1,0,0.0,0.0,inf,0.0
drive,drive,4,11,0,0.0,0.0,inf,0.0
parkway,parkway,4,11,0,0.0,0.0,inf,0.0
parochka,parochka,1,1,0,0.0,0.0,inf,0.0
party,party,1,6,0,0.0,0.0,inf,0.0
partyhard,partyhard,2,3,0,0.0,0.0,inf,0.0
paskuda,paskuda,1,1,0,0.0,0.0,inf,0.0
passat,passat,1,1,0,0.0,0.0,inf,0.0
passenger,passenger,1,1,0,0.0,0.0,inf,0.0
passport,passport,1,1,0,0.0,0.0,inf,0.0
patagonia,patagonia,9,16,0,0.0,0.0,inf,0.0
patasovka,patasovka,1,22,0,0.0,0.0,inf,0.0
patch,patch,1,1,0,0.0,0.0,inf,0.0
patchera,patchera,1,1,0,0.0,0.0,inf,0.0
patriot,patriot,1,1,0,0.0,0.0,inf,0.0
patta,patta,1,4,0,0.0,0.0,inf,0.0
pbgrf,pbgrf,1,2,0,0.0,0.0,inf,0.0
pds,pds,1,6,0,0.0,0.0,inf,0.0
peace,peace,3,4,0,0.0,0.0,inf,0.0
violence,violence,2,3,0,0.0,0.0,inf,0.0
peaceinwar,peaceinwar,1,1,0,0.0,0.0,inf,0.0
peakmode,peakmode,1,1,0,0.0,0.0,inf,0.0
peclotoys,peclotoys,1,19,0,0.0,0.0,inf,0.0
pegador,pegador,3,3,0,0.0,0.0,inf,0.0
pegadora,pegadora,1,5,0,0.0,0.0,inf,0.0
peklotoys,peklotoys,2,65,0,0.0,0.0,inf,0.0
penguin,penguin,1,1,0,0.0,0.0,inf,0.0
pennywise,pennywise,1,1,0,0.0,0.0,inf,0.0
pentagon,pentagon,4,16,0,0.0,0.0,inf,0.0
pentagram,pentagram,4,7,0,0.0,0.0,inf,0.0
pentakill,pentakill,1,1,0,0.0,0.0,inf,0.0
pepco,pepco,1,3,0,0.0,0.0,inf,0.0
pepe,pepe,5,19,0,0.0,0.0,inf,0.0
peresvit,peresvit,2,14,0,0.0,0.0,inf,0.0
personagem,personagem,1,1,0,0.0,0.0,inf,0.0
tiburon,tiburon,1,1,0,0.0,0.0,inf,0.0
bebe,bebe,1,1,0,0.0,0.0,inf,0.0
personajes,personajes,1,1,0,0.0,0.0,inf,0.0
perun,perun,3,24,0,0.0,0.0,inf,0.0
raws,raws,1,1,0,0.0,0.0,inf,0.0
peso,peso,1,1,0,0.0,0.0,inf,0.0
peste,peste,2,3,0,0.0,0.0,inf,0.0
petroglyph,petroglyph,1,6,0,0.0,0.0,inf,0.0
pgwear,pgwear,1,4,0,0.0,0.0,inf,0.0
phantom,phantom,2,6,0,0.0,0.0,inf,0.0
phantomcat,phantomcat,1,18,0,0.0,0.0,inf,0.0
pharaoh,pharaoh,2,6,0,0.0,0.0,inf,0.0
phaseline,phaseline,2,19,0,0.0,0.0,inf,0.0
philipp,philipp,7,19,0,0.0,0.0,inf,0.0
plein,plein,7,19,0,0.0,0.0,inf,0.0
phonk,phonk,4,27,0,0.0,0.0,inf,0.0
pieceofshirt,pieceofshirt,1,10,0,0.0,0.0,inf,0.0
pierce,pierce,2,4,0,0.0,0.0,inf,0.0
veil,veil,2,4,0,0.0,0.0,inf,0.0
pig,pig,3,3,0,0.0,0.0,inf,0.0
pigeon,pigeon,1,1,0,0.0,0.0,inf,0.0
pikupajku,pikupajku,1,1,0,0.0,0.0,inf,0.0
pillars,pillars,1,1,0,0.0,0.0,inf,0.0
soda,soda,1,1,0,0.0,0.0,inf,0.0
акулёнок,акуленок,3,4,0,0.0,0.0,inf,0.0
pinkfong,pinkfong,1,1,0,0.0,0.0,inf,0.0
pips,pips,2,2,0,0.0,0.0,inf,0.0
pirate,pirate,1,3,0,0.0,0.0,inf,0.0
pisdato,pisdato,2,3,0,0.0,0.0,inf,0.0
pissgrave,pissgrave,1,1,0,0.0,0.0,inf,0.0
germany,germany,4,7,0,0.0,0.0,inf,0.0
dah,dah,1,6,0,0.0,0.0,inf,0.0
pizdue,pizdue,1,6,0,0.0,0.0,inf,0.0
pko,pko,1,4,0,0.0,0.0,inf,0.0
sndct,sndct,3,26,0,0.0,0.0,inf,0.0
pla4,pla4,2,158,0,0.0,0.0,inf,0.0
pla444,pla444,1,24,0,0.0,0.0,inf,0.0
pla4444,pla4444,1,15,0,0.0,0.0,inf,0.0
plaa4444,plaa4444,1,22,0,0.0,0.0,inf,0.0
places,places,1,1,0,0.0,0.0,inf,0.0
plain,plain,1,1,0,0.0,0.0,inf,0.0
plame,plame,6,10,0,0.0,0.0,inf,0.0
plane,plane,1,1,0,0.0,0.0,inf,0.0
rosa,rosa,5,11,0,0.0,0.0,inf,0.0
planta,planta,4,10,0,0.0,0.0,inf,0.0
platformashop,platformashop,1,1,0,0.0,0.0,inf,0.0
play,play,3,3,0,0.0,0.0,inf,0.0
carti,carti,2,2,0,0.0,0.0,inf,0.0
playboi,playboi,1,1,0,0.0,0.0,inf,0.0
playboy,playboy,5,7,0,0.0,0.0,inf,0.0
playeras,playeras,1,1,0,0.0,0.0,inf,0.0
mexicanas,mexicanas,1,1,0,0.0,0.0,inf,0.0
playersclub,playersclub,1,1,0,0.0,0.0,inf,0.0
playsclo,playsclo,1,4,0,0.0,0.0,inf,0.0
plazmalab,plazmalab,1,1,0,0.0,0.0,inf,0.0
please,please,1,1,0,0.0,0.0,inf,0.0
pleasures,pleasures,5,6,0,0.0,0.0,inf,0.0
plus,plus,1,1,0,0.0,0.0,inf,0.0
pluxury,pluxury,1,3,0,0.0,0.0,inf,0.0
estate,estate,1,3,0,0.0,0.0,inf,0.0
png,png,1,1,0,0.0,0.0,inf,0.0
pobedov,pobedov,2,14,0,0.0,0.0,inf,0.0
pocket,pocket,1,1,0,0.0,0.0,inf,0.0
poco,poco,1,1,0,0.0,0.0,inf,0.0
podmost,podmost,3,22,0,0.0,0.0,inf,0.0
pohui,pohui,4,15,0,0.0,0.0,inf,0.0
pohuy,pohuy,12,172,0,0.0,0.0,inf,0.0
pohyi,pohyi,1,2,0,0.0,0.0,inf,0.0
poirier,poirier,1,1,0,0.0,0.0,inf,0.0
poison,poison,1,1,0,0.0,0.0,inf,0.0
poizon,poizon,2,2,0,0.0,0.0,inf,0.0
pokaifu,pokaifu,1,5,0,0.0,0.0,inf,0.0
polar,polar,4,7,0,0.0,0.0,inf,0.0
karate,karate,1,1,0,0.0,0.0,inf,0.0
skate,skate,4,7,0,0.0,0.0,inf,0.0
surf,surf,2,5,0,0.0,0.0,inf,0.0
polish,polish,1,1,0,0.0,0.0,inf,0.0
polivic,polivic,1,1,0,0.0,0.0,inf,0.0
polivik,polivik,1,12,0,0.0,0.0,inf,0.0
polizei,polizei,1,1,0,0.0,0.0,inf,0.0
knit,knit,2,2,0,0.0,0.0,inf,0.0
tapout,tapout,9,16,0,0.0,0.0,inf,0.0
popov,popov,2,3,0,0.0,0.0,inf,0.0
portal,portal,1,2,0,0.0,0.0,inf,0.0
postal,postal,2,6,0,0.0,0.0,inf,0.0
potosovka,potosovka,1,5,0,0.0,0.0,inf,0.0
poustovit,poustovit,3,6,0,0.0,0.0,inf,0.0
ppfm,ppfm,1,1,0,0.0,0.0,inf,0.0
prada,prada,2,2,0,0.0,0.0,inf,0.0
prana,prana,1,1,0,0.0,0.0,inf,0.0
prapor,prapor,1,5,0,0.0,0.0,inf,0.0
prato,prato,1,4,0,0.0,0.0,inf,0.0
prayforus,prayforus,1,1,0,0.0,0.0,inf,0.0
preach,preach,1,1,0,0.0,0.0,inf,0.0
prefix,prefix,1,9,0,0.0,0.0,inf,0.0
prfx,prfx,1,1,0,0.0,0.0,inf,0.0
prianichek,prianichek,1,1,0,0.0,0.0,inf,0.0
cuffed,cuffed,1,1,0,0.0,0.0,inf,0.0
fantaziua,fantaziua,1,1,0,0.0,0.0,inf,0.0
printach,printach,1,1,0,0.0,0.0,inf,0.0
printfamily,printfamily,1,1,0,0.0,0.0,inf,0.0
printformer,printformer,2,4,0,0.0,0.0,inf,0.0
printlab,printlab,1,1,0,0.0,0.0,inf,0.0
printsalon,printsalon,2,3,0,0.0,0.0,inf,0.0
break,break,1,2,0,0.0,0.0,inf,0.0
prison,prison,1,2,0,0.0,0.0,inf,0.0
private,private,1,1,0,0.0,0.0,inf,0.0
prj450,prj450,1,2,0,0.0,0.0,inf,0.0
problemes,problemes,1,7,0,0.0,0.0,inf,0.0
proco,proco,1,1,0,0.0,0.0,inf,0.0
prodigy,prodigy,6,7,0,0.0,0.0,inf,0.0
prof1group,prof1group,1,4,0,0.0,0.0,inf,0.0
profi,profi,1,1,0,0.0,0.0,inf,0.0
progress,progress,1,1,0,0.0,0.0,inf,0.0
interpol,interpol,1,1,0,0.0,0.0,inf,0.0
projects,projects,1,1,0,0.0,0.0,inf,0.0
prom,prom,3,6,0,0.0,0.0,inf,0.0
promin,promin,1,4,0,0.0,0.0,inf,0.0
promopuff,promopuff,1,118,0,0.0,0.0,inf,0.0
propaganda,propaganda,1,12,0,0.0,0.0,inf,0.0
prosto,prosto,2,2,0,0.0,0.0,inf,0.0
prostomayki,prostomayki,1,3,0,0.0,0.0,inf,0.0
prosublim,prosublim,1,52,0,0.0,0.0,inf,0.0
parks,parks,1,2,0,0.0,0.0,inf,0.0
national,national,2,3,0,0.0,0.0,inf,0.0
protect,protect,1,2,0,0.0,0.0,inf,0.0
protocol,protocol,2,4,0,0.0,0.0,inf,0.0
index,index,1,1,0,0.0,0.0,inf,0.0
proudly,proudly,1,1,0,0.0,0.0,inf,0.0
provokator,provokator,1,2,0,0.0,0.0,inf,0.0
prpy,prpy,1,1,0,0.0,0.0,inf,0.0
psd,psd,7,165,0,0.0,0.0,inf,0.0
psdinfo,psdinfo,2,17,0,0.0,0.0,inf,0.0
psdshop,psdshop,1,4,0,0.0,0.0,inf,0.0
psy,psy,1,1,0,0.0,0.0,inf,0.0
psychonaut,psychonaut,3,4,0,0.0,0.0,inf,0.0
psychopaths,psychopaths,1,1,0,0.0,0.0,inf,0.0
bloodshed,bloodshed,1,1,0,0.0,0.0,inf,0.0
psyshop,psyshop,1,4,0,0.0,0.0,inf,0.0
ptero,ptero,1,1,0,0.0,0.0,inf,0.0
pterowear,pterowear,1,10,0,0.0,0.0,inf,0.0
ptsvk,ptsvk,1,3,0,0.0,0.0,inf,0.0
public,public,2,2,0,0.0,0.0,inf,0.0
pueblo,pueblo,1,1,0,0.0,0.0,inf,0.0
pull,pull,31,110,0,0.0,0.0,inf,0.0
skater,skater,2,2,0,0.0,0.0,inf,0.0
pullbear,pullbear,1,1,0,0.0,0.0,inf,0.0
pullup,pullup,3,124,0,0.0,0.0,inf,0.0
pulsar,pulsar,2,3,0,0.0,0.0,inf,0.0
puma,puma,23,31,0,0.0,0.0,inf,0.0
suede,suede,1,2,0,0.0,0.0,inf,0.0
wardrobe,wardrobe,1,1,0,0.0,0.0,inf,0.0
sankuanz,sankuanz,1,1,0,0.0,0.0,inf,0.0
punisher,punisher,4,10,0,0.0,0.0,inf,0.0
queen,queen,4,6,0,0.0,0.0,inf,0.0
punkandfunk,punkandfunk,1,1,0,0.0,0.0,inf,0.0
punks,punks,2,8,0,0.0,0.0,inf,0.0
purewhite,purewhite,1,1,0,0.0,0.0,inf,0.0
purgen,purgen,1,3,0,0.0,0.0,inf,0.0
purple,purple,4,125,0,0.0,0.0,inf,0.0
llama,llama,1,1,0,0.0,0.0,inf,0.0
purplelama,purplelama,1,10,0,0.0,0.0,inf,0.0
putrid,putrid,1,1,0,0.0,0.0,inf,0.0
pile,pile,3,3,0,0.0,0.0,inf,0.0
pzhwear,pzhwear,1,5,0,0.0,0.0,inf,0.0
republic,republic,1,3,0,0.0,0.0,inf,0.0
qazaq,qazaq,1,3,0,0.0,0.0,inf,0.0
quadro,quadro,1,3,0,0.0,0.0,inf,0.0
decorativo,decorativo,1,3,0,0.0,0.0,inf,0.0
militar,militar,1,3,0,0.0,0.0,inf,0.0
quicksand,quicksand,1,1,0,0.0,0.0,inf,0.0
quotrell,quotrell,1,1,0,0.0,0.0,inf,0.0
thao,thao,1,1,0,0.0,0.0,inf,0.0
qwertee,qwertee,3,4,0,0.0,0.0,inf,0.0
zipped,zipped,1,2,0,0.0,0.0,inf,0.0
racer,racer,3,5,0,0.0,0.0,inf,0.0
radiant,radiant,2,2,0,0.0,0.0,inf,0.0
camora,camora,1,1,0,0.0,0.0,inf,0.0
raf,raf,2,2,0,0.0,0.0,inf,0.0
creeper,creeper,1,1,0,0.0,0.0,inf,0.0
simons,simons,1,1,0,0.0,0.0,inf,0.0
rage,rage,3,6,0,0.0,0.0,inf,0.0
raggtop,raggtop,1,2,0,0.0,0.0,inf,0.0
ragnarock,ragnarock,2,52,0,0.0,0.0,inf,0.0
privet,privet,1,2,0,0.0,0.0,inf,0.0
ragnarok,ragnarok,3,93,0,0.0,0.0,inf,0.0
rainhouse,rainhouse,1,4,0,0.0,0.0,inf,0.0
rainshouse,rainshouse,1,14,0,0.0,0.0,inf,0.0
rammstein,rammstein,8,16,0,0.0,0.0,inf,0.0
rammsteinshop,rammsteinshop,1,1,0,0.0,0.0,inf,0.0
ramon,ramon,1,1,0,0.0,0.0,inf,0.0
ramones,ramones,1,1,0,0.0,0.0,inf,0.0
ramstein,ramstein,1,2,0,0.0,0.0,inf,0.0
ranchout,ranchout,1,2,0,0.0,0.0,inf,0.0
rang,rang,1,7,0,0.0,0.0,inf,0.0
roks,roks,2,40,0,0.0,0.0,inf,0.0
ranger,ranger,3,5,0,0.0,0.0,inf,0.0
rangerock,rangerock,1,4,0,0.0,0.0,inf,0.0
rangerocks,rangerocks,1,15,0,0.0,0.0,inf,0.0
rascal,rascal,1,3,0,0.0,0.0,inf,0.0
ratchet,ratchet,2,3,0,0.0,0.0,inf,0.0
raval,raval,2,2,0,0.0,0.0,inf,0.0
material,material,1,1,0,0.0,0.0,inf,0.0
raven,raven,3,5,0,0.0,0.0,inf,0.0
guard,guard,1,3,0,0.0,0.0,inf,0.0
rawen,rawen,1,1,0,0.0,0.0,inf,0.0
raywah,raywah,1,4,0,0.0,0.0,inf,0.0
razer,razer,1,1,0,0.0,0.0,inf,0.0
khomenko,khomenko,1,1,0,0.0,0.0,inf,0.0
rcr,rcr,1,1,0,0.0,0.0,inf,0.0
ready,ready,6,15,0,0.0,0.0,inf,0.0
real,real,10,43,0,0.0,0.0,inf,0.0
blanket,blanket,1,2,0,0.0,0.0,inf,0.0
pride,pride,2,2,0,0.0,0.0,inf,0.0
vengeance,vengeance,1,1,0,0.0,0.0,inf,0.0
rebel8,rebel8,1,12,0,0.0,0.0,inf,0.0
reborn,reborn,2,2,0,0.0,0.0,inf,0.0
reconquista,reconquista,2,12,0,0.0,0.0,inf,0.0
recruit,recruit,2,5,0,0.0,0.0,inf,0.0
red,red,13,25,0,0.0,0.0,inf,0.0
dog,dog,1,5,0,0.0,0.0,inf,0.0
collar,collar,1,1,0,0.0,0.0,inf,0.0
redemption,redemption,1,1,0,0.0,0.0,inf,0.0
rising,rising,1,1,0,0.0,0.0,inf,0.0
redbone,redbone,1,1,0,0.0,0.0,inf,0.0
redivision,redivision,1,1,0,0.0,0.0,inf,0.0
redwood,redwood,2,9,0,0.0,0.0,inf,0.0
reebok,reebok,7,15,0,0.0,0.0,inf,0.0
identity,identity,1,1,0,0.0,0.0,inf,0.0
ref,ref,1,1,0,0.0,0.0,inf,0.0
reflective,reflective,2,3,0,0.0,0.0,inf,0.0
refreshed,refreshed,1,2,0,0.0,0.0,inf,0.0
regata,regata,1,2,0,0.0,0.0,inf,0.0
reichsadler,reichsadler,1,1,0,0.0,0.0,inf,0.0
relax,relax,1,1,0,0.0,0.0,inf,0.0
flowing,flowing,1,1,0,0.0,0.0,inf,0.0
reload,reload,6,22,0,0.0,0.0,inf,0.0
remedy,remedy,1,1,0,0.0,0.0,inf,0.0
boi,boi,1,1,0,0.0,0.0,inf,0.0
ren,ren,1,1,0,0.0,0.0,inf,0.0
reporter,reporter,3,4,0,0.0,0.0,inf,0.0
initial,initial,1,1,0,0.0,0.0,inf,0.0
owners,owners,2,3,0,0.0,0.0,inf,0.0
representclo,representclo,1,1,0,0.0,0.0,inf,0.0
reptyry,reptyry,3,17,0,0.0,0.0,inf,0.0
reputation,reputation,1,1,0,0.0,0.0,inf,0.0
reset,reset,1,1,0,0.0,0.0,inf,0.0
resident,resident,3,4,0,0.0,0.0,inf,0.0
against,against,4,11,0,0.0,0.0,inf,0.0
resilient,resilient,1,2,0,0.0,0.0,inf,0.0
conformity,conformity,1,2,0,0.0,0.0,inf,0.0
respect,respect,1,3,0,0.0,0.0,inf,0.0
respublika,respublika,1,5,0,0.0,0.0,inf,0.0
restyle,restyle,2,2,0,0.0,0.0,inf,0.0
revenge,revenge,7,17,0,0.0,0.0,inf,0.0
demon,demon,2,2,0,0.0,0.0,inf,0.0
medal,medal,1,1,0,0.0,0.0,inf,0.0
review,review,2,2,0,0.0,0.0,inf,0.0
rezervd,rezervd,1,1,0,0.0,0.0,inf,0.0
rheinmetall,rheinmetall,1,1,0,0.0,0.0,inf,0.0
rhinestone,rhinestone,1,2,0,0.0,0.0,inf,0.0
mare,mare,1,1,0,0.0,0.0,inf,0.0
rica,rica,1,1,0,0.0,0.0,inf,0.0
riccardo,riccardo,1,1,0,0.0,0.0,inf,0.0
ricci,ricci,1,2,0,0.0,0.0,inf,0.0
rich,rich,2,3,0,0.0,0.0,inf,0.0
rickshop,rickshop,1,2,0,0.0,0.0,inf,0.0
right,right,3,12,0,0.0,0.0,inf,0.0
rikki,rikki,1,2,0,0.0,0.0,inf,0.0
hust,hust,1,2,0,0.0,0.0,inf,0.0
hipe,hipe,2,2,0,0.0,0.0,inf,0.0
riksi,riksi,1,1,0,0.0,0.0,inf,0.0
riky,riky,1,1,0,0.0,0.0,inf,0.0
ring,ring,1,1,0,0.0,0.0,inf,0.0
spun,spun,1,1,0,0.0,0.0,inf,0.0
rio,rio,1,1,0,0.0,0.0,inf,0.0
riodevision,riodevision,1,6,0,0.0,0.0,inf,0.0
divi,divi,1,1,0,0.0,0.0,inf,0.0
убд,убд,1,1,0,0.0,0.0,inf,0.0
цум,цум,2,2,0,0.0,0.0,inf,0.0
diviіion,дивиіион,1,2,0,0.0,0.0,inf,0.0
riotvision,riotvision,1,2,0,0.0,0.0,inf,0.0
rip,rip,7,41,0,0.0,0.0,inf,0.0
dip,dip,6,39,0,0.0,0.0,inf,0.0
curl,curl,1,2,0,0.0,0.0,inf,0.0
ripndip,ripndip,13,53,0,0.0,0.0,inf,0.0
nermaissance,nermaissance,1,1,0,0.0,0.0,inf,0.0
rise,rise,2,2,0,0.0,0.0,inf,0.0
rmdy,rmdy,1,1,0,0.0,0.0,inf,0.0
dream,dream,1,7,0,0.0,0.0,inf,0.0
road,road,1,7,0,0.0,0.0,inf,0.0
robishop,robishop,1,8,0,0.0,0.0,inf,0.0
communism,communism,2,8,0,0.0,0.0,inf,0.0
biz,biz,5,132,0,0.0,0.0,inf,0.0
chang,chang,3,4,0,0.0,0.0,inf,0.0
talisman,talisman,4,13,0,0.0,0.0,inf,0.0
rockabilia,rockabilia,1,1,0,0.0,0.0,inf,0.0
rockaway,rockaway,1,2,0,0.0,0.0,inf,0.0
rockbiz,rockbiz,1,9,0,0.0,0.0,inf,0.0
rockfellow,rockfellow,1,2,0,0.0,0.0,inf,0.0
rockmetalshop,rockmetalshop,1,1,0,0.0,0.0,inf,0.0
rocktail,rocktail,1,2,0,0.0,0.0,inf,0.0
rockwaybiz,rockwaybiz,1,1,0,0.0,0.0,inf,0.0
rockyway,rockyway,1,2,0,0.0,0.0,inf,0.0
roen,roen,1,1,0,0.0,0.0,inf,0.0
rogo,rogo,1,1,0,0.0,0.0,inf,0.0
rogue,rogue,3,5,0,0.0,0.0,inf,0.0
rok,rok,1,1,0,0.0,0.0,inf,0.0
empire,empire,3,3,0,0.0,0.0,inf,0.0
roman,roman,1,1,0,0.0,0.0,inf,0.0
romanova,romanova,2,6,0,0.0,0.0,inf,0.0
romanovashop,romanovashop,1,5,0,0.0,0.0,inf,0.0
rome,rome,1,1,0,0.0,0.0,inf,0.0
rommax,rommax,1,1,0,0.0,0.0,inf,0.0
romwe,romwe,1,3,0,0.0,0.0,inf,0.0
rooh,rooh,1,6,0,0.0,0.0,inf,0.0
roomova,roomova,1,6,0,0.0,0.0,inf,0.0
roomovaa,roomovaa,1,3,0,0.0,0.0,inf,0.0
roots,roots,1,4,0,0.0,0.0,inf,0.0
christ,christ,2,9,0,0.0,0.0,inf,0.0
rotting,rotting,2,9,0,0.0,0.0,inf,0.0
rouge,rouge,1,4,0,0.0,0.0,inf,0.0
rough,rough,1,5,0,0.0,0.0,inf,0.0
rovero,rovero,1,2,0,0.0,0.0,inf,0.0
rowdy,rowdy,2,27,0,0.0,0.0,inf,0.0
roy,roy,1,1,0,0.0,0.0,inf,0.0
roza,roza,2,2,0,0.0,0.0,inf,0.0
rozetka,rozetka,2,3,0,0.0,0.0,inf,0.0
rozmova,rozmova,1,1,0,0.0,0.0,inf,0.0
rsnpzd,rsnpzd,3,15,0,0.0,0.0,inf,0.0
rsotm,rsotm,1,1,0,0.0,0.0,inf,0.0
rtf,rtf,2,2,0,0.0,0.0,inf,0.0
usyk,usyk,4,8,0,0.0,0.0,inf,0.0
rtfight,rtfight,1,1,0,0.0,0.0,inf,0.0
rubae,rubae,1,2,0,0.0,0.0,inf,0.0
ruby,ruby,1,3,0,0.0,0.0,inf,0.0
hatchet,hatchet,1,3,0,0.0,0.0,inf,0.0
rue,rue,1,1,0,0.0,0.0,inf,0.0
rugatchi,rugatchi,1,1,0,0.0,0.0,inf,0.0
ruh,ruh,1,1,0,0.0,0.0,inf,0.0
bryuki,bryuki,1,1,0,0.0,0.0,inf,0.0
ruki,ruki,1,1,0,0.0,0.0,inf,0.0
rummy,rummy,3,5,0,0.0,0.0,inf,0.0
runa,runa,2,3,0,0.0,0.0,inf,0.0
runic,runic,2,110,0,0.0,0.0,inf,0.0
storm,storm,1,109,0,0.0,0.0,inf,0.0
runicstorm,runicstorm,1,20,0,0.0,0.0,inf,0.0
rus,rus,1,1,0,0.0,0.0,inf,0.0
rusnia,rusnia,1,1,0,0.0,0.0,inf,0.0
mafia,mafia,1,1,0,0.0,0.0,inf,0.0
order,order,1,1,0,0.0,0.0,inf,0.0
rust,rust,3,7,0,0.0,0.0,inf,0.0
rusultras,rusultras,1,1,0,0.0,0.0,inf,0.0
rvca,rvca,1,1,0,0.0,0.0,inf,0.0
rxloss,rxloss,1,1,0,0.0,0.0,inf,0.0
rydel,rydel,1,1,0,0.0,0.0,inf,0.0
ryke,ryke,1,1,0,0.0,0.0,inf,0.0
wolfpack,wolfpack,1,1,0,0.0,0.0,inf,0.0
sabaton,sabaton,3,3,0,0.0,0.0,inf,0.0
sabi,sabi,1,1,0,0.0,0.0,inf,0.0
sacrifice,sacrifice,1,1,0,0.0,0.0,inf,0.0
sadsvit,sadsvit,5,12,0,0.0,0.0,inf,0.0
saebis,saebis,2,4,0,0.0,0.0,inf,0.0
sailor,sailor,1,1,0,0.0,0.0,inf,0.0
jerry,jerry,1,1,0,0.0,0.0,inf,0.0
saint,saint,17,108,0,0.0,0.0,inf,0.0
javelin,javelin,4,74,0,0.0,0.0,inf,0.0
joseph,joseph,1,1,0,0.0,0.0,inf,0.0
kaizen,kaizen,1,6,0,0.0,0.0,inf,0.0
pearl,pearl,2,19,0,0.0,0.0,inf,0.0
van,van,3,5,0,0.0,0.0,inf,0.0
saints,saints,2,2,0,0.0,0.0,inf,0.0
yant,yant,1,1,0,0.0,0.0,inf,0.0
sak,sak,1,1,0,0.0,0.0,inf,0.0
sakura,sakura,1,1,0,0.0,0.0,inf,0.0
salem,salem,1,1,0,0.0,0.0,inf,0.0
salewa,salewa,2,2,0,0.0,0.0,inf,0.0
salty,salty,2,2,0,0.0,0.0,inf,0.0
tentacles,tentacles,1,1,0,0.0,0.0,inf,0.0
sammy,sammy,1,1,0,0.0,0.0,inf,0.0
samokhvalov,samokhvalov,1,4,0,0.0,0.0,inf,0.0
sandistore,sandistore,1,1,0,0.0,0.0,inf,0.0
sangvinik,sangvinik,2,2,0,0.0,0.0,inf,0.0
jessee,jessee,1,3,0,0.0,0.0,inf,0.0
santa,santa,9,22,0,0.0,0.0,inf,0.0
jason,jason,1,3,0,0.0,0.0,inf,0.0
cruz,cruz,6,13,0,0.0,0.0,inf,0.0
sarcasm,sarcasm,5,28,0,0.0,0.0,inf,0.0
akkad,akkad,1,2,0,0.0,0.0,inf,0.0
sargon,sargon,1,2,0,0.0,0.0,inf,0.0
satan,satan,5,9,0,0.0,0.0,inf,0.0
satanic,satanic,1,1,0,0.0,0.0,inf,0.0
satanshop,satanshop,1,1,0,0.0,0.0,inf,0.0
mothtech,mothtech,1,1,0,0.0,0.0,inf,0.0
satisfy,satisfy,1,1,0,0.0,0.0,inf,0.0
satoshi,satoshi,1,1,0,0.0,0.0,inf,0.0
nakamoto,nakamoto,1,1,0,0.0,0.0,inf,0.0
saturno,saturno,1,11,0,0.0,0.0,inf,0.0
satyricon,satyricon,1,1,0,0.0,0.0,inf,0.0
tacticians,tacticians,1,3,0,0.0,0.0,inf,0.0
savage,savage,1,3,0,0.0,0.0,inf,0.0
savastone,savastone,1,9,0,0.0,0.0,inf,0.0
urbanity,urbanity,1,26,0,0.0,0.0,inf,0.0
saw,saw,1,26,0,0.0,0.0,inf,0.0
sawurbanity,sawurbanity,1,1,0,0.0,0.0,inf,0.0
saysky,saysky,1,3,0,0.0,0.0,inf,0.0
saywear,saywear,1,1,0,0.0,0.0,inf,0.0
sb21,sb21,1,1,0,0.0,0.0,inf,0.0
sbd,sbd,2,5,0,0.0,0.0,inf,0.0
sca,sca,1,1,0,0.0,0.0,inf,0.0
scarface,scarface,1,1,0,0.0,0.0,inf,0.0
scastone,scastone,1,5,0,0.0,0.0,inf,0.0
scene,scene,1,2,0,0.0,0.0,inf,0.0
sclo,sclo,1,5,0,0.0,0.0,inf,0.0
scofers,scofers,1,1,0,0.0,0.0,inf,0.0
scorpion,scorpion,1,1,0,0.0,0.0,inf,0.0
bay,bay,1,1,0,0.0,0.0,inf,0.0
scorpions,scorpions,2,2,0,0.0,0.0,inf,0.0
merchandise,merchandise,2,2,0,0.0,0.0,inf,0.0
scream,scream,2,12,0,0.0,0.0,inf,0.0
scripka,scripka,1,1,0,0.0,0.0,inf,0.0
scuffers,scuffers,7,56,0,0.0,0.0,inf,0.0
seaggs,seaggs,1,1,0,0.0,0.0,inf,0.0
seasend,seasend,1,3,0,0.0,0.0,inf,0.0
season,season,4,16,0,0.0,0.0,inf,0.0
mist,mist,1,12,0,0.0,0.0,inf,0.0
secretgarden,secretgarden,1,1,0,0.0,0.0,inf,0.0
section,section,1,7,0,0.0,0.0,inf,0.0
sectorx,sectorx,1,2,0,0.0,0.0,inf,0.0
sela,sela,1,1,0,0.0,0.0,inf,0.0
select,select,1,1,0,0.0,0.0,inf,0.0
form,form,1,1,0,0.0,0.0,inf,0.0
self,self,1,1,0,0.0,0.0,inf,0.0
sematary,sematary,3,9,0,0.0,0.0,inf,0.0
semesyuk,semesyuk,1,1,0,0.0,0.0,inf,0.0
sempiternal,sempiternal,1,2,0,0.0,0.0,inf,0.0
senclo,senclo,1,1,0,0.0,0.0,inf,0.0
sensei,sensei,1,1,0,0.0,0.0,inf,0.0
sepultura,sepultura,2,6,0,0.0,0.0,inf,0.0
seraphim,seraphim,1,2,0,0.0,0.0,inf,0.0
serdenko,serdenko,2,33,0,0.0,0.0,inf,0.0
ukr,ukr,2,32,0,0.0,0.0,inf,0.0
served,served,1,2,0,0.0,0.0,inf,0.0
setfol,setfol,2,6,0,0.0,0.0,inf,0.0
seven,seven,7,31,0,0.0,0.0,inf,0.0
sins,sins,1,1,0,0.0,0.0,inf,0.0
sevenhil,sevenhil,1,1,0,0.0,0.0,inf,0.0
sevenlab,sevenlab,1,1,0,0.0,0.0,inf,0.0
seventeen,seventeen,1,1,0,0.0,0.0,inf,0.0
sewing,sewing,2,5,0,0.0,0.0,inf,0.0
seychas,seychas,1,1,0,0.0,0.0,inf,0.0
seyr,seyr,1,2,0,0.0,0.0,inf,0.0
sezone,sezone,1,1,0,0.0,0.0,inf,0.0
sfera,sfera,1,2,0,0.0,0.0,inf,0.0
shaba,shaba,1,1,0,0.0,0.0,inf,0.0
shafa,shafa,1,7,0,0.0,0.0,inf,0.0
shaka,shaka,1,1,0,0.0,0.0,inf,0.0
shambala,shambala,1,1,0,0.0,0.0,inf,0.0
sharingan,sharingan,1,1,0,0.0,0.0,inf,0.0
sharks,sharks,1,1,0,0.0,0.0,inf,0.0
sharm,sharm,2,4,0,0.0,0.0,inf,0.0
shein,shein,2,2,0,0.0,0.0,inf,0.0
sherocco,sherocco,1,1,0,0.0,0.0,inf,0.0
sheset,sheset,1,2,0,0.0,0.0,inf,0.0
shevron,shevron,1,1,0,0.0,0.0,inf,0.0
sheydov,sheydov,1,2,0,0.0,0.0,inf,0.0
shift,shift,3,31,0,0.0,0.0,inf,0.0
shikardos,shikardos,3,9,0,0.0,0.0,inf,0.0
shinigami,shinigami,4,63,0,0.0,0.0,inf,0.0
shiva,shiva,1,5,0,0.0,0.0,inf,0.0
shivashop,shivashop,1,2,0,0.0,0.0,inf,0.0
sailasa,sailasa,1,1,0,0.0,0.0,inf,0.0
vid,vid,1,1,0,0.0,0.0,inf,0.0
shmotki,shmotki,1,2,0,0.0,0.0,inf,0.0
shobsho,shobsho,1,2,0,0.0,0.0,inf,0.0
shogun,shogun,1,1,0,0.0,0.0,inf,0.0
shonenwear,shonenwear,1,1,0,0.0,0.0,inf,0.0
afterlife,afterlife,1,6,0,0.0,0.0,inf,0.0
critrole,critrole,1,1,0,0.0,0.0,inf,0.0
shopchik,shopchik,1,1,0,0.0,0.0,inf,0.0
shrapnel,shrapnel,2,3,0,0.0,0.0,inf,0.0
shrike,shrike,1,1,0,0.0,0.0,inf,0.0
shveyka,shveyka,1,2,0,0.0,0.0,inf,0.0
shweyka,shweyka,1,8,0,0.0,0.0,inf,0.0
shwkclothing,shwkclothing,1,4,0,0.0,0.0,inf,0.0
shyne,shyne,3,10,0,0.0,0.0,inf,0.0
sich,sich,1,7,0,0.0,0.0,inf,0.0
sidletskiy,sidletskiy,1,1,0,0.0,0.0,inf,0.0
signature,signature,1,2,0,0.0,0.0,inf,0.0
signum,signum,1,8,0,0.0,0.0,inf,0.0
sil,sil,2,51,0,0.0,0.0,inf,0.0
silence,silence,1,1,0,0.0,0.0,inf,0.0
darkness,darkness,2,2,0,0.0,0.0,inf,0.0
siluet,siluet,1,1,0,0.0,0.0,inf,0.0
silver,silver,2,20,0,0.0,0.0,inf,0.0
silverstein,silverstein,2,3,0,0.0,0.0,inf,0.0
silwear,silwear,2,63,0,0.0,0.0,inf,0.0
simbiosis,simbiosis,1,6,0,0.0,0.0,inf,0.0
simon,simon,1,1,0,0.0,0.0,inf,0.0
riley,riley,1,1,0,0.0,0.0,inf,0.0
sindicat,sindicat,1,1,0,0.0,0.0,inf,0.0
sindicate,sindicate,1,1,0,0.0,0.0,inf,0.0
sindikat,sindikat,2,22,0,0.0,0.0,inf,0.0
singleprint,singleprint,1,2,0,0.0,0.0,inf,0.0
sinister,sinister,1,1,0,0.0,0.0,inf,0.0
attire,attire,1,1,0,0.0,0.0,inf,0.0
sinners,sinners,1,1,0,0.0,0.0,inf,0.0
похожие,похож,2,2,0,0.0,0.0,inf,0.0
rhosis,rhosis,1,3,0,0.0,0.0,inf,0.0
sir,sir,1,3,0,0.0,0.0,inf,0.0
seekers,seekers,2,4,0,0.0,0.0,inf,0.0
sisters,sisters,3,5,0,0.0,0.0,inf,0.0
mercy,mercy,3,5,0,0.0,0.0,inf,0.0
sistynine,sistynine,1,1,0,0.0,0.0,inf,0.0
zeroes,zeroes,1,1,0,0.0,0.0,inf,0.0
sixlab,sixlab,1,5,0,0.0,0.0,inf,0.0
sixnine,sixnine,3,39,0,0.0,0.0,inf,0.0
sixty,sixty,3,24,0,0.0,0.0,inf,0.0
sixtynine,sixtynine,9,111,0,0.0,0.0,inf,0.0
купон,купон,1,5,0,0.0,0.0,inf,0.0
sixtynineshirt,sixtynineshirt,1,2,0,0.0,0.0,inf,0.0
sixtyninr,sixtyninr,1,1,0,0.0,0.0,inf,0.0
sixzero,sixzero,1,1,0,0.0,0.0,inf,0.0
sixzeroes,sixzeroes,1,2,0,0.0,0.0,inf,0.0
sixzeros,sixzeros,3,91,0,0.0,0.0,inf,0.0
siyah,siyah,1,1,0,0.0,0.0,inf,0.0
siz,siz,1,5,0,0.0,0.0,inf,0.0
matters,matters,1,1,0,0.0,0.0,inf,0.0
skely,skely,1,1,0,0.0,0.0,inf,0.0
skepta,skepta,1,1,0,0.0,0.0,inf,0.0
greatness,greatness,1,1,0,0.0,0.0,inf,0.0
skhvatka,skhvatka,2,5,0,0.0,0.0,inf,0.0
skidan,skidan,2,8,0,0.0,0.0,inf,0.0
skillet,skillet,1,1,0,0.0,0.0,inf,0.0
skills,skills,1,1,0,0.0,0.0,inf,0.0
sklep,sklep,1,1,0,0.0,0.0,inf,0.0
tmk,tmk,1,1,0,0.0,0.0,inf,0.0
sklo,sklo,3,92,0,0.0,0.0,inf,0.0
sklowear,sklowear,1,7,0,0.0,0.0,inf,0.0
skrypka,skrypka,1,1,0,0.0,0.0,inf,0.0
vlone,vlone,4,6,0,0.0,0.0,inf,0.0
roses,roses,2,3,0,0.0,0.0,inf,0.0
skullhong,skullhong,1,2,0,0.0,0.0,inf,0.0
skullpig,skullpig,1,1,0,0.0,0.0,inf,0.0
skyfall,skyfall,1,11,0,0.0,0.0,inf,0.0
skyrock,skyrock,1,1,0,0.0,0.0,inf,0.0
prevail,prevail,2,2,0,0.0,0.0,inf,0.0
slaughter,slaughter,2,2,0,0.0,0.0,inf,0.0
ukraini,ukraini,1,1,0,0.0,0.0,inf,0.0
slava,slava,1,1,0,0.0,0.0,inf,0.0
slavni,slavni,1,2,0,0.0,0.0,inf,0.0
slayer,slayer,3,7,0,0.0,0.0,inf,0.0
slazenger,slazenger,4,6,0,0.0,0.0,inf,0.0
token,token,8,30,0,0.0,0.0,inf,0.0
sleep,sleep,11,43,0,0.0,0.0,inf,0.0
sirens,sirens,1,1,0,0.0,0.0,inf,0.0
sleeping,sleeping,1,1,0,0.0,0.0,inf,0.0
slipknot,slipknot,9,19,0,0.0,0.0,inf,0.0
slippclot,slippclot,1,1,0,0.0,0.0,inf,0.0
slp,slp,1,1,0,0.0,0.0,inf,0.0
slumerican,slumerican,1,1,0,0.0,0.0,inf,0.0
slyji,slyji,1,1,0,0.0,0.0,inf,0.0
smach,smach,1,5,0,0.0,0.0,inf,0.0
smah,smah,1,2,0,0.0,0.0,inf,0.0
text,text,2,2,0,0.0,0.0,inf,0.0
smash,smash,28,255,0,0.0,0.0,inf,0.0
smek,smek,1,1,0,0.0,0.0,inf,0.0
smesh,smesh,1,7,0,0.0,0.0,inf,0.0
smil,smil,1,1,0,0.0,0.0,inf,0.0
smilo,smilo,1,1,0,0.0,0.0,inf,0.0
smth,smth,3,16,0,0.0,0.0,inf,0.0
underwear,underwear,1,3,0,0.0,0.0,inf,0.0
snash,snash,1,1,0,0.0,0.0,inf,0.0
sndkt,sndkt,1,2,0,0.0,0.0,inf,0.0
snoopy,snoopy,1,2,0,0.0,0.0,inf,0.0
snowboard,snowboard,1,1,0,0.0,0.0,inf,0.0
soad,soad,2,2,0,0.0,0.0,inf,0.0
killed,killed,3,4,0,0.0,0.0,inf,0.0
sof,sof,4,83,0,0.0,0.0,inf,0.0
soho,soho,3,9,0,0.0,0.0,inf,0.0
soiko,soiko,1,3,0,0.0,0.0,inf,0.0
sol,sol,2,2,0,0.0,0.0,inf,0.0
solar,solar,1,1,0,0.0,0.0,inf,0.0
solmar,solmar,3,7,0,0.0,0.0,inf,0.0
solnyshkina,solnyshkina,1,1,0,0.0,0.0,inf,0.0
solomadistrict,solomadistrict,1,8,0,0.0,0.0,inf,0.0
solomono,solomono,1,1,0,0.0,0.0,inf,0.0
solovey,solovey,1,1,0,0.0,0.0,inf,0.0
sombr,sombr,1,1,0,0.0,0.0,inf,0.0
somebody,somebody,2,2,0,0.0,0.0,inf,0.0
loves,loves,2,2,0,0.0,0.0,inf,0.0
sonic,sonic,2,16,0,0.0,0.0,inf,0.0
sonic24,sonic24,1,1,0,0.0,0.0,inf,0.0
sonner,sonner,1,9,0,0.0,0.0,inf,0.0
vinden,vinden,2,10,0,0.0,0.0,inf,0.0
anarchy,anarchy,4,23,0,0.0,0.0,inf,0.0
posadka,posadka,1,23,0,0.0,0.0,inf,0.0
sort,sort,4,92,0,0.0,0.0,inf,0.0
sortcompany,sortcompany,2,23,0,0.0,0.0,inf,0.0
sortgang,sortgang,1,1,0,0.0,0.0,inf,0.0
sosala,sosala,1,1,0,0.0,0.0,inf,0.0
south,south,2,6,0,0.0,0.0,inf,0.0
southside,southside,1,1,0,0.0,0.0,inf,0.0
cosmic,cosmic,1,1,0,0.0,0.0,inf,0.0
variations,variations,1,2,0,0.0,0.0,inf,0.0
spadshchyna,spadshchyna,1,5,0,0.0,0.0,inf,0.0
sparring,sparring,2,3,0,0.0,0.0,inf,0.0
sparta,sparta,1,1,0,0.0,0.0,inf,0.0
spazio,spazio,1,1,0,0.0,0.0,inf,0.0
body21,body21,1,1,0,0.0,0.0,inf,0.0
spiral,spiral,2,4,0,0.0,0.0,inf,0.0
direct,direct,1,2,0,0.0,0.0,inf,0.0
spitfire,spitfire,2,2,0,0.0,0.0,inf,0.0
spleesk,spleesk,1,22,0,0.0,0.0,inf,0.0
split,split,3,15,0,0.0,0.0,inf,0.0
splunk,splunk,1,1,0,0.0,0.0,inf,0.0
sportcity,sportcity,1,1,0,0.0,0.0,inf,0.0
sportmal,sportmal,1,1,0,0.0,0.0,inf,0.0
sportmaster,sportmaster,1,2,0,0.0,0.0,inf,0.0
sportpacks,sportpacks,1,1,0,0.0,0.0,inf,0.0
sprayground,sprayground,3,3,0,0.0,0.0,inf,0.0
springfield,springfield,1,2,0,0.0,0.0,inf,0.0
squadshop,squadshop,1,2,0,0.0,0.0,inf,0.0
sraff,sraff,1,2,0,0.0,0.0,inf,0.0
sroom,sroom,1,1,0,0.0,0.0,inf,0.0
ssairweb,ssairweb,1,2,0,0.0,0.0,inf,0.0
ssmerch,ssmerch,1,7,0,0.0,0.0,inf,0.0
ssstufff,ssstufff,1,13,0,0.0,0.0,inf,0.0
odessa,odessa,1,3,0,0.0,0.0,inf,0.0
staf,staf,1,8,0,0.0,0.0,inf,0.0
вінниця,віннит^,9,30,0,0.0,0.0,inf,0.0
staffshop,staffshop,1,1,0,0.0,0.0,inf,0.0
stahova,stahova,1,1,0,0.0,0.0,inf,0.0
stalker,stalker,9,19,0,0.0,0.0,inf,0.0
stand,stand,2,3,0,0.0,0.0,inf,0.0
stella,stella,1,1,0,0.0,0.0,inf,0.0
stanley,stanley,1,1,0,0.0,0.0,inf,0.0
berry,berry,1,7,0,0.0,0.0,inf,0.0
shopping,shopping,1,1,0,0.0,0.0,inf,0.0
starberi,starberi,1,2,0,0.0,0.0,inf,0.0
starboy,starboy,2,2,0,0.0,0.0,inf,0.0
statesofmind,statesofmind,1,1,0,0.0,0.0,inf,0.0
status,status,1,1,0,0.0,0.0,inf,0.0
attitude,attitude,1,1,0,0.0,0.0,inf,0.0
violent,violent,1,2,0,0.0,0.0,inf,0.0
staycold,staycold,2,2,0,0.0,0.0,inf,0.0
staycoldapparel,staycoldapparel,1,1,0,0.0,0.0,inf,0.0
sted,sted,1,1,0,0.0,0.0,inf,0.0
stedman,stedman,2,2,0,0.0,0.0,inf,0.0
stenosis,stenosis,1,1,0,0.0,0.0,inf,0.0
stepan,stepan,2,7,0,0.0,0.0,inf,0.0
sternenko,sternenko,3,114,0,0.0,0.0,inf,0.0
yet,yet,1,1,0,0.0,0.0,inf,0.0
still,still,1,1,0,0.0,0.0,inf,0.0
stilove,stilove,3,95,0,0.0,0.0,inf,0.0
stima,stima,1,2,0,0.0,0.0,inf,0.0
stimma,stimma,1,4,0,0.0,0.0,inf,0.0
stk,stk,1,26,0,0.0,0.0,inf,0.0
katin,katin,1,1,0,0.0,0.0,inf,0.0
stl,stl,1,1,0,0.0,0.0,inf,0.0
stlvclub,stlvclub,3,57,0,0.0,0.0,inf,0.0
sour,sour,1,2,0,0.0,0.0,inf,0.0
stoner,stoner,1,2,0,0.0,0.0,inf,0.0
99s,99s,1,1,0,0.0,0.0,inf,0.0
ukrainer,ukrainer,3,8,0,0.0,0.0,inf,0.0
straberry,straberry,1,1,0,0.0,0.0,inf,0.0
доставка,доставк,2,2,0,0.0,0.0,inf,0.0
stradivarius,stradivarius,1,1,0,0.0,0.0,inf,0.0
edge,edge,8,38,0,0.0,0.0,inf,0.0
things,things,1,1,0,0.0,0.0,inf,0.0
stranger,stranger,1,1,0,0.0,0.0,inf,0.0
cow,cow,1,1,0,0.0,0.0,inf,0.0
strawberry,strawberry,7,18,0,0.0,0.0,inf,0.0
streetclothes,streetclothes,1,1,0,0.0,0.0,inf,0.0
streetflexss,streetflexss,1,1,0,0.0,0.0,inf,0.0
streetlife,streetlife,1,4,0,0.0,0.0,inf,0.0
streetstyle,streetstyle,1,1,0,0.0,0.0,inf,0.0
streetx,streetx,1,1,0,0.0,0.0,inf,0.0
strela,strela,1,1,0,0.0,0.0,inf,0.0
strella,strella,4,21,0,0.0,0.0,inf,0.0
stretch,stretch,3,3,0,0.0,0.0,inf,0.0
easy,easy,2,2,0,0.0,0.0,inf,0.0
striped,striped,1,1,0,0.0,0.0,inf,0.0
strong,strong,1,3,0,0.0,0.0,inf,0.0
strtcd,strtcd,1,1,0,0.0,0.0,inf,0.0
sttaff,sttaff,1,1,0,0.0,0.0,inf,0.0
shibuya,shibuya,1,2,0,0.0,0.0,inf,0.0
sturm,sturm,1,1,0,0.0,0.0,inf,0.0
stussy,stussy,16,36,0,0.0,0.0,inf,0.0
stvclub,stvclub,1,1,0,0.0,0.0,inf,0.0
stvl,stvl,2,118,0,0.0,0.0,inf,0.0
stvory,stvory,2,4,0,0.0,0.0,inf,0.0
stwd,stwd,1,2,0,0.0,0.0,inf,0.0
styleclub,styleclub,1,1,0,0.0,0.0,inf,0.0
styleprint,styleprint,1,2,0,0.0,0.0,inf,0.0
sua,sua,1,3,0,0.0,0.0,inf,0.0
subcarpati,subcarpati,1,4,0,0.0,0.0,inf,0.0
subliminal,subliminal,1,2,0,0.0,0.0,inf,0.0
sueta,sueta,2,4,0,0.0,0.0,inf,0.0
suffocation,suffocation,1,1,0,0.0,0.0,inf,0.0
suicideboys,suicideboys,6,48,0,0.0,0.0,inf,0.0
sum,sum,2,4,0,0.0,0.0,inf,0.0
luxury,luxury,1,1,0,0.0,0.0,inf,0.0
summit,summit,1,1,0,0.0,0.0,inf,0.0
summoning,summoning,1,1,0,0.0,0.0,inf,0.0
sumwon,sumwon,1,1,0,0.0,0.0,inf,0.0
sundruk,sundruk,1,2,0,0.0,0.0,inf,0.0
sunset,sunset,6,36,0,0.0,0.0,inf,0.0
goons,goons,6,36,0,0.0,0.0,inf,0.0
sunspel,sunspel,1,1,0,0.0,0.0,inf,0.0
sunvel,sunvel,1,1,0,0.0,0.0,inf,0.0
super,super,4,5,0,0.0,0.0,inf,0.0
suka,suka,2,2,0,0.0,0.0,inf,0.0
sun,sun,2,4,0,0.0,0.0,inf,0.0
superdry,superdry,3,3,0,0.0,0.0,inf,0.0
superfutbolka,superfutbolka,1,1,0,0.0,0.0,inf,0.0
superhumans,superhumans,2,12,0,0.0,0.0,inf,0.0
supermade,supermade,1,4,0,0.0,0.0,inf,0.0
supersklep,supersklep,1,1,0,0.0,0.0,inf,0.0
superstep,superstep,1,1,0,0.0,0.0,inf,0.0
demand,demand,1,2,0,0.0,0.0,inf,0.0
vandals,vandals,1,2,0,0.0,0.0,inf,0.0
locals,locals,1,1,0,0.0,0.0,inf,0.0
sure,sure,1,1,0,0.0,0.0,inf,0.0
yuga,yuga,1,1,0,0.0,0.0,inf,0.0
svarga,svarga,1,2,0,0.0,0.0,inf,0.0
svasto,svasto,1,4,0,0.0,0.0,inf,0.0
svaston,svaston,1,66,0,0.0,0.0,inf,0.0
fern,fern,1,4,0,0.0,0.0,inf,0.0
wolfzeit,wolfzeit,1,2,0,0.0,0.0,inf,0.0
svitshop,svitshop,1,1,0,0.0,0.0,inf,0.0
svmoscow,svmoscow,1,1,0,0.0,0.0,inf,0.0
tri,tri,2,5,0,0.0,0.0,inf,0.0
svojost,svojost,1,1,0,0.0,0.0,inf,0.0
svynosobacha,svynosobacha,1,2,0,0.0,0.0,inf,0.0
swa,swa,1,12,0,0.0,0.0,inf,0.0
swaggy,swaggy,1,2,0,0.0,0.0,inf,0.0
swash,swash,1,1,0,0.0,0.0,inf,0.0
swastin,swastin,1,2,0,0.0,0.0,inf,0.0
swaston,swaston,1,17,0,0.0,0.0,inf,0.0
swathe,swathe,2,3,0,0.0,0.0,inf,0.0
damen,damen,1,1,0,0.0,0.0,inf,0.0
short,short,1,1,0,0.0,0.0,inf,0.0
sweatshirts,sweatshirts,1,1,0,0.0,0.0,inf,0.0
sweet,sweet,1,3,0,0.0,0.0,inf,0.0
sweetwear,sweetwear,1,1,0,0.0,0.0,inf,0.0
sweyka,sweyka,1,1,0,0.0,0.0,inf,0.0
sxe,sxe,1,1,0,0.0,0.0,inf,0.0
symbiosis,symbiosis,3,18,0,0.0,0.0,inf,0.0
syndicat,syndicat,1,2,0,0.0,0.0,inf,0.0
synestia,synestia,1,1,0,0.0,0.0,inf,0.0
synical,synical,1,2,0,0.0,0.0,inf,0.0
synonyms,synonyms,1,3,0,0.0,0.0,inf,0.0
syxed,syxed,1,1,0,0.0,0.0,inf,0.0
nner,nner,1,1,0,0.0,0.0,inf,0.0
fest,fest,1,1,0,0.0,0.0,inf,0.0
birds,birds,1,1,0,0.0,0.0,inf,0.0
atlantic,atlantic,1,1,0,0.0,0.0,inf,0.0
damned,damned,1,1,0,0.0,0.0,inf,0.0
escalade,escalade,1,2,0,0.0,0.0,inf,0.0
couples,couples,1,1,0,0.0,0.0,inf,0.0
possessed,possessed,1,2,0,0.0,0.0,inf,0.0
sagittarius,sagittarius,1,6,0,0.0,0.0,inf,0.0
techno,techno,5,8,0,0.0,0.0,inf,0.0
traditional,traditional,1,1,0,0.0,0.0,inf,0.0
tattoo,tattoo,6,25,0,0.0,0.0,inf,0.0
veterans,veterans,2,4,0,0.0,0.0,inf,0.0
skulls,skulls,1,1,0,0.0,0.0,inf,0.0
taboo,taboo,6,38,0,0.0,0.0,inf,0.0
tabooclothes,tabooclothes,1,1,0,0.0,0.0,inf,0.0
tactica,tactica,1,1,0,0.0,0.0,inf,0.0
post,post,1,1,0,0.0,0.0,inf,0.0
ride,ride,1,1,0,0.0,0.0,inf,0.0
tadow,tadow,1,4,0,0.0,0.0,inf,0.0
tadowstore,tadowstore,1,5,0,0.0,0.0,inf,0.0
tailored,tailored,1,1,0,0.0,0.0,inf,0.0
take,take,2,2,0,0.0,0.0,inf,0.0
pills,pills,1,1,0,0.0,0.0,inf,0.0
weijl,weijl,1,1,0,0.0,0.0,inf,0.0
tally,tally,1,1,0,0.0,0.0,inf,0.0
tamara,tamara,1,3,0,0.0,0.0,inf,0.0
zukina,zukina,1,3,0,0.0,0.0,inf,0.0
tanuki,tanuki,1,1,0,0.0,0.0,inf,0.0
bulba,bulba,1,3,0,0.0,0.0,inf,0.0
taras,taras,1,3,0,0.0,0.0,inf,0.0
card,card,1,2,0,0.0,0.0,inf,0.0
tatami,tatami,1,1,0,0.0,0.0,inf,0.0
sweaters,sweaters,1,6,0,0.0,0.0,inf,0.0
tattoosweaters,tattoosweaters,2,2,0,0.0,0.0,inf,0.0
tatysho,tatysho,1,2,0,0.0,0.0,inf,0.0
tds,tds,1,1,0,0.0,0.0,inf,0.0
teamsesh,teamsesh,2,17,0,0.0,0.0,inf,0.0
teamv,teamv,2,7,0,0.0,0.0,inf,0.0
tearz,tearz,1,4,0,0.0,0.0,inf,0.0
techwear,techwear,2,3,0,0.0,0.0,inf,0.0
teen,teen,1,1,0,0.0,0.0,inf,0.0
teenhearts,teenhearts,1,5,0,0.0,0.0,inf,0.0
teens,teens,1,2,0,0.0,0.0,inf,0.0
teepublic,teepublic,1,1,0,0.0,0.0,inf,0.0
teeshirts,teeshirts,1,14,0,0.0,0.0,inf,0.0
teeth,teeth,1,2,0,0.0,0.0,inf,0.0
teiwaz,teiwaz,2,13,0,0.0,0.0,inf,0.0
tek,tek,1,1,0,0.0,0.0,inf,0.0
tempest,tempest,1,1,0,0.0,0.0,inf,0.0
tensin,tensin,1,1,0,0.0,0.0,inf,0.0
teos,teos,1,1,0,0.0,0.0,inf,0.0
teren,teren,1,1,0,0.0,0.0,inf,0.0
termit,termit,4,8,0,0.0,0.0,inf,0.0
terra,terra,2,4,0,0.0,0.0,inf,0.0
incognita,incognita,2,4,0,0.0,0.0,inf,0.0
terranova,terranova,2,4,0,0.0,0.0,inf,0.0
pratchett,pratchett,1,1,0,0.0,0.0,inf,0.0
teveo,teveo,1,1,0,0.0,0.0,inf,0.0
tezenis,tezenis,2,2,0,0.0,0.0,inf,0.0
beard,beard,1,1,0,0.0,0.0,inf,0.0
struggle,struggle,1,1,0,0.0,0.0,inf,0.0
bucks,bucks,2,7,0,0.0,0.0,inf,0.0
cure,cure,1,2,0,0.0,0.0,inf,0.0
raging,raging,1,2,0,0.0,0.0,inf,0.0
dot,dot,1,1,0,0.0,0.0,inf,0.0
fool,fool,1,1,0,0.0,0.0,inf,0.0
glitch,glitch,1,1,0,0.0,0.0,inf,0.0
mob,mob,1,1,0,0.0,0.0,inf,0.0
hive,hive,1,1,0,0.0,0.0,inf,0.0
homies,homies,2,7,0,0.0,0.0,inf,0.0
hundreds,hundreds,1,1,0,0.0,0.0,inf,0.0
riddick,riddick,1,1,0,0.0,0.0,inf,0.0
lace,lace,1,1,0,0.0,0.0,inf,0.0
nbhd,nbhd,1,1,0,0.0,0.0,inf,0.0
show,show,1,1,0,0.0,0.0,inf,0.0
plot,plot,1,1,0,0.0,0.0,inf,0.0
roxx,roxx,1,1,0,0.0,0.0,inf,0.0
smiths,smiths,1,2,0,0.0,0.0,inf,0.0
spell,spell,1,3,0,0.0,0.0,inf,0.0
unsleeping,unsleeping,1,2,0,0.0,0.0,inf,0.0
weeknd,weeknd,4,5,0,0.0,0.0,inf,0.0
race,race,2,2,0,0.0,0.0,inf,0.0
witcher,witcher,3,5,0,0.0,0.0,inf,0.0
themadness,themadness,1,1,0,0.0,0.0,inf,0.0
commreconco,commreconco,1,1,0,0.0,0.0,inf,0.0
theneiborhood,theneiborhood,1,2,0,0.0,0.0,inf,0.0
these,these,1,1,0,0.0,0.0,inf,0.0
thick,thick,1,1,0,0.0,0.0,inf,0.0
thirteen,thirteen,2,3,0,0.0,0.0,inf,0.0
thirty,thirty,1,1,0,0.0,0.0,inf,0.0
seconds,seconds,1,1,0,0.0,0.0,inf,0.0
this,this,1,1,0,0.0,0.0,inf,0.0
steinar,steinar,20,128,0,0.0,0.0,inf,0.0
flower,flower,1,2,0,0.0,0.0,inf,0.0
thornhill,thornhill,1,2,0,0.0,0.0,inf,0.0
magazine,magazine,1,1,0,0.0,0.0,inf,0.0
розовый,розов,47,118,0,0.0,0.0,inf,0.0
threadfast,threadfast,1,1,0,0.0,0.0,inf,0.0
threadless,threadless,1,1,0,0.0,0.0,inf,0.0
three,three,4,8,0,0.0,0.0,inf,0.0
thugger,thugger,2,5,0,0.0,0.0,inf,0.0
thunder,thunder,2,2,0,0.0,0.0,inf,0.0
noise,noise,1,1,0,0.0,0.0,inf,0.0
tiamat,tiamat,1,1,0,0.0,0.0,inf,0.0
tideland,tideland,1,1,0,0.0,0.0,inf,0.0
tiendas,tiendas,1,4,0,0.0,0.0,inf,0.0
tiger,tiger,1,2,0,0.0,0.0,inf,0.0
tigerwood,tigerwood,1,1,0,0.0,0.0,inf,0.0
tiltless,tiltless,1,1,0,0.0,0.0,inf,0.0
tim,tim,2,2,0,0.0,0.0,inf,0.0
faden,faden,2,2,0,0.0,0.0,inf,0.0
timeofstyle,timeofstyle,1,1,0,0.0,0.0,inf,0.0
tired,tired,1,1,0,0.0,0.0,inf,0.0
title,title,3,3,0,0.0,0.0,inf,0.0
tives,tives,1,2,0,0.0,0.0,inf,0.0
tkmaxx,tkmaxx,1,1,0,0.0,0.0,inf,0.0
import,import,1,4,0,0.0,0.0,inf,0.0
tkt,tkt,1,4,0,0.0,0.0,inf,0.0
tktimport,tktimport,1,6,0,0.0,0.0,inf,0.0
tmbyme,tmbyme,1,1,0,0.0,0.0,inf,0.0
tmt,tmt,1,3,0,0.0,0.0,inf,0.0
tnf,tnf,3,9,0,0.0,0.0,inf,0.0
tobody,tobody,1,1,0,0.0,0.0,inf,0.0
tom,tom,1,1,0,0.0,0.0,inf,0.0
mold,mold,1,1,0,0.0,0.0,inf,0.0
sinny,sinny,1,2,0,0.0,0.0,inf,0.0
tommy,tommy,1,2,0,0.0,0.0,inf,0.0
tommysinny,tommysinny,1,7,0,0.0,0.0,inf,0.0
tone,tone,1,1,0,0.0,0.0,inf,0.0
tool,tool,4,16,0,0.0,0.0,inf,0.0
top,top,7,11,0,0.0,0.0,inf,0.0
topline,topline,1,1,0,0.0,0.0,inf,0.0
toptime,toptime,1,1,0,0.0,0.0,inf,0.0
tor,tor,1,2,0,0.0,0.0,inf,0.0
torch,torch,1,1,0,0.0,0.0,inf,0.0
steiner,steiner,1,1,0,0.0,0.0,inf,0.0
torn,torn,1,1,0,0.0,0.0,inf,0.0
total,total,1,1,0,0.0,0.0,inf,0.0
fuking,fuking,1,1,0,0.0,0.0,inf,0.0
totalfit,totalfit,1,1,0,0.0,0.0,inf,0.0
totally,totally,1,11,0,0.0,0.0,inf,0.0
totem,totem,1,1,0,0.0,0.0,inf,0.0
totenkopf,totenkopf,2,7,0,0.0,0.0,inf,0.0
tour,tour,1,16,0,0.0,0.0,inf,0.0
tourwear,tourwear,1,2,0,0.0,0.0,inf,0.0
toxic,toxic,5,11,0,0.0,0.0,inf,0.0
introvert,introvert,3,4,0,0.0,0.0,inf,0.0
trackpants,trackpants,1,2,0,0.0,0.0,inf,0.0
trance,trance,1,3,0,0.0,0.0,inf,0.0
trans,trans,1,1,0,0.0,0.0,inf,0.0
trapstar,trapstar,1,3,0,0.0,0.0,inf,0.0
travas,travas,1,1,0,0.0,0.0,inf,0.0
treasure,treasure,1,1,0,0.0,0.0,inf,0.0
trefoil,trefoil,1,2,0,0.0,0.0,inf,0.0
trele,trele,1,1,0,0.0,0.0,inf,0.0
tren,tren,1,1,0,0.0,0.0,inf,0.0
trepaneringsritualen,trepaneringsritualen,1,1,0,0.0,0.0,inf,0.0
bien,bien,1,1,0,0.0,0.0,inf,0.0
tres,tres,1,1,0,0.0,0.0,inf,0.0
trespass,trespass,1,1,0,0.0,0.0,inf,0.0
trezocorp,trezocorp,1,8,0,0.0,0.0,inf,0.0
tribal,tribal,9,26,0,0.0,0.0,inf,0.0
trident,trident,1,2,0,0.0,0.0,inf,0.0
trippiegluck,trippiegluck,1,5,0,0.0,0.0,inf,0.0
tristania,tristania,1,2,0,0.0,0.0,inf,0.0
triton,triton,1,1,0,0.0,0.0,inf,0.0
trmt,trmt,1,1,0,0.0,0.0,inf,0.0
troll,troll,2,9,0,0.0,0.0,inf,0.0
troublemaker,troublemaker,1,4,0,0.0,0.0,inf,0.0
color,color,2,2,0,0.0,0.0,inf,0.0
trueshop,trueshop,1,1,0,0.0,0.0,inf,0.0
tsevau,tsevau,1,1,0,0.0,0.0,inf,0.0
daria,daria,1,1,0,0.0,0.0,inf,0.0
ski,ski,1,1,0,0.0,0.0,inf,0.0
tsupkyi,tsupkyi,1,1,0,0.0,0.0,inf,0.0
tswirt,tswirt,1,1,0,0.0,0.0,inf,0.0
ttm,ttm,1,1,0,0.0,0.0,inf,0.0
ttswtrs,ttswtrs,2,7,0,0.0,0.0,inf,0.0
vdomaa,vdomaa,1,1,0,0.0,0.0,inf,0.0
suda,suda,1,1,0,0.0,0.0,inf,0.0
tuda,tuda,1,1,0,0.0,0.0,inf,0.0
turbat,turbat,2,3,0,0.0,0.0,inf,0.0
turbokolor,turbokolor,1,1,0,0.0,0.0,inf,0.0
turgear,turgear,1,1,0,0.0,0.0,inf,0.0
turn,turn,2,2,0,0.0,0.0,inf,0.0
turnstile,turnstile,1,1,0,0.0,0.0,inf,0.0
turnwear,turnwear,1,1,0,0.0,0.0,inf,0.0
turwer,turwer,1,1,0,0.0,0.0,inf,0.0
tvoyo,tvoyo,1,1,0,0.0,0.0,inf,0.0
twen20s,twen20s,1,1,0,0.0,0.0,inf,0.0
twenty,twenty,6,11,0,0.0,0.0,inf,0.0
pilots,pilots,3,5,0,0.0,0.0,inf,0.0
twiins,twiins,1,1,0,0.0,0.0,inf,0.0
twin,twin,1,2,0,0.0,0.0,inf,0.0
peaks,peaks,1,2,0,0.0,0.0,inf,0.0
twins,twins,2,2,0,0.0,0.0,inf,0.0
twisted,twisted,2,10,0,0.0,0.0,inf,0.0
two,two,3,4,0,0.0,0.0,inf,0.0
moms,moms,1,1,0,0.0,0.0,inf,0.0
twocomms,twocomms,1,7,0,0.0,0.0,inf,0.0
txc,txc,1,2,0,0.0,0.0,inf,0.0
negative,negative,5,5,0,0.0,0.0,inf,0.0
type,type,6,6,0,0.0,0.0,inf,0.0
tyutyun,tyutyun,1,5,0,0.0,0.0,inf,0.0
tactic,tactic,1,1,0,0.0,0.0,inf,0.0
usual,usual,10,158,0,0.0,0.0,inf,0.0
uactive,uactive,2,3,0,0.0,0.0,inf,0.0
uamade,uamade,1,21,0,0.0,0.0,inf,0.0
uarm,uarm,1,1,0,0.0,0.0,inf,0.0
uasnipers,uasnipers,1,1,0,0.0,0.0,inf,0.0
ubears,ubears,1,2,0,0.0,0.0,inf,0.0
ubermensch,ubermensch,1,1,0,0.0,0.0,inf,0.0
udth,udth,1,4,0,0.0,0.0,inf,0.0
ufa,ufa,1,1,0,0.0,0.0,inf,0.0
ufhl,ufhl,1,2,0,0.0,0.0,inf,0.0
ugly,ugly,1,17,0,0.0,0.0,inf,0.0
uglycool,uglycool,2,32,0,0.0,0.0,inf,0.0
offender,offender,15,52,0,0.0,0.0,inf,0.0
upa,upa,3,13,0,0.0,0.0,inf,0.0
battle,battle,2,4,0,0.0,0.0,inf,0.0
beasts,beasts,1,4,0,0.0,0.0,inf,0.0
soldiers,soldiers,1,1,0,0.0,0.0,inf,0.0
ukrainika,ukrainika,1,1,0,0.0,0.0,inf,0.0
ukrtac,ukrtac,1,1,0,0.0,0.0,inf,0.0
ulika,ulika,3,127,0,0.0,0.0,inf,0.0
unknwn,unknwn,3,123,0,0.0,0.0,inf,0.0
ultimatum,ultimatum,2,3,0,0.0,0.0,inf,0.0
tribe,tribe,1,1,0,0.0,0.0,inf,0.0
ultrakill,ultrakill,1,2,0,0.0,0.0,inf,0.0
ultrashop,ultrashop,1,1,0,0.0,0.0,inf,0.0
ultratribe,ultratribe,1,1,0,0.0,0.0,inf,0.0
ulver,ulver,1,2,0,0.0,0.0,inf,0.0
ulyashova,ulyashova,1,1,0,0.0,0.0,inf,0.0
umbro,umbro,2,2,0,0.0,0.0,inf,0.0
umon,umon,1,1,0,0.0,0.0,inf,0.0
unaffected,unaffected,1,1,0,0.0,0.0,inf,0.0
uncle,uncle,1,3,0,0.0,0.0,inf,0.0
rival,rival,1,1,0,0.0,0.0,inf,0.0
windbreaker,windbreaker,1,1,0,0.0,0.0,inf,0.0
woven,woven,2,3,0,0.0,0.0,inf,0.0
undercode,undercode,1,3,0,0.0,0.0,inf,0.0
undercover,undercover,5,8,0,0.0,0.0,inf,0.0
underground,underground,10,27,0,0.0,0.0,inf,0.0
undermom,undermom,1,1,0,0.0,0.0,inf,0.0
undermycar,undermycar,1,1,0,0.0,0.0,inf,0.0
undersoul,undersoul,1,8,0,0.0,0.0,inf,0.0
undersoulwear,undersoulwear,1,4,0,0.0,0.0,inf,0.0
underwood,underwood,1,1,0,0.0,0.0,inf,0.0
unfort,unfort,1,1,0,0.0,0.0,inf,0.0
uniform,uniform,2,4,0,0.0,0.0,inf,0.0
bridge,bridge,1,1,0,0.0,0.0,inf,0.0
blanks,blanks,1,1,0,0.0,0.0,inf,0.0
unionkingdom,unionkingdom,1,1,0,0.0,0.0,inf,0.0
airism,airism,1,1,0,0.0,0.0,inf,0.0
dry,dry,2,6,0,0.0,0.0,inf,0.0
lined,lined,3,3,0,0.0,0.0,inf,0.0
longer,longer,1,1,0,0.0,0.0,inf,0.0
reddit,reddit,1,1,0,0.0,0.0,inf,0.0
китай,кита,1,1,0,0.0,0.0,inf,0.0
кюлоты,кюлот,4,4,0,0.0,0.0,inf,0.0
unisex,unisex,3,4,0,0.0,0.0,inf,0.0
purpose,purpose,1,1,0,0.0,0.0,inf,0.0
united24,united24,5,11,0,0.0,0.0,inf,0.0
united4,united4,1,18,0,0.0,0.0,inf,0.0
uniwear,uniwear,1,1,0,0.0,0.0,inf,0.0
unki,unki,1,1,0,0.0,0.0,inf,0.0
unmere,unmere,1,2,0,0.0,0.0,inf,0.0
uno,uno,1,1,0,0.0,0.0,inf,0.0
unpopular,unpopular,1,3,0,0.0,0.0,inf,0.0
untouch,untouch,1,1,0,0.0,0.0,inf,0.0
unwety,unwety,1,3,0,0.0,0.0,inf,0.0
uppercot,uppercot,1,3,0,0.0,0.0,inf,0.0
classics,classics,1,2,0,0.0,0.0,inf,0.0
outfitters,outfitters,4,4,0,0.0,0.0,inf,0.0
urbanist,urbanist,1,1,0,0.0,0.0,inf,0.0
urbanplanet,urbanplanet,1,1,0,0.0,0.0,inf,0.0
urbanwear,urbanwear,1,2,0,0.0,0.0,inf,0.0
urboo,urboo,1,1,0,0.0,0.0,inf,0.0
urfaust,urfaust,1,1,0,0.0,0.0,inf,0.0
usentos,usentos,1,9,0,0.0,0.0,inf,0.0
clth,clth,1,35,0,0.0,0.0,inf,0.0
usualclth,usualclth,1,1,0,0.0,0.0,inf,0.0
uto,uto,1,2,0,0.0,0.0,inf,0.0
utopia,utopia,2,51,0,0.0,0.0,inf,0.0
utopia8,utopia8,1,3,0,0.0,0.0,inf,0.0
uvali,uvali,1,11,0,0.0,0.0,inf,0.0
uzun,uzun,1,1,0,0.0,0.0,inf,0.0
v12,v12,1,1,0,0.0,0.0,inf,0.0
vailent,vailent,1,1,0,0.0,0.0,inf,0.0
valefar,valefar,1,2,0,0.0,0.0,inf,0.0
valhalla,valhalla,1,5,0,0.0,0.0,inf,0.0
valhyr,valhyr,2,2,0,0.0,0.0,inf,0.0
validius,validius,1,1,0,0.0,0.0,inf,0.0
valimark,valimark,2,50,0,0.0,0.0,inf,0.0
valkyrie,valkyrie,1,1,0,0.0,0.0,inf,0.0
valter,valter,1,2,0,0.0,0.0,inf,0.0
vampier,vampier,1,3,0,0.0,0.0,inf,0.0
vampir,vampir,1,2,0,0.0,0.0,inf,0.0
diaries,diaries,1,1,0,0.0,0.0,inf,0.0
lestat,lestat,1,1,0,0.0,0.0,inf,0.0
masquerade,masquerade,1,2,0,0.0,0.0,inf,0.0
bloodlines,bloodlines,1,2,0,0.0,0.0,inf,0.0
vampirefreaks,vampirefreaks,1,1,0,0.0,0.0,inf,0.0
vampurr,vampurr,1,1,0,0.0,0.0,inf,0.0
darkholme,darkholme,1,1,0,0.0,0.0,inf,0.0
halen,halen,1,2,0,0.0,0.0,inf,0.0
vans,vans,15,29,0,0.0,0.0,inf,0.0
varingr,varingr,1,5,0,0.0,0.0,inf,0.0
varvar,varvar,3,15,0,0.0,0.0,inf,0.0
vataga,vataga,1,1,0,0.0,0.0,inf,0.0
vaz,vaz,1,1,0,0.0,0.0,inf,0.0
vbrano,vbrano,1,7,0,0.0,0.0,inf,0.0
vditi,vditi,1,1,0,0.0,0.0,inf,0.0
vechir,vechir,1,2,0,0.0,0.0,inf,0.0
vecna,vecna,1,1,0,0.0,0.0,inf,0.0
vegan,vegan,2,4,0,0.0,0.0,inf,0.0
velial,velial,4,34,0,0.0,0.0,inf,0.0
velmet,velmet,3,8,0,0.0,0.0,inf,0.0
vendetta,vendetta,1,1,0,0.0,0.0,inf,0.0
venum,venum,2,6,0,0.0,0.0,inf,0.0
camp,camp,1,5,0,0.0,0.0,inf,0.0
veraf,veraf,1,4,0,0.0,0.0,inf,0.0
verena,verena,1,1,0,0.0,0.0,inf,0.0
vermillion,vermillion,1,1,0,0.0,0.0,inf,0.0
veronika,veronika,1,1,0,0.0,0.0,inf,0.0
vertemberg,vertemberg,1,5,0,0.0,0.0,inf,0.0
berlin,berlin,1,7,0,0.0,0.0,inf,0.0
vertere,vertere,1,7,0,0.0,0.0,inf,0.0
vertogarment,vertogarment,1,6,0,0.0,0.0,inf,0.0
vetements,vetements,18,34,0,0.0,0.0,inf,0.0
2017,2017,1,1,0,0.0,0.0,inf,0.0
lambo,lambo,1,1,0,0.0,0.0,inf,0.0
титаник,титаник,1,3,0,0.0,0.0,inf,0.0
veteran,veteran,2,7,0,0.0,0.0,inf,0.0
viceseason,viceseason,1,1,0,0.0,0.0,inf,0.0
vicinity,vicinity,2,2,0,0.0,0.0,inf,0.0
victoria,victoria,2,3,0,0.0,0.0,inf,0.0
vidlik,vidlik,1,3,0,0.0,0.0,inf,0.0
скандал,сканда,1,2,0,0.0,0.0,inf,0.0
vigrid,vigrid,1,1,0,0.0,0.0,inf,0.0
vika,vika,1,2,0,0.0,0.0,inf,0.0
viking,viking,4,32,0,0.0,0.0,inf,0.0
viktos,viktos,3,3,0,0.0,0.0,inf,0.0
vildhjarta,vildhjarta,1,1,0,0.0,0.0,inf,0.0
vilno,vilno,1,1,0,0.0,0.0,inf,0.0
close,close,1,1,0,0.0,0.0,inf,0.0
vibe,vibe,1,1,0,0.0,0.0,inf,0.0
vintages,vintages,1,1,0,0.0,0.0,inf,0.0
vintagesport,vintagesport,1,1,0,0.0,0.0,inf,0.0
vinted,vinted,1,1,0,0.0,0.0,inf,0.0
violet,violet,1,1,0,0.0,0.0,inf,0.0
viperr,viperr,2,5,0,0.0,0.0,inf,0.0
virgin,virgin,1,1,0,0.0,0.0,inf,0.0
westwood,westwood,1,1,0,0.0,0.0,inf,0.0
vladak,vladak,1,2,0,0.0,0.0,inf,0.0
vlasov,vlasov,1,1,0,0.0,0.0,inf,0.0
vlch,vlch,1,4,0,0.0,0.0,inf,0.0
vloria,vloria,1,1,0,0.0,0.0,inf,0.0
vnskwear,vnskwear,1,1,0,0.0,0.0,inf,0.0
voenshop,voenshop,1,1,0,0.0,0.0,inf,0.0
vogni,vogni,1,1,0,0.0,0.0,inf,0.0
void,void,1,1,0,0.0,0.0,inf,0.0
volcano,volcano,2,3,0,0.0,0.0,inf,0.0
польша,польш,6,6,0,0.0,0.0,inf,0.0
volchok,volchok,1,1,0,0.0,0.0,inf,0.0
volcom,volcom,8,20,0,0.0,0.0,inf,0.0
schoph,schoph,1,1,0,0.0,0.0,inf,0.0
vollebak,vollebak,1,2,0,0.0,0.0,inf,0.0
dutch,dutch,2,3,0,0.0,0.0,inf,0.0
von,von,2,3,0,0.0,0.0,inf,0.0
vovk,vovk,1,1,0,0.0,0.0,inf,0.0
vovkulak,vovkulak,1,1,0,0.0,0.0,inf,0.0
voyovnik,voyovnik,1,6,0,0.0,0.0,inf,0.0
vsemayki,vsemayki,1,1,0,0.0,0.0,inf,0.0
svoi,svoi,2,20,0,0.0,0.0,inf,0.0
vsi,vsi,2,20,0,0.0,0.0,inf,0.0
vsisvoi,vsisvoi,1,2,0,0.0,0.0,inf,0.0
vsrap,vsrap,1,21,0,0.0,0.0,inf,0.0
vvhy,vvhy,1,2,0,0.0,0.0,inf,0.0
vvs,vvs,1,1,0,0.0,0.0,inf,0.0
vyriy,vyriy,1,13,0,0.0,0.0,inf,0.0
l34,l34,1,1,0,0.0,0.0,inf,0.0
w30,w30,1,1,0,0.0,0.0,inf,0.0
w42,w42,1,1,0,0.0,0.0,inf,0.0
w8less,w8less,1,1,0,0.0,0.0,inf,0.0
wacko,wacko,1,1,0,0.0,0.0,inf,0.0
maria,maria,1,1,0,0.0,0.0,inf,0.0
waking,waking,2,2,0,0.0,0.0,inf,0.0
cadaver,cadaver,2,2,0,0.0,0.0,inf,0.0
walk,walk,1,1,0,0.0,0.0,inf,0.0
kinida,kinida,1,1,0,0.0,0.0,inf,0.0
psylo,psylo,1,1,0,0.0,0.0,inf,0.0
walker,walker,1,1,0,0.0,0.0,inf,0.0
wall31,wall31,1,2,0,0.0,0.0,inf,0.0
wampire,wampire,1,2,0,0.0,0.0,inf,0.0
wanderlust,wanderlust,3,10,0,0.0,0.0,inf,0.0
wannabe,wannabe,1,2,0,0.0,0.0,inf,0.0
wanted,wanted,3,9,0,0.0,0.0,inf,0.0
souvenir,souvenir,1,2,0,0.0,0.0,inf,0.0
warboy,warboy,1,1,0,0.0,0.0,inf,0.0
warcraft,warcraft,3,6,0,0.0,0.0,inf,0.0
wardruna,wardruna,2,5,0,0.0,0.0,inf,0.0
wargrief,wargrief,1,5,0,0.0,0.0,inf,0.0
warion,warion,1,2,0,0.0,0.0,inf,0.0
warlock,warlock,3,3,0,0.0,0.0,inf,0.0
warlord,warlord,1,2,0,0.0,0.0,inf,0.0
warp,warp,1,1,0,0.0,0.0,inf,0.0
warren,warren,1,1,0,0.0,0.0,inf,0.0
lotas,lotas,1,1,0,0.0,0.0,inf,0.0
warriorspirit,warriorspirit,1,1,0,0.0,0.0,inf,0.0
waseworm,waseworm,3,8,0,0.0,0.0,inf,0.0
washed,washed,4,5,0,0.0,0.0,inf,0.0
wasted,wasted,1,12,0,0.0,0.0,inf,0.0
waykiki,waykiki,1,1,0,0.0,0.0,inf,0.0
wearcocaine,wearcocaine,1,1,0,0.0,0.0,inf,0.0
web,web,1,5,0,0.0,0.0,inf,0.0
scuba,scuba,1,2,0,0.0,0.0,inf,0.0
afr,afr,1,1,0,0.0,0.0,inf,0.0
weekender,weekender,2,2,0,0.0,0.0,inf,0.0
shopee,shopee,1,5,0,0.0,0.0,inf,0.0
wellborn,wellborn,1,5,0,0.0,0.0,inf,0.0
что,что,17,25,0,0.0,0.0,inf,0.0
westcity,westcity,3,12,0,0.0,0.0,inf,0.0
westculture,westculture,1,10,0,0.0,0.0,inf,0.0
wfp,wfp,2,3,0,0.0,0.0,inf,0.0
clothiing,clothiing,1,1,0,0.0,0.0,inf,0.0
what,what,1,1,0,0.0,0.0,inf,0.0
summer,summer,1,1,0,0.0,0.0,inf,0.0
uwear,uwear,1,3,0,0.0,0.0,inf,0.0
where,where,1,3,0,0.0,0.0,inf,0.0
she,she,1,1,0,0.0,0.0,inf,0.0
while,while,1,1,0,0.0,0.0,inf,0.0
sleeps,sleeps,2,3,0,0.0,0.0,inf,0.0
trash,trash,1,1,0,0.0,0.0,inf,0.0
ward,ward,1,2,0,0.0,0.0,inf,0.0
whitechapel,whitechapel,2,14,0,0.0,0.0,inf,0.0
whitehunter,whitehunter,1,1,0,0.0,0.0,inf,0.0
whiteiswhite,whiteiswhite,1,1,0,0.0,0.0,inf,0.0
whitelion,whitelion,1,1,0,0.0,0.0,inf,0.0
whitestore,whitestore,1,7,0,0.0,0.0,inf,0.0
whocares,whocares,1,4,0,0.0,0.0,inf,0.0
wholeopolis,wholeopolis,1,2,0,0.0,0.0,inf,0.0
wholepolis,wholepolis,1,1,0,0.0,0.0,inf,0.0
whtrx,whtrx,1,4,0,0.0,0.0,inf,0.0
normal,normal,1,1,0,0.0,0.0,inf,0.0
why,why,4,6,0,0.0,0.0,inf,0.0
whyme,whyme,2,15,0,0.0,0.0,inf,0.0
wiking,wiking,1,10,0,0.0,0.0,inf,0.0
wild,wild,5,14,0,0.0,0.0,inf,0.0
donkey,donkey,1,1,0,0.0,0.0,inf,0.0
wildberries,wildberries,3,3,0,0.0,0.0,inf,0.0
wildlife,wildlife,1,1,0,0.0,0.0,inf,0.0
win,win,1,1,0,0.0,0.0,inf,0.0
baggi,baggi,1,1,0,0.0,0.0,inf,0.0
winner,winner,1,1,0,0.0,0.0,inf,0.0
pooh,pooh,1,1,0,0.0,0.0,inf,0.0
winnie,winnie,1,1,0,0.0,0.0,inf,0.0
wishlist,wishlist,1,1,0,0.0,0.0,inf,0.0
wkmf,wkmf,1,10,0,0.0,0.0,inf,0.0
wofen,wofen,2,3,0,0.0,0.0,inf,0.0
wolee,wolee,2,2,0,0.0,0.0,inf,0.0
wolfheart,wolfheart,1,2,0,0.0,0.0,inf,0.0
wonder,wonder,1,1,0,0.0,0.0,inf,0.0
wondernoah,wondernoah,1,2,0,0.0,0.0,inf,0.0
posters,posters,1,3,0,0.0,0.0,inf,0.0
woodbird,woodbird,1,1,0,0.0,0.0,inf,0.0
woodposter,woodposter,1,1,0,0.0,0.0,inf,0.0
woodposters,woodposters,1,13,0,0.0,0.0,inf,0.0
woolenmaker,woolenmaker,1,1,0,0.0,0.0,inf,0.0
skimir,skimir,1,1,0,0.0,0.0,inf,0.0
eaters,eaters,1,2,0,0.0,0.0,inf,0.0
worstwork,worstwork,1,1,0,0.0,0.0,inf,0.0
wotanjugend,wotanjugend,2,15,0,0.0,0.0,inf,0.0
wrangler,wrangler,1,1,0,0.0,0.0,inf,0.0
wroom,wroom,1,1,0,0.0,0.0,inf,0.0
wrung,wrung,1,1,0,0.0,0.0,inf,0.0
tang,tang,2,2,0,0.0,0.0,inf,0.0
ww2,ww2,1,1,0,0.0,0.0,inf,0.0
www,www,2,4,0,0.0,0.0,inf,0.0
zerofoxtrot,zerofoxtrot,2,6,0,0.0,0.0,inf,0.0
x12268,x12268,1,1,0,0.0,0.0,inf,0.0
xantidd,xantidd,1,1,0,0.0,0.0,inf,0.0
xasthur,xasthur,2,3,0,0.0,0.0,inf,0.0
xbox,xbox,1,1,0,0.0,0.0,inf,0.0
xh7611,xh7611,1,1,0,0.0,0.0,inf,0.0
031,031,1,1,0,0.0,0.0,inf,0.0
xhey,xhey,1,1,0,0.0,0.0,inf,0.0
xjkjdsxbq,xjkjdsxbq,1,1,0,0.0,0.0,inf,0.0
jlzu,jlzu,1,1,0,0.0,0.0,inf,0.0
xoxo,xoxo,1,1,0,0.0,0.0,inf,0.0
xsai,xsai,1,1,0,0.0,0.0,inf,0.0
xstore,xstore,2,10,0,0.0,0.0,inf,0.0
xtep,xtep,1,2,0,0.0,0.0,inf,0.0
xtreme,xtreme,1,7,0,0.0,0.0,inf,0.0
xxxtentacion,xxxtentacion,3,7,0,0.0,0.0,inf,0.0
xzavier,xzavier,2,2,0,0.0,0.0,inf,0.0
vereta,vereta,1,4,0,0.0,0.0,inf,0.0
yakakula,yakakula,2,6,0,0.0,0.0,inf,0.0
premium,premium,2,8,0,0.0,0.0,inf,0.0
yakuza,yakuza,3,9,0,0.0,0.0,inf,0.0
yamamoto,yamamoto,2,7,0,0.0,0.0,inf,0.0
yanel,yanel,1,1,0,0.0,0.0,inf,0.0
yanki,yanki,1,2,0,0.0,0.0,inf,0.0
yarikk,yarikk,1,1,0,0.0,0.0,inf,0.0
yarko,yarko,1,1,0,0.0,0.0,inf,0.0
yarm,yarm,1,1,0,0.0,0.0,inf,0.0
exclusive,exclusive,1,1,0,0.0,0.0,inf,0.0
yasha,yasha,1,1,0,0.0,0.0,inf,0.0
yaskravo,yaskravo,1,1,0,0.0,0.0,inf,0.0
yavereta,yavereta,1,5,0,0.0,0.0,inf,0.0
yeezy,yeezy,6,8,0,0.0,0.0,inf,0.0
yellow,yellow,3,5,0,0.0,0.0,inf,0.0
flicker,flicker,1,1,0,0.0,0.0,inf,0.0
yes,yes,4,16,0,0.0,0.0,inf,0.0
eye,eye,1,5,0,0.0,0.0,inf,0.0
yessirski,yessirski,2,5,0,0.0,0.0,inf,0.0
yessirskii,yessirskii,1,2,0,0.0,0.0,inf,0.0
ymaclo,ymaclo,1,2,0,0.0,0.0,inf,0.0
ynel,ynel,4,159,0,0.0,0.0,inf,0.0
moyo,moyo,2,4,0,0.0,0.0,inf,0.0
yohji,yohji,1,2,0,0.0,0.0,inf,0.0
yomoyo,yomoyo,3,4,0,0.0,0.0,inf,0.0
yon,yon,1,4,0,0.0,0.0,inf,0.0
yori,yori,2,2,0,0.0,0.0,inf,0.0
poets,poets,1,2,0,0.0,0.0,inf,0.0
youngla,youngla,12,17,0,0.0,0.0,inf,0.0
youngshab,youngshab,1,2,0,0.0,0.0,inf,0.0
yourcstm,yourcstm,1,2,0,0.0,0.0,inf,0.0
yourturn,yourturn,2,9,0,0.0,0.0,inf,0.0
yourway,yourway,4,10,0,0.0,0.0,inf,0.0
yozh,yozh,1,2,0,0.0,0.0,inf,0.0
yuki,yuki,1,1,0,0.0,0.0,inf,0.0
yumms,yumms,1,2,0,0.0,0.0,inf,0.0
yung,yung,1,1,0,0.0,0.0,inf,0.0
trappa,trappa,1,1,0,0.0,0.0,inf,0.0
yuston,yuston,1,4,0,0.0,0.0,inf,0.0
yzy,yzy,1,1,0,0.0,0.0,inf,0.0
zacca,zacca,1,1,0,0.0,0.0,inf,0.0
zadig,zadig,5,7,0,0.0,0.0,inf,0.0
voltaire,voltaire,5,7,0,0.0,0.0,inf,0.0
zagon,zagon,1,4,0,0.0,0.0,inf,0.0
zagonbrand,zagonbrand,1,2,0,0.0,0.0,inf,0.0
zakalot,zakalot,1,7,0,0.0,0.0,inf,0.0
zalizna,zalizna,1,3,0,0.0,0.0,inf,0.0
kramnytsia,kramnytsia,1,3,0,0.0,0.0,inf,0.0
care,care,1,1,0,0.0,0.0,inf,0.0
zatara,zatara,1,1,0,0.0,0.0,inf,0.0
zavod,zavod,1,1,0,0.0,0.0,inf,0.0
zeep,zeep,1,1,0,0.0,0.0,inf,0.0
zegna,zegna,1,2,0,0.0,0.0,inf,0.0
zen,zen,1,2,0,0.0,0.0,inf,0.0
zeon,zeon,1,1,0,0.0,0.0,inf,0.0
cpo,cpo,1,1,0,0.0,0.0,inf,0.0
namakubi,namakubi,1,2,0,0.0,0.0,inf,0.0
zhinka,zhinka,2,3,0,0.0,0.0,inf,0.0
zhurawell,zhurawell,1,3,0,0.0,0.0,inf,0.0
yoni,yoni,1,4,0,0.0,0.0,inf,0.0
zic,zic,1,4,0,0.0,0.0,inf,0.0
ziegler,ziegler,1,1,0,0.0,0.0,inf,0.0
zig,zig,2,3,0,0.0,0.0,inf,0.0
zag,zag,2,3,0,0.0,0.0,inf,0.0
zigzag,zigzag,1,10,0,0.0,0.0,inf,0.0
zillakami,zillakami,1,1,0,0.0,0.0,inf,0.0
hoodi,hoodi,1,1,0,0.0,0.0,inf,0.0
skeleton,skeleton,1,2,0,0.0,0.0,inf,0.0
мехом,мех,3,9,0,0.0,0.0,inf,0.0
tight,tight,1,1,0,0.0,0.0,inf,0.0
zipka,zipka,1,2,0,0.0,0.0,inf,0.0
polos,polos,1,2,0,0.0,0.0,inf,0.0
zlitay,zlitay,1,1,0,0.0,0.0,inf,0.0
znwr,znwr,1,2,0,0.0,0.0,inf,0.0
zny,zny,1,1,0,0.0,0.0,inf,0.0
zoe,zoe,1,1,0,0.0,0.0,inf,0.0
zoha,zoha,1,1,0,0.0,0.0,inf,0.0
zoo,zoo,4,33,0,0.0,0.0,inf,0.0
york,york,4,33,0,0.0,0.0,inf,0.0
zooyork,zooyork,1,3,0,0.0,0.0,inf,0.0
zorski,zorski,1,1,0,0.0,0.0,inf,0.0
zver,zver,1,1,0,0.0,0.0,inf,0.0
zwyntar,zwyntar,3,48,0,0.0,0.0,inf,0.0
zxc,zxc,2,7,0,0.0,0.0,inf,0.0
zxcursed,zxcursed,3,4,0,0.0,0.0,inf,0.0
bermensch,bermensch,1,1,0,0.0,0.0,inf,0.0
аб3,аб3,1,1,0,0.0,0.0,inf,0.0
аберкромби,аберкромб,1,3,0,0.0,0.0,inf,0.0
абоамс,абоамс,1,2,0,0.0,0.0,inf,0.0
абрамс,абрамс,5,133,0,0.0,0.0,inf,0.0
абрикос,абрикос,1,1,0,0.0,0.0,inf,0.0
монтень,монтен,1,6,0,0.0,0.0,inf,0.0
авеню,авен,1,6,0,0.0,0.0,inf,0.0
авиация,авиац,6,64,0,0.0,0.0,inf,0.0
авиація,авиаці,1,1,0,0.0,0.0,inf,0.0
авто,авт,14,65,0,0.0,0.0,inf,0.0
автомобильный,автомобильн,3,4,0,0.0,0.0,inf,0.0
авторские,авторск,1,2,0,0.0,0.0,inf,0.0
авторські,авторські,1,3,0,0.0,0.0,inf,0.0
авіатори,авіатор,1,1,0,0.0,0.0,inf,0.0
агрессивные,агрессивн,1,1,0,0.0,0.0,inf,0.0
агітаційні,агітаційні,1,4,0,0.0,0.0,inf,0.0
адам,ад,3,11,0,0.0,0.0,inf,0.0
адамская,адамск,1,2,0,0.0,0.0,inf,0.0
адіда,адід,1,1,0,0.0,0.0,inf,0.0
аеронавтика,аеронавтик,1,1,0,0.0,0.0,inf,0.0
азазель,азазел,1,4,0,0.0,0.0,inf,0.0
мард,мард,1,1,0,0.0,0.0,inf,0.0
азат,азат,2,2,0,0.0,0.0,inf,0.0
март,март,1,1,0,0.0,0.0,inf,0.0
років,років,15,49,0,0.0,0.0,inf,0.0
любов,люб,8,23,0,0.0,0.0,inf,0.0
азовсталь,азовстал,5,33,0,0.0,0.0,inf,0.0
азурі,азурі,1,1,0,0.0,0.0,inf,0.0
мейден,мейд,5,10,0,0.0,0.0,inf,0.0
айрон,айрон,4,8,0,0.0,0.0,inf,0.0
айс,айс,1,1,0,0.0,0.0,inf,0.0
мен,мен,5,14,0,0.0,0.0,inf,0.0
айсмен,айсм,1,6,0,0.0,0.0,inf,0.0
акаб,акаб,4,25,0,0.0,0.0,inf,0.0
акира,акир,1,1,0,0.0,0.0,inf,0.0
аксан,акса,1,1,0,0.0,0.0,inf,0.0
аксессуары,аксессуар,3,8,0,0.0,0.0,inf,0.0
аксесуари,аксесуар,2,6,0,0.0,0.0,inf,0.0
дронів,дронів,3,9,0,0.0,0.0,inf,0.0
акта,акт,2,6,0,0.0,0.0,inf,0.0
бэби,бэб,1,2,0,0.0,0.0,inf,0.0
шарк,шарк,4,5,0,0.0,0.0,inf,0.0
мультика,мультик,3,7,0,0.0,0.0,inf,0.0
ком,ком,8,24,0,0.0,0.0,inf,0.0
малюк,малюк,1,1,0,0.0,0.0,inf,0.0
александр,александр,1,1,0,0.0,0.0,inf,0.0
маккуин,маккуин,1,1,0,0.0,0.0,inf,0.0
алея,але,1,3,0,0.0,0.0,inf,0.0
алфьоров,алфьор,2,5,0,0.0,0.0,inf,0.0
альт,альт,5,20,0,0.0,0.0,inf,0.0
індастріс,індастріс,2,2,0,0.0,0.0,inf,0.0
аліса,аліс,1,2,0,0.0,0.0,inf,0.0
лайн,лайн,1,2,0,0.0,0.0,inf,0.0
алісалайн,алісалайн,1,1,0,0.0,0.0,inf,0.0
амазон,амазон,1,1,0,0.0,0.0,inf,0.0
амбуш,амбуш,1,1,0,0.0,0.0,inf,0.0
американские,американск,4,5,0,0.0,0.0,inf,0.0
американські,американські,1,1,0,0.0,0.0,inf,0.0
амос,амос,4,17,0,0.0,0.0,inf,0.0
лук,лук,8,12,0,0.0,0.0,inf,0.0
анархия,анарх,12,47,0,0.0,0.0,inf,0.0
анатомія,анатомі,1,1,0,0.0,0.0,inf,0.0
шмот,шмот,9,25,0,0.0,0.0,inf,0.0
андерграунд,андерграунд,2,4,0,0.0,0.0,inf,0.0
андерсоул,андерсоул,1,3,0,0.0,0.0,inf,0.0
анжуманя,анжуман,1,1,0,0.0,0.0,inf,0.0
аниме,аним,23,66,0,0.0,0.0,inf,0.0
анорак,анорак,1,2,0,0.0,0.0,inf,0.0
ансвер,ансвер,2,5,0,0.0,0.0,inf,0.0
анти,ант,6,15,0,0.0,0.0,inf,0.0
социал,социа,1,4,0,0.0,0.0,inf,0.0
сошиал,сошиа,4,8,0,0.0,0.0,inf,0.0
антисошал,антисоша,2,7,0,0.0,0.0,inf,0.0
антисошиал,антисошиа,1,4,0,0.0,0.0,inf,0.0
антисошл,антисошл,6,41,0,0.0,0.0,inf,0.0
антифа,антиф,2,4,0,0.0,0.0,inf,0.0
антихайп,антихайп,2,2,0,0.0,0.0,inf,0.0
антон,антон,6,16,0,0.0,0.0,inf,0.0
россия,росс,3,3,0,0.0,0.0,inf,0.0
лисин,лисин,1,1,0,0.0,0.0,inf,0.0
225,225,2,2,0,0.0,0.0,inf,0.0
анчу,анч,1,1,0,0.0,0.0,inf,0.0
анімалізм,анімалізм,2,8,0,0.0,0.0,inf,0.0
аніме,анім,8,31,0,0.0,0.0,inf,0.0
аніруш,аніруш,2,20,0,0.0,0.0,inf,0.0
апатия,апат,1,1,0,0.0,0.0,inf,0.0
апатія,апаті,2,13,0,0.0,0.0,inf,0.0
апачі,апачі,4,13,0,0.0,0.0,inf,0.0
сорочки,сорочк,12,15,0,0.0,0.0,inf,0.0
аравана,арава,1,1,0,0.0,0.0,inf,0.0
арапор,арапор,1,23,0,0.0,0.0,inf,0.0
ария,ар,4,8,0,0.0,0.0,inf,0.0
аркан,арка,1,3,0,0.0,0.0,inf,0.0
вовків,вовків,1,3,0,0.0,0.0,inf,0.0
аркейн,аркейн,3,4,0,0.0,0.0,inf,0.0
арктерикс,арктерикс,3,13,0,0.0,0.0,inf,0.0
арлекин,арлекин,1,1,0,0.0,0.0,inf,0.0
армани,арман,5,12,0,0.0,0.0,inf,0.0
армані,армані,4,5,0,0.0,0.0,inf,0.0
армейские,армейск,2,3,0,0.0,0.0,inf,0.0
мова,мов,1,1,0,0.0,0.0,inf,0.0
віра,віра,1,1,0,0.0,0.0,inf,0.0
армія,армі,2,2,0,0.0,0.0,inf,0.0
артан,арта,5,60,0,0.0,0.0,inf,0.0
артек,артек,1,1,0,0.0,0.0,inf,0.0
артерикс,артерикс,2,3,0,0.0,0.0,inf,0.0
артерікс,артерікс,3,4,0,0.0,0.0,inf,0.0
архангел,архангел,5,16,0,0.0,0.0,inf,0.0
михаил,миха,4,13,0,0.0,0.0,inf,0.0
архив,арх,8,23,0,0.0,0.0,inf,0.0
архивная,архивн,2,2,0,0.0,0.0,inf,0.0
асе,ас,1,1,0,0.0,0.0,inf,0.0
асиметрична,асиметричн,1,1,0,0.0,0.0,inf,0.0
астарион,астарион,3,7,0,0.0,0.0,inf,0.0
атака,атак,6,12,0,0.0,0.0,inf,0.0
титанів,титанів,4,9,0,0.0,0.0,inf,0.0
атаракс,атаракс,1,1,0,0.0,0.0,inf,0.0
атласний,атласн,1,8,0,0.0,0.0,inf,0.0
атлетикс,атлетикс,2,2,0,0.0,0.0,inf,0.0
атрибутика,атрибутик,10,35,0,0.0,0.0,inf,0.0
атрибуты,атрибут,1,1,0,0.0,0.0,inf,0.0
атікін,атікін,1,1,0,0.0,0.0,inf,0.0
ауе,ау,5,23,0,0.0,0.0,inf,0.0
баста,баст,6,9,0,0.0,0.0,inf,0.0
аутизм,аутизм,2,2,0,0.0,0.0,inf,0.0
аутфит,аутф,2,2,0,0.0,0.0,inf,0.0
аутфіт,аутфіт,1,1,0,0.0,0.0,inf,0.0
афликшен,афликш,4,19,0,0.0,0.0,inf,0.0
афликшн,афликшн,5,8,0,0.0,0.0,inf,0.0
афлікшн,афлікшн,1,1,0,0.0,0.0,inf,0.0
аффликшн,аффликшн,1,1,0,0.0,0.0,inf,0.0
ахиллес,ахиллес,1,1,0,0.0,0.0,inf,0.0
ахуєно,ахуєн,1,2,0,0.0,0.0,inf,0.0
ахілес,ахілес,2,13,0,0.0,0.0,inf,0.0
ахіллес,ахіллес,3,16,0,0.0,0.0,inf,0.0
ашоп,ашоп,1,1,0,0.0,0.0,inf,0.0
ащщеірщз,ащщеірщз,1,1,0,0.0,0.0,inf,0.0
ступе,ступ,1,1,0,0.0,0.0,inf,0.0
картинки,картинк,15,36,0,0.0,0.0,inf,0.0
мітлі,мітлі,1,1,0,0.0,0.0,inf,0.0
настоящая,настоя,2,3,0,0.0,0.0,inf,0.0
оберег,оберег,3,6,0,0.0,0.0,inf,0.0
дома,дом,5,6,0,0.0,0.0,inf,0.0
панна,пан,5,8,0,0.0,0.0,inf,0.0
рисунок,рисунок,1,2,0,0.0,0.0,inf,0.0
садовая,садов,2,2,0,0.0,0.0,inf,0.0
фигура,фигур,1,1,0,0.0,0.0,inf,0.0
смешная,смешн,2,2,0,0.0,0.0,inf,0.0
страшная,страшн,3,7,0,0.0,0.0,inf,0.0
фигурка,фигурк,1,2,0,0.0,0.0,inf,0.0
іграшка,іграшк,2,6,0,0.0,0.0,inf,0.0
яна,ян,3,3,0,0.0,0.0,inf,0.0
бабай,баба,1,8,0,0.0,0.0,inf,0.0
бабаяга,бабаяг,1,3,0,0.0,0.0,inf,0.0
бабв,бабв,1,1,0,0.0,0.0,inf,0.0
бавна,бавн,4,8,0,0.0,0.0,inf,0.0
бавовна,бавовн,26,131,0,0.0,0.0,inf,0.0
бавовняна,бавовня,1,1,0,0.0,0.0,inf,0.0
бавовняні,бавовняні,15,31,0,0.0,0.0,inf,0.0
баги,баг,7,9,0,0.0,0.0,inf,0.0
багі,багі,4,13,0,0.0,0.0,inf,0.0
бадбой,бадб,1,1,0,0.0,0.0,inf,0.0
бажане,бажан,3,3,0,0.0,0.0,inf,0.0
база,баз,5,11,0,0.0,0.0,inf,0.0
базова,базов,12,27,0,0.0,0.0,inf,0.0
речі,речі,13,30,0,0.0,0.0,inf,0.0
базука,базук,1,2,0,0.0,0.0,inf,0.0
байдак,байдак,1,1,0,0.0,0.0,inf,0.0
байка,байк,6,8,0,0.0,0.0,inf,0.0
жилете,жилет,1,2,0,0.0,0.0,inf,0.0
байкер,байкер,5,20,0,0.0,0.0,inf,0.0
байкерская,байкерск,9,73,0,0.0,0.0,inf,0.0
байкерська,байкерськ,1,18,0,0.0,0.0,inf,0.0
байкерські,байкерські,1,27,0,0.0,0.0,inf,0.0
байковые,байков,1,15,0,0.0,0.0,inf,0.0
байкові,байкові,1,1,0,0.0,0.0,inf,0.0
баймі,баймі,1,1,0,0.0,0.0,inf,0.0
беноевский,беноевск,1,1,0,0.0,0.0,inf,0.0
байсангур,байсангур,1,1,0,0.0,0.0,inf,0.0
байєр,байєр,1,3,0,0.0,0.0,inf,0.0
бала,бал,1,1,0,0.0,0.0,inf,0.0
бола,бол,2,2,0,0.0,0.0,inf,0.0
балабола,балабол,1,1,0,0.0,0.0,inf,0.0
балак,балак,2,9,0,0.0,0.0,inf,0.0
веар,веар,6,76,0,0.0,0.0,inf,0.0
балаклава,балаклав,10,21,0,0.0,0.0,inf,0.0
algodon,algodon,2,3,0,0.0,0.0,inf,0.0
гражданская,гражданск,3,8,0,0.0,0.0,inf,0.0
оборона,оборон,3,8,0,0.0,0.0,inf,0.0
продиджи,продидж,4,5,0,0.0,0.0,inf,0.0
балдуин,балдуин,6,20,0,0.0,0.0,inf,0.0
баленсиага,баленсиаг,11,19,0,0.0,0.0,inf,0.0
балонові,балонові,3,3,0,0.0,0.0,inf,0.0
бальман,бальма,1,1,0,0.0,0.0,inf,0.0
бамбас,бамбас,5,152,0,0.0,0.0,inf,0.0
100,100,22,79,0,0.0,0.0,inf,0.0
cotton,cotton,22,28,0,0.0,0.0,inf,0.0
упа,уп,30,478,0,0.0,0.0,inf,0.0
бандерівський,бандерівськ,1,5,0,0.0,0.0,inf,0.0
встановити,встановит,1,2,0,0.0,0.0,inf,0.0
ібіс,ібіс,1,2,0,0.0,0.0,inf,0.0
єдиний,єдин,1,1,0,0.0,0.0,inf,0.0
іегаа,іега,1,1,0,0.0,0.0,inf,0.0
банкри,банкр,1,1,0,0.0,0.0,inf,0.0
іефа,іеф,1,1,0,0.0,0.0,inf,0.0
баннер,баннер,9,28,0,0.0,0.0,inf,0.0
дверь,двер,1,1,0,0.0,0.0,inf,0.0
іефаа,іефа,1,3,0,0.0,0.0,inf,0.0
банши,банш,1,2,0,0.0,0.0,inf,0.0
барахолка,барахолк,1,1,0,0.0,0.0,inf,0.0
барбаріан,барбаріа,1,1,0,0.0,0.0,inf,0.0
барбери,барбер,6,9,0,0.0,0.0,inf,0.0
барні,барні,1,1,0,0.0,0.0,inf,0.0
бархатные,бархатн,1,1,0,0.0,0.0,inf,0.0
бархатні,бархатні,1,1,0,0.0,0.0,inf,0.0
баскетбольні,баскетбольні,1,1,0,0.0,0.0,inf,0.0
іменні,іменні,1,1,0,0.0,0.0,inf,0.0
батал,бата,15,33,0,0.0,0.0,inf,0.0
імені,імені,1,1,0,0.0,0.0,inf,0.0
батальйон,батальйон,2,2,0,0.0,0.0,inf,0.0
батник,батник,8,30,0,0.0,0.0,inf,0.0
подростков,подростк,36,90,0,0.0,0.0,inf,0.0
батнік,батнік,9,21,0,0.0,0.0,inf,0.0
батько,батьк,3,31,0,0.0,0.0,inf,0.0
наш,наш,5,8,0,0.0,0.0,inf,0.0
батюшка,батюшк,3,17,0,0.0,0.0,inf,0.0
бафомет,бафомет,6,56,0,0.0,0.0,inf,0.0
бахмут,бахмут,4,42,0,0.0,0.0,inf,0.0
баьа,ба,3,3,0,0.0,0.0,inf,0.0
беби,беб,1,1,0,0.0,0.0,inf,0.0
бегги,бегг,7,21,0,0.0,0.0,inf,0.0
беггі,беггі,5,22,0,0.0,0.0,inf,0.0
беги,бег,12,45,0,0.0,0.0,inf,0.0
імпакт,імпакт,1,15,0,0.0,0.0,inf,0.0
імфіещту,імфіещт,1,16,0,0.0,0.0,inf,0.0
бед,бед,6,17,0,0.0,0.0,inf,0.0
бой,бо,12,34,0,0.0,0.0,inf,0.0
інспірадора,інспірадор,1,2,0,0.0,0.0,inf,0.0
інстаграм,інстагр,2,2,0,0.0,0.0,inf,0.0
бежева,бежев,11,18,0,0.0,0.0,inf,0.0
безбренду,безбренд,1,2,0,0.0,0.0,inf,0.0
безед,безед,1,1,0,0.0,0.0,inf,0.0
безет,безет,5,32,0,0.0,0.0,inf,0.0
безлад,безлад,1,1,0,0.0,0.0,inf,0.0
бейп,бейп,12,17,0,0.0,0.0,inf,0.0
драконом,дракон,24,95,0,0.0,0.0,inf,0.0
белояр,белояр,3,4,0,0.0,0.0,inf,0.0
бендеровский,бендеровск,1,1,0,0.0,0.0,inf,0.0
зубрик,зубрик,16,131,0,0.0,0.0,inf,0.0
бенни,бен,15,136,0,0.0,0.0,inf,0.0
зубрік,зубрік,1,8,0,0.0,0.0,inf,0.0
берген,берг,1,1,0,0.0,0.0,inf,0.0
бережет,бережет,1,3,0,0.0,0.0,inf,0.0
бокс,бокс,16,53,0,0.0,0.0,inf,0.0
береженого,бережен,1,3,0,0.0,0.0,inf,0.0
інтертоп,інтертоп,1,4,0,0.0,0.0,inf,0.0
ісланд,ісланд,1,25,0,0.0,0.0,inf,0.0
ісландшоп,ісландшоп,1,1,0,0.0,0.0,inf,0.0
бест,бест,2,2,0,0.0,0.0,inf,0.0
беткет,беткет,1,34,0,0.0,0.0,inf,0.0
бехтір,бехтір,1,5,0,0.0,0.0,inf,0.0
библиотека,библиотек,1,1,0,0.0,0.0,inf,0.0
биг,биг,8,15,0,0.0,0.0,inf,0.0
босс,босс,3,3,0,0.0,0.0,inf,0.0
пипл,пипл,1,1,0,0.0,0.0,inf,0.0
сэм,сэм,2,3,0,0.0,0.0,inf,0.0
бигбой,бигб,1,1,0,0.0,0.0,inf,0.0
бизет,бизет,1,2,0,0.0,0.0,inf,0.0
бимбо,бимб,1,1,0,0.0,0.0,inf,0.0
битлджус,битлджус,1,1,0,0.0,0.0,inf,0.0
благодійний,благодійн,1,27,0,0.0,0.0,inf,0.0
блакитне,блакитн,4,10,0,0.0,0.0,inf,0.0
міфів,міфів,1,6,0,0.0,0.0,inf,0.0
бланковый,бланков,1,1,0,0.0,0.0,inf,0.0
блатосфера,блатосфер,9,46,0,0.0,0.0,inf,0.0
лимит,лим,1,8,0,0.0,0.0,inf,0.0
блек,блек,3,31,0,0.0,0.0,inf,0.0
ліміт,ліміт,1,22,0,0.0,0.0,inf,0.0
вер,вер,1,40,0,0.0,0.0,inf,0.0
блесед,блесед,2,5,0,0.0,0.0,inf,0.0
блич,блич,2,3,0,0.0,0.0,inf,0.0
1312,1312,4,41,0,0.0,0.0,inf,0.0
блуд,блуд,1,3,0,0.0,0.0,inf,0.0
блэк,блэк,7,10,0,0.0,0.0,inf,0.0
1313,1313,1,1,0,0.0,0.0,inf,0.0
бобка,бобк,4,11,0,0.0,0.0,inf,0.0
богатир,богатир,1,1,0,0.0,0.0,inf,0.0
богатырь,богатыр,5,5,0,0.0,0.0,inf,0.0
13litera,13litera,2,5,0,0.0,0.0,inf,0.0
1488,1488,2,11,0,0.0,0.0,inf,0.0
русь,ру,3,14,0,0.0,0.0,inf,0.0
боевая,боев,4,9,0,0.0,0.0,inf,0.0
боевка,боевк,1,1,0,0.0,0.0,inf,0.0
боже,бож,7,47,0,0.0,0.0,inf,0.0
бережи,береж,1,4,0,0.0,0.0,inf,0.0
бомби,бомб,1,1,0,0.0,0.0,inf,0.0
белгород,белгород,1,1,0,0.0,0.0,inf,0.0
боженька,боженьк,1,1,0,0.0,0.0,inf,0.0
козацький,козацьк,7,78,0,0.0,0.0,inf,0.0
1702,1702,1,1,0,0.0,0.0,inf,0.0
17sb,17sb,1,1,0,0.0,0.0,inf,0.0
store,store,118,484,0,0.0,0.0,inf,0.0
concept,concept,3,7,0,0.0,0.0,inf,0.0
військової,військової,4,15,0,0.0,0.0,inf,0.0
червоно,червон,44,351,0,0.0,0.0,inf,0.0
бойовка,бойовк,1,5,0,0.0,0.0,inf,0.0
бойові,бойові,2,100,0,0.0,0.0,inf,0.0
band,band,13,17,0,0.0,0.0,inf,0.0
рав,рав,1,1,0,0.0,0.0,inf,0.0
боксерские,боксерск,5,15,0,0.0,0.0,inf,0.0
боксрав,боксра,1,3,0,0.0,0.0,inf,0.0
боксроу,боксро,1,6,0,0.0,0.0,inf,0.0
рыбалкой,рыбалк,2,2,0,0.0,0.0,inf,0.0
люди,люд,13,45,0,0.0,0.0,inf,0.0
бомбер,бомбер,11,21,0,0.0,0.0,inf,0.0
1914,1914,4,25,0,0.0,0.0,inf,0.0
пентаграммой,пентаграмм,9,41,0,0.0,0.0,inf,0.0
рисунком,рисунк,18,63,0,0.0,0.0,inf,0.0
1984,1984,1,1,0,0.0,0.0,inf,0.0
боникс,боникс,1,1,0,0.0,0.0,inf,0.0
борат,борат,1,1,0,0.0,0.0,inf,0.0
бордова,бордов,10,21,0,0.0,0.0,inf,0.0
бордшоп,бордшоп,1,1,0,0.0,0.0,inf,0.0
боривітер,боривітер,1,1,0,0.0,0.0,inf,0.0
борис,борис,2,5,0,0.0,0.0,inf,0.0
брейча,брейч,2,5,0,0.0,0.0,inf,0.0
борцовские,борцовск,1,3,0,0.0,0.0,inf,0.0
борщ,борщ,4,29,0,0.0,0.0,inf,0.0
боріва,борів,1,6,0,0.0,0.0,inf,0.0
поборете,поборет,2,4,0,0.0,0.0,inf,0.0
борітеся,боріт,2,4,0,0.0,0.0,inf,0.0
боско,боск,4,4,0,0.0,0.0,inf,0.0
1ona,1ona,1,1,0,0.0,0.0,inf,0.0
бразерс,бразерс,4,16,0,0.0,0.0,inf,0.0
брат,брат,6,7,0,0.0,0.0,inf,0.0
братва,братв,1,1,0,0.0,0.0,inf,0.0
власти,власт,2,3,0,0.0,0.0,inf,0.0
рвется,рвет,1,1,0,0.0,0.0,inf,0.0
1st,1st,1,1,0,0.0,0.0,inf,0.0
брелок,брелок,2,14,0,0.0,0.0,inf,0.0
амосова,амосов,2,2,0,0.0,0.0,inf,0.0
бичкової,бичкової,1,1,0,0.0,0.0,inf,0.0
відро,відро,7,53,0,0.0,0.0,inf,0.0
line,line,8,34,0,0.0,0.0,inf,0.0
елемент,елемент,2,11,0,0.0,0.0,inf,0.0
1win,1win,1,1,0,0.0,0.0,inf,0.0
культ,культ,3,22,0,0.0,0.0,inf,0.0
кусака,кусак,1,3,0,0.0,0.0,inf,0.0
built,built,1,1,0,0.0,0.0,inf,0.0
different,different,1,1,0,0.0,0.0,inf,0.0
зеленского,зеленск,5,13,0,0.0,0.0,inf,0.0
вовк,вовк,7,13,0,0.0,0.0,inf,0.0
зеленського,зеленськ,5,11,0,0.0,0.0,inf,0.0
спадщина,спадщин,5,27,0,0.0,0.0,inf,0.0
усика,усик,22,34,0,0.0,0.0,inf,0.0
питбуль,питбул,21,58,0,0.0,0.0,inf,0.0
20471120,20471120,1,4,0,0.0,0.0,inf,0.0
2154,2154,1,1,0,0.0,0.0,inf,0.0
птушкина,птушкин,2,4,0,0.0,0.0,inf,0.0
throwback,throwback,1,1,0,0.0,0.0,inf,0.0
221b,221b,1,1,0,0.0,0.0,inf,0.0
уличной,уличн,9,29,0,0.0,0.0,inf,0.0
бджілка,бджілка,1,1,0,0.0,0.0,inf,0.0
union,union,4,5,0,0.0,0.0,inf,0.0
ярослава,ярослав,1,1,0,0.0,0.0,inf,0.0
archive,archive,8,12,0,0.0,0.0,inf,0.0
брендированные,брендирова,1,1,0,0.0,0.0,inf,0.0
2nd,2nd,1,2,0,0.0,0.0,inf,0.0
брендована,брендова,1,4,0,0.0,0.0,inf,0.0
брендоване,брендован,3,7,0,0.0,0.0,inf,0.0
брендовані,брендовані,2,5,0,0.0,0.0,inf,0.0
підлітків,підлітків,19,38,0,0.0,0.0,inf,0.0
grace,grace,3,4,0,0.0,0.0,inf,0.0
days,days,6,8,0,0.0,0.0,inf,0.0
корпус,корпус,9,28,0,0.0,0.0,inf,0.0
брендування,брендуван,1,1,0,0.0,0.0,inf,0.0
армійський,армійськ,6,22,0,0.0,0.0,inf,0.0
34play,34play,1,1,0,0.0,0.0,inf,0.0
бриджи,бридж,3,8,0,0.0,0.0,inf,0.0
брикулець,брикулет^,1,2,0,0.0,0.0,inf,0.0
брокен,брок,5,10,0,0.0,0.0,inf,0.0
планет,планет,8,62,0,0.0,0.0,inf,0.0
броманс,броманс,1,2,0,0.0,0.0,inf,0.0
бруклин,бруклин,1,1,0,0.0,0.0,inf,0.0
брутал,брута,2,11,0,0.0,0.0,inf,0.0
бруталмен,бруталм,2,32,0,0.0,0.0,inf,0.0
брутальные,брутальн,1,2,0,0.0,0.0,inf,0.0
брутто,брутт,2,2,0,0.0,0.0,inf,0.0
celine,celine,3,4,0,0.0,0.0,inf,0.0
морської,морської,9,46,0,0.0,0.0,inf,0.0
oxford,oxford,1,1,0,0.0,0.0,inf,0.0
банани,банан,6,16,0,0.0,0.0,inf,0.0
бананы,бана,6,8,0,0.0,0.0,inf,0.0
джинсів,джинсів,2,2,0,0.0,0.0,inf,0.0
бохо,бох,1,1,0,0.0,0.0,inf,0.0
бродяга,бродяг,1,1,0,0.0,0.0,inf,0.0
штанів,штанів,6,7,0,0.0,0.0,inf,0.0
який,як,7,13,0,0.0,0.0,inf,0.0
дикес,дикес,2,3,0,0.0,0.0,inf,0.0
3ab,3ab,1,1,0,0.0,0.0,inf,0.0
зимы,зим,18,38,0,0.0,0.0,inf,0.0
полных,полн,5,7,0,0.0,0.0,inf,0.0
шерсти,шерст,1,1,0,0.0,0.0,inf,0.0
brigade,brigade,1,1,0,0.0,0.0,inf,0.0
flag,flag,63,304,0,0.0,0.0,inf,0.0
плащевки,плащевк,8,9,0,0.0,0.0,inf,0.0
карго,карг,39,64,0,0.0,0.0,inf,0.0
3rd,3rd,1,1,0,0.0,0.0,inf,0.0
кежуал,кежуа,23,57,0,0.0,0.0,inf,0.0
классические,классическ,12,14,0,0.0,0.0,inf,0.0
кэжуал,кэжуа,9,14,0,0.0,0.0,inf,0.0
лакост,лакост,4,5,0,0.0,0.0,inf,0.0
assault,assault,2,19,0,0.0,0.0,inf,0.0
какой,как,30,55,0,0.0,0.0,inf,0.0
3xl,3xl,7,15,0,0.0,0.0,inf,0.0
летние,летн,43,99,0,0.0,0.0,inf,0.0
это,эт,7,8,0,0.0,0.0,inf,0.0
погони,погон,7,9,0,0.0,0.0,inf,0.0
защипами,защип,2,2,0,0.0,0.0,inf,0.0
шнурках,шнурк,1,1,0,0.0,0.0,inf,0.0
3ошб,3ошб,1,4,0,0.0,0.0,inf,0.0
оксфорд,оксфорд,1,1,0,0.0,0.0,inf,0.0
400,400,2,4,0,0.0,0.0,inf,0.0
парашюты,парашют,4,4,0,0.0,0.0,inf,0.0
gsm,gsm,3,5,0,0.0,0.0,inf,0.0
411,411,1,1,0,0.0,0.0,inf,0.0
підліткові,підліткові,19,44,0,0.0,0.0,inf,0.0
рашгард,рашгард,5,12,0,0.0,0.0,inf,0.0
талией,тал,2,2,0,0.0,0.0,inf,0.0
низом,низ,5,6,0,0.0,0.0,inf,0.0
штанинами,штанин,2,2,0,0.0,0.0,inf,0.0
селин,селин,2,2,0,0.0,0.0,inf,0.0
слаксы,слакс,3,4,0,0.0,0.0,inf,0.0
яструби,яструб,1,1,0,0.0,0.0,inf,0.0
стрелками,стрелк,2,3,0,0.0,0.0,inf,0.0
шик,шик,4,6,0,0.0,0.0,inf,0.0
424,424,1,1,0,0.0,0.0,inf,0.0
фсб,фсб,2,3,0,0.0,0.0,inf,0.0
чинос,чинос,8,10,0,0.0,0.0,inf,0.0
4308,4308,4,57,0,0.0,0.0,inf,0.0
брюкі,брюкі,2,5,0,0.0,0.0,inf,0.0
брючний,брючн,1,1,0,0.0,0.0,inf,0.0
бтк,бтк,1,1,0,0.0,0.0,inf,0.0
був,був,4,10,0,0.0,0.0,inf,0.0
300,300,5,12,0,0.0,0.0,inf,0.0
444,444,1,5,0,0.0,0.0,inf,0.0
булава,булав,1,3,0,0.0,0.0,inf,0.0
бумбокс,бумбокс,6,17,0,0.0,0.0,inf,0.0
бунтар,бунтар,2,2,0,0.0,0.0,inf,0.0
бунтарская,бунтарск,1,1,0,0.0,0.0,inf,0.0
бурзум,бурзум,2,2,0,0.0,0.0,inf,0.0
бурива,бурив,1,3,0,0.0,0.0,inf,0.0
буріва,бурів,1,7,0,0.0,0.0,inf,0.0
racing,racing,3,8,0,0.0,0.0,inf,0.0
keys,keys,1,1,0,0.0,0.0,inf,0.0
бушлат,бушлат,1,1,0,0.0,0.0,inf,0.0
бэгги,бэгг,3,4,0,0.0,0.0,inf,0.0
бюджетні,бюджетні,1,1,0,0.0,0.0,inf,0.0
біг,біг,4,6,0,0.0,0.0,inf,0.0
бос,бос,3,4,0,0.0,0.0,inf,0.0
сем,сем,1,1,0,0.0,0.0,inf,0.0
бігові,бігові,1,1,0,0.0,0.0,inf,0.0
бігус,бігус,1,4,0,0.0,0.0,inf,0.0
бізет,бізет,1,1,0,0.0,0.0,inf,0.0
біла,біла,12,25,0,0.0,0.0,inf,0.0
біле,біле,5,10,0,0.0,0.0,inf,0.0
4best,4best,1,2,0,0.0,0.0,inf,0.0
біло,біло,5,8,0,0.0,0.0,inf,0.0
білочорний,білочорн,1,1,0,0.0,0.0,inf,0.0
біфрі,біфрі,1,1,0,0.0,0.0,inf,0.0
4people,4people,1,1,0,0.0,0.0,inf,0.0
вайкікі,вайкікі,2,4,0,0.0,0.0,inf,0.0
вайлдберрис,вайлдберрис,1,1,0,0.0,0.0,inf,0.0
4pm,4pm,1,5,0,0.0,0.0,inf,0.0
4shop,4shop,1,1,0,0.0,0.0,inf,0.0
рекс,рекс,4,6,0,0.0,0.0,inf,0.0
фокс,фокс,6,8,0,0.0,0.0,inf,0.0
валберіс,валберіс,1,1,0,0.0,0.0,inf,0.0
стрыкало,стрыка,1,2,0,0.0,0.0,inf,0.0
валентин,валентин,2,3,0,0.0,0.0,inf,0.0
хамайко,хамайк,1,1,0,0.0,0.0,inf,0.0
вальгалла,вальгалл,2,2,0,0.0,0.0,inf,0.0
вальхейм,вальхейм,1,1,0,0.0,0.0,inf,0.0
валімарк,валімарк,1,6,0,0.0,0.0,inf,0.0
вамп,вамп,1,1,0,0.0,0.0,inf,0.0
4team,4team,2,11,0,0.0,0.0,inf,0.0
вампі,вампі,1,1,0,0.0,0.0,inf,0.0
500,500,1,1,0,0.0,0.0,inf,0.0
вампіристи,вампірист,1,1,0,0.0,0.0,inf,0.0
фейс,фейс,13,17,0,0.0,0.0,inf,0.0
50percentlegit,50percentlegit,1,1,0,0.0,0.0,inf,0.0
ванс,ванс,9,20,0,0.0,0.0,inf,0.0
варена,вар,2,8,0,0.0,0.0,inf,0.0
вареная,варен,4,15,0,0.0,0.0,inf,0.0
варені,варені,2,3,0,0.0,0.0,inf,0.0
варламов,варлам,1,1,0,0.0,0.0,inf,0.0
511,511,3,6,0,0.0,0.0,inf,0.0
варінг,варінг,1,1,0,0.0,0.0,inf,0.0
ваффен,вафф,1,1,0,0.0,0.0,inf,0.0
вбрано,вбран,1,2,0,0.0,0.0,inf,0.0
вгтф,вгтф,1,1,0,0.0,0.0,inf,0.0
велиет,велиет,1,1,0,0.0,0.0,inf,0.0
тато,тат,16,43,0,0.0,0.0,inf,0.0
великі,великі,7,10,0,0.0,0.0,inf,0.0
костюмів,костюмів,2,2,0,0.0,0.0,inf,0.0
велмет,велмет,1,1,0,0.0,0.0,inf,0.0
короткие,коротк,13,17,0,0.0,0.0,inf,0.0
велосипедки,велосипедк,1,1,0,0.0,0.0,inf,0.0
вельветовые,вельветов,8,11,0,0.0,0.0,inf,0.0
вельветові,вельветові,5,7,0,0.0,0.0,inf,0.0
велюр,велюр,2,2,0,0.0,0.0,inf,0.0
велюровые,велюров,7,17,0,0.0,0.0,inf,0.0
именной,имен,1,1,0,0.0,0.0,inf,0.0
халат,халат,1,1,0,0.0,0.0,inf,0.0
вышивкой,вышивк,16,53,0,0.0,0.0,inf,0.0
велюрові,велюрові,5,13,0,0.0,0.0,inf,0.0
версаче,версач,2,5,0,0.0,0.0,inf,0.0
вертемберг,вертемберг,1,1,0,0.0,0.0,inf,0.0
вертикальний,вертикальн,5,104,0,0.0,0.0,inf,0.0
zeros,zeros,13,131,0,0.0,0.0,inf,0.0
60x90cm,60x90cm,2,7,0,0.0,0.0,inf,0.0
ветеран,ветера,7,45,0,0.0,0.0,inf,0.0
ветеранский,ветеранск,2,2,0,0.0,0.0,inf,0.0
можно,можн,5,8,0,0.0,0.0,inf,0.0
ветеранський,ветеранськ,4,9,0,0.0,0.0,inf,0.0
ветмо,ветм,3,6,0,0.0,0.0,inf,0.0
size,size,6,7,0,0.0,0.0,inf,0.0
пипом,пип,7,13,0,0.0,0.0,inf,0.0
лил,лил,8,14,0,0.0,0.0,inf,0.0
такі,такі,1,1,0,0.0,0.0,inf,0.0
6pm,6pm,1,1,0,0.0,0.0,inf,0.0
різні,різні,1,1,0,0.0,0.0,inf,0.0
виварена,вивар,2,8,0,0.0,0.0,inf,0.0
mountains,mountains,5,35,0,0.0,0.0,inf,0.0
вимпелів,вимпелів,1,11,0,0.0,0.0,inf,0.0
алмаркет,алмаркет,1,1,0,0.0,0.0,inf,0.0
designs,designs,1,2,0,0.0,0.0,inf,0.0
вигрид,вигрид,2,4,0,0.0,0.0,inf,0.0
7dreamsport,7dreamsport,1,1,0,0.0,0.0,inf,0.0
дивизион,дивизион,5,65,0,0.0,0.0,inf,0.0
види,вид,4,32,0,0.0,0.0,inf,0.0
викинг,викинг,6,15,0,0.0,0.0,inf,0.0
вимпел,вимпел,4,12,0,0.0,0.0,inf,0.0
виндер,виндер,2,2,0,0.0,0.0,inf,0.0
винищувач,винищувач,2,3,0,0.0,0.0,inf,0.0
винтаж,винтаж,6,23,0,0.0,0.0,inf,0.0
винтажная,винтажн,10,22,0,0.0,0.0,inf,0.0
конопель,конопел,1,3,0,0.0,0.0,inf,0.0
вироби,вироб,1,3,0,0.0,0.0,inf,0.0
7mntns,7mntns,1,6,0,0.0,0.0,inf,0.0
вирій,вирі,2,2,0,0.0,0.0,inf,0.0
вискозные,вискозн,1,1,0,0.0,0.0,inf,0.0
вишиванка,вишиванк,19,60,0,0.0,0.0,inf,0.0
хлопчика,хлопчик,19,44,0,0.0,0.0,inf,0.0
164,164,1,2,0,0.0,0.0,inf,0.0
7mountains,7mountains,1,5,0,0.0,0.0,inf,0.0
7sky,7sky,3,19,0,0.0,0.0,inf,0.0
футболці,футболці,4,5,0,0.0,0.0,inf,0.0
під,під,13,424,0,0.0,0.0,inf,0.0
вишита,вишит,8,20,0,0.0,0.0,inf,0.0
вишите,виш,1,8,0,0.0,0.0,inf,0.0
вишиті,вишиті,3,9,0,0.0,0.0,inf,0.0
вкв,вкв,1,2,0,0.0,0.0,inf,0.0
вкорочене,вкорочен,1,1,0,0.0,0.0,inf,0.0
7skystore,7skystore,1,1,0,0.0,0.0,inf,0.0
власов,влас,1,1,0,0.0,0.0,inf,0.0
рождает,рожда,1,2,0,0.0,0.0,inf,0.0
паразитов,паразит,1,2,0,0.0,0.0,inf,0.0
влорія,влорі,1,1,0,0.0,0.0,inf,0.0
вмс,вмс,6,19,0,0.0,0.0,inf,0.0
вінчі,вінчі,3,6,0,0.0,0.0,inf,0.0
вогонь,вогон,3,10,0,0.0,0.0,inf,0.0
пече,печ,2,9,0,0.0,0.0,inf,0.0
запеклих,запекл,2,9,0,0.0,0.0,inf,0.0
водій,воді,9,28,0,0.0,0.0,inf,0.0
початківець,початківет^,1,1,0,0.0,0.0,inf,0.0
турбодізеля,турбодізел,1,1,0,0.0,0.0,inf,0.0
воділа,воділ,1,1,0,0.0,0.0,inf,0.0
постеры,постер,17,131,0,0.0,0.0,inf,0.0
сувениры,сувенир,1,3,0,0.0,0.0,inf,0.0
военторг,военторг,9,23,0,0.0,0.0,inf,0.0
запорожье,запорож,7,19,0,0.0,0.0,inf,0.0
воздухан,воздуха,2,3,0,0.0,0.0,inf,0.0
воин,воин,2,4,0,0.0,0.0,inf,0.0
война,войн,7,12,0,0.0,0.0,inf,0.0
волна,волн,1,1,0,0.0,0.0,inf,0.0
володар,володар,5,6,0,0.0,0.0,inf,0.0
перснів,перснів,4,5,0,0.0,0.0,inf,0.0
волосатая,волосат,1,1,0,0.0,0.0,inf,0.0
волоцюга,волоцюг,2,13,0,0.0,0.0,inf,0.0
волчок,волчок,4,82,0,0.0,0.0,inf,0.0
7team,7team,2,15,0,0.0,0.0,inf,0.0
нота,нот,1,1,0,0.0,0.0,inf,0.0
воєна,воєн,8,51,0,0.0,0.0,inf,0.0
воєнні,воєнні,2,5,0,0.0,0.0,inf,0.0
воєнторг,воєнторг,4,6,0,0.0,0.0,inf,0.0
кременчук,кременчук,2,3,0,0.0,0.0,inf,0.0
воїн,воїн,14,59,0,0.0,0.0,inf,0.0
нікого,ніког,1,1,0,0.0,0.0,inf,0.0
нічого,нічог,2,5,0,0.0,0.0,inf,0.0
все,все,12,27,0,0.0,0.0,inf,0.0
цицьок,цицьок,1,1,0,0.0,0.0,inf,0.0
фирмы,фирм,1,1,0,0.0,0.0,inf,0.0
стран,стран,4,14,0,0.0,0.0,inf,0.0
zja5z,zja5z,1,1,0,0.0,0.0,inf,0.0
всреп,всреп,1,2,0,0.0,0.0,inf,0.0
назвами,назв,1,2,0,0.0,0.0,inf,0.0
світу,світу,6,10,0,0.0,0.0,inf,0.0
своі,своі,1,13,0,0.0,0.0,inf,0.0
8nzt86,8nzt86,1,1,0,0.0,0.0,inf,0.0
лого,лог,12,52,0,0.0,0.0,inf,0.0
маркет,маркет,4,29,0,0.0,0.0,inf,0.0
вуличний,вуличн,3,5,0,0.0,0.0,inf,0.0
вываренная,выварен,1,2,0,0.0,0.0,inf,0.0
вымпел,вымпел,2,5,0,0.0,0.0,inf,0.0
8rb4,8rb4,1,1,0,0.0,0.0,inf,0.0
выцветшая,выцветш,1,1,0,0.0,0.0,inf,0.0
вышел,вышел,3,12,0,0.0,0.0,inf,0.0
покурить,покур,3,12,0,0.0,0.0,inf,0.0
вязаная,вязан,3,5,0,0.0,0.0,inf,0.0
вєчно,вєчно,1,1,0,0.0,0.0,inf,0.0
надуте,надут,1,1,0,0.0,0.0,inf,0.0
недовольне,недовольн,1,1,0,0.0,0.0,inf,0.0
відомі,відомі,1,4,0,0.0,0.0,inf,0.0
відстукує,відстукує,5,16,0,0.0,0.0,inf,0.0
візаут,візаут,1,4,0,0.0,0.0,inf,0.0
війну,війн,14,131,0,0.0,0.0,inf,0.0
8utopia,8utopia,1,3,0,0.0,0.0,inf,0.0
8w0908z8,8w0908z8,1,1,0,0.0,0.0,inf,0.0
львові,львові,2,5,0,0.0,0.0,inf,0.0
мерчі,мерчі,3,24,0,0.0,0.0,inf,0.0
патчі,патчі,3,31,0,0.0,0.0,inf,0.0
сувеніри,сувенір,12,36,0,0.0,0.0,inf,0.0
lives,lives,2,3,0,0.0,0.0,inf,0.0
так,так,42,301,0,0.0,0.0,inf,0.0
військторг,військторг,2,3,0,0.0,0.0,inf,0.0
вікторія,вікторі,1,1,0,0.0,0.0,inf,0.0
сікрет,сікрет,1,1,0,0.0,0.0,inf,0.0
зброю,збро,2,7,0,0.0,0.0,inf,0.0
вільні,вільні,13,83,0,0.0,0.0,inf,0.0
мають,мают,4,11,0,0.0,0.0,inf,0.0
віндер,віндер,3,21,0,0.0,0.0,inf,0.0
вінтажна,вінтажн,3,9,0,0.0,0.0,inf,0.0
вінтажні,вінтажні,3,6,0,0.0,0.0,inf,0.0
тцк,тцк,7,25,0,0.0,0.0,inf,0.0
вірю,вірю,4,13,0,0.0,0.0,inf,0.0
вітровка,вітровк,1,1,0,0.0,0.0,inf,0.0
гwear,гwеар,1,5,0,0.0,0.0,inf,0.0
габардин,габардин,4,22,0,0.0,0.0,inf,0.0
газыри,газыр,1,1,0,0.0,0.0,inf,0.0
гайдамак,гайдамак,1,3,0,0.0,0.0,inf,0.0
галицька,галицьк,4,12,0,0.0,0.0,inf,0.0
ссср,ссср,2,2,0,0.0,0.0,inf,0.0
гамаши,гамаш,1,1,0,0.0,0.0,inf,0.0
999,999,2,4,0,0.0,0.0,inf,0.0
ганеша,ганеш,2,2,0,0.0,0.0,inf,0.0
ганк,ганк,1,12,0,0.0,0.0,inf,0.0
ганнибал,ганниба,1,1,0,0.0,0.0,inf,0.0
ганнібал,ганніба,1,1,0,0.0,0.0,inf,0.0
гап,гап,3,6,0,0.0,0.0,inf,0.0
гараж,гараж,6,13,0,0.0,0.0,inf,0.0
гармидер,гармидер,1,1,0,0.0,0.0,inf,0.0
гвер,гвер,7,157,0,0.0,0.0,inf,0.0
гарне,гарн,5,6,0,0.0,0.0,inf,0.0
где,где,8,9,0,0.0,0.0,inf,0.0
эдисона,эдисон,9,11,0,0.0,0.0,inf,0.0
yessirskiii,yessirskiii,9,54,0,0.0,0.0,inf,0.0
покупать,покупа,1,1,0,0.0,0.0,inf,0.0
лаб,лаб,2,2,0,0.0,0.0,inf,0.0
геар,геар,1,1,0,0.0,0.0,inf,0.0
гедоніст,гедоніст,1,4,0,0.0,0.0,inf,0.0
генерал,генера,3,61,0,0.0,0.0,inf,0.0
черешня,черешн,8,74,0,0.0,0.0,inf,0.0
геп,геп,8,12,0,0.0,0.0,inf,0.0
9lives,9lives,1,1,0,0.0,0.0,inf,0.0
9mice,9mice,2,2,0,0.0,0.0,inf,0.0
wall,wall,8,10,0,0.0,0.0,inf,0.0
day,day,6,20,0,0.0,0.0,inf,0.0
remember,remember,1,1,0,0.0,0.0,inf,0.0
march,march,4,21,0,0.0,0.0,inf,0.0
heavyweight,heavyweight,9,12,0,0.0,0.0,inf,0.0
kid,kid,3,6,0,0.0,0.0,inf,0.0
paper,paper,1,4,0,0.0,0.0,inf,0.0
герлаб,герлаб,1,1,0,0.0,0.0,inf,0.0
гесс,гесс,3,3,0,0.0,0.0,inf,0.0
гетьманщина,гетьманщин,3,4,0,0.0,0.0,inf,0.0
гиг,гиг,1,4,0,0.0,0.0,inf,0.0
гимн,гимн,1,1,0,0.0,0.0,inf,0.0
националиста,националист,3,4,0,0.0,0.0,inf,0.0
гимнастические,гимнастическ,1,1,0,0.0,0.0,inf,0.0
гкифт,гкифт,1,1,0,0.0,0.0,inf,0.0
юкрейн,юкрейн,3,6,0,0.0,0.0,inf,0.0
гобелен,гобел,5,13,0,0.0,0.0,inf,0.0
годинник,годинник,1,4,0,0.0,0.0,inf,0.0
гола,гол,2,2,0,0.0,0.0,inf,0.0
голди,голд,3,7,0,0.0,0.0,inf,0.0
голді,голді,5,15,0,0.0,0.0,inf,0.0
голова,голов,3,7,0,0.0,0.0,inf,0.0
голубенко,голубенк,1,2,0,0.0,0.0,inf,0.0
army,army,12,49,0,0.0,0.0,inf,0.0
ab3,ab3,2,4,0,0.0,0.0,inf,0.0
abaddon,abaddon,1,2,0,0.0,0.0,inf,0.0
горани,горан,1,2,0,0.0,0.0,inf,0.0
горгани,горган,2,5,0,0.0,0.0,inf,0.0
горгона,горгон,3,11,0,0.0,0.0,inf,0.0
гордон,гордон,4,16,0,0.0,0.0,inf,0.0
колено,кол,3,3,0,0.0,0.0,inf,0.0
sweatpant,sweatpant,3,4,0,0.0,0.0,inf,0.0
hem,hem,8,13,0,0.0,0.0,inf,0.0
готична,готичн,7,50,0,0.0,0.0,inf,0.0
open,open,10,15,0,0.0,0.0,inf,0.0
гоу,го,1,1,0,0.0,0.0,inf,0.0
гоша,гош,6,14,0,0.0,0.0,inf,0.0
рубчинский,рубчинск,6,14,0,0.0,0.0,inf,0.0
переміг,переміг,1,1,0,0.0,0.0,inf,0.0
грав,грав,1,1,0,0.0,0.0,inf,0.0
град,град,2,5,0,0.0,0.0,inf,0.0
гранд,гранд,3,7,0,0.0,0.0,inf,0.0
стайл,стайл,8,17,0,0.0,0.0,inf,0.0
гранж,гранж,18,81,0,0.0,0.0,inf,0.0
свитер,свитер,22,33,0,0.0,0.0,inf,0.0
графитовая,графитов,4,5,0,0.0,0.0,inf,0.0
граффити,граффит,6,13,0,0.0,0.0,inf,0.0
графітова,графітов,1,1,0,0.0,0.0,inf,0.0
грелка,грелк,1,1,0,0.0,0.0,inf,0.0
гречка,гречк,1,13,0,0.0,0.0,inf,0.0
соул,соул,1,3,0,0.0,0.0,inf,0.0
грим,грим,1,3,0,0.0,0.0,inf,0.0
грн,грн,1,5,0,0.0,0.0,inf,0.0
гроза,гроз,2,4,0,0.0,0.0,inf,0.0
передового,передов,1,2,0,0.0,0.0,inf,0.0
спостереження,спостережен,1,2,0,0.0,0.0,inf,0.0
группа,групп,26,117,0,0.0,0.0,inf,0.0
грушенька,грушеньк,2,3,0,0.0,0.0,inf,0.0
грязь,гряз,2,3,0,0.0,0.0,inf,0.0
essential,essential,8,10,0,0.0,0.0,inf,0.0
abercrombie,abercrombie,1,1,0,0.0,0.0,inf,0.0
гудз,гудз,1,1,0,0.0,0.0,inf,0.0
гулівер,гулівер,1,1,0,0.0,0.0,inf,0.0
гурт,гурт,3,5,0,0.0,0.0,inf,0.0
гуска,гуск,2,2,0,0.0,0.0,inf,0.0
гуцул,гуцул,1,4,0,0.0,0.0,inf,0.0
гіг,гіг,1,1,0,0.0,0.0,inf,0.0
гігфд,гігфд,1,2,0,0.0,0.0,inf,0.0
хуманс,хуманс,1,17,0,0.0,0.0,inf,0.0
даб,даб,1,17,0,0.0,0.0,inf,0.0
дабхуманс,дабхуманс,1,18,0,0.0,0.0,inf,0.0
дабхьюманс,дабхьюманс,1,2,0,0.0,0.0,inf,0.0
дабхюманс,дабхюманс,1,12,0,0.0,0.0,inf,0.0
дакар,дакар,3,10,0,0.0,0.0,inf,0.0
даксайд,даксайд,1,1,0,0.0,0.0,inf,0.0
далі,далі,4,11,0,0.0,0.0,inf,0.0
немає,немає,7,21,0,0.0,0.0,inf,0.0
бога,бог,12,62,0,0.0,0.0,inf,0.0
дамірлі,дамірлі,1,1,0,0.0,0.0,inf,0.0
дарк,дарк,3,3,0,0.0,0.0,inf,0.0
даркмен,даркм,1,1,0,0.0,0.0,inf,0.0
дарктрон,дарктрон,1,1,0,0.0,0.0,inf,0.0
дастер,дастер,10,18,0,0.0,0.0,inf,0.0
їде,їде,6,14,0,0.0,0.0,inf,0.0
дастин,дастин,1,1,0,0.0,0.0,inf,0.0
порье,пор,1,1,0,0.0,0.0,inf,0.0
дахабраха,дахабрах,1,2,0,0.0,0.0,inf,0.0
дбд,дбд,1,1,0,0.0,0.0,inf,0.0
двонитка,двонитк,3,3,0,0.0,0.0,inf,0.0
дворф,дворф,1,1,0,0.0,0.0,inf,0.0
двусторонние,двусторон,2,6,0,0.0,0.0,inf,0.0
двухсторонняя,двухсторон,1,1,0,0.0,0.0,inf,0.0
ablaze,ablaze,2,2,0,0.0,0.0,inf,0.0
факто,факт,2,2,0,0.0,0.0,inf,0.0
нахуй,нах,5,14,0,0.0,0.0,inf,0.0
дайнасти,дайнаст,2,3,0,0.0,0.0,inf,0.0
дед,дед,6,11,0,0.0,0.0,inf,0.0
инсайд,инсайд,4,8,0,0.0,0.0,inf,0.0
дедушкины,дедушкин,1,2,0,0.0,0.0,inf,0.0
декор,декор,3,5,0,0.0,0.0,inf,0.0
вітальню,вітальн,1,2,0,0.0,0.0,inf,0.0
денжер,денжер,2,4,0,0.0,0.0,inf,0.0
леха,лех,2,4,0,0.0,0.0,inf,0.0
день,ден,25,56,0,0.0,0.0,inf,0.0
збройних,збройн,3,17,0,0.0,0.0,inf,0.0
2023,2023,1,2,0,0.0,0.0,inf,0.0
независимости,независим,1,1,0,0.0,0.0,inf,0.0
пам,пам,2,11,0,0.0,0.0,inf,0.0
яті,яті,1,1,0,0.0,0.0,inf,0.0
захисників,захисників,2,8,0,0.0,0.0,inf,0.0
яні,яні,1,1,0,0.0,0.0,inf,0.0
дерев,дер,2,2,0,0.0,0.0,inf,0.0
державний,державн,2,3,0,0.0,0.0,inf,0.0
about,about,1,1,0,0.0,0.0,inf,0.0
державні,державні,1,1,0,0.0,0.0,inf,0.0
символи,символ,3,3,0,0.0,0.0,inf,0.0
держак,держак,3,11,0,0.0,0.0,inf,0.0
держатель,держател,6,12,0,0.0,0.0,inf,0.0
настенный,настен,2,8,0,0.0,0.0,inf,0.0
бачив,бач,1,1,0,0.0,0.0,inf,0.0
десь,де,1,1,0,0.0,0.0,inf,0.0
щось,що,2,3,0,0.0,0.0,inf,0.0
дефтонс,дефтонс,4,8,0,0.0,0.0,inf,0.0
джакет,джакет,1,1,0,0.0,0.0,inf,0.0
джонсон,джонсон,1,1,0,0.0,0.0,inf,0.0
джек,джек,7,7,0,0.0,0.0,inf,0.0
джемпер,джемпер,1,1,0,0.0,0.0,inf,0.0
джерси,джерс,3,11,0,0.0,0.0,inf,0.0
джерсі,джерсі,1,1,0,0.0,0.0,inf,0.0
джим,джим,2,4,0,0.0,0.0,inf,0.0
бим,бим,1,3,0,0.0,0.0,inf,0.0
джимшарк,джимшарк,1,1,0,0.0,0.0,inf,0.0
дайм,дайм,3,3,0,0.0,0.0,inf,0.0
кляйн,кляйн,9,12,0,0.0,0.0,inf,0.0
кельвін,кельвін,6,8,0,0.0,0.0,inf,0.0
мом,мом,4,5,0,0.0,0.0,inf,0.0
you,you,12,32,0,0.0,0.0,inf,0.0
abrams,abrams,5,51,0,0.0,0.0,inf,0.0
abricos,abricos,1,1,0,0.0,0.0,inf,0.0
abstract,abstract,1,1,0,0.0,0.0,inf,0.0
сірі,сірі,39,77,0,0.0,0.0,inf,0.0
absurd,absurd,2,3,0,0.0,0.0,inf,0.0
джинсовик,джинсовик,1,1,0,0.0,0.0,inf,0.0
джинсовые,джинсов,1,1,0,0.0,0.0,inf,0.0
джинсові,джинсові,4,4,0,0.0,0.0,inf,0.0
abuse,abuse,4,9,0,0.0,0.0,inf,0.0
abuser,abuser,2,20,0,0.0,0.0,inf,0.0
acab,acab,11,49,0,0.0,0.0,inf,0.0
выпускной,выпускн,1,2,0,0.0,0.0,inf,0.0
170,170,1,1,0,0.0,0.0,inf,0.0
all,all,11,20,0,0.0,0.0,inf,0.0
трубы,труб,10,18,0,0.0,0.0,inf,0.0
хемп,хемп,1,3,0,0.0,0.0,inf,0.0
джо,джо,2,4,0,0.0,0.0,inf,0.0
cats,cats,3,7,0,0.0,0.0,inf,0.0
beautiful,beautiful,3,7,0,0.0,0.0,inf,0.0
are,are,5,10,0,0.0,0.0,inf,0.0
acdc,acdc,1,1,0,0.0,0.0,inf,0.0
плащівки,плащівк,17,37,0,0.0,0.0,inf,0.0
затяжках,затяжк,10,28,0,0.0,0.0,inf,0.0
нейлонові,нейлонові,9,22,0,0.0,0.0,inf,0.0
ace,ace,6,11,0,0.0,0.0,inf,0.0
киев,ки,91,251,0,0.0,0.0,inf,0.0
джоджо,джодж,2,2,0,0.0,0.0,inf,0.0
джокер,джокер,2,2,0,0.0,0.0,inf,0.0
джонери,джонер,1,1,0,0.0,0.0,inf,0.0
джордан,джорда,22,59,0,0.0,0.0,inf,0.0
джошери,джошер,1,1,0,0.0,0.0,inf,0.0
джузо,джуз,1,2,0,0.0,0.0,inf,0.0
джуси,джус,3,3,0,0.0,0.0,inf,0.0
джінси,джінси,2,2,0,0.0,0.0,inf,0.0
дзеркальний,дзеркальн,1,2,0,0.0,0.0,inf,0.0
перехоплювач,перехоплювач,1,1,0,0.0,0.0,inf,0.0
дзига,дзиг,1,1,0,0.0,0.0,inf,0.0
диверсия,диверс,1,8,0,0.0,0.0,inf,0.0
achilles,achilles,2,2,0,0.0,0.0,inf,0.0
дизайнерская,дизайнерск,6,8,0,0.0,0.0,inf,0.0
дизайнерські,дизайнерські,1,3,0,0.0,0.0,inf,0.0
дизель,дизел,8,14,0,0.0,0.0,inf,0.0
дикі,дикі,1,4,0,0.0,0.0,inf,0.0
шершні,шершні,1,4,0,0.0,0.0,inf,0.0
суміш,суміш,3,9,0,0.0,0.0,inf,0.0
димна,димн,3,9,0,0.0,0.0,inf,0.0
динозавр,динозавр,2,2,0,0.0,0.0,inf,0.0
дипи,дип,4,5,0,0.0,0.0,inf,0.0
дирлевангер,дирлевангер,1,1,0,0.0,0.0,inf,0.0
дистресс,дистресс,1,1,0,0.0,0.0,inf,0.0
дитяче,дитяч,5,8,0,0.0,0.0,inf,0.0
acidwear,acidwear,1,1,0,0.0,0.0,inf,0.0
дитячі,дитячі,2,3,0,0.0,0.0,inf,0.0
енергетик,енергетик,1,4,0,0.0,0.0,inf,0.0
длина,длин,19,37,0,0.0,0.0,inf,0.0
захисника,захисник,4,9,0,0.0,0.0,inf,0.0
посвідчення,посвідчен,1,1,0,0.0,0.0,inf,0.0
шевронів,шевронів,7,17,0,0.0,0.0,inf,0.0
стенд,стенд,3,3,0,0.0,0.0,inf,0.0
дмб,дмб,1,3,0,0.0,0.0,inf,0.0
боровиков,боровик,1,1,0,0.0,0.0,inf,0.0
дмитрий,дмитр,1,1,0,0.0,0.0,inf,0.0
днд,днд,2,8,0,0.0,0.0,inf,0.0
дневники,дневник,2,7,0,0.0,0.0,inf,0.0
днепрянин,днепрянин,2,12,0,0.0,0.0,inf,0.0
днр,днр,8,18,0,0.0,0.0,inf,0.0
агрессив,агресс,4,56,0,0.0,0.0,inf,0.0
доберман,доберма,9,64,0,0.0,0.0,inf,0.0
доброшмот,доброшмот,1,8,0,0.0,0.0,inf,0.0
передвісники,передвісник,1,1,0,0.0,0.0,inf,0.0
добрі,добрі,1,1,0,0.0,0.0,inf,0.0
довга,довг,13,22,0,0.0,0.0,inf,0.0
додо,дод,2,8,0,0.0,0.0,inf,0.0
сокс,сокс,1,7,0,0.0,0.0,inf,0.0
докер,докер,1,1,0,0.0,0.0,inf,0.0
тренд,тренд,4,12,0,0.0,0.0,inf,0.0
дольче,дольч,1,2,0,0.0,0.0,inf,0.0
габбана,габба,1,2,0,0.0,0.0,inf,0.0
домашние,домашн,7,14,0,0.0,0.0,inf,0.0
домашні,домашні,6,9,0,0.0,0.0,inf,0.0
домінанта,домінант,2,12,0,0.0,0.0,inf,0.0
текстиль,текстил,3,13,0,0.0,0.0,inf,0.0
донбасонія,донбасоні,2,14,0,0.0,0.0,inf,0.0
порожняк,порожняк,2,26,0,0.0,0.0,inf,0.0
гонит,гон,2,26,0,0.0,0.0,inf,0.0
донгслів,донгслів,1,1,0,0.0,0.0,inf,0.0
донетчина,донетчин,1,1,0,0.0,0.0,inf,0.0
acke,acke,1,2,0,0.0,0.0,inf,0.0
республика,республик,3,4,0,0.0,0.0,inf,0.0
ackee,ackee,1,1,0,0.0,0.0,inf,0.0
стелла,стелл,10,26,0,0.0,0.0,inf,0.0
донецькій,донецькі,1,1,0,0.0,0.0,inf,0.0
донеччина,донеччин,4,51,0,0.0,0.0,inf,0.0
доречі,доречі,1,1,0,0.0,0.0,inf,0.0
дорогие,дорог,1,1,0,0.0,0.0,inf,0.0
дорофеева,дорофеев,2,4,0,0.0,0.0,inf,0.0
дорохедоро,дорохедор,1,1,0,0.0,0.0,inf,0.0
доска,доск,1,3,0,0.0,0.0,inf,0.0
дофамін,дофамін,1,1,0,0.0,0.0,inf,0.0
доча,доч,1,1,0,0.0,0.0,inf,0.0
дошка,дошк,2,6,0,0.0,0.0,inf,0.0
пошани,пошан,2,5,0,0.0,0.0,inf,0.0
ackerman,ackerman,1,1,0,0.0,0.0,inf,0.0
символика,символик,21,48,0,0.0,0.0,inf,0.0
драгон,драгон,8,48,0,0.0,0.0,inf,0.0
studios,studios,10,13,0,0.0,0.0,inf,0.0
древка,древк,8,44,0,0.0,0.0,inf,0.0
епіцентр,епіцентр,5,12,0,0.0,0.0,inf,0.0
деревянное,деревя,1,1,0,0.0,0.0,inf,0.0
дрилл,дрилл,2,8,0,0.0,0.0,inf,0.0
дрип,дрип,2,3,0,0.0,0.0,inf,0.0
дроноводи,дроновод,1,1,0,0.0,0.0,inf,0.0
дроп,дроп,5,14,0,0.0,0.0,inf,0.0
деад,деад,1,5,0,0.0,0.0,inf,0.0
дэд,дэд,1,1,0,0.0,0.0,inf,0.0
дропшиппинг,дропшиппинг,1,1,0,0.0,0.0,inf,0.0
друга,друг,3,11,0,0.0,0.0,inf,0.0
ріка,ріка,1,9,0,0.0,0.0,inf,0.0
одязі,одязі,2,6,0,0.0,0.0,inf,0.0
acne,acne,5,7,0,0.0,0.0,inf,0.0
тканині,тканині,2,3,0,0.0,0.0,inf,0.0
acoola,acoola,1,1,0,0.0,0.0,inf,0.0
бомбосховища,бомбосховищ,1,1,0,0.0,0.0,inf,0.0
звання,зван,4,4,0,0.0,0.0,inf,0.0
значок,значок,4,6,0,0.0,0.0,inf,0.0
форма,форм,4,5,0,0.0,0.0,inf,0.0
дтф,дтф,1,2,0,0.0,0.0,inf,0.0
дубхуманс,дубхуманс,1,41,0,0.0,0.0,inf,0.0
дуже,дуж,1,2,0,0.0,0.0,inf,0.0
acotar,acotar,1,2,0,0.0,0.0,inf,0.0
дурневшоп,дурневшоп,1,12,0,0.0,0.0,inf,0.0
дурнєв,дурнєв,3,26,0,0.0,0.0,inf,0.0
дурнєвшоп,дурнєвшоп,1,1,0,0.0,0.0,inf,0.0
предков,предк,1,1,0,0.0,0.0,inf,0.0
дух,дух,3,6,0,0.0,0.0,inf,0.0
душніла,душніл,3,11,0,0.0,0.0,inf,0.0
дхарма,дхарм,1,1,0,0.0,0.0,inf,0.0
acronym,acronym,1,4,0,0.0,0.0,inf,0.0
діадіа,діаді,1,2,0,0.0,0.0,inf,0.0
діверс,діверс,1,1,0,0.0,0.0,inf,0.0
across,across,1,2,0,0.0,0.0,inf,0.0
net,net,6,26,0,0.0,0.0,inf,0.0
дізель,дізел,3,3,0,0.0,0.0,inf,0.0
ділвін,ділвін,1,1,0,0.0,0.0,inf,0.0
дімітра,дімітра,1,1,0,0.0,0.0,inf,0.0
діп,діп,1,6,0,0.0,0.0,inf,0.0
діти,діти,2,25,0,0.0,0.0,inf,0.0
інженерів,інженерів,1,23,0,0.0,0.0,inf,0.0
евангелион,евангелион,1,1,0,0.0,0.0,inf,0.0
еверласт,еверласт,2,3,0,0.0,0.0,inf,0.0
егкцуфк,егкцуфк,1,3,0,0.0,0.0,inf,0.0
ейсік,ейсік,1,4,0,0.0,0.0,inf,0.0
ексклюзив,ексклюз,1,1,0,0.0,0.0,inf,0.0
емае,ема,1,6,0,0.0,0.0,inf,0.0
медицини,медицин,3,4,0,0.0,0.0,inf,0.0
act,act,3,6,0,0.0,0.0,inf,0.0
емо,ем,1,6,0,0.0,0.0,inf,0.0
енот,енот,2,5,0,0.0,0.0,inf,0.0
ерд,ерд,7,22,0,0.0,0.0,inf,0.0
есеншиал,есеншиа,3,6,0,0.0,0.0,inf,0.0
есирский,есирск,2,3,0,0.0,0.0,inf,0.0
етно,етн,8,34,0,0.0,0.0,inf,0.0
етнодім,етнодім,1,1,0,0.0,0.0,inf,0.0
етнофутуризм,етнофутуризм,1,2,0,0.0,0.0,inf,0.0
official,official,7,15,0,0.0,0.0,inf,0.0
жага,жаг,1,1,0,0.0,0.0,inf,0.0
act1,act1,1,4,0,0.0,0.0,inf,0.0
hominem,hominem,1,1,0,0.0,0.0,inf,0.0
жакмюс,жакмюс,1,1,0,0.0,0.0,inf,0.0
желтая,желт,3,4,0,0.0,0.0,inf,0.0
зеленый,зелен,11,46,0,0.0,0.0,inf,0.0
весна,весн,15,28,0,0.0,0.0,inf,0.0
жестим,жест,4,5,0,0.0,0.0,inf,0.0
жетон,жетон,2,5,0,0.0,0.0,inf,0.0
живанши,живанш,2,3,0,0.0,0.0,inf,0.0
живу,жив,8,28,0,0.0,0.0,inf,0.0
жипка,жипк,1,3,0,0.0,0.0,inf,0.0
жовте,жовт,5,8,0,0.0,0.0,inf,0.0
журавель,журавел,2,7,0,0.0,0.0,inf,0.0
adamskaya,adamskaya,2,4,0,0.0,0.0,inf,0.0
adanola,adanola,2,4,0,0.0,0.0,inf,0.0
фліска,фліска,10,18,0,0.0,0.0,inf,0.0
розпродаж,розпродаж,7,16,0,0.0,0.0,inf,0.0
addict,addict,3,3,0,0.0,0.0,inf,0.0
флісовий,флісов,8,19,0,0.0,0.0,inf,0.0
короткі,короткі,6,8,0,0.0,0.0,inf,0.0
написами,напис,33,90,0,0.0,0.0,inf,0.0
adidas,adidas,54,84,0,0.0,0.0,inf,0.0
adibreak,adibreak,1,1,0,0.0,0.0,inf,0.0
днем,днем,4,12,0,0.0,0.0,inf,0.0
носити,носит,1,1,0,0.0,0.0,inf,0.0
чим,чим,1,1,0,0.0,0.0,inf,0.0
adicolor,adicolor,1,1,0,0.0,0.0,inf,0.0
заказати,заказат,5,140,0,0.0,0.0,inf,0.0
трешер,трешер,25,79,0,0.0,0.0,inf,0.0
neuclassics,neuclassics,1,1,0,0.0,0.0,inf,0.0
фотографией,фотограф,7,139,0,0.0,0.0,inf,0.0
закохувати,закохуват,1,1,0,0.0,0.0,inf,0.0
зализна,зализн,1,3,0,0.0,0.0,inf,0.0
крамниця,крамнит^,2,17,0,0.0,0.0,inf,0.0
залізна,залізн,2,16,0,0.0,0.0,inf,0.0
alexander,alexander,7,15,0,0.0,0.0,inf,0.0
wang,wang,5,13,0,0.0,0.0,inf,0.0
szn,szn,2,2,0,0.0,0.0,inf,0.0
героя,геро,3,196,0,0.0,0.0,inf,0.0
фотографією,фотографіє,2,86,0,0.0,0.0,inf,0.0
замок,замок,5,16,0,0.0,0.0,inf,0.0
заправлена,заправл,1,2,0,0.0,0.0,inf,0.0
запіканка,запіканк,1,1,0,0.0,0.0,inf,0.0
луцьк,луцьк,7,24,0,0.0,0.0,inf,0.0
stripes,stripes,1,1,0,0.0,0.0,inf,0.0
захід,захід,2,26,0,0.0,0.0,inf,0.0
збройні,збройні,2,2,0,0.0,0.0,inf,0.0
сили,сил,11,39,0,0.0,0.0,inf,0.0
зелена,зел,2,2,0,0.0,0.0,inf,0.0
зеро,зер,4,38,0,0.0,0.0,inf,0.0
фокстрот,фокстрот,1,20,0,0.0,0.0,inf,0.0
зибка,зибк,1,2,0,0.0,0.0,inf,0.0
зигзаг,зигзаг,1,1,0,0.0,0.0,inf,0.0
tapered,tapered,4,4,0,0.0,0.0,inf,0.0
утепленные,утеплен,12,27,0,0.0,0.0,inf,0.0
зимні,зимні,1,3,0,0.0,0.0,inf,0.0
зимове,зимов,4,5,0,0.0,0.0,inf,0.0
leg,leg,49,78,0,0.0,0.0,inf,0.0
хартс,хартс,27,124,0,0.0,0.0,inf,0.0
хром,хром,27,124,0,0.0,0.0,inf,0.0
худди,худд,3,27,0,0.0,0.0,inf,0.0
aape,aape,1,1,0,0.0,0.0,inf,0.0
начеса,начес,5,10,0,0.0,0.0,inf,0.0
полоску,полоск,5,5,0,0.0,0.0,inf,0.0
варенка,варенк,12,21,0,0.0,0.0,inf,0.0
каппа,капп,7,13,0,0.0,0.0,inf,0.0
конверс,конверс,5,9,0,0.0,0.0,inf,0.0
кортез,кортез,18,72,0,0.0,0.0,inf,0.0
firebird,firebird,1,3,0,0.0,0.0,inf,0.0
скот,скот,3,4,0,0.0,0.0,inf,0.0
лайл,лайл,3,4,0,0.0,0.0,inf,0.0
левайс,левайс,8,13,0,0.0,0.0,inf,0.0
лонсдейл,лонсдейл,21,81,0,0.0,0.0,inf,0.0
мальборо,мальбор,2,6,0,0.0,0.0,inf,0.0
future,future,1,1,0,0.0,0.0,inf,0.0
мейсон,мейсон,9,15,0,0.0,0.0,inf,0.0
марджела,марджел,9,15,0,0.0,0.0,inf,0.0
недорого,недор,17,31,0,0.0,0.0,inf,0.0
icons,icons,2,2,0,0.0,0.0,inf,0.0
беланс,беланс,25,84,0,0.0,0.0,inf,0.0
нью,нью,31,97,0,0.0,0.0,inf,0.0
fleece,fleece,29,38,0,0.0,0.0,inf,0.0
опиум,опиум,10,53,0,0.0,0.0,inf,0.0
men,men,105,160,0,0.0,0.0,inf,0.0
сипи,сип,5,6,0,0.0,0.0,inf,0.0
ск8,ск8,7,17,0,0.0,0.0,inf,0.0
скелет,скелет,14,61,0,0.0,0.0,inf,0.0
стразами,страз,16,39,0,0.0,0.0,inf,0.0
graphic,graphic,8,26,0,0.0,0.0,inf,0.0
paris,paris,14,33,0,0.0,0.0,inf,0.0
стоник,стоник,7,13,0,0.0,0.0,inf,0.0
стуси,стус,7,15,0,0.0,0.0,inf,0.0
soft,soft,1,1,0,0.0,0.0,inf,0.0
lux,lux,1,1,0,0.0,0.0,inf,0.0
релиджн,релиджн,6,20,0,0.0,0.0,inf,0.0
тру,тру,7,22,0,0.0,0.0,inf,0.0
олимпийка,олимпийк,8,20,0,0.0,0.0,inf,0.0
халики,халик,2,2,0,0.0,0.0,inf,0.0
star,star,12,45,0,0.0,0.0,inf,0.0
шут,шут,10,23,0,0.0,0.0,inf,0.0
харди,хард,13,18,0,0.0,0.0,inf,0.0
зипеа,зипе,1,7,0,0.0,0.0,inf,0.0
зиперка,зиперк,1,2,0,0.0,0.0,inf,0.0
зипики,зипик,1,2,0,0.0,0.0,inf,0.0
international,international,1,9,0,0.0,0.0,inf,0.0
аликс,аликс,1,1,0,0.0,0.0,inf,0.0
аутсайдер,аутсайдер,3,3,0,0.0,0.0,inf,0.0
викенд,викенд,8,12,0,0.0,0.0,inf,0.0
оффендер,оффендер,5,6,0,0.0,0.0,inf,0.0
диси,дис,2,2,0,0.0,0.0,inf,0.0
мальчика,мальчик,25,49,0,0.0,0.0,inf,0.0
дота,дот,8,20,0,0.0,0.0,inf,0.0
интернешнл,интернешнл,1,3,0,0.0,0.0,inf,0.0
еко,ек,1,2,0,0.0,0.0,inf,0.0
итд,итд,1,1,0,0.0,0.0,inf,0.0
пинкмана,пинкма,1,2,0,0.0,0.0,inf,0.0
джесси,джесс,1,2,0,0.0,0.0,inf,0.0
кастом,каст,16,49,0,0.0,0.0,inf,0.0
марсело,марсел,4,5,0,0.0,0.0,inf,0.0
бурлон,бурлон,4,5,0,0.0,0.0,inf,0.0
мастермайнд,мастермайнд,4,16,0,0.0,0.0,inf,0.0
лето,лет,31,57,0,0.0,0.0,inf,0.0
нефорская,нефорск,24,103,0,0.0,0.0,inf,0.0
ноггано,ногга,3,3,0,0.0,0.0,inf,0.0
wars,wars,4,26,0,0.0,0.0,inf,0.0
terrex,terrex,1,1,0,0.0,0.0,inf,0.0
офф,офф,12,26,0,0.0,0.0,inf,0.0
пит,пит,6,29,0,0.0,0.0,inf,0.0
буль,бул,8,33,0,0.0,0.0,inf,0.0
раст,раст,5,9,0,0.0,0.0,inf,0.0
блестками,блестк,1,1,0,0.0,0.0,inf,0.0
инта,инт,1,1,0,0.0,0.0,inf,0.0
крестами,крест,17,45,0,0.0,0.0,inf,0.0
сакурой,сакур,8,13,0,0.0,0.0,inf,0.0
цветочками,цветочк,1,1,0,0.0,0.0,inf,0.0
спайдермен,спайдерм,2,2,0,0.0,0.0,inf,0.0
сохрани,сохран,7,34,0,0.0,0.0,inf,0.0
спаси,спас,9,36,0,0.0,0.0,inf,0.0
стусси,стусс,4,5,0,0.0,0.0,inf,0.0
суприм,супр,14,26,0,0.0,0.0,inf,0.0
темно,темн,21,30,0,0.0,0.0,inf,0.0
hooded,hooded,2,2,0,0.0,0.0,inf,0.0
спирит,спир,3,3,0,0.0,0.0,inf,0.0
тим,тим,5,17,0,0.0,0.0,inf,0.0
тнф,тнф,5,9,0,0.0,0.0,inf,0.0
трепстар,трепстар,5,8,0,0.0,0.0,inf,0.0
бензопила,бензоп,2,4,0,0.0,0.0,inf,0.0
человек,человек,5,9,0,0.0,0.0,inf,0.0
эко,эк,2,3,0,0.0,0.0,inf,0.0
японском,японск,14,39,0,0.0,0.0,inf,0.0
зипкк,зипкк,1,3,0,0.0,0.0,inf,0.0
зипкп,зипкп,1,2,0,0.0,0.0,inf,0.0
зипок,зипок,1,1,0,0.0,0.0,inf,0.0
зиппер,зиппер,3,17,0,0.0,0.0,inf,0.0
зиппка,зиппк,1,3,0,0.0,0.0,inf,0.0
зиппо,зипп,1,2,0,0.0,0.0,inf,0.0
зипхуди,зипхуд,3,53,0,0.0,0.0,inf,0.0
зла,зла,2,4,0,0.0,0.0,inf,0.0
мавка,мавк,6,16,0,0.0,0.0,inf,0.0
змпка,змпка,1,1,0,0.0,0.0,inf,0.0
знай,зна,2,5,0,0.0,0.0,inf,0.0
teamgeist,teamgeist,1,1,0,0.0,0.0,inf,0.0
zne,zne,1,1,0,0.0,0.0,inf,0.0
знамена,знам,1,1,0,0.0,0.0,inf,0.0
знаменитости,знаменит,1,1,0,0.0,0.0,inf,0.0
знаменосец,знаменосец,2,26,0,0.0,0.0,inf,0.0
знаменосець,знаменосет^,1,1,0,0.0,0.0,inf,0.0
знижки,знижк,4,6,0,0.0,0.0,inf,0.0
зійде,зійд,9,16,0,0.0,0.0,inf,0.0
сонце,сонц,11,33,0,0.0,0.0,inf,0.0
знов,знов,5,7,0,0.0,0.0,inf,0.0
зомби,зомб,3,3,0,0.0,0.0,inf,0.0
adolf,adolf,1,3,0,0.0,0.0,inf,0.0
зробити,зробит,3,83,0,0.0,0.0,inf,0.0
свій,свій,3,13,0,0.0,0.0,inf,0.0
зуді,зуді,2,33,0,0.0,0.0,inf,0.0
зыпка,зыпк,1,2,0,0.0,0.0,inf,0.0
зібка,зібка,1,14,0,0.0,0.0,inf,0.0
зібки,зібки,1,1,0,0.0,0.0,inf,0.0
барбері,барбері,1,1,0,0.0,0.0,inf,0.0
діор,діор,2,3,0,0.0,0.0,inf,0.0
еліс,еліс,1,1,0,0.0,0.0,inf,0.0
блискітками,блискітк,3,4,0,0.0,0.0,inf,0.0
lifter,lifter,1,3,0,0.0,0.0,inf,0.0
сіре,сіре,11,26,0,0.0,0.0,inf,0.0
фліс,фліс,8,15,0,0.0,0.0,inf,0.0
шафа,шаф,4,16,0,0.0,0.0,inf,0.0
aelfric,aelfric,1,1,0,0.0,0.0,inf,0.0
підлітка,підлітка,25,61,0,0.0,0.0,inf,0.0
кархарт,кархарт,13,26,0,0.0,0.0,inf,0.0
людина,людин,4,6,0,0.0,0.0,inf,0.0
павук,павук,6,19,0,0.0,0.0,inf,0.0
graffiti,graffiti,2,4,0,0.0,0.0,inf,0.0
пітбуль,пітбул,5,28,0,0.0,0.0,inf,0.0
стусі,стусі,7,14,0,0.0,0.0,inf,0.0
супрім,супрім,2,12,0,0.0,0.0,inf,0.0
eden,eden,1,1,0,0.0,0.0,inf,0.0
jkrb,jkrb,1,1,0,0.0,0.0,inf,0.0
зіпкі,зіпкі,1,5,0,0.0,0.0,inf,0.0
зіпо,зіпо,1,2,0,0.0,0.0,inf,0.0
зіппер,зіппер,1,4,0,0.0,0.0,inf,0.0
зіпхуді,зіпхуді,1,76,0,0.0,0.0,inf,0.0
воевал,воева,8,23,0,0.0,0.0,inf,0.0
ибис,ибис,1,2,0,0.0,0.0,inf,0.0
иван,ива,3,3,0,0.0,0.0,inf,0.0
дорн,дорн,1,1,0,0.0,0.0,inf,0.0
идеи,ид,9,33,0,0.0,0.0,inf,0.0
попросить,попрос,1,1,0,0.0,0.0,inf,0.0
идея,иде,3,4,0,0.0,0.0,inf,0.0
нации,нац,2,3,0,0.0,0.0,inf,0.0
избушка,избушк,1,1,0,0.0,0.0,inf,0.0
изготовление,изготовлен,3,46,0,0.0,0.0,inf,0.0
aen,aen,2,6,0,0.0,0.0,inf,0.0
индивид,индивид,1,2,0,0.0,0.0,inf,0.0
инспирадора,инспирадор,1,3,0,0.0,0.0,inf,0.0
инстаграм,инстагр,6,23,0,0.0,0.0,inf,0.0
миллениум,миллениум,1,1,0,0.0,0.0,inf,0.0
морковочка,морковочк,1,2,0,0.0,0.0,inf,0.0
кривой,крив,9,32,0,0.0,0.0,inf,0.0
рог,рог,11,21,0,0.0,0.0,inf,0.0
интертоп,интертоп,1,1,0,0.0,0.0,inf,0.0
интерьер,интерьер,1,1,0,0.0,0.0,inf,0.0
интроверт,интроверт,2,3,0,0.0,0.0,inf,0.0
интрудер,интрудер,1,1,0,0.0,0.0,inf,0.0
искра,искр,1,2,0,0.0,0.0,inf,0.0
исламские,исламск,1,1,0,0.0,0.0,inf,0.0
исланд,исланд,3,18,0,0.0,0.0,inf,0.0
итальянские,итальянск,1,2,0,0.0,0.0,inf,0.0
иілітарист,иілітарист,1,2,0,0.0,0.0,inf,0.0
йога,йог,5,8,0,0.0,0.0,inf,0.0
йоджи,йодж,1,1,0,0.0,0.0,inf,0.0
ямамото,ямамот,1,1,0,0.0,0.0,inf,0.0
йомайо,йомай,2,3,0,0.0,0.0,inf,0.0
йори,йор,1,1,0,0.0,0.0,inf,0.0
кабанчи,кабанч,3,8,0,0.0,0.0,inf,0.0
кабанчик,кабанчик,3,5,0,0.0,0.0,inf,0.0
jkrf,jkrf,1,5,0,0.0,0.0,inf,0.0
кабинетные,кабинетн,1,4,0,0.0,0.0,inf,0.0
кав,кав,2,3,0,0.0,0.0,inf,0.0
эмпт,эмпт,1,1,0,0.0,0.0,inf,0.0
кавемпт,кавемпт,2,6,0,0.0,0.0,inf,0.0
кавказ,кавказ,1,1,0,0.0,0.0,inf,0.0
кагрол,кагрол,1,1,0,0.0,0.0,inf,0.0
выбрать,выбра,1,1,0,0.0,0.0,inf,0.0
выглядит,выгляд,1,1,0,0.0,0.0,inf,0.0
закрепить,закреп,1,1,0,0.0,0.0,inf,0.0
палке,палк,3,6,0,0.0,0.0,inf,0.0
aesthetic,aesthetic,2,2,0,0.0,0.0,inf,0.0
крепить,креп,2,2,0,0.0,0.0,inf,0.0
называется,называ,5,8,0,0.0,0.0,inf,0.0
ткань,ткан,6,18,0,0.0,0.0,inf,0.0
плотная,плотн,12,19,0,0.0,0.0,inf,0.0
affliction,affliction,23,110,0,0.0,0.0,inf,0.0
одеваться,одева,1,1,0,0.0,0.0,inf,0.0
повесить,повес,5,9,0,0.0,0.0,inf,0.0
чтобы,чтоб,1,1,0,0.0,0.0,inf,0.0
закручивался,закручива,1,1,0,0.0,0.0,inf,0.0
прикрепить,прикреп,2,4,0,0.0,0.0,inf,0.0
сделать,сдела,12,92,0,0.0,0.0,inf,0.0
courage,courage,1,1,0,0.0,0.0,inf,0.0
весу,вес,1,1,0,0.0,0.0,inf,0.0
узнать,узна,2,2,0,0.0,0.0,inf,0.0
какакула,какакул,1,2,0,0.0,0.0,inf,0.0
бывают,быва,1,1,0,0.0,0.0,inf,0.0
кактус,кактус,3,3,0,0.0,0.0,inf,0.0
календар,календар,1,1,0,0.0,0.0,inf,0.0
каменское,каменск,1,13,0,0.0,0.0,inf,0.0
камотек,камотек,1,1,0,0.0,0.0,inf,0.0
камуфляжна,камуфляжн,1,1,0,0.0,0.0,inf,0.0
harold,harold,1,1,0,0.0,0.0,inf,0.0
каннибал,канниба,1,2,0,0.0,0.0,inf,0.0
корпс,корпс,2,3,0,0.0,0.0,inf,0.0
капель,капел,1,1,0,0.0,0.0,inf,0.0
капишонка,капишонк,1,1,0,0.0,0.0,inf,0.0
капкан,капка,4,8,0,0.0,0.0,inf,0.0
капри,капр,1,1,0,0.0,0.0,inf,0.0
капрі,капрі,1,3,0,0.0,0.0,inf,0.0
капсула,капсул,2,2,0,0.0,0.0,inf,0.0
капюшонки,капюшонк,1,6,0,0.0,0.0,inf,0.0
кара,кар,1,1,0,0.0,0.0,inf,0.0
карабин,карабин,1,2,0,0.0,0.0,inf,0.0
каразин,каразин,1,2,0,0.0,0.0,inf,0.0
каракурт,каракурт,1,2,0,0.0,0.0,inf,0.0
каратель,карател,3,6,0,0.0,0.0,inf,0.0
кардиган,кардига,1,1,0,0.0,0.0,inf,0.0
карма,карм,2,8,0,0.0,0.0,inf,0.0
карна,карн,4,84,0,0.0,0.0,inf,0.0
карпатська,карпатськ,1,6,0,0.0,0.0,inf,0.0
січ,січ,1,6,0,0.0,0.0,inf,0.0
карпе,карп,1,2,0,0.0,0.0,inf,0.0
дием,ди,1,2,0,0.0,0.0,inf,0.0
картате,картат,1,1,0,0.0,0.0,inf,0.0
картаті,картаті,1,1,0,0.0,0.0,inf,0.0
samurai,samurai,3,5,0,0.0,0.0,inf,0.0
державотворення,державотворен,1,1,0,0.0,0.0,inf,0.0
патріотична,патріотичн,38,236,0,0.0,0.0,inf,0.0
номерам,номер,3,3,0,0.0,0.0,inf,0.0
пожарный,пожарн,7,14,0,0.0,0.0,inf,0.0
степан,степа,4,9,0,0.0,0.0,inf,0.0
картопелька,картопельк,2,3,0,0.0,0.0,inf,0.0
каска,каск,1,1,0,0.0,0.0,inf,0.0
каспи,касп,1,2,0,0.0,0.0,inf,0.0
seeker,seeker,1,6,0,0.0,0.0,inf,0.0
кастомная,кастомн,16,57,0,0.0,0.0,inf,0.0
кастомні,кастомні,3,9,0,0.0,0.0,inf,0.0
кастомізація,кастомізаці,1,1,0,0.0,0.0,inf,0.0
катарсис,катарсис,1,7,0,0.0,0.0,inf,0.0
катря,катр,1,1,0,0.0,0.0,inf,0.0
добрякова,добряков,1,1,0,0.0,0.0,inf,0.0
катя,кат,5,10,0,0.0,0.0,inf,0.0
кафта,кафт,1,1,0,0.0,0.0,inf,0.0
качественное,качествен,6,9,0,0.0,0.0,inf,0.0
качок,качок,1,1,0,0.0,0.0,inf,0.0
бородой,бород,6,21,0,0.0,0.0,inf,0.0
кашалот,кашалот,2,2,0,0.0,0.0,inf,0.0
каштан,кашта,2,4,0,0.0,0.0,inf,0.0
сильвер,сильвер,1,1,0,0.0,0.0,inf,0.0
квик,квик,1,1,0,0.0,0.0,inf,0.0
квиксильвер,квиксильвер,1,2,0,0.0,0.0,inf,0.0
кедуал,кедуа,1,1,0,0.0,0.0,inf,0.0
чоловіків,чоловіків,29,149,0,0.0,0.0,inf,0.0
кежуалс,кежуалс,1,1,0,0.0,0.0,inf,0.0
кейт,кейт,1,1,0,0.0,0.0,inf,0.0
кельвин,кельвин,3,4,0,0.0,0.0,inf,0.0
кельтский,кельтск,2,2,0,0.0,0.0,inf,0.0
кенгуруха,кенгурух,1,2,0,0.0,0.0,inf,0.0
кенгурушка,кенгурушк,4,7,0,0.0,0.0,inf,0.0
дженнер,дженнер,1,1,0,0.0,0.0,inf,0.0
кендалл,кендалл,1,1,0,0.0,0.0,inf,0.0
кензо,кенз,2,5,0,0.0,0.0,inf,0.0
xxxl,xxxl,2,2,0,0.0,0.0,inf,0.0
cloth,cloth,5,16,0,0.0,0.0,inf,0.0
киберпанк,киберпанк,4,13,0,0.0,0.0,inf,0.0
2077,2077,2,2,0,0.0,0.0,inf,0.0
agalloch,agalloch,1,1,0,0.0,0.0,inf,0.0
киевский,киевск,8,107,0,0.0,0.0,inf,0.0
синдикат,синдикат,15,191,0,0.0,0.0,inf,0.0
кизару,кизар,5,8,0,0.0,0.0,inf,0.0
килимок,килимок,1,5,0,0.0,0.0,inf,0.0
патчів,патчів,1,5,0,0.0,0.0,inf,0.0
киллстар,киллстар,1,2,0,0.0,0.0,inf,0.0
кип,кип,1,1,0,0.0,0.0,inf,0.0
кипстайл,кипстайл,1,1,0,0.0,0.0,inf,0.0
кислотное,кислотн,1,1,0,0.0,0.0,inf,0.0
кишлак,кишлак,2,8,0,0.0,0.0,inf,0.0
киівський,киівськ,3,50,0,0.0,0.0,inf,0.0
цифровий,цифров,1,2,0,0.0,0.0,inf,0.0
agenda,agenda,1,1,0,0.0,0.0,inf,0.0
класичний,класичн,2,5,0,0.0,0.0,inf,0.0
класні,класні,2,4,0,0.0,0.0,inf,0.0
классные,классн,4,12,0,0.0,0.0,inf,0.0
клеш,клеш,12,14,0,0.0,0.0,inf,0.0
клост,клост,1,1,0,0.0,0.0,inf,0.0
клумба,клумб,1,2,0,0.0,0.0,inf,0.0
кльош,кльош,7,37,0,0.0,0.0,inf,0.0
клямра,клямр,1,4,0,0.0,0.0,inf,0.0
націоналістів,націоналістів,4,16,0,0.0,0.0,inf,0.0
клятва,клятв,2,4,0,0.0,0.0,inf,0.0
книга,книг,1,1,0,0.0,0.0,inf,0.0
кобзарт,кобзарт,1,1,0,0.0,0.0,inf,0.0
ковалевский,ковалевск,1,4,0,0.0,0.0,inf,0.0
ковалевський,ковалевськ,1,1,0,0.0,0.0,inf,0.0
ковта,ковт,2,5,0,0.0,0.0,inf,0.0
кожаные,кожан,2,6,0,0.0,0.0,inf,0.0
кожен,кож,3,15,0,0.0,0.0,inf,0.0
кладовищі,кладовищі,3,34,0,0.0,0.0,inf,0.0
provocateur,provocateur,1,1,0,0.0,0.0,inf,0.0
козацькі,козацькі,1,5,0,0.0,0.0,inf,0.0
кокарда,кокард,1,1,0,0.0,0.0,inf,0.0
колаб,колаб,1,3,0,0.0,0.0,inf,0.0
колаборації,колаборації,1,2,0,0.0,0.0,inf,0.0
колекцій,колекці,3,4,0,0.0,0.0,inf,0.0
колекції,колекції,1,7,0,0.0,0.0,inf,0.0
коллекция,коллекц,1,1,0,0.0,0.0,inf,0.0
коловорот,коловорот,1,1,0,0.0,0.0,inf,0.0
колінс,колінс,1,1,0,0.0,0.0,inf,0.0
командірка,командірк,1,1,0,0.0,0.0,inf,0.0
комбідрук,комбідрук,1,2,0,0.0,0.0,inf,0.0
компанигруп,компанигруп,1,10,0,0.0,0.0,inf,0.0
инари,инар,1,3,0,0.0,0.0,inf,0.0
тім,тім,2,8,0,0.0,0.0,inf,0.0
agent,agent,1,1,0,0.0,0.0,inf,0.0
комплект,комплект,6,16,0,0.0,0.0,inf,0.0
конопляная,коноплян,1,1,0,0.0,0.0,inf,0.0
конструктор,конструктор,1,1,0,0.0,0.0,inf,0.0
aggressive,aggressive,11,103,0,0.0,0.0,inf,0.0
концепт,концепт,1,1,0,0.0,0.0,inf,0.0
конь,кон,2,2,0,0.0,0.0,inf,0.0
боджек,боджек,1,1,0,0.0,0.0,inf,0.0
кор,кор,4,8,0,0.0,0.0,inf,0.0
front,front,2,3,0,0.0,0.0,inf,0.0
корейские,корейск,2,4,0,0.0,0.0,inf,0.0
коричнева,коричнев,6,20,0,0.0,0.0,inf,0.0
коричневі,коричневі,1,1,0,0.0,0.0,inf,0.0
корметал,кормета,1,2,0,0.0,0.0,inf,0.0
agnostic,agnostic,1,1,0,0.0,0.0,inf,0.0
корогвп,корогвп,1,40,0,0.0,0.0,inf,0.0
корона,корон,1,1,0,0.0,0.0,inf,0.0
ahha,ahha,1,1,0,0.0,0.0,inf,0.0
корпоративний,корпоративн,2,2,0,0.0,0.0,inf,0.0
корпоративні,корпоративні,1,3,0,0.0,0.0,inf,0.0
металла,металл,5,11,0,0.0,0.0,inf,0.0
коррозия,корроз,1,3,0,0.0,0.0,inf,0.0
кортис,кортис,2,7,0,0.0,0.0,inf,0.0
falcon,falcon,1,1,0,0.0,0.0,inf,0.0
ahyeno,ahyeno,1,1,0,0.0,0.0,inf,0.0
корчам,корч,1,1,0,0.0,0.0,inf,0.0
airborne,airborne,4,13,0,0.0,0.0,inf,0.0
serianno,serianno,1,1,0,0.0,0.0,inf,0.0
youth,youth,1,2,0,0.0,0.0,inf,0.0
айтишника,айтишник,3,8,0,0.0,0.0,inf,0.0
варка,варк,1,1,0,0.0,0.0,inf,0.0
дощовик,дощовик,1,1,0,0.0,0.0,inf,0.0
літній,літній,7,7,0,0.0,0.0,inf,0.0
airhub,airhub,2,5,0,0.0,0.0,inf,0.0
тактический,тактическ,27,170,0,0.0,0.0,inf,0.0
трехнитка,трехнитк,8,19,0,0.0,0.0,inf,0.0
тринитка,тринитк,6,10,0,0.0,0.0,inf,0.0
трьохнитка,трьохнитк,8,24,0,0.0,0.0,inf,0.0
котолик,котолик,2,2,0,0.0,0.0,inf,0.0
котон,котон,5,11,0,0.0,0.0,inf,0.0
товари,товар,3,4,0,0.0,0.0,inf,0.0
котонова,котонов,3,5,0,0.0,0.0,inf,0.0
котонові,котонові,7,10,0,0.0,0.0,inf,0.0
котофляж,котофляж,1,2,0,0.0,0.0,inf,0.0
коттон,коттон,2,2,0,0.0,0.0,inf,0.0
aiza,aiza,1,6,0,0.0,0.0,inf,0.0
boxing,boxing,4,10,0,0.0,0.0,inf,0.0
gep,gep,1,1,0,0.0,0.0,inf,0.0
hummer,hummer,1,1,0,0.0,0.0,inf,0.0
england,england,1,1,0,0.0,0.0,inf,0.0
marlboro,marlboro,2,2,0,0.0,0.0,inf,0.0
minus,minus,1,2,0,0.0,0.0,inf,0.0
obrez,obrez,1,4,0,0.0,0.0,inf,0.0
pubg,pubg,1,1,0,0.0,0.0,inf,0.0
yale,yale,1,1,0,0.0,0.0,inf,0.0
авангард,авангард,2,2,0,0.0,0.0,inf,0.0
аватар,аватар,1,1,0,0.0,0.0,inf,0.0
титанов,титан,1,1,0,0.0,0.0,inf,0.0
атб,атб,2,5,0,0.0,0.0,inf,0.0
рукавів,рукавів,1,1,0,0.0,0.0,inf,0.0
бойцовский,бойцовск,1,3,0,0.0,0.0,inf,0.0
борьба,борьб,2,2,0,0.0,0.0,inf,0.0
японському,японськ,3,6,0,0.0,0.0,inf,0.0
стилі,стилі,7,25,0,0.0,0.0,inf,0.0
вальхалла,вальхалл,1,4,0,0.0,0.0,inf,0.0
ведьмак,ведьмак,2,4,0,0.0,0.0,inf,0.0
венум,венум,1,1,0,0.0,0.0,inf,0.0
быть,быт,2,3,0,0.0,0.0,inf,0.0
сильным,сильн,2,3,0,0.0,0.0,inf,0.0
время,врем,3,4,0,0.0,0.0,inf,0.0
гло,гло,1,2,0,0.0,0.0,inf,0.0
aj2011,aj2011,1,1,0,0.0,0.0,inf,0.0
дениелс,дениелс,3,3,0,0.0,0.0,inf,0.0
джеффри,джеффр,1,1,0,0.0,0.0,inf,0.0
эпштейна,эпштейн,1,1,0,0.0,0.0,inf,0.0
джинко,джинк,1,2,0,0.0,0.0,inf,0.0
дизайнер,дизайнер,3,6,0,0.0,0.0,inf,0.0
010,010,14,24,0,0.0,0.0,inf,0.0
мотоцикла,мотоцикл,8,32,0,0.0,0.0,inf,0.0
мотоциклиста,мотоциклист,5,14,0,0.0,0.0,inf,0.0
хлопця,хлопт^,9,29,0,0.0,0.0,inf,0.0
akieron,akieron,1,2,0,0.0,0.0,inf,0.0
чоловіка,чоловік,10,18,0,0.0,0.0,inf,0.0
akimata,akimata,1,19,0,0.0,0.0,inf,0.0
блискавкою,блискавк,2,82,0,0.0,0.0,inf,0.0
гаррі,гаррі,2,2,0,0.0,0.0,inf,0.0
поттером,поттер,4,5,0,0.0,0.0,inf,0.0
дівчиною,дівчин,7,23,0,0.0,0.0,inf,0.0
застібкою,застібк,2,2,0,0.0,0.0,inf,0.0
котом,кот,8,12,0,0.0,0.0,inf,0.0
крилами,крил,10,23,0,0.0,0.0,inf,0.0
малюнком,малюнк,6,38,0,0.0,0.0,inf,0.0
маскою,маск,7,11,0,0.0,0.0,inf,0.0
машиною,машин,15,55,0,0.0,0.0,inf,0.0
начосом,начос,2,4,0,0.0,0.0,inf,0.0
очками,очк,2,3,0,0.0,0.0,inf,0.0
поцілунками,поцілунк,1,1,0,0.0,0.0,inf,0.0
прінтом,прінтом,4,8,0,0.0,0.0,inf,0.0
хрестами,хрест,6,16,0,0.0,0.0,inf,0.0
норт,норт,6,6,0,0.0,0.0,inf,0.0
ивису,ивис,1,7,0,0.0,0.0,inf,0.0
престолов,престол,2,5,0,0.0,0.0,inf,0.0
игра,игр,2,5,0,0.0,0.0,inf,0.0
емпт,емпт,1,2,0,0.0,0.0,inf,0.0
кажан,кажа,3,47,0,0.0,0.0,inf,0.0
кампус,кампус,1,1,0,0.0,0.0,inf,0.0
кап,кап,5,6,0,0.0,0.0,inf,0.0
капсайз,капсайз,3,6,0,0.0,0.0,inf,0.0
кеп,кеп,1,2,0,0.0,0.0,inf,0.0
кикбоксинг,кикбоксинг,1,1,0,0.0,0.0,inf,0.0
коловрат,коловрат,5,15,0,0.0,0.0,inf,0.0
конор,конор,2,5,0,0.0,0.0,inf,0.0
макгрегор,макгрегор,3,6,0,0.0,0.0,inf,0.0
космос,космос,5,25,0,0.0,0.0,inf,0.0
akula,akula,2,7,0,0.0,0.0,inf,0.0
кохати,кохат,5,15,0,0.0,0.0,inf,0.0
красная,красн,35,127,0,0.0,0.0,inf,0.0
крбк,крбк,10,94,0,0.0,0.0,inf,0.0
культура,культур,22,162,0,0.0,0.0,inf,0.0
раша,раш,4,5,0,0.0,0.0,inf,0.0
кіл,кіл,2,3,0,0.0,0.0,inf,0.0
alanterz,alanterz,4,13,0,0.0,0.0,inf,0.0
лос,лос,3,4,0,0.0,0.0,inf,0.0
анджелес,анджелес,3,4,0,0.0,0.0,inf,0.0
лсп,лсп,1,1,0,0.0,0.0,inf,0.0
love,love,12,19,0,0.0,0.0,inf,0.0
first,first,3,5,0,0.0,0.0,inf,0.0
корж,корж,7,16,0,0.0,0.0,inf,0.0
макс,макс,9,20,0,0.0,0.0,inf,0.0
скам,скам,13,25,0,0.0,0.0,inf,0.0
мастер,мастер,5,9,0,0.0,0.0,inf,0.0
alchemised,alchemised,1,1,0,0.0,0.0,inf,0.0
мизантропик,мизантропик,3,11,0,0.0,0.0,inf,0.0
мма,мма,8,15,0,0.0,0.0,inf,0.0
молодость,молод,7,25,0,0.0,0.0,inf,0.0
alchevsque,alchevsque,1,11,0,0.0,0.0,inf,0.0
alert,alert,1,2,0,0.0,0.0,inf,0.0
мотоциклетная,мотоциклетн,1,1,0,0.0,0.0,inf,0.0
муай,муа,5,20,0,0.0,0.0,inf,0.0
тай,та,9,27,0,0.0,0.0,inf,0.0
али,ал,5,5,0,0.0,0.0,inf,0.0
мухаммед,мухаммед,2,2,0,0.0,0.0,inf,0.0
верх,верх,3,3,0,0.0,0.0,inf,0.0
рукав,рука,4,7,0,0.0,0.0,inf,0.0
замочку,замочк,1,2,0,0.0,0.0,inf,0.0
застежке,застежк,4,21,0,0.0,0.0,inf,0.0
alfalife,alfalife,1,1,0,0.0,0.0,inf,0.0
online,online,8,13,0,0.0,0.0,inf,0.0
змійці,змійці,3,14,0,0.0,0.0,inf,0.0
молнії,молнії,3,9,0,0.0,0.0,inf,0.0
одне,одн,2,6,0,0.0,0.0,inf,0.0
плече,плеч,1,1,0,0.0,0.0,inf,0.0
осінь,осін,18,76,0,0.0,0.0,inf,0.0
наві,наві,3,3,0,0.0,0.0,inf,0.0
теч,теч,7,8,0,0.0,0.0,inf,0.0
наса,нас,3,3,0,0.0,0.0,inf,0.0
ниндзя,ниндз,3,3,0,0.0,0.0,inf,0.0
нирвана,нирва,5,15,0,0.0,0.0,inf,0.0
algorithm,algorithm,1,4,0,0.0,0.0,inf,0.0
tee,tee,8,8,0,0.0,0.0,inf,0.0
нурминский,нурминск,1,3,0,0.0,0.0,inf,0.0
беленс,беленс,1,1,0,0.0,0.0,inf,0.0
hollywood,hollywood,3,4,0,0.0,0.0,inf,0.0
нірвана,нірван,2,25,0,0.0,0.0,inf,0.0
обнал,обна,2,9,0,0.0,0.0,inf,0.0
оу74,оу74,2,5,0,0.0,0.0,inf,0.0
палас,палас,1,1,0,0.0,0.0,inf,0.0
ангелс,ангелс,2,2,0,0.0,0.0,inf,0.0
палм,палм,3,3,0,0.0,0.0,inf,0.0
alice,alice,6,17,0,0.0,0.0,inf,0.0
пантера,пантер,2,2,0,0.0,0.0,inf,0.0
патагония,патагон,6,11,0,0.0,0.0,inf,0.0
пелес,пелес,1,1,0,0.0,0.0,inf,0.0
германия,герман,2,5,0,0.0,0.0,inf,0.0
питерский,питерск,4,14,0,0.0,0.0,inf,0.0
планта,плант,4,13,0,0.0,0.0,inf,0.0
роса,рос,3,11,0,0.0,0.0,inf,0.0
пошлая,пошл,12,40,0,0.0,0.0,inf,0.0
молли,молл,12,40,0,0.0,0.0,inf,0.0
пройобана,пройоба,6,79,0,0.0,0.0,inf,0.0
молодість,молодіст,6,79,0,0.0,0.0,inf,0.0
пурген,пург,1,7,0,0.0,0.0,inf,0.0
підліткова,підлітков,9,27,0,0.0,0.0,inf,0.0
піт,піт,1,3,0,0.0,0.0,inf,0.0
рамштайн,рамштайн,12,37,0,0.0,0.0,inf,0.0
рамі,рамі,3,4,0,0.0,0.0,inf,0.0
рдк,рдк,5,140,0,0.0,0.0,inf,0.0
реал,реа,2,11,0,0.0,0.0,inf,0.0
рево,рев,2,2,0,0.0,0.0,inf,0.0
морти,морт,5,9,0,0.0,0.0,inf,0.0
рик,рик,8,53,0,0.0,0.0,inf,0.0
овенс,овенс,2,2,0,0.0,0.0,inf,0.0
chains,chains,3,14,0,0.0,0.0,inf,0.0
стіні,стіні,2,77,0,0.0,0.0,inf,0.0
русофоб,русофоб,1,7,0,0.0,0.0,inf,0.0
отношения,отношен,1,7,0,0.0,0.0,inf,0.0
рыночные,рыночн,1,7,0,0.0,0.0,inf,0.0
рэп,рэп,2,2,0,0.0,0.0,inf,0.0
автоматом,автомат,4,34,0,0.0,0.0,inf,0.0
гриффитом,гриффит,1,2,0,0.0,0.0,inf,0.0
грудью,груд,2,3,0,0.0,0.0,inf,0.0
топорами,топор,3,6,0,0.0,0.0,inf,0.0
двумя,двум,1,1,0,0.0,0.0,inf,0.0
рукавом,рукав,28,55,0,0.0,0.0,inf,0.0
долларом,доллар,1,1,0,0.0,0.0,inf,0.0
иероглифами,иероглиф,7,11,0,0.0,0.0,inf,0.0
ковром,ковр,9,32,0,0.0,0.0,inf,0.0
куполами,купол,2,6,0,0.0,0.0,inf,0.0
медведем,медвед,2,3,0,0.0,0.0,inf,0.0
night,night,6,14,0,0.0,0.0,inf,0.0
воротнике,воротник,3,3,0,0.0,0.0,inf,0.0
alle,alle,1,1,0,0.0,0.0,inf,0.0
пушином,пушин,1,1,0,0.0,0.0,inf,0.0
рожками,рожк,2,4,0,0.0,0.0,inf,0.0
зайца,зайц,1,1,0,0.0,0.0,inf,0.0
хвостом,хвост,1,1,0,0.0,0.0,inf,0.0
саботаж,саботаж,5,20,0,0.0,0.0,inf,0.0
саймона,саймон,1,1,0,0.0,0.0,inf,0.0
самурай,самура,8,42,0,0.0,0.0,inf,0.0
круз,круз,2,7,0,0.0,0.0,inf,0.0
санта,сант,2,7,0,0.0,0.0,inf,0.0
сбу,сбу,12,108,0,0.0,0.0,inf,0.0
сва,сва,8,74,0,0.0,0.0,inf,0.0
свага,сваг,2,2,0,0.0,0.0,inf,0.0
светоотражающая,светоотража,2,3,0,0.0,0.0,inf,0.0
свята,свят,12,44,0,0.0,0.0,inf,0.0
вечеря,вечер,12,61,0,0.0,0.0,inf,0.0
слипкнот,слипкнот,4,14,0,0.0,0.0,inf,0.0
сонер,сонер,3,3,0,0.0,0.0,inf,0.0
винден,винд,2,2,0,0.0,0.0,inf,0.0
сорт,сорт,5,32,0,0.0,0.0,inf,0.0
спайдер,спайдер,2,2,0,0.0,0.0,inf,0.0
спрейграунд,спрейграунд,1,1,0,0.0,0.0,inf,0.0
стант,стант,1,2,0,0.0,0.0,inf,0.0
нет,нет,7,26,0,0.0,0.0,inf,0.0
страха,страх,2,7,0,0.0,0.0,inf,0.0
таємна,таємн,7,46,0,0.0,0.0,inf,0.0
тикток,тикток,1,1,0,0.0,0.0,inf,0.0
тонкая,тонк,11,17,0,0.0,0.0,inf,0.0
трапстар,трапстар,1,1,0,0.0,0.0,inf,0.0
трешкр,трешкр,1,1,0,0.0,0.0,inf,0.0
религион,религион,1,2,0,0.0,0.0,inf,0.0
allegro,allegro,1,1,0,0.0,0.0,inf,0.0
allfordance,allfordance,1,1,0,0.0,0.0,inf,0.0
alloff,alloff,1,13,0,0.0,0.0,inf,0.0
всех,всех,6,20,0,0.0,0.0,inf,0.0
гасите,гас,6,20,0,0.0,0.0,inf,0.0
уходя,уход,6,20,0,0.0,0.0,inf,0.0
фантом,фант,4,29,0,0.0,0.0,inf,0.0
фараона,фараон,7,20,0,0.0,0.0,inf,0.0
лвл,лвл,2,2,0,0.0,0.0,inf,0.0
фзм,фзм,1,2,0,0.0,0.0,inf,0.0
форвард,форвард,6,24,0,0.0,0.0,inf,0.0
фред,фред,6,8,0,0.0,0.0,inf,0.0
перри,перр,5,7,0,0.0,0.0,inf,0.0
фіолетова,фіолетов,6,11,0,0.0,0.0,inf,0.0
хамер,хамер,4,9,0,0.0,0.0,inf,0.0
харадзюку,харадзюк,3,3,0,0.0,0.0,inf,0.0
хардкор,хардкор,12,70,0,0.0,0.0,inf,0.0
хелл,хелл,1,1,0,0.0,0.0,inf,0.0
хеллоу,хелло,1,1,0,0.0,0.0,inf,0.0
китти,китт,2,2,0,0.0,0.0,inf,0.0
хеллстар,хеллстар,1,2,0,0.0,0.0,inf,0.0
хлопчача,хлопчач,2,3,0,0.0,0.0,inf,0.0
хулиган,хулига,4,5,0,0.0,0.0,inf,0.0
ххл,ххл,4,5,0,0.0,0.0,inf,0.0
оливейра,оливейр,1,1,0,0.0,0.0,inf,0.0
чарльз,чарльз,1,1,0,0.0,0.0,inf,0.0
чемпион,чемпион,5,10,0,0.0,0.0,inf,0.0
чикаго,чикаг,1,2,0,0.0,0.0,inf,0.0
буллз,буллз,1,2,0,0.0,0.0,inf,0.0
чистая,чист,1,1,0,0.0,0.0,inf,0.0
кровь,кров,6,17,0,0.0,0.0,inf,0.0
allsaints,allsaints,3,6,0,0.0,0.0,inf,0.0
дешево,дешев,3,7,0,0.0,0.0,inf,0.0
шахтар,шахтар,2,4,0,0.0,0.0,inf,0.0
наружу,наруж,1,1,0,0.0,0.0,inf,0.0
швы,швы,1,1,0,0.0,0.0,inf,0.0
шум,шум,1,4,0,0.0,0.0,inf,0.0
змінює,змінює,5,18,0,0.0,0.0,inf,0.0
колір,колір,6,20,0,0.0,0.0,inf,0.0
alo,alo,15,23,0,0.0,0.0,inf,0.0
yoga,yoga,3,3,0,0.0,0.0,inf,0.0
флісові,флісові,19,63,0,0.0,0.0,inf,0.0
кофтм,кофтм,1,1,0,0.0,0.0,inf,0.0
кофтс,кофтс,1,1,0,0.0,0.0,inf,0.0
хлопка,хлопк,6,12,0,0.0,0.0,inf,0.0
молодежные,молодежн,23,42,0,0.0,0.0,inf,0.0
необычные,необычн,7,21,0,0.0,0.0,inf,0.0
унисекс,унисекс,8,23,0,0.0,0.0,inf,0.0
alpha,alpha,17,47,0,0.0,0.0,inf,0.0
industries,industries,14,50,0,0.0,0.0,inf,0.0
коіта,коіт,1,14,0,0.0,0.0,inf,0.0
кпі,кпі,1,1,0,0.0,0.0,inf,0.0
hoody,hoody,6,8,0,0.0,0.0,inf,0.0
basic,basic,10,16,0,0.0,0.0,inf,0.0
краматан,крамата,4,149,0,0.0,0.0,inf,0.0
красивая,красив,14,90,0,0.0,0.0,inf,0.0
красиві,красиві,1,1,0,0.0,0.0,inf,0.0
wolf,wolf,8,18,0,0.0,0.0,inf,0.0
флажки,флажк,5,10,0,0.0,0.0,inf,0.0
крафт,крафт,3,3,0,0.0,0.0,inf,0.0
крафтовые,крафтов,1,4,0,0.0,0.0,inf,0.0
країни,країн,9,21,0,0.0,0.0,inf,0.0
креатив,креат,1,34,0,0.0,0.0,inf,0.0
депо,деп,3,36,0,0.0,0.0,inf,0.0
крепеж,крепеж,1,5,0,0.0,0.0,inf,0.0
alpinestars,alpinestars,4,5,0,0.0,0.0,inf,0.0
криворіжжя,криворіжж,3,29,0,0.0,0.0,inf,0.0
треба,треб,2,3,0,0.0,0.0,inf,0.0
грунту,грунт,2,3,0,0.0,0.0,inf,0.0
крилатим,крилат,2,3,0,0.0,0.0,inf,0.0
криплення,криплен,1,1,0,0.0,0.0,inf,0.0
alson,alson,1,1,0,0.0,0.0,inf,0.0
studio,studio,11,55,0,0.0,0.0,inf,0.0
криївка,криївк,2,16,0,0.0,0.0,inf,0.0
alt,alt,3,6,0,0.0,0.0,inf,0.0
кровосток,кровосток,7,20,0,0.0,0.0,inf,0.0
кронштейн,кронштейн,1,5,0,0.0,0.0,inf,0.0
кропнутая,кропнут,3,5,0,0.0,0.0,inf,0.0
кропп,кропп,7,26,0,0.0,0.0,inf,0.0
кроссовки,кроссовк,1,1,0,0.0,0.0,inf,0.0
под,под,11,75,0,0.0,0.0,inf,0.0
кротевич,кротевич,1,3,0,0.0,0.0,inf,0.0
крутяков,крутяк,1,1,0,0.0,0.0,inf,0.0
круті,круті,3,11,0,0.0,0.0,inf,0.0
ктулху,ктулх,2,21,0,0.0,0.0,inf,0.0
кулмакс,кулмакс,1,8,0,0.0,0.0,inf,0.0
култоні,култоні,1,5,0,0.0,0.0,inf,0.0
культоні,культоні,1,8,0,0.0,0.0,inf,0.0
піксель,піксел,2,7,0,0.0,0.0,inf,0.0
кумедні,кумедні,2,6,0,0.0,0.0,inf,0.0
кунихулиган,кунихулига,1,2,0,0.0,0.0,inf,0.0
купаг,купаг,1,1,0,0.0,0.0,inf,0.0
купаж,купаж,2,14,0,0.0,0.0,inf,0.0
купидон,купидон,1,1,0,0.0,0.0,inf,0.0
американський,американськ,1,1,0,0.0,0.0,inf,0.0
outfits,outfits,2,2,0,0.0,0.0,inf,0.0
male,male,3,3,0,0.0,0.0,inf,0.0
ляні,ляні,3,5,0,0.0,0.0,inf,0.0
едісона,едісон,3,4,0,0.0,0.0,inf,0.0
alta,alta,1,4,0,0.0,0.0,inf,0.0
терміт,терміт,1,1,0,0.0,0.0,inf,0.0
олімпійку,олімпійк,7,30,0,0.0,0.0,inf,0.0
портрет,портрет,5,38,0,0.0,0.0,inf,0.0
омбр,омбр,18,46,0,0.0,0.0,inf,0.0
азова,азов,13,229,0,0.0,0.0,inf,0.0
америки,америк,4,4,0,0.0,0.0,inf,0.0
вдв,вдв,9,39,0,0.0,0.0,inf,0.0
надії,надії,4,114,0,0.0,0.0,inf,0.0
нгу,нгу,9,48,0,0.0,0.0,inf,0.0
brands,brands,10,29,0,0.0,0.0,inf,0.0
сектору,сектор,15,43,0,0.0,0.0,inf,0.0
alternative,alternative,2,2,0,0.0,0.0,inf,0.0
вулиці,вулиці,1,1,0,0.0,0.0,inf,0.0
пусер,пусер,3,11,0,0.0,0.0,inf,0.0
светр,светр,17,36,0,0.0,0.0,inf,0.0
світер,світер,4,8,0,0.0,0.0,inf,0.0
теніску,теніск,1,1,0,0.0,0.0,inf,0.0
alternazero,alternazero,1,2,0,0.0,0.0,inf,0.0
altira,altira,1,1,0,0.0,0.0,inf,0.0
amatory,amatory,1,3,0,0.0,0.0,inf,0.0
нержавійки,нержавійк,2,2,0,0.0,0.0,inf,0.0
amc,amc,1,2,0,0.0,0.0,inf,0.0
метра,метр,4,5,0,0.0,0.0,inf,0.0
металіка,металік,4,20,0,0.0,0.0,inf,0.0
amenra,amenra,3,6,0,0.0,0.0,inf,0.0
пошта,пошт,3,3,0,0.0,0.0,inf,0.0
нова,нов,11,11,0,0.0,0.0,inf,0.0
eagle,eagle,3,6,0,0.0,0.0,inf,0.0
киеве,киев,4,4,0,0.0,0.0,inf,0.0
школу,школ,9,19,0,0.0,0.0,inf,0.0
білу,білу,1,1,0,0.0,0.0,inf,0.0
классика,классик,4,7,0,0.0,0.0,inf,0.0
синтепоне,синтепон,1,1,0,0.0,0.0,inf,0.0
косуху,косух,1,1,0,0.0,0.0,inf,0.0
плейн,плейн,5,12,0,0.0,0.0,inf,0.0
филипп,филипп,5,12,0,0.0,0.0,inf,0.0
american,american,4,5,0,0.0,0.0,inf,0.0
легкие,легк,20,46,0,0.0,0.0,inf,0.0
amiri,amiri,5,9,0,0.0,0.0,inf,0.0
сад,сад,1,1,0,0.0,0.0,inf,0.0
слив,слив,2,4,0,0.0,0.0,inf,0.0
мешковатые,мешковат,6,12,0,0.0,0.0,inf,0.0
лен,лен,6,10,0,0.0,0.0,inf,0.0
качества,качеств,5,12,0,0.0,0.0,inf,0.0
хорошего,хорош,6,16,0,0.0,0.0,inf,0.0
реглан,регла,12,63,0,0.0,0.0,inf,0.0
хлопок,хлопок,23,40,0,0.0,0.0,inf,0.0
нейлоновые,нейлонов,9,24,0,0.0,0.0,inf,0.0
редан,реда,6,7,0,0.0,0.0,inf,0.0
оптом,опт,5,7,0,0.0,0.0,inf,0.0
оригинальные,оригинальн,9,34,0,0.0,0.0,inf,0.0
пайту,пайт,6,10,0,0.0,0.0,inf,0.0
пиратский,пиратск,10,132,0,0.0,0.0,inf,0.0
подарок,подарок,14,40,0,0.0,0.0,inf,0.0
подростковую,подростков,8,17,0,0.0,0.0,inf,0.0
бодибилдинга,бодибилдинг,6,13,0,0.0,0.0,inf,0.0
баталы,батал,3,4,0,0.0,0.0,inf,0.0
amisu,amisu,2,10,0,0.0,0.0,inf,0.0
152,152,1,1,0,0.0,0.0,inf,0.0
158,158,2,2,0,0.0,0.0,inf,0.0
пауком,паук,7,12,0,0.0,0.0,inf,0.0
трекинговые,трекингов,2,2,0,0.0,0.0,inf,0.0
amnesia,amnesia,1,1,0,0.0,0.0,inf,0.0
фирменные,фирмен,5,7,0,0.0,0.0,inf,0.0
харькове,харьков,8,32,0,0.0,0.0,inf,0.0
разведки,разведк,11,41,0,0.0,0.0,inf,0.0
amor,amor,2,4,0,0.0,0.0,inf,0.0
морской,морск,7,9,0,0.0,0.0,inf,0.0
пехоты,пехот,5,7,0,0.0,0.0,inf,0.0
умеешь,умееш,5,105,0,0.0,0.0,inf,0.0
исполняй,исполня,5,105,0,0.0,0.0,inf,0.0
орды,орд,1,1,0,0.0,0.0,inf,0.0
сша,сша,3,7,0,0.0,0.0,inf,0.0
автомобиль,автомобил,2,2,0,0.0,0.0,inf,0.0
кладбище,кладбищ,2,2,0,0.0,0.0,inf,0.0
helloween,helloween,1,1,0,0.0,0.0,inf,0.0
levi,levi,2,2,0,0.0,0.0,inf,0.0
бундесвер,бундесвер,2,4,0,0.0,0.0,inf,0.0
валимарк,валимарк,1,1,0,0.0,0.0,inf,0.0
вилон,вилон,1,1,0,0.0,0.0,inf,0.0
казантип,казантип,1,1,0,0.0,0.0,inf,0.0
лагерфельд,лагерфельд,2,2,0,0.0,0.0,inf,0.0
карл,карл,3,3,0,0.0,0.0,inf,0.0
коламбия,коламб,2,2,0,0.0,0.0,inf,0.0
король,корол,4,7,0,0.0,0.0,inf,0.0
рибок,рибок,4,6,0,0.0,0.0,inf,0.0
amos,amos,1,2,0,0.0,0.0,inf,0.0
look,look,1,2,0,0.0,0.0,inf,0.0
воровскими,воровск,3,3,0,0.0,0.0,inf,0.0
звездами,звезд,6,6,0,0.0,0.0,inf,0.0
amoslook,amoslook,1,3,0,0.0,0.0,inf,0.0
славянский,славянск,8,20,0,0.0,0.0,inf,0.0
слесарь,слесар,2,3,0,0.0,0.0,inf,0.0
amphibious,amphibious,4,23,0,0.0,0.0,inf,0.0
футбольную,футбольн,2,2,0,0.0,0.0,inf,0.0
хуго,хуг,3,3,0,0.0,0.0,inf,0.0
лицемер,лицемер,2,3,0,0.0,0.0,inf,0.0
витон,витон,3,5,0,0.0,0.0,inf,0.0
луи,лу,3,5,0,0.0,0.0,inf,0.0
моргенштерн,моргенштерн,7,23,0,0.0,0.0,inf,0.0
amstaff,amstaff,1,2,0,0.0,0.0,inf,0.0
полар,полар,1,2,0,0.0,0.0,inf,0.0
amsterdamned,amsterdamned,1,1,0,0.0,0.0,inf,0.0
льна,льна,4,13,0,0.0,0.0,inf,0.0
холодок,холодок,3,5,0,0.0,0.0,inf,0.0
штані,штані,3,7,0,0.0,0.0,inf,0.0
купитьфутболку,купитьфутболк,1,1,0,0.0,0.0,inf,0.0
куплю,купл,10,22,0,0.0,0.0,inf,0.0
купольний,купольн,1,2,0,0.0,0.0,inf,0.0
агрегат,агрегат,3,9,0,0.0,0.0,inf,0.0
курган,курга,3,9,0,0.0,0.0,inf,0.0
курсед,курсед,3,5,0,0.0,0.0,inf,0.0
горшка,горшк,2,8,0,0.0,0.0,inf,0.0
куфайка,куфайк,2,9,0,0.0,0.0,inf,0.0
кучму,кучм,1,2,0,0.0,0.0,inf,0.0
вирніт,вирніт,1,2,0,0.0,0.0,inf,0.0
кшще,кшще,1,2,0,0.0,0.0,inf,0.0
вшмшішщт,вшмшішщт,1,2,0,0.0,0.0,inf,0.0
кіберпанк,кіберпанк,4,14,0,0.0,0.0,inf,0.0
кікі,кікі,1,1,0,0.0,0.0,inf,0.0
кілдфол,кілдфол,1,1,0,0.0,0.0,inf,0.0
кілла,кілла,1,1,0,0.0,0.0,inf,0.0
кіллстар,кіллстар,1,8,0,0.0,0.0,inf,0.0
кіллхаус,кіллхаус,1,2,0,0.0,0.0,inf,0.0
кілстар,кілстар,1,9,0,0.0,0.0,inf,0.0
кінгкрос,кінгкрос,1,1,0,0.0,0.0,inf,0.0
лава,лав,2,10,0,0.0,0.0,inf,0.0
студіо,студі,1,4,0,0.0,0.0,inf,0.0
лавкрафт,лавкрафт,3,21,0,0.0,0.0,inf,0.0
ладан,лада,1,2,0,0.0,0.0,inf,0.0
лайм,лайм,1,1,0,0.0,0.0,inf,0.0
лаконичная,лаконичн,1,1,0,0.0,0.0,inf,0.0
лакор,лакор,4,186,0,0.0,0.0,inf,0.0
лакоті,лакоті,1,6,0,0.0,0.0,inf,0.0
appendage,appendage,1,1,0,0.0,0.0,inf,0.0
ламода,ламод,1,1,0,0.0,0.0,inf,0.0
латексфауна,латексфаун,1,2,0,0.0,0.0,inf,0.0
лачен,лач,4,42,0,0.0,0.0,inf,0.0
лдпр,лдпр,1,1,0,0.0,0.0,inf,0.0
джипі,джипі,2,5,0,0.0,0.0,inf,0.0
леви,лев,6,11,0,0.0,0.0,inf,0.0
легит,лег,1,1,0,0.0,0.0,inf,0.0
легкі,легкі,13,28,0,0.0,0.0,inf,0.0
легінси,легінс,1,1,0,0.0,0.0,inf,0.0
леди,лед,3,4,0,0.0,0.0,inf,0.0
гага,гаг,2,2,0,0.0,0.0,inf,0.0
лексі,лексі,1,1,0,0.0,0.0,inf,0.0
anacondaz,anacondaz,1,1,0,0.0,0.0,inf,0.0
anarchist,anarchist,2,3,0,0.0,0.0,inf,0.0
леман,лема,1,2,0,0.0,0.0,inf,0.0
леопардовая,леопардов,2,5,0,0.0,0.0,inf,0.0
лестер,лестер,1,1,0,0.0,0.0,inf,0.0
леся,ле,3,4,0,0.0,0.0,inf,0.0
українка,українк,3,6,0,0.0,0.0,inf,0.0
скейте,скейт,2,2,0,0.0,0.0,inf,0.0
лина,лин,1,1,0,0.0,0.0,inf,0.0
малина,малин,1,1,0,0.0,0.0,inf,0.0
парк,парк,7,11,0,0.0,0.0,inf,0.0
линкин,линкин,5,9,0,0.0,0.0,inf,0.0
лиор,лиор,1,1,0,0.0,0.0,inf,0.0
листикофф,листикофф,1,1,0,0.0,0.0,inf,0.0
лляна,ллян,1,1,0,0.0,0.0,inf,0.0
лнз,лнз,2,2,0,0.0,0.0,inf,0.0
логслів,логслів,1,4,0,0.0,0.0,inf,0.0
лойс,лойс,1,3,0,0.0,0.0,inf,0.0
локмі,локмі,2,2,0,0.0,0.0,inf,0.0
лоліпоп,лоліпоп,1,2,0,0.0,0.0,inf,0.0
ломус,ломус,2,2,0,0.0,0.0,inf,0.0
слів,слів,1,1,0,0.0,0.0,inf,0.0
лонглів,лонглів,1,1,0,0.0,0.0,inf,0.0
лонгмлів,лонгмлів,1,1,0,0.0,0.0,inf,0.0
акне,акн,2,2,0,0.0,0.0,inf,0.0
исповедь,исповед,2,4,0,0.0,0.0,inf,0.0
лонгсливы,лонгслив,3,4,0,0.0,0.0,inf,0.0
подовженим,подовжен,4,7,0,0.0,0.0,inf,0.0
янгол,янгол,1,1,0,0.0,0.0,inf,0.0
лонгсліі,лонгсліі,1,3,0,0.0,0.0,inf,0.0
лондсейл,лондсейл,1,1,0,0.0,0.0,inf,0.0
лонслів,лонслів,1,4,0,0.0,0.0,inf,0.0
лосини,лосин,4,5,0,0.0,0.0,inf,0.0
лосіни,лосін,1,1,0,0.0,0.0,inf,0.0
лотос,лотос,1,1,0,0.0,0.0,inf,0.0
луганськ,луганськ,5,25,0,0.0,0.0,inf,0.0
карпова,карпов,1,1,0,0.0,0.0,inf,0.0
рэперов,рэпер,1,2,0,0.0,0.0,inf,0.0
sanctuary,sanctuary,1,2,0,0.0,0.0,inf,0.0
недорогие,недорог,2,2,0,0.0,0.0,inf,0.0
дедушка,дедушк,1,1,0,0.0,0.0,inf,0.0
львівський,львівськи,1,1,0,0.0,0.0,inf,0.0
львівські,львівські,2,3,0,0.0,0.0,inf,0.0
льонкомбінат,льонкомбінат,1,1,0,0.0,0.0,inf,0.0
льонові,льонові,1,1,0,0.0,0.0,inf,0.0
льонокомбінат,льонокомбінат,1,2,0,0.0,0.0,inf,0.0
state,state,3,4,0,0.0,0.0,inf,0.0
варта,варт,4,18,0,0.0,0.0,inf,0.0
всього,всьог,4,18,0,0.0,0.0,inf,0.0
anbuwear,anbuwear,2,7,0,0.0,0.0,inf,0.0
люрекс,люрекс,2,3,0,0.0,0.0,inf,0.0
лють,лют,8,155,0,0.0,0.0,inf,0.0
ляпка,ляпк,2,2,0,0.0,0.0,inf,0.0
ліор,ліор,1,1,0,0.0,0.0,inf,0.0
бутік,бутік,1,1,0,0.0,0.0,inf,0.0
лістікоф,лістікоф,1,3,0,0.0,0.0,inf,0.0
лістікофф,лістікофф,1,1,0,0.0,0.0,inf,0.0
літнє,літнє,3,10,0,0.0,0.0,inf,0.0
сірого,сірог,4,45,0,0.0,0.0,inf,0.0
ордену,орден,4,45,0,0.0,0.0,inf,0.0
літопис,літопис,4,45,0,0.0,0.0,inf,0.0
тас,тас,3,17,0,0.0,0.0,inf,0.0
фест,фест,3,5,0,0.0,0.0,inf,0.0
anchu,anchu,3,8,0,0.0,0.0,inf,0.0
мавкрік,мавкрік,1,4,0,0.0,0.0,inf,0.0
need,need,2,3,0,0.0,0.0,inf,0.0
date,date,1,1,0,0.0,0.0,inf,0.0
selli,selli,1,1,0,0.0,0.0,inf,0.0
алхімік,алхімік,1,4,0,0.0,0.0,inf,0.0
анді,анді,1,1,0,0.0,0.0,inf,0.0
варвар,варвар,1,6,0,0.0,0.0,inf,0.0
веном,вен,2,2,0,0.0,0.0,inf,0.0
готов,гот,1,1,0,0.0,0.0,inf,0.0
неформалов,неформал,3,3,0,0.0,0.0,inf,0.0
дубно,дубн,1,1,0,0.0,0.0,inf,0.0
кременчуг,кременчуг,2,2,0,0.0,0.0,inf,0.0
конфискат,конфискат,1,1,0,0.0,0.0,inf,0.0
молодіжного,молодіжн,9,40,0,0.0,0.0,inf,0.0
франковск,франковск,2,2,0,0.0,0.0,inf,0.0
мясо,мяс,4,15,0,0.0,0.0,inf,0.0
полтава,полтав,5,15,0,0.0,0.0,inf,0.0
черкассы,черкасс,2,2,0,0.0,0.0,inf,0.0
одежі,одежі,2,15,0,0.0,0.0,inf,0.0
один,один,4,6,0,0.0,0.0,inf,0.0
церква,церкв,1,9,0,0.0,0.0,inf,0.0
роза,роз,6,9,0,0.0,0.0,inf,0.0
оригінального,оригінальн,3,4,0,0.0,0.0,inf,0.0
прапорщик,прапорщик,4,21,0,0.0,0.0,inf,0.0
приколів,приколів,1,1,0,0.0,0.0,inf,0.0
прикордонник,прикордонник,2,2,0,0.0,0.0,inf,0.0
andi,andi,2,2,0,0.0,0.0,inf,0.0
andrestar,andrestar,1,1,0,0.0,0.0,inf,0.0
николаев,никола,5,8,0,0.0,0.0,inf,0.0
адрес,адрес,1,1,0,0.0,0.0,inf,0.0
anecho,anecho,1,1,0,0.0,0.0,inf,0.0
стиляга,стиляг,2,4,0,0.0,0.0,inf,0.0
терранова,терранов,2,2,0,0.0,0.0,inf,0.0
anerkjendt,anerkjendt,1,5,0,0.0,0.0,inf,0.0
укрзалізниці,укрзалізниці,1,1,0,0.0,0.0,inf,0.0
фатлайн,фатлайн,2,3,0,0.0,0.0,inf,0.0
хулиганской,хулиганск,1,1,0,0.0,0.0,inf,0.0
перца,перц,2,3,0,0.0,0.0,inf,0.0
юкі,юкі,2,3,0,0.0,0.0,inf,0.0
боярка,боярк,1,2,0,0.0,0.0,inf,0.0
хмельницкий,хмельницк,1,2,0,0.0,0.0,inf,0.0
маджестик,маджестик,1,3,0,0.0,0.0,inf,0.0
софт,софт,1,1,0,0.0,0.0,inf,0.0
тойота,тойот,1,1,0,0.0,0.0,inf,0.0
майкасофт,майкасофт,1,3,0,0.0,0.0,inf,0.0
фемели,фемел,3,9,0,0.0,0.0,inf,0.0
майкоф,майкоф,1,3,0,0.0,0.0,inf,0.0
сержант,сержант,4,21,0,0.0,0.0,inf,0.0
майстер,майстер,1,1,0,0.0,0.0,inf,0.0
макет,макет,1,1,0,0.0,0.0,inf,0.0
максіпринт,максіпринт,1,1,0,0.0,0.0,inf,0.0
angel,angel,9,14,0,0.0,0.0,inf,0.0
angelmaker,angelmaker,1,8,0,0.0,0.0,inf,0.0
маленька,маленьк,5,5,0,0.0,0.0,inf,0.0
адушкина,адушкин,2,5,0,0.0,0.0,inf,0.0
малинове,малинов,1,1,0,0.0,0.0,inf,0.0
малоизвестные,малоизвестн,1,1,0,0.0,0.0,inf,0.0
малыш,малыш,2,12,0,0.0,0.0,inf,0.0
мальва,мальв,1,17,0,0.0,0.0,inf,0.0
маляр,маляр,2,2,0,0.0,0.0,inf,0.0
мам,мам,3,3,0,0.0,0.0,inf,0.0
казала,каза,2,2,0,0.0,0.0,inf,0.0
мамина,мамин,3,9,0,0.0,0.0,inf,0.0
мамкина,мамкин,2,4,0,0.0,0.0,inf,0.0
манго,манг,1,2,0,0.0,0.0,inf,0.0
манекен,манек,4,4,0,0.0,0.0,inf,0.0
манескин,манескин,1,1,0,0.0,0.0,inf,0.0
мануфактур,мануфактур,1,1,0,0.0,0.0,inf,0.0
характером,характер,1,9,0,0.0,0.0,inf,0.0
маніфест,маніфест,1,9,0,0.0,0.0,inf,0.0
марвел,марвел,3,3,0,0.0,0.0,inf,0.0
маримакс,маримакс,1,1,0,0.0,0.0,inf,0.0
маркетплейс,маркетплейс,3,4,0,0.0,0.0,inf,0.0
маркус,маркус,1,1,0,0.0,0.0,inf,0.0
мармур,мармур,1,2,0,0.0,0.0,inf,0.0
марселин,марселин,2,5,0,0.0,0.0,inf,0.0
марунова,марунов,2,14,0,0.0,0.0,inf,0.0
марунові,марунові,1,3,0,0.0,0.0,inf,0.0
жестокой,жесток,1,1,0,0.0,0.0,inf,0.0
марш,марш,1,1,0,0.0,0.0,inf,0.0
маріуполь,маріупол,4,24,0,0.0,0.0,inf,0.0
мас,мас,2,3,0,0.0,0.0,inf,0.0
мастерка,мастерк,6,6,0,0.0,0.0,inf,0.0
мастерскам,мастерск,2,2,0,0.0,0.0,inf,0.0
маструм,маструм,3,4,0,0.0,0.0,inf,0.0
мастурм,мастурм,1,1,0,0.0,0.0,inf,0.0
материал,материа,1,1,0,0.0,0.0,inf,0.0
сітка,сітка,9,97,0,0.0,0.0,inf,0.0
матеріал,матеріа,1,18,0,0.0,0.0,inf,0.0
прапорна,прапорн,7,94,0,0.0,0.0,inf,0.0
матико,матик,1,5,0,0.0,0.0,inf,0.0
матино,матин,2,80,0,0.0,0.0,inf,0.0
матросские,матросск,1,1,0,0.0,0.0,inf,0.0
маттино,маттин,4,100,0,0.0,0.0,inf,0.0
маттіно,маттін,1,43,0,0.0,0.0,inf,0.0
матюкаюся,матюка,4,85,0,0.0,0.0,inf,0.0
матіко,матік,1,3,0,0.0,0.0,inf,0.0
матін,матін,6,111,0,0.0,0.0,inf,0.0
маунтин,маунтин,1,6,0,0.0,0.0,inf,0.0
мафаня,мафан,1,2,0,0.0,0.0,inf,0.0
махновський,махновськ,1,1,0,0.0,0.0,inf,0.0
махровые,махров,2,2,0,0.0,0.0,inf,0.0
ме4,ме4,3,7,0,0.0,0.0,inf,0.0
меверік,меверік,1,2,0,0.0,0.0,inf,0.0
мега,мег,2,4,0,0.0,0.0,inf,0.0
мегаспорт,мегаспорт,2,5,0,0.0,0.0,inf,0.0
прикол,прикол,8,10,0,0.0,0.0,inf,0.0
медицинский,медицинск,1,1,0,0.0,0.0,inf,0.0
медична,медичн,2,7,0,0.0,0.0,inf,0.0
медичні,медичні,3,5,0,0.0,0.0,inf,0.0
медіціне,медіцін,1,4,0,0.0,0.0,inf,0.0
мембранні,мембранні,1,1,0,0.0,0.0,inf,0.0
мемная,мемн,1,4,0,0.0,0.0,inf,0.0
мережі,мережі,1,2,0,0.0,0.0,inf,0.0
магазинів,магазинів,1,2,0,0.0,0.0,inf,0.0
півень,півен,1,2,0,0.0,0.0,inf,0.0
мертвий,мертв,1,2,0,0.0,0.0,inf,0.0
ferrari,ferrari,1,2,0,0.0,0.0,inf,0.0
katarsis,katarsis,1,1,0,0.0,0.0,inf,0.0
obladaet,obladaet,1,1,0,0.0,0.0,inf,0.0
pyrokinesis,pyrokinesis,1,2,0,0.0,0.0,inf,0.0
айспик,айспик,1,1,0,0.0,0.0,inf,0.0
волкера,волкер,1,2,0,0.0,0.0,inf,0.0
алана,ала,1,2,0,0.0,0.0,inf,0.0
алблака,алблак,1,1,0,0.0,0.0,inf,0.0
алли,алл,1,1,0,0.0,0.0,inf,0.0
волкової,волкової,1,1,0,0.0,0.0,inf,0.0
бекрумс,бекрумс,1,1,0,0.0,0.0,inf,0.0
блогеров,блогер,1,2,0,0.0,0.0,inf,0.0
вайперр,вайперр,1,1,0,0.0,0.0,inf,0.0
глитчей,глитч,1,2,0,0.0,0.0,inf,0.0
делорензи,делоренз,1,3,0,0.0,0.0,inf,0.0
димы,дим,4,9,0,0.0,0.0,inf,0.0
масленникова,масленников,4,9,0,0.0,0.0,inf,0.0
ніч,ніч,1,1,0,0.0,0.0,inf,0.0
диявольська,диявольськ,1,1,0,0.0,0.0,inf,0.0
дюшес,дюшес,1,1,0,0.0,0.0,inf,0.0
litrico,litrico,1,4,0,0.0,0.0,inf,0.0
angelo,angelo,1,4,0,0.0,0.0,inf,0.0
егорика,егорик,1,1,0,0.0,0.0,inf,0.0
киш,киш,5,7,0,0.0,0.0,inf,0.0
краєзнавчого,краєзнавч,1,6,0,0.0,0.0,inf,0.0
музею,муз,1,6,0,0.0,0.0,inf,0.0
кузьма,кузьм,5,6,0,0.0,0.0,inf,0.0
лиззки,лиззк,1,1,0,0.0,0.0,inf,0.0
anihype,anihype,1,1,0,0.0,0.0,inf,0.0
майнкрафт,майнкрафт,3,4,0,0.0,0.0,inf,0.0
барских,барск,1,2,0,0.0,0.0,inf,0.0
максима,максим,1,1,0,0.0,0.0,inf,0.0
каца,кац,1,1,0,0.0,0.0,inf,0.0
мармока,мармок,1,2,0,0.0,0.0,inf,0.0
марьяны,марья,1,1,0,0.0,0.0,inf,0.0
мерлин,мерлин,1,2,0,0.0,0.0,inf,0.0
менсон,менсон,1,2,0,0.0,0.0,inf,0.0
метель,метел,1,1,0,0.0,0.0,inf,0.0
однієї,однієї,3,19,0,0.0,0.0,inf,0.0
крові,крові,4,20,0,0.0,0.0,inf,0.0
моджахеда,моджахед,3,6,0,0.0,0.0,inf,0.0
музыкальных,музыкальн,1,1,0,0.0,0.0,inf,0.0
музыкантов,музыкант,1,1,0,0.0,0.0,inf,0.0
мур,мур,7,106,0,0.0,0.0,inf,0.0
мэйби,мэйб,1,1,0,0.0,0.0,inf,0.0
бэйби,бэйб,1,1,0,0.0,0.0,inf,0.0
наді,наді,1,1,0,0.0,0.0,inf,0.0
дорофеєвої,дорофеєвої,1,1,0,0.0,0.0,inf,0.0
неверлав,неверла,1,1,0,0.0,0.0,inf,0.0
нервы,нерв,5,13,0,0.0,0.0,inf,0.0
ников,ник,4,22,0,0.0,0.0,inf,0.0
никова,ников,3,37,0,0.0,0.0,inf,0.0
ницо,ниц,2,24,0,0.0,0.0,inf,0.0
потворно,потворн,2,24,0,0.0,0.0,inf,0.0
нойз,нойз,8,20,0,0.0,0.0,inf,0.0
оджи,одж,1,1,0,0.0,0.0,inf,0.0
осборна,осборн,4,5,0,0.0,0.0,inf,0.0
оззи,озз,4,5,0,0.0,0.0,inf,0.0
оксимирона,оксимирон,2,6,0,0.0,0.0,inf,0.0
оторвальд,оторвальд,2,14,0,0.0,0.0,inf,0.0
паліндром,паліндр,4,60,0,0.0,0.0,inf,0.0
паши,паш,2,2,0,0.0,0.0,inf,0.0
техника,техник,2,2,0,0.0,0.0,inf,0.0
пейтона,пейтон,2,4,0,0.0,0.0,inf,0.0
пепел,пепел,3,3,0,0.0,0.0,inf,0.0
пес,пес,1,1,0,0.0,0.0,inf,0.0
патрон,патрон,3,8,0,0.0,0.0,inf,0.0
платина,платин,2,4,0,0.0,0.0,inf,0.0
повернись,поверн,2,8,0,0.0,0.0,inf,0.0
зомбоид,зомбоид,1,1,0,0.0,0.0,inf,0.0
пумб,пумб,1,1,0,0.0,0.0,inf,0.0
пуссикиллера,пуссикиллер,1,2,0,0.0,0.0,inf,0.0
ребелія,ребелі,3,17,0,0.0,0.0,inf,0.0
редакция,редакц,1,1,0,0.0,0.0,inf,0.0
рубіж,рубіж,9,91,0,0.0,0.0,inf,0.0
садсвіт,садсвіт,1,3,0,0.0,0.0,inf,0.0
свобода,свобод,5,10,0,0.0,0.0,inf,0.0
сворс,сворс,2,5,0,0.0,0.0,inf,0.0
седсвіт,седсвіт,2,4,0,0.0,0.0,inf,0.0
сематари,сематар,2,2,0,0.0,0.0,inf,0.0
uanimals,uanimals,3,21,0,0.0,0.0,inf,0.0
смн,смн,2,4,0,0.0,0.0,inf,0.0
сопрано,сопра,3,4,0,0.0,0.0,inf,0.0
щастя,щаст,4,19,0,0.0,0.0,inf,0.0
структура,структур,2,15,0,0.0,0.0,inf,0.0
суисайд,суисайд,2,6,0,0.0,0.0,inf,0.0
телебачення,телебачен,3,15,0,0.0,0.0,inf,0.0
торонто,торонт,3,15,0,0.0,0.0,inf,0.0
ткаченко,ткаченк,1,1,0,0.0,0.0,inf,0.0
третя,трет,5,24,0,0.0,0.0,inf,0.0
трійки,трійк,2,12,0,0.0,0.0,inf,0.0
усіка,усік,2,4,0,0.0,0.0,inf,0.0
фейсита,фейсит,1,3,0,0.0,0.0,inf,0.0
френдли,френдл,3,3,0,0.0,0.0,inf,0.0
тага,таг,4,5,0,0.0,0.0,inf,0.0
animalist,animalist,1,1,0,0.0,0.0,inf,0.0
хаски,хаск,1,1,0,0.0,0.0,inf,0.0
animalizm,animalizm,1,4,0,0.0,0.0,inf,0.0
anime,anime,5,9,0,0.0,0.0,inf,0.0
streetwear,streetwear,50,226,0,0.0,0.0,inf,0.0
циферблат,циферблат,2,2,0,0.0,0.0,inf,0.0
четверте,четверт,1,1,0,0.0,0.0,inf,0.0
шгш,шгш,2,12,0,0.0,0.0,inf,0.0
шмальгаузена,шмальгауз,1,1,0,0.0,0.0,inf,0.0
шугара,шугар,1,1,0,0.0,0.0,inf,0.0
ankers,ankers,1,1,0,0.0,0.0,inf,0.0
bolina,bolina,1,2,0,0.0,0.0,inf,0.0
anna,anna,1,2,0,0.0,0.0,inf,0.0
ісландія,ісланді,8,110,0,0.0,0.0,inf,0.0
фэмили,фэм,1,4,0,0.0,0.0,inf,0.0
металика,металик,4,5,0,0.0,0.0,inf,0.0
металкор,металкор,1,6,0,0.0,0.0,inf,0.0
anniluce,anniluce,1,1,0,0.0,0.0,inf,0.0
меташоп,меташоп,1,1,0,0.0,0.0,inf,0.0
механизм,механизм,2,2,0,0.0,0.0,inf,0.0
меч,меч,8,17,0,0.0,0.0,inf,0.0
миак,миак,1,1,0,0.0,0.0,inf,0.0
микс,микс,1,1,0,0.0,0.0,inf,0.0
поинт,поинт,2,10,0,0.0,0.0,inf,0.0
милитант,милитант,3,25,0,0.0,0.0,inf,0.0
зон,зон,4,26,0,0.0,0.0,inf,0.0
милитарист,милитарист,6,22,0,0.0,0.0,inf,0.0
львов,львов,1,1,0,0.0,0.0,inf,0.0
миллионер,миллионер,2,4,0,0.0,0.0,inf,0.0
милфхантер,милфхантер,1,1,0,0.0,0.0,inf,0.0
минималистичные,минималистичн,1,1,0,0.0,0.0,inf,0.0
сиксти,сикст,2,33,0,0.0,0.0,inf,0.0
мис,мис,1,2,0,0.0,0.0,inf,0.0
мисливські,мисливські,1,16,0,0.0,0.0,inf,0.0
пафф,пафф,2,5,0,0.0,0.0,inf,0.0
мисс,мисс,1,4,0,0.0,0.0,inf,0.0
annkers,annkers,1,1,0,0.0,0.0,inf,0.0
пиклз,пиклз,1,1,0,0.0,0.0,inf,0.0
мисфитс,мисфитс,2,5,0,0.0,0.0,inf,0.0
мишаня,мишан,1,1,0,0.0,0.0,inf,0.0
много,мног,1,2,0,0.0,0.0,inf,0.0
многослойная,многослойн,1,1,0,0.0,0.0,inf,0.0
answear,answear,1,9,0,0.0,0.0,inf,0.0
модеста,модест,1,1,0,0.0,0.0,inf,0.0
моджаве,моджав,1,1,0,0.0,0.0,inf,0.0
answer,answer,1,1,0,0.0,0.0,inf,0.0
точка,точк,1,1,0,0.0,0.0,inf,0.0
модники,модник,1,1,0,0.0,0.0,inf,0.0
2018,2018,1,1,0,0.0,0.0,inf,0.0
хлопчиків,хлопчиків,2,2,0,0.0,0.0,inf,0.0
модоза,модоз,1,1,0,0.0,0.0,inf,0.0
молитва,молитв,4,10,0,0.0,0.0,inf,0.0
націоналіста,націоналіст,2,8,0,0.0,0.0,inf,0.0
молодший,молодш,1,1,0,0.0,0.0,inf,0.0
монаковка,монаковк,1,1,0,0.0,0.0,inf,0.0
монатик,монатик,1,1,0,0.0,0.0,inf,0.0
монета,монет,2,2,0,0.0,0.0,inf,0.0
монклер,монклер,1,1,0,0.0,0.0,inf,0.0
монобанк,монобанк,2,2,0,0.0,0.0,inf,0.0
монокло,монокл,1,1,0,0.0,0.0,inf,0.0
монохром,монохр,1,1,0,0.0,0.0,inf,0.0
монтейн,монтейн,1,7,0,0.0,0.0,inf,0.0
моралес,моралес,1,3,0,0.0,0.0,inf,0.0
мордекс,мордекс,4,34,0,0.0,0.0,inf,0.0
морнинг,морнинг,1,12,0,0.0,0.0,inf,0.0
морнінг,морнінг,1,32,0,0.0,0.0,inf,0.0
морнінгстар,морнінгстар,1,9,0,0.0,0.0,inf,0.0
морок,морок,2,50,0,0.0,0.0,inf,0.0
морпехи,морпех,2,2,0,0.0,0.0,inf,0.0
морпіхи,морпіх,1,3,0,0.0,0.0,inf,0.0
вантед,вантед,1,1,0,0.0,0.0,inf,0.0
мост,мост,2,7,0,0.0,0.0,inf,0.0
anta,anta,2,2,0,0.0,0.0,inf,0.0
мотиваційний,мотиваційн,1,130,0,0.0,0.0,inf,0.0
мотино,мотин,1,6,0,0.0,0.0,inf,0.0
kai,kai,2,4,0,0.0,0.0,inf,0.0
текстильная,текстильн,1,1,0,0.0,0.0,inf,0.0
мотокуртка,мотокуртк,1,1,0,0.0,0.0,inf,0.0
мотофутболка,мотофутболк,1,8,0,0.0,0.0,inf,0.0
мотохуди,мотохуд,1,2,0,0.0,0.0,inf,0.0
antaeus,antaeus,1,33,0,0.0,0.0,inf,0.0
моттино,моттин,1,2,0,0.0,0.0,inf,0.0
мотіно,мотін,1,17,0,0.0,0.0,inf,0.0
мохіто,мохіт,1,1,0,0.0,0.0,inf,0.0
мош,мош,1,1,0,0.0,0.0,inf,0.0
мрачные,мрачн,1,4,0,0.0,0.0,inf,0.0
мрія,мрія,4,12,0,0.0,0.0,inf,0.0
мтак,мтак,6,35,0,0.0,0.0,inf,0.0
мтас,мтас,1,2,0,0.0,0.0,inf,0.0
мувахид,мувахид,1,1,0,0.0,0.0,inf,0.0
мужик,мужик,1,1,0,0.0,0.0,inf,0.0
4xl,4xl,3,6,0,0.0,0.0,inf,0.0
огромных,огромн,1,1,0,0.0,0.0,inf,0.0
ширинка,ширинк,1,1,0,0.0,0.0,inf,0.0
ptsd,ptsd,1,1,0,0.0,0.0,inf,0.0
производства,производств,2,3,0,0.0,0.0,inf,0.0
мужскі,мужскі,1,1,0,0.0,0.0,inf,0.0
мукачево,мукачев,2,2,0,0.0,0.0,inf,0.0
романтика,романтик,4,7,0,0.0,0.0,inf,0.0
муслінові,муслінові,1,1,0,0.0,0.0,inf,0.0
муцураев,муцура,4,26,0,0.0,0.0,inf,0.0
мій,мій,1,66,0,0.0,0.0,inf,0.0
міліруд,міліруд,1,1,0,0.0,0.0,inf,0.0
мілітант,мілітант,1,1,0,0.0,0.0,inf,0.0
мілітарист,мілітарист,1,29,0,0.0,0.0,inf,0.0
мілітарка,мілітарк,1,1,0,0.0,0.0,inf,0.0
мілітарний,мілітарн,1,6,0,0.0,0.0,inf,0.0
мілітаріст,мілітаріст,1,1,0,0.0,0.0,inf,0.0
міномет,міномет,1,1,0,0.0,0.0,inf,0.0
pro,pro,14,55,0,0.0,0.0,inf,0.0
міні,міні,2,2,0,0.0,0.0,inf,0.0
мінімалізм,мінімалізм,1,2,0,0.0,0.0,inf,0.0
місіс,місіс,1,1,0,0.0,0.0,inf,0.0
мішкуваті,мішкуваті,3,3,0,0.0,0.0,inf,0.0
jav,jav,1,2,0,0.0,0.0,inf,0.0
набор,набор,2,6,0,0.0,0.0,inf,0.0
державності,державності,1,4,0,0.0,0.0,inf,0.0
terror,terror,3,10,0,0.0,0.0,inf,0.0
навершие,наверш,3,6,0,0.0,0.0,inf,0.0
надрукувати,надрукуват,1,12,0,0.0,0.0,inf,0.0
нокта,нокт,2,2,0,0.0,0.0,inf,0.0
найкращі,найкращі,1,2,0,0.0,0.0,inf,0.0
наклейка,наклейк,8,55,0,0.0,0.0,inf,0.0
наконечник,наконечник,4,4,0,0.0,0.0,inf,0.0
намилия,намил,1,1,0,0.0,0.0,inf,0.0
нанесение,нанесен,1,1,0,0.0,0.0,inf,0.0
напапири,напапир,5,12,0,0.0,0.0,inf,0.0
напапірі,напапірі,2,2,0,0.0,0.0,inf,0.0
напечатать,напечата,2,3,0,0.0,0.0,inf,0.0
наруто,нарут,3,3,0,0.0,0.0,inf,0.0
нарядные,нарядн,1,1,0,0.0,0.0,inf,0.0
настільні,настільні,1,1,0,0.0,0.0,inf,0.0
прапорці,прапорці,6,16,0,0.0,0.0,inf,0.0
болгар,болгар,1,1,0,0.0,0.0,inf,0.0
наталі,наталі,1,1,0,0.0,0.0,inf,0.0
нате,нат,3,12,0,0.0,0.0,inf,0.0
носите,нос,5,14,0,0.0,0.0,inf,0.0
натуральний,натуральн,1,1,0,0.0,0.0,inf,0.0
наус,наус,1,7,0,0.0,0.0,inf,0.0
национальные,национальн,2,5,0,0.0,0.0,inf,0.0
нацистские,нацистск,2,3,0,0.0,0.0,inf,0.0
національний,національн,4,16,0,0.0,0.0,inf,0.0
національні,національні,2,3,0,0.0,0.0,inf,0.0
націоналістична,націоналістичн,3,29,0,0.0,0.0,inf,0.0
націоналістичні,націоналістичні,3,18,0,0.0,0.0,inf,0.0
означає,означає,1,1,0,0.0,0.0,inf,0.0
200,200,2,23,0,0.0,0.0,inf,0.0
воював,воюва,3,25,0,0.0,0.0,inf,0.0
antichrist,antichrist,1,4,0,0.0,0.0,inf,0.0
мамкай,мамка,2,5,0,0.0,0.0,inf,0.0
обостряй,обостря,1,1,0,0.0,0.0,inf,0.0
притулятися,притулят,3,7,0,0.0,0.0,inf,0.0
небіа,небі,1,1,0,0.0,0.0,inf,0.0
невиновных,невиновн,3,15,0,0.0,0.0,inf,0.0
machine,machine,2,5,0,0.0,0.0,inf,0.0
утяжках,утяжк,4,8,0,0.0,0.0,inf,0.0
неко,нек,1,5,0,0.0,0.0,inf,0.0
siege,siege,2,5,0,0.0,0.0,inf,0.0
часу,час,6,20,0,0.0,0.0,inf,0.0
немезіс,немезіс,1,3,0,0.0,0.0,inf,0.0
ненка,ненк,1,1,0,0.0,0.0,inf,0.0
ненька,неньк,1,1,0,0.0,0.0,inf,0.0
antidote,antidote,1,7,0,0.0,0.0,inf,0.0
antisocial,antisocial,14,47,0,0.0,0.0,inf,0.0
нептун,нептун,3,10,0,0.0,0.0,inf,0.0
laboratory,laboratory,1,1,0,0.0,0.0,inf,0.0
неформат,неформат,1,1,0,0.0,0.0,inf,0.0
деревом,дерев,2,2,0,0.0,0.0,inf,0.0
нефорський,нефорськ,1,2,0,0.0,0.0,inf,0.0
antony,antony,2,5,0,0.0,0.0,inf,0.0
филини,филин,1,3,0,0.0,0.0,inf,0.0
никифилини,никифилин,2,24,0,0.0,0.0,inf,0.0
боди,бод,1,1,0,0.0,0.0,inf,0.0
трикотаж,трикотаж,10,15,0,0.0,0.0,inf,0.0
николаевский,николаевск,1,1,0,0.0,0.0,inf,0.0
нишевая,нишев,2,5,0,0.0,0.0,inf,0.0
новинки,новинк,1,17,0,0.0,0.0,inf,0.0
morato,morato,2,5,0,0.0,0.0,inf,0.0
antwerpen,antwerpen,1,1,0,0.0,0.0,inf,0.0
нордик,нордик,1,5,0,0.0,0.0,inf,0.0
apache,apache,3,8,0,0.0,0.0,inf,0.0
apathydxdxdx,apathydxdxdx,1,1,0,0.0,0.0,inf,0.0
норс,норс,1,2,0,0.0,0.0,inf,0.0
своє,своє,1,1,0,0.0,0.0,inf,0.0
ноу,но,1,1,0,0.0,0.0,inf,0.0
лимитс,лимитс,1,1,0,0.0,0.0,inf,0.0
bro,bro,1,1,0,0.0,0.0,inf,0.0
йоркер,йоркер,5,12,0,0.0,0.0,inf,0.0
ньюйоркер,ньюйоркер,1,1,0,0.0,0.0,inf,0.0
нюхай,нюха,1,1,0,0.0,0.0,inf,0.0
бебру,бебр,1,1,0,0.0,0.0,inf,0.0
пробачиш,пробачиш,1,4,0,0.0,0.0,inf,0.0
ніколи,нікол,1,4,0,0.0,0.0,inf,0.0
простиш,простиш,1,4,0,0.0,0.0,inf,0.0
нічна,нічна,1,1,0,0.0,0.0,inf,0.0
ємне,ємне,1,2,0,0.0,0.0,inf,0.0
ємні,ємні,1,1,0,0.0,0.0,inf,0.0
apati,apati,1,1,0,0.0,0.0,inf,0.0
оберіг,оберіг,11,142,0,0.0,0.0,inf,0.0
обмежено,обмеж,1,1,0,0.0,0.0,inf,0.0
оболонь,оболон,2,6,0,0.0,0.0,inf,0.0
объемные,объемн,3,6,0,0.0,0.0,inf,0.0
обычные,обычн,1,4,0,0.0,0.0,inf,0.0
алматы,алмат,1,1,0,0.0,0.0,inf,0.0
оверфліс,оверфліс,1,1,0,0.0,0.0,inf,0.0
apocalypse,apocalypse,4,17,0,0.0,0.0,inf,0.0
apogeya,apogeya,1,1,0,0.0,0.0,inf,0.0
огоньпушка,огоньпушк,1,8,0,0.0,0.0,inf,0.0
огп,огп,2,45,0,0.0,0.0,inf,0.0
одг,одг,1,1,0,0.0,0.0,inf,0.0
apollo,apollo,1,1,0,0.0,0.0,inf,0.0
apolloshop,apolloshop,1,2,0,0.0,0.0,inf,0.0
agressor,agressor,1,2,0,0.0,0.0,inf,0.0
приключений,приключен,1,1,0,0.0,0.0,inf,0.0
газгольдер,газгольдер,1,1,0,0.0,0.0,inf,0.0
деймона,деймон,1,3,0,0.0,0.0,inf,0.0
сальваторе,сальватор,1,3,0,0.0,0.0,inf,0.0
женщин,женщин,1,1,0,0.0,0.0,inf,0.0
металлистов,металлист,2,2,0,0.0,0.0,inf,0.0
европы,европ,2,2,0,0.0,0.0,inf,0.0
небиа,неб,3,4,0,0.0,0.0,inf,0.0
неформала,неформа,1,1,0,0.0,0.0,inf,0.0
распродажа,распродаж,5,7,0,0.0,0.0,inf,0.0
april,april,2,3,0,0.0,0.0,inf,0.0
трайбл,трайбл,3,9,0,0.0,0.0,inf,0.0
тур,тур,8,187,0,0.0,0.0,inf,0.0
ультрас,ультрас,3,10,0,0.0,0.0,inf,0.0
одесские,одесск,2,3,0,0.0,0.0,inf,0.0
швейна,швейн,1,2,0,0.0,0.0,inf,0.0
фабрика,фабрик,3,6,0,0.0,0.0,inf,0.0
одеська,одеськ,2,7,0,0.0,0.0,inf,0.0
ревас,ревас,2,3,0,0.0,0.0,inf,0.0
одцепіця,одцепіт^,1,1,0,0.0,0.0,inf,0.0
карпати,карпат,4,21,0,0.0,0.0,inf,0.0
тренажерний,тренажерн,2,2,0,0.0,0.0,inf,0.0
жінок,жінок,3,3,0,0.0,0.0,inf,0.0
байкерів,байкерів,1,2,0,0.0,0.0,inf,0.0
бодібілдингу,бодібілдинг,2,7,0,0.0,0.0,inf,0.0
молоді,молоді,1,3,0,0.0,0.0,inf,0.0
неформалів,неформалів,2,15,0,0.0,0.0,inf,0.0
дівчат,дівчат,4,5,0,0.0,0.0,inf,0.0
низьких,низьк,3,4,0,0.0,0.0,inf,0.0
повних,повн,2,5,0,0.0,0.0,inf,0.0
спортзалу,спортзал,4,15,0,0.0,0.0,inf,0.0
стретчингу,стретчинг,1,2,0,0.0,0.0,inf,0.0
тренувань,тренуван,8,31,0,0.0,0.0,inf,0.0
фітнесу,фітнес,2,2,0,0.0,0.0,inf,0.0
дропшипінг,дропшипінг,1,3,0,0.0,0.0,inf,0.0
коноплі,коноплі,2,6,0,0.0,0.0,inf,0.0
тему,тем,3,3,0,0.0,0.0,inf,0.0
християнськими,християнськ,10,119,0,0.0,0.0,inf,0.0
європи,європ,1,1,0,0.0,0.0,inf,0.0
миколаїв,миколаїв,2,13,0,0.0,0.0,inf,0.0
одеса,одес,4,6,0,0.0,0.0,inf,0.0
wings,wings,4,5,0,0.0,0.0,inf,0.0
турецького,турецьк,2,6,0,0.0,0.0,inf,0.0
унісекс,унісекс,6,18,0,0.0,0.0,inf,0.0
фронтір,фронтір,2,9,0,0.0,0.0,inf,0.0
черкаси,черкас,2,12,0,0.0,0.0,inf,0.0
озброєння,озброєн,1,1,0,0.0,0.0,inf,0.0
ойшо,ойш,4,17,0,0.0,0.0,inf,0.0
океан,океа,6,29,0,0.0,0.0,inf,0.0
кло,кло,2,31,0,0.0,0.0,inf,0.0
окко,окк,1,1,0,0.0,0.0,inf,0.0
окрема,окрем,2,3,0,0.0,0.0,inf,0.0
оксишоп,оксишоп,1,2,0,0.0,0.0,inf,0.0
октагон,октагон,2,2,0,0.0,0.0,inf,0.0
скул,скул,6,48,0,0.0,0.0,inf,0.0
олдскул,олдскул,2,13,0,0.0,0.0,inf,0.0
оливковая,оливков,1,1,0,0.0,0.0,inf,0.0
армия,арм,4,4,0,0.0,0.0,inf,0.0
запахом,запах,1,4,0,0.0,0.0,inf,0.0
костра,костр,2,5,0,0.0,0.0,inf,0.0
arachne,arachne,1,3,0,0.0,0.0,inf,0.0
олсо,олс,2,2,0,0.0,0.0,inf,0.0
ольвія,ольві,1,1,0,0.0,0.0,inf,0.0
омут,омут,2,7,0,0.0,0.0,inf,0.0
онві,онві,1,1,0,0.0,0.0,inf,0.0
ондатра,ондатр,1,2,0,0.0,0.0,inf,0.0
оне,он,3,4,0,0.0,0.0,inf,0.0
онливарс,онливарс,1,13,0,0.0,0.0,inf,0.0
варс,варс,3,3,0,0.0,0.0,inf,0.0
онлі,онлі,1,1,0,0.0,0.0,inf,0.0
тлижу,тлиж,2,2,0,0.0,0.0,inf,0.0
ооо,оо,2,2,0,0.0,0.0,inf,0.0
araman,araman,1,1,0,0.0,0.0,inf,0.0
опер,опер,1,1,0,0.0,0.0,inf,0.0
оператор,оператор,4,25,0,0.0,0.0,inf,0.0
оптиму,оптим,1,2,0,0.0,0.0,inf,0.0
оптимум,оптимум,1,8,0,0.0,0.0,inf,0.0
гэнг,гэнг,1,2,0,0.0,0.0,inf,0.0
оптимусгенг,оптимусгенг,1,4,0,0.0,0.0,inf,0.0
aravana,aravana,1,1,0,0.0,0.0,inf,0.0
опіум,опіум,1,3,0,0.0,0.0,inf,0.0
оранжевая,оранжев,10,21,0,0.0,0.0,inf,0.0
донор,донор,2,5,0,0.0,0.0,inf,0.0
оргазм,оргазм,2,5,0,0.0,0.0,inf,0.0
орел,орел,4,6,0,0.0,0.0,inf,0.0
мурій,мурі,1,1,0,0.0,0.0,inf,0.0
орест,орест,1,1,0,0.0,0.0,inf,0.0
arber,arber,1,2,0,0.0,0.0,inf,0.0
arcane,arcane,2,2,0,0.0,0.0,inf,0.0
осовец,осовец,1,2,0,0.0,0.0,inf,0.0
arch,arch,11,40,0,0.0,0.0,inf,0.0
отой,от,1,1,0,0.0,0.0,inf,0.0
оун,оун,7,12,0,0.0,0.0,inf,0.0
оут,оут,1,1,0,0.0,0.0,inf,0.0
оушен,оуш,4,25,0,0.0,0.0,inf,0.0
оушн,оушн,1,1,0,0.0,0.0,inf,0.0
оффлайн,оффлайн,1,1,0,0.0,0.0,inf,0.0
охотничьи,охотнич,1,1,0,0.0,0.0,inf,0.0
охуенно,охуен,2,8,0,0.0,0.0,inf,0.0
охуено,оху,1,2,0,0.0,0.0,inf,0.0
охуєнно,охуєн,3,4,0,0.0,0.0,inf,0.0
очень,очен,4,8,0,0.0,0.0,inf,0.0
низкий,низк,3,3,0,0.0,0.0,inf,0.0
энджелс,энджелс,1,1,0,0.0,0.0,inf,0.0
панама,панам,1,1,0,0.0,0.0,inf,0.0
2020,2020,3,6,0,0.0,0.0,inf,0.0
панішер,панішер,1,1,0,0.0,0.0,inf,0.0
папая,пап,4,4,0,0.0,0.0,inf,0.0
парадна,парадн,1,1,0,0.0,0.0,inf,0.0
парапор,парапор,1,2,0,0.0,0.0,inf,0.0
enemy,enemy,9,29,0,0.0,0.0,inf,0.0
букетами,букет,1,1,0,0.0,0.0,inf,0.0
парні,парні,22,60,0,0.0,0.0,inf,0.0
пары,пар,5,22,0,0.0,0.0,inf,0.0
закоханих,закохан,1,4,0,0.0,0.0,inf,0.0
патриотическая,патриотическ,11,30,0,0.0,0.0,inf,0.0
патриотичні,патриотичні,1,1,0,0.0,0.0,inf,0.0
garments,garments,1,2,0,0.0,0.0,inf,0.0
борд,борд,3,6,0,0.0,0.0,inf,0.0
колінам,колін,1,1,0,0.0,0.0,inf,0.0
серебрянський,серебрянськ,3,6,0,0.0,0.0,inf,0.0
ліс,ліс,3,6,0,0.0,0.0,inf,0.0
archaic,archaic,1,1,0,0.0,0.0,inf,0.0
archangel,archangel,1,1,0,0.0,0.0,inf,0.0
archgoat,archgoat,2,7,0,0.0,0.0,inf,0.0
architects,architects,4,12,0,0.0,0.0,inf,0.0
тойз,тойз,1,36,0,0.0,0.0,inf,0.0
пеклотойс,пеклотойс,1,105,0,0.0,0.0,inf,0.0
пенетраторы,пенетратор,1,1,0,0.0,0.0,inf,0.0
перемоги,перемог,4,40,0,0.0,0.0,inf,0.0
пересвет,пересвет,1,2,0,0.0,0.0,inf,0.0
пересвіт,пересвіт,1,2,0,0.0,0.0,inf,0.0
перпл,перпл,2,5,0,0.0,0.0,inf,0.0
перун,перун,5,42,0,0.0,0.0,inf,0.0
печать,печа,14,81,0,0.0,0.0,inf,0.0
інфо,інфо,3,24,0,0.0,0.0,inf,0.0
пзд,пзд,1,1,0,0.0,0.0,inf,0.0
пзх,пзх,1,3,0,0.0,0.0,inf,0.0
пивоваров,пивовар,3,3,0,0.0,0.0,inf,0.0
пивозавр,пивозавр,1,1,0,0.0,0.0,inf,0.0
пиздатые,пиздат,1,2,0,0.0,0.0,inf,0.0
пиздец,пиздец,1,3,0,0.0,0.0,inf,0.0
пиздує,пиздує,1,1,0,0.0,0.0,inf,0.0
дах,дах,1,1,0,0.0,0.0,inf,0.0
пик,пик,1,1,0,0.0,0.0,inf,0.0
пинролл,пинролл,1,2,0,0.0,0.0,inf,0.0
пират,пират,5,23,0,0.0,0.0,inf,0.0
fashion,fashion,13,18,0,0.0,0.0,inf,0.0
писфул,писфул,1,1,0,0.0,0.0,inf,0.0
кост,кост,2,2,0,0.0,0.0,inf,0.0
вест,вест,2,2,0,0.0,0.0,inf,0.0
щит,щит,5,26,0,0.0,0.0,inf,0.0
пишна,пишн,1,1,0,0.0,0.0,inf,0.0
краса,крас,1,1,0,0.0,0.0,inf,0.0
пла4,пла4,1,1,0,0.0,0.0,inf,0.0
плакала,плака,1,1,0,0.0,0.0,inf,0.0
зробила,зроб,1,1,0,0.0,0.0,inf,0.0
кіборги,кіборг,1,1,0,0.0,0.0,inf,0.0
ходячие,ходяч,2,2,0,0.0,0.0,inf,0.0
мертвецы,мертвец,2,2,0,0.0,0.0,inf,0.0
кімнату,кімнат,1,2,0,0.0,0.0,inf,0.0
плед,плед,2,3,0,0.0,0.0,inf,0.0
плейбой,плейб,3,3,0,0.0,0.0,inf,0.0
плейерс,плейерс,1,2,0,0.0,0.0,inf,0.0
плокати,плокат,1,1,0,0.0,0.0,inf,0.0
плюшевий,плюшев,3,3,0,0.0,0.0,inf,0.0
пляжні,пляжні,1,1,0,0.0,0.0,inf,0.0
поапори,поапор,1,21,0,0.0,0.0,inf,0.0
победов,побед,2,2,0,0.0,0.0,inf,0.0
побратими,побрат,1,1,0,0.0,0.0,inf,0.0
повседневные,повседневн,2,3,0,0.0,0.0,inf,0.0
повстанський,повстанськ,1,3,0,0.0,0.0,inf,0.0
повсякденні,повсякденні,2,4,0,0.0,0.0,inf,0.0
погоджуєшся,погоджуєш,1,1,0,0.0,0.0,inf,0.0
зразка,зразк,1,1,0,0.0,0.0,inf,0.0
arckanum,arckanum,2,4,0,0.0,0.0,inf,0.0
геймера,геймер,2,3,0,0.0,0.0,inf,0.0
инженеру,инженер,2,4,0,0.0,0.0,inf,0.0
шахтера,шахтер,2,5,0,0.0,0.0,inf,0.0
дню,дню,1,2,0,0.0,0.0,inf,0.0
службы,служб,5,41,0,0.0,0.0,inf,0.0
разведчику,разведчик,1,1,0,0.0,0.0,inf,0.0
сертифікат,сертифікат,1,1,0,0.0,0.0,inf,0.0
подарунковий,подарунков,1,1,0,0.0,0.0,inf,0.0
артилеристу,артилерист,1,1,0,0.0,0.0,inf,0.0
хлопцю,хлопц,2,3,0,0.0,0.0,inf,0.0
військовослужбовцю,військовослужбовц,1,1,0,0.0,0.0,inf,0.0
пожежника,пожежник,1,2,0,0.0,0.0,inf,0.0
рятувальника,рятувальник,5,7,0,0.0,0.0,inf,0.0
дня,дня,2,7,0,0.0,0.0,inf,0.0
народження,народжен,9,17,0,0.0,0.0,inf,0.0
коханому,кохан,1,4,0,0.0,0.0,inf,0.0
мотоциклісту,мотоцикліст,1,1,0,0.0,0.0,inf,0.0
побратиму,побратим,1,1,0,0.0,0.0,inf,0.0
skateboarding,skateboarding,1,29,0,0.0,0.0,inf,0.0
ребрендинг,ребрендинг,1,2,0,0.0,0.0,inf,0.0
подовжена,подовж,1,2,0,0.0,0.0,inf,0.0
напольная,напольн,2,2,0,0.0,0.0,inf,0.0
подставка,подставк,4,6,0,0.0,0.0,inf,0.0
настольная,настольн,1,1,0,0.0,0.0,inf,0.0
пожежна,пожежн,1,1,0,0.0,0.0,inf,0.0
поизон,поизон,1,1,0,0.0,0.0,inf,0.0
покидьки,покидьк,1,1,0,0.0,0.0,inf,0.0
скажені,скажені,1,1,0,0.0,0.0,inf,0.0
всякі,всякі,1,1,0,0.0,0.0,inf,0.0
покрас,покрас,2,13,0,0.0,0.0,inf,0.0
лампас,лампас,3,15,0,0.0,0.0,inf,0.0
поликоттон,поликоттон,1,1,0,0.0,0.0,inf,0.0
полиэстер,полиэстер,5,9,0,0.0,0.0,inf,0.0
полк,полк,6,19,0,0.0,0.0,inf,0.0
ральф,ральф,6,7,0,0.0,0.0,inf,0.0
полосата,полосат,1,1,0,0.0,0.0,inf,0.0
полотенце,полотенц,1,1,0,0.0,0.0,inf,0.0
полотнище,полотнищ,1,1,0,0.0,0.0,inf,0.0
полотно,полотн,4,10,0,0.0,0.0,inf,0.0
полубрюки,полубрюк,1,1,0,0.0,0.0,inf,0.0
полузамок,полузамок,1,1,0,0.0,0.0,inf,0.0
полузипка,полузипк,1,1,0,0.0,0.0,inf,0.0
польські,польські,1,1,0,0.0,0.0,inf,0.0
полісся,поліс,2,2,0,0.0,0.0,inf,0.0
arcteryx,arcteryx,5,15,0,0.0,0.0,inf,0.0
попов,поп,1,1,0,0.0,0.0,inf,0.0
попор,попор,1,2,0,0.0,0.0,inf,0.0
популярные,популярн,5,5,0,0.0,0.0,inf,0.0
популярні,популярні,4,21,0,0.0,0.0,inf,0.0
порванная,порва,1,2,0,0.0,0.0,inf,0.0
портки,портк,1,1,0,0.0,0.0,inf,0.0
тканевый,тканев,9,17,0,0.0,0.0,inf,0.0
потовідвідна,потовідвідн,2,6,0,0.0,0.0,inf,0.0
потовідвідні,потовідвідні,1,4,0,0.0,0.0,inf,0.0
похуюди,похуюд,1,1,0,0.0,0.0,inf,0.0
пошив,пош,3,23,0,0.0,0.0,inf,0.0
прааор,прааор,1,6,0,0.0,0.0,inf,0.0
крамничка,крамничк,1,1,0,0.0,0.0,inf,0.0
правильная,правильн,1,1,0,0.0,0.0,inf,0.0
правор,правор,1,4,0,0.0,0.0,inf,0.0
православ,правосла,1,1,0,0.0,0.0,inf,0.0
православие,православ,4,5,0,0.0,0.0,inf,0.0
или,ил,7,9,0,0.0,0.0,inf,0.0
arey,arey,2,8,0,0.0,0.0,inf,0.0
свету,свет,2,7,0,0.0,0.0,inf,0.0
православні,православні,1,16,0,0.0,0.0,inf,0.0
берег,берег,2,6,0,0.0,0.0,inf,0.0
areyousleepingsonya,areyousleepingsonya,1,4,0,0.0,0.0,inf,0.0
прана,пран,1,4,0,0.0,0.0,inf,0.0
праор,праор,1,1,0,0.0,0.0,inf,0.0
прап,прап,2,11,0,0.0,0.0,inf,0.0
arise,arise,1,1,0,0.0,0.0,inf,0.0
ошп,ошп,2,15,0,0.0,0.0,inf,0.0
огшбр,огшбр,2,9,0,0.0,0.0,inf,0.0
116,116,1,2,0,0.0,0.0,inf,0.0
118,118,1,1,0,0.0,0.0,inf,0.0
128,128,1,1,0,0.0,0.0,inf,0.0
слов,слов,1,2,0,0.0,0.0,inf,0.0
янської,янської,1,2,0,0.0,0.0,inf,0.0
штурмової,штурмової,4,54,0,0.0,0.0,inf,0.0
обрбо,обрб,1,4,0,0.0,0.0,inf,0.0
425,425,3,18,0,0.0,0.0,inf,0.0
скала,скал,3,16,0,0.0,0.0,inf,0.0
магура,магур,3,20,0,0.0,0.0,inf,0.0
овмбр,овмбр,1,5,0,0.0,0.0,inf,0.0
запорожці,запорожці,2,8,0,0.0,0.0,inf,0.0
одшбр,одшбр,3,8,0,0.0,0.0,inf,0.0
айдар,айдар,3,10,0,0.0,0.0,inf,0.0
анархістів,анархістів,1,1,0,0.0,0.0,inf,0.0
анархії,анархії,1,3,0,0.0,0.0,inf,0.0
аптеки,аптек,1,1,0,0.0,0.0,inf,0.0
армії,армії,3,10,0,0.0,0.0,inf,0.0
крайової,крайової,1,3,0,0.0,0.0,inf,0.0
aries,aries,1,1,0,0.0,0.0,inf,0.0
arirang,arirang,1,1,0,0.0,0.0,inf,0.0
атлас,атлас,2,2,0,0.0,0.0,inf,0.0
ато,ат,2,3,0,0.0,0.0,inf,0.0
безвісті,безвісті,1,3,0,0.0,0.0,inf,0.0
бендери,бендер,1,7,0,0.0,0.0,inf,0.0
буревій,буреві,2,23,0,0.0,0.0,inf,0.0
банці,банці,1,10,0,0.0,0.0,inf,0.0
броварах,бровар,1,4,0,0.0,0.0,inf,0.0
краматорську,краматорськ,4,70,0,0.0,0.0,inf,0.0
волині,волині,2,3,0,0.0,0.0,inf,0.0
arket,arket,1,3,0,0.0,0.0,inf,0.0
запорозького,запорозьк,2,3,0,0.0,0.0,inf,0.0
війська,військ,6,22,0,0.0,0.0,inf,0.0
вікінгів,вікінгів,1,18,0,0.0,0.0,inf,0.0
героїв,героїв,4,5,0,0.0,0.0,inf,0.0
говна,говн,1,5,0,0.0,0.0,inf,0.0
десантно,десантн,1,1,0,0.0,0.0,inf,0.0
джура,джур,3,8,0,0.0,0.0,inf,0.0
дніпра,дніпра,1,3,0,0.0,0.0,inf,0.0
донецькоі,донецькоі,1,20,0,0.0,0.0,inf,0.0
armada,armada,3,3,0,0.0,0.0,inf,0.0
едельвейс,едельвейс,3,8,0,0.0,0.0,inf,0.0
кажаном,кажан,1,11,0,0.0,0.0,inf,0.0
образом,образ,2,36,0,0.0,0.0,inf,0.0
орлом,орл,5,11,0,0.0,0.0,inf,0.0
підписами,підпис,3,10,0,0.0,0.0,inf,0.0
залужного,залужн,2,2,0,0.0,0.0,inf,0.0
ісусом,ісус,6,29,0,0.0,0.0,inf,0.0
христом,христ,5,11,0,0.0,0.0,inf,0.0
armagedda,armagedda,2,2,0,0.0,0.0,inf,0.0
armolab,armolab,1,1,0,0.0,0.0,inf,0.0
загиблому,загибл,2,57,0,0.0,0.0,inf,0.0
закарпаття,закарпатт,2,7,0,0.0,0.0,inf,0.0
запорізької,запорізької,1,1,0,0.0,0.0,inf,0.0
січі,січі,1,1,0,0.0,0.0,inf,0.0
armorofficial,armorofficial,1,2,0,0.0,0.0,inf,0.0
зунр,зунр,1,1,0,0.0,0.0,inf,0.0
свастикою,свастик,8,97,0,0.0,0.0,inf,0.0
girl,girl,10,24,0,0.0,0.0,inf,0.0
києва,києв,2,20,0,0.0,0.0,inf,0.0
козаків,козаків,3,9,0,0.0,0.0,inf,0.0
коломиї,коломиї,1,1,0,0.0,0.0,inf,0.0
янська,янськ,1,3,0,0.0,0.0,inf,0.0
луганської,луганської,1,1,0,0.0,0.0,inf,0.0
майдану,майдан,1,2,0,0.0,0.0,inf,0.0
малі,малі,1,1,0,0.0,0.0,inf,0.0
махновців,махновців,1,43,0,0.0,0.0,inf,0.0
махновщини,махновщин,1,2,0,0.0,0.0,inf,0.0
мвг,мвг,2,8,0,0.0,0.0,inf,0.0
poster,poster,4,20,0,0.0,0.0,inf,0.0
мордору,мордор,1,2,0,0.0,0.0,inf,0.0
землею,земл,1,2,0,0.0,0.0,inf,0.0
між,між,1,2,0,0.0,0.0,inf,0.0
armyline,armyline,1,1,0,0.0,0.0,inf,0.0
дроті,дроті,1,2,0,0.0,0.0,inf,0.0
кладовище,кладовищ,1,9,0,0.0,0.0,inf,0.0
щиті,щиті,1,8,0,0.0,0.0,inf,0.0
над,над,5,12,0,0.0,0.0,inf,0.0
надіі,надіі,1,1,0,0.0,0.0,inf,0.0
arte,arte,1,1,0,0.0,0.0,inf,0.0
нацгвардії,нацгвардії,1,3,0,0.0,0.0,inf,0.0
національної,національної,1,2,0,0.0,0.0,inf,0.0
гвардії,гвардії,1,2,0,0.0,0.0,inf,0.0
небінарних,небінарн,1,3,0,0.0,0.0,inf,0.0
нововолинська,нововолинськ,1,1,0,0.0,0.0,inf,0.0
нікополя,нікопол,1,3,0,0.0,0.0,inf,0.0
кольору,кольор,1,5,0,0.0,0.0,inf,0.0
охтирки,охтирк,1,1,0,0.0,0.0,inf,0.0
повітряних,повітрян,3,10,0,0.0,0.0,inf,0.0
полонених,полонен,1,5,0,0.0,0.0,inf,0.0
antwerp,antwerp,1,1,0,0.0,0.0,inf,0.0
президентської,президентської,1,1,0,0.0,0.0,inf,0.0
прикордонників,прикордонників,1,3,0,0.0,0.0,inf,0.0
прикордонних,прикордон,1,10,0,0.0,0.0,inf,0.0
зброї,зброї,1,3,0,0.0,0.0,inf,0.0
продавець,продавет^,1,3,0,0.0,0.0,inf,0.0
прусії,прусії,1,1,0,0.0,0.0,inf,0.0
мадяра,мадяр,3,25,0,0.0,0.0,inf,0.0
птахи,птах,3,25,0,0.0,0.0,inf,0.0
підарів,підарів,1,6,0,0.0,0.0,inf,0.0
підорів,підорів,1,3,0,0.0,0.0,inf,0.0
підрозділу,підрозділ,1,50,0,0.0,0.0,inf,0.0
піратів,піратів,1,11,0,0.0,0.0,inf,0.0
рарог,рарог,2,27,0,0.0,0.0,inf,0.0
article,article,1,1,0,0.0,0.0,inf,0.0
рохана,роха,1,2,0,0.0,0.0,inf,0.0
рохану,рохан,1,1,0,0.0,0.0,inf,0.0
польщі,польщі,1,1,0,0.0,0.0,inf,0.0
саперів,саперів,1,1,0,0.0,0.0,inf,0.0
спарти,спарт,2,5,0,0.0,0.0,inf,0.0
сухопутних,сухопутн,2,8,0,0.0,0.0,inf,0.0
тамплієрів,тамплієрів,1,4,0,0.0,0.0,inf,0.0
таргарієнів,таргарієнів,2,2,0,0.0,0.0,inf,0.0
artiemaster,artiemaster,1,2,0,0.0,0.0,inf,0.0
того,тог,2,5,0,0.0,0.0,inf,0.0
третьої,третьої,2,48,0,0.0,0.0,inf,0.0
тро,тро,2,3,0,0.0,0.0,inf,0.0
украіни,украін,7,13,0,0.0,0.0,inf,0.0
хорошій,хороші,1,2,0,0.0,0.0,inf,0.0
якості,якості,1,2,0,0.0,0.0,inf,0.0
козаком,козак,5,97,0,0.0,0.0,inf,0.0
кільцями,кільцям,1,1,0,0.0,0.0,inf,0.0
серцем,серц,1,1,0,0.0,0.0,inf,0.0
зміїний,зміїни,1,3,0,0.0,0.0,inf,0.0
пром,пром,7,33,0,0.0,0.0,inf,0.0
траур,траур,1,2,0,0.0,0.0,inf,0.0
разом,раз,1,6,0,0.0,0.0,inf,0.0
української,української,2,7,0,0.0,0.0,inf,0.0
повстанської,повстанської,1,2,0,0.0,0.0,inf,0.0
унр,унр,2,3,0,0.0,0.0,inf,0.0
унсо,унс,2,3,0,0.0,0.0,inf,0.0
шпалери,шпалер,1,6,0,0.0,0.0,inf,0.0
ура,ур,1,6,0,0.0,0.0,inf,0.0
харкова,харков,4,9,0,0.0,0.0,inf,0.0
хартії,хартії,1,34,0,0.0,0.0,inf,0.0
херсонської,херсонської,1,3,0,0.0,0.0,inf,0.0
artilikeart,artilikeart,1,1,0,0.0,0.0,inf,0.0
artist,artist,3,5,0,0.0,0.0,inf,0.0
яру,яр,2,21,0,0.0,0.0,inf,0.0
республіки,республік,2,6,0,0.0,0.0,inf,0.0
холодноярської,холодноярської,1,1,0,0.0,0.0,inf,0.0
artistic,artistic,3,6,0,0.0,0.0,inf,0.0
хуйні,хуйні,1,1,0,0.0,0.0,inf,0.0
центурії,центурії,1,12,0,0.0,0.0,inf,0.0
цсо,цсо,3,24,0,0.0,0.0,inf,0.0
калина,калин,1,6,0,0.0,0.0,inf,0.0
запорожців,запорожців,1,32,0,0.0,0.0,inf,0.0
чорної,чорної,1,10,0,0.0,0.0,inf,0.0
шепетівки,шепетівк,1,1,0,0.0,0.0,inf,0.0
прапорець,прапорет^,3,16,0,0.0,0.0,inf,0.0
всіх,всіх,2,3,0,0.0,0.0,inf,0.0
міст,міст,1,4,0,0.0,0.0,inf,0.0
people,people,9,15,0,0.0,0.0,inf,0.0
свиту,свит,2,13,0,0.0,0.0,inf,0.0
імперій,імпері,1,2,0,0.0,0.0,inf,0.0
тканина,тканин,2,27,0,0.0,0.0,inf,0.0
прапороносець,прапороносет^,1,10,0,0.0,0.0,inf,0.0
прапоротримач,прапоротримач,1,1,0,0.0,0.0,inf,0.0
прапорт,прапорт,1,6,0,0.0,0.0,inf,0.0
прапорців,прапорців,1,5,0,0.0,0.0,inf,0.0
прапр,прапр,1,9,0,0.0,0.0,inf,0.0
прар,прар,1,6,0,0.0,0.0,inf,0.0
працюю,прац,1,1,0,0.0,0.0,inf,0.0
сутками,сутк,1,1,0,0.0,0.0,inf,0.0
прескрипшн,прескрипшн,1,1,0,0.0,0.0,inf,0.0
придбати,придбат,1,1,0,0.0,0.0,inf,0.0
artprint,artprint,1,4,0,0.0,0.0,inf,0.0
кофті,кофті,1,1,0,0.0,0.0,inf,0.0
салон,салон,2,3,0,0.0,0.0,inf,0.0
принтованные,принтова,1,1,0,0.0,0.0,inf,0.0
принтовані,принтовані,1,7,0,0.0,0.0,inf,0.0
толстовок,толстовок,1,1,0,0.0,0.0,inf,0.0
комфорт,комфорт,1,6,0,0.0,0.0,inf,0.0
провокатор,провокатор,2,4,0,0.0,0.0,inf,0.0
прогнозы,прогноз,1,1,0,0.0,0.0,inf,0.0
прогулочные,прогулочн,1,1,0,0.0,0.0,inf,0.0
продажа,продаж,2,4,0,0.0,0.0,inf,0.0
продам,прод,1,3,0,0.0,0.0,inf,0.0
прокомфорт,прокомфорт,1,3,0,0.0,0.0,inf,0.0
проминь,промин,1,2,0,0.0,0.0,inf,0.0
asap,asap,2,2,0,0.0,0.0,inf,0.0
пропоо,пропо,1,1,0,0.0,0.0,inf,0.0
пророр,пророр,1,7,0,0.0,0.0,inf,0.0
просторные,просторн,1,1,0,0.0,0.0,inf,0.0
прототайпс,прототайпс,1,1,0,0.0,0.0,inf,0.0
проф,проф,1,1,0,0.0,0.0,inf,0.0
проф1груп,проф1груп,2,2,0,0.0,0.0,inf,0.0
профі,профі,1,2,0,0.0,0.0,inf,0.0
профігруп,профігруп,1,1,0,0.0,0.0,inf,0.0
проєбав,проєба,1,3,0,0.0,0.0,inf,0.0
убило,уб,1,3,0,0.0,0.0,inf,0.0
прпар,прпар,1,1,0,0.0,0.0,inf,0.0
прпоп,прпоп,1,1,0,0.0,0.0,inf,0.0
прпор,прпор,1,13,0,0.0,0.0,inf,0.0
прямоугольный,прямоугольн,1,5,0,0.0,0.0,inf,0.0
прінт,прінт,2,2,0,0.0,0.0,inf,0.0
прінти,прінти,1,1,0,0.0,0.0,inf,0.0
инфо,инф,1,27,0,0.0,0.0,inf,0.0
псд,псд,5,62,0,0.0,0.0,inf,0.0
психея,психе,2,4,0,0.0,0.0,inf,0.0
психоделическая,психоделическ,1,3,0,0.0,0.0,inf,0.0
птушкін,птушкін,1,1,0,0.0,0.0,inf,0.0
анд,анд,1,1,0,0.0,0.0,inf,0.0
беар,беар,1,1,0,0.0,0.0,inf,0.0
пул,пул,13,20,0,0.0,0.0,inf,0.0
бер,бер,1,1,0,0.0,0.0,inf,0.0
бир,бир,9,12,0,0.0,0.0,inf,0.0
бір,бір,4,10,0,0.0,0.0,inf,0.0
енд,енд,4,10,0,0.0,0.0,inf,0.0
asapmode,asapmode,1,1,0,0.0,0.0,inf,0.0
пуленбір,пуленбір,1,1,0,0.0,0.0,inf,0.0
пулендбір,пулендбір,1,1,0,0.0,0.0,inf,0.0
пулл,пулл,2,4,0,0.0,0.0,inf,0.0
пуллап,пуллап,1,1,0,0.0,0.0,inf,0.0
пуловер,пуловер,1,1,0,0.0,0.0,inf,0.0
пурпл,пурпл,1,1,0,0.0,0.0,inf,0.0
borer,borer,1,1,0,0.0,0.0,inf,0.0
пько,пько,2,386,0,0.0,0.0,inf,0.0
пюко,пюк,1,1,0,0.0,0.0,inf,0.0
півозавр,півозавр,1,9,0,0.0,0.0,inf,0.0
підписати,підписат,2,4,0,0.0,0.0,inf,0.0
підставка,підставк,4,8,0,0.0,0.0,inf,0.0
піжамні,піжамні,1,1,0,0.0,0.0,inf,0.0
ash,ash,1,1,0,0.0,0.0,inf,0.0
піратські,піратські,1,1,0,0.0,0.0,inf,0.0
рабочая,рабоч,1,1,0,0.0,0.0,inf,0.0
ashop,ashop,1,1,0,0.0,0.0,inf,0.0
стандарт,стандарт,2,6,0,0.0,0.0,inf,0.0
размерная,размерн,1,1,0,0.0,0.0,inf,0.0
сетка,сетк,3,3,0,0.0,0.0,inf,0.0
разные,разн,2,4,0,0.0,0.0,inf,0.0
разрисованная,разрисова,1,1,0,0.0,0.0,inf,0.0
разрушительное,разрушительн,1,1,0,0.0,0.0,inf,0.0
ранчо,ранч,1,1,0,0.0,0.0,inf,0.0
asics,asics,1,1,0,0.0,0.0,inf,0.0
райд,райд,2,6,0,0.0,0.0,inf,0.0
asinastra,asinastra,1,1,0,0.0,0.0,inf,0.0
райдивижн,райдивижн,1,1,0,0.0,0.0,inf,0.0
райдівіжен,райдівіж,1,5,0,0.0,0.0,inf,0.0
райдівіжин,райдівіжин,1,29,0,0.0,0.0,inf,0.0
райдівіжн,райдівіжн,1,10,0,0.0,0.0,inf,0.0
району,район,1,1,0,0.0,0.0,inf,0.0
ask,ask,1,2,0,0.0,0.0,inf,0.0
райотдівіжн,райотдівіжн,1,1,0,0.0,0.0,inf,0.0
райт,райт,2,32,0,0.0,0.0,inf,0.0
рами,рам,1,3,0,0.0,0.0,inf,0.0
yourself,yourself,2,3,0,0.0,0.0,inf,0.0
рассвет,рассвет,3,6,0,0.0,0.0,inf,0.0
рахят,рах,1,1,0,0.0,0.0,inf,0.0
рашн,рашн,1,1,0,0.0,0.0,inf,0.0
хулиганс,хулиганс,2,2,0,0.0,0.0,inf,0.0
рвана,рван,5,11,0,0.0,0.0,inf,0.0
рвб,рвб,1,2,0,0.0,0.0,inf,0.0
ревер,ревер,1,1,0,0.0,0.0,inf,0.0
ревуть,ревут,3,4,0,0.0,0.0,inf,0.0
реглани,реглан,2,5,0,0.0,0.0,inf,0.0
регуляр,регуляр,1,2,0,0.0,0.0,inf,0.0
фит,фит,2,3,0,0.0,0.0,inf,0.0
asking,asking,3,3,0,0.0,0.0,inf,0.0
редфлаг,редфлаг,1,2,0,0.0,0.0,inf,0.0
резерв,резерв,2,4,0,0.0,0.0,inf,0.0
резервд,резервд,1,3,0,0.0,0.0,inf,0.0
резервед,резервед,1,5,0,0.0,0.0,inf,0.0
резервіст,резервіст,1,2,0,0.0,0.0,inf,0.0
резиновая,резинов,1,1,0,0.0,0.0,inf,0.0
рей,ре,7,29,0,0.0,0.0,inf,0.0
alexandria,alexandria,3,3,0,0.0,0.0,inf,0.0
реймаркет,реймаркет,1,3,0,0.0,0.0,inf,0.0
рейнхаус,рейнхаус,1,1,0,0.0,0.0,inf,0.0
релаксед,релаксед,1,1,0,0.0,0.0,inf,0.0
ремінь,ремін,1,6,0,0.0,0.0,inf,0.0
рендж,рендж,3,72,0,0.0,0.0,inf,0.0
asos,asos,2,2,0,0.0,0.0,inf,0.0
assc,assc,3,5,0,0.0,0.0,inf,0.0
реп,реп,1,1,0,0.0,0.0,inf,0.0
репліки,реплік,1,1,0,0.0,0.0,inf,0.0
реструкт,реструкт,1,2,0,0.0,0.0,inf,0.0
ретро,ретр,6,7,0,0.0,0.0,inf,0.0
рефлективная,рефлективн,2,45,0,0.0,0.0,inf,0.0
речей,реч,1,1,0,0.0,0.0,inf,0.0
рибацький,рибацьк,1,1,0,0.0,0.0,inf,0.0
ривердейл,ривердейл,1,1,0,0.0,0.0,inf,0.0
хай,ха,1,1,0,0.0,0.0,inf,0.0
хайп,хайп,11,127,0,0.0,0.0,inf,0.0
рикихайп,рикихайп,1,3,0,0.0,0.0,inf,0.0
рикки,рикк,1,31,0,0.0,0.0,inf,0.0
astorr,astorr,1,3,0,0.0,0.0,inf,0.0
риод,риод,1,19,0,0.0,0.0,inf,0.0
дивижен,дивиж,1,1,0,0.0,0.0,inf,0.0
риотдивижн,риотдивижн,1,2,0,0.0,0.0,inf,0.0
рип,рип,4,5,0,0.0,0.0,inf,0.0
стоп,стоп,3,3,0,0.0,0.0,inf,0.0
рипндип,рипндип,3,13,0,0.0,0.0,inf,0.0
роад,роад,1,2,0,0.0,0.0,inf,0.0
дрим,дрим,1,2,0,0.0,0.0,inf,0.0
жаба,жаб,2,7,0,0.0,0.0,inf,0.0
рогата,рогат,1,5,0,0.0,0.0,inf,0.0
родина,родин,2,6,0,0.0,0.0,inf,0.0
рожеві,рожеві,4,5,0,0.0,0.0,inf,0.0
розетка,розетк,8,60,0,0.0,0.0,inf,0.0
правник,правник,1,2,0,0.0,0.0,inf,0.0
розлюднений,розлюднен,1,2,0,0.0,0.0,inf,0.0
розмова,розмов,1,1,0,0.0,0.0,inf,0.0
розпис,розпис,1,2,0,0.0,0.0,inf,0.0
доместосом,доместос,1,2,0,0.0,0.0,inf,0.0
розписаний,розписан,1,18,0,0.0,0.0,inf,0.0
розум,розум,1,1,0,0.0,0.0,inf,0.0
биз,биз,3,15,0,0.0,0.0,inf,0.0
athleisure,athleisure,1,1,0,0.0,0.0,inf,0.0
вей,ве,3,23,0,0.0,0.0,inf,0.0
талисман,талисма,6,13,0,0.0,0.0,inf,0.0
талісман,талісма,5,10,0,0.0,0.0,inf,0.0
фан,фан,1,8,0,0.0,0.0,inf,0.0
детей,дет,3,3,0,0.0,0.0,inf,0.0
эмпайр,эмпайр,2,2,0,0.0,0.0,inf,0.0
рокбиз,рокбиз,1,1,0,0.0,0.0,inf,0.0
рокбіз,рокбіз,1,3,0,0.0,0.0,inf,0.0
роквей,рокв,5,115,0,0.0,0.0,inf,0.0
біз,біз,1,3,0,0.0,0.0,inf,0.0
роквэй,роквэ,1,1,0,0.0,0.0,inf,0.0
athletic,athletic,2,2,0,0.0,0.0,inf,0.0
fit,fit,74,177,0,0.0,0.0,inf,0.0
рокшоп,рокшоп,1,1,0,0.0,0.0,inf,0.0
atikin,atikin,1,1,0,0.0,0.0,inf,0.0
поднятия,поднят,1,4,0,0.0,0.0,inf,0.0
романова,романов,1,6,0,0.0,0.0,inf,0.0
романовашоп,романовашоп,1,1,0,0.0,0.0,inf,0.0
ромашка,ромашк,1,2,0,0.0,0.0,inf,0.0
роспись,росп,1,2,0,0.0,0.0,inf,0.0
ротації,ротації,1,1,0,0.0,0.0,inf,0.0
кінця,кінця,1,1,0,0.0,0.0,inf,0.0
тут,тут,2,2,0,0.0,0.0,inf,0.0
клетку,клетк,1,1,0,0.0,0.0,inf,0.0
рубашка,рубашк,8,17,0,0.0,0.0,inf,0.0
atl,atl,1,1,0,0.0,0.0,inf,0.0
рубеж,рубеж,1,1,0,0.0,0.0,inf,0.0
молящегося,моля,1,1,0,0.0,0.0,inf,0.0
румми,румм,1,1,0,0.0,0.0,inf,0.0
atlas,atlas,1,1,0,0.0,0.0,inf,0.0
рунік,рунік,1,2,0,0.0,0.0,inf,0.0
рфкв,рфкв,1,1,0,0.0,0.0,inf,0.0
рюкзак,рюкзак,4,7,0,0.0,0.0,inf,0.0
weekend,weekend,22,60,0,0.0,0.0,inf,0.0
atom,atom,3,5,0,0.0,0.0,inf,0.0
ріккі,ріккі,1,6,0,0.0,0.0,inf,0.0
ріккіхайп,ріккіхайп,1,2,0,0.0,0.0,inf,0.0
рікуі,рікуі,1,3,0,0.0,0.0,inf,0.0
рікі,рікі,4,38,0,0.0,0.0,inf,0.0
рікіхайп,рікіхайп,1,6,0,0.0,0.0,inf,0.0
ріо,ріо,5,41,0,0.0,0.0,inf,0.0
дівіжен,дівіжен,2,18,0,0.0,0.0,inf,0.0
attack,attack,1,1,0,0.0,0.0,inf,0.0
дівізіон,дівізіон,2,20,0,0.0,0.0,inf,0.0
дівіжин,дівіжин,1,104,0,0.0,0.0,inf,0.0
ріотдівіжен,ріотдівіж,1,1,0,0.0,0.0,inf,0.0
titan,titan,1,1,0,0.0,0.0,inf,0.0
ріпндіп,ріпндіп,1,2,0,0.0,0.0,inf,0.0
нами,нам,3,13,0,0.0,0.0,inf,0.0
чем,чем,1,1,0,0.0,0.0,inf,0.0
с7мь,с7м,1,1,0,0.0,0.0,inf,0.0
сагайдачний,сагайдачн,2,5,0,0.0,0.0,inf,0.0
фігура,фігур,1,1,0,0.0,0.0,inf,0.0
салатове,салатов,1,1,0,0.0,0.0,inf,0.0
сангвиник,сангвиник,1,3,0,0.0,0.0,inf,0.0
ava,ava,1,2,0,0.0,0.0,inf,0.0
сарана,сара,2,9,0,0.0,0.0,inf,0.0
avangard,avangard,1,2,0,0.0,0.0,inf,0.0
сатанинская,сатанинск,1,1,0,0.0,0.0,inf,0.0
сатинові,сатинові,1,1,0,0.0,0.0,inf,0.0
саша,саш,2,5,0,0.0,0.0,inf,0.0
чемеров,чемер,1,1,0,0.0,0.0,inf,0.0
саітшот,саітшот,1,2,0,0.0,0.0,inf,0.0
сбд,сбд,2,4,0,0.0,0.0,inf,0.0
стоун,стоун,1,4,0,0.0,0.0,inf,0.0
свадебный,свадебн,1,1,0,0.0,0.0,inf,0.0
свастоун,свастоун,1,11,0,0.0,0.0,inf,0.0
свастунг,свастунг,1,8,0,0.0,0.0,inf,0.0
сведр,сведр,1,1,0,0.0,0.0,inf,0.0
свестон,свестон,1,1,0,0.0,0.0,inf,0.0
светло,светл,2,2,0,0.0,0.0,inf,0.0
светящаяся,светя,4,5,0,0.0,0.0,inf,0.0
свидетельство,свидетельств,1,1,0,0.0,0.0,inf,0.0
свистон,свистон,1,1,0,0.0,0.0,inf,0.0
шот,шот,3,15,0,0.0,0.0,inf,0.0
note,note,1,1,0,0.0,0.0,inf,0.0
666,666,2,11,0,0.0,0.0,inf,0.0
firestarter,firestarter,1,1,0,0.0,0.0,inf,0.0
барби,барб,1,1,0,0.0,0.0,inf,0.0
разница,разниц,3,3,0,0.0,0.0,inf,0.0
доберманом,доберман,7,33,0,0.0,0.0,inf,0.0
китом,кит,1,1,0,0.0,0.0,inf,0.0
синий,син,12,22,0,0.0,0.0,inf,0.0
стикерами,стикер,5,8,0,0.0,0.0,inf,0.0
дай,да,2,3,0,0.0,0.0,inf,0.0
тимберленд,тимберленд,1,1,0,0.0,0.0,inf,0.0
мной,мно,2,2,0,0.0,0.0,inf,0.0
япония,япон,1,3,0,0.0,0.0,inf,0.0
свитшотт,свитшотт,1,1,0,0.0,0.0,inf,0.0
свытшот,свытшот,1,1,0,0.0,0.0,inf,0.0
мати,мат,9,27,0,0.0,0.0,inf,0.0
герой,гер,1,2,0,0.0,0.0,inf,0.0
свідшот,свідшот,1,1,0,0.0,0.0,inf,0.0
світ,світ,2,4,0,0.0,0.0,inf,0.0
світшоп,світшоп,1,2,0,0.0,0.0,inf,0.0
вінтаж,вінтаж,3,7,0,0.0,0.0,inf,0.0
синій,сині,5,6,0,0.0,0.0,inf,0.0
сірий,сіри,3,6,0,0.0,0.0,inf,0.0
маунтинс,маунтинс,1,1,0,0.0,0.0,inf,0.0
севен,сев,1,1,0,0.0,0.0,inf,0.0
секд,секд,1,1,0,0.0,0.0,inf,0.0
хенд,хенд,2,3,0,0.0,0.0,inf,0.0
секта,сект,1,6,0,0.0,0.0,inf,0.0
молодості,молодості,2,5,0,0.0,0.0,inf,0.0
avant,avant,1,1,0,0.0,0.0,inf,0.0
сергей,серг,2,3,0,0.0,0.0,inf,0.0
романович,романович,1,2,0,0.0,0.0,inf,0.0
серденько,серденьк,1,5,0,0.0,0.0,inf,0.0
серджио,сердж,1,1,0,0.0,0.0,inf,0.0
тачини,тачин,1,1,0,0.0,0.0,inf,0.0
сикс,сикс,1,15,0,0.0,0.0,inf,0.0
garde,garde,1,1,0,0.0,0.0,inf,0.0
найн,найн,3,43,0,0.0,0.0,inf,0.0
сикстинайн,сикстинайн,1,10,0,0.0,0.0,inf,0.0
шаровари,шаровар,5,6,0,0.0,0.0,inf,0.0
силові,силові,1,2,0,0.0,0.0,inf,0.0
симбиоз,симбиоз,1,1,0,0.0,0.0,inf,0.0
симбиозис,симбиозис,2,13,0,0.0,0.0,inf,0.0
симбиосис,симбиосис,2,4,0,0.0,0.0,inf,0.0
синдікат,синдікат,1,3,0,0.0,0.0,inf,0.0
синє,синє,4,9,0,0.0,0.0,inf,0.0
сиреневая,сиренев,1,1,0,0.0,0.0,inf,0.0
сич,сич,2,5,0,0.0,0.0,inf,0.0
хатній,хатні,2,5,0,0.0,0.0,inf,0.0
скажи,скаж,1,2,0,0.0,0.0,inf,0.0
погане,поган,1,2,0,0.0,0.0,inf,0.0
сказ,сказ,1,1,0,0.0,0.0,inf,0.0
скалолазные,скалолазн,1,2,0,0.0,0.0,inf,0.0
скандинавские,скандинавск,4,13,0,0.0,0.0,inf,0.0
скарфейс,скарфейс,2,2,0,0.0,0.0,inf,0.0
скаут,скаут,1,1,0,0.0,0.0,inf,0.0
скачати,скачат,1,1,0,0.0,0.0,inf,0.0
сквозь,сквоз,1,1,0,0.0,0.0,inf,0.0
скейтерская,скейтерск,5,12,0,0.0,0.0,inf,0.0
скло,скло,1,14,0,0.0,0.0,inf,0.0
скриня,скрин,1,1,0,0.0,0.0,inf,0.0
скрипка,скрипк,3,3,0,0.0,0.0,inf,0.0
скрябин,скрябин,2,3,0,0.0,0.0,inf,0.0
скріпка,скріпка,1,1,0,0.0,0.0,inf,0.0
скщз,скщз,1,1,0,0.0,0.0,inf,0.0
скщзз,скщзз,1,1,0,0.0,0.0,inf,0.0
скіапареллі,скіапареллі,1,1,0,0.0,0.0,inf,0.0
підда,підда,1,4,0,0.0,0.0,inf,0.0
слабым,слаб,3,5,0,0.0,0.0,inf,0.0
слава,слав,5,16,0,0.0,0.0,inf,0.0
ворогам,ворог,2,3,0,0.0,0.0,inf,0.0
славні,славні,1,2,0,0.0,0.0,inf,0.0
славянин,славянин,2,4,0,0.0,0.0,inf,0.0
слим,слим,2,2,0,0.0,0.0,inf,0.0
слимфит,слимф,1,1,0,0.0,0.0,inf,0.0
словетский,словетск,2,3,0,0.0,0.0,inf,0.0
сложные,сложн,1,2,0,0.0,0.0,inf,0.0
слоучи,слоуч,1,1,0,0.0,0.0,inf,0.0
смарт,смарт,1,1,0,0.0,0.0,inf,0.0
смаш,смаш,1,7,0,0.0,0.0,inf,0.0
всім,всім,1,1,0,0.0,0.0,inf,0.0
nox,nox,1,1,0,0.0,0.0,inf,0.0
зачекає,зачекає,4,21,0,0.0,0.0,inf,0.0
смерч,смерч,3,5,0,0.0,0.0,inf,0.0
завжди,завжд,3,6,0,0.0,0.0,inf,0.0
сміливі,сміливі,2,4,0,0.0,0.0,inf,0.0
звитяга,звитяг,1,1,0,0.0,0.0,inf,0.0
честь,чест,1,1,0,0.0,0.0,inf,0.0
сміливість,сміливіст,2,3,0,0.0,0.0,inf,0.0
смішна,смішна,1,2,0,0.0,0.0,inf,0.0
смішні,смішні,2,3,0,0.0,0.0,inf,0.0
сндкт,сндкт,1,2,0,0.0,0.0,inf,0.0
жадани,жадан,1,1,0,0.0,0.0,inf,0.0
сова,сов,8,22,0,0.0,0.0,inf,0.0
современная,современ,3,8,0,0.0,0.0,inf,0.0
создать,созда,2,8,0,0.0,0.0,inf,0.0
сокира,сокир,3,29,0,0.0,0.0,inf,0.0
солдати,солдат,2,2,0,0.0,0.0,inf,0.0
солдатів,солдатів,1,1,0,0.0,0.0,inf,0.0
солиар,солиар,1,1,0,0.0,0.0,inf,0.0
солмар,солмар,2,3,0,0.0,0.0,inf,0.0
сомпані,сомпані,1,1,0,0.0,0.0,inf,0.0
сонь,сон,3,6,0,0.0,0.0,inf,0.0
спиш,спиш,3,6,0,0.0,0.0,inf,0.0
dominus,dominus,1,1,0,0.0,0.0,inf,0.0
сорткомпани,сорткомпан,1,2,0,0.0,0.0,inf,0.0
состаренная,состарен,1,1,0,0.0,0.0,inf,0.0
южный,южн,1,1,0,0.0,0.0,inf,0.0
спандекс,спандекс,1,2,0,0.0,0.0,inf,0.0
спартан,спарта,2,8,0,0.0,0.0,inf,0.0
спартивки,спартивк,1,3,0,0.0,0.0,inf,0.0
нерукотворный,нерукотворн,1,1,0,0.0,0.0,inf,0.0
спитфайр,спитфайр,1,1,0,0.0,0.0,inf,0.0
сплин,сплин,1,1,0,0.0,0.0,inf,0.0
споривні,споривні,1,1,0,0.0,0.0,inf,0.0
костюмі,костюмі,1,1,0,0.0,0.0,inf,0.0
спортано,спорта,1,2,0,0.0,0.0,inf,0.0
туфли,туфл,1,1,0,0.0,0.0,inf,0.0
сайз,сайз,1,2,0,0.0,0.0,inf,0.0
плюс,плюс,2,3,0,0.0,0.0,inf,0.0
графіт,графіт,3,6,0,0.0,0.0,inf,0.0
пуш,пуш,1,2,0,0.0,0.0,inf,0.0
апом,ап,1,2,0,0.0,0.0,inf,0.0
ave,ave,1,1,0,0.0,0.0,inf,0.0
avecs,avecs,1,2,0,0.0,0.0,inf,0.0
2025,2025,1,1,0,0.0,0.0,inf,0.0
avic,avic,1,1,0,0.0,0.0,inf,0.0
maraton,maraton,2,2,0,0.0,0.0,inf,0.0
nba,nba,1,1,0,0.0,0.0,inf,0.0
sevenfold,sevenfold,5,16,0,0.0,0.0,inf,0.0
фитнеса,фитнес,1,1,0,0.0,0.0,inf,0.0
зауженные,заужен,1,1,0,0.0,0.0,inf,0.0
разрезом,разрез,1,1,0,0.0,0.0,inf,0.0
190,190,1,2,0,0.0,0.0,inf,0.0
подросток,подросток,1,1,0,0.0,0.0,inf,0.0
подворотами,подворот,1,1,0,0.0,0.0,inf,0.0
страдивариус,страдивариус,3,3,0,0.0,0.0,inf,0.0
узкие,узк,2,2,0,0.0,0.0,inf,0.0
двунитка,двунитк,8,12,0,0.0,0.0,inf,0.0
эстетика,эстетик,1,2,0,0.0,0.0,inf,0.0
бріджі,бріджі,1,4,0,0.0,0.0,inf,0.0
турція,турці,4,7,0,0.0,0.0,inf,0.0
аладіни,аладін,3,4,0,0.0,0.0,inf,0.0
балони,балон,4,14,0,0.0,0.0,inf,0.0
флісу,флісу,3,6,0,0.0,0.0,inf,0.0
джома,джом,1,1,0,0.0,0.0,inf,0.0
вагітних,вагітн,1,3,0,0.0,0.0,inf,0.0
знизу,зниз,1,1,0,0.0,0.0,inf,0.0
карманами,карман,4,4,0,0.0,0.0,inf,0.0
розрізом,розріз,2,2,0,0.0,0.0,inf,0.0
підліток,підліток,2,5,0,0.0,0.0,inf,0.0
страдіваріус,страдіваріус,2,3,0,0.0,0.0,inf,0.0
хлопчачі,хлопчачі,3,6,0,0.0,0.0,inf,0.0
чемпіон,чемпіон,3,4,0,0.0,0.0,inf,0.0
фірмові,фірмові,4,10,0,0.0,0.0,inf,0.0
щтани,щтан,2,5,0,0.0,0.0,inf,0.0
спортмакс,спортмакс,1,1,0,0.0,0.0,inf,0.0
спортмастер,спортмастер,3,6,0,0.0,0.0,inf,0.0
спортсвеар,спортсвеар,1,1,0,0.0,0.0,inf,0.0
спорттайм,спорттайм,1,5,0,0.0,0.0,inf,0.0
спортівні,спортівні,5,19,0,0.0,0.0,inf,0.0
сппокій,сппокі,1,1,0,0.0,0.0,inf,0.0
спрр,спрр,1,1,0,0.0,0.0,inf,0.0
спрінгфілд,спрінгфілд,1,1,0,0.0,0.0,inf,0.0
1985,1985,3,5,0,0.0,0.0,inf,0.0
спутник,спутник,5,8,0,0.0,0.0,inf,0.0
сроп,сроп,1,1,0,0.0,0.0,inf,0.0
стабик,стабик,1,1,0,0.0,0.0,inf,0.0
стан,стан,2,2,0,0.0,0.0,inf,0.0
avenged,avenged,5,16,0,0.0,0.0,inf,0.0
старбери,старбер,1,7,0,0.0,0.0,inf,0.0
старберри,старберр,2,44,0,0.0,0.0,inf,0.0
старберрі,старберрі,1,10,0,0.0,0.0,inf,0.0
старбері,старбері,5,43,0,0.0,0.0,inf,0.0
старі,старі,1,1,0,0.0,0.0,inf,0.0
стастон,стастон,1,3,0,0.0,0.0,inf,0.0
статуэтка,статуэтк,2,20,0,0.0,0.0,inf,0.0
житомир,житомир,4,17,0,0.0,0.0,inf,0.0
клозес,клозес,2,2,0,0.0,0.0,inf,0.0
стафі,стафі,1,2,0,0.0,0.0,inf,0.0
стаі,стаі,1,3,0,0.0,0.0,inf,0.0
ств,ств,1,1,0,0.0,0.0,inf,0.0
створення,створен,1,2,0,0.0,0.0,inf,0.0
створити,створит,4,41,0,0.0,0.0,inf,0.0
степові,степові,1,1,0,0.0,0.0,inf,0.0
стефано,стефа,1,1,0,0.0,0.0,inf,0.0
риччи,ричч,1,1,0,0.0,0.0,inf,0.0
стритвир,стритвир,10,40,0,0.0,0.0,inf,0.0
стильні,стильні,11,34,0,0.0,0.0,inf,0.0
стильово,стильов,1,1,0,0.0,0.0,inf,0.0
стима,стим,1,1,0,0.0,0.0,inf,0.0
стлв,стлв,1,6,0,0.0,0.0,inf,0.0
стрейчевые,стрейчев,1,1,0,0.0,0.0,inf,0.0
стрела,стрел,3,8,0,0.0,0.0,inf,0.0
стрит,стрит,1,7,0,0.0,0.0,inf,0.0
стритвеар,стритвеар,1,30,0,0.0,0.0,inf,0.0
стріт,стріт,1,5,0,0.0,0.0,inf,0.0
стрітвеар,стрітвеар,1,1,0,0.0,0.0,inf,0.0
стрітвер,стрітвер,2,5,0,0.0,0.0,inf,0.0
стрітвір,стрітвір,3,7,0,0.0,0.0,inf,0.0
стс,стс,1,2,0,0.0,0.0,inf,0.0
писок,писок,2,3,0,0.0,0.0,inf,0.0
стули,стул,2,3,0,0.0,0.0,inf,0.0
стшоп,стшоп,1,2,0,0.0,0.0,inf,0.0
отряда,отряд,1,4,0,0.0,0.0,inf,0.0
стях,стях,1,2,0,0.0,0.0,inf,0.0
стіма,стіма,1,2,0,0.0,0.0,inf,0.0
сублімаційний,сублімаційн,1,6,0,0.0,0.0,inf,0.0
сукня,сукн,1,3,0,0.0,0.0,inf,0.0
султанками,султанк,1,1,0,0.0,0.0,inf,0.0
сумеречный,сумеречн,1,2,0,0.0,0.0,inf,0.0
сумка,сумк,1,5,0,0.0,0.0,inf,0.0
сумма,сумм,1,2,0,0.0,0.0,inf,0.0
супер,супер,2,2,0,0.0,0.0,inf,0.0
суперфутболка,суперфутболк,1,3,0,0.0,0.0,inf,0.0
сусіди,сусід,1,1,0,0.0,0.0,inf,0.0
стерплять,стерпля,1,1,0,0.0,0.0,inf,0.0
сучасний,сучасн,5,9,0,0.0,0.0,inf,0.0
схватка,схватк,3,19,0,0.0,0.0,inf,0.0
східний,східни,1,4,0,0.0,0.0,inf,0.0
варіант,варіант,1,4,0,0.0,0.0,inf,0.0
сыны,сын,5,5,0,0.0,0.0,inf,0.0
сікс,сікс,2,4,0,0.0,0.0,inf,0.0
зерос,зерос,1,2,0,0.0,0.0,inf,0.0
сіксті,сіксті,1,6,0,0.0,0.0,inf,0.0
сіль,сіл,2,12,0,0.0,0.0,inf,0.0
сімбіосіс,сімбіосіс,1,2,0,0.0,0.0,inf,0.0
сімейні,сімейні,1,1,0,0.0,0.0,inf,0.0
покупки,покупк,1,1,0,0.0,0.0,inf,0.0
сіндікат,сіндікат,1,6,0,0.0,0.0,inf,0.0
сінсей,сінсе,2,6,0,0.0,0.0,inf,0.0
сіра,сіра,8,11,0,0.0,0.0,inf,0.0
сіх,сіх,1,1,0,0.0,0.0,inf,0.0
січові,січові,1,2,0,0.0,0.0,inf,0.0
стрільці,стрільці,1,2,0,0.0,0.0,inf,0.0
сїх,сїх,1,1,0,0.0,0.0,inf,0.0
таблица,таблиц,2,3,0,0.0,0.0,inf,0.0
таблиця,таблит^,2,2,0,0.0,0.0,inf,0.0
табу,таб,8,12,0,0.0,0.0,inf,0.0
клоуз,клоуз,1,1,0,0.0,0.0,inf,0.0
тайна,тайн,4,12,0,0.0,0.0,inf,0.0
тактікал,тактіка,2,31,0,0.0,0.0,inf,0.0
вейл,вейл,1,1,0,0.0,0.0,inf,0.0
тамблер,тамблер,1,3,0,0.0,0.0,inf,0.0
тамплиер,тамплиер,2,2,0,0.0,0.0,inf,0.0
танковый,танков,2,3,0,0.0,0.0,inf,0.0
танцевальные,танцевальн,1,2,0,0.0,0.0,inf,0.0
танцювальні,танцювальні,2,3,0,0.0,0.0,inf,0.0
тапаут,тапаут,3,5,0,0.0,0.0,inf,0.0
тарді,тарді,1,4,0,0.0,0.0,inf,0.0
светерс,светерс,1,14,0,0.0,0.0,inf,0.0
татусветерс,татусветерс,1,2,0,0.0,0.0,inf,0.0
тач,тач,1,1,0,0.0,0.0,inf,0.0
твайлайт,твайлайт,2,4,0,0.0,0.0,inf,0.0
хаммер,хаммер,5,10,0,0.0,0.0,inf,0.0
твой,тво,4,39,0,0.0,0.0,inf,0.0
тейваз,тейваз,3,24,0,0.0,0.0,inf,0.0
темнозорь,темнозор,1,3,0,0.0,0.0,inf,0.0
тенісні,тенісні,1,2,0,0.0,0.0,inf,0.0
jacket,jacket,9,24,0,0.0,0.0,inf,0.0
halychyny,halychyny,3,142,0,0.0,0.0,inf,0.0
термит,терм,3,5,0,0.0,0.0,inf,0.0
термофутболка,термофутболк,1,1,0,0.0,0.0,inf,0.0
термохромна,термохромн,4,18,0,0.0,0.0,inf,0.0
термоштани,термоштан,1,1,0,0.0,0.0,inf,0.0
терра,терр,1,1,0,0.0,0.0,inf,0.0
инкогнита,инкогнит,1,1,0,0.0,0.0,inf,0.0
тесак,тесак,1,1,0,0.0,0.0,inf,0.0
тесла,тесл,1,1,0,0.0,0.0,inf,0.0
течфліс,течфліс,1,1,0,0.0,0.0,inf,0.0
наступний,наступн,2,2,0,0.0,0.0,inf,0.0
фаден,фад,2,2,0,0.0,0.0,inf,0.0
тимур,тимур,2,11,0,0.0,0.0,inf,0.0
тинейджерская,тинейджерск,1,1,0,0.0,0.0,inf,0.0
артфлаг,артфлаг,1,3,0,0.0,0.0,inf,0.0
типография,типограф,1,3,0,0.0,0.0,inf,0.0
тишка,тишк,3,8,0,0.0,0.0,inf,0.0
тнмк,тнмк,2,6,0,0.0,0.0,inf,0.0
токийские,токийск,1,1,0,0.0,0.0,inf,0.0
мстители,мстител,1,1,0,0.0,0.0,inf,0.0
тол,тол,3,39,0,0.0,0.0,inf,0.0
aviacia,aviacia,1,1,0,0.0,0.0,inf,0.0
sally,sally,1,1,0,0.0,0.0,inf,0.0
tanks,tanks,1,2,0,0.0,0.0,inf,0.0
аризона,аризон,1,4,0,0.0,0.0,inf,0.0
баскетбол,баскетбол,1,1,0,0.0,0.0,inf,0.0
вечно,вечн,1,3,0,0.0,0.0,inf,0.0
казахстан,казахста,2,2,0,0.0,0.0,inf,0.0
кино,кин,2,2,0,0.0,0.0,inf,0.0
когтевран,когтевра,1,2,0,0.0,0.0,inf,0.0
влада,влад,3,14,0,0.0,0.0,inf,0.0
мияги,мияг,2,2,0,0.0,0.0,inf,0.0
лиза,лиз,2,5,0,0.0,0.0,inf,0.0
мона,мон,2,5,0,0.0,0.0,inf,0.0
шрифтом,шрифт,2,25,0,0.0,0.0,inf,0.0
девочки,девочк,2,2,0,0.0,0.0,inf,0.0
дьявола,дьявол,5,35,0,0.0,0.0,inf,0.0
хаки,хак,2,3,0,0.0,0.0,inf,0.0
вагнер,вагнер,1,1,0,0.0,0.0,inf,0.0
чвк,чвк,1,1,0,0.0,0.0,inf,0.0
грозном,грозн,1,3,0,0.0,0.0,inf,0.0
девочек,девочек,2,2,0,0.0,0.0,inf,0.0
темноте,темнот,2,2,0,0.0,0.0,inf,0.0
томми,томм,2,5,0,0.0,0.0,inf,0.0
тон,тон,1,2,0,0.0,0.0,inf,0.0
тонкі,тонкі,2,8,0,0.0,0.0,inf,0.0
aviation,aviation,1,1,0,0.0,0.0,inf,0.0
тайм,тайм,1,1,0,0.0,0.0,inf,0.0
топовые,топов,3,5,0,0.0,0.0,inf,0.0
топтайм,топтайм,1,1,0,0.0,0.0,inf,0.0
торч,торч,1,1,0,0.0,0.0,inf,0.0
торштайнер,торштайнер,1,2,0,0.0,0.0,inf,0.0
транс,транс,1,9,0,0.0,0.0,inf,0.0
трафик,трафик,1,5,0,0.0,0.0,inf,0.0
масса,масс,2,3,0,0.0,0.0,inf,0.0
тревожная,тревожн,1,1,0,0.0,0.0,inf,0.0
заряд,заряд,3,7,0,0.0,0.0,inf,0.0
трезвый,трезв,4,8,0,0.0,0.0,inf,0.0
трекінговий,трекінгов,1,1,0,0.0,0.0,inf,0.0
треле,трел,1,1,0,0.0,0.0,inf,0.0
колекшн,колекшн,1,1,0,0.0,0.0,inf,0.0
трендовые,трендов,1,1,0,0.0,0.0,inf,0.0
трендові,трендові,3,7,0,0.0,0.0,inf,0.0
треники,треник,3,3,0,0.0,0.0,inf,0.0
тормозами,тормоз,1,1,0,0.0,0.0,inf,0.0
тренировочные,тренировочн,1,1,0,0.0,0.0,inf,0.0
треніки,тренік,1,1,0,0.0,0.0,inf,0.0
тривожна,тривожн,1,1,0,0.0,0.0,inf,0.0
подвійний,подвійн,1,3,0,0.0,0.0,inf,0.0
тримачі,тримачі,1,6,0,0.0,0.0,inf,0.0
пеньє,пеньє,1,1,0,0.0,0.0,inf,0.0
троещина,троещин,2,12,0,0.0,0.0,inf,0.0
трофім,трофім,1,1,0,0.0,0.0,inf,0.0
трурелижен,трурелиж,1,1,0,0.0,0.0,inf,0.0
петля,петл,1,4,0,0.0,0.0,inf,0.0
трэвис,трэвис,1,1,0,0.0,0.0,inf,0.0
скотт,скотт,1,1,0,0.0,0.0,inf,0.0
трэшер,трэшер,1,1,0,0.0,0.0,inf,0.0
сюди,сюд,1,2,0,0.0,0.0,inf,0.0
туди,туд,1,2,0,0.0,0.0,inf,0.0
тумба,тумб,1,3,0,0.0,0.0,inf,0.0
вир,вир,1,27,0,0.0,0.0,inf,0.0
вір,вір,1,16,0,0.0,0.0,inf,0.0
турбат,турбат,2,4,0,0.0,0.0,inf,0.0
турвеар,турвеар,1,68,0,0.0,0.0,inf,0.0
турвер,турвер,1,28,0,0.0,0.0,inf,0.0
турвир,турвир,1,6,0,0.0,0.0,inf,0.0
турвір,турвір,1,17,0,0.0,0.0,inf,0.0
турецкие,турецк,4,4,0,0.0,0.0,inf,0.0
кропивницький,кропивницьк,1,4,0,0.0,0.0,inf,0.0
турецькі,турецькі,1,2,0,0.0,0.0,inf,0.0
тіар,тіар,1,1,0,0.0,0.0,inf,0.0
тінь,тін,3,15,0,0.0,0.0,inf,0.0
aviatsia,aviatsia,2,4,0,0.0,0.0,inf,0.0
aviatsiya,aviatsiya,1,138,0,0.0,0.0,inf,0.0
avicii,avicii,1,1,0,0.0,0.0,inf,0.0
awdis,awdis,1,2,0,0.0,0.0,inf,0.0
тільки,тільки,1,1,0,0.0,0.0,inf,0.0
цьому,цьом,2,2,0,0.0,0.0,inf,0.0
ціні,ціні,2,2,0,0.0,0.0,inf,0.0
світі,світі,2,2,0,0.0,0.0,inf,0.0
убакс,убакс,1,1,0,0.0,0.0,inf,0.0
удлиненные,удлинен,3,6,0,0.0,0.0,inf,0.0
удобные,удобн,1,1,0,0.0,0.0,inf,0.0
удостоверение,удостоверен,1,1,0,0.0,0.0,inf,0.0
удочки,удочк,2,3,0,0.0,0.0,inf,0.0
укорочена,укороч,5,5,0,0.0,0.0,inf,0.0
укорочені,укорочені,5,9,0,0.0,0.0,inf,0.0
армор,армор,4,10,0,0.0,0.0,inf,0.0
молодежи,молодеж,3,16,0,0.0,0.0,inf,0.0
скейтшопы,скейтшоп,1,1,0,0.0,0.0,inf,0.0
укрармор,укрармор,1,9,0,0.0,0.0,inf,0.0
героів,героів,1,1,0,0.0,0.0,inf,0.0
украінський,украінськ,1,2,0,0.0,0.0,inf,0.0
украінські,украінські,2,5,0,0.0,0.0,inf,0.0
фон,фон,2,2,0,0.0,0.0,inf,0.0
серця,серт^,1,1,0,0.0,0.0,inf,0.0
мого,мог,1,1,0,0.0,0.0,inf,0.0
правда,правд,2,6,0,0.0,0.0,inf,0.0
дизайнерський,дизайнерськ,1,1,0,0.0,0.0,inf,0.0
націоналізм,націоналізм,1,1,0,0.0,0.0,inf,0.0
список,список,1,1,0,0.0,0.0,inf,0.0
фірми,фірми,1,4,0,0.0,0.0,inf,0.0
україніка,українік,1,11,0,0.0,0.0,inf,0.0
укрзалізниця,укрзалізнит^,4,11,0,0.0,0.0,inf,0.0
укрпошта,укрпошт,2,2,0,0.0,0.0,inf,0.0
укрстайл,укрстайл,1,1,0,0.0,0.0,inf,0.0
дель,дел,4,8,0,0.0,0.0,inf,0.0
уляна,уля,3,6,0,0.0,0.0,inf,0.0
трапилось,трап,1,1,0,0.0,0.0,inf,0.0
упс,упс,1,1,0,0.0,0.0,inf,0.0
пленет,пленет,2,34,0,0.0,0.0,inf,0.0
урбанист,урбанист,1,6,0,0.0,0.0,inf,0.0
урбанпланет,урбанпланет,1,3,0,0.0,0.0,inf,0.0
урбанпленет,урбанпленет,1,1,0,0.0,0.0,inf,0.0
урбаніст,урбаніст,1,6,0,0.0,0.0,inf,0.0
установка,установк,1,1,0,0.0,0.0,inf,0.0
устройство,устройств,1,2,0,0.0,0.0,inf,0.0
усі,усі,1,2,0,0.0,0.0,inf,0.0
утеплені,утеплені,5,10,0,0.0,0.0,inf,0.0
утопия,утоп,2,2,0,0.0,0.0,inf,0.0
шоу,шо,2,2,0,0.0,0.0,inf,0.0
утопия8,утопия8,1,2,0,0.0,0.0,inf,0.0
утопія,утопі,1,3,0,0.0,0.0,inf,0.0
утяжелитель,утяжелител,1,2,0,0.0,0.0,inf,0.0
ухилянт,ухилянт,3,19,0,0.0,0.0,inf,0.0
фаворит,фавор,1,1,0,0.0,0.0,inf,0.0
файна,файн,1,2,0,0.0,0.0,inf,0.0
файфа,файф,1,1,0,0.0,0.0,inf,0.0
фалг,фалг,1,26,0,0.0,0.0,inf,0.0
фамо,фам,4,12,0,0.0,0.0,inf,0.0
фанме,фанм,2,2,0,0.0,0.0,inf,0.0
кет,кет,1,13,0,0.0,0.0,inf,0.0
фантомка,фантомк,1,5,0,0.0,0.0,inf,0.0
фаренгейт,фаренгейт,4,7,0,0.0,0.0,inf,0.0
фарфи,фарф,3,55,0,0.0,0.0,inf,0.0
фарфі,фарфі,2,77,0,0.0,0.0,inf,0.0
фасадный,фасадн,3,3,0,0.0,0.0,inf,0.0
фасон,фасон,1,1,0,0.0,0.0,inf,0.0
фашистская,фашистск,1,1,0,0.0,0.0,inf,0.0
just,just,4,7,0,0.0,0.0,inf,0.0
фенди,фенд,1,1,0,0.0,0.0,inf,0.0
фиолетовая,фиолетов,5,5,0,0.0,0.0,inf,0.0
150,150,1,30,0,0.0,0.0,inf,0.0
авдеевки,авдеевк,1,3,0,0.0,0.0,inf,0.0
адамова,адамов,1,1,0,0.0,0.0,inf,0.0
адептус,адептус,1,2,0,0.0,0.0,inf,0.0
механикус,механикус,1,2,0,0.0,0.0,inf,0.0
артиллерии,артиллер,3,19,0,0.0,0.0,inf,0.0
батальона,батальон,1,3,0,0.0,0.0,inf,0.0
беспилотных,беспилотн,1,3,0,0.0,0.0,inf,0.0
войск,войск,7,16,0,0.0,0.0,inf,0.0
комнату,комнат,1,2,0,0.0,0.0,inf,0.0
ввс,ввс,1,1,0,0.0,0.0,inf,0.0
колец,колец,2,3,0,0.0,0.0,inf,0.0
властелин,властелин,2,3,0,0.0,0.0,inf,0.0
всу,всу,1,1,0,0.0,0.0,inf,0.0
доброполья,добропол,1,1,0,0.0,0.0,inf,0.0
при,при,1,3,0,0.0,0.0,inf,0.0
обл,обл,1,13,0,0.0,0.0,inf,0.0
обои,обо,1,4,0,0.0,0.0,inf,0.0
израиля,израил,2,3,0,0.0,0.0,inf,0.0
изюма,изюм,1,1,0,0.0,0.0,inf,0.0
казаков,казак,3,12,0,0.0,0.0,inf,0.0
мариуполя,мариупол,2,15,0,0.0,0.0,inf,0.0
мафии,маф,1,4,0,0.0,0.0,inf,0.0
махновцев,махновц,2,3,0,0.0,0.0,inf,0.0
мир,мир,1,1,0,0.0,0.0,inf,0.0
гроб,гроб,2,9,0,0.0,0.0,inf,0.0
надежды,надежд,1,1,0,0.0,0.0,inf,0.0
параши,параш,1,5,0,0.0,0.0,inf,0.0
парус,парус,1,1,0,0.0,0.0,inf,0.0
пво,пво,3,4,0,0.0,0.0,inf,0.0
гру,гру,2,2,0,0.0,0.0,inf,0.0
рейхскомиссариата,рейхскомиссариат,1,1,0,0.0,0.0,inf,0.0
рэб,рэб,1,2,0,0.0,0.0,inf,0.0
солнцем,солнц,3,6,0,0.0,0.0,inf,0.0
шахадой,шахад,1,1,0,0.0,0.0,inf,0.0
связистов,связист,1,2,0,0.0,0.0,inf,0.0
селидово,селидов,1,2,0,0.0,0.0,inf,0.0
систем,сист,2,12,0,0.0,0.0,inf,0.0
снайперов,снайпер,2,16,0,0.0,0.0,inf,0.0
старков,старк,1,1,0,0.0,0.0,inf,0.0
суперземли,суперземл,1,3,0,0.0,0.0,inf,0.0
торецка,торецк,1,1,0,0.0,0.0,inf,0.0
года,год,1,1,0,0.0,0.0,inf,0.0
1918,1918,1,1,0,0.0,0.0,inf,0.0
украині,украині,2,3,0,0.0,0.0,inf,0.0
hoods,hoods,1,2,0,0.0,0.0,inf,0.0
христианства,христианств,1,1,0,0.0,0.0,inf,0.0
центурии,центур,2,20,0,0.0,0.0,inf,0.0
ayugi,ayugi,1,1,0,0.0,0.0,inf,0.0
команд,команд,1,1,0,0.0,0.0,inf,0.0
рекламные,рекламн,1,1,0,0.0,0.0,inf,0.0
родов,род,3,6,0,0.0,0.0,inf,0.0
цена,цен,4,10,0,0.0,0.0,inf,0.0
флагмастер,флагмастер,1,33,0,0.0,0.0,inf,0.0
флагсистем,флагсист,1,10,0,0.0,0.0,inf,0.0
флагсістем,флагсіст,1,4,0,0.0,0.0,inf,0.0
конструкция,конструкц,1,4,0,0.0,0.0,inf,0.0
нержавейка,нержавейк,1,1,0,0.0,0.0,inf,0.0
розбірний,розбірн,1,2,0,0.0,0.0,inf,0.0
подъемным,подъемн,1,1,0,0.0,0.0,inf,0.0
телескопічний,телескопічн,1,2,0,0.0,0.0,inf,0.0
эпицентр,эпицентр,2,4,0,0.0,0.0,inf,0.0
azalea,azalea,1,1,0,0.0,0.0,inf,0.0
флажна,флажн,3,4,0,0.0,0.0,inf,0.0
флайшоп,флайшоп,1,1,0,0.0,0.0,inf,0.0
фламинго,фламинг,1,2,0,0.0,0.0,inf,0.0
флан,флан,1,1,0,0.0,0.0,inf,0.0
фланелева,фланелев,1,1,0,0.0,0.0,inf,0.0
фланер,фланер,1,1,0,0.0,0.0,inf,0.0
фларед,фларед,2,4,0,0.0,0.0,inf,0.0
флаштоки,флашток,1,1,0,0.0,0.0,inf,0.0
флги,флги,1,9,0,0.0,0.0,inf,0.0
флиска,флиск,1,2,0,0.0,0.0,inf,0.0
йодою,йод,2,4,0,0.0,0.0,inf,0.0
фомо,фом,1,7,0,0.0,0.0,inf,0.0
фонк,фонк,2,15,0,0.0,0.0,inf,0.0
обсервейшн,обсервейшн,1,7,0,0.0,0.0,inf,0.0
фосфор,фосфор,1,2,0,0.0,0.0,inf,0.0
фотка,фотк,3,3,0,0.0,0.0,inf,0.0
воїнів,воїнів,1,1,0,0.0,0.0,inf,0.0
фотодрук,фотодрук,1,6,0,0.0,0.0,inf,0.0
фрактал,фракта,1,1,0,0.0,0.0,inf,0.0
пері,пері,1,1,0,0.0,0.0,inf,0.0
фрирен,фрир,2,2,0,0.0,0.0,inf,0.0
фром,фром,1,1,0,0.0,0.0,inf,0.0
фромус,фромус,2,3,0,0.0,0.0,inf,0.0
фронтир,фронтир,1,3,0,0.0,0.0,inf,0.0
фрівер,фрівер,1,1,0,0.0,0.0,inf,0.0
фудболки,фудболк,1,1,0,0.0,0.0,inf,0.0
фудьолка,фудьолк,1,1,0,0.0,0.0,inf,0.0
фулл,фулл,1,1,0,0.0,0.0,inf,0.0
футбоголік,футбоголік,1,1,0,0.0,0.0,inf,0.0
футбол,футбол,1,1,0,0.0,0.0,inf,0.0
1917,1917,1,1,0,0.0,0.0,inf,0.0
1983,1983,1,1,0,0.0,0.0,inf,0.0
1991,1991,1,1,0,0.0,0.0,inf,0.0
2хл,2хл,2,4,0,0.0,0.0,inf,0.0
грамм,грамм,1,2,0,0.0,0.0,inf,0.0
304,304,1,1,0,0.0,0.0,inf,0.0
3хл,3хл,1,2,0,0.0,0.0,inf,0.0
420,420,1,10,0,0.0,0.0,inf,0.0
5xl,5xl,1,2,0,0.0,0.0,inf,0.0
5хл,5хл,1,1,0,0.0,0.0,inf,0.0
грехов,грех,2,5,0,0.0,0.0,inf,0.0
смертных,смертн,2,5,0,0.0,0.0,inf,0.0
дшб,дшб,1,2,0,0.0,0.0,inf,0.0
еластан,еласта,1,1,0,0.0,0.0,inf,0.0
accept,accept,1,1,0,0.0,0.0,inf,0.0
acw,acw,1,1,0,0.0,0.0,inf,0.0
adam,adam,1,3,0,0.0,0.0,inf,0.0
adventure,adventure,1,1,0,0.0,0.0,inf,0.0
militare,militare,1,1,0,0.0,0.0,inf,0.0
aeronautica,aeronautica,1,1,0,0.0,0.0,inf,0.0
alcoholica,alcoholica,1,1,0,0.0,0.0,inf,0.0
alone,alone,1,1,0,0.0,0.0,inf,0.0
alx,alx,1,1,0,0.0,0.0,inf,0.0
amon,amon,1,1,0,0.0,0.0,inf,0.0
amarth,amarth,1,1,0,0.0,0.0,inf,0.0
anthrax,anthrax,1,1,0,0.0,0.0,inf,0.0
communist,communist,1,1,0,0.0,0.0,inf,0.0
aquascutum,aquascutum,1,2,0,0.0,0.0,inf,0.0
arena,arena,1,1,0,0.0,0.0,inf,0.0
assassin,assassin,1,5,0,0.0,0.0,inf,0.0
creed,creed,1,5,0,0.0,0.0,inf,0.0
balr,balr,1,1,0,0.0,0.0,inf,0.0
bauer,bauer,1,1,0,0.0,0.0,inf,0.0
bbb,bbb,1,1,0,0.0,0.0,inf,0.0
berghaus,berghaus,1,1,0,0.0,0.0,inf,0.0
bikkembergs,bikkembergs,1,1,0,0.0,0.0,inf,0.0
biohazard,biohazard,1,1,0,0.0,0.0,inf,0.0
bitcoin,bitcoin,1,1,0,0.0,0.0,inf,0.0
182,182,1,3,0,0.0,0.0,inf,0.0
blink,blink,1,3,0,0.0,0.0,inf,0.0
bloods,bloods,1,3,0,0.0,0.0,inf,0.0
bodyguard,bodyguard,1,1,0,0.0,0.0,inf,0.0
boris,boris,1,2,0,0.0,0.0,inf,0.0
brejcha,brejcha,1,2,0,0.0,0.0,inf,0.0
bowie,bowie,1,1,0,0.0,0.0,inf,0.0
benjamin,benjamin,1,2,0,0.0,0.0,inf,0.0
breaking,breaking,1,2,0,0.0,0.0,inf,0.0
brioni,brioni,1,1,0,0.0,0.0,inf,0.0
burn,burn,1,2,0,0.0,0.0,inf,0.0
c2h5oh,c2h5oh,1,1,0,0.0,0.0,inf,0.0
canoe,canoe,1,1,0,0.0,0.0,inf,0.0
catzilla,catzilla,1,3,0,0.0,0.0,inf,0.0
ceo,ceo,1,1,0,0.0,0.0,inf,0.0
chaos,chaos,1,3,0,0.0,0.0,inf,0.0
christmas,christmas,1,1,0,0.0,0.0,inf,0.0
circa,circa,1,1,0,0.0,0.0,inf,0.0
claymore,claymore,1,3,0,0.0,0.0,inf,0.0
steel,steel,1,1,0,0.0,0.0,inf,0.0
collusion,collusion,2,2,0,0.0,0.0,inf,0.0
coma,coma,1,1,0,0.0,0.0,inf,0.0
complicated,complicated,1,1,0,0.0,0.0,inf,0.0
creator,creator,1,1,0,0.0,0.0,inf,0.0
crystal,crystal,1,2,0,0.0,0.0,inf,0.0
dayz,dayz,1,6,0,0.0,0.0,inf,0.0
madre,madre,1,1,0,0.0,0.0,inf,0.0
puta,puta,1,1,0,0.0,0.0,inf,0.0
kennedys,kennedys,1,1,0,0.0,0.0,inf,0.0
dio,dio,1,2,0,0.0,0.0,inf,0.0
rodeo,rodeo,1,1,0,0.0,0.0,inf,0.0
dior,dior,1,1,0,0.0,0.0,inf,0.0
horses,horses,1,2,0,0.0,0.0,inf,0.0
push,push,1,2,0,0.0,0.0,inf,0.0
shoot,shoot,1,1,0,0.0,0.0,inf,0.0
donbass,donbass,1,28,0,0.0,0.0,inf,0.0
dope,dope,1,3,0,0.0,0.0,inf,0.0
drole,drole,1,1,0,0.0,0.0,inf,0.0
drugs,drugs,1,1,0,0.0,0.0,inf,0.0
dushnila,dushnila,1,1,0,0.0,0.0,inf,0.0
edc,edc,1,5,0,0.0,0.0,inf,0.0
europa,europa,1,1,0,0.0,0.0,inf,0.0
fairtex,fairtex,1,1,0,0.0,0.0,inf,0.0
felix,felix,1,1,0,0.0,0.0,inf,0.0
fender,fender,1,2,0,0.0,0.0,inf,0.0
firefighter,firefighter,1,1,0,0.0,0.0,inf,0.0
firefox,firefox,1,2,0,0.0,0.0,inf,0.0
flash,flash,1,2,0,0.0,0.0,inf,0.0
focus,focus,1,1,0,0.0,0.0,inf,0.0
friday,friday,1,1,0,0.0,0.0,inf,0.0
ghetto,ghetto,1,1,0,0.0,0.0,inf,0.0
godfather,godfather,1,1,0,0.0,0.0,inf,0.0
greddy,greddy,1,2,0,0.0,0.0,inf,0.0
guns,guns,1,2,0,0.0,0.0,inf,0.0
matata,matata,1,2,0,0.0,0.0,inf,0.0
hakuna,hakuna,1,2,0,0.0,0.0,inf,0.0
quinn,quinn,1,1,0,0.0,0.0,inf,0.0
everyone,everyone,2,4,0,0.0,0.0,inf,0.0
foods,foods,1,7,0,0.0,0.0,inf,0.0
hedonism,hedonism,1,1,0,0.0,0.0,inf,0.0
mard,mard,5,9,0,0.0,0.0,inf,0.0
hug,hug,1,3,0,0.0,0.0,inf,0.0
ibiza,ibiza,1,1,0,0.0,0.0,inf,0.0
icepeak,icepeak,1,1,0,0.0,0.0,inf,0.0
iconic,iconic,1,2,0,0.0,0.0,inf,0.0
done,done,1,1,0,0.0,0.0,inf,0.0
imagine,imagine,1,1,0,0.0,0.0,inf,0.0
immortal,immortal,1,1,0,0.0,0.0,inf,0.0
wolfskin,wolfskin,1,2,0,0.0,0.0,inf,0.0
jane,jane,1,1,0,0.0,0.0,inf,0.0
jdm,jdm,1,1,0,0.0,0.0,inf,0.0
jil,jil,1,1,0,0.0,0.0,inf,0.0
sander,sander,1,1,0,0.0,0.0,inf,0.0
joy,joy,2,2,0,0.0,0.0,inf,0.0
lagerfeld,lagerfeld,3,3,0,0.0,0.0,inf,0.0
sportiva,sportiva,1,1,0,0.0,0.0,inf,0.0
larp,larp,1,4,0,0.0,0.0,inf,0.0
idite,idite,1,1,0,0.0,0.0,inf,0.0
lave,lave,1,1,0,0.0,0.0,inf,0.0
nahui,nahui,1,1,0,0.0,0.0,inf,0.0
loma,loma,1,2,0,0.0,0.0,inf,0.0
rings,rings,1,1,0,0.0,0.0,inf,0.0
loser,loser,1,2,0,0.0,0.0,inf,0.0
will,will,2,2,0,0.0,0.0,inf,0.0
apart,apart,1,1,0,0.0,0.0,inf,0.0
mad,mad,1,1,0,0.0,0.0,inf,0.0
magical,magical,1,4,0,0.0,0.0,inf,0.0
manipulator,manipulator,1,1,0,0.0,0.0,inf,0.0
marco,marco,1,1,0,0.0,0.0,inf,0.0
marines,marines,1,1,0,0.0,0.0,inf,0.0
azat,azat,5,9,0,0.0,0.0,inf,0.0
puppets,puppets,1,2,0,0.0,0.0,inf,0.0
mavic,mavic,1,1,0,0.0,0.0,inf,0.0
megadeth,megadeth,1,4,0,0.0,0.0,inf,0.0
merrell,merrell,1,1,0,0.0,0.0,inf,0.0
solid,solid,1,1,0,0.0,0.0,inf,0.0
microsisi,microsisi,1,1,0,0.0,0.0,inf,0.0
mika,mika,1,1,0,0.0,0.0,inf,0.0
tec,tec,1,1,0,0.0,0.0,inf,0.0
mil,mil,1,1,0,0.0,0.0,inf,0.0
millennial,millennial,1,4,0,0.0,0.0,inf,0.0
millennials,millennials,1,1,0,0.0,0.0,inf,0.0
molotov,molotov,1,1,0,0.0,0.0,inf,0.0
monobank,monobank,1,1,0,0.0,0.0,inf,0.0
moscow,moscow,3,11,0,0.0,0.0,inf,0.0
crue,crue,1,1,0,0.0,0.0,inf,0.0
motley,motley,1,1,0,0.0,0.0,inf,0.0
msi,msi,1,1,0,0.0,0.0,inf,0.0
murderdolls,murderdolls,1,3,0,0.0,0.0,inf,0.0
nasa,nasa,2,2,0,0.0,0.0,inf,0.0
geographic,geographic,1,1,0,0.0,0.0,inf,0.0
speed,speed,1,1,0,0.0,0.0,inf,0.0
most,most,1,1,0,0.0,0.0,inf,0.0
nemiroff,nemiroff,1,3,0,0.0,0.0,inf,0.0
nickelback,nickelback,2,3,0,0.0,0.0,inf,0.0
nightwish,nightwish,1,2,0,0.0,0.0,inf,0.0
comment,comment,1,2,0,0.0,0.0,inf,0.0
nomad,nomad,1,1,0,0.0,0.0,inf,0.0
obnal,obnal,1,1,0,0.0,0.0,inf,0.0
odesa,odesa,1,9,0,0.0,0.0,inf,0.0
offline,offline,1,2,0,0.0,0.0,inf,0.0
offspring,offspring,1,2,0,0.0,0.0,inf,0.0
blond,blond,1,1,0,0.0,0.0,inf,0.0
onyx,onyx,1,2,0,0.0,0.0,inf,0.0
orthodox,orthodox,1,3,0,0.0,0.0,inf,0.0
madafakas,madafakas,1,1,0,0.0,0.0,inf,0.0
pew,pew,1,1,0,0.0,0.0,inf,0.0
floyd,floyd,1,1,0,0.0,0.0,inf,0.0
platoon,platoon,1,1,0,0.0,0.0,inf,0.0
pms,pms,1,3,0,0.0,0.0,inf,0.0
pofigizm,pofigizm,1,1,0,0.0,0.0,inf,0.0
popeye,popeye,1,1,0,0.0,0.0,inf,0.0
powerlifting,powerlifting,1,1,0,0.0,0.0,inf,0.0
powerwolf,powerwolf,2,8,0,0.0,0.0,inf,0.0
predator,predator,1,1,0,0.0,0.0,inf,0.0
audio,audio,1,1,0,0.0,0.0,inf,0.0
car,car,1,1,0,0.0,0.0,inf,0.0
protest,protest,1,1,0,0.0,0.0,inf,0.0
rainbow,rainbow,1,1,0,0.0,0.0,inf,0.0
rap,rap,1,1,0,0.0,0.0,inf,0.0
rehab,rehab,2,7,0,0.0,0.0,inf,0.0
ribs,ribs,1,1,0,0.0,0.0,inf,0.0
richmond,richmond,1,1,0,0.0,0.0,inf,0.0
rtfm,rtfm,1,1,0,0.0,0.0,inf,0.0
laurent,laurent,2,2,0,0.0,0.0,inf,0.0
michael,michael,1,1,0,0.0,0.0,inf,0.0
shepherd,shepherd,1,2,0,0.0,0.0,inf,0.0
shameless,shameless,1,2,0,0.0,0.0,inf,0.0
skyline,skyline,1,1,0,0.0,0.0,inf,0.0
skyrim,skyrim,2,4,0,0.0,0.0,inf,0.0
sodom,sodom,1,1,0,0.0,0.0,inf,0.0
regent,regent,1,1,0,0.0,0.0,inf,0.0
soulfly,soulfly,1,1,0,0.0,0.0,inf,0.0
specialized,specialized,1,3,0,0.0,0.0,inf,0.0
pauli,pauli,1,1,0,0.0,0.0,inf,0.0
archivio,archivio,1,2,0,0.0,0.0,inf,0.0
workout,workout,1,1,0,0.0,0.0,inf,0.0
stressless,stressless,1,1,0,0.0,0.0,inf,0.0
submariner,submariner,1,1,0,0.0,0.0,inf,0.0
teacher,teacher,1,1,0,0.0,0.0,inf,0.0
terrormachine,terrormachine,1,5,0,0.0,0.0,inf,0.0
tesla,tesla,1,2,0,0.0,0.0,inf,0.0
thank,thank,1,1,0,0.0,0.0,inf,0.0
reckless,reckless,1,2,0,0.0,0.0,inf,0.0
pretty,pretty,1,2,0,0.0,0.0,inf,0.0
tilt,tilt,1,2,0,0.0,0.0,inf,0.0
traffic,traffic,1,1,0,0.0,0.0,inf,0.0
trust,trust,4,15,0,0.0,0.0,inf,0.0
engineer,engineer,1,1,0,0.0,0.0,inf,0.0
turtles,turtles,1,1,0,0.0,0.0,inf,0.0
umbrella,umbrella,2,3,0,0.0,0.0,inf,0.0
corporation,corporation,1,2,0,0.0,0.0,inf,0.0
unity,unity,1,1,0,0.0,0.0,inf,0.0
unreal,unreal,1,1,0,0.0,0.0,inf,0.0
unstroked,unstroked,1,1,0,0.0,0.0,inf,0.0
usdt,usdt,1,1,0,0.0,0.0,inf,0.0
vag,vag,1,1,0,0.0,0.0,inf,0.0
versace,versace,1,2,0,0.0,0.0,inf,0.0
vigoss,vigoss,1,1,0,0.0,0.0,inf,0.0
volkswagen,volkswagen,1,1,0,0.0,0.0,inf,0.0
wtf,wtf,1,2,0,0.0,0.0,inf,0.0
xes,xes,1,6,0,0.0,0.0,inf,0.0
yaktak,yaktak,1,1,0,0.0,0.0,inf,0.0
yeat,yeat,1,1,0,0.0,0.0,inf,0.0
zhytomyr,zhytomyr,1,2,0,0.0,0.0,inf,0.0
абьюзер,абьюзер,1,7,0,0.0,0.0,inf,0.0
авиатор,авиатор,1,1,0,0.0,0.0,inf,0.0
аврора,аврор,1,1,0,0.0,0.0,inf,0.0
аеророзвідка,аеророзвідк,1,4,0,0.0,0.0,inf,0.0
азербайджан,азербайджа,1,1,0,0.0,0.0,inf,0.0
азимут,азимут,1,1,0,0.0,0.0,inf,0.0
аирборн,аирборн,1,1,0,0.0,0.0,inf,0.0
айфон,айфон,1,1,0,0.0,0.0,inf,0.0
ака,ак,1,4,0,0.0,0.0,inf,0.0
проголошення,проголошен,1,4,0,0.0,0.0,inf,0.0
кабуу,кабу,1,2,0,0.0,0.0,inf,0.0
альберта,альберт,1,2,0,0.0,0.0,inf,0.0
ромео,роме,1,1,0,0.0,0.0,inf,0.0
аматори,аматор,1,4,0,0.0,0.0,inf,0.0
амбрелла,амбрелл,1,5,0,0.0,0.0,inf,0.0
амур,амур,1,5,0,0.0,0.0,inf,0.0
аналітик,аналітик,1,1,0,0.0,0.0,inf,0.0
анархія,анархі,1,1,0,0.0,0.0,inf,0.0
андеркавер,андеркавер,1,1,0,0.0,0.0,inf,0.0
антикоммунизм,антикоммунизм,1,1,0,0.0,0.0,inf,0.0
антитіла,антитіл,1,1,0,0.0,0.0,inf,0.0
апрель,апрел,1,1,0,0.0,0.0,inf,0.0
артемщик,артемщик,1,1,0,0.0,0.0,inf,0.0
асдс,асдс,2,2,0,0.0,0.0,inf,0.0
ассиметричная,ассиметричн,1,1,0,0.0,0.0,inf,0.0
африка,африк,1,2,0,0.0,0.0,inf,0.0
бабайка,бабайк,1,4,0,0.0,0.0,inf,0.0
angels,angels,9,16,0,0.0,0.0,inf,0.0
байрактар,байрактар,1,1,0,0.0,0.0,inf,0.0
балабанов,балабан,1,1,0,0.0,0.0,inf,0.0
балаболка,балаболк,1,1,0,0.0,0.0,inf,0.0
баланс,баланс,2,4,0,0.0,0.0,inf,0.0
баленсіага,баленсіаг,5,6,0,0.0,0.0,inf,0.0
бамбук,бамбук,1,4,0,0.0,0.0,inf,0.0
бандана,банда,1,4,0,0.0,0.0,inf,0.0
бандерштат,бандерштат,1,8,0,0.0,0.0,inf,0.0
барабанщика,барабанщик,2,2,0,0.0,0.0,inf,0.0
бариста,барист,1,1,0,0.0,0.0,inf,0.0
бармена,барм,3,6,0,0.0,0.0,inf,0.0
барс,барс,1,1,0,0.0,0.0,inf,0.0
гуф,гуф,1,1,0,0.0,0.0,inf,0.0
батьківщина,батьківщин,2,16,0,0.0,0.0,inf,0.0
бдсм,бдсм,1,2,0,0.0,0.0,inf,0.0
обмежень,обмежен,1,1,0,0.0,0.0,inf,0.0
безумный,безумн,1,1,0,0.0,0.0,inf,0.0
беларусь,белар,1,1,0,0.0,0.0,inf,0.0
бергхаус,бергхаус,1,1,0,0.0,0.0,inf,0.0
беркут,беркут,1,2,0,0.0,0.0,inf,0.0
бетмен,бетм,1,1,0,0.0,0.0,inf,0.0
биос,биос,1,1,0,0.0,0.0,inf,0.0
бифри,бифр,1,1,0,0.0,0.0,inf,0.0
саббат,саббат,1,1,0,0.0,0.0,inf,0.0
бля,бля,1,2,0,0.0,0.0,inf,0.0
бляяяя,бляя,1,1,0,0.0,0.0,inf,0.0
курва,курв,1,2,0,0.0,0.0,inf,0.0
бобр,бобр,2,3,0,0.0,0.0,inf,0.0
бобріто,бобріт,1,1,0,0.0,0.0,inf,0.0
бандіто,бандіт,1,1,0,0.0,0.0,inf,0.0
богдан,богда,1,2,0,0.0,0.0,inf,0.0
богиня,богин,1,5,0,0.0,0.0,inf,0.0
поможи,помож,1,2,0,0.0,0.0,inf,0.0
борз,борз,2,2,0,0.0,0.0,inf,0.0
братишка,братишк,1,3,0,0.0,0.0,inf,0.0
брекоткин,брекоткин,1,1,0,0.0,0.0,inf,0.0
бриони,брион,1,2,0,0.0,0.0,inf,0.0
бронежилет,бронежилет,6,8,0,0.0,0.0,inf,0.0
брєд,брєд,1,3,0,0.0,0.0,inf,0.0
бувайсар,бувайсар,1,1,0,0.0,0.0,inf,0.0
будда,будд,3,75,0,0.0,0.0,inf,0.0
буддизм,буддизм,1,2,0,0.0,0.0,inf,0.0
будова,будов,1,3,0,0.0,0.0,inf,0.0
їжака,їжак,1,3,0,0.0,0.0,inf,0.0
буква,букв,2,3,0,0.0,0.0,inf,0.0
flaga,flaga,1,1,0,0.0,0.0,inf,0.0
бульвар,бульвар,2,2,0,0.0,0.0,inf,0.0
бургунди,бургунд,1,2,0,0.0,0.0,inf,0.0
бутчера,бутчер,1,2,0,0.0,0.0,inf,0.0
буча,буч,1,2,0,0.0,0.0,inf,0.0
бык,бык,1,3,0,0.0,0.0,inf,0.0
китайському,китайськ,1,1,0,0.0,0.0,inf,0.0
ідеї,ідеї,1,7,0,0.0,0.0,inf,0.0
нація,наці,2,28,0,0.0,0.0,inf,0.0
міцна,міцна,1,7,0,0.0,0.0,inf,0.0
моргулис,моргулис,1,1,0,0.0,0.0,inf,0.0
валар,валар,1,1,0,0.0,0.0,inf,0.0
валькирия,валькир,1,16,0,0.0,0.0,inf,0.0
валькнут,валькнут,1,2,0,0.0,0.0,inf,0.0
вандерсекс,вандерсекс,1,1,0,0.0,0.0,inf,0.0
варкрафт,варкрафт,1,7,0,0.0,0.0,inf,0.0
варьонка,варьонк,1,1,0,0.0,0.0,inf,0.0
варяг,варяг,1,1,0,0.0,0.0,inf,0.0
ватага,ватаг,1,2,0,0.0,0.0,inf,0.0
мвд,мвд,2,5,0,0.0,0.0,inf,0.0
вдома,вдом,1,1,0,0.0,0.0,inf,0.0
веган,вега,1,1,0,0.0,0.0,inf,0.0
ведьма,ведьм,2,2,0,0.0,0.0,inf,0.0
велес,велес,1,7,0,0.0,0.0,inf,0.0
велоспорт,велоспорт,1,1,0,0.0,0.0,inf,0.0
вендетта,вендетт,1,5,0,0.0,0.0,inf,0.0
вередую,веред,1,1,0,0.0,0.0,inf,0.0
вермахт,вермахт,1,6,0,0.0,0.0,inf,0.0
чопперс,чопперс,1,1,0,0.0,0.0,inf,0.0
долгах,долг,1,4,0,0.0,0.0,inf,0.0
ветементс,ветементс,1,1,0,0.0,0.0,inf,0.0
действий,действ,1,2,0,0.0,0.0,inf,0.0
незручності,незручності,1,3,0,0.0,0.0,inf,0.0
вибачте,вибачт,1,3,0,0.0,0.0,inf,0.0
цвета,цвет,9,11,0,0.0,0.0,inf,0.0
винного,вин,1,1,0,0.0,0.0,inf,0.0
вискоза,вискоз,1,1,0,0.0,0.0,inf,0.0
вишня,вишн,2,2,0,0.0,0.0,inf,0.0
цепеш,цепеш,1,12,0,0.0,0.0,inf,0.0
тяжкие,тяжк,2,2,0,0.0,0.0,inf,0.0
связи,связ,2,3,0,0.0,0.0,inf,0.0
волинь,волин,1,48,0,0.0,0.0,inf,0.0
волиняка,волиняк,1,15,0,0.0,0.0,inf,0.0
волканов,волкан,1,1,0,0.0,0.0,inf,0.0
волонтер,волонтер,2,11,0,0.0,0.0,inf,0.0
ворон,ворон,3,13,0,0.0,0.0,inf,0.0
югенд,югенд,1,1,0,0.0,0.0,inf,0.0
вотан,вота,1,1,0,0.0,0.0,inf,0.0
всп,всп,1,1,0,0.0,0.0,inf,0.0
вышиванка,вышиванк,2,5,0,0.0,0.0,inf,0.0
вьетнам,вьетн,1,1,0,0.0,0.0,inf,0.0
їбіться,їбіться,1,3,0,0.0,0.0,inf,0.0
відьма,відьма,2,17,0,0.0,0.0,inf,0.0
відьмак,відьмак,2,13,0,0.0,0.0,inf,0.0
відїбіться,відїбіться,1,11,0,0.0,0.0,inf,0.0
вікінг,вікінг,1,10,0,0.0,0.0,inf,0.0
вірність,вірніст,1,1,0,0.0,0.0,inf,0.0
віталік,віталік,1,3,0,0.0,0.0,inf,0.0
гаара,гаар,1,3,0,0.0,0.0,inf,0.0
перехрестя,перехрест,1,4,0,0.0,0.0,inf,0.0
one,one,19,94,0,0.0,0.0,inf,0.0
роузес,роузес,1,1,0,0.0,0.0,inf,0.0
ганс,ганс,1,1,0,0.0,0.0,inf,0.0
гармаш,гармаш,1,1,0,0.0,0.0,inf,0.0
гасанова,гасанов,1,1,0,0.0,0.0,inf,0.0
гелик,гелик,2,2,0,0.0,0.0,inf,0.0
гермес,гермес,1,1,0,0.0,0.0,inf,0.0
гидазепам,гидазеп,1,8,0,0.0,0.0,inf,0.0
гладиатор,гладиатор,1,2,0,0.0,0.0,inf,0.0
глаз,глаз,1,1,0,0.0,0.0,inf,0.0
гнев,гнев,1,1,0,0.0,0.0,inf,0.0
говерла,говерл,1,7,0,0.0,0.0,inf,0.0
голландский,голландск,1,1,0,0.0,0.0,inf,0.0
штурвал,штурва,1,1,0,0.0,0.0,inf,0.0
головний,головн,1,13,0,0.0,0.0,inf,0.0
гопота,гопот,1,2,0,0.0,0.0,inf,0.0
горчичного,горчичн,1,1,0,0.0,0.0,inf,0.0
гостиный,гостин,1,2,0,0.0,0.0,inf,0.0
двор,двор,1,2,0,0.0,0.0,inf,0.0
гостмейн,гостмейн,1,8,0,0.0,0.0,inf,0.0
гостомель,гостомел,1,1,0,0.0,0.0,inf,0.0
госуслуги,госуслуг,1,2,0,0.0,0.0,inf,0.0
гра,гра,1,4,0,0.0,0.0,inf,0.0
престолів,престолів,1,4,0,0.0,0.0,inf,0.0
граната,гранат,1,2,0,0.0,0.0,inf,0.0
гранатометник,гранатометник,1,5,0,0.0,0.0,inf,0.0
графіті,графіті,2,2,0,0.0,0.0,inf,0.0
yaga,yaga,2,8,0,0.0,0.0,inf,0.0
грузия,груз,1,6,0,0.0,0.0,inf,0.0
гуси,гус,2,2,0,0.0,0.0,inf,0.0
гуцулка,гуцулк,1,2,0,0.0,0.0,inf,0.0
ксеня,ксен,1,2,0,0.0,0.0,inf,0.0
гюрза,гюрз,1,3,0,0.0,0.0,inf,0.0
гідазепам,гідазеп,1,3,0,0.0,0.0,inf,0.0
дамбіл,дамбіл,1,21,0,0.0,0.0,inf,0.0
соулс,соулс,1,1,0,0.0,0.0,inf,0.0
движ,движ,2,3,0,0.0,0.0,inf,0.0
двіж,двіж,1,6,0,0.0,0.0,inf,0.0
ддт,ддт,1,2,0,0.0,0.0,inf,0.0
дебеквуд,дебеквуд,1,1,0,0.0,0.0,inf,0.0
дева,дев,1,1,0,0.0,0.0,inf,0.0
декстер,декстер,1,1,0,0.0,0.0,inf,0.0
baba,baba,2,8,0,0.0,0.0,inf,0.0
моей,мо,3,11,0,0.0,0.0,inf,0.0
пахнут,пахнут,3,11,0,0.0,0.0,inf,0.0
деньги,деньг,3,11,0,0.0,0.0,inf,0.0
десантника,десантник,1,1,0,0.0,0.0,inf,0.0
посадок,посадок,1,1,0,0.0,0.0,inf,0.0
вурхиз,вурхиз,1,3,0,0.0,0.0,inf,0.0
джейсон,джейсон,1,3,0,0.0,0.0,inf,0.0
джирайя,джирай,1,2,0,0.0,0.0,inf,0.0
голдберг,голдберг,1,1,0,0.0,0.0,inf,0.0
дзюдо,дзюд,1,1,0,0.0,0.0,inf,0.0
дивізія,дивізі,1,2,0,0.0,0.0,inf,0.0
диктатор,диктатор,1,10,0,0.0,0.0,inf,0.0
дисциплина,дисциплин,1,1,0,0.0,0.0,inf,0.0
директора,директор,1,1,0,0.0,0.0,inf,0.0
кальянщика,кальянщик,1,1,0,0.0,0.0,inf,0.0
керівника,керівник,1,1,0,0.0,0.0,inf,0.0
отца,отц,1,1,0,0.0,0.0,inf,0.0
пауэрлифтинга,пауэрлифтинг,3,3,0,0.0,0.0,inf,0.0
поліції,поліції,1,1,0,0.0,0.0,inf,0.0
программиста,программист,2,2,0,0.0,0.0,inf,0.0
програміста,програміст,1,1,0,0.0,0.0,inf,0.0
скалолазания,скалолазан,2,2,0,0.0,0.0,inf,0.0
стоматолога,стоматолог,3,3,0,0.0,0.0,inf,0.0
танцев,танц,3,6,0,0.0,0.0,inf,0.0
тренера,тренер,4,15,0,0.0,0.0,inf,0.0
тренировок,тренировок,7,17,0,0.0,0.0,inf,0.0
днепропетровская,днепропетровск,1,4,0,0.0,0.0,inf,0.0
днс,днс,1,1,0,0.0,0.0,inf,0.0
локтя,локт,1,4,0,0.0,0.0,inf,0.0
доміную,домін,1,2,0,0.0,0.0,inf,0.0
babai,babai,1,5,0,0.0,0.0,inf,0.0
дрейк,дрейк,1,1,0,0.0,0.0,inf,0.0
убийцы,убийц,2,2,0,0.0,0.0,inf,0.0
мої,мої,2,9,0,0.0,0.0,inf,0.0
думи,дум,1,8,0,0.0,0.0,inf,0.0
дурнева,дурнев,2,9,0,0.0,0.0,inf,0.0
дурію,дурі,1,1,0,0.0,0.0,inf,0.0
душа,душ,1,1,0,0.0,0.0,inf,0.0
марун,марун,3,19,0,0.0,0.0,inf,0.0
babaii,babaii,2,16,0,0.0,0.0,inf,0.0
ебанат,ебанат,1,1,0,0.0,0.0,inf,0.0
ебись,еб,1,1,0,0.0,0.0,inf,0.0
ебш,ебш,1,5,0,0.0,0.0,inf,0.0
егермейстер,егермейстер,1,2,0,0.0,0.0,inf,0.0
крида,крид,1,1,0,0.0,0.0,inf,0.0
единоборства,единоборств,2,2,0,0.0,0.0,inf,0.0
ежик,ежик,1,1,0,0.0,0.0,inf,0.0
еминем,емин,1,1,0,0.0,0.0,inf,0.0
естроген,естрог,1,1,0,0.0,0.0,inf,0.0
однотонная,однотон,2,5,0,0.0,0.0,inf,0.0
життя,житт,2,5,0,0.0,0.0,inf,0.0
жидобандера,жидобандер,1,1,0,0.0,0.0,inf,0.0
жинкин,жинкин,1,1,0,0.0,0.0,inf,0.0
жмурки,жмурк,1,1,0,0.0,0.0,inf,0.0
жодних,жодн,1,2,0,0.0,0.0,inf,0.0
перемовин,перемовин,1,2,0,0.0,0.0,inf,0.0
кодом,код,2,4,0,0.0,0.0,inf,0.0
ауді,ауді,1,1,0,0.0,0.0,inf,0.0
биком,бик,1,4,0,0.0,0.0,inf,0.0
броніком,бронік,1,3,0,0.0,0.0,inf,0.0
вареної,вареної,1,2,0,0.0,0.0,inf,0.0
велкро,велкр,3,5,0,0.0,0.0,inf,0.0
горлом,горл,3,5,0,0.0,0.0,inf,0.0
віршами,віршам,4,23,0,0.0,0.0,inf,0.0
віршем,віршем,2,9,0,0.0,0.0,inf,0.0
годжо,годж,1,1,0,0.0,0.0,inf,0.0
сатору,сатор,1,1,0,0.0,0.0,inf,0.0
доларом,долар,1,2,0,0.0,0.0,inf,0.0
дірками,діркам,1,1,0,0.0,0.0,inf,0.0
змією,змією,2,3,0,0.0,0.0,inf,0.0
зіркою,зірко,1,2,0,0.0,0.0,inf,0.0
каштаном,каштан,1,4,0,0.0,0.0,inf,0.0
кліщами,кліщам,1,1,0,0.0,0.0,inf,0.0
колоском,колоск,1,1,0,0.0,0.0,inf,0.0
коноплею,конопл,3,4,0,0.0,0.0,inf,0.0
babayaga,babayaga,1,1,0,0.0,0.0,inf,0.0
лесею,лес,1,3,0,0.0,0.0,inf,0.0
лисицею,лисиц,1,3,0,0.0,0.0,inf,0.0
лялькою,ляльк,1,1,0,0.0,0.0,inf,0.0
літаком,літак,1,1,0,0.0,0.0,inf,0.0
німецьким,німецьк,1,1,0,0.0,0.0,inf,0.0
орнаментом,орнамент,6,21,0,0.0,0.0,inf,0.0
пандою,панд,1,1,0,0.0,0.0,inf,0.0
пивом,пив,1,5,0,0.0,0.0,inf,0.0
позивним,позивн,1,2,0,0.0,0.0,inf,0.0
ззаду,ззад,1,4,0,0.0,0.0,inf,0.0
пінгвіном,пінгвіном,1,1,0,0.0,0.0,inf,0.0
пірсингом,пірсинг,1,1,0,0.0,0.0,inf,0.0
пістолетом,пістолет,1,7,0,0.0,0.0,inf,0.0
рибами,риб,2,4,0,0.0,0.0,inf,0.0
шевченко,шевченк,10,26,0,0.0,0.0,inf,0.0
тарасом,тарас,4,10,0,0.0,0.0,inf,0.0
трактором,трактор,1,1,0,0.0,0.0,inf,0.0
трояндою,троянд,1,1,0,0.0,0.0,inf,0.0
цікавим,цікав,2,10,0,0.0,0.0,inf,0.0
черепашками,черепашк,2,3,0,0.0,0.0,inf,0.0
ніндзя,ніндзя,1,2,0,0.0,0.0,inf,0.0
чорноволом,чорновол,1,5,0,0.0,0.0,inf,0.0
єдинорогом,єдинорог,1,3,0,0.0,0.0,inf,0.0
єнотом,єнот,1,1,0,0.0,0.0,inf,0.0
завали,зава,1,2,0,0.0,0.0,inf,0.0
сепара,сепар,1,2,0,0.0,0.0,inf,0.0
закат,закат,1,1,0,0.0,0.0,inf,0.0
зампотех,зампотех,1,2,0,0.0,0.0,inf,0.0
заїбався,заїбав,1,3,0,0.0,0.0,inf,0.0
baby,baby,4,4,0,0.0,0.0,inf,0.0
звалище,звалищ,1,2,0,0.0,0.0,inf,0.0
згинуть,згинут,1,1,0,0.0,0.0,inf,0.0
вороженьки,вороженьк,1,1,0,0.0,0.0,inf,0.0
наші,наші,1,1,0,0.0,0.0,inf,0.0
здравый,здрав,1,1,0,0.0,0.0,inf,0.0
вікенд,вікенд,1,1,0,0.0,0.0,inf,0.0
злюки,злюк,1,1,0,0.0,0.0,inf,0.0
змеиный,змеин,1,9,0,0.0,0.0,inf,0.0
змея,зме,3,8,0,0.0,0.0,inf,0.0
змія,змія,1,2,0,0.0,0.0,inf,0.0
зож,зож,1,2,0,0.0,0.0,inf,0.0
зоряні,зоряні,2,9,0,0.0,0.0,inf,0.0
зошит,зош,1,1,0,0.0,0.0,inf,0.0
зрв,зрв,1,7,0,0.0,0.0,inf,0.0
babylon,babylon,1,1,0,0.0,0.0,inf,0.0
хаб,хаб,1,1,0,0.0,0.0,inf,0.0
хуй,ху,1,1,0,0.0,0.0,inf,0.0
христос,христос,2,4,0,0.0,0.0,inf,0.0
индепендент,индепендент,1,2,0,0.0,0.0,inf,0.0
инструктор,инструктор,1,1,0,0.0,0.0,inf,0.0
интерлок,интерлок,1,1,0,0.0,0.0,inf,0.0
babymetal,babymetal,2,11,0,0.0,0.0,inf,0.0
ичкерия,ичкер,1,1,0,0.0,0.0,inf,0.0
йобаний,йобан,1,2,0,0.0,0.0,inf,0.0
цирк,цирк,3,9,0,0.0,0.0,inf,0.0
кабан,каба,1,6,0,0.0,0.0,inf,0.0
казка,казк,1,25,0,0.0,0.0,inf,0.0
терехова,терехов,1,1,0,0.0,0.0,inf,0.0
калашников,калашник,1,1,0,0.0,0.0,inf,0.0
кане,кан,2,2,0,0.0,0.0,inf,0.0
корсо,корс,1,1,0,0.0,0.0,inf,0.0
канеки,канек,1,1,0,0.0,0.0,inf,0.0
канибал,каниба,1,1,0,0.0,0.0,inf,0.0
капелан,капела,1,1,0,0.0,0.0,inf,0.0
карате,карат,1,1,0,0.0,0.0,inf,0.0
карпфишинг,карпфишинг,1,1,0,0.0,0.0,inf,0.0
каспер,каспер,1,1,0,0.0,0.0,inf,0.0
катастрофа,катастроф,1,1,0,0.0,0.0,inf,0.0
катерина,катерин,1,4,0,0.0,0.0,inf,0.0
кгб,кгб,1,2,0,0.0,0.0,inf,0.0
хунта,хунт,1,5,0,0.0,0.0,inf,0.0
кил,кил,2,2,0,0.0,0.0,inf,0.0
кимоно,кимон,1,2,0,0.0,0.0,inf,0.0
кинолог,кинолог,1,1,0,0.0,0.0,inf,0.0
кипелов,кипел,1,5,0,0.0,0.0,inf,0.0
кировоград,кировоград,1,1,0,0.0,0.0,inf,0.0
киів,киів,1,3,0,0.0,0.0,inf,0.0
клан,клан,1,4,0,0.0,0.0,inf,0.0
кличко,кличк,1,1,0,0.0,0.0,inf,0.0
княzz,князз,1,2,0,0.0,0.0,inf,0.0
княгиня,княгин,2,2,0,0.0,0.0,inf,0.0
ольга,ольг,2,2,0,0.0,0.0,inf,0.0
князь,княз,1,10,0,0.0,0.0,inf,0.0
кобейн,кобейн,1,1,0,0.0,0.0,inf,0.0
кобзар,кобзар,1,1,0,0.0,0.0,inf,0.0
кодзима,кодзим,1,1,0,0.0,0.0,inf,0.0
мамай,мама,1,9,0,0.0,0.0,inf,0.0
драйв,драйв,1,3,0,0.0,0.0,inf,0.0
переводу,перевод,1,4,0,0.0,0.0,inf,0.0
колумбия,колумб,1,1,0,0.0,0.0,inf,0.0
print,print,18,35,0,0.0,0.0,inf,0.0
комбат,комбат,3,4,0,0.0,0.0,inf,0.0
конотопська,конотопськ,1,12,0,0.0,0.0,inf,0.0
контейнер,контейнер,1,1,0,0.0,0.0,inf,0.0
корд,корд,2,14,0,0.0,0.0,inf,0.0
стрілецький,стрілецьк,1,4,0,0.0,0.0,inf,0.0
корея,коре,1,1,0,0.0,0.0,inf,0.0
королева,королев,1,1,0,0.0,0.0,inf,0.0
космостар,космостар,1,1,0,0.0,0.0,inf,0.0
винчи,винч,1,1,0,0.0,0.0,inf,0.0
которая,котор,1,2,0,0.0,0.0,inf,0.0
стройнит,стройн,1,2,0,0.0,0.0,inf,0.0
чорнобриві,чорнобриві,1,1,0,0.0,0.0,inf,0.0
москалями,москал,1,1,0,0.0,0.0,inf,0.0
пресижн,пресижн,1,1,0,0.0,0.0,inf,0.0
край,кра,1,1,0,0.0,0.0,inf,0.0
агломерація,агломераці,1,15,0,0.0,0.0,inf,0.0
красава,красав,1,3,0,0.0,0.0,inf,0.0
цветочек,цветочек,3,19,0,0.0,0.0,inf,0.0
стали,стал,1,1,0,0.0,0.0,inf,0.0
крепче,крепч,1,1,0,0.0,0.0,inf,0.0
крестоносец,крестоносец,1,10,0,0.0,0.0,inf,0.0
ріг,ріг,1,14,0,0.0,0.0,inf,0.0
крим,крим,1,3,0,0.0,0.0,inf,0.0
бит,бит,1,1,0,0.0,0.0,inf,0.0
криминальный,криминальн,1,1,0,0.0,0.0,inf,0.0
криптовалюта,криптовалют,1,1,0,0.0,0.0,inf,0.0
кроссфит,кроссф,1,2,0,0.0,0.0,inf,0.0
крым,крым,1,1,0,0.0,0.0,inf,0.0
кріпак,кріпак,1,5,0,0.0,0.0,inf,0.0
сдох,сдох,2,4,0,0.0,0.0,inf,0.0
кто,кто,2,4,0,0.0,0.0,inf,0.0
лох,лох,3,5,0,0.0,0.0,inf,0.0
тот,тот,2,4,0,0.0,0.0,inf,0.0
кулеметник,кулеметник,2,7,0,0.0,0.0,inf,0.0
кум,кум,1,1,0,0.0,0.0,inf,0.0
кунімен,кунім,1,1,0,0.0,0.0,inf,0.0
куніметник,куніметник,1,1,0,0.0,0.0,inf,0.0
кіт,кіт,2,8,0,0.0,0.0,inf,0.0
лісовий,лісов,1,6,0,0.0,0.0,inf,0.0
лайфловер,лайфловер,1,2,0,0.0,0.0,inf,0.0
ланнистеры,ланнистер,1,4,0,0.0,0.0,inf,0.0
лахма,лахм,1,1,0,0.0,0.0,inf,0.0
левіс,левіс,1,1,0,0.0,0.0,inf,0.0
легенда,легенд,1,1,0,0.0,0.0,inf,0.0
лис,лис,1,1,0,0.0,0.0,inf,0.0
луганщина,луганщин,1,9,0,0.0,0.0,inf,0.0
back,back,2,3,0,0.0,0.0,inf,0.0
дві,дві,1,1,0,0.0,0.0,inf,0.0
діляться,ділят,1,1,0,0.0,0.0,inf,0.0
люфтваффе,люфтвафф,1,6,0,0.0,0.0,inf,0.0
люцифер,люцифер,2,19,0,0.0,0.0,inf,0.0
ляпис,ляпис,1,1,0,0.0,0.0,inf,0.0
трубецкой,трубецк,1,1,0,0.0,0.0,inf,0.0
макарони,макарон,1,1,0,0.0,0.0,inf,0.0
лінія,лінія,1,7,0,0.0,0.0,inf,0.0
маваши,маваш,1,1,0,0.0,0.0,inf,0.0
мавроди,маврод,1,1,0,0.0,0.0,inf,0.0
май,ма,1,3,0,0.0,0.0,inf,0.0
вегасе,вегас,1,1,0,0.0,0.0,inf,0.0
мальчишник,мальчишник,2,2,0,0.0,0.0,inf,0.0
мандалорец,мандалорец,1,2,0,0.0,0.0,inf,0.0
мантр,мантр,1,2,0,0.0,0.0,inf,0.0
маратон,маратон,1,1,0,0.0,0.0,inf,0.0
марко,марк,1,1,0,0.0,0.0,inf,0.0
марія,марі,2,2,0,0.0,0.0,inf,0.0
приймаченко,приймаченк,1,1,0,0.0,0.0,inf,0.0
матрица,матриц,1,1,0,0.0,0.0,inf,0.0
махач,махач,1,1,0,0.0,0.0,inf,0.0
мдд,мдд,1,4,0,0.0,0.0,inf,0.0
медоед,медоед,2,9,0,0.0,0.0,inf,0.0
медуза,медуз,1,7,0,0.0,0.0,inf,0.0
мейби,мейб,1,1,0,0.0,0.0,inf,0.0
бейби,бейб,1,1,0,0.0,0.0,inf,0.0
мексика,мексик,1,1,0,0.0,0.0,inf,0.0
мелітополь,мелітопол,1,2,0,0.0,0.0,inf,0.0
меняющая,меня,2,2,0,0.0,0.0,inf,0.0
температуры,температур,2,6,0,0.0,0.0,inf,0.0
мерседес,мерседес,1,1,0,0.0,0.0,inf,0.0
металіст,металіст,1,1,0,0.0,0.0,inf,0.0
метеор,метеор,1,2,0,0.0,0.0,inf,0.0
2033,2033,1,1,0,0.0,0.0,inf,0.0
механик,механик,2,6,0,0.0,0.0,inf,0.0
механік,механік,1,4,0,0.0,0.0,inf,0.0
мизантроп,мизантроп,1,8,0,0.0,0.0,inf,0.0
миллениал,миллениа,1,1,0,0.0,0.0,inf,0.0
милфа,милф,1,1,0,0.0,0.0,inf,0.0
минимализм,минимализм,2,2,0,0.0,0.0,inf,0.0
мне,мне,1,2,0,0.0,0.0,inf,0.0
мокап,мокап,1,1,0,0.0,0.0,inf,0.0
монеси,монес,1,1,0,0.0,0.0,inf,0.0
монолит,монол,2,12,0,0.0,0.0,inf,0.0
моноліт,моноліт,3,13,0,0.0,0.0,inf,0.0
монстер,монстер,1,1,0,0.0,0.0,inf,0.0
монстр,монстр,1,1,0,0.0,0.0,inf,0.0
монтана,монта,1,2,0,0.0,0.0,inf,0.0
канс,канс,1,2,0,0.0,0.0,inf,0.0
море,мор,1,2,0,0.0,0.0,inf,0.0
вірний,вірни,1,2,0,0.0,0.0,inf,0.0
москино,москин,1,1,0,0.0,0.0,inf,0.0
backyard,backyard,1,2,0,0.0,0.0,inf,0.0
мотострелковые,мотострелков,1,1,0,0.0,0.0,inf,0.0
мох,мох,1,1,0,0.0,0.0,inf,0.0
мошенничество,мошенничеств,1,1,0,0.0,0.0,inf,0.0
мтв,мтв,1,1,0,0.0,0.0,inf,0.0
музыка,музык,1,1,0,0.0,0.0,inf,0.0
мухомор,мухомор,3,7,0,0.0,0.0,inf,0.0
намасте,намаст,2,7,0,0.0,0.0,inf,0.0
бичес,бичес,1,2,0,0.0,0.0,inf,0.0
нарбут,нарбут,1,4,0,0.0,0.0,inf,0.0
вільним,вільним,4,10,0,0.0,0.0,inf,0.0
псам,псам,1,3,0,0.0,0.0,inf,0.0
нацгвардія,нацгварді,1,1,0,0.0,0.0,inf,0.0
националистическая,националистическ,1,1,0,0.0,0.0,inf,0.0
гвардія,гварді,1,5,0,0.0,0.0,inf,0.0
незалежна,незалежн,1,1,0,0.0,0.0,inf,0.0
незалежність,незалежніст,1,4,0,0.0,0.0,inf,0.0
незламні,незламні,1,2,0,0.0,0.0,inf,0.0
диаз,диаз,1,6,0,0.0,0.0,inf,0.0
нейт,нейт,1,6,0,0.0,0.0,inf,0.0
ненависть,ненавист,2,6,0,0.0,0.0,inf,0.0
нескорені,нескорені,1,4,0,0.0,0.0,inf,0.0
ниган,нига,1,2,0,0.0,0.0,inf,0.0
почта,почт,2,2,0,0.0,0.0,inf,0.0
нон,нон,1,1,0,0.0,0.0,inf,0.0
носферату,носферат,1,7,0,0.0,0.0,inf,0.0
380,380,1,1,0,0.0,0.0,inf,0.0
ніт,ніт,1,2,0,0.0,0.0,inf,0.0
коханок,коханок,1,1,0,0.0,0.0,inf,0.0
обтягуюча,обтягуюч,1,2,0,0.0,0.0,inf,0.0
овен,ов,1,1,0,0.0,0.0,inf,0.0
околофутбола,околофутбол,1,13,0,0.0,0.0,inf,0.0
олива,олив,3,8,0,0.0,0.0,inf,0.0
олигарх,олигарх,1,1,0,0.0,0.0,inf,0.0
омега,омег,2,8,0,0.0,0.0,inf,0.0
ортодокс,ортодокс,1,2,0,0.0,0.0,inf,0.0
отъебись,отъеб,1,1,0,0.0,0.0,inf,0.0
офника,офник,2,22,0,0.0,0.0,inf,0.0
павутина,павутин,3,48,0,0.0,0.0,inf,0.0
палац,палац,1,1,0,0.0,0.0,inf,0.0
пробачу,пробач,1,10,0,0.0,0.0,inf,0.0
ятаю,ята,1,10,0,0.0,0.0,inf,0.0
андерсон,андерсон,1,3,0,0.0,0.0,inf,0.0
памела,памел,1,3,0,0.0,0.0,inf,0.0
моряк,моряк,2,3,0,0.0,0.0,inf,0.0
папай,папа,2,3,0,0.0,0.0,inf,0.0
папахапа,папахап,2,3,0,0.0,0.0,inf,0.0
папича,папич,2,2,0,0.0,0.0,inf,0.0
парамедик,парамедик,1,1,0,0.0,0.0,inf,0.0
параноид,параноид,1,1,0,0.0,0.0,inf,0.0
паривижн,паривижн,1,1,0,0.0,0.0,inf,0.0
паскуда,паскуд,1,2,0,0.0,0.0,inf,0.0
cartel,cartel,9,31,0,0.0,0.0,inf,0.0
патриотична,патриотичн,1,3,0,0.0,0.0,inf,0.0
паул,паул,1,1,0,0.0,0.0,inf,0.0
пенсійний,пенсійн,1,6,0,0.0,0.0,inf,0.0
фонд,фонд,1,6,0,0.0,0.0,inf,0.0
пенсіонер,пенсіонер,1,1,0,0.0,0.0,inf,0.0
пентагон,пентагон,2,3,0,0.0,0.0,inf,0.0
щур,щур,1,1,0,0.0,0.0,inf,0.0
петро,петр,1,1,0,0.0,0.0,inf,0.0
пзрк,пзрк,1,3,0,0.0,0.0,inf,0.0
мотору,мотор,1,1,0,0.0,0.0,inf,0.0
пиздять,пиздя,1,2,0,0.0,0.0,inf,0.0
люки,люк,1,2,0,0.0,0.0,inf,0.0
пкм,пкм,1,9,0,0.0,0.0,inf,0.0
плай,пла,1,1,0,0.0,0.0,inf,0.0
пласт,пласт,1,3,0,0.0,0.0,inf,0.0
платье,плат,1,3,0,0.0,0.0,inf,0.0
плотность,плотност,3,4,0,0.0,0.0,inf,0.0
поверх,поверх,1,1,0,0.0,0.0,inf,0.0
повістка,повістк,1,1,0,0.0,0.0,inf,0.0
повітряні,повітряні,1,4,0,0.0,0.0,inf,0.0
пограничные,пограничн,1,1,0,0.0,0.0,inf,0.0
подводная,подводн,1,1,0,0.0,0.0,inf,0.0
охота,охот,1,1,0,0.0,0.0,inf,0.0
пожежа,пожеж,1,1,0,0.0,0.0,inf,0.0
позер,позер,1,1,0,0.0,0.0,inf,0.0
полароид,полароид,1,1,0,0.0,0.0,inf,0.0
помста,помст,1,1,0,0.0,0.0,inf,0.0
постал,поста,1,1,0,0.0,0.0,inf,0.0
постанова,постанов,1,4,0,0.0,0.0,inf,0.0
потосовка,потосовк,1,18,0,0.0,0.0,inf,0.0
потужно,потужн,1,2,0,0.0,0.0,inf,0.0
пофигизм,пофигизм,1,1,0,0.0,0.0,inf,0.0
премиата,премиат,2,7,0,0.0,0.0,inf,0.0
преміата,преміат,1,3,0,0.0,0.0,inf,0.0
привид,привид,1,10,0,0.0,0.0,inf,0.0
прилуки,прилук,1,2,0,0.0,0.0,inf,0.0
примаченко,примаченк,3,4,0,0.0,0.0,inf,0.0
пропофол,пропофол,1,1,0,0.0,0.0,inf,0.0
против,прот,2,2,0,0.0,0.0,inf,0.0
психоделика,психоделик,2,4,0,0.0,0.0,inf,0.0
психолог,психолог,1,1,0,0.0,0.0,inf,0.0
птср,птср,1,10,0,0.0,0.0,inf,0.0
пубг,пубг,1,1,0,0.0,0.0,inf,0.0
мобайл,мобайл,1,1,0,0.0,0.0,inf,0.0
пупупу,пупуп,1,2,0,0.0,0.0,inf,0.0
путін,путін,1,1,0,0.0,0.0,inf,0.0
стабильно,стабильн,1,3,0,0.0,0.0,inf,0.0
работаем,работа,1,3,0,0.0,0.0,inf,0.0
минус,минус,2,4,0,0.0,0.0,inf,0.0
пускають,пускают,1,5,0,0.0,0.0,inf,0.0
рабів,рабів,1,5,0,0.0,0.0,inf,0.0
рагнарек,рагнарек,1,1,0,0.0,0.0,inf,0.0
ракамакафо,ракамакаф,1,12,0,0.0,0.0,inf,0.0
ракета,ракет,1,1,0,0.0,0.0,inf,0.0
раммштайн,раммштайн,1,1,0,0.0,0.0,inf,0.0
рамонес,рамонес,1,2,0,0.0,0.0,inf,0.0
ребус,ребус,1,2,0,0.0,0.0,inf,0.0
флег,флег,1,2,0,0.0,0.0,inf,0.0
рейд,рейд,1,4,0,0.0,0.0,inf,0.0
рекрут,рекрут,1,6,0,0.0,0.0,inf,0.0
рено,рен,1,2,0,0.0,0.0,inf,0.0
репресент,репресент,1,1,0,0.0,0.0,inf,0.0
рехаб,рехаб,1,2,0,0.0,0.0,inf,0.0
рибака,рибак,1,7,0,0.0,0.0,inf,0.0
робоча,робоч,1,1,0,0.0,0.0,inf,0.0
ветров,ветр,1,2,0,0.0,0.0,inf,0.0
рокки,рокк,1,1,0,0.0,0.0,inf,0.0
бальбоа,бальбо,1,1,0,0.0,0.0,inf,0.0
роман,рома,1,1,0,0.0,0.0,inf,0.0
каталог,каталог,7,14,0,0.0,0.0,inf,0.0
русні,русні,2,16,0,0.0,0.0,inf,0.0
русофобія,русофобі,1,2,0,0.0,0.0,inf,0.0
рыцарь,рыцар,3,42,0,0.0,0.0,inf,0.0
рівнянин,рівнянин,1,2,0,0.0,0.0,inf,0.0
морті,морті,2,26,0,0.0,0.0,inf,0.0
рік,рік,2,26,0,0.0,0.0,inf,0.0
сердцем,сердц,3,4,0,0.0,0.0,inf,0.0
анатомическим,анатомическ,1,2,0,0.0,0.0,inf,0.0
арестовичем,арестович,1,1,0,0.0,0.0,inf,0.0
михаилом,михаил,1,3,0,0.0,0.0,inf,0.0
бабочками,бабочк,1,1,0,0.0,0.0,inf,0.0
бегемотом,бегемот,1,1,0,0.0,0.0,inf,0.0
бриллиантом,бриллиант,1,1,0,0.0,0.0,inf,0.0
брудой,бруд,1,1,0,0.0,0.0,inf,0.0
булавками,булавк,1,1,0,0.0,0.0,inf,0.0
бульдогом,бульдог,1,2,0,0.0,0.0,inf,0.0
вертолетом,вертолет,1,3,0,0.0,0.0,inf,0.0
шаром,шар,1,1,0,0.0,0.0,inf,0.0
воздушным,воздушн,1,1,0,0.0,0.0,inf,0.0
волками,волк,2,4,0,0.0,0.0,inf,0.0
воротом,ворот,1,1,0,0.0,0.0,inf,0.0
гитлером,гитлер,1,1,0,0.0,0.0,inf,0.0
monday,monday,4,10,0,0.0,0.0,inf,0.0
горловиной,горловин,1,1,0,0.0,0.0,inf,0.0
пикник,пикник,1,1,0,0.0,0.0,inf,0.0
гулем,гул,1,1,0,0.0,0.0,inf,0.0
двигателем,двигател,1,2,0,0.0,0.0,inf,0.0
двойным,двойн,3,6,0,0.0,0.0,inf,0.0
телом,тел,1,1,0,0.0,0.0,inf,0.0
жуками,жук,1,3,0,0.0,0.0,inf,0.0
изображением,изображен,1,3,0,0.0,0.0,inf,0.0
иконой,икон,2,4,0,0.0,0.0,inf,0.0
индейцем,индейц,1,1,0,0.0,0.0,inf,0.0
калашом,калаш,1,1,0,0.0,0.0,inf,0.0
кальмаром,кальмар,1,1,0,0.0,0.0,inf,0.0
картами,карт,3,8,0,0.0,0.0,inf,0.0
козлом,козл,1,1,0,0.0,0.0,inf,0.0
координатами,координат,1,1,0,0.0,0.0,inf,0.0
краской,краск,1,1,0,0.0,0.0,inf,0.0
криком,крик,2,4,0,0.0,0.0,inf,0.0
мышью,мыш,1,5,0,0.0,0.0,inf,0.0
летучей,летуч,1,5,0,0.0,0.0,inf,0.0
мадарой,мадар,2,3,0,0.0,0.0,inf,0.0
марихуаной,марихуан,2,4,0,0.0,0.0,inf,0.0
меган,мега,1,1,0,0.0,0.0,inf,0.0
мишенью,мишен,1,2,0,0.0,0.0,inf,0.0
мышкой,мышк,1,1,0,0.0,0.0,inf,0.0
немецким,немецк,1,1,0,0.0,0.0,inf,0.0
ножами,нож,1,5,0,0.0,0.0,inf,0.0
оружием,оруж,2,5,0,0.0,0.0,inf,0.0
перевёрнутым,перевернут,1,1,0,0.0,0.0,inf,0.0
пирсингом,пирсинг,1,1,0,0.0,0.0,inf,0.0
пистолетом,пистолет,2,10,0,0.0,0.0,inf,0.0
поездом,поезд,1,1,0,0.0,0.0,inf,0.0
позывным,позывн,1,2,0,0.0,0.0,inf,0.0
помидорами,помидор,1,1,0,0.0,0.0,inf,0.0
сзади,сзад,3,3,0,0.0,0.0,inf,0.0
птицей,птиц,1,1,0,0.0,0.0,inf,0.0
размытой,размыт,1,1,0,0.0,0.0,inf,0.0
сатаной,сатан,2,19,0,0.0,0.0,inf,0.0
скакалке,скакалк,2,3,0,0.0,0.0,inf,0.0
танком,танк,4,9,0,0.0,0.0,inf,0.0
терминатором,терминатор,2,3,0,0.0,0.0,inf,0.0
троллфейсом,троллфейс,1,1,0,0.0,0.0,inf,0.0
хофманитой,хофманит,1,1,0,0.0,0.0,inf,0.0
чумным,чумн,3,5,0,0.0,0.0,inf,0.0
доктором,доктор,3,5,0,0.0,0.0,inf,0.0
эсканором,эсканор,1,1,0,0.0,0.0,inf,0.0
сабатон,сабатон,1,2,0,0.0,0.0,inf,0.0
саванна,саван,1,1,0,0.0,0.0,inf,0.0
самбо,самб,2,2,0,0.0,0.0,inf,0.0
самец,самец,1,2,0,0.0,0.0,inf,0.0
varsity,varsity,1,6,0,0.0,0.0,inf,0.0
сафари,сафар,1,1,0,0.0,0.0,inf,0.0
сварог,сварог,1,9,0,0.0,0.0,inf,0.0
сварщик,сварщик,2,7,0,0.0,0.0,inf,0.0
сверхчеловек,сверхчеловек,1,1,0,0.0,0.0,inf,0.0
джавеліна,джавелін,1,12,0,0.0,0.0,inf,0.0
святкова,святков,1,1,0,0.0,0.0,inf,0.0
святослав,святосла,1,3,0,0.0,0.0,inf,0.0
умри,умр,1,1,0,0.0,0.0,inf,0.0
сдохни,сдохн,1,1,0,0.0,0.0,inf,0.0
север,север,1,1,0,0.0,0.0,inf,0.0
секьюрити,секьюрит,1,2,0,0.0,0.0,inf,0.0
драка,драк,1,1,0,0.0,0.0,inf,0.0
сельська,сельськ,1,1,0,0.0,0.0,inf,0.0
сепультура,сепультур,1,2,0,0.0,0.0,inf,0.0
сечь,сеч,1,1,0,0.0,0.0,inf,0.0
эдаун,эдаун,1,4,0,0.0,0.0,inf,0.0
скайрим,скайр,1,2,0,0.0,0.0,inf,0.0
скандинавия,скандинав,1,2,0,0.0,0.0,inf,0.0
мифология,мифолог,2,5,0,0.0,0.0,inf,0.0
скаржинці,скаржинці,1,6,0,0.0,0.0,inf,0.0
скелетоны,скелетон,1,1,0,0.0,0.0,inf,0.0
скинхед,скинхед,3,10,0,0.0,0.0,inf,0.0
скрябін,скрябін,4,13,0,0.0,0.0,inf,0.0
танець,танет^,1,1,0,0.0,0.0,inf,0.0
пінгвіна,пінгвіна,1,1,0,0.0,0.0,inf,0.0
скуфидон,скуфидон,1,1,0,0.0,0.0,inf,0.0
отвага,отваг,1,1,0,0.0,0.0,inf,0.0
слабоумие,слабоум,1,1,0,0.0,0.0,inf,0.0
ісу,ісу,1,1,0,0.0,0.0,inf,0.0
сліпнот,сліпнот,1,3,0,0.0,0.0,inf,0.0
смарагдове,смарагдов,1,1,0,0.0,0.0,inf,0.0
косой,кос,1,1,0,0.0,0.0,inf,0.0
снамибог,снамибог,1,1,0,0.0,0.0,inf,0.0
сталиным,сталин,1,2,0,0.0,0.0,inf,0.0
стихами,стих,1,1,0,0.0,0.0,inf,0.0
сфинксом,сфинкс,1,1,0,0.0,0.0,inf,0.0
ласка,ласк,1,1,0,0.0,0.0,inf,0.0
їною,їно,1,1,0,0.0,0.0,inf,0.0
солов,сол,2,5,0,0.0,0.0,inf,0.0
соловіча,соловіч,1,4,0,0.0,0.0,inf,0.0
соняшник,соняшник,1,1,0,0.0,0.0,inf,0.0
сотворение,сотворен,1,4,0,0.0,0.0,inf,0.0
адама,адам,1,4,0,0.0,0.0,inf,0.0
спартака,спартак,1,1,0,0.0,0.0,inf,0.0
спецназ,спецназ,2,6,0,0.0,0.0,inf,0.0
спецпідрозділ,спецпідрозділ,1,4,0,0.0,0.0,inf,0.0
угруповання,угрупован,1,2,0,0.0,0.0,inf,0.0
справка,справк,1,1,0,0.0,0.0,inf,0.0
средневековье,средневеков,1,2,0,0.0,0.0,inf,0.0
сталкрафт,сталкрафт,1,1,0,0.0,0.0,inf,0.0
староста,старост,1,2,0,0.0,0.0,inf,0.0
старший,старш,1,1,0,0.0,0.0,inf,0.0
badboy,badboy,3,32,0,0.0,0.0,inf,0.0
стимпанк,стимпанк,1,2,0,0.0,0.0,inf,0.0
стич,стич,1,1,0,0.0,0.0,inf,0.0
сто,сто,1,1,0,0.0,0.0,inf,0.0
стоматологическая,стоматологическ,1,1,0,0.0,0.0,inf,0.0
стражи,страж,1,3,0,0.0,0.0,inf,0.0
галактики,галактик,1,3,0,0.0,0.0,inf,0.0
суетолог,суетолог,1,1,0,0.0,0.0,inf,0.0
сумчара,сумчар,1,20,0,0.0,0.0,inf,0.0
схід,схід,1,43,0,0.0,0.0,inf,0.0
сіпі,сіпі,1,1,0,0.0,0.0,inf,0.0
тайский,тайск,1,3,0,0.0,0.0,inf,0.0
тактика,тактик,2,7,0,0.0,0.0,inf,0.0
танкіст,танкіст,1,1,0,0.0,0.0,inf,0.0
тарасова,тарасов,1,1,0,0.0,0.0,inf,0.0
таргариен,таргар,1,2,0,0.0,0.0,inf,0.0
тарелочница,тарелочниц,1,1,0,0.0,0.0,inf,0.0
тбилиси,тбилис,1,1,0,0.0,0.0,inf,0.0
термохром,термохр,2,16,0,0.0,0.0,inf,0.0
техас,техас,1,3,0,0.0,0.0,inf,0.0
техно,техн,1,1,0,0.0,0.0,inf,0.0
тиесто,тиест,1,1,0,0.0,0.0,inf,0.0
титан,тита,1,1,0,0.0,0.0,inf,0.0
тнн,тн,1,1,0,0.0,0.0,inf,0.0
токсик,токсик,1,7,0,0.0,0.0,inf,0.0
токсік,токсік,1,1,0,0.0,0.0,inf,0.0
том,том,1,1,0,0.0,0.0,inf,0.0
тейлор,тейлор,1,1,0,0.0,0.0,inf,0.0
хилфигер,хилфигер,2,3,0,0.0,0.0,inf,0.0
badboysclub,badboysclub,1,1,0,0.0,0.0,inf,0.0
тотенкопф,тотенкопф,1,3,0,0.0,0.0,inf,0.0
трамп,трамп,1,1,0,0.0,0.0,inf,0.0
третій,треті,1,5,0,0.0,0.0,inf,0.0
три,три,1,1,0,0.0,0.0,inf,0.0
троєщина,троєщин,1,5,0,0.0,0.0,inf,0.0
туніка,тунік,1,3,0,0.0,0.0,inf,0.0
тяжелый,тяжел,1,2,0,0.0,0.0,inf,0.0
жити,жит,1,1,0,0.0,0.0,inf,0.0
вмерти,вмерт,1,1,0,0.0,0.0,inf,0.0
шкода,шкод,1,1,0,0.0,0.0,inf,0.0
парт,парт,1,2,0,0.0,0.0,inf,0.0
тіпи,тіпи,1,2,0,0.0,0.0,inf,0.0
задніх,задніх,1,2,0,0.0,0.0,inf,0.0
динамо,динам,2,2,0,0.0,0.0,inf,0.0
неизбежен,неизбеж,1,1,0,0.0,0.0,inf,0.0
успех,успех,1,1,0,0.0,0.0,inf,0.0
ф16,ф16,1,1,0,0.0,0.0,inf,0.0
фаер,фаер,1,9,0,0.0,0.0,inf,0.0
фак,фак,2,3,0,0.0,0.0,inf,0.0
фбу,фбу,1,1,0,0.0,0.0,inf,0.0
феникс,феникс,1,4,0,0.0,0.0,inf,0.0
badcat,badcat,1,1,0,0.0,0.0,inf,0.0
фламінго,фламінг,1,1,0,0.0,0.0,inf,0.0
флектарн,флектарн,1,1,0,0.0,0.0,inf,0.0
флот,флот,1,1,0,0.0,0.0,inf,0.0
фнаф,фнаф,1,1,0,0.0,0.0,inf,0.0
фольксваген,фольксваг,1,2,0,0.0,0.0,inf,0.0
фоп,фоп,1,199,0,0.0,0.0,inf,0.0
формула,формул,4,9,0,0.0,0.0,inf,0.0
макларен,маклар,1,1,0,0.0,0.0,inf,0.0
крюгер,крюгер,1,1,0,0.0,0.0,inf,0.0
фредди,фредд,1,1,0,0.0,0.0,inf,0.0
френдс,френдс,1,3,0,0.0,0.0,inf,0.0
фри,фри,1,1,0,0.0,0.0,inf,0.0
фрі,фрі,1,8,0,0.0,0.0,inf,0.0
фрірен,фрірен,2,4,0,0.0,0.0,inf,0.0
хакер,хакер,1,1,0,0.0,0.0,inf,0.0
хакі,хакі,4,17,0,0.0,0.0,inf,0.0
хамелеон,хамелеон,6,12,0,0.0,0.0,inf,0.0
хамстер,хамстер,1,1,0,0.0,0.0,inf,0.0
хантер,хантер,2,3,0,0.0,0.0,inf,0.0
хаос,хаос,2,2,0,0.0,0.0,inf,0.0
хапчик,хапчик,1,1,0,0.0,0.0,inf,0.0
sweats,sweats,11,18,0,0.0,0.0,inf,0.0
незламний,незламн,2,5,0,0.0,0.0,inf,0.0
харлей,харл,1,4,0,0.0,0.0,inf,0.0
дэвидсон,дэвидсон,1,4,0,0.0,0.0,inf,0.0
cropped,cropped,2,2,0,0.0,0.0,inf,0.0
хаябуса,хаябус,1,3,0,0.0,0.0,inf,0.0
хдш,хдш,1,3,0,0.0,0.0,inf,0.0
хейт,хейт,2,22,0,0.0,0.0,inf,0.0
хеликон,хеликон,3,9,0,0.0,0.0,inf,0.0
текс,текс,1,1,0,0.0,0.0,inf,0.0
хелоу,хело,1,1,0,0.0,0.0,inf,0.0
хелстар,хелстар,2,3,0,0.0,0.0,inf,0.0
хелікон,хелікон,3,6,0,0.0,0.0,inf,0.0
хим,хим,1,2,0,0.0,0.0,inf,0.0
гламур,гламур,1,1,0,0.0,0.0,inf,0.0
хистерик,хистерик,1,1,0,0.0,0.0,inf,0.0
хищник,хищник,1,1,0,0.0,0.0,inf,0.0
хонда,хонд,1,1,0,0.0,0.0,inf,0.0
хоррор,хоррор,1,7,0,0.0,0.0,inf,0.0
хортиця,хортит^,1,12,0,0.0,0.0,inf,0.0
христианская,христианск,9,29,0,0.0,0.0,inf,0.0
хто,хто,1,1,0,0.0,0.0,inf,0.0
здох,здох,1,1,0,0.0,0.0,inf,0.0
той,то,1,1,0,0.0,0.0,inf,0.0
хіба,хіба,1,1,0,0.0,0.0,inf,0.0
рішень,рішен,3,22,0,0.0,0.0,inf,0.0
прийняття,прийнятт,3,22,0,0.0,0.0,inf,0.0
центр,центр,3,22,0,0.0,0.0,inf,0.0
центурія,центурі,4,20,0,0.0,0.0,inf,0.0
цсн,цсн,1,2,0,0.0,0.0,inf,0.0
цілуй,цілу,1,4,0,0.0,0.0,inf,0.0
чайка,чайк,1,10,0,0.0,0.0,inf,0.0
чегевара,чегевар,1,1,0,0.0,0.0,inf,0.0
чейзер,чейзер,1,2,0,0.0,0.0,inf,0.0
рута,рут,1,1,0,0.0,0.0,inf,0.0
чернобыль,чернобыл,1,5,0,0.0,0.0,inf,0.0
чернігів,чернігів,1,12,0,0.0,0.0,inf,0.0
беннингтон,беннингтон,1,1,0,0.0,0.0,inf,0.0
честер,честер,1,1,0,0.0,0.0,inf,0.0
чечня,чечн,2,2,0,0.0,0.0,inf,0.0
чип,чип,1,3,0,0.0,0.0,inf,0.0
дейл,дейл,1,3,0,0.0,0.0,inf,0.0
чоловича,чолович,2,3,0,0.0,0.0,inf,0.0
якісна,якісн,5,9,0,0.0,0.0,inf,0.0
чоперс,чоперс,1,1,0,0.0,0.0,inf,0.0
чорнобаївка,чорнобаївк,1,1,0,0.0,0.0,inf,0.0
чорнобиль,чорнобил,1,1,0,0.0,0.0,inf,0.0
чоткий,чотк,1,1,0,0.0,0.0,inf,0.0
паца,пац,1,1,0,0.0,0.0,inf,0.0
чума,чум,1,4,0,0.0,0.0,inf,0.0
чучучу,чучуч,1,7,0,0.0,0.0,inf,0.0
шаман,шама,1,1,0,0.0,0.0,inf,0.0
шефу,шеф,1,4,0,0.0,0.0,inf,0.0
шива,шив,1,10,0,0.0,0.0,inf,0.0
шлем,шлем,1,2,0,0.0,0.0,inf,0.0
ужаса,ужас,1,2,0,0.0,0.0,inf,0.0
шоб,шоб,1,28,0,0.0,0.0,inf,0.0
шоколадна,шоколадн,1,1,0,0.0,0.0,inf,0.0
щавель,щавел,1,1,0,0.0,0.0,inf,0.0
щекавиця,щекавит^,1,2,0,0.0,0.0,inf,0.0
щищь,щищ,2,13,0,0.0,0.0,inf,0.0
щоденники,щоденник,3,17,0,0.0,0.0,inf,0.0
эгоист,эгоист,1,1,0,0.0,0.0,inf,0.0
эмо,эм,2,2,0,0.0,0.0,inf,0.0
этно,этн,2,7,0,0.0,0.0,inf,0.0
эхо,эх,1,1,0,0.0,0.0,inf,0.0
юнікло,юнікл,2,3,0,0.0,0.0,inf,0.0
ютуб,ютуб,1,1,0,0.0,0.0,inf,0.0
радіти,радіт,1,1,0,0.0,0.0,inf,0.0
навчу,навч,1,1,0,0.0,0.0,inf,0.0
вас,вас,1,1,0,0.0,0.0,inf,0.0
присутності,присутності,1,1,0,0.0,0.0,inf,0.0
люблю,любл,1,1,0,0.0,0.0,inf,0.0
аню,ан,1,1,0,0.0,0.0,inf,0.0
сексу,секс,2,4,0,0.0,0.0,inf,0.0
щоб,щоб,1,2,0,0.0,0.0,inf,0.0
хочу,хоч,3,5,0,0.0,0.0,inf,0.0
говорили,говор,1,2,0,0.0,0.0,inf,0.0
президента,президент,1,2,0,0.0,0.0,inf,0.0
жах,жах,1,1,0,0.0,0.0,inf,0.0
якудза,якудз,4,7,0,0.0,0.0,inf,0.0
японія,японі,1,12,0,0.0,0.0,inf,0.0
ярмак,ярмак,1,1,0,0.0,0.0,inf,0.0
ярослав,яросла,3,12,0,0.0,0.0,inf,0.0
ярость,ярост,1,5,0,0.0,0.0,inf,0.0
єбош,єбош,2,18,0,0.0,0.0,inf,0.0
єгермейстер,єгермейстер,1,1,0,0.0,0.0,inf,0.0
оновленій,оновлені,2,2,0,0.0,0.0,inf,0.0
землі,землі,2,2,0,0.0,0.0,inf,0.0
ізюм,ізюм,1,31,0,0.0,0.0,inf,0.0
інженер,інженер,1,5,0,0.0,0.0,inf,0.0
інструктор,інструктор,1,3,0,0.0,0.0,inf,0.0
їбаш,їбаш,1,2,0,0.0,0.0,inf,0.0
asus,asus,1,1,0,0.0,0.0,inf,0.0
bloodhound,bloodhound,1,3,0,0.0,0.0,inf,0.0
calm,calm,1,1,0,0.0,0.0,inf,0.0
masimar,masimar,1,1,0,0.0,0.0,inf,0.0
mcl,mcl,1,1,0,0.0,0.0,inf,0.0
pin,pin,1,1,0,0.0,0.0,inf,0.0
rothco,rothco,1,2,0,0.0,0.0,inf,0.0
saucony,saucony,1,1,0,0.0,0.0,inf,0.0
абьюз,абьюз,1,1,0,0.0,0.0,inf,0.0
андер,андер,3,4,0,0.0,0.0,inf,0.0
антитеррор,антитеррор,1,1,0,0.0,0.0,inf,0.0
бейсболки,бейсболк,1,1,0,0.0,0.0,inf,0.0
хип,хип,5,10,0,0.0,0.0,inf,0.0
хоп,хоп,4,9,0,0.0,0.0,inf,0.0
вежливые,вежлив,1,2,0,0.0,0.0,inf,0.0
gym,gym,21,35,0,0.0,0.0,inf,0.0
джиу,джи,2,7,0,0.0,0.0,inf,0.0
джитсу,джитс,2,7,0,0.0,0.0,inf,0.0
дронщиків,дронщиків,1,5,0,0.0,0.0,inf,0.0
рибаків,рибаків,1,1,0,0.0,0.0,inf,0.0
спортсменов,спортсмен,1,1,0,0.0,0.0,inf,0.0
вирізом,виріз,1,1,0,0.0,0.0,inf,0.0
відбитками,відбитк,1,1,0,0.0,0.0,inf,0.0
містами,містам,1,1,0,0.0,0.0,inf,0.0
прінтами,прінтам,1,6,0,0.0,0.0,inf,0.0
сімпсонами,сімпсон,1,1,0,0.0,0.0,inf,0.0
цитатами,цитат,3,3,0,0.0,0.0,inf,0.0
іменами,імен,1,1,0,0.0,0.0,inf,0.0
интеллигент,интеллигент,1,2,0,0.0,0.0,inf,0.0
блю,блю,1,2,0,0.0,0.0,inf,0.0
ликвид,ликвид,1,2,0,0.0,0.0,inf,0.0
лондон,лондон,1,1,0,0.0,0.0,inf,0.0
эффект,эффект,2,4,0,0.0,0.0,inf,0.0
отбросы,отброс,1,1,0,0.0,0.0,inf,0.0
ощадбанк,ощадбанк,1,1,0,0.0,0.0,inf,0.0
250,250,1,1,0,0.0,0.0,inf,0.0
поліестер,поліестер,2,3,0,0.0,0.0,inf,0.0
премиум,премиум,2,2,0,0.0,0.0,inf,0.0
річмонд,річмонд,1,1,0,0.0,0.0,inf,0.0
боксерами,боксер,1,1,0,0.0,0.0,inf,0.0
вышитым,вышит,2,6,0,0.0,0.0,inf,0.0
городами,город,2,3,0,0.0,0.0,inf,0.0
грузинской,грузинск,1,1,0,0.0,0.0,inf,0.0
животными,животн,1,3,0,0.0,0.0,inf,0.0
исполнителями,исполнител,1,1,0,0.0,0.0,inf,0.0
художников,художник,1,1,0,0.0,0.0,inf,0.0
китайскими,китайск,1,2,0,0.0,0.0,inf,0.0
джексоном,джексон,1,1,0,0.0,0.0,inf,0.0
майклом,майкл,1,1,0,0.0,0.0,inf,0.0
работы,работ,2,5,0,0.0,0.0,inf,0.0
ручной,ручн,2,5,0,0.0,0.0,inf,0.0
узорами,узор,1,6,0,0.0,0.0,inf,0.0
языческой,языческ,2,6,0,0.0,0.0,inf,0.0
скулшутеров,скулшутер,1,1,0,0.0,0.0,inf,0.0
зодиака,зодиак,1,2,0,0.0,0.0,inf,0.0
смыслом,смысл,1,1,0,0.0,0.0,inf,0.0
спб,спб,1,1,0,0.0,0.0,inf,0.0
таиланд,таиланд,1,2,0,0.0,0.0,inf,0.0
труссарди,труссард,1,1,0,0.0,0.0,inf,0.0
jeans,jeans,18,21,0,0.0,0.0,inf,0.0
християнські,християнські,6,52,0,0.0,0.0,inf,0.0
цех,цех,5,50,0,0.0,0.0,inf,0.0
цукерберга,цукерберг,1,1,0,0.0,0.0,inf,0.0
чернівці,чернівці,1,1,0,0.0,0.0,inf,0.0
однотонні,однотонні,1,1,0,0.0,0.0,inf,0.0
якісні,якісні,9,48,0,0.0,0.0,inf,0.0
шейтельмана,шейтельма,1,1,0,0.0,0.0,inf,0.0
футболкм,футболкм,1,1,0,0.0,0.0,inf,0.0
футболкп,футболкп,1,2,0,0.0,0.0,inf,0.0
футболкі,футболкі,3,11,0,0.0,0.0,inf,0.0
футболочка,футболочк,1,2,0,0.0,0.0,inf,0.0
eminem,eminem,1,1,0,0.0,0.0,inf,0.0
футляр,футляр,1,3,0,0.0,0.0,inf,0.0
фьер,фьер,1,2,0,0.0,0.0,inf,0.0
хайповые,хайпов,1,3,0,0.0,0.0,inf,0.0
халф,халф,1,2,0,0.0,0.0,inf,0.0
харвкст,харвкст,1,1,0,0.0,0.0,inf,0.0
харді,харді,1,2,0,0.0,0.0,inf,0.0
харківський,харківськ,1,6,0,0.0,0.0,inf,0.0
харківські,харківські,2,11,0,0.0,0.0,inf,0.0
шоурум,шоурум,4,6,0,0.0,0.0,inf,0.0
харьковские,харьковск,2,9,0,0.0,0.0,inf,0.0
cargo,cargo,5,5,0,0.0,0.0,inf,0.0
хвди,хвди,1,2,0,0.0,0.0,inf,0.0
хедбег,хедбег,1,22,0,0.0,0.0,inf,0.0
хей,хе,1,3,0,0.0,0.0,inf,0.0
бекка,бекк,1,3,0,0.0,0.0,inf,0.0
хейбека,хейбек,1,1,0,0.0,0.0,inf,0.0
хейтспич,хейтспич,1,4,0,0.0,0.0,inf,0.0
хектор,хектор,2,6,0,0.0,0.0,inf,0.0
хеллсинг,хеллсинг,1,6,0,0.0,0.0,inf,0.0
тех,тех,1,1,0,0.0,0.0,inf,0.0
херсонська,херсонськ,1,1,0,0.0,0.0,inf,0.0
хзв,хзв,1,1,0,0.0,0.0,inf,0.0
висот,висот,1,2,0,0.0,0.0,inf,0.0
хикикомори,хикикомор,2,3,0,0.0,0.0,inf,0.0
кай,ка,1,2,0,0.0,0.0,inf,0.0
хипка,хипк,1,1,0,0.0,0.0,inf,0.0
хипстерская,хипстерск,2,2,0,0.0,0.0,inf,0.0
хйф,хйф,1,1,0,0.0,0.0,inf,0.0
хкді,хкді,1,2,0,0.0,0.0,inf,0.0
хлопковая,хлопков,9,21,0,0.0,0.0,inf,0.0
хлопкові,хлопкові,1,1,0,0.0,0.0,inf,0.0
хлопці,хлопці,1,3,0,0.0,0.0,inf,0.0
лісу,лісу,1,3,0,0.0,0.0,inf,0.0
jogger,jogger,26,55,0,0.0,0.0,inf,0.0
rotation,rotation,3,7,0,0.0,0.0,inf,0.0
хорунгва,хорунгв,1,2,0,0.0,0.0,inf,0.0
собі,собі,1,2,0,0.0,0.0,inf,0.0
пцу,пцу,1,1,0,0.0,0.0,inf,0.0
хризма,хризм,1,1,0,0.0,0.0,inf,0.0
акбар,акбар,1,2,0,0.0,0.0,inf,0.0
хстор,хстор,2,4,0,0.0,0.0,inf,0.0
хтеа,хте,1,2,0,0.0,0.0,inf,0.0
худв,худв,1,9,0,0.0,0.0,inf,0.0
шундай,шунда,1,1,0,0.0,0.0,inf,0.0
худді,худді,1,19,0,0.0,0.0,inf,0.0
декабря,декабр,1,1,0,0.0,0.0,inf,0.0
bbc,bbc,1,1,0,0.0,0.0,inf,0.0
burton,burton,2,6,0,0.0,0.0,inf,0.0
fuckdown,fuckdown,1,1,0,0.0,0.0,inf,0.0
divine,divine,1,1,0,0.0,0.0,inf,0.0
facking,facking,1,4,0,0.0,0.0,inf,0.0
habibi,habibi,1,2,0,0.0,0.0,inf,0.0
hannya,hannya,1,17,0,0.0,0.0,inf,0.0
hikikomori,hikikomori,1,3,0,0.0,0.0,inf,0.0
nevada,nevada,1,3,0,0.0,0.0,inf,0.0
pank,pank,1,2,0,0.0,0.0,inf,0.0
frank,frank,1,1,0,0.0,0.0,inf,0.0
phloyd,phloyd,1,5,0,0.0,0.0,inf,0.0
rhude,rhude,1,2,0,0.0,0.0,inf,0.0
roxy,roxy,1,2,0,0.0,0.0,inf,0.0
san,san,1,9,0,0.0,0.0,inf,0.0
andreas,andreas,1,9,0,0.0,0.0,inf,0.0
sinner,sinner,1,1,0,0.0,0.0,inf,0.0
tie,tie,1,1,0,0.0,0.0,inf,0.0
dye,dye,1,1,0,0.0,0.0,inf,0.0
статуя,стату,1,1,0,0.0,0.0,inf,0.0
ymb,ymb,1,2,0,0.0,0.0,inf,0.0
студио,студ,1,1,0,0.0,0.0,inf,0.0
алантерз,алантерз,1,1,0,0.0,0.0,inf,0.0
амири,амир,2,4,0,0.0,0.0,inf,0.0
сошал,соша,1,3,0,0.0,0.0,inf,0.0
ариана,ариа,1,3,0,0.0,0.0,inf,0.0
jumper,jumper,1,1,0,0.0,0.0,inf,0.0
ахегао,ахега,1,4,0,0.0,0.0,inf,0.0
кармана,карма,1,3,0,0.0,0.0,inf,0.0
безрукавка,безрукавк,1,2,0,0.0,0.0,inf,0.0
тайгер,тайгер,1,1,0,0.0,0.0,inf,0.0
бензо,бенз,1,1,0,0.0,0.0,inf,0.0
блессед,блессед,2,3,0,0.0,0.0,inf,0.0
сквад,сквад,1,1,0,0.0,0.0,inf,0.0
бмв,бмв,3,7,0,0.0,0.0,inf,0.0
бомж,бомж,1,5,0,0.0,0.0,inf,0.0
бэйп,бэйп,1,1,0,0.0,0.0,inf,0.0
suvene,suvene,13,35,0,0.0,0.0,inf,0.0
величайший,величайш,1,2,0,0.0,0.0,inf,0.0
вествуд,вествуд,1,1,0,0.0,0.0,inf,0.0
вивьен,вив,1,1,0,0.0,0.0,inf,0.0
влон,влон,1,1,0,0.0,0.0,inf,0.0
гарри,гарр,2,3,0,0.0,0.0,inf,0.0
графит,граф,1,1,0,0.0,0.0,inf,0.0
триад,триад,1,1,0,0.0,0.0,inf,0.0
дикис,дикис,2,3,0,0.0,0.0,inf,0.0
игроков,игрок,1,1,0,0.0,0.0,inf,0.0
качалки,качалк,1,1,0,0.0,0.0,inf,0.0
пацанов,пацан,1,6,0,0.0,0.0,inf,0.0
дрифт,дрифт,1,1,0,0.0,0.0,inf,0.0
ебашим,ебаш,1,1,0,0.0,0.0,inf,0.0
елис,елис,1,2,0,0.0,0.0,inf,0.0
есентиалс,есентиалс,2,12,0,0.0,0.0,inf,0.0
калифорния,калифорн,1,1,0,0.0,0.0,inf,0.0
камуфляж,камуфляж,1,1,0,0.0,0.0,inf,0.0
ковер,ковер,1,1,0,0.0,0.0,inf,0.0
кока,кок,1,1,0,0.0,0.0,inf,0.0
котик,котик,4,9,0,0.0,0.0,inf,0.0
аккерман,аккерма,1,1,0,0.0,0.0,inf,0.0
лимонного,лимон,1,1,0,0.0,0.0,inf,0.0
тайсон,тайсон,1,1,0,0.0,0.0,inf,0.0
ферстаппен,ферстапп,1,2,0,0.0,0.0,inf,0.0
принц,принц,1,1,0,0.0,0.0,inf,0.0
масик,масик,1,2,0,0.0,0.0,inf,0.0
меланж,меланж,1,1,0,0.0,0.0,inf,0.0
эндшпиль,эндшпил,1,1,0,0.0,0.0,inf,0.0
ммм,ммм,1,1,0,0.0,0.0,inf,0.0
прощает,проща,1,2,0,0.0,0.0,inf,0.0
мортал,морта,1,1,0,0.0,0.0,inf,0.0
муди,муд,1,2,0,0.0,0.0,inf,0.0
завязках,завязк,2,2,0,0.0,0.0,inf,0.0
намбер,намбер,1,6,0,0.0,0.0,inf,0.0
нба,нба,1,3,0,0.0,0.0,inf,0.0
новогодний,новогодн,1,1,0,0.0,0.0,inf,0.0
онда,онд,1,1,0,0.0,0.0,inf,0.0
андар,андар,1,1,0,0.0,0.0,inf,0.0
осд,осд,1,1,0,0.0,0.0,inf,0.0
boulevard,boulevard,1,3,0,0.0,0.0,inf,0.0
отрицала,отрица,1,3,0,0.0,0.0,inf,0.0
параллель,параллел,1,25,0,0.0,0.0,inf,0.0
пинтерест,пинтерест,1,3,0,0.0,0.0,inf,0.0
лорен,лор,4,4,0,0.0,0.0,inf,0.0
мишкой,мишк,1,1,0,0.0,0.0,inf,0.0
репрезент,репрезент,2,4,0,0.0,0.0,inf,0.0
рыбий,рыб,1,1,0,0.0,0.0,inf,0.0
рот,рот,1,1,0,0.0,0.0,inf,0.0
банданой,бандан,1,1,0,0.0,0.0,inf,0.0
глубоким,глубок,1,7,0,0.0,0.0,inf,0.0
горящей,горя,2,3,0,0.0,0.0,inf,0.0
москвой,москв,3,19,0,0.0,0.0,inf,0.0
джеффом,джефф,1,1,0,0.0,0.0,inf,0.0
дырками,дырк,1,2,0,0.0,0.0,inf,0.0
единорогом,единорог,1,1,0,0.0,0.0,inf,0.0
инопланетянином,инопланетянин,1,4,0,0.0,0.0,inf,0.0
каллиграфией,каллиграф,1,2,0,0.0,0.0,inf,0.0
камнями,камн,1,4,0,0.0,0.0,inf,0.0
квадратным,квадратн,1,3,0,0.0,0.0,inf,0.0
крипером,крипер,1,2,0,0.0,0.0,inf,0.0
кроликом,кролик,1,6,0,0.0,0.0,inf,0.0
липучками,липучк,1,2,0,0.0,0.0,inf,0.0
лошадью,лошад,1,2,0,0.0,0.0,inf,0.0
маусом,маус,1,1,0,0.0,0.0,inf,0.0
микки,микк,1,1,0,0.0,0.0,inf,0.0
английском,английск,1,1,0,0.0,0.0,inf,0.0
огнем,огн,1,1,0,0.0,0.0,inf,0.0
открытой,открыт,1,1,0,0.0,0.0,inf,0.0
пальмами,пальм,1,1,0,0.0,0.0,inf,0.0
пеннивайзом,пеннивайз,1,5,0,0.0,0.0,inf,0.0
писюнами,писюн,1,2,0,0.0,0.0,inf,0.0
потертостями,потерт,2,4,0,0.0,0.0,inf,0.0
поцелуями,поцелу,1,2,0,0.0,0.0,inf,0.0
рефлективом,рефлектив,1,9,0,0.0,0.0,inf,0.0
росписью,роспис,1,5,0,0.0,0.0,inf,0.0
самолетом,самолет,1,2,0,0.0,0.0,inf,0.0
таксой,такс,1,2,0,0.0,0.0,inf,0.0
цепями,цеп,1,2,0,0.0,0.0,inf,0.0
сага,саг,1,1,0,0.0,0.0,inf,0.0
винланде,винланд,1,1,0,0.0,0.0,inf,0.0
саске,саск,1,1,0,0.0,0.0,inf,0.0
мун,мун,1,1,0,0.0,0.0,inf,0.0
сейлор,сейлор,1,1,0,0.0,0.0,inf,0.0
элементами,элемент,1,1,0,0.0,0.0,inf,0.0
сменными,смен,1,1,0,0.0,0.0,inf,0.0
стойкой,стойк,1,3,0,0.0,0.0,inf,0.0
левелинг,левелинг,1,4,0,0.0,0.0,inf,0.0
спанч,спанч,1,1,0,0.0,0.0,inf,0.0
боб,боб,1,1,0,0.0,0.0,inf,0.0
сторис,сторис,1,1,0,0.0,0.0,inf,0.0
эдж,эдж,1,5,0,0.0,0.0,inf,0.0
стрейт,стрейт,1,5,0,0.0,0.0,inf,0.0
стучи,стуч,1,2,0,0.0,0.0,inf,0.0
сукуна,сукун,1,1,0,0.0,0.0,inf,0.0
тайдай,тайда,1,1,0,0.0,0.0,inf,0.0
топик,топик,1,2,0,0.0,0.0,inf,0.0
трашер,трашер,1,1,0,0.0,0.0,inf,0.0
университет,университет,1,1,0,0.0,0.0,inf,0.0
фуксия,фукс,1,2,0,0.0,0.0,inf,0.0
хабиби,хабиб,1,4,0,0.0,0.0,inf,0.0
худрич,худрич,2,4,0,0.0,0.0,inf,0.0
псы,псы,1,1,0,0.0,0.0,inf,0.0
шанель,шанел,1,1,0,0.0,0.0,inf,0.0
шансон,шансон,1,1,0,0.0,0.0,inf,0.0
ярко,ярк,5,8,0,0.0,0.0,inf,0.0
худм,худм,1,2,0,0.0,0.0,inf,0.0
худт,худт,1,4,0,0.0,0.0,inf,0.0
худтрепстар,худтрепстар,1,1,0,0.0,0.0,inf,0.0
armani,armani,1,1,0,0.0,0.0,inf,0.0
exchange,exchange,1,1,0,0.0,0.0,inf,0.0
sabotage,sabotage,1,1,0,0.0,0.0,inf,0.0
індастріз,індастріз,1,8,0,0.0,0.0,inf,0.0
амор,амор,1,1,0,0.0,0.0,inf,0.0
асті,асті,1,7,0,0.0,0.0,inf,0.0
бам,бам,1,4,0,0.0,0.0,inf,0.0
барселона,барселон,1,1,0,0.0,0.0,inf,0.0
беж,беж,1,1,0,0.0,0.0,inf,0.0
бургунді,бургунді,1,2,0,0.0,0.0,inf,0.0
біллі,біллі,1,3,0,0.0,0.0,inf,0.0
айліш,айліш,1,3,0,0.0,0.0,inf,0.0
піс,піс,1,3,0,0.0,0.0,inf,0.0
воєні,воєні,1,1,0,0.0,0.0,inf,0.0
вона,вон,1,1,0,0.0,0.0,inf,0.0
він,він,1,1,0,0.0,0.0,inf,0.0
дива,див,1,1,0,0.0,0.0,inf,0.0
дивні,дивні,1,1,0,0.0,0.0,inf,0.0
годування,годуван,1,1,0,0.0,0.0,inf,0.0
двох,двох,1,1,0,0.0,0.0,inf,0.0
дівчинки,дівчинк,3,5,0,0.0,0.0,inf,0.0
мотоциклістів,мотоциклістів,1,1,0,0.0,0.0,inf,0.0
члена,член,1,1,0,0.0,0.0,inf,0.0
дівчачі,дівчачі,1,2,0,0.0,0.0,inf,0.0
дікес,дікес,1,2,0,0.0,0.0,inf,0.0
дікіс,дікіс,1,3,0,0.0,0.0,inf,0.0
жіночк,жіночк,1,2,0,0.0,0.0,inf,0.0
ефектом,ефект,1,4,0,0.0,0.0,inf,0.0
ведмедем,ведмед,1,1,0,0.0,0.0,inf,0.0
камінням,камін,1,1,0,0.0,0.0,inf,0.0
камінцями,камінц,1,1,0,0.0,0.0,inf,0.0
клаптиків,клаптиків,1,1,0,0.0,0.0,inf,0.0
метеликом,метелик,1,1,0,0.0,0.0,inf,0.0
молнією,молніє,1,2,0,0.0,0.0,inf,0.0
оленем,олен,1,2,0,0.0,0.0,inf,0.0
палаючою,палаюч,2,17,0,0.0,0.0,inf,0.0
пісюнами,пісюн,1,3,0,0.0,0.0,inf,0.0
ріжками,ріжкам,1,2,0,0.0,0.0,inf,0.0
смішним,смішним,1,1,0,0.0,0.0,inf,0.0
флісом,флісом,1,1,0,0.0,0.0,inf,0.0
хутром,хутр,1,3,0,0.0,0.0,inf,0.0
капюшоні,капюшоні,1,3,0,0.0,0.0,inf,0.0
ітачі,ітачі,1,1,0,0.0,0.0,inf,0.0
кенгуру,кенгур,1,3,0,0.0,0.0,inf,0.0
торт,торт,1,1,0,0.0,0.0,inf,0.0
жде,жде,1,2,0,0.0,0.0,inf,0.0
лівий,ліви,1,1,0,0.0,0.0,inf,0.0
малюнок,малюнок,1,1,0,0.0,0.0,inf,0.0
палай,пала,1,2,0,0.0,0.0,inf,0.0
поліція,поліці,1,1,0,0.0,0.0,inf,0.0
південь,півден,1,13,0,0.0,0.0,inf,0.0
стонік,стонік,1,2,0,0.0,0.0,inf,0.0
пси,пси,1,1,0,0.0,0.0,inf,0.0
цим,цим,1,2,0,0.0,0.0,inf,0.0
керую,кер,1,2,0,0.0,0.0,inf,0.0
хужі,хужі,1,5,0,0.0,0.0,inf,0.0
хуйді,хуйді,1,1,0,0.0,0.0,inf,0.0
хусл,хусл,1,1,0,0.0,0.0,inf,0.0
хюге,хюг,1,4,0,0.0,0.0,inf,0.0
цветное,цветн,1,1,0,0.0,0.0,inf,0.0
цвинтар,цвинтар,1,43,0,0.0,0.0,inf,0.0
polo,polo,12,13,0,0.0,0.0,inf,0.0
цупка,цупк,1,1,0,0.0,0.0,inf,0.0
цуфк,цуфк,1,1,0,0.0,0.0,inf,0.0
цікаві,цікаві,3,6,0,0.0,0.0,inf,0.0
чашка,чашк,1,7,0,0.0,0.0,inf,0.0
чепура,чепур,1,1,0,0.0,0.0,inf,0.0
чер,чер,2,6,0,0.0,0.0,inf,0.0
історія,історі,4,9,0,0.0,0.0,inf,0.0
червоночорний,червоночорн,1,1,0,0.0,0.0,inf,0.0
lauren,lauren,9,9,0,0.0,0.0,inf,0.0
розмірна,розмірн,1,1,0,0.0,0.0,inf,0.0
янець,янет^,1,1,0,0.0,0.0,inf,0.0
кам,кам,1,1,0,0.0,0.0,inf,0.0
подільський,подільськ,1,1,0,0.0,0.0,inf,0.0
брючні,брючні,1,1,0,0.0,0.0,inf,0.0
парашути,парашут,2,3,0,0.0,0.0,inf,0.0
несе,нес,1,3,0,0.0,0.0,inf,0.0
чорновіл,чорновіл,1,3,0,0.0,0.0,inf,0.0
чіноси,чінос,2,2,0,0.0,0.0,inf,0.0
одеть,одет,1,1,0,0.0,0.0,inf,0.0
подарить,подар,7,12,0,0.0,0.0,inf,0.0
рождения,рожден,2,3,0,0.0,0.0,inf,0.0
пожарнику,пожарник,1,2,0,0.0,0.0,inf,0.0
братан,брата,1,1,0,0.0,0.0,inf,0.0
чувак,чувак,2,3,0,0.0,0.0,inf,0.0
отстой,отст,1,2,0,0.0,0.0,inf,0.0
вечеринка,вечеринк,1,2,0,0.0,0.0,inf,0.0
шroom,шро,1,1,0,0.0,0.0,inf,0.0
шадоу,шадо,1,1,0,0.0,0.0,inf,0.0
шалена,шал,1,2,0,0.0,0.0,inf,0.0
шапка,шапк,1,1,0,0.0,0.0,inf,0.0
шатни,шатн,2,2,0,0.0,0.0,inf,0.0
швейка,швейк,1,2,0,0.0,0.0,inf,0.0
медиків,медиків,1,1,0,0.0,0.0,inf,0.0
шелковые,шелков,1,1,0,0.0,0.0,inf,0.0
шелкотрафарет,шелкотрафарет,1,2,0,0.0,0.0,inf,0.0
шер17,шер17,1,1,0,0.0,0.0,inf,0.0
шинигами,шиниг,3,3,0,0.0,0.0,inf,0.0
кутюр,кутюр,2,2,0,0.0,0.0,inf,0.0
пнг,пнг,1,1,0,0.0,0.0,inf,0.0
школьные,школьн,2,2,0,0.0,0.0,inf,0.0
шкіряні,шкіряні,1,1,0,0.0,0.0,inf,0.0
подарувати,подаруват,7,14,0,0.0,0.0,inf,0.0
шобшо,шобш,1,5,0,0.0,0.0,inf,0.0
twice,twice,1,1,0,0.0,0.0,inf,0.0
бігу,бігу,3,4,0,0.0,0.0,inf,0.0
довгі,довгі,4,5,0,0.0,0.0,inf,0.0
мусліну,муслін,1,1,0,0.0,0.0,inf,0.0
боках,бок,2,2,0,0.0,0.0,inf,0.0
низькій,низькі,1,1,0,0.0,0.0,inf,0.0
посадці,посадці,1,1,0,0.0,0.0,inf,0.0
тканинні,тканинні,1,1,0,0.0,0.0,inf,0.0
бермуды,бермуд,1,1,0,0.0,0.0,inf,0.0
шрапнель,шрапнел,3,14,0,0.0,0.0,inf,0.0
штае,шта,1,1,0,0.0,0.0,inf,0.0
штанв,штанв,1,2,0,0.0,0.0,inf,0.0
штандарт,штандарт,2,5,0,0.0,0.0,inf,0.0
афгани,афган,1,2,0,0.0,0.0,inf,0.0
барел,барел,1,1,0,0.0,0.0,inf,0.0
бойфренди,бойфренд,1,1,0,0.0,0.0,inf,0.0
бтс,бтс,1,2,0,0.0,0.0,inf,0.0
вовна,вовн,1,1,0,0.0,0.0,inf,0.0
віскоза,віскоз,2,2,0,0.0,0.0,inf,0.0
горпкор,горпкор,1,1,0,0.0,0.0,inf,0.0
бальних,бальн,1,2,0,0.0,0.0,inf,0.0
гір,гір,1,2,0,0.0,0.0,inf,0.0
контемпу,контемп,1,1,0,0.0,0.0,inf,0.0
ralph,ralph,9,9,0,0.0,0.0,inf,0.0
походу,поход,3,4,0,0.0,0.0,inf,0.0
трекінгу,трекінг,2,4,0,0.0,0.0,inf,0.0
хайкінгу,хайкінг,1,3,0,0.0,0.0,inf,0.0
есентіалс,есентіалс,1,4,0,0.0,0.0,inf,0.0
талією,таліє,1,1,0,0.0,0.0,inf,0.0
кишенями,кишен,1,1,0,0.0,0.0,inf,0.0
софтшелу,софтшел,1,1,0,0.0,0.0,inf,0.0
маямі,маямі,1,1,0,0.0,0.0,inf,0.0
мерта,мерт,1,1,0,0.0,0.0,inf,0.0
мертра,мертр,1,3,0,0.0,0.0,inf,0.0
випускний,випускн,1,1,0,0.0,0.0,inf,0.0
останній,останні,1,1,0,0.0,0.0,inf,0.0
дзвоник,дзвоник,1,1,0,0.0,0.0,inf,0.0
хутрі,хутрі,1,1,0,0.0,0.0,inf,0.0
нюбеленс,нюбеленс,1,1,0,0.0,0.0,inf,0.0
мані,мані,1,3,0,0.0,0.0,inf,0.0
кросівки,кросівк,1,1,0,0.0,0.0,inf,0.0
рібок,рібок,2,4,0,0.0,0.0,inf,0.0
скейтери,скейтер,1,1,0,0.0,0.0,inf,0.0
сувене,сувен,1,1,0,0.0,0.0,inf,0.0
тенсел,тенсел,1,1,0,0.0,0.0,inf,0.0
штант,штант,1,1,0,0.0,0.0,inf,0.0
штанцы,штанц,1,1,0,0.0,0.0,inf,0.0
штанці,штанці,1,1,0,0.0,0.0,inf,0.0
abc,abc,1,1,0,0.0,0.0,inf,0.0
jako,jako,1,1,0,0.0,0.0,inf,0.0
kanye,kanye,1,1,0,0.0,0.0,inf,0.0
mm6,mm6,1,1,0,0.0,0.0,inf,0.0
palazzo,palazzo,1,1,0,0.0,0.0,inf,0.0
poli,poli,1,1,0,0.0,0.0,inf,0.0
sorry,sorry,1,1,0,0.0,0.0,inf,0.0
алладины,алладин,1,1,0,0.0,0.0,inf,0.0
асикс,асикс,2,3,0,0.0,0.0,inf,0.0
баллоны,баллон,3,10,0,0.0,0.0,inf,0.0
болоневые,болонев,1,1,0,0.0,0.0,inf,0.0
бриз,бриз,1,1,0,0.0,0.0,inf,0.0
быстросохнущие,быстросохнущ,1,1,0,0.0,0.0,inf,0.0
бэги,бэг,1,1,0,0.0,0.0,inf,0.0
качков,качк,1,1,0,0.0,0.0,inf,0.0
жатка,жатк,1,1,0,0.0,0.0,inf,0.0
замши,замш,1,1,0,0.0,0.0,inf,0.0
изи,из,1,10,0,0.0,0.0,inf,0.0
карра,карр,1,1,0,0.0,0.0,inf,0.0
леон,леон,1,1,0,0.0,0.0,inf,0.0
маршмеллоу,маршмелло,1,1,0,0.0,0.0,inf,0.0
кулиске,кулиск,1,1,0,0.0,0.0,inf,0.0
175,175,1,1,0,0.0,0.0,inf,0.0
физру,физр,1,1,0,0.0,0.0,inf,0.0
промокаючі,промокаючі,1,1,0,0.0,0.0,inf,0.0
поварские,поварск,1,2,0,0.0,0.0,inf,0.0
детские,детск,1,1,0,0.0,0.0,inf,0.0
шуршащие,шурша,1,1,0,0.0,0.0,inf,0.0
эверласт,эверласт,1,1,0,0.0,0.0,inf,0.0
эссеншиал,эссеншиа,2,12,0,0.0,0.0,inf,0.0
юникло,юникл,4,7,0,0.0,0.0,inf,0.0
штаф,штаф,1,1,0,0.0,0.0,inf,0.0
штурмовік,штурмовік,1,1,0,0.0,0.0,inf,0.0
щарк,щарк,1,1,0,0.0,0.0,inf,0.0
щирокі,щирокі,1,2,0,0.0,0.0,inf,0.0
діві,діві,1,1,0,0.0,0.0,inf,0.0
рятівника,рятівник,1,1,0,0.0,0.0,inf,0.0
чоловікові,чоловікові,1,1,0,0.0,0.0,inf,0.0
щогла,щогл,1,1,0,0.0,0.0,inf,0.0
ымфыещту,ымфыещт,1,1,0,0.0,0.0,inf,0.0
ышд,ышд,1,1,0,0.0,0.0,inf,0.0
ефс,ефс,1,1,0,0.0,0.0,inf,0.0
ь8д8ер,ь8д8ер,1,1,0,0.0,0.0,inf,0.0
эдди,эдд,1,2,0,0.0,0.0,inf,0.0
перец,перец,2,3,0,0.0,0.0,inf,0.0
эксклюзивные,эксклюзивн,1,1,0,0.0,0.0,inf,0.0
элис,элис,2,2,0,0.0,0.0,inf,0.0
эмблема,эмблем,1,1,0,0.0,0.0,inf,0.0
эуди,эуд,1,1,0,0.0,0.0,inf,0.0
юамейд,юамейд,1,1,0,0.0,0.0,inf,0.0
юатек,юатек,1,1,0,0.0,0.0,inf,0.0
южал,южа,1,2,0,0.0,0.0,inf,0.0
южел,южел,1,1,0,0.0,0.0,inf,0.0
южиал,южиа,1,1,0,0.0,0.0,inf,0.0
южл,южл,1,2,0,0.0,0.0,inf,0.0
slim,slim,5,7,0,0.0,0.0,inf,0.0
прага,праг,1,2,0,0.0,0.0,inf,0.0
юрій,юрі,1,6,0,0.0,0.0,inf,0.0
їбу,їбу,2,12,0,0.0,0.0,inf,0.0
язок,язок,1,2,0,0.0,0.0,inf,0.0
яskravo,яскрав,5,8,0,0.0,0.0,inf,0.0
яверета,яверет,1,4,0,0.0,0.0,inf,0.0
women,women,12,15,0,0.0,0.0,inf,0.0
sports,sports,4,5,0,0.0,0.0,inf,0.0
hollister,hollister,3,4,0,0.0,0.0,inf,0.0
track,track,7,11,0,0.0,0.0,inf,0.0
percent,percent,4,9,0,0.0,0.0,inf,0.0
life,life,9,23,0,0.0,0.0,inf,0.0
9sm,9sm,1,2,0,0.0,0.0,inf,0.0
alyx,alyx,1,2,0,0.0,0.0,inf,0.0
1017,1017,1,2,0,0.0,0.0,inf,0.0
tracksuit,tracksuit,3,4,0,0.0,0.0,inf,0.0
12254412,12254412,1,1,0,0.0,0.0,inf,0.0
12monkeys,12monkeys,1,1,0,0.0,0.0,inf,0.0
trousers,trousers,17,32,0,0.0,0.0,inf,0.0
litera,litera,1,2,0,0.0,0.0,inf,0.0
літера,літер,3,8,0,0.0,0.0,inf,0.0
garden,garden,5,14,0,0.0,0.0,inf,0.0
044,044,2,9,0,0.0,0.0,inf,0.0
повісити,повісит,3,12,0,0.0,0.0,inf,0.0
velvet,velvet,5,5,0,0.0,0.0,inf,0.0
bagi,bagi,1,4,0,0.0,0.0,inf,0.0
називаються,називают,1,1,0,0.0,0.0,inf,0.0
прикріпити,прикріпит,1,4,0,0.0,0.0,inf,0.0
підібрати,підібрат,1,1,0,0.0,0.0,inf,0.0
якакула,якакул,1,5,0,0.0,0.0,inf,0.0
які,які,1,2,0,0.0,0.0,inf,0.0
бувають,бувают,1,2,0,0.0,0.0,inf,0.0
янг,янг,1,2,0,0.0,0.0,inf,0.0
яшкіна,яшкін,1,1,0,0.0,0.0,inf,0.0
питання,питан,1,1,0,0.0,0.0,inf,0.0
єва,єва,1,1,0,0.0,0.0,inf,0.0
історії,історії,1,1,0,0.0,0.0,inf,0.0
044garden,044garden,1,5,0,0.0,0.0,inf,0.0
