word,stem,n_terms,impressions,clicks,cost,conversions,CPA,CTR_%
прапор,прапор,796,46093,396,6111.26,13.0,470.1,0.86
корогва,корогв,16,43219,263,4212.35,23.784,177.1,0.61
футболка,футболк,5050,32408,338,3843.04,1.0,3843.0,1.04
штани,штан,2688,19560,297,3124.31,10.0,312.4,1.52
чоловічі,чоловічі,803,10508,169,1705.52,5.5,310.1,1.61
худі,худі,1076,17450,188,1487.01,6.876,216.3,1.08
мужские,мужск,1374,9584,132,1468.29,1.0,1468.3,1.38
спортивні,спортивні,563,6690,135,1281.51,3.0,427.2,2.02
флаг,флаг,505,9418,77,1201.39,3.031,396.4,0.82
спортивные,спортивн,802,4873,80,1006.58,5.0,201.3,1.64
купити,купит,495,7238,77,994.24,0.5,1988.5,1.06
худи,худ,1511,13212,120,927.05,1.0,927.0,0.91
принтом,принт,495,4954,66,817.27,0.0,inf,1.33
купить,куп,1023,7795,63,773.21,2.0,386.6,0.81
військових,військов,113,3340,39,605.33,3.0,201.8,1.17
чоловіче,чоловіч,486,5618,56,556.58,1.0,556.6,1.0
замовити,замовит,32,1989,13,504.19,0.0,inf,0.65
оверсайз,оверсайз,418,2750,39,468.09,0.0,inf,1.42
honorovi,honorovi,7,1622,10,464.79,0.0,inf,0.62
широкі,широкі,157,2199,56,460.28,2.0,230.1,2.55
мерч,мерч,595,5259,55,419.25,0.0,inf,1.05
кофта,кофт,1120,7236,56,386.19,1.0,386.2,0.77
жіночі,жіночі,385,2467,32,354.8,0.0,inf,1.3
широкие,широк,274,2138,43,322.62,0.0,inf,2.01
одяг,одяг,671,3364,25,309.6,0.0,inf,0.74
донецкой,донецк,55,1574,24,304.57,1.031,295.4,1.52
области,област,51,1582,25,301.71,1.031,292.6,1.58
corogva,corogva,2,2762,21,299.23,1.352,221.3,0.76
військові,військові,49,2172,18,280.22,0.0,inf,0.83
зіп,зіп,93,3953,41,261.28,0.08,3263.6,1.04
брюки,брюк,279,865,20,259.34,0.0,inf,2.31
магазин,магазин,449,2675,24,257.12,1.0,257.1,0.9
черные,черн,360,1888,23,256.16,1.0,256.2,1.22
вампір,вампір,17,670,22,250.69,0.046,5450.7,3.28
зип,зип,182,3004,35,237.79,0.0,inf,1.17
женские,женск,411,1231,20,231.14,0.0,inf,1.62
мілітарі,мілітарі,47,1505,10,222.02,0.0,inf,0.66
замовлення,замовлен,32,1800,10,221.02,0.0,inf,0.56
донбас,донбас,25,475,11,203.76,0.0,inf,2.32
военным,воен,73,782,13,202.17,0.0,inf,1.66
club,club,75,2310,18,199.58,0.0,inf,0.78
дрона,дрон,19,517,9,192.67,0.0,inf,1.74
division,division,94,4853,33,191.97,0.0,inf,0.68
заказ,заказ,30,644,6,180.5,0.0,inf,0.93
дснс,дснс,107,642,16,178.32,0.0,inf,2.49
зіпка,зіпка,79,1783,19,174.02,0.25,696.1,1.07
ukraine,ukraine,77,244,6,163.5,0.0,inf,2.46
гуд,гуд,8,970,10,141.34,1.0,141.3,1.03
бойс,бойс,9,973,10,141.34,1.0,141.3,1.03
зсу,зсу,70,1213,15,139.27,2.0,69.6,1.24
клаб,клаб,12,842,9,131.66,1.0,131.7,1.07
свастон,свастон,57,2975,8,127.69,0.0,inf,0.27
україни,україн,193,1591,8,127.19,0.0,inf,0.5
толстовка,толстовк,293,1611,16,124.46,0.0,inf,0.99
жіноча,жіноч,206,1141,13,120.66,1.0,120.7,1.14
чорні,чорні,149,966,8,119.59,0.0,inf,0.83
медик,медик,27,200,11,119.49,0.0,inf,5.5
group,group,59,1739,13,118.38,0.0,inf,0.75
донецької,донецької,9,1016,11,116.87,0.0,inf,1.08
чорна,чорн,159,1180,10,114.1,1.0,114.1,0.85
toys,toys,8,1085,5,113.01,0.0,inf,0.46
peklo,peklo,8,1121,5,113.01,0.0,inf,0.45
baggy,baggy,115,426,7,112.35,0.0,inf,1.64
зипка,зипк,258,2892,20,109.93,0.0,inf,0.69
генг,генг,14,485,4,105.38,0.0,inf,0.82
оптимус,оптимус,31,670,4,105.17,0.0,inf,0.6
одежда,одежд,540,1575,19,104.88,0.0,inf,1.21
прапорів,прапорів,27,558,5,103.36,0.0,inf,0.9
подмост,подмост,28,881,8,102.39,1.0,102.4,0.91
прямі,прямі,31,300,8,102.23,1.0,102.2,2.67
області,області,11,1025,9,100.95,0.0,inf,0.88
нема,нем,3,6,1,97.75,0.0,inf,16.67
самурая,самур,3,3,1,97.75,0.0,inf,33.33
тіко,тіко,2,2,1,97.75,0.0,inf,50.0
пульт,пульт,3,3,1,97.75,0.0,inf,33.33
заколот,заколот,14,604,10,97.69,0.0,inf,1.66
riot,riot,49,3476,16,94.15,0.0,inf,0.46
дивижн,дивижн,45,1905,21,94.1,0.0,inf,1.1
блискавці,блискавці,37,646,12,90.85,1.0,90.8,1.86
нрк,нрк,13,231,10,90.3,0.0,inf,4.33
промінь,промін,4,5,1,89.1,0.0,inf,20.0
good,good,32,1507,9,86.59,0.0,inf,0.6
русоріз,русоріз,9,564,20,84.94,0.0,inf,3.55
оптімус,оптімус,6,283,3,82.59,0.0,inf,1.06
boys,boys,35,1541,10,82.56,0.0,inf,0.65
ганг,ганг,21,433,3,82.38,0.0,inf,0.69
украина,украин,257,919,8,82.23,0.0,inf,0.87
українського,українськ,128,977,11,79.67,0.0,inf,1.13
норд,норд,37,1515,16,79.28,0.0,inf,1.06
груп,груп,40,1361,10,75.78,0.0,inf,0.73
шорти,шорт,208,507,8,73.38,0.0,inf,1.58
dubhumans,dubhumans,3,279,3,73.16,0.0,inf,1.08
бренд,бренд,273,1480,8,73.01,0.0,inf,0.54
company,company,62,1619,10,72.92,0.0,inf,0.62
дронщики,дронщик,4,114,6,72.86,0.0,inf,5.26
military,military,33,364,7,72.54,0.0,inf,1.92
goodboys,goodboys,1,127,3,72.28,0.0,inf,2.36
слабким,слабк,16,771,4,72.18,0.0,inf,0.52
стену,стен,19,546,7,70.14,0.0,inf,1.28
милитари,милитар,47,638,7,69.98,0.0,inf,1.1
компани,компан,39,869,9,69.82,0.0,inf,1.04
донецька,донецьк,33,491,7,69.42,0.0,inf,1.43
nord,nord,29,1294,16,68.74,0.0,inf,1.24
друк,друк,30,476,2,68.22,0.0,inf,0.42
костюм,костюм,274,783,11,68.13,0.0,inf,1.4
баггі,баггі,34,308,6,67.51,0.0,inf,1.95
шеврон,шеврон,73,468,13,66.76,0.0,inf,2.78
хартія,харті,12,322,3,66.68,0.0,inf,0.93
авіація,авіаці,16,396,5,65.74,0.0,inf,1.26
галичини,галичин,28,475,5,65.74,0.0,inf,1.05
таро,тар,3,133,4,62.89,0.0,inf,3.01
vampire,vampire,15,447,7,62.88,0.0,inf,1.57
пізда,пізда,12,573,3,62.77,0.0,inf,0.52
flags,flags,9,247,3,62.57,0.0,inf,1.21
світшот,світшот,87,725,4,61.51,0.0,inf,0.55
мінометників,мінометників,2,115,8,61.37,1.0,61.4,6.96
стіну,стіну,20,988,9,59.68,0.0,inf,0.91
гур,гур,14,215,1,59.31,0.0,inf,0.47
brand,brand,83,543,5,58.83,0.0,inf,0.92
rype,rype,1,1,1,58.61,0.0,inf,100.0
рок,рок,86,472,4,58.02,0.0,inf,0.85
stlv,stlv,6,692,5,57.77,0.0,inf,0.72
balak,balak,2,236,2,54.95,0.0,inf,0.85
shop,shop,207,1222,7,53.96,0.0,inf,0.57
джинсы,джинс,188,412,8,53.9,0.0,inf,1.94
заказать,заказа,44,641,1,53.66,0.0,inf,0.16
дпсу,дпсу,9,65,1,53.62,0.0,inf,1.54
фото,фот,46,1128,6,53.27,0.0,inf,0.53
подарунок,подарунок,18,71,2,53.16,0.0,inf,2.82
riotdivision,riotdivision,4,360,7,52.59,0.0,inf,1.94
zara,zara,69,181,3,52.3,0.0,inf,1.66
режим,реж,13,213,2,52.2,0.0,inf,0.94
київський,київськ,6,153,2,52.2,0.0,inf,1.31
банери,банер,16,212,2,51.8,0.0,inf,0.94
хованского,хованск,1,4,1,51.69,0.0,inf,25.0
русский,русск,3,41,1,51.41,0.0,inf,2.44
корабль,корабл,5,43,1,51.41,0.0,inf,2.33
ogonpushka,ogonpushka,2,75,2,51.11,0.0,inf,2.67
баба,баб,48,337,10,50.41,0.0,inf,2.97
бпла,бпла,8,67,3,50.15,0.0,inf,4.48
сикснайн,сикснайн,2,13,2,50.01,0.0,inf,15.38
фпв,фпв,7,120,5,50.01,0.5,100.0,4.17
гонорові,гонорові,9,774,3,49.78,0.0,inf,0.39
teivaz,teivaz,3,530,5,48.93,0.0,inf,0.94
dead,dead,38,645,4,48.69,0.0,inf,0.62
язківець,язківет^,2,33,8,48.48,0.0,inf,24.24
спортзала,спортза,6,28,3,47.29,0.0,inf,10.71
ошбр,ошбр,9,116,2,47.2,0.0,inf,1.72
черепами,череп,52,377,6,45.6,0.0,inf,1.59
souls,souls,12,378,3,45.46,0.0,inf,0.79
hype,hype,10,153,3,45.26,0.0,inf,1.96
rikky,rikky,8,151,3,45.26,0.0,inf,1.99
хоругва,хоругв,4,54,1,44.65,0.0,inf,1.85
кроя,кро,41,172,4,44.32,0.0,inf,2.33
без,без,48,155,5,44.32,0.0,inf,3.23
оригинал,оригина,50,76,1,43.37,0.0,inf,1.32
українські,українські,52,487,4,43.16,0.0,inf,0.82
cgt,cgt,10,109,2,42.85,0.0,inf,1.83
жадан,жада,13,50,3,42.64,0.0,inf,6.0
собаки,собак,12,41,3,42.64,0.0,inf,7.32
mirohodec,mirohodec,1,9,1,42.63,0.0,inf,11.11
welcome,welcome,8,54,4,42.3,0.0,inf,7.41
hell,hell,13,75,4,42.3,0.0,inf,5.33
плакат,плакат,35,268,5,42.23,0.0,inf,1.87
розвідки,розвідк,6,395,6,42.19,0.0,inf,1.52
джогери,джогер,90,411,5,42.14,0.0,inf,1.22
яга,яг,40,272,6,41.26,0.0,inf,2.21
донбасса,донбасс,31,764,7,41.12,0.0,inf,0.92
льняные,льнян,21,80,2,40.91,0.0,inf,2.5
пума,пум,47,78,3,40.91,0.0,inf,3.85
wear,wear,62,1356,3,40.89,0.0,inf,0.22
potasovka,potasovka,8,166,5,39.52,0.0,inf,3.01
hate,hate,26,954,3,38.64,0.0,inf,0.31
піхота,піхот,19,166,3,38.58,0.0,inf,1.81
флагі,флагі,1,32,1,38.12,0.0,inf,3.12
маверик,маверик,7,177,3,37.71,0.0,inf,1.69
дівіжн,дівіжн,24,1068,11,37.5,0.0,inf,1.03
артилерія,артилері,5,127,2,37.41,0.0,inf,1.57
гектор,гектор,1,1,1,37.32,0.0,inf,100.0
інтернет,інтернет,11,23,2,37.27,0.0,inf,8.7
патріотичні,патріотичні,29,257,4,37.23,0.0,inf,1.56
безвісти,безвіст,11,321,2,37.11,0.0,inf,0.62
зниклих,зникл,12,324,2,37.11,0.0,inf,0.62
kentpaket,kentpaket,1,52,1,36.99,0.0,inf,1.92
ронин,ронин,1,5,1,36.93,0.0,inf,20.0
вандерласт,вандерласт,1,5,1,36.16,0.0,inf,20.0
багги,багг,43,231,3,35.53,0.0,inf,1.3
рагнарок,рагнарок,4,148,2,35.2,0.0,inf,1.35
лонг,лонг,19,58,1,34.98,0.0,inf,1.72
дшв,дшв,17,153,1,34.88,0.0,inf,0.65
виготовлення,виготовлен,8,227,3,34.69,0.0,inf,1.32
svastone,svastone,31,1486,3,34.02,0.0,inf,0.2
стафф,стафф,103,709,4,33.95,0.0,inf,0.56
прямые,прям,66,345,3,33.63,0.0,inf,0.87
clo,clo,17,134,3,33.45,0.0,inf,2.24
резинці,резинці,18,27,3,33.07,0.0,inf,11.11
pezet,pezet,1,1,1,32.93,0.0,inf,100.0
хонорови,хоноров,1,98,2,32.86,0.0,inf,2.04
великих,велик,70,209,4,32.33,0.0,inf,1.91
розмірів,розмірів,61,183,4,32.33,0.0,inf,2.19
foxtrot,foxtrot,16,529,7,31.89,0.0,inf,1.32
zero,zero,25,557,7,31.89,0.0,inf,1.26
hoodie,hoodie,442,1431,7,31.71,0.0,inf,0.49
айленд,айленд,23,53,2,31.71,0.0,inf,3.77
стон,стон,30,109,2,31.71,0.0,inf,1.83
zip,zip,132,759,7,31.71,0.0,inf,0.92
київ,київ,44,233,3,31.61,0.0,inf,1.29
гог,гог,1,6,1,30.7,0.0,inf,16.67
ван,ван,7,20,1,30.7,0.0,inf,5.0
укр,укр,24,166,3,30.68,0.0,inf,1.81
запоріжжя,запоріжж,8,137,3,30.57,0.0,inf,2.19
tac,tac,14,119,3,30.55,0.0,inf,2.52
revish,revish,1,5,1,30.2,0.0,inf,20.0
патагонія,патагоні,5,19,1,30.2,0.0,inf,5.26
лляні,лляні,28,86,1,30.12,0.0,inf,1.16
cult,cult,14,774,2,30.04,0.0,inf,0.26
coast,coast,8,28,2,29.68,0.0,inf,7.14
west,west,12,32,2,29.68,0.0,inf,6.25
gart,gart,1,47,2,29.45,0.0,inf,4.26
мистер,мистер,2,18,2,29.18,0.0,inf,11.11
манжетів,манжетів,4,35,2,29.04,0.0,inf,5.71
толстых,толст,4,6,1,29.04,0.0,inf,16.67
ріот,ріот,13,860,8,28.63,0.0,inf,0.93
забой,заб,8,107,2,28.58,0.0,inf,1.87
андеграунд,андеграунд,18,154,1,28.52,0.0,inf,0.65
спортивки,спортивк,64,353,3,27.94,0.0,inf,0.85
морська,морськ,7,32,1,27.85,0.0,inf,3.12
патч,патч,25,103,4,27.77,0.0,inf,3.88
бершка,бершк,37,147,3,27.32,0.0,inf,2.04
маверік,маверік,7,77,1,27.27,0.0,inf,1.3
headbag,headbag,4,218,1,27.06,0.0,inf,0.46
kirakilla,kirakilla,2,39,1,26.58,0.0,inf,2.56
тойс,тойс,5,676,3,26.25,0.0,inf,0.44
пекло,пекл,6,712,3,26.25,0.0,inf,0.42
zaboy,zaboy,4,54,1,26.21,0.0,inf,1.85
donetsk,donetsk,3,21,1,26.21,0.0,inf,4.76
ogp,ogp,12,709,5,26.06,0.0,inf,0.71
теплые,тепл,68,112,2,26.01,0.0,inf,1.79
розмір,розмір,37,146,3,25.84,0.0,inf,2.05
байдикую,байдик,1,17,2,25.73,0.0,inf,11.76
korogva,korogva,1,454,4,25.65,0.0,inf,0.88
вампир,вампир,11,119,2,25.62,0.0,inf,1.68
виробництва,виробництв,5,50,3,25.46,0.0,inf,6.0
харків,харків,26,245,2,25.23,0.0,inf,0.82
коргва,коргв,1,82,2,25.17,0.0,inf,2.44
літні,літні,61,114,3,25.17,0.0,inf,2.63
кепка,кепк,17,34,1,25.1,0.0,inf,2.94
com,com,61,276,2,24.76,0.0,inf,0.72
україні,україні,10,63,1,24.56,0.0,inf,1.59
bull,bull,4,19,1,24.48,0.0,inf,5.26
pit,pit,4,19,1,24.48,0.0,inf,5.26
молнии,молн,76,339,4,24.47,0.0,inf,1.18
стор,стор,7,21,1,24.45,0.0,inf,4.76
спорт,спорт,52,131,2,23.77,0.0,inf,1.53
харьков,харьк,47,172,3,23.74,0.0,inf,1.74
бойовий,бойов,14,262,2,23.74,0.0,inf,0.76
молот,молот,20,190,2,23.66,0.0,inf,1.05
relaxed,relaxed,25,66,1,23.6,0.0,inf,1.52
wide,wide,43,64,1,23.6,0.0,inf,1.56
скеля,скел,6,214,1,23.55,0.0,inf,0.47
капюшоном,капюшон,118,394,3,23.54,0.0,inf,0.76
игрушка,игрушк,3,4,1,23.42,0.0,inf,25.0
турция,турц,9,13,2,23.28,0.0,inf,15.38
кроп,кроп,34,122,3,23.28,0.0,inf,2.46
стерненко,стерненк,14,559,3,23.04,0.0,inf,0.54
шоп,шоп,76,536,3,22.99,0.0,inf,0.56
ідея,іде,8,253,1,22.81,0.0,inf,0.4
нації,нації,10,255,1,22.81,0.0,inf,0.39
знак,знак,8,19,1,22.48,0.0,inf,5.26
больших,больш,65,122,3,22.46,0.0,inf,2.46
скейтбординг,скейтбординг,7,326,3,22.32,1.0,22.3,0.92
будь,буд,9,18,2,22.3,0.0,inf,11.11
281z,281z,2,13,1,21.94,0.0,inf,7.69
анархистов,анархист,3,8,1,21.85,0.0,inf,12.5
поло,пол,27,43,2,21.65,0.0,inf,4.65
адидас,адидас,71,145,2,21.37,0.0,inf,1.38
гори,гор,21,62,1,21.23,0.0,inf,1.61
тактичне,тактичн,31,205,3,21.15,0.0,inf,1.46
ангелами,ангел,18,65,2,21.14,0.0,inf,3.08
rocks,rocks,4,544,5,21.14,0.0,inf,0.92
range,range,5,584,5,21.14,0.0,inf,0.86
флагшток,флагшток,74,394,7,21.12,0.0,inf,1.78
православные,православн,13,65,3,21.09,0.0,inf,4.62
zoho,zoho,12,246,1,20.82,0.0,inf,0.41
футболок,футболок,20,78,2,20.73,0.0,inf,2.56
bazalook,bazalook,1,21,3,20.36,0.0,inf,14.29
теплі,теплі,38,67,2,20.17,0.0,inf,2.99
нікова,ніков,15,158,2,20.06,0.0,inf,1.27
oversize,oversize,21,58,3,19.79,0.0,inf,5.17
обериг,обериг,2,34,2,19.77,0.0,inf,5.88
hello,hello,2,4,1,19.73,0.0,inf,25.0
kitty,kitty,1,2,1,19.73,0.0,inf,50.0
рожеве,рожев,30,170,2,19.65,1.0,19.6,1.18
зіпку,зіпку,5,176,3,19.65,0.0,inf,1.7
premiata,premiata,2,6,1,19.57,0.0,inf,16.67
стильна,стильн,30,52,2,19.34,0.0,inf,3.85
трикотажні,трикотажні,23,81,1,19.25,0.0,inf,1.23
размеров,размер,74,122,3,19.2,0.0,inf,2.46
beom,beom,2,19,1,19.11,0.0,inf,5.26
design,design,14,64,1,19.11,0.0,inf,1.56
модні,модні,16,29,2,18.76,0.0,inf,6.9
rusoriz,rusoriz,5,147,8,18.42,0.0,inf,5.44
антисоциал,антисоциа,1,4,1,18.34,0.0,inf,25.0
про,про,19,68,1,18.34,0.0,inf,1.47
shirts,shirts,41,81,1,18.34,0.0,inf,1.23
тризуб,тризуб,19,39,1,18.24,0.0,inf,2.56
fpv,fpv,11,175,2,18.21,0.0,inf,1.14
футер,футер,2,6,1,18.14,0.0,inf,16.67
потасовка,потасовк,19,602,6,18.0,0.0,inf,1.0
частин,частин,6,83,1,17.93,0.0,inf,1.2
сбс,сбс,6,126,2,17.7,0.0,inf,1.59
шмотки,шмотк,6,17,1,17.58,0.0,inf,5.88
kaif,kaif,4,21,1,17.56,0.0,inf,4.76
schmalgauzen,schmalgauzen,4,28,2,17.41,0.0,inf,7.14
metalshop,metalshop,4,50,2,17.39,0.0,inf,4.0
scam,scam,7,16,1,17.39,0.0,inf,6.25
joggers,joggers,51,99,1,17.36,0.0,inf,1.01
cropp,cropp,36,132,4,17.28,0.0,inf,3.03
warrior,warrior,17,255,2,17.14,0.0,inf,0.78
sweetpants,sweetpants,1,4,2,16.81,0.0,inf,50.0
humana,humana,2,2,1,16.69,0.0,inf,50.0
sviatogo,sviatogo,1,16,1,16.57,0.0,inf,6.25
nichogo,nichogo,1,16,1,16.57,0.0,inf,6.25
рост,рост,7,9,1,16.46,0.0,inf,11.11
высокий,высок,20,30,1,16.46,0.0,inf,3.33
метал,мета,27,198,1,16.14,0.0,inf,0.51
optimus,optimus,12,531,3,16.11,0.25,64.4,0.56
gang,gang,21,590,3,16.11,0.25,64.4,0.51
украинский,украинск,58,233,3,16.08,0.0,inf,1.29
официальные,официальн,14,72,2,16.01,0.0,inf,2.78
спине,спин,54,373,5,15.97,0.0,inf,1.34
ocean,ocean,21,138,2,15.89,0.0,inf,1.45
хижак,хижак,7,72,2,15.84,0.0,inf,2.78
хащі,хащі,4,171,2,15.6,0.0,inf,1.17
лудик,лудик,1,2,1,15.39,0.0,inf,50.0
monoclo,monoclo,1,10,1,15.16,0.0,inf,10.0
crazy,crazy,1,2,1,15.08,0.0,inf,50.0
art,art,8,22,1,15.08,0.0,inf,4.55
дурнев,дурн,8,263,2,15.07,0.0,inf,0.76
свободного,свободн,41,113,1,14.97,0.0,inf,0.88
кріплення,кріплен,8,158,7,14.96,0.0,inf,4.43
бункер,бункер,1,1,1,14.94,0.0,inf,100.0
centuria,centuria,2,14,1,14.91,0.0,inf,7.14
casual,casual,19,52,1,14.84,0.0,inf,1.92
loose,loose,37,76,1,14.69,0.0,inf,1.32
сайт,сайт,95,840,3,14.65,0.0,inf,0.36
гангстер,гангстер,1,4,3,14.63,0.0,inf,75.0
gearlab,gearlab,2,14,2,14.63,0.0,inf,14.29
syndicate,syndicate,12,237,2,14.54,0.0,inf,0.84
спині,спині,28,246,3,14.47,0.0,inf,1.22
farfie,farfie,2,83,1,14.45,0.0,inf,1.2
hmp,hmp,2,2,1,14.44,0.0,inf,50.0
corteiz,corteiz,17,29,1,14.44,0.0,inf,3.45
farfi,farfi,6,43,1,14.43,0.0,inf,2.33
longsleeve,longsleeve,3,8,1,14.42,0.0,inf,12.5
white,white,51,122,3,14.42,0.0,inf,2.46
clothes,clothes,40,128,1,14.33,0.0,inf,0.78
bad,bad,27,210,2,14.31,0.0,inf,0.95
стріляй,стріля,7,150,3,14.18,0.0,inf,2.0
мандруй,мандр,7,150,3,14.18,0.0,inf,2.0
кохай,коха,13,164,3,14.18,0.0,inf,1.83
брендів,брендів,15,76,2,14.17,0.0,inf,2.63
ппо,ппо,4,68,2,13.98,0.0,inf,2.94
мото,мот,9,79,1,13.87,0.0,inf,1.27
пеньком,пеньк,2,10,1,13.82,0.0,inf,10.0
найк,найк,122,295,3,13.77,0.0,inf,1.02
холодний,холодн,5,55,1,13.77,0.0,inf,1.82
риот,риот,15,580,5,13.73,0.0,inf,0.86
starberry,starberry,5,101,2,13.64,0.0,inf,1.98
sykes,sykes,1,16,1,13.58,0.0,inf,6.25
oli,oli,2,17,1,13.58,0.0,inf,5.88
huyase,huyase,1,2,1,13.53,0.0,inf,50.0
shmot,shmot,3,8,1,13.53,0.0,inf,12.5
хлопців,хлопців,25,72,2,13.49,0.0,inf,2.78
некст,некст,2,9,2,13.34,0.0,inf,22.22
сталкер,сталкер,17,83,1,13.17,0.0,inf,1.2
вільного,вільног,11,78,1,13.15,0.0,inf,1.28
тупаком,тупак,2,24,1,13.12,0.0,inf,4.17
зіпер,зіпер,3,24,2,13.11,0.0,inf,8.33
вархаммер,вархаммер,7,56,1,13.02,0.0,inf,1.79
40000,40000,7,38,1,13.02,0.0,inf,2.63
inspiradora,inspiradora,3,10,1,13.0,0.0,inf,10.0
wave,wave,2,9,2,12.97,0.0,inf,22.22
добру,добр,3,22,1,12.95,0.0,inf,4.55
бути,бут,3,21,1,12.95,0.0,inf,4.76
лама,лам,4,14,1,12.81,0.0,inf,7.14
зохо,зох,8,161,1,12.79,0.0,inf,0.62
луна,лун,3,12,1,12.76,0.0,inf,8.33
ушками,ушк,3,4,1,12.76,0.0,inf,25.0
зара,зар,62,186,2,12.61,0.0,inf,1.08
пирокинезис,пирокинезис,1,8,1,12.54,0.0,inf,12.5
maverick,maverick,13,415,1,12.45,0.0,inf,0.24
culture,culture,13,49,1,12.44,0.0,inf,2.04
orbit,orbit,1,2,1,12.44,0.0,inf,50.0
левис,левис,3,10,3,12.41,0.0,inf,30.0
smerch,smerch,4,173,1,12.3,0.0,inf,0.58
воля,вол,17,278,1,12.25,0.0,inf,0.36
смерть,смерт,32,272,1,12.25,0.0,inf,0.37
неформальная,неформальн,10,51,1,12.06,0.0,inf,1.96
фог,фог,2,25,1,11.87,0.0,inf,4.0
старшина,старшин,1,19,1,11.86,0.0,inf,5.26
молодіжні,молодіжні,11,36,1,11.84,0.0,inf,2.78
энд,энд,6,15,1,11.79,0.0,inf,6.67
дог,дог,2,10,1,11.79,0.0,inf,10.0
ред,ред,6,27,1,11.79,0.0,inf,3.7
hulls,hulls,1,7,1,11.77,0.0,inf,14.29
балахон,балахон,11,24,2,11.76,0.0,inf,8.33
merch,merch,147,373,3,11.74,0.0,inf,0.8
young,young,6,62,3,11.73,0.0,inf,4.84
thug,thug,5,63,3,11.73,0.0,inf,4.76
осенние,осен,31,114,2,11.59,0.0,inf,1.75
turwear,turwear,3,134,1,11.54,0.0,inf,0.75
mattino,mattino,9,476,1,11.53,0.0,inf,0.21
tnmk,tnmk,1,31,1,11.42,0.0,inf,3.23
металлика,металлик,7,22,1,11.41,0.0,inf,4.55
опг,опг,2,8,1,11.36,0.0,inf,12.5
замку,замк,70,392,2,11.31,0.0,inf,0.51
шинобі,шинобі,2,31,1,11.29,0.0,inf,3.23
дід,дід,2,31,1,11.29,0.0,inf,3.23
придатний,придатн,4,23,1,11.14,0.0,inf,4.35
необмежено,необмеж,3,22,1,11.14,0.0,inf,4.55
танців,танців,4,7,1,11.11,0.0,inf,14.29
ssur,ssur,9,110,2,11.09,0.0,inf,1.82
pantalon,pantalon,2,2,1,11.09,0.0,inf,50.0
м8л8тх,м8л8тх,12,122,2,11.09,0.0,inf,1.64
могилах,могил,9,74,1,11.08,0.0,inf,1.35
дизайном,дизайн,9,285,1,11.05,0.0,inf,0.35
власним,власн,5,156,1,11.05,0.0,inf,0.64
staff,staff,32,219,2,11.03,0.0,inf,0.91
balloon,balloon,3,3,1,11.01,0.0,inf,33.33
тематикой,тематик,14,120,1,10.96,0.0,inf,0.83
tear,tear,2,11,1,10.93,0.0,inf,9.09
готичні,готичні,2,13,1,10.91,0.0,inf,7.69
оригінальні,оригінальні,5,22,1,10.83,0.0,inf,4.55
зимние,зимн,30,58,1,10.73,0.0,inf,1.72
captheuni,captheuni,2,238,3,10.67,0.0,inf,1.26
емблема,емблем,7,20,1,10.62,0.0,inf,5.0
мнс,мнс,1,1,1,10.62,0.0,inf,100.0
льон,льон,9,17,1,10.59,0.0,inf,5.88
бандера,бандер,21,122,1,10.54,0.0,inf,0.82
львів,львів,37,168,1,10.5,0.0,inf,0.6
ссо,ссо,13,145,1,10.43,0.0,inf,0.69
богема,богем,1,34,1,10.41,0.0,inf,2.94
ленинград,ленинград,1,34,1,10.41,0.0,inf,2.94
clothing,clothing,74,211,2,10.38,0.0,inf,0.95
point,point,5,93,1,10.35,0.0,inf,1.08
fire,fire,5,93,1,10.35,0.0,inf,1.08
сарказм,сарказм,6,35,3,10.32,0.0,inf,8.57
batcat,batcat,1,10,1,10.28,0.0,inf,10.0
прапар,прапар,1,45,1,10.1,0.0,inf,2.22
мотохуді,мотохуді,1,9,1,10.09,0.0,inf,11.11
everfox,everfox,1,3,1,10.08,0.0,inf,33.33
stuff,stuff,3,21,1,10.05,0.0,inf,4.76
блокнот,блокнот,1,1,1,10.0,0.0,inf,100.0
літо,літо,11,18,1,9.96,0.0,inf,5.56
зіпки,зіпки,7,257,2,9.87,0.25,39.5,0.78
яктак,яктак,4,20,2,9.86,0.0,inf,10.0
ріотдівіжн,ріотдівіжн,1,17,1,9.8,0.0,inf,5.88
руник,руник,1,9,1,9.75,0.0,inf,11.11
шторм,шторм,3,12,1,9.75,0.0,inf,8.33
клуб,клуб,3,108,1,9.68,0.0,inf,0.93
r3ich,r3ich,3,304,2,9.66,0.0,inf,0.66
іду,іду,3,35,2,9.62,0.0,inf,5.71
sweatpants,sweatpants,94,235,2,9.61,0.0,inf,0.85
панк,панк,14,52,2,9.6,0.0,inf,3.85
язківців,язківців,1,34,1,9.56,0.0,inf,2.94
bmth,bmth,7,21,1,9.52,0.0,inf,4.76
kyiv,kyiv,20,235,2,9.52,0.0,inf,0.85
staybrave,staybrave,1,81,1,9.51,0.0,inf,1.23
манжетов,манжет,16,54,2,9.48,0.0,inf,3.7
худак,худак,16,261,1,9.45,0.0,inf,0.38
грибами,гриб,4,18,1,9.43,0.0,inf,5.56
1654,1654,5,65,2,9.41,0.0,inf,3.08
кракен,крак,17,227,2,9.41,0.0,inf,0.88
пизда,пизд,12,115,1,9.41,0.0,inf,0.87
org,org,2,3,1,9.28,0.0,inf,33.33
oakley,oakley,4,5,1,9.26,0.0,inf,20.0
dragon,dragon,6,18,1,9.23,0.0,inf,5.56
цивільний,цивільн,1,12,1,9.23,0.0,inf,8.33
money,money,8,12,1,9.23,0.0,inf,8.33
skill,skill,1,12,1,9.23,0.0,inf,8.33
kill,kill,14,57,1,9.23,0.0,inf,1.75
незалежності,незалежності,5,64,1,9.22,0.0,inf,1.56
палаццо,палацц,24,54,1,9.17,0.0,inf,1.85
personalizada,personalizada,1,5,1,9.08,0.0,inf,20.0
fazer,fazer,1,5,1,9.08,0.0,inf,20.0
bandeira,bandeira,2,6,1,9.08,0.0,inf,16.67
азов,аз,44,596,2,9.06,0.0,inf,0.34
журба,журб,6,25,1,9.0,0.0,inf,4.0
essentials,essentials,29,77,2,8.91,0.0,inf,2.6
у2к,у2к,9,44,1,8.87,0.0,inf,2.27
білий,біли,7,22,1,8.84,0.0,inf,4.55
томі,томі,1,1,1,8.75,0.0,inf,100.0
стяг,стяг,15,719,1,8.69,0.0,inf,0.14
руками,рук,7,10,1,8.66,0.0,inf,10.0
своими,сво,23,191,1,8.66,0.0,inf,0.52
монашка,монашк,3,6,1,8.58,0.0,inf,16.67
залізобетон,залізобетон,2,11,1,8.54,0.0,inf,9.09
патасовка,патасовк,1,9,1,8.47,0.0,inf,11.11
урбан,урба,27,318,1,8.45,0.0,inf,0.31
тактикал,тактика,8,156,1,8.45,0.0,inf,0.64
манто,мант,31,99,1,8.42,0.0,inf,1.01
дніпро,дніпро,12,54,1,8.32,0.0,inf,1.85
подарунки,подарунк,8,23,1,8.32,0.0,inf,4.35
animalism,animalism,4,65,1,8.3,0.0,inf,1.54
onlywars,onlywars,3,84,1,8.3,0.0,inf,1.19
джоггеры,джоггер,53,115,1,8.24,0.0,inf,0.87
lexie,lexie,1,9,2,8.15,0.0,inf,22.22
skripka,skripka,3,8,1,8.14,0.0,inf,12.5
бегі,бегі,5,23,2,8.1,0.0,inf,8.7
brave,brave,13,134,1,8.09,0.0,inf,0.75
rex,rex,11,52,2,8.05,0.0,inf,3.85
urban,urban,34,390,2,8.04,0.0,inf,0.51
пушка,пушк,9,115,1,8.02,0.0,inf,0.87
огонь,огон,9,115,1,8.02,0.0,inf,0.87
класичні,класичні,19,43,1,8.0,0.0,inf,2.33
майка,майк,28,32,1,7.96,0.0,inf,3.12
семесюк,семесюк,2,14,1,7.92,0.0,inf,7.14
моторхед,моторхед,1,2,1,7.9,0.0,inf,50.0
hammer,hammer,10,99,3,7.85,0.0,inf,3.03
azazel,azazel,1,89,1,7.68,0.0,inf,1.12
берсерк,берсерк,6,40,1,7.66,0.0,inf,2.5
ukrforma,ukrforma,1,2,1,7.61,0.0,inf,50.0
високий,висок,16,57,1,7.6,0.0,inf,1.75
зріст,зріст,8,28,1,7.6,0.0,inf,3.57
адаптивні,адаптивні,2,16,1,7.55,0.0,inf,6.25
special,special,11,105,2,7.55,0.0,inf,1.9
юбка,юбк,2,2,1,7.46,0.0,inf,50.0
своїм,своїм,3,54,1,7.42,0.0,inf,1.85
виробника,виробник,29,157,1,7.41,0.0,inf,0.64
койот,койот,7,40,1,7.34,0.0,inf,2.5
одежа,одеж,3,10,1,7.29,0.0,inf,10.0
виробників,виробників,2,6,1,7.29,0.0,inf,16.67
нефор,нефор,14,31,1,7.27,0.0,inf,3.23
vast,vast,1,5,1,7.27,0.0,inf,20.0
hardy,hardy,10,122,1,7.27,0.0,inf,0.82
кабанчі,кабанчі,2,13,1,7.21,0.0,inf,7.69
хонорові,хонорові,3,103,1,7.19,0.0,inf,0.97
hellhound,hellhound,1,5,1,7.18,0.0,inf,20.0
помаранчеве,помаранчев,2,8,1,7.16,0.0,inf,12.5
sullen,sullen,4,24,1,7.15,0.0,inf,4.17
крыльями,крыл,8,19,1,7.11,0.0,inf,5.26
коругва,коругв,1,353,1,7.1,0.0,inf,0.28
armour,armour,12,17,1,7.02,0.0,inf,5.88
under,under,15,22,1,7.02,0.0,inf,4.55
виварене,виварен,1,9,1,6.98,0.0,inf,11.11
хасл,хасл,5,41,1,6.96,0.0,inf,2.44
zhadan,zhadan,1,5,1,6.93,0.0,inf,20.0
тримач,тримач,13,63,3,6.91,0.0,inf,4.76
lavita,lavita,1,2,1,6.9,0.0,inf,50.0
grand,grand,3,9,1,6.9,0.0,inf,11.11
лелеки,лелек,12,27,1,6.89,0.0,inf,3.7
twilight,twilight,6,89,2,6.89,0.0,inf,2.25
лонгслів,лонгслів,36,299,1,6.88,0.0,inf,0.33
tex,tex,6,55,1,6.87,0.0,inf,1.82
helikon,helikon,6,57,1,6.87,0.0,inf,1.75
змейке,змейк,7,44,1,6.85,0.0,inf,2.27
boboriko,boboriko,1,2,1,6.85,0.0,inf,50.0
derzay,derzay,1,8,1,6.84,0.0,inf,12.5
нестора,нестор,5,9,1,6.81,0.0,inf,11.11
махна,махн,13,142,1,6.81,0.0,inf,0.7
lucky,lucky,4,81,1,6.8,0.0,inf,1.23
humanoid,humanoid,1,73,1,6.8,0.0,inf,1.37
мужчин,мужчин,33,66,1,6.78,0.0,inf,1.52
hard,hard,19,172,3,6.78,0.0,inf,1.74
social,social,17,69,2,6.76,0.0,inf,2.9
anti,anti,14,60,2,6.76,0.0,inf,3.33
трико,трик,5,6,1,6.64,0.0,inf,16.67
старые,стар,8,47,1,6.64,0.0,inf,2.13
ecko,ecko,7,12,2,6.62,0.0,inf,16.67
парней,парн,31,68,2,6.6,0.0,inf,2.94
islnd,islnd,2,117,1,6.58,0.0,inf,0.85
brave1,brave1,4,28,3,6.51,0.0,inf,10.71
gard,gard,9,219,1,6.4,0.0,inf,0.46
пфкв,пфкв,1,16,1,6.4,0.0,inf,6.25
rock,rock,27,83,1,6.37,0.0,inf,1.2
райот,райот,2,37,1,6.35,0.0,inf,2.7
man,man,16,26,1,6.34,0.0,inf,3.85
южуал,южуа,2,31,1,6.32,0.0,inf,3.23
venom,venom,5,14,1,6.28,0.0,inf,7.14
интернет,интернет,14,24,1,6.28,0.0,inf,4.17
девушек,девушек,4,10,1,6.27,0.0,inf,10.0
рокерский,рокерск,6,12,1,6.27,0.0,inf,8.33
стиль,стил,64,142,1,6.27,0.0,inf,0.7
днепр,днепр,26,75,1,6.23,0.0,inf,1.33
олх,олх,32,134,1,6.21,0.0,inf,0.75
хорогва,хорогв,1,42,1,6.2,0.0,inf,2.38
лонгслив,лонгсл,48,334,1,6.19,0.0,inf,0.3
supreme,supreme,6,13,1,6.18,0.0,inf,7.69
юность,юност,9,20,1,6.15,0.0,inf,5.0
сатана,сата,2,23,1,5.98,0.0,inf,4.35
компані,компані,22,580,1,5.96,0.0,inf,0.17
вещи,вещ,35,82,1,5.96,0.0,inf,1.22
style,style,34,105,1,5.89,0.0,inf,0.95
favourite,favourite,1,4,1,5.89,0.0,inf,25.0
базові,базові,7,12,1,5.88,0.0,inf,8.33
мотанка,мотанк,7,69,1,5.82,0.0,inf,1.45
внизу,вниз,17,35,1,5.8,0.0,inf,2.86
резинки,резинк,31,51,1,5.8,0.0,inf,1.96
трекінгові,трекінгові,6,21,1,5.77,0.0,inf,4.76
металшоп,металшоп,2,9,1,5.74,0.0,inf,11.11
johnny,johnny,1,1,1,5.74,0.0,inf,100.0
animals,animals,2,12,1,5.7,0.0,inf,8.33
линч,линч,1,2,1,5.58,0.0,inf,50.0
егор,егор,2,3,1,5.58,0.0,inf,33.33
militant,militant,5,211,1,5.57,0.0,inf,0.47
zone,zone,3,209,1,5.57,0.0,inf,0.48
герл,герл,3,14,2,5.52,0.0,inf,14.29
вайт,вайт,16,34,2,5.52,0.0,inf,5.88
тактичні,тактичні,11,148,1,5.49,0.0,inf,0.68
вайкики,вайкик,4,6,1,5.34,0.0,inf,16.67
любарт,любарт,3,47,2,5.27,0.0,inf,4.26
pitbull,pitbull,7,19,1,5.2,0.0,inf,5.26
модные,модн,40,67,1,5.18,0.0,inf,1.49
2026,2026,22,47,1,5.18,0.0,inf,2.13
оригин,оригин,1,1,1,5.15,0.0,inf,100.0
проджект,проджект,4,5,1,5.15,0.0,inf,20.0
рамка,рамк,2,55,1,5.14,0.0,inf,1.82
альтернативний,альтернативн,2,10,1,5.12,0.0,inf,10.0
shark,shark,9,37,1,5.1,0.0,inf,2.7
осінні,осінні,5,14,1,5.09,0.0,inf,7.14
хартия,харт,2,16,1,5.09,0.0,inf,6.25
нежеголь,нежегол,2,32,1,5.05,0.0,inf,3.12
russian,russian,11,45,1,5.05,0.0,inf,2.22
everlast,everlast,12,23,1,5.04,0.0,inf,4.35
mens,mens,17,27,1,5.04,0.0,inf,3.7
bottoms,bottoms,2,5,1,5.04,0.0,inf,20.0
jogging,jogging,4,10,1,5.04,0.0,inf,10.0
флісі,флісі,29,80,1,5.01,0.0,inf,1.25
брендові,брендові,22,151,1,4.98,0.0,inf,0.66
asgard,asgard,1,1,1,4.96,0.0,inf,100.0
apparel,apparel,27,102,2,4.92,0.0,inf,1.96
tactical,tactical,21,274,1,4.9,0.0,inf,0.36
всрап,всрап,1,5,1,4.88,0.0,inf,20.0
картини,картин,23,51,1,4.8,0.0,inf,1.96
oversized,oversized,22,37,1,4.8,0.0,inf,2.7
have,have,2,4,1,4.66,0.0,inf,25.0
адідас,адідас,47,109,1,4.63,0.0,inf,0.92
норм,норм,2,26,1,4.57,0.0,inf,3.85
тіп,тіп,2,26,1,4.57,0.0,inf,3.85
весняна,весня,1,2,1,4.55,0.0,inf,50.0
контора,контор,2,5,1,4.51,0.0,inf,20.0
корн,корн,1,3,1,4.47,0.0,inf,33.33
neighbourhood,neighbourhood,6,11,1,4.36,0.0,inf,9.09
лучшие,лучш,7,16,1,4.34,0.0,inf,6.25
штурмова,штурмов,15,107,1,4.28,0.0,inf,0.93
shwk,shwk,2,33,1,4.19,0.0,inf,3.03
ріод,ріод,3,24,1,4.09,0.0,inf,4.17
хейтспіч,хейтспіч,4,73,1,4.06,0.0,inf,1.37
прикольні,прикольні,17,86,1,4.03,0.0,inf,1.16
lucifer,lucifer,1,2,1,4.0,0.0,inf,50.0
shirt,shirt,257,483,1,4.0,0.0,inf,0.21
камікадзе,камікадз,1,9,1,3.95,0.0,inf,11.11
прапорі,прапорі,10,189,1,3.95,0.0,inf,0.53
thrasher,thrasher,18,56,1,3.89,0.0,inf,1.79
metallica,metallica,7,21,1,3.88,0.0,inf,4.76
head,head,1,6,1,3.88,0.0,inf,16.67
kick,kick,1,6,1,3.88,0.0,inf,16.67
azna,azna,1,1,1,3.88,0.0,inf,100.0
символікою,символік,23,134,1,3.86,0.0,inf,0.75
люверсами,люверс,6,73,1,3.84,0.0,inf,1.37
solution,solution,1,7,1,3.8,0.0,inf,14.29
sick,sick,3,9,1,3.8,0.0,inf,11.11
похуй,пох,7,49,1,3.72,0.0,inf,2.04
братство,братств,4,94,1,3.7,0.0,inf,1.06
трикотажные,трикотажн,21,50,1,3.7,0.0,inf,2.0
black,black,128,400,1,3.68,0.0,inf,0.25
squad,squad,15,85,1,3.68,0.0,inf,1.18
ирина,ирин,1,1,1,3.64,0.0,inf,100.0
діловод,діловод,1,6,1,3.63,0.0,inf,16.67
peaceful,peaceful,13,28,1,3.62,0.0,inf,3.57
hooligan,hooligan,12,26,1,3.62,0.0,inf,3.85
кікбоксингу,кікбоксинг,1,1,1,3.54,0.0,inf,100.0
animal,animal,1,9,1,3.52,0.0,inf,11.11
герб,герб,44,124,2,3.48,0.0,inf,1.61
way,way,6,14,1,3.45,0.0,inf,7.14
bratstvo,bratstvo,1,9,1,3.27,0.0,inf,11.11
рай,ра,3,32,1,3.26,0.0,inf,3.12
stay,stay,6,137,1,3.24,0.0,inf,0.73
cold,cold,8,49,1,3.24,0.0,inf,2.04
drop,drop,12,47,1,3.23,0.0,inf,2.13
корсетом,корсет,1,1,2,3.18,0.0,inf,200.0
кентпакет,кентпакет,3,136,1,3.16,0.0,inf,0.74
tshirt,tshirt,47,77,1,3.15,0.0,inf,1.3
ясно,ясн,3,4,1,3.15,0.0,inf,25.0
клоун,клоун,2,3,1,3.15,0.0,inf,33.33
flaner,flaner,2,8,1,3.14,0.0,inf,12.5
united,united,5,12,1,3.09,0.0,inf,8.33
етнічний,етнічн,1,1,1,3.07,0.0,inf,100.0
сверхъестественное,сверхъестествен,4,6,1,3.06,0.0,inf,16.67
сапер,сапер,17,123,1,3.03,0.0,inf,0.81
ошб,ошб,8,117,1,3.02,0.0,inf,0.85
baseartua,baseartua,2,262,1,2.98,0.0,inf,0.38
товарів,товарів,1,1,1,2.95,0.0,inf,100.0
zakolot,zakolot,4,277,1,2.92,0.0,inf,0.36
зимові,зимові,19,32,1,2.9,0.0,inf,3.12
укороченные,укорочен,20,58,1,2.82,0.0,inf,1.72
stone,stone,27,458,1,2.73,0.0,inf,0.22
island,island,22,100,1,2.73,0.0,inf,1.0
дракула,дракул,1,12,1,2.72,0.0,inf,8.33
модиво,модив,1,4,1,2.71,0.0,inf,25.0
tur,tur,8,800,1,2.71,0.0,inf,0.12
хаус,хаус,18,72,1,2.61,0.0,inf,1.39
reserved,reserved,13,35,1,2.59,0.0,inf,2.86
sinsay,sinsay,7,12,1,2.57,0.0,inf,8.33
monochrome,monochrome,5,10,1,2.54,0.0,inf,10.0
секонд,секонд,3,3,1,2.53,0.0,inf,33.33
тор,тор,16,89,1,2.5,0.0,inf,1.12
штайнер,штайнер,16,89,1,2.5,0.0,inf,1.12
демоном,демон,3,46,1,2.44,0.0,inf,2.17
uniqlo,uniqlo,43,79,1,2.43,0.0,inf,1.27
pants,pants,152,231,1,2.43,0.0,inf,0.43
флисовые,флисов,13,19,1,2.41,0.0,inf,5.26
штурмовика,штурмовик,5,61,2,2.4,0.0,inf,3.28
ролики,ролик,7,88,2,2.37,0.0,inf,2.27
gymshark,gymshark,16,44,1,2.37,0.0,inf,2.27
azov,azov,27,179,1,2.21,0.0,inf,0.56
free,free,16,95,1,2.21,0.0,inf,1.05
нейлону,нейлон,7,11,1,2.14,0.0,inf,9.09
гарда,гард,14,100,1,2.13,0.0,inf,1.0
bezet,bezet,10,89,1,2.13,0.0,inf,1.12
надписью,надпис,33,44,1,2.11,0.0,inf,2.27
мода,мод,3,5,1,2.09,0.0,inf,20.0
rockway,rockway,6,148,1,2.03,0.0,inf,0.68
закріпити,закріпит,1,40,1,2.01,0.0,inf,2.5
ondatra,ondatra,1,21,1,1.99,0.0,inf,4.76
молотх,молотх,11,179,1,1.98,0.0,inf,0.56
sale,sale,6,15,1,1.97,0.0,inf,6.67
інфраструктура,інфраструктур,2,8,1,1.97,0.0,inf,12.5
outlet,outlet,2,6,1,1.97,0.0,inf,16.67
критична,критичн,2,8,1,1.97,0.0,inf,12.5
дружини,дружин,3,9,1,1.96,0.0,inf,11.11
project,project,29,328,2,1.94,0.0,inf,0.61
origin,origin,8,75,2,1.94,0.0,inf,2.67
boy,boy,22,81,1,1.93,0.0,inf,1.23
big,big,15,37,1,1.93,0.0,inf,2.7
рио,ри,2,32,1,1.89,0.0,inf,3.12
крутой,крут,15,30,1,1.89,0.0,inf,3.33
tough,tough,1,6,1,1.87,0.0,inf,16.67
true,true,16,37,1,1.87,0.0,inf,2.7
bershka,bershka,25,59,1,1.85,0.0,inf,1.69
буковина,буковин,2,3,1,1.84,0.0,inf,33.33
oneface,oneface,1,11,1,1.83,0.0,inf,9.09
bones,bones,4,38,1,1.81,0.0,inf,2.63
primark,primark,8,9,1,1.76,0.0,inf,11.11
херсона,херсон,14,132,1,1.71,0.0,inf,0.76
triad,triad,4,5,1,1.7,0.0,inf,20.0
стаф,стаф,40,342,1,1.7,0.0,inf,0.29
готика,готик,6,161,1,1.7,0.0,inf,0.62
dark,dark,28,74,1,1.7,0.0,inf,1.35
multiply,multiply,1,1,1,1.68,0.0,inf,100.0
believe,believe,6,9,1,1.66,0.0,inf,11.11
рунами,рун,17,77,1,1.62,0.0,inf,1.3
кріпити,кріпит,1,11,1,1.6,0.0,inf,9.09
артилерії,артилерії,1,80,1,1.57,0.0,inf,1.25
свої,свої,15,185,1,1.55,0.0,inf,0.54
всі,всі,19,201,1,1.55,0.0,inf,0.5
oysho,oysho,11,20,1,1.43,0.0,inf,5.0
mariupol,mariupol,1,1,1,1.39,0.0,inf,100.0
аэрография,аэрограф,1,21,1,1.13,0.0,inf,4.76
крепление,креплен,7,17,1,1.12,0.0,inf,5.88
тросу,трос,4,9,1,1.12,0.0,inf,11.11
піратський,піратськ,2,64,1,1.06,0.0,inf,1.56
девушкой,девушк,2,23,1,0.92,0.0,inf,4.35
топ,топ,16,22,1,0.79,0.0,inf,4.55
бригад,бригад,60,554,1,0.76,0.0,inf,0.18
арта,арт,7,61,1,0.26,0.0,inf,1.64
смерті,смерті,2,17,1,0.11,0.0,inf,5.88
мелодія,мелоді,1,5,1,0.11,0.0,inf,20.0
тиша,тиш,2,22,1,0.04,0.0,inf,4.55
just,just,4,6,0,0.0,0.0,inf,0.0
awdis,awdis,1,1,0,0.0,0.0,inf,0.0
ayugi,ayugi,1,1,0,0.0,0.0,inf,0.0
azalea,azalea,1,1,0,0.0,0.0,inf,0.0
mard,mard,5,9,0,0.0,0.0,inf,0.0
azat,azat,5,9,0,0.0,0.0,inf,0.0
angels,angels,9,15,0,0.0,0.0,inf,0.0
flaga,flaga,1,1,0,0.0,0.0,inf,0.0
one,one,17,81,0,0.0,0.0,inf,0.0
baba,baba,1,6,0,0.0,0.0,inf,0.0
yaga,yaga,1,6,0,0.0,0.0,inf,0.0
babai,babai,1,2,0,0.0,0.0,inf,0.0
babaii,babaii,2,15,0,0.0,0.0,inf,0.0
babayaga,babayaga,1,1,0,0.0,0.0,inf,0.0
baby,baby,4,4,0,0.0,0.0,inf,0.0
babylon,babylon,1,1,0,0.0,0.0,inf,0.0
babymetal,babymetal,1,10,0,0.0,0.0,inf,0.0
cartel,cartel,8,23,0,0.0,0.0,inf,0.0
backyard,backyard,1,2,0,0.0,0.0,inf,0.0
monday,monday,4,9,0,0.0,0.0,inf,0.0
omens,omens,9,62,0,0.0,0.0,inf,0.0
varsity,varsity,1,6,0,0.0,0.0,inf,0.0
badboy,badboy,3,32,0,0.0,0.0,inf,0.0
badcat,badcat,1,1,0,0.0,0.0,inf,0.0
sweats,sweats,9,13,0,0.0,0.0,inf,0.0
cropped,cropped,2,2,0,0.0,0.0,inf,0.0
fit,fit,59,145,0,0.0,0.0,inf,0.0
gym,gym,18,28,0,0.0,0.0,inf,0.0
jeans,jeans,17,20,0,0.0,0.0,inf,0.0
eminem,eminem,1,1,0,0.0,0.0,inf,0.0
cargo,cargo,5,5,0,0.0,0.0,inf,0.0
jogger,jogger,23,45,0,0.0,0.0,inf,0.0
rotation,rotation,2,3,0,0.0,0.0,inf,0.0
jumper,jumper,1,1,0,0.0,0.0,inf,0.0
nike,nike,94,217,0,0.0,0.0,inf,0.0
suvene,suvene,13,32,0,0.0,0.0,inf,0.0
polo,polo,10,11,0,0.0,0.0,inf,0.0
ralph,ralph,6,6,0,0.0,0.0,inf,0.0
lauren,lauren,6,6,0,0.0,0.0,inf,0.0
slim,slim,4,6,0,0.0,0.0,inf,0.0
sport,sport,13,17,0,0.0,0.0,inf,0.0
sports,sports,3,3,0,0.0,0.0,inf,0.0
hollister,hollister,2,2,0,0.0,0.0,inf,0.0
track,track,6,10,0,0.0,0.0,inf,0.0
tracksuit,tracksuit,3,4,0,0.0,0.0,inf,0.0
trousers,trousers,13,23,0,0.0,0.0,inf,0.0
velvet,velvet,4,4,0,0.0,0.0,inf,0.0
bagi,bagi,1,4,0,0.0,0.0,inf,0.0
bakelove,bakelove,1,1,0,0.0,0.0,inf,0.0
balaclava,balaclava,1,1,0,0.0,0.0,inf,0.0
balakwear,balakwear,1,3,0,0.0,0.0,inf,0.0
balance,balance,28,54,0,0.0,0.0,inf,0.0
balcony,balcony,2,7,0,0.0,0.0,inf,0.0
baldinini,baldinini,2,3,0,0.0,0.0,inf,0.0
balenciaga,balenciaga,6,12,0,0.0,0.0,inf,0.0
bambas,bambas,4,28,0,0.0,0.0,inf,0.0
bambass,bambass,4,75,0,0.0,0.0,inf,0.0
ucrania,ucrania,1,1,0,0.0,0.0,inf,0.0
ucranianas,ucranianas,1,1,0,0.0,0.0,inf,0.0
bandeiras,bandeiras,1,1,0,0.0,0.0,inf,0.0
bandera,bandera,7,45,0,0.0,0.0,inf,0.0
guerra,guerra,1,1,0,0.0,0.0,inf,0.0
ejercito,ejercito,1,1,0,0.0,0.0,inf,0.0
colombia,colombia,1,1,0,0.0,0.0,inf,0.0
del,del,1,1,0,0.0,0.0,inf,0.0
banderaciaga,banderaciaga,2,13,0,0.0,0.0,inf,0.0
banderas,banderas,1,7,0,0.0,0.0,inf,0.0
personalizadas,personalizadas,1,7,0,0.0,0.0,inf,0.0
banderola,banderola,1,2,0,0.0,0.0,inf,0.0
banner,banner,5,38,0,0.0,0.0,inf,0.0
warhammer,warhammer,14,61,0,0.0,0.0,inf,0.0
40k,40k,2,7,0,0.0,0.0,inf,0.0
banshee,banshee,1,3,0,0.0,0.0,inf,0.0
banyara,banyara,1,2,0,0.0,0.0,inf,0.0
alien,alien,2,4,0,0.0,0.0,inf,0.0
bape,bape,5,11,0,0.0,0.0,inf,0.0
белый,бел,26,39,0,0.0,0.0,inf,0.0
baphomet,baphomet,2,5,0,0.0,0.0,inf,0.0
barbarian,barbarian,5,9,0,0.0,0.0,inf,0.0
barbell,barbell,1,2,0,0.0,0.0,inf,0.0
crew,crew,7,9,0,0.0,0.0,inf,0.0
bareline,bareline,3,8,0,0.0,0.0,inf,0.0
wash,wash,3,6,0,0.0,0.0,inf,0.0
barrel,barrel,9,14,0,0.0,0.0,inf,0.0
barricade,barricade,3,56,0,0.0,0.0,inf,0.0
side,side,8,32,0,0.0,0.0,inf,0.0
base,base,4,13,0,0.0,0.0,inf,0.0
baseart,baseart,1,20,0,0.0,0.0,inf,0.0
basedope,basedope,1,9,0,0.0,0.0,inf,0.0
baseside,baseside,1,7,0,0.0,0.0,inf,0.0
hoodies,hoodies,21,57,0,0.0,0.0,inf,0.0
ssy,ssy,1,2,0,0.0,0.0,inf,0.0
basqa,basqa,1,14,0,0.0,0.0,inf,0.0
bastard,bastard,1,3,0,0.0,0.0,inf,0.0
bat,bat,1,1,0,0.0,0.0,inf,0.0
cat,cat,3,6,0,0.0,0.0,inf,0.0
batart,batart,2,5,0,0.0,0.0,inf,0.0
batcatshop,batcatshop,1,7,0,0.0,0.0,inf,0.0
bathory,bathory,9,23,0,0.0,0.0,inf,0.0
batiar,batiar,1,5,0,0.0,0.0,inf,0.0
batnorton,batnorton,1,1,0,0.0,0.0,inf,0.0
battlewear,battlewear,1,2,0,0.0,0.0,inf,0.0
metal,metal,33,117,0,0.0,0.0,inf,0.0
batushka,batushka,3,3,0,0.0,0.0,inf,0.0
bavna,bavna,1,2,0,0.0,0.0,inf,0.0
bavovna,bavovna,6,17,0,0.0,0.0,inf,0.0
bayrak,bayrak,1,3,0,0.0,0.0,inf,0.0
baza,baza,2,2,0,0.0,0.0,inf,0.0
bazio,bazio,1,1,0,0.0,0.0,inf,0.0
bcdhkorce,bcdhkorce,1,1,0,0.0,0.0,inf,0.0
bdsm,bdsm,1,2,0,0.0,0.0,inf,0.0
like,like,5,10,0,0.0,0.0,inf,0.0
beart,beart,1,1,0,0.0,0.0,inf,0.0
beartooth,beartooth,1,1,0,0.0,0.0,inf,0.0
beatstreet,beatstreet,1,1,0,0.0,0.0,inf,0.0
beezet,beezet,1,2,0,0.0,0.0,inf,0.0
begentelmen,begentelmen,1,1,0,0.0,0.0,inf,0.0
begentle,begentle,1,3,0,0.0,0.0,inf,0.0
begin,begin,1,1,0,0.0,0.0,inf,0.0
begirls,begirls,1,1,0,0.0,0.0,inf,0.0
begmenov,begmenov,1,1,0,0.0,0.0,inf,0.0
behappy,behappy,1,2,0,0.0,0.0,inf,0.0
behemoth,behemoth,2,15,0,0.0,0.0,inf,0.0
behtir,behtir,1,1,0,0.0,0.0,inf,0.0
beige,beige,1,1,0,0.0,0.0,inf,0.0
bekhtir,bekhtir,2,3,0,0.0,0.0,inf,0.0
beloyar,beloyar,1,8,0,0.0,0.0,inf,0.0
bembi,bembi,1,1,0,0.0,0.0,inf,0.0
ben,ben,1,4,0,0.0,0.0,inf,0.0
taverniti,taverniti,1,4,0,0.0,0.0,inf,0.0
unravel,unravel,1,4,0,0.0,0.0,inf,0.0
bench,bench,3,4,0,0.0,0.0,inf,0.0
benya,benya,7,104,0,0.0,0.0,inf,0.0
zubrik,zubrik,7,112,0,0.0,0.0,inf,0.0
benyaizubrik,benyaizubrik,2,3,0,0.0,0.0,inf,0.0
benyazubrik,benyazubrik,1,1,0,0.0,0.0,inf,0.0
beomdesign,beomdesign,1,7,0,0.0,0.0,inf,0.0
beomdsgn,beomdsgn,1,12,0,0.0,0.0,inf,0.0
berehty,berehty,1,2,0,0.0,0.0,inf,0.0
bergen,bergen,1,3,0,0.0,0.0,inf,0.0
berhasm,berhasm,1,1,0,0.0,0.0,inf,0.0
berlinc,berlinc,1,1,0,0.0,0.0,inf,0.0
berserk,berserk,3,3,0,0.0,0.0,inf,0.0
billie,billie,2,3,0,0.0,0.0,inf,0.0
eilish,eilish,2,3,0,0.0,0.0,inf,0.0
best,best,11,24,0,0.0,0.0,inf,0.0
you,you,8,11,0,0.0,0.0,inf,0.0
training,training,4,8,0,0.0,0.0,inf,0.0
travel,travel,1,1,0,0.0,0.0,inf,0.0
best4u,best4u,2,16,0,0.0,0.0,inf,0.0
best4you,best4you,1,3,0,0.0,0.0,inf,0.0
bestforyou,bestforyou,1,2,0,0.0,0.0,inf,0.0
bestoriginal,bestoriginal,1,2,0,0.0,0.0,inf,0.0
betboom,betboom,1,1,0,0.0,0.0,inf,0.0
betket,betket,1,2,0,0.0,0.0,inf,0.0
better,better,1,1,0,0.0,0.0,inf,0.0
bevawear,bevawear,1,1,0,0.0,0.0,inf,0.0
bezbrendu,bezbrendu,1,1,0,0.0,0.0,inf,0.0
bezlad,bezlad,2,39,0,0.0,0.0,inf,0.0
borfend,borfend,1,2,0,0.0,0.0,inf,0.0
bhagavad,bhagavad,1,2,0,0.0,0.0,inf,0.0
gita,gita,1,2,0,0.0,0.0,inf,0.0
bibisama,bibisama,1,1,0,0.0,0.0,inf,0.0
tape,tape,1,1,0,0.0,0.0,inf,0.0
boss,boss,4,6,0,0.0,0.0,inf,0.0
sam,sam,7,14,0,0.0,0.0,inf,0.0
sem,sem,1,2,0,0.0,0.0,inf,0.0
bigboss,bigboss,2,3,0,0.0,0.0,inf,0.0
bihus,bihus,2,2,0,0.0,0.0,inf,0.0
info,info,5,104,0,0.0,0.0,inf,0.0
billabong,billabong,3,13,0,0.0,0.0,inf,0.0
billionaire,billionaire,3,7,0,0.0,0.0,inf,0.0
bjork,bjork,1,1,0,0.0,0.0,inf,0.0
bkhtr,bkhtr,1,2,0,0.0,0.0,inf,0.0
suit,suit,1,1,0,0.0,0.0,inf,0.0
craft,craft,5,12,0,0.0,0.0,inf,0.0
diamond,diamond,2,4,0,0.0,0.0,inf,0.0
buy,buy,4,34,0,0.0,0.0,inf,0.0
ink,ink,1,1,0,0.0,0.0,inf,0.0
womens,womens,1,1,0,0.0,0.0,inf,0.0
kray,kray,1,1,0,0.0,0.0,inf,0.0
society,society,10,17,0,0.0,0.0,inf,0.0
label,label,6,10,0,0.0,0.0,inf,0.0
limit,limit,4,126,0,0.0,0.0,inf,0.0
linen,linen,1,1,0,0.0,0.0,inf,0.0
magick,magick,3,6,0,0.0,0.0,inf,0.0
manera,manera,1,1,0,0.0,0.0,inf,0.0
paris,paris,13,32,0,0.0,0.0,inf,0.0
rebel,rebel,8,11,0,0.0,0.0,inf,0.0
motorcycle,motorcycle,4,6,0,0.0,0.0,inf,0.0
sabbath,sabbath,5,28,0,0.0,0.0,inf,0.0
sea,sea,3,7,0,0.0,0.0,inf,0.0
spider,spider,1,1,0,0.0,0.0,inf,0.0
sweat,sweat,12,19,0,0.0,0.0,inf,0.0
blackbeard,blackbeard,1,12,0,0.0,0.0,inf,0.0
blackcraft,blackcraft,3,10,0,0.0,0.0,inf,0.0
blacklimit,blacklimit,1,5,0,0.0,0.0,inf,0.0
blackout,blackout,2,3,0,0.0,0.0,inf,0.0
blacksquad,blacksquad,1,2,0,0.0,0.0,inf,0.0
blacksugar,blacksugar,1,2,0,0.0,0.0,inf,0.0
blackwater,blackwater,2,2,0,0.0,0.0,inf,0.0
blackwear,blackwear,1,2,0,0.0,0.0,inf,0.0
blade,blade,1,1,0,0.0,0.0,inf,0.0
blakely,blakely,1,1,0,0.0,0.0,inf,0.0
blanc,blanc,2,2,0,0.0,0.0,inf,0.0
blue,blue,8,11,0,0.0,0.0,inf,0.0
blancoone,blancoone,1,2,0,0.0,0.0,inf,0.0
blank,blank,2,10,0,0.0,0.0,inf,0.0
blasphemous,blasphemous,1,1,0,0.0,0.0,inf,0.0
blato,blato,1,2,0,0.0,0.0,inf,0.0
blatosphera,blatosphera,2,19,0,0.0,0.0,inf,0.0
blclv,blclv,1,1,0,0.0,0.0,inf,0.0
bleach,bleach,1,1,0,0.0,0.0,inf,0.0
bleood,bleood,1,3,0,0.0,0.0,inf,0.0
blessed,blessed,7,45,0,0.0,0.0,inf,0.0
blessthefall,blessthefall,1,2,0,0.0,0.0,inf,0.0
bloodborne,bloodborne,4,11,0,0.0,0.0,inf,0.0
bloom,bloom,1,1,0,0.0,0.0,inf,0.0
blossom,blossom,1,2,0,0.0,0.0,inf,0.0
blow,blow,3,15,0,0.0,0.0,inf,0.0
blud,blud,1,2,0,0.0,0.0,inf,0.0
banana,banana,1,1,0,0.0,0.0,inf,0.0
bluesky,bluesky,1,5,0,0.0,0.0,inf,0.0
bluza,bluza,1,1,0,0.0,0.0,inf,0.0
chady,chady,1,1,0,0.0,0.0,inf,0.0
blvck,blvck,4,25,0,0.0,0.0,inf,0.0
blvcklimit,blvcklimit,1,1,0,0.0,0.0,inf,0.0
bndt,bndt,1,1,0,0.0,0.0,inf,0.0
bobo,bobo,1,1,0,0.0,0.0,inf,0.0
bolf,bolf,1,1,0,0.0,0.0,inf,0.0
thrower,thrower,2,3,0,0.0,0.0,inf,0.0
bolt,bolt,2,3,0,0.0,0.0,inf,0.0
bonate,bonate,1,1,0,0.0,0.0,inf,0.0
sesh,sesh,1,17,0,0.0,0.0,inf,0.0
bonprix,bonprix,1,1,0,0.0,0.0,inf,0.0
zalando,zalando,1,1,0,0.0,0.0,inf,0.0
boobs,boobs,1,1,0,0.0,0.0,inf,0.0
legendary,legendary,1,1,0,0.0,0.0,inf,0.0
booriva,booriva,4,64,0,0.0,0.0,inf,0.0
boriva,boriva,1,2,0,0.0,0.0,inf,0.0
born,born,9,12,0,0.0,0.0,inf,0.0
skateshop,skateshop,1,1,0,0.0,0.0,inf,0.0
fly,fly,1,1,0,0.0,0.0,inf,0.0
borsch,borsch,1,1,0,0.0,0.0,inf,0.0
bosco,bosco,2,2,0,0.0,0.0,inf,0.0
bosi,bosi,1,1,0,0.0,0.0,inf,0.0
boundaries,boundaries,1,2,0,0.0,0.0,inf,0.0
tones,tones,1,1,0,0.0,0.0,inf,0.0
boutique,boutique,2,2,0,0.0,0.0,inf,0.0
boxraw,boxraw,2,7,0,0.0,0.0,inf,0.0
boxy,boxy,9,13,0,0.0,0.0,inf,0.0
london,london,14,24,0,0.0,0.0,inf,0.0
boykisser,boykisser,1,1,0,0.0,0.0,inf,0.0
bpg,bpg,2,11,0,0.0,0.0,inf,0.0
brain,brain,1,3,0,0.0,0.0,inf,0.0
brooklyn,brooklyn,6,8,0,0.0,0.0,inf,0.0
element,element,4,12,0,0.0,0.0,inf,0.0
lost,lost,2,8,0,0.0,0.0,inf,0.0
new,new,41,75,0,0.0,0.0,inf,0.0
religion,religion,20,45,0,0.0,0.0,inf,0.0
bratan,bratan,1,1,0,0.0,0.0,inf,0.0
bravado,bravado,1,1,0,0.0,0.0,inf,0.0
soul,soul,3,3,0,0.0,0.0,inf,0.0
bravery,bravery,3,6,0,0.0,0.0,inf,0.0
champions,champions,1,1,0,0.0,0.0,inf,0.0
breakfast,breakfast,1,1,0,0.0,0.0,inf,0.0
breathedivinity,breathedivinity,1,3,0,0.0,0.0,inf,0.0
breiv,breiv,1,3,0,0.0,0.0,inf,0.0
horizon,horizon,18,45,0,0.0,0.0,inf,0.0
bring,bring,17,44,0,0.0,0.0,inf,0.0
brkn,brkn,1,2,0,0.0,0.0,inf,0.0
brl,brl,1,1,0,0.0,0.0,inf,0.0
brock,brock,1,2,0,0.0,0.0,inf,0.0
lesnar,lesnar,1,2,0,0.0,0.0,inf,0.0
broken,broken,4,22,0,0.0,0.0,inf,0.0
planet,planet,13,133,0,0.0,0.0,inf,0.0
bronx,bronx,2,2,0,0.0,0.0,inf,0.0
brotherhood,brotherhood,2,4,0,0.0,0.0,inf,0.0
brtn,brtn,1,3,0,0.0,0.0,inf,0.0
brubacher,brubacher,1,1,0,0.0,0.0,inf,0.0
brutal,brutal,3,13,0,0.0,0.0,inf,0.0
bode,bode,1,10,0,0.0,0.0,inf,0.0
brutalman,brutalman,2,27,0,0.0,0.0,inf,0.0
brutalmen,brutalmen,1,2,0,0.0,0.0,inf,0.0
bsd,bsd,1,2,0,0.0,0.0,inf,0.0
bubble,bubble,1,2,0,0.0,0.0,inf,0.0
buchan,buchan,1,2,0,0.0,0.0,inf,0.0
buda,buda,1,3,0,0.0,0.0,inf,0.0
buddha,buddha,1,1,0,0.0,0.0,inf,0.0
budu,budu,3,5,0,0.0,0.0,inf,0.0
vintage,vintage,12,17,0,0.0,0.0,inf,0.0
budubrand,budubrand,1,3,0,0.0,0.0,inf,0.0
buggy,buggy,1,1,0,0.0,0.0,inf,0.0
bukezy,bukezy,1,1,0,0.0,0.0,inf,0.0
valentine,valentine,2,9,0,0.0,0.0,inf,0.0
bullet,bullet,2,9,0,0.0,0.0,inf,0.0
bulletproof,bulletproof,1,3,0,0.0,0.0,inf,0.0
bullfinch,bullfinch,1,1,0,0.0,0.0,inf,0.0
bullwear,bullwear,1,2,0,0.0,0.0,inf,0.0
bunker,bunker,1,1,0,0.0,0.0,inf,0.0
bunny,bunny,1,1,0,0.0,0.0,inf,0.0
buntar,buntar,2,14,0,0.0,0.0,inf,0.0
burberry,burberry,4,5,0,0.0,0.0,inf,0.0
burial,burial,1,1,0,0.0,0.0,inf,0.0
burshtyn,burshtyn,1,6,0,0.0,0.0,inf,0.0
bury,bury,1,1,0,0.0,0.0,inf,0.0
tomorrow,tomorrow,1,1,0,0.0,0.0,inf,0.0
burzum,burzum,7,17,0,0.0,0.0,inf,0.0
business,business,3,3,0,0.0,0.0,inf,0.0
printed,printed,2,2,0,0.0,0.0,inf,0.0
support,support,5,9,0,0.0,0.0,inf,0.0
ukrainian,ukrainian,30,88,0,0.0,0.0,inf,0.0
bv0886,bv0886,1,4,0,0.0,0.0,inf,0.0
bybounty,bybounty,1,1,0,0.0,0.0,inf,0.0
byme,byme,3,15,0,0.0,0.0,inf,0.0
cabanchi,cabanchi,2,36,0,0.0,0.0,inf,0.0
cabanchicom,cabanchicom,1,9,0,0.0,0.0,inf,0.0
cabancicom,cabancicom,1,1,0,0.0,0.0,inf,0.0
jack,jack,10,30,0,0.0,0.0,inf,0.0
cactus,cactus,4,9,0,0.0,0.0,inf,0.0
calabasas,calabasas,2,2,0,0.0,0.0,inf,0.0
calavera,calavera,1,2,0,0.0,0.0,inf,0.0
calisthenics,calisthenics,1,1,0,0.0,0.0,inf,0.0
klein,klein,5,10,0,0.0,0.0,inf,0.0
calvin,calvin,5,10,0,0.0,0.0,inf,0.0
camiseta,camiseta,2,4,0,0.0,0.0,inf,0.0
camo,camo,2,2,0,0.0,0.0,inf,0.0
camotec,camotec,2,8,0,0.0,0.0,inf,0.0
canada,canada,2,4,0,0.0,0.0,inf,0.0
goose,goose,1,2,0,0.0,0.0,inf,0.0
candlemass,candlemass,1,1,0,0.0,0.0,inf,0.0
canvas,canvas,1,1,0,0.0,0.0,inf,0.0
cap,cap,2,7,0,0.0,0.0,inf,0.0
uni,uni,1,6,0,0.0,0.0,inf,0.0
capcan,capcan,1,24,0,0.0,0.0,inf,0.0
capri,capri,1,1,0,0.0,0.0,inf,0.0
capsula,capsula,1,1,0,0.0,0.0,inf,0.0
carcass,carcass,1,2,0,0.0,0.0,inf,0.0
carda,carda,1,14,0,0.0,0.0,inf,0.0
carhartt,carhartt,12,23,0,0.0,0.0,inf,0.0
wip,wip,1,4,0,0.0,0.0,inf,0.0
carmageddon,carmageddon,1,1,0,0.0,0.0,inf,0.0
forest,forest,4,19,0,0.0,0.0,inf,0.0
carpathian,carpathian,1,1,0,0.0,0.0,inf,0.0
krug,krug,1,1,0,0.0,0.0,inf,0.0
cas,cas,1,1,0,0.0,0.0,inf,0.0
print,print,14,22,0,0.0,0.0,inf,0.0
casa,casa,3,3,0,0.0,0.0,inf,0.0
blanca,blanca,1,1,0,0.0,0.0,inf,0.0
cascade,cascade,1,2,0,0.0,0.0,inf,0.0
casher,casher,2,3,0,0.0,0.0,inf,0.0
castle,castle,1,7,0,0.0,0.0,inf,0.0
castro,castro,1,1,0,0.0,0.0,inf,0.0
trend,trend,2,22,0,0.0,0.0,inf,0.0
catcult,catcult,1,4,0,0.0,0.0,inf,0.0
catholic,catholic,1,1,0,0.0,0.0,inf,0.0
cav,cav,7,15,0,0.0,0.0,inf,0.0
empt,empt,7,15,0,0.0,0.0,inf,0.0
caviar,caviar,1,1,0,0.0,0.0,inf,0.0
cdfcnjy,cdfcnjy,1,11,0,0.0,0.0,inf,0.0
cdfcnjyt,cdfcnjyt,1,5,0,0.0,0.0,inf,0.0
cdsnijn,cdsnijn,1,2,0,0.0,0.0,inf,0.0
wood,wood,3,5,0,0.0,0.0,inf,0.0
cedar,cedar,1,1,0,0.0,0.0,inf,0.0
celebrity,celebrity,1,1,0,0.0,0.0,inf,0.0
censored,censored,1,1,0,0.0,0.0,inf,0.0
cerber,cerber,1,2,0,0.0,0.0,inf,0.0
cerberus,cerberus,1,1,0,0.0,0.0,inf,0.0
cey,cey,1,2,0,0.0,0.0,inf,0.0
cgjhnbdrb,cgjhnbdrb,1,2,0,0.0,0.0,inf,0.0
champion,champion,17,20,0,0.0,0.0,inf,0.0
bandana,bandana,1,1,0,0.0,0.0,inf,0.0
kk001,kk001,1,1,0,0.0,0.0,inf,0.0
cuff,cuff,2,4,0,0.0,0.0,inf,0.0
rib,rib,1,1,0,0.0,0.0,inf,0.0
chaotic,chaotic,2,2,0,0.0,0.0,inf,0.0
charlementine,charlementine,1,8,0,0.0,0.0,inf,0.0
xcx,xcx,1,1,0,0.0,0.0,inf,0.0
charli,charli,1,1,0,0.0,0.0,inf,0.0
chch,chch,1,1,0,0.0,0.0,inf,0.0
cheap,cheap,1,1,0,0.0,0.0,inf,0.0
grin,grin,1,2,0,0.0,0.0,inf,0.0
chelsea,chelsea,1,2,0,0.0,0.0,inf,0.0
cher,cher,2,3,0,0.0,0.0,inf,0.0
cher17,cher17,2,5,0,0.0,0.0,inf,0.0
ужгород,ужгород,2,2,0,0.0,0.0,inf,0.0
chereshnivska,chereshnivska,1,4,0,0.0,0.0,inf,0.0
cherokee,cherokee,1,1,0,0.0,0.0,inf,0.0
cherry,cherry,2,4,0,0.0,0.0,inf,0.0
cherrywood,cherrywood,1,1,0,0.0,0.0,inf,0.0
cherryworld,cherryworld,1,2,0,0.0,0.0,inf,0.0
chet,chet,1,1,0,0.0,0.0,inf,0.0
chicano,chicano,1,1,0,0.0,0.0,inf,0.0
chief,chief,2,2,0,0.0,0.0,inf,0.0
keef,keef,2,2,0,0.0,0.0,inf,0.0
chikiss,chikiss,1,1,0,0.0,0.0,inf,0.0
children,children,1,13,0,0.0,0.0,inf,0.0
bodom,bodom,1,13,0,0.0,0.0,inf,0.0
chinos,chinos,3,3,0,0.0,0.0,inf,0.0
choco,choco,1,2,0,0.0,0.0,inf,0.0
choose,choose,1,1,0,0.0,0.0,inf,0.0
your,your,10,14,0,0.0,0.0,inf,0.0
reality,reality,1,1,0,0.0,0.0,inf,0.0
choppers,choppers,9,18,0,0.0,0.0,inf,0.0
audigier,audigier,1,3,0,0.0,0.0,inf,0.0
christian,christian,3,8,0,0.0,0.0,inf,0.0
chrome,chrome,26,68,0,0.0,0.0,inf,0.0
hearts,hearts,27,70,0,0.0,0.0,inf,0.0
dagger,dagger,1,6,0,0.0,0.0,inf,0.0
leather,leather,1,3,0,0.0,0.0,inf,0.0
ilist,ilist,1,13,0,0.0,0.0,inf,0.0
chthe,chthe,1,13,0,0.0,0.0,inf,0.0
chura,chura,1,1,0,0.0,0.0,inf,0.0
coco,coco,1,2,0,0.0,0.0,inf,0.0
cici,cici,1,2,0,0.0,0.0,inf,0.0
city,city,4,6,0,0.0,0.0,inf,0.0
colour,colour,1,1,0,0.0,0.0,inf,0.0
hero,hero,1,2,0,0.0,0.0,inf,0.0
morgue,morgue,1,2,0,0.0,0.0,inf,0.0
civarize,civarize,1,23,0,0.0,0.0,inf,0.0
regime,regime,1,6,0,0.0,0.0,inf,0.0
civil,civil,1,6,0,0.0,0.0,inf,0.0
clan,clan,3,12,0,0.0,0.0,inf,0.0
claq,claq,1,1,0,0.0,0.0,inf,0.0
classwar,classwar,1,1,0,0.0,0.0,inf,0.0
claude,claude,3,4,0,0.0,0.0,inf,0.0
clay,clay,1,2,0,0.0,0.0,inf,0.0
cleanfit,cleanfit,2,5,0,0.0,0.0,inf,0.0
tshirts,tshirts,5,5,0,0.0,0.0,inf,0.0
climbing,climbing,1,1,0,0.0,0.0,inf,0.0
clique,clique,1,2,0,0.0,0.0,inf,0.0
closer,closer,1,1,0,0.0,0.0,inf,0.0
god,god,23,55,0,0.0,0.0,inf,0.0
cnfa,cnfa,1,4,0,0.0,0.0,inf,0.0
cntrl,cntrl,1,3,0,0.0,0.0,inf,0.0
code,code,3,7,0,0.0,0.0,inf,0.0
codered,codered,2,8,0,0.0,0.0,inf,0.0
combine,combine,1,1,0,0.0,0.0,inf,0.0
codes,codes,1,1,0,0.0,0.0,inf,0.0
murder,murder,3,5,0,0.0,0.0,inf,0.0
blooded,blooded,1,1,0,0.0,0.0,inf,0.0
coldculture,coldculture,1,4,0,0.0,0.0,inf,0.0
colin,colin,2,3,0,0.0,0.0,inf,0.0
colins,colins,2,3,0,0.0,0.0,inf,0.0
collab,collab,1,5,0,0.0,0.0,inf,0.0
collins,collins,1,1,0,0.0,0.0,inf,0.0
coltoni,coltoni,1,1,0,0.0,0.0,inf,0.0
columbia,columbia,4,4,0,0.0,0.0,inf,0.0
sportswear,sportswear,6,7,0,0.0,0.0,inf,0.0
colors,colors,4,4,0,0.0,0.0,inf,0.0
comfort,comfort,5,9,0,0.0,0.0,inf,0.0
comme,comme,3,4,0,0.0,0.0,inf,0.0
garcons,garcons,2,2,0,0.0,0.0,inf,0.0
des,des,5,6,0,0.0,0.0,inf,0.0
ons,ons,1,2,0,0.0,0.0,inf,0.0
gar,gar,1,2,0,0.0,0.0,inf,0.0
committed,committed,1,5,0,0.0,0.0,inf,0.0
comotek,comotek,1,2,0,0.0,0.0,inf,0.0
team,team,11,174,0,0.0,0.0,inf,0.0
companygroup,companygroup,1,2,0,0.0,0.0,inf,0.0
nothing,nothing,2,10,0,0.0,0.0,inf,0.0
condemned,condemned,1,1,0,0.0,0.0,inf,0.0
consdaple,consdaple,1,1,0,0.0,0.0,inf,0.0
contemporary,contemporary,1,1,0,0.0,0.0,inf,0.0
contour,contour,1,1,0,0.0,0.0,inf,0.0
forever,forever,1,1,0,0.0,0.0,inf,0.0
down,down,7,10,0,0.0,0.0,inf,0.0
tail,tail,1,1,0,0.0,0.0,inf,0.0
roll,roll,1,1,0,0.0,0.0,inf,0.0
contractor,contractor,1,1,0,0.0,0.0,inf,0.0
converse,converse,4,6,0,0.0,0.0,inf,0.0
cool,cool,7,27,0,0.0,0.0,inf,0.0
bee,bee,1,1,0,0.0,0.0,inf,0.0
shirtz,shirtz,2,2,0,0.0,0.0,inf,0.0
coolmax,coolmax,5,19,0,0.0,0.0,inf,0.0
coosh,coosh,1,2,0,0.0,0.0,inf,0.0
corduroy,corduroy,3,3,0,0.0,0.0,inf,0.0
core,core,4,17,0,0.0,0.0,inf,0.0
coremetalshop,coremetalshop,1,2,0,0.0,0.0,inf,0.0
corner,corner,2,2,0,0.0,0.0,inf,0.0
тернопіль,тернопіл,5,12,0,0.0,0.0,inf,0.0
cortez,cortez,1,1,0,0.0,0.0,inf,0.0
cos,cos,5,7,0,0.0,0.0,inf,0.0
enot,enot,1,6,0,0.0,0.0,inf,0.0
cote,cote,1,6,0,0.0,0.0,inf,0.0
pant,pant,10,16,0,0.0,0.0,inf,0.0
neck,neck,2,2,0,0.0,0.0,inf,0.0
count,count,2,3,0,0.0,0.0,inf,0.0
blessings,blessings,2,3,0,0.0,0.0,inf,0.0
strike,strike,2,2,0,0.0,0.0,inf,0.0
counter,counter,1,1,0,0.0,0.0,inf,0.0
cover,cover,2,3,0,0.0,0.0,inf,0.0
cowboy,cowboy,2,2,0,0.0,0.0,inf,0.0
cozy,cozy,3,3,0,0.0,0.0,inf,0.0
worldwide,worldwide,8,15,0,0.0,0.0,inf,0.0
cozzmo,cozzmo,4,13,0,0.0,0.0,inf,0.0
cradle,cradle,3,13,0,0.0,0.0,inf,0.0
filth,filth,3,13,0,0.0,0.0,inf,0.0
crafta,crafta,1,1,0,0.0,0.0,inf,0.0
create,create,1,7,0,0.0,0.0,inf,0.0
drapeau,drapeau,2,2,0,0.0,0.0,inf,0.0
creation,creation,2,2,0,0.0,0.0,inf,0.0
department,department,2,3,0,0.0,0.0,inf,0.0
creative,creative,3,96,0,0.0,0.0,inf,0.0
depo,depo,3,98,0,0.0,0.0,inf,0.0
creepy,creepy,2,4,0,0.0,0.0,inf,0.0
crewneck,crewneck,1,1,0,0.0,0.0,inf,0.0
crewsupplyco,crewsupplyco,1,1,0,0.0,0.0,inf,0.0
time,time,2,9,0,0.0,0.0,inf,0.0
crime,crime,1,6,0,0.0,0.0,inf,0.0
criminal,criminal,5,15,0,0.0,0.0,inf,0.0
damage,damage,3,10,0,0.0,0.0,inf,0.0
cringe,cringe,2,3,0,0.0,0.0,inf,0.0
crooks,crooks,2,2,0,0.0,0.0,inf,0.0
castles,castles,3,4,0,0.0,0.0,inf,0.0
crop,crop,2,3,0,0.0,0.0,inf,0.0
mall,mall,2,2,0,0.0,0.0,inf,0.0
lavina,lavina,2,2,0,0.0,0.0,inf,0.0
minimalist,minimalist,3,7,0,0.0,0.0,inf,0.0
romance,romance,8,12,0,0.0,0.0,inf,0.0
chemical,chemical,5,8,0,0.0,0.0,inf,0.0
crossfit,crossfit,2,5,0,0.0,0.0,inf,0.0
crowbar,crowbar,1,1,0,0.0,0.0,inf,0.0
crusaders,crusaders,1,1,0,0.0,0.0,inf,0.0
crye,crye,3,7,0,0.0,0.0,inf,0.0
precision,precision,3,7,0,0.0,0.0,inf,0.0
cthulhu,cthulhu,1,2,0,0.0,0.0,inf,0.0
ctrl,ctrl,4,32,0,0.0,0.0,inf,0.0
cultoni,cultoni,3,38,0,0.0,0.0,inf,0.0
cultura,cultura,1,3,0,0.0,0.0,inf,0.0
cupag,cupag,1,3,0,0.0,0.0,inf,0.0
cupage,cupage,3,164,0,0.0,0.0,inf,0.0
cuprum,cuprum,1,12,0,0.0,0.0,inf,0.0
depot,depot,1,12,0,0.0,0.0,inf,0.0
cursed,cursed,1,1,0,0.0,0.0,inf,0.0
curta,curta,3,4,0,0.0,0.0,inf,0.0
curtan,curtan,1,1,0,0.0,0.0,inf,0.0
custom,custom,7,84,0,0.0,0.0,inf,0.0
printing,printing,1,1,0,0.0,0.0,inf,0.0
made,made,14,28,0,0.0,0.0,inf,0.0
customwear,customwear,2,2,0,0.0,0.0,inf,0.0
cw5565,cw5565,1,1,0,0.0,0.0,inf,0.0
cy4865,cy4865,1,1,0,0.0,0.0,inf,0.0
cyberpunk,cyberpunk,1,1,0,0.0,0.0,inf,0.0
cypress,cypress,2,4,0,0.0,0.0,inf,0.0
hill,hill,2,4,0,0.0,0.0,inf,0.0
dad,dad,1,1,0,0.0,0.0,inf,0.0
daddy,daddy,3,5,0,0.0,0.0,inf,0.0
daff,daff,1,1,0,0.0,0.0,inf,0.0
daily,daily,1,1,0,0.0,0.0,inf,0.0
damascus,damascus,1,1,0,0.0,0.0,inf,0.0
damirli,damirli,1,3,0,0.0,0.0,inf,0.0
dandy,dandy,1,2,0,0.0,0.0,inf,0.0
dap,dap,1,4,0,0.0,0.0,inf,0.0
collection,collection,6,15,0,0.0,0.0,inf,0.0
dapper,dapper,1,1,0,0.0,0.0,inf,0.0
darc,darc,2,4,0,0.0,0.0,inf,0.0
athletics,athletics,2,3,0,0.0,0.0,inf,0.0
dare,dare,1,1,0,0.0,0.0,inf,0.0
darico,darico,1,1,0,0.0,0.0,inf,0.0
darius,darius,1,1,0,0.0,0.0,inf,0.0
academia,academia,1,1,0,0.0,0.0,inf,0.0
funeral,funeral,3,3,0,0.0,0.0,inf,0.0
darknode,darknode,1,8,0,0.0,0.0,inf,0.0
darkside,darkside,2,8,0,0.0,0.0,inf,0.0
darksport,darksport,1,1,0,0.0,0.0,inf,0.0
darkthrone,darkthrone,5,17,0,0.0,0.0,inf,0.0
darkwear,darkwear,1,4,0,0.0,0.0,inf,0.0
darkwood,darkwood,1,8,0,0.0,0.0,inf,0.0
shoes,shoes,9,13,0,0.0,0.0,inf,0.0
sleeve,sleeve,8,11,0,0.0,0.0,inf,0.0
long,long,10,13,0,0.0,0.0,inf,0.0
cdj,cdj,1,5,0,0.0,0.0,inf,0.0
dcs,dcs,1,5,0,0.0,0.0,inf,0.0
dynasty,dynasty,9,216,0,0.0,0.0,inf,0.0
inside,inside,6,9,0,0.0,0.0,inf,0.0
serious,serious,1,1,0,0.0,0.0,inf,0.0
threads,threads,1,4,0,0.0,0.0,inf,0.0
deadmau5,deadmau5,1,1,0,0.0,0.0,inf,0.0
deadsesh,deadsesh,1,2,0,0.0,0.0,inf,0.0
death,death,27,83,0,0.0,0.0,inf,0.0
grips,grips,2,2,0,0.0,0.0,inf,0.0
june,june,4,17,0,0.0,0.0,inf,0.0
rider,rider,2,2,0,0.0,0.0,inf,0.0
records,records,3,5,0,0.0,0.0,inf,0.0
row,row,2,3,0,0.0,0.0,inf,0.0
saves,saves,3,9,0,0.0,0.0,inf,0.0
stranding,stranding,2,5,0,0.0,0.0,inf,0.0
decalious,decalious,1,4,0,0.0,0.0,inf,0.0
decalius,decalius,1,1,0,0.0,0.0,inf,0.0
decathlon,decathlon,3,7,0,0.0,0.0,inf,0.0
domyos,domyos,4,12,0,0.0,0.0,inf,0.0
dedicated,dedicated,1,1,0,0.0,0.0,inf,0.0
deep,deep,7,9,0,0.0,0.0,inf,0.0
deepstate,deepstate,1,5,0,0.0,0.0,inf,0.0
defacto,defacto,3,3,0,0.0,0.0,inf,0.0
defend,defend,8,15,0,0.0,0.0,inf,0.0
deftones,deftones,2,3,0,0.0,0.0,inf,0.0
deha,deha,1,1,0,0.0,0.0,inf,0.0
deitas,deitas,1,1,0,0.0,0.0,inf,0.0
delove,delove,1,3,0,0.0,0.0,inf,0.0
delusional,delusional,1,6,0,0.0,0.0,inf,0.0
parasitosis,parasitosis,1,6,0,0.0,0.0,inf,0.0
demilich,demilich,1,4,0,0.0,0.0,inf,0.0
movi,movi,1,1,0,0.0,0.0,inf,0.0
demix,demix,3,3,0,0.0,0.0,inf,0.0
demolition,demolition,1,3,0,0.0,0.0,inf,0.0
ranch,ranch,1,3,0,0.0,0.0,inf,0.0
demonic,demonic,1,1,0,0.0,0.0,inf,0.0
angel,angel,5,10,0,0.0,0.0,inf,0.0
denenburg,denenburg,1,1,0,0.0,0.0,inf,0.0
denim,denim,2,4,0,0.0,0.0,inf,0.0
tears,tears,1,3,0,0.0,0.0,inf,0.0
dephect,dephect,2,10,0,0.0,0.0,inf,0.0
derschutze,derschutze,1,3,0,0.0,0.0,inf,0.0
raiders,raiders,3,4,0,0.0,0.0,inf,0.0
desert,desert,2,10,0,0.0,0.0,inf,0.0
humans,humans,1,2,0,0.0,0.0,inf,0.0
designer,designer,2,2,0,0.0,0.0,inf,0.0
icon,icon,3,3,0,0.0,0.0,inf,0.0
despised,despised,1,1,0,0.0,0.0,inf,0.0
destroy,destroy,1,1,0,0.0,0.0,inf,0.0
lonely,lonely,2,5,0,0.0,0.0,inf,0.0
detox,detox,1,1,0,0.0,0.0,inf,0.0
deus,deus,3,21,0,0.0,0.0,inf,0.0
vult,vult,2,20,0,0.0,0.0,inf,0.0
nut,nut,1,2,0,0.0,0.0,inf,0.0
devil,devil,6,38,0,0.0,0.0,inf,0.0
devilish,devilish,2,12,0,0.0,0.0,inf,0.0
trio,trio,2,12,0,0.0,0.0,inf,0.0
wikipedia,wikipedia,1,4,0,0.0,0.0,inf,0.0
face,face,12,41,0,0.0,0.0,inf,0.0
devilz,devilz,1,3,0,0.0,0.0,inf,0.0
devourment,devourment,1,1,0,0.0,0.0,inf,0.0
original,original,7,30,0,0.0,0.0,inf,0.0
dharma,dharma,1,1,0,0.0,0.0,inf,0.0
diadia,diadia,1,14,0,0.0,0.0,inf,0.0
dias,dias,1,1,0,0.0,0.0,inf,0.0
dich,dich,1,1,0,0.0,0.0,inf,0.0
dickies,dickies,16,27,0,0.0,0.0,inf,0.0
874,874,4,4,0,0.0,0.0,inf,0.0
873,873,1,1,0,0.0,0.0,inf,0.0
work,work,2,2,0,0.0,0.0,inf,0.0
bend,bend,1,1,0,0.0,0.0,inf,0.0
didpanas,didpanas,1,1,0,0.0,0.0,inf,0.0
diego,diego,1,1,0,0.0,0.0,inf,0.0
diesel,diesel,11,20,0,0.0,0.0,inf,0.0
diil,diil,1,1,0,0.0,0.0,inf,0.0
dime,dime,3,4,0,0.0,0.0,inf,0.0
borgir,borgir,2,2,0,0.0,0.0,inf,0.0
dimmu,dimmu,2,2,0,0.0,0.0,inf,0.0
dinosaur,dinosaur,1,3,0,0.0,0.0,inf,0.0
dint,dint,1,2,0,0.0,0.0,inf,0.0
directed,directed,3,6,0,0.0,0.0,inf,0.0
weide,weide,3,6,0,0.0,0.0,inf,0.0
robert,robert,3,6,0,0.0,0.0,inf,0.0
dirty,dirty,2,6,0,0.0,0.0,inf,0.0
discipline,discipline,2,3,0,0.0,0.0,inf,0.0
disculpe,disculpe,1,1,0,0.0,0.0,inf,0.0
dishonored,dishonored,1,2,0,0.0,0.0,inf,0.0
disney,disney,1,1,0,0.0,0.0,inf,0.0
dispersia,dispersia,2,6,0,0.0,0.0,inf,0.0
dissection,dissection,1,4,0,0.0,0.0,inf,0.0
distorted,distorted,1,1,0,0.0,0.0,inf,0.0
distressed,distressed,2,3,0,0.0,0.0,inf,0.0
district,district,2,2,0,0.0,0.0,inf,0.0
disturbed,disturbed,2,3,0,0.0,0.0,inf,0.0
disturbia,disturbia,3,6,0,0.0,0.0,inf,0.0
diverse,diverse,1,2,0,0.0,0.0,inf,0.0
divided,divided,1,1,0,0.0,0.0,inf,0.0
thor,thor,21,113,0,0.0,0.0,inf,0.0
dkaoutfit,dkaoutfit,1,1,0,0.0,0.0,inf,0.0
dna,dna,3,9,0,0.0,0.0,inf,0.0
dnb,dnb,1,1,0,0.0,0.0,inf,0.0
dnbs,dnbs,1,1,0,0.0,0.0,inf,0.0
dnd,dnd,1,1,0,0.0,0.0,inf,0.0
dnk,dnk,1,1,0,0.0,0.0,inf,0.0
dnmx,dnmx,1,1,0,0.0,0.0,inf,0.0
aggressive,aggressive,10,72,0,0.0,0.0,inf,0.0
doberman,doberman,2,5,0,0.0,0.0,inf,0.0
dobermans,dobermans,9,68,0,0.0,0.0,inf,0.0
dobroshmot,dobroshmot,1,2,0,0.0,0.0,inf,0.0
dobroznak,dobroznak,1,1,0,0.0,0.0,inf,0.0
dodo,dodo,2,11,0,0.0,0.0,inf,0.0
socks,socks,1,9,0,0.0,0.0,inf,0.0
dodosocks,dodosocks,1,1,0,0.0,0.0,inf,0.0
dognose,dognose,1,2,0,0.0,0.0,inf,0.0
steve,steve,1,2,0,0.0,0.0,inf,0.0
dolce,dolce,4,6,0,0.0,0.0,inf,0.0
gabbana,gabbana,4,6,0,0.0,0.0,inf,0.0
mcqueen,mcqueen,1,2,0,0.0,0.0,inf,0.0
domermarket,domermarket,1,3,0,0.0,0.0,inf,0.0
domrebel,domrebel,1,1,0,0.0,0.0,inf,0.0
smoke,smoke,3,4,0,0.0,0.0,inf,0.0
don,don,5,6,0,0.0,0.0,inf,0.0
donbas,donbas,1,2,0,0.0,0.0,inf,0.0
donbasonia,donbasonia,3,42,0,0.0,0.0,inf,0.0
tread,tread,1,1,0,0.0,0.0,inf,0.0
dont,dont,2,2,0,0.0,0.0,inf,0.0
donttakefake,donttakefake,1,1,0,0.0,0.0,inf,0.0
doomsday,doomsday,1,1,0,0.0,0.0,inf,0.0
doomsdayco,doomsdayco,1,1,0,0.0,0.0,inf,0.0
doomshop,doomshop,3,8,0,0.0,0.0,inf,0.0
doomy,doomy,4,8,0,0.0,0.0,inf,0.0
moi,moi,1,2,0,0.0,0.0,inf,0.0
moyi,moyi,2,2,0,0.0,0.0,inf,0.0
dopehouse,dopehouse,1,2,0,0.0,0.0,inf,0.0
doppelsoldner,doppelsoldner,1,1,0,0.0,0.0,inf,0.0
doran,doran,1,1,0,0.0,0.0,inf,0.0
dorohedoro,dorohedoro,2,11,0,0.0,0.0,inf,0.0
dota,dota,3,11,0,0.0,0.0,inf,0.0
dq7881,dq7881,1,1,0,0.0,0.0,inf,0.0
dramatic,dramatic,1,2,0,0.0,0.0,inf,0.0
mort,mort,3,60,0,0.0,0.0,inf,0.0
drapp,drapp,2,9,0,0.0,0.0,inf,0.0
dready,dready,1,1,0,0.0,0.0,inf,0.0
dreamer,dreamer,1,1,0,0.0,0.0,inf,0.0
dreamers,dreamers,1,1,0,0.0,0.0,inf,0.0
goblin,goblin,1,5,0,0.0,0.0,inf,0.0
dreamy,dreamy,1,5,0,0.0,0.0,inf,0.0
dresden,dresden,1,1,0,0.0,0.0,inf,0.0
house,house,36,131,0,0.0,0.0,inf,0.0
drew,drew,1,1,0,0.0,0.0,inf,0.0
drip,drip,1,1,0,0.0,0.0,inf,0.0
drkn,drkn,1,1,0,0.0,0.0,inf,0.0
drone,drone,3,5,0,0.0,0.0,inf,0.0
pilot,pilot,1,1,0,0.0,0.0,inf,0.0
dropdead,dropdead,5,47,0,0.0,0.0,inf,0.0
dropshop,dropshop,1,1,0,0.0,0.0,inf,0.0
dropsize,dropsize,2,2,0,0.0,0.0,inf,0.0
drudkh,drudkh,2,6,0,0.0,0.0,inf,0.0
dsg,dsg,1,1,0,0.0,0.0,inf,0.0
fleece,fleece,21,26,0,0.0,0.0,inf,0.0
classic,classic,1,1,0,0.0,0.0,inf,0.0
dsquared2,dsquared2,1,1,0,0.0,0.0,inf,0.0
dstrct,dstrct,1,1,0,0.0,0.0,inf,0.0
du0367,du0367,1,1,0,0.0,0.0,inf,0.0
dub,dub,2,7,0,0.0,0.0,inf,0.0
buk,buk,1,5,0,0.0,0.0,inf,0.0
dubhuman,dubhuman,1,1,0,0.0,0.0,inf,0.0
dubstep,dubstep,2,5,0,0.0,0.0,inf,0.0
duck,duck,2,8,0,0.0,0.0,inf,0.0
duga,duga,1,1,0,0.0,0.0,inf,0.0
dunderdon,dunderdon,1,1,0,0.0,0.0,inf,0.0
synth,synth,2,2,0,0.0,0.0,inf,0.0
dungeon,dungeon,2,2,0,0.0,0.0,inf,0.0
dragons,dragons,1,1,0,0.0,0.0,inf,0.0
dungeons,dungeons,1,1,0,0.0,0.0,inf,0.0
durnev,durnev,1,93,0,0.0,0.0,inf,0.0
durnevshop,durnevshop,1,29,0,0.0,0.0,inf,0.0
durnew,durnew,1,2,0,0.0,0.0,inf,0.0
dxpe,dxpe,1,4,0,0.0,0.0,inf,0.0
chef,chef,1,4,0,0.0,0.0,inf,0.0
dxxmlife,dxxmlife,1,1,0,0.0,0.0,inf,0.0
fetus,fetus,1,1,0,0.0,0.0,inf,0.0
dying,dying,1,1,0,0.0,0.0,inf,0.0
dystopia,dystopia,1,3,0,0.0,0.0,inf,0.0
dz5605,dz5605,1,2,0,0.0,0.0,inf,0.0
east,east,2,2,0,0.0,0.0,inf,0.0
gear,gear,7,48,0,0.0,0.0,inf,0.0
peak,peak,2,2,0,0.0,0.0,inf,0.0
ebanat,ebanat,3,6,0,0.0,0.0,inf,0.0
ebash,ebash,2,2,0,0.0,0.0,inf,0.0
ebashim,ebashim,1,1,0,0.0,0.0,inf,0.0
ecco,ecco,1,1,0,0.0,0.0,inf,0.0
unltd,unltd,6,11,0,0.0,0.0,inf,0.0
edelweiss,edelweiss,4,13,0,0.0,0.0,inf,0.0
sweatshirt,sweatshirt,7,14,0,0.0,0.0,inf,0.0
edison,edison,1,6,0,0.0,0.0,inf,0.0
edisonfamily,edisonfamily,2,15,0,0.0,0.0,inf,0.0
vsemaykishop,vsemaykishop,2,15,0,0.0,0.0,inf,0.0
ego,ego,1,1,0,0.0,0.0,inf,0.0
egorini,egorini,1,4,0,0.0,0.0,inf,0.0
ropa,ropa,1,1,0,0.0,0.0,inf,0.0
ehsf,ehsf,1,1,0,0.0,0.0,inf,0.0
elade,elade,1,1,0,0.0,0.0,inf,0.0
electric,electric,2,3,0,0.0,0.0,inf,0.0
wizard,wizard,3,7,0,0.0,0.0,inf,0.0
eleventy,eleventy,1,1,0,0.0,0.0,inf,0.0
aura,aura,1,1,0,0.0,0.0,inf,0.0
elite,elite,1,1,0,0.0,0.0,inf,0.0
ellesse,ellesse,3,8,0,0.0,0.0,inf,0.0
eluveitie,eluveitie,1,1,0,0.0,0.0,inf,0.0
elysian,elysian,1,1,0,0.0,0.0,inf,0.0
elysianclo,elysianclo,1,1,0,0.0,0.0,inf,0.0
embroidered,embroidered,2,6,0,0.0,0.0,inf,0.0
eme,eme,1,1,0,0.0,0.0,inf,0.0
emmure,emmure,1,1,0,0.0,0.0,inf,0.0
emo,emo,6,9,0,0.0,0.0,inf,0.0
emp,emp,1,1,0,0.0,0.0,inf,0.0
emperor,emperor,1,1,0,0.0,0.0,inf,0.0
endless,endless,1,1,0,0.0,0.0,inf,0.0
koch,koch,1,2,0,0.0,0.0,inf,0.0
endy,endy,1,2,0,0.0,0.0,inf,0.0
lovers,lovers,4,9,0,0.0,0.0,inf,0.0
enemies,enemies,1,2,0,0.0,0.0,inf,0.0
enfants,enfants,2,3,0,0.0,0.0,inf,0.0
deprimes,deprimes,2,3,0,0.0,0.0,inf,0.0
riches,riches,2,3,0,0.0,0.0,inf,0.0
street,street,10,29,0,0.0,0.0,inf,0.0
english,english,1,1,0,0.0,0.0,inf,0.0
shikari,shikari,2,4,0,0.0,0.0,inf,0.0
enter,enter,2,4,0,0.0,0.0,inf,0.0
entire,entire,2,3,0,0.0,0.0,inf,0.0
erd,erd,7,15,0,0.0,0.0,inf,0.0
sons,sons,6,37,0,0.0,0.0,inf,0.0
erik,erik,1,3,0,0.0,0.0,inf,0.0
erl,erl,1,1,0,0.0,0.0,inf,0.0
escape,escape,1,1,0,0.0,0.0,inf,0.0
tarkov,tarkov,1,1,0,0.0,0.0,inf,0.0
from,from,9,26,0,0.0,0.0,inf,0.0
esense,esense,1,1,0,0.0,0.0,inf,0.0
eshoutsider,eshoutsider,1,1,0,0.0,0.0,inf,0.0
fear,fear,14,34,0,0.0,0.0,inf,0.0
fog,fog,9,112,0,0.0,0.0,inf,0.0
estandarte,estandarte,1,20,0,0.0,0.0,inf,0.0
eternal,eternal,2,2,0,0.0,0.0,inf,0.0
ethik,ethik,1,1,0,0.0,0.0,inf,0.0
etilk,etilk,1,1,0,0.0,0.0,inf,0.0
vela,vela,1,1,0,0.0,0.0,inf,0.0
vera,vera,1,1,0,0.0,0.0,inf,0.0
etna,etna,1,1,0,0.0,0.0,inf,0.0
etnodim,etnodim,2,5,0,0.0,0.0,inf,0.0
evanescence,evanescence,1,1,0,0.0,0.0,inf,0.0
evangelion,evangelion,2,3,0,0.0,0.0,inf,0.0
evelex,evelex,1,1,0,0.0,0.0,inf,0.0
oth,oth,1,2,0,0.0,0.0,inf,0.0
lies,lies,1,1,0,0.0,0.0,inf,0.0
everybody,everybody,1,1,0,0.0,0.0,inf,0.0
collective,collective,7,17,0,0.0,0.0,inf,0.0
evil,evil,3,4,0,0.0,0.0,inf,0.0
exaltouch,exaltouch,1,4,0,0.0,0.0,inf,0.0
exexe,exexe,1,2,0,0.0,0.0,inf,0.0
exodus,exodus,1,2,0,0.0,0.0,inf,0.0
eyehategod,eyehategod,1,1,0,0.0,0.0,inf,0.0
eyes,eyes,1,1,0,0.0,0.0,inf,0.0
ofman,ofman,2,2,0,0.0,0.0,inf,0.0
fabregas,fabregas,2,4,0,0.0,0.0,inf,0.0
fabric,fabric,2,3,0,0.0,0.0,inf,0.0
universe,universe,2,5,0,0.0,0.0,inf,0.0
fabrico,fabrico,1,1,0,0.0,0.0,inf,0.0
faceit,faceit,2,2,0,0.0,0.0,inf,0.0
pullover,pullover,2,3,0,0.0,0.0,inf,0.0
level,level,2,2,0,0.0,0.0,inf,0.0
faded,faded,1,1,0,0.0,0.0,inf,0.0
fadepants,fadepants,1,1,0,0.0,0.0,inf,0.0
fahrenheit,fahrenheit,3,9,0,0.0,0.0,inf,0.0
fainy,fainy,1,1,0,0.0,0.0,inf,0.0
falen,falen,1,1,0,0.0,0.0,inf,0.0
fall,fall,1,7,0,0.0,0.0,inf,0.0
efrafa,efrafa,1,7,0,0.0,0.0,inf,0.0
fallen,fallen,7,34,0,0.0,0.0,inf,0.0
reverse,reverse,4,6,0,0.0,0.0,inf,0.0
falling,falling,4,6,0,0.0,0.0,inf,0.0
vegas,vegas,1,1,0,0.0,0.0,inf,0.0
fallout,fallout,3,4,0,0.0,0.0,inf,0.0
fami,fami,1,1,0,0.0,0.0,inf,0.0
famo,famo,2,11,0,0.0,0.0,inf,0.0
famous,famous,3,3,0,0.0,0.0,inf,0.0
stars,stars,1,1,0,0.0,0.0,inf,0.0
straps,straps,1,1,0,0.0,0.0,inf,0.0
fanattik,fanattik,1,13,0,0.0,0.0,inf,0.0
fand,fand,1,1,0,0.0,0.0,inf,0.0
fandfclothing,fandfclothing,1,1,0,0.0,0.0,inf,0.0
fanme,fanme,3,6,0,0.0,0.0,inf,0.0
fantom,fantom,2,2,0,0.0,0.0,inf,0.0
farengate,farengate,1,1,0,0.0,0.0,inf,0.0
farfieworldwide,farfieworldwide,1,1,0,0.0,0.0,inf,0.0
farfire,farfire,1,2,0,0.0,0.0,inf,0.0
farfy,farfy,1,2,0,0.0,0.0,inf,0.0
insider,insider,1,1,0,0.0,0.0,inf,0.0
fashionista,fashionista,1,1,0,0.0,0.0,inf,0.0
fat,fat,1,3,0,0.0,0.0,inf,0.0
fatline,fatline,1,3,0,0.0,0.0,inf,0.0
favela,favela,2,3,0,0.0,0.0,inf,0.0
child,child,1,1,0,0.0,0.0,inf,0.0
favorite,favorite,6,20,0,0.0,0.0,inf,0.0
lady,lady,1,2,0,0.0,0.0,inf,0.0
fayna,fayna,1,2,0,0.0,0.0,inf,0.0
sister,sister,3,8,0,0.0,0.0,inf,0.0
fbrk,fbrk,1,1,0,0.0,0.0,inf,0.0
fck,fck,1,1,0,0.0,0.0,inf,0.0
ptn,ptn,1,1,0,0.0,0.0,inf,0.0
fcuk,fcuk,2,7,0,0.0,0.0,inf,0.0
fdsfwsz,fdsfwsz,1,1,0,0.0,0.0,inf,0.0
coral,coral,1,1,0,0.0,0.0,inf,0.0
till,till,1,2,0,0.0,0.0,inf,0.0
felpa,felpa,1,2,0,0.0,0.0,inf,0.0
scheletro,scheletro,1,2,0,0.0,0.0,inf,0.0
grave,grave,1,2,0,0.0,0.0,inf,0.0
rave,rave,4,7,0,0.0,0.0,inf,0.0
femistoties,femistoties,1,1,0,0.0,0.0,inf,0.0
femka,femka,1,1,0,0.0,0.0,inf,0.0
fatale,fatale,1,1,0,0.0,0.0,inf,0.0
femme,femme,1,1,0,0.0,0.0,inf,0.0
femmes,femmes,1,1,0,0.0,0.0,inf,0.0
fen,fen,1,9,0,0.0,0.0,inf,0.0
fendi,fendi,1,1,0,0.0,0.0,inf,0.0
fenomen,fenomen,1,1,0,0.0,0.0,inf,0.0
fetti,fetti,1,1,0,0.0,0.0,inf,0.0
world,world,5,8,0,0.0,0.0,inf,0.0
ffdp,ffdp,2,2,0,0.0,0.0,inf,0.0
filson,filson,1,1,0,0.0,0.0,inf,0.0
finch,finch,2,6,0,0.0,0.0,inf,0.0
firepoint,firepoint,2,4,0,0.0,0.0,inf,0.0
fishbone,fishbone,1,1,0,0.0,0.0,inf,0.0
fittiloo,fittiloo,1,2,0,0.0,0.0,inf,0.0
fitzona,fitzona,1,1,0,0.0,0.0,inf,0.0
finger,finger,2,9,0,0.0,0.0,inf,0.0
punch,punch,3,17,0,0.0,0.0,inf,0.0
five,five,2,9,0,0.0,0.0,inf,0.0
fj0338,fj0338,1,1,0,0.0,0.0,inf,0.0
fjallraven,fjallraven,1,1,0,0.0,0.0,inf,0.0
flaar,flaar,1,1,0,0.0,0.0,inf,0.0
nning,nning,1,1,0,0.0,0.0,inf,0.0
eyelets,eyelets,1,3,0,0.0,0.0,inf,0.0
master,master,5,16,0,0.0,0.0,inf,0.0
model,model,1,1,0,0.0,0.0,inf,0.0
bracket,bracket,1,1,0,0.0,0.0,inf,0.0
pole,pole,1,1,0,0.0,0.0,inf,0.0
system,system,5,8,0,0.0,0.0,inf,0.0
flagberry,flagberry,1,1,0,0.0,0.0,inf,0.0
flagi,flagi,1,8,0,0.0,0.0,inf,0.0
flagmaster,flagmaster,2,64,0,0.0,0.0,inf,0.0
flagservice,flagservice,1,2,0,0.0,0.0,inf,0.0
flagshtok,flagshtok,1,1,0,0.0,0.0,inf,0.0
nima,nima,2,2,0,0.0,0.0,inf,0.0
flagstore,flagstore,2,16,0,0.0,0.0,inf,0.0
flagsystem,flagsystem,2,13,0,0.0,0.0,inf,0.0
desire,desire,2,48,0,0.0,0.0,inf,0.0
flame,flame,7,68,0,0.0,0.0,inf,0.0
flameofdesire,flameofdesire,1,3,0,0.0,0.0,inf,0.0
flamingo,flamingo,1,1,0,0.0,0.0,inf,0.0
flared,flared,10,16,0,0.0,0.0,inf,0.0
flarescence,flarescence,1,3,0,0.0,0.0,inf,0.0
floral,floral,1,2,0,0.0,0.0,inf,0.0
fmk,fmk,2,4,0,0.0,0.0,inf,0.0
fn3730,fn3730,1,1,0,0.0,0.0,inf,0.0
folkmart,folkmart,1,1,0,0.0,0.0,inf,0.0
fomo,fomo,4,8,0,0.0,0.0,inf,0.0
fonk,fonk,1,12,0,0.0,0.0,inf,0.0
foot,foot,1,1,0,0.0,0.0,inf,0.0
friends,friends,3,5,0,0.0,0.0,inf,0.0
force,force,3,5,0,0.0,0.0,inf,0.0
forcewear,forcewear,1,1,0,0.0,0.0,inf,0.0
forealsket,forealsket,1,1,0,0.0,0.0,inf,0.0
faces,faces,2,6,0,0.0,0.0,inf,0.0
forgotten,forgotten,2,6,0,0.0,0.0,inf,0.0
tomb,tomb,1,1,0,0.0,0.0,inf,0.0
forly,forly,1,1,0,0.0,0.0,inf,0.0
forward,forward,16,49,0,0.0,0.0,inf,0.0
observation,observation,2,11,0,0.0,0.0,inf,0.0
observations,observations,9,29,0,0.0,0.0,inf,0.0
fosfor,fosfor,1,6,0,0.0,0.0,inf,0.0
fox,fox,11,17,0,0.0,0.0,inf,0.0
foxmoto,foxmoto,1,1,0,0.0,0.0,inf,0.0
foya,foya,2,10,0,0.0,0.0,inf,0.0
дюймов,дюйм,1,1,0,0.0,0.0,inf,0.0
жизнь,жизн,1,1,0,0.0,0.0,inf,0.0
бортам,борт,1,1,0,0.0,0.0,inf,0.0
fpvua,fpvua,1,1,0,0.0,0.0,inf,0.0
freak,freak,1,2,0,0.0,0.0,inf,0.0
boutik,boutik,1,2,0,0.0,0.0,inf,0.0
freakdays,freakdays,1,1,0,0.0,0.0,inf,0.0
fred,fred,5,11,0,0.0,0.0,inf,0.0
perry,perry,5,11,0,0.0,0.0,inf,0.0
azovstal,azovstal,7,34,0,0.0,0.0,inf,0.0
defenders,defenders,5,26,0,0.0,0.0,inf,0.0
spirit,spirit,3,4,0,0.0,0.0,inf,0.0
freedom,freedom,6,13,0,0.0,0.0,inf,0.0
freeki,freeki,1,1,0,0.0,0.0,inf,0.0
terry,terry,4,4,0,0.0,0.0,inf,0.0
french,french,3,3,0,0.0,0.0,inf,0.0
fresh,fresh,2,3,0,0.0,0.0,inf,0.0
frolov,frolov,1,7,0,0.0,0.0,inf,0.0
krbk,krbk,6,77,0,0.0,0.0,inf,0.0
with,with,9,14,0,0.0,0.0,inf,0.0
nlaw,nlaw,1,2,0,0.0,0.0,inf,0.0
fromus,fromus,2,5,0,0.0,0.0,inf,0.0
front,front,1,2,0,0.0,0.0,inf,0.0
assembly,assembly,1,2,0,0.0,0.0,inf,0.0
frontier,frontier,1,2,0,0.0,0.0,inf,0.0
fruit,fruit,4,4,0,0.0,0.0,inf,0.0
loom,loom,4,4,0,0.0,0.0,inf,0.0
fsbn,fsbn,5,11,0,0.0,0.0,inf,0.0
fsociety,fsociety,2,4,0,0.0,0.0,inf,0.0
ftp,ftp,6,10,0,0.0,0.0,inf,0.0
fucking,fucking,3,14,0,0.0,0.0,inf,0.0
awesome,awesome,5,19,0,0.0,0.0,inf,0.0
fuckthepopulation,fuckthepopulation,1,1,0,0.0,0.0,inf,0.0
fugati,fugati,1,1,0,0.0,0.0,inf,0.0
full,full,1,1,0,0.0,0.0,inf,0.0
service,service,2,2,0,0.0,0.0,inf,0.0
pink,pink,8,18,0,0.0,0.0,inf,0.0
funk,funk,1,1,0,0.0,0.0,inf,0.0
funky,funky,1,7,0,0.0,0.0,inf,0.0
furfur,furfur,1,2,0,0.0,0.0,inf,0.0
furia,furia,1,2,0,0.0,0.0,inf,0.0
futbolka,futbolka,2,2,0,0.0,0.0,inf,0.0
futbolki,futbolki,1,1,0,0.0,0.0,inf,0.0
futuristic,futuristic,1,1,0,0.0,0.0,inf,0.0
visions,visions,1,1,0,0.0,0.0,inf,0.0
fyze,fyze,1,1,0,0.0,0.0,inf,0.0
fzm,fzm,3,51,0,0.0,0.0,inf,0.0
nadr,nadr,2,2,0,0.0,0.0,inf,0.0
meleg,meleg,2,2,0,0.0,0.0,inf,0.0
egyenes,egyenes,1,1,0,0.0,0.0,inf,0.0
rfi,rfi,1,1,0,0.0,0.0,inf,0.0
raw,raw,3,3,0,0.0,0.0,inf,0.0
g59,g59,4,9,0,0.0,0.0,inf,0.0
g59records,g59records,1,1,0,0.0,0.0,inf,0.0
gabber,gabber,1,1,0,0.0,0.0,inf,0.0
gadyuka,gadyuka,1,2,0,0.0,0.0,inf,0.0
gagi,gagi,1,1,0,0.0,0.0,inf,0.0
galartsy,galartsy,1,1,0,0.0,0.0,inf,0.0
over,over,1,1,0,0.0,0.0,inf,0.0
game,game,1,1,0,0.0,0.0,inf,0.0
gangshop,gangshop,1,2,0,0.0,0.0,inf,0.0
gank,gank,3,23,0,0.0,0.0,inf,0.0
gap,gap,26,50,0,0.0,0.0,inf,0.0
голубем,голуб,6,8,0,0.0,0.0,inf,0.0
garage,garage,10,14,0,0.0,0.0,inf,0.0
garda,garda,14,112,0,0.0,0.0,inf,0.0
відгуки,відгук,9,14,0,0.0,0.0,inf,0.0
garette,garette,1,1,0,0.0,0.0,inf,0.0
garmoniya,garmoniya,1,1,0,0.0,0.0,inf,0.0
garne,garne,2,4,0,0.0,0.0,inf,0.0
garno,garno,2,3,0,0.0,0.0,inf,0.0
garrt,garrt,1,2,0,0.0,0.0,inf,0.0
gasanova,gasanova,2,4,0,0.0,0.0,inf,0.0
gasp,gasp,2,2,0,0.0,0.0,inf,0.0
gattoi,gattoi,1,2,0,0.0,0.0,inf,0.0
gazette,gazette,1,3,0,0.0,0.0,inf,0.0
gbc,gbc,1,5,0,0.0,0.0,inf,0.0
lab,lab,4,36,0,0.0,0.0,inf,0.0
geekstuff,geekstuff,1,1,0,0.0,0.0,inf,0.0
gen,gen,1,1,0,0.0,0.0,inf,0.0
gencrew4,gencrew4,1,1,0,0.0,0.0,inf,0.0
genderless,genderless,1,1,0,0.0,0.0,inf,0.0
gentleman,gentleman,1,1,0,0.0,0.0,inf,0.0
seoul,seoul,1,1,0,0.0,0.0,inf,0.0
george,george,1,4,0,0.0,0.0,inf,0.0
gepur,gepur,2,3,0,0.0,0.0,inf,0.0
german,german,2,16,0,0.0,0.0,inf,0.0
germanapparel,germanapparel,1,1,0,0.0,0.0,inf,0.0
ghost,ghost,10,16,0,0.0,0.0,inf,0.0
tsushima,tsushima,1,1,0,0.0,0.0,inf,0.0
ghosted,ghosted,1,12,0,0.0,0.0,inf,0.0
ups,ups,1,12,0,0.0,0.0,inf,0.0
ghostemane,ghostemane,6,35,0,0.0,0.0,inf,0.0
gift,gift,3,5,0,0.0,0.0,inf,0.0
gig,gig,1,7,0,0.0,0.0,inf,0.0
gigils,gigils,1,3,0,0.0,0.0,inf,0.0
gigmilitary,gigmilitary,1,1,0,0.0,0.0,inf,0.0
gigwear,gigwear,1,1,0,0.0,0.0,inf,0.0
giip,giip,2,4,0,0.0,0.0,inf,0.0
gildan,gildan,9,29,0,0.0,0.0,inf,0.0
heavy,heavy,9,60,0,0.0,0.0,inf,0.0
softstyle,softstyle,1,2,0,0.0,0.0,inf,0.0
givenchy,givenchy,4,5,0,0.0,0.0,inf,0.0
underworld,underworld,3,5,0,0.0,0.0,inf,0.0
gjlvjcn,gjlvjcn,1,1,0,0.0,0.0,inf,0.0
gladiator,gladiator,2,2,0,0.0,0.0,inf,0.0
glo,glo,4,6,0,0.0,0.0,inf,0.0
glow,glow,1,6,0,0.0,0.0,inf,0.0
gnizdo,gnizdo,1,1,0,0.0,0.0,inf,0.0
gnz,gnz,3,6,0,0.0,0.0,inf,0.0
goa,goa,2,2,0,0.0,0.0,inf,0.0
answers,answers,1,1,0,0.0,0.0,inf,0.0
prayers,prayers,1,1,0,0.0,0.0,inf,0.0
bless,bless,1,1,0,0.0,0.0,inf,0.0
gone,gone,3,5,0,0.0,0.0,inf,0.0
gods,gods,3,6,0,0.0,0.0,inf,0.0
godsmack,godsmack,1,1,0,0.0,0.0,inf,0.0
gojira,gojira,1,1,0,0.0,0.0,inf,0.0
gola,gola,1,1,0,0.0,0.0,inf,0.0
pravda,pravda,1,1,0,0.0,0.0,inf,0.0
goldi,goldi,10,27,0,0.0,0.0,inf,0.0
каталог,каталог,5,5,0,0.0,0.0,inf,0.0
goldie,goldie,1,1,0,0.0,0.0,inf,0.0
goldli,goldli,1,1,0,0.0,0.0,inf,0.0
golf,golf,2,2,0,0.0,0.0,inf,0.0
fludd,fludd,1,1,0,0.0,0.0,inf,0.0
gonor,gonor,2,11,0,0.0,0.0,inf,0.0
dnipro,dnipro,2,4,0,0.0,0.0,inf,0.0
plt,plt,1,2,0,0.0,0.0,inf,0.0
краматорск,краматорск,5,37,0,0.0,0.0,inf,0.0
суми,сум,6,85,0,0.0,0.0,inf,0.0
івано,іван,6,21,0,0.0,0.0,inf,0.0
франківськ,франківськ,6,21,0,0.0,0.0,inf,0.0
goodboysclub,goodboysclub,2,37,0,0.0,0.0,inf,0.0
goodfornothing,goodfornothing,1,2,0,0.0,0.0,inf,0.0
gooska,gooska,2,3,0,0.0,0.0,inf,0.0
gorchitsa,gorchitsa,1,1,0,0.0,0.0,inf,0.0
gordon,gordon,1,3,0,0.0,0.0,inf,0.0
gorgany,gorgany,2,6,0,0.0,0.0,inf,0.0
gorgoroth,gorgoroth,1,2,0,0.0,0.0,inf,0.0
gorillaz,gorillaz,2,2,0,0.0,0.0,inf,0.0
gorpcore,gorpcore,1,1,0,0.0,0.0,inf,0.0
gost,gost,1,3,0,0.0,0.0,inf,0.0
cross,cross,3,6,0,0.0,0.0,inf,0.0
goth,goth,4,9,0,0.0,0.0,inf,0.0
gothemshop,gothemshop,1,1,0,0.0,0.0,inf,0.0
gothic,gothic,10,44,0,0.0,0.0,inf,0.0
botanical,botanical,1,4,0,0.0,0.0,inf,0.0
gou,gou,1,3,0,0.0,0.0,inf,0.0
goverla,goverla,1,5,0,0.0,0.0,inf,0.0
grailz,grailz,6,12,0,0.0,0.0,inf,0.0
gramicci,gramicci,3,4,0,0.0,0.0,inf,0.0
gallery,gallery,1,6,0,0.0,0.0,inf,0.0
granola,granola,1,1,0,0.0,0.0,inf,0.0
graphic,graphic,7,23,0,0.0,0.0,inf,0.0
gray,gray,1,1,0,0.0,0.0,inf,0.0
greasy,greasy,2,11,0,0.0,0.0,inf,0.0
green,green,3,6,0,0.0,0.0,inf,0.0
grenzgaenger,grenzgaenger,2,10,0,0.0,0.0,inf,0.0
grey,grey,4,6,0,0.0,0.0,inf,0.0
greyfivenine,greyfivenine,1,1,0,0.0,0.0,inf,0.0
gridress,gridress,1,1,0,0.0,0.0,inf,0.0
grim,grim,1,1,0,0.0,0.0,inf,0.0
reaper,reaper,5,8,0,0.0,0.0,inf,0.0
therapy,therapy,2,5,0,0.0,0.0,inf,0.0
groupsm,groupsm,1,2,0,0.0,0.0,inf,0.0
gruf,gruf,1,2,0,0.0,0.0,inf,0.0
grunge,grunge,3,4,0,0.0,0.0,inf,0.0
grunt,grunt,2,24,0,0.0,0.0,inf,0.0
active,active,2,3,0,0.0,0.0,inf,0.0
guards,guards,1,4,0,0.0,0.0,inf,0.0
gud,gud,1,2,0,0.0,0.0,inf,0.0
gudu,gudu,2,3,0,0.0,0.0,inf,0.0
guess,guess,2,2,0,0.0,0.0,inf,0.0
guide,guide,1,1,0,0.0,0.0,inf,0.0
gunia,gunia,2,12,0,0.0,0.0,inf,0.0
gur,gur,1,4,0,0.0,0.0,inf,0.0
gurd,gurd,1,4,0,0.0,0.0,inf,0.0
gver,gver,1,4,0,0.0,0.0,inf,0.0
gwear,gwear,3,128,0,0.0,0.0,inf,0.0
lviv,lviv,5,14,0,0.0,0.0,inf,0.0
gwer,gwer,1,10,0,0.0,0.0,inf,0.0
gybe,gybe,1,1,0,0.0,0.0,inf,0.0
gymbeam,gymbeam,1,4,0,0.0,0.0,inf,0.0
pumper,pumper,1,1,0,0.0,0.0,inf,0.0
онлайн,онлайн,19,61,0,0.0,0.0,inf,0.0
nirvana,nirvana,3,6,0,0.0,0.0,inf,0.0
regular,regular,8,16,0,0.0,0.0,inf,0.0
тигром,тигр,6,24,0,0.0,0.0,inf,0.0
libertas,libertas,1,1,0,0.0,0.0,inf,0.0
hail,hail,1,1,0,0.0,0.0,inf,0.0
hajime,hajime,3,3,0,0.0,0.0,inf,0.0
half,half,2,9,0,0.0,0.0,inf,0.0
price,price,1,8,0,0.0,0.0,inf,0.0
haliky,haliky,1,2,0,0.0,0.0,inf,0.0
halloween,halloween,1,1,0,0.0,0.0,inf,0.0
halva,halva,1,1,0,0.0,0.0,inf,0.0
hameleon,hameleon,1,1,0,0.0,0.0,inf,0.0
han,han,2,2,0,0.0,0.0,inf,0.0
kjobenhavn,kjobenhavn,2,2,0,0.0,0.0,inf,0.0
handmade,handmade,1,3,0,0.0,0.0,inf,0.0
handywear,handywear,2,2,0,0.0,0.0,inf,0.0
hang,hang,1,1,0,0.0,0.0,inf,0.0
ten,ten,2,2,0,0.0,0.0,inf,0.0
hangover,hangover,1,1,0,0.0,0.0,inf,0.0
hanuman,hanuman,1,2,0,0.0,0.0,inf,0.0
harajuku,harajuku,1,7,0,0.0,0.0,inf,0.0
kiev,kiev,3,4,0,0.0,0.0,inf,0.0
revo,revo,1,1,0,0.0,0.0,inf,0.0
cafe,cafe,2,4,0,0.0,0.0,inf,0.0
hardbass,hardbass,1,1,0,0.0,0.0,inf,0.0
hardcore,hardcore,11,29,0,0.0,0.0,inf,0.0
punk,punk,4,6,0,0.0,0.0,inf,0.0
hardkyiv,hardkyiv,1,14,0,0.0,0.0,inf,0.0
hardstyle,hardstyle,1,1,0,0.0,0.0,inf,0.0
hardtimes,hardtimes,1,1,0,0.0,0.0,inf,0.0
hardwell,hardwell,1,1,0,0.0,0.0,inf,0.0
harley,harley,8,14,0,0.0,0.0,inf,0.0
davidson,davidson,7,13,0,0.0,0.0,inf,0.0
hart,hart,1,2,0,0.0,0.0,inf,0.0
harvest,harvest,3,16,0,0.0,0.0,inf,0.0
hasic,hasic,1,1,0,0.0,0.0,inf,0.0
hasl,hasl,1,10,0,0.0,0.0,inf,0.0
muerte,muerte,6,39,0,0.0,0.0,inf,0.0
hasta,hasta,1,13,0,0.0,0.0,inf,0.0
hatebreed,hatebreed,3,3,0,0.0,0.0,inf,0.0
hatecult,hatecult,1,8,0,0.0,0.0,inf,0.0
hateshop,hateshop,1,1,0,0.0,0.0,inf,0.0
haunted,haunted,6,18,0,0.0,0.0,inf,0.0
family,family,3,12,0,0.0,0.0,inf,0.0
mound,mound,3,6,0,0.0,0.0,inf,0.0
haus,haus,1,2,0,0.0,0.0,inf,0.0
gotika,gotika,1,3,0,0.0,0.0,inf,0.0
haute,haute,1,3,0,0.0,0.0,inf,0.0
heart,heart,2,2,0,0.0,0.0,inf,0.0
shot,shot,4,45,0,0.0,0.0,inf,0.0
havi,havi,1,4,0,0.0,0.0,inf,0.0
fqg,fqg,1,1,0,0.0,0.0,inf,0.0
hbrb,hbrb,1,1,0,0.0,0.0,inf,0.0
hdsh,hdsh,4,23,0,0.0,0.0,inf,0.0
hdsportwear,hdsportwear,1,1,0,0.0,0.0,inf,0.0
рівне,рівне,9,29,0,0.0,0.0,inf,0.0
headbagrv,headbagrv,1,1,0,0.0,0.0,inf,0.0
headshot,headshot,1,1,0,0.0,0.0,inf,0.0
heartbreaker,heartbreaker,1,1,0,0.0,0.0,inf,0.0
heatbag,heatbag,1,1,0,0.0,0.0,inf,0.0
heaven,heaven,2,7,0,0.0,0.0,inf,0.0
mental,mental,2,8,0,0.0,0.0,inf,0.0
жвавий,жвав,2,6,0,0.0,0.0,inf,0.0
caseoh,caseoh,1,2,0,0.0,0.0,inf,0.0
hector,hector,4,11,0,0.0,0.0,inf,0.0
hedonist,hedonist,6,17,0,0.0,0.0,inf,0.0
hektor,hektor,1,2,0,0.0,0.0,inf,0.0
topcool,topcool,1,1,0,0.0,0.0,inf,0.0
energy,energy,2,3,0,0.0,0.0,inf,0.0
hellbells,hellbells,1,1,0,0.0,0.0,inf,0.0
hellfighters,hellfighters,1,1,0,0.0,0.0,inf,0.0
hellraisers,hellraisers,1,1,0,0.0,0.0,inf,0.0
hells,hells,2,5,0,0.0,0.0,inf,0.0
bells,bells,1,4,0,0.0,0.0,inf,0.0
gate,gate,1,1,0,0.0,0.0,inf,0.0
hellsing,hellsing,1,1,0,0.0,0.0,inf,0.0
hellstar,hellstar,3,6,0,0.0,0.0,inf,0.0
hemp,hemp,2,3,0,0.0,0.0,inf,0.0
hempful,hempful,1,1,0,0.0,0.0,inf,0.0
hey,hey,1,1,0,0.0,0.0,inf,0.0
heybecca,heybecca,1,3,0,0.0,0.0,inf,0.0
heyyasisters,heyyasisters,1,1,0,0.0,0.0,inf,0.0
hhwear,hhwear,1,1,0,0.0,0.0,inf,0.0
hibrand,hibrand,1,1,0,0.0,0.0,inf,0.0
hideo,hideo,1,1,0,0.0,0.0,inf,0.0
kojima,kojima,1,1,0,0.0,0.0,inf,0.0
high,high,4,8,0,0.0,0.0,inf,0.0
dive,dive,1,5,0,0.0,0.0,inf,0.0
ankle,ankle,1,1,0,0.0,0.0,inf,0.0
waisted,waisted,2,2,0,0.0,0.0,inf,0.0
sleektech,sleektech,1,1,0,0.0,0.0,inf,0.0
hiich,hiich,1,2,0,0.0,0.0,inf,0.0
him,him,4,9,0,0.0,0.0,inf,0.0
himars,himars,3,10,0,0.0,0.0,inf,0.0
hircost,hircost,1,1,0,0.0,0.0,inf,0.0
hobi,hobi,1,4,0,0.0,0.0,inf,0.0
hobo,hobo,2,16,0,0.0,0.0,inf,0.0
hoboclub,hoboclub,1,1,0,0.0,0.0,inf,0.0
hochu,hochu,1,2,0,0.0,0.0,inf,0.0
hochusobitake,hochusobitake,1,1,0,0.0,0.0,inf,0.0
hodie,hodie,1,1,0,0.0,0.0,inf,0.0
hoffmann,hoffmann,1,1,0,0.0,0.0,inf,0.0
hog,hog,1,1,0,0.0,0.0,inf,0.0
holacoste,holacoste,1,1,0,0.0,0.0,inf,0.0
holli,holli,1,8,0,0.0,0.0,inf,0.0
feel,feel,1,1,0,0.0,0.0,inf,0.0
holymali,holymali,1,1,0,0.0,0.0,inf,0.0
home,home,6,19,0,0.0,0.0,inf,0.0
history,history,1,4,0,0.0,0.0,inf,0.0
homesick,homesick,1,2,0,0.0,0.0,inf,0.0
miyake,miyake,1,1,0,0.0,0.0,inf,0.0
homme,homme,1,1,0,0.0,0.0,inf,0.0
pliss,pliss,1,1,0,0.0,0.0,inf,0.0
issey,issey,1,1,0,0.0,0.0,inf,0.0
honorovy,honorovy,1,9,0,0.0,0.0,inf,0.0
hood,hood,2,5,0,0.0,0.0,inf,0.0
air,air,4,6,0,0.0,0.0,inf,0.0
hoodbyair,hoodbyair,1,1,0,0.0,0.0,inf,0.0
2pac,2pac,3,5,0,0.0,0.0,inf,0.0
astronaut,astronaut,2,4,0,0.0,0.0,inf,0.0
double,double,2,2,0,0.0,0.0,inf,0.0
zipper,zipper,4,5,0,0.0,0.0,inf,0.0
europe,europe,1,3,0,0.0,0.0,inf,0.0
riding,riding,1,1,0,0.0,0.0,inf,0.0
tall,tall,4,4,0,0.0,0.0,inf,0.0
genetikk,genetikk,1,2,0,0.0,0.0,inf,0.0
hipster,hipster,1,2,0,0.0,0.0,inf,0.0
jolly,jolly,1,1,0,0.0,0.0,inf,0.0
roger,roger,1,1,0,0.0,0.0,inf,0.0
pleasure,pleasure,1,2,0,0.0,0.0,inf,0.0
problems,problems,2,2,0,0.0,0.0,inf,0.0
represent,represent,9,32,0,0.0,0.0,inf,0.0
scorpio,scorpio,1,1,0,0.0,0.0,inf,0.0
sk8,sk8,14,26,0,0.0,0.0,inf,0.0
stories,stories,3,10,0,0.0,0.0,inf,0.0
hoodrich,hoodrich,1,8,0,0.0,0.0,inf,0.0
hooey,hooey,1,1,0,0.0,0.0,inf,0.0
hoonigan,hoonigan,1,1,0,0.0,0.0,inf,0.0
supply,supply,4,8,0,0.0,0.0,inf,0.0
horn,horn,1,38,0,0.0,0.0,inf,0.0
heroes,heroes,2,39,0,0.0,0.0,inf,0.0
hornheroes,hornheroes,1,4,0,0.0,0.0,inf,0.0
horror,horror,3,4,0,0.0,0.0,inf,0.0
hotdevil,hotdevil,2,5,0,0.0,0.0,inf,0.0
miami,miami,2,2,0,0.0,0.0,inf,0.0
hotline,hotline,1,1,0,0.0,0.0,inf,0.0
hotmamas,hotmamas,1,1,0,0.0,0.0,inf,0.0
hous,hous,1,1,0,0.0,0.0,inf,0.0
graphics,graphics,3,3,0,0.0,0.0,inf,0.0
pain,pain,2,3,0,0.0,0.0,inf,0.0
хмельницький,хмельницьк,6,17,0,0.0,0.0,inf,0.0
housebrand,housebrand,1,1,0,0.0,0.0,inf,0.0
howar,howar,1,2,0,0.0,0.0,inf,0.0
howarstudio,howarstudio,1,21,0,0.0,0.0,inf,0.0
howitzer,howitzer,1,3,0,0.0,0.0,inf,0.0
hq4422,hq4422,1,2,0,0.0,0.0,inf,0.0
hq8135,hq8135,1,1,0,0.0,0.0,inf,0.0
hret,hret,3,14,0,0.0,0.0,inf,0.0
http,http,1,2,0,0.0,0.0,inf,0.0
https,https,2,13,0,0.0,0.0,inf,0.0
htukfy,htukfy,1,1,0,0.0,0.0,inf,0.0
huel,huel,2,4,0,0.0,0.0,inf,0.0
huf,huf,5,6,0,0.0,0.0,inf,0.0
usa,usa,3,10,0,0.0,0.0,inf,0.0
huge,huge,1,1,0,0.0,0.0,inf,0.0
hugo,hugo,3,5,0,0.0,0.0,inf,0.0
hum,hum,1,1,0,0.0,0.0,inf,0.0
human,human,2,2,0,0.0,0.0,inf,0.0
humanist,humanist,1,1,0,0.0,0.0,inf,0.0
showdown,showdown,1,1,0,0.0,0.0,inf,0.0
hunt,hunt,1,1,0,0.0,0.0,inf,0.0
hunter,hunter,4,7,0,0.0,0.0,inf,0.0
hupnari,hupnari,1,1,0,0.0,0.0,inf,0.0
hurley,hurley,1,1,0,0.0,0.0,inf,0.0
hurts,hurts,1,1,0,0.0,0.0,inf,0.0
husl,husl,2,18,0,0.0,0.0,inf,0.0
husle,husle,1,2,0,0.0,0.0,inf,0.0
husll,husll,7,159,0,0.0,0.0,inf,0.0
hussl,hussl,1,20,0,0.0,0.0,inf,0.0
hussle,hussle,1,13,0,0.0,0.0,inf,0.0
hut,hut,1,1,0,0.0,0.0,inf,0.0
hydi,hydi,1,1,0,0.0,0.0,inf,0.0
hygge,hygge,2,29,0,0.0,0.0,inf,0.0
stile,stile,1,1,0,0.0,0.0,inf,0.0
hypelabs,hypelabs,1,1,0,0.0,0.0,inf,0.0
hyper,hyper,1,1,0,0.0,0.0,inf,0.0
hyperboloid,hyperboloid,1,1,0,0.0,0.0,inf,0.0
hypezone,hypezone,1,1,0,0.0,0.0,inf,0.0
hyraw,hyraw,2,2,0,0.0,0.0,inf,0.0
hysta,hysta,1,1,0,0.0,0.0,inf,0.0
hysteric,hysteric,7,13,0,0.0,0.0,inf,0.0
glamour,glamour,7,13,0,0.0,0.0,inf,0.0
girlfriend,girlfriend,1,2,0,0.0,0.0,inf,0.0
fine,fine,3,3,0,0.0,0.0,inf,0.0
kneel,kneel,1,1,0,0.0,0.0,inf,0.0
only,only,6,23,0,0.0,0.0,inf,0.0
see,see,2,10,0,0.0,0.0,inf,0.0
ghosts,ghosts,1,5,0,0.0,0.0,inf,0.0
become,become,1,2,0,0.0,0.0,inf,0.0
shalt,shalt,1,2,0,0.0,0.0,inf,0.0
iamrebel,iamrebel,1,8,0,0.0,0.0,inf,0.0
iamriotdivision,iamriotdivision,1,5,0,0.0,0.0,inf,0.0
iaskravo,iaskravo,1,2,0,0.0,0.0,inf,0.0
ib7238,ib7238,2,2,0,0.0,0.0,inf,0.0
068,068,1,1,0,0.0,0.0,inf,0.0
ibis,ibis,1,1,0,0.0,0.0,inf,0.0
ice,ice,4,5,0,0.0,0.0,inf,0.0
nine,nine,15,59,0,0.0,0.0,inf,0.0
kills,kills,1,1,0,0.0,0.0,inf,0.0
iceman,iceman,4,6,0,0.0,0.0,inf,0.0
куртка,куртк,15,43,0,0.0,0.0,inf,0.0
couture,couture,7,59,0,0.0,0.0,inf,0.0
icono,icono,3,4,0,0.0,0.0,inf,0.0
iets,iets,2,2,0,0.0,0.0,inf,0.0
frans,frans,2,2,0,0.0,0.0,inf,0.0
was,was,1,1,0,0.0,0.0,inf,0.0
six,six,15,118,0,0.0,0.0,inf,0.0
if0488,if0488,1,3,0,0.0,0.0,inf,0.0
if0721,if0721,1,1,0,0.0,0.0,inf,0.0
ifsixwasnine,ifsixwasnine,1,1,0,0.0,0.0,inf,0.0
ignea,ignea,1,1,0,0.0,0.0,inf,0.0
ii1306,ii1306,1,1,0,0.0,0.0,inf,0.0
ij7055,ij7055,1,2,0,0.0,0.0,inf,0.0
illuminati,illuminati,1,1,0,0.0,0.0,inf,0.0
im1337,im1337,1,2,0,0.0,0.0,inf,0.0
impact,impact,3,9,0,0.0,0.0,inf,0.0
imperial,imperial,1,3,0,0.0,0.0,inf,0.0
impericon,impericon,1,2,0,0.0,0.0,inf,0.0
extremo,extremo,1,1,0,0.0,0.0,inf,0.0
flames,flames,2,3,0,0.0,0.0,inf,0.0
truck,truck,1,1,0,0.0,0.0,inf,0.0
independent,independent,4,10,0,0.0,0.0,inf,0.0
indiana,indiana,1,3,0,0.0,0.0,inf,0.0
jones,jones,3,5,0,0.0,0.0,inf,0.0
indiwd,indiwd,1,2,0,0.0,0.0,inf,0.0
indoorclo,indoorclo,1,8,0,0.0,0.0,inf,0.0
indra,indra,2,45,0,0.0,0.0,inf,0.0
inette,inette,1,1,0,0.0,0.0,inf,0.0
infant,infant,4,11,0,0.0,0.0,inf,0.0
annihilator,annihilator,4,11,0,0.0,0.0,inf,0.0
infyb,infyb,1,1,0,0.0,0.0,inf,0.0
out,out,8,10,0,0.0,0.0,inf,0.0
insideu,insideu,1,1,0,0.0,0.0,inf,0.0
instagram,instagram,3,3,0,0.0,0.0,inf,0.0
intelegentoff,intelegentoff,2,5,0,0.0,0.0,inf,0.0
intertop,intertop,1,4,0,0.0,0.0,inf,0.0
into,into,1,1,0,0.0,0.0,inf,0.0
ion,ion,2,20,0,0.0,0.0,inf,0.0
fist,fist,4,14,0,0.0,0.0,inf,0.0
iron,iron,9,22,0,0.0,0.0,inf,0.0
maiden,maiden,4,6,0,0.0,0.0,inf,0.0
panda,panda,1,2,0,0.0,0.0,inf,0.0
irony,irony,1,1,0,0.0,0.0,inf,0.0
ishalife,ishalife,1,2,0,0.0,0.0,inf,0.0
islandia,islandia,1,2,0,0.0,0.0,inf,0.0
isld,isld,2,12,0,0.0,0.0,inf,0.0
issaya,issaya,1,1,0,0.0,0.0,inf,0.0
issl,issl,1,5,0,0.0,0.0,inf,0.0
iuter,iuter,1,1,0,0.0,0.0,inf,0.0
ivnva,ivnva,1,5,0,0.0,0.0,inf,0.0
ivor,ivor,1,1,0,0.0,0.0,inf,0.0
ix1252,ix1252,1,2,0,0.0,0.0,inf,0.0
iy2245,iy2245,1,1,0,0.0,0.0,inf,0.0
izzi,izzi,1,1,0,0.0,0.0,inf,0.0
izzy,izzy,2,3,0,0.0,0.0,inf,0.0
cook,cook,1,2,0,0.0,0.0,inf,0.0
jaceyjace,jaceyjace,1,7,0,0.0,0.0,inf,0.0
daniels,daniels,1,1,0,0.0,0.0,inf,0.0
jackass,jackass,1,3,0,0.0,0.0,inf,0.0
jaded,jaded,7,10,0,0.0,0.0,inf,0.0
monster,monster,5,8,0,0.0,0.0,inf,0.0
jaizowear,jaizowear,1,1,0,0.0,0.0,inf,0.0
janko,janko,1,1,0,0.0,0.0,inf,0.0
japan,japan,5,20,0,0.0,0.0,inf,0.0
japanese,japanese,1,4,0,0.0,0.0,inf,0.0
jaxet,jaxet,1,1,0,0.0,0.0,inf,0.0
jcook,jcook,1,1,0,0.0,0.0,inf,0.0
jellyfish,jellyfish,1,7,0,0.0,0.0,inf,0.0
swarm,swarm,1,1,0,0.0,0.0,inf,0.0
jericho,jericho,1,1,0,0.0,0.0,inf,0.0
jersey,jersey,2,2,0,0.0,0.0,inf,0.0
jester,jester,1,1,0,0.0,0.0,inf,0.0
jesus,jesus,5,18,0,0.0,0.0,inf,0.0
jitsu,jitsu,3,7,0,0.0,0.0,inf,0.0
jew,jew,1,1,0,0.0,0.0,inf,0.0
jhk,jhk,1,6,0,0.0,0.0,inf,0.0
jhoods,jhoods,1,3,0,0.0,0.0,inf,0.0
jinsovik,jinsovik,1,2,0,0.0,0.0,inf,0.0
jiu,jiu,2,6,0,0.0,0.0,inf,0.0
jjxx,jjxx,1,1,0,0.0,0.0,inf,0.0
jnco,jnco,2,7,0,0.0,0.0,inf,0.0
joah,joah,1,2,0,0.0,0.0,inf,0.0
large,large,1,4,0,0.0,0.0,inf,0.0
extra,extra,1,4,0,0.0,0.0,inf,0.0
jojo,jojo,1,1,0,0.0,0.0,inf,0.0
jolybell,jolybell,1,22,0,0.0,0.0,inf,0.0
joma,joma,1,1,0,0.0,0.0,inf,0.0
joodie,joodie,1,2,0,0.0,0.0,inf,0.0
jordan,jordan,15,23,0,0.0,0.0,inf,0.0
travis,travis,3,4,0,0.0,0.0,inf,0.0
scott,scott,5,6,0,0.0,0.0,inf,0.0
brk,brk,1,1,0,0.0,0.0,inf,0.0
ovs,ovs,1,1,0,0.0,0.0,inf,0.0
gfx,gfx,1,1,0,0.0,0.0,inf,0.0
jotter,jotter,1,9,0,0.0,0.0,inf,0.0
judas,judas,1,1,0,0.0,0.0,inf,0.0
priest,priest,1,1,0,0.0,0.0,inf,0.0
judo,judo,2,2,0,0.0,0.0,inf,0.0
juggernaut,juggernaut,1,2,0,0.0,0.0,inf,0.0
jujimufu,jujimufu,1,1,0,0.0,0.0,inf,0.0
jul,jul,2,4,0,0.0,0.0,inf,0.0
k1x,k1x,1,1,0,0.0,0.0,inf,0.0
kabanchi,kabanchi,1,4,0,0.0,0.0,inf,0.0
kaft,kaft,1,1,0,0.0,0.0,inf,0.0
kaia,kaia,1,1,0,0.0,0.0,inf,0.0
kakakula,kakakula,1,6,0,0.0,0.0,inf,0.0
kali,kali,3,7,0,0.0,0.0,inf,0.0
kanonenfieber,kanonenfieber,1,1,0,0.0,0.0,inf,0.0
kanzler,kanzler,1,1,0,0.0,0.0,inf,0.0
kaotiko,kaotiko,1,1,0,0.0,0.0,inf,0.0
kapkan,kapkan,4,34,0,0.0,0.0,inf,0.0
native,native,1,5,0,0.0,0.0,inf,0.0
kappa,kappa,8,13,0,0.0,0.0,inf,0.0
kaptsova,kaptsova,1,3,0,0.0,0.0,inf,0.0
karakurt,karakurt,1,13,0,0.0,0.0,inf,0.0
kari,kari,1,1,0,0.0,0.0,inf,0.0
kariant,kariant,1,3,0,0.0,0.0,inf,0.0
kani,kani,3,6,0,0.0,0.0,inf,0.0
karl,karl,6,9,0,0.0,0.0,inf,0.0
noire,noire,3,19,0,0.0,0.0,inf,0.0
karma,karma,3,22,0,0.0,0.0,inf,0.0
karmanoire,karmanoire,1,2,0,0.0,0.0,inf,0.0
karna,karna,1,3,0,0.0,0.0,inf,0.0
kashalot,kashalot,1,2,0,0.0,0.0,inf,0.0
kasta,kasta,1,9,0,0.0,0.0,inf,0.0
katelab,katelab,2,9,0,0.0,0.0,inf,0.0
katja,katja,2,20,0,0.0,0.0,inf,0.0
katrin,katrin,1,1,0,0.0,0.0,inf,0.0
katseye,katseye,1,2,0,0.0,0.0,inf,0.0
kcd,kcd,1,1,0,0.0,0.0,inf,0.0
keep,keep,4,19,0,0.0,0.0,inf,0.0
keepneedle,keepneedle,1,14,0,0.0,0.0,inf,0.0
keepstyle,keepstyle,2,20,0,0.0,0.0,inf,0.0
kelisiting,kelisiting,1,1,0,0.0,0.0,inf,0.0
keller,keller,1,1,0,0.0,0.0,inf,0.0
kempa,kempa,1,1,0,0.0,0.0,inf,0.0
ken,ken,1,1,0,0.0,0.0,inf,0.0
carson,carson,1,1,0,0.0,0.0,inf,0.0
производитель,производител,3,3,0,0.0,0.0,inf,0.0
kenalin,kenalin,1,1,0,0.0,0.0,inf,0.0
kent,kent,1,2,0,0.0,0.0,inf,0.0
paket,paket,1,2,0,0.0,0.0,inf,0.0
key,key,2,2,0,0.0,0.0,inf,0.0
mode,mode,1,1,0,0.0,0.0,inf,0.0
keysad,keysad,2,2,0,0.0,0.0,inf,0.0
kezual,kezual,1,1,0,0.0,0.0,inf,0.0
brothers,brothers,4,27,0,0.0,0.0,inf,0.0
kharkiv,kharkiv,4,38,0,0.0,0.0,inf,0.0
khart,khart,1,2,0,0.0,0.0,inf,0.0
khartia,khartia,1,1,0,0.0,0.0,inf,0.0
khartiia,khartiia,1,2,0,0.0,0.0,inf,0.0
kidill,kidill,1,3,0,0.0,0.0,inf,0.0
kidsuper,kidsuper,1,2,0,0.0,0.0,inf,0.0
kifa,kifa,1,1,0,0.0,0.0,inf,0.0
kikwear,kikwear,1,1,0,0.0,0.0,inf,0.0
kildfol,kildfol,1,25,0,0.0,0.0,inf,0.0
dudes,dudes,1,1,0,0.0,0.0,inf,0.0
killhouse,killhouse,1,3,0,0.0,0.0,inf,0.0
killstar,killstar,7,29,0,0.0,0.0,inf,0.0
cranium,cranium,1,1,0,0.0,0.0,inf,0.0
tarot,tarot,7,39,0,0.0,0.0,inf,0.0
engage,engage,1,4,0,0.0,0.0,inf,0.0
killswitch,killswitch,1,4,0,0.0,0.0,inf,0.0
kims,kims,1,1,0,0.0,0.0,inf,0.0
king,king,3,6,0,0.0,0.0,inf,0.0
gizzard,gizzard,1,1,0,0.0,0.0,inf,0.0
deliverance,deliverance,1,2,0,0.0,0.0,inf,0.0
come,come,2,4,0,0.0,0.0,inf,0.0
kingdom,kingdom,3,5,0,0.0,0.0,inf,0.0
kingrun,kingrun,1,1,0,0.0,0.0,inf,0.0
kisetsu,kisetsu,1,3,0,0.0,0.0,inf,0.0
kiss,kiss,2,2,0,0.0,0.0,inf,0.0
kit,kit,1,9,0,0.0,0.0,inf,0.0
kittels,kittels,1,1,0,0.0,0.0,inf,0.0
kjyucksd,kjyucksd,1,2,0,0.0,0.0,inf,0.0
kkaitew,kkaitew,1,1,0,0.0,0.0,inf,0.0
klost,klost,2,2,0,0.0,0.0,inf,0.0
klott,klott,6,10,0,0.0,0.0,inf,0.0
kma,kma,1,2,0,0.0,0.0,inf,0.0
kmfdm,kmfdm,1,1,0,0.0,0.0,inf,0.0
knocked,knocked,1,1,0,0.0,0.0,inf,0.0
kobzart,kobzart,1,1,0,0.0,0.0,inf,0.0
kohai,kohai,1,2,0,0.0,0.0,inf,0.0
konflic,konflic,1,1,0,0.0,0.0,inf,0.0
knicca,knicca,1,1,0,0.0,0.0,inf,0.0
koopsta,koopsta,1,1,0,0.0,0.0,inf,0.0
korean,korean,1,1,0,0.0,0.0,inf,0.0
korn,korn,3,6,0,0.0,0.0,inf,0.0
korobko,korobko,1,1,0,0.0,0.0,inf,0.0
kostin,kostin,2,2,0,0.0,0.0,inf,0.0
mustangiem,mustangiem,1,2,0,0.0,0.0,inf,0.0
koszulka,koszulka,1,2,0,0.0,0.0,inf,0.0
koteika,koteika,1,1,0,0.0,0.0,inf,0.0
koton,koton,1,2,0,0.0,0.0,inf,0.0
kovalevskiy,kovalevskiy,1,1,0,0.0,0.0,inf,0.0
manufacture,manufacture,2,2,0,0.0,0.0,inf,0.0
dereza,dereza,1,1,0,0.0,0.0,inf,0.0
koza,koza,1,1,0,0.0,0.0,inf,0.0
kozak,kozak,1,1,0,0.0,0.0,inf,0.0
kraken,kraken,4,13,0,0.0,0.0,inf,0.0
krallice,krallice,1,1,0,0.0,0.0,inf,0.0
kramatan,kramatan,2,47,0,0.0,0.0,inf,0.0
krasar,krasar,1,1,0,0.0,0.0,inf,0.0
kroda,kroda,1,2,0,0.0,0.0,inf,0.0
kroen,kroen,1,1,0,0.0,0.0,inf,0.0
kroki,kroki,1,3,0,0.0,0.0,inf,0.0
schnaider,schnaider,2,4,0,0.0,0.0,inf,0.0
ksenia,ksenia,2,4,0,0.0,0.0,inf,0.0
corruption,corruption,3,6,0,0.0,0.0,inf,0.0
kseniaschnaider,kseniaschnaider,1,2,0,0.0,0.0,inf,0.0
kufaika,kufaika,2,11,0,0.0,0.0,inf,0.0
tura,tura,1,1,0,0.0,0.0,inf,0.0
kul,kul,1,1,0,0.0,0.0,inf,0.0
kultizdat,kultizdat,1,1,0,0.0,0.0,inf,0.0
kupazh,kupazh,1,1,0,0.0,0.0,inf,0.0
kvita,kvita,1,1,0,0.0,0.0,inf,0.0
exposition,exposition,1,2,0,0.0,0.0,inf,0.0
corsia,corsia,1,1,0,0.0,0.0,inf,0.0
space,space,4,10,0,0.0,0.0,inf,0.0
labwear,labwear,1,1,0,0.0,0.0,inf,0.0
lachen,lachen,1,4,0,0.0,0.0,inf,0.0
lacoste,lacoste,2,3,0,0.0,0.0,inf,0.0
lagoa,lagoa,1,1,0,0.0,0.0,inf,0.0
lagrand,lagrand,1,1,0,0.0,0.0,inf,0.0
lakor,lakor,1,55,0,0.0,0.0,inf,0.0
laluna,laluna,1,1,0,0.0,0.0,inf,0.0
lama,lama,4,105,0,0.0,0.0,inf,0.0
lamb,lamb,1,2,0,0.0,0.0,inf,0.0
lamoda,lamoda,1,1,0,0.0,0.0,inf,0.0
lapnas,lapnas,1,1,0,0.0,0.0,inf,0.0
larum,larum,1,2,0,0.0,0.0,inf,0.0
lastcall,lastcall,1,1,0,0.0,0.0,inf,0.0
latexfauna,latexfauna,2,2,0,0.0,0.0,inf,0.0
lava,lava,3,24,0,0.0,0.0,inf,0.0
studio,studio,10,54,0,0.0,0.0,inf,0.0
lavastudio,lavastudio,1,1,0,0.0,0.0,inf,0.0
lawa,lawa,3,14,0,0.0,0.0,inf,0.0
lazy,lazy,1,1,0,0.0,0.0,inf,0.0
oaf,oaf,2,2,0,0.0,0.0,inf,0.0
waikiki,waikiki,3,15,0,0.0,0.0,inf,0.0
zeppelin,zeppelin,1,1,0,0.0,0.0,inf,0.0
led,led,1,1,0,0.0,0.0,inf,0.0
leetienda,leetienda,1,1,0,0.0,0.0,inf,0.0
legalpower,legalpower,1,1,0,0.0,0.0,inf,0.0
legenda,legenda,1,1,0,0.0,0.0,inf,0.0
leman,leman,1,1,0,0.0,0.0,inf,0.0
tien,tien,1,5,0,0.0,0.0,inf,0.0
les,les,1,5,0,0.0,0.0,inf,0.0
звягель,звягел,1,1,0,0.0,0.0,inf,0.0
lesya,lesya,1,1,0,0.0,0.0,inf,0.0
levis,levis,7,16,0,0.0,0.0,inf,0.0
levitacia,levitacia,2,7,0,0.0,0.0,inf,0.0
levitate,levitate,1,4,0,0.0,0.0,inf,0.0
lgb,lgb,3,5,0,0.0,0.0,inf,0.0
lias,lias,1,1,0,0.0,0.0,inf,0.0
liberty,liberty,1,2,0,0.0,0.0,inf,0.0
lich,lich,1,2,0,0.0,0.0,inf,0.0
lida,lida,1,16,0,0.0,0.0,inf,0.0
шерстяное,шерстян,2,31,0,0.0,0.0,inf,0.0
lidnm,lidnm,1,2,0,0.0,0.0,inf,0.0
saving,saving,1,6,0,0.0,0.0,inf,0.0
lifelover,lifelover,4,16,0,0.0,0.0,inf,0.0
lifesaving,lifesaving,1,4,0,0.0,0.0,inf,0.0
lifestyle,lifestyle,1,1,0,0.0,0.0,inf,0.0
liftwaffe,liftwaffe,1,1,0,0.0,0.0,inf,0.0
likey,likey,2,10,0,0.0,0.0,inf,0.0
likeystyle,likeystyle,1,1,0,0.0,0.0,inf,0.0
peep,peep,7,14,0,0.0,0.0,inf,0.0
lil,lil,6,13,0,0.0,0.0,inf,0.0
lilove,lilove,1,1,0,0.0,0.0,inf,0.0
lime,lime,3,5,0,0.0,0.0,inf,0.0
limited,limited,3,5,0,0.0,0.0,inf,0.0
malina,malina,1,1,0,0.0,0.0,inf,0.0
lina,lina,1,1,0,0.0,0.0,inf,0.0
linamalina,linamalina,1,1,0,0.0,0.0,inf,0.0
lindsay,lindsay,1,2,0,0.0,0.0,inf,0.0
linkin,linkin,4,6,0,0.0,0.0,inf,0.0
park,park,6,8,0,0.0,0.0,inf,0.0
lippi,lippi,2,2,0,0.0,0.0,inf,0.0
lippiliya,lippiliya,1,10,0,0.0,0.0,inf,0.0
liquid,liquid,2,3,0,0.0,0.0,inf,0.0
lisa,lisa,1,1,0,0.0,0.0,inf,0.0
logo,logo,5,9,0,0.0,0.0,inf,0.0
listikoff,listikoff,1,1,0,0.0,0.0,inf,0.0
literaturniy,literaturniy,1,8,0,0.0,0.0,inf,0.0
little,little,1,2,0,0.0,0.0,inf,0.0
secret,secret,3,5,0,0.0,0.0,inf,0.0
living,living,1,2,0,0.0,0.0,inf,0.0
liya,liya,1,1,0,0.0,0.0,inf,0.0
loathe,loathe,1,2,0,0.0,0.0,inf,0.0
located,located,1,4,0,0.0,0.0,inf,0.0
locked,locked,1,1,0,0.0,0.0,inf,0.0
shut,shut,1,1,0,0.0,0.0,inf,0.0
loft,loft,1,1,0,0.0,0.0,inf,0.0
loja,loja,1,2,0,0.0,0.0,inf,0.0
lokmi,lokmi,2,9,0,0.0,0.0,inf,0.0
loliparadise,loliparadise,1,2,0,0.0,0.0,inf,0.0
lolipop,lolipop,1,2,0,0.0,0.0,inf,0.0
lollipop,lollipop,1,1,0,0.0,0.0,inf,0.0
lomus,lomus,2,2,0,0.0,0.0,inf,0.0
wolf,wolf,7,17,0,0.0,0.0,inf,0.0
lone,lone,1,2,0,0.0,0.0,inf,0.0
lonsdale,lonsdale,11,23,0,0.0,0.0,inf,0.0
ветровка,ветровк,9,11,0,0.0,0.0,inf,0.0
свитшот,свитшот,104,456,0,0.0,0.0,inf,0.0
loop,loop,1,1,0,0.0,0.0,inf,0.0
stacked,stacked,2,2,0,0.0,0.0,inf,0.0
length,length,2,2,0,0.0,0.0,inf,0.0
hose,hose,1,1,0,0.0,0.0,inf,0.0
weekday,weekday,8,9,0,0.0,0.0,inf,0.0
loqiemean,loqiemean,2,24,0,0.0,0.0,inf,0.0
shore,shore,4,23,0,0.0,0.0,inf,0.0
lorna,lorna,4,23,0,0.0,0.0,inf,0.0
angeles,angeles,2,2,0,0.0,0.0,inf,0.0
los,los,3,4,0,0.0,0.0,inf,0.0
solomas,solomas,1,2,0,0.0,0.0,inf,0.0
lotr,lotr,1,5,0,0.0,0.0,inf,0.0
louchesaints,louchesaints,1,1,0,0.0,0.0,inf,0.0
bidon,bidon,2,4,0,0.0,0.0,inf,0.0
louis,louis,2,4,0,0.0,0.0,inf,0.0
lovalabel,lovalabel,1,1,0,0.0,0.0,inf,0.0
live,live,4,7,0,0.0,0.0,inf,0.0
vivienne,vivienne,2,3,0,0.0,0.0,inf,0.0
lovestore,lovestore,1,1,0,0.0,0.0,inf,0.0
lovi,lovi,1,1,0,0.0,0.0,inf,0.0
atelier,atelier,2,2,0,0.0,0.0,inf,0.0
low,low,4,16,0,0.0,0.0,inf,0.0
posh,posh,1,1,0,0.0,0.0,inf,0.0
lower,lower,1,5,0,0.0,0.0,inf,0.0
loweryourhead,loweryourhead,1,1,0,0.0,0.0,inf,0.0
limits,limits,1,1,0,0.0,0.0,inf,0.0
power,power,3,4,0,0.0,0.0,inf,0.0
legal,legal,1,1,0,0.0,0.0,inf,0.0
lpp,lpp,1,1,0,0.0,0.0,inf,0.0
longfei,longfei,1,1,0,0.0,0.0,inf,0.0
luckyhumanoid,luckyhumanoid,1,5,0,0.0,0.0,inf,0.0
luckyme,luckyme,1,1,0,0.0,0.0,inf,0.0
lucy,lucy,1,1,0,0.0,0.0,inf,0.0
lud,lud,3,13,0,0.0,0.0,inf,0.0
lug,lug,1,2,0,0.0,0.0,inf,0.0
luk,luk,1,1,0,0.0,0.0,inf,0.0
karpova,karpova,1,1,0,0.0,0.0,inf,0.0
lukkarpova,lukkarpova,1,1,0,0.0,0.0,inf,0.0
lumen,lumen,2,5,0,0.0,0.0,inf,0.0
lurex,lurex,1,2,0,0.0,0.0,inf,0.0
class,class,1,13,0,0.0,0.0,inf,0.0
lurking,lurking,2,14,0,0.0,0.0,inf,0.0
lusterko,lusterko,1,1,0,0.0,0.0,inf,0.0
luter,luter,1,1,0,0.0,0.0,inf,0.0
luvsosa,luvsosa,1,2,0,0.0,0.0,inf,0.0
luvsosastore,luvsosastore,1,1,0,0.0,0.0,inf,0.0
lyle,lyle,3,3,0,0.0,0.0,inf,0.0
lynx,lynx,2,25,0,0.0,0.0,inf,0.0
m0d44,m0d44,1,5,0,0.0,0.0,inf,0.0
m8l8th,m8l8th,14,203,0,0.0,0.0,inf,0.0
m8l8tx,m8l8tx,2,3,0,0.0,0.0,inf,0.0
strum,strum,3,3,0,0.0,0.0,inf,0.0
madjo,madjo,1,4,0,0.0,0.0,inf,0.0
madman,madman,1,3,0,0.0,0.0,inf,0.0
maelstrom,maelstrom,1,1,0,0.0,0.0,inf,0.0
maemo,maemo,1,1,0,0.0,0.0,inf,0.0
box,box,1,1,0,0.0,0.0,inf,0.0
magenta,magenta,1,1,0,0.0,0.0,inf,0.0
magic,magic,1,1,0,0.0,0.0,inf,0.0
magma,magma,1,2,0,0.0,0.0,inf,0.0
maikasoft,maikasoft,2,2,0,0.0,0.0,inf,0.0
maikoff,maikoff,2,2,0,0.0,0.0,inf,0.0
maincast,maincast,1,1,0,0.0,0.0,inf,0.0
mainless,mainless,1,1,0,0.0,0.0,inf,0.0
margiela,margiela,5,9,0,0.0,0.0,inf,0.0
maison,maison,5,9,0,0.0,0.0,inf,0.0
great,great,3,3,0,0.0,0.0,inf,0.0
make,make,7,9,0,0.0,0.0,inf,0.0
russia,russia,1,2,0,0.0,0.0,inf,0.0
small,small,2,3,0,0.0,0.0,inf,0.0
suffer,suffer,1,2,0,0.0,0.0,inf,0.0
them,them,1,2,0,0.0,0.0,inf,0.0
nuclear,nuclear,1,1,0,0.0,0.0,inf,0.0
maloja,maloja,1,1,0,0.0,0.0,inf,0.0
malva,malva,3,13,0,0.0,0.0,inf,0.0
mammut,mammut,3,6,0,0.0,0.0,inf,0.0
mandala,mandala,1,1,0,0.0,0.0,inf,0.0
mandalorian,mandalorian,1,2,0,0.0,0.0,inf,0.0
mandragora,mandragora,2,2,0,0.0,0.0,inf,0.0
maneken,maneken,6,7,0,0.0,0.0,inf,0.0
manekenbrand,manekenbrand,1,1,0,0.0,0.0,inf,0.0
blvd,blvd,1,1,0,0.0,0.0,inf,0.0
maneskin,maneskin,1,1,0,0.0,0.0,inf,0.0
manevr,manevr,1,1,0,0.0,0.0,inf,0.0
mango,mango,1,1,0,0.0,0.0,inf,0.0
voir,voir,1,1,0,0.0,0.0,inf,0.0
maniere,maniere,1,1,0,0.0,0.0,inf,0.0
manifest,manifest,1,1,0,0.0,0.0,inf,0.0
manjulteam,manjulteam,1,1,0,0.0,0.0,inf,0.0
manstyle,manstyle,1,1,0,0.0,0.0,inf,0.0
mantis,mantis,1,2,0,0.0,0.0,inf,0.0
manto,manto,23,66,0,0.0,0.0,inf,0.0
оригінал,оригіна,12,22,0,0.0,0.0,inf,0.0
mantofight,mantofight,1,1,0,0.0,0.0,inf,0.0
maralis,maralis,1,2,0,0.0,0.0,inf,0.0
marcelo,marcelo,4,8,0,0.0,0.0,inf,0.0
burlon,burlon,2,5,0,0.0,0.0,inf,0.0
miracles,miracles,2,3,0,0.0,0.0,inf,0.0
marduk,marduk,5,11,0,0.0,0.0,inf,0.0
margo,margo,1,1,0,0.0,0.0,inf,0.0
manson,manson,3,3,0,0.0,0.0,inf,0.0
marilyn,marilyn,3,3,0,0.0,0.0,inf,0.0
xxl,xxl,15,25,0,0.0,0.0,inf,0.0
skull,skull,6,9,0,0.0,0.0,inf,0.0
marino,marino,1,1,0,0.0,0.0,inf,0.0
infantry,infantry,1,1,0,0.0,0.0,inf,0.0
maritage,maritage,1,2,0,0.0,0.0,inf,0.0
maritex,maritex,1,1,0,0.0,0.0,inf,0.0
brash,brash,1,1,0,0.0,0.0,inf,0.0
mark,mark,2,2,0,0.0,0.0,inf,0.0
market,market,3,4,0,0.0,0.0,inf,0.0
marks,marks,1,1,0,0.0,0.0,inf,0.0
spencer,spencer,1,1,0,0.0,0.0,inf,0.0
marmur,marmur,2,6,0,0.0,0.0,inf,0.0
marmurstore,marmurstore,1,11,0,0.0,0.0,inf,0.0
marnastini,marnastini,1,1,0,0.0,0.0,inf,0.0
marsava,marsava,1,1,0,0.0,0.0,inf,0.0
marshall,marshall,1,1,0,0.0,0.0,inf,0.0
martial,martial,1,1,0,0.0,0.0,inf,0.0
arts,arts,1,1,0,0.0,0.0,inf,0.0
wyatt,wyatt,2,2,0,0.0,0.0,inf,0.0
mary,mary,2,2,0,0.0,0.0,inf,0.0
masha,masha,1,1,0,0.0,0.0,inf,0.0
reva,reva,1,1,0,0.0,0.0,inf,0.0
massdnm,massdnm,1,5,0,0.0,0.0,inf,0.0
massimo,massimo,1,1,0,0.0,0.0,inf,0.0
dutti,dutti,1,1,0,0.0,0.0,inf,0.0
mastermind,mastermind,12,29,0,0.0,0.0,inf,0.0
tokyo,tokyo,2,2,0,0.0,0.0,inf,0.0
masters,masters,2,6,0,0.0,0.0,inf,0.0
masterscam,masterscam,1,3,0,0.0,0.0,inf,0.0
mastodon,mastodon,4,11,0,0.0,0.0,inf,0.0
owens,owens,3,4,0,0.0,0.0,inf,0.0
rick,rick,3,4,0,0.0,0.0,inf,0.0
match,match,1,1,0,0.0,0.0,inf,0.0
mate,mate,1,1,0,0.0,0.0,inf,0.0
matiko,matiko,2,14,0,0.0,0.0,inf,0.0
matinno,matinno,1,7,0,0.0,0.0,inf,0.0
matino,matino,3,108,0,0.0,0.0,inf,0.0
matrix,matrix,2,2,0,0.0,0.0,inf,0.0
matrona,matrona,1,1,0,0.0,0.0,inf,0.0
mattin,mattin,1,26,0,0.0,0.0,inf,0.0
mattini,mattini,1,6,0,0.0,0.0,inf,0.0
промокод,промокод,5,15,0,0.0,0.0,inf,0.0
maverik,maverik,1,11,0,0.0,0.0,inf,0.0
maveryk,maveryk,1,3,0,0.0,0.0,inf,0.0
mavi,mavi,2,2,0,0.0,0.0,inf,0.0
maxi,maxi,1,1,0,0.0,0.0,inf,0.0
maxiprint,maxiprint,1,6,0,0.0,0.0,inf,0.0
deathcrush,deathcrush,1,2,0,0.0,0.0,inf,0.0
mayhem,mayhem,6,16,0,0.0,0.0,inf,0.0
mbocharova,mbocharova,1,1,0,0.0,0.0,inf,0.0
mcr,mcr,2,11,0,0.0,0.0,inf,0.0
mdm,mdm,1,2,0,0.0,0.0,inf,0.0
frego,frego,2,8,0,0.0,0.0,inf,0.0
me4,me4,3,19,0,0.0,0.0,inf,0.0
media,media,4,5,0,0.0,0.0,inf,0.0
medic,medic,1,2,0,0.0,0.0,inf,0.0
medicine,medicine,10,21,0,0.0,0.0,inf,0.0
megaflag,megaflag,1,1,0,0.0,0.0,inf,0.0
megasport,megasport,1,1,0,0.0,0.0,inf,0.0
megstore,megstore,1,1,0,0.0,0.0,inf,0.0
melancolie,melancolie,2,7,0,0.0,0.0,inf,0.0
melanie,melanie,2,5,0,0.0,0.0,inf,0.0
martinez,martinez,2,5,0,0.0,0.0,inf,0.0
ehsani,ehsani,1,1,0,0.0,0.0,inf,0.0
melody,melody,1,1,0,0.0,0.0,inf,0.0
mori,mori,3,42,0,0.0,0.0,inf,0.0
memento,memento,3,42,0,0.0,0.0,inf,0.0
sweater,sweater,4,6,0,0.0,0.0,inf,0.0
merc,merc,1,1,0,0.0,0.0,inf,0.0
mercier,mercier,2,5,0,0.0,0.0,inf,0.0
mertra,mertra,3,3,0,0.0,0.0,inf,0.0
meshuggah,meshuggah,2,3,0,0.0,0.0,inf,0.0
mind,mind,2,3,0,0.0,0.0,inf,0.0
mulisha,mulisha,2,8,0,0.0,0.0,inf,0.0
metalcore,metalcore,2,4,0,0.0,0.0,inf,0.0
metallshop,metallshop,1,2,0,0.0,0.0,inf,0.0
mfs,mfs,1,1,0,0.0,0.0,inf,0.0
mgla,mgla,4,8,0,0.0,0.0,inf,0.0
mich,mich,3,28,0,0.0,0.0,inf,0.0
midas,midas,1,1,0,0.0,0.0,inf,0.0
midnite,midnite,1,1,0,0.0,0.0,inf,0.0
nsk,nsk,1,4,0,0.0,0.0,inf,0.0
bez,bez,1,4,0,0.0,0.0,inf,0.0
mikina,mikina,1,4,0,0.0,0.0,inf,0.0
kapuce,kapuce,1,4,0,0.0,0.0,inf,0.0
milfa,milfa,1,1,0,0.0,0.0,inf,0.0
milirud,milirud,1,1,0,0.0,0.0,inf,0.0
militarist,militarist,2,5,0,0.0,0.0,inf,0.0
decor,decor,1,10,0,0.0,0.0,inf,0.0
millionaire,millionaire,5,14,0,0.0,0.0,inf,0.0
millioner,millioner,2,2,0,0.0,0.0,inf,0.0
min,min,2,6,0,0.0,0.0,inf,0.0
територія,територі,2,3,0,0.0,0.0,inf,0.0
flayer,flayer,1,1,0,0.0,0.0,inf,0.0
minga,minga,1,8,0,0.0,0.0,inf,0.0
minimal,minimal,2,2,0,0.0,0.0,inf,0.0
minimalism,minimalism,1,1,0,0.0,0.0,inf,0.0
minimo,minimo,1,1,0,0.0,0.0,inf,0.0
ministerstvo,ministerstvo,1,1,0,0.0,0.0,inf,0.0
minmin,minmin,1,1,0,0.0,0.0,inf,0.0
minotaur,minotaur,1,3,0,0.0,0.0,inf,0.0
mirth,mirth,1,1,0,0.0,0.0,inf,0.0
minute,minute,1,1,0,0.0,0.0,inf,0.0
mirey,mirey,1,1,0,0.0,0.0,inf,0.0
mirezane,mirezane,1,1,0,0.0,0.0,inf,0.0
mirtrik,mirtrik,1,1,0,0.0,0.0,inf,0.0
misanthropic,misanthropic,6,17,0,0.0,0.0,inf,0.0
misfits,misfits,3,4,0,0.0,0.0,inf,0.0
behave,behave,1,2,0,0.0,0.0,inf,0.0
miss,miss,2,4,0,0.0,0.0,inf,0.0
puff,puff,1,2,0,0.0,0.0,inf,0.0
missd,missd,1,2,0,0.0,0.0,inf,0.0
misspetite,misspetite,1,2,0,0.0,0.0,inf,0.0
missspuff,missspuff,1,1,0,0.0,0.0,inf,0.0
missue,missue,1,2,0,0.0,0.0,inf,0.0
mistr,mistr,1,1,0,0.0,0.0,inf,0.0
miu,miu,1,1,0,0.0,0.0,inf,0.0
miumau,miumau,1,5,0,0.0,0.0,inf,0.0
mixishop,mixishop,1,2,0,0.0,0.0,inf,0.0
ultra,ultra,3,4,0,0.0,0.0,inf,0.0
mln,mln,1,2,0,0.0,0.0,inf,0.0
mma,mma,1,2,0,0.0,0.0,inf,0.0
mmc,mmc,1,2,0,0.0,0.0,inf,0.0
mmsw,mmsw,1,1,0,0.0,0.0,inf,0.0
mnky,mnky,1,3,0,0.0,0.0,inf,0.0
mnml,mnml,1,1,0,0.0,0.0,inf,0.0
mod44,mod44,1,8,0,0.0,0.0,inf,0.0
modern,modern,2,2,0,0.0,0.0,inf,0.0
modina,modina,1,1,0,0.0,0.0,inf,0.0
modno,modno,1,1,0,0.0,0.0,inf,0.0
mojave,mojave,1,9,0,0.0,0.0,inf,0.0
bohema,bohema,1,1,0,0.0,0.0,inf,0.0
moje,moje,1,1,0,0.0,0.0,inf,0.0
mokoon,mokoon,1,1,0,0.0,0.0,inf,0.0
molfar,molfar,1,3,0,0.0,0.0,inf,0.0
labe,labe,1,2,0,0.0,0.0,inf,0.0
molon,molon,1,2,0,0.0,0.0,inf,0.0
mommy,mommy,1,1,0,0.0,0.0,inf,0.0
momotsha,momotsha,2,2,0,0.0,0.0,inf,0.0
momset,momset,1,1,0,0.0,0.0,inf,0.0
monatik,monatik,1,1,0,0.0,0.0,inf,0.0
cans,cans,2,5,0,0.0,0.0,inf,0.0
montana,montana,3,6,0,0.0,0.0,inf,0.0
mood,mood,1,1,0,0.0,0.0,inf,0.0
moonward,moonward,1,1,0,0.0,0.0,inf,0.0
moow,moow,1,1,0,0.0,0.0,inf,0.0
mordex,mordex,4,17,0,0.0,0.0,inf,0.0
less,less,1,1,0,0.0,0.0,inf,0.0
depresso,depresso,1,1,0,0.0,0.0,inf,0.0
espresso,espresso,1,1,0,0.0,0.0,inf,0.0
more,more,1,1,0,0.0,0.0,inf,0.0
morgenshtern,morgenshtern,1,8,0,0.0,0.0,inf,0.0
morning,morning,2,17,0,0.0,0.0,inf,0.0
morok,morok,2,6,0,0.0,0.0,inf,0.0
morrage,morrage,1,1,0,0.0,0.0,inf,0.0
mortician,mortician,2,3,0,0.0,0.0,inf,0.0
mosh,mosh,1,1,0,0.0,0.0,inf,0.0
mostok,mostok,1,1,0,0.0,0.0,inf,0.0
motanka,motanka,1,1,0,0.0,0.0,inf,0.0
bone,bone,1,1,0,0.0,0.0,inf,0.0
mother,mother,1,1,0,0.0,0.0,inf,0.0
motionless,motionless,5,12,0,0.0,0.0,inf,0.0
moto,moto,1,1,0,0.0,0.0,inf,0.0
motorbike,motorbike,1,1,0,0.0,0.0,inf,0.0
motorhead,motorhead,4,15,0,0.0,0.0,inf,0.0
mottino,mottino,1,24,0,0.0,0.0,inf,0.0
motz,motz,1,2,0,0.0,0.0,inf,0.0
mountain,mountain,6,18,0,0.0,0.0,inf,0.0
move,move,1,1,0,0.0,0.0,inf,0.0
mp01508bk,mp01508bk,1,1,0,0.0,0.0,inf,0.0
mp41503bk,mp41503bk,1,1,0,0.0,0.0,inf,0.0
mp43522bk,mp43522bk,1,1,0,0.0,0.0,inf,0.0
mp51563bk,mp51563bk,1,1,0,0.0,0.0,inf,0.0
porter,porter,2,2,0,0.0,0.0,inf,0.0
mr520,mr520,1,2,0,0.0,0.0,inf,0.0
mst,mst,2,5,0,0.0,0.0,inf,0.0
mt41509bk,mt41509bk,1,1,0,0.0,0.0,inf,0.0
mt41533bk,mt41533bk,1,1,0,0.0,0.0,inf,0.0
mtac,mtac,4,10,0,0.0,0.0,inf,0.0
mtak,mtak,1,1,0,0.0,0.0,inf,0.0
multibrend,multibrend,1,1,0,0.0,0.0,inf,0.0
multicat,multicat,1,2,0,0.0,0.0,inf,0.0
muramasa,muramasa,1,15,0,0.0,0.0,inf,0.0
muse,muse,1,1,0,0.0,0.0,inf,0.0
mushroom,mushroom,2,2,0,0.0,0.0,inf,0.0
festival,festival,1,1,0,0.0,0.0,inf,0.0
music,music,1,1,0,0.0,0.0,inf,0.0
global,global,1,1,0,0.0,0.0,inf,0.0
musinsa,musinsa,1,1,0,0.0,0.0,inf,0.0
muted,muted,1,1,0,0.0,0.0,inf,0.0
mxdvs,mxdvs,4,23,0,0.0,0.0,inf,0.0
ray,ray,8,23,0,0.0,0.0,inf,0.0
myaso,myaso,1,1,0,0.0,0.0,inf,0.0
myflag,myflag,1,4,0,0.0,0.0,inf,0.0
myneosha,myneosha,1,1,0,0.0,0.0,inf,0.0
mynko,mynko,1,2,0,0.0,0.0,inf,0.0
mystery,mystery,1,1,0,0.0,0.0,inf,0.0
missing,missing,1,1,0,0.0,0.0,inf,0.0
mysuits,mysuits,1,1,0,0.0,0.0,inf,0.0
mytets,mytets,1,6,0,0.0,0.0,inf,0.0
mzlff,mzlff,1,1,0,0.0,0.0,inf,0.0
tobi,tobi,1,1,0,0.0,0.0,inf,0.0
nafo,nafo,1,1,0,0.0,0.0,inf,0.0
nagolos,nagolos,1,1,0,0.0,0.0,inf,0.0
nails,nails,2,2,0,0.0,0.0,inf,0.0
naked,naked,1,1,0,0.0,0.0,inf,0.0
nakoxano,nakoxano,1,1,0,0.0,0.0,inf,0.0
namaste,namaste,4,13,0,0.0,0.0,inf,0.0
beaches,beaches,1,1,0,0.0,0.0,inf,0.0
bitches,bitches,2,11,0,0.0,0.0,inf,0.0
named,named,2,10,0,0.0,0.0,inf,0.0
nanmin,nanmin,1,1,0,0.0,0.0,inf,0.0
napapijri,napapijri,6,16,0,0.0,0.0,inf,0.0
nasdaq,nasdaq,1,1,0,0.0,0.0,inf,0.0
fishing,fishing,1,11,0,0.0,0.0,inf,0.0
nash,nash,2,16,0,0.0,0.0,inf,0.0
nationalist,nationalist,1,2,0,0.0,0.0,inf,0.0
nautica,nautica,1,1,0,0.0,0.0,inf,0.0
navi,navi,1,1,0,0.0,0.0,inf,0.0
naviale,naviale,1,2,0,0.0,0.0,inf,0.0
navy,navy,2,2,0,0.0,0.0,inf,0.0
nazarelli,nazarelli,1,1,0,0.0,0.0,inf,0.0
nazgul,nazgul,1,5,0,0.0,0.0,inf,0.0
nazva,nazva,1,1,0,0.0,0.0,inf,0.0
nebbia,nebbia,1,2,0,0.0,0.0,inf,0.0
fake,fake,1,1,0,0.0,0.0,inf,0.0
needles,needles,1,1,0,0.0,0.0,inf,0.0
neighborhood,neighborhood,1,1,0,0.0,0.0,inf,0.0
nemesis,nemesis,2,6,0,0.0,0.0,inf,0.0
neo4ic,neo4ic,1,1,0,0.0,0.0,inf,0.0
neon,neon,1,3,0,0.0,0.0,inf,0.0
neptun,neptun,1,2,0,0.0,0.0,inf,0.0
nptn,nptn,1,2,0,0.0,0.0,inf,0.0
netherwalker,netherwalker,1,1,0,0.0,0.0,inf,0.0
surrender,surrender,1,1,0,0.0,0.0,inf,0.0
never,never,3,11,0,0.0,0.0,inf,0.0
nevermore,nevermore,1,1,0,0.0,0.0,inf,0.0
era,era,4,6,0,0.0,0.0,inf,0.0
yorker,yorker,8,16,0,0.0,0.0,inf,0.0
одесса,одесс,23,50,0,0.0,0.0,inf,0.0
newborn,newborn,1,3,0,0.0,0.0,inf,0.0
newbornk,newbornk,1,1,0,0.0,0.0,inf,0.0
newyorker,newyorker,1,3,0,0.0,0.0,inf,0.0
next,next,5,10,0,0.0,0.0,inf,0.0
nezamiinno,nezamiinno,1,1,0,0.0,0.0,inf,0.0
nice,nice,1,1,0,0.0,0.0,inf,0.0
nicebrand,nicebrand,1,1,0,0.0,0.0,inf,0.0
niche,niche,1,1,0,0.0,0.0,inf,0.0
nicoletta,nicoletta,1,1,0,0.0,0.0,inf,0.0
trendy,trendy,1,1,0,0.0,0.0,inf,0.0
nidit,nidit,2,5,0,0.0,0.0,inf,0.0
channels,channels,1,1,0,0.0,0.0,inf,0.0
flight,flight,1,1,0,0.0,0.0,inf,0.0
nightshade,nightshade,1,5,0,0.0,0.0,inf,0.0
nihilist,nihilist,1,1,0,0.0,0.0,inf,0.0
nikas,nikas,1,1,0,0.0,0.0,inf,0.0
acg,acg,1,1,0,0.0,0.0,inf,0.0
dri,dri,3,3,0,0.0,0.0,inf,0.0
academy,academy,1,1,0,0.0,0.0,inf,0.0
junior,junior,1,1,0,0.0,0.0,inf,0.0
nocta,nocta,3,3,0,0.0,0.0,inf,0.0
solo,solo,4,6,0,0.0,0.0,inf,0.0
swoosh,swoosh,3,3,0,0.0,0.0,inf,0.0
офіційний,офіційн,1,1,0,0.0,0.0,inf,0.0
bungee,bungee,1,4,0,0.0,0.0,inf,0.0
niki,niki,1,4,0,0.0,0.0,inf,0.0
filini,filini,1,4,0,0.0,0.0,inf,0.0
nikifilini,nikifilini,3,32,0,0.0,0.0,inf,0.0
nikow,nikow,3,8,0,0.0,0.0,inf,0.0
nilduenilun,nilduenilun,1,1,0,0.0,0.0,inf,0.0
quake,quake,1,1,0,0.0,0.0,inf,0.0
nin,nin,1,1,0,0.0,0.0,inf,0.0
unplugged,unplugged,1,2,0,0.0,0.0,inf,0.0
nixsport,nixsport,1,1,0,0.0,0.0,inf,0.0
authority,authority,1,3,0,0.0,0.0,inf,0.0
gletcher,gletcher,1,2,0,0.0,0.0,inf,0.0
guts,guts,1,7,0,0.0,0.0,inf,0.0
glory,glory,2,9,0,0.0,0.0,inf,0.0
idols,idols,3,21,0,0.0,0.0,inf,0.0
knife,knife,2,4,0,0.0,0.0,inf,0.0
matter,matter,2,2,0,0.0,0.0,inf,0.0
other,other,2,3,0,0.0,0.0,inf,0.0
name,name,2,3,0,0.0,0.0,inf,0.0
tolerance,tolerance,3,13,0,0.0,0.0,inf,0.0
noah,noah,1,1,0,0.0,0.0,inf,0.0
nobility,nobility,1,1,0,0.0,0.0,inf,0.0
depression,depression,2,4,0,0.0,0.0,inf,0.0
nocturnal,nocturnal,2,4,0,0.0,0.0,inf,0.0
nohuman,nohuman,1,2,0,0.0,0.0,inf,0.0
noize,noize,5,12,0,0.0,0.0,inf,0.0
mortum,mortum,4,46,0,0.0,0.0,inf,0.0
nokturnal,nokturnal,4,46,0,0.0,0.0,inf,0.0
poetry,poetry,1,1,0,0.0,0.0,inf,0.0
lunar,lunar,1,1,0,0.0,0.0,inf,0.0
nolimits,nolimits,2,8,0,0.0,0.0,inf,0.0
non,non,2,5,0,0.0,0.0,inf,0.0
nonsense,nonsense,2,2,0,0.0,0.0,inf,0.0
norba,norba,1,4,0,0.0,0.0,inf,0.0
nordglanz,nordglanz,1,9,0,0.0,0.0,inf,0.0
nordic,nordic,2,2,0,0.0,0.0,inf,0.0
nordiccraft,nordiccraft,1,1,0,0.0,0.0,inf,0.0
nordik,nordik,1,1,0,0.0,0.0,inf,0.0
norge,norge,1,2,0,0.0,0.0,inf,0.0
north,north,13,34,0,0.0,0.0,inf,0.0
nosi,nosi,1,3,0,0.0,0.0,inf,0.0
nostress,nostress,1,1,0,0.0,0.0,inf,0.0
not,not,11,22,0,0.0,0.0,inf,0.0
basement,basement,1,1,0,0.0,0.0,inf,0.0
boring,boring,1,1,0,0.0,0.0,inf,0.0
madame,madame,4,7,0,0.0,0.0,inf,0.0
nowhere,nowhere,1,6,0,0.0,0.0,inf,0.0
die,die,2,9,0,0.0,0.0,inf,0.0
hope,hope,2,8,0,0.0,0.0,inf,0.0
noveske,noveske,1,2,0,0.0,0.0,inf,0.0
sho,sho,2,12,0,0.0,0.0,inf,0.0
nude,nude,2,9,0,0.0,0.0,inf,0.0
number,number,5,11,0,0.0,0.0,inf,0.0
nuof,nuof,3,8,0,0.0,0.0,inf,0.0
nyogthaeblisz,nyogthaeblisz,1,2,0,0.0,0.0,inf,0.0
neill,neill,1,15,0,0.0,0.0,inf,0.0
stin,stin,1,1,0,0.0,0.0,inf,0.0
torvald,torvald,1,1,0,0.0,0.0,inf,0.0
wow,wow,1,1,0,0.0,0.0,inf,0.0
nation,nation,1,1,0,0.0,0.0,inf,0.0
oberig,oberig,3,38,0,0.0,0.0,inf,0.0
obey,obey,6,19,0,0.0,0.0,inf,0.0
obituary,obituary,1,1,0,0.0,0.0,inf,0.0
objectx,objectx,1,1,0,0.0,0.0,inf,0.0
oblik,oblik,1,1,0,0.0,0.0,inf,0.0
obscura,obscura,1,5,0,0.0,0.0,inf,0.0
khm,khm,1,2,0,0.0,0.0,inf,0.0
obzor,obzor,1,2,0,0.0,0.0,inf,0.0
отзывы,отзыв,1,8,0,0.0,0.0,inf,0.0
plaza,plaza,1,1,0,0.0,0.0,inf,0.0
wom,wom,1,1,0,0.0,0.0,inf,0.0
oceanclo,oceanclo,1,8,0,0.0,0.0,inf,0.0
ocen,ocen,1,2,0,0.0,0.0,inf,0.0
ochi,ochi,1,1,0,0.0,0.0,inf,0.0
octagon,octagon,1,1,0,0.0,0.0,inf,0.0
odin,odin,6,24,0,0.0,0.0,inf,0.0
originals,originals,6,24,0,0.0,0.0,inf,0.0
odintsova,odintsova,1,2,0,0.0,0.0,inf,0.0
odizh,odizh,1,1,0,0.0,0.0,inf,0.0
ofc,ofc,1,2,0,0.0,0.0,inf,0.0
off,off,16,26,0,0.0,0.0,inf,0.0
basquiat,basquiat,2,3,0,0.0,0.0,inf,0.0
ofmd,ofmd,1,1,0,0.0,0.0,inf,0.0
pushka,pushka,1,4,0,0.0,0.0,inf,0.0
ogon,ogon,1,4,0,0.0,0.0,inf,0.0
ogonek,ogonek,1,1,0,0.0,0.0,inf,0.0
ohueno,ohueno,5,38,0,0.0,0.0,inf,0.0
ojo,ojo,1,3,0,0.0,0.0,inf,0.0
okami,okami,1,1,0,0.0,0.0,inf,0.0
okean,okean,1,1,0,0.0,0.0,inf,0.0
okeysho,okeysho,1,1,0,0.0,0.0,inf,0.0
okvi,okvi,1,1,0,0.0,0.0,inf,0.0
old,old,12,46,0,0.0,0.0,inf,0.0
place,place,1,1,0,0.0,0.0,inf,0.0
school,school,8,41,0,0.0,0.0,inf,0.0
democracy,democracy,1,2,0,0.0,0.0,inf,0.0
sva,sva,10,423,0,0.0,0.0,inf,0.0
oldos,oldos,1,1,0,0.0,0.0,inf,0.0
oliver,oliver,1,1,0,0.0,0.0,inf,0.0
vif,vif,1,1,0,0.0,0.0,inf,0.0
olivka,olivka,1,1,0,0.0,0.0,inf,0.0
olulu,olulu,1,1,0,0.0,0.0,inf,0.0
olx,olx,6,15,0,0.0,0.0,inf,0.0
olymp,olymp,1,1,0,0.0,0.0,inf,0.0
omanko,omanko,1,1,0,0.0,0.0,inf,0.0
omirad,omirad,1,2,0,0.0,0.0,inf,0.0
cloud,cloud,2,3,0,0.0,0.0,inf,0.0
outfit,outfit,3,5,0,0.0,0.0,inf,0.0
andar,andar,3,6,0,0.0,0.0,inf,0.0
onda,onda,3,6,0,0.0,0.0,inf,0.0
eyed,eyed,1,1,0,0.0,0.0,inf,0.0
oni,oni,1,1,0,0.0,0.0,inf,0.0
alive,alive,1,3,0,0.0,0.0,inf,0.0
left,left,2,4,0,0.0,0.0,inf,0.0
onlyscam,onlyscam,1,4,0,0.0,0.0,inf,0.0
onmyfeet,onmyfeet,1,1,0,0.0,0.0,inf,0.0
opeth,opeth,1,1,0,0.0,0.0,inf,0.0
opium,opium,14,37,0,0.0,0.0,inf,0.0
opshop,opshop,1,1,0,0.0,0.0,inf,0.0
optimusgang,optimusgang,3,22,0,0.0,0.0,inf,0.0
optov,optov,1,3,0,0.0,0.0,inf,0.0
orchid,orchid,1,1,0,0.0,0.0,inf,0.0
ordana,ordana,1,1,0,0.0,0.0,inf,0.0
orgasm,orgasm,1,3,0,0.0,0.0,inf,0.0
donor,donor,1,3,0,0.0,0.0,inf,0.0
бирка,бирк,4,4,0,0.0,0.0,inf,0.0
шуруп,шуруп,1,3,0,0.0,0.0,inf,0.0
серега,серег,1,3,0,0.0,0.0,inf,0.0
orner,orner,1,5,0,0.0,0.0,inf,0.0
osakl,osakl,1,1,0,0.0,0.0,inf,0.0
oska,oska,1,2,0,0.0,0.0,inf,0.0
oslo,oslo,2,83,0,0.0,0.0,inf,0.0
osok,osok,1,1,0,0.0,0.0,inf,0.0
ostin,ostin,1,1,0,0.0,0.0,inf,0.0
otaku,otaku,1,1,0,0.0,0.0,inf,0.0
otricala,otricala,2,5,0,0.0,0.0,inf,0.0
legacy,legacy,1,1,0,0.0,0.0,inf,0.0
our,our,1,1,0,0.0,0.0,inf,0.0
cocktail,cocktail,1,1,0,0.0,0.0,inf,0.0
drape,drape,1,1,0,0.0,0.0,inf,0.0
ouroboros,ouroboros,3,5,0,0.0,0.0,inf,0.0
outfofame,outfofame,1,2,0,0.0,0.0,inf,0.0
outsiders,outsiders,1,1,0,0.0,0.0,inf,0.0
outventure,outventure,2,2,0,0.0,0.0,inf,0.0
overvest,overvest,2,8,0,0.0,0.0,inf,0.0
loveless,loveless,1,2,0,0.0,0.0,inf,0.0
owi,owi,1,1,0,0.0,0.0,inf,0.0
owow,owow,1,1,0,0.0,0.0,inf,0.0
oxxxymiron,oxxxymiron,1,1,0,0.0,0.0,inf,0.0
oxxxyshop,oxxxyshop,1,11,0,0.0,0.0,inf,0.0
ozoshi,ozoshi,1,1,0,0.0,0.0,inf,0.0
ozzy,ozzy,2,4,0,0.0,0.0,inf,0.0
osbourne,osbourne,1,3,0,0.0,0.0,inf,0.0
p1sun,p1sun,2,16,0,0.0,0.0,inf,0.0
dnm,dnm,1,2,0,0.0,0.0,inf,0.0
pace,pace,1,1,0,0.0,0.0,inf,0.0
packotek,packotek,1,1,0,0.0,0.0,inf,0.0
pad,pad,1,1,0,0.0,0.0,inf,0.0
painboy,painboy,1,1,0,0.0,0.0,inf,0.0
painkiller,painkiller,2,2,0,0.0,0.0,inf,0.0
painter,painter,1,1,0,0.0,0.0,inf,0.0
palace,palace,6,8,0,0.0,0.0,inf,0.0
swiss,swiss,1,4,0,0.0,0.0,inf,0.0
paleface,paleface,1,4,0,0.0,0.0,inf,0.0
реплика,реплик,2,3,0,0.0,0.0,inf,0.0
palm,palm,9,15,0,0.0,0.0,inf,0.0
nie,nie,1,1,0,0.0,0.0,inf,0.0
sta,sta,1,1,0,0.0,0.0,inf,0.0
pan,pan,1,1,0,0.0,0.0,inf,0.0
pangaia,pangaia,2,2,0,0.0,0.0,inf,0.0
tracksuits,tracksuits,1,1,0,0.0,0.0,inf,0.0
pantalones,pantalones,1,3,0,0.0,0.0,inf,0.0
paragon,paragon,1,3,0,0.0,0.0,inf,0.0
pantaloni,pantaloni,1,1,0,0.0,0.0,inf,0.0
pantera,pantera,2,2,0,0.0,0.0,inf,0.0
swag,swag,4,5,0,0.0,0.0,inf,0.0
papa,papa,2,2,0,0.0,0.0,inf,0.0
pia,pia,1,1,0,0.0,0.0,inf,0.0
roach,roach,1,1,0,0.0,0.0,inf,0.0
papahapa,papahapa,1,3,0,0.0,0.0,inf,0.0
papaya,papaya,3,5,0,0.0,0.0,inf,0.0
pappahapa,pappahapa,9,20,0,0.0,0.0,inf,0.0
parachute,parachute,1,2,0,0.0,0.0,inf,0.0
nyc,nyc,1,2,0,0.0,0.0,inf,0.0
paradise,paradise,1,2,0,0.0,0.0,inf,0.0
parallel,parallel,1,2,0,0.0,0.0,inf,0.0
50th,50th,1,2,0,0.0,0.0,inf,0.0
parallel50th,parallel50th,1,2,0,0.0,0.0,inf,0.0
paranoid,paranoid,4,6,0,0.0,0.0,inf,0.0
advisory,advisory,2,2,0,0.0,0.0,inf,0.0
expl,expl,1,1,0,0.0,0.0,inf,0.0
parental,parental,2,2,0,0.0,0.0,inf,0.0
content,content,1,1,0,0.0,0.0,inf,0.0
parkkaron,parkkaron,1,1,0,0.0,0.0,inf,0.0
drive,drive,3,7,0,0.0,0.0,inf,0.0
parkway,parkway,3,7,0,0.0,0.0,inf,0.0
parochka,parochka,1,1,0,0.0,0.0,inf,0.0
party,party,1,6,0,0.0,0.0,inf,0.0
passat,passat,1,1,0,0.0,0.0,inf,0.0
passenger,passenger,1,1,0,0.0,0.0,inf,0.0
passport,passport,1,1,0,0.0,0.0,inf,0.0
patagonia,patagonia,8,13,0,0.0,0.0,inf,0.0
patasovka,patasovka,1,20,0,0.0,0.0,inf,0.0
patch,patch,1,1,0,0.0,0.0,inf,0.0
patta,patta,1,4,0,0.0,0.0,inf,0.0
paul,paul,2,2,0,0.0,0.0,inf,0.0
pbgrf,pbgrf,1,2,0,0.0,0.0,inf,0.0
pds,pds,1,6,0,0.0,0.0,inf,0.0
peace,peace,3,4,0,0.0,0.0,inf,0.0
war,war,6,7,0,0.0,0.0,inf,0.0
violence,violence,2,3,0,0.0,0.0,inf,0.0
peaceinwar,peaceinwar,1,1,0,0.0,0.0,inf,0.0
peakmode,peakmode,1,1,0,0.0,0.0,inf,0.0
peclo,peclo,1,5,0,0.0,0.0,inf,0.0
pegador,pegador,3,3,0,0.0,0.0,inf,0.0
pegadora,pegadora,1,5,0,0.0,0.0,inf,0.0
peklotoys,peklotoys,2,57,0,0.0,0.0,inf,0.0
penguin,penguin,1,1,0,0.0,0.0,inf,0.0
pentagon,pentagon,4,16,0,0.0,0.0,inf,0.0
pentagram,pentagram,4,7,0,0.0,0.0,inf,0.0
pentakill,pentakill,1,1,0,0.0,0.0,inf,0.0
pepco,pepco,1,3,0,0.0,0.0,inf,0.0
pepe,pepe,5,19,0,0.0,0.0,inf,0.0
peresvit,peresvit,2,14,0,0.0,0.0,inf,0.0
personajes,personajes,1,1,0,0.0,0.0,inf,0.0
bebe,bebe,1,1,0,0.0,0.0,inf,0.0
tiburon,tiburon,1,1,0,0.0,0.0,inf,0.0
perun,perun,3,15,0,0.0,0.0,inf,0.0
raws,raws,1,1,0,0.0,0.0,inf,0.0
peso,peso,1,1,0,0.0,0.0,inf,0.0
peste,peste,1,2,0,0.0,0.0,inf,0.0
petroglyph,petroglyph,1,6,0,0.0,0.0,inf,0.0
pgwear,pgwear,1,4,0,0.0,0.0,inf,0.0
phantom,phantom,2,6,0,0.0,0.0,inf,0.0
phantomcat,phantomcat,1,7,0,0.0,0.0,inf,0.0
pharaoh,pharaoh,2,4,0,0.0,0.0,inf,0.0
phaseline,phaseline,2,19,0,0.0,0.0,inf,0.0
philipp,philipp,7,19,0,0.0,0.0,inf,0.0
plein,plein,7,19,0,0.0,0.0,inf,0.0
phonk,phonk,4,27,0,0.0,0.0,inf,0.0
pieceofshirt,pieceofshirt,1,7,0,0.0,0.0,inf,0.0
pierce,pierce,2,4,0,0.0,0.0,inf,0.0
veil,veil,2,4,0,0.0,0.0,inf,0.0
pig,pig,3,3,0,0.0,0.0,inf,0.0
pigeon,pigeon,1,1,0,0.0,0.0,inf,0.0
pillars,pillars,1,1,0,0.0,0.0,inf,0.0
soda,soda,1,1,0,0.0,0.0,inf,0.0
акулёнок,акуленок,3,4,0,0.0,0.0,inf,0.0
pinkfong,pinkfong,1,1,0,0.0,0.0,inf,0.0
pips,pips,2,2,0,0.0,0.0,inf,0.0
pirate,pirate,1,3,0,0.0,0.0,inf,0.0
pissgrave,pissgrave,1,1,0,0.0,0.0,inf,0.0
germany,germany,4,7,0,0.0,0.0,inf,0.0
dah,dah,1,6,0,0.0,0.0,inf,0.0
pizdue,pizdue,1,6,0,0.0,0.0,inf,0.0
pko,pko,1,4,0,0.0,0.0,inf,0.0
sndct,sndct,3,22,0,0.0,0.0,inf,0.0
pla4,pla4,2,149,0,0.0,0.0,inf,0.0
pla444,pla444,1,22,0,0.0,0.0,inf,0.0
pla4444,pla4444,1,15,0,0.0,0.0,inf,0.0
plaa4444,plaa4444,1,21,0,0.0,0.0,inf,0.0
places,places,1,1,0,0.0,0.0,inf,0.0
plain,plain,1,1,0,0.0,0.0,inf,0.0
plame,plame,5,9,0,0.0,0.0,inf,0.0
plane,plane,1,1,0,0.0,0.0,inf,0.0
planta,planta,4,10,0,0.0,0.0,inf,0.0
rosa,rosa,5,11,0,0.0,0.0,inf,0.0
platformashop,platformashop,1,1,0,0.0,0.0,inf,0.0
play,play,3,3,0,0.0,0.0,inf,0.0
carti,carti,2,2,0,0.0,0.0,inf,0.0
playboi,playboi,1,1,0,0.0,0.0,inf,0.0
playboy,playboy,4,6,0,0.0,0.0,inf,0.0
playsclo,playsclo,1,4,0,0.0,0.0,inf,0.0
plazmalab,plazmalab,1,1,0,0.0,0.0,inf,0.0
please,please,1,1,0,0.0,0.0,inf,0.0
pleasures,pleasures,4,5,0,0.0,0.0,inf,0.0
plus,plus,1,1,0,0.0,0.0,inf,0.0
estate,estate,1,3,0,0.0,0.0,inf,0.0
pluxury,pluxury,1,3,0,0.0,0.0,inf,0.0
png,png,1,1,0,0.0,0.0,inf,0.0
pobedov,pobedov,2,12,0,0.0,0.0,inf,0.0
pocket,pocket,1,1,0,0.0,0.0,inf,0.0
poco,poco,1,1,0,0.0,0.0,inf,0.0
podmost,podmost,3,17,0,0.0,0.0,inf,0.0
pohui,pohui,3,11,0,0.0,0.0,inf,0.0
pohuy,pohuy,9,137,0,0.0,0.0,inf,0.0
pohyi,pohyi,1,1,0,0.0,0.0,inf,0.0
poison,poison,1,1,0,0.0,0.0,inf,0.0
pokaifu,pokaifu,1,5,0,0.0,0.0,inf,0.0
poland,poland,2,4,0,0.0,0.0,inf,0.0
polar,polar,4,5,0,0.0,0.0,inf,0.0
karate,karate,1,1,0,0.0,0.0,inf,0.0
surf,surf,2,3,0,0.0,0.0,inf,0.0
skate,skate,4,5,0,0.0,0.0,inf,0.0
polish,polish,1,1,0,0.0,0.0,inf,0.0
polivic,polivic,1,1,0,0.0,0.0,inf,0.0
polivik,polivik,1,12,0,0.0,0.0,inf,0.0
polizei,polizei,1,1,0,0.0,0.0,inf,0.0
knit,knit,2,2,0,0.0,0.0,inf,0.0
tapout,tapout,7,12,0,0.0,0.0,inf,0.0
popov,popov,2,3,0,0.0,0.0,inf,0.0
portal,portal,1,2,0,0.0,0.0,inf,0.0
postal,postal,2,6,0,0.0,0.0,inf,0.0
potosovka,potosovka,1,3,0,0.0,0.0,inf,0.0
poustovit,poustovit,2,5,0,0.0,0.0,inf,0.0
prada,prada,2,2,0,0.0,0.0,inf,0.0
prana,prana,1,1,0,0.0,0.0,inf,0.0
prapor,prapor,1,5,0,0.0,0.0,inf,0.0
prato,prato,1,4,0,0.0,0.0,inf,0.0
prayforus,prayforus,1,1,0,0.0,0.0,inf,0.0
preach,preach,1,1,0,0.0,0.0,inf,0.0
prefix,prefix,1,8,0,0.0,0.0,inf,0.0
prfx,prfx,1,1,0,0.0,0.0,inf,0.0
prianichek,prianichek,1,1,0,0.0,0.0,inf,0.0
cuffed,cuffed,1,1,0,0.0,0.0,inf,0.0
printach,printach,1,1,0,0.0,0.0,inf,0.0
printformer,printformer,1,1,0,0.0,0.0,inf,0.0
printlab,printlab,1,1,0,0.0,0.0,inf,0.0
printsalon,printsalon,2,3,0,0.0,0.0,inf,0.0
private,private,1,1,0,0.0,0.0,inf,0.0
prj450,prj450,1,2,0,0.0,0.0,inf,0.0
problemes,problemes,1,7,0,0.0,0.0,inf,0.0
prodigy,prodigy,5,6,0,0.0,0.0,inf,0.0
progress,progress,1,1,0,0.0,0.0,inf,0.0
interpol,interpol,1,1,0,0.0,0.0,inf,0.0
projects,projects,1,1,0,0.0,0.0,inf,0.0
prom,prom,2,4,0,0.0,0.0,inf,0.0
promin,promin,1,4,0,0.0,0.0,inf,0.0
promopuff,promopuff,1,113,0,0.0,0.0,inf,0.0
propaganda,propaganda,1,12,0,0.0,0.0,inf,0.0
prosto,prosto,2,2,0,0.0,0.0,inf,0.0
prostomayki,prostomayki,1,3,0,0.0,0.0,inf,0.0
prosublim,prosublim,1,45,0,0.0,0.0,inf,0.0
protocol,protocol,2,2,0,0.0,0.0,inf,0.0
index,index,1,1,0,0.0,0.0,inf,0.0
proudly,proudly,1,1,0,0.0,0.0,inf,0.0
provokator,provokator,1,2,0,0.0,0.0,inf,0.0
prpy,prpy,1,1,0,0.0,0.0,inf,0.0
psd,psd,7,140,0,0.0,0.0,inf,0.0
psdinfo,psdinfo,2,16,0,0.0,0.0,inf,0.0
psdshop,psdshop,1,4,0,0.0,0.0,inf,0.0
psy,psy,1,1,0,0.0,0.0,inf,0.0
psychonaut,psychonaut,2,3,0,0.0,0.0,inf,0.0
bloodshed,bloodshed,1,1,0,0.0,0.0,inf,0.0
psychopaths,psychopaths,1,1,0,0.0,0.0,inf,0.0
psyshop,psyshop,1,4,0,0.0,0.0,inf,0.0
ptero,ptero,1,1,0,0.0,0.0,inf,0.0
pterowear,pterowear,1,4,0,0.0,0.0,inf,0.0
ptsvk,ptsvk,1,3,0,0.0,0.0,inf,0.0
public,public,2,2,0,0.0,0.0,inf,0.0
pueblo,pueblo,1,1,0,0.0,0.0,inf,0.0
pull,pull,27,99,0,0.0,0.0,inf,0.0
bear,bear,27,99,0,0.0,0.0,inf,0.0
pullbear,pullbear,1,1,0,0.0,0.0,inf,0.0
pullup,pullup,3,114,0,0.0,0.0,inf,0.0
pulsar,pulsar,2,3,0,0.0,0.0,inf,0.0
puma,puma,21,28,0,0.0,0.0,inf,0.0
suede,suede,1,2,0,0.0,0.0,inf,0.0
tech,tech,5,6,0,0.0,0.0,inf,0.0
wardrobe,wardrobe,1,1,0,0.0,0.0,inf,0.0
sankuanz,sankuanz,1,1,0,0.0,0.0,inf,0.0
punisher,punisher,4,10,0,0.0,0.0,inf,0.0
punkandfunk,punkandfunk,1,1,0,0.0,0.0,inf,0.0
punks,punks,2,8,0,0.0,0.0,inf,0.0
purgen,purgen,1,3,0,0.0,0.0,inf,0.0
purple,purple,4,105,0,0.0,0.0,inf,0.0
llama,llama,1,1,0,0.0,0.0,inf,0.0
purplelama,purplelama,1,10,0,0.0,0.0,inf,0.0
pile,pile,2,2,0,0.0,0.0,inf,0.0
putrid,putrid,1,1,0,0.0,0.0,inf,0.0
pzhwear,pzhwear,1,5,0,0.0,0.0,inf,0.0
republic,republic,1,3,0,0.0,0.0,inf,0.0
qazaq,qazaq,1,3,0,0.0,0.0,inf,0.0
queen,queen,2,3,0,0.0,0.0,inf,0.0
quicksand,quicksand,1,1,0,0.0,0.0,inf,0.0
quotrell,quotrell,1,1,0,0.0,0.0,inf,0.0
thao,thao,1,1,0,0.0,0.0,inf,0.0
qwertee,qwertee,3,4,0,0.0,0.0,inf,0.0
zipped,zipped,1,2,0,0.0,0.0,inf,0.0
racer,racer,3,5,0,0.0,0.0,inf,0.0
radiant,radiant,2,2,0,0.0,0.0,inf,0.0
camora,camora,1,1,0,0.0,0.0,inf,0.0
raf,raf,1,1,0,0.0,0.0,inf,0.0
raggtop,raggtop,1,2,0,0.0,0.0,inf,0.0
ragnarock,ragnarock,1,40,0,0.0,0.0,inf,0.0
ragnarok,ragnarok,3,92,0,0.0,0.0,inf,0.0
rainhouse,rainhouse,1,4,0,0.0,0.0,inf,0.0
rainshouse,rainshouse,1,12,0,0.0,0.0,inf,0.0
rammstein,rammstein,7,14,0,0.0,0.0,inf,0.0
ramon,ramon,1,1,0,0.0,0.0,inf,0.0
ramones,ramones,1,1,0,0.0,0.0,inf,0.0
roks,roks,2,38,0,0.0,0.0,inf,0.0
rang,rang,1,7,0,0.0,0.0,inf,0.0
ranger,ranger,3,4,0,0.0,0.0,inf,0.0
rangerock,rangerock,1,4,0,0.0,0.0,inf,0.0
rangerocks,rangerocks,1,15,0,0.0,0.0,inf,0.0
rascal,rascal,1,3,0,0.0,0.0,inf,0.0
ratchet,ratchet,2,3,0,0.0,0.0,inf,0.0
raval,raval,2,2,0,0.0,0.0,inf,0.0
material,material,1,1,0,0.0,0.0,inf,0.0
raven,raven,3,5,0,0.0,0.0,inf,0.0
guard,guard,1,3,0,0.0,0.0,inf,0.0
rawen,rawen,1,1,0,0.0,0.0,inf,0.0
raywah,raywah,1,4,0,0.0,0.0,inf,0.0
razer,razer,1,1,0,0.0,0.0,inf,0.0
khomenko,khomenko,1,1,0,0.0,0.0,inf,0.0
rcr,rcr,1,1,0,0.0,0.0,inf,0.0
ready,ready,5,12,0,0.0,0.0,inf,0.0
fight,fight,8,17,0,0.0,0.0,inf,0.0
real,real,9,32,0,0.0,0.0,inf,0.0
blanket,blanket,1,2,0,0.0,0.0,inf,0.0
vengeance,vengeance,1,1,0,0.0,0.0,inf,0.0
rebel8,rebel8,1,12,0,0.0,0.0,inf,0.0
reborn,reborn,2,2,0,0.0,0.0,inf,0.0
reconquista,reconquista,2,9,0,0.0,0.0,inf,0.0
recruit,recruit,2,5,0,0.0,0.0,inf,0.0
red,red,10,21,0,0.0,0.0,inf,0.0
dog,dog,1,5,0,0.0,0.0,inf,0.0
redemption,redemption,1,1,0,0.0,0.0,inf,0.0
redivision,redivision,1,1,0,0.0,0.0,inf,0.0
redwood,redwood,2,9,0,0.0,0.0,inf,0.0
identity,identity,1,1,0,0.0,0.0,inf,0.0
reebok,reebok,6,13,0,0.0,0.0,inf,0.0
ref,ref,1,1,0,0.0,0.0,inf,0.0
reflective,reflective,2,3,0,0.0,0.0,inf,0.0
refreshed,refreshed,1,2,0,0.0,0.0,inf,0.0
regata,regata,1,2,0,0.0,0.0,inf,0.0
reichsadler,reichsadler,1,1,0,0.0,0.0,inf,0.0
flowing,flowing,1,1,0,0.0,0.0,inf,0.0
reload,reload,6,10,0,0.0,0.0,inf,0.0
remedy,remedy,1,1,0,0.0,0.0,inf,0.0
ren,ren,1,1,0,0.0,0.0,inf,0.0
boi,boi,1,1,0,0.0,0.0,inf,0.0
reporter,reporter,3,4,0,0.0,0.0,inf,0.0
horse,horse,1,1,0,0.0,0.0,inf,0.0
owners,owners,1,2,0,0.0,0.0,inf,0.0
representclo,representclo,1,1,0,0.0,0.0,inf,0.0
reptyry,reptyry,2,15,0,0.0,0.0,inf,0.0
reset,reset,1,1,0,0.0,0.0,inf,0.0
resident,resident,2,2,0,0.0,0.0,inf,0.0
conformity,conformity,1,2,0,0.0,0.0,inf,0.0
against,against,4,11,0,0.0,0.0,inf,0.0
resilient,resilient,1,2,0,0.0,0.0,inf,0.0
respublika,respublika,1,5,0,0.0,0.0,inf,0.0
rest,rest,1,1,0,0.0,0.0,inf,0.0
restyle,restyle,2,2,0,0.0,0.0,inf,0.0
revenge,revenge,5,13,0,0.0,0.0,inf,0.0
demon,demon,2,2,0,0.0,0.0,inf,0.0
review,review,2,2,0,0.0,0.0,inf,0.0
rheinmetall,rheinmetall,1,1,0,0.0,0.0,inf,0.0
rhinestone,rhinestone,1,2,0,0.0,0.0,inf,0.0
rica,rica,1,1,0,0.0,0.0,inf,0.0
mare,mare,1,1,0,0.0,0.0,inf,0.0
ricci,ricci,1,2,0,0.0,0.0,inf,0.0
rich,rich,2,3,0,0.0,0.0,inf,0.0
rickshop,rickshop,1,2,0,0.0,0.0,inf,0.0
right,right,2,10,0,0.0,0.0,inf,0.0
rikki,rikki,1,2,0,0.0,0.0,inf,0.0
hust,hust,1,2,0,0.0,0.0,inf,0.0
hipe,hipe,1,1,0,0.0,0.0,inf,0.0
riksi,riksi,1,1,0,0.0,0.0,inf,0.0
rio,rio,1,1,0,0.0,0.0,inf,0.0
riodevision,riodevision,1,6,0,0.0,0.0,inf,0.0
divi,divi,1,1,0,0.0,0.0,inf,0.0
убд,убд,1,1,0,0.0,0.0,inf,0.0
diviіion,дивиіион,1,2,0,0.0,0.0,inf,0.0
riotvision,riotvision,1,1,0,0.0,0.0,inf,0.0
rip,rip,6,39,0,0.0,0.0,inf,0.0
dip,dip,5,38,0,0.0,0.0,inf,0.0
curl,curl,1,1,0,0.0,0.0,inf,0.0
ripndip,ripndip,11,45,0,0.0,0.0,inf,0.0
nermaissance,nermaissance,1,1,0,0.0,0.0,inf,0.0
rise,rise,2,2,0,0.0,0.0,inf,0.0
rmdy,rmdy,1,1,0,0.0,0.0,inf,0.0
dream,dream,1,4,0,0.0,0.0,inf,0.0
road,road,1,4,0,0.0,0.0,inf,0.0
robishop,robishop,1,7,0,0.0,0.0,inf,0.0
communism,communism,2,8,0,0.0,0.0,inf,0.0
biz,biz,4,103,0,0.0,0.0,inf,0.0
talisman,talisman,4,13,0,0.0,0.0,inf,0.0
rockabilia,rockabilia,1,1,0,0.0,0.0,inf,0.0
rockaway,rockaway,1,2,0,0.0,0.0,inf,0.0
rockbiz,rockbiz,1,2,0,0.0,0.0,inf,0.0
rockfellow,rockfellow,1,2,0,0.0,0.0,inf,0.0
rocktail,rocktail,1,2,0,0.0,0.0,inf,0.0
rockwaybiz,rockwaybiz,1,1,0,0.0,0.0,inf,0.0
rogo,rogo,1,1,0,0.0,0.0,inf,0.0
rogue,rogue,2,4,0,0.0,0.0,inf,0.0
roman,roman,1,1,0,0.0,0.0,inf,0.0
empire,empire,3,3,0,0.0,0.0,inf,0.0
romanova,romanova,2,6,0,0.0,0.0,inf,0.0
romanovashop,romanovashop,1,5,0,0.0,0.0,inf,0.0
rome,rome,1,1,0,0.0,0.0,inf,0.0
rommax,rommax,1,1,0,0.0,0.0,inf,0.0
romwe,romwe,1,3,0,0.0,0.0,inf,0.0
rooh,rooh,1,6,0,0.0,0.0,inf,0.0
roomova,roomova,1,6,0,0.0,0.0,inf,0.0
roomovaa,roomovaa,1,3,0,0.0,0.0,inf,0.0
roots,roots,1,4,0,0.0,0.0,inf,0.0
rotting,rotting,2,9,0,0.0,0.0,inf,0.0
christ,christ,2,9,0,0.0,0.0,inf,0.0
rouge,rouge,1,4,0,0.0,0.0,inf,0.0
rough,rough,1,5,0,0.0,0.0,inf,0.0
rovero,rovero,1,2,0,0.0,0.0,inf,0.0
rowdy,rowdy,2,24,0,0.0,0.0,inf,0.0
roy,roy,1,1,0,0.0,0.0,inf,0.0
roza,roza,2,2,0,0.0,0.0,inf,0.0
rozetka,rozetka,2,3,0,0.0,0.0,inf,0.0
rozmova,rozmova,1,1,0,0.0,0.0,inf,0.0
rsnpzd,rsnpzd,2,14,0,0.0,0.0,inf,0.0
rtf,rtf,2,2,0,0.0,0.0,inf,0.0
usyk,usyk,4,8,0,0.0,0.0,inf,0.0
rtfight,rtfight,1,1,0,0.0,0.0,inf,0.0
rubae,rubae,1,2,0,0.0,0.0,inf,0.0
hatchet,hatchet,1,3,0,0.0,0.0,inf,0.0
ruby,ruby,1,3,0,0.0,0.0,inf,0.0
rue,rue,1,1,0,0.0,0.0,inf,0.0
rugatchi,rugatchi,1,1,0,0.0,0.0,inf,0.0
ruh,ruh,1,1,0,0.0,0.0,inf,0.0
bryuki,bryuki,1,1,0,0.0,0.0,inf,0.0
ruki,ruki,1,1,0,0.0,0.0,inf,0.0
rummy,rummy,3,4,0,0.0,0.0,inf,0.0
runa,runa,2,3,0,0.0,0.0,inf,0.0
runic,runic,2,63,0,0.0,0.0,inf,0.0
storm,storm,1,62,0,0.0,0.0,inf,0.0
runicstorm,runicstorm,1,19,0,0.0,0.0,inf,0.0
rus,rus,1,1,0,0.0,0.0,inf,0.0
order,order,1,1,0,0.0,0.0,inf,0.0
mafia,mafia,1,1,0,0.0,0.0,inf,0.0
rust,rust,3,7,0,0.0,0.0,inf,0.0
rusultras,rusultras,1,1,0,0.0,0.0,inf,0.0
rydel,rydel,1,1,0,0.0,0.0,inf,0.0
ryke,ryke,1,1,0,0.0,0.0,inf,0.0
rage,rage,2,4,0,0.0,0.0,inf,0.0
sabaton,sabaton,2,2,0,0.0,0.0,inf,0.0
sabi,sabi,1,1,0,0.0,0.0,inf,0.0
sadsvit,sadsvit,5,12,0,0.0,0.0,inf,0.0
saebis,saebis,2,4,0,0.0,0.0,inf,0.0
sailor,sailor,1,1,0,0.0,0.0,inf,0.0
jerry,jerry,1,1,0,0.0,0.0,inf,0.0
saint,saint,15,106,0,0.0,0.0,inf,0.0
javelin,javelin,4,74,0,0.0,0.0,inf,0.0
joseph,joseph,1,1,0,0.0,0.0,inf,0.0
kaizen,kaizen,1,6,0,0.0,0.0,inf,0.0
pearl,pearl,2,19,0,0.0,0.0,inf,0.0
van,van,3,5,0,0.0,0.0,inf,0.0
saints,saints,1,1,0,0.0,0.0,inf,0.0
yant,yant,1,1,0,0.0,0.0,inf,0.0
sak,sak,1,1,0,0.0,0.0,inf,0.0
salem,salem,1,1,0,0.0,0.0,inf,0.0
salewa,salewa,2,2,0,0.0,0.0,inf,0.0
salty,salty,2,2,0,0.0,0.0,inf,0.0
tentacles,tentacles,1,1,0,0.0,0.0,inf,0.0
sammy,sammy,1,1,0,0.0,0.0,inf,0.0
samokhvalov,samokhvalov,1,4,0,0.0,0.0,inf,0.0
samurai,samurai,2,4,0,0.0,0.0,inf,0.0
sandistore,sandistore,1,1,0,0.0,0.0,inf,0.0
sangvinik,sangvinik,1,1,0,0.0,0.0,inf,0.0
cruz,cruz,5,8,0,0.0,0.0,inf,0.0
santa,santa,8,17,0,0.0,0.0,inf,0.0
sarcasm,sarcasm,5,25,0,0.0,0.0,inf,0.0
akkad,akkad,1,2,0,0.0,0.0,inf,0.0
sargon,sargon,1,2,0,0.0,0.0,inf,0.0
satan,satan,3,7,0,0.0,0.0,inf,0.0
satanic,satanic,1,1,0,0.0,0.0,inf,0.0
mothtech,mothtech,1,1,0,0.0,0.0,inf,0.0
satisfy,satisfy,1,1,0,0.0,0.0,inf,0.0
saturno,saturno,1,11,0,0.0,0.0,inf,0.0
satyricon,satyricon,1,1,0,0.0,0.0,inf,0.0
tacticians,tacticians,1,3,0,0.0,0.0,inf,0.0
savage,savage,1,3,0,0.0,0.0,inf,0.0
savastone,savastone,1,6,0,0.0,0.0,inf,0.0
saw,saw,1,26,0,0.0,0.0,inf,0.0
urbanity,urbanity,1,26,0,0.0,0.0,inf,0.0
sawurbanity,sawurbanity,1,1,0,0.0,0.0,inf,0.0
saysky,saysky,1,3,0,0.0,0.0,inf,0.0
saywear,saywear,1,1,0,0.0,0.0,inf,0.0
sb21,sb21,1,1,0,0.0,0.0,inf,0.0
sca,sca,1,1,0,0.0,0.0,inf,0.0
scastone,scastone,1,5,0,0.0,0.0,inf,0.0
scene,scene,1,2,0,0.0,0.0,inf,0.0
sclo,sclo,1,3,0,0.0,0.0,inf,0.0
scofers,scofers,1,1,0,0.0,0.0,inf,0.0
scream,scream,2,10,0,0.0,0.0,inf,0.0
scripka,scripka,1,1,0,0.0,0.0,inf,0.0
scuffers,scuffers,7,55,0,0.0,0.0,inf,0.0
seaggs,seaggs,1,1,0,0.0,0.0,inf,0.0
seasend,seasend,1,3,0,0.0,0.0,inf,0.0
season,season,4,16,0,0.0,0.0,inf,0.0
mist,mist,1,12,0,0.0,0.0,inf,0.0
secretgarden,secretgarden,1,1,0,0.0,0.0,inf,0.0
section,section,1,7,0,0.0,0.0,inf,0.0
sectorx,sectorx,1,2,0,0.0,0.0,inf,0.0
form,form,1,1,0,0.0,0.0,inf,0.0
select,select,1,1,0,0.0,0.0,inf,0.0
self,self,1,1,0,0.0,0.0,inf,0.0
sematary,sematary,3,9,0,0.0,0.0,inf,0.0
semesyuk,semesyuk,1,1,0,0.0,0.0,inf,0.0
sempiternal,sempiternal,1,2,0,0.0,0.0,inf,0.0
sensei,sensei,1,1,0,0.0,0.0,inf,0.0
sepultura,sepultura,2,5,0,0.0,0.0,inf,0.0
seraphim,seraphim,1,2,0,0.0,0.0,inf,0.0
serdenko,serdenko,2,33,0,0.0,0.0,inf,0.0
ukr,ukr,2,30,0,0.0,0.0,inf,0.0
served,served,1,2,0,0.0,0.0,inf,0.0
setfol,setfol,2,5,0,0.0,0.0,inf,0.0
seven,seven,5,28,0,0.0,0.0,inf,0.0
sevenhil,sevenhil,1,1,0,0.0,0.0,inf,0.0
sevenlab,sevenlab,1,1,0,0.0,0.0,inf,0.0
seventeen,seventeen,1,1,0,0.0,0.0,inf,0.0
sewing,sewing,2,5,0,0.0,0.0,inf,0.0
seychas,seychas,1,1,0,0.0,0.0,inf,0.0
seyr,seyr,1,2,0,0.0,0.0,inf,0.0
sezone,sezone,1,1,0,0.0,0.0,inf,0.0
sfera,sfera,1,2,0,0.0,0.0,inf,0.0
shambala,shambala,1,1,0,0.0,0.0,inf,0.0
sharingan,sharingan,1,1,0,0.0,0.0,inf,0.0
sharks,sharks,1,1,0,0.0,0.0,inf,0.0
sharm,sharm,2,4,0,0.0,0.0,inf,0.0
sheset,sheset,1,2,0,0.0,0.0,inf,0.0
sheydov,sheydov,1,2,0,0.0,0.0,inf,0.0
shift,shift,3,23,0,0.0,0.0,inf,0.0
shikardos,shikardos,3,9,0,0.0,0.0,inf,0.0
shinigami,shinigami,4,51,0,0.0,0.0,inf,0.0
shiva,shiva,1,4,0,0.0,0.0,inf,0.0
shivashop,shivashop,1,2,0,0.0,0.0,inf,0.0
vid,vid,1,1,0,0.0,0.0,inf,0.0
sailasa,sailasa,1,1,0,0.0,0.0,inf,0.0
shmotki,shmotki,1,2,0,0.0,0.0,inf,0.0
shobsho,shobsho,1,2,0,0.0,0.0,inf,0.0
shogun,shogun,1,1,0,0.0,0.0,inf,0.0
afterlife,afterlife,1,6,0,0.0,0.0,inf,0.0
shrapnel,shrapnel,1,2,0,0.0,0.0,inf,0.0
shveyka,shveyka,1,2,0,0.0,0.0,inf,0.0
shweyka,shweyka,1,8,0,0.0,0.0,inf,0.0
shwkclothing,shwkclothing,1,1,0,0.0,0.0,inf,0.0
shyne,shyne,3,10,0,0.0,0.0,inf,0.0
sich,sich,1,6,0,0.0,0.0,inf,0.0
sidletskiy,sidletskiy,1,1,0,0.0,0.0,inf,0.0
signature,signature,1,2,0,0.0,0.0,inf,0.0
signum,signum,1,8,0,0.0,0.0,inf,0.0
sil,sil,2,45,0,0.0,0.0,inf,0.0
silence,silence,1,1,0,0.0,0.0,inf,0.0
darkness,darkness,2,2,0,0.0,0.0,inf,0.0
silver,silver,2,20,0,0.0,0.0,inf,0.0
silverstein,silverstein,2,3,0,0.0,0.0,inf,0.0
silwear,silwear,2,57,0,0.0,0.0,inf,0.0
simbiosis,simbiosis,1,6,0,0.0,0.0,inf,0.0
riley,riley,1,1,0,0.0,0.0,inf,0.0
simon,simon,1,1,0,0.0,0.0,inf,0.0
sindicate,sindicate,1,1,0,0.0,0.0,inf,0.0
sindikat,sindikat,2,21,0,0.0,0.0,inf,0.0
singleprint,singleprint,1,2,0,0.0,0.0,inf,0.0
sinister,sinister,1,1,0,0.0,0.0,inf,0.0
sinners,sinners,1,1,0,0.0,0.0,inf,0.0
attire,attire,1,1,0,0.0,0.0,inf,0.0
seekers,seekers,2,4,0,0.0,0.0,inf,0.0
sisters,sisters,1,1,0,0.0,0.0,inf,0.0
sistynine,sistynine,1,1,0,0.0,0.0,inf,0.0
zeroes,zeroes,1,1,0,0.0,0.0,inf,0.0
sixlab,sixlab,1,5,0,0.0,0.0,inf,0.0
sixnine,sixnine,3,35,0,0.0,0.0,inf,0.0
sixty,sixty,3,22,0,0.0,0.0,inf,0.0
sixtynine,sixtynine,8,101,0,0.0,0.0,inf,0.0
купон,купон,1,5,0,0.0,0.0,inf,0.0
sixtynineshirt,sixtynineshirt,1,2,0,0.0,0.0,inf,0.0
sixtyninr,sixtyninr,1,1,0,0.0,0.0,inf,0.0
sixzero,sixzero,1,1,0,0.0,0.0,inf,0.0
sixzeroes,sixzeroes,1,2,0,0.0,0.0,inf,0.0
sixzeros,sixzeros,3,79,0,0.0,0.0,inf,0.0
siyah,siyah,1,1,0,0.0,0.0,inf,0.0
siz,siz,1,5,0,0.0,0.0,inf,0.0
matters,matters,1,1,0,0.0,0.0,inf,0.0
skater,skater,1,1,0,0.0,0.0,inf,0.0
greatness,greatness,1,1,0,0.0,0.0,inf,0.0
skepta,skepta,1,1,0,0.0,0.0,inf,0.0
skhvatka,skhvatka,2,5,0,0.0,0.0,inf,0.0
skidan,skidan,2,7,0,0.0,0.0,inf,0.0
skills,skills,1,1,0,0.0,0.0,inf,0.0
tmk,tmk,1,1,0,0.0,0.0,inf,0.0
sklep,sklep,1,1,0,0.0,0.0,inf,0.0
sklo,sklo,3,72,0,0.0,0.0,inf,0.0
sklowear,sklowear,1,7,0,0.0,0.0,inf,0.0
skrypka,skrypka,1,1,0,0.0,0.0,inf,0.0
vlone,vlone,3,5,0,0.0,0.0,inf,0.0
skullhong,skullhong,1,2,0,0.0,0.0,inf,0.0
skullpig,skullpig,1,1,0,0.0,0.0,inf,0.0
skyfall,skyfall,1,11,0,0.0,0.0,inf,0.0
slava,slava,1,1,0,0.0,0.0,inf,0.0
ukraini,ukraini,1,1,0,0.0,0.0,inf,0.0
slavni,slavni,1,2,0,0.0,0.0,inf,0.0
slayer,slayer,3,6,0,0.0,0.0,inf,0.0
slazenger,slazenger,4,4,0,0.0,0.0,inf,0.0
token,token,8,29,0,0.0,0.0,inf,0.0
sleep,sleep,10,38,0,0.0,0.0,inf,0.0
slipknot,slipknot,9,19,0,0.0,0.0,inf,0.0
slp,slp,1,1,0,0.0,0.0,inf,0.0
slumerican,slumerican,1,1,0,0.0,0.0,inf,0.0
slyji,slyji,1,1,0,0.0,0.0,inf,0.0
smach,smach,1,3,0,0.0,0.0,inf,0.0
smah,smah,1,2,0,0.0,0.0,inf,0.0
text,text,1,1,0,0.0,0.0,inf,0.0
smash,smash,26,233,0,0.0,0.0,inf,0.0
smek,smek,1,1,0,0.0,0.0,inf,0.0
smesh,smesh,1,5,0,0.0,0.0,inf,0.0
smilo,smilo,1,1,0,0.0,0.0,inf,0.0
smth,smth,3,12,0,0.0,0.0,inf,0.0
underwear,underwear,1,2,0,0.0,0.0,inf,0.0
sndkt,sndkt,1,2,0,0.0,0.0,inf,0.0
snoopy,snoopy,1,2,0,0.0,0.0,inf,0.0
snowboard,snowboard,1,1,0,0.0,0.0,inf,0.0
soad,soad,2,2,0,0.0,0.0,inf,0.0
killed,killed,3,4,0,0.0,0.0,inf,0.0
sof,sof,4,70,0,0.0,0.0,inf,0.0
soho,soho,3,8,0,0.0,0.0,inf,0.0
soiko,soiko,1,3,0,0.0,0.0,inf,0.0
sol,sol,2,2,0,0.0,0.0,inf,0.0
solmar,solmar,2,6,0,0.0,0.0,inf,0.0
solnyshkina,solnyshkina,1,1,0,0.0,0.0,inf,0.0
solomadistrict,solomadistrict,1,8,0,0.0,0.0,inf,0.0
solomono,solomono,1,1,0,0.0,0.0,inf,0.0
solovey,solovey,1,1,0,0.0,0.0,inf,0.0
sombr,sombr,1,1,0,0.0,0.0,inf,0.0
loves,loves,2,2,0,0.0,0.0,inf,0.0
somebody,somebody,2,2,0,0.0,0.0,inf,0.0
sonic,sonic,2,16,0,0.0,0.0,inf,0.0
sonic24,sonic24,1,1,0,0.0,0.0,inf,0.0
vinden,vinden,1,9,0,0.0,0.0,inf,0.0
sonner,sonner,1,9,0,0.0,0.0,inf,0.0
anarchy,anarchy,4,23,0,0.0,0.0,inf,0.0
posadka,posadka,1,17,0,0.0,0.0,inf,0.0
sort,sort,4,78,0,0.0,0.0,inf,0.0
sortcompany,sortcompany,2,19,0,0.0,0.0,inf,0.0
sortgang,sortgang,1,1,0,0.0,0.0,inf,0.0
south,south,2,6,0,0.0,0.0,inf,0.0
southside,southside,1,1,0,0.0,0.0,inf,0.0
cosmic,cosmic,1,1,0,0.0,0.0,inf,0.0
variations,variations,1,2,0,0.0,0.0,inf,0.0
spadshchyna,spadshchyna,1,5,0,0.0,0.0,inf,0.0
sparta,sparta,1,1,0,0.0,0.0,inf,0.0
spazio,spazio,1,1,0,0.0,0.0,inf,0.0
body,body,1,3,0,0.0,0.0,inf,0.0
body21,body21,1,1,0,0.0,0.0,inf,0.0
forces,forces,4,17,0,0.0,0.0,inf,0.0
direct,direct,1,2,0,0.0,0.0,inf,0.0
spiral,spiral,1,2,0,0.0,0.0,inf,0.0
spitfire,spitfire,2,2,0,0.0,0.0,inf,0.0
spleesk,spleesk,1,19,0,0.0,0.0,inf,0.0
split,split,3,14,0,0.0,0.0,inf,0.0
sportcity,sportcity,1,1,0,0.0,0.0,inf,0.0
sportmal,sportmal,1,1,0,0.0,0.0,inf,0.0
sportmaster,sportmaster,1,2,0,0.0,0.0,inf,0.0
sportpacks,sportpacks,1,1,0,0.0,0.0,inf,0.0
springfield,springfield,1,2,0,0.0,0.0,inf,0.0
squadshop,squadshop,1,2,0,0.0,0.0,inf,0.0
sraff,sraff,1,1,0,0.0,0.0,inf,0.0
sroom,sroom,1,1,0,0.0,0.0,inf,0.0
ssairweb,ssairweb,1,2,0,0.0,0.0,inf,0.0
ssstufff,ssstufff,1,13,0,0.0,0.0,inf,0.0
odessa,odessa,1,3,0,0.0,0.0,inf,0.0
staf,staf,1,8,0,0.0,0.0,inf,0.0
staffshop,staffshop,1,1,0,0.0,0.0,inf,0.0
stahova,stahova,1,1,0,0.0,0.0,inf,0.0
stalker,stalker,9,16,0,0.0,0.0,inf,0.0
standard,standard,2,2,0,0.0,0.0,inf,0.0
stella,stella,1,1,0,0.0,0.0,inf,0.0
stanley,stanley,1,1,0,0.0,0.0,inf,0.0
berry,berry,1,6,0,0.0,0.0,inf,0.0
shopping,shopping,1,1,0,0.0,0.0,inf,0.0
starberi,starberi,1,2,0,0.0,0.0,inf,0.0
status,status,1,1,0,0.0,0.0,inf,0.0
violent,violent,1,1,0,0.0,0.0,inf,0.0
staycold,staycold,2,2,0,0.0,0.0,inf,0.0
staycoldapparel,staycoldapparel,1,1,0,0.0,0.0,inf,0.0
sted,sted,1,1,0,0.0,0.0,inf,0.0
stedman,stedman,2,2,0,0.0,0.0,inf,0.0
stenosis,stenosis,1,1,0,0.0,0.0,inf,0.0
stepan,stepan,1,1,0,0.0,0.0,inf,0.0
sternenko,sternenko,3,96,0,0.0,0.0,inf,0.0
stilove,stilove,3,78,0,0.0,0.0,inf,0.0
stima,stima,1,1,0,0.0,0.0,inf,0.0
stimma,stimma,1,1,0,0.0,0.0,inf,0.0
stk,stk,1,24,0,0.0,0.0,inf,0.0
stl,stl,1,1,0,0.0,0.0,inf,0.0
katin,katin,1,1,0,0.0,0.0,inf,0.0
stlvclub,stlvclub,3,56,0,0.0,0.0,inf,0.0
sour,sour,1,2,0,0.0,0.0,inf,0.0
99s,99s,1,1,0,0.0,0.0,inf,0.0
ukrainer,ukrainer,2,7,0,0.0,0.0,inf,0.0
доставка,доставк,2,2,0,0.0,0.0,inf,0.0
stradivarius,stradivarius,1,1,0,0.0,0.0,inf,0.0
edge,edge,7,34,0,0.0,0.0,inf,0.0
stranger,stranger,1,1,0,0.0,0.0,inf,0.0
things,things,1,1,0,0.0,0.0,inf,0.0
strawberry,strawberry,7,18,0,0.0,0.0,inf,0.0
cow,cow,1,1,0,0.0,0.0,inf,0.0
streetclothes,streetclothes,1,1,0,0.0,0.0,inf,0.0
streetflexss,streetflexss,1,1,0,0.0,0.0,inf,0.0
streetlife,streetlife,1,4,0,0.0,0.0,inf,0.0
streetstyle,streetstyle,1,1,0,0.0,0.0,inf,0.0
streetx,streetx,1,1,0,0.0,0.0,inf,0.0
strela,strela,1,1,0,0.0,0.0,inf,0.0
strella,strella,3,13,0,0.0,0.0,inf,0.0
stretch,stretch,2,2,0,0.0,0.0,inf,0.0
easy,easy,2,2,0,0.0,0.0,inf,0.0
striped,striped,1,1,0,0.0,0.0,inf,0.0
strong,strong,1,3,0,0.0,0.0,inf,0.0
strtcd,strtcd,1,1,0,0.0,0.0,inf,0.0
sttaff,sttaff,1,1,0,0.0,0.0,inf,0.0
shibuya,shibuya,1,2,0,0.0,0.0,inf,0.0
stussy,stussy,13,25,0,0.0,0.0,inf,0.0
stvl,stvl,2,109,0,0.0,0.0,inf,0.0
stwd,stwd,1,2,0,0.0,0.0,inf,0.0
styleprint,styleprint,1,1,0,0.0,0.0,inf,0.0
sua,sua,1,3,0,0.0,0.0,inf,0.0
subliminal,subliminal,1,2,0,0.0,0.0,inf,0.0
sueta,sueta,2,4,0,0.0,0.0,inf,0.0
suffocation,suffocation,1,1,0,0.0,0.0,inf,0.0
suicideboys,suicideboys,6,44,0,0.0,0.0,inf,0.0
sum,sum,2,4,0,0.0,0.0,inf,0.0
luxury,luxury,1,1,0,0.0,0.0,inf,0.0
summit,summit,1,1,0,0.0,0.0,inf,0.0
summoning,summoning,1,1,0,0.0,0.0,inf,0.0
sumwon,sumwon,1,1,0,0.0,0.0,inf,0.0
sunset,sunset,5,31,0,0.0,0.0,inf,0.0
goons,goons,5,31,0,0.0,0.0,inf,0.0
sunspel,sunspel,1,1,0,0.0,0.0,inf,0.0
sunvel,sunvel,1,1,0,0.0,0.0,inf,0.0
suka,suka,2,2,0,0.0,0.0,inf,0.0
super,super,4,5,0,0.0,0.0,inf,0.0
sun,sun,2,4,0,0.0,0.0,inf,0.0
superdry,superdry,2,2,0,0.0,0.0,inf,0.0
superhumans,superhumans,2,12,0,0.0,0.0,inf,0.0
supermade,supermade,1,2,0,0.0,0.0,inf,0.0
superstep,superstep,1,1,0,0.0,0.0,inf,0.0
demand,demand,1,2,0,0.0,0.0,inf,0.0
local,local,2,3,0,0.0,0.0,inf,0.0
vandals,vandals,1,2,0,0.0,0.0,inf,0.0
locals,locals,1,1,0,0.0,0.0,inf,0.0
sure,sure,1,1,0,0.0,0.0,inf,0.0
yuga,yuga,1,1,0,0.0,0.0,inf,0.0
surround,surround,1,3,0,0.0,0.0,inf,0.0
svarga,svarga,1,2,0,0.0,0.0,inf,0.0
svasto,svasto,1,4,0,0.0,0.0,inf,0.0
svaston,svaston,1,60,0,0.0,0.0,inf,0.0
fern,fern,1,4,0,0.0,0.0,inf,0.0
svitshop,svitshop,1,1,0,0.0,0.0,inf,0.0
svmoscow,svmoscow,1,1,0,0.0,0.0,inf,0.0
svojost,svojost,1,1,0,0.0,0.0,inf,0.0
tri,tri,2,5,0,0.0,0.0,inf,0.0
svynosobacha,svynosobacha,1,2,0,0.0,0.0,inf,0.0
swa,swa,1,9,0,0.0,0.0,inf,0.0
swaggy,swaggy,1,2,0,0.0,0.0,inf,0.0
swash,swash,1,1,0,0.0,0.0,inf,0.0
swastin,swastin,1,2,0,0.0,0.0,inf,0.0
swaston,swaston,1,15,0,0.0,0.0,inf,0.0
swathe,swathe,1,2,0,0.0,0.0,inf,0.0
damen,damen,1,1,0,0.0,0.0,inf,0.0
short,short,1,1,0,0.0,0.0,inf,0.0
sweet,sweet,1,2,0,0.0,0.0,inf,0.0
sweyka,sweyka,1,1,0,0.0,0.0,inf,0.0
sxe,sxe,1,1,0,0.0,0.0,inf,0.0
symbiosis,symbiosis,3,17,0,0.0,0.0,inf,0.0
syndicat,syndicat,1,2,0,0.0,0.0,inf,0.0
synical,synical,1,2,0,0.0,0.0,inf,0.0
synonyms,synonyms,1,1,0,0.0,0.0,inf,0.0
syxed,syxed,1,1,0,0.0,0.0,inf,0.0
birds,birds,1,1,0,0.0,0.0,inf,0.0
atlantic,atlantic,1,1,0,0.0,0.0,inf,0.0
chase,chase,1,1,0,0.0,0.0,inf,0.0
damned,damned,1,1,0,0.0,0.0,inf,0.0
escalade,escalade,1,2,0,0.0,0.0,inf,0.0
couples,couples,1,1,0,0.0,0.0,inf,0.0
possessed,possessed,1,2,0,0.0,0.0,inf,0.0
sagittarius,sagittarius,1,6,0,0.0,0.0,inf,0.0
techno,techno,3,5,0,0.0,0.0,inf,0.0
traditional,traditional,1,1,0,0.0,0.0,inf,0.0
tattoo,tattoo,6,25,0,0.0,0.0,inf,0.0
back,back,1,2,0,0.0,0.0,inf,0.0
skulls,skulls,1,1,0,0.0,0.0,inf,0.0
taboo,taboo,6,33,0,0.0,0.0,inf,0.0
tabooclothes,tabooclothes,1,1,0,0.0,0.0,inf,0.0
tadow,tadow,1,3,0,0.0,0.0,inf,0.0
tadowstore,tadowstore,1,2,0,0.0,0.0,inf,0.0
tailored,tailored,1,1,0,0.0,0.0,inf,0.0
take,take,1,1,0,0.0,0.0,inf,0.0
pills,pills,1,1,0,0.0,0.0,inf,0.0
weijl,weijl,1,1,0,0.0,0.0,inf,0.0
tally,tally,1,1,0,0.0,0.0,inf,0.0
tamara,tamara,1,3,0,0.0,0.0,inf,0.0
zukina,zukina,1,3,0,0.0,0.0,inf,0.0
tanuki,tanuki,1,1,0,0.0,0.0,inf,0.0
tatami,tatami,1,1,0,0.0,0.0,inf,0.0
sweaters,sweaters,1,6,0,0.0,0.0,inf,0.0
tattoosweaters,tattoosweaters,2,2,0,0.0,0.0,inf,0.0
tatysho,tatysho,1,2,0,0.0,0.0,inf,0.0
tds,tds,1,1,0,0.0,0.0,inf,0.0
teamsesh,teamsesh,1,7,0,0.0,0.0,inf,0.0
teamv,teamv,2,6,0,0.0,0.0,inf,0.0
techwear,techwear,2,3,0,0.0,0.0,inf,0.0
teen,teen,1,1,0,0.0,0.0,inf,0.0
teenhearts,teenhearts,1,5,0,0.0,0.0,inf,0.0
teens,teens,1,2,0,0.0,0.0,inf,0.0
teeshirts,teeshirts,1,14,0,0.0,0.0,inf,0.0
teeth,teeth,1,2,0,0.0,0.0,inf,0.0
teiwaz,teiwaz,1,2,0,0.0,0.0,inf,0.0
tek,tek,1,1,0,0.0,0.0,inf,0.0
tempest,tempest,1,1,0,0.0,0.0,inf,0.0
tensin,tensin,1,1,0,0.0,0.0,inf,0.0
teren,teren,1,1,0,0.0,0.0,inf,0.0
termit,termit,3,7,0,0.0,0.0,inf,0.0
terra,terra,2,2,0,0.0,0.0,inf,0.0
incognita,incognita,2,2,0,0.0,0.0,inf,0.0
terranova,terranova,2,4,0,0.0,0.0,inf,0.0
terror,terror,2,4,0,0.0,0.0,inf,0.0
pratchett,pratchett,1,1,0,0.0,0.0,inf,0.0
tezenis,tezenis,1,1,0,0.0,0.0,inf,0.0
beard,beard,1,1,0,0.0,0.0,inf,0.0
struggle,struggle,1,1,0,0.0,0.0,inf,0.0
merchandise,merchandise,1,1,0,0.0,0.0,inf,0.0
bucks,bucks,1,6,0,0.0,0.0,inf,0.0
cure,cure,1,1,0,0.0,0.0,inf,0.0
raging,raging,1,2,0,0.0,0.0,inf,0.0
fool,fool,1,1,0,0.0,0.0,inf,0.0
mob,mob,1,1,0,0.0,0.0,inf,0.0
glitch,glitch,1,1,0,0.0,0.0,inf,0.0
grechka,grechka,1,1,0,0.0,0.0,inf,0.0
hive,hive,1,1,0,0.0,0.0,inf,0.0
homies,homies,2,7,0,0.0,0.0,inf,0.0
lace,lace,1,1,0,0.0,0.0,inf,0.0
nbhd,nbhd,1,1,0,0.0,0.0,inf,0.0
show,show,1,1,0,0.0,0.0,inf,0.0
plot,plot,1,1,0,0.0,0.0,inf,0.0
roxx,roxx,1,1,0,0.0,0.0,inf,0.0
smiths,smiths,1,2,0,0.0,0.0,inf,0.0
spell,spell,1,3,0,0.0,0.0,inf,0.0
unsleeping,unsleeping,1,2,0,0.0,0.0,inf,0.0
race,race,2,2,0,0.0,0.0,inf,0.0
theneiborhood,theneiborhood,1,2,0,0.0,0.0,inf,0.0
these,these,1,1,0,0.0,0.0,inf,0.0
thick,thick,1,1,0,0.0,0.0,inf,0.0
thirteen,thirteen,2,3,0,0.0,0.0,inf,0.0
thirty,thirty,1,1,0,0.0,0.0,inf,0.0
seconds,seconds,1,1,0,0.0,0.0,inf,0.0
this,this,1,1,0,0.0,0.0,inf,0.0
steinar,steinar,19,110,0,0.0,0.0,inf,0.0
flower,flower,1,2,0,0.0,0.0,inf,0.0
magazine,magazine,1,1,0,0.0,0.0,inf,0.0
розовый,розов,47,118,0,0.0,0.0,inf,0.0
threadfast,threadfast,1,1,0,0.0,0.0,inf,0.0
threadless,threadless,1,1,0,0.0,0.0,inf,0.0
three,three,3,7,0,0.0,0.0,inf,0.0
thugger,thugger,2,5,0,0.0,0.0,inf,0.0
noise,noise,1,1,0,0.0,0.0,inf,0.0
thunder,thunder,1,1,0,0.0,0.0,inf,0.0
tiamat,tiamat,1,1,0,0.0,0.0,inf,0.0
tideland,tideland,1,1,0,0.0,0.0,inf,0.0
tigerwood,tigerwood,1,1,0,0.0,0.0,inf,0.0
tiltless,tiltless,1,1,0,0.0,0.0,inf,0.0
tim,tim,2,2,0,0.0,0.0,inf,0.0
faden,faden,2,2,0,0.0,0.0,inf,0.0
timeofstyle,timeofstyle,1,1,0,0.0,0.0,inf,0.0
tired,tired,1,1,0,0.0,0.0,inf,0.0
title,title,3,3,0,0.0,0.0,inf,0.0
tkmaxx,tkmaxx,1,1,0,0.0,0.0,inf,0.0
tkt,tkt,1,4,0,0.0,0.0,inf,0.0
import,import,1,4,0,0.0,0.0,inf,0.0
tktimport,tktimport,1,6,0,0.0,0.0,inf,0.0
tmbyme,tmbyme,1,1,0,0.0,0.0,inf,0.0
tmt,tmt,1,3,0,0.0,0.0,inf,0.0
tobody,tobody,1,1,0,0.0,0.0,inf,0.0
tommy,tommy,1,2,0,0.0,0.0,inf,0.0
sinny,sinny,1,2,0,0.0,0.0,inf,0.0
tommysinny,tommysinny,1,7,0,0.0,0.0,inf,0.0
tone,tone,1,1,0,0.0,0.0,inf,0.0
tool,tool,4,10,0,0.0,0.0,inf,0.0
top,top,6,10,0,0.0,0.0,inf,0.0
topline,topline,1,1,0,0.0,0.0,inf,0.0
toptime,toptime,1,1,0,0.0,0.0,inf,0.0
tor,tor,1,1,0,0.0,0.0,inf,0.0
torch,torch,1,1,0,0.0,0.0,inf,0.0
torn,torn,1,1,0,0.0,0.0,inf,0.0
steiner,steiner,1,1,0,0.0,0.0,inf,0.0
total,total,1,1,0,0.0,0.0,inf,0.0
fuking,fuking,1,1,0,0.0,0.0,inf,0.0
totalfit,totalfit,1,1,0,0.0,0.0,inf,0.0
totally,totally,1,11,0,0.0,0.0,inf,0.0
totem,totem,1,1,0,0.0,0.0,inf,0.0
totenkopf,totenkopf,2,7,0,0.0,0.0,inf,0.0
tour,tour,1,16,0,0.0,0.0,inf,0.0
tourwear,tourwear,1,1,0,0.0,0.0,inf,0.0
toxic,toxic,3,8,0,0.0,0.0,inf,0.0
trackpants,trackpants,1,2,0,0.0,0.0,inf,0.0
trans,trans,1,1,0,0.0,0.0,inf,0.0
trapstar,trapstar,1,1,0,0.0,0.0,inf,0.0
trefoil,trefoil,1,2,0,0.0,0.0,inf,0.0
trele,trele,1,1,0,0.0,0.0,inf,0.0
trepaneringsritualen,trepaneringsritualen,1,1,0,0.0,0.0,inf,0.0
tres,tres,1,1,0,0.0,0.0,inf,0.0
bien,bien,1,1,0,0.0,0.0,inf,0.0
carpenter,carpenter,1,1,0,0.0,0.0,inf,0.0
trespass,trespass,1,1,0,0.0,0.0,inf,0.0
trezocorp,trezocorp,1,7,0,0.0,0.0,inf,0.0
tribal,tribal,8,21,0,0.0,0.0,inf,0.0
trident,trident,1,2,0,0.0,0.0,inf,0.0
trippiegluck,trippiegluck,1,5,0,0.0,0.0,inf,0.0
tristania,tristania,1,2,0,0.0,0.0,inf,0.0
triton,triton,1,1,0,0.0,0.0,inf,0.0
trmt,trmt,1,1,0,0.0,0.0,inf,0.0
troll,troll,2,9,0,0.0,0.0,inf,0.0
color,color,2,2,0,0.0,0.0,inf,0.0
trueshop,trueshop,1,1,0,0.0,0.0,inf,0.0
tsevau,tsevau,1,1,0,0.0,0.0,inf,0.0
daria,daria,1,1,0,0.0,0.0,inf,0.0
ski,ski,1,1,0,0.0,0.0,inf,0.0
tsupkyi,tsupkyi,1,1,0,0.0,0.0,inf,0.0
tswirt,tswirt,1,1,0,0.0,0.0,inf,0.0
ttm,ttm,1,1,0,0.0,0.0,inf,0.0
ttswtrs,ttswtrs,2,7,0,0.0,0.0,inf,0.0
vdomaa,vdomaa,1,1,0,0.0,0.0,inf,0.0
tuda,tuda,1,1,0,0.0,0.0,inf,0.0
suda,suda,1,1,0,0.0,0.0,inf,0.0
turbat,turbat,2,2,0,0.0,0.0,inf,0.0
turbokolor,turbokolor,1,1,0,0.0,0.0,inf,0.0
turgear,turgear,1,1,0,0.0,0.0,inf,0.0
turn,turn,2,2,0,0.0,0.0,inf,0.0
turnstile,turnstile,1,1,0,0.0,0.0,inf,0.0
turnwear,turnwear,1,1,0,0.0,0.0,inf,0.0
twen20s,twen20s,1,1,0,0.0,0.0,inf,0.0
twenty,twenty,4,9,0,0.0,0.0,inf,0.0
pilots,pilots,3,5,0,0.0,0.0,inf,0.0
twiins,twiins,1,1,0,0.0,0.0,inf,0.0
twins,twins,2,2,0,0.0,0.0,inf,0.0
two,two,2,2,0,0.0,0.0,inf,0.0
negative,negative,4,4,0,0.0,0.0,inf,0.0
type,type,5,5,0,0.0,0.0,inf,0.0
tyutyun,tyutyun,1,4,0,0.0,0.0,inf,0.0
tactic,tactic,1,1,0,0.0,0.0,inf,0.0
usual,usual,10,153,0,0.0,0.0,inf,0.0
uactive,uactive,2,2,0,0.0,0.0,inf,0.0
uamade,uamade,1,18,0,0.0,0.0,inf,0.0
uasnipers,uasnipers,1,1,0,0.0,0.0,inf,0.0
udth,udth,1,4,0,0.0,0.0,inf,0.0
ufa,ufa,1,1,0,0.0,0.0,inf,0.0
ufhl,ufhl,1,2,0,0.0,0.0,inf,0.0
ugly,ugly,1,17,0,0.0,0.0,inf,0.0
uglycool,uglycool,2,24,0,0.0,0.0,inf,0.0
offender,offender,14,45,0,0.0,0.0,inf,0.0
upa,upa,2,8,0,0.0,0.0,inf,0.0
battle,battle,2,4,0,0.0,0.0,inf,0.0
beasts,beasts,1,4,0,0.0,0.0,inf,0.0
soldiers,soldiers,1,1,0,0.0,0.0,inf,0.0
ukrainika,ukrainika,1,1,0,0.0,0.0,inf,0.0
ukrarmor,ukrarmor,1,4,0,0.0,0.0,inf,0.0
ukrtac,ukrtac,1,1,0,0.0,0.0,inf,0.0
ulika,ulika,3,116,0,0.0,0.0,inf,0.0
unknwn,unknwn,3,114,0,0.0,0.0,inf,0.0
ultimatum,ultimatum,1,2,0,0.0,0.0,inf,0.0
tribe,tribe,1,1,0,0.0,0.0,inf,0.0
ultrakill,ultrakill,1,2,0,0.0,0.0,inf,0.0
ultrashop,ultrashop,1,1,0,0.0,0.0,inf,0.0
ultratribe,ultratribe,1,1,0,0.0,0.0,inf,0.0
ulver,ulver,1,1,0,0.0,0.0,inf,0.0
ulyashova,ulyashova,1,1,0,0.0,0.0,inf,0.0
umbro,umbro,2,2,0,0.0,0.0,inf,0.0
umon,umon,1,1,0,0.0,0.0,inf,0.0
uncle,uncle,1,2,0,0.0,0.0,inf,0.0
uncuffed,uncuffed,2,5,0,0.0,0.0,inf,0.0
undercode,undercode,1,3,0,0.0,0.0,inf,0.0
undercover,undercover,5,6,0,0.0,0.0,inf,0.0
underground,underground,9,24,0,0.0,0.0,inf,0.0
undermom,undermom,1,1,0,0.0,0.0,inf,0.0
undermycar,undermycar,1,1,0,0.0,0.0,inf,0.0
undersoul,undersoul,1,5,0,0.0,0.0,inf,0.0
undersoulwear,undersoulwear,1,4,0,0.0,0.0,inf,0.0
underwood,underwood,1,1,0,0.0,0.0,inf,0.0
unfort,unfort,1,1,0,0.0,0.0,inf,0.0
uniform,uniform,2,3,0,0.0,0.0,inf,0.0
bridge,bridge,1,1,0,0.0,0.0,inf,0.0
blanks,blanks,1,1,0,0.0,0.0,inf,0.0
union,union,3,4,0,0.0,0.0,inf,0.0
dry,dry,2,6,0,0.0,0.0,inf,0.0
reddit,reddit,1,1,0,0.0,0.0,inf,0.0
китай,кита,1,1,0,0.0,0.0,inf,0.0
кюлоты,кюлот,2,2,0,0.0,0.0,inf,0.0
unisex,unisex,3,4,0,0.0,0.0,inf,0.0
purpose,purpose,1,1,0,0.0,0.0,inf,0.0
united24,united24,5,10,0,0.0,0.0,inf,0.0
united4,united4,1,18,0,0.0,0.0,inf,0.0
uniwear,uniwear,1,1,0,0.0,0.0,inf,0.0
unki,unki,1,1,0,0.0,0.0,inf,0.0
uno,uno,1,1,0,0.0,0.0,inf,0.0
unpopular,unpopular,1,3,0,0.0,0.0,inf,0.0
unwety,unwety,1,2,0,0.0,0.0,inf,0.0
uppercot,uppercot,1,3,0,0.0,0.0,inf,0.0
classics,classics,1,2,0,0.0,0.0,inf,0.0
outfitters,outfitters,4,4,0,0.0,0.0,inf,0.0
urbanist,urbanist,1,1,0,0.0,0.0,inf,0.0
urbanwear,urbanwear,1,2,0,0.0,0.0,inf,0.0
urfaust,urfaust,1,1,0,0.0,0.0,inf,0.0
usentos,usentos,1,9,0,0.0,0.0,inf,0.0
clth,clth,1,32,0,0.0,0.0,inf,0.0
usualclth,usualclth,1,1,0,0.0,0.0,inf,0.0
uto,uto,1,2,0,0.0,0.0,inf,0.0
utopia,utopia,2,47,0,0.0,0.0,inf,0.0
utopia8,utopia8,1,3,0,0.0,0.0,inf,0.0
uvali,uvali,1,10,0,0.0,0.0,inf,0.0
uzun,uzun,1,1,0,0.0,0.0,inf,0.0
v12,v12,1,1,0,0.0,0.0,inf,0.0
vailent,vailent,1,1,0,0.0,0.0,inf,0.0
valefar,valefar,1,1,0,0.0,0.0,inf,0.0
valhalla,valhalla,1,2,0,0.0,0.0,inf,0.0
valhyr,valhyr,2,2,0,0.0,0.0,inf,0.0
validius,validius,1,1,0,0.0,0.0,inf,0.0
valimark,valimark,2,49,0,0.0,0.0,inf,0.0
factory,factory,1,2,0,0.0,0.0,inf,0.0
valter,valter,1,2,0,0.0,0.0,inf,0.0
vampir,vampir,1,2,0,0.0,0.0,inf,0.0
blood,blood,3,3,0,0.0,0.0,inf,0.0
diaries,diaries,1,1,0,0.0,0.0,inf,0.0
vampurr,vampurr,1,1,0,0.0,0.0,inf,0.0
darkholme,darkholme,1,1,0,0.0,0.0,inf,0.0
vans,vans,12,25,0,0.0,0.0,inf,0.0
varvar,varvar,3,15,0,0.0,0.0,inf,0.0
vataga,vataga,1,1,0,0.0,0.0,inf,0.0
vaz,vaz,1,1,0,0.0,0.0,inf,0.0
vbrano,vbrano,1,7,0,0.0,0.0,inf,0.0
vditi,vditi,1,1,0,0.0,0.0,inf,0.0
vechir,vechir,1,2,0,0.0,0.0,inf,0.0
vecna,vecna,1,1,0,0.0,0.0,inf,0.0
vegan,vegan,2,4,0,0.0,0.0,inf,0.0
velial,velial,4,34,0,0.0,0.0,inf,0.0
velmet,velmet,2,2,0,0.0,0.0,inf,0.0
vendetta,vendetta,1,1,0,0.0,0.0,inf,0.0
venum,venum,1,5,0,0.0,0.0,inf,0.0
camp,camp,1,5,0,0.0,0.0,inf,0.0
verena,verena,1,1,0,0.0,0.0,inf,0.0
vertemberg,vertemberg,1,5,0,0.0,0.0,inf,0.0
berlin,berlin,1,7,0,0.0,0.0,inf,0.0
vertere,vertere,1,7,0,0.0,0.0,inf,0.0
vertogarment,vertogarment,1,6,0,0.0,0.0,inf,0.0
vetements,vetements,16,29,0,0.0,0.0,inf,0.0
2017,2017,1,1,0,0.0,0.0,inf,0.0
lambo,lambo,1,1,0,0.0,0.0,inf,0.0
veteran,veteran,2,6,0,0.0,0.0,inf,0.0
veterans,veterans,1,1,0,0.0,0.0,inf,0.0
viceseason,viceseason,1,1,0,0.0,0.0,inf,0.0
vicinity,vicinity,2,2,0,0.0,0.0,inf,0.0
victoria,victoria,2,3,0,0.0,0.0,inf,0.0
vidlik,vidlik,1,3,0,0.0,0.0,inf,0.0
vidro,vidro,6,124,0,0.0,0.0,inf,0.0
скандал,сканда,1,1,0,0.0,0.0,inf,0.0
vika,vika,1,2,0,0.0,0.0,inf,0.0
viking,viking,4,32,0,0.0,0.0,inf,0.0
viktos,viktos,3,3,0,0.0,0.0,inf,0.0
vildhjarta,vildhjarta,1,1,0,0.0,0.0,inf,0.0
vilno,vilno,1,1,0,0.0,0.0,inf,0.0
vintagesport,vintagesport,1,1,0,0.0,0.0,inf,0.0
violet,violet,1,1,0,0.0,0.0,inf,0.0
viperr,viperr,2,5,0,0.0,0.0,inf,0.0
vladak,vladak,1,2,0,0.0,0.0,inf,0.0
vlch,vlch,1,4,0,0.0,0.0,inf,0.0
vloria,vloria,1,1,0,0.0,0.0,inf,0.0
vnskwear,vnskwear,1,1,0,0.0,0.0,inf,0.0
voenshop,voenshop,1,1,0,0.0,0.0,inf,0.0
void,void,1,1,0,0.0,0.0,inf,0.0
volcano,volcano,2,3,0,0.0,0.0,inf,0.0
польша,польш,4,4,0,0.0,0.0,inf,0.0
volchok,volchok,1,1,0,0.0,0.0,inf,0.0
volcom,volcom,7,19,0,0.0,0.0,inf,0.0
schoph,schoph,1,1,0,0.0,0.0,inf,0.0
vollebak,vollebak,1,2,0,0.0,0.0,inf,0.0
dutch,dutch,2,3,0,0.0,0.0,inf,0.0
von,von,2,3,0,0.0,0.0,inf,0.0
vovk,vovk,1,1,0,0.0,0.0,inf,0.0
voyovnik,voyovnik,1,6,0,0.0,0.0,inf,0.0
vsemayki,vsemayki,1,1,0,0.0,0.0,inf,0.0
svoi,svoi,1,15,0,0.0,0.0,inf,0.0
vsi,vsi,1,15,0,0.0,0.0,inf,0.0
vsisvoi,vsisvoi,1,1,0,0.0,0.0,inf,0.0
vsrap,vsrap,1,21,0,0.0,0.0,inf,0.0
vvhy,vvhy,1,2,0,0.0,0.0,inf,0.0
vvs,vvs,1,1,0,0.0,0.0,inf,0.0
vyriy,vyriy,1,12,0,0.0,0.0,inf,0.0
w30,w30,1,1,0,0.0,0.0,inf,0.0
l34,l34,1,1,0,0.0,0.0,inf,0.0
w42,w42,1,1,0,0.0,0.0,inf,0.0
w8less,w8less,1,1,0,0.0,0.0,inf,0.0
maria,maria,1,1,0,0.0,0.0,inf,0.0
wacko,wacko,1,1,0,0.0,0.0,inf,0.0
waking,waking,1,1,0,0.0,0.0,inf,0.0
cadaver,cadaver,1,1,0,0.0,0.0,inf,0.0
kinida,kinida,1,1,0,0.0,0.0,inf,0.0
walk,walk,1,1,0,0.0,0.0,inf,0.0
psylo,psylo,1,1,0,0.0,0.0,inf,0.0
walker,walker,1,1,0,0.0,0.0,inf,0.0
wall31,wall31,1,2,0,0.0,0.0,inf,0.0
wampire,wampire,1,2,0,0.0,0.0,inf,0.0
wanderlust,wanderlust,3,6,0,0.0,0.0,inf,0.0
wanted,wanted,3,6,0,0.0,0.0,inf,0.0
wardruna,wardruna,2,5,0,0.0,0.0,inf,0.0
warion,warion,1,2,0,0.0,0.0,inf,0.0
warlock,warlock,3,3,0,0.0,0.0,inf,0.0
warm,warm,2,2,0,0.0,0.0,inf,0.0
lined,lined,1,1,0,0.0,0.0,inf,0.0
warriorspirit,warriorspirit,1,1,0,0.0,0.0,inf,0.0
waseworm,waseworm,2,7,0,0.0,0.0,inf,0.0
washed,washed,3,4,0,0.0,0.0,inf,0.0
wasted,wasted,1,12,0,0.0,0.0,inf,0.0
wearcocaine,wearcocaine,1,1,0,0.0,0.0,inf,0.0
web,web,1,3,0,0.0,0.0,inf,0.0
scuba,scuba,1,2,0,0.0,0.0,inf,0.0
weekender,weekender,2,2,0,0.0,0.0,inf,0.0
skateboards,skateboards,2,2,0,0.0,0.0,inf,0.0
wellborn,wellborn,1,5,0,0.0,0.0,inf,0.0
shopee,shopee,1,5,0,0.0,0.0,inf,0.0
что,что,14,21,0,0.0,0.0,inf,0.0
westcity,westcity,3,11,0,0.0,0.0,inf,0.0
westculture,westculture,1,10,0,0.0,0.0,inf,0.0
wfp,wfp,2,3,0,0.0,0.0,inf,0.0
what,what,1,1,0,0.0,0.0,inf,0.0
summer,summer,1,1,0,0.0,0.0,inf,0.0
uwear,uwear,1,3,0,0.0,0.0,inf,0.0
where,where,1,3,0,0.0,0.0,inf,0.0
hall,hall,1,1,0,0.0,0.0,inf,0.0
ward,ward,1,2,0,0.0,0.0,inf,0.0
whitechapel,whitechapel,2,14,0,0.0,0.0,inf,0.0
whitehunter,whitehunter,1,1,0,0.0,0.0,inf,0.0
whiteiswhite,whiteiswhite,1,1,0,0.0,0.0,inf,0.0
whitestore,whitestore,1,7,0,0.0,0.0,inf,0.0
whocares,whocares,1,4,0,0.0,0.0,inf,0.0
wholeopolis,wholeopolis,1,2,0,0.0,0.0,inf,0.0
wholepolis,wholepolis,1,1,0,0.0,0.0,inf,0.0
whtrx,whtrx,1,4,0,0.0,0.0,inf,0.0
normal,normal,1,1,0,0.0,0.0,inf,0.0
why,why,4,6,0,0.0,0.0,inf,0.0
whyme,whyme,2,15,0,0.0,0.0,inf,0.0
wiking,wiking,1,3,0,0.0,0.0,inf,0.0
wild,wild,5,14,0,0.0,0.0,inf,0.0
donkey,donkey,1,1,0,0.0,0.0,inf,0.0
wildberries,wildberries,2,2,0,0.0,0.0,inf,0.0
win,win,1,1,0,0.0,0.0,inf,0.0
winner,winner,1,1,0,0.0,0.0,inf,0.0
baggi,baggi,1,1,0,0.0,0.0,inf,0.0
wishlist,wishlist,1,1,0,0.0,0.0,inf,0.0
without,without,3,10,0,0.0,0.0,inf,0.0
wkmf,wkmf,1,10,0,0.0,0.0,inf,0.0
wofen,wofen,2,3,0,0.0,0.0,inf,0.0
wolfheart,wolfheart,1,2,0,0.0,0.0,inf,0.0
wondernoah,wondernoah,1,2,0,0.0,0.0,inf,0.0
posters,posters,1,3,0,0.0,0.0,inf,0.0
woodbird,woodbird,1,1,0,0.0,0.0,inf,0.0
woodposter,woodposter,1,1,0,0.0,0.0,inf,0.0
woodposters,woodposters,1,13,0,0.0,0.0,inf,0.0
woolenmaker,woolenmaker,1,1,0,0.0,0.0,inf,0.0
skimir,skimir,1,1,0,0.0,0.0,inf,0.0
eaters,eaters,1,2,0,0.0,0.0,inf,0.0
worstwork,worstwork,1,1,0,0.0,0.0,inf,0.0
wotanjugend,wotanjugend,2,15,0,0.0,0.0,inf,0.0
wrangler,wrangler,1,1,0,0.0,0.0,inf,0.0
wroom,wroom,1,1,0,0.0,0.0,inf,0.0
wrung,wrung,1,1,0,0.0,0.0,inf,0.0
tang,tang,2,2,0,0.0,0.0,inf,0.0
x12268,x12268,1,1,0,0.0,0.0,inf,0.0
xantidd,xantidd,1,1,0,0.0,0.0,inf,0.0
xasthur,xasthur,2,3,0,0.0,0.0,inf,0.0
xbox,xbox,1,1,0,0.0,0.0,inf,0.0
jlzu,jlzu,1,1,0,0.0,0.0,inf,0.0
xjkjdsxbq,xjkjdsxbq,1,1,0,0.0,0.0,inf,0.0
xoxo,xoxo,1,1,0,0.0,0.0,inf,0.0
xsai,xsai,1,1,0,0.0,0.0,inf,0.0
xstore,xstore,2,9,0,0.0,0.0,inf,0.0
xtep,xtep,1,2,0,0.0,0.0,inf,0.0
xtreme,xtreme,1,6,0,0.0,0.0,inf,0.0
xxxtentacion,xxxtentacion,3,7,0,0.0,0.0,inf,0.0
y2k,y2k,46,230,0,0.0,0.0,inf,0.0
vereta,vereta,1,4,0,0.0,0.0,inf,0.0
yakakula,yakakula,2,3,0,0.0,0.0,inf,0.0
premium,premium,2,8,0,0.0,0.0,inf,0.0
yakuza,yakuza,3,9,0,0.0,0.0,inf,0.0
yamamoto,yamamoto,2,7,0,0.0,0.0,inf,0.0
yanel,yanel,1,1,0,0.0,0.0,inf,0.0
yanki,yanki,1,2,0,0.0,0.0,inf,0.0
yarikk,yarikk,1,1,0,0.0,0.0,inf,0.0
yarko,yarko,1,1,0,0.0,0.0,inf,0.0
yarm,yarm,1,1,0,0.0,0.0,inf,0.0
yasha,yasha,1,1,0,0.0,0.0,inf,0.0
exclusive,exclusive,1,1,0,0.0,0.0,inf,0.0
yavereta,yavereta,1,5,0,0.0,0.0,inf,0.0
yeezy,yeezy,6,8,0,0.0,0.0,inf,0.0
yellow,yellow,3,5,0,0.0,0.0,inf,0.0
yes,yes,4,16,0,0.0,0.0,inf,0.0
yessirski,yessirski,2,3,0,0.0,0.0,inf,0.0
yessirskii,yessirskii,1,2,0,0.0,0.0,inf,0.0
ymaclo,ymaclo,1,2,0,0.0,0.0,inf,0.0
ynel,ynel,4,144,0,0.0,0.0,inf,0.0
moyo,moyo,2,4,0,0.0,0.0,inf,0.0
yohji,yohji,1,2,0,0.0,0.0,inf,0.0
yomoyo,yomoyo,3,3,0,0.0,0.0,inf,0.0
yon,yon,1,4,0,0.0,0.0,inf,0.0
yori,yori,2,2,0,0.0,0.0,inf,0.0
poets,poets,1,2,0,0.0,0.0,inf,0.0
youngla,youngla,10,13,0,0.0,0.0,inf,0.0
youngshab,youngshab,1,2,0,0.0,0.0,inf,0.0
yourturn,yourturn,2,9,0,0.0,0.0,inf,0.0
yourway,yourway,3,9,0,0.0,0.0,inf,0.0
yozh,yozh,1,2,0,0.0,0.0,inf,0.0
yuki,yuki,1,1,0,0.0,0.0,inf,0.0
yumms,yumms,1,2,0,0.0,0.0,inf,0.0
trappa,trappa,1,1,0,0.0,0.0,inf,0.0
yung,yung,1,1,0,0.0,0.0,inf,0.0
yuston,yuston,1,2,0,0.0,0.0,inf,0.0
yzy,yzy,1,1,0,0.0,0.0,inf,0.0
zacca,zacca,1,1,0,0.0,0.0,inf,0.0
voltaire,voltaire,5,7,0,0.0,0.0,inf,0.0
zadig,zadig,5,7,0,0.0,0.0,inf,0.0
zagon,zagon,1,4,0,0.0,0.0,inf,0.0
zagonbrand,zagonbrand,1,1,0,0.0,0.0,inf,0.0
zakalot,zakalot,1,7,0,0.0,0.0,inf,0.0
zalizna,zalizna,1,3,0,0.0,0.0,inf,0.0
kramnytsia,kramnytsia,1,3,0,0.0,0.0,inf,0.0
care,care,1,1,0,0.0,0.0,inf,0.0
zavod,zavod,1,1,0,0.0,0.0,inf,0.0
zeep,zeep,1,1,0,0.0,0.0,inf,0.0
zegna,zegna,1,2,0,0.0,0.0,inf,0.0
zen,zen,1,1,0,0.0,0.0,inf,0.0
zeon,zeon,1,1,0,0.0,0.0,inf,0.0
cpo,cpo,1,1,0,0.0,0.0,inf,0.0
namakubi,namakubi,1,2,0,0.0,0.0,inf,0.0
zerofoxtrot,zerofoxtrot,1,5,0,0.0,0.0,inf,0.0
zhinka,zhinka,2,3,0,0.0,0.0,inf,0.0
zic,zic,1,4,0,0.0,0.0,inf,0.0
yoni,yoni,1,4,0,0.0,0.0,inf,0.0
ziegler,ziegler,1,1,0,0.0,0.0,inf,0.0
zag,zag,2,3,0,0.0,0.0,inf,0.0
zig,zig,2,3,0,0.0,0.0,inf,0.0
zigzag,zigzag,1,9,0,0.0,0.0,inf,0.0
zillakami,zillakami,1,1,0,0.0,0.0,inf,0.0
skeleton,skeleton,1,2,0,0.0,0.0,inf,0.0
мехом,мех,3,6,0,0.0,0.0,inf,0.0
tight,tight,1,1,0,0.0,0.0,inf,0.0
zipka,zipka,1,2,0,0.0,0.0,inf,0.0
polos,polos,1,2,0,0.0,0.0,inf,0.0
zlitay,zlitay,1,1,0,0.0,0.0,inf,0.0
znwr,znwr,1,2,0,0.0,0.0,inf,0.0
zny,zny,1,1,0,0.0,0.0,inf,0.0
zoe,zoe,1,1,0,0.0,0.0,inf,0.0
zoha,zoha,1,1,0,0.0,0.0,inf,0.0
zoo,zoo,3,31,0,0.0,0.0,inf,0.0
york,york,3,31,0,0.0,0.0,inf,0.0
zooyork,zooyork,1,3,0,0.0,0.0,inf,0.0
zorski,zorski,1,1,0,0.0,0.0,inf,0.0
zver,zver,1,1,0,0.0,0.0,inf,0.0
zwyntar,zwyntar,3,17,0,0.0,0.0,inf,0.0
zxc,zxc,1,4,0,0.0,0.0,inf,0.0
zxcursed,zxcursed,3,4,0,0.0,0.0,inf,0.0
bermensch,bermensch,1,1,0,0.0,0.0,inf,0.0
аб3,аб3,1,1,0,0.0,0.0,inf,0.0
абоамс,абоамс,1,2,0,0.0,0.0,inf,0.0
абрамс,абрамс,5,117,0,0.0,0.0,inf,0.0
абрикос,абрикос,1,1,0,0.0,0.0,inf,0.0
монтень,монтен,1,3,0,0.0,0.0,inf,0.0
авеню,авен,1,3,0,0.0,0.0,inf,0.0
авиация,авиац,5,46,0,0.0,0.0,inf,0.0
автомобильный,автомобильн,2,3,0,0.0,0.0,inf,0.0
авторские,авторск,1,2,0,0.0,0.0,inf,0.0
авторські,авторські,1,3,0,0.0,0.0,inf,0.0
авіатори,авіатор,1,1,0,0.0,0.0,inf,0.0
агітаційні,агітаційні,1,3,0,0.0,0.0,inf,0.0
адам,ад,3,10,0,0.0,0.0,inf,0.0
адамская,адамск,1,2,0,0.0,0.0,inf,0.0
адіда,адід,1,1,0,0.0,0.0,inf,0.0
аеронавтика,аеронавтик,1,1,0,0.0,0.0,inf,0.0
азазель,азазел,1,4,0,0.0,0.0,inf,0.0
азат,азат,2,2,0,0.0,0.0,inf,0.0
мард,мард,1,1,0,0.0,0.0,inf,0.0
март,март,1,1,0,0.0,0.0,inf,0.0
років,років,11,29,0,0.0,0.0,inf,0.0
азовсталь,азовстал,4,28,0,0.0,0.0,inf,0.0
азурі,азурі,1,1,0,0.0,0.0,inf,0.0
айрон,айрон,4,7,0,0.0,0.0,inf,0.0
мейден,мейд,4,7,0,0.0,0.0,inf,0.0
айс,айс,1,1,0,0.0,0.0,inf,0.0
мен,мен,5,13,0,0.0,0.0,inf,0.0
айсмен,айсм,1,6,0,0.0,0.0,inf,0.0
акаб,акаб,2,12,0,0.0,0.0,inf,0.0
акира,акир,1,1,0,0.0,0.0,inf,0.0
аксан,акса,1,1,0,0.0,0.0,inf,0.0
аксесуари,аксесуар,2,6,0,0.0,0.0,inf,0.0
дронів,дронів,3,7,0,0.0,0.0,inf,0.0
акта,акт,2,6,0,0.0,0.0,inf,0.0
акула,акул,22,57,0,0.0,0.0,inf,0.0
мультика,мультик,2,4,0,0.0,0.0,inf,0.0
ком,ком,8,20,0,0.0,0.0,inf,0.0
малюк,малюк,1,1,0,0.0,0.0,inf,0.0
маккуин,маккуин,1,1,0,0.0,0.0,inf,0.0
александр,александр,1,1,0,0.0,0.0,inf,0.0
алея,але,1,3,0,0.0,0.0,inf,0.0
алфьоров,алфьор,2,5,0,0.0,0.0,inf,0.0
альт,альт,5,8,0,0.0,0.0,inf,0.0
альфа,альф,29,90,0,0.0,0.0,inf,0.0
индастриз,индастриз,10,50,0,0.0,0.0,inf,0.0
індастріс,індастріс,2,2,0,0.0,0.0,inf,0.0
аліса,аліс,1,2,0,0.0,0.0,inf,0.0
лайн,лайн,1,2,0,0.0,0.0,inf,0.0
алісалайн,алісалайн,1,1,0,0.0,0.0,inf,0.0
амазон,амазон,1,1,0,0.0,0.0,inf,0.0
американские,американск,3,3,0,0.0,0.0,inf,0.0
американські,американські,1,1,0,0.0,0.0,inf,0.0
амос,амос,4,17,0,0.0,0.0,inf,0.0
лук,лук,6,7,0,0.0,0.0,inf,0.0
анархия,анарх,10,41,0,0.0,0.0,inf,0.0
андерграунд,андерграунд,1,2,0,0.0,0.0,inf,0.0
андерсоул,андерсоул,1,3,0,0.0,0.0,inf,0.0
анжуманя,анжуман,1,1,0,0.0,0.0,inf,0.0
аниме,аним,19,57,0,0.0,0.0,inf,0.0
ансвер,ансвер,2,5,0,0.0,0.0,inf,0.0
социал,социа,1,4,0,0.0,0.0,inf,0.0
анти,ант,5,14,0,0.0,0.0,inf,0.0
сошиал,сошиа,3,7,0,0.0,0.0,inf,0.0
антисошал,антисоша,1,5,0,0.0,0.0,inf,0.0
антисошиал,антисошиа,1,2,0,0.0,0.0,inf,0.0
антисошл,антисошл,6,37,0,0.0,0.0,inf,0.0
антифа,антиф,2,2,0,0.0,0.0,inf,0.0
антихайп,антихайп,1,1,0,0.0,0.0,inf,0.0
антон,антон,6,16,0,0.0,0.0,inf,0.0
лисин,лисин,1,1,0,0.0,0.0,inf,0.0
россия,росс,3,3,0,0.0,0.0,inf,0.0
анчу,анч,1,1,0,0.0,0.0,inf,0.0
анімалізм,анімалізм,1,2,0,0.0,0.0,inf,0.0
аніме,анім,8,29,0,0.0,0.0,inf,0.0
аніруш,аніруш,2,11,0,0.0,0.0,inf,0.0
апатия,апат,1,1,0,0.0,0.0,inf,0.0
апатія,апаті,2,12,0,0.0,0.0,inf,0.0
апачі,апачі,3,11,0,0.0,0.0,inf,0.0
аравана,арава,1,1,0,0.0,0.0,inf,0.0
ария,ар,2,4,0,0.0,0.0,inf,0.0
вовків,вовків,1,3,0,0.0,0.0,inf,0.0
аркан,арка,1,3,0,0.0,0.0,inf,0.0
аркейн,аркейн,2,2,0,0.0,0.0,inf,0.0
арктерикс,арктерикс,3,13,0,0.0,0.0,inf,0.0
арлекин,арлекин,1,1,0,0.0,0.0,inf,0.0
армани,арман,4,10,0,0.0,0.0,inf,0.0
армані,армані,4,5,0,0.0,0.0,inf,0.0
артан,арта,5,51,0,0.0,0.0,inf,0.0
артек,артек,1,1,0,0.0,0.0,inf,0.0
артерикс,артерикс,2,3,0,0.0,0.0,inf,0.0
артерікс,артерікс,2,3,0,0.0,0.0,inf,0.0
архангел,архангел,5,16,0,0.0,0.0,inf,0.0
михаил,миха,4,13,0,0.0,0.0,inf,0.0
архив,арх,6,16,0,0.0,0.0,inf,0.0
архивная,архивн,2,2,0,0.0,0.0,inf,0.0
асе,ас,1,1,0,0.0,0.0,inf,0.0
астарион,астарион,3,7,0,0.0,0.0,inf,0.0
атака,атак,6,12,0,0.0,0.0,inf,0.0
титанів,титанів,4,9,0,0.0,0.0,inf,0.0
атаракс,атаракс,1,1,0,0.0,0.0,inf,0.0
атласний,атласн,1,8,0,0.0,0.0,inf,0.0
атлетикс,атлетикс,2,2,0,0.0,0.0,inf,0.0
атрибутика,атрибутик,8,27,0,0.0,0.0,inf,0.0
атікін,атікін,1,1,0,0.0,0.0,inf,0.0
аутфит,аутф,1,1,0,0.0,0.0,inf,0.0
аутфіт,аутфіт,1,1,0,0.0,0.0,inf,0.0
афликшен,афликш,3,15,0,0.0,0.0,inf,0.0
афликшн,афликшн,3,6,0,0.0,0.0,inf,0.0
афлікшн,афлікшн,1,1,0,0.0,0.0,inf,0.0
аффликшн,аффликшн,1,1,0,0.0,0.0,inf,0.0
ахілес,ахілес,1,10,0,0.0,0.0,inf,0.0
ахіллес,ахіллес,3,12,0,0.0,0.0,inf,0.0
ащщеірщз,ащщеірщз,1,1,0,0.0,0.0,inf,0.0
картинки,картинк,13,34,0,0.0,0.0,inf,0.0
логотип,логотип,23,178,0,0.0,0.0,inf,0.0
мітлі,мітлі,1,1,0,0.0,0.0,inf,0.0
настоящая,настоя,1,1,0,0.0,0.0,inf,0.0
оберег,оберег,2,4,0,0.0,0.0,inf,0.0
дома,дом,5,6,0,0.0,0.0,inf,0.0
панна,пан,4,6,0,0.0,0.0,inf,0.0
садовая,садов,1,1,0,0.0,0.0,inf,0.0
фигура,фигур,1,1,0,0.0,0.0,inf,0.0
смешная,смешн,2,2,0,0.0,0.0,inf,0.0
страшная,страшн,2,6,0,0.0,0.0,inf,0.0
фигурка,фигурк,1,2,0,0.0,0.0,inf,0.0
іграшка,іграшк,1,2,0,0.0,0.0,inf,0.0
яна,ян,3,3,0,0.0,0.0,inf,0.0
бабай,баба,1,1,0,0.0,0.0,inf,0.0
бабаяга,бабаяг,1,2,0,0.0,0.0,inf,0.0
бавна,бавн,4,7,0,0.0,0.0,inf,0.0
бавовна,бавовн,25,114,0,0.0,0.0,inf,0.0
бавовняні,бавовняні,15,30,0,0.0,0.0,inf,0.0
баги,баг,6,8,0,0.0,0.0,inf,0.0
багі,багі,3,10,0,0.0,0.0,inf,0.0
бадбой,бадб,1,1,0,0.0,0.0,inf,0.0
бажане,бажан,3,3,0,0.0,0.0,inf,0.0
база,баз,5,11,0,0.0,0.0,inf,0.0
базова,базов,8,21,0,0.0,0.0,inf,0.0
речі,речі,9,22,0,0.0,0.0,inf,0.0
базука,базук,1,1,0,0.0,0.0,inf,0.0
байка,байк,6,8,0,0.0,0.0,inf,0.0
байкер,байкер,5,18,0,0.0,0.0,inf,0.0
жилете,жилет,1,2,0,0.0,0.0,inf,0.0
байкерская,байкерск,9,51,0,0.0,0.0,inf,0.0
байкерська,байкерськ,1,17,0,0.0,0.0,inf,0.0
байкерські,байкерські,1,24,0,0.0,0.0,inf,0.0
байковые,байков,1,13,0,0.0,0.0,inf,0.0
байкові,байкові,1,1,0,0.0,0.0,inf,0.0
баймі,баймі,1,1,0,0.0,0.0,inf,0.0
байєр,байєр,1,3,0,0.0,0.0,inf,0.0
бала,бал,1,1,0,0.0,0.0,inf,0.0
бола,бол,2,2,0,0.0,0.0,inf,0.0
балак,балак,1,7,0,0.0,0.0,inf,0.0
веар,веар,6,70,0,0.0,0.0,inf,0.0
балаклава,балаклав,7,11,0,0.0,0.0,inf,0.0
гражданская,гражданск,3,8,0,0.0,0.0,inf,0.0
оборона,оборон,3,8,0,0.0,0.0,inf,0.0
продиджи,продидж,4,5,0,0.0,0.0,inf,0.0
балдуин,балдуин,6,18,0,0.0,0.0,inf,0.0
баленсиага,баленсиаг,10,17,0,0.0,0.0,inf,0.0
балонові,балонові,3,3,0,0.0,0.0,inf,0.0
бальман,бальма,1,1,0,0.0,0.0,inf,0.0
бамбас,бамбас,3,125,0,0.0,0.0,inf,0.0
упа,уп,28,394,0,0.0,0.0,inf,0.0
бандерівський,бандерівськ,1,5,0,0.0,0.0,inf,0.0
баннер,баннер,9,22,0,0.0,0.0,inf,0.0
дверь,двер,1,1,0,0.0,0.0,inf,0.0
банши,банш,1,2,0,0.0,0.0,inf,0.0
барбаріан,барбаріа,1,1,0,0.0,0.0,inf,0.0
барбери,барбер,4,7,0,0.0,0.0,inf,0.0
барні,барні,1,1,0,0.0,0.0,inf,0.0
бархатные,бархатн,1,1,0,0.0,0.0,inf,0.0
бархатні,бархатні,1,1,0,0.0,0.0,inf,0.0
баскетбольні,баскетбольні,1,1,0,0.0,0.0,inf,0.0
ауе,ау,4,21,0,0.0,0.0,inf,0.0
баста,баст,5,8,0,0.0,0.0,inf,0.0
батал,бата,13,26,0,0.0,0.0,inf,0.0
батальйон,батальйон,2,2,0,0.0,0.0,inf,0.0
батник,батник,8,26,0,0.0,0.0,inf,0.0
подростков,подростк,31,77,0,0.0,0.0,inf,0.0
батнік,батнік,7,19,0,0.0,0.0,inf,0.0
наш,наш,5,8,0,0.0,0.0,inf,0.0
батько,батьк,3,26,0,0.0,0.0,inf,0.0
батюшка,батюшк,3,16,0,0.0,0.0,inf,0.0
бафомет,бафомет,5,54,0,0.0,0.0,inf,0.0
бахмут,бахмут,4,29,0,0.0,0.0,inf,0.0
баьа,ба,3,3,0,0.0,0.0,inf,0.0
беби,беб,1,1,0,0.0,0.0,inf,0.0
шарк,шарк,3,3,0,0.0,0.0,inf,0.0
бегги,бегг,7,20,0,0.0,0.0,inf,0.0
беггі,беггі,5,17,0,0.0,0.0,inf,0.0
беги,бег,11,36,0,0.0,0.0,inf,0.0
бой,бо,8,25,0,0.0,0.0,inf,0.0
бед,бед,4,12,0,0.0,0.0,inf,0.0
бежева,бежев,11,18,0,0.0,0.0,inf,0.0
безбренду,безбренд,1,2,0,0.0,0.0,inf,0.0
безед,безед,1,1,0,0.0,0.0,inf,0.0
безет,безет,5,27,0,0.0,0.0,inf,0.0
безлад,безлад,1,1,0,0.0,0.0,inf,0.0
бейп,бейп,11,15,0,0.0,0.0,inf,0.0
белояр,белояр,3,4,0,0.0,0.0,inf,0.0
бендеровский,бендеровск,1,1,0,0.0,0.0,inf,0.0
бенни,бен,15,118,0,0.0,0.0,inf,0.0
зубрик,зубрик,16,114,0,0.0,0.0,inf,0.0
зубрік,зубрік,1,6,0,0.0,0.0,inf,0.0
берген,берг,1,1,0,0.0,0.0,inf,0.0
бокс,бокс,15,45,0,0.0,0.0,inf,0.0
береженого,бережен,1,3,0,0.0,0.0,inf,0.0
бережет,бережет,1,3,0,0.0,0.0,inf,0.0
бест,бест,1,1,0,0.0,0.0,inf,0.0
беткет,беткет,1,32,0,0.0,0.0,inf,0.0
бехтір,бехтір,1,5,0,0.0,0.0,inf,0.0
биг,биг,6,13,0,0.0,0.0,inf,0.0
босс,босс,2,2,0,0.0,0.0,inf,0.0
пипл,пипл,1,1,0,0.0,0.0,inf,0.0
сэм,сэм,1,2,0,0.0,0.0,inf,0.0
бигбой,бигб,1,1,0,0.0,0.0,inf,0.0
бизет,бизет,1,2,0,0.0,0.0,inf,0.0
бимбо,бимб,1,1,0,0.0,0.0,inf,0.0
битлджус,битлджус,1,1,0,0.0,0.0,inf,0.0
благодійний,благодійн,1,27,0,0.0,0.0,inf,0.0
блакитне,блакитн,3,5,0,0.0,0.0,inf,0.0
бланковый,бланков,1,1,0,0.0,0.0,inf,0.0
блатосфера,блатосфер,8,43,0,0.0,0.0,inf,0.0
блек,блек,3,31,0,0.0,0.0,inf,0.0
лимит,лим,1,8,0,0.0,0.0,inf,0.0
ліміт,ліміт,1,22,0,0.0,0.0,inf,0.0
блесед,блесед,2,5,0,0.0,0.0,inf,0.0
блич,блич,2,3,0,0.0,0.0,inf,0.0
блуд,блуд,1,3,0,0.0,0.0,inf,0.0
блэк,блэк,5,6,0,0.0,0.0,inf,0.0
бобка,бобк,2,3,0,0.0,0.0,inf,0.0
богатир,богатир,1,1,0,0.0,0.0,inf,0.0
богатырь,богатыр,3,3,0,0.0,0.0,inf,0.0
боевая,боев,4,9,0,0.0,0.0,inf,0.0
русь,ру,3,7,0,0.0,0.0,inf,0.0
боже,бож,6,37,0,0.0,0.0,inf,0.0
бережи,береж,1,4,0,0.0,0.0,inf,0.0
белгород,белгород,1,1,0,0.0,0.0,inf,0.0
бомби,бомб,1,1,0,0.0,0.0,inf,0.0
козацький,козацьк,7,66,0,0.0,0.0,inf,0.0
військової,військової,4,15,0,0.0,0.0,inf,0.0
червоно,червон,41,310,0,0.0,0.0,inf,0.0
бойовка,бойовк,1,5,0,0.0,0.0,inf,0.0
бойові,бойові,2,82,0,0.0,0.0,inf,0.0
рав,рав,1,1,0,0.0,0.0,inf,0.0
боксерские,боксерск,5,15,0,0.0,0.0,inf,0.0
боксрав,боксра,1,3,0,0.0,0.0,inf,0.0
боксроу,боксро,1,6,0,0.0,0.0,inf,0.0
рыбалкой,рыбалк,2,2,0,0.0,0.0,inf,0.0
люди,люд,12,38,0,0.0,0.0,inf,0.0
бомбер,бомбер,9,18,0,0.0,0.0,inf,0.0
рисунком,рисунк,13,38,0,0.0,0.0,inf,0.0
боникс,боникс,1,1,0,0.0,0.0,inf,0.0
борат,борат,1,1,0,0.0,0.0,inf,0.0
бордова,бордов,8,17,0,0.0,0.0,inf,0.0
бордшоп,бордшоп,1,1,0,0.0,0.0,inf,0.0
боривітер,боривітер,1,1,0,0.0,0.0,inf,0.0
брейча,брейч,2,4,0,0.0,0.0,inf,0.0
борис,борис,2,4,0,0.0,0.0,inf,0.0
борцовские,борцовск,1,2,0,0.0,0.0,inf,0.0
борщ,борщ,4,29,0,0.0,0.0,inf,0.0
боріва,борів,1,5,0,0.0,0.0,inf,0.0
поборете,поборет,2,4,0,0.0,0.0,inf,0.0
борітеся,боріт,2,4,0,0.0,0.0,inf,0.0
боско,боск,4,4,0,0.0,0.0,inf,0.0
бразерс,бразерс,3,13,0,0.0,0.0,inf,0.0
брата,брат,4,5,0,0.0,0.0,inf,0.0
власти,власт,1,1,0,0.0,0.0,inf,0.0
братва,братв,1,1,0,0.0,0.0,inf,0.0
рвется,рвет,1,1,0,0.0,0.0,inf,0.0
брелок,брелок,2,12,0,0.0,0.0,inf,0.0
амосова,амосов,1,1,0,0.0,0.0,inf,0.0
бичкової,бичкової,1,1,0,0.0,0.0,inf,0.0
відро,відро,7,48,0,0.0,0.0,inf,0.0
елемент,елемент,2,11,0,0.0,0.0,inf,0.0
культ,культ,3,15,0,0.0,0.0,inf,0.0
кусака,кусак,1,1,0,0.0,0.0,inf,0.0
built,built,1,1,0,0.0,0.0,inf,0.0
different,different,1,1,0,0.0,0.0,inf,0.0
зеленского,зеленск,4,11,0,0.0,0.0,inf,0.0
вовк,вовк,5,8,0,0.0,0.0,inf,0.0
зеленського,зеленськ,3,6,0,0.0,0.0,inf,0.0
спадщина,спадщин,4,25,0,0.0,0.0,inf,0.0
усика,усик,18,29,0,0.0,0.0,inf,0.0
питбуль,питбул,19,51,0,0.0,0.0,inf,0.0
птушкина,птушкин,2,4,0,0.0,0.0,inf,0.0
уличной,уличн,8,21,0,0.0,0.0,inf,0.0
бджілка,бджілка,1,1,0,0.0,0.0,inf,0.0
брендированные,брендирова,1,1,0,0.0,0.0,inf,0.0
брендова,брендов,55,179,0,0.0,0.0,inf,0.0
брендована,брендова,1,4,0,0.0,0.0,inf,0.0
брендоване,брендован,3,7,0,0.0,0.0,inf,0.0
брендовані,брендовані,2,5,0,0.0,0.0,inf,0.0
підлітків,підлітків,16,34,0,0.0,0.0,inf,0.0
брендування,брендуван,1,1,0,0.0,0.0,inf,0.0
похожие,похож,2,2,0,0.0,0.0,inf,0.0
бригадні,бригадні,1,78,0,0.0,0.0,inf,0.0
бриджи,бридж,3,8,0,0.0,0.0,inf,0.0
брикулець,брикулет^,1,2,0,0.0,0.0,inf,0.0
планет,планет,7,57,0,0.0,0.0,inf,0.0
брокен,брок,4,9,0,0.0,0.0,inf,0.0
бруклин,бруклин,1,1,0,0.0,0.0,inf,0.0
брутал,брута,2,10,0,0.0,0.0,inf,0.0
бруталмен,бруталм,2,23,0,0.0,0.0,inf,0.0
брутальные,брутальн,1,2,0,0.0,0.0,inf,0.0
брутто,брутт,2,2,0,0.0,0.0,inf,0.0
celine,celine,3,4,0,0.0,0.0,inf,0.0
cotton,cotton,20,26,0,0.0,0.0,inf,0.0
oxford,oxford,1,1,0,0.0,0.0,inf,0.0
бананы,бана,5,7,0,0.0,0.0,inf,0.0
women,women,11,14,0,0.0,0.0,inf,0.0
бохо,бох,1,1,0,0.0,0.0,inf,0.0
бродяга,бродяг,1,1,0,0.0,0.0,inf,0.0
дарк,дарк,1,1,0,0.0,0.0,inf,0.0
1488,1488,2,10,0,0.0,0.0,inf,0.0
дикес,дикес,2,3,0,0.0,0.0,inf,0.0
помидорами,помидор,1,1,0,0.0,0.0,inf,0.0
зимы,зим,15,33,0,0.0,0.0,inf,0.0
полных,полн,4,5,0,0.0,0.0,inf,0.0
шерсти,шерст,1,1,0,0.0,0.0,inf,0.0
ракета,ракет,1,1,0,0.0,0.0,inf,0.0
мусліну,муслін,1,1,0,0.0,0.0,inf,0.0
плащевки,плащевк,7,7,0,0.0,0.0,inf,0.0
карго,карг,35,57,0,0.0,0.0,inf,0.0
garden,garden,3,9,0,0.0,0.0,inf,0.0
кежуал,кежуа,23,54,0,0.0,0.0,inf,0.0
классические,классическ,11,13,0,0.0,0.0,inf,0.0
кэжуал,кэжуа,9,14,0,0.0,0.0,inf,0.0
лакост,лакост,4,5,0,0.0,0.0,inf,0.0
044,044,2,9,0,0.0,0.0,inf,0.0
100,100,22,76,0,0.0,0.0,inf,0.0
скелетоны,скелетон,1,1,0,0.0,0.0,inf,0.0
летние,летн,41,80,0,0.0,0.0,inf,0.0
стихами,стих,1,1,0,0.0,0.0,inf,0.0
фредди,фредд,1,1,0,0.0,0.0,inf,0.0
защипами,защип,2,2,0,0.0,0.0,inf,0.0
шнурках,шнурк,1,1,0,0.0,0.0,inf,0.0
крюгер,крюгер,1,1,0,0.0,0.0,inf,0.0
оксфорд,оксфорд,1,1,0,0.0,0.0,inf,0.0
хамстер,хамстер,1,1,0,0.0,0.0,inf,0.0
парашюты,парашют,3,3,0,0.0,0.0,inf,0.0
зодиака,зодиак,1,2,0,0.0,0.0,inf,0.0
кармана,карма,1,3,0,0.0,0.0,inf,0.0
підліткові,підліткові,18,36,0,0.0,0.0,inf,0.0
талией,тал,2,2,0,0.0,0.0,inf,0.0
низом,низ,5,6,0,0.0,0.0,inf,0.0
штанинами,штанин,2,2,0,0.0,0.0,inf,0.0
селин,селин,2,2,0,0.0,0.0,inf,0.0
слаксы,слакс,3,4,0,0.0,0.0,inf,0.0
смеш,смеш,8,45,0,0.0,0.0,inf,0.0
стрелками,стрелк,1,2,0,0.0,0.0,inf,0.0
шик,шик,4,6,0,0.0,0.0,inf,0.0
графит,граф,1,1,0,0.0,0.0,inf,0.0
фсб,фсб,2,3,0,0.0,0.0,inf,0.0
чинос,чинос,8,9,0,0.0,0.0,inf,0.0
качалки,качалк,1,1,0,0.0,0.0,inf,0.0
брюкі,брюкі,2,4,0,0.0,0.0,inf,0.0
брючний,брючн,1,1,0,0.0,0.0,inf,0.0
елис,елис,1,1,0,0.0,0.0,inf,0.0
бумбокс,бумбокс,5,9,0,0.0,0.0,inf,0.0
бунтарская,бунтарск,1,1,0,0.0,0.0,inf,0.0
бурзум,бурзум,2,2,0,0.0,0.0,inf,0.0
бурива,бурив,1,3,0,0.0,0.0,inf,0.0
буріва,бурів,1,7,0,0.0,0.0,inf,0.0
аккерман,аккерма,1,1,0,0.0,0.0,inf,0.0
саске,саск,1,1,0,0.0,0.0,inf,0.0
бушлат,бушлат,1,1,0,0.0,0.0,inf,0.0
бэгги,бэгг,2,2,0,0.0,0.0,inf,0.0
бюджетні,бюджетні,1,1,0,0.0,0.0,inf,0.0
біг,біг,3,5,0,0.0,0.0,inf,0.0
бос,бос,2,3,0,0.0,0.0,inf,0.0
сем,сем,1,1,0,0.0,0.0,inf,0.0
бігові,бігові,1,1,0,0.0,0.0,inf,0.0
бігус,бігус,1,1,0,0.0,0.0,inf,0.0
біла,біла,12,23,0,0.0,0.0,inf,0.0
біле,біле,5,9,0,0.0,0.0,inf,0.0
гаррі,гаррі,1,1,0,0.0,0.0,inf,0.0
біло,біло,5,7,0,0.0,0.0,inf,0.0
білочорний,білочорн,1,1,0,0.0,0.0,inf,0.0
біфрі,біфрі,1,1,0,0.0,0.0,inf,0.0
девочек,девочек,1,1,0,0.0,0.0,inf,0.0
вайкікі,вайкікі,2,4,0,0.0,0.0,inf,0.0
вайлдберрис,вайлдберрис,1,1,0,0.0,0.0,inf,0.0
044garden,044garden,1,5,0,0.0,0.0,inf,0.0
17sb,17sb,1,1,0,0.0,0.0,inf,0.0
рекс,рекс,3,4,0,0.0,0.0,inf,0.0
фокс,фокс,5,7,0,0.0,0.0,inf,0.0
валберіс,валберіс,1,1,0,0.0,0.0,inf,0.0
валентин,валентин,2,3,0,0.0,0.0,inf,0.0
стрыкало,стрыка,1,2,0,0.0,0.0,inf,0.0
хамайко,хамайк,1,1,0,0.0,0.0,inf,0.0
вальгалла,вальгалл,2,2,0,0.0,0.0,inf,0.0
валімарк,валімарк,1,6,0,0.0,0.0,inf,0.0
вамп,вамп,1,1,0,0.0,0.0,inf,0.0
concept,concept,3,6,0,0.0,0.0,inf,0.0
вампі,вампі,1,1,0,0.0,0.0,inf,0.0
store,store,99,404,0,0.0,0.0,inf,0.0
вампіристи,вампірист,1,1,0,0.0,0.0,inf,0.0
фейс,фейс,9,13,0,0.0,0.0,inf,0.0
band,band,11,15,0,0.0,0.0,inf,0.0
ванс,ванс,9,20,0,0.0,0.0,inf,0.0
варена,вар,2,6,0,0.0,0.0,inf,0.0
варене,варен,4,10,0,0.0,0.0,inf,0.0
варені,варені,2,3,0,0.0,0.0,inf,0.0
варламов,варлам,1,1,0,0.0,0.0,inf,0.0
1914,1914,4,23,0,0.0,0.0,inf,0.0
варінг,варінг,1,1,0,0.0,0.0,inf,0.0
ваффен,вафф,1,1,0,0.0,0.0,inf,0.0
вбрано,вбран,1,2,0,0.0,0.0,inf,0.0
вгтф,вгтф,1,1,0,0.0,0.0,inf,0.0
великі,великі,7,10,0,0.0,0.0,inf,0.0
костюмів,костюмів,2,2,0,0.0,0.0,inf,0.0
вельветовые,вельветов,7,10,0,0.0,0.0,inf,0.0
вельветові,вельветові,4,5,0,0.0,0.0,inf,0.0
велюр,велюр,2,2,0,0.0,0.0,inf,0.0
велюровые,велюров,7,15,0,0.0,0.0,inf,0.0
халат,халат,1,1,0,0.0,0.0,inf,0.0
именной,имен,1,1,0,0.0,0.0,inf,0.0
вышивкой,вышивк,16,37,0,0.0,0.0,inf,0.0
велюрові,велюрові,4,10,0,0.0,0.0,inf,0.0
вертикальний,вертикальн,4,85,0,0.0,0.0,inf,0.0
весела,весел,7,34,0,0.0,0.0,inf,0.0
роджер,роджер,6,33,0,0.0,0.0,inf,0.0
ветеран,ветера,4,33,0,0.0,0.0,inf,0.0
ветеранский,ветеранск,2,2,0,0.0,0.0,inf,0.0
можно,можн,5,8,0,0.0,0.0,inf,0.0
ветеранський,ветеранськ,4,9,0,0.0,0.0,inf,0.0
1984,1984,1,1,0,0.0,0.0,inf,0.0
пипом,пип,6,12,0,0.0,0.0,inf,0.0
лил,лил,7,13,0,0.0,0.0,inf,0.0
такі,такі,1,1,0,0.0,0.0,inf,0.0
різні,різні,1,1,0,0.0,0.0,inf,0.0
1ona,1ona,1,1,0,0.0,0.0,inf,0.0
виварена,вивар,2,5,0,0.0,0.0,inf,0.0
line,line,8,30,0,0.0,0.0,inf,0.0
вимпелів,вимпелів,1,7,0,0.0,0.0,inf,0.0
вінниця,віннит^,8,29,0,0.0,0.0,inf,0.0
1st,1st,1,1,0,0.0,0.0,inf,0.0
вигрид,вигрид,2,4,0,0.0,0.0,inf,0.0
20471120,20471120,1,4,0,0.0,0.0,inf,0.0
дивизион,дивизион,5,53,0,0.0,0.0,inf,0.0
види,вид,3,24,0,0.0,0.0,inf,0.0
викинг,викинг,6,14,0,0.0,0.0,inf,0.0
вимпел,вимпел,4,10,0,0.0,0.0,inf,0.0
виндер,виндер,1,1,0,0.0,0.0,inf,0.0
винищувач,винищувач,2,3,0,0.0,0.0,inf,0.0
винтаж,винтаж,5,14,0,0.0,0.0,inf,0.0
винтажная,винтажн,10,19,0,0.0,0.0,inf,0.0
вироби,вироб,1,3,0,0.0,0.0,inf,0.0
конопель,конопел,1,3,0,0.0,0.0,inf,0.0
2154,2154,1,1,0,0.0,0.0,inf,0.0
вирій,вирі,2,2,0,0.0,0.0,inf,0.0
вискозные,вискозн,1,1,0,0.0,0.0,inf,0.0
164,164,1,2,0,0.0,0.0,inf,0.0
вишиванка,вишиванк,19,52,0,0.0,0.0,inf,0.0
хлопчика,хлопчик,17,40,0,0.0,0.0,inf,0.0
throwback,throwback,1,1,0,0.0,0.0,inf,0.0
вишивка,вишивк,24,115,0,0.0,0.0,inf,0.0
футболці,футболці,2,3,0,0.0,0.0,inf,0.0
під,під,11,308,0,0.0,0.0,inf,0.0
вишита,вишит,8,17,0,0.0,0.0,inf,0.0
вишите,виш,1,8,0,0.0,0.0,inf,0.0
вишиті,вишиті,3,9,0,0.0,0.0,inf,0.0
вкв,вкв,1,2,0,0.0,0.0,inf,0.0
221b,221b,1,1,0,0.0,0.0,inf,0.0
власов,влас,1,1,0,0.0,0.0,inf,0.0
влорія,влорі,1,1,0,0.0,0.0,inf,0.0
вмс,вмс,6,15,0,0.0,0.0,inf,0.0
вогонь,вогон,3,9,0,0.0,0.0,inf,0.0
пече,печ,2,8,0,0.0,0.0,inf,0.0
запеклих,запекл,2,8,0,0.0,0.0,inf,0.0
водій,воді,7,17,0,0.0,0.0,inf,0.0
початківець,початківет^,1,1,0,0.0,0.0,inf,0.0
воділа,воділ,1,1,0,0.0,0.0,inf,0.0
турбодізеля,турбодізел,1,1,0,0.0,0.0,inf,0.0
постеры,постер,14,122,0,0.0,0.0,inf,0.0
военторг,военторг,7,18,0,0.0,0.0,inf,0.0
запорожье,запорож,5,13,0,0.0,0.0,inf,0.0
воздухан,воздуха,2,3,0,0.0,0.0,inf,0.0
воин,воин,2,4,0,0.0,0.0,inf,0.0
война,войн,6,11,0,0.0,0.0,inf,0.0
волна,волн,1,1,0,0.0,0.0,inf,0.0
перснів,перснів,3,3,0,0.0,0.0,inf,0.0
володар,володар,3,3,0,0.0,0.0,inf,0.0
волосатая,волосат,1,1,0,0.0,0.0,inf,0.0
волоцюга,волоцюг,2,10,0,0.0,0.0,inf,0.0
волчок,волчок,4,63,0,0.0,0.0,inf,0.0
days,days,4,5,0,0.0,0.0,inf,0.0
grace,grace,3,4,0,0.0,0.0,inf,0.0
воєна,воєн,7,48,0,0.0,0.0,inf,0.0
воєнні,воєнні,1,3,0,0.0,0.0,inf,0.0
воєнторг,воєнторг,3,4,0,0.0,0.0,inf,0.0
кременчук,кременчук,2,3,0,0.0,0.0,inf,0.0
воїн,воїн,14,48,0,0.0,0.0,inf,0.0
нікого,ніког,1,1,0,0.0,0.0,inf,0.0
нічого,нічог,2,5,0,0.0,0.0,inf,0.0
все,все,7,20,0,0.0,0.0,inf,0.0
армійський,армійськ,4,14,0,0.0,0.0,inf,0.0
корпус,корпус,7,18,0,0.0,0.0,inf,0.0
всреп,всреп,1,2,0,0.0,0.0,inf,0.0
назвами,назв,1,2,0,0.0,0.0,inf,0.0
світу,світу,6,9,0,0.0,0.0,inf,0.0
своі,своі,1,11,0,0.0,0.0,inf,0.0
морської,морської,8,37,0,0.0,0.0,inf,0.0
лого,лог,11,51,0,0.0,0.0,inf,0.0
маркет,маркет,4,22,0,0.0,0.0,inf,0.0
вуличний,вуличн,2,4,0,0.0,0.0,inf,0.0
вымпел,вымпел,2,5,0,0.0,0.0,inf,0.0
штанів,штанів,5,6,0,0.0,0.0,inf,0.0
вышел,вышел,1,2,0,0.0,0.0,inf,0.0
покурить,покур,1,2,0,0.0,0.0,inf,0.0
вязаные,вязан,2,2,0,0.0,0.0,inf,0.0
відомі,відомі,1,4,0,0.0,0.0,inf,0.0
відстукує,відстукує,5,16,0,0.0,0.0,inf,0.0
візаут,візаут,1,4,0,0.0,0.0,inf,0.0
війну,війн,12,124,0,0.0,0.0,inf,0.0
львові,львові,2,5,0,0.0,0.0,inf,0.0
мерчі,мерчі,3,23,0,0.0,0.0,inf,0.0
патчі,патчі,3,29,0,0.0,0.0,inf,0.0
сувеніри,сувенір,10,28,0,0.0,0.0,inf,0.0
який,як,7,10,0,0.0,0.0,inf,0.0
військторг,військторг,2,3,0,0.0,0.0,inf,0.0
вікторія,вікторі,1,1,0,0.0,0.0,inf,0.0
сікрет,сікрет,1,1,0,0.0,0.0,inf,0.0
зброю,збро,2,2,0,0.0,0.0,inf,0.0
мають,мают,4,6,0,0.0,0.0,inf,0.0
вільні,вільні,13,67,0,0.0,0.0,inf,0.0
віндер,віндер,3,21,0,0.0,0.0,inf,0.0
вінтажна,вінтажн,3,9,0,0.0,0.0,inf,0.0
вінтажні,вінтажні,3,6,0,0.0,0.0,inf,0.0
вітровка,вітровк,1,1,0,0.0,0.0,inf,0.0
гwear,гwеар,1,4,0,0.0,0.0,inf,0.0
габардин,габардин,4,21,0,0.0,0.0,inf,0.0
газыри,газыр,1,1,0,0.0,0.0,inf,0.0
гайдамак,гайдамак,1,3,0,0.0,0.0,inf,0.0
галицька,галицьк,4,12,0,0.0,0.0,inf,0.0
ссср,ссср,2,2,0,0.0,0.0,inf,0.0
гамаши,гамаш,1,1,0,0.0,0.0,inf,0.0
3ab,3ab,1,1,0,0.0,0.0,inf,0.0
ганк,ганк,1,12,0,0.0,0.0,inf,0.0
ганнибал,ганниба,1,1,0,0.0,0.0,inf,0.0
гап,гап,3,5,0,0.0,0.0,inf,0.0
гараж,гараж,5,12,0,0.0,0.0,inf,0.0
гарне,гарн,5,6,0,0.0,0.0,inf,0.0
гвер,гвер,6,126,0,0.0,0.0,inf,0.0
где,где,6,6,0,0.0,0.0,inf,0.0
эдисона,эдисон,7,8,0,0.0,0.0,inf,0.0
brigade,brigade,1,1,0,0.0,0.0,inf,0.0
геар,геар,1,1,0,0.0,0.0,inf,0.0
лаб,лаб,2,2,0,0.0,0.0,inf,0.0
гедоніст,гедоніст,1,4,0,0.0,0.0,inf,0.0
черешня,черешн,8,60,0,0.0,0.0,inf,0.0
генерал,генера,3,50,0,0.0,0.0,inf,0.0
геп,геп,7,11,0,0.0,0.0,inf,0.0
flag,flag,61,243,0,0.0,0.0,inf,0.0
assault,assault,2,17,0,0.0,0.0,inf,0.0
3rd,3rd,1,1,0,0.0,0.0,inf,0.0
какой,как,28,52,0,0.0,0.0,inf,0.0
3xl,3xl,6,13,0,0.0,0.0,inf,0.0
это,эт,7,8,0,0.0,0.0,inf,0.0
погони,погон,7,9,0,0.0,0.0,inf,0.0
3ошб,3ошб,1,4,0,0.0,0.0,inf,0.0
400,400,2,4,0,0.0,0.0,inf,0.0
гесс,гесс,3,3,0,0.0,0.0,inf,0.0
гиг,гиг,1,4,0,0.0,0.0,inf,0.0
гимн,гимн,1,1,0,0.0,0.0,inf,0.0
националиста,националист,3,3,0,0.0,0.0,inf,0.0
гимнастические,гимнастическ,1,1,0,0.0,0.0,inf,0.0
гкифт,гкифт,1,1,0,0.0,0.0,inf,0.0
гобелен,гобел,3,11,0,0.0,0.0,inf,0.0
гола,гол,2,2,0,0.0,0.0,inf,0.0
голди,голд,3,7,0,0.0,0.0,inf,0.0
голді,голді,5,15,0,0.0,0.0,inf,0.0
голова,голов,3,7,0,0.0,0.0,inf,0.0
голубенко,голубенк,1,2,0,0.0,0.0,inf,0.0
гонор,гонор,7,117,0,0.0,0.0,inf,0.0
gsm,gsm,3,5,0,0.0,0.0,inf,0.0
гонорова,гоноров,5,130,0,0.0,0.0,inf,0.0
горани,горан,1,2,0,0.0,0.0,inf,0.0
горгани,горган,2,3,0,0.0,0.0,inf,0.0
горгона,горгон,3,11,0,0.0,0.0,inf,0.0
гордон,гордон,3,8,0,0.0,0.0,inf,0.0
колено,кол,3,3,0,0.0,0.0,inf,0.0
яструби,яструб,1,1,0,0.0,0.0,inf,0.0
готическая,готическ,13,59,0,0.0,0.0,inf,0.0
готична,готичн,7,35,0,0.0,0.0,inf,0.0
411,411,1,1,0,0.0,0.0,inf,0.0
гоша,гош,4,9,0,0.0,0.0,inf,0.0
рубчинский,рубчинск,4,9,0,0.0,0.0,inf,0.0
град,град,2,5,0,0.0,0.0,inf,0.0
гранд,гранд,3,7,0,0.0,0.0,inf,0.0
стайл,стайл,7,16,0,0.0,0.0,inf,0.0
гранж,гранж,16,63,0,0.0,0.0,inf,0.0
свитер,свитер,19,30,0,0.0,0.0,inf,0.0
графитовая,графитов,4,5,0,0.0,0.0,inf,0.0
граффити,граффит,3,7,0,0.0,0.0,inf,0.0
графітова,графітов,1,1,0,0.0,0.0,inf,0.0
грелка,грелк,1,1,0,0.0,0.0,inf,0.0
гречка,гречк,1,13,0,0.0,0.0,inf,0.0
соул,соул,1,3,0,0.0,0.0,inf,0.0
грим,грим,1,3,0,0.0,0.0,inf,0.0
грн,грн,1,5,0,0.0,0.0,inf,0.0
грушенька,грушеньк,2,3,0,0.0,0.0,inf,0.0
грязь,гряз,2,3,0,0.0,0.0,inf,0.0
424,424,1,1,0,0.0,0.0,inf,0.0
4308,4308,4,43,0,0.0,0.0,inf,0.0
гудз,гудз,1,1,0,0.0,0.0,inf,0.0
гулівер,гулівер,1,1,0,0.0,0.0,inf,0.0
гуцул,гуцул,1,4,0,0.0,0.0,inf,0.0
racing,racing,3,8,0,0.0,0.0,inf,0.0
гіг,гіг,1,1,0,0.0,0.0,inf,0.0
гігфд,гігфд,1,2,0,0.0,0.0,inf,0.0
даб,даб,1,17,0,0.0,0.0,inf,0.0
хуманс,хуманс,1,17,0,0.0,0.0,inf,0.0
дабхуманс,дабхуманс,1,18,0,0.0,0.0,inf,0.0
дабхьюманс,дабхьюманс,1,2,0,0.0,0.0,inf,0.0
дабхюманс,дабхюманс,1,11,0,0.0,0.0,inf,0.0
дакар,дакар,2,5,0,0.0,0.0,inf,0.0
даксайд,даксайд,1,1,0,0.0,0.0,inf,0.0
немає,немає,7,15,0,0.0,0.0,inf,0.0
бога,бог,11,54,0,0.0,0.0,inf,0.0
далі,далі,4,9,0,0.0,0.0,inf,0.0
дамірлі,дамірлі,1,1,0,0.0,0.0,inf,0.0
даркмен,даркм,1,1,0,0.0,0.0,inf,0.0
дарктрон,дарктрон,1,1,0,0.0,0.0,inf,0.0
дастер,дастер,7,11,0,0.0,0.0,inf,0.0
їде,їде,4,8,0,0.0,0.0,inf,0.0
дахабраха,дахабрах,1,2,0,0.0,0.0,inf,0.0
дбд,дбд,1,1,0,0.0,0.0,inf,0.0
дворф,дворф,1,1,0,0.0,0.0,inf,0.0
двусторонние,двусторон,2,6,0,0.0,0.0,inf,0.0
444,444,1,5,0,0.0,0.0,inf,0.0
факто,факт,2,2,0,0.0,0.0,inf,0.0
дед,дед,5,9,0,0.0,0.0,inf,0.0
инсайд,инсайд,4,8,0,0.0,0.0,inf,0.0
дедушкины,дедушкин,1,2,0,0.0,0.0,inf,0.0
декор,декор,1,2,0,0.0,0.0,inf,0.0
денжер,денжер,2,4,0,0.0,0.0,inf,0.0
леха,лех,2,4,0,0.0,0.0,inf,0.0
день,ден,22,48,0,0.0,0.0,inf,0.0
збройних,збройн,3,17,0,0.0,0.0,inf,0.0
2023,2023,1,2,0,0.0,0.0,inf,0.0
державний,державн,2,3,0,0.0,0.0,inf,0.0
keys,keys,1,1,0,0.0,0.0,inf,0.0
державні,державні,1,1,0,0.0,0.0,inf,0.0
символи,символ,3,3,0,0.0,0.0,inf,0.0
держак,держак,3,10,0,0.0,0.0,inf,0.0
держатель,держател,6,11,0,0.0,0.0,inf,0.0
настенный,настен,2,6,0,0.0,0.0,inf,0.0
був,був,3,4,0,0.0,0.0,inf,0.0
щось,що,1,1,0,0.0,0.0,inf,0.0
бачив,бач,1,1,0,0.0,0.0,inf,0.0
десь,де,1,1,0,0.0,0.0,inf,0.0
дефтонс,дефтонс,4,8,0,0.0,0.0,inf,0.0
джакет,джакет,1,1,0,0.0,0.0,inf,0.0
джемпер,джемпер,1,1,0,0.0,0.0,inf,0.0
джерси,джерс,3,11,0,0.0,0.0,inf,0.0
джерсі,джерсі,1,1,0,0.0,0.0,inf,0.0
джим,джим,1,1,0,0.0,0.0,inf,0.0
джимшарк,джимшарк,1,1,0,0.0,0.0,inf,0.0
дайм,дайм,3,3,0,0.0,0.0,inf,0.0
кельвін,кельвін,6,8,0,0.0,0.0,inf,0.0
кляйн,кляйн,9,12,0,0.0,0.0,inf,0.0
мом,мом,4,5,0,0.0,0.0,inf,0.0
450,450,3,60,0,0.0,0.0,inf,0.0
4best,4best,1,2,0,0.0,0.0,inf,0.0
4people,4people,1,1,0,0.0,0.0,inf,0.0
4pm,4pm,1,4,0,0.0,0.0,inf,0.0
сірі,сірі,38,67,0,0.0,0.0,inf,0.0
4shop,4shop,1,1,0,0.0,0.0,inf,0.0
джинсові,джинсові,3,3,0,0.0,0.0,inf,0.0
4team,4team,2,11,0,0.0,0.0,inf,0.0
500,500,1,1,0,0.0,0.0,inf,0.0
50percentlegit,50percentlegit,1,1,0,0.0,0.0,inf,0.0
выпускной,выпускн,1,2,0,0.0,0.0,inf,0.0
170,170,1,1,0,0.0,0.0,inf,0.0
511,511,3,3,0,0.0,0.0,inf,0.0
трубы,труб,8,15,0,0.0,0.0,inf,0.0
джо,джо,2,4,0,0.0,0.0,inf,0.0
хемп,хемп,1,3,0,0.0,0.0,inf,0.0
zeros,zeros,13,116,0,0.0,0.0,inf,0.0
серые,сер,32,55,0,0.0,0.0,inf,0.0
szn,szn,1,1,0,0.0,0.0,inf,0.0
60x90cm,60x90cm,2,7,0,0.0,0.0,inf,0.0
плащівки,плащівк,16,33,0,0.0,0.0,inf,0.0
затяжках,затяжк,9,26,0,0.0,0.0,inf,0.0
нейлонові,нейлонові,9,22,0,0.0,0.0,inf,0.0
size,size,6,7,0,0.0,0.0,inf,0.0
6pm,6pm,1,1,0,0.0,0.0,inf,0.0
джоджо,джодж,2,2,0,0.0,0.0,inf,0.0
джокер,джокер,2,2,0,0.0,0.0,inf,0.0
джонери,джонер,1,1,0,0.0,0.0,inf,0.0
джордан,джорда,21,56,0,0.0,0.0,inf,0.0
джошери,джошер,1,1,0,0.0,0.0,inf,0.0
джузо,джуз,1,2,0,0.0,0.0,inf,0.0
джуси,джус,3,3,0,0.0,0.0,inf,0.0
джінси,джінси,1,1,0,0.0,0.0,inf,0.0
дзеркальний,дзеркальн,1,2,0,0.0,0.0,inf,0.0
диверсия,диверс,1,8,0,0.0,0.0,inf,0.0
дизайнерская,дизайнерск,4,5,0,0.0,0.0,inf,0.0
дизайнерські,дизайнерські,1,3,0,0.0,0.0,inf,0.0
дизель,дизел,6,10,0,0.0,0.0,inf,0.0
дикі,дикі,1,2,0,0.0,0.0,inf,0.0
шершні,шершні,1,2,0,0.0,0.0,inf,0.0
димна,димн,3,6,0,0.0,0.0,inf,0.0
суміш,суміш,3,6,0,0.0,0.0,inf,0.0
динозавр,динозавр,2,2,0,0.0,0.0,inf,0.0
дипи,дип,3,4,0,0.0,0.0,inf,0.0
шмот,шмот,8,23,0,0.0,0.0,inf,0.0
дирлевангер,дирлевангер,1,1,0,0.0,0.0,inf,0.0
дистресс,дистресс,1,1,0,0.0,0.0,inf,0.0
дитяче,дитяч,5,8,0,0.0,0.0,inf,0.0
mountains,mountains,5,34,0,0.0,0.0,inf,0.0
дитячі,дитячі,2,3,0,0.0,0.0,inf,0.0
енергетик,енергетик,1,3,0,0.0,0.0,inf,0.0
длина,длин,17,32,0,0.0,0.0,inf,0.0
посвідчення,посвідчен,1,1,0,0.0,0.0,inf,0.0
стенд,стенд,3,3,0,0.0,0.0,inf,0.0
шевронів,шевронів,7,16,0,0.0,0.0,inf,0.0
дмб,дмб,1,3,0,0.0,0.0,inf,0.0
днд,днд,2,8,0,0.0,0.0,inf,0.0
дневники,дневник,1,6,0,0.0,0.0,inf,0.0
днепрянин,днепрянин,2,11,0,0.0,0.0,inf,0.0
днр,днр,8,15,0,0.0,0.0,inf,0.0
агрессив,агресс,4,49,0,0.0,0.0,inf,0.0
доберман,доберма,9,57,0,0.0,0.0,inf,0.0
доброшмот,доброшмот,1,3,0,0.0,0.0,inf,0.0
передвісники,передвісник,1,1,0,0.0,0.0,inf,0.0
добрі,добрі,1,1,0,0.0,0.0,inf,0.0
довга,довг,10,18,0,0.0,0.0,inf,0.0
додо,дод,2,7,0,0.0,0.0,inf,0.0
сокс,сокс,1,6,0,0.0,0.0,inf,0.0
габбана,габба,1,1,0,0.0,0.0,inf,0.0
дольче,дольч,1,1,0,0.0,0.0,inf,0.0
домашние,домашн,7,14,0,0.0,0.0,inf,0.0
домашні,домашні,5,7,0,0.0,0.0,inf,0.0
домінанта,домінант,2,7,0,0.0,0.0,inf,0.0
текстиль,текстил,3,8,0,0.0,0.0,inf,0.0
донбасонія,донбасоні,2,14,0,0.0,0.0,inf,0.0
гонит,гон,2,21,0,0.0,0.0,inf,0.0
порожняк,порожняк,2,21,0,0.0,0.0,inf,0.0
донгслів,донгслів,1,1,0,0.0,0.0,inf,0.0
донетчина,донетчин,1,1,0,0.0,0.0,inf,0.0
алмаркет,алмаркет,1,1,0,0.0,0.0,inf,0.0
республика,республик,3,4,0,0.0,0.0,inf,0.0
стела,стел,8,46,0,0.0,0.0,inf,0.0
стелла,стелл,9,25,0,0.0,0.0,inf,0.0
донецькій,донецькі,1,1,0,0.0,0.0,inf,0.0
донеччина,донеччин,4,50,0,0.0,0.0,inf,0.0
доречі,доречі,1,1,0,0.0,0.0,inf,0.0
дорогие,дорог,1,1,0,0.0,0.0,inf,0.0
дорофеева,дорофеев,2,4,0,0.0,0.0,inf,0.0
дорохедоро,дорохедор,1,1,0,0.0,0.0,inf,0.0
доска,доск,1,3,0,0.0,0.0,inf,0.0
дофамін,дофамін,1,1,0,0.0,0.0,inf,0.0
доча,доч,1,1,0,0.0,0.0,inf,0.0
дошка,дошк,2,6,0,0.0,0.0,inf,0.0
пошани,пошан,2,5,0,0.0,0.0,inf,0.0
designs,designs,1,2,0,0.0,0.0,inf,0.0
символика,символик,19,45,0,0.0,0.0,inf,0.0
драгон,драгон,7,40,0,0.0,0.0,inf,0.0
мани,ман,16,57,0,0.0,0.0,inf,0.0
древка,древк,8,43,0,0.0,0.0,inf,0.0
епіцентр,епіцентр,5,12,0,0.0,0.0,inf,0.0
деревянное,деревя,1,1,0,0.0,0.0,inf,0.0
дрилл,дрилл,1,1,0,0.0,0.0,inf,0.0
7dreamsport,7dreamsport,1,1,0,0.0,0.0,inf,0.0
дроноводи,дроновод,1,1,0,0.0,0.0,inf,0.0
деад,деад,1,3,0,0.0,0.0,inf,0.0
дроп,дроп,5,12,0,0.0,0.0,inf,0.0
дэд,дэд,1,1,0,0.0,0.0,inf,0.0
дропшиппинг,дропшиппинг,1,1,0,0.0,0.0,inf,0.0
друга,друг,3,11,0,0.0,0.0,inf,0.0
ріка,ріка,1,9,0,0.0,0.0,inf,0.0
одязі,одязі,2,6,0,0.0,0.0,inf,0.0
7mntns,7mntns,1,6,0,0.0,0.0,inf,0.0
7mountains,7mountains,1,4,0,0.0,0.0,inf,0.0
бомбосховища,бомбосховищ,1,1,0,0.0,0.0,inf,0.0
звання,зван,3,3,0,0.0,0.0,inf,0.0
форма,форм,4,5,0,0.0,0.0,inf,0.0
дтф,дтф,1,2,0,0.0,0.0,inf,0.0
дубхуманс,дубхуманс,1,33,0,0.0,0.0,inf,0.0
дуже,дуж,1,2,0,0.0,0.0,inf,0.0
7sky,7sky,3,16,0,0.0,0.0,inf,0.0
дурневшоп,дурневшоп,1,12,0,0.0,0.0,inf,0.0
дурнєв,дурнєв,3,25,0,0.0,0.0,inf,0.0
дурнєвшоп,дурнєвшоп,1,1,0,0.0,0.0,inf,0.0
дхарма,дхарм,1,1,0,0.0,0.0,inf,0.0
7skystore,7skystore,1,1,0,0.0,0.0,inf,0.0
діадіа,діаді,1,2,0,0.0,0.0,inf,0.0
діверс,діверс,1,1,0,0.0,0.0,inf,0.0
7team,7team,1,8,0,0.0,0.0,inf,0.0
цицьок,цицьок,1,1,0,0.0,0.0,inf,0.0
дізель,дізел,2,2,0,0.0,0.0,inf,0.0
ділвін,ділвін,1,1,0,0.0,0.0,inf,0.0
дімітра,дімітра,1,1,0,0.0,0.0,inf,0.0
діп,діп,1,6,0,0.0,0.0,inf,0.0
інженерів,інженерів,1,23,0,0.0,0.0,inf,0.0
діти,діти,2,25,0,0.0,0.0,inf,0.0
евангелион,евангелион,1,1,0,0.0,0.0,inf,0.0
еверласт,еверласт,2,3,0,0.0,0.0,inf,0.0
егкцуфк,егкцуфк,1,3,0,0.0,0.0,inf,0.0
ейсік,ейсік,1,4,0,0.0,0.0,inf,0.0
ексклюзив,ексклюз,1,1,0,0.0,0.0,inf,0.0
емае,ема,1,6,0,0.0,0.0,inf,0.0
медицини,медицин,3,4,0,0.0,0.0,inf,0.0
zja5z,zja5z,1,1,0,0.0,0.0,inf,0.0
емо,ем,1,6,0,0.0,0.0,inf,0.0
ерд,ерд,5,16,0,0.0,0.0,inf,0.0
есеншиал,есеншиа,3,4,0,0.0,0.0,inf,0.0
есирский,есирск,2,3,0,0.0,0.0,inf,0.0
етно,етн,8,29,0,0.0,0.0,inf,0.0
етнодім,етнодім,1,1,0,0.0,0.0,inf,0.0
етнофутуризм,етнофутуризм,1,2,0,0.0,0.0,inf,0.0
8nzt86,8nzt86,1,1,0,0.0,0.0,inf,0.0
жага,жаг,1,1,0,0.0,0.0,inf,0.0
8rb4,8rb4,1,1,0,0.0,0.0,inf,0.0
8utopia,8utopia,1,3,0,0.0,0.0,inf,0.0
жакмюс,жакмюс,1,1,0,0.0,0.0,inf,0.0
желтая,желт,3,4,0,0.0,0.0,inf,0.0
зеленый,зелен,8,31,0,0.0,0.0,inf,0.0
флисе,флис,37,84,0,0.0,0.0,inf,0.0
весна,весн,12,21,0,0.0,0.0,inf,0.0
жестим,жест,4,5,0,0.0,0.0,inf,0.0
жетон,жетон,2,5,0,0.0,0.0,inf,0.0
живанши,живанш,1,2,0,0.0,0.0,inf,0.0
живу,жив,8,26,0,0.0,0.0,inf,0.0
жовте,жовт,5,8,0,0.0,0.0,inf,0.0
журавель,журавел,2,5,0,0.0,0.0,inf,0.0
8w0908z8,8w0908z8,1,1,0,0.0,0.0,inf,0.0
lives,lives,2,3,0,0.0,0.0,inf,0.0
фліска,фліска,8,14,0,0.0,0.0,inf,0.0
розпродаж,розпродаж,7,14,0,0.0,0.0,inf,0.0
999,999,1,2,0,0.0,0.0,inf,0.0
флісовий,флісов,7,14,0,0.0,0.0,inf,0.0
написами,напис,32,76,0,0.0,0.0,inf,0.0
yessirskiii,yessirskiii,7,47,0,0.0,0.0,inf,0.0
днем,днем,3,11,0,0.0,0.0,inf,0.0
носити,носит,1,1,0,0.0,0.0,inf,0.0
чим,чим,1,1,0,0.0,0.0,inf,0.0
999yessirskiii,999yessirskiii,3,11,0,0.0,0.0,inf,0.0
заказати,заказат,4,108,0,0.0,0.0,inf,0.0
трешер,трешер,20,67,0,0.0,0.0,inf,0.0
9lives,9lives,1,1,0,0.0,0.0,inf,0.0
фотографией,фотограф,7,126,0,0.0,0.0,inf,0.0
9mice,9mice,2,2,0,0.0,0.0,inf,0.0
крамниця,крамнит^,2,17,0,0.0,0.0,inf,0.0
зализна,зализн,1,3,0,0.0,0.0,inf,0.0
залізна,залізн,1,14,0,0.0,0.0,inf,0.0
wall,wall,8,9,0,0.0,0.0,inf,0.0
march,march,4,18,0,0.0,0.0,inf,0.0
day,day,4,18,0,0.0,0.0,inf,0.0
героя,геро,3,163,0,0.0,0.0,inf,0.0
фотографією,фотографіє,2,75,0,0.0,0.0,inf,0.0
замок,замок,5,11,0,0.0,0.0,inf,0.0
заправлена,заправл,1,1,0,0.0,0.0,inf,0.0
запіканка,запіканк,1,1,0,0.0,0.0,inf,0.0
heavyweight,heavyweight,7,10,0,0.0,0.0,inf,0.0
захисник,захисник,3,8,0,0.0,0.0,inf,0.0
захисників,захисників,1,7,0,0.0,0.0,inf,0.0
захід,захід,2,13,0,0.0,0.0,inf,0.0
сили,сил,10,28,0,0.0,0.0,inf,0.0
збройні,збройні,2,2,0,0.0,0.0,inf,0.0
зелена,зел,2,2,0,0.0,0.0,inf,0.0
фокстрот,фокстрот,1,17,0,0.0,0.0,inf,0.0
зеро,зер,4,32,0,0.0,0.0,inf,0.0
зибка,зибк,1,2,0,0.0,0.0,inf,0.0
kid,kid,2,5,0,0.0,0.0,inf,0.0
зимове,зимов,2,3,0,0.0,0.0,inf,0.0
paper,paper,1,4,0,0.0,0.0,inf,0.0
хартс,хартс,23,83,0,0.0,0.0,inf,0.0
хром,хром,23,83,0,0.0,0.0,inf,0.0
aape,aape,1,1,0,0.0,0.0,inf,0.0
00s,00s,1,1,0,0.0,0.0,inf,0.0
начеса,начес,4,9,0,0.0,0.0,inf,0.0
полоску,полоск,3,3,0,0.0,0.0,inf,0.0
варенка,варенк,10,17,0,0.0,0.0,inf,0.0
каппа,капп,7,13,0,0.0,0.0,inf,0.0
конверс,конверс,5,8,0,0.0,0.0,inf,0.0
короткое,коротк,12,16,0,0.0,0.0,inf,0.0
кортез,кортез,17,53,0,0.0,0.0,inf,0.0
ab3,ab3,2,4,0,0.0,0.0,inf,0.0
скот,скот,3,4,0,0.0,0.0,inf,0.0
лайл,лайл,3,4,0,0.0,0.0,inf,0.0
лонсдейл,лонсдейл,20,69,0,0.0,0.0,inf,0.0
мальборо,мальбор,2,4,0,0.0,0.0,inf,0.0
army,army,12,39,0,0.0,0.0,inf,0.0
марджела,марджел,7,12,0,0.0,0.0,inf,0.0
мейсон,мейсон,7,12,0,0.0,0.0,inf,0.0
недорого,недор,16,27,0,0.0,0.0,inf,0.0
hem,hem,8,13,0,0.0,0.0,inf,0.0
нью,нью,29,84,0,0.0,0.0,inf,0.0
беланс,беланс,23,72,0,0.0,0.0,inf,0.0
open,open,10,15,0,0.0,0.0,inf,0.0
опиум,опиум,8,42,0,0.0,0.0,inf,0.0
essential,essential,7,8,0,0.0,0.0,inf,0.0
ск8,ск8,7,15,0,0.0,0.0,inf,0.0
скелетом,скелет,12,51,0,0.0,0.0,inf,0.0
стразами,страз,14,36,0,0.0,0.0,inf,0.0
abercrombie,abercrombie,1,1,0,0.0,0.0,inf,0.0
sweatpant,sweatpant,2,2,0,0.0,0.0,inf,0.0
стоник,стоник,7,12,0,0.0,0.0,inf,0.0
стуси,стус,7,15,0,0.0,0.0,inf,0.0
ablaze,ablaze,2,2,0,0.0,0.0,inf,0.0
abrams,abrams,5,45,0,0.0,0.0,inf,0.0
тру,тру,7,16,0,0.0,0.0,inf,0.0
релиджн,релиджн,6,15,0,0.0,0.0,inf,0.0
abstract,abstract,1,1,0,0.0,0.0,inf,0.0
absurd,absurd,2,3,0,0.0,0.0,inf,0.0
шут,шут,8,20,0,0.0,0.0,inf,0.0
зипеа,зипе,1,4,0,0.0,0.0,inf,0.0
зиперка,зиперк,1,2,0,0.0,0.0,inf,0.0
international,international,1,9,0,0.0,0.0,inf,0.0
аликс,аликс,1,1,0,0.0,0.0,inf,0.0
аутсайдер,аутсайдер,2,2,0,0.0,0.0,inf,0.0
оффендер,оффендер,4,4,0,0.0,0.0,inf,0.0
викенд,викенд,6,8,0,0.0,0.0,inf,0.0
диси,дис,2,2,0,0.0,0.0,inf,0.0
дота,дот,8,19,0,0.0,0.0,inf,0.0
интернешнл,интернешнл,1,3,0,0.0,0.0,inf,0.0
еко,ек,1,2,0,0.0,0.0,inf,0.0
пинкмана,пинкма,1,2,0,0.0,0.0,inf,0.0
джесси,джесс,1,2,0,0.0,0.0,inf,0.0
левайс,левайс,6,9,0,0.0,0.0,inf,0.0
бурлон,бурлон,4,5,0,0.0,0.0,inf,0.0
марсело,марсел,4,5,0,0.0,0.0,inf,0.0
мастермайнд,мастермайнд,4,16,0,0.0,0.0,inf,0.0
лето,лет,24,41,0,0.0,0.0,inf,0.0
нефорская,нефорск,22,86,0,0.0,0.0,inf,0.0
ноггано,ногга,3,3,0,0.0,0.0,inf,0.0
олд,олд,14,54,0,0.0,0.0,inf,0.0
abuse,abuse,3,8,0,0.0,0.0,inf,0.0
буль,бул,6,23,0,0.0,0.0,inf,0.0
пит,пит,5,22,0,0.0,0.0,inf,0.0
abuser,abuser,2,18,0,0.0,0.0,inf,0.0
блестками,блестк,1,1,0,0.0,0.0,inf,0.0
инта,инт,1,1,0,0.0,0.0,inf,0.0
крестами,крест,17,38,0,0.0,0.0,inf,0.0
сакурой,сакур,6,9,0,0.0,0.0,inf,0.0
цветочками,цветочк,1,1,0,0.0,0.0,inf,0.0
сипи,сип,5,6,0,0.0,0.0,inf,0.0
спайдермен,спайдерм,2,2,0,0.0,0.0,inf,0.0
спаси,спас,9,33,0,0.0,0.0,inf,0.0
сохрани,сохран,7,31,0,0.0,0.0,inf,0.0
стусси,стусс,4,5,0,0.0,0.0,inf,0.0
суприм,супр,13,22,0,0.0,0.0,inf,0.0
acab,acab,9,35,0,0.0,0.0,inf,0.0
тнф,тнф,3,7,0,0.0,0.0,inf,0.0
трепстар,трепстар,3,6,0,0.0,0.0,inf,0.0
человек,человек,5,9,0,0.0,0.0,inf,0.0
бензопила,бензоп,2,4,0,0.0,0.0,inf,0.0
харди,хард,12,17,0,0.0,0.0,inf,0.0
эко,эк,1,1,0,0.0,0.0,inf,0.0
японском,японск,13,37,0,0.0,0.0,inf,0.0
зипкк,зипкк,1,2,0,0.0,0.0,inf,0.0
зипкп,зипкп,1,2,0,0.0,0.0,inf,0.0
зиппер,зиппер,2,14,0,0.0,0.0,inf,0.0
зиппо,зипп,1,2,0,0.0,0.0,inf,0.0
зипхуди,зипхуд,3,45,0,0.0,0.0,inf,0.0
зла,зла,2,2,0,0.0,0.0,inf,0.0
мавка,мавк,6,12,0,0.0,0.0,inf,0.0
змпка,змпка,1,1,0,0.0,0.0,inf,0.0
знай,зна,2,5,0,0.0,0.0,inf,0.0
знаменитости,знаменит,1,1,0,0.0,0.0,inf,0.0
знаменосец,знаменосец,2,26,0,0.0,0.0,inf,0.0
знаменосець,знаменосет^,1,1,0,0.0,0.0,inf,0.0
значок,значок,4,4,0,0.0,0.0,inf,0.0
знижки,знижк,4,6,0,0.0,0.0,inf,0.0
знов,знов,4,4,0,0.0,0.0,inf,0.0
сонце,сонц,9,25,0,0.0,0.0,inf,0.0
зійде,зійд,8,10,0,0.0,0.0,inf,0.0
зомби,зомб,3,3,0,0.0,0.0,inf,0.0
all,all,9,18,0,0.0,0.0,inf,0.0
зробити,зробит,3,66,0,0.0,0.0,inf,0.0
свій,свій,3,13,0,0.0,0.0,inf,0.0
зуді,зуді,2,30,0,0.0,0.0,inf,0.0
зыпка,зыпк,1,2,0,0.0,0.0,inf,0.0
зібка,зібка,1,14,0,0.0,0.0,inf,0.0
барбері,барбері,1,1,0,0.0,0.0,inf,0.0
діор,діор,2,3,0,0.0,0.0,inf,0.0
еліс,еліс,1,1,0,0.0,0.0,inf,0.0
блискітками,блискітк,3,4,0,0.0,0.0,inf,0.0
cats,cats,3,7,0,0.0,0.0,inf,0.0
сіре,сіре,9,16,0,0.0,0.0,inf,0.0
фліс,фліс,7,9,0,0.0,0.0,inf,0.0
шафа,шаф,4,13,0,0.0,0.0,inf,0.0
beautiful,beautiful,3,7,0,0.0,0.0,inf,0.0
підлітка,підлітка,22,50,0,0.0,0.0,inf,0.0
кархарт,кархарт,13,26,0,0.0,0.0,inf,0.0
павук,павук,6,18,0,0.0,0.0,inf,0.0
людина,людин,4,6,0,0.0,0.0,inf,0.0
are,are,5,10,0,0.0,0.0,inf,0.0
пітбуль,пітбул,3,23,0,0.0,0.0,inf,0.0
стусі,стусі,6,13,0,0.0,0.0,inf,0.0
acdc,acdc,1,1,0,0.0,0.0,inf,0.0
ace,ace,6,11,0,0.0,0.0,inf,0.0
зіпкі,зіпкі,1,1,0,0.0,0.0,inf,0.0
зіпо,зіпо,1,2,0,0.0,0.0,inf,0.0
зіппер,зіппер,1,4,0,0.0,0.0,inf,0.0
зіпхуді,зіпхуді,1,56,0,0.0,0.0,inf,0.0
воевал,воева,7,13,0,0.0,0.0,inf,0.0
ибис,ибис,1,2,0,0.0,0.0,inf,0.0
иван,ива,3,3,0,0.0,0.0,inf,0.0
дорн,дорн,1,1,0,0.0,0.0,inf,0.0
идеи,ид,8,22,0,0.0,0.0,inf,0.0
попросить,попрос,1,1,0,0.0,0.0,inf,0.0
нации,нац,2,2,0,0.0,0.0,inf,0.0
идея,иде,3,3,0,0.0,0.0,inf,0.0
киев,ки,75,201,0,0.0,0.0,inf,0.0
нахуй,нах,1,1,0,0.0,0.0,inf,0.0
избушка,избушк,1,1,0,0.0,0.0,inf,0.0
изготовление,изготовлен,3,45,0,0.0,0.0,inf,0.0
инспирадора,инспирадор,1,3,0,0.0,0.0,inf,0.0
инстаграм,инстагр,4,19,0,0.0,0.0,inf,0.0
миллениум,миллениум,1,1,0,0.0,0.0,inf,0.0
морковочка,морковочк,1,2,0,0.0,0.0,inf,0.0
кривой,крив,9,31,0,0.0,0.0,inf,0.0
рог,рог,10,19,0,0.0,0.0,inf,0.0
интертоп,интертоп,1,1,0,0.0,0.0,inf,0.0
интерьер,интерьер,1,1,0,0.0,0.0,inf,0.0
исламские,исламск,1,1,0,0.0,0.0,inf,0.0
исланд,исланд,3,17,0,0.0,0.0,inf,0.0
итальянские,итальянск,1,2,0,0.0,0.0,inf,0.0
иілітарист,иілітарист,1,2,0,0.0,0.0,inf,0.0
йога,йог,5,8,0,0.0,0.0,inf,0.0
йоджи,йодж,1,1,0,0.0,0.0,inf,0.0
ямамото,ямамот,1,1,0,0.0,0.0,inf,0.0
йомайо,йомай,2,3,0,0.0,0.0,inf,0.0
йори,йор,1,1,0,0.0,0.0,inf,0.0
кабанчи,кабанч,2,4,0,0.0,0.0,inf,0.0
кабанчик,кабанчик,3,5,0,0.0,0.0,inf,0.0
achilles,achilles,2,2,0,0.0,0.0,inf,0.0
кавемпт,кавемпт,2,6,0,0.0,0.0,inf,0.0
кавказ,кавказ,1,1,0,0.0,0.0,inf,0.0
кагрол,кагрол,1,1,0,0.0,0.0,inf,0.0
выбрать,выбра,1,1,0,0.0,0.0,inf,0.0
выглядит,выгляд,1,1,0,0.0,0.0,inf,0.0
закрепить,закреп,1,1,0,0.0,0.0,inf,0.0
палке,палк,3,6,0,0.0,0.0,inf,0.0
bath,bath,3,3,0,0.0,0.0,inf,0.0
крепить,креп,2,2,0,0.0,0.0,inf,0.0
называется,называ,4,7,0,0.0,0.0,inf,0.0
ткань,ткан,5,17,0,0.0,0.0,inf,0.0
плотная,плотн,9,15,0,0.0,0.0,inf,0.0
одеваться,одева,1,1,0,0.0,0.0,inf,0.0
мальчику,мальчик,22,40,0,0.0,0.0,inf,0.0
acid,acid,4,7,0,0.0,0.0,inf,0.0
повесить,повес,4,7,0,0.0,0.0,inf,0.0
чтобы,чтоб,1,1,0,0.0,0.0,inf,0.0
закручивался,закручива,1,1,0,0.0,0.0,inf,0.0
прикрепить,прикреп,2,4,0,0.0,0.0,inf,0.0
сделать,сдела,9,77,0,0.0,0.0,inf,0.0
acidwear,acidwear,1,1,0,0.0,0.0,inf,0.0
узнать,узна,1,1,0,0.0,0.0,inf,0.0
какакула,какакул,1,2,0,0.0,0.0,inf,0.0
бывают,быва,1,1,0,0.0,0.0,inf,0.0
кактус,кактус,3,3,0,0.0,0.0,inf,0.0
джек,джек,7,7,0,0.0,0.0,inf,0.0
каменское,каменск,1,13,0,0.0,0.0,inf,0.0
камотек,камотек,1,1,0,0.0,0.0,inf,0.0
камуфляжна,камуфляжн,1,1,0,0.0,0.0,inf,0.0
acke,acke,1,2,0,0.0,0.0,inf,0.0
корпс,корпс,2,2,0,0.0,0.0,inf,0.0
каннибал,канниба,1,1,0,0.0,0.0,inf,0.0
капель,капел,1,1,0,0.0,0.0,inf,0.0
капишонка,капишонк,1,1,0,0.0,0.0,inf,0.0
капкан,капка,4,8,0,0.0,0.0,inf,0.0
капри,капр,1,1,0,0.0,0.0,inf,0.0
капрі,капрі,1,3,0,0.0,0.0,inf,0.0
капсула,капсул,1,1,0,0.0,0.0,inf,0.0
кара,кар,1,1,0,0.0,0.0,inf,0.0
карабин,карабин,1,2,0,0.0,0.0,inf,0.0
каразин,каразин,1,2,0,0.0,0.0,inf,0.0
каракурт,каракурт,1,2,0,0.0,0.0,inf,0.0
кардиган,кардига,1,1,0,0.0,0.0,inf,0.0
карна,карн,4,72,0,0.0,0.0,inf,0.0
карпатська,карпатськ,1,6,0,0.0,0.0,inf,0.0
січ,січ,1,6,0,0.0,0.0,inf,0.0
карпе,карп,1,2,0,0.0,0.0,inf,0.0
дием,ди,1,2,0,0.0,0.0,inf,0.0
картате,картат,1,1,0,0.0,0.0,inf,0.0
сорочки,сорочк,5,5,0,0.0,0.0,inf,0.0
картаті,картаті,1,1,0,0.0,0.0,inf,0.0
картель,картел,2,9,0,0.0,0.0,inf,0.0
державотворення,державотворен,1,1,0,0.0,0.0,inf,0.0
номерам,номер,2,2,0,0.0,0.0,inf,0.0
степан,степа,3,6,0,0.0,0.0,inf,0.0
ackerman,ackerman,1,1,0,0.0,0.0,inf,0.0
картопелька,картопельк,2,3,0,0.0,0.0,inf,0.0
каска,каск,1,1,0,0.0,0.0,inf,0.0
каспи,касп,1,2,0,0.0,0.0,inf,0.0
studios,studios,8,11,0,0.0,0.0,inf,0.0
каст,каст,16,42,0,0.0,0.0,inf,0.0
кастомная,кастомн,12,40,0,0.0,0.0,inf,0.0
кастомні,кастомні,2,6,0,0.0,0.0,inf,0.0
кастомізація,кастомізаці,1,1,0,0.0,0.0,inf,0.0
катарсис,катарсис,1,7,0,0.0,0.0,inf,0.0
добрякова,добряков,1,1,0,0.0,0.0,inf,0.0
катя,кат,5,8,0,0.0,0.0,inf,0.0
кафта,кафт,1,1,0,0.0,0.0,inf,0.0
качественное,качествен,6,7,0,0.0,0.0,inf,0.0
качок,качок,1,1,0,0.0,0.0,inf,0.0
бородой,бород,6,15,0,0.0,0.0,inf,0.0
кашалот,кашалот,1,1,0,0.0,0.0,inf,0.0
квик,квик,1,1,0,0.0,0.0,inf,0.0
сильвер,сильвер,1,1,0,0.0,0.0,inf,0.0
квиксильвер,квиксильвер,1,2,0,0.0,0.0,inf,0.0
кедуал,кедуа,1,1,0,0.0,0.0,inf,0.0
чоловіків,чоловіків,29,118,0,0.0,0.0,inf,0.0
тренд,тренд,3,11,0,0.0,0.0,inf,0.0
кежуалс,кежуалс,1,1,0,0.0,0.0,inf,0.0
кейт,кейт,1,1,0,0.0,0.0,inf,0.0
кельвин,кельвин,3,4,0,0.0,0.0,inf,0.0
кельтский,кельтск,2,2,0,0.0,0.0,inf,0.0
кенгуруха,кенгурух,1,2,0,0.0,0.0,inf,0.0
кенгурушка,кенгурушк,3,6,0,0.0,0.0,inf,0.0
дженнер,дженнер,1,1,0,0.0,0.0,inf,0.0
кендалл,кендалл,1,1,0,0.0,0.0,inf,0.0
acne,acne,4,6,0,0.0,0.0,inf,0.0
киберпанк,киберпанк,2,11,0,0.0,0.0,inf,0.0
acoola,acoola,1,1,0,0.0,0.0,inf,0.0
киевский,киевск,5,43,0,0.0,0.0,inf,0.0
синдикат,синдикат,14,162,0,0.0,0.0,inf,0.0
кизару,кизар,5,8,0,0.0,0.0,inf,0.0
патчів,патчів,1,5,0,0.0,0.0,inf,0.0
килимок,килимок,1,5,0,0.0,0.0,inf,0.0
киллстар,киллстар,1,2,0,0.0,0.0,inf,0.0
кип,кип,1,1,0,0.0,0.0,inf,0.0
кипстайл,кипстайл,1,1,0,0.0,0.0,inf,0.0
кислотное,кислотн,1,1,0,0.0,0.0,inf,0.0
кишлак,кишлак,2,4,0,0.0,0.0,inf,0.0
киівський,киівськ,3,19,0,0.0,0.0,inf,0.0
цифровий,цифров,1,2,0,0.0,0.0,inf,0.0
acronym,acronym,1,4,0,0.0,0.0,inf,0.0
класичний,класичн,2,5,0,0.0,0.0,inf,0.0
класні,класні,1,2,0,0.0,0.0,inf,0.0
классные,классн,4,12,0,0.0,0.0,inf,0.0
клеш,клеш,10,12,0,0.0,0.0,inf,0.0
клост,клост,1,1,0,0.0,0.0,inf,0.0
клумба,клумб,1,2,0,0.0,0.0,inf,0.0
кльош,кльош,6,33,0,0.0,0.0,inf,0.0
клямра,клямр,1,4,0,0.0,0.0,inf,0.0
націоналістів,націоналістів,4,16,0,0.0,0.0,inf,0.0
клятва,клятв,2,3,0,0.0,0.0,inf,0.0
книга,книг,1,1,0,0.0,0.0,inf,0.0
кобзарт,кобзарт,1,1,0,0.0,0.0,inf,0.0
ковта,ковт,2,3,0,0.0,0.0,inf,0.0
кожаные,кожан,2,6,0,0.0,0.0,inf,0.0
кожен,кож,3,14,0,0.0,0.0,inf,0.0
кладовищі,кладовищі,3,33,0,0.0,0.0,inf,0.0
across,across,1,2,0,0.0,0.0,inf,0.0
козацькі,козацькі,1,4,0,0.0,0.0,inf,0.0
колаб,колаб,1,3,0,0.0,0.0,inf,0.0
колаборації,колаборації,1,1,0,0.0,0.0,inf,0.0
колекцій,колекці,3,4,0,0.0,0.0,inf,0.0
колекції,колекції,1,6,0,0.0,0.0,inf,0.0
коллекция,коллекц,1,1,0,0.0,0.0,inf,0.0
командірка,командірк,1,1,0,0.0,0.0,inf,0.0
комбідрук,комбідрук,1,1,0,0.0,0.0,inf,0.0
тим,тим,3,3,0,0.0,0.0,inf,0.0
групп,групп,20,82,0,0.0,0.0,inf,0.0
компанигруп,компанигруп,1,7,0,0.0,0.0,inf,0.0
инари,инар,1,3,0,0.0,0.0,inf,0.0
тім,тім,2,7,0,0.0,0.0,inf,0.0
комплект,комплект,6,14,0,0.0,0.0,inf,0.0
net,net,6,25,0,0.0,0.0,inf,0.0
конопляная,коноплян,1,1,0,0.0,0.0,inf,0.0
конструктор,конструктор,1,1,0,0.0,0.0,inf,0.0
концепт,концепт,1,1,0,0.0,0.0,inf,0.0
конь,кон,2,2,0,0.0,0.0,inf,0.0
боджек,боджек,1,1,0,0.0,0.0,inf,0.0
кор,кор,4,8,0,0.0,0.0,inf,0.0
act,act,3,5,0,0.0,0.0,inf,0.0
корейские,корейск,2,4,0,0.0,0.0,inf,0.0
коричнева,коричнев,6,12,0,0.0,0.0,inf,0.0
коричневі,коричневі,1,1,0,0.0,0.0,inf,0.0
official,official,7,15,0,0.0,0.0,inf,0.0
корогвп,корогвп,1,40,0,0.0,0.0,inf,0.0
корона,корон,1,1,0,0.0,0.0,inf,0.0
act1,act1,1,4,0,0.0,0.0,inf,0.0
корпоративний,корпоративн,2,2,0,0.0,0.0,inf,0.0
корпоративні,корпоративні,1,3,0,0.0,0.0,inf,0.0
металла,металл,5,10,0,0.0,0.0,inf,0.0
коррозия,корроз,1,3,0,0.0,0.0,inf,0.0
кортис,кортис,2,7,0,0.0,0.0,inf,0.0
hominem,hominem,1,1,0,0.0,0.0,inf,0.0
корчам,корч,1,1,0,0.0,0.0,inf,0.0
adamskaya,adamskaya,2,4,0,0.0,0.0,inf,0.0
adanola,adanola,2,3,0,0.0,0.0,inf,0.0
serianno,serianno,1,1,0,0.0,0.0,inf,0.0
youth,youth,1,2,0,0.0,0.0,inf,0.0
айтишника,айтишник,3,6,0,0.0,0.0,inf,0.0
варка,варк,1,1,0,0.0,0.0,inf,0.0
дощовик,дощовик,1,1,0,0.0,0.0,inf,0.0
літній,літній,6,6,0,0.0,0.0,inf,0.0
addict,addict,2,2,0,0.0,0.0,inf,0.0
трехнитка,трехнитк,7,17,0,0.0,0.0,inf,0.0
тринитка,тринитк,5,7,0,0.0,0.0,inf,0.0
трьохнитка,трьохнитк,8,20,0,0.0,0.0,inf,0.0
котолик,котолик,2,2,0,0.0,0.0,inf,0.0
котон,котон,3,9,0,0.0,0.0,inf,0.0
котонова,котонов,3,5,0,0.0,0.0,inf,0.0
котонові,котонові,6,9,0,0.0,0.0,inf,0.0
котофляж,котофляж,1,1,0,0.0,0.0,inf,0.0
коттон,коттон,2,2,0,0.0,0.0,inf,0.0
boxing,boxing,4,10,0,0.0,0.0,inf,0.0
gep,gep,1,1,0,0.0,0.0,inf,0.0
hellboy,hellboy,1,1,0,0.0,0.0,inf,0.0
england,england,1,1,0,0.0,0.0,inf,0.0
marlboro,marlboro,1,1,0,0.0,0.0,inf,0.0
minus,minus,1,1,0,0.0,0.0,inf,0.0
obrez,obrez,1,4,0,0.0,0.0,inf,0.0
sprayground,sprayground,2,2,0,0.0,0.0,inf,0.0
титанов,титан,1,1,0,0.0,0.0,inf,0.0
атб,атб,2,5,0,0.0,0.0,inf,0.0
рукавів,рукавів,1,1,0,0.0,0.0,inf,0.0
бойцовский,бойцовск,1,3,0,0.0,0.0,inf,0.0
стилі,стилі,7,25,0,0.0,0.0,inf,0.0
японському,японськ,2,4,0,0.0,0.0,inf,0.0
вальхалла,вальхалл,1,1,0,0.0,0.0,inf,0.0
ведьмак,ведьмак,2,4,0,0.0,0.0,inf,0.0
венум,венум,1,1,0,0.0,0.0,inf,0.0
быть,быт,1,2,0,0.0,0.0,inf,0.0
время,врем,1,2,0,0.0,0.0,inf,0.0
сильным,сильн,1,2,0,0.0,0.0,inf,0.0
гло,гло,1,2,0,0.0,0.0,inf,0.0
adidas,adidas,50,78,0,0.0,0.0,inf,0.0
дениелс,дениелс,3,3,0,0.0,0.0,inf,0.0
джинко,джинк,1,2,0,0.0,0.0,inf,0.0
дизайнер,дизайнер,2,4,0,0.0,0.0,inf,0.0
зала,зал,45,209,0,0.0,0.0,inf,0.0
мотоцикла,мотоцикл,8,28,0,0.0,0.0,inf,0.0
мотоциклиста,мотоциклист,5,14,0,0.0,0.0,inf,0.0
adibreak,adibreak,1,1,0,0.0,0.0,inf,0.0
чоловіка,чоловік,9,12,0,0.0,0.0,inf,0.0
дракон,дракон,19,82,0,0.0,0.0,inf,0.0
блискавкою,блискавк,2,75,0,0.0,0.0,inf,0.0
котом,кот,7,8,0,0.0,0.0,inf,0.0
крилами,крил,8,15,0,0.0,0.0,inf,0.0
малюнком,малюнк,6,30,0,0.0,0.0,inf,0.0
маскою,маск,6,9,0,0.0,0.0,inf,0.0
машиною,машин,14,49,0,0.0,0.0,inf,0.0
начосом,начос,2,4,0,0.0,0.0,inf,0.0
прінтом,прінтом,4,6,0,0.0,0.0,inf,0.0
хрестами,хрест,6,15,0,0.0,0.0,inf,0.0
ивису,ивис,1,3,0,0.0,0.0,inf,0.0
емпт,емпт,1,1,0,0.0,0.0,inf,0.0
кав,кав,1,1,0,0.0,0.0,inf,0.0
кампус,кампус,1,1,0,0.0,0.0,inf,0.0
кап,кап,5,5,0,0.0,0.0,inf,0.0
капсайз,капсайз,3,4,0,0.0,0.0,inf,0.0
кеп,кеп,1,2,0,0.0,0.0,inf,0.0
коловрат,коловрат,4,8,0,0.0,0.0,inf,0.0
космос,космос,5,25,0,0.0,0.0,inf,0.0
красная,красн,30,112,0,0.0,0.0,inf,0.0
крбк,крбк,10,82,0,0.0,0.0,inf,0.0
культура,культур,22,143,0,0.0,0.0,inf,0.0
adicolor,adicolor,1,1,0,0.0,0.0,inf,0.0
анджелес,анджелес,3,4,0,0.0,0.0,inf,0.0
лос,лос,3,4,0,0.0,0.0,inf,0.0
літня,літня,4,31,0,0.0,0.0,inf,0.0
neuclassics,neuclassics,1,1,0,0.0,0.0,inf,0.0
макс,макс,8,18,0,0.0,0.0,inf,0.0
корж,корж,7,15,0,0.0,0.0,inf,0.0
скам,скам,12,20,0,0.0,0.0,inf,0.0
мастер,мастер,5,9,0,0.0,0.0,inf,0.0
tapered,tapered,4,4,0,0.0,0.0,inf,0.0
мизантропик,мизантропик,3,10,0,0.0,0.0,inf,0.0
мма,мма,8,15,0,0.0,0.0,inf,0.0
молодость,молод,5,22,0,0.0,0.0,inf,0.0
stripes,stripes,1,1,0,0.0,0.0,inf,0.0
leg,leg,39,60,0,0.0,0.0,inf,0.0
мотоциклетная,мотоциклетн,1,1,0,0.0,0.0,inf,0.0
тай,та,9,27,0,0.0,0.0,inf,0.0
муай,муа,5,20,0,0.0,0.0,inf,0.0
али,ал,5,5,0,0.0,0.0,inf,0.0
мухаммед,мухаммед,2,2,0,0.0,0.0,inf,0.0
верх,верх,3,3,0,0.0,0.0,inf,0.0
замочку,замочк,1,2,0,0.0,0.0,inf,0.0
застежке,застежк,4,13,0,0.0,0.0,inf,0.0
застібці,застібці,3,36,0,0.0,0.0,inf,0.0
firebird,firebird,1,3,0,0.0,0.0,inf,0.0
змійці,змійці,3,14,0,0.0,0.0,inf,0.0
молнії,молнії,3,9,0,0.0,0.0,inf,0.0
одне,одн,1,1,0,0.0,0.0,inf,0.0
плече,плеч,1,1,0,0.0,0.0,inf,0.0
осінь,осін,15,55,0,0.0,0.0,inf,0.0
наві,наві,3,3,0,0.0,0.0,inf,0.0
теч,теч,7,7,0,0.0,0.0,inf,0.0
наса,нас,3,3,0,0.0,0.0,inf,0.0
ниндзя,ниндз,3,3,0,0.0,0.0,inf,0.0
нирвана,нирва,4,13,0,0.0,0.0,inf,0.0
icons,icons,2,2,0,0.0,0.0,inf,0.0
future,future,1,1,0,0.0,0.0,inf,0.0
нурминский,нурминск,1,3,0,0.0,0.0,inf,0.0
беленс,беленс,1,1,0,0.0,0.0,inf,0.0
lux,lux,1,1,0,0.0,0.0,inf,0.0
нірвана,нірван,2,15,0,0.0,0.0,inf,0.0
обнал,обна,2,8,0,0.0,0.0,inf,0.0
оу74,оу74,2,5,0,0.0,0.0,inf,0.0
офф,офф,8,14,0,0.0,0.0,inf,0.0
ангелс,ангелс,2,2,0,0.0,0.0,inf,0.0
палм,палм,3,3,0,0.0,0.0,inf,0.0
straight,straight,30,74,0,0.0,0.0,inf,0.0
пантера,пантер,2,2,0,0.0,0.0,inf,0.0
патагония,патагон,5,10,0,0.0,0.0,inf,0.0
пелес,пелес,1,1,0,0.0,0.0,inf,0.0
германия,герман,2,5,0,0.0,0.0,inf,0.0
питерский,питерск,4,8,0,0.0,0.0,inf,0.0
роса,рос,3,10,0,0.0,0.0,inf,0.0
планта,плант,3,10,0,0.0,0.0,inf,0.0
молли,молл,11,37,0,0.0,0.0,inf,0.0
пошлая,пошл,12,38,0,0.0,0.0,inf,0.0
пурген,пург,1,7,0,0.0,0.0,inf,0.0
підліткова,підлітков,8,25,0,0.0,0.0,inf,0.0
піт,піт,1,1,0,0.0,0.0,inf,0.0
раст,раст,5,9,0,0.0,0.0,inf,0.0
реал,реа,2,10,0,0.0,0.0,inf,0.0
рево,рев,2,2,0,0.0,0.0,inf,0.0
морти,морт,5,9,0,0.0,0.0,inf,0.0
рик,рик,8,48,0,0.0,0.0,inf,0.0
овенс,овенс,2,2,0,0.0,0.0,inf,0.0
soft,soft,1,1,0,0.0,0.0,inf,0.0
wars,wars,3,15,0,0.0,0.0,inf,0.0
русофоб,русофоб,1,7,0,0.0,0.0,inf,0.0
рыночные,рыночн,1,7,0,0.0,0.0,inf,0.0
отношения,отношен,1,7,0,0.0,0.0,inf,0.0
рэп,рэп,2,2,0,0.0,0.0,inf,0.0
автоматом,автомат,4,32,0,0.0,0.0,inf,0.0
гриффитом,гриффит,1,2,0,0.0,0.0,inf,0.0
рукавом,рукав,24,46,0,0.0,0.0,inf,0.0
иероглифами,иероглиф,5,8,0,0.0,0.0,inf,0.0
ковром,ковр,9,31,0,0.0,0.0,inf,0.0
куполами,купол,2,5,0,0.0,0.0,inf,0.0
медведем,медвед,2,3,0,0.0,0.0,inf,0.0
star,star,10,37,0,0.0,0.0,inf,0.0
очками,очк,1,2,0,0.0,0.0,inf,0.0
олимпийка,олимпийк,7,12,0,0.0,0.0,inf,0.0
пушином,пушин,1,1,0,0.0,0.0,inf,0.0
рожками,рожк,2,4,0,0.0,0.0,inf,0.0
топорами,топор,2,5,0,0.0,0.0,inf,0.0
зайца,зайц,1,1,0,0.0,0.0,inf,0.0
саботаж,саботаж,5,19,0,0.0,0.0,inf,0.0
саймона,саймон,1,1,0,0.0,0.0,inf,0.0
круз,круз,2,6,0,0.0,0.0,inf,0.0
санта,сант,2,6,0,0.0,0.0,inf,0.0
сбу,сбу,12,68,0,0.0,0.0,inf,0.0
сва,сва,7,66,0,0.0,0.0,inf,0.0
свага,сваг,2,2,0,0.0,0.0,inf,0.0
вечеря,вечер,12,49,0,0.0,0.0,inf,0.0
свята,свят,10,30,0,0.0,0.0,inf,0.0
слипкнот,слипкнот,3,9,0,0.0,0.0,inf,0.0
винден,винд,2,2,0,0.0,0.0,inf,0.0
сонер,сонер,3,3,0,0.0,0.0,inf,0.0
спайдер,спайдер,2,2,0,0.0,0.0,inf,0.0
спрейграунд,спрейграунд,1,1,0,0.0,0.0,inf,0.0
стант,стант,1,2,0,0.0,0.0,inf,0.0
нет,нет,6,20,0,0.0,0.0,inf,0.0
страха,страх,2,5,0,0.0,0.0,inf,0.0
таємна,таємн,7,35,0,0.0,0.0,inf,0.0
тонкая,тонк,11,16,0,0.0,0.0,inf,0.0
трешкр,трешкр,1,1,0,0.0,0.0,inf,0.0
религион,религион,1,1,0,0.0,0.0,inf,0.0
hooded,hooded,1,1,0,0.0,0.0,inf,0.0
teamgeist,teamgeist,1,1,0,0.0,0.0,inf,0.0
zne,zne,1,1,0,0.0,0.0,inf,0.0
всех,всех,5,16,0,0.0,0.0,inf,0.0
гасите,гас,5,16,0,0.0,0.0,inf,0.0
уходя,уход,5,16,0,0.0,0.0,inf,0.0
фантом,фант,4,23,0,0.0,0.0,inf,0.0
фараона,фараон,6,19,0,0.0,0.0,inf,0.0
фзм,фзм,1,2,0,0.0,0.0,inf,0.0
фред,фред,5,7,0,0.0,0.0,inf,0.0
перри,перр,5,7,0,0.0,0.0,inf,0.0
хамер,хамер,4,7,0,0.0,0.0,inf,0.0
харадзюку,харадзюк,3,3,0,0.0,0.0,inf,0.0
хардкор,хардкор,10,53,0,0.0,0.0,inf,0.0
ххл,ххл,4,5,0,0.0,0.0,inf,0.0
чарльз,чарльз,1,1,0,0.0,0.0,inf,0.0
оливейра,оливейр,1,1,0,0.0,0.0,inf,0.0
lifter,lifter,1,3,0,0.0,0.0,inf,0.0
дешево,дешев,3,7,0,0.0,0.0,inf,0.0
шахтар,шахтар,2,4,0,0.0,0.0,inf,0.0
змінює,змінює,5,14,0,0.0,0.0,inf,0.0
колір,колір,6,16,0,0.0,0.0,inf,0.0
adolf,adolf,1,3,0,0.0,0.0,inf,0.0
aelfric,aelfric,1,1,0,0.0,0.0,inf,0.0
флісові,флісові,14,49,0,0.0,0.0,inf,0.0
eden,eden,1,1,0,0.0,0.0,inf,0.0
кофтм,кофтм,1,1,0,0.0,0.0,inf,0.0
кофтс,кофтс,1,1,0,0.0,0.0,inf,0.0
хлопка,хлопк,4,8,0,0.0,0.0,inf,0.0
молодежные,молодежн,19,33,0,0.0,0.0,inf,0.0
необычные,необычн,5,18,0,0.0,0.0,inf,0.0
норт,норт,4,4,0,0.0,0.0,inf,0.0
унисекс,унисекс,7,21,0,0.0,0.0,inf,0.0
graffiti,graffiti,2,4,0,0.0,0.0,inf,0.0
кохати,кохат,4,9,0,0.0,0.0,inf,0.0
коіта,коіт,1,14,0,0.0,0.0,inf,0.0
кпі,кпі,1,1,0,0.0,0.0,inf,0.0
jkrb,jkrb,1,1,0,0.0,0.0,inf,0.0
aen,aen,2,6,0,0.0,0.0,inf,0.0
краматан,крамата,4,114,0,0.0,0.0,inf,0.0
красивая,красив,12,84,0,0.0,0.0,inf,0.0
стран,стран,3,12,0,0.0,0.0,inf,0.0
красиві,красиві,1,1,0,0.0,0.0,inf,0.0
флажки,флажк,4,9,0,0.0,0.0,inf,0.0
крафт,крафт,3,3,0,0.0,0.0,inf,0.0
крафтовые,крафтов,1,4,0,0.0,0.0,inf,0.0
креатив,креат,1,23,0,0.0,0.0,inf,0.0
депо,деп,2,24,0,0.0,0.0,inf,0.0
крепеж,крепеж,1,2,0,0.0,0.0,inf,0.0
jkrf,jkrf,1,5,0,0.0,0.0,inf,0.0
криворіжжя,криворіжж,3,28,0,0.0,0.0,inf,0.0
треба,треб,2,3,0,0.0,0.0,inf,0.0
грунту,грунт,2,3,0,0.0,0.0,inf,0.0
крилатим,крилат,2,3,0,0.0,0.0,inf,0.0
криплення,криплен,1,1,0,0.0,0.0,inf,0.0
aesthetic,aesthetic,2,2,0,0.0,0.0,inf,0.0
affliction,affliction,18,89,0,0.0,0.0,inf,0.0
криївка,криївк,2,16,0,0.0,0.0,inf,0.0
кровосток,кровосток,7,16,0,0.0,0.0,inf,0.0
кронштейн,кронштейн,1,5,0,0.0,0.0,inf,0.0
кропнутые,кропнут,3,4,0,0.0,0.0,inf,0.0
кропп,кропп,6,19,0,0.0,0.0,inf,0.0
под,под,9,65,0,0.0,0.0,inf,0.0
кроссовки,кроссовк,1,1,0,0.0,0.0,inf,0.0
кротевич,кротевич,1,3,0,0.0,0.0,inf,0.0
крутяков,крутяк,1,1,0,0.0,0.0,inf,0.0
круті,круті,2,10,0,0.0,0.0,inf,0.0
ктулху,ктулх,2,17,0,0.0,0.0,inf,0.0
кулмакс,кулмакс,1,8,0,0.0,0.0,inf,0.0
култоні,култоні,1,5,0,0.0,0.0,inf,0.0
культоні,культоні,1,6,0,0.0,0.0,inf,0.0
кумедні,кумедні,2,4,0,0.0,0.0,inf,0.0
піксель,піксел,2,5,0,0.0,0.0,inf,0.0
купаж,купаж,1,13,0,0.0,0.0,inf,0.0
купидон,купидон,1,1,0,0.0,0.0,inf,0.0
хлопця,хлопт^,7,25,0,0.0,0.0,inf,0.0
courage,courage,1,1,0,0.0,0.0,inf,0.0
harold,harold,1,1,0,0.0,0.0,inf,0.0
ляні,ляні,3,5,0,0.0,0.0,inf,0.0
едісона,едісон,3,4,0,0.0,0.0,inf,0.0
нашивки,нашивк,5,14,0,0.0,0.0,inf,0.0
олімпійку,олімпійк,6,24,0,0.0,0.0,inf,0.0
патріотичну,патріотичн,33,158,0,0.0,0.0,inf,0.0
портрет,портрет,4,35,0,0.0,0.0,inf,0.0
seeker,seeker,1,6,0,0.0,0.0,inf,0.0
омбр,омбр,16,41,0,0.0,0.0,inf,0.0
азова,азов,12,206,0,0.0,0.0,inf,0.0
америки,америк,3,3,0,0.0,0.0,inf,0.0
вдв,вдв,9,37,0,0.0,0.0,inf,0.0
надії,надії,4,104,0,0.0,0.0,inf,0.0
нгу,нгу,8,31,0,0.0,0.0,inf,0.0
сектору,сектор,14,36,0,0.0,0.0,inf,0.0
правого,прав,22,56,0,0.0,0.0,inf,0.0
xxxl,xxxl,2,2,0,0.0,0.0,inf,0.0
луцьк,луцьк,6,22,0,0.0,0.0,inf,0.0
країн,країн,8,15,0,0.0,0.0,inf,0.0
пусер,пусер,3,10,0,0.0,0.0,inf,0.0
светр,светр,13,27,0,0.0,0.0,inf,0.0
світер,світер,3,5,0,0.0,0.0,inf,0.0
теніску,теніск,1,1,0,0.0,0.0,inf,0.0
cloth,cloth,5,15,0,0.0,0.0,inf,0.0
again,again,8,10,0,0.0,0.0,inf,0.0
agenda,agenda,1,1,0,0.0,0.0,inf,0.0
provocateur,provocateur,1,1,0,0.0,0.0,inf,0.0
метра,метр,2,3,0,0.0,0.0,inf,0.0
нержавійки,нержавійк,1,1,0,0.0,0.0,inf,0.0
так,так,35,189,0,0.0,0.0,inf,0.0
металіка,металік,3,14,0,0.0,0.0,inf,0.0
agent,agent,1,1,0,0.0,0.0,inf,0.0
пошта,пошт,3,3,0,0.0,0.0,inf,0.0
нова,нов,11,11,0,0.0,0.0,inf,0.0
ahyeno,ahyeno,1,1,0,0.0,0.0,inf,0.0
дівчини,дівчин,5,13,0,0.0,0.0,inf,0.0
киеве,киев,4,4,0,0.0,0.0,inf,0.0
школу,школ,8,17,0,0.0,0.0,inf,0.0
білу,білу,1,1,0,0.0,0.0,inf,0.0
классика,классик,3,5,0,0.0,0.0,inf,0.0
синтепоне,синтепон,1,1,0,0.0,0.0,inf,0.0
косуху,косух,1,1,0,0.0,0.0,inf,0.0
airborne,airborne,3,12,0,0.0,0.0,inf,0.0
легкие,легк,17,35,0,0.0,0.0,inf,0.0
airhub,airhub,2,2,0,0.0,0.0,inf,0.0
сад,сад,1,1,0,0.0,0.0,inf,0.0
слив,слив,2,4,0,0.0,0.0,inf,0.0
friendly,friendly,1,5,0,0.0,0.0,inf,0.0
мешковатые,мешковат,5,9,0,0.0,0.0,inf,0.0
качества,качеств,4,8,0,0.0,0.0,inf,0.0
хорошего,хорош,5,10,0,0.0,0.0,inf,0.0
реглан,регла,12,53,0,0.0,0.0,inf,0.0
хлопок,хлопок,22,35,0,0.0,0.0,inf,0.0
нейлоновые,нейлонов,9,23,0,0.0,0.0,inf,0.0
редан,реда,4,5,0,0.0,0.0,inf,0.0
оптом,опт,5,7,0,0.0,0.0,inf,0.0
оригинальные,оригинальн,9,34,0,0.0,0.0,inf,0.0
пайту,пайт,5,9,0,0.0,0.0,inf,0.0
пиратский,пиратск,10,111,0,0.0,0.0,inf,0.0
подростковую,подростков,7,11,0,0.0,0.0,inf,0.0
бодибилдинга,бодибилдинг,6,12,0,0.0,0.0,inf,0.0
баталы,батал,2,3,0,0.0,0.0,inf,0.0
aiza,aiza,1,6,0,0.0,0.0,inf,0.0
158,158,2,2,0,0.0,0.0,inf,0.0
152,152,1,1,0,0.0,0.0,inf,0.0
утепленные,утеплен,10,24,0,0.0,0.0,inf,0.0
пауком,паук,7,11,0,0.0,0.0,inf,0.0
трекинговые,трекингов,2,2,0,0.0,0.0,inf,0.0
aj2011,aj2011,1,1,0,0.0,0.0,inf,0.0
фирменные,фирмен,5,7,0,0.0,0.0,inf,0.0
010,010,11,18,0,0.0,0.0,inf,0.0
харькове,харьков,8,25,0,0.0,0.0,inf,0.0
разведки,разведк,7,26,0,0.0,0.0,inf,0.0
akieron,akieron,1,2,0,0.0,0.0,inf,0.0
морской,морск,7,9,0,0.0,0.0,inf,0.0
пехоты,пехот,5,7,0,0.0,0.0,inf,0.0
умеешь,умееш,5,98,0,0.0,0.0,inf,0.0
исполняй,исполня,5,98,0,0.0,0.0,inf,0.0
сша,сша,3,6,0,0.0,0.0,inf,0.0
автомобиль,автомобил,1,1,0,0.0,0.0,inf,0.0
кладбище,кладбищ,2,2,0,0.0,0.0,inf,0.0
helloween,helloween,1,1,0,0.0,0.0,inf,0.0
levi,levi,2,2,0,0.0,0.0,inf,0.0
бундесвер,бундесвер,2,4,0,0.0,0.0,inf,0.0
валимарк,валимарк,1,1,0,0.0,0.0,inf,0.0
ветмо,ветм,1,1,0,0.0,0.0,inf,0.0
казантип,казантип,1,1,0,0.0,0.0,inf,0.0
карл,карл,3,3,0,0.0,0.0,inf,0.0
лагерфельд,лагерфельд,2,2,0,0.0,0.0,inf,0.0
король,корол,2,4,0,0.0,0.0,inf,0.0
рибок,рибок,3,4,0,0.0,0.0,inf,0.0
akimata,akimata,1,19,0,0.0,0.0,inf,0.0
akula,akula,2,7,0,0.0,0.0,inf,0.0
звездами,звезд,6,6,0,0.0,0.0,inf,0.0
воровскими,воровск,3,3,0,0.0,0.0,inf,0.0
alanterz,alanterz,3,11,0,0.0,0.0,inf,0.0
славянский,славянск,6,18,0,0.0,0.0,inf,0.0
слесарь,слесар,2,2,0,0.0,0.0,inf,0.0
тактическую,тактическ,23,113,0,0.0,0.0,inf,0.0
футбольную,футбольн,2,2,0,0.0,0.0,inf,0.0
хуго,хуг,3,3,0,0.0,0.0,inf,0.0
моргенштерн,моргенштерн,7,18,0,0.0,0.0,inf,0.0
first,first,2,4,0,0.0,0.0,inf,0.0
льна,льна,4,9,0,0.0,0.0,inf,0.0
холодок,холодок,3,5,0,0.0,0.0,inf,0.0
штані,штані,3,6,0,0.0,0.0,inf,0.0
купитьфутболку,купитьфутболк,1,1,0,0.0,0.0,inf,0.0
куплю,купл,9,19,0,0.0,0.0,inf,0.0
купольний,купольн,1,2,0,0.0,0.0,inf,0.0
агрегат,агрегат,3,9,0,0.0,0.0,inf,0.0
курган,курга,3,9,0,0.0,0.0,inf,0.0
курсед,курсед,2,4,0,0.0,0.0,inf,0.0
горшка,горшк,2,8,0,0.0,0.0,inf,0.0
пентаграммой,пентаграмм,5,26,0,0.0,0.0,inf,0.0
куфайка,куфайк,1,2,0,0.0,0.0,inf,0.0
кучму,кучм,1,2,0,0.0,0.0,inf,0.0
вирніт,вирніт,1,2,0,0.0,0.0,inf,0.0
кшще,кшще,1,2,0,0.0,0.0,inf,0.0
вшмшішщт,вшмшішщт,1,2,0,0.0,0.0,inf,0.0
кіберпанк,кіберпанк,4,14,0,0.0,0.0,inf,0.0
кілдфол,кілдфол,1,1,0,0.0,0.0,inf,0.0
кілла,кілла,1,1,0,0.0,0.0,inf,0.0
кіллстар,кіллстар,1,8,0,0.0,0.0,inf,0.0
кіллхаус,кіллхаус,1,2,0,0.0,0.0,inf,0.0
кілстар,кілстар,1,8,0,0.0,0.0,inf,0.0
кінгкрос,кінгкрос,1,1,0,0.0,0.0,inf,0.0
лава,лав,2,10,0,0.0,0.0,inf,0.0
студіо,студі,1,4,0,0.0,0.0,inf,0.0
лавкрафт,лавкрафт,3,20,0,0.0,0.0,inf,0.0
ладан,лада,1,2,0,0.0,0.0,inf,0.0
лайм,лайм,1,1,0,0.0,0.0,inf,0.0
лаконичная,лаконичн,1,1,0,0.0,0.0,inf,0.0
лакор,лакор,3,160,0,0.0,0.0,inf,0.0
лакоті,лакоті,1,6,0,0.0,0.0,inf,0.0
love,love,11,18,0,0.0,0.0,inf,0.0
ламода,ламод,1,1,0,0.0,0.0,inf,0.0
латексфауна,латексфаун,1,2,0,0.0,0.0,inf,0.0
лачен,лач,4,36,0,0.0,0.0,inf,0.0
лдпр,лдпр,1,1,0,0.0,0.0,inf,0.0
леви,лев,5,9,0,0.0,0.0,inf,0.0
джипі,джипі,2,4,0,0.0,0.0,inf,0.0
легкі,легкі,12,26,0,0.0,0.0,inf,0.0
легінси,легінс,1,1,0,0.0,0.0,inf,0.0
лексі,лексі,1,1,0,0.0,0.0,inf,0.0
статуетка,статуетк,3,9,0,0.0,0.0,inf,0.0
ціна,ціна,2,2,0,0.0,0.0,inf,0.0
леман,лема,1,2,0,0.0,0.0,inf,0.0
лен,лен,5,9,0,0.0,0.0,inf,0.0
леопардовая,леопардов,2,5,0,0.0,0.0,inf,0.0
лестер,лестер,1,1,0,0.0,0.0,inf,0.0
українка,українк,3,6,0,0.0,0.0,inf,0.0
леся,ле,2,3,0,0.0,0.0,inf,0.0
скейте,скейт,2,2,0,0.0,0.0,inf,0.0
лина,лин,1,1,0,0.0,0.0,inf,0.0
малина,малин,1,1,0,0.0,0.0,inf,0.0
лиор,лиор,1,1,0,0.0,0.0,inf,0.0
листикофф,листикофф,1,1,0,0.0,0.0,inf,0.0
лляна,ллян,1,1,0,0.0,0.0,inf,0.0
лнз,лнз,2,2,0,0.0,0.0,inf,0.0
логслів,логслів,1,4,0,0.0,0.0,inf,0.0
локмі,локмі,2,2,0,0.0,0.0,inf,0.0
лоліпоп,лоліпоп,1,2,0,0.0,0.0,inf,0.0
ломус,ломус,2,2,0,0.0,0.0,inf,0.0
слів,слів,1,1,0,0.0,0.0,inf,0.0
лонгмлів,лонгмлів,1,1,0,0.0,0.0,inf,0.0
акне,акн,1,1,0,0.0,0.0,inf,0.0
исповедь,исповед,2,4,0,0.0,0.0,inf,0.0
воротником,воротник,2,2,0,0.0,0.0,inf,0.0
лонгсливы,лонгслив,3,4,0,0.0,0.0,inf,0.0
подовженим,подовжен,4,6,0,0.0,0.0,inf,0.0
лонгсліі,лонгсліі,1,3,0,0.0,0.0,inf,0.0
лондсейл,лондсейл,1,1,0,0.0,0.0,inf,0.0
лонслів,лонслів,1,4,0,0.0,0.0,inf,0.0
лосини,лосин,3,4,0,0.0,0.0,inf,0.0
лосіни,лосін,1,1,0,0.0,0.0,inf,0.0
лотос,лотос,1,1,0,0.0,0.0,inf,0.0
луганська,луганськ,4,21,0,0.0,0.0,inf,0.0
карпова,карпов,1,1,0,0.0,0.0,inf,0.0
alchemised,alchemised,1,1,0,0.0,0.0,inf,0.0
недорогие,недорог,1,1,0,0.0,0.0,inf,0.0
львівський,львівськи,1,1,0,0.0,0.0,inf,0.0
львівські,львівські,1,1,0,0.0,0.0,inf,0.0
льонкомбінат,льонкомбінат,1,1,0,0.0,0.0,inf,0.0
льонові,льонові,1,1,0,0.0,0.0,inf,0.0
льонокомбінат,льонокомбінат,1,2,0,0.0,0.0,inf,0.0
alchevsque,alchevsque,1,9,0,0.0,0.0,inf,0.0
всього,всьог,4,15,0,0.0,0.0,inf,0.0
любов,люб,5,17,0,0.0,0.0,inf,0.0
варта,варт,4,15,0,0.0,0.0,inf,0.0
alexander,alexander,5,12,0,0.0,0.0,inf,0.0
люрекс,люрекс,2,3,0,0.0,0.0,inf,0.0
лють,лют,6,122,0,0.0,0.0,inf,0.0
ляпка,ляпк,2,2,0,0.0,0.0,inf,0.0
лістікоф,лістікоф,1,3,0,0.0,0.0,inf,0.0
лістікофф,лістікофф,1,1,0,0.0,0.0,inf,0.0
літнє,літнє,2,7,0,0.0,0.0,inf,0.0
літопис,літопис,4,42,0,0.0,0.0,inf,0.0
сірого,сірог,4,42,0,0.0,0.0,inf,0.0
ордену,орден,4,42,0,0.0,0.0,inf,0.0
тас,тас,3,4,0,0.0,0.0,inf,0.0
wang,wang,4,11,0,0.0,0.0,inf,0.0
online,online,8,12,0,0.0,0.0,inf,0.0
мавкрік,мавкрік,1,4,0,0.0,0.0,inf,0.0
need,need,2,3,0,0.0,0.0,inf,0.0
date,date,1,1,0,0.0,0.0,inf,0.0
selli,selli,1,1,0,0.0,0.0,inf,0.0
алхімік,алхімік,1,4,0,0.0,0.0,inf,0.0
варвар,варвар,1,6,0,0.0,0.0,inf,0.0
веном,вен,2,2,0,0.0,0.0,inf,0.0
готов,гот,1,1,0,0.0,0.0,inf,0.0
неформалов,неформал,3,3,0,0.0,0.0,inf,0.0
дубно,дубн,1,1,0,0.0,0.0,inf,0.0
молодіжного,молодіжн,8,28,0,0.0,0.0,inf,0.0
франковск,франковск,2,2,0,0.0,0.0,inf,0.0
полтава,полтав,4,12,0,0.0,0.0,inf,0.0
одежі,одежі,2,15,0,0.0,0.0,inf,0.0
один,один,3,4,0,0.0,0.0,inf,0.0
церква,церкв,1,7,0,0.0,0.0,inf,0.0
оригінального,оригінальн,3,4,0,0.0,0.0,inf,0.0
приколів,приколів,1,1,0,0.0,0.0,inf,0.0
alfalife,alfalife,1,1,0,0.0,0.0,inf,0.0
alice,alice,6,14,0,0.0,0.0,inf,0.0
николаев,никола,4,7,0,0.0,0.0,inf,0.0
адрес,адрес,1,1,0,0.0,0.0,inf,0.0
hollywood,hollywood,2,2,0,0.0,0.0,inf,0.0
стиляга,стиляг,2,4,0,0.0,0.0,inf,0.0
терранова,терранов,2,2,0,0.0,0.0,inf,0.0
укрзалізниці,укрзалізниці,1,1,0,0.0,0.0,inf,0.0
юкі,юкі,2,3,0,0.0,0.0,inf,0.0
боярка,боярк,1,2,0,0.0,0.0,inf,0.0
хмельницкий,хмельницк,1,2,0,0.0,0.0,inf,0.0
маджестик,маджестик,1,3,0,0.0,0.0,inf,0.0
тойота,тойот,1,1,0,0.0,0.0,inf,0.0
майкасофт,майкасофт,1,3,0,0.0,0.0,inf,0.0
фемели,фемел,3,5,0,0.0,0.0,inf,0.0
майкоф,майкоф,1,3,0,0.0,0.0,inf,0.0
сержант,сержант,4,19,0,0.0,0.0,inf,0.0
майстер,майстер,1,1,0,0.0,0.0,inf,0.0
макет,макет,1,1,0,0.0,0.0,inf,0.0
мала,мал,2,6,0,0.0,0.0,inf,0.0
токмачка,токмачк,2,6,0,0.0,0.0,inf,0.0
маленька,маленьк,4,4,0,0.0,0.0,inf,0.0
адушкина,адушкин,2,5,0,0.0,0.0,inf,0.0
малинове,малинов,1,1,0,0.0,0.0,inf,0.0
малоизвестные,малоизвестн,1,1,0,0.0,0.0,inf,0.0
малыш,малыш,2,12,0,0.0,0.0,inf,0.0
мальва,мальв,1,17,0,0.0,0.0,inf,0.0
маляр,маляр,2,2,0,0.0,0.0,inf,0.0
мама,мам,2,2,0,0.0,0.0,inf,0.0
гуска,гуск,1,1,0,0.0,0.0,inf,0.0
казала,каза,2,2,0,0.0,0.0,inf,0.0
мамина,мамин,3,6,0,0.0,0.0,inf,0.0
мамкина,мамкин,2,4,0,0.0,0.0,inf,0.0
манго,манг,1,2,0,0.0,0.0,inf,0.0
tee,tee,6,6,0,0.0,0.0,inf,0.0
chains,chains,3,11,0,0.0,0.0,inf,0.0
манекен,манек,3,3,0,0.0,0.0,inf,0.0
манескин,манескин,1,1,0,0.0,0.0,inf,0.0
мануфактур,мануфактур,1,1,0,0.0,0.0,inf,0.0
маніфест,маніфест,1,9,0,0.0,0.0,inf,0.0
характером,характер,1,9,0,0.0,0.0,inf,0.0
маримакс,маримакс,1,1,0,0.0,0.0,inf,0.0
маркетплейс,маркетплейс,3,4,0,0.0,0.0,inf,0.0
маркус,маркус,1,1,0,0.0,0.0,inf,0.0
мармур,мармур,1,2,0,0.0,0.0,inf,0.0
марселин,марселин,2,4,0,0.0,0.0,inf,0.0
марунова,марунов,2,12,0,0.0,0.0,inf,0.0
марунові,марунові,1,3,0,0.0,0.0,inf,0.0
маріуполь,маріупол,4,23,0,0.0,0.0,inf,0.0
мас,мас,1,2,0,0.0,0.0,inf,0.0
мастерка,мастерк,6,6,0,0.0,0.0,inf,0.0
мастерскам,мастерск,2,2,0,0.0,0.0,inf,0.0
маструм,маструм,2,3,0,0.0,0.0,inf,0.0
материал,материа,1,1,0,0.0,0.0,inf,0.0
сітка,сітка,9,70,0,0.0,0.0,inf,0.0
прапорна,прапорн,7,67,0,0.0,0.0,inf,0.0
матеріал,матеріа,1,7,0,0.0,0.0,inf,0.0
матико,матик,1,5,0,0.0,0.0,inf,0.0
матино,матин,2,70,0,0.0,0.0,inf,0.0
матросские,матросск,1,1,0,0.0,0.0,inf,0.0
маттино,маттин,4,85,0,0.0,0.0,inf,0.0
маттіно,маттін,1,37,0,0.0,0.0,inf,0.0
матюкаюся,матюка,4,77,0,0.0,0.0,inf,0.0
матіко,матік,1,3,0,0.0,0.0,inf,0.0
матіно,матін,5,85,0,0.0,0.0,inf,0.0
маунтин,маунтин,1,5,0,0.0,0.0,inf,0.0
мафаня,мафан,1,2,0,0.0,0.0,inf,0.0
махновський,махновськ,1,1,0,0.0,0.0,inf,0.0
махровые,махров,2,2,0,0.0,0.0,inf,0.0
ме4,ме4,3,7,0,0.0,0.0,inf,0.0
меверік,меверік,1,2,0,0.0,0.0,inf,0.0
мега,мег,2,4,0,0.0,0.0,inf,0.0
мегаспорт,мегаспорт,2,5,0,0.0,0.0,inf,0.0
прикол,прикол,7,9,0,0.0,0.0,inf,0.0
медицинский,медицинск,1,1,0,0.0,0.0,inf,0.0
медична,медичн,2,7,0,0.0,0.0,inf,0.0
медичні,медичні,3,5,0,0.0,0.0,inf,0.0
медіціне,медіцін,1,4,0,0.0,0.0,inf,0.0
мембранні,мембранні,1,1,0,0.0,0.0,inf,0.0
магазинів,магазинів,1,2,0,0.0,0.0,inf,0.0
мережі,мережі,1,2,0,0.0,0.0,inf,0.0
ferrari,ferrari,1,2,0,0.0,0.0,inf,0.0
katarsis,katarsis,1,1,0,0.0,0.0,inf,0.0
obladaet,obladaet,1,1,0,0.0,0.0,inf,0.0
weeknd,weeknd,3,3,0,0.0,0.0,inf,0.0
uicideboy,uicideboy,1,1,0,0.0,0.0,inf,0.0
айспик,айспик,1,1,0,0.0,0.0,inf,0.0
волкера,волкер,1,2,0,0.0,0.0,inf,0.0
алана,ала,1,2,0,0.0,0.0,inf,0.0
волкової,волкової,1,1,0,0.0,0.0,inf,0.0
алли,алл,1,1,0,0.0,0.0,inf,0.0
бекрумс,бекрумс,1,1,0,0.0,0.0,inf,0.0
блогеров,блогер,1,2,0,0.0,0.0,inf,0.0
вайперр,вайперр,1,1,0,0.0,0.0,inf,0.0
глитчей,глитч,1,2,0,0.0,0.0,inf,0.0
дайнасти,дайнаст,1,1,0,0.0,0.0,inf,0.0
делорензи,делоренз,1,3,0,0.0,0.0,inf,0.0
масленникова,масленников,3,4,0,0.0,0.0,inf,0.0
димы,дим,3,4,0,0.0,0.0,inf,0.0
ніч,ніч,1,1,0,0.0,0.0,inf,0.0
диявольська,диявольськ,1,1,0,0.0,0.0,inf,0.0
night,night,5,13,0,0.0,0.0,inf,0.0
стіні,стіні,2,77,0,0.0,0.0,inf,0.0
егорика,егорик,1,1,0,0.0,0.0,inf,0.0
перца,перц,1,1,0,0.0,0.0,inf,0.0
киш,киш,3,4,0,0.0,0.0,inf,0.0
краєзнавчого,краєзнавч,1,6,0,0.0,0.0,inf,0.0
музею,муз,1,6,0,0.0,0.0,inf,0.0
парк,парк,5,6,0,0.0,0.0,inf,0.0
линкин,линкин,4,5,0,0.0,0.0,inf,0.0
alle,alle,1,1,0,0.0,0.0,inf,0.0
майнкрафт,майнкрафт,3,4,0,0.0,0.0,inf,0.0
барских,барск,1,2,0,0.0,0.0,inf,0.0
мармока,мармок,1,2,0,0.0,0.0,inf,0.0
марьяны,марья,1,1,0,0.0,0.0,inf,0.0
менсон,менсон,1,2,0,0.0,0.0,inf,0.0
мерлин,мерлин,1,2,0,0.0,0.0,inf,0.0
метель,метел,1,1,0,0.0,0.0,inf,0.0
крові,крові,4,16,0,0.0,0.0,inf,0.0
однієї,однієї,3,15,0,0.0,0.0,inf,0.0
моджахеда,моджахед,3,6,0,0.0,0.0,inf,0.0
мур,мур,7,103,0,0.0,0.0,inf,0.0
мэйби,мэйб,1,1,0,0.0,0.0,inf,0.0
бэйби,бэйб,1,1,0,0.0,0.0,inf,0.0
дорофеєвої,дорофеєвої,1,1,0,0.0,0.0,inf,0.0
наді,наді,1,1,0,0.0,0.0,inf,0.0
неверлав,неверла,1,1,0,0.0,0.0,inf,0.0
ников,ник,4,8,0,0.0,0.0,inf,0.0
никова,ников,2,30,0,0.0,0.0,inf,0.0
потворно,потворн,2,21,0,0.0,0.0,inf,0.0
ницо,ниц,2,21,0,0.0,0.0,inf,0.0
нойз,нойз,5,14,0,0.0,0.0,inf,0.0
оджи,одж,1,1,0,0.0,0.0,inf,0.0
осборна,осборн,4,5,0,0.0,0.0,inf,0.0
оззи,озз,4,5,0,0.0,0.0,inf,0.0
оксимирона,оксимирон,2,4,0,0.0,0.0,inf,0.0
оторвальд,оторвальд,2,14,0,0.0,0.0,inf,0.0
паліндром,паліндр,4,59,0,0.0,0.0,inf,0.0
техника,техник,2,2,0,0.0,0.0,inf,0.0
паши,паш,2,2,0,0.0,0.0,inf,0.0
пейтона,пейтон,1,3,0,0.0,0.0,inf,0.0
пепел,пепел,3,3,0,0.0,0.0,inf,0.0
платина,платин,2,4,0,0.0,0.0,inf,0.0
повернись,поверн,2,8,0,0.0,0.0,inf,0.0
зомбоид,зомбоид,1,1,0,0.0,0.0,inf,0.0
пумб,пумб,1,1,0,0.0,0.0,inf,0.0
рдк,рдк,4,82,0,0.0,0.0,inf,0.0
ребелія,ребелі,3,15,0,0.0,0.0,inf,0.0
редакция,редакц,1,1,0,0.0,0.0,inf,0.0
рубіж,рубіж,8,63,0,0.0,0.0,inf,0.0
садсвіт,садсвіт,1,3,0,0.0,0.0,inf,0.0
свобода,свобод,5,9,0,0.0,0.0,inf,0.0
сворс,сворс,1,4,0,0.0,0.0,inf,0.0
сематари,сематар,2,2,0,0.0,0.0,inf,0.0
allegro,allegro,1,1,0,0.0,0.0,inf,0.0
сопрано,сопра,3,4,0,0.0,0.0,inf,0.0
структура,структур,2,15,0,0.0,0.0,inf,0.0
щастя,щаст,4,19,0,0.0,0.0,inf,0.0
суисайд,суисайд,1,3,0,0.0,0.0,inf,0.0
феста,фест,3,4,0,0.0,0.0,inf,0.0
телебачення,телебачен,3,15,0,0.0,0.0,inf,0.0
торонто,торонт,3,15,0,0.0,0.0,inf,0.0
спирит,спир,1,1,0,0.0,0.0,inf,0.0
ткаченко,ткаченк,1,1,0,0.0,0.0,inf,0.0
третя,трет,4,19,0,0.0,0.0,inf,0.0
трійки,трійк,2,11,0,0.0,0.0,inf,0.0
тага,таг,4,5,0,0.0,0.0,inf,0.0
френдли,френдл,3,3,0,0.0,0.0,inf,0.0
allfordance,allfordance,1,1,0,0.0,0.0,inf,0.0
alloff,alloff,1,13,0,0.0,0.0,inf,0.0
allsaints,allsaints,3,6,0,0.0,0.0,inf,0.0
alo,alo,14,21,0,0.0,0.0,inf,0.0
циферблат,циферблат,2,2,0,0.0,0.0,inf,0.0
четверте,четверт,1,1,0,0.0,0.0,inf,0.0
шгш,шгш,2,12,0,0.0,0.0,inf,0.0
шмальгаузена,шмальгауз,1,1,0,0.0,0.0,inf,0.0
шугара,шугар,1,1,0,0.0,0.0,inf,0.0
men,men,78,120,0,0.0,0.0,inf,0.0
yoga,yoga,3,3,0,0.0,0.0,inf,0.0
alpha,alpha,16,41,0,0.0,0.0,inf,0.0
ісландія,ісланді,8,93,0,0.0,0.0,inf,0.0
фэмили,фэм,1,4,0,0.0,0.0,inf,0.0
металкор,металкор,1,6,0,0.0,0.0,inf,0.0
industries,industries,14,43,0,0.0,0.0,inf,0.0
меташоп,меташоп,1,1,0,0.0,0.0,inf,0.0
механизм,механизм,1,1,0,0.0,0.0,inf,0.0
меч,меч,7,15,0,0.0,0.0,inf,0.0
миак,миак,1,1,0,0.0,0.0,inf,0.0
микс,микс,1,1,0,0.0,0.0,inf,0.0
поинт,поинт,2,8,0,0.0,0.0,inf,0.0
милитант,милитант,2,15,0,0.0,0.0,inf,0.0
зон,зон,4,17,0,0.0,0.0,inf,0.0
милитарист,милитарист,6,18,0,0.0,0.0,inf,0.0
милфхантер,милфхантер,1,1,0,0.0,0.0,inf,0.0
минималистичные,минималистичн,1,1,0,0.0,0.0,inf,0.0
мисливські,мисливські,1,16,0,0.0,0.0,inf,0.0
мисс,мисс,1,4,0,0.0,0.0,inf,0.0
пафф,пафф,2,5,0,0.0,0.0,inf,0.0
basic,basic,10,16,0,0.0,0.0,inf,0.0
пиклз,пиклз,1,1,0,0.0,0.0,inf,0.0
много,мног,1,2,0,0.0,0.0,inf,0.0
многослойная,многослойн,1,1,0,0.0,0.0,inf,0.0
hoody,hoody,6,8,0,0.0,0.0,inf,0.0
модеста,модест,1,1,0,0.0,0.0,inf,0.0
моджаве,моджав,1,1,0,0.0,0.0,inf,0.0
кременчуг,кременчуг,1,1,0,0.0,0.0,inf,0.0
точка,точк,1,1,0,0.0,0.0,inf,0.0
2018,2018,1,1,0,0.0,0.0,inf,0.0
модники,модник,1,1,0,0.0,0.0,inf,0.0
хлопчиків,хлопчиків,1,1,0,0.0,0.0,inf,0.0
модоза,модоз,1,1,0,0.0,0.0,inf,0.0
молитва,молитв,4,10,0,0.0,0.0,inf,0.0
націоналіста,націоналіст,2,8,0,0.0,0.0,inf,0.0
молодший,молодш,1,1,0,0.0,0.0,inf,0.0
монаковка,монаковк,1,1,0,0.0,0.0,inf,0.0
монатик,монатик,1,1,0,0.0,0.0,inf,0.0
монета,монет,2,2,0,0.0,0.0,inf,0.0
монклер,монклер,1,1,0,0.0,0.0,inf,0.0
монобанк,монобанк,2,2,0,0.0,0.0,inf,0.0
монохром,монохр,1,1,0,0.0,0.0,inf,0.0
монтейн,монтейн,1,7,0,0.0,0.0,inf,0.0
моралес,моралес,1,3,0,0.0,0.0,inf,0.0
мордекс,мордекс,4,32,0,0.0,0.0,inf,0.0
морнинг,морнинг,1,11,0,0.0,0.0,inf,0.0
морнінг,морнінг,1,29,0,0.0,0.0,inf,0.0
морнінгстар,морнінгстар,1,9,0,0.0,0.0,inf,0.0
морок,морок,2,38,0,0.0,0.0,inf,0.0
морпехи,морпех,2,2,0,0.0,0.0,inf,0.0
морпіхи,морпіх,1,3,0,0.0,0.0,inf,0.0
мост,мост,2,6,0,0.0,0.0,inf,0.0
вантед,вантед,1,1,0,0.0,0.0,inf,0.0
alpinestars,alpinestars,3,4,0,0.0,0.0,inf,0.0
мотиваційний,мотиваційн,1,112,0,0.0,0.0,inf,0.0
мотино,мотин,1,6,0,0.0,0.0,inf,0.0
alt,alt,3,6,0,0.0,0.0,inf,0.0
мотофутболка,мотофутболк,1,8,0,0.0,0.0,inf,0.0
мотохуди,мотохуд,1,2,0,0.0,0.0,inf,0.0
male,male,3,3,0,0.0,0.0,inf,0.0
моттино,моттин,1,2,0,0.0,0.0,inf,0.0
мотіно,мотін,1,11,0,0.0,0.0,inf,0.0
мохіто,мохіт,1,1,0,0.0,0.0,inf,0.0
мош,мош,1,1,0,0.0,0.0,inf,0.0
мрачные,мрачн,1,4,0,0.0,0.0,inf,0.0
мрія,мрія,4,10,0,0.0,0.0,inf,0.0
мтак,мтак,6,27,0,0.0,0.0,inf,0.0
мувахид,мувахид,1,1,0,0.0,0.0,inf,0.0
мужик,мужик,1,1,0,0.0,0.0,inf,0.0
4xl,4xl,3,6,0,0.0,0.0,inf,0.0
огромных,огромн,1,1,0,0.0,0.0,inf,0.0
плейн,плейн,4,10,0,0.0,0.0,inf,0.0
филипп,филипп,4,10,0,0.0,0.0,inf,0.0
ширинка,ширинк,1,1,0,0.0,0.0,inf,0.0
прикольными,прикольн,22,101,0,0.0,0.0,inf,0.0
производства,производств,2,3,0,0.0,0.0,inf,0.0
подарок,подарок,8,27,0,0.0,0.0,inf,0.0
мужскі,мужскі,1,1,0,0.0,0.0,inf,0.0
романтика,романтик,4,6,0,0.0,0.0,inf,0.0
муслінові,муслінові,1,1,0,0.0,0.0,inf,0.0
муцураев,муцура,4,26,0,0.0,0.0,inf,0.0
мясо,мяс,3,14,0,0.0,0.0,inf,0.0
мій,мій,1,66,0,0.0,0.0,inf,0.0
мілітант,мілітант,1,1,0,0.0,0.0,inf,0.0
мілітарист,мілітарист,1,21,0,0.0,0.0,inf,0.0
мілітарка,мілітарк,1,1,0,0.0,0.0,inf,0.0
мілітарний,мілітарн,1,5,0,0.0,0.0,inf,0.0
мілітаріст,мілітаріст,1,1,0,0.0,0.0,inf,0.0
міномет,міномет,1,1,0,0.0,0.0,inf,0.0
мінометник,мінометник,5,17,0,0.0,0.0,inf,0.0
мінімалізм,мінімалізм,1,2,0,0.0,0.0,inf,0.0
місіс,місіс,1,1,0,0.0,0.0,inf,0.0
мішкуваті,мішкуваті,3,3,0,0.0,0.0,inf,0.0
outfits,outfits,2,2,0,0.0,0.0,inf,0.0
набор,набор,2,6,0,0.0,0.0,inf,0.0
набір,набір,2,9,0,0.0,0.0,inf,0.0
державності,державності,1,4,0,0.0,0.0,inf,0.0
навершие,наверш,3,6,0,0.0,0.0,inf,0.0
надрукувати,надрукуват,1,11,0,0.0,0.0,inf,0.0
найкращі,найкращі,1,1,0,0.0,0.0,inf,0.0
наклейка,наклейк,8,46,0,0.0,0.0,inf,0.0
авто,авт,10,53,0,0.0,0.0,inf,0.0
наконечник,наконечник,3,3,0,0.0,0.0,inf,0.0
намилия,намил,1,1,0,0.0,0.0,inf,0.0
нанесение,нанесен,1,1,0,0.0,0.0,inf,0.0
напапири,напапир,4,11,0,0.0,0.0,inf,0.0
напапірі,напапірі,1,1,0,0.0,0.0,inf,0.0
напечатать,напечата,2,3,0,0.0,0.0,inf,0.0
наруто,нарут,3,3,0,0.0,0.0,inf,0.0
нарядные,нарядн,1,1,0,0.0,0.0,inf,0.0
прапорці,прапорці,5,15,0,0.0,0.0,inf,0.0
настільні,настільні,1,1,0,0.0,0.0,inf,0.0
наталі,наталі,1,1,0,0.0,0.0,inf,0.0
болгар,болгар,1,1,0,0.0,0.0,inf,0.0
нате,нат,3,12,0,0.0,0.0,inf,0.0
носите,нос,4,13,0,0.0,0.0,inf,0.0
натуральний,натуральн,1,1,0,0.0,0.0,inf,0.0
национальные,национальн,2,4,0,0.0,0.0,inf,0.0
нацистские,нацистск,2,3,0,0.0,0.0,inf,0.0
національний,національн,4,15,0,0.0,0.0,inf,0.0
національні,національні,2,3,0,0.0,0.0,inf,0.0
націоналістична,націоналістичн,3,18,0,0.0,0.0,inf,0.0
націоналістичні,націоналістичні,3,15,0,0.0,0.0,inf,0.0
означає,означає,1,1,0,0.0,0.0,inf,0.0
200,200,2,7,0,0.0,0.0,inf,0.0
воював,воюва,2,7,0,0.0,0.0,inf,0.0
alta,alta,1,3,0,0.0,0.0,inf,0.0
мамкай,мамка,2,5,0,0.0,0.0,inf,0.0
обостряй,обостря,1,1,0,0.0,0.0,inf,0.0
притулятися,притулят,3,7,0,0.0,0.0,inf,0.0
небіа,небі,1,1,0,0.0,0.0,inf,0.0
невиновных,невиновн,3,14,0,0.0,0.0,inf,0.0
brands,brands,9,21,0,0.0,0.0,inf,0.0
утяжках,утяжк,4,7,0,0.0,0.0,inf,0.0
неко,нек,1,5,0,0.0,0.0,inf,0.0
alternative,alternative,1,1,0,0.0,0.0,inf,0.0
часу,час,6,14,0,0.0,0.0,inf,0.0
ненка,ненк,1,1,0,0.0,0.0,inf,0.0
altira,altira,1,1,0,0.0,0.0,inf,0.0
amc,amc,1,2,0,0.0,0.0,inf,0.0
нептун,нептун,3,10,0,0.0,0.0,inf,0.0
нервы,нерв,3,6,0,0.0,0.0,inf,0.0
amenra,amenra,3,6,0,0.0,0.0,inf,0.0
аксессуары,аксессуар,2,5,0,0.0,0.0,inf,0.0
нефорський,нефорськ,1,2,0,0.0,0.0,inf,0.0
посадках,посадк,7,13,0,0.0,0.0,inf,0.0
филини,филин,1,2,0,0.0,0.0,inf,0.0
никифилини,никифилин,2,18,0,0.0,0.0,inf,0.0
боди,бод,1,1,0,0.0,0.0,inf,0.0
нишевая,нишев,2,4,0,0.0,0.0,inf,0.0
новинки,новинк,1,17,0,0.0,0.0,inf,0.0
american,american,3,4,0,0.0,0.0,inf,0.0
eagle,eagle,3,4,0,0.0,0.0,inf,0.0
нордик,нордик,1,5,0,0.0,0.0,inf,0.0
amiri,amiri,5,8,0,0.0,0.0,inf,0.0
amisu,amisu,2,9,0,0.0,0.0,inf,0.0
норс,норс,1,2,0,0.0,0.0,inf,0.0
своє,своє,1,1,0,0.0,0.0,inf,0.0
amnesia,amnesia,1,1,0,0.0,0.0,inf,0.0
bro,bro,1,1,0,0.0,0.0,inf,0.0
max,max,2,2,0,0.0,0.0,inf,0.0
йоркер,йоркер,5,11,0,0.0,0.0,inf,0.0
ньюйоркер,ньюйоркер,1,1,0,0.0,0.0,inf,0.0
бебру,бебр,1,1,0,0.0,0.0,inf,0.0
нюхай,нюха,1,1,0,0.0,0.0,inf,0.0
простиш,простиш,1,4,0,0.0,0.0,inf,0.0
ніколи,нікол,1,4,0,0.0,0.0,inf,0.0
пробачиш,пробачиш,1,4,0,0.0,0.0,inf,0.0
нічна,нічна,1,1,0,0.0,0.0,inf,0.0
ємне,ємне,1,2,0,0.0,0.0,inf,0.0
ємні,ємні,1,1,0,0.0,0.0,inf,0.0
amor,amor,2,4,0,0.0,0.0,inf,0.0
оберіг,оберіг,10,100,0,0.0,0.0,inf,0.0
обмежено,обмеж,1,1,0,0.0,0.0,inf,0.0
оболонь,оболон,2,6,0,0.0,0.0,inf,0.0
объемные,объемн,3,6,0,0.0,0.0,inf,0.0
обычные,обычн,1,3,0,0.0,0.0,inf,0.0
алматы,алмат,1,1,0,0.0,0.0,inf,0.0
оверфліс,оверфліс,1,1,0,0.0,0.0,inf,0.0
amos,amos,1,2,0,0.0,0.0,inf,0.0
look,look,1,2,0,0.0,0.0,inf,0.0
огоньпушка,огоньпушк,1,6,0,0.0,0.0,inf,0.0
огп,огп,2,41,0,0.0,0.0,inf,0.0
одг,одг,1,1,0,0.0,0.0,inf,0.0
amoslook,amoslook,1,3,0,0.0,0.0,inf,0.0
amphibious,amphibious,4,23,0,0.0,0.0,inf,0.0
agressor,agressor,1,2,0,0.0,0.0,inf,0.0
деймона,деймон,1,3,0,0.0,0.0,inf,0.0
сальваторе,сальватор,1,3,0,0.0,0.0,inf,0.0
женщин,женщин,1,1,0,0.0,0.0,inf,0.0
металлистов,металлист,2,2,0,0.0,0.0,inf,0.0
европы,европ,2,2,0,0.0,0.0,inf,0.0
распродажа,распродаж,5,7,0,0.0,0.0,inf,0.0
рефлектив,рефлект,5,34,0,0.0,0.0,inf,0.0
трайбл,трайбл,2,8,0,0.0,0.0,inf,0.0
одесские,одесск,2,3,0,0.0,0.0,inf,0.0
швейна,швейн,1,2,0,0.0,0.0,inf,0.0
фабрика,фабрик,3,6,0,0.0,0.0,inf,0.0
одеська,одеськ,2,7,0,0.0,0.0,inf,0.0
одцепіця,одцепіт^,1,1,0,0.0,0.0,inf,0.0
карпати,карпат,4,12,0,0.0,0.0,inf,0.0
жінок,жінок,3,3,0,0.0,0.0,inf,0.0
байкерів,байкерів,1,2,0,0.0,0.0,inf,0.0
бодібілдингу,бодібілдинг,2,7,0,0.0,0.0,inf,0.0
молоді,молоді,1,3,0,0.0,0.0,inf,0.0
неформалів,неформалів,2,10,0,0.0,0.0,inf,0.0
низьких,низьк,3,4,0,0.0,0.0,inf,0.0
дівчат,дівчат,3,3,0,0.0,0.0,inf,0.0
повних,повн,1,1,0,0.0,0.0,inf,0.0
спортзалу,спортзал,3,11,0,0.0,0.0,inf,0.0
стретчингу,стретчинг,1,2,0,0.0,0.0,inf,0.0
тренувань,тренуван,7,25,0,0.0,0.0,inf,0.0
фітнесу,фітнес,1,1,0,0.0,0.0,inf,0.0
дропшипінг,дропшипінг,1,3,0,0.0,0.0,inf,0.0
коноплі,коноплі,2,6,0,0.0,0.0,inf,0.0
тему,тем,3,3,0,0.0,0.0,inf,0.0
християнськими,християнськ,10,109,0,0.0,0.0,inf,0.0
європи,європ,1,1,0,0.0,0.0,inf,0.0
миколаїв,миколаїв,2,11,0,0.0,0.0,inf,0.0
мукачево,мукачев,1,1,0,0.0,0.0,inf,0.0
одеса,одес,4,6,0,0.0,0.0,inf,0.0
amstaff,amstaff,1,2,0,0.0,0.0,inf,0.0
amsterdamned,amsterdamned,1,1,0,0.0,0.0,inf,0.0
турецького,турецьк,2,6,0,0.0,0.0,inf,0.0
унісекс,унісекс,6,14,0,0.0,0.0,inf,0.0
фронтір,фронтір,2,9,0,0.0,0.0,inf,0.0
черкаси,черкас,2,7,0,0.0,0.0,inf,0.0
озброєння,озброєн,1,1,0,0.0,0.0,inf,0.0
ойшо,ойш,4,17,0,0.0,0.0,inf,0.0
океан,океа,6,28,0,0.0,0.0,inf,0.0
кло,кло,2,31,0,0.0,0.0,inf,0.0
окко,окк,1,1,0,0.0,0.0,inf,0.0
окрема,окрем,2,3,0,0.0,0.0,inf,0.0
оксишоп,оксишоп,1,2,0,0.0,0.0,inf,0.0
октагон,октагон,2,2,0,0.0,0.0,inf,0.0
скул,скул,6,40,0,0.0,0.0,inf,0.0
олдскул,олдскул,2,13,0,0.0,0.0,inf,0.0
оливковая,оливков,1,1,0,0.0,0.0,inf,0.0
армия,арм,3,3,0,0.0,0.0,inf,0.0
костра,костр,2,3,0,0.0,0.0,inf,0.0
запахом,запах,1,2,0,0.0,0.0,inf,0.0
олпринт,олпринт,1,8,0,0.0,0.0,inf,0.0
олсо,олс,2,2,0,0.0,0.0,inf,0.0
ольвія,ольві,1,1,0,0.0,0.0,inf,0.0
омут,омут,2,7,0,0.0,0.0,inf,0.0
ондатра,ондатр,1,1,0,0.0,0.0,inf,0.0
оне,он,3,4,0,0.0,0.0,inf,0.0
тлижу,тлиж,2,2,0,0.0,0.0,inf,0.0
ооо,оо,2,2,0,0.0,0.0,inf,0.0
anacondaz,anacondaz,1,1,0,0.0,0.0,inf,0.0
опер,опер,1,1,0,0.0,0.0,inf,0.0
оператор,оператор,3,11,0,0.0,0.0,inf,0.0
оптимум,оптимум,1,8,0,0.0,0.0,inf,0.0
гэнг,гэнг,1,2,0,0.0,0.0,inf,0.0
sanctuary,sanctuary,1,2,0,0.0,0.0,inf,0.0
оптимусгенг,оптимусгенг,1,4,0,0.0,0.0,inf,0.0
anarchist,anarchist,2,3,0,0.0,0.0,inf,0.0
опіум,опіум,1,3,0,0.0,0.0,inf,0.0
оранжевая,оранжев,10,21,0,0.0,0.0,inf,0.0
оргазм,оргазм,2,5,0,0.0,0.0,inf,0.0
донор,донор,2,5,0,0.0,0.0,inf,0.0
орел,орел,4,6,0,0.0,0.0,inf,0.0
state,state,3,4,0,0.0,0.0,inf,0.0
anbuwear,anbuwear,1,3,0,0.0,0.0,inf,0.0
осовец,осовец,1,2,0,0.0,0.0,inf,0.0
anchu,anchu,3,7,0,0.0,0.0,inf,0.0
отой,от,1,1,0,0.0,0.0,inf,0.0
оут,оут,1,1,0,0.0,0.0,inf,0.0
оушен,оуш,4,25,0,0.0,0.0,inf,0.0
оушн,оушн,1,1,0,0.0,0.0,inf,0.0
охуенно,охуен,2,8,0,0.0,0.0,inf,0.0
охуено,оху,1,2,0,0.0,0.0,inf,0.0
охуєнно,охуєн,3,3,0,0.0,0.0,inf,0.0
очень,очен,3,6,0,0.0,0.0,inf,0.0
низкий,низк,3,3,0,0.0,0.0,inf,0.0
энджелс,энджелс,1,1,0,0.0,0.0,inf,0.0
2020,2020,3,6,0,0.0,0.0,inf,0.0
панішер,панішер,1,1,0,0.0,0.0,inf,0.0
папая,пап,4,4,0,0.0,0.0,inf,0.0
парадна,парадн,1,1,0,0.0,0.0,inf,0.0
парапор,парапор,1,2,0,0.0,0.0,inf,0.0
паркур,паркур,3,58,0,0.0,0.0,inf,0.0
букетами,букет,1,1,0,0.0,0.0,inf,0.0
парні,парні,17,46,0,0.0,0.0,inf,0.0
закоханих,закохан,1,4,0,0.0,0.0,inf,0.0
пари,пар,4,15,0,0.0,0.0,inf,0.0
патриотическая,патриотическ,11,26,0,0.0,0.0,inf,0.0
патриотичні,патриотичні,1,1,0,0.0,0.0,inf,0.0
andi,andi,1,1,0,0.0,0.0,inf,0.0
борд,борд,3,6,0,0.0,0.0,inf,0.0
andrestar,andrestar,1,1,0,0.0,0.0,inf,0.0
anecho,anecho,1,1,0,0.0,0.0,inf,0.0
anerkjendt,anerkjendt,1,5,0,0.0,0.0,inf,0.0
тойз,тойз,1,36,0,0.0,0.0,inf,0.0
angelmaker,angelmaker,1,8,0,0.0,0.0,inf,0.0
angelo,angelo,1,4,0,0.0,0.0,inf,0.0
пеклотойс,пеклотойс,1,80,0,0.0,0.0,inf,0.0
пенетраторы,пенетратор,1,1,0,0.0,0.0,inf,0.0
перемоги,перемог,4,37,0,0.0,0.0,inf,0.0
пересвет,пересвет,1,2,0,0.0,0.0,inf,0.0
пересвіт,пересвіт,1,2,0,0.0,0.0,inf,0.0
перпл,перпл,2,5,0,0.0,0.0,inf,0.0
перун,перун,5,37,0,0.0,0.0,inf,0.0
печать,печа,13,79,0,0.0,0.0,inf,0.0
інфо,інфо,3,24,0,0.0,0.0,inf,0.0
пзд,пзд,1,1,0,0.0,0.0,inf,0.0
пзх,пзх,1,3,0,0.0,0.0,inf,0.0
пивоваров,пивовар,3,3,0,0.0,0.0,inf,0.0
пиздатые,пиздат,1,2,0,0.0,0.0,inf,0.0
пиздец,пиздец,1,3,0,0.0,0.0,inf,0.0
пик,пик,1,1,0,0.0,0.0,inf,0.0
пират,пират,4,5,0,0.0,0.0,inf,0.0
litrico,litrico,1,4,0,0.0,0.0,inf,0.0
вест,вест,2,2,0,0.0,0.0,inf,0.0
кост,кост,2,2,0,0.0,0.0,inf,0.0
щит,щит,4,19,0,0.0,0.0,inf,0.0
пишна,пишн,1,1,0,0.0,0.0,inf,0.0
краса,крас,1,1,0,0.0,0.0,inf,0.0
пла4,пла4,1,1,0,0.0,0.0,inf,0.0
плакала,плака,1,1,0,0.0,0.0,inf,0.0
зробила,зроб,1,1,0,0.0,0.0,inf,0.0
кіборги,кіборг,1,1,0,0.0,0.0,inf,0.0
ходячие,ходяч,2,2,0,0.0,0.0,inf,0.0
мертвецы,мертвец,2,2,0,0.0,0.0,inf,0.0
кімнату,кімнат,1,2,0,0.0,0.0,inf,0.0
плед,плед,2,3,0,0.0,0.0,inf,0.0
плейбой,плейб,3,3,0,0.0,0.0,inf,0.0
плейерс,плейерс,1,2,0,0.0,0.0,inf,0.0
плюшевий,плюшев,2,2,0,0.0,0.0,inf,0.0
пляжні,пляжні,1,1,0,0.0,0.0,inf,0.0
победов,побед,2,2,0,0.0,0.0,inf,0.0
повседневные,повседневн,2,3,0,0.0,0.0,inf,0.0
повстанський,повстанськ,1,3,0,0.0,0.0,inf,0.0
повсякденні,повсякденні,2,4,0,0.0,0.0,inf,0.0
погоджуєшся,погоджуєш,1,1,0,0.0,0.0,inf,0.0
шахтера,шахтер,2,5,0,0.0,0.0,inf,0.0
дню,дню,1,2,0,0.0,0.0,inf,0.0
пожарной,пожарн,5,12,0,0.0,0.0,inf,0.0
службы,служб,4,31,0,0.0,0.0,inf,0.0
подарунковий,подарунков,1,1,0,0.0,0.0,inf,0.0
сертифікат,сертифікат,1,1,0,0.0,0.0,inf,0.0
хлопцю,хлопц,2,3,0,0.0,0.0,inf,0.0
пожежника,пожежник,1,1,0,0.0,0.0,inf,0.0
народження,народжен,9,14,0,0.0,0.0,inf,0.0
коханому,кохан,1,4,0,0.0,0.0,inf,0.0
мотоциклісту,мотоцикліст,1,1,0,0.0,0.0,inf,0.0
рятувальника,рятувальник,4,5,0,0.0,0.0,inf,0.0
побратиму,побратим,1,1,0,0.0,0.0,inf,0.0
skateboarding,skateboarding,1,29,0,0.0,0.0,inf,0.0
ребрендинг,ребрендинг,1,2,0,0.0,0.0,inf,0.0
подставка,подставк,4,6,0,0.0,0.0,inf,0.0
напольная,напольн,2,2,0,0.0,0.0,inf,0.0
настольная,настольн,1,1,0,0.0,0.0,inf,0.0
пожежна,пожежн,1,1,0,0.0,0.0,inf,0.0
скажені,скажені,1,1,0,0.0,0.0,inf,0.0
покидьки,покидьк,1,1,0,0.0,0.0,inf,0.0
всякі,всякі,1,1,0,0.0,0.0,inf,0.0
лампас,лампас,3,15,0,0.0,0.0,inf,0.0
покрас,покрас,2,13,0,0.0,0.0,inf,0.0
поликоттон,поликоттон,1,1,0,0.0,0.0,inf,0.0
полиэстер,полиэстер,5,8,0,0.0,0.0,inf,0.0
полк,полк,6,19,0,0.0,0.0,inf,0.0
ральф,ральф,6,7,0,0.0,0.0,inf,0.0
полосата,полосат,1,1,0,0.0,0.0,inf,0.0
полотенце,полотенц,1,1,0,0.0,0.0,inf,0.0
полотнище,полотнищ,1,1,0,0.0,0.0,inf,0.0
полотно,полотн,3,9,0,0.0,0.0,inf,0.0
полубрюки,полубрюк,1,1,0,0.0,0.0,inf,0.0
полузамок,полузамок,1,1,0,0.0,0.0,inf,0.0
полузипка,полузипк,1,1,0,0.0,0.0,inf,0.0
полісся,поліс,2,2,0,0.0,0.0,inf,0.0
uanimals,uanimals,3,20,0,0.0,0.0,inf,0.0
попов,поп,1,1,0,0.0,0.0,inf,0.0
попор,попор,1,2,0,0.0,0.0,inf,0.0
популярные,популярн,4,4,0,0.0,0.0,inf,0.0
популярні,популярні,4,21,0,0.0,0.0,inf,0.0
портки,портк,1,1,0,0.0,0.0,inf,0.0
тканевый,тканев,8,14,0,0.0,0.0,inf,0.0
потовідвідна,потовідвідн,2,5,0,0.0,0.0,inf,0.0
потовідвідні,потовідвідні,1,4,0,0.0,0.0,inf,0.0
похуюди,похуюд,1,1,0,0.0,0.0,inf,0.0
пошив,пош,2,22,0,0.0,0.0,inf,0.0
правильная,правильн,1,1,0,0.0,0.0,inf,0.0
правор,правор,1,4,0,0.0,0.0,inf,0.0
православ,правосла,1,1,0,0.0,0.0,inf,0.0
animalist,animalist,1,1,0,0.0,0.0,inf,0.0
свету,свет,2,7,0,0.0,0.0,inf,0.0
православні,православні,1,14,0,0.0,0.0,inf,0.0
берег,берег,2,5,0,0.0,0.0,inf,0.0
прана,пран,1,4,0,0.0,0.0,inf,0.0
праор,праор,1,1,0,0.0,0.0,inf,0.0
прап,прап,2,11,0,0.0,0.0,inf,0.0
animalizm,animalizm,1,4,0,0.0,0.0,inf,0.0
ошп,ошп,2,5,0,0.0,0.0,inf,0.0
огшбр,огшбр,2,6,0,0.0,0.0,inf,0.0
116,116,1,2,0,0.0,0.0,inf,0.0
128,128,1,1,0,0.0,0.0,inf,0.0
янської,янської,1,2,0,0.0,0.0,inf,0.0
слов,слов,1,2,0,0.0,0.0,inf,0.0
штурмової,штурмової,4,49,0,0.0,0.0,inf,0.0
обрбо,обрб,1,4,0,0.0,0.0,inf,0.0
магура,магур,3,19,0,0.0,0.0,inf,0.0
овмбр,овмбр,1,5,0,0.0,0.0,inf,0.0
запорожці,запорожці,2,6,0,0.0,0.0,inf,0.0
одшбр,одшбр,3,7,0,0.0,0.0,inf,0.0
айдар,айдар,3,9,0,0.0,0.0,inf,0.0
анархістів,анархістів,1,1,0,0.0,0.0,inf,0.0
анархії,анархії,1,3,0,0.0,0.0,inf,0.0
аптеки,аптек,1,1,0,0.0,0.0,inf,0.0
anime,anime,5,9,0,0.0,0.0,inf,0.0
streetwear,streetwear,41,195,0,0.0,0.0,inf,0.0
атлас,атлас,2,2,0,0.0,0.0,inf,0.0
ато,ат,2,3,0,0.0,0.0,inf,0.0
безвісті,безвісті,1,3,0,0.0,0.0,inf,0.0
бендери,бендер,1,7,0,0.0,0.0,inf,0.0
буревій,буреві,2,16,0,0.0,0.0,inf,0.0
банці,банці,1,10,0,0.0,0.0,inf,0.0
броварах,бровар,1,4,0,0.0,0.0,inf,0.0
краматорську,краматорськ,4,51,0,0.0,0.0,inf,0.0
вінчі,вінчі,2,4,0,0.0,0.0,inf,0.0
волині,волині,2,3,0,0.0,0.0,inf,0.0
ankers,ankers,1,1,0,0.0,0.0,inf,0.0
запорозького,запорозьк,2,3,0,0.0,0.0,inf,0.0
війська,військ,6,21,0,0.0,0.0,inf,0.0
вікінгів,вікінгів,1,17,0,0.0,0.0,inf,0.0
героїв,героїв,4,5,0,0.0,0.0,inf,0.0
гетьманщини,гетьманщин,2,3,0,0.0,0.0,inf,0.0
говна,говн,1,5,0,0.0,0.0,inf,0.0
десантно,десантн,1,1,0,0.0,0.0,inf,0.0
джура,джур,3,8,0,0.0,0.0,inf,0.0
дніпра,дніпра,1,1,0,0.0,0.0,inf,0.0
дня,дня,1,6,0,0.0,0.0,inf,0.0
донецькоі,донецькоі,1,16,0,0.0,0.0,inf,0.0
anna,anna,1,2,0,0.0,0.0,inf,0.0
едельвейс,едельвейс,3,8,0,0.0,0.0,inf,0.0
кажаном,кажан,1,11,0,0.0,0.0,inf,0.0
кажана,кажа,3,45,0,0.0,0.0,inf,0.0
образом,образ,2,36,0,0.0,0.0,inf,0.0
орлом,орл,2,3,0,0.0,0.0,inf,0.0
підписами,підпис,2,9,0,0.0,0.0,inf,0.0
залужного,залужн,1,1,0,0.0,0.0,inf,0.0
ісусом,ісус,6,24,0,0.0,0.0,inf,0.0
христом,христ,5,11,0,0.0,0.0,inf,0.0
столом,стол,1,12,0,0.0,0.0,inf,0.0
bolina,bolina,1,2,0,0.0,0.0,inf,0.0
загиблому,загибл,2,46,0,0.0,0.0,inf,0.0
закарпаття,закарпатт,2,7,0,0.0,0.0,inf,0.0
annkers,annkers,1,1,0,0.0,0.0,inf,0.0
зунр,зунр,1,1,0,0.0,0.0,inf,0.0
свастикою,свастик,7,91,0,0.0,0.0,inf,0.0
answear,answear,1,9,0,0.0,0.0,inf,0.0
каратель,карател,2,5,0,0.0,0.0,inf,0.0
києва,києв,2,19,0,0.0,0.0,inf,0.0
козаків,козаків,3,6,0,0.0,0.0,inf,0.0
коломиї,коломиї,1,1,0,0.0,0.0,inf,0.0
янська,янськ,1,3,0,0.0,0.0,inf,0.0
луганської,луганської,1,1,0,0.0,0.0,inf,0.0
майдану,майдан,1,2,0,0.0,0.0,inf,0.0
малі,малі,1,1,0,0.0,0.0,inf,0.0
махновців,махновців,1,25,0,0.0,0.0,inf,0.0
махновщини,махновщин,1,2,0,0.0,0.0,inf,0.0
мвг,мвг,1,3,0,0.0,0.0,inf,0.0
answer,answer,1,1,0,0.0,0.0,inf,0.0
мордору,мордор,1,2,0,0.0,0.0,inf,0.0
землею,земл,1,1,0,0.0,0.0,inf,0.0
небом,неб,3,3,0,0.0,0.0,inf,0.0
між,між,1,1,0,0.0,0.0,inf,0.0
anta,anta,2,2,0,0.0,0.0,inf,0.0
дроті,дроті,1,2,0,0.0,0.0,inf,0.0
кладовище,кладовищ,1,9,0,0.0,0.0,inf,0.0
щиті,щиті,1,4,0,0.0,0.0,inf,0.0
над,над,5,9,0,0.0,0.0,inf,0.0
надіі,надіі,1,1,0,0.0,0.0,inf,0.0
нарада,нарад,2,38,0,0.0,0.0,inf,0.0
гвардії,гвардії,1,2,0,0.0,0.0,inf,0.0
національної,національної,1,2,0,0.0,0.0,inf,0.0
небінарних,небінарн,1,3,0,0.0,0.0,inf,0.0
нововолинська,нововолинськ,1,1,0,0.0,0.0,inf,0.0
оун,оун,6,11,0,0.0,0.0,inf,0.0
охтирки,охтирк,1,1,0,0.0,0.0,inf,0.0
повітряних,повітрян,2,4,0,0.0,0.0,inf,0.0
полонених,полонен,1,2,0,0.0,0.0,inf,0.0
kai,kai,2,4,0,0.0,0.0,inf,0.0
президентської,президентської,1,1,0,0.0,0.0,inf,0.0
прикордонників,прикордонників,1,3,0,0.0,0.0,inf,0.0
прикордонних,прикордон,1,9,0,0.0,0.0,inf,0.0
зброї,зброї,1,3,0,0.0,0.0,inf,0.0
продавець,продавет^,1,3,0,0.0,0.0,inf,0.0
прусії,прусії,1,1,0,0.0,0.0,inf,0.0
птахи,птах,3,22,0,0.0,0.0,inf,0.0
мадяра,мадяр,3,22,0,0.0,0.0,inf,0.0
підарів,підарів,1,6,0,0.0,0.0,inf,0.0
підорів,підорів,1,3,0,0.0,0.0,inf,0.0
підрозділу,підрозділ,1,37,0,0.0,0.0,inf,0.0
піратів,піратів,1,11,0,0.0,0.0,inf,0.0
рарог,рарог,2,15,0,0.0,0.0,inf,0.0
реб,реб,2,44,0,0.0,0.0,inf,0.0
рохана,роха,1,2,0,0.0,0.0,inf,0.0
саперів,саперів,1,1,0,0.0,0.0,inf,0.0
польщі,польщі,1,1,0,0.0,0.0,inf,0.0
спарти,спарт,2,5,0,0.0,0.0,inf,0.0
сухопутних,сухопутн,2,8,0,0.0,0.0,inf,0.0
тамплієрів,тамплієрів,1,4,0,0.0,0.0,inf,0.0
таргарієнів,таргарієнів,2,2,0,0.0,0.0,inf,0.0
antaeus,antaeus,1,27,0,0.0,0.0,inf,0.0
того,тог,2,5,0,0.0,0.0,inf,0.0
третьої,третьої,2,43,0,0.0,0.0,inf,0.0
тро,тро,2,3,0,0.0,0.0,inf,0.0
украіни,украін,7,13,0,0.0,0.0,inf,0.0
хорошій,хороші,1,2,0,0.0,0.0,inf,0.0
якості,якості,1,2,0,0.0,0.0,inf,0.0
козаком,козак,5,88,0,0.0,0.0,inf,0.0
кров,кров,6,16,0,0.0,0.0,inf,0.0
кільцями,кільцям,1,1,0,0.0,0.0,inf,0.0
серцем,серц,1,1,0,0.0,0.0,inf,0.0
зміїний,зміїни,1,3,0,0.0,0.0,inf,0.0
пром,пром,5,21,0,0.0,0.0,inf,0.0
траур,траур,1,2,0,0.0,0.0,inf,0.0
разом,раз,1,6,0,0.0,0.0,inf,0.0
української,української,2,7,0,0.0,0.0,inf,0.0
армії,армії,2,7,0,0.0,0.0,inf,0.0
повстанської,повстанської,1,2,0,0.0,0.0,inf,0.0
унр,унр,2,2,0,0.0,0.0,inf,0.0
унсо,унс,2,3,0,0.0,0.0,inf,0.0
шпалери,шпалер,1,6,0,0.0,0.0,inf,0.0
ура,ур,1,6,0,0.0,0.0,inf,0.0
харкова,харков,4,9,0,0.0,0.0,inf,0.0
хартії,хартії,1,34,0,0.0,0.0,inf,0.0
херсонської,херсонської,1,3,0,0.0,0.0,inf,0.0
ptsd,ptsd,1,1,0,0.0,0.0,inf,0.0
pro,pro,10,43,0,0.0,0.0,inf,0.0
яру,яр,2,18,0,0.0,0.0,inf,0.0
республіки,республік,2,4,0,0.0,0.0,inf,0.0
холодноярської,холодноярської,1,1,0,0.0,0.0,inf,0.0
jav,jav,1,2,0,0.0,0.0,inf,0.0
хуйні,хуйні,1,1,0,0.0,0.0,inf,0.0
центурії,центурії,1,11,0,0.0,0.0,inf,0.0
цсо,цсо,3,21,0,0.0,0.0,inf,0.0
калина,калин,1,6,0,0.0,0.0,inf,0.0
запорожців,запорожців,1,32,0,0.0,0.0,inf,0.0
чорної,чорної,1,5,0,0.0,0.0,inf,0.0
шепетівки,шепетівк,1,1,0,0.0,0.0,inf,0.0
siege,siege,2,5,0,0.0,0.0,inf,0.0
прапорець,прапорет^,3,15,0,0.0,0.0,inf,0.0
всіх,всіх,2,3,0,0.0,0.0,inf,0.0
міст,міст,1,4,0,0.0,0.0,inf,0.0
підрозділів,підрозділів,2,9,0,0.0,0.0,inf,0.0
свиту,свит,2,13,0,0.0,0.0,inf,0.0
імперій,імпері,1,2,0,0.0,0.0,inf,0.0
тканина,тканин,2,22,0,0.0,0.0,inf,0.0
прапороносець,прапороносет^,1,2,0,0.0,0.0,inf,0.0
прапоротримач,прапоротримач,1,1,0,0.0,0.0,inf,0.0
прапорт,прапорт,1,6,0,0.0,0.0,inf,0.0
прапорців,прапорців,1,5,0,0.0,0.0,inf,0.0
прапорщик,прапорщик,3,15,0,0.0,0.0,inf,0.0
прар,прар,1,6,0,0.0,0.0,inf,0.0
працюю,прац,1,1,0,0.0,0.0,inf,0.0
сутками,сутк,1,1,0,0.0,0.0,inf,0.0
придбати,придбат,1,1,0,0.0,0.0,inf,0.0
antichrist,antichrist,1,4,0,0.0,0.0,inf,0.0
прикордонник,прикордонник,1,1,0,0.0,0.0,inf,0.0
тканині,тканині,1,2,0,0.0,0.0,inf,0.0
салон,салон,1,2,0,0.0,0.0,inf,0.0
принтовані,принтовані,1,6,0,0.0,0.0,inf,0.0
толстовок,толстовок,1,1,0,0.0,0.0,inf,0.0
комфорт,комфорт,1,4,0,0.0,0.0,inf,0.0
провокатор,провокатор,2,4,0,0.0,0.0,inf,0.0
прогнозы,прогноз,1,1,0,0.0,0.0,inf,0.0
продам,прод,1,3,0,0.0,0.0,inf,0.0
пройобана,пройоба,5,59,0,0.0,0.0,inf,0.0
молодість,молодіст,5,59,0,0.0,0.0,inf,0.0
прокомфорт,прокомфорт,1,3,0,0.0,0.0,inf,0.0
проминь,промин,1,2,0,0.0,0.0,inf,0.0
machine,machine,2,5,0,0.0,0.0,inf,0.0
пропоо,пропо,1,1,0,0.0,0.0,inf,0.0
пророр,пророр,1,7,0,0.0,0.0,inf,0.0
просторные,просторн,1,1,0,0.0,0.0,inf,0.0
прототайпс,прототайпс,1,1,0,0.0,0.0,inf,0.0
проф,проф,1,1,0,0.0,0.0,inf,0.0
проф1груп,проф1груп,1,1,0,0.0,0.0,inf,0.0
профі,профі,1,2,0,0.0,0.0,inf,0.0
профігруп,профігруп,1,1,0,0.0,0.0,inf,0.0
проєбав,проєба,1,3,0,0.0,0.0,inf,0.0
убило,уб,1,3,0,0.0,0.0,inf,0.0
прпар,прпар,1,1,0,0.0,0.0,inf,0.0
прпоп,прпоп,1,1,0,0.0,0.0,inf,0.0
прпор,прпор,1,13,0,0.0,0.0,inf,0.0
прінти,прінти,1,1,0,0.0,0.0,inf,0.0
псд,псд,5,54,0,0.0,0.0,inf,0.0
инфо,инф,1,21,0,0.0,0.0,inf,0.0
психея,психе,2,4,0,0.0,0.0,inf,0.0
психоделическая,психоделическ,1,3,0,0.0,0.0,inf,0.0
птушкін,птушкін,1,1,0,0.0,0.0,inf,0.0
бер,бер,1,1,0,0.0,0.0,inf,0.0
пул,пул,11,17,0,0.0,0.0,inf,0.0
бир,бир,8,10,0,0.0,0.0,inf,0.0
бір,бір,4,10,0,0.0,0.0,inf,0.0
енд,енд,4,10,0,0.0,0.0,inf,0.0
antidote,antidote,1,7,0,0.0,0.0,inf,0.0
пулендбір,пулендбір,1,1,0,0.0,0.0,inf,0.0
пулл,пулл,2,4,0,0.0,0.0,inf,0.0
пурпл,пурпл,1,1,0,0.0,0.0,inf,0.0
antisocial,antisocial,11,36,0,0.0,0.0,inf,0.0
пько,пько,2,342,0,0.0,0.0,inf,0.0
пюко,пюк,1,1,0,0.0,0.0,inf,0.0
півозавр,півозавр,1,9,0,0.0,0.0,inf,0.0
підписати,підписат,2,4,0,0.0,0.0,inf,0.0
підставка,підставк,4,7,0,0.0,0.0,inf,0.0
піжамні,піжамні,1,1,0,0.0,0.0,inf,0.0
morato,morato,1,4,0,0.0,0.0,inf,0.0
піратські,піратські,1,1,0,0.0,0.0,inf,0.0
рабочая,рабоч,1,1,0,0.0,0.0,inf,0.0
antony,antony,1,4,0,0.0,0.0,inf,0.0
стандарт,стандарт,2,6,0,0.0,0.0,inf,0.0
размерная,размерн,1,1,0,0.0,0.0,inf,0.0
сетка,сетк,2,2,0,0.0,0.0,inf,0.0
разные,разн,2,4,0,0.0,0.0,inf,0.0
ранчо,ранч,1,1,0,0.0,0.0,inf,0.0
разрушительное,разрушительн,1,1,0,0.0,0.0,inf,0.0
antwerpen,antwerpen,1,1,0,0.0,0.0,inf,0.0
райд,райд,2,6,0,0.0,0.0,inf,0.0
райдивижен,райдивиж,1,16,0,0.0,0.0,inf,0.0
райдивижн,райдивижн,1,1,0,0.0,0.0,inf,0.0
райдівіжен,райдівіж,1,5,0,0.0,0.0,inf,0.0
райдівіжин,райдівіжин,1,29,0,0.0,0.0,inf,0.0
райдівіжн,райдівіжн,1,10,0,0.0,0.0,inf,0.0
району,район,1,1,0,0.0,0.0,inf,0.0
apache,apache,3,7,0,0.0,0.0,inf,0.0
райт,райт,2,32,0,0.0,0.0,inf,0.0
рами,рам,1,3,0,0.0,0.0,inf,0.0
apati,apati,1,1,0,0.0,0.0,inf,0.0
рамштайн,рамштайн,10,29,0,0.0,0.0,inf,0.0
рамі,рамі,2,3,0,0.0,0.0,inf,0.0
рассвет,рассвет,3,6,0,0.0,0.0,inf,0.0
рахят,рах,1,1,0,0.0,0.0,inf,0.0
рашгард,рашгард,3,9,0,0.0,0.0,inf,0.0
рвана,рван,4,10,0,0.0,0.0,inf,0.0
рвб,рвб,1,2,0,0.0,0.0,inf,0.0
ревер,ревер,1,1,0,0.0,0.0,inf,0.0
ревуть,ревут,2,2,0,0.0,0.0,inf,0.0
реглани,реглан,2,5,0,0.0,0.0,inf,0.0
фит,фит,2,3,0,0.0,0.0,inf,0.0
регуляр,регуляр,1,2,0,0.0,0.0,inf,0.0
apocalypse,apocalypse,4,17,0,0.0,0.0,inf,0.0
редфлаг,редфлаг,1,2,0,0.0,0.0,inf,0.0
резерв,резерв,2,2,0,0.0,0.0,inf,0.0
резервд,резервд,1,2,0,0.0,0.0,inf,0.0
резервед,резервед,1,4,0,0.0,0.0,inf,0.0
резервіст,резервіст,1,1,0,0.0,0.0,inf,0.0
резиновая,резинов,1,1,0,0.0,0.0,inf,0.0
рей,ре,6,21,0,0.0,0.0,inf,0.0
реймаркет,реймаркет,1,2,0,0.0,0.0,inf,0.0
рейнхаус,рейнхаус,1,1,0,0.0,0.0,inf,0.0
релаксед,релаксед,1,1,0,0.0,0.0,inf,0.0
ремінь,ремін,1,6,0,0.0,0.0,inf,0.0
рендж,рендж,3,69,0,0.0,0.0,inf,0.0
рокс,рокс,3,70,0,0.0,0.0,inf,0.0
ренж,ренж,1,10,0,0.0,0.0,inf,0.0
ретро,ретр,4,4,0,0.0,0.0,inf,0.0
рефлективная,рефлективн,2,41,0,0.0,0.0,inf,0.0
речей,реч,1,1,0,0.0,0.0,inf,0.0
рибацький,рибацьк,1,1,0,0.0,0.0,inf,0.0
ривердейл,ривердейл,1,1,0,0.0,0.0,inf,0.0
хай,ха,1,1,0,0.0,0.0,inf,0.0
хайп,хайп,11,119,0,0.0,0.0,inf,0.0
рикихайп,рикихайп,1,3,0,0.0,0.0,inf,0.0
рикки,рикк,1,31,0,0.0,0.0,inf,0.0
apogeya,apogeya,1,1,0,0.0,0.0,inf,0.0
риод,риод,1,18,0,0.0,0.0,inf,0.0
дивижен,дивиж,1,1,0,0.0,0.0,inf,0.0
риотдивижн,риотдивижн,1,2,0,0.0,0.0,inf,0.0
рип,рип,3,4,0,0.0,0.0,inf,0.0
стоп,стоп,3,3,0,0.0,0.0,inf,0.0
рипндип,рипндип,3,13,0,0.0,0.0,inf,0.0
жаба,жаб,2,7,0,0.0,0.0,inf,0.0
рогата,рогат,1,5,0,0.0,0.0,inf,0.0
родина,родин,2,6,0,0.0,0.0,inf,0.0
рожеві,рожеві,4,5,0,0.0,0.0,inf,0.0
розетка,розетк,8,48,0,0.0,0.0,inf,0.0
розмова,розмов,1,1,0,0.0,0.0,inf,0.0
джинсів,джинсів,1,1,0,0.0,0.0,inf,0.0
доместосом,доместос,1,2,0,0.0,0.0,inf,0.0
розпис,розпис,1,2,0,0.0,0.0,inf,0.0
розписаний,розписан,1,18,0,0.0,0.0,inf,0.0
биз,биз,3,10,0,0.0,0.0,inf,0.0
вей,ве,3,15,0,0.0,0.0,inf,0.0
талисман,талисма,6,10,0,0.0,0.0,inf,0.0
талісман,талісма,4,7,0,0.0,0.0,inf,0.0
фан,фан,1,8,0,0.0,0.0,inf,0.0
детей,дет,2,2,0,0.0,0.0,inf,0.0
apollo,apollo,1,1,0,0.0,0.0,inf,0.0
рокбиз,рокбиз,1,1,0,0.0,0.0,inf,0.0
рокбіз,рокбіз,1,1,0,0.0,0.0,inf,0.0
роквей,рокв,5,74,0,0.0,0.0,inf,0.0
біз,біз,1,2,0,0.0,0.0,inf,0.0
роквэй,роквэ,1,1,0,0.0,0.0,inf,0.0
apolloshop,apolloshop,1,2,0,0.0,0.0,inf,0.0
wings,wings,3,4,0,0.0,0.0,inf,0.0
april,april,2,3,0,0.0,0.0,inf,0.0
поднятия,поднят,1,2,0,0.0,0.0,inf,0.0
романова,романов,1,5,0,0.0,0.0,inf,0.0
романовашоп,романовашоп,1,1,0,0.0,0.0,inf,0.0
ромашка,ромашк,1,2,0,0.0,0.0,inf,0.0
роспись,росп,1,1,0,0.0,0.0,inf,0.0
тут,тут,2,2,0,0.0,0.0,inf,0.0
кінця,кінця,1,1,0,0.0,0.0,inf,0.0
ротації,ротації,1,1,0,0.0,0.0,inf,0.0
клетку,клетк,1,1,0,0.0,0.0,inf,0.0
рубашка,рубашк,6,8,0,0.0,0.0,inf,0.0
рубеж,рубеж,1,1,0,0.0,0.0,inf,0.0
румми,румм,1,1,0,0.0,0.0,inf,0.0
arachne,arachne,1,3,0,0.0,0.0,inf,0.0
рунік,рунік,1,2,0,0.0,0.0,inf,0.0
рфкв,рфкв,1,1,0,0.0,0.0,inf,0.0
ріж,ріж,3,23,0,0.0,0.0,inf,0.0
русню,русн,3,23,0,0.0,0.0,inf,0.0
ріккі,ріккі,1,4,0,0.0,0.0,inf,0.0
ріккіхайп,ріккіхайп,1,2,0,0.0,0.0,inf,0.0
рікуі,рікуі,1,3,0,0.0,0.0,inf,0.0
рікі,рікі,4,37,0,0.0,0.0,inf,0.0
рікіхайп,рікіхайп,1,5,0,0.0,0.0,inf,0.0
ріо,ріо,4,36,0,0.0,0.0,inf,0.0
дівіжен,дівіжен,2,17,0,0.0,0.0,inf,0.0
araman,araman,1,1,0,0.0,0.0,inf,0.0
дівізіон,дівізіон,2,19,0,0.0,0.0,inf,0.0
дівіжин,дівіжин,1,83,0,0.0,0.0,inf,0.0
ріотдівіжен,ріотдівіж,1,1,0,0.0,0.0,inf,0.0
aravana,aravana,1,1,0,0.0,0.0,inf,0.0
ріпндіп,ріпндіп,1,2,0,0.0,0.0,inf,0.0
нами,нам,3,11,0,0.0,0.0,inf,0.0
чем,чем,1,1,0,0.0,0.0,inf,0.0
с7мь,с7м,1,1,0,0.0,0.0,inf,0.0
сагайдачний,сагайдачн,2,5,0,0.0,0.0,inf,0.0
салатове,салатов,1,1,0,0.0,0.0,inf,0.0
самурай,самура,7,24,0,0.0,0.0,inf,0.0
сангвиник,сангвиник,1,3,0,0.0,0.0,inf,0.0
помилку,помилк,2,4,0,0.0,0.0,inf,0.0
сарана,сара,2,8,0,0.0,0.0,inf,0.0
arber,arber,1,2,0,0.0,0.0,inf,0.0
сатанинская,сатанинск,1,1,0,0.0,0.0,inf,0.0
сатинові,сатинові,1,1,0,0.0,0.0,inf,0.0
саша,саш,2,5,0,0.0,0.0,inf,0.0
чемеров,чемер,1,1,0,0.0,0.0,inf,0.0
саітшот,саітшот,1,2,0,0.0,0.0,inf,0.0
сбд,сбд,2,4,0,0.0,0.0,inf,0.0
стоун,стоун,1,4,0,0.0,0.0,inf,0.0
свадебный,свадебн,1,1,0,0.0,0.0,inf,0.0
свастоун,свастоун,1,11,0,0.0,0.0,inf,0.0
свастунг,свастунг,1,8,0,0.0,0.0,inf,0.0
сведр,сведр,1,1,0,0.0,0.0,inf,0.0
свестон,свестон,1,1,0,0.0,0.0,inf,0.0
светло,светл,2,2,0,0.0,0.0,inf,0.0
кузьмою,кузьм,5,6,0,0.0,0.0,inf,0.0
светящаяся,светя,2,3,0,0.0,0.0,inf,0.0
свидетельство,свидетельств,1,1,0,0.0,0.0,inf,0.0
свистон,свистон,1,1,0,0.0,0.0,inf,0.0
шот,шот,3,14,0,0.0,0.0,inf,0.0
note,note,1,1,0,0.0,0.0,inf,0.0
666,666,2,11,0,0.0,0.0,inf,0.0
firestarter,firestarter,1,1,0,0.0,0.0,inf,0.0
барби,барб,1,1,0,0.0,0.0,inf,0.0
разница,разниц,1,1,0,0.0,0.0,inf,0.0
кензо,кенз,2,5,0,0.0,0.0,inf,0.0
доберманом,доберман,5,24,0,0.0,0.0,inf,0.0
иисусом,иисус,6,18,0,0.0,0.0,inf,0.0
китом,кит,1,1,0,0.0,0.0,inf,0.0
синий,син,10,19,0,0.0,0.0,inf,0.0
стикерами,стикер,5,8,0,0.0,0.0,inf,0.0
дай,да,2,3,0,0.0,0.0,inf,0.0
чемпион,чемпион,4,6,0,0.0,0.0,inf,0.0
мной,мно,2,2,0,0.0,0.0,inf,0.0
или,ил,5,6,0,0.0,0.0,inf,0.0
япония,япон,1,3,0,0.0,0.0,inf,0.0
свитшотт,свитшотт,1,1,0,0.0,0.0,inf,0.0
свытшот,свытшот,1,1,0,0.0,0.0,inf,0.0
мати,мат,9,27,0,0.0,0.0,inf,0.0
герой,гер,1,2,0,0.0,0.0,inf,0.0
свідшот,свідшот,1,1,0,0.0,0.0,inf,0.0
світ,світ,2,3,0,0.0,0.0,inf,0.0
світшоп,світшоп,1,2,0,0.0,0.0,inf,0.0
вінтаж,вінтаж,3,7,0,0.0,0.0,inf,0.0
синій,сині,5,6,0,0.0,0.0,inf,0.0
сірий,сіри,3,5,0,0.0,0.0,inf,0.0
фіолетовий,фіолетов,4,8,0,0.0,0.0,inf,0.0
маунтинс,маунтинс,1,1,0,0.0,0.0,inf,0.0
севен,сев,1,1,0,0.0,0.0,inf,0.0
седсвіт,седсвіт,1,2,0,0.0,0.0,inf,0.0
секд,секд,1,1,0,0.0,0.0,inf,0.0
хенд,хенд,2,2,0,0.0,0.0,inf,0.0
секта,сект,1,6,0,0.0,0.0,inf,0.0
arcane,arcane,1,1,0,0.0,0.0,inf,0.0
сергей,серг,2,3,0,0.0,0.0,inf,0.0
романович,романович,1,2,0,0.0,0.0,inf,0.0
серденько,серденьк,1,5,0,0.0,0.0,inf,0.0
серебрянський,серебрянськ,2,3,0,0.0,0.0,inf,0.0
ліс,ліс,2,3,0,0.0,0.0,inf,0.0
сикс,сикс,1,12,0,0.0,0.0,inf,0.0
arch,arch,11,33,0,0.0,0.0,inf,0.0
сиксти,сикст,1,31,0,0.0,0.0,inf,0.0
найн,найн,3,39,0,0.0,0.0,inf,0.0
сикстинайн,сикстинайн,1,7,0,0.0,0.0,inf,0.0
шаровари,шаровар,4,4,0,0.0,0.0,inf,0.0
силові,силові,1,1,0,0.0,0.0,inf,0.0
симбиоз,симбиоз,1,1,0,0.0,0.0,inf,0.0
симбиозис,симбиозис,2,13,0,0.0,0.0,inf,0.0
симбиосис,симбиосис,2,4,0,0.0,0.0,inf,0.0
синдікат,синдікат,1,3,0,0.0,0.0,inf,0.0
синє,синє,2,7,0,0.0,0.0,inf,0.0
сиреневая,сиренев,1,1,0,0.0,0.0,inf,0.0
хатній,хатні,2,4,0,0.0,0.0,inf,0.0
сич,сич,2,4,0,0.0,0.0,inf,0.0
скалолазные,скалолазн,1,2,0,0.0,0.0,inf,0.0
скандинавские,скандинавск,4,12,0,0.0,0.0,inf,0.0
скарфейс,скарфейс,1,1,0,0.0,0.0,inf,0.0
скаут,скаут,1,1,0,0.0,0.0,inf,0.0
скачати,скачат,1,1,0,0.0,0.0,inf,0.0
сквозь,сквоз,1,1,0,0.0,0.0,inf,0.0
скейтерская,скейтерск,4,10,0,0.0,0.0,inf,0.0
скло,скло,1,8,0,0.0,0.0,inf,0.0
скрипка,скрипк,3,3,0,0.0,0.0,inf,0.0
скрябин,скрябин,2,3,0,0.0,0.0,inf,0.0
скріпка,скріпка,1,1,0,0.0,0.0,inf,0.0
скщз,скщз,1,1,0,0.0,0.0,inf,0.0
скщзз,скщзз,1,1,0,0.0,0.0,inf,0.0
скіапареллі,скіапареллі,1,1,0,0.0,0.0,inf,0.0
підда,підда,1,3,0,0.0,0.0,inf,0.0
слабым,слаб,3,4,0,0.0,0.0,inf,0.0
слава,слав,4,15,0,0.0,0.0,inf,0.0
ворогам,ворог,2,3,0,0.0,0.0,inf,0.0
славні,славні,1,2,0,0.0,0.0,inf,0.0
слим,слим,2,2,0,0.0,0.0,inf,0.0
слимфит,слимф,1,1,0,0.0,0.0,inf,0.0
словетский,словетск,2,3,0,0.0,0.0,inf,0.0
слоучи,слоуч,1,1,0,0.0,0.0,inf,0.0
смарт,смарт,1,1,0,0.0,0.0,inf,0.0
смаш,смаш,1,7,0,0.0,0.0,inf,0.0
всім,всім,1,1,0,0.0,0.0,inf,0.0
зачекає,зачекає,4,8,0,0.0,0.0,inf,0.0
смерч,смерч,2,4,0,0.0,0.0,inf,0.0
сміливі,сміливі,2,4,0,0.0,0.0,inf,0.0
завжди,завжд,3,6,0,0.0,0.0,inf,0.0
честь,чест,1,1,0,0.0,0.0,inf,0.0
сміливість,сміливіст,2,3,0,0.0,0.0,inf,0.0
звитяга,звитяг,1,1,0,0.0,0.0,inf,0.0
смішна,смішна,1,2,0,0.0,0.0,inf,0.0
смішні,смішні,1,2,0,0.0,0.0,inf,0.0
жадани,жадан,1,1,0,0.0,0.0,inf,0.0
сова,сов,7,15,0,0.0,0.0,inf,0.0
современная,современ,3,8,0,0.0,0.0,inf,0.0
создать,созда,2,7,0,0.0,0.0,inf,0.0
сокира,сокир,3,26,0,0.0,0.0,inf,0.0
солдатів,солдатів,1,1,0,0.0,0.0,inf,0.0
солиар,солиар,1,1,0,0.0,0.0,inf,0.0
солмар,солмар,2,3,0,0.0,0.0,inf,0.0
сомпані,сомпані,1,1,0,0.0,0.0,inf,0.0
спиш,спиш,3,5,0,0.0,0.0,inf,0.0
сонь,сон,3,5,0,0.0,0.0,inf,0.0
сорт,сорт,4,25,0,0.0,0.0,inf,0.0
сорткомпани,сорткомпан,1,2,0,0.0,0.0,inf,0.0
состаренная,состарен,1,1,0,0.0,0.0,inf,0.0
спандекс,спандекс,1,2,0,0.0,0.0,inf,0.0
спартан,спарта,2,6,0,0.0,0.0,inf,0.0
спартивки,спартивк,1,3,0,0.0,0.0,inf,0.0
нерукотворный,нерукотворн,1,1,0,0.0,0.0,inf,0.0
спитфайр,спитфайр,1,1,0,0.0,0.0,inf,0.0
сплин,сплин,1,1,0,0.0,0.0,inf,0.0
костюмі,костюмі,1,1,0,0.0,0.0,inf,0.0
спортано,спорта,1,2,0,0.0,0.0,inf,0.0
туфли,туфл,1,1,0,0.0,0.0,inf,0.0
плюс,плюс,2,3,0,0.0,0.0,inf,0.0
сайз,сайз,1,2,0,0.0,0.0,inf,0.0
графіт,графіт,3,6,0,0.0,0.0,inf,0.0
темно,темн,17,26,0,0.0,0.0,inf,0.0
пуш,пуш,1,2,0,0.0,0.0,inf,0.0
апом,ап,1,2,0,0.0,0.0,inf,0.0
enemy,enemy,9,23,0,0.0,0.0,inf,0.0
garments,garments,1,2,0,0.0,0.0,inf,0.0
2025,2025,1,1,0,0.0,0.0,inf,0.0
avic,avic,1,1,0,0.0,0.0,inf,0.0
nba,nba,1,1,0,0.0,0.0,inf,0.0
archaic,archaic,1,1,0,0.0,0.0,inf,0.0
фитнеса,фитнес,1,1,0,0.0,0.0,inf,0.0
зауженные,заужен,1,1,0,0.0,0.0,inf,0.0
190,190,1,1,0,0.0,0.0,inf,0.0
подросток,подросток,1,1,0,0.0,0.0,inf,0.0
подворотами,подворот,1,1,0,0.0,0.0,inf,0.0
страдивариус,страдивариус,3,3,0,0.0,0.0,inf,0.0
узкие,узк,2,2,0,0.0,0.0,inf,0.0
двунитка,двунитк,8,12,0,0.0,0.0,inf,0.0
трикотаж,трикотаж,9,13,0,0.0,0.0,inf,0.0
эстетика,эстетик,1,2,0,0.0,0.0,inf,0.0
бріджі,бріджі,1,4,0,0.0,0.0,inf,0.0
товари,товар,2,3,0,0.0,0.0,inf,0.0
аладіни,аладін,1,1,0,0.0,0.0,inf,0.0
балони,балон,3,10,0,0.0,0.0,inf,0.0
банани,банан,5,13,0,0.0,0.0,inf,0.0
флісу,флісу,3,6,0,0.0,0.0,inf,0.0
джома,джом,1,1,0,0.0,0.0,inf,0.0
вагітних,вагітн,1,3,0,0.0,0.0,inf,0.0
знизу,зниз,1,1,0,0.0,0.0,inf,0.0
розрізом,розріз,2,2,0,0.0,0.0,inf,0.0
підліток,підліток,2,5,0,0.0,0.0,inf,0.0
страдіваріус,страдіваріус,2,2,0,0.0,0.0,inf,0.0
турція,турці,3,5,0,0.0,0.0,inf,0.0
хлопчачі,хлопчачі,3,5,0,0.0,0.0,inf,0.0
чемпіон,чемпіон,3,4,0,0.0,0.0,inf,0.0
фірмові,фірмові,4,10,0,0.0,0.0,inf,0.0
щтани,щтан,2,4,0,0.0,0.0,inf,0.0
спортмакс,спортмакс,1,1,0,0.0,0.0,inf,0.0
спортмастер,спортмастер,3,6,0,0.0,0.0,inf,0.0
спортсвеар,спортсвеар,1,1,0,0.0,0.0,inf,0.0
спорттайм,спорттайм,1,5,0,0.0,0.0,inf,0.0
спортівні,спортівні,5,13,0,0.0,0.0,inf,0.0
сппокій,сппокі,1,1,0,0.0,0.0,inf,0.0
спрр,спрр,1,1,0,0.0,0.0,inf,0.0
спрінгфілд,спрінгфілд,1,1,0,0.0,0.0,inf,0.0
1985,1985,3,4,0,0.0,0.0,inf,0.0
спутник,спутник,5,7,0,0.0,0.0,inf,0.0
стабик,стабик,1,1,0,0.0,0.0,inf,0.0
стан,стан,2,2,0,0.0,0.0,inf,0.0
стандартний,стандартн,1,14,0,0.0,0.0,inf,0.0
старбери,старбер,1,6,0,0.0,0.0,inf,0.0
старберри,старберр,2,44,0,0.0,0.0,inf,0.0
старберрі,старберрі,1,10,0,0.0,0.0,inf,0.0
старбері,старбері,5,42,0,0.0,0.0,inf,0.0
старі,старі,1,1,0,0.0,0.0,inf,0.0
стастон,стастон,1,3,0,0.0,0.0,inf,0.0
статуэтка,статуэтк,2,20,0,0.0,0.0,inf,0.0
житомир,житомир,4,17,0,0.0,0.0,inf,0.0
клозес,клозес,2,2,0,0.0,0.0,inf,0.0
стафі,стафі,1,2,0,0.0,0.0,inf,0.0
створення,створен,1,2,0,0.0,0.0,inf,0.0
створити,створит,4,41,0,0.0,0.0,inf,0.0
степові,степові,1,1,0,0.0,0.0,inf,0.0
стефано,стефа,1,1,0,0.0,0.0,inf,0.0
риччи,ричч,1,1,0,0.0,0.0,inf,0.0
стритвир,стритвир,10,33,0,0.0,0.0,inf,0.0
стильні,стильні,9,26,0,0.0,0.0,inf,0.0
стильово,стильов,1,1,0,0.0,0.0,inf,0.0
стрейчевые,стрейчев,1,1,0,0.0,0.0,inf,0.0
стрела,стрел,2,6,0,0.0,0.0,inf,0.0
стрит,стрит,1,7,0,0.0,0.0,inf,0.0
стритвеар,стритвеар,1,29,0,0.0,0.0,inf,0.0
стріт,стріт,1,5,0,0.0,0.0,inf,0.0
стрітвеар,стрітвеар,1,1,0,0.0,0.0,inf,0.0
стрітвер,стрітвер,2,5,0,0.0,0.0,inf,0.0
стрітвір,стрітвір,3,7,0,0.0,0.0,inf,0.0
стс,стс,1,2,0,0.0,0.0,inf,0.0
стули,стул,1,2,0,0.0,0.0,inf,0.0
писок,писок,1,2,0,0.0,0.0,inf,0.0
стшоп,стшоп,1,2,0,0.0,0.0,inf,0.0
отряда,отряд,1,4,0,0.0,0.0,inf,0.0
стях,стях,1,2,0,0.0,0.0,inf,0.0
стіма,стіма,1,2,0,0.0,0.0,inf,0.0
сублімаційний,сублімаційн,1,6,0,0.0,0.0,inf,0.0
сукня,сукн,1,3,0,0.0,0.0,inf,0.0
султанками,султанк,1,1,0,0.0,0.0,inf,0.0
сумеречный,сумеречн,1,2,0,0.0,0.0,inf,0.0
сумка,сумк,1,5,0,0.0,0.0,inf,0.0
сумма,сумм,1,2,0,0.0,0.0,inf,0.0
супер,супер,2,2,0,0.0,0.0,inf,0.0
сусіди,сусід,1,1,0,0.0,0.0,inf,0.0
стерплять,стерпля,1,1,0,0.0,0.0,inf,0.0
сучасний,сучасн,5,9,0,0.0,0.0,inf,0.0
схватка,схватк,3,19,0,0.0,0.0,inf,0.0
сыны,сын,4,4,0,0.0,0.0,inf,0.0
сікс,сікс,2,4,0,0.0,0.0,inf,0.0
зерос,зерос,1,2,0,0.0,0.0,inf,0.0
сіксті,сіксті,1,6,0,0.0,0.0,inf,0.0
сіль,сіл,2,12,0,0.0,0.0,inf,0.0
сімбіосіс,сімбіосіс,1,2,0,0.0,0.0,inf,0.0
сіндікат,сіндікат,1,6,0,0.0,0.0,inf,0.0
сінсей,сінсе,2,6,0,0.0,0.0,inf,0.0
сіра,сіра,6,8,0,0.0,0.0,inf,0.0
сіх,сіх,1,1,0,0.0,0.0,inf,0.0
січові,січові,1,2,0,0.0,0.0,inf,0.0
стрільці,стрільці,1,2,0,0.0,0.0,inf,0.0
сїх,сїх,1,1,0,0.0,0.0,inf,0.0
таблица,таблиц,1,2,0,0.0,0.0,inf,0.0
таблиця,таблит^,2,2,0,0.0,0.0,inf,0.0
табу,таб,5,9,0,0.0,0.0,inf,0.0
тайна,тайн,4,11,0,0.0,0.0,inf,0.0
archgoat,archgoat,2,7,0,0.0,0.0,inf,0.0
вейл,вейл,1,1,0,0.0,0.0,inf,0.0
тамблер,тамблер,1,3,0,0.0,0.0,inf,0.0
тамплиер,тамплиер,2,2,0,0.0,0.0,inf,0.0
танковый,танков,2,3,0,0.0,0.0,inf,0.0
танцевальные,танцевальн,1,2,0,0.0,0.0,inf,0.0
танцювальні,танцювальні,2,3,0,0.0,0.0,inf,0.0
тату,тат,13,39,0,0.0,0.0,inf,0.0
светерс,светерс,1,13,0,0.0,0.0,inf,0.0
татусветерс,татусветерс,1,2,0,0.0,0.0,inf,0.0
твайлайт,твайлайт,2,4,0,0.0,0.0,inf,0.0
хаммер,хаммер,5,10,0,0.0,0.0,inf,0.0
твой,тво,4,32,0,0.0,0.0,inf,0.0
тейваз,тейваз,3,14,0,0.0,0.0,inf,0.0
темнозорь,темнозор,1,3,0,0.0,0.0,inf,0.0
тенісні,тенісні,1,2,0,0.0,0.0,inf,0.0
цін,цін,1,2,0,0.0,0.0,inf,0.0
мінімальних,мінімальн,1,2,0,0.0,0.0,inf,0.0
термит,терм,3,5,0,0.0,0.0,inf,0.0
термохромна,термохромн,3,10,0,0.0,0.0,inf,0.0
термоштани,термоштан,1,1,0,0.0,0.0,inf,0.0
тесла,тесл,1,1,0,0.0,0.0,inf,0.0
наступний,наступн,2,2,0,0.0,0.0,inf,0.0
фаден,фад,2,2,0,0.0,0.0,inf,0.0
тимур,тимур,2,11,0,0.0,0.0,inf,0.0
типография,типограф,1,3,0,0.0,0.0,inf,0.0
артфлаг,артфлаг,1,3,0,0.0,0.0,inf,0.0
тишка,тишк,2,7,0,0.0,0.0,inf,0.0
тнмк,тнмк,2,4,0,0.0,0.0,inf,0.0
тол,тол,3,36,0,0.0,0.0,inf,0.0
architects,architects,4,11,0,0.0,0.0,inf,0.0
sally,sally,1,1,0,0.0,0.0,inf,0.0
аризона,аризон,1,4,0,0.0,0.0,inf,0.0
баскетбол,баскетбол,1,1,0,0.0,0.0,inf,0.0
вечно,вечн,1,3,0,0.0,0.0,inf,0.0
когтевран,когтевра,1,2,0,0.0,0.0,inf,0.0
влада,влад,3,10,0,0.0,0.0,inf,0.0
мияги,мияг,2,2,0,0.0,0.0,inf,0.0
мона,мон,2,5,0,0.0,0.0,inf,0.0
лиза,лиз,2,5,0,0.0,0.0,inf,0.0
шрифтом,шрифт,2,21,0,0.0,0.0,inf,0.0
девочки,девочк,1,1,0,0.0,0.0,inf,0.0
хаки,хак,2,3,0,0.0,0.0,inf,0.0
грозном,грозн,1,2,0,0.0,0.0,inf,0.0
тон,тон,1,2,0,0.0,0.0,inf,0.0
тонкі,тонкі,2,8,0,0.0,0.0,inf,0.0
archive,archive,7,9,0,0.0,0.0,inf,0.0
тайм,тайм,1,1,0,0.0,0.0,inf,0.0
топовые,топов,2,4,0,0.0,0.0,inf,0.0
топтайм,топтайм,1,1,0,0.0,0.0,inf,0.0
торч,торч,1,1,0,0.0,0.0,inf,0.0
торштайнер,торштайнер,1,2,0,0.0,0.0,inf,0.0
транс,транс,1,9,0,0.0,0.0,inf,0.0
трафик,трафик,1,5,0,0.0,0.0,inf,0.0
трезвый,трезв,3,7,0,0.0,0.0,inf,0.0
заряд,заряд,3,7,0,0.0,0.0,inf,0.0
трекінговий,трекінгов,1,1,0,0.0,0.0,inf,0.0
колекшн,колекшн,1,1,0,0.0,0.0,inf,0.0
трендові,трендові,3,7,0,0.0,0.0,inf,0.0
треники,треник,3,3,0,0.0,0.0,inf,0.0
тормозами,тормоз,1,1,0,0.0,0.0,inf,0.0
треніки,тренік,1,1,0,0.0,0.0,inf,0.0
дерев,дер,1,1,0,0.0,0.0,inf,0.0
подвійний,подвійн,1,3,0,0.0,0.0,inf,0.0
тримачі,тримачі,1,2,0,0.0,0.0,inf,0.0
троещина,троещин,2,10,0,0.0,0.0,inf,0.0
трофім,трофім,1,1,0,0.0,0.0,inf,0.0
трурелижен,трурелиж,1,1,0,0.0,0.0,inf,0.0
петля,петл,1,4,0,0.0,0.0,inf,0.0
трэвис,трэвис,1,1,0,0.0,0.0,inf,0.0
скотт,скотт,1,1,0,0.0,0.0,inf,0.0
трэшер,трэшер,1,1,0,0.0,0.0,inf,0.0
сюди,сюд,1,2,0,0.0,0.0,inf,0.0
туди,туд,1,2,0,0.0,0.0,inf,0.0
тумба,тумб,1,3,0,0.0,0.0,inf,0.0
тур,тур,8,165,0,0.0,0.0,inf,0.0
вир,вир,1,27,0,0.0,0.0,inf,0.0
вір,вір,1,15,0,0.0,0.0,inf,0.0
турбат,турбат,1,1,0,0.0,0.0,inf,0.0
турвеар,турвеар,1,64,0,0.0,0.0,inf,0.0
турвер,турвер,1,20,0,0.0,0.0,inf,0.0
турвир,турвир,1,6,0,0.0,0.0,inf,0.0
турвір,турвір,1,9,0,0.0,0.0,inf,0.0
турецкие,турецк,3,3,0,0.0,0.0,inf,0.0
кропивницький,кропивницьк,1,4,0,0.0,0.0,inf,0.0
турецькі,турецькі,1,2,0,0.0,0.0,inf,0.0
тцк,тцк,5,14,0,0.0,0.0,inf,0.0
тіар,тіар,1,1,0,0.0,0.0,inf,0.0
тінь,тін,2,6,0,0.0,0.0,inf,0.0
fashion,fashion,10,14,0,0.0,0.0,inf,0.0
arckanum,arckanum,1,2,0,0.0,0.0,inf,0.0
arcteryx,arcteryx,5,15,0,0.0,0.0,inf,0.0
тільки,тільки,1,1,0,0.0,0.0,inf,0.0
arey,arey,1,4,0,0.0,0.0,inf,0.0
світі,світі,2,2,0,0.0,0.0,inf,0.0
цьому,цьом,2,2,0,0.0,0.0,inf,0.0
ціні,ціні,2,2,0,0.0,0.0,inf,0.0
удлиненные,удлинен,2,3,0,0.0,0.0,inf,0.0
удобные,удобн,1,1,0,0.0,0.0,inf,0.0
удостоверение,удостоверен,1,1,0,0.0,0.0,inf,0.0
удочки,удочк,2,3,0,0.0,0.0,inf,0.0
укорочена,укороч,5,5,0,0.0,0.0,inf,0.0
укорочені,укорочені,5,9,0,0.0,0.0,inf,0.0
молодежи,молодеж,3,13,0,0.0,0.0,inf,0.0
скейтшопы,скейтшоп,1,1,0,0.0,0.0,inf,0.0
укрармор,укрармор,1,8,0,0.0,0.0,inf,0.0
героів,героів,1,1,0,0.0,0.0,inf,0.0
украінський,украінськ,1,2,0,0.0,0.0,inf,0.0
украінські,украінські,2,5,0,0.0,0.0,inf,0.0
фон,фон,2,2,0,0.0,0.0,inf,0.0
мого,мог,1,1,0,0.0,0.0,inf,0.0
серця,серт^,1,1,0,0.0,0.0,inf,0.0
правда,правд,2,5,0,0.0,0.0,inf,0.0
дизайнерський,дизайнерськ,1,1,0,0.0,0.0,inf,0.0
націоналізм,націоналізм,1,1,0,0.0,0.0,inf,0.0
список,список,1,1,0,0.0,0.0,inf,0.0
україніка,українік,1,11,0,0.0,0.0,inf,0.0
укрзалізниця,укрзалізнит^,4,9,0,0.0,0.0,inf,0.0
укрпошта,укрпошт,2,2,0,0.0,0.0,inf,0.0
укрстайл,укрстайл,1,1,0,0.0,0.0,inf,0.0
уляна,уля,2,5,0,0.0,0.0,inf,0.0
дель,дел,2,5,0,0.0,0.0,inf,0.0
упс,упс,1,1,0,0.0,0.0,inf,0.0
трапилось,трап,1,1,0,0.0,0.0,inf,0.0
пленет,пленет,2,34,0,0.0,0.0,inf,0.0
тактікал,тактіка,1,27,0,0.0,0.0,inf,0.0
урбанпланет,урбанпланет,1,3,0,0.0,0.0,inf,0.0
урбанпленет,урбанпленет,1,1,0,0.0,0.0,inf,0.0
урбаніст,урбаніст,1,3,0,0.0,0.0,inf,0.0
установка,установк,1,1,0,0.0,0.0,inf,0.0
устройство,устройств,1,2,0,0.0,0.0,inf,0.0
усі,усі,1,2,0,0.0,0.0,inf,0.0
усік,усік,1,3,0,0.0,0.0,inf,0.0
утеплені,утеплені,5,10,0,0.0,0.0,inf,0.0
шоу,шо,2,2,0,0.0,0.0,inf,0.0
утопия,утоп,2,2,0,0.0,0.0,inf,0.0
утопия8,утопия8,1,2,0,0.0,0.0,inf,0.0
утопія,утопі,1,3,0,0.0,0.0,inf,0.0
утяжелитель,утяжелител,1,2,0,0.0,0.0,inf,0.0
ухилянт,ухилянт,3,18,0,0.0,0.0,inf,0.0
фаворит,фавор,1,1,0,0.0,0.0,inf,0.0
фалг,фалг,1,26,0,0.0,0.0,inf,0.0
фамо,фам,3,10,0,0.0,0.0,inf,0.0
фанме,фанм,2,2,0,0.0,0.0,inf,0.0
кет,кет,1,13,0,0.0,0.0,inf,0.0
фантомка,фантомк,1,4,0,0.0,0.0,inf,0.0
фаренгейт,фаренгейт,4,6,0,0.0,0.0,inf,0.0
фарфи,фарф,3,51,0,0.0,0.0,inf,0.0
фарфі,фарфі,2,67,0,0.0,0.0,inf,0.0
фасадный,фасадн,2,2,0,0.0,0.0,inf,0.0
фатлайн,фатлайн,1,2,0,0.0,0.0,inf,0.0
фашистская,фашистск,1,1,0,0.0,0.0,inf,0.0
фенди,фенд,1,1,0,0.0,0.0,inf,0.0
фиолетовая,фиолетов,5,5,0,0.0,0.0,inf,0.0
150,150,1,30,0,0.0,0.0,inf,0.0
авдеевки,авдеевк,1,3,0,0.0,0.0,inf,0.0
адамова,адамов,1,1,0,0.0,0.0,inf,0.0
адептус,адептус,1,2,0,0.0,0.0,inf,0.0
механикус,механикус,1,2,0,0.0,0.0,inf,0.0
артиллерии,артиллер,3,15,0,0.0,0.0,inf,0.0
батальона,батальон,1,3,0,0.0,0.0,inf,0.0
войск,войск,6,15,0,0.0,0.0,inf,0.0
беспилотных,беспилотн,1,3,0,0.0,0.0,inf,0.0
комнату,комнат,1,2,0,0.0,0.0,inf,0.0
ввс,ввс,1,1,0,0.0,0.0,inf,0.0
колец,колец,2,3,0,0.0,0.0,inf,0.0
властелин,властелин,2,3,0,0.0,0.0,inf,0.0
доброполья,добропол,1,1,0,0.0,0.0,inf,0.0
при,при,1,3,0,0.0,0.0,inf,0.0
обл,обл,1,13,0,0.0,0.0,inf,0.0
обои,обо,1,4,0,0.0,0.0,inf,0.0
израиля,израил,1,1,0,0.0,0.0,inf,0.0
изюма,изюм,1,1,0,0.0,0.0,inf,0.0
казаков,казак,3,12,0,0.0,0.0,inf,0.0
мариуполя,мариупол,1,6,0,0.0,0.0,inf,0.0
мафии,маф,1,1,0,0.0,0.0,inf,0.0
махновцев,махновц,2,3,0,0.0,0.0,inf,0.0
мир,мир,1,1,0,0.0,0.0,inf,0.0
гроб,гроб,2,9,0,0.0,0.0,inf,0.0
надежды,надежд,1,1,0,0.0,0.0,inf,0.0
параши,параш,1,5,0,0.0,0.0,inf,0.0
парус,парус,1,1,0,0.0,0.0,inf,0.0
пво,пво,3,4,0,0.0,0.0,inf,0.0
гру,гру,2,2,0,0.0,0.0,inf,0.0
рэб,рэб,1,2,0,0.0,0.0,inf,0.0
солнцем,солнц,3,6,0,0.0,0.0,inf,0.0
селидово,селидов,1,2,0,0.0,0.0,inf,0.0
систем,сист,2,9,0,0.0,0.0,inf,0.0
снайперов,снайпер,2,14,0,0.0,0.0,inf,0.0
старков,старк,1,1,0,0.0,0.0,inf,0.0
суперземли,суперземл,1,3,0,0.0,0.0,inf,0.0
торецка,торецк,1,1,0,0.0,0.0,inf,0.0
года,год,1,1,0,0.0,0.0,inf,0.0
1918,1918,1,1,0,0.0,0.0,inf,0.0
украині,украині,2,3,0,0.0,0.0,inf,0.0
areyousleepingsonya,areyousleepingsonya,1,4,0,0.0,0.0,inf,0.0
христианства,христианств,1,1,0,0.0,0.0,inf,0.0
центурии,центур,2,14,0,0.0,0.0,inf,0.0
arise,arise,1,1,0,0.0,0.0,inf,0.0
рекламные,рекламн,1,1,0,0.0,0.0,inf,0.0
родов,род,3,6,0,0.0,0.0,inf,0.0
цена,цен,4,10,0,0.0,0.0,inf,0.0
флагмастер,флагмастер,1,27,0,0.0,0.0,inf,0.0
флагсистем,флагсист,1,10,0,0.0,0.0,inf,0.0
флагсістем,флагсіст,1,4,0,0.0,0.0,inf,0.0
конструкция,конструкц,1,4,0,0.0,0.0,inf,0.0
нержавейка,нержавейк,1,1,0,0.0,0.0,inf,0.0
розбірний,розбірн,1,2,0,0.0,0.0,inf,0.0
телескопічний,телескопічн,1,2,0,0.0,0.0,inf,0.0
эпицентр,эпицентр,2,4,0,0.0,0.0,inf,0.0
aries,aries,1,1,0,0.0,0.0,inf,0.0
флажна,флажн,2,3,0,0.0,0.0,inf,0.0
фламинго,фламинг,1,2,0,0.0,0.0,inf,0.0
флан,флан,1,1,0,0.0,0.0,inf,0.0
фланер,фланер,1,1,0,0.0,0.0,inf,0.0
фларед,фларед,2,4,0,0.0,0.0,inf,0.0
флаштоки,флашток,1,1,0,0.0,0.0,inf,0.0
флги,флги,1,9,0,0.0,0.0,inf,0.0
форвард,форвард,5,23,0,0.0,0.0,inf,0.0
йодою,йод,2,4,0,0.0,0.0,inf,0.0
фонк,фонк,2,8,0,0.0,0.0,inf,0.0
обсервейшн,обсервейшн,1,7,0,0.0,0.0,inf,0.0
фосфор,фосфор,1,2,0,0.0,0.0,inf,0.0
фотка,фотк,2,2,0,0.0,0.0,inf,0.0
воїнів,воїнів,1,1,0,0.0,0.0,inf,0.0
фотодрук,фотодрук,1,5,0,0.0,0.0,inf,0.0
фрирен,фрир,2,2,0,0.0,0.0,inf,0.0
фром,фром,1,1,0,0.0,0.0,inf,0.0
фромус,фромус,2,3,0,0.0,0.0,inf,0.0
фронтир,фронтир,1,3,0,0.0,0.0,inf,0.0
фрівер,фрівер,1,1,0,0.0,0.0,inf,0.0
фудболки,фудболк,1,1,0,0.0,0.0,inf,0.0
фудьолка,фудьолк,1,1,0,0.0,0.0,inf,0.0
фулл,фулл,1,1,0,0.0,0.0,inf,0.0
футбоголік,футбоголік,1,1,0,0.0,0.0,inf,0.0
футбол,футбол,1,1,0,0.0,0.0,inf,0.0
1991,1991,1,1,0,0.0,0.0,inf,0.0
2хл,2хл,2,4,0,0.0,0.0,inf,0.0
300,300,4,6,0,0.0,0.0,inf,0.0
грамм,грамм,1,2,0,0.0,0.0,inf,0.0
3хл,3хл,1,2,0,0.0,0.0,inf,0.0
420,420,1,10,0,0.0,0.0,inf,0.0
5хл,5хл,1,1,0,0.0,0.0,inf,0.0
смертных,смертн,2,5,0,0.0,0.0,inf,0.0
грехов,грех,2,5,0,0.0,0.0,inf,0.0
дшб,дшб,1,1,0,0.0,0.0,inf,0.0
еластан,еласта,1,1,0,0.0,0.0,inf,0.0
acw,acw,1,1,0,0.0,0.0,inf,0.0
adam,adam,1,3,0,0.0,0.0,inf,0.0
adventure,adventure,1,1,0,0.0,0.0,inf,0.0
aeronautica,aeronautica,1,1,0,0.0,0.0,inf,0.0
militare,militare,1,1,0,0.0,0.0,inf,0.0
alcoholica,alcoholica,1,1,0,0.0,0.0,inf,0.0
alone,alone,1,1,0,0.0,0.0,inf,0.0
alx,alx,1,1,0,0.0,0.0,inf,0.0
amon,amon,1,1,0,0.0,0.0,inf,0.0
amarth,amarth,1,1,0,0.0,0.0,inf,0.0
anthrax,anthrax,1,1,0,0.0,0.0,inf,0.0
communist,communist,1,1,0,0.0,0.0,inf,0.0
aquascutum,aquascutum,1,2,0,0.0,0.0,inf,0.0
arena,arena,1,1,0,0.0,0.0,inf,0.0
creed,creed,1,4,0,0.0,0.0,inf,0.0
assassin,assassin,1,4,0,0.0,0.0,inf,0.0
bauer,bauer,1,1,0,0.0,0.0,inf,0.0
bbb,bbb,1,1,0,0.0,0.0,inf,0.0
berghaus,berghaus,1,1,0,0.0,0.0,inf,0.0
bikkembergs,bikkembergs,1,1,0,0.0,0.0,inf,0.0
biohazard,biohazard,1,1,0,0.0,0.0,inf,0.0
bitcoin,bitcoin,1,1,0,0.0,0.0,inf,0.0
blink,blink,1,3,0,0.0,0.0,inf,0.0
182,182,1,3,0,0.0,0.0,inf,0.0
bloods,bloods,1,3,0,0.0,0.0,inf,0.0
brejcha,brejcha,1,2,0,0.0,0.0,inf,0.0
boris,boris,1,2,0,0.0,0.0,inf,0.0
bowie,bowie,1,1,0,0.0,0.0,inf,0.0
breaking,breaking,1,2,0,0.0,0.0,inf,0.0
benjamin,benjamin,1,2,0,0.0,0.0,inf,0.0
brioni,brioni,1,1,0,0.0,0.0,inf,0.0
burn,burn,1,2,0,0.0,0.0,inf,0.0
c2h5oh,c2h5oh,1,1,0,0.0,0.0,inf,0.0
canoe,canoe,1,1,0,0.0,0.0,inf,0.0
catzilla,catzilla,1,3,0,0.0,0.0,inf,0.0
ceo,ceo,1,1,0,0.0,0.0,inf,0.0
chaos,chaos,1,3,0,0.0,0.0,inf,0.0
christmas,christmas,1,1,0,0.0,0.0,inf,0.0
claymore,claymore,1,3,0,0.0,0.0,inf,0.0
steel,steel,1,1,0,0.0,0.0,inf,0.0
collusion,collusion,1,1,0,0.0,0.0,inf,0.0
coma,coma,1,1,0,0.0,0.0,inf,0.0
complicated,complicated,1,1,0,0.0,0.0,inf,0.0
creator,creator,1,1,0,0.0,0.0,inf,0.0
cry,cry,2,4,0,0.0,0.0,inf,0.0
crystal,crystal,1,2,0,0.0,0.0,inf,0.0
cupsize,cupsize,1,2,0,0.0,0.0,inf,0.0
tranquillity,tranquillity,1,1,0,0.0,0.0,inf,0.0
dayz,dayz,1,6,0,0.0,0.0,inf,0.0
puta,puta,1,1,0,0.0,0.0,inf,0.0
madre,madre,1,1,0,0.0,0.0,inf,0.0
kennedys,kennedys,1,1,0,0.0,0.0,inf,0.0
may,may,1,3,0,0.0,0.0,inf,0.0
dio,dio,1,2,0,0.0,0.0,inf,0.0
rodeo,rodeo,1,1,0,0.0,0.0,inf,0.0
dior,dior,1,1,0,0.0,0.0,inf,0.0
push,push,1,1,0,0.0,0.0,inf,0.0
horses,horses,1,1,0,0.0,0.0,inf,0.0
shoot,shoot,1,1,0,0.0,0.0,inf,0.0
donbass,donbass,1,21,0,0.0,0.0,inf,0.0
dope,dope,1,3,0,0.0,0.0,inf,0.0
drole,drole,1,1,0,0.0,0.0,inf,0.0
drugs,drugs,1,1,0,0.0,0.0,inf,0.0
dushnila,dushnila,1,1,0,0.0,0.0,inf,0.0
edc,edc,1,5,0,0.0,0.0,inf,0.0
europa,europa,1,1,0,0.0,0.0,inf,0.0
fairtex,fairtex,1,1,0,0.0,0.0,inf,0.0
felix,felix,1,1,0,0.0,0.0,inf,0.0
fender,fender,1,2,0,0.0,0.0,inf,0.0
firefox,firefox,1,2,0,0.0,0.0,inf,0.0
flash,flash,1,2,0,0.0,0.0,inf,0.0
focus,focus,1,1,0,0.0,0.0,inf,0.0
friday,friday,1,1,0,0.0,0.0,inf,0.0
ghetto,ghetto,1,1,0,0.0,0.0,inf,0.0
greddy,greddy,1,2,0,0.0,0.0,inf,0.0
guns,guns,1,2,0,0.0,0.0,inf,0.0
roses,roses,1,2,0,0.0,0.0,inf,0.0
hakuna,hakuna,1,2,0,0.0,0.0,inf,0.0
matata,matata,1,2,0,0.0,0.0,inf,0.0
quinn,quinn,1,1,0,0.0,0.0,inf,0.0
everyone,everyone,2,4,0,0.0,0.0,inf,0.0
hedonism,hedonism,1,1,0,0.0,0.0,inf,0.0
arket,arket,1,2,0,0.0,0.0,inf,0.0
heron,heron,1,2,0,0.0,0.0,inf,0.0
honey,honey,1,1,0,0.0,0.0,inf,0.0
hug,hug,1,3,0,0.0,0.0,inf,0.0
ibiza,ibiza,1,1,0,0.0,0.0,inf,0.0
icepeak,icepeak,1,1,0,0.0,0.0,inf,0.0
iconic,iconic,1,2,0,0.0,0.0,inf,0.0
done,done,1,1,0,0.0,0.0,inf,0.0
immortal,immortal,1,1,0,0.0,0.0,inf,0.0
introvert,introvert,2,3,0,0.0,0.0,inf,0.0
wolfskin,wolfskin,1,2,0,0.0,0.0,inf,0.0
jane,jane,1,1,0,0.0,0.0,inf,0.0
jdm,jdm,1,1,0,0.0,0.0,inf,0.0
sander,sander,1,1,0,0.0,0.0,inf,0.0
jil,jil,1,1,0,0.0,0.0,inf,0.0
armada,armada,3,3,0,0.0,0.0,inf,0.0
lagerfeld,lagerfeld,3,3,0,0.0,0.0,inf,0.0
sportiva,sportiva,1,1,0,0.0,0.0,inf,0.0
larp,larp,1,1,0,0.0,0.0,inf,0.0
idite,idite,1,1,0,0.0,0.0,inf,0.0
nahui,nahui,1,1,0,0.0,0.0,inf,0.0
lave,lave,1,1,0,0.0,0.0,inf,0.0
loma,loma,1,2,0,0.0,0.0,inf,0.0
rings,rings,1,1,0,0.0,0.0,inf,0.0
lord,lord,1,1,0,0.0,0.0,inf,0.0
loser,loser,1,2,0,0.0,0.0,inf,0.0
apart,apart,1,1,0,0.0,0.0,inf,0.0
will,will,1,1,0,0.0,0.0,inf,0.0
mad,mad,1,1,0,0.0,0.0,inf,0.0
magical,magical,1,2,0,0.0,0.0,inf,0.0
manipulator,manipulator,1,1,0,0.0,0.0,inf,0.0
marco,marco,1,1,0,0.0,0.0,inf,0.0
marines,marines,1,1,0,0.0,0.0,inf,0.0
armagedda,armagedda,1,1,0,0.0,0.0,inf,0.0
puppets,puppets,1,2,0,0.0,0.0,inf,0.0
mavic,mavic,1,1,0,0.0,0.0,inf,0.0
megadeth,megadeth,1,4,0,0.0,0.0,inf,0.0
merrell,merrell,1,1,0,0.0,0.0,inf,0.0
microsisi,microsisi,1,1,0,0.0,0.0,inf,0.0
mika,mika,1,1,0,0.0,0.0,inf,0.0
mil,mil,1,1,0,0.0,0.0,inf,0.0
tec,tec,1,1,0,0.0,0.0,inf,0.0
millennial,millennial,1,4,0,0.0,0.0,inf,0.0
millennials,millennials,1,1,0,0.0,0.0,inf,0.0
milwaukee,milwaukee,2,3,0,0.0,0.0,inf,0.0
molotov,molotov,1,1,0,0.0,0.0,inf,0.0
monobank,monobank,1,1,0,0.0,0.0,inf,0.0
moscow,moscow,2,10,0,0.0,0.0,inf,0.0
sleeps,sleeps,1,2,0,0.0,0.0,inf,0.0
motley,motley,1,1,0,0.0,0.0,inf,0.0
crue,crue,1,1,0,0.0,0.0,inf,0.0
msi,msi,1,1,0,0.0,0.0,inf,0.0
murderdolls,murderdolls,1,3,0,0.0,0.0,inf,0.0
nasa,nasa,2,2,0,0.0,0.0,inf,0.0
national,national,1,1,0,0.0,0.0,inf,0.0
geographic,geographic,1,1,0,0.0,0.0,inf,0.0
most,most,1,1,0,0.0,0.0,inf,0.0
speed,speed,1,1,0,0.0,0.0,inf,0.0
nemiroff,nemiroff,1,3,0,0.0,0.0,inf,0.0
nickelback,nickelback,2,3,0,0.0,0.0,inf,0.0
nightwish,nightwish,1,2,0,0.0,0.0,inf,0.0
comment,comment,1,2,0,0.0,0.0,inf,0.0
mercy,mercy,1,1,0,0.0,0.0,inf,0.0
nomad,nomad,1,1,0,0.0,0.0,inf,0.0
obnal,obnal,1,1,0,0.0,0.0,inf,0.0
odesa,odesa,1,9,0,0.0,0.0,inf,0.0
offline,offline,1,2,0,0.0,0.0,inf,0.0
offspring,offspring,1,2,0,0.0,0.0,inf,0.0
blond,blond,1,1,0,0.0,0.0,inf,0.0
orthodox,orthodox,1,3,0,0.0,0.0,inf,0.0
platoon,platoon,1,1,0,0.0,0.0,inf,0.0
pofigizm,pofigizm,1,1,0,0.0,0.0,inf,0.0
popeye,popeye,1,1,0,0.0,0.0,inf,0.0
powerlifting,powerlifting,1,1,0,0.0,0.0,inf,0.0
powerwolf,powerwolf,2,2,0,0.0,0.0,inf,0.0
predator,predator,1,1,0,0.0,0.0,inf,0.0
audio,audio,1,1,0,0.0,0.0,inf,0.0
pride,pride,1,1,0,0.0,0.0,inf,0.0
car,car,1,1,0,0.0,0.0,inf,0.0
rainbow,rainbow,1,1,0,0.0,0.0,inf,0.0
rehab,rehab,1,5,0,0.0,0.0,inf,0.0
after,after,1,5,0,0.0,0.0,inf,0.0
ribs,ribs,1,1,0,0.0,0.0,inf,0.0
richmond,richmond,1,1,0,0.0,0.0,inf,0.0
chang,chang,1,1,0,0.0,0.0,inf,0.0
rtfm,rtfm,1,1,0,0.0,0.0,inf,0.0
laurent,laurent,2,2,0,0.0,0.0,inf,0.0
sbd,sbd,1,4,0,0.0,0.0,inf,0.0
scorpions,scorpions,1,1,0,0.0,0.0,inf,0.0
shepherd,shepherd,1,2,0,0.0,0.0,inf,0.0
shameless,shameless,1,2,0,0.0,0.0,inf,0.0
skyline,skyline,1,1,0,0.0,0.0,inf,0.0
skyrim,skyrim,2,3,0,0.0,0.0,inf,0.0
slaughter,slaughter,1,1,0,0.0,0.0,inf,0.0
prevail,prevail,1,1,0,0.0,0.0,inf,0.0
sodom,sodom,1,1,0,0.0,0.0,inf,0.0
regent,regent,1,1,0,0.0,0.0,inf,0.0
soulfly,soulfly,1,1,0,0.0,0.0,inf,0.0
sparring,sparring,1,2,0,0.0,0.0,inf,0.0
specialized,specialized,1,3,0,0.0,0.0,inf,0.0
pauli,pauli,1,1,0,0.0,0.0,inf,0.0
stand,stand,1,2,0,0.0,0.0,inf,0.0
archivio,archivio,1,2,0,0.0,0.0,inf,0.0
workout,workout,1,1,0,0.0,0.0,inf,0.0
submariner,submariner,1,1,0,0.0,0.0,inf,0.0
teacher,teacher,1,1,0,0.0,0.0,inf,0.0
terrormachine,terrormachine,1,4,0,0.0,0.0,inf,0.0
tesla,tesla,1,2,0,0.0,0.0,inf,0.0
thank,thank,1,1,0,0.0,0.0,inf,0.0
pretty,pretty,1,2,0,0.0,0.0,inf,0.0
reckless,reckless,1,2,0,0.0,0.0,inf,0.0
witcher,witcher,2,3,0,0.0,0.0,inf,0.0
tilt,tilt,1,2,0,0.0,0.0,inf,0.0
traffic,traffic,1,1,0,0.0,0.0,inf,0.0
trust,trust,4,14,0,0.0,0.0,inf,0.0
engineer,engineer,1,1,0,0.0,0.0,inf,0.0
turtles,turtles,1,1,0,0.0,0.0,inf,0.0
twisted,twisted,1,3,0,0.0,0.0,inf,0.0
umbrella,umbrella,1,2,0,0.0,0.0,inf,0.0
corporation,corporation,1,2,0,0.0,0.0,inf,0.0
unity,unity,1,1,0,0.0,0.0,inf,0.0
unreal,unreal,1,1,0,0.0,0.0,inf,0.0
unstroked,unstroked,1,1,0,0.0,0.0,inf,0.0
usdt,usdt,1,1,0,0.0,0.0,inf,0.0
vag,vag,1,1,0,0.0,0.0,inf,0.0
versace,versace,1,2,0,0.0,0.0,inf,0.0
vigoss,vigoss,1,1,0,0.0,0.0,inf,0.0
volkswagen,volkswagen,1,1,0,0.0,0.0,inf,0.0
warcraft,warcraft,2,3,0,0.0,0.0,inf,0.0
wtf,wtf,1,2,0,0.0,0.0,inf,0.0
xes,xes,1,6,0,0.0,0.0,inf,0.0
yaktak,yaktak,1,1,0,0.0,0.0,inf,0.0
yeat,yeat,1,1,0,0.0,0.0,inf,0.0
zhytomyr,zhytomyr,1,2,0,0.0,0.0,inf,0.0
абьюзер,абьюзер,1,7,0,0.0,0.0,inf,0.0
авиатор,авиатор,1,1,0,0.0,0.0,inf,0.0
аврора,аврор,1,1,0,0.0,0.0,inf,0.0
аеророзвідка,аеророзвідк,1,4,0,0.0,0.0,inf,0.0
азербайджан,азербайджа,1,1,0,0.0,0.0,inf,0.0
азимут,азимут,1,1,0,0.0,0.0,inf,0.0
аирборн,аирборн,1,1,0,0.0,0.0,inf,0.0
айфон,айфон,1,1,0,0.0,0.0,inf,0.0
ака,ак,1,4,0,0.0,0.0,inf,0.0
проголошення,проголошен,1,4,0,0.0,0.0,inf,0.0
кабуу,кабу,1,2,0,0.0,0.0,inf,0.0
альберта,альберт,1,2,0,0.0,0.0,inf,0.0
ромео,роме,1,1,0,0.0,0.0,inf,0.0
аматори,аматор,1,4,0,0.0,0.0,inf,0.0
амбрелла,амбрелл,1,4,0,0.0,0.0,inf,0.0
амур,амур,1,5,0,0.0,0.0,inf,0.0
225,225,2,2,0,0.0,0.0,inf,0.0
аналітик,аналітик,1,1,0,0.0,0.0,inf,0.0
анархія,анархі,1,1,0,0.0,0.0,inf,0.0
антикоммунизм,антикоммунизм,1,1,0,0.0,0.0,inf,0.0
апрель,апрел,1,1,0,0.0,0.0,inf,0.0
армія,армі,1,1,0,0.0,0.0,inf,0.0
артемщик,артемщик,1,1,0,0.0,0.0,inf,0.0
асдс,асдс,2,2,0,0.0,0.0,inf,0.0
ассиметричная,ассиметричн,1,1,0,0.0,0.0,inf,0.0
африка,африк,1,2,0,0.0,0.0,inf,0.0
бабайка,бабайк,1,4,0,0.0,0.0,inf,0.0
armolab,armolab,1,1,0,0.0,0.0,inf,0.0
байрактар,байрактар,1,1,0,0.0,0.0,inf,0.0
балаболка,балаболк,1,1,0,0.0,0.0,inf,0.0
баланс,баланс,2,4,0,0.0,0.0,inf,0.0
баленсіага,баленсіаг,3,4,0,0.0,0.0,inf,0.0
бамбук,бамбук,1,4,0,0.0,0.0,inf,0.0
бандана,банда,1,4,0,0.0,0.0,inf,0.0
бандерштат,бандерштат,1,2,0,0.0,0.0,inf,0.0
барабанщика,барабанщик,2,2,0,0.0,0.0,inf,0.0
бариста,барист,1,1,0,0.0,0.0,inf,0.0
бармена,барм,3,6,0,0.0,0.0,inf,0.0
барс,барс,1,1,0,0.0,0.0,inf,0.0
гуф,гуф,1,1,0,0.0,0.0,inf,0.0
батьківщина,батьківщин,2,16,0,0.0,0.0,inf,0.0
бдсм,бдсм,1,2,0,0.0,0.0,inf,0.0
обмежень,обмежен,1,1,0,0.0,0.0,inf,0.0
беларусь,белар,1,1,0,0.0,0.0,inf,0.0
бергхаус,бергхаус,1,1,0,0.0,0.0,inf,0.0
бетмен,бетм,1,1,0,0.0,0.0,inf,0.0
биос,биос,1,1,0,0.0,0.0,inf,0.0
бифри,бифр,1,1,0,0.0,0.0,inf,0.0
саббат,саббат,1,1,0,0.0,0.0,inf,0.0
бля,бля,1,2,0,0.0,0.0,inf,0.0
бляяяя,бляя,1,1,0,0.0,0.0,inf,0.0
бобріто,бобріт,1,1,0,0.0,0.0,inf,0.0
бандіто,бандіт,1,1,0,0.0,0.0,inf,0.0
богиня,богин,1,5,0,0.0,0.0,inf,0.0
поможи,помож,1,2,0,0.0,0.0,inf,0.0
борз,борз,2,2,0,0.0,0.0,inf,0.0
братишка,братишк,1,3,0,0.0,0.0,inf,0.0
бриони,брион,1,2,0,0.0,0.0,inf,0.0
бувайсар,бувайсар,1,1,0,0.0,0.0,inf,0.0
будда,будд,3,66,0,0.0,0.0,inf,0.0
будова,будов,1,1,0,0.0,0.0,inf,0.0
їжака,їжак,1,1,0,0.0,0.0,inf,0.0
буква,букв,2,3,0,0.0,0.0,inf,0.0
armorofficial,armorofficial,1,2,0,0.0,0.0,inf,0.0
бульвар,бульвар,1,1,0,0.0,0.0,inf,0.0
бургунди,бургунд,1,2,0,0.0,0.0,inf,0.0
бутчера,бутчер,1,2,0,0.0,0.0,inf,0.0
буча,буч,1,2,0,0.0,0.0,inf,0.0
бык,бык,1,3,0,0.0,0.0,inf,0.0
китайському,китайськ,1,1,0,0.0,0.0,inf,0.0
ідеї,ідеї,1,7,0,0.0,0.0,inf,0.0
міцна,міцна,1,7,0,0.0,0.0,inf,0.0
нація,наці,2,26,0,0.0,0.0,inf,0.0
валар,валар,1,1,0,0.0,0.0,inf,0.0
моргулис,моргулис,1,1,0,0.0,0.0,inf,0.0
валькирия,валькир,1,14,0,0.0,0.0,inf,0.0
валькнут,валькнут,1,2,0,0.0,0.0,inf,0.0
варкрафт,варкрафт,1,7,0,0.0,0.0,inf,0.0
варьонка,варьонк,1,1,0,0.0,0.0,inf,0.0
варяг,варяг,1,1,0,0.0,0.0,inf,0.0
ватага,ватаг,1,2,0,0.0,0.0,inf,0.0
мвд,мвд,2,5,0,0.0,0.0,inf,0.0
вдома,вдом,1,1,0,0.0,0.0,inf,0.0
веган,вега,1,1,0,0.0,0.0,inf,0.0
велес,велес,1,4,0,0.0,0.0,inf,0.0
велоспорт,велоспорт,1,1,0,0.0,0.0,inf,0.0
вендетта,вендетт,1,5,0,0.0,0.0,inf,0.0
вередую,веред,1,1,0,0.0,0.0,inf,0.0
вермахт,вермахт,1,1,0,0.0,0.0,inf,0.0
чопперс,чопперс,1,1,0,0.0,0.0,inf,0.0
долгах,долг,1,4,0,0.0,0.0,inf,0.0
ветементс,ветементс,1,1,0,0.0,0.0,inf,0.0
действий,действ,1,2,0,0.0,0.0,inf,0.0
незручності,незручності,1,3,0,0.0,0.0,inf,0.0
вибачте,вибачт,1,3,0,0.0,0.0,inf,0.0
винного,вин,1,1,0,0.0,0.0,inf,0.0
цвета,цвет,7,9,0,0.0,0.0,inf,0.0
вишня,вишн,1,1,0,0.0,0.0,inf,0.0
цепеш,цепеш,1,8,0,0.0,0.0,inf,0.0
тяжкие,тяжк,2,2,0,0.0,0.0,inf,0.0
связи,связ,2,3,0,0.0,0.0,inf,0.0
волинь,волин,1,47,0,0.0,0.0,inf,0.0
волиняка,волиняк,1,9,0,0.0,0.0,inf,0.0
волканов,волкан,1,1,0,0.0,0.0,inf,0.0
волонтер,волонтер,1,5,0,0.0,0.0,inf,0.0
ворон,ворон,2,4,0,0.0,0.0,inf,0.0
югенд,югенд,1,1,0,0.0,0.0,inf,0.0
вотан,вота,1,1,0,0.0,0.0,inf,0.0
вышиванка,вышиванк,2,4,0,0.0,0.0,inf,0.0
вьетнам,вьетн,1,1,0,0.0,0.0,inf,0.0
їбіться,їбіться,1,3,0,0.0,0.0,inf,0.0
відьма,відьма,2,14,0,0.0,0.0,inf,0.0
відьмак,відьмак,1,10,0,0.0,0.0,inf,0.0
відїбіться,відїбіться,1,11,0,0.0,0.0,inf,0.0
вікінг,вікінг,1,8,0,0.0,0.0,inf,0.0
вірність,вірніст,1,1,0,0.0,0.0,inf,0.0
вірю,вірю,2,7,0,0.0,0.0,inf,0.0
віталік,віталік,1,3,0,0.0,0.0,inf,0.0
гаара,гаар,1,3,0,0.0,0.0,inf,0.0
перехрестя,перехрест,1,4,0,0.0,0.0,inf,0.0
girl,girl,10,23,0,0.0,0.0,inf,0.0
гасанова,гасанов,1,1,0,0.0,0.0,inf,0.0
гелик,гелик,2,2,0,0.0,0.0,inf,0.0
гермес,гермес,1,1,0,0.0,0.0,inf,0.0
гидазепам,гидазеп,1,5,0,0.0,0.0,inf,0.0
гладиатор,гладиатор,1,2,0,0.0,0.0,inf,0.0
гнев,гнев,1,1,0,0.0,0.0,inf,0.0
говерла,говерл,1,6,0,0.0,0.0,inf,0.0
голландский,голландск,1,1,0,0.0,0.0,inf,0.0
штурвал,штурва,1,1,0,0.0,0.0,inf,0.0
головний,головн,1,11,0,0.0,0.0,inf,0.0
горчичного,горчичн,1,1,0,0.0,0.0,inf,0.0
гостиный,гостин,1,2,0,0.0,0.0,inf,0.0
двор,двор,1,2,0,0.0,0.0,inf,0.0
гостмейн,гостмейн,1,8,0,0.0,0.0,inf,0.0
гостомель,гостомел,1,1,0,0.0,0.0,inf,0.0
госуслуги,госуслуг,1,2,0,0.0,0.0,inf,0.0
престолів,престолів,1,3,0,0.0,0.0,inf,0.0
гра,гра,1,3,0,0.0,0.0,inf,0.0
граната,гранат,1,2,0,0.0,0.0,inf,0.0
гранатометник,гранатометник,1,5,0,0.0,0.0,inf,0.0
графіті,графіті,2,2,0,0.0,0.0,inf,0.0
poster,poster,3,13,0,0.0,0.0,inf,0.0
гроза,гроз,1,2,0,0.0,0.0,inf,0.0
грузия,груз,1,5,0,0.0,0.0,inf,0.0
гуси,гус,1,1,0,0.0,0.0,inf,0.0
ксеня,ксен,1,2,0,0.0,0.0,inf,0.0
гуцулка,гуцулк,1,2,0,0.0,0.0,inf,0.0
гюрза,гюрз,1,3,0,0.0,0.0,inf,0.0
гідазепам,гідазеп,1,2,0,0.0,0.0,inf,0.0
дамбіл,дамбіл,1,17,0,0.0,0.0,inf,0.0
движ,движ,2,2,0,0.0,0.0,inf,0.0
двіж,двіж,1,6,0,0.0,0.0,inf,0.0
ддт,ддт,1,2,0,0.0,0.0,inf,0.0
дебеквуд,дебеквуд,1,1,0,0.0,0.0,inf,0.0
дева,дев,1,1,0,0.0,0.0,inf,0.0
article,article,1,1,0,0.0,0.0,inf,0.0
деньги,деньг,3,10,0,0.0,0.0,inf,0.0
моей,мо,3,10,0,0.0,0.0,inf,0.0
пахнут,пахнут,3,10,0,0.0,0.0,inf,0.0
десантника,десантник,1,1,0,0.0,0.0,inf,0.0
вурхиз,вурхиз,1,2,0,0.0,0.0,inf,0.0
джейсон,джейсон,1,2,0,0.0,0.0,inf,0.0
джирайя,джирай,1,2,0,0.0,0.0,inf,0.0
голдберг,голдберг,1,1,0,0.0,0.0,inf,0.0
дзюдо,дзюд,1,1,0,0.0,0.0,inf,0.0
дивізія,дивізі,1,2,0,0.0,0.0,inf,0.0
диктатор,диктатор,1,7,0,0.0,0.0,inf,0.0
геймера,геймер,2,3,0,0.0,0.0,inf,0.0
директора,директор,1,1,0,0.0,0.0,inf,0.0
artiemaster,artiemaster,1,2,0,0.0,0.0,inf,0.0
кальянщика,кальянщик,1,1,0,0.0,0.0,inf,0.0
керівника,керівник,1,1,0,0.0,0.0,inf,0.0
програміста,програміст,1,1,0,0.0,0.0,inf,0.0
танцев,танц,3,6,0,0.0,0.0,inf,0.0
тренера,тренер,4,14,0,0.0,0.0,inf,0.0
тренировок,тренировок,7,16,0,0.0,0.0,inf,0.0
днепропетровская,днепропетровск,1,3,0,0.0,0.0,inf,0.0
рукав,рука,3,6,0,0.0,0.0,inf,0.0
доміную,домін,1,2,0,0.0,0.0,inf,0.0
artilikeart,artilikeart,1,1,0,0.0,0.0,inf,0.0
мої,мої,1,8,0,0.0,0.0,inf,0.0
думи,дум,1,8,0,0.0,0.0,inf,0.0
дурнева,дурнев,2,8,0,0.0,0.0,inf,0.0
дурію,дурі,1,1,0,0.0,0.0,inf,0.0
душа,душ,1,1,0,0.0,0.0,inf,0.0
душніла,душніл,2,9,0,0.0,0.0,inf,0.0
марун,марун,3,15,0,0.0,0.0,inf,0.0
дьявол,дьявол,4,34,0,0.0,0.0,inf,0.0
artist,artist,3,5,0,0.0,0.0,inf,0.0
ебанат,ебанат,1,1,0,0.0,0.0,inf,0.0
ебись,еб,1,1,0,0.0,0.0,inf,0.0
ебш,ебш,1,5,0,0.0,0.0,inf,0.0
крида,крид,1,1,0,0.0,0.0,inf,0.0
единоборства,единоборств,1,1,0,0.0,0.0,inf,0.0
еминем,емин,1,1,0,0.0,0.0,inf,0.0
естроген,естрог,1,1,0,0.0,0.0,inf,0.0
однотонная,однотон,1,4,0,0.0,0.0,inf,0.0
життя,житт,2,3,0,0.0,0.0,inf,0.0
жинкин,жинкин,1,1,0,0.0,0.0,inf,0.0
жмурки,жмурк,1,1,0,0.0,0.0,inf,0.0
жодних,жодн,1,1,0,0.0,0.0,inf,0.0
перемовин,перемовин,1,1,0,0.0,0.0,inf,0.0
кодом,код,1,1,0,0.0,0.0,inf,0.0
ауді,ауді,1,1,0,0.0,0.0,inf,0.0
бронежилетом,бронежилет,4,5,0,0.0,0.0,inf,0.0
броніком,бронік,1,1,0,0.0,0.0,inf,0.0
вареної,вареної,1,2,0,0.0,0.0,inf,0.0
велкро,велкр,3,5,0,0.0,0.0,inf,0.0
горлом,горл,3,4,0,0.0,0.0,inf,0.0
віршами,віршам,4,21,0,0.0,0.0,inf,0.0
віршем,віршем,2,9,0,0.0,0.0,inf,0.0
сатору,сатор,1,1,0,0.0,0.0,inf,0.0
годжо,годж,1,1,0,0.0,0.0,inf,0.0
доларом,долар,1,2,0,0.0,0.0,inf,0.0
дірками,діркам,1,1,0,0.0,0.0,inf,0.0
змією,змією,2,2,0,0.0,0.0,inf,0.0
зіркою,зірко,1,2,0,0.0,0.0,inf,0.0
карманом,карман,3,3,0,0.0,0.0,inf,0.0
каштаном,каштан,1,3,0,0.0,0.0,inf,0.0
кліщами,кліщам,1,1,0,0.0,0.0,inf,0.0
колоском,колоск,1,1,0,0.0,0.0,inf,0.0
коноплею,конопл,3,4,0,0.0,0.0,inf,0.0
artistic,artistic,3,6,0,0.0,0.0,inf,0.0
лесею,лес,1,3,0,0.0,0.0,inf,0.0
лисицею,лисиц,1,3,0,0.0,0.0,inf,0.0
лялькою,ляльк,1,1,0,0.0,0.0,inf,0.0
літаком,літак,1,1,0,0.0,0.0,inf,0.0
смн,смн,2,4,0,0.0,0.0,inf,0.0
орнаментом,орнамент,6,21,0,0.0,0.0,inf,0.0
пивом,пив,1,5,0,0.0,0.0,inf,0.0
позивним,позивн,1,2,0,0.0,0.0,inf,0.0
ззаду,ззад,1,4,0,0.0,0.0,inf,0.0
пінгвіном,пінгвіном,1,1,0,0.0,0.0,inf,0.0
пірсингом,пірсинг,1,1,0,0.0,0.0,inf,0.0
пістолетом,пістолет,1,5,0,0.0,0.0,inf,0.0
рибами,риб,2,4,0,0.0,0.0,inf,0.0
тарасом,тарас,4,10,0,0.0,0.0,inf,0.0
шевченко,шевченк,9,19,0,0.0,0.0,inf,0.0
цікавим,цікав,2,10,0,0.0,0.0,inf,0.0
черепашками,черепашк,2,3,0,0.0,0.0,inf,0.0
ніндзя,ніндзя,1,2,0,0.0,0.0,inf,0.0
чорноволом,чорновол,1,5,0,0.0,0.0,inf,0.0
єдинорогом,єдинорог,1,3,0,0.0,0.0,inf,0.0
єнотом,єнот,1,1,0,0.0,0.0,inf,0.0
завали,зава,1,1,0,0.0,0.0,inf,0.0
сепара,сепар,1,1,0,0.0,0.0,inf,0.0
закат,закат,1,1,0,0.0,0.0,inf,0.0
зампотех,зампотех,1,2,0,0.0,0.0,inf,0.0
заїбався,заїбав,1,3,0,0.0,0.0,inf,0.0
people,people,8,13,0,0.0,0.0,inf,0.0
звалище,звалищ,1,2,0,0.0,0.0,inf,0.0
вороженьки,вороженьк,1,1,0,0.0,0.0,inf,0.0
наші,наші,1,1,0,0.0,0.0,inf,0.0
згинуть,згинут,1,1,0,0.0,0.0,inf,0.0
здравый,здрав,1,1,0,0.0,0.0,inf,0.0
вікенд,вікенд,1,1,0,0.0,0.0,inf,0.0
змеиный,змеин,1,9,0,0.0,0.0,inf,0.0
змея,зме,1,2,0,0.0,0.0,inf,0.0
змія,змія,1,1,0,0.0,0.0,inf,0.0
зож,зож,1,2,0,0.0,0.0,inf,0.0
зоряні,зоряні,1,5,0,0.0,0.0,inf,0.0
зошит,зош,1,1,0,0.0,0.0,inf,0.0
asap,asap,2,2,0,0.0,0.0,inf,0.0
хаб,хаб,1,1,0,0.0,0.0,inf,0.0
престолов,престол,2,4,0,0.0,0.0,inf,0.0
игра,игр,2,4,0,0.0,0.0,inf,0.0
хуй,ху,1,1,0,0.0,0.0,inf,0.0
христос,христос,2,4,0,0.0,0.0,inf,0.0
индепендент,индепендент,1,2,0,0.0,0.0,inf,0.0
инженер,инженер,1,2,0,0.0,0.0,inf,0.0
инструктор,инструктор,1,1,0,0.0,0.0,inf,0.0
интерлок,интерлок,1,1,0,0.0,0.0,inf,0.0
интроверт,интроверт,1,1,0,0.0,0.0,inf,0.0
asapmode,asapmode,1,1,0,0.0,0.0,inf,0.0
цирк,цирк,2,7,0,0.0,0.0,inf,0.0
йобаний,йобан,1,2,0,0.0,0.0,inf,0.0
кабан,каба,1,6,0,0.0,0.0,inf,0.0
казка,казк,1,21,0,0.0,0.0,inf,0.0
терехова,терехов,1,1,0,0.0,0.0,inf,0.0
калашников,калашник,1,1,0,0.0,0.0,inf,0.0
кане,кан,2,2,0,0.0,0.0,inf,0.0
корсо,корс,1,1,0,0.0,0.0,inf,0.0
канибал,каниба,1,1,0,0.0,0.0,inf,0.0
капелан,капела,1,1,0,0.0,0.0,inf,0.0
карате,карат,1,1,0,0.0,0.0,inf,0.0
карма,карм,1,7,0,0.0,0.0,inf,0.0
карпфишинг,карпфишинг,1,1,0,0.0,0.0,inf,0.0
катастрофа,катастроф,1,1,0,0.0,0.0,inf,0.0
катерина,катерин,1,4,0,0.0,0.0,inf,0.0
каштан,кашта,2,4,0,0.0,0.0,inf,0.0
кил,кил,1,1,0,0.0,0.0,inf,0.0
раша,раш,2,3,0,0.0,0.0,inf,0.0
кимоно,кимон,1,2,0,0.0,0.0,inf,0.0
кино,кин,1,1,0,0.0,0.0,inf,0.0
кинолог,кинолог,1,1,0,0.0,0.0,inf,0.0
кипелов,кипел,1,5,0,0.0,0.0,inf,0.0
киів,киів,1,3,0,0.0,0.0,inf,0.0
клан,клан,1,3,0,0.0,0.0,inf,0.0
кличко,кличк,1,1,0,0.0,0.0,inf,0.0
княzz,князз,1,2,0,0.0,0.0,inf,0.0
княгиня,княгин,2,2,0,0.0,0.0,inf,0.0
ольга,ольг,2,2,0,0.0,0.0,inf,0.0
кобейн,кобейн,1,1,0,0.0,0.0,inf,0.0
кобзар,кобзар,1,1,0,0.0,0.0,inf,0.0
кодзима,кодзим,1,1,0,0.0,0.0,inf,0.0
мамай,мама,1,8,0,0.0,0.0,inf,0.0
драйв,драйв,1,3,0,0.0,0.0,inf,0.0
переводу,перевод,1,4,0,0.0,0.0,inf,0.0
колумбия,колумб,1,1,0,0.0,0.0,inf,0.0
командир,командир,1,4,0,0.0,0.0,inf,0.0
комбат,комбат,3,4,0,0.0,0.0,inf,0.0
конотопська,конотопськ,1,9,0,0.0,0.0,inf,0.0
контейнер,контейнер,1,1,0,0.0,0.0,inf,0.0
borer,borer,1,1,0,0.0,0.0,inf,0.0
корд,корд,2,9,0,0.0,0.0,inf,0.0
стрілецький,стрілецьк,1,4,0,0.0,0.0,inf,0.0
корея,коре,1,1,0,0.0,0.0,inf,0.0
космостар,космостар,1,1,0,0.0,0.0,inf,0.0
винчи,винч,1,1,0,0.0,0.0,inf,0.0
которая,котор,1,2,0,0.0,0.0,inf,0.0
стройнит,стройн,1,2,0,0.0,0.0,inf,0.0
москалями,москал,1,1,0,0.0,0.0,inf,0.0
чорнобриві,чорнобриві,1,1,0,0.0,0.0,inf,0.0
агломерація,агломераці,1,11,0,0.0,0.0,inf,0.0
красава,красав,1,3,0,0.0,0.0,inf,0.0
цветочек,цветочек,3,19,0,0.0,0.0,inf,0.0
крестоносец,крестоносец,1,10,0,0.0,0.0,inf,0.0
ріг,ріг,1,14,0,0.0,0.0,inf,0.0
крим,крим,1,3,0,0.0,0.0,inf,0.0
криптовалюта,криптовалют,1,1,0,0.0,0.0,inf,0.0
кроссфит,кроссф,1,2,0,0.0,0.0,inf,0.0
крым,крым,1,1,0,0.0,0.0,inf,0.0
кріпак,кріпак,1,5,0,0.0,0.0,inf,0.0
лох,лох,3,5,0,0.0,0.0,inf,0.0
тот,тот,2,4,0,0.0,0.0,inf,0.0
сдох,сдох,2,4,0,0.0,0.0,inf,0.0
кто,кто,2,4,0,0.0,0.0,inf,0.0
кулеметник,кулеметник,2,7,0,0.0,0.0,inf,0.0
кум,кум,1,1,0,0.0,0.0,inf,0.0
куніметник,куніметник,1,1,0,0.0,0.0,inf,0.0
кіл,кіл,1,2,0,0.0,0.0,inf,0.0
кіт,кіт,2,8,0,0.0,0.0,inf,0.0
лісовий,лісов,1,6,0,0.0,0.0,inf,0.0
лайфловер,лайфловер,1,1,0,0.0,0.0,inf,0.0
ланнистеры,ланнистер,1,4,0,0.0,0.0,inf,0.0
лахма,лахм,1,1,0,0.0,0.0,inf,0.0
левіс,левіс,1,1,0,0.0,0.0,inf,0.0
легенда,легенд,1,1,0,0.0,0.0,inf,0.0
гага,гаг,1,1,0,0.0,0.0,inf,0.0
леди,лед,1,1,0,0.0,0.0,inf,0.0
луганщина,луганщин,1,8,0,0.0,0.0,inf,0.0
ash,ash,1,1,0,0.0,0.0,inf,0.0
дві,дві,1,1,0,0.0,0.0,inf,0.0
діляться,ділят,1,1,0,0.0,0.0,inf,0.0
люфтваффе,люфтвафф,1,5,0,0.0,0.0,inf,0.0
люцифер,люцифер,1,18,0,0.0,0.0,inf,0.0
макарони,макарон,1,1,0,0.0,0.0,inf,0.0
эмпайр,эмпайр,2,2,0,0.0,0.0,inf,0.0
маваши,маваш,1,1,0,0.0,0.0,inf,0.0
мавроди,маврод,1,1,0,0.0,0.0,inf,0.0
май,ма,1,3,0,0.0,0.0,inf,0.0
вегасе,вегас,1,1,0,0.0,0.0,inf,0.0
мальчишник,мальчишник,2,2,0,0.0,0.0,inf,0.0
мандалорец,мандалорец,1,2,0,0.0,0.0,inf,0.0
маратон,маратон,1,1,0,0.0,0.0,inf,0.0
марко,марк,1,1,0,0.0,0.0,inf,0.0
марія,марі,2,2,0,0.0,0.0,inf,0.0
приймаченко,приймаченк,1,1,0,0.0,0.0,inf,0.0
матрица,матриц,1,1,0,0.0,0.0,inf,0.0
махач,махач,1,1,0,0.0,0.0,inf,0.0
мдд,мдд,1,4,0,0.0,0.0,inf,0.0
медоед,медоед,2,9,0,0.0,0.0,inf,0.0
медуза,медуз,1,7,0,0.0,0.0,inf,0.0
бейби,бейб,1,1,0,0.0,0.0,inf,0.0
мейби,мейб,1,1,0,0.0,0.0,inf,0.0
мексика,мексик,1,1,0,0.0,0.0,inf,0.0
температуры,температур,2,3,0,0.0,0.0,inf,0.0
меняющая,меня,1,1,0,0.0,0.0,inf,0.0
металика,металик,3,4,0,0.0,0.0,inf,0.0
металіст,металіст,1,1,0,0.0,0.0,inf,0.0
механик,механик,2,4,0,0.0,0.0,inf,0.0
механік,механік,1,4,0,0.0,0.0,inf,0.0
мизантроп,мизантроп,1,6,0,0.0,0.0,inf,0.0
миллениал,миллениа,1,1,0,0.0,0.0,inf,0.0
миллионер,миллионер,1,3,0,0.0,0.0,inf,0.0
минимализм,минимализм,2,2,0,0.0,0.0,inf,0.0
мисфитс,мисфитс,1,4,0,0.0,0.0,inf,0.0
мне,мне,1,2,0,0.0,0.0,inf,0.0
мокап,мокап,1,1,0,0.0,0.0,inf,0.0
монолит,монол,1,5,0,0.0,0.0,inf,0.0
канс,канс,1,2,0,0.0,0.0,inf,0.0
монтана,монта,1,2,0,0.0,0.0,inf,0.0
море,мор,1,1,0,0.0,0.0,inf,0.0
вірний,вірни,1,2,0,0.0,0.0,inf,0.0
москино,москин,1,1,0,0.0,0.0,inf,0.0
asics,asics,1,1,0,0.0,0.0,inf,0.0
мотострелковые,мотострелков,1,1,0,0.0,0.0,inf,0.0
мох,мох,1,1,0,0.0,0.0,inf,0.0
мошенничество,мошенничеств,1,1,0,0.0,0.0,inf,0.0
мтв,мтв,1,1,0,0.0,0.0,inf,0.0
музыка,музык,1,1,0,0.0,0.0,inf,0.0
мухомор,мухомор,3,7,0,0.0,0.0,inf,0.0
намасте,намаст,2,7,0,0.0,0.0,inf,0.0
бичес,бичес,1,2,0,0.0,0.0,inf,0.0
нарбут,нарбут,1,4,0,0.0,0.0,inf,0.0
вільним,вільним,4,7,0,0.0,0.0,inf,0.0
нацгвардія,нацгварді,1,1,0,0.0,0.0,inf,0.0
националистическая,националистическ,1,1,0,0.0,0.0,inf,0.0
гвардія,гварді,1,4,0,0.0,0.0,inf,0.0
незалежність,незалежніст,1,4,0,0.0,0.0,inf,0.0
незламні,незламні,1,1,0,0.0,0.0,inf,0.0
нейт,нейт,1,6,0,0.0,0.0,inf,0.0
диаз,диаз,1,6,0,0.0,0.0,inf,0.0
ненависть,ненавист,2,6,0,0.0,0.0,inf,0.0
нескорені,нескорені,1,4,0,0.0,0.0,inf,0.0
духом,дух,3,6,0,0.0,0.0,inf,0.0
почта,почт,2,2,0,0.0,0.0,inf,0.0
нон,нон,1,1,0,0.0,0.0,inf,0.0
носферату,носферат,1,7,0,0.0,0.0,inf,0.0
380,380,1,1,0,0.0,0.0,inf,0.0
коханок,коханок,1,1,0,0.0,0.0,inf,0.0
обтягуюча,обтягуюч,1,2,0,0.0,0.0,inf,0.0
овен,ов,1,1,0,0.0,0.0,inf,0.0
ревас,ревас,1,1,0,0.0,0.0,inf,0.0
околофутбола,околофутбол,1,13,0,0.0,0.0,inf,0.0
олива,олив,2,7,0,0.0,0.0,inf,0.0
олигарх,олигарх,1,1,0,0.0,0.0,inf,0.0
омега,омег,2,3,0,0.0,0.0,inf,0.0
ортодокс,ортодокс,1,2,0,0.0,0.0,inf,0.0
отъебись,отъеб,1,1,0,0.0,0.0,inf,0.0
офника,офник,2,22,0,0.0,0.0,inf,0.0
павутина,павутин,3,40,0,0.0,0.0,inf,0.0
палац,палац,1,1,0,0.0,0.0,inf,0.0
ятаю,ята,1,7,0,0.0,0.0,inf,0.0
пам,пам,1,7,0,0.0,0.0,inf,0.0
пробачу,пробач,1,7,0,0.0,0.0,inf,0.0
памела,памел,1,3,0,0.0,0.0,inf,0.0
андерсон,андерсон,1,3,0,0.0,0.0,inf,0.0
папай,папа,2,2,0,0.0,0.0,inf,0.0
моряк,моряк,2,2,0,0.0,0.0,inf,0.0
папахапа,папахап,2,3,0,0.0,0.0,inf,0.0
параноид,параноид,1,1,0,0.0,0.0,inf,0.0
паривижн,паривижн,1,1,0,0.0,0.0,inf,0.0
паскуда,паскуд,1,2,0,0.0,0.0,inf,0.0
asinastra,asinastra,1,1,0,0.0,0.0,inf,0.0
патриотична,патриотичн,1,3,0,0.0,0.0,inf,0.0
патрон,патрон,1,3,0,0.0,0.0,inf,0.0
паул,паул,1,1,0,0.0,0.0,inf,0.0
пауэрлифтинг,пауэрлифтинг,2,2,0,0.0,0.0,inf,0.0
пенсійний,пенсійн,1,2,0,0.0,0.0,inf,0.0
фонд,фонд,1,2,0,0.0,0.0,inf,0.0
пенсіонер,пенсіонер,1,1,0,0.0,0.0,inf,0.0
пентагон,пентагон,1,2,0,0.0,0.0,inf,0.0
щур,щур,1,1,0,0.0,0.0,inf,0.0
петро,петр,1,1,0,0.0,0.0,inf,0.0
пзрк,пзрк,1,3,0,0.0,0.0,inf,0.0
мотору,мотор,1,1,0,0.0,0.0,inf,0.0
люки,люк,1,2,0,0.0,0.0,inf,0.0
пиздять,пиздя,1,2,0,0.0,0.0,inf,0.0
пкм,пкм,1,9,0,0.0,0.0,inf,0.0
плай,пла,1,1,0,0.0,0.0,inf,0.0
пласт,пласт,1,3,0,0.0,0.0,inf,0.0
платье,плат,1,3,0,0.0,0.0,inf,0.0
плотность,плотност,3,4,0,0.0,0.0,inf,0.0
поверх,поверх,1,1,0,0.0,0.0,inf,0.0
повістка,повістк,1,1,0,0.0,0.0,inf,0.0
повітряні,повітряні,1,2,0,0.0,0.0,inf,0.0
пожежа,пожеж,1,1,0,0.0,0.0,inf,0.0
позер,позер,1,1,0,0.0,0.0,inf,0.0
полароид,полароид,1,1,0,0.0,0.0,inf,0.0
стоматолога,стоматолог,3,3,0,0.0,0.0,inf,0.0
постал,поста,1,1,0,0.0,0.0,inf,0.0
постанова,постанов,1,2,0,0.0,0.0,inf,0.0
потосовка,потосовк,1,16,0,0.0,0.0,inf,0.0
потужно,потужн,1,2,0,0.0,0.0,inf,0.0
пофигизм,пофигизм,1,1,0,0.0,0.0,inf,0.0
православие,православ,2,2,0,0.0,0.0,inf,0.0
премиата,премиат,2,4,0,0.0,0.0,inf,0.0
преміата,преміат,1,3,0,0.0,0.0,inf,0.0
привид,привид,1,9,0,0.0,0.0,inf,0.0
прилуки,прилук,1,1,0,0.0,0.0,inf,0.0
примаченко,примаченк,3,4,0,0.0,0.0,inf,0.0
пропофол,пропофол,1,1,0,0.0,0.0,inf,0.0
против,прот,2,2,0,0.0,0.0,inf,0.0
прінт,прінт,1,1,0,0.0,0.0,inf,0.0
психоделика,психоделик,1,3,0,0.0,0.0,inf,0.0
психолог,психолог,1,1,0,0.0,0.0,inf,0.0
птср,птср,1,7,0,0.0,0.0,inf,0.0
пупупу,пупуп,1,2,0,0.0,0.0,inf,0.0
путін,путін,1,1,0,0.0,0.0,inf,0.0
пускають,пускают,1,5,0,0.0,0.0,inf,0.0
рабів,рабів,1,5,0,0.0,0.0,inf,0.0
ракамакафо,ракамакаф,1,11,0,0.0,0.0,inf,0.0
раммштайн,раммштайн,1,1,0,0.0,0.0,inf,0.0
рамонес,рамонес,1,2,0,0.0,0.0,inf,0.0
ребус,ребус,1,2,0,0.0,0.0,inf,0.0
флег,флег,1,2,0,0.0,0.0,inf,0.0
рейд,рейд,1,2,0,0.0,0.0,inf,0.0
рекрут,рекрут,1,5,0,0.0,0.0,inf,0.0
репресент,репресент,1,1,0,0.0,0.0,inf,0.0
рехаб,рехаб,1,1,0,0.0,0.0,inf,0.0
рибака,рибак,1,7,0,0.0,0.0,inf,0.0
роза,роз,3,6,0,0.0,0.0,inf,0.0
ветров,ветр,1,2,0,0.0,0.0,inf,0.0
роман,рома,1,1,0,0.0,0.0,inf,0.0
yourself,yourself,2,3,0,0.0,0.0,inf,0.0
русні,русні,2,16,0,0.0,0.0,inf,0.0
русофобія,русофобі,1,2,0,0.0,0.0,inf,0.0
рыцарь,рыцар,3,35,0,0.0,0.0,inf,0.0
рівнянин,рівнянин,1,2,0,0.0,0.0,inf,0.0
морті,морті,2,25,0,0.0,0.0,inf,0.0
рік,рік,2,25,0,0.0,0.0,inf,0.0
анатомическим,анатомическ,1,2,0,0.0,0.0,inf,0.0
сердцем,сердц,3,4,0,0.0,0.0,inf,0.0
арестовичем,арестович,1,1,0,0.0,0.0,inf,0.0
михаилом,михаил,1,3,0,0.0,0.0,inf,0.0
бабочками,бабочк,1,1,0,0.0,0.0,inf,0.0
бегемотом,бегемот,1,1,0,0.0,0.0,inf,0.0
бриллиантом,бриллиант,1,1,0,0.0,0.0,inf,0.0
брудой,бруд,1,1,0,0.0,0.0,inf,0.0
булавками,булавк,1,1,0,0.0,0.0,inf,0.0
бульдогом,бульдог,1,2,0,0.0,0.0,inf,0.0
ведьмой,ведьм,1,1,0,0.0,0.0,inf,0.0
вертолетом,вертолет,1,3,0,0.0,0.0,inf,0.0
воротом,ворот,1,1,0,0.0,0.0,inf,0.0
гитлером,гитлер,1,1,0,0.0,0.0,inf,0.0
ask,ask,1,2,0,0.0,0.0,inf,0.0
горловиной,горловин,1,1,0,0.0,0.0,inf,0.0
гулем,гул,1,1,0,0.0,0.0,inf,0.0
двигателем,двигател,1,2,0,0.0,0.0,inf,0.0
двойным,двойн,3,6,0,0.0,0.0,inf,0.0
деревом,дерев,1,1,0,0.0,0.0,inf,0.0
енотом,енот,1,4,0,0.0,0.0,inf,0.0
телом,тел,1,1,0,0.0,0.0,inf,0.0
жуками,жук,1,3,0,0.0,0.0,inf,0.0
изображением,изображен,1,3,0,0.0,0.0,inf,0.0
кальмаром,кальмар,1,1,0,0.0,0.0,inf,0.0
картой,карт,2,6,0,0.0,0.0,inf,0.0
asking,asking,3,3,0,0.0,0.0,inf,0.0
козлом,козл,1,1,0,0.0,0.0,inf,0.0
координатами,координат,1,1,0,0.0,0.0,inf,0.0
краской,краск,1,1,0,0.0,0.0,inf,0.0
криком,крик,2,3,0,0.0,0.0,inf,0.0
мышью,мыш,1,1,0,0.0,0.0,inf,0.0
летучей,летуч,1,1,0,0.0,0.0,inf,0.0
меган,мега,1,1,0,0.0,0.0,inf,0.0
мишенью,мишен,1,2,0,0.0,0.0,inf,0.0
мышкой,мышк,1,1,0,0.0,0.0,inf,0.0
ножами,нож,1,5,0,0.0,0.0,inf,0.0
оружием,оруж,2,5,0,0.0,0.0,inf,0.0
папичем,папич,2,2,0,0.0,0.0,inf,0.0
перевёрнутым,перевернут,1,1,0,0.0,0.0,inf,0.0
пирсингом,пирсинг,1,1,0,0.0,0.0,inf,0.0
пистолетом,пистолет,2,10,0,0.0,0.0,inf,0.0
позывным,позывн,1,1,0,0.0,0.0,inf,0.0
сзади,сзад,2,2,0,0.0,0.0,inf,0.0
размытой,размыт,1,1,0,0.0,0.0,inf,0.0
сатаной,сатан,2,16,0,0.0,0.0,inf,0.0
скакалке,скакалк,2,3,0,0.0,0.0,inf,0.0
танком,танк,1,1,0,0.0,0.0,inf,0.0
троллфейсом,троллфейс,1,1,0,0.0,0.0,inf,0.0
хофманитой,хофманит,1,1,0,0.0,0.0,inf,0.0
доктором,доктор,3,5,0,0.0,0.0,inf,0.0
чумным,чумн,3,5,0,0.0,0.0,inf,0.0
эсканором,эсканор,1,1,0,0.0,0.0,inf,0.0
сабатон,сабатон,1,2,0,0.0,0.0,inf,0.0
саванна,саван,1,1,0,0.0,0.0,inf,0.0
самбо,самб,2,2,0,0.0,0.0,inf,0.0
самец,самец,1,2,0,0.0,0.0,inf,0.0
alexandria,alexandria,3,3,0,0.0,0.0,inf,0.0
сафари,сафар,1,1,0,0.0,0.0,inf,0.0
сварог,сварог,1,5,0,0.0,0.0,inf,0.0
сварщика,сварщик,2,5,0,0.0,0.0,inf,0.0
сверхчеловек,сверхчеловек,1,1,0,0.0,0.0,inf,0.0
святкова,святков,1,1,0,0.0,0.0,inf,0.0
святослав,святосла,1,3,0,0.0,0.0,inf,0.0
умри,умр,1,1,0,0.0,0.0,inf,0.0
сдохни,сдохн,1,1,0,0.0,0.0,inf,0.0
север,север,1,1,0,0.0,0.0,inf,0.0
молодості,молодості,1,1,0,0.0,0.0,inf,0.0
секьюрити,секьюрит,1,2,0,0.0,0.0,inf,0.0
сельська,сельськ,1,1,0,0.0,0.0,inf,0.0
драка,драк,1,1,0,0.0,0.0,inf,0.0
сепультура,сепультур,1,2,0,0.0,0.0,inf,0.0
эдаун,эдаун,1,1,0,0.0,0.0,inf,0.0
скайрим,скайр,1,2,0,0.0,0.0,inf,0.0
скала,скал,2,13,0,0.0,0.0,inf,0.0
425,425,2,15,0,0.0,0.0,inf,0.0
скалолазание,скалолазан,1,1,0,0.0,0.0,inf,0.0
скандинавия,скандинав,1,2,0,0.0,0.0,inf,0.0
мифология,мифолог,2,4,0,0.0,0.0,inf,0.0
скаржинці,скаржинці,1,4,0,0.0,0.0,inf,0.0
скрябін,скрябін,3,10,0,0.0,0.0,inf,0.0
скуфидон,скуфидон,1,1,0,0.0,0.0,inf,0.0
отвага,отваг,1,1,0,0.0,0.0,inf,0.0
слабоумие,слабоум,1,1,0,0.0,0.0,inf,0.0
славянин,славянин,2,4,0,0.0,0.0,inf,0.0
сліпнот,сліпнот,1,3,0,0.0,0.0,inf,0.0
смарагдове,смарагдов,1,1,0,0.0,0.0,inf,0.0
косой,кос,1,1,0,0.0,0.0,inf,0.0
сталиным,сталин,1,2,0,0.0,0.0,inf,0.0
сфинксом,сфинкс,1,1,0,0.0,0.0,inf,0.0
ласка,ласк,1,1,0,0.0,0.0,inf,0.0
солов,сол,2,5,0,0.0,0.0,inf,0.0
їною,їно,1,1,0,0.0,0.0,inf,0.0
соловіча,соловіч,1,4,0,0.0,0.0,inf,0.0
соняшник,соняшник,1,1,0,0.0,0.0,inf,0.0
сотворение,сотворен,1,4,0,0.0,0.0,inf,0.0
адама,адам,1,4,0,0.0,0.0,inf,0.0
спецназ,спецназ,2,6,0,0.0,0.0,inf,0.0
спецпідрозділ,спецпідрозділ,1,2,0,0.0,0.0,inf,0.0
угруповання,угрупован,1,2,0,0.0,0.0,inf,0.0
справка,справк,1,1,0,0.0,0.0,inf,0.0
средневековье,средневеков,1,2,0,0.0,0.0,inf,0.0
сталкрафт,сталкрафт,1,1,0,0.0,0.0,inf,0.0
староста,старост,1,1,0,0.0,0.0,inf,0.0
старший,старш,1,1,0,0.0,0.0,inf,0.0
asos,asos,2,2,0,0.0,0.0,inf,0.0
стимпанк,стимпанк,1,2,0,0.0,0.0,inf,0.0
сто,сто,1,1,0,0.0,0.0,inf,0.0
стоматологическая,стоматологическ,1,1,0,0.0,0.0,inf,0.0
стражи,страж,1,3,0,0.0,0.0,inf,0.0
галактики,галактик,1,3,0,0.0,0.0,inf,0.0
суетолог,суетолог,1,1,0,0.0,0.0,inf,0.0
сумчара,сумчар,1,16,0,0.0,0.0,inf,0.0
схід,схід,1,39,0,0.0,0.0,inf,0.0
тайский,тайск,1,3,0,0.0,0.0,inf,0.0
тактика,тактик,2,6,0,0.0,0.0,inf,0.0
тарасова,тарасов,1,1,0,0.0,0.0,inf,0.0
таргариен,таргар,1,1,0,0.0,0.0,inf,0.0
тбилиси,тбилис,1,1,0,0.0,0.0,inf,0.0
терминатор,терминатор,2,3,0,0.0,0.0,inf,0.0
термохром,термохр,2,11,0,0.0,0.0,inf,0.0
техас,техас,1,3,0,0.0,0.0,inf,0.0
тиесто,тиест,1,1,0,0.0,0.0,inf,0.0
титан,тита,1,1,0,0.0,0.0,inf,0.0
тнн,тн,1,1,0,0.0,0.0,inf,0.0
токсик,токсик,1,7,0,0.0,0.0,inf,0.0
токсік,токсік,1,1,0,0.0,0.0,inf,0.0
том,том,1,1,0,0.0,0.0,inf,0.0
тейлор,тейлор,1,1,0,0.0,0.0,inf,0.0
хилфигер,хилфигер,2,3,0,0.0,0.0,inf,0.0
томми,томм,2,4,0,0.0,0.0,inf,0.0
assc,assc,3,5,0,0.0,0.0,inf,0.0
тотенкопф,тотенкопф,1,3,0,0.0,0.0,inf,0.0
трамп,трамп,1,1,0,0.0,0.0,inf,0.0
третій,треті,1,5,0,0.0,0.0,inf,0.0
троєщина,троєщин,1,5,0,0.0,0.0,inf,0.0
туніка,тунік,1,3,0,0.0,0.0,inf,0.0
тяжелый,тяжел,1,2,0,0.0,0.0,inf,0.0
вмерти,вмерт,1,1,0,0.0,0.0,inf,0.0
шкода,шкод,1,1,0,0.0,0.0,inf,0.0
жити,жит,1,1,0,0.0,0.0,inf,0.0
тіпи,тіпи,1,1,0,0.0,0.0,inf,0.0
парт,парт,1,1,0,0.0,0.0,inf,0.0
задніх,задніх,1,1,0,0.0,0.0,inf,0.0
ультрас,ультрас,2,7,0,0.0,0.0,inf,0.0
динамо,динам,2,2,0,0.0,0.0,inf,0.0
неизбежен,неизбеж,1,1,0,0.0,0.0,inf,0.0
успех,успех,1,1,0,0.0,0.0,inf,0.0
ф16,ф16,1,1,0,0.0,0.0,inf,0.0
фаер,фаер,1,7,0,0.0,0.0,inf,0.0
фак,фак,2,3,0,0.0,0.0,inf,0.0
фбу,фбу,1,1,0,0.0,0.0,inf,0.0
феникс,феникс,1,4,0,0.0,0.0,inf,0.0
фенікс,фенікс,2,13,0,0.0,0.0,inf,0.0
фламінго,фламінг,1,1,0,0.0,0.0,inf,0.0
флот,флот,1,1,0,0.0,0.0,inf,0.0
фольксваген,фольксваг,1,2,0,0.0,0.0,inf,0.0
фоп,фоп,1,193,0,0.0,0.0,inf,0.0
формула,формул,4,8,0,0.0,0.0,inf,0.0
макларен,маклар,1,1,0,0.0,0.0,inf,0.0
френдс,френдс,1,3,0,0.0,0.0,inf,0.0
фри,фри,1,1,0,0.0,0.0,inf,0.0
фрі,фрі,1,6,0,0.0,0.0,inf,0.0
фрірен,фрірен,2,4,0,0.0,0.0,inf,0.0
хакер,хакер,1,1,0,0.0,0.0,inf,0.0
хакі,хакі,4,14,0,0.0,0.0,inf,0.0
хамелеон,хамелеон,6,10,0,0.0,0.0,inf,0.0
хантер,хантер,2,3,0,0.0,0.0,inf,0.0
хаос,хаос,2,2,0,0.0,0.0,inf,0.0
хапчик,хапчик,1,1,0,0.0,0.0,inf,0.0
athleisure,athleisure,1,1,0,0.0,0.0,inf,0.0
незламний,незламн,2,5,0,0.0,0.0,inf,0.0
харлей,харл,1,4,0,0.0,0.0,inf,0.0
дэвидсон,дэвидсон,1,4,0,0.0,0.0,inf,0.0
athletic,athletic,1,1,0,0.0,0.0,inf,0.0
хаябуса,хаябус,1,3,0,0.0,0.0,inf,0.0
хдш,хдш,1,2,0,0.0,0.0,inf,0.0
хейт,хейт,2,15,0,0.0,0.0,inf,0.0
хеликон,хеликон,3,7,0,0.0,0.0,inf,0.0
текс,текс,1,1,0,0.0,0.0,inf,0.0
китти,китт,1,1,0,0.0,0.0,inf,0.0
хелоу,хело,1,1,0,0.0,0.0,inf,0.0
хелстар,хелстар,1,1,0,0.0,0.0,inf,0.0
хелікон,хелікон,2,3,0,0.0,0.0,inf,0.0
хим,хим,1,1,0,0.0,0.0,inf,0.0
хистерик,хистерик,1,1,0,0.0,0.0,inf,0.0
гламур,гламур,1,1,0,0.0,0.0,inf,0.0
хищник,хищник,1,1,0,0.0,0.0,inf,0.0
хонда,хонд,1,1,0,0.0,0.0,inf,0.0
хоррор,хоррор,1,7,0,0.0,0.0,inf,0.0
хортиця,хортит^,1,12,0,0.0,0.0,inf,0.0
христианская,христианск,8,24,0,0.0,0.0,inf,0.0
здох,здох,1,1,0,0.0,0.0,inf,0.0
той,то,1,1,0,0.0,0.0,inf,0.0
хто,хто,1,1,0,0.0,0.0,inf,0.0
хулиганс,хулиганс,1,1,0,0.0,0.0,inf,0.0
хіба,хіба,1,1,0,0.0,0.0,inf,0.0
прийняття,прийнятт,3,19,0,0.0,0.0,inf,0.0
рішень,рішен,3,19,0,0.0,0.0,inf,0.0
центр,центр,3,19,0,0.0,0.0,inf,0.0
центурія,центурі,3,14,0,0.0,0.0,inf,0.0
цсн,цсн,1,2,0,0.0,0.0,inf,0.0
цілуй,цілу,1,4,0,0.0,0.0,inf,0.0
чегевара,чегевар,1,1,0,0.0,0.0,inf,0.0
чейзер,чейзер,1,2,0,0.0,0.0,inf,0.0
рута,рут,1,1,0,0.0,0.0,inf,0.0
черкассы,черкасс,1,1,0,0.0,0.0,inf,0.0
чернобыль,чернобыл,1,1,0,0.0,0.0,inf,0.0
чернігів,чернігів,1,5,0,0.0,0.0,inf,0.0
честер,честер,1,1,0,0.0,0.0,inf,0.0
беннингтон,беннингтон,1,1,0,0.0,0.0,inf,0.0
чечня,чечн,2,2,0,0.0,0.0,inf,0.0
дейл,дейл,1,3,0,0.0,0.0,inf,0.0
чип,чип,1,3,0,0.0,0.0,inf,0.0
якісна,якісн,5,9,0,0.0,0.0,inf,0.0
чоперс,чоперс,1,1,0,0.0,0.0,inf,0.0
чорнобаївка,чорнобаївк,1,1,0,0.0,0.0,inf,0.0
чорнобиль,чорнобил,1,1,0,0.0,0.0,inf,0.0
паца,пац,1,1,0,0.0,0.0,inf,0.0
чоткий,чотк,1,1,0,0.0,0.0,inf,0.0
чума,чум,1,2,0,0.0,0.0,inf,0.0
чучучу,чучуч,1,7,0,0.0,0.0,inf,0.0
шаман,шама,1,1,0,0.0,0.0,inf,0.0
шефу,шеф,1,4,0,0.0,0.0,inf,0.0
шива,шив,1,9,0,0.0,0.0,inf,0.0
шлем,шлем,1,1,0,0.0,0.0,inf,0.0
ужаса,ужас,1,1,0,0.0,0.0,inf,0.0
шоб,шоб,1,28,0,0.0,0.0,inf,0.0
шоколадна,шоколадн,1,1,0,0.0,0.0,inf,0.0
щавель,щавел,1,1,0,0.0,0.0,inf,0.0
щекавиця,щекавит^,1,2,0,0.0,0.0,inf,0.0
щищь,щищ,2,12,0,0.0,0.0,inf,0.0
щоденники,щоденник,3,9,0,0.0,0.0,inf,0.0
эгоист,эгоист,1,1,0,0.0,0.0,inf,0.0
этно,этн,2,7,0,0.0,0.0,inf,0.0
юкрейн,юкрейн,2,5,0,0.0,0.0,inf,0.0
юнікло,юнікл,2,3,0,0.0,0.0,inf,0.0
ютуб,ютуб,1,1,0,0.0,0.0,inf,0.0
сексу,секс,1,1,0,0.0,0.0,inf,0.0
говорили,говор,1,2,0,0.0,0.0,inf,0.0
хочу,хоч,3,5,0,0.0,0.0,inf,0.0
щоб,щоб,1,2,0,0.0,0.0,inf,0.0
президента,президент,1,2,0,0.0,0.0,inf,0.0
жах,жах,1,1,0,0.0,0.0,inf,0.0
якудза,якудз,4,7,0,0.0,0.0,inf,0.0
японія,японі,1,11,0,0.0,0.0,inf,0.0
ярмак,ярмак,1,1,0,0.0,0.0,inf,0.0
ярослав,яросла,3,11,0,0.0,0.0,inf,0.0
ярость,ярост,1,5,0,0.0,0.0,inf,0.0
єбош,єбош,2,12,0,0.0,0.0,inf,0.0
оновленій,оновлені,2,2,0,0.0,0.0,inf,0.0
землі,землі,2,2,0,0.0,0.0,inf,0.0
ізюм,ізюм,1,26,0,0.0,0.0,inf,0.0
інженер,інженер,1,2,0,0.0,0.0,inf,0.0
інструктор,інструктор,1,3,0,0.0,0.0,inf,0.0
їбаш,їбаш,1,2,0,0.0,0.0,inf,0.0
asus,asus,1,1,0,0.0,0.0,inf,0.0
bloodhound,bloodhound,1,3,0,0.0,0.0,inf,0.0
joy,joy,2,2,0,0.0,0.0,inf,0.0
calm,calm,1,1,0,0.0,0.0,inf,0.0
maraton,maraton,1,1,0,0.0,0.0,inf,0.0
masimar,masimar,1,1,0,0.0,0.0,inf,0.0
mcl,mcl,1,1,0,0.0,0.0,inf,0.0
rothco,rothco,1,2,0,0.0,0.0,inf,0.0
saucony,saucony,1,1,0,0.0,0.0,inf,0.0
абьюз,абьюз,1,1,0,0.0,0.0,inf,0.0
андер,андер,2,3,0,0.0,0.0,inf,0.0
армор,армор,2,3,0,0.0,0.0,inf,0.0
армейские,армейск,1,1,0,0.0,0.0,inf,0.0
бейсболки,бейсболк,1,1,0,0.0,0.0,inf,0.0
хоп,хоп,4,9,0,0.0,0.0,inf,0.0
хип,хип,4,9,0,0.0,0.0,inf,0.0
atikin,atikin,1,1,0,0.0,0.0,inf,0.0
джитсу,джитс,2,7,0,0.0,0.0,inf,0.0
джиу,джи,2,7,0,0.0,0.0,inf,0.0
дронщиків,дронщиків,1,1,0,0.0,0.0,inf,0.0
рибаків,рибаків,1,1,0,0.0,0.0,inf,0.0
спортсменов,спортсмен,1,1,0,0.0,0.0,inf,0.0
вирізом,виріз,1,1,0,0.0,0.0,inf,0.0
грудях,груд,1,1,0,0.0,0.0,inf,0.0
відбитками,відбитк,1,1,0,0.0,0.0,inf,0.0
прінтами,прінтам,1,4,0,0.0,0.0,inf,0.0
гуртами,гурт,3,4,0,0.0,0.0,inf,0.0
сімпсонами,сімпсон,1,1,0,0.0,0.0,inf,0.0
цитатами,цитат,3,3,0,0.0,0.0,inf,0.0
интеллигент,интеллигент,1,2,0,0.0,0.0,inf,0.0
казахстан,казахста,1,1,0,0.0,0.0,inf,0.0
блю,блю,1,2,0,0.0,0.0,inf,0.0
ликвид,ликвид,1,2,0,0.0,0.0,inf,0.0
лондон,лондон,1,1,0,0.0,0.0,inf,0.0
марвел,марвел,2,2,0,0.0,0.0,inf,0.0
масс,масс,1,2,0,0.0,0.0,inf,0.0
эффект,эффект,2,4,0,0.0,0.0,inf,0.0
отбросы,отброс,1,1,0,0.0,0.0,inf,0.0
ощадбанк,ощадбанк,1,1,0,0.0,0.0,inf,0.0
250,250,1,1,0,0.0,0.0,inf,0.0
поліестер,поліестер,2,3,0,0.0,0.0,inf,0.0
премиум,премиум,1,1,0,0.0,0.0,inf,0.0
программист,программист,1,1,0,0.0,0.0,inf,0.0
річмонд,річмонд,1,1,0,0.0,0.0,inf,0.0
боксерами,боксер,1,1,0,0.0,0.0,inf,0.0
вышитым,вышит,2,5,0,0.0,0.0,inf,0.0
городами,город,1,1,0,0.0,0.0,inf,0.0
грузинской,грузинск,1,1,0,0.0,0.0,inf,0.0
животными,животн,1,3,0,0.0,0.0,inf,0.0
иконами,икон,2,4,0,0.0,0.0,inf,0.0
исполнителями,исполнител,1,1,0,0.0,0.0,inf,0.0
художников,художник,1,1,0,0.0,0.0,inf,0.0
китайскими,китайск,1,2,0,0.0,0.0,inf,0.0
майклом,майкл,1,1,0,0.0,0.0,inf,0.0
джексоном,джексон,1,1,0,0.0,0.0,inf,0.0
работы,работ,2,5,0,0.0,0.0,inf,0.0
ручной,ручн,2,5,0,0.0,0.0,inf,0.0
узорами,узор,1,6,0,0.0,0.0,inf,0.0
языческой,языческ,2,4,0,0.0,0.0,inf,0.0
скинхедов,скинхед,2,9,0,0.0,0.0,inf,0.0
скулшутеров,скулшутер,1,1,0,0.0,0.0,inf,0.0
смыслом,смысл,1,1,0,0.0,0.0,inf,0.0
спб,спб,1,1,0,0.0,0.0,inf,0.0
варс,варс,1,1,0,0.0,0.0,inf,0.0
таиланд,таиланд,1,2,0,0.0,0.0,inf,0.0
труссарди,труссард,1,1,0,0.0,0.0,inf,0.0
atl,atl,1,1,0,0.0,0.0,inf,0.0
християнські,християнські,6,40,0,0.0,0.0,inf,0.0
хулиган,хулига,2,3,0,0.0,0.0,inf,0.0
цех,цех,5,48,0,0.0,0.0,inf,0.0
цукерберга,цукерберг,1,1,0,0.0,0.0,inf,0.0
чернівці,чернівці,1,1,0,0.0,0.0,inf,0.0
однотонні,однотонні,1,1,0,0.0,0.0,inf,0.0
якісні,якісні,7,42,0,0.0,0.0,inf,0.0
шейтельмана,шейтельма,1,1,0,0.0,0.0,inf,0.0
футболкм,футболкм,1,1,0,0.0,0.0,inf,0.0
футболкп,футболкп,1,1,0,0.0,0.0,inf,0.0
футболкі,футболкі,3,9,0,0.0,0.0,inf,0.0
футболочка,футболочк,1,2,0,0.0,0.0,inf,0.0
atlas,atlas,1,1,0,0.0,0.0,inf,0.0
футляр,футляр,1,3,0,0.0,0.0,inf,0.0
фьер,фьер,1,2,0,0.0,0.0,inf,0.0
хайповые,хайпов,1,3,0,0.0,0.0,inf,0.0
халф,халф,1,1,0,0.0,0.0,inf,0.0
харвкст,харвкст,1,1,0,0.0,0.0,inf,0.0
харді,харді,1,2,0,0.0,0.0,inf,0.0
харківський,харківськ,1,5,0,0.0,0.0,inf,0.0
харківські,харківські,2,4,0,0.0,0.0,inf,0.0
шоурум,шоурум,3,5,0,0.0,0.0,inf,0.0
харьковские,харьковск,2,8,0,0.0,0.0,inf,0.0
weekend,weekend,20,52,0,0.0,0.0,inf,0.0
хвди,хвди,1,2,0,0.0,0.0,inf,0.0
хедбег,хедбег,1,22,0,0.0,0.0,inf,0.0
бекка,бекк,1,3,0,0.0,0.0,inf,0.0
хей,хе,1,3,0,0.0,0.0,inf,0.0
хейбека,хейбек,1,1,0,0.0,0.0,inf,0.0
хейтспич,хейтспич,1,4,0,0.0,0.0,inf,0.0
хектор,хектор,2,6,0,0.0,0.0,inf,0.0
хеллсинг,хеллсинг,1,2,0,0.0,0.0,inf,0.0
хзв,хзв,1,1,0,0.0,0.0,inf,0.0
висот,висот,1,2,0,0.0,0.0,inf,0.0
кай,ка,1,2,0,0.0,0.0,inf,0.0
хикикомори,хикикомор,2,3,0,0.0,0.0,inf,0.0
хипстерская,хипстерск,2,2,0,0.0,0.0,inf,0.0
хйф,хйф,1,1,0,0.0,0.0,inf,0.0
хкді,хкді,1,2,0,0.0,0.0,inf,0.0
хлопковая,хлопков,8,19,0,0.0,0.0,inf,0.0
хлопкові,хлопкові,1,1,0,0.0,0.0,inf,0.0
хлопці,хлопці,1,3,0,0.0,0.0,inf,0.0
лісу,лісу,1,3,0,0.0,0.0,inf,0.0
хлопчачий,хлопчач,1,1,0,0.0,0.0,inf,0.0
atom,atom,3,3,0,0.0,0.0,inf,0.0
avangard,avangard,1,2,0,0.0,0.0,inf,0.0
хорунгва,хорунгв,1,2,0,0.0,0.0,inf,0.0
собі,собі,1,2,0,0.0,0.0,inf,0.0
пцу,пцу,1,1,0,0.0,0.0,inf,0.0
хризма,хризм,1,1,0,0.0,0.0,inf,0.0
акбар,акбар,1,2,0,0.0,0.0,inf,0.0
хстор,хстор,2,4,0,0.0,0.0,inf,0.0
хтеа,хте,1,2,0,0.0,0.0,inf,0.0
худв,худв,1,9,0,0.0,0.0,inf,0.0
худди,худд,2,19,0,0.0,0.0,inf,0.0
шундай,шунда,1,1,0,0.0,0.0,inf,0.0
худді,худді,1,15,0,0.0,0.0,inf,0.0
декабря,декабр,1,1,0,0.0,0.0,inf,0.0
burton,burton,2,6,0,0.0,0.0,inf,0.0
fuckdown,fuckdown,1,1,0,0.0,0.0,inf,0.0
divine,divine,1,1,0,0.0,0.0,inf,0.0
facking,facking,1,4,0,0.0,0.0,inf,0.0
habibi,habibi,1,2,0,0.0,0.0,inf,0.0
hannya,hannya,1,17,0,0.0,0.0,inf,0.0
hikikomori,hikikomori,1,3,0,0.0,0.0,inf,0.0
frank,frank,1,1,0,0.0,0.0,inf,0.0
phloyd,phloyd,1,3,0,0.0,0.0,inf,0.0
roxy,roxy,1,2,0,0.0,0.0,inf,0.0
san,san,1,7,0,0.0,0.0,inf,0.0
andreas,andreas,1,7,0,0.0,0.0,inf,0.0
dye,dye,1,1,0,0.0,0.0,inf,0.0
tie,tie,1,1,0,0.0,0.0,inf,0.0
статуя,стату,1,1,0,0.0,0.0,inf,0.0
wolee,wolee,1,1,0,0.0,0.0,inf,0.0
ymb,ymb,1,2,0,0.0,0.0,inf,0.0
амири,амир,2,4,0,0.0,0.0,inf,0.0
сошал,соша,1,3,0,0.0,0.0,inf,0.0
ариана,ариа,1,3,0,0.0,0.0,inf,0.0
безрукавка,безрукавк,1,2,0,0.0,0.0,inf,0.0
тайгер,тайгер,1,1,0,0.0,0.0,inf,0.0
блессед,блессед,2,3,0,0.0,0.0,inf,0.0
сквад,сквад,1,1,0,0.0,0.0,inf,0.0
бомж,бомж,1,5,0,0.0,0.0,inf,0.0
бэйп,бэйп,1,1,0,0.0,0.0,inf,0.0
dominus,dominus,1,1,0,0.0,0.0,inf,0.0
величайший,величайш,1,2,0,0.0,0.0,inf,0.0
версаче,версач,1,4,0,0.0,0.0,inf,0.0
вивьен,вив,1,1,0,0.0,0.0,inf,0.0
вествуд,вествуд,1,1,0,0.0,0.0,inf,0.0
влон,влон,1,1,0,0.0,0.0,inf,0.0
гарри,гарр,2,3,0,0.0,0.0,inf,0.0
поттер,поттер,3,4,0,0.0,0.0,inf,0.0
дикис,дикис,2,3,0,0.0,0.0,inf,0.0
игроков,игрок,1,1,0,0.0,0.0,inf,0.0
пацанов,пацан,1,6,0,0.0,0.0,inf,0.0
дрип,дрип,1,2,0,0.0,0.0,inf,0.0
дрифт,дрифт,1,1,0,0.0,0.0,inf,0.0
ебашим,ебаш,1,1,0,0.0,0.0,inf,0.0
есентиалс,есентиалс,2,11,0,0.0,0.0,inf,0.0
минусы,минус,1,1,0,0.0,0.0,inf,0.0
камуфляж,камуфляж,1,1,0,0.0,0.0,inf,0.0
ковер,ковер,1,1,0,0.0,0.0,inf,0.0
кока,кок,1,1,0,0.0,0.0,inf,0.0
макгрегор,макгрегор,1,4,0,0.0,0.0,inf,0.0
конор,конор,1,4,0,0.0,0.0,inf,0.0
котик,котик,3,8,0,0.0,0.0,inf,0.0
лимонного,лимон,1,1,0,0.0,0.0,inf,0.0
лицемер,лицемер,1,1,0,0.0,0.0,inf,0.0
луи,лу,1,1,0,0.0,0.0,inf,0.0
витон,витон,1,1,0,0.0,0.0,inf,0.0
мадара,мадар,1,2,0,0.0,0.0,inf,0.0
тайсон,тайсон,1,1,0,0.0,0.0,inf,0.0
ферстаппен,ферстапп,1,2,0,0.0,0.0,inf,0.0
принц,принц,1,1,0,0.0,0.0,inf,0.0
масик,масик,1,2,0,0.0,0.0,inf,0.0
меланж,меланж,1,1,0,0.0,0.0,inf,0.0
эндшпиль,эндшпил,1,1,0,0.0,0.0,inf,0.0
ммм,ммм,1,1,0,0.0,0.0,inf,0.0
мортал,морта,1,1,0,0.0,0.0,inf,0.0
муди,муд,1,2,0,0.0,0.0,inf,0.0
завязках,завязк,2,2,0,0.0,0.0,inf,0.0
намбер,намбер,1,2,0,0.0,0.0,inf,0.0
нба,нба,1,3,0,0.0,0.0,inf,0.0
новогодний,новогодн,1,1,0,0.0,0.0,inf,0.0
отрицала,отрица,1,3,0,0.0,0.0,inf,0.0
boulevard,boulevard,1,3,0,0.0,0.0,inf,0.0
параллель,параллел,1,25,0,0.0,0.0,inf,0.0
мишкой,мишк,1,1,0,0.0,0.0,inf,0.0
лорен,лор,4,4,0,0.0,0.0,inf,0.0
репрезент,репрезент,2,4,0,0.0,0.0,inf,0.0
рот,рот,1,1,0,0.0,0.0,inf,0.0
рыбий,рыб,1,1,0,0.0,0.0,inf,0.0
банданой,бандан,1,1,0,0.0,0.0,inf,0.0
глубоким,глубок,1,7,0,0.0,0.0,inf,0.0
горящей,горя,2,3,0,0.0,0.0,inf,0.0
москвой,москв,3,19,0,0.0,0.0,inf,0.0
убийцей,убийц,2,2,0,0.0,0.0,inf,0.0
джеффом,джефф,1,1,0,0.0,0.0,inf,0.0
единорогом,единорог,1,1,0,0.0,0.0,inf,0.0
инопланетянином,инопланетянин,1,4,0,0.0,0.0,inf,0.0
каллиграфией,каллиграф,1,2,0,0.0,0.0,inf,0.0
камнями,камн,1,4,0,0.0,0.0,inf,0.0
квадратным,квадратн,1,3,0,0.0,0.0,inf,0.0
крипером,крипер,1,2,0,0.0,0.0,inf,0.0
кроликом,кролик,1,6,0,0.0,0.0,inf,0.0
липучками,липучк,1,2,0,0.0,0.0,inf,0.0
микки,микк,1,1,0,0.0,0.0,inf,0.0
маусом,маус,1,1,0,0.0,0.0,inf,0.0
английском,английск,1,1,0,0.0,0.0,inf,0.0
пальмами,пальм,1,1,0,0.0,0.0,inf,0.0
пеннивайзом,пеннивайз,1,5,0,0.0,0.0,inf,0.0
писюнами,писюн,1,2,0,0.0,0.0,inf,0.0
поцелуями,поцелу,1,2,0,0.0,0.0,inf,0.0
рефлективом,рефлектив,1,9,0,0.0,0.0,inf,0.0
росписью,роспис,1,1,0,0.0,0.0,inf,0.0
таксой,такс,1,2,0,0.0,0.0,inf,0.0
цепями,цеп,1,2,0,0.0,0.0,inf,0.0
потертости,потерт,1,2,0,0.0,0.0,inf,0.0
сага,саг,1,1,0,0.0,0.0,inf,0.0
винланде,винланд,1,1,0,0.0,0.0,inf,0.0
сейлор,сейлор,1,1,0,0.0,0.0,inf,0.0
мун,мун,1,1,0,0.0,0.0,inf,0.0
элементами,элемент,1,1,0,0.0,0.0,inf,0.0
светоотражающими,светоотража,2,3,0,0.0,0.0,inf,0.0
сменными,смен,1,1,0,0.0,0.0,inf,0.0
стойкой,стойк,1,3,0,0.0,0.0,inf,0.0
левелинг,левелинг,1,4,0,0.0,0.0,inf,0.0
спанч,спанч,1,1,0,0.0,0.0,inf,0.0
боб,боб,1,1,0,0.0,0.0,inf,0.0
сторис,сторис,1,1,0,0.0,0.0,inf,0.0
стрейт,стрейт,1,4,0,0.0,0.0,inf,0.0
эдж,эдж,1,4,0,0.0,0.0,inf,0.0
стучи,стуч,1,2,0,0.0,0.0,inf,0.0
сукуна,сукун,1,1,0,0.0,0.0,inf,0.0
тайдай,тайда,1,1,0,0.0,0.0,inf,0.0
тапаут,тапаут,1,1,0,0.0,0.0,inf,0.0
топик,топик,1,2,0,0.0,0.0,inf,0.0
трашер,трашер,1,1,0,0.0,0.0,inf,0.0
университет,университет,1,1,0,0.0,0.0,inf,0.0
фуксия,фукс,1,2,0,0.0,0.0,inf,0.0
хабиби,хабиб,1,1,0,0.0,0.0,inf,0.0
халики,халик,1,1,0,0.0,0.0,inf,0.0
худрич,худрич,2,4,0,0.0,0.0,inf,0.0
псы,псы,1,1,0,0.0,0.0,inf,0.0
шанель,шанел,1,1,0,0.0,0.0,inf,0.0
шансон,шансон,1,1,0,0.0,0.0,inf,0.0
ярко,ярк,5,8,0,0.0,0.0,inf,0.0
худм,худм,1,2,0,0.0,0.0,inf,0.0
худт,худт,1,4,0,0.0,0.0,inf,0.0
худтрепстар,худтрепстар,1,1,0,0.0,0.0,inf,0.0
armani,armani,1,1,0,0.0,0.0,inf,0.0
exchange,exchange,1,1,0,0.0,0.0,inf,0.0
індастріз,індастріз,1,8,0,0.0,0.0,inf,0.0
амор,амор,1,1,0,0.0,0.0,inf,0.0
асті,асті,1,7,0,0.0,0.0,inf,0.0
бам,бам,1,4,0,0.0,0.0,inf,0.0
барселона,барселон,1,1,0,0.0,0.0,inf,0.0
беж,беж,1,1,0,0.0,0.0,inf,0.0
бургунді,бургунді,1,2,0,0.0,0.0,inf,0.0
біллі,біллі,1,3,0,0.0,0.0,inf,0.0
айліш,айліш,1,3,0,0.0,0.0,inf,0.0
піс,піс,1,3,0,0.0,0.0,inf,0.0
ave,ave,1,1,0,0.0,0.0,inf,0.0
воєні,воєні,1,1,0,0.0,0.0,inf,0.0
дивні,дивні,1,1,0,0.0,0.0,inf,0.0
дива,див,1,1,0,0.0,0.0,inf,0.0
годування,годуван,1,1,0,0.0,0.0,inf,0.0
двох,двох,1,1,0,0.0,0.0,inf,0.0
мотоциклістів,мотоциклістів,1,1,0,0.0,0.0,inf,0.0
члена,член,1,1,0,0.0,0.0,inf,0.0
дікес,дікес,1,2,0,0.0,0.0,inf,0.0
жіночк,жіночк,1,2,0,0.0,0.0,inf,0.0
ефектом,ефект,1,3,0,0.0,0.0,inf,0.0
ведмедем,ведмед,1,1,0,0.0,0.0,inf,0.0
камінцями,камінц,1,1,0,0.0,0.0,inf,0.0
молнією,молніє,1,2,0,0.0,0.0,inf,0.0
оленем,олен,1,2,0,0.0,0.0,inf,0.0
палаючою,палаюч,2,17,0,0.0,0.0,inf,0.0
пісюнами,пісюн,1,3,0,0.0,0.0,inf,0.0
ріжками,ріжкам,1,2,0,0.0,0.0,inf,0.0
смішним,смішним,1,1,0,0.0,0.0,inf,0.0
флісом,флісом,1,1,0,0.0,0.0,inf,0.0
капюшоні,капюшоні,1,3,0,0.0,0.0,inf,0.0
хутром,хутр,1,3,0,0.0,0.0,inf,0.0
жде,жде,1,2,0,0.0,0.0,inf,0.0
лівий,ліви,1,1,0,0.0,0.0,inf,0.0
поліція,поліці,1,1,0,0.0,0.0,inf,0.0
моноліт,моноліт,1,3,0,0.0,0.0,inf,0.0
стонік,стонік,1,1,0,0.0,0.0,inf,0.0
супрім,супрім,1,8,0,0.0,0.0,inf,0.0
пси,пси,1,1,0,0.0,0.0,inf,0.0
хужі,хужі,1,5,0,0.0,0.0,inf,0.0
хуйді,хуйді,1,1,0,0.0,0.0,inf,0.0
хусл,хусл,1,1,0,0.0,0.0,inf,0.0
хюге,хюг,1,3,0,0.0,0.0,inf,0.0
цвинтар,цвинтар,1,35,0,0.0,0.0,inf,0.0
nox,nox,1,1,0,0.0,0.0,inf,0.0
цум,цум,1,1,0,0.0,0.0,inf,0.0
цупка,цупк,1,1,0,0.0,0.0,inf,0.0
цікаві,цікаві,3,6,0,0.0,0.0,inf,0.0
чашка,чашк,1,5,0,0.0,0.0,inf,0.0
чепура,чепур,1,1,0,0.0,0.0,inf,0.0
чер,чер,2,6,0,0.0,0.0,inf,0.0
історія,історі,3,8,0,0.0,0.0,inf,0.0
червоночорний,червоночорн,1,1,0,0.0,0.0,inf,0.0
avecs,avecs,1,2,0,0.0,0.0,inf,0.0
чоловичий,чолович,1,2,0,0.0,0.0,inf,0.0
розмірна,розмірн,1,1,0,0.0,0.0,inf,0.0
янець,янет^,1,1,0,0.0,0.0,inf,0.0
кам,кам,1,1,0,0.0,0.0,inf,0.0
подільський,подільськ,1,1,0,0.0,0.0,inf,0.0
брючні,брючні,1,1,0,0.0,0.0,inf,0.0
парашути,парашут,2,3,0,0.0,0.0,inf,0.0
несе,нес,1,3,0,0.0,0.0,inf,0.0
чорновіл,чорновіл,1,3,0,0.0,0.0,inf,0.0
чіноси,чінос,2,2,0,0.0,0.0,inf,0.0
подарить,подар,7,12,0,0.0,0.0,inf,0.0
рождения,рожден,2,3,0,0.0,0.0,inf,0.0
пожарнику,пожарник,1,2,0,0.0,0.0,inf,0.0
братан,брата,1,1,0,0.0,0.0,inf,0.0
чувак,чувак,2,3,0,0.0,0.0,inf,0.0
вечеринка,вечеринк,1,2,0,0.0,0.0,inf,0.0
отстой,отст,1,2,0,0.0,0.0,inf,0.0
шадоу,шадо,1,1,0,0.0,0.0,inf,0.0
шалена,шал,1,1,0,0.0,0.0,inf,0.0
шапка,шапк,1,1,0,0.0,0.0,inf,0.0
шатны,шатн,1,1,0,0.0,0.0,inf,0.0
швейка,швейк,1,1,0,0.0,0.0,inf,0.0
медиків,медиків,1,1,0,0.0,0.0,inf,0.0
шелковые,шелков,1,1,0,0.0,0.0,inf,0.0
шелкотрафарет,шелкотрафарет,1,2,0,0.0,0.0,inf,0.0
шер17,шер17,1,1,0,0.0,0.0,inf,0.0
шинигами,шиниг,3,3,0,0.0,0.0,inf,0.0
кутюр,кутюр,2,2,0,0.0,0.0,inf,0.0
пнг,пнг,1,1,0,0.0,0.0,inf,0.0
школьные,школьн,2,2,0,0.0,0.0,inf,0.0
шкіряні,шкіряні,1,1,0,0.0,0.0,inf,0.0
подарувати,подаруват,5,6,0,0.0,0.0,inf,0.0
шобшо,шобш,1,5,0,0.0,0.0,inf,0.0
twice,twice,1,1,0,0.0,0.0,inf,0.0
бігу,бігу,3,4,0,0.0,0.0,inf,0.0
довгі,довгі,4,5,0,0.0,0.0,inf,0.0
міні,міні,2,2,0,0.0,0.0,inf,0.0
посадці,посадці,1,1,0,0.0,0.0,inf,0.0
низькій,низькі,1,1,0,0.0,0.0,inf,0.0
тканинні,тканинні,1,1,0,0.0,0.0,inf,0.0
бермуды,бермуд,1,1,0,0.0,0.0,inf,0.0
шрапнель,шрапнел,3,12,0,0.0,0.0,inf,0.0
штае,шта,1,1,0,0.0,0.0,inf,0.0
штанв,штанв,1,2,0,0.0,0.0,inf,0.0
штандарт,штандарт,2,5,0,0.0,0.0,inf,0.0
shein,shein,1,1,0,0.0,0.0,inf,0.0
афгани,афган,1,2,0,0.0,0.0,inf,0.0
барел,барел,1,1,0,0.0,0.0,inf,0.0
бойфренди,бойфренд,1,1,0,0.0,0.0,inf,0.0
вовна,вовн,1,1,0,0.0,0.0,inf,0.0
віскоза,віскоз,2,2,0,0.0,0.0,inf,0.0
горпкор,горпкор,1,1,0,0.0,0.0,inf,0.0
бальних,бальн,1,1,0,0.0,0.0,inf,0.0
гір,гір,1,1,0,0.0,0.0,inf,0.0
контемпу,контемп,1,1,0,0.0,0.0,inf,0.0
sevenfold,sevenfold,4,10,0,0.0,0.0,inf,0.0
походу,поход,3,4,0,0.0,0.0,inf,0.0
трекінгу,трекінг,2,4,0,0.0,0.0,inf,0.0
хайкінгу,хайкінг,1,3,0,0.0,0.0,inf,0.0
есентіалс,есентіалс,1,3,0,0.0,0.0,inf,0.0
талією,таліє,1,1,0,0.0,0.0,inf,0.0
кишенями,кишен,1,1,0,0.0,0.0,inf,0.0
софтшелу,софтшел,1,1,0,0.0,0.0,inf,0.0
маямі,маямі,1,1,0,0.0,0.0,inf,0.0
мерта,мерт,1,1,0,0.0,0.0,inf,0.0
мертра,мертр,1,3,0,0.0,0.0,inf,0.0
випускний,випускн,1,1,0,0.0,0.0,inf,0.0
дзвоник,дзвоник,1,1,0,0.0,0.0,inf,0.0
останній,останні,1,1,0,0.0,0.0,inf,0.0
хутрі,хутрі,1,1,0,0.0,0.0,inf,0.0
мані,мані,1,2,0,0.0,0.0,inf,0.0
кросівки,кросівк,1,1,0,0.0,0.0,inf,0.0
рібок,рібок,2,4,0,0.0,0.0,inf,0.0
скейтери,скейтер,1,1,0,0.0,0.0,inf,0.0
тенсел,тенсел,1,1,0,0.0,0.0,inf,0.0
штант,штант,1,1,0,0.0,0.0,inf,0.0
abc,abc,1,1,0,0.0,0.0,inf,0.0
equipment,equipment,1,1,0,0.0,0.0,inf,0.0
jako,jako,1,1,0,0.0,0.0,inf,0.0
kanye,kanye,1,1,0,0.0,0.0,inf,0.0
mm6,mm6,1,1,0,0.0,0.0,inf,0.0
palazzo,palazzo,1,1,0,0.0,0.0,inf,0.0
poli,poli,1,1,0,0.0,0.0,inf,0.0
sorry,sorry,1,1,0,0.0,0.0,inf,0.0
алладины,алладин,1,1,0,0.0,0.0,inf,0.0
асикс,асикс,2,2,0,0.0,0.0,inf,0.0
баллоны,баллон,3,7,0,0.0,0.0,inf,0.0
болоневые,болонев,1,1,0,0.0,0.0,inf,0.0
бриз,бриз,1,1,0,0.0,0.0,inf,0.0
быстросохнущие,быстросохнущ,1,1,0,0.0,0.0,inf,0.0
бэги,бэг,1,1,0,0.0,0.0,inf,0.0
борьбы,борьб,1,1,0,0.0,0.0,inf,0.0
качков,качк,1,1,0,0.0,0.0,inf,0.0
тренажерного,тренажерн,1,1,0,0.0,0.0,inf,0.0
жатка,жатк,1,1,0,0.0,0.0,inf,0.0
замши,замш,1,1,0,0.0,0.0,inf,0.0
изи,из,1,8,0,0.0,0.0,inf,0.0
карра,карр,1,1,0,0.0,0.0,inf,0.0
леон,леон,1,1,0,0.0,0.0,inf,0.0
маршмеллоу,маршмелло,1,1,0,0.0,0.0,inf,0.0
кулиске,кулиск,1,1,0,0.0,0.0,inf,0.0
физру,физр,1,1,0,0.0,0.0,inf,0.0
нокта,нокт,1,1,0,0.0,0.0,inf,0.0
промокаючі,промокаючі,1,1,0,0.0,0.0,inf,0.0
поварские,поварск,1,2,0,0.0,0.0,inf,0.0
бокам,бок,2,2,0,0.0,0.0,inf,0.0
детские,детск,1,1,0,0.0,0.0,inf,0.0
шуршащие,шурша,1,1,0,0.0,0.0,inf,0.0
эссеншиал,эссеншиа,2,10,0,0.0,0.0,inf,0.0
юникло,юникл,4,7,0,0.0,0.0,inf,0.0
штаф,штаф,1,1,0,0.0,0.0,inf,0.0
штурмовік,штурмовік,1,1,0,0.0,0.0,inf,0.0
щарк,щарк,1,1,0,0.0,0.0,inf,0.0
щирокі,щирокі,1,1,0,0.0,0.0,inf,0.0
діві,діві,1,1,0,0.0,0.0,inf,0.0
чоловікові,чоловікові,1,1,0,0.0,0.0,inf,0.0
щогла,щогл,1,1,0,0.0,0.0,inf,0.0
ымфыещту,ымфыещт,1,1,0,0.0,0.0,inf,0.0
ышд,ышд,1,1,0,0.0,0.0,inf,0.0
ефс,ефс,1,1,0,0.0,0.0,inf,0.0
ь8д8ер,ь8д8ер,1,1,0,0.0,0.0,inf,0.0
эдди,эдд,1,2,0,0.0,0.0,inf,0.0
перец,перец,2,3,0,0.0,0.0,inf,0.0
эксклюзивные,эксклюзивн,1,1,0,0.0,0.0,inf,0.0
элис,элис,2,2,0,0.0,0.0,inf,0.0
эмблема,эмблем,1,1,0,0.0,0.0,inf,0.0
эуди,эуд,1,1,0,0.0,0.0,inf,0.0
юамейд,юамейд,1,1,0,0.0,0.0,inf,0.0
южал,южа,1,2,0,0.0,0.0,inf,0.0
южиал,южиа,1,1,0,0.0,0.0,inf,0.0
южл,южл,1,2,0,0.0,0.0,inf,0.0
avenged,avenged,4,10,0,0.0,0.0,inf,0.0
прага,праг,1,2,0,0.0,0.0,inf,0.0
юрій,юрі,1,4,0,0.0,0.0,inf,0.0
язок,язок,1,2,0,0.0,0.0,inf,0.0
їбу,їбу,2,10,0,0.0,0.0,inf,0.0
яskravo,яскрав,5,8,0,0.0,0.0,inf,0.0
яверета,яверет,1,3,0,0.0,0.0,inf,0.0
встановити,встановит,1,2,0,0.0,0.0,inf,0.0
повісити,повісит,3,10,0,0.0,0.0,inf,0.0
jacket,jacket,8,23,0,0.0,0.0,inf,0.0
halychyny,halychyny,3,120,0,0.0,0.0,inf,0.0
називаються,називают,1,1,0,0.0,0.0,inf,0.0
прикріпити,прикріпит,1,3,0,0.0,0.0,inf,0.0
підібрати,підібрат,1,1,0,0.0,0.0,inf,0.0
якакула,якакул,1,4,0,0.0,0.0,inf,0.0
янг,янг,1,2,0,0.0,0.0,inf,0.0
яшкіна,яшкін,1,1,0,0.0,0.0,inf,0.0
єва,єва,1,1,0,0.0,0.0,inf,0.0
ібіс,ібіс,1,2,0,0.0,0.0,inf,0.0
іегаа,іега,1,1,0,0.0,0.0,inf,0.0
іефа,іеф,1,1,0,0.0,0.0,inf,0.0
іефаа,іефа,1,3,0,0.0,0.0,inf,0.0
іменні,іменні,1,1,0,0.0,0.0,inf,0.0
імені,імені,1,1,0,0.0,0.0,inf,0.0
імпакт,імпакт,1,15,0,0.0,0.0,inf,0.0
імфіещту,імфіещт,1,16,0,0.0,0.0,inf,0.0
інспірадора,інспірадор,1,2,0,0.0,0.0,inf,0.0
інстаграм,інстагр,2,2,0,0.0,0.0,inf,0.0
aviacia,aviacia,1,1,0,0.0,0.0,inf,0.0
інтертоп,інтертоп,1,4,0,0.0,0.0,inf,0.0
ісланд,ісланд,1,20,0,0.0,0.0,inf,0.0
ісландшоп,ісландшоп,1,1,0,0.0,0.0,inf,0.0
міфів,міфів,1,6,0,0.0,0.0,inf,0.0
вер,вер,1,33,0,0.0,0.0,inf,0.0
34play,34play,1,1,0,0.0,0.0,inf,0.0
нота,нот,1,1,0,0.0,0.0,inf,0.0
ackee,ackee,1,1,0,0.0,0.0,inf,0.0
alternazero,alternazero,1,1,0,0.0,0.0,inf,0.0
badboysclub,badboysclub,1,1,0,0.0,0.0,inf,0.0
barking,barking,1,1,0,0.0,0.0,inf,0.0
beaumere,beaumere,1,1,0,0.0,0.0,inf,0.0
chart,chart,1,1,0,0.0,0.0,inf,0.0
bratva,bratva,1,1,0,0.0,0.0,inf,0.0
buddu,buddu,1,2,0,0.0,0.0,inf,0.0
bukvica,bukvica,1,1,0,0.0,0.0,inf,0.0
bungie,bungie,1,1,0,0.0,0.0,inf,0.0
byedemox,byedemox,1,1,0,0.0,0.0,inf,0.0
corpse,corpse,1,1,0,0.0,0.0,inf,0.0
cannibal,cannibal,1,1,0,0.0,0.0,inf,0.0
coinpoker,coinpoker,1,2,0,0.0,0.0,inf,0.0
buxton,buxton,1,1,0,0.0,0.0,inf,0.0
cole,cole,1,1,0,0.0,0.0,inf,0.0
commes,commes,1,1,0,0.0,0.0,inf,0.0
insanity,insanity,1,1,0,0.0,0.0,inf,0.0
controlled,controlled,1,1,0,0.0,0.0,inf,0.0
counterparts,counterparts,1,1,0,0.0,0.0,inf,0.0
davril,davril,1,3,0,0.0,0.0,inf,0.0
deathclutch,deathclutch,1,1,0,0.0,0.0,inf,0.0
heritage,heritage,1,2,0,0.0,0.0,inf,0.0
doordie,doordie,1,1,0,0.0,0.0,inf,0.0
duda,duda,1,1,0,0.0,0.0,inf,0.0
shorts,shorts,1,1,0,0.0,0.0,inf,0.0
football,football,1,1,0,0.0,0.0,inf,0.0
fr2,fr2,1,2,0,0.0,0.0,inf,0.0
generation,generation,1,1,0,0.0,0.0,inf,0.0
graffity,graffity,1,1,0,0.0,0.0,inf,0.0
gut,gut,1,1,0,0.0,0.0,inf,0.0
hashira,hashira,1,1,0,0.0,0.0,inf,0.0
hercshirt,hercshirt,1,1,0,0.0,0.0,inf,0.0
undead,undead,1,1,0,0.0,0.0,inf,0.0
sequin,sequin,1,1,0,0.0,0.0,inf,0.0
hooly,hooly,1,1,0,0.0,0.0,inf,0.0
hooters,hooters,1,1,0,0.0,0.0,inf,0.0
hudi,hudi,1,1,0,0.0,0.0,inf,0.0
breath,breath,1,1,0,0.0,0.0,inf,0.0
last,last,1,1,0,0.0,0.0,inf,0.0
humanity,humanity,1,1,0,0.0,0.0,inf,0.0
ikigai,ikigai,1,4,0,0.0,0.0,inf,0.0
jimothy,jimothy,1,1,0,0.0,0.0,inf,0.0
jugend,jugend,1,1,0,0.0,0.0,inf,0.0
kamuflazh,kamuflazh,1,1,0,0.0,0.0,inf,0.0
kizaru,kizaru,1,1,0,0.0,0.0,inf,0.0
kleay,kleay,1,1,0,0.0,0.0,inf,0.0
kraft,kraft,1,1,0,0.0,0.0,inf,0.0
kse,kse,1,1,0,0.0,0.0,inf,0.0
digital,digital,1,1,0,0.0,0.0,inf,0.0
lantsugi,lantsugi,1,1,0,0.0,0.0,inf,0.0
levity,levity,1,1,0,0.0,0.0,inf,0.0
bizkit,bizkit,1,1,0,0.0,0.0,inf,0.0
limp,limp,1,1,0,0.0,0.0,inf,0.0
loys,loys,1,1,0,0.0,0.0,inf,0.0
ltd,ltd,1,1,0,0.0,0.0,inf,0.0
lui,lui,1,1,0,0.0,0.0,inf,0.0
glass,glass,1,1,0,0.0,0.0,inf,0.0
malfini,malfini,1,1,0,0.0,0.0,inf,0.0
maliunok,maliunok,1,1,0,0.0,0.0,inf,0.0
makers,makers,1,1,0,0.0,0.0,inf,0.0
maxfort,maxfort,1,1,0,0.0,0.0,inf,0.0
bag,bag,1,1,0,0.0,0.0,inf,0.0
outside,outside,1,1,0,0.0,0.0,inf,0.0
milk,milk,1,1,0,0.0,0.0,inf,0.0
mobiprint,mobiprint,1,1,0,0.0,0.0,inf,0.0
motogp,motogp,1,1,0,0.0,0.0,inf,0.0
inch,inch,1,1,0,0.0,0.0,inf,0.0
oathbreaker,oathbreaker,1,1,0,0.0,0.0,inf,0.0
oliz,oliz,1,3,0,0.0,0.0,inf,0.0
opg,opg,1,1,0,0.0,0.0,inf,0.0
rammsteinshop,rammsteinshop,1,1,0,0.0,0.0,inf,0.0
ramstein,ramstein,1,2,0,0.0,0.0,inf,0.0
collar,collar,1,1,0,0.0,0.0,inf,0.0
redbone,redbone,1,1,0,0.0,0.0,inf,0.0
rockyway,rockyway,1,2,0,0.0,0.0,inf,0.0
rvca,rvca,1,1,0,0.0,0.0,inf,0.0
scorpion,scorpion,1,1,0,0.0,0.0,inf,0.0
bay,bay,1,1,0,0.0,0.0,inf,0.0
shonenwear,shonenwear,1,1,0,0.0,0.0,inf,0.0
critrole,critrole,1,1,0,0.0,0.0,inf,0.0
shopchik,shopchik,1,1,0,0.0,0.0,inf,0.0
skely,skely,1,1,0,0.0,0.0,inf,0.0
smil,smil,1,1,0,0.0,0.0,inf,0.0
yet,yet,1,1,0,0.0,0.0,inf,0.0
still,still,1,1,0,0.0,0.0,inf,0.0
subcarpati,subcarpati,1,4,0,0.0,0.0,inf,0.0
synestia,synestia,1,1,0,0.0,0.0,inf,0.0
dot,dot,1,1,0,0.0,0.0,inf,0.0
riddick,riddick,1,1,0,0.0,0.0,inf,0.0
hundreds,hundreds,1,1,0,0.0,0.0,inf,0.0
tiger,tiger,1,2,0,0.0,0.0,inf,0.0
tren,tren,1,1,0,0.0,0.0,inf,0.0
peaks,peaks,1,2,0,0.0,0.0,inf,0.0
twin,twin,1,2,0,0.0,0.0,inf,0.0
txc,txc,1,2,0,0.0,0.0,inf,0.0
ubermensch,ubermensch,1,1,0,0.0,0.0,inf,0.0
unaffected,unaffected,1,1,0,0.0,0.0,inf,0.0
valkyrie,valkyrie,1,1,0,0.0,0.0,inf,0.0
vampirefreaks,vampirefreaks,1,1,0,0.0,0.0,inf,0.0
halen,halen,1,2,0,0.0,0.0,inf,0.0
титаник,титаник,1,3,0,0.0,0.0,inf,0.0
westwood,westwood,1,1,0,0.0,0.0,inf,0.0
vovkulak,vovkulak,1,1,0,0.0,0.0,inf,0.0
wannabe,wannabe,1,2,0,0.0,0.0,inf,0.0
clothiing,clothiing,1,1,0,0.0,0.0,inf,0.0
wildlife,wildlife,1,1,0,0.0,0.0,inf,0.0
www,www,1,2,0,0.0,0.0,inf,0.0
yaskravo,yaskravo,1,1,0,0.0,0.0,inf,0.0
flicker,flicker,1,1,0,0.0,0.0,inf,0.0
eye,eye,1,5,0,0.0,0.0,inf,0.0
yourcstm,yourcstm,1,2,0,0.0,0.0,inf,0.0
анорак,анорак,1,2,0,0.0,0.0,inf,0.0
ахиллес,ахиллес,1,1,0,0.0,0.0,inf,0.0
байдак,байдак,1,1,0,0.0,0.0,inf,0.0
байсангур,байсангур,1,1,0,0.0,0.0,inf,0.0
беноевский,беноевск,1,1,0,0.0,0.0,inf,0.0
барахолка,барахолк,1,1,0,0.0,0.0,inf,0.0
боевка,боевк,1,1,0,0.0,0.0,inf,0.0
броманс,броманс,1,2,0,0.0,0.0,inf,0.0
бтк,бтк,1,1,0,0.0,0.0,inf,0.0
бунтар,бунтар,1,1,0,0.0,0.0,inf,0.0
велосипедки,велосипедк,1,1,0,0.0,0.0,inf,0.0
вертемберг,вертемберг,1,1,0,0.0,0.0,inf,0.0
выцветшая,выцветш,1,1,0,0.0,0.0,inf,0.0
покупать,покупа,1,1,0,0.0,0.0,inf,0.0
годинник,годинник,1,2,0,0.0,0.0,inf,0.0
спостереження,спостережен,1,2,0,0.0,0.0,inf,0.0
передового,передов,1,2,0,0.0,0.0,inf,0.0
джонсон,джонсон,1,1,0,0.0,0.0,inf,0.0
джинсовик,джинсовик,1,1,0,0.0,0.0,inf,0.0
джинсовые,джинсов,1,1,0,0.0,0.0,inf,0.0
предков,предк,1,1,0,0.0,0.0,inf,0.0
короткі,короткі,6,8,0,0.0,0.0,inf,0.0
итд,итд,1,1,0,0.0,0.0,inf,0.0
зипок,зипок,1,1,0,0.0,0.0,inf,0.0
зиппка,зиппк,1,3,0,0.0,0.0,inf,0.0
индивид,индивид,1,2,0,0.0,0.0,inf,0.0
искра,искр,1,2,0,0.0,0.0,inf,0.0
календар,календар,1,1,0,0.0,0.0,inf,0.0
катря,катр,1,1,0,0.0,0.0,inf,0.0
авангард,авангард,1,1,0,0.0,0.0,inf,0.0
лсп,лсп,1,1,0,0.0,0.0,inf,0.0
чистая,чист,1,1,0,0.0,0.0,inf,0.0
кунихулиган,кунихулига,1,2,0,0.0,0.0,inf,0.0
вулиці,вулиці,1,1,0,0.0,0.0,inf,0.0
коламбия,коламб,1,1,0,0.0,0.0,inf,0.0
півень,півен,1,2,0,0.0,0.0,inf,0.0
мертвий,мертв,1,2,0,0.0,0.0,inf,0.0
pyrokinesis,pyrokinesis,1,2,0,0.0,0.0,inf,0.0
музыкантов,музыкант,1,1,0,0.0,0.0,inf,0.0
львов,львов,1,1,0,0.0,0.0,inf,0.0
aviation,aviation,1,1,0,0.0,0.0,inf,0.0
міліруд,міліруд,1,1,0,0.0,0.0,inf,0.0
неформат,неформат,1,1,0,0.0,0.0,inf,0.0
неформала,неформа,1,1,0,0.0,0.0,inf,0.0
оптиму,оптим,1,2,0,0.0,0.0,inf,0.0
мурій,мурі,1,1,0,0.0,0.0,inf,0.0
орест,орест,1,1,0,0.0,0.0,inf,0.0
панама,панам,1,1,0,0.0,0.0,inf,0.0
зразка,зразк,1,1,0,0.0,0.0,inf,0.0
подарки,подарк,1,2,0,0.0,0.0,inf,0.0
прогулочные,прогулочн,1,1,0,0.0,0.0,inf,0.0
пуленбір,пуленбір,1,1,0,0.0,0.0,inf,0.0
пуловер,пуловер,1,1,0,0.0,0.0,inf,0.0
реп,реп,1,1,0,0.0,0.0,inf,0.0
правник,правник,1,2,0,0.0,0.0,inf,0.0
розлюднений,розлюднен,1,2,0,0.0,0.0,inf,0.0
розум,розум,1,1,0,0.0,0.0,inf,0.0
aviatsia,aviatsia,2,4,0,0.0,0.0,inf,0.0
молящегося,моля,1,1,0,0.0,0.0,inf,0.0
сказ,сказ,1,1,0,0.0,0.0,inf,0.0
стрейч,стрейч,1,1,0,0.0,0.0,inf,0.0
суперфутболка,суперфутболк,1,1,0,0.0,0.0,inf,0.0
варіант,варіант,1,4,0,0.0,0.0,inf,0.0
східний,східни,1,4,0,0.0,0.0,inf,0.0
тесак,тесак,1,1,0,0.0,0.0,inf,0.0
трендовые,трендов,1,1,0,0.0,0.0,inf,0.0
фасон,фасон,1,1,0,0.0,0.0,inf,0.0
команд,команд,1,1,0,0.0,0.0,inf,0.0
фланелева,фланелев,1,1,0,0.0,0.0,inf,0.0
floyd,floyd,1,1,0,0.0,0.0,inf,0.0
exploited,exploited,1,1,0,0.0,0.0,inf,0.0
аутизм,аутизм,1,1,0,0.0,0.0,inf,0.0
буддизм,буддизм,1,1,0,0.0,0.0,inf,0.0
вандерсекс,вандерсекс,1,1,0,0.0,0.0,inf,0.0
вискоза,вискоз,1,1,0,0.0,0.0,inf,0.0
ганеша,ганеш,1,1,0,0.0,0.0,inf,0.0
роузес,роузес,1,1,0,0.0,0.0,inf,0.0
ганс,ганс,1,1,0,0.0,0.0,inf,0.0
соулс,соулс,1,1,0,0.0,0.0,inf,0.0
aviatsiya,aviatsiya,1,116,0,0.0,0.0,inf,0.0
мем,мем,5,5,0,0.0,0.0,inf,0.0
percent,percent,3,8,0,0.0,0.0,inf,0.0
life,life,9,20,0,0.0,0.0,inf,0.0
alyx,alyx,1,2,0,0.0,0.0,inf,0.0
9sm,9sm,1,2,0,0.0,0.0,inf,0.0
1017,1017,1,2,0,0.0,0.0,inf,0.0
12254412,12254412,1,1,0,0.0,0.0,inf,0.0
litera,litera,1,2,0,0.0,0.0,inf,0.0
літера,літер,2,6,0,0.0,0.0,inf,0.0
avicii,avicii,1,1,0,0.0,0.0,inf,0.0
1312,1312,4,39,0,0.0,0.0,inf,0.0
1313,1313,1,1,0,0.0,0.0,inf,0.0
hoods,hoods,1,1,0,0.0,0.0,inf,0.0
13litera,13litera,2,4,0,0.0,0.0,inf,0.0
algodon,algodon,2,3,0,0.0,0.0,inf,0.0
057bandana,057bandana,1,3,0,0.0,0.0,inf,0.0
декстер,декстер,1,1,0,0.0,0.0,inf,0.0
локтя,локт,1,4,0,0.0,0.0,inf,0.0
трояндою,троянд,1,1,0,0.0,0.0,inf,0.0
зрв,зрв,1,1,0,0.0,0.0,inf,0.0
ичкерия,ичкер,1,1,0,0.0,0.0,inf,0.0
канеки,канек,1,1,0,0.0,0.0,inf,0.0
королева,королев,1,1,0,0.0,0.0,inf,0.0
крепче,крепч,1,1,0,0.0,0.0,inf,0.0
стали,стал,1,1,0,0.0,0.0,inf,0.0
лис,лис,1,1,0,0.0,0.0,inf,0.0
мантр,мантр,1,2,0,0.0,0.0,inf,0.0
2033,2033,1,1,0,0.0,0.0,inf,0.0
милфа,милф,1,1,0,0.0,0.0,inf,0.0
парамедик,парамедик,1,1,0,0.0,0.0,inf,0.0
лінія,лінія,1,5,0,0.0,0.0,inf,0.0
